Datetime,Open,High,Low,Close,Volume,Dividends,Stock Splits,Symbol
2025-11-20 09:15:00+05:30,36244.6015625,36295.30078125,36205.55078125,36258.3515625,0,0.0,0.0,^CNXENERGY
2025-11-20 09:20:00+05:30,36257.3515625,36280.80078125,36235.6484375,36280.80078125,0,0.0,0.0,^CNXENERGY
2025-11-20 09:25:00+05:30,36279.8515625,36291.80078125,36254.3984375,36276.8515625,0,0.0,0.0,^CNXENERGY
2025-11-20 09:30:00+05:30,36276.69921875,36320.8515625,36276.3984375,36295.5,0,0.0,0.0,^CNXENERGY
2025-11-20 09:35:00+05:30,36294.5,36296.1015625,36244.30078125,36252.80078125,0,0.0,0.0,^CNXENERGY
2025-11-20 09:40:00+05:30,36252.80078125,36255.8515625,36209.94921875,36218.25,0,0.0,0.0,^CNXENERGY
2025-11-20 09:45:00+05:30,36218.8515625,36250.3984375,36211.19921875,36238.30078125,0,0.0,0.0,^CNXENERGY
2025-11-20 09:50:00+05:30,36238.3515625,36238.69921875,36216.80078125,36221.05078125,0,0.0,0.0,^CNXENERGY
2025-11-20 09:55:00+05:30,36221.25,36223.3515625,36201.80078125,36206.30078125,0,0.0,0.0,^CNXENERGY
2025-11-20 10:00:00+05:30,36204.69921875,36236.25,36204.69921875,36233.55078125,0,0.0,0.0,^CNXENERGY
2025-11-20 10:05:00+05:30,36231.94921875,36251.75,36229.80078125,36245.19921875,0,0.0,0.0,^CNXENERGY
2025-11-20 10:10:00+05:30,36245.30078125,36250.6484375,36235.75,36250.19921875,0,0.0,0.0,^CNXENERGY
2025-11-20 10:15:00+05:30,36251.3984375,36257.25,36236.8515625,36254.0,0,0.0,0.0,^CNXENERGY
2025-11-20 10:20:00+05:30,36252.1015625,36273.6484375,36248.75,36273.6484375,0,0.0,0.0,^CNXENERGY
2025-11-20 10:25:00+05:30,36274.1484375,36292.0,36265.69921875,36289.05078125,0,0.0,0.0,^CNXENERGY
2025-11-20 10:30:00+05:30,36288.1484375,36318.6015625,36285.8984375,36315.75,0,0.0,0.0,^CNXENERGY
2025-11-20 10:35:00+05:30,36316.69921875,36340.6484375,36314.44921875,36335.6015625,0,0.0,0.0,^CNXENERGY
2025-11-20 10:40:00+05:30,36335.5,36360.8984375,36333.94921875,36350.55078125,0,0.0,0.0,^CNXENERGY
2025-11-20 10:45:00+05:30,36350.44921875,36357.44921875,36346.1015625,36354.6015625,0,0.0,0.0,^CNXENERGY
2025-11-20 10:50:00+05:30,36354.80078125,36359.05078125,36325.30078125,36325.8515625,0,0.0,0.0,^CNXENERGY
2025-11-20 10:55:00+05:30,36325.80078125,36336.1484375,36320.19921875,36324.6484375,0,0.0,0.0,^CNXENERGY
2025-11-20 11:00:00+05:30,36325.25,36331.05078125,36316.25,36329.3984375,0,0.0,0.0,^CNXENERGY
2025-11-20 11:05:00+05:30,36329.44921875,36344.3515625,36324.55078125,36336.25,0,0.0,0.0,^CNXENERGY
2025-11-20 11:10:00+05:30,36337.30078125,36342.44921875,36322.19921875,36326.69921875,0,0.0,0.0,^CNXENERGY
2025-11-20 11:15:00+05:30,36327.44921875,36334.05078125,36319.6484375,36327.1015625,0,0.0,0.0,^CNXENERGY
2025-11-20 11:20:00+05:30,36328.75,36346.75,36319.55078125,36340.44921875,0,0.0,0.0,^CNXENERGY
2025-11-20 11:25:00+05:30,36337.8515625,36345.8984375,36334.75,36339.8984375,0,0.0,0.0,^CNXENERGY
2025-11-20 11:30:00+05:30,36340.3515625,36361.1484375,36334.30078125,36358.8984375,0,0.0,0.0,^CNXENERGY
2025-11-20 11:35:00+05:30,36358.25,36358.69921875,36346.19921875,36347.6484375,0,0.0,0.0,^CNXENERGY
2025-11-20 11:40:00+05:30,36347.75,36347.75,36334.75,36341.69921875,0,0.0,0.0,^CNXENERGY
2025-11-20 11:45:00+05:30,36342.75,36350.6484375,36336.75,36342.30078125,0,0.0,0.0,^CNXENERGY
2025-11-20 11:50:00+05:30,36342.44921875,36344.1015625,36327.30078125,36333.30078125,0,0.0,0.0,^CNXENERGY
2025-11-20 11:55:00+05:30,36333.3984375,36346.05078125,36329.44921875,36344.1015625,0,0.0,0.0,^CNXENERGY
2025-11-20 12:00:00+05:30,36344.3515625,36358.44921875,36341.5,36343.1015625,0,0.0,0.0,^CNXENERGY
2025-11-20 12:05:00+05:30,36341.6484375,36355.6015625,36339.69921875,36350.94921875,0,0.0,0.0,^CNXENERGY
2025-11-20 12:10:00+05:30,36350.3984375,36361.1484375,36343.05078125,36356.6015625,0,0.0,0.0,^CNXENERGY
2025-11-20 12:15:00+05:30,36358.3515625,36366.44921875,36354.8984375,36362.6484375,0,0.0,0.0,^CNXENERGY
2025-11-20 12:20:00+05:30,36362.05078125,36364.69921875,36346.8515625,36354.1015625,0,0.0,0.0,^CNXENERGY
2025-11-20 12:25:00+05:30,36354.1015625,36382.6484375,36353.3984375,36375.69921875,0,0.0,0.0,^CNXENERGY
2025-11-20 12:30:00+05:30,36375.30078125,36378.5,36345.6484375,36349.1015625,0,0.0,0.0,^CNXENERGY
2025-11-20 12:35:00+05:30,36349.3515625,36352.3984375,36341.19921875,36345.8984375,0,0.0,0.0,^CNXENERGY
2025-11-20 12:40:00+05:30,36345.19921875,36347.3515625,36319.80078125,36319.8984375,0,0.0,0.0,^CNXENERGY
2025-11-20 12:45:00+05:30,36322.69921875,36339.1484375,36315.8984375,36331.8984375,0,0.0,0.0,^CNXENERGY
2025-11-20 12:50:00+05:30,36335.75,36345.1015625,36328.05078125,36330.19921875,0,0.0,0.0,^CNXENERGY
2025-11-20 12:55:00+05:30,36330.6015625,36334.05078125,36317.44921875,36319.94921875,0,0.0,0.0,^CNXENERGY
2025-11-20 13:00:00+05:30,36321.05078125,36334.8515625,36318.75,36331.30078125,0,0.0,0.0,^CNXENERGY
2025-11-20 13:05:00+05:30,36332.3984375,36332.55078125,36312.94921875,36317.05078125,0,0.0,0.0,^CNXENERGY
2025-11-20 13:10:00+05:30,36317.19921875,36323.8984375,36307.0,36310.8984375,0,0.0,0.0,^CNXENERGY
2025-11-20 13:15:00+05:30,36311.75,36323.5,36310.94921875,36320.25,0,0.0,0.0,^CNXENERGY
2025-11-20 13:20:00+05:30,36318.94921875,36335.0,36308.69921875,36330.6484375,0,0.0,0.0,^CNXENERGY
2025-11-20 13:25:00+05:30,36330.44921875,36346.8515625,36329.44921875,36346.8515625,0,0.0,0.0,^CNXENERGY
2025-11-20 13:30:00+05:30,36346.1015625,36351.80078125,36340.5,36344.8515625,0,0.0,0.0,^CNXENERGY
2025-11-20 13:35:00+05:30,36342.3984375,36350.3515625,36337.6484375,36347.55078125,0,0.0,0.0,^CNXENERGY
2025-11-20 13:40:00+05:30,36347.55078125,36352.3984375,36341.25,36346.3515625,0,0.0,0.0,^CNXENERGY
2025-11-20 13:45:00+05:30,36346.3984375,36353.3984375,36337.19921875,36347.55078125,0,0.0,0.0,^CNXENERGY
2025-11-20 13:50:00+05:30,36348.44921875,36369.05078125,36346.1015625,36362.0,0,0.0,0.0,^CNXENERGY
2025-11-20 13:55:00+05:30,36362.1484375,36368.5,36356.69921875,36357.5,0,0.0,0.0,^CNXENERGY
2025-11-20 14:00:00+05:30,36359.6015625,36359.6484375,36342.8984375,36347.8984375,0,0.0,0.0,^CNXENERGY
2025-11-20 14:05:00+05:30,36348.8984375,36354.75,36340.5,36348.6484375,0,0.0,0.0,^CNXENERGY
2025-11-20 14:10:00+05:30,36348.55078125,36354.05078125,36339.25,36341.8515625,0,0.0,0.0,^CNXENERGY
2025-11-20 14:15:00+05:30,36343.6484375,36352.80078125,36340.80078125,36343.30078125,0,0.0,0.0,^CNXENERGY
2025-11-20 14:20:00+05:30,36343.3984375,36352.3515625,36338.6015625,36346.19921875,0,0.0,0.0,^CNXENERGY
2025-11-20 14:25:00+05:30,36347.1484375,36348.6484375,36297.19921875,36299.75,0,0.0,0.0,^CNXENERGY
2025-11-20 14:30:00+05:30,36299.6484375,36318.69921875,36296.69921875,36298.3984375,0,0.0,0.0,^CNXENERGY
2025-11-20 14:35:00+05:30,36301.05078125,36307.19921875,36291.3984375,36298.3984375,0,0.0,0.0,^CNXENERGY
2025-11-20 14:40:00+05:30,36297.3984375,36302.5,36258.0,36259.5,0,0.0,0.0,^CNXENERGY
2025-11-20 14:45:00+05:30,36259.0,36270.0,36242.3515625,36259.44921875,0,0.0,0.0,^CNXENERGY
2025-11-20 14:50:00+05:30,36259.05078125,36260.6015625,36224.69921875,36226.30078125,0,0.0,0.0,^CNXENERGY
2025-11-20 14:55:00+05:30,36224.75,36243.69921875,36223.19921875,36238.05078125,0,0.0,0.0,^CNXENERGY
2025-11-20 15:00:00+05:30,36237.55078125,36249.05078125,36192.6015625,36205.80078125,0,0.0,0.0,^CNXENERGY
2025-11-20 15:05:00+05:30,36207.3515625,36229.69921875,36199.94921875,36226.5,0,0.0,0.0,^CNXENERGY
2025-11-20 15:10:00+05:30,36225.44921875,36252.25,36223.5,36247.6484375,0,0.0,0.0,^CNXENERGY
2025-11-20 15:15:00+05:30,36246.8515625,36256.1015625,36238.3984375,36251.75,0,0.0,0.0,^CNXENERGY
2025-11-20 15:20:00+05:30,36252.75,36260.05078125,36245.80078125,36248.8515625,0,0.0,0.0,^CNXENERGY
2025-11-20 15:25:00+05:30,36247.6015625,36253.30078125,36237.6015625,36240.6484375,0,0.0,0.0,^CNXENERGY
2025-11-21 09:15:00+05:30,36150.55078125,36181.19921875,36092.69921875,36169.30078125,0,0.0,0.0,^CNXENERGY
2025-11-21 09:20:00+05:30,36170.8515625,36170.8515625,36106.8515625,36139.1484375,0,0.0,0.0,^CNXENERGY
2025-11-21 09:25:00+05:30,36139.3984375,36167.6484375,36139.3515625,36150.69921875,0,0.0,0.0,^CNXENERGY
2025-11-21 09:30:00+05:30,36149.0,36194.75,36132.6015625,36169.19921875,0,0.0,0.0,^CNXENERGY
2025-11-21 09:35:00+05:30,36169.05078125,36170.05078125,36102.3515625,36109.3515625,0,0.0,0.0,^CNXENERGY
2025-11-21 09:40:00+05:30,36107.6484375,36113.94921875,36083.0,36084.25,0,0.0,0.0,^CNXENERGY
2025-11-21 09:45:00+05:30,36084.6015625,36102.8984375,36072.25,36077.3984375,0,0.0,0.0,^CNXENERGY
2025-11-21 09:50:00+05:30,36078.1015625,36079.5,36031.1484375,36031.1484375,0,0.0,0.0,^CNXENERGY
2025-11-21 09:55:00+05:30,36031.05078125,36048.80078125,35995.6015625,36045.69921875,0,0.0,0.0,^CNXENERGY
2025-11-21 10:00:00+05:30,36045.80078125,36057.30078125,36017.6015625,36024.75,0,0.0,0.0,^CNXENERGY
2025-11-21 10:05:00+05:30,36024.69921875,36028.75,35994.6015625,36007.8515625,0,0.0,0.0,^CNXENERGY
2025-11-21 10:10:00+05:30,36007.80078125,36017.8984375,36000.0,36000.6484375,0,0.0,0.0,^CNXENERGY
2025-11-21 10:15:00+05:30,36000.30078125,36002.19921875,35943.69921875,35943.80078125,0,0.0,0.0,^CNXENERGY
2025-11-21 10:20:00+05:30,35943.6484375,35944.94921875,35917.6484375,35919.44921875,0,0.0,0.0,^CNXENERGY
2025-11-21 10:25:00+05:30,35920.1015625,35925.3984375,35893.3515625,35897.55078125,0,0.0,0.0,^CNXENERGY
2025-11-21 10:30:00+05:30,35898.8984375,35923.80078125,35894.94921875,35902.8984375,0,0.0,0.0,^CNXENERGY
2025-11-21 10:35:00+05:30,35900.0,35924.69921875,35891.55078125,35906.94921875,0,0.0,0.0,^CNXENERGY
2025-11-21 10:40:00+05:30,35907.80078125,35916.0,35898.30078125,35907.1484375,0,0.0,0.0,^CNXENERGY
2025-11-21 10:45:00+05:30,35906.8515625,35925.19921875,35890.75,35924.25,0,0.0,0.0,^CNXENERGY
2025-11-21 10:50:00+05:30,35921.75,35925.80078125,35893.19921875,35900.30078125,0,0.0,0.0,^CNXENERGY
2025-11-21 10:55:00+05:30,35900.3984375,35942.69921875,35897.19921875,35940.30078125,0,0.0,0.0,^CNXENERGY
2025-11-21 11:00:00+05:30,35940.0,35949.30078125,35913.55078125,35914.75,0,0.0,0.0,^CNXENERGY
2025-11-21 11:05:00+05:30,35914.6015625,35917.3515625,35879.55078125,35912.94921875,0,0.0,0.0,^CNXENERGY
2025-11-21 11:10:00+05:30,35915.25,35956.3515625,35912.80078125,35956.3515625,0,0.0,0.0,^CNXENERGY
2025-11-21 11:15:00+05:30,35957.19921875,35960.55078125,35939.0,35941.8984375,0,0.0,0.0,^CNXENERGY
2025-11-21 11:20:00+05:30,35942.69921875,35944.75,35913.6484375,35916.1484375,0,0.0,0.0,^CNXENERGY
2025-11-21 11:25:00+05:30,35915.0,35947.8515625,35903.80078125,35946.19921875,0,0.0,0.0,^CNXENERGY
2025-11-21 11:30:00+05:30,35947.3515625,35950.1484375,35917.05078125,35923.5,0,0.0,0.0,^CNXENERGY
2025-11-21 11:35:00+05:30,35922.1015625,35928.6015625,35911.1015625,35913.1484375,0,0.0,0.0,^CNXENERGY
2025-11-21 11:40:00+05:30,35913.0,35924.1484375,35896.5,35922.55078125,0,0.0,0.0,^CNXENERGY
2025-11-21 11:45:00+05:30,35922.94921875,35947.05078125,35917.6015625,35940.1484375,0,0.0,0.0,^CNXENERGY
2025-11-21 11:50:00+05:30,35940.8515625,35952.75,35937.6015625,35948.8984375,0,0.0,0.0,^CNXENERGY
2025-11-21 11:55:00+05:30,35948.75,35956.5,35940.44921875,35945.25,0,0.0,0.0,^CNXENERGY
2025-11-21 12:00:00+05:30,35946.5,35963.0,35930.05078125,35962.1484375,0,0.0,0.0,^CNXENERGY
2025-11-21 12:05:00+05:30,35962.80078125,35967.0,35939.30078125,35946.69921875,0,0.0,0.0,^CNXENERGY
2025-11-21 12:10:00+05:30,35946.8515625,35974.75,35946.6015625,35969.94921875,0,0.0,0.0,^CNXENERGY
2025-11-21 12:15:00+05:30,35970.80078125,35973.94921875,35957.80078125,35959.3984375,0,0.0,0.0,^CNXENERGY
2025-11-21 12:20:00+05:30,35961.0,35986.80078125,35950.5,35982.30078125,0,0.0,0.0,^CNXENERGY
2025-11-21 12:25:00+05:30,35982.8984375,35999.05078125,35971.55078125,35995.3984375,0,0.0,0.0,^CNXENERGY
2025-11-21 12:30:00+05:30,35995.94921875,36004.19921875,35972.25,35976.1015625,0,0.0,0.0,^CNXENERGY
2025-11-21 12:35:00+05:30,35977.3984375,35989.3984375,35967.5,35975.25,0,0.0,0.0,^CNXENERGY
2025-11-21 12:40:00+05:30,35976.1015625,35984.1015625,35970.75,35975.69921875,0,0.0,0.0,^CNXENERGY
2025-11-21 12:45:00+05:30,35979.1015625,35989.75,35976.8984375,35984.8515625,0,0.0,0.0,^CNXENERGY
2025-11-21 12:50:00+05:30,35985.75,36009.25,35984.80078125,35998.75,0,0.0,0.0,^CNXENERGY
2025-11-21 12:55:00+05:30,35999.19921875,36017.8984375,35999.19921875,36001.8984375,0,0.0,0.0,^CNXENERGY
2025-11-21 13:00:00+05:30,36000.94921875,36005.6015625,35972.44921875,35976.05078125,0,0.0,0.0,^CNXENERGY
2025-11-21 13:05:00+05:30,35976.69921875,35996.19921875,35976.69921875,35983.8515625,0,0.0,0.0,^CNXENERGY
2025-11-21 13:10:00+05:30,35984.5,35992.19921875,35948.75,35953.25,0,0.0,0.0,^CNXENERGY
2025-11-21 13:15:00+05:30,35955.75,35969.55078125,35928.80078125,35933.55078125,0,0.0,0.0,^CNXENERGY
2025-11-21 13:20:00+05:30,35934.5,35955.80078125,35928.30078125,35937.75,0,0.0,0.0,^CNXENERGY
2025-11-21 13:25:00+05:30,35940.1015625,35962.25,35934.69921875,35958.44921875,0,0.0,0.0,^CNXENERGY
2025-11-21 13:30:00+05:30,35958.1484375,35962.3984375,35935.3984375,35943.75,0,0.0,0.0,^CNXENERGY
2025-11-21 13:35:00+05:30,35941.44921875,35950.55078125,35932.3984375,35936.55078125,0,0.0,0.0,^CNXENERGY
2025-11-21 13:40:00+05:30,35934.94921875,35936.05078125,35898.30078125,35907.8984375,0,0.0,0.0,^CNXENERGY
2025-11-21 13:45:00+05:30,35908.3984375,35919.6015625,35902.8515625,35916.3984375,0,0.0,0.0,^CNXENERGY
2025-11-21 13:50:00+05:30,35918.80078125,35929.25,35908.30078125,35928.25,0,0.0,0.0,^CNXENERGY
2025-11-21 13:55:00+05:30,35928.6015625,35940.94921875,35917.19921875,35934.44921875,0,0.0,0.0,^CNXENERGY
2025-11-21 14:00:00+05:30,35935.8984375,35942.0,35925.25,35928.30078125,0,0.0,0.0,^CNXENERGY
2025-11-21 14:05:00+05:30,35928.19921875,35952.6015625,35917.25,35950.55078125,0,0.0,0.0,^CNXENERGY
2025-11-21 14:10:00+05:30,35950.8984375,35962.25,35947.6015625,35956.80078125,0,0.0,0.0,^CNXENERGY
2025-11-21 14:15:00+05:30,35956.1015625,35996.3515625,35955.6484375,35976.80078125,0,0.0,0.0,^CNXENERGY
2025-11-21 14:20:00+05:30,35978.05078125,35989.55078125,35969.0,35983.55078125,0,0.0,0.0,^CNXENERGY
2025-11-21 14:25:00+05:30,35984.3515625,35987.30078125,35978.3984375,35983.69921875,0,0.0,0.0,^CNXENERGY
2025-11-21 14:30:00+05:30,35984.8515625,35995.94921875,35984.30078125,35989.55078125,0,0.0,0.0,^CNXENERGY
2025-11-21 14:35:00+05:30,35989.3984375,35995.55078125,35974.3984375,35975.05078125,0,0.0,0.0,^CNXENERGY
2025-11-21 14:40:00+05:30,35976.25,35983.05078125,35959.3984375,35960.69921875,0,0.0,0.0,^CNXENERGY
2025-11-21 14:45:00+05:30,35961.05078125,35968.75,35931.75,35933.44921875,0,0.0,0.0,^CNXENERGY
2025-11-21 14:50:00+05:30,35937.80078125,35939.94921875,35892.5,35893.0,0,0.0,0.0,^CNXENERGY
2025-11-21 14:55:00+05:30,35894.25,35897.25,35851.3984375,35851.3984375,0,0.0,0.0,^CNXENERGY
2025-11-21 15:00:00+05:30,35852.6015625,35874.5,35850.94921875,35857.5,0,0.0,0.0,^CNXENERGY
2025-11-21 15:05:00+05:30,35855.5,35867.19921875,35842.80078125,35842.94921875,0,0.0,0.0,^CNXENERGY
2025-11-21 15:10:00+05:30,35844.6015625,35854.5,35832.1015625,35848.3515625,0,0.0,0.0,^CNXENERGY
2025-11-21 15:15:00+05:30,35848.6015625,35874.0,35848.6015625,35855.3984375,0,0.0,0.0,^CNXENERGY
2025-11-21 15:20:00+05:30,35854.75,35864.75,35839.3515625,35842.80078125,0,0.0,0.0,^CNXENERGY
2025-11-21 15:25:00+05:30,35843.1484375,35856.6484375,35830.3984375,35838.94921875,0,0.0,0.0,^CNXENERGY
2025-11-24 09:15:00+05:30,35890.5,35911.19921875,35725.80078125,35808.94921875,0,0.0,0.0,^CNXENERGY
2025-11-24 09:20:00+05:30,35809.6484375,35856.94921875,35797.6015625,35821.44921875,0,0.0,0.0,^CNXENERGY
2025-11-24 09:25:00+05:30,35819.5,35831.3515625,35806.1484375,35815.05078125,0,0.0,0.0,^CNXENERGY
2025-11-24 09:30:00+05:30,35815.19921875,35828.3515625,35772.8984375,35780.75,0,0.0,0.0,^CNXENERGY
2025-11-24 09:35:00+05:30,35779.6015625,35781.8515625,35758.6015625,35771.44921875,0,0.0,0.0,^CNXENERGY
2025-11-24 09:40:00+05:30,35770.94921875,35793.1015625,35770.5,35780.94921875,0,0.0,0.0,^CNXENERGY
2025-11-24 09:45:00+05:30,35781.1484375,35806.1484375,35766.6484375,35803.75,0,0.0,0.0,^CNXENERGY
2025-11-24 09:50:00+05:30,35804.3515625,35815.69921875,35783.80078125,35787.19921875,0,0.0,0.0,^CNXENERGY
2025-11-24 09:55:00+05:30,35785.75,35814.6015625,35785.0,35794.55078125,0,0.0,0.0,^CNXENERGY
2025-11-24 10:00:00+05:30,35794.6015625,35836.94921875,35794.6015625,35833.25,0,0.0,0.0,^CNXENERGY
2025-11-24 10:05:00+05:30,35834.69921875,35842.5,35821.30078125,35830.30078125,0,0.0,0.0,^CNXENERGY
2025-11-24 10:10:00+05:30,35831.30078125,35871.75,35825.0,35867.25,0,0.0,0.0,^CNXENERGY
2025-11-24 10:15:00+05:30,35868.6484375,35868.6484375,35823.80078125,35824.0,0,0.0,0.0,^CNXENERGY
2025-11-24 10:20:00+05:30,35825.3515625,35831.0,35813.75,35816.1015625,0,0.0,0.0,^CNXENERGY
2025-11-24 10:25:00+05:30,35815.55078125,35823.19921875,35794.0,35806.25,0,0.0,0.0,^CNXENERGY
2025-11-24 10:30:00+05:30,35805.8515625,35811.1015625,35791.1484375,35791.8984375,0,0.0,0.0,^CNXENERGY
2025-11-24 10:35:00+05:30,35792.75,35806.94921875,35785.05078125,35785.05078125,0,0.0,0.0,^CNXENERGY
2025-11-24 10:40:00+05:30,35784.94921875,35789.19921875,35765.75,35767.69921875,0,0.0,0.0,^CNXENERGY
2025-11-24 10:45:00+05:30,35767.8515625,35788.19921875,35755.80078125,35775.55078125,0,0.0,0.0,^CNXENERGY
2025-11-24 10:50:00+05:30,35777.3515625,35777.3515625,35744.55078125,35754.44921875,0,0.0,0.0,^CNXENERGY
2025-11-24 10:55:00+05:30,35753.8984375,35756.6484375,35717.30078125,35720.05078125,0,0.0,0.0,^CNXENERGY
2025-11-24 11:00:00+05:30,35721.3515625,35722.30078125,35697.25,35718.75,0,0.0,0.0,^CNXENERGY
2025-11-24 11:05:00+05:30,35719.19921875,35719.19921875,35691.5,35693.94921875,0,0.0,0.0,^CNXENERGY
2025-11-24 11:10:00+05:30,35692.44921875,35717.1484375,35688.8515625,35711.69921875,0,0.0,0.0,^CNXENERGY
2025-11-24 11:15:00+05:30,35711.6484375,35718.5,35679.6015625,35687.6484375,0,0.0,0.0,^CNXENERGY
2025-11-24 11:20:00+05:30,35687.25,35699.6015625,35680.19921875,35697.6484375,0,0.0,0.0,^CNXENERGY
2025-11-24 11:25:00+05:30,35697.8984375,35720.0,35697.8984375,35715.5,0,0.0,0.0,^CNXENERGY
2025-11-24 11:30:00+05:30,35715.44921875,35722.6015625,35694.44921875,35696.0,0,0.0,0.0,^CNXENERGY
2025-11-24 11:35:00+05:30,35694.3984375,35706.8984375,35683.25,35683.3515625,0,0.0,0.0,^CNXENERGY
2025-11-24 11:40:00+05:30,35683.55078125,35695.94921875,35681.6015625,35695.94921875,0,0.0,0.0,^CNXENERGY
2025-11-24 11:45:00+05:30,35696.05078125,35696.05078125,35663.8984375,35667.8515625,0,0.0,0.0,^CNXENERGY
2025-11-24 11:50:00+05:30,35667.8984375,35672.69921875,35622.1484375,35624.8515625,0,0.0,0.0,^CNXENERGY
2025-11-24 11:55:00+05:30,35624.80078125,35642.8515625,35606.44921875,35642.0,0,0.0,0.0,^CNXENERGY
2025-11-24 12:00:00+05:30,35643.55078125,35658.25,35635.30078125,35638.8515625,0,0.0,0.0,^CNXENERGY
2025-11-24 12:05:00+05:30,35639.6484375,35641.1484375,35623.6015625,35632.75,0,0.0,0.0,^CNXENERGY
2025-11-24 12:10:00+05:30,35632.80078125,35638.1015625,35619.3515625,35621.69921875,0,0.0,0.0,^CNXENERGY
2025-11-24 12:15:00+05:30,35622.1015625,35628.25,35613.05078125,35622.6015625,0,0.0,0.0,^CNXENERGY
2025-11-24 12:20:00+05:30,35621.44921875,35646.1015625,35618.69921875,35637.3984375,0,0.0,0.0,^CNXENERGY
2025-11-24 12:25:00+05:30,35637.25,35641.80078125,35628.75,35637.44921875,0,0.0,0.0,^CNXENERGY
2025-11-24 12:30:00+05:30,35637.25,35650.8515625,35604.30078125,35645.94921875,0,0.0,0.0,^CNXENERGY
2025-11-24 12:35:00+05:30,35649.75,35656.44921875,35635.80078125,35640.69921875,0,0.0,0.0,^CNXENERGY
2025-11-24 12:40:00+05:30,35640.44921875,35656.8984375,35639.19921875,35643.0,0,0.0,0.0,^CNXENERGY
2025-11-24 12:45:00+05:30,35640.1484375,35646.5,35634.94921875,35645.19921875,0,0.0,0.0,^CNXENERGY
2025-11-24 12:50:00+05:30,35642.3515625,35650.55078125,35636.05078125,35639.25,0,0.0,0.0,^CNXENERGY
2025-11-24 12:55:00+05:30,35635.1015625,35643.80078125,35631.3984375,35643.80078125,0,0.0,0.0,^CNXENERGY
2025-11-24 13:00:00+05:30,35642.44921875,35644.3984375,35611.1015625,35616.75,0,0.0,0.0,^CNXENERGY
2025-11-24 13:05:00+05:30,35616.75,35623.25,35597.19921875,35615.1484375,0,0.0,0.0,^CNXENERGY
2025-11-24 13:10:00+05:30,35615.25,35627.69921875,35607.5,35618.6015625,0,0.0,0.0,^CNXENERGY
2025-11-24 13:15:00+05:30,35620.1484375,35624.1484375,35612.8984375,35620.1484375,0,0.0,0.0,^CNXENERGY
2025-11-24 13:20:00+05:30,35622.5,35629.30078125,35618.69921875,35620.19921875,0,0.0,0.0,^CNXENERGY
2025-11-24 13:25:00+05:30,35624.25,35624.69921875,35598.1015625,35598.1015625,0,0.0,0.0,^CNXENERGY
2025-11-24 13:30:00+05:30,35599.5,35614.30078125,35595.6015625,35600.1484375,0,0.0,0.0,^CNXENERGY
2025-11-24 13:35:00+05:30,35601.69921875,35613.3984375,35593.30078125,35593.55078125,0,0.0,0.0,^CNXENERGY
2025-11-24 13:40:00+05:30,35596.19921875,35598.1484375,35577.69921875,35587.6484375,0,0.0,0.0,^CNXENERGY
2025-11-24 13:45:00+05:30,35589.1015625,35591.3515625,35571.05078125,35571.19921875,0,0.0,0.0,^CNXENERGY
2025-11-24 13:50:00+05:30,35572.30078125,35577.69921875,35565.1015625,35570.80078125,0,0.0,0.0,^CNXENERGY
2025-11-24 13:55:00+05:30,35572.1484375,35576.80078125,35561.8515625,35564.1484375,0,0.0,0.0,^CNXENERGY
2025-11-24 14:00:00+05:30,35566.30078125,35569.1484375,35545.69921875,35549.8984375,0,0.0,0.0,^CNXENERGY
2025-11-24 14:05:00+05:30,35551.94921875,35555.8984375,35535.25,35538.75,0,0.0,0.0,^CNXENERGY
2025-11-24 14:10:00+05:30,35541.05078125,35549.30078125,35530.25,35549.30078125,0,0.0,0.0,^CNXENERGY
2025-11-24 14:15:00+05:30,35546.75,35549.8984375,35532.25,35533.75,0,0.0,0.0,^CNXENERGY
2025-11-24 14:20:00+05:30,35532.6484375,35536.25,35521.3984375,35525.5,0,0.0,0.0,^CNXENERGY
2025-11-24 14:25:00+05:30,35522.19921875,35539.1484375,35522.19921875,35523.19921875,0,0.0,0.0,^CNXENERGY
2025-11-24 14:30:00+05:30,35524.1015625,35537.30078125,35521.6484375,35526.69921875,0,0.0,0.0,^CNXENERGY
2025-11-24 14:35:00+05:30,35526.19921875,35527.25,35492.30078125,35494.55078125,0,0.0,0.0,^CNXENERGY
2025-11-24 14:40:00+05:30,35496.3515625,35515.6484375,35492.69921875,35496.1484375,0,0.0,0.0,^CNXENERGY
2025-11-24 14:45:00+05:30,35496.55078125,35526.94921875,35496.5,35513.6015625,0,0.0,0.0,^CNXENERGY
2025-11-24 14:50:00+05:30,35512.25,35522.75,35493.75,35494.75,0,0.0,0.0,^CNXENERGY
2025-11-24 14:55:00+05:30,35494.69921875,35524.3984375,35493.6484375,35512.05078125,0,0.0,0.0,^CNXENERGY
2025-11-24 15:00:00+05:30,35515.6484375,35562.5,35393.25,35403.8515625,0,0.0,0.0,^CNXENERGY
2025-11-24 15:05:00+05:30,35405.6484375,35419.5,35363.44921875,35409.1484375,0,0.0,0.0,^CNXENERGY
2025-11-24 15:10:00+05:30,35411.1015625,35444.0,35407.5,35442.0,0,0.0,0.0,^CNXENERGY
2025-11-24 15:15:00+05:30,35442.0,35443.1484375,35406.6484375,35422.3515625,0,0.0,0.0,^CNXENERGY
2025-11-24 15:20:00+05:30,35422.44921875,35443.30078125,35420.1015625,35435.19921875,0,0.0,0.0,^CNXENERGY
2025-11-24 15:25:00+05:30,35435.8515625,35463.6484375,35387.1015625,35416.25,0,0.0,0.0,^CNXENERGY
2025-11-25 09:15:00+05:30,35439.19921875,35488.6015625,35367.1484375,35433.8515625,0,0.0,0.0,^CNXENERGY
2025-11-25 09:20:00+05:30,35431.05078125,35435.75,35359.75,35426.5,0,0.0,0.0,^CNXENERGY
2025-11-25 09:25:00+05:30,35426.1015625,35460.25,35413.8515625,35422.8515625,0,0.0,0.0,^CNXENERGY
2025-11-25 09:30:00+05:30,35421.0,35454.94921875,35418.5,35438.0,0,0.0,0.0,^CNXENERGY
2025-11-25 09:35:00+05:30,35438.19921875,35468.5,35432.19921875,35457.1484375,0,0.0,0.0,^CNXENERGY
2025-11-25 09:40:00+05:30,35456.3984375,35469.8984375,35454.55078125,35458.80078125,0,0.0,0.0,^CNXENERGY
2025-11-25 09:45:00+05:30,35458.80078125,35474.25,35450.5,35460.19921875,0,0.0,0.0,^CNXENERGY
2025-11-25 09:50:00+05:30,35459.3515625,35476.0,35438.69921875,35471.6015625,0,0.0,0.0,^CNXENERGY
2025-11-25 09:55:00+05:30,35472.6015625,35483.80078125,35455.6015625,35458.3984375,0,0.0,0.0,^CNXENERGY
2025-11-25 10:00:00+05:30,35456.6015625,35472.8984375,35445.19921875,35457.1015625,0,0.0,0.0,^CNXENERGY
2025-11-25 10:05:00+05:30,35457.0,35479.1484375,35453.55078125,35475.30078125,0,0.0,0.0,^CNXENERGY
2025-11-25 10:10:00+05:30,35476.55078125,35503.30078125,35475.69921875,35499.8984375,0,0.0,0.0,^CNXENERGY
2025-11-25 10:15:00+05:30,35500.30078125,35507.8515625,35484.3984375,35485.6015625,0,0.0,0.0,^CNXENERGY
2025-11-25 10:20:00+05:30,35486.1484375,35522.5,35481.30078125,35520.8515625,0,0.0,0.0,^CNXENERGY
2025-11-25 10:25:00+05:30,35521.5,35544.5,35510.75,35540.5,0,0.0,0.0,^CNXENERGY
2025-11-25 10:30:00+05:30,35541.0,35557.1015625,35538.94921875,35541.55078125,0,0.0,0.0,^CNXENERGY
2025-11-25 10:35:00+05:30,35543.3984375,35544.3515625,35512.75,35523.05078125,0,0.0,0.0,^CNXENERGY
2025-11-25 10:40:00+05:30,35523.25,35533.5,35513.94921875,35528.05078125,0,0.0,0.0,^CNXENERGY
2025-11-25 10:45:00+05:30,35527.1484375,35528.8984375,35510.94921875,35524.1015625,0,0.0,0.0,^CNXENERGY
2025-11-25 10:50:00+05:30,35524.05078125,35531.55078125,35489.6015625,35489.6015625,0,0.0,0.0,^CNXENERGY
2025-11-25 10:55:00+05:30,35492.8984375,35495.25,35463.75,35474.3515625,0,0.0,0.0,^CNXENERGY
2025-11-25 11:00:00+05:30,35474.1015625,35485.8515625,35468.8515625,35485.6484375,0,0.0,0.0,^CNXENERGY
2025-11-25 11:05:00+05:30,35484.55078125,35498.44921875,35481.80078125,35488.05078125,0,0.0,0.0,^CNXENERGY
2025-11-25 11:10:00+05:30,35488.6015625,35498.6484375,35479.69921875,35495.75,0,0.0,0.0,^CNXENERGY
2025-11-25 11:15:00+05:30,35494.55078125,35500.6484375,35485.44921875,35497.8515625,0,0.0,0.0,^CNXENERGY
2025-11-25 11:20:00+05:30,35497.75,35502.05078125,35490.19921875,35498.5,0,0.0,0.0,^CNXENERGY
2025-11-25 11:25:00+05:30,35498.05078125,35525.30078125,35496.8984375,35522.3984375,0,0.0,0.0,^CNXENERGY
2025-11-25 11:30:00+05:30,35523.94921875,35527.3984375,35504.19921875,35510.55078125,0,0.0,0.0,^CNXENERGY
2025-11-25 11:35:00+05:30,35510.1015625,35513.8984375,35500.6484375,35506.6015625,0,0.0,0.0,^CNXENERGY
2025-11-25 11:40:00+05:30,35506.6015625,35514.1484375,35493.05078125,35494.94921875,0,0.0,0.0,^CNXENERGY
2025-11-25 11:45:00+05:30,35496.05078125,35500.05078125,35487.3515625,35496.69921875,0,0.0,0.0,^CNXENERGY
2025-11-25 11:50:00+05:30,35496.3984375,35504.6484375,35488.55078125,35491.25,0,0.0,0.0,^CNXENERGY
2025-11-25 11:55:00+05:30,35490.44921875,35503.05078125,35484.3515625,35489.6015625,0,0.0,0.0,^CNXENERGY
2025-11-25 12:00:00+05:30,35489.1015625,35492.25,35465.80078125,35469.75,0,0.0,0.0,^CNXENERGY
2025-11-25 12:05:00+05:30,35469.19921875,35478.25,35452.8515625,35457.25,0,0.0,0.0,^CNXENERGY
2025-11-25 12:10:00+05:30,35456.8984375,35457.75,35444.55078125,35451.3984375,0,0.0,0.0,^CNXENERGY
2025-11-25 12:15:00+05:30,35451.75,35461.5,35428.6484375,35433.5,0,0.0,0.0,^CNXENERGY
2025-11-25 12:20:00+05:30,35432.6484375,35435.69921875,35423.3515625,35433.5,0,0.0,0.0,^CNXENERGY
2025-11-25 12:25:00+05:30,35433.3984375,35443.3515625,35425.3515625,35429.6015625,0,0.0,0.0,^CNXENERGY
2025-11-25 12:30:00+05:30,35429.8515625,35431.25,35412.94921875,35419.6015625,0,0.0,0.0,^CNXENERGY
2025-11-25 12:35:00+05:30,35419.6015625,35423.3515625,35405.44921875,35414.30078125,0,0.0,0.0,^CNXENERGY
2025-11-25 12:40:00+05:30,35414.30078125,35416.19921875,35401.05078125,35412.5,0,0.0,0.0,^CNXENERGY
2025-11-25 12:45:00+05:30,35412.44921875,35422.55078125,35410.6015625,35417.55078125,0,0.0,0.0,^CNXENERGY
2025-11-25 12:50:00+05:30,35418.55078125,35430.3984375,35414.1015625,35416.3515625,0,0.0,0.0,^CNXENERGY
2025-11-25 12:55:00+05:30,35415.80078125,35419.05078125,35403.0,35403.75,0,0.0,0.0,^CNXENERGY
2025-11-25 13:00:00+05:30,35405.3515625,35409.1484375,35372.8984375,35382.80078125,0,0.0,0.0,^CNXENERGY
2025-11-25 13:05:00+05:30,35382.1484375,35401.55078125,35379.44921875,35396.0,0,0.0,0.0,^CNXENERGY
2025-11-25 13:10:00+05:30,35395.5,35409.69921875,35386.8515625,35393.3515625,0,0.0,0.0,^CNXENERGY
2025-11-25 13:15:00+05:30,35391.80078125,35411.80078125,35389.55078125,35397.75,0,0.0,0.0,^CNXENERGY
2025-11-25 13:20:00+05:30,35397.3515625,35406.69921875,35389.69921875,35402.1484375,0,0.0,0.0,^CNXENERGY
2025-11-25 13:25:00+05:30,35402.0,35407.3515625,35391.8984375,35402.80078125,0,0.0,0.0,^CNXENERGY
2025-11-25 13:30:00+05:30,35401.30078125,35407.5,35386.44921875,35401.69921875,0,0.0,0.0,^CNXENERGY
2025-11-25 13:35:00+05:30,35401.3984375,35409.44921875,35396.25,35405.55078125,0,0.0,0.0,^CNXENERGY
2025-11-25 13:40:00+05:30,35406.44921875,35407.44921875,35377.25,35382.75,0,0.0,0.0,^CNXENERGY
2025-11-25 13:45:00+05:30,35382.3984375,35402.6015625,35373.75,35393.1484375,0,0.0,0.0,^CNXENERGY
2025-11-25 13:50:00+05:30,35394.1015625,35397.3984375,35385.6015625,35396.44921875,0,0.0,0.0,^CNXENERGY
2025-11-25 13:55:00+05:30,35394.75,35400.1484375,35388.25,35396.1015625,0,0.0,0.0,^CNXENERGY
2025-11-25 14:00:00+05:30,35396.3515625,35405.6015625,35388.1484375,35402.5,0,0.0,0.0,^CNXENERGY
2025-11-25 14:05:00+05:30,35402.6484375,35421.69921875,35401.1015625,35410.8515625,0,0.0,0.0,^CNXENERGY
2025-11-25 14:10:00+05:30,35409.19921875,35417.1015625,35404.19921875,35408.5,0,0.0,0.0,^CNXENERGY
2025-11-25 14:15:00+05:30,35408.69921875,35432.6015625,35401.1015625,35403.25,0,0.0,0.0,^CNXENERGY
2025-11-25 14:20:00+05:30,35403.80078125,35408.44921875,35385.69921875,35388.75,0,0.0,0.0,^CNXENERGY
2025-11-25 14:25:00+05:30,35388.0,35389.1484375,35368.5,35371.6484375,0,0.0,0.0,^CNXENERGY
2025-11-25 14:30:00+05:30,35371.80078125,35382.25,35357.25,35369.94921875,0,0.0,0.0,^CNXENERGY
2025-11-25 14:35:00+05:30,35370.05078125,35374.19921875,35346.94921875,35353.6484375,0,0.0,0.0,^CNXENERGY
2025-11-25 14:40:00+05:30,35354.8515625,35357.5,35343.1015625,35351.3515625,0,0.0,0.0,^CNXENERGY
2025-11-25 14:45:00+05:30,35351.3984375,35352.44921875,35332.25,35344.25,0,0.0,0.0,^CNXENERGY
2025-11-25 14:50:00+05:30,35344.19921875,35349.94921875,35332.6484375,35337.3515625,0,0.0,0.0,^CNXENERGY
2025-11-25 14:55:00+05:30,35336.1015625,35339.30078125,35308.44921875,35311.25,0,0.0,0.0,^CNXENERGY
2025-11-25 15:00:00+05:30,35310.30078125,35348.30078125,35310.30078125,35340.55078125,0,0.0,0.0,^CNXENERGY
2025-11-25 15:05:00+05:30,35339.44921875,35362.5,35338.3984375,35349.55078125,0,0.0,0.0,^CNXENERGY
2025-11-25 15:10:00+05:30,35348.6484375,35367.1484375,35342.5,35358.1015625,0,0.0,0.0,^CNXENERGY
2025-11-25 15:15:00+05:30,35359.6484375,35363.30078125,35346.80078125,35361.25,0,0.0,0.0,^CNXENERGY
2025-11-25 15:20:00+05:30,35360.94921875,35362.19921875,35345.1484375,35355.19921875,0,0.0,0.0,^CNXENERGY
2025-11-25 15:25:00+05:30,35355.55078125,35356.8515625,35323.3984375,35331.6015625,0,0.0,0.0,^CNXENERGY
2025-11-26 09:15:00+05:30,35411.8515625,35581.25,35411.8515625,35568.1015625,0,0.0,0.0,^CNXENERGY
2025-11-26 09:20:00+05:30,35567.94921875,35649.1484375,35562.30078125,35646.3984375,0,0.0,0.0,^CNXENERGY
2025-11-26 09:25:00+05:30,35645.80078125,35699.1484375,35645.69921875,35692.1015625,0,0.0,0.0,^CNXENERGY
2025-11-26 09:30:00+05:30,35691.1484375,35717.3515625,35656.3515625,35684.25,0,0.0,0.0,^CNXENERGY
2025-11-26 09:35:00+05:30,35684.44921875,35685.25,35654.05078125,35658.05078125,0,0.0,0.0,^CNXENERGY
2025-11-26 09:40:00+05:30,35657.8515625,35685.75,35647.5,35678.25,0,0.0,0.0,^CNXENERGY
2025-11-26 09:45:00+05:30,35678.1484375,35742.05078125,35674.30078125,35739.1484375,0,0.0,0.0,^CNXENERGY
2025-11-26 09:50:00+05:30,35739.3515625,35764.0,35732.94921875,35743.30078125,0,0.0,0.0,^CNXENERGY
2025-11-26 09:55:00+05:30,35744.5,35752.3984375,35716.1484375,35732.1015625,0,0.0,0.0,^CNXENERGY
2025-11-26 10:00:00+05:30,35732.5,35761.25,35731.1484375,35761.25,0,0.0,0.0,^CNXENERGY
2025-11-26 10:05:00+05:30,35760.0,35776.25,35752.6484375,35753.69921875,0,0.0,0.0,^CNXENERGY
2025-11-26 10:10:00+05:30,35752.5,35759.1484375,35721.3984375,35741.6484375,0,0.0,0.0,^CNXENERGY
2025-11-26 10:15:00+05:30,35741.8984375,35767.25,35740.8515625,35765.3515625,0,0.0,0.0,^CNXENERGY
2025-11-26 10:20:00+05:30,35766.05078125,35766.1015625,35748.25,35757.6484375,0,0.0,0.0,^CNXENERGY
2025-11-26 10:25:00+05:30,35755.8515625,35758.69921875,35734.25,35739.3984375,0,0.0,0.0,^CNXENERGY
2025-11-26 10:30:00+05:30,35740.55078125,35775.1015625,35738.30078125,35767.1484375,0,0.0,0.0,^CNXENERGY
2025-11-26 10:35:00+05:30,35765.94921875,35791.19921875,35760.94921875,35785.6015625,0,0.0,0.0,^CNXENERGY
2025-11-26 10:40:00+05:30,35786.25,35786.69921875,35743.5,35750.1484375,0,0.0,0.0,^CNXENERGY
2025-11-26 10:45:00+05:30,35749.75,35795.25,35749.55078125,35790.8984375,0,0.0,0.0,^CNXENERGY
2025-11-26 10:50:00+05:30,35789.1484375,35805.19921875,35786.69921875,35796.25,0,0.0,0.0,^CNXENERGY
2025-11-26 10:55:00+05:30,35795.75,35797.75,35783.80078125,35787.94921875,0,0.0,0.0,^CNXENERGY
2025-11-26 11:00:00+05:30,35786.3515625,35818.1484375,35786.3515625,35813.25,0,0.0,0.0,^CNXENERGY
2025-11-26 11:05:00+05:30,35815.3515625,35824.8984375,35803.19921875,35809.8984375,0,0.0,0.0,^CNXENERGY
2025-11-26 11:10:00+05:30,35808.8515625,35829.19921875,35807.1484375,35827.69921875,0,0.0,0.0,^CNXENERGY
2025-11-26 11:15:00+05:30,35827.80078125,35860.55078125,35827.80078125,35854.5,0,0.0,0.0,^CNXENERGY
2025-11-26 11:20:00+05:30,35854.94921875,35869.55078125,35846.80078125,35851.25,0,0.0,0.0,^CNXENERGY
2025-11-26 11:25:00+05:30,35852.55078125,35874.0,35850.44921875,35868.3515625,0,0.0,0.0,^CNXENERGY
2025-11-26 11:30:00+05:30,35869.1484375,35885.5,35854.55078125,35885.1484375,0,0.0,0.0,^CNXENERGY
2025-11-26 11:35:00+05:30,35885.05078125,35895.25,35881.19921875,35887.80078125,0,0.0,0.0,^CNXENERGY
2025-11-26 11:40:00+05:30,35886.3984375,35896.8515625,35882.6484375,35888.0,0,0.0,0.0,^CNXENERGY
2025-11-26 11:45:00+05:30,35887.1484375,35891.80078125,35867.44921875,35886.6484375,0,0.0,0.0,^CNXENERGY
2025-11-26 11:50:00+05:30,35886.44921875,35894.8984375,35862.5,35865.94921875,0,0.0,0.0,^CNXENERGY
2025-11-26 11:55:00+05:30,35866.94921875,35879.6484375,35861.6484375,35874.55078125,0,0.0,0.0,^CNXENERGY
2025-11-26 12:00:00+05:30,35875.8515625,35891.44921875,35868.05078125,35883.80078125,0,0.0,0.0,^CNXENERGY
2025-11-26 12:05:00+05:30,35882.3984375,35900.0,35881.55078125,35896.5,0,0.0,0.0,^CNXENERGY
2025-11-26 12:10:00+05:30,35896.1015625,35907.3984375,35889.3984375,35904.6484375,0,0.0,0.0,^CNXENERGY
2025-11-26 12:15:00+05:30,35903.8984375,35909.8515625,35898.25,35903.75,0,0.0,0.0,^CNXENERGY
2025-11-26 12:20:00+05:30,35904.3984375,35907.1484375,35889.80078125,35894.5,0,0.0,0.0,^CNXENERGY
2025-11-26 12:25:00+05:30,35892.6484375,35895.69921875,35866.55078125,35878.1015625,0,0.0,0.0,^CNXENERGY
2025-11-26 12:30:00+05:30,35877.3984375,35880.8984375,35861.19921875,35870.55078125,0,0.0,0.0,^CNXENERGY
2025-11-26 12:35:00+05:30,35869.6015625,35874.80078125,35860.6015625,35862.6484375,0,0.0,0.0,^CNXENERGY
2025-11-26 12:40:00+05:30,35860.94921875,35865.94921875,35852.3515625,35862.8515625,0,0.0,0.0,^CNXENERGY
2025-11-26 12:45:00+05:30,35865.25,35871.75,35857.6015625,35866.0,0,0.0,0.0,^CNXENERGY
2025-11-26 12:50:00+05:30,35866.55078125,35881.19921875,35862.75,35869.8984375,0,0.0,0.0,^CNXENERGY
2025-11-26 12:55:00+05:30,35869.6015625,35883.69921875,35865.1484375,35880.3515625,0,0.0,0.0,^CNXENERGY
2025-11-26 13:00:00+05:30,35881.3984375,35925.3984375,35879.05078125,35922.25,0,0.0,0.0,^CNXENERGY
2025-11-26 13:05:00+05:30,35921.5,35922.69921875,35905.1015625,35907.3984375,0,0.0,0.0,^CNXENERGY
2025-11-26 13:10:00+05:30,35909.1484375,35914.3515625,35892.19921875,35892.19921875,0,0.0,0.0,^CNXENERGY
2025-11-26 13:20:00+05:30,35866.55078125,35870.3984375,35849.80078125,35855.3515625,0,0.0,0.0,^CNXENERGY
2025-11-26 13:25:00+05:30,35854.1484375,35864.1015625,35834.3984375,35836.30078125,0,0.0,0.0,^CNXENERGY
2025-11-26 13:30:00+05:30,35837.19921875,35849.1484375,35830.8984375,35847.44921875,0,0.0,0.0,^CNXENERGY
2025-11-26 13:35:00+05:30,35846.6484375,35864.6484375,35844.55078125,35864.55078125,0,0.0,0.0,^CNXENERGY
2025-11-26 13:40:00+05:30,35864.3515625,35880.1015625,35861.3515625,35873.5,0,0.0,0.0,^CNXENERGY
2025-11-26 13:45:00+05:30,35872.75,35890.05078125,35871.1484375,35888.1015625,0,0.0,0.0,^CNXENERGY
2025-11-26 13:50:00+05:30,35887.75,35903.6484375,35882.05078125,35897.19921875,0,0.0,0.0,^CNXENERGY
2025-11-26 13:55:00+05:30,35896.25,35909.69921875,35891.30078125,35893.1015625,0,0.0,0.0,^CNXENERGY
2025-11-26 14:00:00+05:30,35893.25,35919.44921875,35892.44921875,35906.3515625,0,0.0,0.0,^CNXENERGY
2025-11-26 14:05:00+05:30,35906.0,35913.69921875,35888.8984375,35909.19921875,0,0.0,0.0,^CNXENERGY
2025-11-26 14:10:00+05:30,35908.30078125,35916.3515625,35899.5,35913.55078125,0,0.0,0.0,^CNXENERGY
2025-11-26 14:15:00+05:30,35912.8515625,35920.6484375,35906.69921875,35916.3984375,0,0.0,0.0,^CNXENERGY
2025-11-26 14:20:00+05:30,35917.44921875,35923.6484375,35909.6484375,35921.5,0,0.0,0.0,^CNXENERGY
2025-11-26 14:25:00+05:30,35922.8984375,35926.6015625,35897.80078125,35899.1484375,0,0.0,0.0,^CNXENERGY
2025-11-26 14:30:00+05:30,35899.44921875,35922.69921875,35896.8984375,35914.6015625,0,0.0,0.0,^CNXENERGY
2025-11-26 14:35:00+05:30,35914.1015625,35922.0,35903.25,35911.55078125,0,0.0,0.0,^CNXENERGY
2025-11-26 14:40:00+05:30,35912.3515625,35922.6484375,35907.6484375,35920.55078125,0,0.0,0.0,^CNXENERGY
2025-11-26 14:45:00+05:30,35920.0,35926.44921875,35884.19921875,35884.19921875,0,0.0,0.0,^CNXENERGY
2025-11-26 14:50:00+05:30,35883.1015625,35902.44921875,35871.75,35901.8984375,0,0.0,0.0,^CNXENERGY
2025-11-26 14:55:00+05:30,35901.6484375,35918.55078125,35897.6015625,35915.1015625,0,0.0,0.0,^CNXENERGY
2025-11-26 15:00:00+05:30,35915.0,35966.55078125,35915.0,35956.1484375,0,0.0,0.0,^CNXENERGY
2025-11-26 15:05:00+05:30,35957.1484375,35980.0,35946.25,35979.30078125,0,0.0,0.0,^CNXENERGY
2025-11-26 15:10:00+05:30,35980.0,35986.80078125,35968.8515625,35981.55078125,0,0.0,0.0,^CNXENERGY
2025-11-26 15:15:00+05:30,35982.94921875,35983.0,35971.1484375,35975.19921875,0,0.0,0.0,^CNXENERGY
2025-11-26 15:20:00+05:30,35975.3515625,35975.3984375,35958.80078125,35967.30078125,0,0.0,0.0,^CNXENERGY
2025-11-26 15:25:00+05:30,35968.05078125,35971.0,35951.3984375,35957.30078125,0,0.0,0.0,^CNXENERGY
2025-11-27 09:15:00+05:30,36049.55078125,36061.19921875,35976.80078125,36032.3984375,0,0.0,0.0,^CNXENERGY
2025-11-27 09:20:00+05:30,36032.44921875,36036.05078125,35988.3515625,35997.55078125,0,0.0,0.0,^CNXENERGY
2025-11-27 09:25:00+05:30,35996.6015625,35998.44921875,35965.80078125,35971.6484375,0,0.0,0.0,^CNXENERGY
2025-11-27 09:30:00+05:30,35969.05078125,35974.6484375,35940.69921875,35940.69921875,0,0.0,0.0,^CNXENERGY
2025-11-27 09:35:00+05:30,35940.8984375,35941.80078125,35863.05078125,35867.0,0,0.0,0.0,^CNXENERGY
2025-11-27 09:40:00+05:30,35867.44921875,35869.80078125,35821.75,35826.55078125,0,0.0,0.0,^CNXENERGY
2025-11-27 09:45:00+05:30,35824.8515625,35862.6015625,35807.5,35856.3515625,0,0.0,0.0,^CNXENERGY
2025-11-27 09:50:00+05:30,35855.55078125,35855.55078125,35817.3984375,35817.3984375,0,0.0,0.0,^CNXENERGY
2025-11-27 09:55:00+05:30,35819.75,35847.3515625,35809.5,35843.44921875,0,0.0,0.0,^CNXENERGY
2025-11-27 10:00:00+05:30,35844.25,35849.5,35813.8984375,35819.1015625,0,0.0,0.0,^CNXENERGY
2025-11-27 10:05:00+05:30,35820.19921875,35824.3515625,35797.5,35813.19921875,0,0.0,0.0,^CNXENERGY
2025-11-27 10:10:00+05:30,35814.19921875,35814.8984375,35781.30078125,35796.0,0,0.0,0.0,^CNXENERGY
2025-11-27 10:15:00+05:30,35794.3515625,35804.6015625,35788.1015625,35804.6015625,0,0.0,0.0,^CNXENERGY
2025-11-27 10:20:00+05:30,35804.30078125,35814.1015625,35796.25,35800.1015625,0,0.0,0.0,^CNXENERGY
2025-11-27 10:25:00+05:30,35799.8515625,35799.8515625,35771.25,35799.19921875,0,0.0,0.0,^CNXENERGY
2025-11-27 10:30:00+05:30,35800.0,35811.75,35792.69921875,35804.0,0,0.0,0.0,^CNXENERGY
2025-11-27 10:35:00+05:30,35803.6015625,35834.80078125,35800.25,35829.5,0,0.0,0.0,^CNXENERGY
2025-11-27 10:40:00+05:30,35829.30078125,35832.80078125,35813.8984375,35815.55078125,0,0.0,0.0,^CNXENERGY
2025-11-27 10:45:00+05:30,35816.5,35838.6484375,35816.5,35834.8984375,0,0.0,0.0,^CNXENERGY
2025-11-27 10:50:00+05:30,35836.0,35838.8984375,35802.19921875,35803.3984375,0,0.0,0.0,^CNXENERGY
2025-11-27 10:55:00+05:30,35803.55078125,35825.5,35799.30078125,35823.94921875,0,0.0,0.0,^CNXENERGY
2025-11-27 11:00:00+05:30,35824.1015625,35829.1484375,35804.8984375,35808.3984375,0,0.0,0.0,^CNXENERGY
2025-11-27 11:05:00+05:30,35810.94921875,35820.80078125,35806.19921875,35810.6015625,0,0.0,0.0,^CNXENERGY
2025-11-27 11:10:00+05:30,35810.8515625,35815.19921875,35803.55078125,35805.5,0,0.0,0.0,^CNXENERGY
2025-11-27 11:15:00+05:30,35807.25,35808.5,35781.05078125,35784.6484375,0,0.0,0.0,^CNXENERGY
2025-11-27 11:20:00+05:30,35786.80078125,35787.8515625,35770.30078125,35776.6015625,0,0.0,0.0,^CNXENERGY
2025-11-27 11:25:00+05:30,35778.75,35803.30078125,35774.3515625,35792.3984375,0,0.0,0.0,^CNXENERGY
2025-11-27 11:30:00+05:30,35793.75,35793.75,35770.3515625,35781.0,0,0.0,0.0,^CNXENERGY
2025-11-27 11:35:00+05:30,35783.3515625,35787.3984375,35772.44921875,35775.1015625,0,0.0,0.0,^CNXENERGY
2025-11-27 11:40:00+05:30,35775.75,35796.94921875,35771.0,35796.94921875,0,0.0,0.0,^CNXENERGY
2025-11-27 11:45:00+05:30,35795.8515625,35799.19921875,35754.6484375,35760.3515625,0,0.0,0.0,^CNXENERGY
2025-11-27 11:50:00+05:30,35761.05078125,35777.5,35755.8984375,35776.6015625,0,0.0,0.0,^CNXENERGY
2025-11-27 11:55:00+05:30,35778.6015625,35783.25,35765.30078125,35783.25,0,0.0,0.0,^CNXENERGY
2025-11-27 12:00:00+05:30,35782.3515625,35795.6015625,35779.44921875,35788.55078125,0,0.0,0.0,^CNXENERGY
2025-11-27 12:05:00+05:30,35789.3515625,35791.05078125,35760.6015625,35764.5,0,0.0,0.0,^CNXENERGY
2025-11-27 12:10:00+05:30,35765.0,35777.3515625,35761.55078125,35769.69921875,0,0.0,0.0,^CNXENERGY
2025-11-27 12:15:00+05:30,35768.80078125,35776.1015625,35763.05078125,35766.69921875,0,0.0,0.0,^CNXENERGY
2025-11-27 12:20:00+05:30,35767.44921875,35769.8984375,35753.80078125,35755.1015625,0,0.0,0.0,^CNXENERGY
2025-11-27 12:25:00+05:30,35754.6015625,35757.8515625,35738.0,35749.1015625,0,0.0,0.0,^CNXENERGY
2025-11-27 12:30:00+05:30,35751.25,35756.8515625,35744.8984375,35754.30078125,0,0.0,0.0,^CNXENERGY
2025-11-27 12:35:00+05:30,35755.1015625,35762.1015625,35752.75,35758.69921875,0,0.0,0.0,^CNXENERGY
2025-11-27 12:40:00+05:30,35759.0,35779.3984375,35754.25,35778.25,0,0.0,0.0,^CNXENERGY
2025-11-27 12:45:00+05:30,35780.30078125,35816.6484375,35780.30078125,35809.55078125,0,0.0,0.0,^CNXENERGY
2025-11-27 12:50:00+05:30,35809.94921875,35809.94921875,35794.69921875,35801.5,0,0.0,0.0,^CNXENERGY
2025-11-27 12:55:00+05:30,35799.8515625,35806.19921875,35793.5,35799.44921875,0,0.0,0.0,^CNXENERGY
2025-11-27 13:00:00+05:30,35799.5,35801.69921875,35786.8515625,35797.5,0,0.0,0.0,^CNXENERGY
2025-11-27 13:05:00+05:30,35798.8984375,35799.5,35775.6015625,35776.30078125,0,0.0,0.0,^CNXENERGY
2025-11-27 13:10:00+05:30,35779.05078125,35780.0,35730.25,35730.94921875,0,0.0,0.0,^CNXENERGY
2025-11-27 13:15:00+05:30,35731.69921875,35735.05078125,35711.8984375,35733.5,0,0.0,0.0,^CNXENERGY
2025-11-27 13:20:00+05:30,35734.19921875,35741.1484375,35689.75,35694.30078125,0,0.0,0.0,^CNXENERGY
2025-11-27 13:25:00+05:30,35695.3515625,35716.3984375,35689.8984375,35713.19921875,0,0.0,0.0,^CNXENERGY
2025-11-27 13:30:00+05:30,35712.8984375,35725.69921875,35700.3984375,35722.0,0,0.0,0.0,^CNXENERGY
2025-11-27 13:35:00+05:30,35720.3515625,35724.69921875,35701.8515625,35706.6015625,0,0.0,0.0,^CNXENERGY
2025-11-27 13:40:00+05:30,35708.05078125,35709.94921875,35691.30078125,35697.30078125,0,0.0,0.0,^CNXENERGY
2025-11-27 13:45:00+05:30,35696.6484375,35702.75,35677.6484375,35692.75,0,0.0,0.0,^CNXENERGY
2025-11-27 13:50:00+05:30,35691.44921875,35725.1015625,35685.30078125,35724.8515625,0,0.0,0.0,^CNXENERGY
2025-11-27 13:55:00+05:30,35724.94921875,35730.25,35714.05078125,35725.6484375,0,0.0,0.0,^CNXENERGY
2025-11-27 14:00:00+05:30,35725.5,35736.1484375,35709.5,35715.94921875,0,0.0,0.0,^CNXENERGY
2025-11-27 14:05:00+05:30,35715.5,35737.0,35704.44921875,35730.69921875,0,0.0,0.0,^CNXENERGY
2025-11-27 14:10:00+05:30,35733.19921875,35759.3984375,35718.94921875,35719.69921875,0,0.0,0.0,^CNXENERGY
2025-11-27 14:15:00+05:30,35720.8515625,35737.30078125,35717.5,35724.3984375,0,0.0,0.0,^CNXENERGY
2025-11-27 14:20:00+05:30,35725.69921875,35751.94921875,35724.6484375,35737.69921875,0,0.0,0.0,^CNXENERGY
2025-11-27 14:25:00+05:30,35740.19921875,35762.80078125,35737.6015625,35741.1015625,0,0.0,0.0,^CNXENERGY
2025-11-27 14:30:00+05:30,35742.1015625,35748.80078125,35717.3515625,35738.8984375,0,0.0,0.0,^CNXENERGY
2025-11-27 14:35:00+05:30,35741.75,35752.94921875,35733.3515625,35752.1484375,0,0.0,0.0,^CNXENERGY
2025-11-27 14:40:00+05:30,35752.3984375,35752.3984375,35722.1015625,35731.6484375,0,0.0,0.0,^CNXENERGY
2025-11-27 14:45:00+05:30,35732.55078125,35739.1015625,35720.3984375,35734.3984375,0,0.0,0.0,^CNXENERGY
2025-11-27 14:50:00+05:30,35733.75,35734.69921875,35702.8984375,35703.75,0,0.0,0.0,^CNXENERGY
2025-11-27 14:55:00+05:30,35704.69921875,35724.0,35698.8515625,35712.75,0,0.0,0.0,^CNXENERGY
2025-11-27 15:00:00+05:30,35712.69921875,35761.8515625,35712.69921875,35751.25,0,0.0,0.0,^CNXENERGY
2025-11-27 15:05:00+05:30,35752.1484375,35766.69921875,35744.55078125,35766.0,0,0.0,0.0,^CNXENERGY
2025-11-27 15:10:00+05:30,35765.30078125,35770.30078125,35756.5,35759.0,0,0.0,0.0,^CNXENERGY
2025-11-27 15:15:00+05:30,35760.1484375,35784.8515625,35760.0,35780.30078125,0,0.0,0.0,^CNXENERGY
2025-11-27 15:20:00+05:30,35782.80078125,35791.55078125,35756.8984375,35762.75,0,0.0,0.0,^CNXENERGY
2025-11-27 15:25:00+05:30,35762.05078125,35767.30078125,35746.6015625,35760.3515625,0,0.0,0.0,^CNXENERGY
2025-11-28 09:15:00+05:30,35718.6015625,35718.6015625,35592.8984375,35667.8515625,0,0.0,0.0,^CNXENERGY
2025-11-28 09:20:00+05:30,35668.0,35673.05078125,35578.3984375,35589.6015625,0,0.0,0.0,^CNXENERGY
2025-11-28 09:25:00+05:30,35587.8984375,35642.8984375,35585.44921875,35621.6015625,0,0.0,0.0,^CNXENERGY
2025-11-28 09:30:00+05:30,35622.0,35678.05078125,35614.30078125,35668.55078125,0,0.0,0.0,^CNXENERGY
2025-11-28 09:35:00+05:30,35668.19921875,35675.30078125,35586.25,35592.80078125,0,0.0,0.0,^CNXENERGY
2025-11-28 09:40:00+05:30,35593.30078125,35663.05078125,35588.6015625,35644.69921875,0,0.0,0.0,^CNXENERGY
2025-11-28 09:45:00+05:30,35644.30078125,35661.05078125,35618.80078125,35654.69921875,0,0.0,0.0,^CNXENERGY
2025-11-28 09:50:00+05:30,35656.44921875,35691.80078125,35643.75,35683.69921875,0,0.0,0.0,^CNXENERGY
2025-11-28 09:55:00+05:30,35682.6484375,35683.19921875,35654.0,35656.8515625,0,0.0,0.0,^CNXENERGY
2025-11-28 10:00:00+05:30,35656.80078125,35671.8515625,35651.75,35656.25,0,0.0,0.0,^CNXENERGY
2025-11-28 10:05:00+05:30,35654.94921875,35672.8515625,35649.44921875,35661.1015625,0,0.0,0.0,^CNXENERGY
2025-11-28 10:10:00+05:30,35661.1484375,35661.1484375,35615.80078125,35615.80078125,0,0.0,0.0,^CNXENERGY
2025-11-28 10:15:00+05:30,35616.05078125,35621.5,35586.19921875,35591.55078125,0,0.0,0.0,^CNXENERGY
2025-11-28 10:20:00+05:30,35592.1015625,35595.05078125,35570.8984375,35579.0,0,0.0,0.0,^CNXENERGY
2025-11-28 10:25:00+05:30,35580.6015625,35606.30078125,35577.5,35591.55078125,0,0.0,0.0,^CNXENERGY
2025-11-28 10:30:00+05:30,35593.44921875,35628.6015625,35590.1484375,35620.6015625,0,0.0,0.0,^CNXENERGY
2025-11-28 10:35:00+05:30,35622.75,35635.5,35616.55078125,35631.8984375,0,0.0,0.0,^CNXENERGY
2025-11-28 10:40:00+05:30,35630.8984375,35640.94921875,35623.19921875,35632.8984375,0,0.0,0.0,^CNXENERGY
2025-11-28 10:45:00+05:30,35632.80078125,35639.3984375,35621.6015625,35627.1015625,0,0.0,0.0,^CNXENERGY
2025-11-28 10:50:00+05:30,35625.3515625,35627.3515625,35601.3984375,35623.75,0,0.0,0.0,^CNXENERGY
2025-11-28 10:55:00+05:30,35623.1484375,35626.44921875,35589.55078125,35599.3515625,0,0.0,0.0,^CNXENERGY
2025-11-28 11:00:00+05:30,35599.8984375,35608.5,35586.80078125,35591.19921875,0,0.0,0.0,^CNXENERGY
2025-11-28 11:05:00+05:30,35590.80078125,35603.3984375,35585.80078125,35588.69921875,0,0.0,0.0,^CNXENERGY
2025-11-28 11:10:00+05:30,35588.75,35638.19921875,35581.44921875,35637.3984375,0,0.0,0.0,^CNXENERGY
2025-11-28 11:15:00+05:30,35638.30078125,35643.75,35626.1484375,35640.8515625,0,0.0,0.0,^CNXENERGY
2025-11-28 11:20:00+05:30,35640.25,35642.55078125,35615.30078125,35622.1015625,0,0.0,0.0,^CNXENERGY
2025-11-28 11:25:00+05:30,35620.55078125,35631.55078125,35612.05078125,35615.6484375,0,0.0,0.0,^CNXENERGY
2025-11-28 11:30:00+05:30,35615.19921875,35635.8515625,35609.25,35618.6015625,0,0.0,0.0,^CNXENERGY
2025-11-28 11:35:00+05:30,35618.8515625,35624.30078125,35604.75,35609.05078125,0,0.0,0.0,^CNXENERGY
2025-11-28 11:40:00+05:30,35609.25,35643.1484375,35600.0,35630.55078125,0,0.0,0.0,^CNXENERGY
2025-11-28 11:45:00+05:30,35629.5,35647.3984375,35626.0,35637.1015625,0,0.0,0.0,^CNXENERGY
2025-11-28 11:50:00+05:30,35636.0,35642.1484375,35622.94921875,35640.5,0,0.0,0.0,^CNXENERGY
2025-11-28 11:55:00+05:30,35639.5,35647.3984375,35620.6484375,35623.1015625,0,0.0,0.0,^CNXENERGY
2025-11-28 12:00:00+05:30,35623.1015625,35655.8984375,35621.25,35643.80078125,0,0.0,0.0,^CNXENERGY
2025-11-28 12:05:00+05:30,35643.05078125,35644.44921875,35620.44921875,35624.75,0,0.0,0.0,^CNXENERGY
2025-11-28 12:10:00+05:30,35624.30078125,35631.0,35616.8515625,35620.5,0,0.0,0.0,^CNXENERGY
2025-11-28 12:15:00+05:30,35621.5,35625.75,35585.3984375,35589.55078125,0,0.0,0.0,^CNXENERGY
2025-11-28 12:20:00+05:30,35588.69921875,35590.55078125,35568.30078125,35572.6015625,0,0.0,0.0,^CNXENERGY
2025-11-28 12:25:00+05:30,35573.1484375,35577.69921875,35564.8984375,35567.75,0,0.0,0.0,^CNXENERGY
2025-11-28 12:30:00+05:30,35568.6015625,35569.8984375,35557.25,35565.3515625,0,0.0,0.0,^CNXENERGY
2025-11-28 12:35:00+05:30,35564.5,35568.6015625,35556.6015625,35559.75,0,0.0,0.0,^CNXENERGY
2025-11-28 12:40:00+05:30,35559.69921875,35571.6484375,35555.6015625,35565.8515625,0,0.0,0.0,^CNXENERGY
2025-11-28 12:45:00+05:30,35565.25,35565.3984375,35536.1484375,35555.6015625,0,0.0,0.0,^CNXENERGY
2025-11-28 12:50:00+05:30,35553.55078125,35570.3984375,35551.25,35569.3984375,0,0.0,0.0,^CNXENERGY
2025-11-28 12:55:00+05:30,35569.0,35591.94921875,35564.6484375,35581.44921875,0,0.0,0.0,^CNXENERGY
2025-11-28 13:00:00+05:30,35582.5,35588.25,35573.94921875,35583.69921875,0,0.0,0.0,^CNXENERGY
2025-11-28 13:05:00+05:30,35583.0,35588.0,35573.3515625,35586.6015625,0,0.0,0.0,^CNXENERGY
2025-11-28 13:10:00+05:30,35586.25,35589.1484375,35571.25,35574.6484375,0,0.0,0.0,^CNXENERGY
2025-11-28 13:15:00+05:30,35575.6015625,35578.55078125,35555.30078125,35557.05078125,0,0.0,0.0,^CNXENERGY
2025-11-28 13:20:00+05:30,35557.5,35566.8515625,35545.69921875,35566.0,0,0.0,0.0,^CNXENERGY
2025-11-28 13:25:00+05:30,35563.30078125,35565.5,35549.5,35564.80078125,0,0.0,0.0,^CNXENERGY
2025-11-28 13:30:00+05:30,35565.05078125,35577.80078125,35560.3984375,35577.19921875,0,0.0,0.0,^CNXENERGY
2025-11-28 13:35:00+05:30,35577.19921875,35581.19921875,35572.1015625,35580.5,0,0.0,0.0,^CNXENERGY
2025-11-28 13:40:00+05:30,35580.6484375,35580.69921875,35561.3984375,35563.1015625,0,0.0,0.0,^CNXENERGY
2025-11-28 13:45:00+05:30,35560.94921875,35563.5,35538.30078125,35540.25,0,0.0,0.0,^CNXENERGY
2025-11-28 13:50:00+05:30,35540.44921875,35549.25,35529.55078125,35543.0,0,0.0,0.0,^CNXENERGY
2025-11-28 13:55:00+05:30,35541.6015625,35551.0,35535.6015625,35544.0,0,0.0,0.0,^CNXENERGY
2025-11-28 14:00:00+05:30,35543.30078125,35554.6484375,35532.69921875,35540.6484375,0,0.0,0.0,^CNXENERGY
2025-11-28 14:05:00+05:30,35542.44921875,35543.0,35522.94921875,35527.05078125,0,0.0,0.0,^CNXENERGY
2025-11-28 14:10:00+05:30,35527.3984375,35538.0,35526.75,35534.6015625,0,0.0,0.0,^CNXENERGY
2025-11-28 14:15:00+05:30,35533.6484375,35541.25,35527.44921875,35530.94921875,0,0.0,0.0,^CNXENERGY
2025-11-28 14:20:00+05:30,35530.3515625,35532.44921875,35520.5,35527.6015625,0,0.0,0.0,^CNXENERGY
2025-11-28 14:25:00+05:30,35524.8515625,35537.8515625,35524.8515625,35534.3515625,0,0.0,0.0,^CNXENERGY
2025-11-28 14:30:00+05:30,35532.8515625,35556.3515625,35532.1015625,35549.30078125,0,0.0,0.0,^CNXENERGY
2025-11-28 14:35:00+05:30,35548.25,35549.0,35532.75,35537.30078125,0,0.0,0.0,^CNXENERGY
2025-11-28 14:40:00+05:30,35536.69921875,35545.6015625,35523.3984375,35528.75,0,0.0,0.0,^CNXENERGY
2025-11-28 14:45:00+05:30,35528.69921875,35534.80078125,35521.30078125,35534.1015625,0,0.0,0.0,^CNXENERGY
2025-11-28 14:50:00+05:30,35532.0,35534.6484375,35519.6015625,35531.0,0,0.0,0.0,^CNXENERGY
2025-11-28 14:55:00+05:30,35530.25,35538.3984375,35525.3515625,35528.0,0,0.0,0.0,^CNXENERGY
2025-11-28 15:00:00+05:30,35527.25,35552.1015625,35526.25,35551.19921875,0,0.0,0.0,^CNXENERGY
2025-11-28 15:05:00+05:30,35551.19921875,35563.5,35543.30078125,35557.55078125,0,0.0,0.0,^CNXENERGY
2025-11-28 15:10:00+05:30,35558.3984375,35564.75,35551.30078125,35552.8515625,0,0.0,0.0,^CNXENERGY
2025-11-28 15:15:00+05:30,35554.3984375,35557.94921875,35539.5,35549.44921875,0,0.0,0.0,^CNXENERGY
2025-11-28 15:20:00+05:30,35550.44921875,35556.3984375,35531.19921875,35542.6015625,0,0.0,0.0,^CNXENERGY
2025-11-28 15:25:00+05:30,35543.44921875,35563.75,35541.1015625,35555.6015625,0,0.0,0.0,^CNXENERGY
2025-12-01 09:15:00+05:30,35678.8515625,35705.19921875,35646.05078125,35701.1484375,0,0.0,0.0,^CNXENERGY
2025-12-01 09:20:00+05:30,35702.19921875,35735.55078125,35667.05078125,35668.6484375,0,0.0,0.0,^CNXENERGY
2025-12-01 09:25:00+05:30,35668.05078125,35677.94921875,35637.8984375,35673.1015625,0,0.0,0.0,^CNXENERGY
2025-12-01 09:30:00+05:30,35673.30078125,35685.8515625,35643.75,35648.5,0,0.0,0.0,^CNXENERGY
2025-12-01 09:35:00+05:30,35650.75,35658.8984375,35633.30078125,35648.80078125,0,0.0,0.0,^CNXENERGY
2025-12-01 09:40:00+05:30,35649.8515625,35652.8515625,35609.55078125,35614.75,0,0.0,0.0,^CNXENERGY
2025-12-01 09:45:00+05:30,35615.6015625,35637.80078125,35602.6015625,35634.1015625,0,0.0,0.0,^CNXENERGY
2025-12-01 09:50:00+05:30,35632.44921875,35633.19921875,35561.30078125,35568.80078125,0,0.0,0.0,^CNXENERGY
2025-12-01 09:55:00+05:30,35569.1484375,35600.05078125,35567.19921875,35572.69921875,0,0.0,0.0,^CNXENERGY
2025-12-01 10:00:00+05:30,35572.1015625,35602.3984375,35570.3515625,35591.94921875,0,0.0,0.0,^CNXENERGY
2025-12-01 10:05:00+05:30,35591.5,35611.3515625,35588.0,35602.1484375,0,0.0,0.0,^CNXENERGY
2025-12-01 10:10:00+05:30,35604.0,35607.25,35594.05078125,35594.8984375,0,0.0,0.0,^CNXENERGY
2025-12-01 10:15:00+05:30,35594.25,35617.1484375,35594.1015625,35608.6015625,0,0.0,0.0,^CNXENERGY
2025-12-01 10:20:00+05:30,35608.6484375,35614.30078125,35595.05078125,35613.1015625,0,0.0,0.0,^CNXENERGY
2025-12-01 10:25:00+05:30,35614.25,35628.25,35603.05078125,35626.8984375,0,0.0,0.0,^CNXENERGY
2025-12-01 10:30:00+05:30,35627.3515625,35641.3515625,35616.1015625,35627.8515625,0,0.0,0.0,^CNXENERGY
2025-12-01 10:35:00+05:30,35628.5,35631.0,35590.69921875,35591.55078125,0,0.0,0.0,^CNXENERGY
2025-12-01 10:40:00+05:30,35592.05078125,35621.69921875,35591.1015625,35614.75,0,0.0,0.0,^CNXENERGY
2025-12-01 10:45:00+05:30,35613.1015625,35613.3515625,35593.30078125,35596.69921875,0,0.0,0.0,^CNXENERGY
2025-12-01 10:50:00+05:30,35597.0,35598.94921875,35570.3515625,35570.6484375,0,0.0,0.0,^CNXENERGY
2025-12-01 10:55:00+05:30,35572.25,35582.5,35568.69921875,35579.55078125,0,0.0,0.0,^CNXENERGY
2025-12-01 11:00:00+05:30,35581.30078125,35588.8515625,35574.69921875,35583.3515625,0,0.0,0.0,^CNXENERGY
2025-12-01 11:05:00+05:30,35583.6484375,35584.30078125,35568.3515625,35571.8515625,0,0.0,0.0,^CNXENERGY
2025-12-01 11:10:00+05:30,35571.94921875,35593.44921875,35571.55078125,35589.25,0,0.0,0.0,^CNXENERGY
2025-12-01 11:15:00+05:30,35589.6015625,35605.44921875,35588.55078125,35598.5,0,0.0,0.0,^CNXENERGY
2025-12-01 11:20:00+05:30,35598.3515625,35612.30078125,35595.69921875,35606.3515625,0,0.0,0.0,^CNXENERGY
2025-12-01 11:25:00+05:30,35606.55078125,35612.25,35597.8515625,35603.55078125,0,0.0,0.0,^CNXENERGY
2025-12-01 11:30:00+05:30,35603.8515625,35632.1015625,35597.8984375,35628.3515625,0,0.0,0.0,^CNXENERGY
2025-12-01 11:35:00+05:30,35628.30078125,35633.0,35611.05078125,35614.69921875,0,0.0,0.0,^CNXENERGY
2025-12-01 11:40:00+05:30,35614.94921875,35617.1484375,35560.25,35567.1484375,0,0.0,0.0,^CNXENERGY
2025-12-01 11:45:00+05:30,35564.6484375,35567.25,35534.55078125,35542.44921875,0,0.0,0.0,^CNXENERGY
2025-12-01 11:50:00+05:30,35541.5,35560.6484375,35529.6015625,35558.5,0,0.0,0.0,^CNXENERGY
2025-12-01 11:55:00+05:30,35560.25,35561.1015625,35545.8984375,35549.75,0,0.0,0.0,^CNXENERGY
2025-12-01 12:00:00+05:30,35549.6484375,35554.80078125,35525.3515625,35532.5,0,0.0,0.0,^CNXENERGY
2025-12-01 12:05:00+05:30,35533.5,35534.19921875,35518.1015625,35529.75,0,0.0,0.0,^CNXENERGY
2025-12-01 12:10:00+05:30,35528.94921875,35532.3515625,35519.30078125,35527.75,0,0.0,0.0,^CNXENERGY
2025-12-01 12:15:00+05:30,35526.30078125,35526.30078125,35510.30078125,35518.1015625,0,0.0,0.0,^CNXENERGY
2025-12-01 12:20:00+05:30,35519.80078125,35542.05078125,35510.69921875,35542.05078125,0,0.0,0.0,^CNXENERGY
2025-12-01 12:25:00+05:30,35542.6015625,35546.19921875,35536.55078125,35543.6484375,0,0.0,0.0,^CNXENERGY
2025-12-01 12:30:00+05:30,35544.0,35544.0,35509.6484375,35514.69921875,0,0.0,0.0,^CNXENERGY
2025-12-01 12:35:00+05:30,35513.8984375,35523.8984375,35504.75,35511.44921875,0,0.0,0.0,^CNXENERGY
2025-12-01 12:40:00+05:30,35511.44921875,35519.0,35488.5,35513.8984375,0,0.0,0.0,^CNXENERGY
2025-12-01 12:45:00+05:30,35511.94921875,35527.8515625,35508.3984375,35512.80078125,0,0.0,0.0,^CNXENERGY
2025-12-01 12:50:00+05:30,35513.3515625,35529.75,35508.44921875,35527.19921875,0,0.0,0.0,^CNXENERGY
2025-12-01 12:55:00+05:30,35526.94921875,35545.3515625,35521.69921875,35544.30078125,0,0.0,0.0,^CNXENERGY
2025-12-01 13:00:00+05:30,35544.55078125,35548.19921875,35529.30078125,35540.8515625,0,0.0,0.0,^CNXENERGY
2025-12-01 13:05:00+05:30,35541.05078125,35547.1484375,35532.69921875,35535.1015625,0,0.0,0.0,^CNXENERGY
2025-12-01 13:10:00+05:30,35536.3515625,35547.69921875,35533.05078125,35545.0,0,0.0,0.0,^CNXENERGY
2025-12-01 13:15:00+05:30,35544.94921875,35557.6015625,35543.3515625,35554.3515625,0,0.0,0.0,^CNXENERGY
2025-12-01 13:20:00+05:30,35554.44921875,35554.44921875,35533.55078125,35534.75,0,0.0,0.0,^CNXENERGY
2025-12-01 13:25:00+05:30,35534.75,35535.75,35514.19921875,35515.30078125,0,0.0,0.0,^CNXENERGY
2025-12-01 13:30:00+05:30,35514.5,35532.0,35508.19921875,35512.69921875,0,0.0,0.0,^CNXENERGY
2025-12-01 13:35:00+05:30,35512.80078125,35550.44921875,35511.6015625,35547.6015625,0,0.0,0.0,^CNXENERGY
2025-12-01 13:40:00+05:30,35546.8515625,35566.94921875,35544.1484375,35556.94921875,0,0.0,0.0,^CNXENERGY
2025-12-01 13:45:00+05:30,35557.6484375,35574.6484375,35542.6484375,35573.5,0,0.0,0.0,^CNXENERGY
2025-12-01 13:50:00+05:30,35573.94921875,35574.19921875,35558.0,35558.3984375,0,0.0,0.0,^CNXENERGY
2025-12-01 13:55:00+05:30,35557.55078125,35561.1484375,35547.6484375,35551.6015625,0,0.0,0.0,^CNXENERGY
2025-12-01 14:00:00+05:30,35551.6484375,35596.19921875,35547.94921875,35592.8515625,0,0.0,0.0,^CNXENERGY
2025-12-01 14:05:00+05:30,35593.80078125,35603.8515625,35585.94921875,35587.8515625,0,0.0,0.0,^CNXENERGY
2025-12-01 14:10:00+05:30,35587.8984375,35594.44921875,35578.6484375,35592.3515625,0,0.0,0.0,^CNXENERGY
2025-12-01 14:15:00+05:30,35591.6015625,35593.1015625,35571.80078125,35579.30078125,0,0.0,0.0,^CNXENERGY
2025-12-01 14:20:00+05:30,35579.1484375,35590.3515625,35572.25,35589.6484375,0,0.0,0.0,^CNXENERGY
2025-12-01 14:25:00+05:30,35591.0,35593.6484375,35575.05078125,35587.1484375,0,0.0,0.0,^CNXENERGY
2025-12-01 14:30:00+05:30,35587.44921875,35587.44921875,35564.30078125,35571.30078125,0,0.0,0.0,^CNXENERGY
2025-12-01 14:35:00+05:30,35571.1484375,35577.8984375,35552.6484375,35556.3984375,0,0.0,0.0,^CNXENERGY
2025-12-01 14:40:00+05:30,35556.3984375,35559.3515625,35539.69921875,35542.69921875,0,0.0,0.0,^CNXENERGY
2025-12-01 14:45:00+05:30,35541.8984375,35549.69921875,35530.80078125,35535.94921875,0,0.0,0.0,^CNXENERGY
2025-12-01 14:50:00+05:30,35536.44921875,35539.25,35490.5,35496.25,0,0.0,0.0,^CNXENERGY
2025-12-01 14:55:00+05:30,35496.5,35498.0,35465.3984375,35486.8515625,0,0.0,0.0,^CNXENERGY
2025-12-01 15:00:00+05:30,35487.8984375,35543.19921875,35487.8984375,35540.44921875,0,0.0,0.0,^CNXENERGY
2025-12-01 15:05:00+05:30,35542.55078125,35557.1484375,35535.5,35551.55078125,0,0.0,0.0,^CNXENERGY
2025-12-01 15:10:00+05:30,35553.6015625,35566.05078125,35550.94921875,35557.1484375,0,0.0,0.0,^CNXENERGY
2025-12-01 15:15:00+05:30,35557.1015625,35564.25,35543.6015625,35545.1015625,0,0.0,0.0,^CNXENERGY
2025-12-01 15:20:00+05:30,35543.6484375,35546.25,35533.8515625,35540.55078125,0,0.0,0.0,^CNXENERGY
2025-12-01 15:25:00+05:30,35540.44921875,35547.6015625,35525.44921875,35546.1015625,0,0.0,0.0,^CNXENERGY
2025-12-02 09:15:00+05:30,35482.1015625,35610.3984375,35474.6015625,35601.05078125,0,0.0,0.0,^CNXENERGY
2025-12-02 09:20:00+05:30,35600.0,35634.1015625,35586.44921875,35616.69921875,0,0.0,0.0,^CNXENERGY
2025-12-02 09:25:00+05:30,35618.3515625,35642.25,35605.80078125,35607.0,0,0.0,0.0,^CNXENERGY
2025-12-02 09:30:00+05:30,35609.55078125,35612.0,35561.44921875,35565.19921875,0,0.0,0.0,^CNXENERGY
2025-12-02 09:35:00+05:30,35564.75,35600.19921875,35562.8515625,35581.55078125,0,0.0,0.0,^CNXENERGY
2025-12-02 09:40:00+05:30,35582.30078125,35589.30078125,35560.8515625,35560.8515625,0,0.0,0.0,^CNXENERGY
2025-12-02 09:45:00+05:30,35559.6015625,35587.1015625,35556.3984375,35565.94921875,0,0.0,0.0,^CNXENERGY
2025-12-02 09:50:00+05:30,35564.8515625,35566.3984375,35530.19921875,35547.8984375,0,0.0,0.0,^CNXENERGY
2025-12-02 09:55:00+05:30,35546.3515625,35553.8515625,35519.6484375,35520.8515625,0,0.0,0.0,^CNXENERGY
2025-12-02 10:00:00+05:30,35520.6484375,35536.3984375,35514.30078125,35534.3984375,0,0.0,0.0,^CNXENERGY
2025-12-02 10:05:00+05:30,35534.75,35559.69921875,35532.8984375,35538.30078125,0,0.0,0.0,^CNXENERGY
2025-12-02 10:10:00+05:30,35538.69921875,35538.69921875,35507.55078125,35514.6484375,0,0.0,0.0,^CNXENERGY
2025-12-02 10:15:00+05:30,35515.6015625,35516.55078125,35493.44921875,35500.6015625,0,0.0,0.0,^CNXENERGY
2025-12-02 10:20:00+05:30,35501.3515625,35528.0,35500.94921875,35511.44921875,0,0.0,0.0,^CNXENERGY
2025-12-02 10:25:00+05:30,35510.3515625,35519.5,35504.69921875,35517.0,0,0.0,0.0,^CNXENERGY
2025-12-02 10:30:00+05:30,35516.25,35547.19921875,35515.19921875,35539.0,0,0.0,0.0,^CNXENERGY
2025-12-02 10:35:00+05:30,35539.75,35559.8984375,35539.75,35552.25,0,0.0,0.0,^CNXENERGY
2025-12-02 10:40:00+05:30,35552.6484375,35560.94921875,35529.25,35531.0,0,0.0,0.0,^CNXENERGY
2025-12-02 10:45:00+05:30,35531.0,35550.05078125,35531.0,35548.6015625,0,0.0,0.0,^CNXENERGY
2025-12-02 10:50:00+05:30,35548.30078125,35585.69921875,35546.69921875,35575.0,0,0.0,0.0,^CNXENERGY
2025-12-02 10:55:00+05:30,35576.0,35581.0,35567.25,35580.05078125,0,0.0,0.0,^CNXENERGY
2025-12-02 11:00:00+05:30,35579.44921875,35583.25,35563.8984375,35571.1484375,0,0.0,0.0,^CNXENERGY
2025-12-02 11:05:00+05:30,35570.6484375,35573.25,35560.55078125,35562.55078125,0,0.0,0.0,^CNXENERGY
2025-12-02 11:10:00+05:30,35562.30078125,35570.94921875,35526.6484375,35530.1484375,0,0.0,0.0,^CNXENERGY
2025-12-02 11:15:00+05:30,35529.25,35564.05078125,35527.75,35550.8515625,0,0.0,0.0,^CNXENERGY
2025-12-02 11:20:00+05:30,35551.30078125,35555.05078125,35532.6484375,35544.0,0,0.0,0.0,^CNXENERGY
2025-12-02 11:25:00+05:30,35543.3984375,35546.75,35522.94921875,35528.94921875,0,0.0,0.0,^CNXENERGY
2025-12-02 11:30:00+05:30,35529.75,35545.1484375,35527.05078125,35543.25,0,0.0,0.0,^CNXENERGY
2025-12-02 11:35:00+05:30,35543.30078125,35573.55078125,35535.1015625,35571.5,0,0.0,0.0,^CNXENERGY
2025-12-02 11:40:00+05:30,35571.8515625,35572.1015625,35538.3984375,35538.3984375,0,0.0,0.0,^CNXENERGY
2025-12-02 11:45:00+05:30,35538.55078125,35550.55078125,35538.30078125,35550.55078125,0,0.0,0.0,^CNXENERGY
2025-12-02 11:50:00+05:30,35550.30078125,35555.5,35527.6015625,35531.75,0,0.0,0.0,^CNXENERGY
2025-12-02 11:55:00+05:30,35531.80078125,35534.1484375,35516.1484375,35523.5,0,0.0,0.0,^CNXENERGY
2025-12-02 12:00:00+05:30,35522.30078125,35523.3984375,35487.6484375,35500.6015625,0,0.0,0.0,^CNXENERGY
2025-12-02 12:05:00+05:30,35500.5,35503.75,35486.6484375,35494.8515625,0,0.0,0.0,^CNXENERGY
2025-12-02 12:10:00+05:30,35495.75,35516.6015625,35495.19921875,35505.6015625,0,0.0,0.0,^CNXENERGY
2025-12-02 12:15:00+05:30,35505.3984375,35512.30078125,35493.6015625,35511.8515625,0,0.0,0.0,^CNXENERGY
2025-12-02 12:20:00+05:30,35510.8515625,35521.6484375,35507.75,35517.80078125,0,0.0,0.0,^CNXENERGY
2025-12-02 12:25:00+05:30,35517.8515625,35522.75,35510.3515625,35522.75,0,0.0,0.0,^CNXENERGY
2025-12-02 12:30:00+05:30,35522.55078125,35524.0,35508.6015625,35515.3984375,0,0.0,0.0,^CNXENERGY
2025-12-02 12:35:00+05:30,35516.30078125,35525.8515625,35501.25,35505.30078125,0,0.0,0.0,^CNXENERGY
2025-12-02 12:40:00+05:30,35504.80078125,35518.19921875,35497.6484375,35500.6484375,0,0.0,0.0,^CNXENERGY
2025-12-02 12:45:00+05:30,35501.05078125,35503.3515625,35491.1015625,35494.8515625,0,0.0,0.0,^CNXENERGY
2025-12-02 12:50:00+05:30,35496.1484375,35506.6484375,35494.44921875,35501.3515625,0,0.0,0.0,^CNXENERGY
2025-12-02 12:55:00+05:30,35501.80078125,35506.8984375,35492.8984375,35506.6484375,0,0.0,0.0,^CNXENERGY
2025-12-02 13:00:00+05:30,35507.3515625,35507.3515625,35495.0,35501.94921875,0,0.0,0.0,^CNXENERGY
2025-12-02 13:05:00+05:30,35502.69921875,35506.3515625,35468.3515625,35502.0,0,0.0,0.0,^CNXENERGY
2025-12-02 13:10:00+05:30,35502.44921875,35502.6015625,35478.44921875,35488.69921875,0,0.0,0.0,^CNXENERGY
2025-12-02 13:15:00+05:30,35488.19921875,35493.05078125,35473.25,35474.80078125,0,0.0,0.0,^CNXENERGY
2025-12-02 13:20:00+05:30,35475.05078125,35481.05078125,35462.19921875,35481.05078125,0,0.0,0.0,^CNXENERGY
2025-12-02 13:25:00+05:30,35480.55078125,35484.44921875,35468.1484375,35471.5,0,0.0,0.0,^CNXENERGY
2025-12-02 13:30:00+05:30,35472.25,35473.75,35461.3984375,35471.44921875,0,0.0,0.0,^CNXENERGY
2025-12-02 13:35:00+05:30,35472.05078125,35473.25,35447.19921875,35455.1484375,0,0.0,0.0,^CNXENERGY
2025-12-02 13:40:00+05:30,35455.6484375,35461.25,35447.0,35460.25,0,0.0,0.0,^CNXENERGY
2025-12-02 13:45:00+05:30,35459.8984375,35481.30078125,35457.6484375,35479.3984375,0,0.0,0.0,^CNXENERGY
2025-12-02 13:50:00+05:30,35479.6015625,35485.30078125,35472.44921875,35482.19921875,0,0.0,0.0,^CNXENERGY
2025-12-02 13:55:00+05:30,35481.80078125,35501.3515625,35475.3984375,35495.6484375,0,0.0,0.0,^CNXENERGY
2025-12-02 14:00:00+05:30,35495.1015625,35495.3515625,35470.6484375,35491.94921875,0,0.0,0.0,^CNXENERGY
2025-12-02 14:05:00+05:30,35491.0,35495.19921875,35480.25,35489.1015625,0,0.0,0.0,^CNXENERGY
2025-12-02 14:10:00+05:30,35489.05078125,35491.3515625,35478.1484375,35479.8515625,0,0.0,0.0,^CNXENERGY
2025-12-02 14:15:00+05:30,35480.69921875,35482.6015625,35460.94921875,35462.8515625,0,0.0,0.0,^CNXENERGY
2025-12-02 14:20:00+05:30,35463.80078125,35467.30078125,35441.69921875,35444.94921875,0,0.0,0.0,^CNXENERGY
2025-12-02 14:25:00+05:30,35445.3515625,35458.1015625,35441.3984375,35443.1484375,0,0.0,0.0,^CNXENERGY
2025-12-02 14:30:00+05:30,35443.3515625,35448.1484375,35438.25,35444.75,0,0.0,0.0,^CNXENERGY
2025-12-02 14:35:00+05:30,35444.3984375,35446.0,35402.0,35410.0,0,0.0,0.0,^CNXENERGY
2025-12-02 14:40:00+05:30,35410.25,35423.05078125,35407.94921875,35421.1015625,0,0.0,0.0,^CNXENERGY
2025-12-02 14:45:00+05:30,35420.44921875,35429.8984375,35411.6015625,35428.6484375,0,0.0,0.0,^CNXENERGY
2025-12-02 14:50:00+05:30,35429.55078125,35433.5,35394.25,35397.30078125,0,0.0,0.0,^CNXENERGY
2025-12-02 14:55:00+05:30,35396.8984375,35405.3984375,35380.5,35400.25,0,0.0,0.0,^CNXENERGY
2025-12-02 15:00:00+05:30,35397.80078125,35462.0,35397.80078125,35459.0,0,0.0,0.0,^CNXENERGY
2025-12-02 15:05:00+05:30,35461.3984375,35469.6015625,35455.1015625,35461.94921875,0,0.0,0.0,^CNXENERGY
2025-12-02 15:10:00+05:30,35460.94921875,35473.25,35459.25,35467.30078125,0,0.0,0.0,^CNXENERGY
2025-12-02 15:15:00+05:30,35467.5,35468.75,35443.1015625,35456.3984375,0,0.0,0.0,^CNXENERGY
2025-12-02 15:20:00+05:30,35456.3984375,35471.19921875,35451.05078125,35470.8515625,0,0.0,0.0,^CNXENERGY
2025-12-02 15:25:00+05:30,35471.1015625,35488.30078125,35460.1484375,35472.0,0,0.0,0.0,^CNXENERGY
2025-12-03 09:15:00+05:30,35476.1015625,35500.6484375,35401.3515625,35461.1484375,0,0.0,0.0,^CNXENERGY
2025-12-03 09:20:00+05:30,35462.19921875,35468.1015625,35432.1015625,35435.3984375,0,0.0,0.0,^CNXENERGY
2025-12-03 09:25:00+05:30,35437.6484375,35439.94921875,35350.8515625,35359.94921875,0,0.0,0.0,^CNXENERGY
2025-12-03 09:30:00+05:30,35359.1015625,35389.8984375,35328.80078125,35334.69921875,0,0.0,0.0,^CNXENERGY
2025-12-03 09:35:00+05:30,35334.69921875,35364.75,35310.1484375,35310.6484375,0,0.0,0.0,^CNXENERGY
2025-12-03 09:40:00+05:30,35311.05078125,35328.5,35303.75,35311.80078125,0,0.0,0.0,^CNXENERGY
2025-12-03 09:45:00+05:30,35312.3515625,35312.3515625,35281.8984375,35284.3984375,0,0.0,0.0,^CNXENERGY
2025-12-03 09:50:00+05:30,35284.55078125,35291.6015625,35256.25,35259.30078125,0,0.0,0.0,^CNXENERGY
2025-12-03 09:55:00+05:30,35257.8515625,35260.44921875,35222.05078125,35229.5,0,0.0,0.0,^CNXENERGY
2025-12-03 10:00:00+05:30,35230.0,35232.5,35184.3984375,35184.3984375,0,0.0,0.0,^CNXENERGY
2025-12-03 10:05:00+05:30,35186.3984375,35186.94921875,35146.30078125,35152.05078125,0,0.0,0.0,^CNXENERGY
2025-12-03 10:10:00+05:30,35152.3984375,35176.05078125,35149.1015625,35158.19921875,0,0.0,0.0,^CNXENERGY
2025-12-03 10:15:00+05:30,35158.94921875,35158.94921875,35128.8984375,35134.30078125,0,0.0,0.0,^CNXENERGY
2025-12-03 10:20:00+05:30,35134.94921875,35153.44921875,35131.75,35141.25,0,0.0,0.0,^CNXENERGY
2025-12-03 10:25:00+05:30,35143.5,35147.55078125,35115.1484375,35116.44921875,0,0.0,0.0,^CNXENERGY
2025-12-03 10:30:00+05:30,35117.0,35130.05078125,35103.75,35120.75,0,0.0,0.0,^CNXENERGY
2025-12-03 10:35:00+05:30,35120.19921875,35123.1484375,35105.3515625,35107.8515625,0,0.0,0.0,^CNXENERGY
2025-12-03 10:40:00+05:30,35106.55078125,35108.0,35079.19921875,35086.05078125,0,0.0,0.0,^CNXENERGY
2025-12-03 10:45:00+05:30,35086.0,35119.8984375,35084.8984375,35111.1484375,0,0.0,0.0,^CNXENERGY
2025-12-03 10:50:00+05:30,35110.94921875,35116.8515625,35097.19921875,35104.8515625,0,0.0,0.0,^CNXENERGY
2025-12-03 10:55:00+05:30,35104.3515625,35107.80078125,35089.8984375,35105.80078125,0,0.0,0.0,^CNXENERGY
2025-12-03 11:00:00+05:30,35106.8515625,35128.1484375,35105.25,35111.80078125,0,0.0,0.0,^CNXENERGY
2025-12-03 11:05:00+05:30,35110.6015625,35136.8515625,35081.3515625,35135.75,0,0.0,0.0,^CNXENERGY
2025-12-03 11:10:00+05:30,35135.3984375,35138.30078125,35111.1484375,35113.05078125,0,0.0,0.0,^CNXENERGY
2025-12-03 11:15:00+05:30,35112.19921875,35112.69921875,35090.94921875,35092.3984375,0,0.0,0.0,^CNXENERGY
2025-12-03 11:20:00+05:30,35091.69921875,35092.94921875,35060.05078125,35060.30078125,0,0.0,0.0,^CNXENERGY
2025-12-03 11:25:00+05:30,35060.8515625,35078.1015625,35058.8984375,35077.80078125,0,0.0,0.0,^CNXENERGY
2025-12-03 11:30:00+05:30,35077.94921875,35108.30078125,35070.55078125,35101.8984375,0,0.0,0.0,^CNXENERGY
2025-12-03 11:35:00+05:30,35101.94921875,35115.44921875,35093.8984375,35115.3515625,0,0.0,0.0,^CNXENERGY
2025-12-03 11:40:00+05:30,35114.0,35115.55078125,35090.55078125,35103.69921875,0,0.0,0.0,^CNXENERGY
2025-12-03 11:45:00+05:30,35103.75,35106.05078125,35085.8984375,35093.69921875,0,0.0,0.0,^CNXENERGY
2025-12-03 11:50:00+05:30,35094.25,35095.8515625,35069.3984375,35072.1015625,0,0.0,0.0,^CNXENERGY
2025-12-03 11:55:00+05:30,35072.55078125,35080.69921875,35069.05078125,35074.6015625,0,0.0,0.0,^CNXENERGY
2025-12-03 12:00:00+05:30,35075.69921875,35098.30078125,35073.30078125,35098.30078125,0,0.0,0.0,^CNXENERGY
2025-12-03 12:05:00+05:30,35098.19921875,35098.25,35084.69921875,35092.6015625,0,0.0,0.0,^CNXENERGY
2025-12-03 12:10:00+05:30,35091.8984375,35124.0,35085.05078125,35122.69921875,0,0.0,0.0,^CNXENERGY
2025-12-03 12:15:00+05:30,35122.3984375,35126.5,35100.6015625,35114.5,0,0.0,0.0,^CNXENERGY
2025-12-03 12:20:00+05:30,35113.44921875,35123.55078125,35107.05078125,35120.94921875,0,0.0,0.0,^CNXENERGY
2025-12-03 12:25:00+05:30,35120.94921875,35127.6015625,35117.80078125,35126.80078125,0,0.0,0.0,^CNXENERGY
2025-12-03 12:30:00+05:30,35126.8984375,35129.30078125,35099.8515625,35104.44921875,0,0.0,0.0,^CNXENERGY
2025-12-03 12:35:00+05:30,35103.55078125,35124.6484375,35097.05078125,35105.6484375,0,0.0,0.0,^CNXENERGY
2025-12-03 12:40:00+05:30,35106.55078125,35106.55078125,35094.05078125,35105.75,0,0.0,0.0,^CNXENERGY
2025-12-03 12:45:00+05:30,35105.1015625,35114.6015625,35100.1015625,35100.44921875,0,0.0,0.0,^CNXENERGY
2025-12-03 12:50:00+05:30,35098.80078125,35104.1015625,35086.6015625,35094.6015625,0,0.0,0.0,^CNXENERGY
2025-12-03 12:55:00+05:30,35095.6484375,35098.44921875,35068.69921875,35076.19921875,0,0.0,0.0,^CNXENERGY
2025-12-03 13:00:00+05:30,35074.75,35084.1484375,35063.69921875,35083.8515625,0,0.0,0.0,^CNXENERGY
2025-12-03 13:05:00+05:30,35082.19921875,35089.3984375,35077.3984375,35085.94921875,0,0.0,0.0,^CNXENERGY
2025-12-03 13:10:00+05:30,35084.3984375,35091.55078125,35080.80078125,35088.1015625,0,0.0,0.0,^CNXENERGY
2025-12-03 13:15:00+05:30,35087.75,35093.55078125,35069.5,35074.75,0,0.0,0.0,^CNXENERGY
2025-12-03 13:20:00+05:30,35073.1015625,35075.44921875,35046.0,35052.3984375,0,0.0,0.0,^CNXENERGY
2025-12-03 13:25:00+05:30,35052.75,35079.6484375,35048.69921875,35069.3515625,0,0.0,0.0,^CNXENERGY
2025-12-03 13:30:00+05:30,35066.3515625,35083.8515625,35065.75,35080.1015625,0,0.0,0.0,^CNXENERGY
2025-12-03 13:35:00+05:30,35079.3984375,35080.05078125,35049.94921875,35056.8515625,0,0.0,0.0,^CNXENERGY
2025-12-03 13:40:00+05:30,35056.30078125,35065.8984375,35049.6015625,35065.19921875,0,0.0,0.0,^CNXENERGY
2025-12-03 13:45:00+05:30,35065.5,35069.19921875,35032.44921875,35036.19921875,0,0.0,0.0,^CNXENERGY
2025-12-03 13:50:00+05:30,35035.80078125,35052.3984375,35033.30078125,35048.30078125,0,0.0,0.0,^CNXENERGY
2025-12-03 13:55:00+05:30,35047.80078125,35057.1015625,35045.6015625,35049.75,0,0.0,0.0,^CNXENERGY
2025-12-03 14:00:00+05:30,35049.80078125,35050.8984375,35021.30078125,35034.75,0,0.0,0.0,^CNXENERGY
2025-12-03 14:05:00+05:30,35034.8515625,35097.8984375,35033.80078125,35091.19921875,0,0.0,0.0,^CNXENERGY
2025-12-03 14:10:00+05:30,35091.05078125,35109.19921875,35079.25,35098.30078125,0,0.0,0.0,^CNXENERGY
2025-12-03 14:15:00+05:30,35097.5,35102.19921875,35073.30078125,35079.55078125,0,0.0,0.0,^CNXENERGY
2025-12-03 14:20:00+05:30,35079.19921875,35082.30078125,35055.1015625,35077.75,0,0.0,0.0,^CNXENERGY
2025-12-03 14:25:00+05:30,35077.69921875,35078.30078125,35039.25,35042.80078125,0,0.0,0.0,^CNXENERGY
2025-12-03 14:30:00+05:30,35041.05078125,35055.19921875,35018.3984375,35021.6484375,0,0.0,0.0,^CNXENERGY
2025-12-03 14:35:00+05:30,35020.8984375,35027.94921875,35010.8984375,35027.94921875,0,0.0,0.0,^CNXENERGY
2025-12-03 14:40:00+05:30,35024.44921875,35038.19921875,35019.25,35036.80078125,0,0.0,0.0,^CNXENERGY
2025-12-03 14:45:00+05:30,35037.3515625,35047.1484375,35024.25,35028.3515625,0,0.0,0.0,^CNXENERGY
2025-12-03 14:50:00+05:30,35028.19921875,35029.94921875,35008.1484375,35023.94921875,0,0.0,0.0,^CNXENERGY
2025-12-03 14:55:00+05:30,35023.1484375,35034.69921875,35017.6015625,35024.69921875,0,0.0,0.0,^CNXENERGY
2025-12-03 15:00:00+05:30,35029.8984375,35081.3984375,35029.8984375,35052.5,0,0.0,0.0,^CNXENERGY
2025-12-03 15:05:00+05:30,35048.6484375,35083.1015625,35048.6015625,35082.6015625,0,0.0,0.0,^CNXENERGY
2025-12-03 15:10:00+05:30,35083.1015625,35128.94921875,35082.69921875,35121.1484375,0,0.0,0.0,^CNXENERGY
2025-12-03 15:15:00+05:30,35119.55078125,35122.69921875,35102.0,35116.1015625,0,0.0,0.0,^CNXENERGY
2025-12-03 15:20:00+05:30,35117.0,35130.55078125,35112.8515625,35126.8984375,0,0.0,0.0,^CNXENERGY
2025-12-03 15:25:00+05:30,35128.0,35132.19921875,35099.0,35112.25,0,0.0,0.0,^CNXENERGY
2025-12-04 09:15:00+05:30,35113.5,35154.6484375,35048.1015625,35061.25,0,0.0,0.0,^CNXENERGY
2025-12-04 09:20:00+05:30,35063.6015625,35089.1015625,35001.8515625,35078.19921875,0,0.0,0.0,^CNXENERGY
2025-12-04 09:25:00+05:30,35078.25,35082.25,35041.69921875,35080.3984375,0,0.0,0.0,^CNXENERGY
2025-12-04 09:30:00+05:30,35080.3984375,35119.30078125,35074.6015625,35107.80078125,0,0.0,0.0,^CNXENERGY
2025-12-04 09:35:00+05:30,35107.44921875,35138.3984375,35095.1015625,35099.1015625,0,0.0,0.0,^CNXENERGY
2025-12-04 09:40:00+05:30,35099.19921875,35127.30078125,35074.44921875,35124.8984375,0,0.0,0.0,^CNXENERGY
2025-12-04 09:45:00+05:30,35124.8515625,35131.30078125,35105.6484375,35110.30078125,0,0.0,0.0,^CNXENERGY
2025-12-04 09:50:00+05:30,35108.8984375,35145.69921875,35098.55078125,35101.75,0,0.0,0.0,^CNXENERGY
2025-12-04 09:55:00+05:30,35101.19921875,35120.55078125,35088.1015625,35117.6015625,0,0.0,0.0,^CNXENERGY
2025-12-04 10:00:00+05:30,35121.05078125,35152.19921875,35118.6484375,35137.30078125,0,0.0,0.0,^CNXENERGY
2025-12-04 10:05:00+05:30,35138.75,35156.80078125,35130.8984375,35139.0,0,0.0,0.0,^CNXENERGY
2025-12-04 10:10:00+05:30,35139.6015625,35147.1015625,35130.05078125,35135.75,0,0.0,0.0,^CNXENERGY
2025-12-04 10:15:00+05:30,35136.8984375,35164.05078125,35126.8984375,35163.94921875,0,0.0,0.0,^CNXENERGY
2025-12-04 10:20:00+05:30,35163.19921875,35179.8515625,35160.8984375,35178.0,0,0.0,0.0,^CNXENERGY
2025-12-04 10:25:00+05:30,35177.8984375,35207.1484375,35161.05078125,35207.1484375,0,0.0,0.0,^CNXENERGY
2025-12-04 10:30:00+05:30,35207.94921875,35217.0,35195.25,35198.75,0,0.0,0.0,^CNXENERGY
2025-12-04 10:35:00+05:30,35198.6484375,35201.05078125,35188.19921875,35193.3515625,0,0.0,0.0,^CNXENERGY
2025-12-04 10:40:00+05:30,35193.55078125,35195.55078125,35183.30078125,35191.3515625,0,0.0,0.0,^CNXENERGY
2025-12-04 10:45:00+05:30,35191.6484375,35201.55078125,35168.6484375,35169.19921875,0,0.0,0.0,^CNXENERGY
2025-12-04 10:50:00+05:30,35169.80078125,35170.19921875,35147.0,35149.69921875,0,0.0,0.0,^CNXENERGY
2025-12-04 10:55:00+05:30,35149.1015625,35173.6484375,35142.6015625,35164.94921875,0,0.0,0.0,^CNXENERGY
2025-12-04 11:00:00+05:30,35164.30078125,35184.80078125,35161.6015625,35181.1484375,0,0.0,0.0,^CNXENERGY
2025-12-04 11:05:00+05:30,35180.25,35182.8984375,35150.05078125,35150.8515625,0,0.0,0.0,^CNXENERGY
2025-12-04 11:10:00+05:30,35152.05078125,35159.8984375,35137.69921875,35158.44921875,0,0.0,0.0,^CNXENERGY
2025-12-04 11:15:00+05:30,35159.69921875,35159.8984375,35141.5,35142.8984375,0,0.0,0.0,^CNXENERGY
2025-12-04 11:20:00+05:30,35144.0,35145.6484375,35123.8515625,35125.3984375,0,0.0,0.0,^CNXENERGY
2025-12-04 11:25:00+05:30,35126.8515625,35133.3984375,35115.6015625,35117.3984375,0,0.0,0.0,^CNXENERGY
2025-12-04 11:30:00+05:30,35116.1015625,35124.75,35111.3515625,35119.05078125,0,0.0,0.0,^CNXENERGY
2025-12-04 11:35:00+05:30,35120.05078125,35121.6484375,35088.05078125,35091.3984375,0,0.0,0.0,^CNXENERGY
2025-12-04 11:40:00+05:30,35090.75,35100.80078125,35084.80078125,35089.0,0,0.0,0.0,^CNXENERGY
2025-12-04 11:45:00+05:30,35087.3984375,35102.05078125,35075.5,35100.0,0,0.0,0.0,^CNXENERGY
2025-12-04 11:50:00+05:30,35100.0,35100.55078125,35073.75,35076.80078125,0,0.0,0.0,^CNXENERGY
2025-12-04 11:55:00+05:30,35077.25,35091.1484375,35068.6484375,35085.94921875,0,0.0,0.0,^CNXENERGY
2025-12-04 12:00:00+05:30,35086.75,35103.1484375,35078.8984375,35101.6484375,0,0.0,0.0,^CNXENERGY
2025-12-04 12:05:00+05:30,35102.1484375,35106.3515625,35090.05078125,35097.55078125,0,0.0,0.0,^CNXENERGY
2025-12-04 12:10:00+05:30,35098.1484375,35101.1484375,35088.0,35098.6484375,0,0.0,0.0,^CNXENERGY
2025-12-04 12:15:00+05:30,35098.1015625,35098.94921875,35081.6015625,35091.6015625,0,0.0,0.0,^CNXENERGY
2025-12-04 12:20:00+05:30,35091.8515625,35096.8515625,35075.19921875,35092.5,0,0.0,0.0,^CNXENERGY
2025-12-04 12:25:00+05:30,35092.6484375,35103.30078125,35085.5,35086.69921875,0,0.0,0.0,^CNXENERGY
2025-12-04 12:30:00+05:30,35086.05078125,35098.69921875,35083.75,35096.94921875,0,0.0,0.0,^CNXENERGY
2025-12-04 12:35:00+05:30,35098.1015625,35102.44921875,35091.69921875,35094.8515625,0,0.0,0.0,^CNXENERGY
2025-12-04 12:40:00+05:30,35093.44921875,35100.30078125,35068.80078125,35070.1015625,0,0.0,0.0,^CNXENERGY
2025-12-04 12:45:00+05:30,35072.25,35072.25,35049.5,35053.05078125,0,0.0,0.0,^CNXENERGY
2025-12-04 12:50:00+05:30,35052.0,35067.5,35044.80078125,35053.30078125,0,0.0,0.0,^CNXENERGY
2025-12-04 12:55:00+05:30,35052.80078125,35080.8984375,35052.5,35065.8515625,0,0.0,0.0,^CNXENERGY
2025-12-04 13:00:00+05:30,35065.1484375,35087.6015625,35061.3515625,35084.75,0,0.0,0.0,^CNXENERGY
2025-12-04 13:05:00+05:30,35086.25,35086.25,35066.1015625,35068.5,0,0.0,0.0,^CNXENERGY
2025-12-04 13:10:00+05:30,35068.69921875,35074.3515625,35052.30078125,35074.3515625,0,0.0,0.0,^CNXENERGY
2025-12-04 13:15:00+05:30,35073.25,35075.80078125,35064.8984375,35064.8984375,0,0.0,0.0,^CNXENERGY
2025-12-04 13:25:00+05:30,35080.1484375,35080.25,35068.80078125,35070.5,0,0.0,0.0,^CNXENERGY
2025-12-04 13:30:00+05:30,35070.3515625,35080.44921875,35060.6484375,35060.6484375,0,0.0,0.0,^CNXENERGY
2025-12-04 13:35:00+05:30,35060.44921875,35060.75,35023.8984375,35031.0,0,0.0,0.0,^CNXENERGY
2025-12-04 13:40:00+05:30,35031.3515625,35032.30078125,34991.3515625,34998.55078125,0,0.0,0.0,^CNXENERGY
2025-12-04 13:45:00+05:30,34997.6015625,35019.0,34991.1015625,35016.05078125,0,0.0,0.0,^CNXENERGY
2025-12-04 13:50:00+05:30,35016.1015625,35019.75,35004.5,35005.44921875,0,0.0,0.0,^CNXENERGY
2025-12-04 13:55:00+05:30,35005.80078125,35006.0,34985.8515625,34992.30078125,0,0.0,0.0,^CNXENERGY
2025-12-04 14:00:00+05:30,34991.69921875,35014.1484375,34989.8984375,35002.6015625,0,0.0,0.0,^CNXENERGY
2025-12-04 14:05:00+05:30,35002.94921875,35018.0,34992.44921875,35013.44921875,0,0.0,0.0,^CNXENERGY
2025-12-04 14:10:00+05:30,35013.8515625,35035.55078125,35011.3515625,35020.05078125,0,0.0,0.0,^CNXENERGY
2025-12-04 14:15:00+05:30,35022.30078125,35026.3515625,35012.1015625,35014.05078125,0,0.0,0.0,^CNXENERGY
2025-12-04 14:20:00+05:30,35013.5,35021.05078125,34992.94921875,35010.3515625,0,0.0,0.0,^CNXENERGY
2025-12-04 14:25:00+05:30,35009.6484375,35016.6484375,35001.94921875,35015.1484375,0,0.0,0.0,^CNXENERGY
2025-12-04 14:30:00+05:30,35014.1484375,35037.94921875,35014.1484375,35018.30078125,0,0.0,0.0,^CNXENERGY
2025-12-04 14:35:00+05:30,35018.8984375,35030.55078125,35004.55078125,35027.05078125,0,0.0,0.0,^CNXENERGY
2025-12-04 14:40:00+05:30,35027.75,35030.3984375,34975.3515625,34975.8984375,0,0.0,0.0,^CNXENERGY
2025-12-04 14:45:00+05:30,34975.1015625,34983.25,34958.6484375,34983.1484375,0,0.0,0.0,^CNXENERGY
2025-12-04 14:50:00+05:30,34982.94921875,35010.6484375,34980.30078125,35000.75,0,0.0,0.0,^CNXENERGY
2025-12-04 14:55:00+05:30,35002.6484375,35034.75,35001.1015625,35029.5,0,0.0,0.0,^CNXENERGY
2025-12-04 15:00:00+05:30,35030.69921875,35046.6015625,35009.3984375,35013.0,0,0.0,0.0,^CNXENERGY
2025-12-04 15:05:00+05:30,35014.3515625,35035.75,35010.55078125,35023.0,0,0.0,0.0,^CNXENERGY
2025-12-04 15:10:00+05:30,35022.44921875,35029.5,35004.1015625,35005.75,0,0.0,0.0,^CNXENERGY
2025-12-04 15:15:00+05:30,35005.75,35005.75,34965.05078125,34990.25,0,0.0,0.0,^CNXENERGY
2025-12-04 15:20:00+05:30,34991.8515625,34991.8515625,34959.25,34965.25,0,0.0,0.0,^CNXENERGY
2025-12-04 15:25:00+05:30,34964.69921875,34968.80078125,34927.75,34948.80078125,0,0.0,0.0,^CNXENERGY
2025-12-05 09:15:00+05:30,34992.80078125,35016.80078125,34892.55078125,34976.69921875,0,0.0,0.0,^CNXENERGY
2025-12-05 09:20:00+05:30,34980.3984375,34997.8515625,34914.94921875,34927.6484375,0,0.0,0.0,^CNXENERGY
2025-12-05 09:25:00+05:30,34927.6484375,34944.1484375,34885.6015625,34885.6484375,0,0.0,0.0,^CNXENERGY
2025-12-05 09:30:00+05:30,34884.1015625,34884.8515625,34862.19921875,34884.30078125,0,0.0,0.0,^CNXENERGY
2025-12-05 09:35:00+05:30,34883.19921875,34888.5,34828.19921875,34852.0,0,0.0,0.0,^CNXENERGY
2025-12-05 09:40:00+05:30,34851.0,34875.0,34840.44921875,34855.25,0,0.0,0.0,^CNXENERGY
2025-12-05 09:45:00+05:30,34854.1015625,34856.55078125,34835.55078125,34847.05078125,0,0.0,0.0,^CNXENERGY
2025-12-05 09:50:00+05:30,34844.80078125,34844.80078125,34812.80078125,34814.55078125,0,0.0,0.0,^CNXENERGY
2025-12-05 09:55:00+05:30,34813.1015625,34814.8984375,34768.8984375,34780.6015625,0,0.0,0.0,^CNXENERGY
2025-12-05 10:00:00+05:30,34779.55078125,34918.30078125,34776.19921875,34907.25,0,0.0,0.0,^CNXENERGY
2025-12-05 10:05:00+05:30,34905.8984375,34916.19921875,34855.1015625,34861.30078125,0,0.0,0.0,^CNXENERGY
2025-12-05 10:10:00+05:30,34861.0,34866.94921875,34822.94921875,34866.1015625,0,0.0,0.0,^CNXENERGY
2025-12-05 10:15:00+05:30,34866.75,34919.8984375,34864.80078125,34908.1484375,0,0.0,0.0,^CNXENERGY
2025-12-05 10:20:00+05:30,34907.94921875,34916.3515625,34881.30078125,34881.30078125,0,0.0,0.0,^CNXENERGY
2025-12-05 10:25:00+05:30,34881.25,34884.30078125,34810.6015625,34812.6015625,0,0.0,0.0,^CNXENERGY
2025-12-05 10:30:00+05:30,34812.25,34836.75,34785.3984375,34824.75,0,0.0,0.0,^CNXENERGY
2025-12-05 10:35:00+05:30,34824.75,34858.55078125,34822.8515625,34842.69921875,0,0.0,0.0,^CNXENERGY
2025-12-05 10:40:00+05:30,34841.94921875,34890.44921875,34838.8515625,34887.8515625,0,0.0,0.0,^CNXENERGY
2025-12-05 10:45:00+05:30,34884.8984375,34907.25,34862.8515625,34903.69921875,0,0.0,0.0,^CNXENERGY
2025-12-05 10:50:00+05:30,34903.19921875,34952.8984375,34891.6484375,34952.19921875,0,0.0,0.0,^CNXENERGY
2025-12-05 10:55:00+05:30,34948.80078125,34968.25,34921.94921875,34927.1015625,0,0.0,0.0,^CNXENERGY
2025-12-05 11:00:00+05:30,34925.30078125,34947.6484375,34925.30078125,34943.05078125,0,0.0,0.0,^CNXENERGY
2025-12-05 11:05:00+05:30,34942.44921875,34958.3515625,34926.1484375,34956.3984375,0,0.0,0.0,^CNXENERGY
2025-12-05 11:10:00+05:30,34955.94921875,34967.80078125,34941.3984375,34950.44921875,0,0.0,0.0,^CNXENERGY
2025-12-05 11:15:00+05:30,34948.8984375,34960.3515625,34922.8515625,34930.19921875,0,0.0,0.0,^CNXENERGY
2025-12-05 11:20:00+05:30,34929.44921875,34948.25,34928.55078125,34930.30078125,0,0.0,0.0,^CNXENERGY
2025-12-05 11:25:00+05:30,34930.1015625,34936.0,34925.19921875,34929.55078125,0,0.0,0.0,^CNXENERGY
2025-12-05 11:30:00+05:30,34929.19921875,34934.55078125,34911.69921875,34915.3515625,0,0.0,0.0,^CNXENERGY
2025-12-05 11:35:00+05:30,34914.8515625,34921.05078125,34907.5,34916.05078125,0,0.0,0.0,^CNXENERGY
2025-12-05 11:40:00+05:30,34916.94921875,34918.6015625,34894.44921875,34902.05078125,0,0.0,0.0,^CNXENERGY
2025-12-05 11:45:00+05:30,34902.1015625,34915.44921875,34883.30078125,34885.94921875,0,0.0,0.0,^CNXENERGY
2025-12-05 11:50:00+05:30,34886.1015625,34899.6015625,34881.75,34886.0,0,0.0,0.0,^CNXENERGY
2025-12-05 11:55:00+05:30,34885.25,34891.8984375,34867.75,34868.55078125,0,0.0,0.0,^CNXENERGY
2025-12-05 12:00:00+05:30,34870.3515625,34878.75,34863.80078125,34878.55078125,0,0.0,0.0,^CNXENERGY
2025-12-05 12:05:00+05:30,34877.19921875,34879.3984375,34859.6484375,34873.94921875,0,0.0,0.0,^CNXENERGY
2025-12-05 12:10:00+05:30,34873.1015625,34876.19921875,34840.5,34841.1484375,0,0.0,0.0,^CNXENERGY
2025-12-05 12:15:00+05:30,34839.5,34845.75,34831.3984375,34837.3515625,0,0.0,0.0,^CNXENERGY
2025-12-05 12:20:00+05:30,34838.30078125,34851.30078125,34824.5,34850.44921875,0,0.0,0.0,^CNXENERGY
2025-12-05 12:25:00+05:30,34849.80078125,34864.1484375,34843.0,34855.44921875,0,0.0,0.0,^CNXENERGY
2025-12-05 12:30:00+05:30,34854.44921875,34873.3984375,34852.05078125,34870.3984375,0,0.0,0.0,^CNXENERGY
2025-12-05 12:35:00+05:30,34870.30078125,34887.0,34867.75,34887.0,0,0.0,0.0,^CNXENERGY
2025-12-05 12:40:00+05:30,34886.1484375,34889.55078125,34866.55078125,34877.19921875,0,0.0,0.0,^CNXENERGY
2025-12-05 12:45:00+05:30,34876.3984375,34894.19921875,34871.8984375,34892.1015625,0,0.0,0.0,^CNXENERGY
2025-12-05 12:50:00+05:30,34892.0,34932.8984375,34890.69921875,34913.8515625,0,0.0,0.0,^CNXENERGY
2025-12-05 12:55:00+05:30,34913.3515625,34925.69921875,34898.75,34906.94921875,0,0.0,0.0,^CNXENERGY
2025-12-05 13:00:00+05:30,34906.8984375,34926.05078125,34906.3515625,34909.05078125,0,0.0,0.0,^CNXENERGY
2025-12-05 13:05:00+05:30,34909.3515625,34913.3984375,34903.8515625,34906.05078125,0,0.0,0.0,^CNXENERGY
2025-12-05 13:10:00+05:30,34906.30078125,34910.8984375,34897.05078125,34899.55078125,0,0.0,0.0,^CNXENERGY
2025-12-05 13:15:00+05:30,34898.8515625,34925.80078125,34897.30078125,34923.19921875,0,0.0,0.0,^CNXENERGY
2025-12-05 13:20:00+05:30,34923.1015625,34938.0,34922.30078125,34926.94921875,0,0.0,0.0,^CNXENERGY
2025-12-05 13:25:00+05:30,34927.44921875,34955.8984375,34926.3515625,34953.0,0,0.0,0.0,^CNXENERGY
2025-12-05 13:30:00+05:30,34952.3515625,34960.8984375,34940.25,34958.80078125,0,0.0,0.0,^CNXENERGY
2025-12-05 13:35:00+05:30,34957.8515625,34976.5,34955.19921875,34969.94921875,0,0.0,0.0,^CNXENERGY
2025-12-05 13:40:00+05:30,34968.55078125,34972.6484375,34956.1015625,34967.05078125,0,0.0,0.0,^CNXENERGY
2025-12-05 13:45:00+05:30,34967.25,34975.05078125,34939.25,34939.25,0,0.0,0.0,^CNXENERGY
2025-12-05 13:50:00+05:30,34939.94921875,34959.1015625,34932.75,34936.1484375,0,0.0,0.0,^CNXENERGY
2025-12-05 13:55:00+05:30,34934.3515625,34942.44921875,34914.1484375,34918.80078125,0,0.0,0.0,^CNXENERGY
2025-12-05 14:00:00+05:30,34918.0,34939.55078125,34917.44921875,34935.1484375,0,0.0,0.0,^CNXENERGY
2025-12-05 14:05:00+05:30,34932.25,34935.1015625,34905.75,34906.6484375,0,0.0,0.0,^CNXENERGY
2025-12-05 14:10:00+05:30,34905.6484375,34951.8984375,34902.0,34933.80078125,0,0.0,0.0,^CNXENERGY
2025-12-05 14:15:00+05:30,34932.3515625,34950.1484375,34930.75,34949.0,0,0.0,0.0,^CNXENERGY
2025-12-05 14:20:00+05:30,34948.6484375,34949.94921875,34926.3515625,34930.19921875,0,0.0,0.0,^CNXENERGY
2025-12-05 14:25:00+05:30,34929.80078125,34951.8984375,34925.3515625,34945.6015625,0,0.0,0.0,^CNXENERGY
2025-12-05 14:30:00+05:30,34945.19921875,34949.19921875,34910.1015625,34911.0,0,0.0,0.0,^CNXENERGY
2025-12-05 14:35:00+05:30,34912.05078125,34928.1484375,34910.3515625,34914.1484375,0,0.0,0.0,^CNXENERGY
2025-12-05 14:40:00+05:30,34913.55078125,34917.80078125,34877.6484375,34877.6484375,0,0.0,0.0,^CNXENERGY
2025-12-05 14:45:00+05:30,34878.19921875,34879.6484375,34835.75,34859.55078125,0,0.0,0.0,^CNXENERGY
2025-12-05 14:50:00+05:30,34861.44921875,34877.05078125,34848.69921875,34857.5,0,0.0,0.0,^CNXENERGY
2025-12-05 14:55:00+05:30,34858.6015625,34880.75,34856.05078125,34867.30078125,0,0.0,0.0,^CNXENERGY
2025-12-05 15:00:00+05:30,34868.1015625,34952.1484375,34868.1015625,34949.80078125,0,0.0,0.0,^CNXENERGY
2025-12-05 15:05:00+05:30,34949.75,34976.1484375,34947.1484375,34959.75,0,0.0,0.0,^CNXENERGY
2025-12-05 15:10:00+05:30,34958.80078125,34983.80078125,34956.69921875,34970.30078125,0,0.0,0.0,^CNXENERGY
2025-12-05 15:15:00+05:30,34969.25,34999.55078125,34969.19921875,34991.3984375,0,0.0,0.0,^CNXENERGY
2025-12-05 15:20:00+05:30,34989.3984375,34996.3984375,34971.8515625,34993.25,0,0.0,0.0,^CNXENERGY
2025-12-05 15:25:00+05:30,34992.44921875,35004.6484375,34980.69921875,35003.75,0,0.0,0.0,^CNXENERGY
2025-12-08 09:15:00+05:30,34999.69921875,35031.0,34927.5,34957.94921875,0,0.0,0.0,^CNXENERGY
2025-12-08 09:20:00+05:30,34957.8984375,34983.3984375,34899.30078125,34963.05078125,0,0.0,0.0,^CNXENERGY
2025-12-08 09:25:00+05:30,34960.44921875,34973.1484375,34903.75,34929.55078125,0,0.0,0.0,^CNXENERGY
2025-12-08 09:30:00+05:30,34930.1484375,34986.6015625,34925.69921875,34950.0,0,0.0,0.0,^CNXENERGY
2025-12-08 09:35:00+05:30,34947.80078125,34951.3984375,34910.80078125,34914.1015625,0,0.0,0.0,^CNXENERGY
2025-12-08 09:40:00+05:30,34914.8984375,34939.1015625,34894.5,34917.30078125,0,0.0,0.0,^CNXENERGY
2025-12-08 09:45:00+05:30,34916.0,34916.0,34873.3515625,34882.05078125,0,0.0,0.0,^CNXENERGY
2025-12-08 09:50:00+05:30,34882.69921875,34882.69921875,34836.94921875,34843.30078125,0,0.0,0.0,^CNXENERGY
2025-12-08 09:55:00+05:30,34842.5,34844.80078125,34821.1015625,34825.75,0,0.0,0.0,^CNXENERGY
2025-12-08 10:00:00+05:30,34825.19921875,34836.1484375,34781.19921875,34783.1015625,0,0.0,0.0,^CNXENERGY
2025-12-08 10:05:00+05:30,34783.44921875,34795.8984375,34769.19921875,34786.30078125,0,0.0,0.0,^CNXENERGY
2025-12-08 10:10:00+05:30,34786.55078125,34805.5,34768.3515625,34805.5,0,0.0,0.0,^CNXENERGY
2025-12-08 10:15:00+05:30,34809.0,34827.1484375,34789.1015625,34796.75,0,0.0,0.0,^CNXENERGY
2025-12-08 10:20:00+05:30,34794.80078125,34826.69921875,34790.1484375,34802.05078125,0,0.0,0.0,^CNXENERGY
2025-12-08 10:25:00+05:30,34802.3515625,34808.8984375,34781.1015625,34808.19921875,0,0.0,0.0,^CNXENERGY
2025-12-08 10:30:00+05:30,34808.1484375,34809.0,34778.19921875,34783.25,0,0.0,0.0,^CNXENERGY
2025-12-08 10:35:00+05:30,34784.3984375,34789.55078125,34762.30078125,34780.8515625,0,0.0,0.0,^CNXENERGY
2025-12-08 10:40:00+05:30,34780.75,34795.30078125,34776.44921875,34788.8984375,0,0.0,0.0,^CNXENERGY
2025-12-08 10:45:00+05:30,34789.30078125,34795.19921875,34759.5,34764.19921875,0,0.0,0.0,^CNXENERGY
2025-12-08 10:50:00+05:30,34765.1484375,34781.80078125,34756.69921875,34779.44921875,0,0.0,0.0,^CNXENERGY
2025-12-08 10:55:00+05:30,34780.80078125,34788.8515625,34737.8515625,34738.25,0,0.0,0.0,^CNXENERGY
2025-12-08 11:00:00+05:30,34739.8515625,34741.6484375,34719.75,34725.3515625,0,0.0,0.0,^CNXENERGY
2025-12-08 11:05:00+05:30,34725.5,34725.5,34703.8515625,34714.75,0,0.0,0.0,^CNXENERGY
2025-12-08 11:10:00+05:30,34717.3515625,34722.8515625,34699.30078125,34707.30078125,0,0.0,0.0,^CNXENERGY
2025-12-08 11:15:00+05:30,34706.30078125,34709.8984375,34691.6484375,34693.75,0,0.0,0.0,^CNXENERGY
2025-12-08 11:20:00+05:30,34693.94921875,34721.75,34689.44921875,34708.30078125,0,0.0,0.0,^CNXENERGY
2025-12-08 11:25:00+05:30,34709.6484375,34725.6484375,34704.8515625,34719.25,0,0.0,0.0,^CNXENERGY
2025-12-08 11:30:00+05:30,34720.0,34720.3515625,34701.8515625,34706.8984375,0,0.0,0.0,^CNXENERGY
2025-12-08 11:35:00+05:30,34706.19921875,34706.19921875,34687.19921875,34692.8984375,0,0.0,0.0,^CNXENERGY
2025-12-08 11:40:00+05:30,34694.05078125,34702.8984375,34674.25,34698.55078125,0,0.0,0.0,^CNXENERGY
2025-12-08 11:45:00+05:30,34701.69921875,34730.25,34694.8984375,34728.1015625,0,0.0,0.0,^CNXENERGY
2025-12-08 11:50:00+05:30,34728.80078125,34729.55078125,34703.8984375,34713.1484375,0,0.0,0.0,^CNXENERGY
2025-12-08 11:55:00+05:30,34713.44921875,34715.3984375,34674.6015625,34678.44921875,0,0.0,0.0,^CNXENERGY
2025-12-08 12:00:00+05:30,34680.1015625,34680.1015625,34652.8984375,34654.19921875,0,0.0,0.0,^CNXENERGY
2025-12-08 12:05:00+05:30,34654.44921875,34654.44921875,34631.30078125,34637.94921875,0,0.0,0.0,^CNXENERGY
2025-12-08 12:10:00+05:30,34639.3984375,34640.25,34603.1484375,34608.94921875,0,0.0,0.0,^CNXENERGY
2025-12-08 12:15:00+05:30,34607.6015625,34608.8515625,34595.19921875,34604.05078125,0,0.0,0.0,^CNXENERGY
2025-12-08 12:20:00+05:30,34604.94921875,34613.44921875,34592.55078125,34604.44921875,0,0.0,0.0,^CNXENERGY
2025-12-08 12:25:00+05:30,34604.75,34608.94921875,34578.3984375,34583.8984375,0,0.0,0.0,^CNXENERGY
2025-12-08 12:30:00+05:30,34585.5,34594.8984375,34568.25,34570.94921875,0,0.0,0.0,^CNXENERGY
2025-12-08 12:35:00+05:30,34570.19921875,34572.25,34553.3984375,34557.94921875,0,0.0,0.0,^CNXENERGY
2025-12-08 12:40:00+05:30,34556.1015625,34569.25,34548.25,34551.94921875,0,0.0,0.0,^CNXENERGY
2025-12-08 12:45:00+05:30,34551.8515625,34551.8515625,34533.3515625,34544.44921875,0,0.0,0.0,^CNXENERGY
2025-12-08 12:50:00+05:30,34542.69921875,34554.8515625,34523.25,34530.8984375,0,0.0,0.0,^CNXENERGY
2025-12-08 12:55:00+05:30,34532.25,34532.25,34480.5,34489.44921875,0,0.0,0.0,^CNXENERGY
2025-12-08 13:00:00+05:30,34488.8984375,34503.80078125,34471.5,34499.30078125,0,0.0,0.0,^CNXENERGY
2025-12-08 13:05:00+05:30,34498.44921875,34510.8984375,34491.55078125,34508.3515625,0,0.0,0.0,^CNXENERGY
2025-12-08 13:10:00+05:30,34508.8515625,34535.6015625,34501.55078125,34517.94921875,0,0.0,0.0,^CNXENERGY
2025-12-08 13:15:00+05:30,34519.75,34519.75,34472.75,34478.05078125,0,0.0,0.0,^CNXENERGY
2025-12-08 13:20:00+05:30,34478.25,34478.25,34434.6015625,34439.1484375,0,0.0,0.0,^CNXENERGY
2025-12-08 13:25:00+05:30,34440.5,34440.5,34406.8984375,34416.94921875,0,0.0,0.0,^CNXENERGY
2025-12-08 13:30:00+05:30,34418.3515625,34432.6484375,34355.6484375,34372.55078125,0,0.0,0.0,^CNXENERGY
2025-12-08 13:35:00+05:30,34372.05078125,34384.6015625,34355.19921875,34376.6015625,0,0.0,0.0,^CNXENERGY
2025-12-08 13:40:00+05:30,34376.55078125,34426.80078125,34375.05078125,34415.05078125,0,0.0,0.0,^CNXENERGY
2025-12-08 13:45:00+05:30,34416.19921875,34455.8984375,34408.3984375,34447.1015625,0,0.0,0.0,^CNXENERGY
2025-12-08 13:50:00+05:30,34445.8515625,34453.80078125,34418.55078125,34426.8515625,0,0.0,0.0,^CNXENERGY
2025-12-08 13:55:00+05:30,34426.30078125,34432.25,34396.94921875,34418.0,0,0.0,0.0,^CNXENERGY
2025-12-08 14:00:00+05:30,34417.94921875,34417.94921875,34374.8515625,34398.94921875,0,0.0,0.0,^CNXENERGY
2025-12-08 14:05:00+05:30,34397.8984375,34405.05078125,34372.75,34386.55078125,0,0.0,0.0,^CNXENERGY
2025-12-08 14:10:00+05:30,34387.30078125,34410.55078125,34374.19921875,34374.69921875,0,0.0,0.0,^CNXENERGY
2025-12-08 14:15:00+05:30,34374.94921875,34404.8515625,34349.30078125,34401.80078125,0,0.0,0.0,^CNXENERGY
2025-12-08 14:20:00+05:30,34400.94921875,34402.44921875,34369.75,34376.44921875,0,0.0,0.0,^CNXENERGY
2025-12-08 14:25:00+05:30,34378.80078125,34379.1015625,34345.8515625,34370.69921875,0,0.0,0.0,^CNXENERGY
2025-12-08 14:30:00+05:30,34369.94921875,34376.05078125,34345.3515625,34346.55078125,0,0.0,0.0,^CNXENERGY
2025-12-08 14:35:00+05:30,34345.1015625,34348.1484375,34328.69921875,34332.0,0,0.0,0.0,^CNXENERGY
2025-12-08 14:40:00+05:30,34329.55078125,34346.3515625,34327.3984375,34346.3515625,0,0.0,0.0,^CNXENERGY
2025-12-08 14:45:00+05:30,34345.1015625,34373.3984375,34326.30078125,34372.80078125,0,0.0,0.0,^CNXENERGY
2025-12-08 14:50:00+05:30,34373.3515625,34426.8515625,34373.0,34390.6015625,0,0.0,0.0,^CNXENERGY
2025-12-08 14:55:00+05:30,34389.94921875,34403.6015625,34340.5,34362.3515625,0,0.0,0.0,^CNXENERGY
2025-12-08 15:00:00+05:30,34362.1484375,34468.8984375,34362.1484375,34443.05078125,0,0.0,0.0,^CNXENERGY
2025-12-08 15:05:00+05:30,34442.55078125,34492.1484375,34441.75,34481.0,0,0.0,0.0,^CNXENERGY
2025-12-08 15:10:00+05:30,34481.30078125,34490.69921875,34465.44921875,34474.1015625,0,0.0,0.0,^CNXENERGY
2025-12-08 15:15:00+05:30,34473.3515625,34475.55078125,34438.6484375,34442.6484375,0,0.0,0.0,^CNXENERGY
2025-12-08 15:20:00+05:30,34442.0,34446.19921875,34415.3984375,34431.6015625,0,0.0,0.0,^CNXENERGY
2025-12-08 15:25:00+05:30,34431.30078125,34438.3984375,34377.6015625,34388.6015625,0,0.0,0.0,^CNXENERGY
2025-12-09 09:15:00+05:30,34334.3515625,34389.25,34225.3515625,34225.3515625,0,0.0,0.0,^CNXENERGY
2025-12-09 09:20:00+05:30,34225.8515625,34248.8984375,34169.8515625,34225.75,0,0.0,0.0,^CNXENERGY
2025-12-09 09:25:00+05:30,34226.6484375,34238.05078125,34141.75,34168.5,0,0.0,0.0,^CNXENERGY
2025-12-09 09:30:00+05:30,34167.0,34167.8515625,34077.69921875,34135.69921875,0,0.0,0.0,^CNXENERGY
2025-12-09 09:35:00+05:30,34134.8515625,34151.55078125,34089.75,34103.94921875,0,0.0,0.0,^CNXENERGY
2025-12-09 09:40:00+05:30,34103.25,34137.5,34068.75,34070.1484375,0,0.0,0.0,^CNXENERGY
2025-12-09 09:45:00+05:30,34068.8515625,34106.0,34061.30078125,34099.19921875,0,0.0,0.0,^CNXENERGY
2025-12-09 09:50:00+05:30,34098.44921875,34100.94921875,34041.55078125,34047.6015625,0,0.0,0.0,^CNXENERGY
2025-12-09 09:55:00+05:30,34048.44921875,34082.44921875,34044.30078125,34065.3515625,0,0.0,0.0,^CNXENERGY
2025-12-09 10:00:00+05:30,34066.6015625,34158.19921875,34061.75,34153.1484375,0,0.0,0.0,^CNXENERGY
2025-12-09 10:05:00+05:30,34153.80078125,34297.8515625,34152.80078125,34260.6015625,0,0.0,0.0,^CNXENERGY
2025-12-09 10:10:00+05:30,34259.5,34297.30078125,34247.69921875,34283.6015625,0,0.0,0.0,^CNXENERGY
2025-12-09 10:15:00+05:30,34284.3515625,34419.0,34280.6015625,34398.5,0,0.0,0.0,^CNXENERGY
2025-12-09 10:20:00+05:30,34399.5,34422.5,34370.94921875,34419.30078125,0,0.0,0.0,^CNXENERGY
2025-12-09 10:25:00+05:30,34417.75,34429.1484375,34391.1015625,34395.19921875,0,0.0,0.0,^CNXENERGY
2025-12-09 10:30:00+05:30,34396.69921875,34400.69921875,34350.3515625,34350.69921875,0,0.0,0.0,^CNXENERGY
2025-12-09 10:35:00+05:30,34349.25,34363.0,34304.3984375,34362.55078125,0,0.0,0.0,^CNXENERGY
2025-12-09 10:40:00+05:30,34363.3984375,34386.8515625,34349.5,34375.3515625,0,0.0,0.0,^CNXENERGY
2025-12-09 10:45:00+05:30,34376.0,34386.1015625,34351.5,34355.1015625,0,0.0,0.0,^CNXENERGY
2025-12-09 10:50:00+05:30,34355.80078125,34366.55078125,34337.6015625,34364.05078125,0,0.0,0.0,^CNXENERGY
2025-12-09 10:55:00+05:30,34364.30078125,34419.19921875,34351.19921875,34418.19921875,0,0.0,0.0,^CNXENERGY
2025-12-09 11:00:00+05:30,34420.6484375,34437.30078125,34407.94921875,34415.8984375,0,0.0,0.0,^CNXENERGY
2025-12-09 11:05:00+05:30,34416.55078125,34461.25,34412.3515625,34453.44921875,0,0.0,0.0,^CNXENERGY
2025-12-09 11:10:00+05:30,34454.1015625,34506.30078125,34436.75,34491.69921875,0,0.0,0.0,^CNXENERGY
2025-12-09 11:15:00+05:30,34492.19921875,34518.94921875,34471.19921875,34511.1015625,0,0.0,0.0,^CNXENERGY
2025-12-09 11:20:00+05:30,34511.25,34516.3515625,34484.0,34498.6015625,0,0.0,0.0,^CNXENERGY
2025-12-09 11:25:00+05:30,34497.25,34523.8984375,34496.44921875,34522.0,0,0.0,0.0,^CNXENERGY
2025-12-09 11:30:00+05:30,34523.0,34539.75,34508.25,34532.94921875,0,0.0,0.0,^CNXENERGY
2025-12-09 11:35:00+05:30,34533.05078125,34539.75,34521.05078125,34537.1015625,0,0.0,0.0,^CNXENERGY
2025-12-09 11:40:00+05:30,34537.94921875,34542.44921875,34494.1484375,34494.1484375,0,0.0,0.0,^CNXENERGY
2025-12-09 11:45:00+05:30,34493.3984375,34524.3984375,34481.1015625,34509.94921875,0,0.0,0.0,^CNXENERGY
2025-12-09 11:50:00+05:30,34509.44921875,34542.25,34507.8515625,34540.25,0,0.0,0.0,^CNXENERGY
2025-12-09 11:55:00+05:30,34542.94921875,34596.44921875,34542.94921875,34588.3984375,0,0.0,0.0,^CNXENERGY
2025-12-09 12:00:00+05:30,34590.19921875,34608.5,34582.5,34604.80078125,0,0.0,0.0,^CNXENERGY
2025-12-09 12:05:00+05:30,34603.8984375,34657.25,34598.80078125,34652.6015625,0,0.0,0.0,^CNXENERGY
2025-12-09 12:10:00+05:30,34653.3515625,34685.19921875,34646.19921875,34684.5,0,0.0,0.0,^CNXENERGY
2025-12-09 12:15:00+05:30,34684.19921875,34693.0,34674.80078125,34680.6015625,0,0.0,0.0,^CNXENERGY
2025-12-09 12:20:00+05:30,34680.55078125,34718.6484375,34677.3984375,34718.6484375,0,0.0,0.0,^CNXENERGY
2025-12-09 12:25:00+05:30,34718.80078125,34725.19921875,34684.5,34690.44921875,0,0.0,0.0,^CNXENERGY
2025-12-09 12:30:00+05:30,34691.1484375,34695.55078125,34646.8515625,34653.25,0,0.0,0.0,^CNXENERGY
2025-12-09 12:35:00+05:30,34650.30078125,34670.1484375,34614.19921875,34616.0,0,0.0,0.0,^CNXENERGY
2025-12-09 12:40:00+05:30,34615.55078125,34627.69921875,34613.3984375,34620.3984375,0,0.0,0.0,^CNXENERGY
2025-12-09 12:45:00+05:30,34621.25,34643.3984375,34618.69921875,34638.25,0,0.0,0.0,^CNXENERGY
2025-12-09 12:50:00+05:30,34638.69921875,34641.94921875,34602.55078125,34604.6484375,0,0.0,0.0,^CNXENERGY
2025-12-09 12:55:00+05:30,34603.44921875,34604.6015625,34555.05078125,34585.3984375,0,0.0,0.0,^CNXENERGY
2025-12-09 13:00:00+05:30,34585.8984375,34630.3515625,34579.69921875,34629.80078125,0,0.0,0.0,^CNXENERGY
2025-12-09 13:05:00+05:30,34627.30078125,34651.3984375,34626.80078125,34645.1484375,0,0.0,0.0,^CNXENERGY
2025-12-09 13:10:00+05:30,34646.25,34654.75,34629.44921875,34632.6484375,0,0.0,0.0,^CNXENERGY
2025-12-09 13:15:00+05:30,34633.8515625,34645.8515625,34614.94921875,34630.25,0,0.0,0.0,^CNXENERGY
2025-12-09 13:20:00+05:30,34631.6484375,34639.0,34621.25,34635.1015625,0,0.0,0.0,^CNXENERGY
2025-12-09 13:25:00+05:30,34634.3515625,34672.8515625,34631.75,34669.80078125,0,0.0,0.0,^CNXENERGY
2025-12-09 13:30:00+05:30,34671.19921875,34684.1015625,34655.8515625,34678.5,0,0.0,0.0,^CNXENERGY
2025-12-09 13:35:00+05:30,34678.1015625,34688.75,34656.8515625,34688.05078125,0,0.0,0.0,^CNXENERGY
2025-12-09 13:40:00+05:30,34687.30078125,34708.5,34670.94921875,34677.69921875,0,0.0,0.0,^CNXENERGY
2025-12-09 13:45:00+05:30,34676.94921875,34694.0,34675.8984375,34691.1484375,0,0.0,0.0,^CNXENERGY
2025-12-09 13:50:00+05:30,34688.8984375,34699.5,34673.80078125,34693.3515625,0,0.0,0.0,^CNXENERGY
2025-12-09 13:55:00+05:30,34693.0,34695.69921875,34683.8984375,34694.44921875,0,0.0,0.0,^CNXENERGY
2025-12-09 14:00:00+05:30,34693.30078125,34714.8515625,34678.75,34683.3515625,0,0.0,0.0,^CNXENERGY
2025-12-09 14:05:00+05:30,34682.44921875,34708.30078125,34659.1484375,34707.3984375,0,0.0,0.0,^CNXENERGY
2025-12-09 14:10:00+05:30,34705.80078125,34721.5,34693.1484375,34699.19921875,0,0.0,0.0,^CNXENERGY
2025-12-09 14:15:00+05:30,34698.3515625,34699.3984375,34639.8984375,34644.5,0,0.0,0.0,^CNXENERGY
2025-12-09 14:20:00+05:30,34645.30078125,34648.94921875,34592.1015625,34593.94921875,0,0.0,0.0,^CNXENERGY
2025-12-09 14:25:00+05:30,34594.75,34614.30078125,34590.0,34590.0,0,0.0,0.0,^CNXENERGY
2025-12-09 14:30:00+05:30,34588.3984375,34588.6015625,34563.55078125,34573.5,0,0.0,0.0,^CNXENERGY
2025-12-09 14:35:00+05:30,34572.69921875,34592.5,34554.19921875,34582.94921875,0,0.0,0.0,^CNXENERGY
2025-12-09 14:40:00+05:30,34581.8515625,34608.1484375,34574.6015625,34574.75,0,0.0,0.0,^CNXENERGY
2025-12-09 14:45:00+05:30,34575.30078125,34576.69921875,34550.25,34568.94921875,0,0.0,0.0,^CNXENERGY
2025-12-09 14:50:00+05:30,34568.19921875,34569.6484375,34545.3984375,34546.8984375,0,0.0,0.0,^CNXENERGY
2025-12-09 14:55:00+05:30,34545.80078125,34567.44921875,34535.1484375,34567.3515625,0,0.0,0.0,^CNXENERGY
2025-12-09 15:00:00+05:30,34571.19921875,34667.30078125,34571.19921875,34661.44921875,0,0.0,0.0,^CNXENERGY
2025-12-09 15:05:00+05:30,34661.69921875,34698.44921875,34660.6484375,34666.0,0,0.0,0.0,^CNXENERGY
2025-12-09 15:10:00+05:30,34666.19921875,34681.6015625,34651.6484375,34680.5,0,0.0,0.0,^CNXENERGY
2025-12-09 15:15:00+05:30,34679.5,34689.8515625,34676.1484375,34679.8984375,0,0.0,0.0,^CNXENERGY
2025-12-09 15:20:00+05:30,34678.55078125,34679.30078125,34660.5,34670.55078125,0,0.0,0.0,^CNXENERGY
2025-12-09 15:25:00+05:30,34670.05078125,34685.1484375,34650.44921875,34670.8515625,0,0.0,0.0,^CNXENERGY
2025-12-10 09:15:00+05:30,34706.75,34828.55078125,34696.3984375,34794.80078125,0,0.0,0.0,^CNXENERGY
2025-12-10 09:20:00+05:30,34796.1015625,34798.19921875,34739.6015625,34761.8515625,0,0.0,0.0,^CNXENERGY
2025-12-10 09:25:00+05:30,34761.1484375,34833.75,34735.94921875,34829.44921875,0,0.0,0.0,^CNXENERGY
2025-12-10 09:30:00+05:30,34830.05078125,34908.0,34830.05078125,34880.25,0,0.0,0.0,^CNXENERGY
2025-12-10 09:35:00+05:30,34879.1484375,34927.55078125,34878.3515625,34911.5,0,0.0,0.0,^CNXENERGY
2025-12-10 09:40:00+05:30,34911.1015625,34920.69921875,34884.6484375,34890.55078125,0,0.0,0.0,^CNXENERGY
2025-12-10 09:45:00+05:30,34891.19921875,34895.19921875,34829.8984375,34829.8984375,0,0.0,0.0,^CNXENERGY
2025-12-10 09:50:00+05:30,34830.25,34857.19921875,34819.30078125,34845.25,0,0.0,0.0,^CNXENERGY
2025-12-10 09:55:00+05:30,34846.0,34846.3984375,34802.25,34805.30078125,0,0.0,0.0,^CNXENERGY
2025-12-10 10:00:00+05:30,34805.1484375,34837.5,34805.1484375,34832.30078125,0,0.0,0.0,^CNXENERGY
2025-12-10 10:05:00+05:30,34833.80078125,34870.25,34830.3515625,34850.1015625,0,0.0,0.0,^CNXENERGY
2025-12-10 10:10:00+05:30,34850.1484375,34864.30078125,34842.8984375,34852.6015625,0,0.0,0.0,^CNXENERGY
2025-12-10 10:15:00+05:30,34852.1484375,34882.6015625,34852.1484375,34877.19921875,0,0.0,0.0,^CNXENERGY
2025-12-10 10:20:00+05:30,34877.6015625,34917.8515625,34876.3515625,34915.6484375,0,0.0,0.0,^CNXENERGY
2025-12-10 10:25:00+05:30,34914.94921875,34945.0,34900.80078125,34902.25,0,0.0,0.0,^CNXENERGY
2025-12-10 10:30:00+05:30,34903.1484375,34944.55078125,34903.1484375,34933.8515625,0,0.0,0.0,^CNXENERGY
2025-12-10 10:35:00+05:30,34934.3515625,34942.3515625,34903.6484375,34907.6015625,0,0.0,0.0,^CNXENERGY
2025-12-10 10:40:00+05:30,34908.25,34908.5,34891.25,34905.6015625,0,0.0,0.0,^CNXENERGY
2025-12-10 10:45:00+05:30,34907.69921875,34922.1015625,34886.80078125,34890.69921875,0,0.0,0.0,^CNXENERGY
2025-12-10 10:50:00+05:30,34891.6015625,34892.3984375,34827.1015625,34828.3515625,0,0.0,0.0,^CNXENERGY
2025-12-10 10:55:00+05:30,34829.94921875,34829.94921875,34781.6484375,34781.8984375,0,0.0,0.0,^CNXENERGY
2025-12-10 11:00:00+05:30,34783.6015625,34814.8984375,34765.25,34812.19921875,0,0.0,0.0,^CNXENERGY
2025-12-10 11:05:00+05:30,34810.8984375,34824.25,34796.44921875,34823.94921875,0,0.0,0.0,^CNXENERGY
2025-12-10 11:10:00+05:30,34825.25,34845.1484375,34820.8515625,34843.30078125,0,0.0,0.0,^CNXENERGY
2025-12-10 11:15:00+05:30,34842.25,34843.44921875,34810.1015625,34820.05078125,0,0.0,0.0,^CNXENERGY
2025-12-10 11:20:00+05:30,34822.3984375,34828.25,34791.8984375,34794.75,0,0.0,0.0,^CNXENERGY
2025-12-10 11:25:00+05:30,34794.8984375,34804.6015625,34787.55078125,34790.30078125,0,0.0,0.0,^CNXENERGY
2025-12-10 11:30:00+05:30,34790.25,34809.55078125,34780.1484375,34793.5,0,0.0,0.0,^CNXENERGY
2025-12-10 11:35:00+05:30,34794.69921875,34831.25,34788.44921875,34819.25,0,0.0,0.0,^CNXENERGY
2025-12-10 11:40:00+05:30,34819.5,34842.19921875,34810.0,34811.3515625,0,0.0,0.0,^CNXENERGY
2025-12-10 11:45:00+05:30,34812.75,34813.1484375,34779.8984375,34790.25,0,0.0,0.0,^CNXENERGY
2025-12-10 11:50:00+05:30,34791.30078125,34801.19921875,34770.94921875,34781.30078125,0,0.0,0.0,^CNXENERGY
2025-12-10 11:55:00+05:30,34786.44921875,34807.5,34785.05078125,34790.75,0,0.0,0.0,^CNXENERGY
2025-12-10 12:00:00+05:30,34790.3515625,34804.80078125,34778.44921875,34802.55078125,0,0.0,0.0,^CNXENERGY
2025-12-10 12:05:00+05:30,34804.6015625,34837.69921875,34802.8984375,34802.8984375,0,0.0,0.0,^CNXENERGY
2025-12-10 12:10:00+05:30,34805.0,34806.30078125,34782.5,34795.05078125,0,0.0,0.0,^CNXENERGY
2025-12-10 12:15:00+05:30,34797.1015625,34797.1484375,34771.0,34785.44921875,0,0.0,0.0,^CNXENERGY
2025-12-10 12:20:00+05:30,34783.8515625,34799.3984375,34780.80078125,34781.19921875,0,0.0,0.0,^CNXENERGY
2025-12-10 12:25:00+05:30,34781.25,34783.25,34768.0,34771.44921875,0,0.0,0.0,^CNXENERGY
2025-12-10 12:30:00+05:30,34773.1484375,34776.44921875,34720.8515625,34722.6484375,0,0.0,0.0,^CNXENERGY
2025-12-10 12:35:00+05:30,34723.6484375,34726.5,34680.1015625,34683.6484375,0,0.0,0.0,^CNXENERGY
2025-12-10 12:40:00+05:30,34684.44921875,34692.6015625,34675.69921875,34679.19921875,0,0.0,0.0,^CNXENERGY
2025-12-10 12:45:00+05:30,34680.05078125,34699.94921875,34677.3515625,34694.30078125,0,0.0,0.0,^CNXENERGY
2025-12-10 12:50:00+05:30,34694.6484375,34723.8515625,34691.25,34714.6484375,0,0.0,0.0,^CNXENERGY
2025-12-10 12:55:00+05:30,34715.94921875,34727.30078125,34704.1015625,34709.44921875,0,0.0,0.0,^CNXENERGY
2025-12-10 13:00:00+05:30,34709.30078125,34731.19921875,34703.8515625,34724.0,0,0.0,0.0,^CNXENERGY
2025-12-10 13:05:00+05:30,34724.55078125,34740.0,34720.3984375,34735.6484375,0,0.0,0.0,^CNXENERGY
2025-12-10 13:10:00+05:30,34734.6484375,34743.6484375,34711.75,34712.75,0,0.0,0.0,^CNXENERGY
2025-12-10 13:15:00+05:30,34714.25,34754.5,34713.05078125,34754.5,0,0.0,0.0,^CNXENERGY
2025-12-10 13:20:00+05:30,34755.69921875,34766.3515625,34752.44921875,34760.8984375,0,0.0,0.0,^CNXENERGY
2025-12-10 13:25:00+05:30,34762.30078125,34770.0,34744.30078125,34766.3515625,0,0.0,0.0,^CNXENERGY
2025-12-10 13:30:00+05:30,34768.6015625,34772.3984375,34755.69921875,34769.1015625,0,0.0,0.0,^CNXENERGY
2025-12-10 13:35:00+05:30,34769.8515625,34793.55078125,34763.80078125,34767.6015625,0,0.0,0.0,^CNXENERGY
2025-12-10 13:40:00+05:30,34767.6015625,34790.44921875,34760.69921875,34761.05078125,0,0.0,0.0,^CNXENERGY
2025-12-10 13:45:00+05:30,34762.25,34770.25,34753.30078125,34755.5,0,0.0,0.0,^CNXENERGY
2025-12-10 13:50:00+05:30,34755.0,34756.1015625,34739.05078125,34749.94921875,0,0.0,0.0,^CNXENERGY
2025-12-10 13:55:00+05:30,34751.44921875,34752.05078125,34718.3984375,34722.0,0,0.0,0.0,^CNXENERGY
2025-12-10 14:00:00+05:30,34721.75,34728.05078125,34668.6015625,34675.25,0,0.0,0.0,^CNXENERGY
2025-12-10 14:05:00+05:30,34676.69921875,34685.69921875,34654.19921875,34681.44921875,0,0.0,0.0,^CNXENERGY
2025-12-10 14:10:00+05:30,34682.05078125,34689.19921875,34645.44921875,34645.75,0,0.0,0.0,^CNXENERGY
2025-12-10 14:15:00+05:30,34647.19921875,34650.55078125,34609.1015625,34609.1015625,0,0.0,0.0,^CNXENERGY
2025-12-10 14:20:00+05:30,34612.30078125,34612.30078125,34583.8515625,34594.75,0,0.0,0.0,^CNXENERGY
2025-12-10 14:25:00+05:30,34593.6015625,34599.6484375,34562.55078125,34569.80078125,0,0.0,0.0,^CNXENERGY
2025-12-10 14:30:00+05:30,34570.19921875,34655.3515625,34570.19921875,34647.5,0,0.0,0.0,^CNXENERGY
2025-12-10 14:35:00+05:30,34649.6484375,34651.30078125,34591.1015625,34611.30078125,0,0.0,0.0,^CNXENERGY
2025-12-10 14:40:00+05:30,34612.55078125,34623.75,34588.0,34591.6484375,0,0.0,0.0,^CNXENERGY
2025-12-10 14:45:00+05:30,34592.1484375,34620.1015625,34582.44921875,34617.80078125,0,0.0,0.0,^CNXENERGY
2025-12-10 14:50:00+05:30,34618.1015625,34624.5,34592.19921875,34594.30078125,0,0.0,0.0,^CNXENERGY
2025-12-10 14:55:00+05:30,34594.3984375,34630.6484375,34577.8984375,34630.6484375,0,0.0,0.0,^CNXENERGY
2025-12-10 15:00:00+05:30,34632.1484375,34695.5,34632.1484375,34653.69921875,0,0.0,0.0,^CNXENERGY
2025-12-10 15:05:00+05:30,34653.6484375,34662.3515625,34637.1015625,34656.30078125,0,0.0,0.0,^CNXENERGY
2025-12-10 15:10:00+05:30,34656.69921875,34673.0,34654.69921875,34668.05078125,0,0.0,0.0,^CNXENERGY
2025-12-10 15:15:00+05:30,34668.8515625,34679.19921875,34634.3515625,34637.25,0,0.0,0.0,^CNXENERGY
2025-12-10 15:20:00+05:30,34636.3984375,34641.19921875,34600.75,34602.8515625,0,0.0,0.0,^CNXENERGY
2025-12-10 15:25:00+05:30,34602.3515625,34613.3515625,34569.6484375,34592.44921875,0,0.0,0.0,^CNXENERGY
2025-12-11 09:15:00+05:30,34660.1484375,34668.5,34495.8515625,34527.55078125,0,0.0,0.0,^CNXENERGY
2025-12-11 09:20:00+05:30,34523.94921875,34595.19921875,34509.0,34540.3984375,0,0.0,0.0,^CNXENERGY
2025-12-11 09:25:00+05:30,34540.80078125,34604.3515625,34536.6484375,34600.94921875,0,0.0,0.0,^CNXENERGY
2025-12-11 09:30:00+05:30,34600.3984375,34606.5,34545.30078125,34564.3984375,0,0.0,0.0,^CNXENERGY
2025-12-11 09:35:00+05:30,34564.44921875,34564.44921875,34473.55078125,34473.55078125,0,0.0,0.0,^CNXENERGY
2025-12-11 09:40:00+05:30,34473.3984375,34503.5,34428.25,34487.19921875,0,0.0,0.0,^CNXENERGY
2025-12-11 09:45:00+05:30,34485.3515625,34585.1484375,34471.0,34582.94921875,0,0.0,0.0,^CNXENERGY
2025-12-11 09:50:00+05:30,34581.69921875,34581.69921875,34537.6015625,34559.94921875,0,0.0,0.0,^CNXENERGY
2025-12-11 09:55:00+05:30,34560.30078125,34575.80078125,34525.80078125,34544.94921875,0,0.0,0.0,^CNXENERGY
2025-12-11 10:00:00+05:30,34546.1484375,34580.94921875,34544.75,34579.05078125,0,0.0,0.0,^CNXENERGY
2025-12-11 10:05:00+05:30,34579.44921875,34640.30078125,34577.6015625,34631.6015625,0,0.0,0.0,^CNXENERGY
2025-12-11 10:10:00+05:30,34630.3984375,34673.75,34621.05078125,34673.75,0,0.0,0.0,^CNXENERGY
2025-12-11 10:15:00+05:30,34677.5,34702.0,34669.3984375,34687.6484375,0,0.0,0.0,^CNXENERGY
2025-12-11 10:20:00+05:30,34687.6484375,34731.25,34672.80078125,34720.94921875,0,0.0,0.0,^CNXENERGY
2025-12-11 10:25:00+05:30,34719.1484375,34738.3984375,34718.8515625,34729.8515625,0,0.0,0.0,^CNXENERGY
2025-12-11 10:30:00+05:30,34728.0,34746.55078125,34726.94921875,34733.25,0,0.0,0.0,^CNXENERGY
2025-12-11 10:35:00+05:30,34733.8515625,34739.30078125,34719.80078125,34725.69921875,0,0.0,0.0,^CNXENERGY
2025-12-11 10:40:00+05:30,34724.5,34733.5,34711.6015625,34731.80078125,0,0.0,0.0,^CNXENERGY
2025-12-11 10:45:00+05:30,34731.1015625,34737.55078125,34723.44921875,34726.19921875,0,0.0,0.0,^CNXENERGY
2025-12-11 10:50:00+05:30,34726.30078125,34739.8984375,34723.25,34723.69921875,0,0.0,0.0,^CNXENERGY
2025-12-11 10:55:00+05:30,34723.25,34723.3515625,34690.1484375,34690.3984375,0,0.0,0.0,^CNXENERGY
2025-12-11 11:00:00+05:30,34690.3515625,34705.80078125,34659.6484375,34663.30078125,0,0.0,0.0,^CNXENERGY
2025-12-11 11:05:00+05:30,34662.8984375,34683.5,34658.5,34677.55078125,0,0.0,0.0,^CNXENERGY
2025-12-11 11:10:00+05:30,34678.6015625,34712.0,34677.1015625,34696.0,0,0.0,0.0,^CNXENERGY
2025-12-11 11:15:00+05:30,34695.30078125,34709.69921875,34683.6015625,34706.6484375,0,0.0,0.0,^CNXENERGY
2025-12-11 11:20:00+05:30,34708.5,34726.94921875,34707.44921875,34708.75,0,0.0,0.0,^CNXENERGY
2025-12-11 11:25:00+05:30,34710.3515625,34712.69921875,34698.55078125,34700.25,0,0.0,0.0,^CNXENERGY
2025-12-11 11:30:00+05:30,34700.1484375,34710.1015625,34671.19921875,34672.30078125,0,0.0,0.0,^CNXENERGY
2025-12-11 11:35:00+05:30,34672.25,34678.8984375,34644.80078125,34678.19921875,0,0.0,0.0,^CNXENERGY
2025-12-11 11:40:00+05:30,34677.55078125,34691.8515625,34674.1484375,34682.0,0,0.0,0.0,^CNXENERGY
2025-12-11 11:45:00+05:30,34682.44921875,34687.94921875,34666.69921875,34678.44921875,0,0.0,0.0,^CNXENERGY
2025-12-11 11:50:00+05:30,34679.8515625,34690.1015625,34659.80078125,34688.19921875,0,0.0,0.0,^CNXENERGY
2025-12-11 11:55:00+05:30,34688.3984375,34707.05078125,34687.0,34697.94921875,0,0.0,0.0,^CNXENERGY
2025-12-11 12:00:00+05:30,34699.8984375,34758.3515625,34698.1484375,34757.80078125,0,0.0,0.0,^CNXENERGY
2025-12-11 12:05:00+05:30,34757.3984375,34771.25,34738.1015625,34771.25,0,0.0,0.0,^CNXENERGY
2025-12-11 12:10:00+05:30,34772.3515625,34786.19921875,34758.5,34768.30078125,0,0.0,0.0,^CNXENERGY
2025-12-11 12:15:00+05:30,34767.6015625,34781.55078125,34765.3984375,34770.75,0,0.0,0.0,^CNXENERGY
2025-12-11 12:20:00+05:30,34771.30078125,34777.75,34761.05078125,34771.69921875,0,0.0,0.0,^CNXENERGY
2025-12-11 12:25:00+05:30,34771.6484375,34799.44921875,34771.6484375,34778.80078125,0,0.0,0.0,^CNXENERGY
2025-12-11 12:30:00+05:30,34777.44921875,34790.0,34766.1484375,34775.94921875,0,0.0,0.0,^CNXENERGY
2025-12-11 12:35:00+05:30,34775.30078125,34786.19921875,34760.8515625,34771.05078125,0,0.0,0.0,^CNXENERGY
2025-12-11 12:40:00+05:30,34770.5,34797.3515625,34758.3984375,34797.3515625,0,0.0,0.0,^CNXENERGY
2025-12-11 12:45:00+05:30,34798.1015625,34799.25,34781.55078125,34791.19921875,0,0.0,0.0,^CNXENERGY
2025-12-11 12:50:00+05:30,34789.44921875,34796.55078125,34780.5,34794.19921875,0,0.0,0.0,^CNXENERGY
2025-12-11 12:55:00+05:30,34795.69921875,34797.55078125,34748.1015625,34751.75,0,0.0,0.0,^CNXENERGY
2025-12-11 13:00:00+05:30,34751.5,34774.69921875,34743.1484375,34746.05078125,0,0.0,0.0,^CNXENERGY
2025-12-11 13:05:00+05:30,34745.94921875,34750.1015625,34717.25,34722.44921875,0,0.0,0.0,^CNXENERGY
2025-12-11 13:10:00+05:30,34721.80078125,34728.94921875,34700.5,34726.8515625,0,0.0,0.0,^CNXENERGY
2025-12-11 13:15:00+05:30,34726.19921875,34756.6015625,34726.19921875,34747.05078125,0,0.0,0.0,^CNXENERGY
2025-12-11 13:20:00+05:30,34747.6015625,34755.75,34735.25,34749.25,0,0.0,0.0,^CNXENERGY
2025-12-11 13:25:00+05:30,34749.6015625,34764.8984375,34745.1484375,34755.1484375,0,0.0,0.0,^CNXENERGY
2025-12-11 13:30:00+05:30,34756.19921875,34791.5,34753.94921875,34782.55078125,0,0.0,0.0,^CNXENERGY
2025-12-11 13:35:00+05:30,34782.0,34784.94921875,34758.3984375,34760.8515625,0,0.0,0.0,^CNXENERGY
2025-12-11 13:40:00+05:30,34761.55078125,34771.8515625,34753.30078125,34764.05078125,0,0.0,0.0,^CNXENERGY
2025-12-11 13:45:00+05:30,34764.1484375,34791.0,34754.69921875,34787.0,0,0.0,0.0,^CNXENERGY
2025-12-11 13:50:00+05:30,34786.0,34788.19921875,34766.30078125,34779.8984375,0,0.0,0.0,^CNXENERGY
2025-12-11 13:55:00+05:30,34775.8515625,34787.0,34774.1015625,34777.19921875,0,0.0,0.0,^CNXENERGY
2025-12-11 14:00:00+05:30,34775.94921875,34778.6484375,34744.94921875,34744.94921875,0,0.0,0.0,^CNXENERGY
2025-12-11 14:05:00+05:30,34745.1484375,34769.1484375,34739.44921875,34761.5,0,0.0,0.0,^CNXENERGY
2025-12-11 14:10:00+05:30,34758.25,34768.3515625,34732.19921875,34734.44921875,0,0.0,0.0,^CNXENERGY
2025-12-11 14:15:00+05:30,34734.3515625,34747.5,34730.80078125,34743.44921875,0,0.0,0.0,^CNXENERGY
2025-12-11 14:20:00+05:30,34742.8515625,34768.3984375,34741.75,34747.6015625,0,0.0,0.0,^CNXENERGY
2025-12-11 14:25:00+05:30,34748.1484375,34782.1484375,34747.30078125,34780.69921875,0,0.0,0.0,^CNXENERGY
2025-12-11 14:30:00+05:30,34781.75,34787.0,34759.5,34764.3515625,0,0.0,0.0,^CNXENERGY
2025-12-11 14:35:00+05:30,34764.80078125,34764.80078125,34735.3984375,34736.19921875,0,0.0,0.0,^CNXENERGY
2025-12-11 14:40:00+05:30,34737.19921875,34740.1484375,34696.6015625,34701.3984375,0,0.0,0.0,^CNXENERGY
2025-12-11 14:45:00+05:30,34701.1484375,34715.1015625,34684.0,34684.0,0,0.0,0.0,^CNXENERGY
2025-12-11 14:50:00+05:30,34684.25,34707.8515625,34666.55078125,34692.1484375,0,0.0,0.0,^CNXENERGY
2025-12-11 14:55:00+05:30,34692.0,34716.6484375,34690.94921875,34715.1015625,0,0.0,0.0,^CNXENERGY
2025-12-11 15:00:00+05:30,34714.3515625,34768.80078125,34714.3515625,34751.8984375,0,0.0,0.0,^CNXENERGY
2025-12-11 15:05:00+05:30,34750.6015625,34758.8984375,34741.30078125,34754.0,0,0.0,0.0,^CNXENERGY
2025-12-11 15:10:00+05:30,34752.0,34758.25,34745.69921875,34751.55078125,0,0.0,0.0,^CNXENERGY
2025-12-11 15:15:00+05:30,34750.8984375,34766.80078125,34739.3515625,34765.5,0,0.0,0.0,^CNXENERGY
2025-12-11 15:20:00+05:30,34765.5,34769.3515625,34749.1015625,34766.75,0,0.0,0.0,^CNXENERGY
2025-12-11 15:25:00+05:30,34766.05078125,34770.55078125,34745.1484375,34764.1015625,0,0.0,0.0,^CNXENERGY
2025-12-12 09:15:00+05:30,34868.8984375,35024.75,34868.8984375,35001.80078125,0,0.0,0.0,^CNXENERGY
2025-12-12 09:20:00+05:30,34999.19921875,35041.1015625,34987.69921875,34990.0,0,0.0,0.0,^CNXENERGY
2025-12-12 09:25:00+05:30,34989.75,34989.75,34952.8515625,34957.1015625,0,0.0,0.0,^CNXENERGY
2025-12-12 09:30:00+05:30,34957.80078125,34994.55078125,34957.80078125,34984.3984375,0,0.0,0.0,^CNXENERGY
2025-12-12 09:35:00+05:30,34985.44921875,35008.69921875,34981.80078125,35000.3515625,0,0.0,0.0,^CNXENERGY
2025-12-12 09:40:00+05:30,34999.3984375,35004.3984375,34979.3515625,34996.44921875,0,0.0,0.0,^CNXENERGY
2025-12-12 09:45:00+05:30,34996.05078125,35011.1015625,34979.8515625,34994.55078125,0,0.0,0.0,^CNXENERGY
2025-12-12 09:50:00+05:30,34994.94921875,35030.3515625,34994.94921875,35029.44921875,0,0.0,0.0,^CNXENERGY
2025-12-12 09:55:00+05:30,35029.19921875,35030.8984375,34987.1484375,34987.1484375,0,0.0,0.0,^CNXENERGY
2025-12-12 10:00:00+05:30,34986.94921875,34999.80078125,34959.19921875,34965.75,0,0.0,0.0,^CNXENERGY
2025-12-12 10:05:00+05:30,34965.55078125,34971.05078125,34938.80078125,34945.1015625,0,0.0,0.0,^CNXENERGY
2025-12-12 10:10:00+05:30,34947.30078125,34958.0,34934.94921875,34955.6484375,0,0.0,0.0,^CNXENERGY
2025-12-12 10:15:00+05:30,34959.1015625,34987.6484375,34959.1015625,34985.0,0,0.0,0.0,^CNXENERGY
2025-12-12 10:20:00+05:30,34985.8984375,34990.55078125,34920.69921875,34923.8515625,0,0.0,0.0,^CNXENERGY
2025-12-12 10:25:00+05:30,34923.80078125,34941.6015625,34912.05078125,34941.1015625,0,0.0,0.0,^CNXENERGY
2025-12-12 10:30:00+05:30,34941.6484375,34966.1015625,34933.30078125,34960.05078125,0,0.0,0.0,^CNXENERGY
2025-12-12 10:35:00+05:30,34957.94921875,34962.6484375,34934.05078125,34934.8515625,0,0.0,0.0,^CNXENERGY
2025-12-12 10:40:00+05:30,34936.8984375,34937.19921875,34902.6484375,34912.3515625,0,0.0,0.0,^CNXENERGY
2025-12-12 10:45:00+05:30,34912.5,34923.55078125,34886.69921875,34888.5,0,0.0,0.0,^CNXENERGY
2025-12-12 10:50:00+05:30,34889.75,34914.0,34884.1015625,34901.19921875,0,0.0,0.0,^CNXENERGY
2025-12-12 10:55:00+05:30,34901.8984375,34913.8984375,34885.75,34890.05078125,0,0.0,0.0,^CNXENERGY
2025-12-12 11:00:00+05:30,34890.6015625,34939.5,34887.6015625,34937.8515625,0,0.0,0.0,^CNXENERGY
2025-12-12 11:05:00+05:30,34938.0,34938.44921875,34925.3515625,34932.8984375,0,0.0,0.0,^CNXENERGY
2025-12-12 11:10:00+05:30,34932.55078125,34951.5,34929.5,34934.3515625,0,0.0,0.0,^CNXENERGY
2025-12-12 11:15:00+05:30,34935.44921875,34952.05078125,34932.3515625,34950.25,0,0.0,0.0,^CNXENERGY
2025-12-12 11:20:00+05:30,34949.80078125,34966.55078125,34940.69921875,34961.75,0,0.0,0.0,^CNXENERGY
2025-12-12 11:25:00+05:30,34961.0,34971.6015625,34938.1484375,34944.8515625,0,0.0,0.0,^CNXENERGY
2025-12-12 11:30:00+05:30,34945.25,34959.25,34944.75,34954.1015625,0,0.0,0.0,^CNXENERGY
2025-12-12 11:35:00+05:30,34955.44921875,34963.19921875,34949.6484375,34955.8515625,0,0.0,0.0,^CNXENERGY
2025-12-12 11:40:00+05:30,34956.8984375,34960.44921875,34950.75,34956.05078125,0,0.0,0.0,^CNXENERGY
2025-12-12 11:45:00+05:30,34955.44921875,34968.1484375,34943.75,34945.69921875,0,0.0,0.0,^CNXENERGY
2025-12-12 11:50:00+05:30,34946.0,34970.6484375,34945.1015625,34969.3515625,0,0.0,0.0,^CNXENERGY
2025-12-12 11:55:00+05:30,34968.8984375,34980.94921875,34965.55078125,34978.69921875,0,0.0,0.0,^CNXENERGY
2025-12-12 12:00:00+05:30,34978.1484375,34999.94921875,34978.1484375,34980.1484375,0,0.0,0.0,^CNXENERGY
2025-12-12 12:05:00+05:30,34980.6484375,34981.94921875,34957.80078125,34964.3515625,0,0.0,0.0,^CNXENERGY
2025-12-12 12:10:00+05:30,34963.94921875,34966.8515625,34952.5,34963.3984375,0,0.0,0.0,^CNXENERGY
2025-12-12 12:15:00+05:30,34963.19921875,34967.8515625,34953.69921875,34967.1484375,0,0.0,0.0,^CNXENERGY
2025-12-12 12:20:00+05:30,34967.30078125,34978.80078125,34965.25,34973.55078125,0,0.0,0.0,^CNXENERGY
2025-12-12 12:25:00+05:30,34975.80078125,34998.6015625,34972.94921875,34988.55078125,0,0.0,0.0,^CNXENERGY
2025-12-12 12:30:00+05:30,34988.6484375,34998.44921875,34980.3515625,34994.55078125,0,0.0,0.0,^CNXENERGY
2025-12-12 12:35:00+05:30,34994.30078125,35000.8984375,34978.94921875,34980.6015625,0,0.0,0.0,^CNXENERGY
2025-12-12 12:40:00+05:30,34979.1015625,34990.55078125,34971.3515625,34983.1015625,0,0.0,0.0,^CNXENERGY
2025-12-12 12:45:00+05:30,34982.94921875,34982.94921875,34955.25,34956.0,0,0.0,0.0,^CNXENERGY
2025-12-12 12:50:00+05:30,34956.69921875,34976.8515625,34953.5,34976.19921875,0,0.0,0.0,^CNXENERGY
2025-12-12 12:55:00+05:30,34976.44921875,34985.3984375,34972.8984375,34974.5,0,0.0,0.0,^CNXENERGY
2025-12-12 13:00:00+05:30,34976.80078125,34987.6484375,34975.05078125,34980.69921875,0,0.0,0.0,^CNXENERGY
2025-12-12 13:05:00+05:30,34981.69921875,34990.6484375,34965.1484375,34990.6484375,0,0.0,0.0,^CNXENERGY
2025-12-12 13:10:00+05:30,34990.8984375,35006.25,34989.19921875,35004.1015625,0,0.0,0.0,^CNXENERGY
2025-12-12 13:15:00+05:30,35005.3984375,35010.19921875,34989.44921875,34991.44921875,0,0.0,0.0,^CNXENERGY
2025-12-12 13:20:00+05:30,34991.55078125,34994.25,34961.19921875,34966.6484375,0,0.0,0.0,^CNXENERGY
2025-12-12 13:25:00+05:30,34968.3515625,34970.0,34936.05078125,34946.0,0,0.0,0.0,^CNXENERGY
2025-12-12 13:30:00+05:30,34946.05078125,34949.5,34920.5,34927.0,0,0.0,0.0,^CNXENERGY
2025-12-12 13:35:00+05:30,34926.94921875,34952.1015625,34926.0,34950.75,0,0.0,0.0,^CNXENERGY
2025-12-12 13:40:00+05:30,34952.1015625,34966.69921875,34949.5,34962.1484375,0,0.0,0.0,^CNXENERGY
2025-12-12 13:45:00+05:30,34962.30078125,34983.1484375,34956.5,34982.3515625,0,0.0,0.0,^CNXENERGY
2025-12-12 13:50:00+05:30,34982.80078125,34990.30078125,34972.80078125,34977.3984375,0,0.0,0.0,^CNXENERGY
2025-12-12 13:55:00+05:30,34977.75,34984.1015625,34964.6015625,34966.1015625,0,0.0,0.0,^CNXENERGY
2025-12-12 14:00:00+05:30,34966.6484375,35000.6015625,34966.25,34999.69921875,0,0.0,0.0,^CNXENERGY
2025-12-12 14:05:00+05:30,35000.8984375,35030.6484375,34998.19921875,35030.25,0,0.0,0.0,^CNXENERGY
2025-12-12 14:10:00+05:30,35031.69921875,35036.55078125,35017.1484375,35018.80078125,0,0.0,0.0,^CNXENERGY
2025-12-12 14:15:00+05:30,35019.1484375,35020.75,35007.25,35010.69921875,0,0.0,0.0,^CNXENERGY
2025-12-12 14:20:00+05:30,35008.44921875,35011.1015625,34997.0,35002.0,0,0.0,0.0,^CNXENERGY
2025-12-12 14:25:00+05:30,35002.05078125,35004.1484375,34978.6484375,34990.30078125,0,0.0,0.0,^CNXENERGY
2025-12-12 14:30:00+05:30,34990.94921875,35001.80078125,34982.55078125,34993.05078125,0,0.0,0.0,^CNXENERGY
2025-12-12 14:35:00+05:30,34994.75,34994.75,34963.5,34967.94921875,0,0.0,0.0,^CNXENERGY
2025-12-12 14:40:00+05:30,34969.30078125,34978.75,34953.3515625,34977.75,0,0.0,0.0,^CNXENERGY
2025-12-12 14:45:00+05:30,34977.8984375,34992.80078125,34970.6015625,34983.6015625,0,0.0,0.0,^CNXENERGY
2025-12-12 14:50:00+05:30,34984.55078125,34998.05078125,34975.94921875,34989.80078125,0,0.0,0.0,^CNXENERGY
2025-12-12 14:55:00+05:30,34989.75,35013.75,34989.75,35010.30078125,0,0.0,0.0,^CNXENERGY
2025-12-12 15:00:00+05:30,35011.0,35045.1015625,35011.0,35034.8515625,0,0.0,0.0,^CNXENERGY
2025-12-12 15:05:00+05:30,35034.8515625,35062.30078125,35033.30078125,35060.1484375,0,0.0,0.0,^CNXENERGY
2025-12-12 15:10:00+05:30,35060.6015625,35070.6484375,35051.6484375,35061.3515625,0,0.0,0.0,^CNXENERGY
2025-12-12 15:15:00+05:30,35060.5,35062.25,35036.0,35037.19921875,0,0.0,0.0,^CNXENERGY
2025-12-12 15:20:00+05:30,35037.6015625,35040.3515625,35022.94921875,35035.1484375,0,0.0,0.0,^CNXENERGY
2025-12-12 15:25:00+05:30,35034.1484375,35035.80078125,35019.05078125,35030.6015625,0,0.0,0.0,^CNXENERGY
2025-12-15 09:15:00+05:30,35023.0,35026.55078125,34795.5,34795.5,0,0.0,0.0,^CNXENERGY
2025-12-15 09:20:00+05:30,34794.8515625,34835.80078125,34765.05078125,34765.1484375,0,0.0,0.0,^CNXENERGY
2025-12-15 09:25:00+05:30,34767.80078125,34787.3984375,34745.0,34763.8984375,0,0.0,0.0,^CNXENERGY
2025-12-15 09:30:00+05:30,34764.44921875,34807.80078125,34740.8984375,34747.25,0,0.0,0.0,^CNXENERGY
2025-12-15 09:35:00+05:30,34749.44921875,34756.5,34729.55078125,34740.30078125,0,0.0,0.0,^CNXENERGY
2025-12-15 09:40:00+05:30,34741.8515625,34767.8984375,34725.5,34748.3984375,0,0.0,0.0,^CNXENERGY
2025-12-15 09:45:00+05:30,34745.8515625,34767.25,34713.19921875,34765.5,0,0.0,0.0,^CNXENERGY
2025-12-15 09:50:00+05:30,34765.6015625,34804.75,34760.25,34790.3984375,0,0.0,0.0,^CNXENERGY
2025-12-15 09:55:00+05:30,34789.6484375,34835.80078125,34781.1015625,34823.0,0,0.0,0.0,^CNXENERGY
2025-12-15 10:00:00+05:30,34822.44921875,34875.8515625,34822.44921875,34866.3515625,0,0.0,0.0,^CNXENERGY
2025-12-15 10:05:00+05:30,34866.8984375,34884.44921875,34845.25,34859.1484375,0,0.0,0.0,^CNXENERGY
2025-12-15 10:10:00+05:30,34858.80078125,34861.80078125,34832.25,34847.44921875,0,0.0,0.0,^CNXENERGY
2025-12-15 10:15:00+05:30,34847.80078125,34872.75,34847.80078125,34866.1484375,0,0.0,0.0,^CNXENERGY
2025-12-15 10:20:00+05:30,34866.6484375,34901.94921875,34866.30078125,34895.6484375,0,0.0,0.0,^CNXENERGY
2025-12-15 10:25:00+05:30,34895.55078125,34913.3515625,34872.5,34910.6015625,0,0.0,0.0,^CNXENERGY
2025-12-15 10:30:00+05:30,34911.25,34915.3515625,34886.94921875,34886.94921875,0,0.0,0.0,^CNXENERGY
2025-12-15 10:35:00+05:30,34886.30078125,34892.94921875,34834.30078125,34838.6015625,0,0.0,0.0,^CNXENERGY
2025-12-15 10:40:00+05:30,34838.25,34856.69921875,34830.25,34847.80078125,0,0.0,0.0,^CNXENERGY
2025-12-15 10:45:00+05:30,34847.80078125,34876.69921875,34841.69921875,34867.1484375,0,0.0,0.0,^CNXENERGY
2025-12-15 10:50:00+05:30,34869.1015625,34876.94921875,34862.8984375,34874.1484375,0,0.0,0.0,^CNXENERGY
2025-12-15 10:55:00+05:30,34875.6484375,34898.3984375,34873.6015625,34895.05078125,0,0.0,0.0,^CNXENERGY
2025-12-15 11:00:00+05:30,34895.94921875,34929.1484375,34895.94921875,34908.69921875,0,0.0,0.0,^CNXENERGY
2025-12-15 11:05:00+05:30,34909.30078125,34920.3515625,34901.5,34903.05078125,0,0.0,0.0,^CNXENERGY
2025-12-15 11:10:00+05:30,34905.44921875,34918.80078125,34902.05078125,34910.0,0,0.0,0.0,^CNXENERGY
2025-12-15 11:15:00+05:30,34908.80078125,34919.05078125,34905.8515625,34911.1484375,0,0.0,0.0,^CNXENERGY
2025-12-15 11:20:00+05:30,34911.8984375,34913.94921875,34889.8984375,34906.8515625,0,0.0,0.0,^CNXENERGY
2025-12-15 11:25:00+05:30,34906.8984375,34936.55078125,34905.5,34929.19921875,0,0.0,0.0,^CNXENERGY
2025-12-15 11:30:00+05:30,34928.6484375,34932.1484375,34886.0,34888.1484375,0,0.0,0.0,^CNXENERGY
2025-12-15 11:35:00+05:30,34888.30078125,34896.94921875,34879.1015625,34891.80078125,0,0.0,0.0,^CNXENERGY
2025-12-15 11:40:00+05:30,34890.19921875,34895.3515625,34876.1484375,34883.94921875,0,0.0,0.0,^CNXENERGY
2025-12-15 11:45:00+05:30,34883.94921875,34913.80078125,34883.6484375,34911.05078125,0,0.0,0.0,^CNXENERGY
2025-12-15 11:50:00+05:30,34911.6015625,34961.30078125,34910.1015625,34933.6015625,0,0.0,0.0,^CNXENERGY
2025-12-15 11:55:00+05:30,34935.05078125,34950.25,34931.3984375,34940.8984375,0,0.0,0.0,^CNXENERGY
2025-12-15 12:00:00+05:30,34942.0,34947.6015625,34937.75,34938.1484375,0,0.0,0.0,^CNXENERGY
2025-12-15 12:05:00+05:30,34938.3515625,34941.05078125,34923.05078125,34932.30078125,0,0.0,0.0,^CNXENERGY
2025-12-15 12:10:00+05:30,34934.0,34953.8984375,34928.8515625,34946.80078125,0,0.0,0.0,^CNXENERGY
2025-12-15 12:15:00+05:30,34947.6484375,34957.3515625,34939.8984375,34939.8984375,0,0.0,0.0,^CNXENERGY
2025-12-15 12:20:00+05:30,34940.8984375,34963.75,34940.8984375,34951.05078125,0,0.0,0.0,^CNXENERGY
2025-12-15 12:25:00+05:30,34950.05078125,34958.80078125,34947.05078125,34954.69921875,0,0.0,0.0,^CNXENERGY
2025-12-15 12:30:00+05:30,34952.0,34957.25,34937.75,34948.8515625,0,0.0,0.0,^CNXENERGY
2025-12-15 12:35:00+05:30,34947.69921875,34953.8984375,34933.8515625,34940.80078125,0,0.0,0.0,^CNXENERGY
2025-12-15 12:40:00+05:30,34940.30078125,34944.69921875,34932.1484375,34935.8515625,0,0.0,0.0,^CNXENERGY
2025-12-15 12:45:00+05:30,34935.55078125,34937.3515625,34926.6015625,34933.44921875,0,0.0,0.0,^CNXENERGY
2025-12-15 12:50:00+05:30,34931.94921875,34953.6484375,34931.94921875,34946.94921875,0,0.0,0.0,^CNXENERGY
2025-12-15 12:55:00+05:30,34947.19921875,34957.3515625,34933.1484375,34956.1015625,0,0.0,0.0,^CNXENERGY
2025-12-15 13:00:00+05:30,34957.6484375,34963.19921875,34947.5,34958.8984375,0,0.0,0.0,^CNXENERGY
2025-12-15 13:05:00+05:30,34958.19921875,34966.5,34952.69921875,34954.19921875,0,0.0,0.0,^CNXENERGY
2025-12-15 13:10:00+05:30,34955.0,34987.5,34954.44921875,34986.6484375,0,0.0,0.0,^CNXENERGY
2025-12-15 13:15:00+05:30,34989.94921875,35002.1015625,34971.44921875,34973.05078125,0,0.0,0.0,^CNXENERGY
2025-12-15 13:20:00+05:30,34972.0,34982.3515625,34966.8515625,34982.3515625,0,0.0,0.0,^CNXENERGY
2025-12-15 13:25:00+05:30,34982.1484375,34984.94921875,34966.3515625,34973.3984375,0,0.0,0.0,^CNXENERGY
2025-12-15 13:30:00+05:30,34973.8515625,34977.6015625,34964.30078125,34974.69921875,0,0.0,0.0,^CNXENERGY
2025-12-15 13:35:00+05:30,34973.55078125,34976.44921875,34961.6015625,34968.25,0,0.0,0.0,^CNXENERGY
2025-12-15 13:40:00+05:30,34968.1484375,34975.1015625,34958.1015625,34963.1015625,0,0.0,0.0,^CNXENERGY
2025-12-15 13:45:00+05:30,34963.05078125,34970.1015625,34956.75,34967.19921875,0,0.0,0.0,^CNXENERGY
2025-12-15 13:50:00+05:30,34967.3984375,34969.94921875,34955.3984375,34966.69921875,0,0.0,0.0,^CNXENERGY
2025-12-15 13:55:00+05:30,34966.69921875,34969.69921875,34954.05078125,34955.80078125,0,0.0,0.0,^CNXENERGY
2025-12-15 14:00:00+05:30,34956.25,34984.05078125,34955.19921875,34974.8515625,0,0.0,0.0,^CNXENERGY
2025-12-15 14:05:00+05:30,34975.6015625,34979.30078125,34948.3515625,34948.8984375,0,0.0,0.0,^CNXENERGY
2025-12-15 14:10:00+05:30,34949.1484375,34961.80078125,34928.1015625,34960.5,0,0.0,0.0,^CNXENERGY
2025-12-15 14:15:00+05:30,34961.30078125,34967.3984375,34949.6015625,34954.05078125,0,0.0,0.0,^CNXENERGY
2025-12-15 14:20:00+05:30,34955.8984375,34978.0,34951.19921875,34967.6015625,0,0.0,0.0,^CNXENERGY
2025-12-15 14:25:00+05:30,34968.05078125,34973.69921875,34962.69921875,34964.8515625,0,0.0,0.0,^CNXENERGY
2025-12-15 14:30:00+05:30,34965.94921875,34977.80078125,34965.94921875,34976.5,0,0.0,0.0,^CNXENERGY
2025-12-15 14:35:00+05:30,34977.94921875,34982.3984375,34966.3515625,34970.8984375,0,0.0,0.0,^CNXENERGY
2025-12-15 14:40:00+05:30,34970.94921875,35005.0,34968.25,35005.0,0,0.0,0.0,^CNXENERGY
2025-12-15 14:45:00+05:30,35003.75,35023.0,34989.44921875,34991.55078125,0,0.0,0.0,^CNXENERGY
2025-12-15 14:50:00+05:30,34991.6015625,35002.05078125,34991.1015625,34995.25,0,0.0,0.0,^CNXENERGY
2025-12-15 14:55:00+05:30,34995.75,35014.6484375,34993.94921875,35010.8515625,0,0.0,0.0,^CNXENERGY
2025-12-15 15:00:00+05:30,35010.6015625,35049.1484375,35010.6015625,35025.6015625,0,0.0,0.0,^CNXENERGY
2025-12-15 15:05:00+05:30,35025.75,35042.55078125,35021.75,35041.3984375,0,0.0,0.0,^CNXENERGY
2025-12-15 15:10:00+05:30,35042.25,35047.3515625,35028.8984375,35035.3515625,0,0.0,0.0,^CNXENERGY
2025-12-15 15:15:00+05:30,35036.8515625,35049.30078125,35033.30078125,35038.1015625,0,0.0,0.0,^CNXENERGY
2025-12-15 15:20:00+05:30,35038.0,35039.19921875,35018.3515625,35024.3984375,0,0.0,0.0,^CNXENERGY
2025-12-15 15:25:00+05:30,35026.19921875,35029.25,34996.44921875,35006.3984375,0,0.0,0.0,^CNXENERGY
2025-12-16 09:15:00+05:30,34946.8515625,34954.80078125,34892.69921875,34914.6015625,0,0.0,0.0,^CNXENERGY
2025-12-16 09:20:00+05:30,34916.19921875,34933.3984375,34899.0,34906.1015625,0,0.0,0.0,^CNXENERGY
2025-12-16 09:25:00+05:30,34905.3984375,34913.05078125,34883.25,34891.30078125,0,0.0,0.0,^CNXENERGY
2025-12-16 09:30:00+05:30,34892.1484375,34892.1484375,34857.30078125,34874.0,0,0.0,0.0,^CNXENERGY
2025-12-16 09:35:00+05:30,34874.30078125,34874.6484375,34839.1015625,34854.44921875,0,0.0,0.0,^CNXENERGY
2025-12-16 09:40:00+05:30,34853.75,34895.05078125,34852.30078125,34877.1484375,0,0.0,0.0,^CNXENERGY
2025-12-16 09:45:00+05:30,34877.44921875,34904.75,34861.55078125,34891.05078125,0,0.0,0.0,^CNXENERGY
2025-12-16 09:50:00+05:30,34891.44921875,34901.3984375,34880.6484375,34889.5,0,0.0,0.0,^CNXENERGY
2025-12-16 09:55:00+05:30,34889.1484375,34893.1484375,34824.1484375,34827.80078125,0,0.0,0.0,^CNXENERGY
2025-12-16 10:00:00+05:30,34827.55078125,34829.19921875,34792.3984375,34805.1015625,0,0.0,0.0,^CNXENERGY
2025-12-16 10:05:00+05:30,34804.1015625,34840.19921875,34798.19921875,34824.25,0,0.0,0.0,^CNXENERGY
2025-12-16 10:10:00+05:30,34825.6484375,34830.55078125,34808.1484375,34828.3515625,0,0.0,0.0,^CNXENERGY
2025-12-16 10:15:00+05:30,34828.44921875,34837.1484375,34817.1015625,34831.25,0,0.0,0.0,^CNXENERGY
2025-12-16 10:20:00+05:30,34832.6484375,34834.8984375,34820.0,34820.44921875,0,0.0,0.0,^CNXENERGY
2025-12-16 10:25:00+05:30,34822.6015625,34826.8515625,34805.1484375,34810.19921875,0,0.0,0.0,^CNXENERGY
2025-12-16 10:30:00+05:30,34811.1484375,34822.94921875,34806.05078125,34810.55078125,0,0.0,0.0,^CNXENERGY
2025-12-16 10:35:00+05:30,34810.94921875,34810.94921875,34793.0,34795.8984375,0,0.0,0.0,^CNXENERGY
2025-12-16 10:40:00+05:30,34796.05078125,34819.19921875,34796.0,34809.3515625,0,0.0,0.0,^CNXENERGY
2025-12-16 10:45:00+05:30,34809.55078125,34819.3984375,34807.3984375,34808.44921875,0,0.0,0.0,^CNXENERGY
2025-12-16 10:50:00+05:30,34808.6484375,34815.69921875,34807.30078125,34812.0,0,0.0,0.0,^CNXENERGY
2025-12-16 10:55:00+05:30,34811.80078125,34817.94921875,34796.3984375,34809.8984375,0,0.0,0.0,^CNXENERGY
2025-12-16 11:00:00+05:30,34808.94921875,34812.1484375,34791.6015625,34797.6484375,0,0.0,0.0,^CNXENERGY
2025-12-16 11:05:00+05:30,34797.8515625,34830.8984375,34795.25,34820.8984375,0,0.0,0.0,^CNXENERGY
2025-12-16 11:10:00+05:30,34820.8515625,34825.6484375,34814.25,34815.25,0,0.0,0.0,^CNXENERGY
2025-12-16 11:15:00+05:30,34815.25,34818.94921875,34799.94921875,34807.69921875,0,0.0,0.0,^CNXENERGY
2025-12-16 11:20:00+05:30,34808.8515625,34824.30078125,34800.55078125,34808.05078125,0,0.0,0.0,^CNXENERGY
2025-12-16 11:25:00+05:30,34808.25,34811.0,34799.05078125,34803.94921875,0,0.0,0.0,^CNXENERGY
2025-12-16 11:30:00+05:30,34805.94921875,34811.55078125,34768.55078125,34771.3984375,0,0.0,0.0,^CNXENERGY
2025-12-16 11:35:00+05:30,34773.5,34774.8984375,34754.05078125,34769.1015625,0,0.0,0.0,^CNXENERGY
2025-12-16 11:40:00+05:30,34769.25,34771.44921875,34752.94921875,34756.30078125,0,0.0,0.0,^CNXENERGY
2025-12-16 11:45:00+05:30,34758.25,34760.80078125,34744.44921875,34749.1484375,0,0.0,0.0,^CNXENERGY
2025-12-16 11:50:00+05:30,34749.1015625,34763.8515625,34746.44921875,34760.6015625,0,0.0,0.0,^CNXENERGY
2025-12-16 11:55:00+05:30,34760.0,34760.44921875,34730.30078125,34732.0,0,0.0,0.0,^CNXENERGY
2025-12-16 12:00:00+05:30,34733.8984375,34735.3984375,34713.55078125,34729.6484375,0,0.0,0.0,^CNXENERGY
2025-12-16 12:05:00+05:30,34730.80078125,34758.3984375,34729.1015625,34749.1015625,0,0.0,0.0,^CNXENERGY
2025-12-16 12:10:00+05:30,34751.80078125,34751.80078125,34730.6484375,34735.25,0,0.0,0.0,^CNXENERGY
2025-12-16 12:15:00+05:30,34735.5,34747.0,34729.55078125,34747.0,0,0.0,0.0,^CNXENERGY
2025-12-16 12:20:00+05:30,34747.8984375,34763.80078125,34743.75,34753.8984375,0,0.0,0.0,^CNXENERGY
2025-12-16 12:25:00+05:30,34754.94921875,34771.5,34750.19921875,34767.3984375,0,0.0,0.0,^CNXENERGY
2025-12-16 12:30:00+05:30,34767.05078125,34769.3515625,34747.75,34751.6484375,0,0.0,0.0,^CNXENERGY
2025-12-16 12:35:00+05:30,34751.75,34752.75,34718.6015625,34723.19921875,0,0.0,0.0,^CNXENERGY
2025-12-16 12:40:00+05:30,34724.30078125,34740.1015625,34722.3515625,34731.19921875,0,0.0,0.0,^CNXENERGY
2025-12-16 12:45:00+05:30,34731.6015625,34732.0,34710.3515625,34714.3984375,0,0.0,0.0,^CNXENERGY
2025-12-16 12:50:00+05:30,34714.19921875,34728.44921875,34708.8984375,34721.30078125,0,0.0,0.0,^CNXENERGY
2025-12-16 12:55:00+05:30,34720.80078125,34728.25,34713.19921875,34726.25,0,0.0,0.0,^CNXENERGY
2025-12-16 13:00:00+05:30,34725.05078125,34726.44921875,34711.80078125,34714.44921875,0,0.0,0.0,^CNXENERGY
2025-12-16 13:05:00+05:30,34715.8515625,34723.05078125,34710.19921875,34719.80078125,0,0.0,0.0,^CNXENERGY
2025-12-16 13:10:00+05:30,34720.25,34746.19921875,34717.75,34731.8515625,0,0.0,0.0,^CNXENERGY
2025-12-16 13:15:00+05:30,34731.30078125,34738.0,34710.05078125,34720.19921875,0,0.0,0.0,^CNXENERGY
2025-12-16 13:20:00+05:30,34721.55078125,34726.19921875,34701.1015625,34712.8515625,0,0.0,0.0,^CNXENERGY
2025-12-16 13:25:00+05:30,34713.3984375,34720.80078125,34704.19921875,34715.05078125,0,0.0,0.0,^CNXENERGY
2025-12-16 13:30:00+05:30,34717.1015625,34743.25,34711.3984375,34742.0,0,0.0,0.0,^CNXENERGY
2025-12-16 13:35:00+05:30,34741.8515625,34769.44921875,34739.3984375,34768.1015625,0,0.0,0.0,^CNXENERGY
2025-12-16 13:40:00+05:30,34767.80078125,34788.1015625,34758.80078125,34764.44921875,0,0.0,0.0,^CNXENERGY
2025-12-16 13:45:00+05:30,34765.19921875,34797.1015625,34762.44921875,34793.25,0,0.0,0.0,^CNXENERGY
2025-12-16 13:50:00+05:30,34793.55078125,34801.1484375,34771.0,34781.6015625,0,0.0,0.0,^CNXENERGY
2025-12-16 13:55:00+05:30,34781.25,34787.30078125,34742.25,34743.8984375,0,0.0,0.0,^CNXENERGY
2025-12-16 14:00:00+05:30,34744.25,34745.44921875,34729.05078125,34735.75,0,0.0,0.0,^CNXENERGY
2025-12-16 14:05:00+05:30,34735.55078125,34745.55078125,34726.75,34734.6484375,0,0.0,0.0,^CNXENERGY
2025-12-16 14:10:00+05:30,34735.1484375,34737.19921875,34716.69921875,34718.0,0,0.0,0.0,^CNXENERGY
2025-12-16 14:15:00+05:30,34718.8515625,34731.44921875,34696.30078125,34697.5,0,0.0,0.0,^CNXENERGY
2025-12-16 14:20:00+05:30,34696.6484375,34705.30078125,34686.30078125,34696.75,0,0.0,0.0,^CNXENERGY
2025-12-16 14:25:00+05:30,34698.0,34700.25,34681.1484375,34685.5,0,0.0,0.0,^CNXENERGY
2025-12-16 14:30:00+05:30,34686.94921875,34703.3984375,34678.3984375,34681.1015625,0,0.0,0.0,^CNXENERGY
2025-12-16 14:35:00+05:30,34684.5,34711.55078125,34680.55078125,34709.0,0,0.0,0.0,^CNXENERGY
2025-12-16 14:40:00+05:30,34711.0,34728.80078125,34704.25,34723.6015625,0,0.0,0.0,^CNXENERGY
2025-12-16 14:45:00+05:30,34724.6484375,34743.69921875,34712.80078125,34736.94921875,0,0.0,0.0,^CNXENERGY
2025-12-16 14:50:00+05:30,34739.30078125,34771.1015625,34734.69921875,34766.55078125,0,0.0,0.0,^CNXENERGY
2025-12-16 14:55:00+05:30,34770.3515625,34780.55078125,34754.19921875,34778.05078125,0,0.0,0.0,^CNXENERGY
2025-12-16 15:00:00+05:30,34778.19921875,34825.3984375,34778.19921875,34792.1015625,0,0.0,0.0,^CNXENERGY
2025-12-16 15:05:00+05:30,34794.25,34794.94921875,34776.19921875,34784.30078125,0,0.0,0.0,^CNXENERGY
2025-12-16 15:10:00+05:30,34780.80078125,34790.44921875,34770.6015625,34780.44921875,0,0.0,0.0,^CNXENERGY
2025-12-16 15:15:00+05:30,34781.25,34793.05078125,34748.44921875,34748.94921875,0,0.0,0.0,^CNXENERGY
2025-12-16 15:20:00+05:30,34749.1484375,34753.80078125,34717.75,34739.1015625,0,0.0,0.0,^CNXENERGY
2025-12-16 15:25:00+05:30,34742.3515625,34750.55078125,34712.19921875,34724.80078125,0,0.0,0.0,^CNXENERGY
2025-12-17 09:15:00+05:30,34807.8515625,34812.94921875,34734.94921875,34786.25,0,0.0,0.0,^CNXENERGY
2025-12-17 09:20:00+05:30,34785.05078125,34877.8515625,34776.75,34871.44921875,0,0.0,0.0,^CNXENERGY
2025-12-17 09:25:00+05:30,34870.30078125,34903.30078125,34861.1015625,34883.1015625,0,0.0,0.0,^CNXENERGY
2025-12-17 09:30:00+05:30,34883.1484375,34919.80078125,34858.44921875,34919.0,0,0.0,0.0,^CNXENERGY
2025-12-17 09:35:00+05:30,34916.6015625,34941.69921875,34913.6484375,34915.30078125,0,0.0,0.0,^CNXENERGY
2025-12-17 09:40:00+05:30,34915.6484375,34921.5,34851.0,34866.3984375,0,0.0,0.0,^CNXENERGY
2025-12-17 09:45:00+05:30,34865.55078125,34881.6484375,34841.6015625,34846.0,0,0.0,0.0,^CNXENERGY
2025-12-17 09:50:00+05:30,34845.25,34861.80078125,34829.3984375,34861.6484375,0,0.0,0.0,^CNXENERGY
2025-12-17 09:55:00+05:30,34861.44921875,34894.5,34855.3984375,34890.05078125,0,0.0,0.0,^CNXENERGY
2025-12-17 10:00:00+05:30,34889.8984375,34900.1015625,34835.0,34838.30078125,0,0.0,0.0,^CNXENERGY
2025-12-17 10:05:00+05:30,34839.8515625,34844.1484375,34808.0,34830.05078125,0,0.0,0.0,^CNXENERGY
2025-12-17 10:10:00+05:30,34831.75,34832.55078125,34814.0,34822.44921875,0,0.0,0.0,^CNXENERGY
2025-12-17 10:15:00+05:30,34821.69921875,34851.8515625,34820.3984375,34847.19921875,0,0.0,0.0,^CNXENERGY
2025-12-17 10:20:00+05:30,34847.1484375,34848.8515625,34811.8984375,34814.6015625,0,0.0,0.0,^CNXENERGY
2025-12-17 10:25:00+05:30,34813.3515625,34813.3515625,34772.8515625,34773.94921875,0,0.0,0.0,^CNXENERGY
2025-12-17 10:30:00+05:30,34773.19921875,34803.0,34769.1484375,34788.6484375,0,0.0,0.0,^CNXENERGY
2025-12-17 10:35:00+05:30,34788.1015625,34788.5,34754.8984375,34771.19921875,0,0.0,0.0,^CNXENERGY
2025-12-17 10:40:00+05:30,34770.3984375,34778.80078125,34756.80078125,34763.6015625,0,0.0,0.0,^CNXENERGY
2025-12-17 10:45:00+05:30,34764.5,34808.55078125,34757.44921875,34802.6015625,0,0.0,0.0,^CNXENERGY
2025-12-17 10:50:00+05:30,34803.1015625,34803.55078125,34772.3984375,34775.1015625,0,0.0,0.0,^CNXENERGY
2025-12-17 10:55:00+05:30,34773.05078125,34781.1015625,34749.94921875,34781.1015625,0,0.0,0.0,^CNXENERGY
2025-12-17 11:00:00+05:30,34779.44921875,34807.3515625,34779.44921875,34790.25,0,0.0,0.0,^CNXENERGY
2025-12-17 11:05:00+05:30,34790.0,34822.5,34788.0,34822.3515625,0,0.0,0.0,^CNXENERGY
2025-12-17 11:10:00+05:30,34821.8984375,34840.8515625,34818.6484375,34840.6015625,0,0.0,0.0,^CNXENERGY
2025-12-17 11:15:00+05:30,34840.80078125,34854.75,34835.8984375,34838.0,0,0.0,0.0,^CNXENERGY
2025-12-17 11:20:00+05:30,34838.1484375,34838.5,34820.8984375,34829.6484375,0,0.0,0.0,^CNXENERGY
2025-12-17 11:25:00+05:30,34829.80078125,34832.3984375,34816.30078125,34823.5,0,0.0,0.0,^CNXENERGY
2025-12-17 11:30:00+05:30,34824.6015625,34826.1484375,34806.1484375,34815.6015625,0,0.0,0.0,^CNXENERGY
2025-12-17 11:35:00+05:30,34816.5,34834.44921875,34814.5,34831.94921875,0,0.0,0.0,^CNXENERGY
2025-12-17 11:40:00+05:30,34832.30078125,34853.5,34830.6015625,34842.0,0,0.0,0.0,^CNXENERGY
2025-12-17 11:45:00+05:30,34841.69921875,34855.0,34837.44921875,34850.55078125,0,0.0,0.0,^CNXENERGY
2025-12-17 11:50:00+05:30,34852.0,34861.5,34829.8984375,34836.0,0,0.0,0.0,^CNXENERGY
2025-12-17 11:55:00+05:30,34834.25,34836.3984375,34805.3984375,34810.44921875,0,0.0,0.0,^CNXENERGY
2025-12-17 12:00:00+05:30,34808.94921875,34811.80078125,34791.6015625,34792.3984375,0,0.0,0.0,^CNXENERGY
2025-12-17 12:05:00+05:30,34792.69921875,34798.6015625,34772.8515625,34772.8984375,0,0.0,0.0,^CNXENERGY
2025-12-17 12:10:00+05:30,34774.69921875,34797.55078125,34773.69921875,34786.05078125,0,0.0,0.0,^CNXENERGY
2025-12-17 12:15:00+05:30,34786.05078125,34803.19921875,34783.8984375,34799.0,0,0.0,0.0,^CNXENERGY
2025-12-17 12:20:00+05:30,34798.55078125,34810.69921875,34787.25,34789.1484375,0,0.0,0.0,^CNXENERGY
2025-12-17 12:25:00+05:30,34789.1015625,34795.05078125,34782.69921875,34785.75,0,0.0,0.0,^CNXENERGY
2025-12-17 12:30:00+05:30,34785.8984375,34799.44921875,34783.30078125,34798.1015625,0,0.0,0.0,^CNXENERGY
2025-12-17 12:35:00+05:30,34798.75,34805.94921875,34767.19921875,34771.19921875,0,0.0,0.0,^CNXENERGY
2025-12-17 12:40:00+05:30,34770.8515625,34775.55078125,34763.1015625,34766.25,0,0.0,0.0,^CNXENERGY
2025-12-17 12:45:00+05:30,34766.55078125,34772.8984375,34757.19921875,34759.25,0,0.0,0.0,^CNXENERGY
2025-12-17 12:50:00+05:30,34760.55078125,34768.80078125,34737.0,34738.44921875,0,0.0,0.0,^CNXENERGY
2025-12-17 12:55:00+05:30,34740.0,34741.80078125,34731.6484375,34732.44921875,0,0.0,0.0,^CNXENERGY
2025-12-17 13:00:00+05:30,34734.44921875,34750.94921875,34733.30078125,34748.44921875,0,0.0,0.0,^CNXENERGY
2025-12-17 13:05:00+05:30,34748.1015625,34768.5,34747.94921875,34749.25,0,0.0,0.0,^CNXENERGY
2025-12-17 13:10:00+05:30,34751.0,34753.1015625,34731.75,34731.75,0,0.0,0.0,^CNXENERGY
2025-12-17 13:15:00+05:30,34732.3984375,34735.25,34722.05078125,34734.19921875,0,0.0,0.0,^CNXENERGY
2025-12-17 13:20:00+05:30,34733.1484375,34746.80078125,34728.19921875,34745.30078125,0,0.0,0.0,^CNXENERGY
2025-12-17 13:25:00+05:30,34745.44921875,34759.8984375,34743.3984375,34745.6015625,0,0.0,0.0,^CNXENERGY
2025-12-17 13:30:00+05:30,34747.75,34750.1484375,34729.6015625,34732.6484375,0,0.0,0.0,^CNXENERGY
2025-12-17 13:35:00+05:30,34732.0,34732.1484375,34707.75,34714.0,0,0.0,0.0,^CNXENERGY
2025-12-17 13:40:00+05:30,34716.0,34718.75,34706.3515625,34711.25,0,0.0,0.0,^CNXENERGY
2025-12-17 13:45:00+05:30,34711.3984375,34731.75,34710.80078125,34724.80078125,0,0.0,0.0,^CNXENERGY
2025-12-17 13:50:00+05:30,34726.55078125,34732.0,34721.80078125,34731.3515625,0,0.0,0.0,^CNXENERGY
2025-12-17 13:55:00+05:30,34730.80078125,34730.80078125,34698.80078125,34710.6015625,0,0.0,0.0,^CNXENERGY
2025-12-17 14:00:00+05:30,34710.19921875,34715.25,34700.1484375,34713.0,0,0.0,0.0,^CNXENERGY
2025-12-17 14:05:00+05:30,34713.6484375,34731.6484375,34713.1015625,34718.3515625,0,0.0,0.0,^CNXENERGY
2025-12-17 14:10:00+05:30,34719.8515625,34720.44921875,34699.30078125,34716.69921875,0,0.0,0.0,^CNXENERGY
2025-12-17 14:15:00+05:30,34716.3515625,34755.55078125,34713.8984375,34753.3515625,0,0.0,0.0,^CNXENERGY
2025-12-17 14:20:00+05:30,34753.30078125,34759.6484375,34714.3515625,34715.6484375,0,0.0,0.0,^CNXENERGY
2025-12-17 14:25:00+05:30,34716.19921875,34718.94921875,34694.1015625,34697.69921875,0,0.0,0.0,^CNXENERGY
2025-12-17 14:30:00+05:30,34699.55078125,34718.05078125,34697.8515625,34716.80078125,0,0.0,0.0,^CNXENERGY
2025-12-17 14:35:00+05:30,34716.8984375,34722.75,34659.94921875,34664.19921875,0,0.0,0.0,^CNXENERGY
2025-12-17 14:40:00+05:30,34665.19921875,34681.8515625,34655.19921875,34679.6484375,0,0.0,0.0,^CNXENERGY
2025-12-17 14:45:00+05:30,34677.3984375,34715.8515625,34673.94921875,34703.3984375,0,0.0,0.0,^CNXENERGY
2025-12-17 14:50:00+05:30,34703.8984375,34715.3515625,34689.5,34708.25,0,0.0,0.0,^CNXENERGY
2025-12-17 14:55:00+05:30,34710.6484375,34725.19921875,34689.80078125,34717.3984375,0,0.0,0.0,^CNXENERGY
2025-12-17 15:00:00+05:30,34717.6484375,34789.55078125,34717.6484375,34757.8984375,0,0.0,0.0,^CNXENERGY
2025-12-17 15:05:00+05:30,34758.44921875,34768.1484375,34744.8984375,34746.5,0,0.0,0.0,^CNXENERGY
2025-12-17 15:10:00+05:30,34745.69921875,34758.3984375,34745.69921875,34753.0,0,0.0,0.0,^CNXENERGY
2025-12-17 15:15:00+05:30,34752.25,34753.8515625,34723.6484375,34725.05078125,0,0.0,0.0,^CNXENERGY
2025-12-17 15:20:00+05:30,34724.55078125,34732.55078125,34715.75,34725.69921875,0,0.0,0.0,^CNXENERGY
2025-12-17 15:25:00+05:30,34726.44921875,34730.3984375,34692.19921875,34701.94921875,0,0.0,0.0,^CNXENERGY
2025-12-18 09:15:00+05:30,34623.69921875,34626.3984375,34584.5,34608.3984375,0,0.0,0.0,^CNXENERGY
2025-12-18 09:20:00+05:30,34607.6015625,34614.05078125,34567.25,34589.55078125,0,0.0,0.0,^CNXENERGY
2025-12-18 09:25:00+05:30,34591.1015625,34606.3515625,34551.8984375,34558.1484375,0,0.0,0.0,^CNXENERGY
2025-12-18 09:30:00+05:30,34557.6484375,34569.3984375,34512.3515625,34519.6484375,0,0.0,0.0,^CNXENERGY
2025-12-18 09:35:00+05:30,34520.1484375,34520.19921875,34476.75,34480.94921875,0,0.0,0.0,^CNXENERGY
2025-12-18 09:40:00+05:30,34480.3984375,34480.44921875,34426.55078125,34427.25,0,0.0,0.0,^CNXENERGY
2025-12-18 09:45:00+05:30,34425.80078125,34426.8984375,34403.8984375,34409.75,0,0.0,0.0,^CNXENERGY
2025-12-18 09:50:00+05:30,34409.69921875,34424.30078125,34388.30078125,34415.80078125,0,0.0,0.0,^CNXENERGY
2025-12-18 09:55:00+05:30,34414.1015625,34420.0,34389.3515625,34391.3515625,0,0.0,0.0,^CNXENERGY
2025-12-18 10:00:00+05:30,34391.55078125,34392.05078125,34350.94921875,34362.25,0,0.0,0.0,^CNXENERGY
2025-12-18 10:05:00+05:30,34362.25,34421.6484375,34350.44921875,34421.6484375,0,0.0,0.0,^CNXENERGY
2025-12-18 10:10:00+05:30,34421.6484375,34444.3515625,34403.0,34424.19921875,0,0.0,0.0,^CNXENERGY
2025-12-18 10:15:00+05:30,34424.30078125,34481.3515625,34411.94921875,34481.3515625,0,0.0,0.0,^CNXENERGY
2025-12-18 10:20:00+05:30,34481.8984375,34509.30078125,34466.75,34494.0,0,0.0,0.0,^CNXENERGY
2025-12-18 10:25:00+05:30,34494.05078125,34495.75,34471.80078125,34478.44921875,0,0.0,0.0,^CNXENERGY
2025-12-18 10:30:00+05:30,34481.69921875,34531.3984375,34480.30078125,34530.1484375,0,0.0,0.0,^CNXENERGY
2025-12-18 10:35:00+05:30,34530.8984375,34532.19921875,34488.55078125,34495.94921875,0,0.0,0.0,^CNXENERGY
2025-12-18 10:40:00+05:30,34496.25,34513.30078125,34489.94921875,34498.30078125,0,0.0,0.0,^CNXENERGY
2025-12-18 10:45:00+05:30,34499.25,34525.30078125,34492.69921875,34493.3984375,0,0.0,0.0,^CNXENERGY
2025-12-18 10:50:00+05:30,34495.05078125,34495.05078125,34459.5,34484.19921875,0,0.0,0.0,^CNXENERGY
2025-12-18 10:55:00+05:30,34482.44921875,34497.80078125,34474.8515625,34497.05078125,0,0.0,0.0,^CNXENERGY
2025-12-18 11:00:00+05:30,34494.80078125,34496.69921875,34455.19921875,34457.05078125,0,0.0,0.0,^CNXENERGY
2025-12-18 11:05:00+05:30,34457.25,34464.8984375,34446.25,34456.3515625,0,0.0,0.0,^CNXENERGY
2025-12-18 11:10:00+05:30,34456.3984375,34456.3984375,34425.30078125,34430.75,0,0.0,0.0,^CNXENERGY
2025-12-18 11:15:00+05:30,34431.19921875,34432.19921875,34412.75,34422.69921875,0,0.0,0.0,^CNXENERGY
2025-12-18 11:20:00+05:30,34423.1015625,34470.3515625,34422.3984375,34469.0,0,0.0,0.0,^CNXENERGY
2025-12-18 11:25:00+05:30,34473.05078125,34473.80078125,34445.1015625,34455.80078125,0,0.0,0.0,^CNXENERGY
2025-12-18 11:30:00+05:30,34456.69921875,34476.1015625,34455.5,34468.75,0,0.0,0.0,^CNXENERGY
2025-12-18 11:35:00+05:30,34468.55078125,34470.6484375,34457.30078125,34462.6015625,0,0.0,0.0,^CNXENERGY
2025-12-18 11:40:00+05:30,34463.3515625,34468.1015625,34449.8515625,34463.55078125,0,0.0,0.0,^CNXENERGY
2025-12-18 11:45:00+05:30,34462.75,34475.6015625,34449.44921875,34471.3515625,0,0.0,0.0,^CNXENERGY
2025-12-18 11:50:00+05:30,34469.8515625,34510.1484375,34466.19921875,34501.6484375,0,0.0,0.0,^CNXENERGY
2025-12-18 11:55:00+05:30,34505.05078125,34527.75,34501.1015625,34520.30078125,0,0.0,0.0,^CNXENERGY
2025-12-18 12:00:00+05:30,34520.0,34525.25,34502.3515625,34507.6484375,0,0.0,0.0,^CNXENERGY
2025-12-18 12:05:00+05:30,34506.8515625,34513.6484375,34500.1484375,34512.75,0,0.0,0.0,^CNXENERGY
2025-12-18 12:10:00+05:30,34513.1015625,34529.25,34509.3984375,34520.80078125,0,0.0,0.0,^CNXENERGY
2025-12-18 12:15:00+05:30,34522.0,34532.1484375,34512.0,34516.8515625,0,0.0,0.0,^CNXENERGY
2025-12-18 12:20:00+05:30,34517.55078125,34528.75,34508.1484375,34508.1484375,0,0.0,0.0,^CNXENERGY
2025-12-18 12:25:00+05:30,34507.55078125,34517.80078125,34500.30078125,34517.1484375,0,0.0,0.0,^CNXENERGY
2025-12-18 12:30:00+05:30,34519.3984375,34533.94921875,34518.5,34531.30078125,0,0.0,0.0,^CNXENERGY
2025-12-18 12:35:00+05:30,34531.1015625,34547.3515625,34522.3984375,34542.69921875,0,0.0,0.0,^CNXENERGY
2025-12-18 12:40:00+05:30,34544.05078125,34563.3515625,34534.30078125,34551.8515625,0,0.0,0.0,^CNXENERGY
2025-12-18 12:45:00+05:30,34553.30078125,34566.1015625,34546.3984375,34550.55078125,0,0.0,0.0,^CNXENERGY
2025-12-18 12:50:00+05:30,34551.94921875,34556.25,34520.6484375,34528.75,0,0.0,0.0,^CNXENERGY
2025-12-18 12:55:00+05:30,34528.75,34534.3984375,34517.69921875,34521.05078125,0,0.0,0.0,^CNXENERGY
2025-12-18 13:00:00+05:30,34521.5,34536.30078125,34518.69921875,34528.6015625,0,0.0,0.0,^CNXENERGY
2025-12-18 13:05:00+05:30,34526.0,34541.6015625,34522.3984375,34533.25,0,0.0,0.0,^CNXENERGY
2025-12-18 13:10:00+05:30,34535.0,34538.6015625,34519.1484375,34521.0,0,0.0,0.0,^CNXENERGY
2025-12-18 13:15:00+05:30,34520.30078125,34526.8984375,34512.55078125,34520.55078125,0,0.0,0.0,^CNXENERGY
2025-12-18 13:20:00+05:30,34521.75,34527.8984375,34513.1015625,34524.8515625,0,0.0,0.0,^CNXENERGY
2025-12-18 13:25:00+05:30,34525.3984375,34532.05078125,34521.1484375,34522.30078125,0,0.0,0.0,^CNXENERGY
2025-12-18 13:30:00+05:30,34523.80078125,34524.94921875,34481.5,34485.6484375,0,0.0,0.0,^CNXENERGY
2025-12-18 13:35:00+05:30,34485.1015625,34489.3984375,34475.8515625,34485.69921875,0,0.0,0.0,^CNXENERGY
2025-12-18 13:40:00+05:30,34486.75,34489.1015625,34469.1484375,34477.25,0,0.0,0.0,^CNXENERGY
2025-12-18 13:45:00+05:30,34475.3984375,34483.5,34468.6484375,34471.8515625,0,0.0,0.0,^CNXENERGY
2025-12-18 13:50:00+05:30,34474.30078125,34496.6484375,34469.69921875,34491.19921875,0,0.0,0.0,^CNXENERGY
2025-12-18 13:55:00+05:30,34491.6015625,34494.1484375,34459.1484375,34466.30078125,0,0.0,0.0,^CNXENERGY
2025-12-18 14:00:00+05:30,34468.6484375,34470.94921875,34448.8515625,34454.94921875,0,0.0,0.0,^CNXENERGY
2025-12-18 14:05:00+05:30,34456.30078125,34456.44921875,34430.19921875,34433.5,0,0.0,0.0,^CNXENERGY
2025-12-18 14:10:00+05:30,34432.3984375,34433.0,34411.0,34414.8515625,0,0.0,0.0,^CNXENERGY
2025-12-18 14:15:00+05:30,34415.1015625,34425.05078125,34404.3984375,34410.8515625,0,0.0,0.0,^CNXENERGY
2025-12-18 14:20:00+05:30,34414.19921875,34414.8984375,34381.75,34383.44921875,0,0.0,0.0,^CNXENERGY
2025-12-18 14:25:00+05:30,34383.3984375,34395.3984375,34376.8984375,34394.05078125,0,0.0,0.0,^CNXENERGY
2025-12-18 14:30:00+05:30,34396.69921875,34475.3515625,34394.25,34439.05078125,0,0.0,0.0,^CNXENERGY
2025-12-18 14:35:00+05:30,34441.55078125,34442.75,34407.0,34407.0,0,0.0,0.0,^CNXENERGY
2025-12-18 14:40:00+05:30,34408.75,34409.19921875,34390.6015625,34397.5,0,0.0,0.0,^CNXENERGY
2025-12-18 14:45:00+05:30,34396.8984375,34420.1015625,34393.69921875,34403.30078125,0,0.0,0.0,^CNXENERGY
2025-12-18 14:50:00+05:30,34403.8984375,34410.69921875,34377.69921875,34395.8515625,0,0.0,0.0,^CNXENERGY
2025-12-18 14:55:00+05:30,34396.75,34418.3984375,34389.80078125,34401.3515625,0,0.0,0.0,^CNXENERGY
2025-12-18 15:00:00+05:30,34401.19921875,34487.6484375,34401.1015625,34482.6015625,0,0.0,0.0,^CNXENERGY
2025-12-18 15:05:00+05:30,34481.80078125,34490.44921875,34467.80078125,34486.05078125,0,0.0,0.0,^CNXENERGY
2025-12-18 15:10:00+05:30,34488.3515625,34501.55078125,34472.19921875,34476.1484375,0,0.0,0.0,^CNXENERGY
2025-12-18 15:15:00+05:30,34474.25,34475.8984375,34457.5,34460.30078125,0,0.0,0.0,^CNXENERGY
2025-12-18 15:20:00+05:30,34458.75,34463.0,34449.30078125,34461.25,0,0.0,0.0,^CNXENERGY
2025-12-18 15:25:00+05:30,34462.6484375,34470.3515625,34442.75,34465.1484375,0,0.0,0.0,^CNXENERGY
2025-12-19 09:15:00+05:30,34522.94921875,34615.44921875,34518.69921875,34599.8515625,0,0.0,0.0,^CNXENERGY
2025-12-19 09:20:00+05:30,34599.80078125,34638.1484375,34583.8984375,34614.5,0,0.0,0.0,^CNXENERGY
2025-12-19 09:25:00+05:30,34613.6015625,34656.8984375,34598.8984375,34656.69921875,0,0.0,0.0,^CNXENERGY
2025-12-19 09:30:00+05:30,34657.30078125,34680.44921875,34657.25,34670.3984375,0,0.0,0.0,^CNXENERGY
2025-12-19 09:35:00+05:30,34670.3984375,34675.80078125,34635.1015625,34640.30078125,0,0.0,0.0,^CNXENERGY
2025-12-19 09:40:00+05:30,34641.1484375,34641.1484375,34620.8515625,34625.94921875,0,0.0,0.0,^CNXENERGY
2025-12-19 09:45:00+05:30,34625.05078125,34667.5,34625.05078125,34627.3984375,0,0.0,0.0,^CNXENERGY
2025-12-19 09:50:00+05:30,34626.94921875,34642.1015625,34604.80078125,34614.94921875,0,0.0,0.0,^CNXENERGY
2025-12-19 09:55:00+05:30,34615.5,34615.6015625,34599.80078125,34602.5,0,0.0,0.0,^CNXENERGY
2025-12-19 10:00:00+05:30,34601.8984375,34611.3984375,34591.5,34592.69921875,0,0.0,0.0,^CNXENERGY
2025-12-19 10:05:00+05:30,34591.6484375,34593.44921875,34551.8984375,34568.6484375,0,0.0,0.0,^CNXENERGY
2025-12-19 10:10:00+05:30,34570.25,34573.8984375,34537.1484375,34551.94921875,0,0.0,0.0,^CNXENERGY
2025-12-19 10:15:00+05:30,34552.05078125,34570.80078125,34545.8984375,34568.3515625,0,0.0,0.0,^CNXENERGY
2025-12-19 10:20:00+05:30,34566.3515625,34581.94921875,34542.8984375,34575.6484375,0,0.0,0.0,^CNXENERGY
2025-12-19 10:25:00+05:30,34576.19921875,34592.6015625,34564.75,34578.25,0,0.0,0.0,^CNXENERGY
2025-12-19 10:30:00+05:30,34578.05078125,34585.1015625,34559.19921875,34559.55078125,0,0.0,0.0,^CNXENERGY
2025-12-19 10:35:00+05:30,34559.25,34568.1015625,34546.8984375,34566.75,0,0.0,0.0,^CNXENERGY
2025-12-19 10:40:00+05:30,34565.75,34614.25,34565.75,34611.75,0,0.0,0.0,^CNXENERGY
2025-12-19 10:45:00+05:30,34612.3984375,34625.75,34605.3984375,34607.69921875,0,0.0,0.0,^CNXENERGY
2025-12-19 10:50:00+05:30,34608.44921875,34635.05078125,34608.19921875,34626.80078125,0,0.0,0.0,^CNXENERGY
2025-12-19 10:55:00+05:30,34624.30078125,34627.80078125,34605.1015625,34605.1015625,0,0.0,0.0,^CNXENERGY
2025-12-19 11:00:00+05:30,34604.8515625,34615.30078125,34576.6484375,34579.0,0,0.0,0.0,^CNXENERGY
2025-12-19 11:05:00+05:30,34577.80078125,34590.30078125,34565.3984375,34589.3515625,0,0.0,0.0,^CNXENERGY
2025-12-19 11:10:00+05:30,34589.30078125,34612.94921875,34589.30078125,34611.3515625,0,0.0,0.0,^CNXENERGY
2025-12-19 11:15:00+05:30,34611.3515625,34639.19921875,34610.05078125,34630.3984375,0,0.0,0.0,^CNXENERGY
2025-12-19 11:20:00+05:30,34631.1484375,34635.94921875,34614.1484375,34618.6484375,0,0.0,0.0,^CNXENERGY
2025-12-19 11:25:00+05:30,34620.0,34621.5,34573.1015625,34574.19921875,0,0.0,0.0,^CNXENERGY
2025-12-19 11:30:00+05:30,34576.44921875,34585.1015625,34566.0,34581.25,0,0.0,0.0,^CNXENERGY
2025-12-19 11:35:00+05:30,34580.94921875,34599.94921875,34576.05078125,34579.6484375,0,0.0,0.0,^CNXENERGY
2025-12-19 11:40:00+05:30,34579.6484375,34580.94921875,34550.3984375,34551.3515625,0,0.0,0.0,^CNXENERGY
2025-12-19 11:45:00+05:30,34551.0,34573.80078125,34542.8984375,34568.25,0,0.0,0.0,^CNXENERGY
2025-12-19 11:50:00+05:30,34568.1484375,34580.55078125,34565.94921875,34578.69921875,0,0.0,0.0,^CNXENERGY
2025-12-19 11:55:00+05:30,34578.75,34602.8515625,34577.25,34600.0,0,0.0,0.0,^CNXENERGY
2025-12-19 12:00:00+05:30,34600.1015625,34626.8984375,34596.75,34610.75,0,0.0,0.0,^CNXENERGY
2025-12-19 12:05:00+05:30,34610.3984375,34634.25,34597.75,34632.55078125,0,0.0,0.0,^CNXENERGY
2025-12-19 12:10:00+05:30,34632.8515625,34634.75,34613.1015625,34615.6015625,0,0.0,0.0,^CNXENERGY
2025-12-19 12:15:00+05:30,34615.0,34619.6015625,34600.6484375,34601.69921875,0,0.0,0.0,^CNXENERGY
2025-12-19 12:20:00+05:30,34600.80078125,34611.25,34589.3984375,34589.3984375,0,0.0,0.0,^CNXENERGY
2025-12-19 12:25:00+05:30,34590.1015625,34602.44921875,34588.5,34596.1015625,0,0.0,0.0,^CNXENERGY
2025-12-19 12:30:00+05:30,34596.3515625,34642.44921875,34596.0,34641.69921875,0,0.0,0.0,^CNXENERGY
2025-12-19 12:35:00+05:30,34641.6484375,34644.55078125,34625.0,34636.44921875,0,0.0,0.0,^CNXENERGY
2025-12-19 12:40:00+05:30,34636.3515625,34642.25,34618.6484375,34620.8515625,0,0.0,0.0,^CNXENERGY
2025-12-19 12:45:00+05:30,34621.6484375,34628.6484375,34611.6484375,34615.3515625,0,0.0,0.0,^CNXENERGY
2025-12-19 12:50:00+05:30,34614.6015625,34615.55078125,34602.05078125,34610.8984375,0,0.0,0.0,^CNXENERGY
2025-12-19 12:55:00+05:30,34610.6015625,34626.1484375,34605.80078125,34614.44921875,0,0.0,0.0,^CNXENERGY
2025-12-19 13:00:00+05:30,34613.25,34616.6015625,34607.75,34611.55078125,0,0.0,0.0,^CNXENERGY
2025-12-19 13:05:00+05:30,34611.25,34615.19921875,34589.8515625,34592.3515625,0,0.0,0.0,^CNXENERGY
2025-12-19 13:10:00+05:30,34593.05078125,34605.30078125,34585.8984375,34605.30078125,0,0.0,0.0,^CNXENERGY
2025-12-19 13:15:00+05:30,34605.6484375,34640.0,34601.3984375,34637.6015625,0,0.0,0.0,^CNXENERGY
2025-12-19 13:20:00+05:30,34637.5,34658.3984375,34635.44921875,34657.0,0,0.0,0.0,^CNXENERGY
2025-12-19 13:25:00+05:30,34655.25,34665.80078125,34652.25,34657.44921875,0,0.0,0.0,^CNXENERGY
2025-12-19 13:30:00+05:30,34656.80078125,34675.55078125,34653.6484375,34672.30078125,0,0.0,0.0,^CNXENERGY
2025-12-19 13:35:00+05:30,34672.0,34676.6015625,34651.19921875,34652.80078125,0,0.0,0.0,^CNXENERGY
2025-12-19 13:40:00+05:30,34653.69921875,34669.6015625,34644.0,34668.6484375,0,0.0,0.0,^CNXENERGY
2025-12-19 13:45:00+05:30,34668.3984375,34687.1015625,34668.3984375,34678.6484375,0,0.0,0.0,^CNXENERGY
2025-12-19 13:50:00+05:30,34677.5,34683.1015625,34669.1015625,34669.1015625,0,0.0,0.0,^CNXENERGY
2025-12-19 13:55:00+05:30,34670.1015625,34681.8984375,34660.19921875,34676.75,0,0.0,0.0,^CNXENERGY
2025-12-19 14:00:00+05:30,34677.8515625,34691.75,34676.80078125,34686.1484375,0,0.0,0.0,^CNXENERGY
2025-12-19 14:05:00+05:30,34686.80078125,34708.25,34685.0,34706.1015625,0,0.0,0.0,^CNXENERGY
2025-12-19 14:10:00+05:30,34707.5,34717.44921875,34698.5,34715.6015625,0,0.0,0.0,^CNXENERGY
2025-12-19 14:15:00+05:30,34716.30078125,34737.5,34716.30078125,34736.3515625,0,0.0,0.0,^CNXENERGY
2025-12-19 14:20:00+05:30,34734.94921875,34749.3515625,34733.1484375,34745.5,0,0.0,0.0,^CNXENERGY
2025-12-19 14:25:00+05:30,34745.55078125,34751.80078125,34715.1015625,34718.30078125,0,0.0,0.0,^CNXENERGY
2025-12-19 14:30:00+05:30,34718.6015625,34736.6015625,34715.55078125,34721.3984375,0,0.0,0.0,^CNXENERGY
2025-12-19 14:35:00+05:30,34721.25,34742.6484375,34715.5,34742.19921875,0,0.0,0.0,^CNXENERGY
2025-12-19 14:40:00+05:30,34744.8984375,34766.5,34735.80078125,34761.8515625,0,0.0,0.0,^CNXENERGY
2025-12-19 14:45:00+05:30,34762.3984375,34798.94921875,34757.3984375,34797.80078125,0,0.0,0.0,^CNXENERGY
2025-12-19 14:50:00+05:30,34794.8984375,34795.75,34748.30078125,34769.1015625,0,0.0,0.0,^CNXENERGY
2025-12-19 14:55:00+05:30,34768.94921875,34783.75,34755.80078125,34763.75,0,0.0,0.0,^CNXENERGY
2025-12-19 15:00:00+05:30,34764.0,34806.6484375,34764.0,34790.05078125,0,0.0,0.0,^CNXENERGY
2025-12-19 15:05:00+05:30,34789.3984375,34822.55078125,34786.3984375,34817.3984375,0,0.0,0.0,^CNXENERGY
2025-12-19 15:10:00+05:30,34817.94921875,34820.3515625,34799.94921875,34806.55078125,0,0.0,0.0,^CNXENERGY
2025-12-19 15:15:00+05:30,34806.80078125,34807.8515625,34791.19921875,34804.8984375,0,0.0,0.0,^CNXENERGY
2025-12-19 15:20:00+05:30,34804.3515625,34814.44921875,34799.3984375,34804.3515625,0,0.0,0.0,^CNXENERGY
2025-12-19 15:25:00+05:30,34804.55078125,34815.05078125,34762.80078125,34773.3515625,0,0.0,0.0,^CNXENERGY
2025-12-22 09:15:00+05:30,34910.30078125,34995.1015625,34902.80078125,34980.3984375,0,0.0,0.0,^CNXENERGY
2025-12-22 09:20:00+05:30,34980.1484375,35032.1015625,34980.1484375,35015.1484375,0,0.0,0.0,^CNXENERGY
2025-12-22 09:25:00+05:30,35014.8515625,35041.5,34999.6484375,35020.69921875,0,0.0,0.0,^CNXENERGY
2025-12-22 09:30:00+05:30,35019.75,35025.6484375,34988.44921875,34993.1015625,0,0.0,0.0,^CNXENERGY
2025-12-22 09:35:00+05:30,34991.80078125,34998.30078125,34948.80078125,34956.3515625,0,0.0,0.0,^CNXENERGY
2025-12-22 09:40:00+05:30,34956.8984375,34999.69921875,34952.55078125,34995.0,0,0.0,0.0,^CNXENERGY
2025-12-22 09:45:00+05:30,34995.05078125,35000.94921875,34963.25,34965.69921875,0,0.0,0.0,^CNXENERGY
2025-12-22 09:50:00+05:30,34964.6015625,34982.5,34962.8515625,34979.05078125,0,0.0,0.0,^CNXENERGY
2025-12-22 09:55:00+05:30,34979.80078125,35013.19921875,34978.5,35009.94921875,0,0.0,0.0,^CNXENERGY
2025-12-22 10:00:00+05:30,35009.25,35017.05078125,34992.80078125,35014.0,0,0.0,0.0,^CNXENERGY
2025-12-22 10:05:00+05:30,35015.3515625,35016.30078125,34976.1484375,34978.19921875,0,0.0,0.0,^CNXENERGY
2025-12-22 10:10:00+05:30,34977.75,34979.80078125,34956.25,34971.80078125,0,0.0,0.0,^CNXENERGY
2025-12-22 10:15:00+05:30,34970.8984375,34986.19921875,34969.30078125,34975.3515625,0,0.0,0.0,^CNXENERGY
2025-12-22 10:20:00+05:30,34972.0,34978.1484375,34960.55078125,34975.5,0,0.0,0.0,^CNXENERGY
2025-12-22 10:25:00+05:30,34976.05078125,34983.30078125,34958.1484375,34967.1015625,0,0.0,0.0,^CNXENERGY
2025-12-22 10:30:00+05:30,34966.6015625,34986.19921875,34958.6015625,34986.19921875,0,0.0,0.0,^CNXENERGY
2025-12-22 10:35:00+05:30,34985.80078125,34988.19921875,34968.44921875,34975.94921875,0,0.0,0.0,^CNXENERGY
2025-12-22 10:40:00+05:30,34972.8515625,34974.30078125,34955.69921875,34963.25,0,0.0,0.0,^CNXENERGY
2025-12-22 10:45:00+05:30,34963.80078125,34982.3984375,34962.05078125,34982.05078125,0,0.0,0.0,^CNXENERGY
2025-12-22 10:50:00+05:30,34981.6484375,35004.8515625,34979.94921875,35002.1484375,0,0.0,0.0,^CNXENERGY
2025-12-22 10:55:00+05:30,35001.30078125,35010.25,34997.44921875,35008.44921875,0,0.0,0.0,^CNXENERGY
2025-12-22 11:00:00+05:30,35008.30078125,35017.25,35003.3515625,35006.3984375,0,0.0,0.0,^CNXENERGY
2025-12-22 11:05:00+05:30,35006.80078125,35017.6484375,34997.3515625,35010.1015625,0,0.0,0.0,^CNXENERGY
2025-12-22 11:10:00+05:30,35009.3984375,35013.55078125,34998.8984375,35000.69921875,0,0.0,0.0,^CNXENERGY
2025-12-22 11:15:00+05:30,35002.1015625,35002.1015625,34987.0,34987.3984375,0,0.0,0.0,^CNXENERGY
2025-12-22 11:20:00+05:30,34987.80078125,34988.80078125,34977.0,34980.3515625,0,0.0,0.0,^CNXENERGY
2025-12-22 11:25:00+05:30,34980.8984375,35011.69921875,34979.75,35010.1484375,0,0.0,0.0,^CNXENERGY
2025-12-22 11:30:00+05:30,35011.69921875,35013.25,34999.25,35013.19921875,0,0.0,0.0,^CNXENERGY
2025-12-22 11:35:00+05:30,35013.19921875,35031.0,35010.6484375,35016.5,0,0.0,0.0,^CNXENERGY
2025-12-22 11:40:00+05:30,35016.19921875,35026.6015625,35010.3515625,35024.6484375,0,0.0,0.0,^CNXENERGY
2025-12-22 11:45:00+05:30,35024.6484375,35033.25,35017.30078125,35031.3515625,0,0.0,0.0,^CNXENERGY
2025-12-22 11:50:00+05:30,35031.6484375,35043.1484375,35031.5,35037.3515625,0,0.0,0.0,^CNXENERGY
2025-12-22 11:55:00+05:30,35037.25,35042.1015625,35018.1484375,35021.80078125,0,0.0,0.0,^CNXENERGY
2025-12-22 12:00:00+05:30,35022.3515625,35023.0,35010.94921875,35012.80078125,0,0.0,0.0,^CNXENERGY
2025-12-22 12:05:00+05:30,35013.0,35020.80078125,35009.6015625,35014.75,0,0.0,0.0,^CNXENERGY
2025-12-22 12:10:00+05:30,35014.75,35020.55078125,34996.3515625,34999.94921875,0,0.0,0.0,^CNXENERGY
2025-12-22 12:15:00+05:30,35001.1484375,35022.3515625,34998.69921875,35021.69921875,0,0.0,0.0,^CNXENERGY
2025-12-22 12:20:00+05:30,35022.94921875,35036.94921875,35017.3984375,35034.19921875,0,0.0,0.0,^CNXENERGY
2025-12-22 12:25:00+05:30,35034.5,35039.94921875,35029.1015625,35036.6015625,0,0.0,0.0,^CNXENERGY
2025-12-22 12:30:00+05:30,35036.69921875,35038.05078125,35024.75,35025.75,0,0.0,0.0,^CNXENERGY
2025-12-22 12:35:00+05:30,35024.44921875,35030.3515625,35019.1484375,35020.1015625,0,0.0,0.0,^CNXENERGY
2025-12-22 12:40:00+05:30,35020.5,35026.05078125,35007.1015625,35007.1015625,0,0.0,0.0,^CNXENERGY
2025-12-22 12:45:00+05:30,35006.8984375,35008.1015625,34996.05078125,35002.3515625,0,0.0,0.0,^CNXENERGY
2025-12-22 12:50:00+05:30,35003.8515625,35032.1015625,34998.6015625,35031.3984375,0,0.0,0.0,^CNXENERGY
2025-12-22 12:55:00+05:30,35031.3984375,35034.1015625,35016.19921875,35016.19921875,0,0.0,0.0,^CNXENERGY
2025-12-22 13:00:00+05:30,35015.1015625,35024.55078125,35015.05078125,35023.19921875,0,0.0,0.0,^CNXENERGY
2025-12-22 13:05:00+05:30,35022.6484375,35026.3515625,35015.75,35021.44921875,0,0.0,0.0,^CNXENERGY
2025-12-22 13:10:00+05:30,35020.8515625,35022.25,35015.55078125,35019.75,0,0.0,0.0,^CNXENERGY
2025-12-22 13:15:00+05:30,35019.5,35021.6015625,35012.55078125,35016.6484375,0,0.0,0.0,^CNXENERGY
2025-12-22 13:20:00+05:30,35016.5,35024.6484375,35015.1484375,35023.69921875,0,0.0,0.0,^CNXENERGY
2025-12-22 13:25:00+05:30,35023.94921875,35030.6015625,35017.94921875,35029.05078125,0,0.0,0.0,^CNXENERGY
2025-12-22 13:30:00+05:30,35029.30078125,35033.8515625,35024.8984375,35033.8515625,0,0.0,0.0,^CNXENERGY
2025-12-22 13:35:00+05:30,35035.0,35035.75,35020.5,35023.25,0,0.0,0.0,^CNXENERGY
2025-12-22 13:40:00+05:30,35022.1484375,35029.1015625,35017.1015625,35025.3515625,0,0.0,0.0,^CNXENERGY
2025-12-22 13:45:00+05:30,35025.0,35031.19921875,35021.1015625,35021.44921875,0,0.0,0.0,^CNXENERGY
2025-12-22 13:50:00+05:30,35021.1015625,35027.75,35019.44921875,35021.94921875,0,0.0,0.0,^CNXENERGY
2025-12-22 13:55:00+05:30,35021.8984375,35022.0,35009.44921875,35009.44921875,0,0.0,0.0,^CNXENERGY
2025-12-22 14:00:00+05:30,35008.8515625,35018.05078125,35008.8515625,35013.8515625,0,0.0,0.0,^CNXENERGY
2025-12-22 14:05:00+05:30,35014.3515625,35017.8984375,35002.8515625,35005.6484375,0,0.0,0.0,^CNXENERGY
2025-12-22 14:10:00+05:30,35004.6015625,35007.75,34987.94921875,35006.8515625,0,0.0,0.0,^CNXENERGY
2025-12-22 14:15:00+05:30,35005.44921875,35013.8515625,35000.8515625,35003.75,0,0.0,0.0,^CNXENERGY
2025-12-22 14:20:00+05:30,35002.94921875,35015.75,34993.05078125,35013.5,0,0.0,0.0,^CNXENERGY
2025-12-22 14:25:00+05:30,35014.5,35026.30078125,35010.8515625,35023.55078125,0,0.0,0.0,^CNXENERGY
2025-12-22 14:30:00+05:30,35023.8984375,35026.3984375,35012.3515625,35023.1015625,0,0.0,0.0,^CNXENERGY
2025-12-22 14:35:00+05:30,35024.80078125,35041.19921875,35019.94921875,35020.8984375,0,0.0,0.0,^CNXENERGY
2025-12-22 14:40:00+05:30,35020.55078125,35028.1484375,35005.5,35008.30078125,0,0.0,0.0,^CNXENERGY
2025-12-22 14:45:00+05:30,35007.8984375,35013.5,34996.6484375,35004.75,0,0.0,0.0,^CNXENERGY
2025-12-22 14:50:00+05:30,35005.6015625,35024.1484375,35002.8515625,35023.8984375,0,0.0,0.0,^CNXENERGY
2025-12-22 14:55:00+05:30,35023.69921875,35033.8984375,35022.30078125,35031.1015625,0,0.0,0.0,^CNXENERGY
2025-12-22 15:00:00+05:30,35032.5,35060.19921875,35026.80078125,35032.6015625,0,0.0,0.0,^CNXENERGY
2025-12-22 15:05:00+05:30,35032.05078125,35034.8984375,35024.8984375,35027.5,0,0.0,0.0,^CNXENERGY
2025-12-22 15:10:00+05:30,35027.44921875,35031.6015625,35016.55078125,35020.94921875,0,0.0,0.0,^CNXENERGY
2025-12-22 15:15:00+05:30,35019.8984375,35029.94921875,35017.6484375,35026.1484375,0,0.0,0.0,^CNXENERGY
2025-12-22 15:20:00+05:30,35025.6484375,35033.6015625,35014.94921875,35018.05078125,0,0.0,0.0,^CNXENERGY
2025-12-22 15:25:00+05:30,35018.8984375,35037.25,35017.0,35027.75,0,0.0,0.0,^CNXENERGY
2025-12-23 09:15:00+05:30,35073.25,35113.1015625,35029.8984375,35112.8984375,0,0.0,0.0,^CNXENERGY
2025-12-23 09:20:00+05:30,35114.6015625,35191.75,35107.30078125,35167.0,0,0.0,0.0,^CNXENERGY
2025-12-23 09:25:00+05:30,35166.6015625,35190.75,35141.30078125,35167.1484375,0,0.0,0.0,^CNXENERGY
2025-12-23 09:30:00+05:30,35167.25,35190.5,35148.30078125,35188.6484375,0,0.0,0.0,^CNXENERGY
2025-12-23 09:35:00+05:30,35188.75,35203.1484375,35165.0,35189.6015625,0,0.0,0.0,^CNXENERGY
2025-12-23 09:40:00+05:30,35189.3515625,35190.19921875,35131.3515625,35137.8984375,0,0.0,0.0,^CNXENERGY
2025-12-23 09:45:00+05:30,35137.69921875,35190.5,35131.25,35182.8515625,0,0.0,0.0,^CNXENERGY
2025-12-23 09:50:00+05:30,35180.69921875,35228.80078125,35179.05078125,35223.1484375,0,0.0,0.0,^CNXENERGY
2025-12-23 09:55:00+05:30,35222.0,35271.69921875,35222.0,35266.44921875,0,0.0,0.0,^CNXENERGY
2025-12-23 10:00:00+05:30,35266.3515625,35278.6015625,35255.55078125,35255.8515625,0,0.0,0.0,^CNXENERGY
2025-12-23 10:05:00+05:30,35255.3984375,35262.25,35246.0,35261.6015625,0,0.0,0.0,^CNXENERGY
2025-12-23 10:10:00+05:30,35261.5,35270.6484375,35248.80078125,35253.3515625,0,0.0,0.0,^CNXENERGY
2025-12-23 10:15:00+05:30,35253.0,35255.94921875,35232.3515625,35234.5,0,0.0,0.0,^CNXENERGY
2025-12-23 10:20:00+05:30,35235.3515625,35247.6484375,35222.3515625,35236.0,0,0.0,0.0,^CNXENERGY
2025-12-23 10:25:00+05:30,35235.5,35256.30078125,35235.5,35246.6015625,0,0.0,0.0,^CNXENERGY
2025-12-23 10:30:00+05:30,35245.6015625,35260.5,35232.1015625,35234.5,0,0.0,0.0,^CNXENERGY
2025-12-23 10:35:00+05:30,35234.80078125,35244.69921875,35223.3515625,35227.75,0,0.0,0.0,^CNXENERGY
2025-12-23 10:40:00+05:30,35229.3984375,35254.3984375,35220.80078125,35250.1484375,0,0.0,0.0,^CNXENERGY
2025-12-23 10:45:00+05:30,35252.1484375,35268.0,35250.8984375,35253.3515625,0,0.0,0.0,^CNXENERGY
2025-12-23 10:50:00+05:30,35254.6015625,35261.8984375,35244.44921875,35248.25,0,0.0,0.0,^CNXENERGY
2025-12-23 10:55:00+05:30,35250.6015625,35261.6484375,35248.1484375,35250.0,0,0.0,0.0,^CNXENERGY
2025-12-23 11:00:00+05:30,35253.5,35260.0,35224.80078125,35230.94921875,0,0.0,0.0,^CNXENERGY
2025-12-23 11:05:00+05:30,35234.3515625,35259.1015625,35230.25,35256.6484375,0,0.0,0.0,^CNXENERGY
2025-12-23 11:10:00+05:30,35258.3984375,35265.25,35254.94921875,35261.1484375,0,0.0,0.0,^CNXENERGY
2025-12-23 11:15:00+05:30,35263.3515625,35273.3984375,35258.69921875,35271.6484375,0,0.0,0.0,^CNXENERGY
2025-12-23 11:20:00+05:30,35274.30078125,35285.75,35265.75,35278.8984375,0,0.0,0.0,^CNXENERGY
2025-12-23 11:25:00+05:30,35280.80078125,35280.80078125,35255.94921875,35258.94921875,0,0.0,0.0,^CNXENERGY
2025-12-23 11:30:00+05:30,35258.1015625,35267.1484375,35252.0,35257.05078125,0,0.0,0.0,^CNXENERGY
2025-12-23 11:35:00+05:30,35255.3984375,35259.44921875,35227.8984375,35236.6015625,0,0.0,0.0,^CNXENERGY
2025-12-23 11:40:00+05:30,35237.0,35252.75,35231.55078125,35248.6484375,0,0.0,0.0,^CNXENERGY
2025-12-23 11:45:00+05:30,35248.30078125,35250.3984375,35226.69921875,35228.75,0,0.0,0.0,^CNXENERGY
2025-12-23 11:50:00+05:30,35227.5,35267.69921875,35227.5,35260.80078125,0,0.0,0.0,^CNXENERGY
2025-12-23 11:55:00+05:30,35261.1015625,35270.8515625,35255.75,35270.8515625,0,0.0,0.0,^CNXENERGY
2025-12-23 12:00:00+05:30,35271.6015625,35296.25,35268.6484375,35294.80078125,0,0.0,0.0,^CNXENERGY
2025-12-23 12:05:00+05:30,35294.55078125,35299.1015625,35282.8515625,35295.19921875,0,0.0,0.0,^CNXENERGY
2025-12-23 12:10:00+05:30,35294.8515625,35300.69921875,35290.6484375,35293.05078125,0,0.0,0.0,^CNXENERGY
2025-12-23 12:15:00+05:30,35294.3984375,35298.94921875,35289.69921875,35294.75,0,0.0,0.0,^CNXENERGY
2025-12-23 12:20:00+05:30,35295.44921875,35314.30078125,35291.1484375,35312.6015625,0,0.0,0.0,^CNXENERGY
2025-12-23 12:25:00+05:30,35313.3515625,35317.19921875,35297.8515625,35300.69921875,0,0.0,0.0,^CNXENERGY
2025-12-23 12:30:00+05:30,35302.8984375,35303.25,35269.25,35269.8984375,0,0.0,0.0,^CNXENERGY
2025-12-23 12:35:00+05:30,35272.05078125,35278.30078125,35254.3515625,35256.30078125,0,0.0,0.0,^CNXENERGY
2025-12-23 12:40:00+05:30,35257.69921875,35263.1015625,35250.1015625,35250.8515625,0,0.0,0.0,^CNXENERGY
2025-12-23 12:45:00+05:30,35254.30078125,35270.0,35249.55078125,35256.1484375,0,0.0,0.0,^CNXENERGY
2025-12-23 12:50:00+05:30,35258.6015625,35264.94921875,35253.05078125,35262.5,0,0.0,0.0,^CNXENERGY
2025-12-23 12:55:00+05:30,35263.1015625,35271.19921875,35253.75,35258.69921875,0,0.0,0.0,^CNXENERGY
2025-12-23 13:00:00+05:30,35258.69921875,35272.1015625,35252.25,35252.25,0,0.0,0.0,^CNXENERGY
2025-12-23 13:05:00+05:30,35255.1015625,35255.1015625,35245.1015625,35252.0,0,0.0,0.0,^CNXENERGY
2025-12-23 13:10:00+05:30,35252.5,35259.94921875,35250.3515625,35256.30078125,0,0.0,0.0,^CNXENERGY
2025-12-23 13:15:00+05:30,35255.69921875,35262.8984375,35247.8984375,35259.8984375,0,0.0,0.0,^CNXENERGY
2025-12-23 13:20:00+05:30,35261.0,35263.25,35253.6015625,35258.8515625,0,0.0,0.0,^CNXENERGY
2025-12-23 13:25:00+05:30,35259.30078125,35262.25,35253.1015625,35255.8515625,0,0.0,0.0,^CNXENERGY
2025-12-23 13:30:00+05:30,35255.8984375,35257.19921875,35245.30078125,35247.19921875,0,0.0,0.0,^CNXENERGY
2025-12-23 13:35:00+05:30,35247.30078125,35250.8984375,35237.8984375,35242.1484375,0,0.0,0.0,^CNXENERGY
2025-12-23 13:40:00+05:30,35242.3984375,35245.55078125,35235.94921875,35239.3984375,0,0.0,0.0,^CNXENERGY
2025-12-23 13:45:00+05:30,35240.6015625,35249.80078125,35236.0,35245.8984375,0,0.0,0.0,^CNXENERGY
2025-12-23 13:50:00+05:30,35247.44921875,35247.44921875,35232.6484375,35245.05078125,0,0.0,0.0,^CNXENERGY
2025-12-23 13:55:00+05:30,35245.6015625,35255.8515625,35243.19921875,35255.25,0,0.0,0.0,^CNXENERGY
2025-12-23 14:00:00+05:30,35256.75,35267.94921875,35252.3515625,35265.19921875,0,0.0,0.0,^CNXENERGY
2025-12-23 14:05:00+05:30,35267.1015625,35267.6484375,35241.3984375,35243.05078125,0,0.0,0.0,^CNXENERGY
2025-12-23 14:10:00+05:30,35245.3515625,35258.69921875,35243.0,35253.6015625,0,0.0,0.0,^CNXENERGY
2025-12-23 14:15:00+05:30,35253.30078125,35276.6484375,35251.0,35262.94921875,0,0.0,0.0,^CNXENERGY
2025-12-23 14:20:00+05:30,35262.3984375,35264.6015625,35248.3515625,35258.0,0,0.0,0.0,^CNXENERGY
2025-12-23 14:25:00+05:30,35257.44921875,35258.5,35231.1015625,35234.3515625,0,0.0,0.0,^CNXENERGY
2025-12-23 14:30:00+05:30,35234.0,35238.55078125,35208.05078125,35212.94921875,0,0.0,0.0,^CNXENERGY
2025-12-23 14:35:00+05:30,35212.69921875,35213.44921875,35204.6015625,35212.05078125,0,0.0,0.0,^CNXENERGY
2025-12-23 14:40:00+05:30,35211.8515625,35213.25,35156.5,35157.1484375,0,0.0,0.0,^CNXENERGY
2025-12-23 14:45:00+05:30,35155.19921875,35176.94921875,35145.3515625,35166.44921875,0,0.0,0.0,^CNXENERGY
2025-12-23 14:50:00+05:30,35166.30078125,35172.8515625,35132.25,35169.8984375,0,0.0,0.0,^CNXENERGY
2025-12-23 14:55:00+05:30,35170.55078125,35191.8515625,35168.80078125,35191.8515625,0,0.0,0.0,^CNXENERGY
2025-12-23 15:00:00+05:30,35191.8515625,35250.3515625,35191.8515625,35214.5,0,0.0,0.0,^CNXENERGY
2025-12-23 15:05:00+05:30,35217.1484375,35231.05078125,35210.6015625,35213.69921875,0,0.0,0.0,^CNXENERGY
2025-12-23 15:10:00+05:30,35213.44921875,35224.05078125,35208.30078125,35216.44921875,0,0.0,0.0,^CNXENERGY
2025-12-23 15:15:00+05:30,35217.1015625,35220.5,35207.3984375,35210.05078125,0,0.0,0.0,^CNXENERGY
2025-12-23 15:20:00+05:30,35212.1484375,35216.30078125,35198.8984375,35202.5,0,0.0,0.0,^CNXENERGY
2025-12-23 15:25:00+05:30,35202.30078125,35215.3984375,35197.6484375,35211.1484375,0,0.0,0.0,^CNXENERGY
2025-12-24 09:15:00+05:30,35278.25,35361.1484375,35223.80078125,35353.6484375,0,0.0,0.0,^CNXENERGY
2025-12-24 09:20:00+05:30,35353.8515625,35401.6484375,35350.3515625,35399.3515625,0,0.0,0.0,^CNXENERGY
2025-12-24 09:25:00+05:30,35397.6015625,35473.1484375,35395.6484375,35457.8515625,0,0.0,0.0,^CNXENERGY
2025-12-24 09:30:00+05:30,35457.6015625,35464.05078125,35421.55078125,35429.30078125,0,0.0,0.0,^CNXENERGY
2025-12-24 09:35:00+05:30,35428.0,35428.19921875,35391.1484375,35397.25,0,0.0,0.0,^CNXENERGY
2025-12-24 09:40:00+05:30,35397.6015625,35406.0,35382.3515625,35393.94921875,0,0.0,0.0,^CNXENERGY
2025-12-24 09:45:00+05:30,35393.94921875,35405.8515625,35362.8984375,35371.25,0,0.0,0.0,^CNXENERGY
2025-12-24 09:50:00+05:30,35368.8515625,35410.3515625,35368.8515625,35390.69921875,0,0.0,0.0,^CNXENERGY
2025-12-24 09:55:00+05:30,35391.1015625,35393.1015625,35357.3984375,35367.0,0,0.0,0.0,^CNXENERGY
2025-12-24 10:00:00+05:30,35368.19921875,35371.5,35321.69921875,35324.6015625,0,0.0,0.0,^CNXENERGY
2025-12-24 10:05:00+05:30,35324.0,35328.44921875,35304.80078125,35327.1015625,0,0.0,0.0,^CNXENERGY
2025-12-24 10:10:00+05:30,35326.94921875,35345.44921875,35324.1484375,35343.8515625,0,0.0,0.0,^CNXENERGY
2025-12-24 10:15:00+05:30,35342.0,35348.5,35313.1484375,35314.8515625,0,0.0,0.0,^CNXENERGY
2025-12-24 10:20:00+05:30,35314.25,35335.94921875,35305.6015625,35332.05078125,0,0.0,0.0,^CNXENERGY
2025-12-24 10:25:00+05:30,35331.30078125,35360.8984375,35329.94921875,35358.1484375,0,0.0,0.0,^CNXENERGY
2025-12-24 10:30:00+05:30,35360.05078125,35364.75,35346.19921875,35352.94921875,0,0.0,0.0,^CNXENERGY
2025-12-24 10:35:00+05:30,35354.1015625,35359.25,35340.3515625,35344.55078125,0,0.0,0.0,^CNXENERGY
2025-12-24 10:40:00+05:30,35344.8515625,35350.94921875,35335.05078125,35336.44921875,0,0.0,0.0,^CNXENERGY
2025-12-24 10:45:00+05:30,35336.8515625,35343.25,35326.5,35328.80078125,0,0.0,0.0,^CNXENERGY
2025-12-24 10:50:00+05:30,35329.0,35331.3515625,35313.1015625,35316.3984375,0,0.0,0.0,^CNXENERGY
2025-12-24 10:55:00+05:30,35314.3515625,35317.19921875,35293.6484375,35296.6015625,0,0.0,0.0,^CNXENERGY
2025-12-24 11:00:00+05:30,35296.55078125,35307.80078125,35287.1015625,35293.3515625,0,0.0,0.0,^CNXENERGY
2025-12-24 11:05:00+05:30,35292.80078125,35309.80078125,35291.44921875,35302.3984375,0,0.0,0.0,^CNXENERGY
2025-12-24 11:10:00+05:30,35303.25,35307.8515625,35292.3515625,35306.25,0,0.0,0.0,^CNXENERGY
2025-12-24 11:15:00+05:30,35306.80078125,35316.6484375,35305.3984375,35312.5,0,0.0,0.0,^CNXENERGY
2025-12-24 11:20:00+05:30,35312.5,35325.25,35306.3984375,35321.69921875,0,0.0,0.0,^CNXENERGY
2025-12-24 11:25:00+05:30,35322.25,35331.19921875,35315.30078125,35320.44921875,0,0.0,0.0,^CNXENERGY
2025-12-24 11:30:00+05:30,35319.8515625,35338.5,35318.1015625,35338.5,0,0.0,0.0,^CNXENERGY
2025-12-24 11:35:00+05:30,35336.75,35339.5,35330.05078125,35336.19921875,0,0.0,0.0,^CNXENERGY
2025-12-24 11:40:00+05:30,35337.0,35339.0,35267.5,35272.8515625,0,0.0,0.0,^CNXENERGY
2025-12-24 11:45:00+05:30,35270.55078125,35274.3515625,35250.44921875,35257.6484375,0,0.0,0.0,^CNXENERGY
2025-12-24 11:50:00+05:30,35256.1015625,35263.94921875,35250.25,35258.1484375,0,0.0,0.0,^CNXENERGY
2025-12-24 11:55:00+05:30,35261.44921875,35279.1015625,35259.69921875,35272.80078125,0,0.0,0.0,^CNXENERGY
2025-12-24 12:00:00+05:30,35276.8984375,35296.80078125,35269.1015625,35292.5,0,0.0,0.0,^CNXENERGY
2025-12-24 12:05:00+05:30,35295.05078125,35297.0,35276.69921875,35282.5,0,0.0,0.0,^CNXENERGY
2025-12-24 12:10:00+05:30,35284.69921875,35286.5,35268.8515625,35275.0,0,0.0,0.0,^CNXENERGY
2025-12-24 12:15:00+05:30,35277.1484375,35283.44921875,35265.30078125,35265.30078125,0,0.0,0.0,^CNXENERGY
2025-12-24 12:20:00+05:30,35266.94921875,35272.0,35258.1484375,35262.8984375,0,0.0,0.0,^CNXENERGY
2025-12-24 12:25:00+05:30,35262.6484375,35282.19921875,35258.55078125,35281.44921875,0,0.0,0.0,^CNXENERGY
2025-12-24 12:30:00+05:30,35276.8515625,35281.55078125,35265.25,35270.8515625,0,0.0,0.0,^CNXENERGY
2025-12-24 12:35:00+05:30,35268.05078125,35275.8515625,35248.80078125,35252.1015625,0,0.0,0.0,^CNXENERGY
2025-12-24 12:40:00+05:30,35248.75,35257.25,35243.44921875,35257.25,0,0.0,0.0,^CNXENERGY
2025-12-24 12:45:00+05:30,35254.80078125,35258.6484375,35247.1484375,35248.80078125,0,0.0,0.0,^CNXENERGY
2025-12-24 12:50:00+05:30,35246.6015625,35249.1015625,35234.19921875,35238.25,0,0.0,0.0,^CNXENERGY
2025-12-24 12:55:00+05:30,35235.8984375,35255.75,35229.6484375,35251.1015625,0,0.0,0.0,^CNXENERGY
2025-12-24 13:00:00+05:30,35252.44921875,35254.94921875,35234.30078125,35242.5,0,0.0,0.0,^CNXENERGY
2025-12-24 13:05:00+05:30,35242.75,35242.75,35209.8984375,35214.55078125,0,0.0,0.0,^CNXENERGY
2025-12-24 13:10:00+05:30,35214.94921875,35219.19921875,35200.6484375,35209.3984375,0,0.0,0.0,^CNXENERGY
2025-12-24 13:15:00+05:30,35209.1015625,35209.1015625,35193.6015625,35197.55078125,0,0.0,0.0,^CNXENERGY
2025-12-24 13:20:00+05:30,35196.3984375,35204.8515625,35187.75,35197.55078125,0,0.0,0.0,^CNXENERGY
2025-12-24 13:25:00+05:30,35196.3515625,35201.8984375,35185.44921875,35191.6015625,0,0.0,0.0,^CNXENERGY
2025-12-24 13:30:00+05:30,35191.55078125,35191.55078125,35162.6484375,35172.30078125,0,0.0,0.0,^CNXENERGY
2025-12-24 13:35:00+05:30,35172.44921875,35178.8984375,35165.25,35170.55078125,0,0.0,0.0,^CNXENERGY
2025-12-24 13:40:00+05:30,35171.69921875,35185.69921875,35162.75,35179.0,0,0.0,0.0,^CNXENERGY
2025-12-24 13:45:00+05:30,35182.25,35184.05078125,35171.5,35173.8984375,0,0.0,0.0,^CNXENERGY
2025-12-24 13:50:00+05:30,35174.6484375,35187.0,35169.69921875,35180.94921875,0,0.0,0.0,^CNXENERGY
2025-12-24 13:55:00+05:30,35180.8515625,35186.80078125,35143.6484375,35161.44921875,0,0.0,0.0,^CNXENERGY
2025-12-24 14:00:00+05:30,35161.1484375,35165.55078125,35135.1015625,35142.44921875,0,0.0,0.0,^CNXENERGY
2025-12-24 14:05:00+05:30,35142.80078125,35155.75,35137.5,35154.3515625,0,0.0,0.0,^CNXENERGY
2025-12-24 14:10:00+05:30,35155.6015625,35161.05078125,35136.94921875,35144.1015625,0,0.0,0.0,^CNXENERGY
2025-12-24 14:15:00+05:30,35146.6015625,35156.8984375,35140.25,35146.6015625,0,0.0,0.0,^CNXENERGY
2025-12-24 14:20:00+05:30,35146.6015625,35149.19921875,35115.0,35119.30078125,0,0.0,0.0,^CNXENERGY
2025-12-24 14:25:00+05:30,35119.1484375,35120.44921875,35089.3515625,35105.1484375,0,0.0,0.0,^CNXENERGY
2025-12-24 14:30:00+05:30,35106.94921875,35117.8984375,35096.19921875,35099.1484375,0,0.0,0.0,^CNXENERGY
2025-12-24 14:35:00+05:30,35097.6484375,35102.19921875,35072.80078125,35084.6484375,0,0.0,0.0,^CNXENERGY
2025-12-24 14:40:00+05:30,35084.44921875,35097.0,35076.1484375,35094.75,0,0.0,0.0,^CNXENERGY
2025-12-24 14:45:00+05:30,35098.94921875,35116.44921875,35093.25,35098.5,0,0.0,0.0,^CNXENERGY
2025-12-24 14:50:00+05:30,35097.05078125,35099.6484375,35081.6015625,35098.6484375,0,0.0,0.0,^CNXENERGY
2025-12-24 14:55:00+05:30,35098.55078125,35132.8515625,35097.8984375,35128.1484375,0,0.0,0.0,^CNXENERGY
2025-12-24 15:00:00+05:30,35131.3984375,35162.80078125,35120.05078125,35124.80078125,0,0.0,0.0,^CNXENERGY
2025-12-24 15:05:00+05:30,35126.05078125,35133.3984375,35104.8984375,35109.3984375,0,0.0,0.0,^CNXENERGY
2025-12-24 15:10:00+05:30,35110.94921875,35111.8984375,35080.5,35100.94921875,0,0.0,0.0,^CNXENERGY
2025-12-24 15:15:00+05:30,35101.0,35105.25,35081.0,35093.3515625,0,0.0,0.0,^CNXENERGY
2025-12-24 15:20:00+05:30,35092.05078125,35098.75,35080.19921875,35090.6015625,0,0.0,0.0,^CNXENERGY
2025-12-24 15:25:00+05:30,35090.94921875,35098.94921875,35081.6015625,35086.6015625,0,0.0,0.0,^CNXENERGY
2025-12-26 09:15:00+05:30,35096.6484375,35187.80078125,35017.1484375,35172.25,0,0.0,0.0,^CNXENERGY
2025-12-26 09:20:00+05:30,35172.8515625,35211.30078125,35164.1484375,35211.30078125,0,0.0,0.0,^CNXENERGY
2025-12-26 09:25:00+05:30,35211.6484375,35261.30078125,35204.8984375,35260.6015625,0,0.0,0.0,^CNXENERGY
2025-12-26 09:30:00+05:30,35262.5,35274.94921875,35232.25,35233.44921875,0,0.0,0.0,^CNXENERGY
2025-12-26 09:35:00+05:30,35236.1484375,35254.19921875,35214.8515625,35240.55078125,0,0.0,0.0,^CNXENERGY
2025-12-26 09:40:00+05:30,35240.3984375,35241.0,35210.1015625,35223.1015625,0,0.0,0.0,^CNXENERGY
2025-12-26 09:45:00+05:30,35222.94921875,35236.0,35199.1015625,35209.69921875,0,0.0,0.0,^CNXENERGY
2025-12-26 09:50:00+05:30,35209.1015625,35214.75,35174.55078125,35187.75,0,0.0,0.0,^CNXENERGY
2025-12-26 09:55:00+05:30,35187.75,35208.5,35183.3515625,35202.69921875,0,0.0,0.0,^CNXENERGY
2025-12-26 10:00:00+05:30,35201.8515625,35205.94921875,35165.75,35181.8515625,0,0.0,0.0,^CNXENERGY
2025-12-26 10:05:00+05:30,35184.3515625,35186.05078125,35143.80078125,35143.80078125,0,0.0,0.0,^CNXENERGY
2025-12-26 10:10:00+05:30,35144.94921875,35156.75,35128.5,35153.3984375,0,0.0,0.0,^CNXENERGY
2025-12-26 10:15:00+05:30,35154.5,35161.05078125,35140.8984375,35157.69921875,0,0.0,0.0,^CNXENERGY
2025-12-26 10:20:00+05:30,35157.1484375,35158.55078125,35129.8515625,35130.3515625,0,0.0,0.0,^CNXENERGY
2025-12-26 10:25:00+05:30,35131.8515625,35160.8984375,35120.94921875,35160.19921875,0,0.0,0.0,^CNXENERGY
2025-12-26 10:30:00+05:30,35160.6484375,35167.44921875,35146.30078125,35149.75,0,0.0,0.0,^CNXENERGY
2025-12-26 10:35:00+05:30,35151.05078125,35172.94921875,35145.19921875,35172.94921875,0,0.0,0.0,^CNXENERGY
2025-12-26 10:40:00+05:30,35172.69921875,35191.25,35166.6015625,35185.05078125,0,0.0,0.0,^CNXENERGY
2025-12-26 10:45:00+05:30,35186.6015625,35195.80078125,35177.5,35192.69921875,0,0.0,0.0,^CNXENERGY
2025-12-26 10:50:00+05:30,35192.44921875,35207.55078125,35190.69921875,35205.0,0,0.0,0.0,^CNXENERGY
2025-12-26 10:55:00+05:30,35205.0,35211.94921875,35191.25,35193.19921875,0,0.0,0.0,^CNXENERGY
2025-12-26 11:00:00+05:30,35194.30078125,35204.75,35188.3515625,35199.1484375,0,0.0,0.0,^CNXENERGY
2025-12-26 11:05:00+05:30,35199.1484375,35199.6015625,35176.3984375,35180.3984375,0,0.0,0.0,^CNXENERGY
2025-12-26 11:10:00+05:30,35181.0,35183.55078125,35165.1015625,35175.8984375,0,0.0,0.0,^CNXENERGY
2025-12-26 11:15:00+05:30,35176.69921875,35177.1484375,35144.80078125,35147.3984375,0,0.0,0.0,^CNXENERGY
2025-12-26 11:20:00+05:30,35148.1484375,35156.25,35141.94921875,35150.5,0,0.0,0.0,^CNXENERGY
2025-12-26 11:25:00+05:30,35149.6015625,35257.75,35145.5,35254.05078125,0,0.0,0.0,^CNXENERGY
2025-12-26 11:30:00+05:30,35253.94921875,35295.94921875,35251.94921875,35279.3984375,0,0.0,0.0,^CNXENERGY
2025-12-26 11:35:00+05:30,35280.0,35283.1015625,35216.55078125,35225.6484375,0,0.0,0.0,^CNXENERGY
2025-12-26 11:40:00+05:30,35226.5,35232.6015625,35205.5,35214.8984375,0,0.0,0.0,^CNXENERGY
2025-12-26 11:45:00+05:30,35213.75,35216.05078125,35201.19921875,35206.55078125,0,0.0,0.0,^CNXENERGY
2025-12-26 11:50:00+05:30,35206.80078125,35220.25,35199.80078125,35215.1015625,0,0.0,0.0,^CNXENERGY
2025-12-26 11:55:00+05:30,35216.05078125,35234.05078125,35211.0,35230.0,0,0.0,0.0,^CNXENERGY
2025-12-26 12:00:00+05:30,35230.0,35233.44921875,35210.69921875,35214.94921875,0,0.0,0.0,^CNXENERGY
2025-12-26 12:05:00+05:30,35211.25,35223.6015625,35208.0,35223.6015625,0,0.0,0.0,^CNXENERGY
2025-12-26 12:10:00+05:30,35221.8984375,35240.25,35218.44921875,35232.1015625,0,0.0,0.0,^CNXENERGY
2025-12-26 12:15:00+05:30,35232.6015625,35236.69921875,35219.30078125,35222.5,0,0.0,0.0,^CNXENERGY
2025-12-26 12:20:00+05:30,35224.44921875,35225.69921875,35202.6015625,35210.25,0,0.0,0.0,^CNXENERGY
2025-12-26 12:25:00+05:30,35210.3984375,35228.25,35209.5,35226.1015625,0,0.0,0.0,^CNXENERGY
2025-12-26 12:30:00+05:30,35226.25,35229.69921875,35193.1484375,35194.94921875,0,0.0,0.0,^CNXENERGY
2025-12-26 12:35:00+05:30,35194.8984375,35198.0,35181.69921875,35182.75,0,0.0,0.0,^CNXENERGY
2025-12-26 12:40:00+05:30,35182.1015625,35189.55078125,35175.1484375,35187.6015625,0,0.0,0.0,^CNXENERGY
2025-12-26 12:45:00+05:30,35187.3515625,35214.6015625,35184.8984375,35209.3984375,0,0.0,0.0,^CNXENERGY
2025-12-26 12:50:00+05:30,35208.30078125,35209.69921875,35188.0,35191.80078125,0,0.0,0.0,^CNXENERGY
2025-12-26 12:55:00+05:30,35189.5,35199.05078125,35185.80078125,35188.3984375,0,0.0,0.0,^CNXENERGY
2025-12-26 13:00:00+05:30,35188.1484375,35196.8515625,35170.6015625,35174.25,0,0.0,0.0,^CNXENERGY
2025-12-26 13:05:00+05:30,35173.5,35173.5,35158.55078125,35162.55078125,0,0.0,0.0,^CNXENERGY
2025-12-26 13:10:00+05:30,35161.80078125,35172.5,35156.8515625,35169.3515625,0,0.0,0.0,^CNXENERGY
2025-12-26 13:15:00+05:30,35169.3984375,35178.05078125,35164.75,35172.8984375,0,0.0,0.0,^CNXENERGY
2025-12-26 13:20:00+05:30,35171.80078125,35177.6484375,35163.1015625,35166.30078125,0,0.0,0.0,^CNXENERGY
2025-12-26 13:25:00+05:30,35167.5,35172.5,35153.80078125,35171.55078125,0,0.0,0.0,^CNXENERGY
2025-12-26 13:30:00+05:30,35167.6484375,35176.25,35152.8984375,35155.8515625,0,0.0,0.0,^CNXENERGY
2025-12-26 13:35:00+05:30,35153.5,35160.6484375,35141.30078125,35157.0,0,0.0,0.0,^CNXENERGY
2025-12-26 13:40:00+05:30,35157.25,35158.80078125,35141.5,35151.69921875,0,0.0,0.0,^CNXENERGY
2025-12-26 13:45:00+05:30,35151.30078125,35174.25,35140.44921875,35153.05078125,0,0.0,0.0,^CNXENERGY
2025-12-26 13:50:00+05:30,35152.3984375,35153.8515625,35133.19921875,35135.3984375,0,0.0,0.0,^CNXENERGY
2025-12-26 13:55:00+05:30,35135.30078125,35149.1484375,35132.3984375,35147.05078125,0,0.0,0.0,^CNXENERGY
2025-12-26 14:00:00+05:30,35147.3984375,35152.19921875,35142.6484375,35146.6015625,0,0.0,0.0,^CNXENERGY
2025-12-26 14:05:00+05:30,35144.6484375,35149.30078125,35119.8515625,35120.55078125,0,0.0,0.0,^CNXENERGY
2025-12-26 14:10:00+05:30,35121.19921875,35123.75,35106.6015625,35122.1015625,0,0.0,0.0,^CNXENERGY
2025-12-26 14:15:00+05:30,35122.75,35122.80078125,35090.94921875,35092.1484375,0,0.0,0.0,^CNXENERGY
2025-12-26 14:20:00+05:30,35092.80078125,35097.1015625,35073.44921875,35080.1015625,0,0.0,0.0,^CNXENERGY
2025-12-26 14:25:00+05:30,35080.1484375,35080.3984375,35065.80078125,35070.25,0,0.0,0.0,^CNXENERGY
2025-12-26 14:30:00+05:30,35069.8984375,35072.05078125,35043.3515625,35047.3515625,0,0.0,0.0,^CNXENERGY
2025-12-26 14:35:00+05:30,35047.8984375,35049.44921875,35035.3515625,35035.75,0,0.0,0.0,^CNXENERGY
2025-12-26 14:40:00+05:30,35036.55078125,35043.1015625,35026.80078125,35038.55078125,0,0.0,0.0,^CNXENERGY
2025-12-26 14:45:00+05:30,35037.8515625,35047.44921875,35009.1015625,35012.75,0,0.0,0.0,^CNXENERGY
2025-12-26 14:50:00+05:30,35011.6015625,35038.8515625,35009.1484375,35034.5,0,0.0,0.0,^CNXENERGY
2025-12-26 14:55:00+05:30,35034.6484375,35089.3515625,35033.44921875,35089.3515625,0,0.0,0.0,^CNXENERGY
2025-12-26 15:00:00+05:30,35089.80078125,35109.30078125,35075.80078125,35082.1015625,0,0.0,0.0,^CNXENERGY
2025-12-26 15:05:00+05:30,35082.30078125,35082.30078125,35066.44921875,35077.3984375,0,0.0,0.0,^CNXENERGY
2025-12-26 15:10:00+05:30,35078.0,35082.75,35068.3984375,35075.55078125,0,0.0,0.0,^CNXENERGY
2025-12-26 15:15:00+05:30,35074.0,35076.69921875,35039.55078125,35043.3515625,0,0.0,0.0,^CNXENERGY
2025-12-26 15:20:00+05:30,35046.44921875,35049.8515625,35035.6015625,35042.19921875,0,0.0,0.0,^CNXENERGY
2025-12-26 15:25:00+05:30,35042.19921875,35071.69921875,35032.44921875,35065.6484375,0,0.0,0.0,^CNXENERGY
2025-12-29 09:15:00+05:30,35097.3515625,35111.25,35023.44921875,35060.6015625,0,0.0,0.0,^CNXENERGY
2025-12-29 09:20:00+05:30,35059.1015625,35080.30078125,35029.6484375,35053.19921875,0,0.0,0.0,^CNXENERGY
2025-12-29 09:25:00+05:30,35054.25,35070.05078125,35041.30078125,35049.8984375,0,0.0,0.0,^CNXENERGY
2025-12-29 09:30:00+05:30,35051.0,35106.1015625,35046.75,35098.80078125,0,0.0,0.0,^CNXENERGY
2025-12-29 09:35:00+05:30,35099.25,35128.55078125,35091.44921875,35109.44921875,0,0.0,0.0,^CNXENERGY
2025-12-29 09:40:00+05:30,35112.8515625,35115.3515625,35088.94921875,35096.6015625,0,0.0,0.0,^CNXENERGY
2025-12-29 09:45:00+05:30,35094.69921875,35122.8984375,35091.19921875,35117.19921875,0,0.0,0.0,^CNXENERGY
2025-12-29 09:50:00+05:30,35118.75,35118.75,35082.80078125,35084.69921875,0,0.0,0.0,^CNXENERGY
2025-12-29 09:55:00+05:30,35084.75,35084.75,35025.8515625,35026.6484375,0,0.0,0.0,^CNXENERGY
2025-12-29 10:00:00+05:30,35026.80078125,35043.05078125,35010.8984375,35024.80078125,0,0.0,0.0,^CNXENERGY
2025-12-29 10:05:00+05:30,35024.05078125,35031.3984375,35016.8984375,35027.6484375,0,0.0,0.0,^CNXENERGY
2025-12-29 10:10:00+05:30,35027.75,35030.75,35007.8984375,35012.1484375,0,0.0,0.0,^CNXENERGY
2025-12-29 10:15:00+05:30,35013.30078125,35014.8515625,34977.44921875,34990.05078125,0,0.0,0.0,^CNXENERGY
2025-12-29 10:20:00+05:30,34990.30078125,35025.5,34985.44921875,35019.94921875,0,0.0,0.0,^CNXENERGY
2025-12-29 10:25:00+05:30,35020.55078125,35028.55078125,35010.8515625,35012.8984375,0,0.0,0.0,^CNXENERGY
2025-12-29 10:30:00+05:30,35012.5,35017.5,35004.05078125,35008.55078125,0,0.0,0.0,^CNXENERGY
2025-12-29 10:35:00+05:30,35009.3984375,35034.69921875,35003.75,35025.94921875,0,0.0,0.0,^CNXENERGY
2025-12-29 10:40:00+05:30,35025.3515625,35026.25,35002.3515625,35013.19921875,0,0.0,0.0,^CNXENERGY
2025-12-29 10:45:00+05:30,35013.55078125,35013.55078125,34996.3984375,35003.5,0,0.0,0.0,^CNXENERGY
2025-12-29 10:50:00+05:30,35003.55078125,35036.5,35003.5,35032.44921875,0,0.0,0.0,^CNXENERGY
2025-12-29 10:55:00+05:30,35033.19921875,35067.6484375,35029.3984375,35057.1484375,0,0.0,0.0,^CNXENERGY
2025-12-29 11:00:00+05:30,35057.80078125,35059.55078125,35005.69921875,35015.75,0,0.0,0.0,^CNXENERGY
2025-12-29 11:05:00+05:30,35015.05078125,35024.8515625,35000.3984375,35019.30078125,0,0.0,0.0,^CNXENERGY
2025-12-29 11:10:00+05:30,35018.3515625,35035.6015625,35009.94921875,35032.80078125,0,0.0,0.0,^CNXENERGY
2025-12-29 11:15:00+05:30,35033.80078125,35034.3984375,35005.19921875,35006.44921875,0,0.0,0.0,^CNXENERGY
2025-12-29 11:20:00+05:30,35006.8515625,35007.19921875,34978.0,34981.8515625,0,0.0,0.0,^CNXENERGY
2025-12-29 11:25:00+05:30,34982.5,34987.5,34965.3515625,34969.6015625,0,0.0,0.0,^CNXENERGY
2025-12-29 11:30:00+05:30,34969.55078125,34972.19921875,34944.3515625,34959.25,0,0.0,0.0,^CNXENERGY
2025-12-29 11:35:00+05:30,34959.75,34960.5,34941.19921875,34941.5,0,0.0,0.0,^CNXENERGY
2025-12-29 11:40:00+05:30,34942.5,34946.5,34929.80078125,34938.8984375,0,0.0,0.0,^CNXENERGY
2025-12-29 11:45:00+05:30,34939.25,34973.75,34932.44921875,34968.6484375,0,0.0,0.0,^CNXENERGY
2025-12-29 11:50:00+05:30,34967.30078125,34972.55078125,34954.1015625,34965.75,0,0.0,0.0,^CNXENERGY
2025-12-29 11:55:00+05:30,34967.05078125,34971.1015625,34955.75,34967.30078125,0,0.0,0.0,^CNXENERGY
2025-12-29 12:00:00+05:30,34968.5,34986.19921875,34954.6484375,34960.0,0,0.0,0.0,^CNXENERGY
2025-12-29 12:05:00+05:30,34960.69921875,34969.8984375,34947.05078125,34965.3984375,0,0.0,0.0,^CNXENERGY
2025-12-29 12:10:00+05:30,34966.3984375,34972.0,34948.30078125,34951.6484375,0,0.0,0.0,^CNXENERGY
2025-12-29 12:15:00+05:30,34954.75,34954.75,34935.25,34937.44921875,0,0.0,0.0,^CNXENERGY
2025-12-29 12:20:00+05:30,34937.0,34938.5,34901.1015625,34902.8515625,0,0.0,0.0,^CNXENERGY
2025-12-29 12:25:00+05:30,34903.5,34908.55078125,34893.5,34906.94921875,0,0.0,0.0,^CNXENERGY
2025-12-29 12:30:00+05:30,34907.3515625,34909.3515625,34857.19921875,34859.3984375,0,0.0,0.0,^CNXENERGY
2025-12-29 12:35:00+05:30,34860.0,34861.05078125,34849.1484375,34852.69921875,0,0.0,0.0,^CNXENERGY
2025-12-29 12:40:00+05:30,34856.6015625,34856.6015625,34842.44921875,34850.75,0,0.0,0.0,^CNXENERGY
2025-12-29 12:45:00+05:30,34853.6015625,34856.25,34839.30078125,34841.0,0,0.0,0.0,^CNXENERGY
2025-12-29 12:50:00+05:30,34841.6484375,34864.55078125,34837.19921875,34862.8984375,0,0.0,0.0,^CNXENERGY
2025-12-29 12:55:00+05:30,34863.25,34876.25,34856.25,34870.94921875,0,0.0,0.0,^CNXENERGY
2025-12-29 13:00:00+05:30,34870.8515625,34879.1015625,34856.55078125,34878.05078125,0,0.0,0.0,^CNXENERGY
2025-12-29 13:05:00+05:30,34876.75,34879.69921875,34856.8984375,34863.80078125,0,0.0,0.0,^CNXENERGY
2025-12-29 13:10:00+05:30,34864.80078125,34867.19921875,34848.44921875,34850.30078125,0,0.0,0.0,^CNXENERGY
2025-12-29 13:15:00+05:30,34850.8984375,34853.5,34824.75,34834.6484375,0,0.0,0.0,^CNXENERGY
2025-12-29 13:20:00+05:30,34835.6015625,34847.19921875,34832.8515625,34835.5,0,0.0,0.0,^CNXENERGY
2025-12-29 13:25:00+05:30,34836.80078125,34846.30078125,34826.6015625,34841.44921875,0,0.0,0.0,^CNXENERGY
2025-12-29 13:30:00+05:30,34841.44921875,34857.6015625,34833.80078125,34854.8515625,0,0.0,0.0,^CNXENERGY
2025-12-29 13:35:00+05:30,34855.3515625,34858.3984375,34834.3515625,34834.69921875,0,0.0,0.0,^CNXENERGY
2025-12-29 13:40:00+05:30,34835.19921875,34847.69921875,34833.75,34843.3984375,0,0.0,0.0,^CNXENERGY
2025-12-29 13:45:00+05:30,34844.3984375,34883.0,34842.6484375,34880.25,0,0.0,0.0,^CNXENERGY
2025-12-29 13:50:00+05:30,34881.19921875,34894.55078125,34872.44921875,34891.05078125,0,0.0,0.0,^CNXENERGY
2025-12-29 13:55:00+05:30,34891.94921875,34893.80078125,34876.30078125,34879.3515625,0,0.0,0.0,^CNXENERGY
2025-12-29 14:00:00+05:30,34879.19921875,34899.6015625,34875.1015625,34897.8515625,0,0.0,0.0,^CNXENERGY
2025-12-29 14:05:00+05:30,34898.75,34920.44921875,34889.75,34904.75,0,0.0,0.0,^CNXENERGY
2025-12-29 14:10:00+05:30,34904.94921875,34907.1484375,34877.5,34880.8984375,0,0.0,0.0,^CNXENERGY
2025-12-29 14:15:00+05:30,34881.8984375,34881.8984375,34834.8515625,34839.55078125,0,0.0,0.0,^CNXENERGY
2025-12-29 14:20:00+05:30,34839.55078125,34866.19921875,34834.19921875,34865.3515625,0,0.0,0.0,^CNXENERGY
2025-12-29 14:25:00+05:30,34865.8984375,34888.6015625,34861.94921875,34863.69921875,0,0.0,0.0,^CNXENERGY
2025-12-29 14:30:00+05:30,34863.6015625,34863.6484375,34844.3515625,34857.69921875,0,0.0,0.0,^CNXENERGY
2025-12-29 14:35:00+05:30,34858.25,34858.25,34834.1015625,34836.44921875,0,0.0,0.0,^CNXENERGY
2025-12-29 14:40:00+05:30,34838.0,34840.0,34817.25,34818.5,0,0.0,0.0,^CNXENERGY
2025-12-29 14:45:00+05:30,34818.55078125,34830.44921875,34809.0,34826.3515625,0,0.0,0.0,^CNXENERGY
2025-12-29 14:50:00+05:30,34827.25,34842.0,34819.1484375,34830.25,0,0.0,0.0,^CNXENERGY
2025-12-29 14:55:00+05:30,34831.19921875,34870.0,34823.55078125,34868.1484375,0,0.0,0.0,^CNXENERGY
2025-12-29 15:00:00+05:30,34868.55078125,34905.6015625,34867.3515625,34876.3984375,0,0.0,0.0,^CNXENERGY
2025-12-29 15:05:00+05:30,34873.5,34888.19921875,34863.8515625,34867.30078125,0,0.0,0.0,^CNXENERGY
2025-12-29 15:10:00+05:30,34866.19921875,34881.30078125,34865.3515625,34877.19921875,0,0.0,0.0,^CNXENERGY
2025-12-29 15:15:00+05:30,34873.0,34876.05078125,34848.55078125,34850.69921875,0,0.0,0.0,^CNXENERGY
2025-12-29 15:20:00+05:30,34849.75,34865.8984375,34849.05078125,34861.55078125,0,0.0,0.0,^CNXENERGY
2025-12-29 15:25:00+05:30,34860.6484375,34873.69921875,34846.1484375,34863.5,0,0.0,0.0,^CNXENERGY
2025-12-30 09:15:00+05:30,34869.3984375,34874.1015625,34790.8984375,34803.8984375,0,0.0,0.0,^CNXENERGY
2025-12-30 09:20:00+05:30,34804.6015625,34804.6015625,34762.6015625,34772.3984375,0,0.0,0.0,^CNXENERGY
2025-12-30 09:25:00+05:30,34771.1015625,34786.3515625,34762.05078125,34769.3984375,0,0.0,0.0,^CNXENERGY
2025-12-30 09:30:00+05:30,34772.19921875,34827.6015625,34764.25,34827.6015625,0,0.0,0.0,^CNXENERGY
2025-12-30 09:35:00+05:30,34826.3515625,34846.44921875,34826.0,34835.6484375,0,0.0,0.0,^CNXENERGY
2025-12-30 09:40:00+05:30,34836.5,34869.75,34827.1015625,34867.6015625,0,0.0,0.0,^CNXENERGY
2025-12-30 09:45:00+05:30,34867.8515625,34872.8984375,34808.30078125,34814.3515625,0,0.0,0.0,^CNXENERGY
2025-12-30 09:50:00+05:30,34814.1015625,34844.8515625,34809.8515625,34829.8984375,0,0.0,0.0,^CNXENERGY
2025-12-30 09:55:00+05:30,34830.05078125,34851.69921875,34826.25,34840.0,0,0.0,0.0,^CNXENERGY
2025-12-30 10:00:00+05:30,34840.25,34849.94921875,34837.69921875,34841.6484375,0,0.0,0.0,^CNXENERGY
2025-12-30 10:05:00+05:30,34840.1015625,34841.1484375,34829.8984375,34835.3984375,0,0.0,0.0,^CNXENERGY
2025-12-30 10:10:00+05:30,34835.6015625,34853.94921875,34824.94921875,34850.6484375,0,0.0,0.0,^CNXENERGY
2025-12-30 10:15:00+05:30,34850.69921875,34885.75,34849.6015625,34880.30078125,0,0.0,0.0,^CNXENERGY
2025-12-30 10:20:00+05:30,34879.6015625,34910.6484375,34876.6015625,34896.55078125,0,0.0,0.0,^CNXENERGY
2025-12-30 10:25:00+05:30,34895.69921875,34899.8515625,34889.25,34897.8515625,0,0.0,0.0,^CNXENERGY
2025-12-30 10:30:00+05:30,34897.25,34909.8984375,34893.25,34894.75,0,0.0,0.0,^CNXENERGY
2025-12-30 10:35:00+05:30,34894.8984375,34894.8984375,34849.75,34852.0,0,0.0,0.0,^CNXENERGY
2025-12-30 10:40:00+05:30,34851.05078125,34854.94921875,34840.6015625,34843.3515625,0,0.0,0.0,^CNXENERGY
2025-12-30 10:45:00+05:30,34843.8515625,34844.1015625,34825.75,34835.30078125,0,0.0,0.0,^CNXENERGY
2025-12-30 10:50:00+05:30,34835.30078125,34844.0,34828.75,34833.80078125,0,0.0,0.0,^CNXENERGY
2025-12-30 10:55:00+05:30,34832.8984375,34835.80078125,34797.5,34801.94921875,0,0.0,0.0,^CNXENERGY
2025-12-30 11:00:00+05:30,34801.1015625,34810.80078125,34795.1015625,34795.1015625,0,0.0,0.0,^CNXENERGY
2025-12-30 11:05:00+05:30,34795.6484375,34805.1484375,34792.6484375,34799.1484375,0,0.0,0.0,^CNXENERGY
2025-12-30 11:10:00+05:30,34800.19921875,34800.30078125,34770.6484375,34774.19921875,0,0.0,0.0,^CNXENERGY
2025-12-30 11:15:00+05:30,34774.3515625,34796.6484375,34772.19921875,34791.75,0,0.0,0.0,^CNXENERGY
2025-12-30 11:20:00+05:30,34792.3515625,34798.3984375,34782.6015625,34785.44921875,0,0.0,0.0,^CNXENERGY
2025-12-30 11:25:00+05:30,34785.75,34796.94921875,34782.19921875,34794.5,0,0.0,0.0,^CNXENERGY
2025-12-30 11:30:00+05:30,34793.44921875,34811.44921875,34779.1484375,34781.55078125,0,0.0,0.0,^CNXENERGY
2025-12-30 11:35:00+05:30,34781.19921875,34783.30078125,34765.30078125,34766.8515625,0,0.0,0.0,^CNXENERGY
2025-12-30 11:40:00+05:30,34767.44921875,34793.6015625,34766.69921875,34783.8515625,0,0.0,0.0,^CNXENERGY
2025-12-30 11:45:00+05:30,34784.1015625,34790.19921875,34775.19921875,34777.19921875,0,0.0,0.0,^CNXENERGY
2025-12-30 11:50:00+05:30,34776.80078125,34782.94921875,34764.8515625,34770.30078125,0,0.0,0.0,^CNXENERGY
2025-12-30 11:55:00+05:30,34769.69921875,34772.0,34756.1015625,34764.5,0,0.0,0.0,^CNXENERGY
2025-12-30 12:00:00+05:30,34764.1484375,34768.8515625,34735.1015625,34735.69921875,0,0.0,0.0,^CNXENERGY
2025-12-30 12:05:00+05:30,34736.6015625,34744.6015625,34729.44921875,34737.25,0,0.0,0.0,^CNXENERGY
2025-12-30 12:10:00+05:30,34737.94921875,34738.8984375,34719.3515625,34721.1484375,0,0.0,0.0,^CNXENERGY
2025-12-30 12:15:00+05:30,34722.1484375,34726.5,34716.3984375,34723.6015625,0,0.0,0.0,^CNXENERGY
2025-12-30 12:20:00+05:30,34724.1484375,34728.25,34718.69921875,34722.8984375,0,0.0,0.0,^CNXENERGY
2025-12-30 12:25:00+05:30,34722.8515625,34726.55078125,34711.80078125,34715.1484375,0,0.0,0.0,^CNXENERGY
2025-12-30 12:30:00+05:30,34715.3515625,34721.30078125,34708.0,34719.30078125,0,0.0,0.0,^CNXENERGY
2025-12-30 12:35:00+05:30,34719.8515625,34726.6015625,34714.8515625,34723.1484375,0,0.0,0.0,^CNXENERGY
2025-12-30 12:40:00+05:30,34722.8984375,34737.6484375,34721.19921875,34727.94921875,0,0.0,0.0,^CNXENERGY
2025-12-30 12:45:00+05:30,34727.25,34735.75,34720.1015625,34732.0,0,0.0,0.0,^CNXENERGY
2025-12-30 12:50:00+05:30,34730.6484375,34735.30078125,34718.8515625,34723.0,0,0.0,0.0,^CNXENERGY
2025-12-30 12:55:00+05:30,34722.94921875,34725.1484375,34702.19921875,34707.3984375,0,0.0,0.0,^CNXENERGY
2025-12-30 13:00:00+05:30,34708.75,34717.75,34704.19921875,34709.8984375,0,0.0,0.0,^CNXENERGY
2025-12-30 13:05:00+05:30,34709.19921875,34720.3515625,34703.3984375,34708.6015625,0,0.0,0.0,^CNXENERGY
2025-12-30 13:10:00+05:30,34708.1484375,34733.94921875,34703.75,34732.05078125,0,0.0,0.0,^CNXENERGY
2025-12-30 13:15:00+05:30,34731.1015625,34731.1015625,34718.05078125,34721.8984375,0,0.0,0.0,^CNXENERGY
2025-12-30 13:20:00+05:30,34721.3984375,34726.1015625,34704.44921875,34710.69921875,0,0.0,0.0,^CNXENERGY
2025-12-30 13:25:00+05:30,34711.6484375,34723.80078125,34703.75,34720.25,0,0.0,0.0,^CNXENERGY
2025-12-30 13:30:00+05:30,34719.0,34745.1015625,34716.1484375,34745.1015625,0,0.0,0.0,^CNXENERGY
2025-12-30 13:35:00+05:30,34745.0,34762.69921875,34742.80078125,34758.0,0,0.0,0.0,^CNXENERGY
2025-12-30 13:40:00+05:30,34758.75,34786.0,34752.69921875,34777.30078125,0,0.0,0.0,^CNXENERGY
2025-12-30 13:45:00+05:30,34777.3515625,34816.25,34772.69921875,34810.5,0,0.0,0.0,^CNXENERGY
2025-12-30 13:50:00+05:30,34810.25,34812.6015625,34777.80078125,34780.75,0,0.0,0.0,^CNXENERGY
2025-12-30 13:55:00+05:30,34780.6484375,34793.1015625,34775.0,34791.30078125,0,0.0,0.0,^CNXENERGY
2025-12-30 14:00:00+05:30,34792.30078125,34822.8984375,34791.6015625,34820.1015625,0,0.0,0.0,^CNXENERGY
2025-12-30 14:05:00+05:30,34820.1015625,34838.55078125,34817.6484375,34835.75,0,0.0,0.0,^CNXENERGY
2025-12-30 14:10:00+05:30,34835.44921875,34854.05078125,34833.80078125,34848.1484375,0,0.0,0.0,^CNXENERGY
2025-12-30 14:15:00+05:30,34847.69921875,34858.05078125,34833.8515625,34833.94921875,0,0.0,0.0,^CNXENERGY
2025-12-30 14:20:00+05:30,34833.6015625,34840.05078125,34821.69921875,34824.55078125,0,0.0,0.0,^CNXENERGY
2025-12-30 14:25:00+05:30,34825.44921875,34829.19921875,34799.0,34804.6015625,0,0.0,0.0,^CNXENERGY
2025-12-30 14:30:00+05:30,34804.1484375,34827.8515625,34800.69921875,34827.8515625,0,0.0,0.0,^CNXENERGY
2025-12-30 14:35:00+05:30,34827.94921875,34827.94921875,34806.8984375,34826.75,0,0.0,0.0,^CNXENERGY
2025-12-30 14:40:00+05:30,34827.3984375,34828.75,34811.0,34823.05078125,0,0.0,0.0,^CNXENERGY
2025-12-30 14:45:00+05:30,34824.44921875,34840.44921875,34798.6015625,34837.6015625,0,0.0,0.0,^CNXENERGY
2025-12-30 14:50:00+05:30,34836.94921875,34844.69921875,34822.75,34822.75,0,0.0,0.0,^CNXENERGY
2025-12-30 14:55:00+05:30,34821.8515625,34837.30078125,34820.3515625,34832.44921875,0,0.0,0.0,^CNXENERGY
2025-12-30 15:00:00+05:30,34831.19921875,34853.05078125,34811.55078125,34834.6484375,0,0.0,0.0,^CNXENERGY
2025-12-30 15:05:00+05:30,34833.19921875,34852.6484375,34826.30078125,34832.8515625,0,0.0,0.0,^CNXENERGY
2025-12-30 15:10:00+05:30,34830.6015625,34838.5,34809.55078125,34815.8984375,0,0.0,0.0,^CNXENERGY
2025-12-30 15:15:00+05:30,34812.55078125,34823.0,34795.25,34801.69921875,0,0.0,0.0,^CNXENERGY
2025-12-30 15:20:00+05:30,34800.5,34803.25,34774.1484375,34779.5,0,0.0,0.0,^CNXENERGY
2025-12-30 15:25:00+05:30,34778.94921875,34825.05078125,34764.1015625,34811.6015625,0,0.0,0.0,^CNXENERGY
2025-12-31 09:15:00+05:30,34830.1484375,34979.5,34828.80078125,34979.5,0,0.0,0.0,^CNXENERGY
2025-12-31 09:20:00+05:30,34981.0,35034.6015625,34980.25,35026.44921875,0,0.0,0.0,^CNXENERGY
2025-12-31 09:25:00+05:30,35025.94921875,35077.75,34998.44921875,35050.5,0,0.0,0.0,^CNXENERGY
2025-12-31 09:30:00+05:30,35044.8515625,35052.94921875,35024.94921875,35026.44921875,0,0.0,0.0,^CNXENERGY
2025-12-31 09:35:00+05:30,35024.19921875,35026.80078125,34995.8515625,35015.8515625,0,0.0,0.0,^CNXENERGY
2025-12-31 09:40:00+05:30,35015.0,35019.0,34974.8984375,34975.94921875,0,0.0,0.0,^CNXENERGY
2025-12-31 09:45:00+05:30,34977.0,35014.80078125,34975.8515625,35014.80078125,0,0.0,0.0,^CNXENERGY
2025-12-31 09:50:00+05:30,35013.1484375,35023.55078125,34991.6015625,34997.3984375,0,0.0,0.0,^CNXENERGY
2025-12-31 09:55:00+05:30,34999.1015625,35042.75,34989.19921875,35008.05078125,0,0.0,0.0,^CNXENERGY
2025-12-31 10:00:00+05:30,35005.5,35054.80078125,35005.5,35046.05078125,0,0.0,0.0,^CNXENERGY
2025-12-31 10:05:00+05:30,35045.6484375,35075.1484375,35025.1484375,35070.30078125,0,0.0,0.0,^CNXENERGY
2025-12-31 10:10:00+05:30,35070.5,35076.69921875,35060.6015625,35075.0,0,0.0,0.0,^CNXENERGY
2025-12-31 10:15:00+05:30,35074.69921875,35113.3984375,35074.69921875,35111.0,0,0.0,0.0,^CNXENERGY
2025-12-31 10:20:00+05:30,35112.3515625,35137.69921875,35103.75,35133.3984375,0,0.0,0.0,^CNXENERGY
2025-12-31 10:25:00+05:30,35132.0,35147.6015625,35128.6015625,35147.6015625,0,0.0,0.0,^CNXENERGY
2025-12-31 10:30:00+05:30,35146.3984375,35154.55078125,35140.5,35149.3984375,0,0.0,0.0,^CNXENERGY
2025-12-31 10:35:00+05:30,35148.5,35165.6015625,35146.6484375,35161.69921875,0,0.0,0.0,^CNXENERGY
2025-12-31 10:40:00+05:30,35162.0,35207.0,35160.19921875,35207.0,0,0.0,0.0,^CNXENERGY
2025-12-31 10:45:00+05:30,35206.44921875,35208.19921875,35175.75,35178.1484375,0,0.0,0.0,^CNXENERGY
2025-12-31 10:50:00+05:30,35179.6484375,35196.19921875,35171.3984375,35190.1015625,0,0.0,0.0,^CNXENERGY
2025-12-31 10:55:00+05:30,35189.75,35207.75,35177.8984375,35205.5,0,0.0,0.0,^CNXENERGY
2025-12-31 11:00:00+05:30,35205.05078125,35235.69921875,35204.25,35225.0,0,0.0,0.0,^CNXENERGY
2025-12-31 11:05:00+05:30,35223.6015625,35228.75,35209.05078125,35212.19921875,0,0.0,0.0,^CNXENERGY
2025-12-31 11:10:00+05:30,35214.1015625,35237.6484375,35211.1484375,35235.75,0,0.0,0.0,^CNXENERGY
2025-12-31 11:15:00+05:30,35236.30078125,35244.8515625,35220.0,35223.55078125,0,0.0,0.0,^CNXENERGY
2025-12-31 11:20:00+05:30,35224.3515625,35233.05078125,35204.44921875,35225.69921875,0,0.0,0.0,^CNXENERGY
2025-12-31 11:25:00+05:30,35228.1484375,35243.5,35225.6015625,35235.8984375,0,0.0,0.0,^CNXENERGY
2025-12-31 11:30:00+05:30,35236.30078125,35268.19921875,35230.1484375,35265.3984375,0,0.0,0.0,^CNXENERGY
2025-12-31 11:35:00+05:30,35265.8984375,35328.5,35256.94921875,35293.05078125,0,0.0,0.0,^CNXENERGY
2025-12-31 11:40:00+05:30,35292.80078125,35317.75,35286.8515625,35305.8515625,0,0.0,0.0,^CNXENERGY
2025-12-31 11:45:00+05:30,35305.94921875,35339.6484375,35294.8984375,35334.30078125,0,0.0,0.0,^CNXENERGY
2025-12-31 11:50:00+05:30,35333.1484375,35339.94921875,35316.19921875,35319.05078125,0,0.0,0.0,^CNXENERGY
2025-12-31 11:55:00+05:30,35319.55078125,35325.1484375,35306.1484375,35323.19921875,0,0.0,0.0,^CNXENERGY
2025-12-31 12:00:00+05:30,35325.05078125,35335.25,35315.1015625,35322.1484375,0,0.0,0.0,^CNXENERGY
2025-12-31 12:05:00+05:30,35320.80078125,35352.5,35317.55078125,35349.5,0,0.0,0.0,^CNXENERGY
2025-12-31 12:10:00+05:30,35349.6484375,35364.0,35340.55078125,35355.0,0,0.0,0.0,^CNXENERGY
2025-12-31 12:15:00+05:30,35355.94921875,35362.0,35336.94921875,35344.6484375,0,0.0,0.0,^CNXENERGY
2025-12-31 12:20:00+05:30,35345.6015625,35348.69921875,35320.0,35339.05078125,0,0.0,0.0,^CNXENERGY
2025-12-31 12:25:00+05:30,35341.1484375,35341.1484375,35306.55078125,35310.8515625,0,0.0,0.0,^CNXENERGY
2025-12-31 12:30:00+05:30,35311.05078125,35330.55078125,35303.1015625,35329.25,0,0.0,0.0,^CNXENERGY
2025-12-31 12:35:00+05:30,35328.75,35354.55078125,35325.80078125,35352.8984375,0,0.0,0.0,^CNXENERGY
2025-12-31 12:40:00+05:30,35351.94921875,35354.1484375,35325.3515625,35332.25,0,0.0,0.0,^CNXENERGY
2025-12-31 12:45:00+05:30,35333.75,35352.1484375,35322.80078125,35342.05078125,0,0.0,0.0,^CNXENERGY
2025-12-31 12:50:00+05:30,35341.75,35343.05078125,35315.1484375,35324.6484375,0,0.0,0.0,^CNXENERGY
2025-12-31 12:55:00+05:30,35324.8515625,35347.55078125,35323.44921875,35342.6015625,0,0.0,0.0,^CNXENERGY
2025-12-31 13:00:00+05:30,35343.8984375,35351.6015625,35329.55078125,35333.3515625,0,0.0,0.0,^CNXENERGY
2025-12-31 13:05:00+05:30,35333.25,35337.1015625,35317.3984375,35330.30078125,0,0.0,0.0,^CNXENERGY
2025-12-31 13:10:00+05:30,35331.94921875,35336.69921875,35321.75,35335.5,0,0.0,0.0,^CNXENERGY
2025-12-31 13:15:00+05:30,35335.1015625,35336.80078125,35306.25,35307.30078125,0,0.0,0.0,^CNXENERGY
2025-12-31 13:20:00+05:30,35308.1015625,35319.05078125,35304.6015625,35313.8515625,0,0.0,0.0,^CNXENERGY
2025-12-31 13:25:00+05:30,35314.0,35326.1484375,35311.25,35318.1484375,0,0.0,0.0,^CNXENERGY
2025-12-31 13:30:00+05:30,35317.3984375,35333.3515625,35309.69921875,35309.69921875,0,0.0,0.0,^CNXENERGY
2025-12-31 13:35:00+05:30,35309.6484375,35313.69921875,35296.5,35301.1015625,0,0.0,0.0,^CNXENERGY
2025-12-31 13:40:00+05:30,35301.05078125,35315.6015625,35297.05078125,35312.3515625,0,0.0,0.0,^CNXENERGY
2025-12-31 13:45:00+05:30,35311.1015625,35333.6484375,35311.1015625,35328.1015625,0,0.0,0.0,^CNXENERGY
2025-12-31 13:50:00+05:30,35329.19921875,35355.3984375,35327.1484375,35348.55078125,0,0.0,0.0,^CNXENERGY
2025-12-31 13:55:00+05:30,35349.80078125,35363.55078125,35349.1015625,35352.25,0,0.0,0.0,^CNXENERGY
2025-12-31 14:00:00+05:30,35354.19921875,35362.0,35339.5,35341.6484375,0,0.0,0.0,^CNXENERGY
2025-12-31 14:05:00+05:30,35341.6484375,35360.6015625,35339.8515625,35355.25,0,0.0,0.0,^CNXENERGY
2025-12-31 14:10:00+05:30,35355.1484375,35361.0,35341.69921875,35344.6015625,0,0.0,0.0,^CNXENERGY
2025-12-31 14:15:00+05:30,35345.5,35345.5,35315.69921875,35317.05078125,0,0.0,0.0,^CNXENERGY
2025-12-31 14:20:00+05:30,35316.8984375,35323.5,35300.6015625,35309.30078125,0,0.0,0.0,^CNXENERGY
2025-12-31 14:25:00+05:30,35309.80078125,35325.30078125,35306.25,35308.94921875,0,0.0,0.0,^CNXENERGY
2025-12-31 14:30:00+05:30,35308.5,35333.69921875,35308.5,35311.6015625,0,0.0,0.0,^CNXENERGY
2025-12-31 14:35:00+05:30,35311.55078125,35324.44921875,35305.3515625,35322.19921875,0,0.0,0.0,^CNXENERGY
2025-12-31 14:40:00+05:30,35321.6484375,35344.94921875,35318.8984375,35330.30078125,0,0.0,0.0,^CNXENERGY
2025-12-31 14:45:00+05:30,35330.19921875,35390.3515625,35323.5,35386.6015625,0,0.0,0.0,^CNXENERGY
2025-12-31 14:50:00+05:30,35387.75,35400.3515625,35349.3984375,35356.1484375,0,0.0,0.0,^CNXENERGY
2025-12-31 14:55:00+05:30,35356.75,35396.5,35356.75,35392.80078125,0,0.0,0.0,^CNXENERGY
2025-12-31 15:00:00+05:30,35395.0,35408.3515625,35331.8515625,35333.55078125,0,0.0,0.0,^CNXENERGY
2025-12-31 15:05:00+05:30,35335.5,35339.5,35309.6015625,35315.6484375,0,0.0,0.0,^CNXENERGY
2025-12-31 15:10:00+05:30,35316.3515625,35325.69921875,35300.25,35305.1484375,0,0.0,0.0,^CNXENERGY
2025-12-31 15:15:00+05:30,35304.80078125,35327.69921875,35304.80078125,35318.8515625,0,0.0,0.0,^CNXENERGY
2025-12-31 15:20:00+05:30,35319.19921875,35321.3984375,35300.75,35303.19921875,0,0.0,0.0,^CNXENERGY
2025-12-31 15:25:00+05:30,35302.5,35339.3984375,35300.75,35329.75,0,0.0,0.0,^CNXENERGY
2026-01-01 09:15:00+05:30,35383.6015625,35412.3515625,35353.8515625,35411.80078125,0,0.0,0.0,^CNXENERGY
2026-01-01 09:20:00+05:30,35410.25,35428.0,35370.80078125,35374.8515625,0,0.0,0.0,^CNXENERGY
2026-01-01 09:25:00+05:30,35372.5,35424.75,35355.6484375,35420.55078125,0,0.0,0.0,^CNXENERGY
2026-01-01 09:30:00+05:30,35420.25,35446.05078125,35409.5,35422.94921875,0,0.0,0.0,^CNXENERGY
2026-01-01 09:35:00+05:30,35424.25,35429.80078125,35402.1484375,35410.8984375,0,0.0,0.0,^CNXENERGY
2026-01-01 09:40:00+05:30,35410.3984375,35531.75,35406.1015625,35521.8984375,0,0.0,0.0,^CNXENERGY
2026-01-01 09:45:00+05:30,35522.0,35569.1484375,35520.55078125,35562.3984375,0,0.0,0.0,^CNXENERGY
2026-01-01 09:50:00+05:30,35562.8984375,35607.1484375,35561.25,35571.0,0,0.0,0.0,^CNXENERGY
2026-01-01 09:55:00+05:30,35571.55078125,35612.1484375,35558.25,35561.6015625,0,0.0,0.0,^CNXENERGY
2026-01-01 10:00:00+05:30,35560.8515625,35580.1015625,35549.3984375,35575.5,0,0.0,0.0,^CNXENERGY
2026-01-01 10:05:00+05:30,35574.94921875,35580.75,35535.3515625,35537.75,0,0.0,0.0,^CNXENERGY
2026-01-01 10:10:00+05:30,35537.5,35538.0,35490.05078125,35513.0,0,0.0,0.0,^CNXENERGY
2026-01-01 10:15:00+05:30,35512.94921875,35520.8515625,35435.1484375,35442.55078125,0,0.0,0.0,^CNXENERGY
2026-01-01 10:20:00+05:30,35442.8984375,35444.69921875,35393.69921875,35423.25,0,0.0,0.0,^CNXENERGY
2026-01-01 10:25:00+05:30,35424.19921875,35472.5,35423.8515625,35470.69921875,0,0.0,0.0,^CNXENERGY
2026-01-01 10:30:00+05:30,35471.0,35487.55078125,35451.1484375,35486.75,0,0.0,0.0,^CNXENERGY
2026-01-01 10:35:00+05:30,35486.6484375,35492.8515625,35454.1015625,35467.0,0,0.0,0.0,^CNXENERGY
2026-01-01 10:40:00+05:30,35467.1015625,35467.94921875,35440.0,35460.19921875,0,0.0,0.0,^CNXENERGY
2026-01-01 10:45:00+05:30,35459.1015625,35480.94921875,35455.30078125,35477.0,0,0.0,0.0,^CNXENERGY
2026-01-01 10:50:00+05:30,35476.94921875,35494.69921875,35470.1015625,35486.5,0,0.0,0.0,^CNXENERGY
2026-01-01 10:55:00+05:30,35486.3515625,35488.55078125,35460.8984375,35462.94921875,0,0.0,0.0,^CNXENERGY
2026-01-01 11:00:00+05:30,35464.1484375,35509.44921875,35462.0,35497.55078125,0,0.0,0.0,^CNXENERGY
2026-01-01 11:05:00+05:30,35497.44921875,35500.69921875,35478.05078125,35485.19921875,0,0.0,0.0,^CNXENERGY
2026-01-01 11:10:00+05:30,35485.8515625,35519.8515625,35478.8984375,35516.6484375,0,0.0,0.0,^CNXENERGY
2026-01-01 11:15:00+05:30,35516.6484375,35516.8515625,35493.55078125,35505.55078125,0,0.0,0.0,^CNXENERGY
2026-01-01 11:20:00+05:30,35505.44921875,35529.3515625,35503.8515625,35528.25,0,0.0,0.0,^CNXENERGY
2026-01-01 11:25:00+05:30,35528.44921875,35533.3515625,35507.75,35511.1015625,0,0.0,0.0,^CNXENERGY
2026-01-01 11:30:00+05:30,35510.8515625,35527.94921875,35475.1484375,35475.1484375,0,0.0,0.0,^CNXENERGY
2026-01-01 11:35:00+05:30,35475.1015625,35502.44921875,35468.05078125,35492.30078125,0,0.0,0.0,^CNXENERGY
2026-01-01 11:40:00+05:30,35490.80078125,35517.3515625,35487.19921875,35489.55078125,0,0.0,0.0,^CNXENERGY
2026-01-01 11:45:00+05:30,35487.69921875,35496.75,35484.80078125,35492.3515625,0,0.0,0.0,^CNXENERGY
2026-01-01 11:50:00+05:30,35492.8515625,35499.0,35478.8515625,35493.69921875,0,0.0,0.0,^CNXENERGY
2026-01-01 11:55:00+05:30,35494.94921875,35519.69921875,35492.5,35519.3984375,0,0.0,0.0,^CNXENERGY
2026-01-01 12:00:00+05:30,35517.94921875,35526.44921875,35485.3515625,35488.80078125,0,0.0,0.0,^CNXENERGY
2026-01-01 12:05:00+05:30,35490.1484375,35502.6484375,35467.25,35474.5,0,0.0,0.0,^CNXENERGY
2026-01-01 12:10:00+05:30,35473.1484375,35487.05078125,35470.3515625,35480.3984375,0,0.0,0.0,^CNXENERGY
2026-01-01 12:15:00+05:30,35478.69921875,35479.55078125,35436.05078125,35445.19921875,0,0.0,0.0,^CNXENERGY
2026-01-01 12:20:00+05:30,35444.6015625,35450.19921875,35436.19921875,35441.5,0,0.0,0.0,^CNXENERGY
2026-01-01 12:25:00+05:30,35441.0,35461.19921875,35435.30078125,35454.1015625,0,0.0,0.0,^CNXENERGY
2026-01-01 12:30:00+05:30,35454.3515625,35466.80078125,35443.1484375,35466.80078125,0,0.0,0.0,^CNXENERGY
2026-01-01 12:35:00+05:30,35466.1015625,35471.8515625,35436.05078125,35438.3984375,0,0.0,0.0,^CNXENERGY
2026-01-01 12:40:00+05:30,35437.94921875,35452.69921875,35429.6015625,35448.6015625,0,0.0,0.0,^CNXENERGY
2026-01-01 12:45:00+05:30,35448.44921875,35470.25,35445.55078125,35467.30078125,0,0.0,0.0,^CNXENERGY
2026-01-01 12:50:00+05:30,35467.3984375,35467.5,35450.05078125,35457.25,0,0.0,0.0,^CNXENERGY
2026-01-01 12:55:00+05:30,35457.94921875,35472.44921875,35452.6484375,35461.3984375,0,0.0,0.0,^CNXENERGY
2026-01-01 13:00:00+05:30,35461.75,35466.6484375,35449.3984375,35454.75,0,0.0,0.0,^CNXENERGY
2026-01-01 13:05:00+05:30,35454.94921875,35464.94921875,35449.55078125,35459.6015625,0,0.0,0.0,^CNXENERGY
2026-01-01 13:10:00+05:30,35459.25,35462.75,35432.80078125,35444.25,0,0.0,0.0,^CNXENERGY
2026-01-01 13:15:00+05:30,35444.3515625,35459.44921875,35436.75,35443.80078125,0,0.0,0.0,^CNXENERGY
2026-01-01 13:20:00+05:30,35443.1484375,35445.6484375,35423.80078125,35431.55078125,0,0.0,0.0,^CNXENERGY
2026-01-01 13:25:00+05:30,35431.6015625,35451.69921875,35427.0,35445.1484375,0,0.0,0.0,^CNXENERGY
2026-01-01 13:30:00+05:30,35445.0,35456.8984375,35438.8515625,35444.3984375,0,0.0,0.0,^CNXENERGY
2026-01-01 13:35:00+05:30,35443.3515625,35451.44921875,35436.19921875,35445.1015625,0,0.0,0.0,^CNXENERGY
2026-01-01 13:40:00+05:30,35445.19921875,35452.80078125,35431.75,35452.30078125,0,0.0,0.0,^CNXENERGY
2026-01-01 13:45:00+05:30,35452.44921875,35464.44921875,35436.80078125,35449.75,0,0.0,0.0,^CNXENERGY
2026-01-01 13:50:00+05:30,35450.25,35464.0,35447.75,35453.1015625,0,0.0,0.0,^CNXENERGY
2026-01-01 13:55:00+05:30,35454.55078125,35461.75,35447.30078125,35456.94921875,0,0.0,0.0,^CNXENERGY
2026-01-01 14:00:00+05:30,35455.94921875,35479.5,35454.05078125,35468.3515625,0,0.0,0.0,^CNXENERGY
2026-01-01 14:05:00+05:30,35468.44921875,35474.8515625,35458.3984375,35462.44921875,0,0.0,0.0,^CNXENERGY
2026-01-01 14:10:00+05:30,35462.44921875,35481.3984375,35462.44921875,35465.94921875,0,0.0,0.0,^CNXENERGY
2026-01-01 14:15:00+05:30,35467.69921875,35486.0,35461.1484375,35479.75,0,0.0,0.0,^CNXENERGY
2026-01-01 14:20:00+05:30,35479.6015625,35492.25,35460.25,35474.05078125,0,0.0,0.0,^CNXENERGY
2026-01-01 14:25:00+05:30,35474.94921875,35478.1015625,35465.1484375,35466.1484375,0,0.0,0.0,^CNXENERGY
2026-01-01 14:30:00+05:30,35468.8515625,35476.25,35460.8984375,35464.8515625,0,0.0,0.0,^CNXENERGY
2026-01-01 14:35:00+05:30,35467.94921875,35481.0,35465.44921875,35475.5,0,0.0,0.0,^CNXENERGY
2026-01-01 14:40:00+05:30,35475.3515625,35482.69921875,35465.25,35468.19921875,0,0.0,0.0,^CNXENERGY
2026-01-01 14:45:00+05:30,35468.55078125,35472.19921875,35458.5,35462.19921875,0,0.0,0.0,^CNXENERGY
2026-01-01 14:50:00+05:30,35463.0,35503.8515625,35457.44921875,35497.5,0,0.0,0.0,^CNXENERGY
2026-01-01 14:55:00+05:30,35496.44921875,35524.44921875,35495.05078125,35523.94921875,0,0.0,0.0,^CNXENERGY
2026-01-01 15:00:00+05:30,35520.1015625,35535.44921875,35487.8984375,35500.1484375,0,0.0,0.0,^CNXENERGY
2026-01-01 15:05:00+05:30,35498.1484375,35520.05078125,35493.6484375,35508.69921875,0,0.0,0.0,^CNXENERGY
2026-01-01 15:10:00+05:30,35508.44921875,35515.19921875,35499.0,35507.25,0,0.0,0.0,^CNXENERGY
2026-01-01 15:15:00+05:30,35505.30078125,35508.1015625,35489.19921875,35501.0,0,0.0,0.0,^CNXENERGY
2026-01-01 15:20:00+05:30,35502.1484375,35510.94921875,35492.8984375,35503.8515625,0,0.0,0.0,^CNXENERGY
2026-01-01 15:25:00+05:30,35502.8984375,35514.75,35492.44921875,35509.1484375,0,0.0,0.0,^CNXENERGY
2026-01-02 09:15:00+05:30,35559.69921875,35647.69921875,35553.69921875,35640.75,0,0.0,0.0,^CNXENERGY
2026-01-02 09:20:00+05:30,35641.30078125,35669.25,35634.6484375,35647.55078125,0,0.0,0.0,^CNXENERGY
2026-01-02 09:25:00+05:30,35648.05078125,35669.25,35620.25,35660.05078125,0,0.0,0.0,^CNXENERGY
2026-01-02 09:30:00+05:30,35659.5,35663.69921875,35628.75,35653.8984375,0,0.0,0.0,^CNXENERGY
2026-01-02 09:35:00+05:30,35653.75,35668.69921875,35625.1015625,35640.25,0,0.0,0.0,^CNXENERGY
2026-01-02 09:40:00+05:30,35640.44921875,35687.25,35634.80078125,35686.6015625,0,0.0,0.0,^CNXENERGY
2026-01-02 09:45:00+05:30,35685.75,35721.5,35668.6015625,35710.8984375,0,0.0,0.0,^CNXENERGY
2026-01-02 09:50:00+05:30,35709.94921875,35722.1484375,35691.8515625,35696.25,0,0.0,0.0,^CNXENERGY
2026-01-02 09:55:00+05:30,35694.55078125,35694.55078125,35660.1484375,35663.75,0,0.0,0.0,^CNXENERGY
2026-01-02 10:00:00+05:30,35662.19921875,35710.30078125,35661.05078125,35694.69921875,0,0.0,0.0,^CNXENERGY
2026-01-02 10:05:00+05:30,35697.0,35715.0,35688.05078125,35688.3515625,0,0.0,0.0,^CNXENERGY
2026-01-02 10:10:00+05:30,35686.30078125,35737.55078125,35684.80078125,35736.3515625,0,0.0,0.0,^CNXENERGY
2026-01-02 10:15:00+05:30,35734.80078125,35739.05078125,35716.44921875,35724.94921875,0,0.0,0.0,^CNXENERGY
2026-01-02 10:20:00+05:30,35726.1484375,35738.55078125,35720.3984375,35726.3515625,0,0.0,0.0,^CNXENERGY
2026-01-02 10:25:00+05:30,35727.19921875,35763.1015625,35727.19921875,35757.3515625,0,0.0,0.0,^CNXENERGY
2026-01-02 10:30:00+05:30,35757.0,35772.1015625,35749.1484375,35761.25,0,0.0,0.0,^CNXENERGY
2026-01-02 10:35:00+05:30,35761.30078125,35808.19921875,35756.69921875,35806.75,0,0.0,0.0,^CNXENERGY
2026-01-02 10:40:00+05:30,35806.25,35839.6484375,35806.25,35831.30078125,0,0.0,0.0,^CNXENERGY
2026-01-02 10:45:00+05:30,35831.94921875,35889.1484375,35826.6484375,35882.25,0,0.0,0.0,^CNXENERGY
2026-01-02 10:50:00+05:30,35882.44921875,35910.6484375,35881.0,35907.05078125,0,0.0,0.0,^CNXENERGY
2026-01-02 10:55:00+05:30,35906.44921875,35917.69921875,35895.44921875,35914.69921875,0,0.0,0.0,^CNXENERGY
2026-01-02 11:00:00+05:30,35915.25,35921.5,35894.8984375,35904.55078125,0,0.0,0.0,^CNXENERGY
2026-01-02 11:05:00+05:30,35905.44921875,35932.94921875,35900.69921875,35922.44921875,0,0.0,0.0,^CNXENERGY
2026-01-02 11:10:00+05:30,35923.0,35943.19921875,35918.8984375,35939.80078125,0,0.0,0.0,^CNXENERGY
2026-01-02 11:15:00+05:30,35938.5,35991.6484375,35938.5,35988.3515625,0,0.0,0.0,^CNXENERGY
2026-01-02 11:20:00+05:30,35988.80078125,35994.3515625,35973.6015625,35976.6484375,0,0.0,0.0,^CNXENERGY
2026-01-02 11:25:00+05:30,35977.44921875,35982.75,35964.8515625,35978.5,0,0.0,0.0,^CNXENERGY
2026-01-02 11:30:00+05:30,35978.8984375,35978.8984375,35947.6015625,35947.6015625,0,0.0,0.0,^CNXENERGY
2026-01-02 11:35:00+05:30,35948.55078125,35959.1015625,35942.44921875,35945.6484375,0,0.0,0.0,^CNXENERGY
2026-01-02 11:40:00+05:30,35944.1015625,35962.8515625,35937.3515625,35954.30078125,0,0.0,0.0,^CNXENERGY
2026-01-02 11:45:00+05:30,35955.8515625,35993.69921875,35953.3984375,35974.69921875,0,0.0,0.0,^CNXENERGY
2026-01-02 11:50:00+05:30,35974.94921875,35990.5,35972.94921875,35988.5,0,0.0,0.0,^CNXENERGY
2026-01-02 11:55:00+05:30,35988.3984375,35992.55078125,35967.30078125,35975.0,0,0.0,0.0,^CNXENERGY
2026-01-02 12:00:00+05:30,35975.3984375,36001.5,35974.5,35995.3984375,0,0.0,0.0,^CNXENERGY
2026-01-02 12:05:00+05:30,35997.3515625,36019.6484375,35995.6015625,36005.44921875,0,0.0,0.0,^CNXENERGY
2026-01-02 12:10:00+05:30,36003.3515625,36007.6015625,35992.25,36002.1015625,0,0.0,0.0,^CNXENERGY
2026-01-02 12:15:00+05:30,36001.1015625,36024.80078125,35998.80078125,36003.55078125,0,0.0,0.0,^CNXENERGY
2026-01-02 12:20:00+05:30,36004.6484375,36048.3984375,36001.6484375,36047.05078125,0,0.0,0.0,^CNXENERGY
2026-01-02 12:25:00+05:30,36045.55078125,36058.05078125,36040.69921875,36049.80078125,0,0.0,0.0,^CNXENERGY
2026-01-02 12:30:00+05:30,36051.94921875,36091.44921875,36050.1015625,36087.3984375,0,0.0,0.0,^CNXENERGY
2026-01-02 12:35:00+05:30,36088.1484375,36091.94921875,36061.44921875,36071.1484375,0,0.0,0.0,^CNXENERGY
2026-01-02 12:40:00+05:30,36074.0,36119.94921875,36070.19921875,36093.3984375,0,0.0,0.0,^CNXENERGY
2026-01-02 12:45:00+05:30,36094.1015625,36098.8515625,36072.3984375,36081.44921875,0,0.0,0.0,^CNXENERGY
2026-01-02 12:50:00+05:30,36080.44921875,36100.05078125,36080.44921875,36083.3515625,0,0.0,0.0,^CNXENERGY
2026-01-02 12:55:00+05:30,36085.69921875,36091.8515625,36077.30078125,36085.55078125,0,0.0,0.0,^CNXENERGY
2026-01-02 13:00:00+05:30,36083.55078125,36104.5,36082.1484375,36100.8984375,0,0.0,0.0,^CNXENERGY
2026-01-02 13:05:00+05:30,36099.55078125,36114.6484375,36092.55078125,36112.75,0,0.0,0.0,^CNXENERGY
2026-01-02 13:10:00+05:30,36113.8515625,36137.0,36108.0,36130.3515625,0,0.0,0.0,^CNXENERGY
2026-01-02 13:15:00+05:30,36130.5,36161.69921875,36129.3515625,36149.6484375,0,0.0,0.0,^CNXENERGY
2026-01-02 13:20:00+05:30,36150.44921875,36156.80078125,36145.0,36149.25,0,0.0,0.0,^CNXENERGY
2026-01-02 13:25:00+05:30,36150.8515625,36161.1015625,36136.05078125,36138.80078125,0,0.0,0.0,^CNXENERGY
2026-01-02 13:30:00+05:30,36141.8515625,36142.5,36116.8515625,36124.69921875,0,0.0,0.0,^CNXENERGY
2026-01-02 13:35:00+05:30,36126.19921875,36140.6484375,36124.0,36133.75,0,0.0,0.0,^CNXENERGY
2026-01-02 13:40:00+05:30,36136.1015625,36154.55078125,36134.3984375,36137.30078125,0,0.0,0.0,^CNXENERGY
2026-01-02 13:45:00+05:30,36136.3515625,36143.1015625,36128.1484375,36132.1484375,0,0.0,0.0,^CNXENERGY
2026-01-02 13:50:00+05:30,36132.94921875,36175.69921875,36132.44921875,36167.69921875,0,0.0,0.0,^CNXENERGY
2026-01-02 13:55:00+05:30,36168.80078125,36175.30078125,36161.3984375,36167.25,0,0.0,0.0,^CNXENERGY
2026-01-02 14:00:00+05:30,36165.0,36197.3515625,36165.0,36171.25,0,0.0,0.0,^CNXENERGY
2026-01-02 14:05:00+05:30,36171.05078125,36189.75,36168.44921875,36180.25,0,0.0,0.0,^CNXENERGY
2026-01-02 14:10:00+05:30,36180.3984375,36190.3984375,36171.94921875,36175.5,0,0.0,0.0,^CNXENERGY
2026-01-02 14:15:00+05:30,36175.69921875,36190.5,36173.05078125,36189.1484375,0,0.0,0.0,^CNXENERGY
2026-01-02 14:20:00+05:30,36190.0,36214.1015625,36187.3515625,36209.3984375,0,0.0,0.0,^CNXENERGY
2026-01-02 14:25:00+05:30,36211.30078125,36231.19921875,36203.1484375,36222.80078125,0,0.0,0.0,^CNXENERGY
2026-01-02 14:30:00+05:30,36222.3984375,36225.0,36184.69921875,36193.6015625,0,0.0,0.0,^CNXENERGY
2026-01-02 14:35:00+05:30,36192.05078125,36234.30078125,36184.30078125,36212.19921875,0,0.0,0.0,^CNXENERGY
2026-01-02 14:40:00+05:30,36209.5,36241.75,36196.6484375,36235.94921875,0,0.0,0.0,^CNXENERGY
2026-01-02 14:45:00+05:30,36235.75,36237.5,36211.75,36213.3515625,0,0.0,0.0,^CNXENERGY
2026-01-02 14:50:00+05:30,36213.94921875,36254.1015625,36211.3984375,36249.75,0,0.0,0.0,^CNXENERGY
2026-01-02 14:55:00+05:30,36248.6484375,36262.30078125,36245.55078125,36258.5,0,0.0,0.0,^CNXENERGY
2026-01-02 15:00:00+05:30,36259.44921875,36292.30078125,36259.30078125,36270.05078125,0,0.0,0.0,^CNXENERGY
2026-01-02 15:05:00+05:30,36267.19921875,36283.05078125,36262.69921875,36281.69921875,0,0.0,0.0,^CNXENERGY
2026-01-02 15:10:00+05:30,36279.69921875,36281.80078125,36260.8984375,36265.80078125,0,0.0,0.0,^CNXENERGY
2026-01-02 15:15:00+05:30,36266.3515625,36280.6484375,36252.19921875,36277.3984375,0,0.0,0.0,^CNXENERGY
2026-01-02 15:20:00+05:30,36277.0,36288.94921875,36263.30078125,36286.1484375,0,0.0,0.0,^CNXENERGY
2026-01-02 15:25:00+05:30,36286.30078125,36305.94921875,36279.0,36305.94921875,0,0.0,0.0,^CNXENERGY
2026-01-05 09:15:00+05:30,36384.8515625,36464.5,36304.19921875,36433.6015625,0,0.0,0.0,^CNXENERGY
2026-01-05 09:20:00+05:30,36430.8515625,36448.1484375,36328.94921875,36333.8984375,0,0.0,0.0,^CNXENERGY
2026-01-05 09:25:00+05:30,36332.8984375,36342.6015625,36210.05078125,36215.55078125,0,0.0,0.0,^CNXENERGY
2026-01-05 09:30:00+05:30,36217.3515625,36229.69921875,36159.80078125,36161.3515625,0,0.0,0.0,^CNXENERGY
2026-01-05 09:35:00+05:30,36158.94921875,36158.94921875,36116.30078125,36136.75,0,0.0,0.0,^CNXENERGY
2026-01-05 09:40:00+05:30,36137.55078125,36173.55078125,36123.80078125,36139.44921875,0,0.0,0.0,^CNXENERGY
2026-01-05 09:45:00+05:30,36144.94921875,36159.1484375,36079.19921875,36136.6484375,0,0.0,0.0,^CNXENERGY
2026-01-05 09:50:00+05:30,36137.94921875,36191.69921875,36135.44921875,36158.1015625,0,0.0,0.0,^CNXENERGY
2026-01-05 09:55:00+05:30,36160.8984375,36211.30078125,36155.1484375,36169.3515625,0,0.0,0.0,^CNXENERGY
2026-01-05 10:00:00+05:30,36168.3984375,36187.8984375,36121.80078125,36123.3515625,0,0.0,0.0,^CNXENERGY
2026-01-05 10:05:00+05:30,36122.8984375,36176.6484375,36119.8984375,36161.1015625,0,0.0,0.0,^CNXENERGY
2026-01-05 10:10:00+05:30,36159.80078125,36171.75,36121.19921875,36145.44921875,0,0.0,0.0,^CNXENERGY
2026-01-05 10:15:00+05:30,36144.1484375,36209.30078125,36134.25,36196.55078125,0,0.0,0.0,^CNXENERGY
2026-01-05 10:20:00+05:30,36197.1015625,36211.25,36174.05078125,36209.0,0,0.0,0.0,^CNXENERGY
2026-01-05 10:25:00+05:30,36211.6015625,36227.80078125,36181.0,36181.69921875,0,0.0,0.0,^CNXENERGY
2026-01-05 10:30:00+05:30,36182.3984375,36184.44921875,36150.6484375,36152.69921875,0,0.0,0.0,^CNXENERGY
2026-01-05 10:35:00+05:30,36150.75,36168.3984375,36150.05078125,36156.1484375,0,0.0,0.0,^CNXENERGY
2026-01-05 10:40:00+05:30,36156.5,36161.8515625,36079.05078125,36104.1484375,0,0.0,0.0,^CNXENERGY
2026-01-05 10:45:00+05:30,36104.6484375,36130.1015625,36094.1015625,36123.3515625,0,0.0,0.0,^CNXENERGY
2026-01-05 10:50:00+05:30,36123.8515625,36135.6484375,36110.55078125,36124.75,0,0.0,0.0,^CNXENERGY
2026-01-05 10:55:00+05:30,36123.6484375,36146.69921875,36111.8515625,36129.75,0,0.0,0.0,^CNXENERGY
2026-01-05 11:00:00+05:30,36129.8515625,36208.3984375,36119.69921875,36207.94921875,0,0.0,0.0,^CNXENERGY
2026-01-05 11:05:00+05:30,36206.5,36234.75,36200.5,36217.5,0,0.0,0.0,^CNXENERGY
2026-01-05 11:10:00+05:30,36217.19921875,36271.19921875,36215.05078125,36228.55078125,0,0.0,0.0,^CNXENERGY
2026-01-05 11:15:00+05:30,36230.55078125,36234.30078125,36155.55078125,36155.55078125,0,0.0,0.0,^CNXENERGY
2026-01-05 11:20:00+05:30,36155.6015625,36161.8515625,36096.25,36103.1484375,0,0.0,0.0,^CNXENERGY
2026-01-05 11:25:00+05:30,36103.94921875,36139.75,36097.05078125,36132.3984375,0,0.0,0.0,^CNXENERGY
2026-01-05 11:30:00+05:30,36131.5,36133.3984375,36100.55078125,36101.1015625,0,0.0,0.0,^CNXENERGY
2026-01-05 11:35:00+05:30,36100.8515625,36113.94921875,36084.0,36093.3984375,0,0.0,0.0,^CNXENERGY
2026-01-05 11:40:00+05:30,36094.8515625,36126.1015625,36094.1015625,36123.3984375,0,0.0,0.0,^CNXENERGY
2026-01-05 11:45:00+05:30,36122.05078125,36129.55078125,36105.3984375,36111.55078125,0,0.0,0.0,^CNXENERGY
2026-01-05 11:50:00+05:30,36110.3515625,36122.69921875,36078.5,36079.69921875,0,0.0,0.0,^CNXENERGY
2026-01-05 11:55:00+05:30,36079.94921875,36111.69921875,36079.94921875,36103.80078125,0,0.0,0.0,^CNXENERGY
2026-01-05 12:00:00+05:30,36103.55078125,36106.3515625,36085.25,36087.80078125,0,0.0,0.0,^CNXENERGY
2026-01-05 12:05:00+05:30,36086.1484375,36104.3515625,36081.1015625,36090.3515625,0,0.0,0.0,^CNXENERGY
2026-01-05 12:10:00+05:30,36089.1484375,36120.25,36088.6484375,36115.30078125,0,0.0,0.0,^CNXENERGY
2026-01-05 12:15:00+05:30,36115.30078125,36117.75,36102.3515625,36110.30078125,0,0.0,0.0,^CNXENERGY
2026-01-05 12:20:00+05:30,36109.3515625,36118.6484375,36096.94921875,36115.3515625,0,0.0,0.0,^CNXENERGY
2026-01-05 12:25:00+05:30,36116.55078125,36128.44921875,36099.55078125,36125.8984375,0,0.0,0.0,^CNXENERGY
2026-01-05 12:30:00+05:30,36127.80078125,36148.75,36115.1484375,36118.25,0,0.0,0.0,^CNXENERGY
2026-01-05 12:35:00+05:30,36119.6015625,36125.94921875,36103.1015625,36111.75,0,0.0,0.0,^CNXENERGY
2026-01-05 12:40:00+05:30,36112.3984375,36112.3984375,36084.0,36095.1015625,0,0.0,0.0,^CNXENERGY
2026-01-05 12:45:00+05:30,36094.6015625,36123.1015625,36093.19921875,36121.05078125,0,0.0,0.0,^CNXENERGY
2026-01-05 12:50:00+05:30,36123.8984375,36133.05078125,36117.1484375,36122.75,0,0.0,0.0,^CNXENERGY
2026-01-05 12:55:00+05:30,36124.5,36138.30078125,36121.0,36127.30078125,0,0.0,0.0,^CNXENERGY
2026-01-05 13:00:00+05:30,36129.3984375,36143.6015625,36124.75,36128.8984375,0,0.0,0.0,^CNXENERGY
2026-01-05 13:05:00+05:30,36131.1484375,36134.75,36103.19921875,36104.8515625,0,0.0,0.0,^CNXENERGY
2026-01-05 13:10:00+05:30,36105.25,36119.3515625,36097.8515625,36100.44921875,0,0.0,0.0,^CNXENERGY
2026-01-05 13:15:00+05:30,36099.25,36106.44921875,36084.80078125,36101.05078125,0,0.0,0.0,^CNXENERGY
2026-01-05 13:20:00+05:30,36102.1484375,36114.8984375,36093.8515625,36111.80078125,0,0.0,0.0,^CNXENERGY
2026-01-05 13:25:00+05:30,36112.5,36121.5,36071.25,36073.6015625,0,0.0,0.0,^CNXENERGY
2026-01-05 13:30:00+05:30,36074.3984375,36077.30078125,36018.8984375,36021.80078125,0,0.0,0.0,^CNXENERGY
2026-01-05 13:35:00+05:30,36022.8984375,36037.8515625,36010.8515625,36033.3984375,0,0.0,0.0,^CNXENERGY
2026-01-05 13:40:00+05:30,36033.30078125,36048.3984375,36029.19921875,36044.3515625,0,0.0,0.0,^CNXENERGY
2026-01-05 13:45:00+05:30,36046.6015625,36049.55078125,36020.69921875,36020.69921875,0,0.0,0.0,^CNXENERGY
2026-01-05 13:50:00+05:30,36021.30078125,36021.30078125,35995.8515625,36016.6015625,0,0.0,0.0,^CNXENERGY
2026-01-05 13:55:00+05:30,36015.80078125,36027.69921875,35986.75,35990.1484375,0,0.0,0.0,^CNXENERGY
2026-01-05 14:00:00+05:30,35986.8515625,35990.6015625,35939.94921875,35942.55078125,0,0.0,0.0,^CNXENERGY
2026-01-05 14:05:00+05:30,35943.80078125,35949.25,35924.69921875,35939.3515625,0,0.0,0.0,^CNXENERGY
2026-01-05 14:10:00+05:30,35937.75,35963.55078125,35935.0,35949.19921875,0,0.0,0.0,^CNXENERGY
2026-01-05 14:15:00+05:30,35946.6484375,35971.25,35943.80078125,35956.30078125,0,0.0,0.0,^CNXENERGY
2026-01-05 14:20:00+05:30,35957.30078125,35973.0,35926.8984375,35971.6484375,0,0.0,0.0,^CNXENERGY
2026-01-05 14:25:00+05:30,35970.94921875,35989.44921875,35957.30078125,35957.44921875,0,0.0,0.0,^CNXENERGY
2026-01-05 14:30:00+05:30,35957.25,35987.75,35957.25,35986.0,0,0.0,0.0,^CNXENERGY
2026-01-05 14:35:00+05:30,35988.19921875,35992.80078125,35951.44921875,35955.6015625,0,0.0,0.0,^CNXENERGY
2026-01-05 14:40:00+05:30,35955.30078125,36000.3515625,35953.25,36000.3515625,0,0.0,0.0,^CNXENERGY
2026-01-05 14:45:00+05:30,36000.0,36030.6015625,35992.05078125,36028.55078125,0,0.0,0.0,^CNXENERGY
2026-01-05 14:50:00+05:30,36030.5,36054.8984375,36011.80078125,36043.5,0,0.0,0.0,^CNXENERGY
2026-01-05 14:55:00+05:30,36043.94921875,36088.55078125,36035.0,36086.0,0,0.0,0.0,^CNXENERGY
2026-01-05 15:00:00+05:30,36084.6484375,36115.1015625,36069.3984375,36087.1015625,0,0.0,0.0,^CNXENERGY
2026-01-05 15:05:00+05:30,36084.55078125,36088.94921875,36049.75,36065.19921875,0,0.0,0.0,^CNXENERGY
2026-01-05 15:10:00+05:30,36065.55078125,36083.0,36062.80078125,36071.05078125,0,0.0,0.0,^CNXENERGY
2026-01-05 15:15:00+05:30,36069.8984375,36070.80078125,36024.44921875,36032.44921875,0,0.0,0.0,^CNXENERGY
2026-01-05 15:20:00+05:30,36031.44921875,36041.55078125,36021.44921875,36040.0,0,0.0,0.0,^CNXENERGY
2026-01-05 15:25:00+05:30,36038.0,36039.6484375,36016.1484375,36024.44921875,0,0.0,0.0,^CNXENERGY
2026-01-06 09:15:00+05:30,36001.1015625,36029.3984375,35905.44921875,35905.44921875,0,0.0,0.0,^CNXENERGY
2026-01-06 09:20:00+05:30,35904.69921875,35911.05078125,35855.8984375,35896.5,0,0.0,0.0,^CNXENERGY
2026-01-06 09:25:00+05:30,35900.8984375,35938.3984375,35847.8515625,35856.55078125,0,0.0,0.0,^CNXENERGY
2026-01-06 09:30:00+05:30,35852.1484375,35946.75,35849.69921875,35932.3984375,0,0.0,0.0,^CNXENERGY
2026-01-06 09:35:00+05:30,35932.5,35972.3515625,35891.1015625,35894.75,0,0.0,0.0,^CNXENERGY
2026-01-06 09:40:00+05:30,35892.80078125,35893.75,35857.8984375,35891.1484375,0,0.0,0.0,^CNXENERGY
2026-01-06 09:45:00+05:30,35893.19921875,36005.69921875,35881.0,36000.25,0,0.0,0.0,^CNXENERGY
2026-01-06 09:50:00+05:30,36000.19921875,36001.44921875,35982.5,35989.80078125,0,0.0,0.0,^CNXENERGY
2026-01-06 09:55:00+05:30,35988.8515625,36022.44921875,35987.6015625,36017.0,0,0.0,0.0,^CNXENERGY
2026-01-06 10:00:00+05:30,36016.5,36023.94921875,35995.25,36001.44921875,0,0.0,0.0,^CNXENERGY
2026-01-06 10:05:00+05:30,35998.8515625,36000.1015625,35956.1484375,35977.55078125,0,0.0,0.0,^CNXENERGY
2026-01-06 10:10:00+05:30,35976.8515625,35982.1484375,35941.69921875,35943.94921875,0,0.0,0.0,^CNXENERGY
2026-01-06 10:15:00+05:30,35942.6484375,35974.1015625,35915.6484375,35917.1015625,0,0.0,0.0,^CNXENERGY
2026-01-06 10:20:00+05:30,35916.6015625,35918.1015625,35853.80078125,35872.1484375,0,0.0,0.0,^CNXENERGY
2026-01-06 10:25:00+05:30,35871.0,35894.69921875,35864.75,35876.05078125,0,0.0,0.0,^CNXENERGY
2026-01-06 10:30:00+05:30,35875.30078125,35916.05078125,35874.94921875,35905.69921875,0,0.0,0.0,^CNXENERGY
2026-01-06 10:35:00+05:30,35907.44921875,35909.6484375,35871.30078125,35881.8515625,0,0.0,0.0,^CNXENERGY
2026-01-06 10:40:00+05:30,35881.25,35908.8515625,35879.55078125,35898.3515625,0,0.0,0.0,^CNXENERGY
2026-01-06 10:45:00+05:30,35899.25,35899.80078125,35855.1015625,35855.25,0,0.0,0.0,^CNXENERGY
2026-01-06 10:50:00+05:30,35855.3515625,35865.5,35852.80078125,35862.69921875,0,0.0,0.0,^CNXENERGY
2026-01-06 10:55:00+05:30,35862.80078125,35868.3515625,35815.5,35822.0,0,0.0,0.0,^CNXENERGY
2026-01-06 11:00:00+05:30,35822.0,35855.30078125,35816.6015625,35855.0,0,0.0,0.0,^CNXENERGY
2026-01-06 11:05:00+05:30,35855.69921875,35859.30078125,35819.3515625,35820.8515625,0,0.0,0.0,^CNXENERGY
2026-01-06 11:10:00+05:30,35819.8984375,35822.1015625,35748.80078125,35751.6484375,0,0.0,0.0,^CNXENERGY
2026-01-06 11:15:00+05:30,35750.44921875,35753.30078125,35692.25,35704.8515625,0,0.0,0.0,^CNXENERGY
2026-01-06 11:20:00+05:30,35705.0,35708.25,35669.3984375,35708.25,0,0.0,0.0,^CNXENERGY
2026-01-06 11:25:00+05:30,35706.80078125,35753.75,35703.75,35753.75,0,0.0,0.0,^CNXENERGY
2026-01-06 11:30:00+05:30,35753.8515625,35766.94921875,35737.25,35765.3515625,0,0.0,0.0,^CNXENERGY
2026-01-06 11:35:00+05:30,35764.94921875,35790.05078125,35759.94921875,35777.30078125,0,0.0,0.0,^CNXENERGY
2026-01-06 11:40:00+05:30,35777.69921875,35812.0,35766.75,35812.0,0,0.0,0.0,^CNXENERGY
2026-01-06 11:45:00+05:30,35811.75,35812.94921875,35790.1015625,35801.8984375,0,0.0,0.0,^CNXENERGY
2026-01-06 11:50:00+05:30,35801.55078125,35816.1484375,35787.80078125,35810.8984375,0,0.0,0.0,^CNXENERGY
2026-01-06 11:55:00+05:30,35812.0,35815.3984375,35784.3984375,35786.8984375,0,0.0,0.0,^CNXENERGY
2026-01-06 12:00:00+05:30,35786.1015625,35811.25,35772.44921875,35793.0,0,0.0,0.0,^CNXENERGY
2026-01-06 12:05:00+05:30,35793.19921875,35796.3515625,35777.1015625,35778.5,0,0.0,0.0,^CNXENERGY
2026-01-06 12:10:00+05:30,35776.75,35790.25,35773.6484375,35788.44921875,0,0.0,0.0,^CNXENERGY
2026-01-06 12:15:00+05:30,35787.6484375,35789.30078125,35762.55078125,35768.6484375,0,0.0,0.0,^CNXENERGY
2026-01-06 12:20:00+05:30,35767.25,35774.5,35739.3515625,35744.80078125,0,0.0,0.0,^CNXENERGY
2026-01-06 12:25:00+05:30,35743.80078125,35760.44921875,35736.44921875,35743.8984375,0,0.0,0.0,^CNXENERGY
2026-01-06 12:30:00+05:30,35741.94921875,35746.5,35719.55078125,35727.5,0,0.0,0.0,^CNXENERGY
2026-01-06 12:35:00+05:30,35730.94921875,35753.3515625,35727.80078125,35741.44921875,0,0.0,0.0,^CNXENERGY
2026-01-06 12:40:00+05:30,35740.19921875,35779.0,35739.30078125,35758.94921875,0,0.0,0.0,^CNXENERGY
2026-01-06 12:45:00+05:30,35758.05078125,35775.6484375,35756.69921875,35771.6015625,0,0.0,0.0,^CNXENERGY
2026-01-06 12:50:00+05:30,35770.1484375,35794.1484375,35769.44921875,35783.55078125,0,0.0,0.0,^CNXENERGY
2026-01-06 12:55:00+05:30,35784.80078125,35808.3515625,35779.0,35799.3984375,0,0.0,0.0,^CNXENERGY
2026-01-06 13:00:00+05:30,35802.30078125,35815.3984375,35799.25,35812.25,0,0.0,0.0,^CNXENERGY
2026-01-06 13:05:00+05:30,35811.75,35845.05078125,35809.30078125,35839.6484375,0,0.0,0.0,^CNXENERGY
2026-01-06 13:10:00+05:30,35840.6484375,35848.94921875,35816.44921875,35818.19921875,0,0.0,0.0,^CNXENERGY
2026-01-06 13:15:00+05:30,35818.6484375,35819.1484375,35791.5,35798.05078125,0,0.0,0.0,^CNXENERGY
2026-01-06 13:20:00+05:30,35797.55078125,35807.25,35796.25,35803.5,0,0.0,0.0,^CNXENERGY
2026-01-06 13:25:00+05:30,35803.80078125,35804.3984375,35773.3515625,35785.3984375,0,0.0,0.0,^CNXENERGY
2026-01-06 13:30:00+05:30,35786.30078125,35786.55078125,35762.05078125,35773.75,0,0.0,0.0,^CNXENERGY
2026-01-06 13:35:00+05:30,35773.5,35789.69921875,35772.75,35786.94921875,0,0.0,0.0,^CNXENERGY
2026-01-06 13:40:00+05:30,35786.6484375,35806.0,35774.80078125,35804.69921875,0,0.0,0.0,^CNXENERGY
2026-01-06 13:45:00+05:30,35804.75,35819.25,35793.3515625,35819.05078125,0,0.0,0.0,^CNXENERGY
2026-01-06 13:50:00+05:30,35818.75,35841.19921875,35795.8515625,35795.8515625,0,0.0,0.0,^CNXENERGY
2026-01-06 13:55:00+05:30,35796.55078125,35808.1015625,35786.0,35797.19921875,0,0.0,0.0,^CNXENERGY
2026-01-06 14:00:00+05:30,35794.5,35806.1015625,35768.75,35772.6484375,0,0.0,0.0,^CNXENERGY
2026-01-06 14:05:00+05:30,35772.75,35783.8984375,35736.19921875,35742.3984375,0,0.0,0.0,^CNXENERGY
2026-01-06 14:10:00+05:30,35742.44921875,35743.69921875,35718.69921875,35726.3984375,0,0.0,0.0,^CNXENERGY
2026-01-06 14:15:00+05:30,35726.1015625,35730.5,35717.55078125,35719.75,0,0.0,0.0,^CNXENERGY
2026-01-06 14:20:00+05:30,35719.8984375,35731.75,35707.05078125,35727.1484375,0,0.0,0.0,^CNXENERGY
2026-01-06 14:25:00+05:30,35724.1484375,35744.3515625,35719.1484375,35743.8984375,0,0.0,0.0,^CNXENERGY
2026-01-06 14:30:00+05:30,35743.1015625,35750.0,35733.8515625,35748.0,0,0.0,0.0,^CNXENERGY
2026-01-06 14:35:00+05:30,35748.75,35768.25,35728.8515625,35755.0,0,0.0,0.0,^CNXENERGY
2026-01-06 14:40:00+05:30,35754.5,35803.6015625,35754.0,35794.05078125,0,0.0,0.0,^CNXENERGY
2026-01-06 14:45:00+05:30,35793.6015625,35825.05078125,35781.3984375,35813.6015625,0,0.0,0.0,^CNXENERGY
2026-01-06 14:50:00+05:30,35813.3515625,35823.75,35800.6484375,35818.8515625,0,0.0,0.0,^CNXENERGY
2026-01-06 14:55:00+05:30,35818.8515625,35857.1015625,35811.5,35852.75,0,0.0,0.0,^CNXENERGY
2026-01-06 15:00:00+05:30,35854.80078125,35884.55078125,35854.80078125,35872.6484375,0,0.0,0.0,^CNXENERGY
2026-01-06 15:05:00+05:30,35872.75,35875.5,35856.44921875,35869.75,0,0.0,0.0,^CNXENERGY
2026-01-06 15:10:00+05:30,35868.80078125,35874.44921875,35849.1015625,35861.55078125,0,0.0,0.0,^CNXENERGY
2026-01-06 15:15:00+05:30,35856.3984375,35860.75,35830.05078125,35837.8984375,0,0.0,0.0,^CNXENERGY
2026-01-06 15:20:00+05:30,35834.8515625,35845.69921875,35832.30078125,35843.3984375,0,0.0,0.0,^CNXENERGY
2026-01-06 15:25:00+05:30,35841.3984375,35849.69921875,35815.05078125,35821.1484375,0,0.0,0.0,^CNXENERGY
2026-01-07 09:15:00+05:30,35801.1484375,35851.80078125,35768.05078125,35827.94921875,0,0.0,0.0,^CNXENERGY
2026-01-07 09:20:00+05:30,35828.6015625,35852.1015625,35811.1484375,35845.1484375,0,0.0,0.0,^CNXENERGY
2026-01-07 09:25:00+05:30,35843.3984375,35847.44921875,35732.94921875,35742.19921875,0,0.0,0.0,^CNXENERGY
2026-01-07 09:30:00+05:30,35741.55078125,35767.94921875,35734.8984375,35744.8515625,0,0.0,0.0,^CNXENERGY
2026-01-07 09:35:00+05:30,35744.30078125,35752.94921875,35722.3515625,35727.94921875,0,0.0,0.0,^CNXENERGY
2026-01-07 09:40:00+05:30,35729.25,35729.25,35674.80078125,35676.0,0,0.0,0.0,^CNXENERGY
2026-01-07 09:45:00+05:30,35677.69921875,35687.8984375,35651.5,35653.80078125,0,0.0,0.0,^CNXENERGY
2026-01-07 09:50:00+05:30,35654.8984375,35692.94921875,35636.3515625,35689.30078125,0,0.0,0.0,^CNXENERGY
2026-01-07 09:55:00+05:30,35691.44921875,35755.1015625,35690.8515625,35741.8984375,0,0.0,0.0,^CNXENERGY
2026-01-07 10:00:00+05:30,35740.8984375,35778.1484375,35735.0,35764.8515625,0,0.0,0.0,^CNXENERGY
2026-01-07 10:05:00+05:30,35762.94921875,35800.75,35742.44921875,35799.05078125,0,0.0,0.0,^CNXENERGY
2026-01-07 10:10:00+05:30,35800.25,35849.94921875,35798.3984375,35839.8515625,0,0.0,0.0,^CNXENERGY
2026-01-07 10:15:00+05:30,35841.6484375,35872.69921875,35813.69921875,35818.6015625,0,0.0,0.0,^CNXENERGY
2026-01-07 10:20:00+05:30,35819.8984375,35845.5,35819.8984375,35824.44921875,0,0.0,0.0,^CNXENERGY
2026-01-07 10:25:00+05:30,35824.19921875,35825.69921875,35781.94921875,35783.25,0,0.0,0.0,^CNXENERGY
2026-01-07 10:30:00+05:30,35785.1484375,35786.94921875,35775.0,35776.3515625,0,0.0,0.0,^CNXENERGY
2026-01-07 10:35:00+05:30,35776.75,35782.55078125,35754.25,35774.8984375,0,0.0,0.0,^CNXENERGY
2026-01-07 10:40:00+05:30,35776.19921875,35792.05078125,35776.19921875,35786.30078125,0,0.0,0.0,^CNXENERGY
2026-01-07 10:45:00+05:30,35785.8984375,35798.8515625,35770.6015625,35780.1015625,0,0.0,0.0,^CNXENERGY
2026-01-07 10:50:00+05:30,35780.6015625,35843.1484375,35774.3984375,35841.0,0,0.0,0.0,^CNXENERGY
2026-01-07 10:55:00+05:30,35841.30078125,35846.0,35821.80078125,35833.25,0,0.0,0.0,^CNXENERGY
2026-01-07 11:00:00+05:30,35834.5,35847.80078125,35825.1484375,35843.80078125,0,0.0,0.0,^CNXENERGY
2026-01-07 11:05:00+05:30,35843.25,35853.0,35825.1015625,35825.1015625,0,0.0,0.0,^CNXENERGY
2026-01-07 11:10:00+05:30,35826.3515625,35828.0,35780.19921875,35781.6484375,0,0.0,0.0,^CNXENERGY
2026-01-07 11:15:00+05:30,35781.44921875,35782.75,35743.55078125,35746.44921875,0,0.0,0.0,^CNXENERGY
2026-01-07 11:20:00+05:30,35746.19921875,35755.94921875,35728.05078125,35746.1015625,0,0.0,0.0,^CNXENERGY
2026-01-07 11:25:00+05:30,35747.44921875,35762.5,35737.6015625,35743.8515625,0,0.0,0.0,^CNXENERGY
2026-01-07 11:30:00+05:30,35744.3984375,35758.80078125,35738.1484375,35754.3984375,0,0.0,0.0,^CNXENERGY
2026-01-07 11:35:00+05:30,35756.5,35775.1015625,35728.55078125,35736.30078125,0,0.0,0.0,^CNXENERGY
2026-01-07 11:40:00+05:30,35738.25,35748.6484375,35733.94921875,35734.3984375,0,0.0,0.0,^CNXENERGY
2026-01-07 11:45:00+05:30,35739.1015625,35739.30078125,35709.69921875,35711.55078125,0,0.0,0.0,^CNXENERGY
2026-01-07 11:50:00+05:30,35713.75,35726.3515625,35689.3984375,35690.6015625,0,0.0,0.0,^CNXENERGY
2026-01-07 11:55:00+05:30,35692.75,35699.8515625,35684.6484375,35687.1484375,0,0.0,0.0,^CNXENERGY
2026-01-07 12:00:00+05:30,35691.55078125,35695.1015625,35669.0,35678.55078125,0,0.0,0.0,^CNXENERGY
2026-01-07 12:05:00+05:30,35679.30078125,35692.19921875,35674.30078125,35681.0,0,0.0,0.0,^CNXENERGY
2026-01-07 12:10:00+05:30,35683.94921875,35702.3515625,35676.3515625,35695.6484375,0,0.0,0.0,^CNXENERGY
2026-01-07 12:15:00+05:30,35696.0,35699.30078125,35661.05078125,35663.69921875,0,0.0,0.0,^CNXENERGY
2026-01-07 12:20:00+05:30,35664.8984375,35668.3984375,35651.1015625,35659.25,0,0.0,0.0,^CNXENERGY
2026-01-07 12:25:00+05:30,35659.8984375,35662.6484375,35643.75,35651.75,0,0.0,0.0,^CNXENERGY
2026-01-07 12:30:00+05:30,35651.75,35675.0,35651.75,35661.6484375,0,0.0,0.0,^CNXENERGY
2026-01-07 12:35:00+05:30,35661.6484375,35669.8515625,35655.44921875,35666.8984375,0,0.0,0.0,^CNXENERGY
2026-01-07 12:40:00+05:30,35671.69921875,35673.6015625,35631.55078125,35640.69921875,0,0.0,0.0,^CNXENERGY
2026-01-07 12:45:00+05:30,35639.8984375,35652.55078125,35630.8984375,35639.75,0,0.0,0.0,^CNXENERGY
2026-01-07 12:50:00+05:30,35641.69921875,35671.80078125,35640.6484375,35668.6484375,0,0.0,0.0,^CNXENERGY
2026-01-07 12:55:00+05:30,35671.3515625,35680.6484375,35666.30078125,35678.05078125,0,0.0,0.0,^CNXENERGY
2026-01-07 13:00:00+05:30,35679.19921875,35700.6484375,35675.8984375,35696.6484375,0,0.0,0.0,^CNXENERGY
2026-01-07 13:05:00+05:30,35698.19921875,35709.8984375,35689.44921875,35699.55078125,0,0.0,0.0,^CNXENERGY
2026-01-07 13:10:00+05:30,35701.19921875,35710.1015625,35696.6484375,35698.69921875,0,0.0,0.0,^CNXENERGY
2026-01-07 13:15:00+05:30,35697.5,35705.30078125,35694.94921875,35697.6484375,0,0.0,0.0,^CNXENERGY
2026-01-07 13:20:00+05:30,35698.94921875,35699.80078125,35680.5,35682.0,0,0.0,0.0,^CNXENERGY
2026-01-07 13:25:00+05:30,35683.44921875,35691.05078125,35657.6015625,35659.19921875,0,0.0,0.0,^CNXENERGY
2026-01-07 13:30:00+05:30,35662.44921875,35672.30078125,35658.75,35664.5,0,0.0,0.0,^CNXENERGY
2026-01-07 13:35:00+05:30,35666.1484375,35680.55078125,35661.75,35676.05078125,0,0.0,0.0,^CNXENERGY
2026-01-07 13:40:00+05:30,35676.80078125,35676.80078125,35658.5,35665.05078125,0,0.0,0.0,^CNXENERGY
2026-01-07 13:45:00+05:30,35667.6015625,35687.94921875,35662.1015625,35685.5,0,0.0,0.0,^CNXENERGY
2026-01-07 13:50:00+05:30,35687.94921875,35690.69921875,35674.30078125,35682.6015625,0,0.0,0.0,^CNXENERGY
2026-01-07 13:55:00+05:30,35683.30078125,35702.0,35679.80078125,35700.44921875,0,0.0,0.0,^CNXENERGY
2026-01-07 14:00:00+05:30,35702.55078125,35709.55078125,35677.6015625,35706.75,0,0.0,0.0,^CNXENERGY
2026-01-07 14:05:00+05:30,35708.6015625,35715.1484375,35701.69921875,35709.94921875,0,0.0,0.0,^CNXENERGY
2026-01-07 14:10:00+05:30,35712.8984375,35729.3515625,35701.8515625,35701.8515625,0,0.0,0.0,^CNXENERGY
2026-01-07 14:15:00+05:30,35702.19921875,35706.6484375,35680.25,35683.3515625,0,0.0,0.0,^CNXENERGY
2026-01-07 14:20:00+05:30,35682.75,35689.8515625,35673.8984375,35674.55078125,0,0.0,0.0,^CNXENERGY
2026-01-07 14:25:00+05:30,35674.8984375,35688.6015625,35663.80078125,35685.3984375,0,0.0,0.0,^CNXENERGY
2026-01-07 14:30:00+05:30,35687.69921875,35700.0,35678.44921875,35682.44921875,0,0.0,0.0,^CNXENERGY
2026-01-07 14:35:00+05:30,35684.3984375,35691.75,35672.5,35685.1484375,0,0.0,0.0,^CNXENERGY
2026-01-07 14:40:00+05:30,35685.8515625,35719.6484375,35682.80078125,35712.44921875,0,0.0,0.0,^CNXENERGY
2026-01-07 14:45:00+05:30,35714.94921875,35714.94921875,35679.69921875,35696.8984375,0,0.0,0.0,^CNXENERGY
2026-01-07 14:50:00+05:30,35696.8984375,35747.94921875,35694.44921875,35743.5,0,0.0,0.0,^CNXENERGY
2026-01-07 14:55:00+05:30,35744.25,35766.1015625,35733.94921875,35761.44921875,0,0.0,0.0,^CNXENERGY
2026-01-07 15:00:00+05:30,35768.19921875,35799.6015625,35740.25,35763.6015625,0,0.0,0.0,^CNXENERGY
2026-01-07 15:05:00+05:30,35763.05078125,35788.05078125,35762.6484375,35777.5,0,0.0,0.0,^CNXENERGY
2026-01-07 15:10:00+05:30,35778.8984375,35791.75,35764.8515625,35778.0,0,0.0,0.0,^CNXENERGY
2026-01-07 15:15:00+05:30,35780.25,35782.3984375,35751.3984375,35765.30078125,0,0.0,0.0,^CNXENERGY
2026-01-07 15:20:00+05:30,35766.0,35766.0,35745.44921875,35757.1015625,0,0.0,0.0,^CNXENERGY
2026-01-07 15:25:00+05:30,35758.3984375,35766.44921875,35746.25,35759.75,0,0.0,0.0,^CNXENERGY
2026-01-08 09:15:00+05:30,35728.25,35784.6484375,35656.3515625,35767.19921875,0,0.0,0.0,^CNXENERGY
2026-01-08 09:20:00+05:30,35763.94921875,35768.3515625,35697.1015625,35713.05078125,0,0.0,0.0,^CNXENERGY
2026-01-08 09:25:00+05:30,35712.1015625,35713.0,35632.0,35632.0,0,0.0,0.0,^CNXENERGY
2026-01-08 09:30:00+05:30,35632.3515625,35640.3984375,35578.80078125,35592.8515625,0,0.0,0.0,^CNXENERGY
2026-01-08 09:35:00+05:30,35593.25,35650.75,35554.30078125,35645.05078125,0,0.0,0.0,^CNXENERGY
2026-01-08 09:40:00+05:30,35647.94921875,35662.1484375,35629.30078125,35629.30078125,0,0.0,0.0,^CNXENERGY
2026-01-08 09:45:00+05:30,35631.30078125,35631.30078125,35568.1484375,35583.19921875,0,0.0,0.0,^CNXENERGY
2026-01-08 09:50:00+05:30,35581.5,35652.1015625,35564.1015625,35648.25,0,0.0,0.0,^CNXENERGY
2026-01-08 09:55:00+05:30,35647.80078125,35665.19921875,35631.3984375,35653.3984375,0,0.0,0.0,^CNXENERGY
2026-01-08 10:00:00+05:30,35653.44921875,35654.3984375,35589.30078125,35594.3515625,0,0.0,0.0,^CNXENERGY
2026-01-08 10:05:00+05:30,35595.8515625,35605.1484375,35540.0,35560.30078125,0,0.0,0.0,^CNXENERGY
2026-01-08 10:10:00+05:30,35559.0,35585.0,35534.25,35581.5,0,0.0,0.0,^CNXENERGY
2026-01-08 10:15:00+05:30,35580.69921875,35592.3515625,35542.6015625,35542.6015625,0,0.0,0.0,^CNXENERGY
2026-01-08 10:20:00+05:30,35543.1484375,35546.5,35501.3515625,35529.6015625,0,0.0,0.0,^CNXENERGY
2026-01-08 10:25:00+05:30,35530.0,35566.80078125,35519.80078125,35566.19921875,0,0.0,0.0,^CNXENERGY
2026-01-08 10:30:00+05:30,35566.80078125,35569.94921875,35543.1484375,35548.5,0,0.0,0.0,^CNXENERGY
2026-01-08 10:35:00+05:30,35548.8515625,35556.5,35507.3984375,35507.3984375,0,0.0,0.0,^CNXENERGY
2026-01-08 10:40:00+05:30,35506.5,35508.44921875,35470.3515625,35503.75,0,0.0,0.0,^CNXENERGY
2026-01-08 10:45:00+05:30,35504.94921875,35511.80078125,35462.0,35465.05078125,0,0.0,0.0,^CNXENERGY
2026-01-08 10:50:00+05:30,35465.94921875,35468.69921875,35437.19921875,35448.1015625,0,0.0,0.0,^CNXENERGY
2026-01-08 10:55:00+05:30,35446.6015625,35449.6015625,35420.1484375,35422.8515625,0,0.0,0.0,^CNXENERGY
2026-01-08 11:00:00+05:30,35422.69921875,35424.0,35384.6015625,35398.8515625,0,0.0,0.0,^CNXENERGY
2026-01-08 11:05:00+05:30,35397.6484375,35397.69921875,35380.05078125,35393.75,0,0.0,0.0,^CNXENERGY
2026-01-08 11:10:00+05:30,35394.30078125,35394.8515625,35343.25,35346.25,0,0.0,0.0,^CNXENERGY
2026-01-08 11:15:00+05:30,35344.30078125,35356.3984375,35302.25,35315.1484375,0,0.0,0.0,^CNXENERGY
2026-01-08 11:20:00+05:30,35315.1015625,35315.6015625,35249.19921875,35260.8515625,0,0.0,0.0,^CNXENERGY
2026-01-08 11:25:00+05:30,35259.0,35259.5,35225.1484375,35227.25,0,0.0,0.0,^CNXENERGY
2026-01-08 11:30:00+05:30,35223.8515625,35227.0,35200.3984375,35216.1015625,0,0.0,0.0,^CNXENERGY
2026-01-08 11:35:00+05:30,35214.3984375,35271.69921875,35214.3984375,35266.6015625,0,0.0,0.0,^CNXENERGY
2026-01-08 11:40:00+05:30,35265.75,35275.8984375,35247.6484375,35251.8515625,0,0.0,0.0,^CNXENERGY
2026-01-08 11:45:00+05:30,35248.6015625,35259.1015625,35202.75,35210.19921875,0,0.0,0.0,^CNXENERGY
2026-01-08 11:50:00+05:30,35207.5,35209.8515625,35179.25,35188.1015625,0,0.0,0.0,^CNXENERGY
2026-01-08 11:55:00+05:30,35184.3515625,35184.3515625,35109.1484375,35109.1484375,0,0.0,0.0,^CNXENERGY
2026-01-08 12:00:00+05:30,35106.5,35115.8984375,35069.8515625,35070.6015625,0,0.0,0.0,^CNXENERGY
2026-01-08 12:05:00+05:30,35068.94921875,35094.5,35024.6015625,35088.19921875,0,0.0,0.0,^CNXENERGY
2026-01-08 12:10:00+05:30,35088.69921875,35163.3515625,35088.69921875,35160.30078125,0,0.0,0.0,^CNXENERGY
2026-01-08 12:15:00+05:30,35160.69921875,35192.0,35152.8984375,35166.8984375,0,0.0,0.0,^CNXENERGY
2026-01-08 12:20:00+05:30,35167.05078125,35173.55078125,35133.3515625,35140.6484375,0,0.0,0.0,^CNXENERGY
2026-01-08 12:25:00+05:30,35138.19921875,35192.6484375,35138.19921875,35189.30078125,0,0.0,0.0,^CNXENERGY
2026-01-08 12:30:00+05:30,35186.55078125,35197.8515625,35144.30078125,35149.55078125,0,0.0,0.0,^CNXENERGY
2026-01-08 12:35:00+05:30,35145.75,35159.5,35132.8515625,35139.30078125,0,0.0,0.0,^CNXENERGY
2026-01-08 12:40:00+05:30,35138.1484375,35151.55078125,35113.5,35142.55078125,0,0.0,0.0,^CNXENERGY
2026-01-08 12:45:00+05:30,35142.6484375,35158.1484375,35117.44921875,35129.55078125,0,0.0,0.0,^CNXENERGY
2026-01-08 12:50:00+05:30,35129.94921875,35143.55078125,35098.05078125,35131.44921875,0,0.0,0.0,^CNXENERGY
2026-01-08 12:55:00+05:30,35131.6015625,35137.19921875,35105.6015625,35106.05078125,0,0.0,0.0,^CNXENERGY
2026-01-08 13:00:00+05:30,35105.75,35141.25,35090.19921875,35141.25,0,0.0,0.0,^CNXENERGY
2026-01-08 13:05:00+05:30,35141.5,35151.3515625,35082.6015625,35104.0,0,0.0,0.0,^CNXENERGY
2026-01-08 13:10:00+05:30,35101.3515625,35110.8515625,35085.6484375,35093.25,0,0.0,0.0,^CNXENERGY
2026-01-08 13:15:00+05:30,35093.6484375,35095.3984375,35056.3984375,35073.8984375,0,0.0,0.0,^CNXENERGY
2026-01-08 13:20:00+05:30,35073.0,35089.75,35053.0,35053.0,0,0.0,0.0,^CNXENERGY
2026-01-08 13:25:00+05:30,35054.3984375,35055.8515625,35012.25,35012.6015625,0,0.0,0.0,^CNXENERGY
2026-01-08 13:30:00+05:30,35012.1484375,35012.55078125,34982.19921875,35007.0,0,0.0,0.0,^CNXENERGY
2026-01-08 13:35:00+05:30,35007.3515625,35024.3515625,35005.19921875,35010.3984375,0,0.0,0.0,^CNXENERGY
2026-01-08 13:40:00+05:30,35010.80078125,35024.1015625,34994.55078125,35020.3984375,0,0.0,0.0,^CNXENERGY
2026-01-08 13:45:00+05:30,35019.3984375,35075.44921875,35017.5,35054.25,0,0.0,0.0,^CNXENERGY
2026-01-08 13:50:00+05:30,35054.3515625,35092.25,35034.8515625,35071.3515625,0,0.0,0.0,^CNXENERGY
2026-01-08 13:55:00+05:30,35071.05078125,35097.30078125,35057.19921875,35067.69921875,0,0.0,0.0,^CNXENERGY
2026-01-08 14:00:00+05:30,35069.19921875,35080.25,35037.44921875,35048.6015625,0,0.0,0.0,^CNXENERGY
2026-01-08 14:05:00+05:30,35050.55078125,35071.30078125,35035.6015625,35037.05078125,0,0.0,0.0,^CNXENERGY
2026-01-08 14:10:00+05:30,35035.6484375,35038.3984375,35015.19921875,35027.69921875,0,0.0,0.0,^CNXENERGY
2026-01-08 14:15:00+05:30,35030.1484375,35065.80078125,35030.1484375,35054.80078125,0,0.0,0.0,^CNXENERGY
2026-01-08 14:20:00+05:30,35053.80078125,35061.25,35016.1484375,35020.0,0,0.0,0.0,^CNXENERGY
2026-01-08 14:25:00+05:30,35020.80078125,35027.25,34960.30078125,34963.69921875,0,0.0,0.0,^CNXENERGY
2026-01-08 14:30:00+05:30,34965.8515625,35037.19921875,34965.8515625,35015.05078125,0,0.0,0.0,^CNXENERGY
2026-01-08 14:35:00+05:30,35015.30078125,35017.6015625,34966.8984375,34969.55078125,0,0.0,0.0,^CNXENERGY
2026-01-08 14:40:00+05:30,34969.30078125,35004.19921875,34936.55078125,34995.8984375,0,0.0,0.0,^CNXENERGY
2026-01-08 14:45:00+05:30,34997.1015625,34998.05078125,34944.25,34960.3984375,0,0.0,0.0,^CNXENERGY
2026-01-08 14:50:00+05:30,34961.30078125,34963.6015625,34907.0,34926.6015625,0,0.0,0.0,^CNXENERGY
2026-01-08 14:55:00+05:30,34924.55078125,34942.0,34911.05078125,34930.8984375,0,0.0,0.0,^CNXENERGY
2026-01-08 15:00:00+05:30,34929.3984375,34939.05078125,34749.55078125,34753.05078125,0,0.0,0.0,^CNXENERGY
2026-01-08 15:05:00+05:30,34754.05078125,34768.30078125,34696.19921875,34719.55078125,0,0.0,0.0,^CNXENERGY
2026-01-08 15:10:00+05:30,34716.19921875,34765.80078125,34708.94921875,34749.0,0,0.0,0.0,^CNXENERGY
2026-01-08 15:15:00+05:30,34747.6484375,34752.55078125,34716.1484375,34720.80078125,0,0.0,0.0,^CNXENERGY
2026-01-08 15:20:00+05:30,34718.75,34759.0,34695.25,34703.94921875,0,0.0,0.0,^CNXENERGY
2026-01-08 15:25:00+05:30,34704.3984375,34717.3515625,34665.3984375,34686.55078125,0,0.0,0.0,^CNXENERGY
2026-01-09 09:15:00+05:30,34744.75,34856.69921875,34727.94921875,34856.69921875,0,0.0,0.0,^CNXENERGY
2026-01-09 09:20:00+05:30,34850.8515625,34850.8515625,34684.69921875,34684.69921875,0,0.0,0.0,^CNXENERGY
2026-01-09 09:25:00+05:30,34685.8984375,34703.69921875,34633.3515625,34633.3515625,0,0.0,0.0,^CNXENERGY
2026-01-09 09:30:00+05:30,34632.6484375,34658.05078125,34530.3984375,34543.1484375,0,0.0,0.0,^CNXENERGY
2026-01-09 09:35:00+05:30,34543.6015625,34543.69921875,34422.94921875,34456.69921875,0,0.0,0.0,^CNXENERGY
2026-01-09 09:40:00+05:30,34458.6484375,34568.55078125,34414.6015625,34564.5,0,0.0,0.0,^CNXENERGY
2026-01-09 09:45:00+05:30,34564.1015625,34747.05078125,34558.69921875,34744.3984375,0,0.0,0.0,^CNXENERGY
2026-01-09 09:50:00+05:30,34744.80078125,34813.6484375,34671.05078125,34806.8515625,0,0.0,0.0,^CNXENERGY
2026-01-09 09:55:00+05:30,34812.6015625,34916.94921875,34812.6015625,34900.30078125,0,0.0,0.0,^CNXENERGY
2026-01-09 10:00:00+05:30,34899.75,34918.94921875,34808.3515625,34839.3515625,0,0.0,0.0,^CNXENERGY
2026-01-09 10:05:00+05:30,34838.6484375,34872.1484375,34815.5,34845.1015625,0,0.0,0.0,^CNXENERGY
2026-01-09 10:10:00+05:30,34844.69921875,34866.1484375,34780.55078125,34787.30078125,0,0.0,0.0,^CNXENERGY
2026-01-09 10:15:00+05:30,34788.3984375,34841.8984375,34770.8515625,34831.69921875,0,0.0,0.0,^CNXENERGY
2026-01-09 10:20:00+05:30,34833.19921875,34914.80078125,34832.1484375,34891.8984375,0,0.0,0.0,^CNXENERGY
2026-01-09 10:25:00+05:30,34892.6484375,34950.75,34884.8984375,34908.6484375,0,0.0,0.0,^CNXENERGY
2026-01-09 10:30:00+05:30,34910.8984375,34911.55078125,34810.5,34813.8515625,0,0.0,0.0,^CNXENERGY
2026-01-09 10:35:00+05:30,34814.80078125,34824.55078125,34772.75,34782.69921875,0,0.0,0.0,^CNXENERGY
2026-01-09 10:40:00+05:30,34785.55078125,34806.6484375,34775.3984375,34797.25,0,0.0,0.0,^CNXENERGY
2026-01-09 10:45:00+05:30,34797.6015625,34827.5,34792.69921875,34795.6484375,0,0.0,0.0,^CNXENERGY
2026-01-09 10:50:00+05:30,34793.30078125,34804.94921875,34709.30078125,34714.6484375,0,0.0,0.0,^CNXENERGY
2026-01-09 10:55:00+05:30,34715.25,34727.30078125,34662.8515625,34690.80078125,0,0.0,0.0,^CNXENERGY
2026-01-09 11:00:00+05:30,34691.75,34694.3515625,34648.69921875,34660.19921875,0,0.0,0.0,^CNXENERGY
2026-01-09 11:05:00+05:30,34659.94921875,34682.55078125,34650.55078125,34677.3984375,0,0.0,0.0,^CNXENERGY
2026-01-09 11:10:00+05:30,34678.19921875,34693.05078125,34624.1484375,34624.1484375,0,0.0,0.0,^CNXENERGY
2026-01-09 11:15:00+05:30,34625.6015625,34631.3984375,34579.0,34585.69921875,0,0.0,0.0,^CNXENERGY
2026-01-09 11:20:00+05:30,34587.1484375,34592.25,34547.3515625,34548.05078125,0,0.0,0.0,^CNXENERGY
2026-01-09 11:25:00+05:30,34549.3984375,34608.6484375,34545.44921875,34599.80078125,0,0.0,0.0,^CNXENERGY
2026-01-09 11:30:00+05:30,34600.5,34640.8984375,34588.3515625,34588.6484375,0,0.0,0.0,^CNXENERGY
2026-01-09 11:35:00+05:30,34588.0,34589.80078125,34500.75,34512.8984375,0,0.0,0.0,^CNXENERGY
2026-01-09 11:40:00+05:30,34515.6484375,34542.05078125,34508.6484375,34527.75,0,0.0,0.0,^CNXENERGY
2026-01-09 11:45:00+05:30,34528.8984375,34550.69921875,34511.05078125,34524.1015625,0,0.0,0.0,^CNXENERGY
2026-01-09 11:50:00+05:30,34523.55078125,34532.3515625,34506.55078125,34520.55078125,0,0.0,0.0,^CNXENERGY
2026-01-09 11:55:00+05:30,34520.75,34547.1015625,34508.25,34523.6484375,0,0.0,0.0,^CNXENERGY
2026-01-09 12:00:00+05:30,34526.5,34558.3515625,34510.44921875,34555.8515625,0,0.0,0.0,^CNXENERGY
2026-01-09 12:05:00+05:30,34557.69921875,34571.30078125,34528.30078125,34529.8984375,0,0.0,0.0,^CNXENERGY
2026-01-09 12:10:00+05:30,34531.1015625,34549.6015625,34512.1484375,34533.19921875,0,0.0,0.0,^CNXENERGY
2026-01-09 12:15:00+05:30,34535.55078125,34601.6484375,34534.80078125,34587.25,0,0.0,0.0,^CNXENERGY
2026-01-09 12:20:00+05:30,34586.44921875,34587.94921875,34536.1484375,34536.3984375,0,0.0,0.0,^CNXENERGY
2026-01-09 12:25:00+05:30,34536.1015625,34549.1015625,34499.6484375,34501.44921875,0,0.0,0.0,^CNXENERGY
2026-01-09 12:30:00+05:30,34501.6015625,34539.80078125,34499.94921875,34529.3515625,0,0.0,0.0,^CNXENERGY
2026-01-09 12:35:00+05:30,34529.19921875,34531.0,34464.44921875,34481.8515625,0,0.0,0.0,^CNXENERGY
2026-01-09 12:40:00+05:30,34483.69921875,34489.8515625,34443.55078125,34459.80078125,0,0.0,0.0,^CNXENERGY
2026-01-09 12:45:00+05:30,34460.69921875,34465.75,34420.6484375,34428.3515625,0,0.0,0.0,^CNXENERGY
2026-01-09 12:50:00+05:30,34430.05078125,34500.3515625,34423.69921875,34490.75,0,0.0,0.0,^CNXENERGY
2026-01-09 12:55:00+05:30,34491.3515625,34503.69921875,34478.55078125,34495.05078125,0,0.0,0.0,^CNXENERGY
2026-01-09 13:00:00+05:30,34494.69921875,34508.3984375,34460.69921875,34475.55078125,0,0.0,0.0,^CNXENERGY
2026-01-09 13:05:00+05:30,34477.25,34477.25,34455.0,34459.19921875,0,0.0,0.0,^CNXENERGY
2026-01-09 13:10:00+05:30,34461.69921875,34464.94921875,34442.69921875,34444.30078125,0,0.0,0.0,^CNXENERGY
2026-01-09 13:15:00+05:30,34445.6015625,34459.6015625,34421.80078125,34443.19921875,0,0.0,0.0,^CNXENERGY
2026-01-09 13:20:00+05:30,34442.1015625,34475.3984375,34439.05078125,34450.75,0,0.0,0.0,^CNXENERGY
2026-01-09 13:25:00+05:30,34452.55078125,34480.6015625,34442.0,34463.5,0,0.0,0.0,^CNXENERGY
2026-01-09 13:30:00+05:30,34464.44921875,34465.8515625,34408.44921875,34431.5,0,0.0,0.0,^CNXENERGY
2026-01-09 13:35:00+05:30,34432.05078125,34510.75,34432.05078125,34487.8515625,0,0.0,0.0,^CNXENERGY
2026-01-09 13:40:00+05:30,34486.80078125,34486.80078125,34417.44921875,34422.8984375,0,0.0,0.0,^CNXENERGY
2026-01-09 13:45:00+05:30,34424.30078125,34447.19921875,34396.94921875,34417.19921875,0,0.0,0.0,^CNXENERGY
2026-01-09 13:50:00+05:30,34418.19921875,34427.75,34384.3515625,34391.75,0,0.0,0.0,^CNXENERGY
2026-01-09 13:55:00+05:30,34392.8984375,34443.6484375,34385.05078125,34438.80078125,0,0.0,0.0,^CNXENERGY
2026-01-09 14:00:00+05:30,34439.3515625,34461.8984375,34406.0,34426.25,0,0.0,0.0,^CNXENERGY
2026-01-09 14:05:00+05:30,34427.3515625,34428.3984375,34390.1015625,34401.1015625,0,0.0,0.0,^CNXENERGY
2026-01-09 14:10:00+05:30,34402.30078125,34403.0,34358.8984375,34362.1015625,0,0.0,0.0,^CNXENERGY
2026-01-09 14:15:00+05:30,34363.1015625,34381.55078125,34349.55078125,34372.75,0,0.0,0.0,^CNXENERGY
2026-01-09 14:20:00+05:30,34373.44921875,34390.8984375,34336.19921875,34343.80078125,0,0.0,0.0,^CNXENERGY
2026-01-09 14:25:00+05:30,34345.19921875,34370.6484375,34323.05078125,34325.0,0,0.0,0.0,^CNXENERGY
2026-01-09 14:30:00+05:30,34326.44921875,34358.69921875,34320.3515625,34358.25,0,0.0,0.0,^CNXENERGY
2026-01-09 14:35:00+05:30,34355.6015625,34380.44921875,34300.05078125,34306.69921875,0,0.0,0.0,^CNXENERGY
2026-01-09 14:40:00+05:30,34306.75,34415.25,34284.69921875,34405.44921875,0,0.0,0.0,^CNXENERGY
2026-01-09 14:45:00+05:30,34404.80078125,34439.30078125,34385.5,34439.25,0,0.0,0.0,^CNXENERGY
2026-01-09 14:50:00+05:30,34438.8515625,34468.8984375,34398.75,34462.55078125,0,0.0,0.0,^CNXENERGY
2026-01-09 14:55:00+05:30,34462.6484375,34505.30078125,34459.19921875,34483.8515625,0,0.0,0.0,^CNXENERGY
2026-01-09 15:00:00+05:30,34485.69921875,34503.19921875,34410.1484375,34423.44921875,0,0.0,0.0,^CNXENERGY
2026-01-09 15:05:00+05:30,34423.8984375,34446.3984375,34415.5,34425.75,0,0.0,0.0,^CNXENERGY
2026-01-09 15:10:00+05:30,34425.1015625,34444.6015625,34406.30078125,34439.80078125,0,0.0,0.0,^CNXENERGY
2026-01-09 15:15:00+05:30,34438.1015625,34438.1015625,34381.5,34385.3515625,0,0.0,0.0,^CNXENERGY
2026-01-09 15:20:00+05:30,34385.3984375,34419.6015625,34385.3984375,34416.69921875,0,0.0,0.0,^CNXENERGY
2026-01-09 15:25:00+05:30,34415.6484375,34427.94921875,34400.55078125,34425.05078125,0,0.0,0.0,^CNXENERGY
2026-01-12 09:15:00+05:30,34400.8515625,34404.30078125,34163.69921875,34166.30078125,0,0.0,0.0,^CNXENERGY
2026-01-12 09:20:00+05:30,34166.69921875,34166.69921875,34003.5,34009.8515625,0,0.0,0.0,^CNXENERGY
2026-01-12 09:25:00+05:30,34009.0,34009.0,33901.1015625,33901.55078125,0,0.0,0.0,^CNXENERGY
2026-01-12 09:30:00+05:30,33903.19921875,34083.44921875,33903.19921875,34066.8984375,0,0.0,0.0,^CNXENERGY
2026-01-12 09:35:00+05:30,34065.55078125,34176.6015625,34055.94921875,34112.05078125,0,0.0,0.0,^CNXENERGY
2026-01-12 09:40:00+05:30,34112.8515625,34112.8515625,34008.69921875,34011.1484375,0,0.0,0.0,^CNXENERGY
2026-01-12 09:45:00+05:30,34011.75,34123.80078125,33971.19921875,34123.80078125,0,0.0,0.0,^CNXENERGY
2026-01-12 09:50:00+05:30,34126.19921875,34226.80078125,34125.25,34222.69921875,0,0.0,0.0,^CNXENERGY
2026-01-12 09:55:00+05:30,34221.75,34250.6484375,34124.6484375,34128.8515625,0,0.0,0.0,^CNXENERGY
2026-01-12 10:00:00+05:30,34127.25,34202.25,34122.44921875,34198.6015625,0,0.0,0.0,^CNXENERGY
2026-01-12 10:05:00+05:30,34198.30078125,34250.8515625,34196.3515625,34222.8515625,0,0.0,0.0,^CNXENERGY
2026-01-12 10:10:00+05:30,34222.1484375,34222.1484375,34125.6015625,34127.3984375,0,0.0,0.0,^CNXENERGY
2026-01-12 10:15:00+05:30,34125.3984375,34222.3515625,34113.3984375,34217.3515625,0,0.0,0.0,^CNXENERGY
2026-01-12 10:20:00+05:30,34217.6484375,34283.44921875,34199.8515625,34274.0,0,0.0,0.0,^CNXENERGY
2026-01-12 10:25:00+05:30,34272.75,34281.25,34230.8515625,34242.44921875,0,0.0,0.0,^CNXENERGY
2026-01-12 10:30:00+05:30,34243.94921875,34251.8515625,34185.05078125,34189.8515625,0,0.0,0.0,^CNXENERGY
2026-01-12 10:35:00+05:30,34190.0,34199.94921875,34164.05078125,34183.05078125,0,0.0,0.0,^CNXENERGY
2026-01-12 10:40:00+05:30,34181.8515625,34228.8515625,34166.0,34169.25,0,0.0,0.0,^CNXENERGY
2026-01-12 10:45:00+05:30,34168.3515625,34205.69921875,34127.69921875,34205.5,0,0.0,0.0,^CNXENERGY
2026-01-12 10:50:00+05:30,34204.75,34244.94921875,34189.25,34200.3515625,0,0.0,0.0,^CNXENERGY
2026-01-12 10:55:00+05:30,34201.6484375,34222.55078125,34162.8984375,34168.1484375,0,0.0,0.0,^CNXENERGY
2026-01-12 11:00:00+05:30,34168.75,34181.19921875,34138.6015625,34138.75,0,0.0,0.0,^CNXENERGY
2026-01-12 11:05:00+05:30,34139.69921875,34139.69921875,34108.69921875,34110.3984375,0,0.0,0.0,^CNXENERGY
2026-01-12 11:10:00+05:30,34111.30078125,34127.80078125,34067.25,34069.05078125,0,0.0,0.0,^CNXENERGY
2026-01-12 11:15:00+05:30,34070.44921875,34077.55078125,34048.3515625,34051.19921875,0,0.0,0.0,^CNXENERGY
2026-01-12 11:20:00+05:30,34053.94921875,34053.94921875,34005.6484375,34012.94921875,0,0.0,0.0,^CNXENERGY
2026-01-12 11:25:00+05:30,34015.1015625,34022.80078125,33994.80078125,33998.6484375,0,0.0,0.0,^CNXENERGY
2026-01-12 11:30:00+05:30,33999.30078125,34001.19921875,33971.6015625,33974.69921875,0,0.0,0.0,^CNXENERGY
2026-01-12 11:35:00+05:30,33975.1484375,34011.8984375,33970.5,33976.55078125,0,0.0,0.0,^CNXENERGY
2026-01-12 11:40:00+05:30,33977.30078125,33987.44921875,33946.3984375,33969.1015625,0,0.0,0.0,^CNXENERGY
2026-01-12 11:45:00+05:30,33970.0,34012.75,33956.05078125,33997.5,0,0.0,0.0,^CNXENERGY
2026-01-12 11:50:00+05:30,33998.44921875,34008.05078125,33957.8515625,33960.69921875,0,0.0,0.0,^CNXENERGY
2026-01-12 11:55:00+05:30,33959.6484375,34002.69921875,33959.05078125,33991.05078125,0,0.0,0.0,^CNXENERGY
2026-01-12 12:00:00+05:30,33991.25,34040.19921875,33990.75,34017.69921875,0,0.0,0.0,^CNXENERGY
2026-01-12 12:05:00+05:30,34017.30078125,34094.80078125,34016.75,34072.19921875,0,0.0,0.0,^CNXENERGY
2026-01-12 12:10:00+05:30,34074.55078125,34152.6015625,34045.1484375,34152.6015625,0,0.0,0.0,^CNXENERGY
2026-01-12 12:15:00+05:30,34154.3984375,34203.6015625,34126.69921875,34182.69921875,0,0.0,0.0,^CNXENERGY
2026-01-12 12:20:00+05:30,34185.30078125,34258.55078125,34183.8515625,34198.1484375,0,0.0,0.0,^CNXENERGY
2026-01-12 12:25:00+05:30,34199.30078125,34269.80078125,34187.75,34239.6484375,0,0.0,0.0,^CNXENERGY
2026-01-12 12:30:00+05:30,34240.75,34298.1484375,34238.5,34276.80078125,0,0.0,0.0,^CNXENERGY
2026-01-12 12:35:00+05:30,34279.3515625,34286.80078125,34229.80078125,34234.5,0,0.0,0.0,^CNXENERGY
2026-01-12 12:40:00+05:30,34239.25,34332.30078125,34236.8984375,34309.8515625,0,0.0,0.0,^CNXENERGY
2026-01-12 12:45:00+05:30,34309.8984375,34344.1484375,34291.55078125,34301.30078125,0,0.0,0.0,^CNXENERGY
2026-01-12 12:50:00+05:30,34301.3515625,34331.1015625,34300.3984375,34328.25,0,0.0,0.0,^CNXENERGY
2026-01-12 12:55:00+05:30,34326.0,34328.25,34285.1015625,34285.55078125,0,0.0,0.0,^CNXENERGY
2026-01-12 13:00:00+05:30,34286.19921875,34287.44921875,34205.8984375,34264.8515625,0,0.0,0.0,^CNXENERGY
2026-01-12 13:05:00+05:30,34265.3515625,34292.30078125,34252.8984375,34290.0,0,0.0,0.0,^CNXENERGY
2026-01-12 13:10:00+05:30,34290.0,34317.1015625,34279.69921875,34300.30078125,0,0.0,0.0,^CNXENERGY
2026-01-12 13:15:00+05:30,34301.1015625,34332.3984375,34282.0,34282.8515625,0,0.0,0.0,^CNXENERGY
2026-01-12 13:20:00+05:30,34282.69921875,34287.55078125,34258.8984375,34268.5,0,0.0,0.0,^CNXENERGY
2026-01-12 13:25:00+05:30,34265.8984375,34265.8984375,34240.3984375,34243.55078125,0,0.0,0.0,^CNXENERGY
2026-01-12 13:30:00+05:30,34244.6484375,34311.3984375,34244.6484375,34311.3984375,0,0.0,0.0,^CNXENERGY
2026-01-12 13:35:00+05:30,34311.80078125,34350.69921875,34295.75,34329.19921875,0,0.0,0.0,^CNXENERGY
2026-01-12 13:40:00+05:30,34330.6484375,34363.75,34330.44921875,34330.6484375,0,0.0,0.0,^CNXENERGY
2026-01-12 13:45:00+05:30,34332.25,34357.6484375,34332.25,34333.44921875,0,0.0,0.0,^CNXENERGY
2026-01-12 13:50:00+05:30,34334.8984375,34356.69921875,34319.6484375,34356.69921875,0,0.0,0.0,^CNXENERGY
2026-01-12 13:55:00+05:30,34356.30078125,34356.8515625,34301.1015625,34322.8984375,0,0.0,0.0,^CNXENERGY
2026-01-12 14:00:00+05:30,34322.94921875,34326.0,34276.75,34303.5,0,0.0,0.0,^CNXENERGY
2026-01-12 14:05:00+05:30,34303.19921875,34346.1484375,34300.30078125,34346.0,0,0.0,0.0,^CNXENERGY
2026-01-12 14:10:00+05:30,34344.6015625,34351.25,34314.94921875,34317.69921875,0,0.0,0.0,^CNXENERGY
2026-01-12 14:15:00+05:30,34319.1484375,34343.8984375,34302.0,34302.69921875,0,0.0,0.0,^CNXENERGY
2026-01-12 14:20:00+05:30,34302.44921875,34372.0,34296.75,34363.55078125,0,0.0,0.0,^CNXENERGY
2026-01-12 14:25:00+05:30,34364.3984375,34375.30078125,34326.94921875,34335.0,0,0.0,0.0,^CNXENERGY
2026-01-12 14:30:00+05:30,34334.8984375,34342.3515625,34276.5,34291.1015625,0,0.0,0.0,^CNXENERGY
2026-01-12 14:35:00+05:30,34291.69921875,34367.3515625,34255.3515625,34361.8515625,0,0.0,0.0,^CNXENERGY
2026-01-12 14:40:00+05:30,34364.55078125,34421.94921875,34363.55078125,34416.44921875,0,0.0,0.0,^CNXENERGY
2026-01-12 14:45:00+05:30,34418.80078125,34430.69921875,34401.69921875,34425.19921875,0,0.0,0.0,^CNXENERGY
2026-01-12 14:50:00+05:30,34425.3515625,34477.3515625,34425.3515625,34467.6484375,0,0.0,0.0,^CNXENERGY
2026-01-12 14:55:00+05:30,34467.1015625,34511.0,34465.19921875,34494.94921875,0,0.0,0.0,^CNXENERGY
2026-01-12 15:00:00+05:30,34497.25,34497.25,34425.8984375,34449.8984375,0,0.0,0.0,^CNXENERGY
2026-01-12 15:05:00+05:30,34451.69921875,34463.3984375,34433.1484375,34456.1015625,0,0.0,0.0,^CNXENERGY
2026-01-12 15:10:00+05:30,34455.25,34469.44921875,34444.75,34462.69921875,0,0.0,0.0,^CNXENERGY
2026-01-12 15:15:00+05:30,34461.05078125,34477.75,34453.69921875,34470.80078125,0,0.0,0.0,^CNXENERGY
2026-01-12 15:20:00+05:30,34469.25,34498.44921875,34465.8984375,34498.44921875,0,0.0,0.0,^CNXENERGY
2026-01-12 15:25:00+05:30,34497.55078125,34516.8984375,34491.44921875,34507.1484375,0,0.0,0.0,^CNXENERGY
2026-01-13 09:15:00+05:30,34630.0,34705.1484375,34546.05078125,34653.94921875,0,0.0,0.0,^CNXENERGY
2026-01-13 09:20:00+05:30,34653.6484375,34697.1015625,34622.55078125,34674.25,0,0.0,0.0,^CNXENERGY
2026-01-13 09:25:00+05:30,34673.80078125,34675.25,34505.1484375,34505.94921875,0,0.0,0.0,^CNXENERGY
2026-01-13 09:30:00+05:30,34502.6484375,34520.3515625,34407.1484375,34423.5,0,0.0,0.0,^CNXENERGY
2026-01-13 09:35:00+05:30,34424.44921875,34468.75,34359.1015625,34359.1015625,0,0.0,0.0,^CNXENERGY
2026-01-13 09:40:00+05:30,34361.1015625,34394.6484375,34325.94921875,34394.6484375,0,0.0,0.0,^CNXENERGY
2026-01-13 09:45:00+05:30,34395.69921875,34520.3515625,34395.69921875,34466.30078125,0,0.0,0.0,^CNXENERGY
2026-01-13 09:50:00+05:30,34466.3984375,34505.80078125,34435.0,34438.6015625,0,0.0,0.0,^CNXENERGY
2026-01-13 09:55:00+05:30,34438.1484375,34444.44921875,34373.80078125,34376.80078125,0,0.0,0.0,^CNXENERGY
2026-01-13 10:00:00+05:30,34376.1015625,34485.0,34349.0,34483.3515625,0,0.0,0.0,^CNXENERGY
2026-01-13 10:05:00+05:30,34483.05078125,34540.30078125,34481.75,34522.30078125,0,0.0,0.0,^CNXENERGY
2026-01-13 10:10:00+05:30,34522.8984375,34523.3984375,34436.6015625,34437.44921875,0,0.0,0.0,^CNXENERGY
2026-01-13 10:15:00+05:30,34438.3984375,34473.1015625,34419.05078125,34433.1484375,0,0.0,0.0,^CNXENERGY
2026-01-13 10:20:00+05:30,34432.6015625,34520.69921875,34432.05078125,34454.8515625,0,0.0,0.0,^CNXENERGY
2026-01-13 10:25:00+05:30,34454.55078125,34529.44921875,34454.55078125,34524.3515625,0,0.0,0.0,^CNXENERGY
2026-01-13 10:30:00+05:30,34527.55078125,34545.0,34495.3984375,34508.1484375,0,0.0,0.0,^CNXENERGY
2026-01-13 10:35:00+05:30,34503.44921875,34508.5,34450.3515625,34450.3515625,0,0.0,0.0,^CNXENERGY
2026-01-13 10:40:00+05:30,34448.6484375,34450.3984375,34416.94921875,34437.55078125,0,0.0,0.0,^CNXENERGY
2026-01-13 10:45:00+05:30,34436.8515625,34449.3984375,34403.30078125,34446.44921875,0,0.0,0.0,^CNXENERGY
2026-01-13 10:50:00+05:30,34446.6015625,34485.6484375,34436.30078125,34439.30078125,0,0.0,0.0,^CNXENERGY
2026-01-13 10:55:00+05:30,34439.0,34439.3515625,34408.8515625,34410.6484375,0,0.0,0.0,^CNXENERGY
2026-01-13 11:00:00+05:30,34411.05078125,34419.75,34376.05078125,34403.80078125,0,0.0,0.0,^CNXENERGY
2026-01-13 11:05:00+05:30,34403.75,34434.0,34393.6484375,34432.94921875,0,0.0,0.0,^CNXENERGY
2026-01-13 11:10:00+05:30,34436.8984375,34441.94921875,34416.75,34431.05078125,0,0.0,0.0,^CNXENERGY
2026-01-13 11:15:00+05:30,34430.8984375,34437.80078125,34418.44921875,34434.75,0,0.0,0.0,^CNXENERGY
2026-01-13 11:20:00+05:30,34434.6484375,34442.6484375,34421.3515625,34431.8515625,0,0.0,0.0,^CNXENERGY
2026-01-13 11:25:00+05:30,34430.25,34462.8515625,34426.30078125,34450.69921875,0,0.0,0.0,^CNXENERGY
2026-01-13 11:30:00+05:30,34447.8984375,34470.25,34437.3984375,34467.05078125,0,0.0,0.0,^CNXENERGY
2026-01-13 11:35:00+05:30,34466.75,34475.55078125,34458.5,34461.30078125,0,0.0,0.0,^CNXENERGY
2026-01-13 11:40:00+05:30,34461.0,34484.3984375,34423.19921875,34429.6015625,0,0.0,0.0,^CNXENERGY
2026-01-13 11:45:00+05:30,34429.69921875,34440.8984375,34416.3984375,34436.75,0,0.0,0.0,^CNXENERGY
2026-01-13 13:30:00+05:30,34324.75,34325.8984375,34320.1484375,34324.1015625,0,0.0,0.0,^CNXENERGY
2026-01-13 13:40:00+05:30,34341.8515625,34381.8515625,34338.80078125,34378.8984375,0,0.0,0.0,^CNXENERGY
2026-01-13 13:45:00+05:30,34378.94921875,34379.1015625,34345.05078125,34369.30078125,0,0.0,0.0,^CNXENERGY
2026-01-13 13:50:00+05:30,34372.1015625,34399.25,34369.3515625,34381.80078125,0,0.0,0.0,^CNXENERGY
2026-01-13 13:55:00+05:30,34381.69921875,34384.8515625,34358.6015625,34365.0,0,0.0,0.0,^CNXENERGY
2026-01-13 14:00:00+05:30,34366.1484375,34367.55078125,34324.6015625,34326.30078125,0,0.0,0.0,^CNXENERGY
2026-01-13 14:05:00+05:30,34327.69921875,34337.8984375,34305.19921875,34306.25,0,0.0,0.0,^CNXENERGY
2026-01-13 14:10:00+05:30,34305.8984375,34308.25,34244.44921875,34258.94921875,0,0.0,0.0,^CNXENERGY
2026-01-13 14:15:00+05:30,34259.44921875,34263.19921875,34233.94921875,34245.80078125,0,0.0,0.0,^CNXENERGY
2026-01-13 14:20:00+05:30,34245.80078125,34248.25,34190.8515625,34191.94921875,0,0.0,0.0,^CNXENERGY
2026-01-13 14:25:00+05:30,34190.75,34212.8984375,34180.8984375,34186.6015625,0,0.0,0.0,^CNXENERGY
2026-01-13 14:30:00+05:30,34186.8515625,34308.44921875,34178.6015625,34286.5,0,0.0,0.0,^CNXENERGY
2026-01-13 14:35:00+05:30,34288.1484375,34316.1015625,34271.1015625,34287.80078125,0,0.0,0.0,^CNXENERGY
2026-01-13 14:40:00+05:30,34289.94921875,34363.6015625,34287.5,34349.30078125,0,0.0,0.0,^CNXENERGY
2026-01-13 14:45:00+05:30,34349.30078125,34393.3984375,34349.25,34372.80078125,0,0.0,0.0,^CNXENERGY
2026-01-13 14:50:00+05:30,34372.25,34398.19921875,34347.0,34394.6015625,0,0.0,0.0,^CNXENERGY
2026-01-13 14:55:00+05:30,34394.1015625,34423.3515625,34350.6484375,34377.6484375,0,0.0,0.0,^CNXENERGY
2026-01-13 15:00:00+05:30,34377.5,34441.3984375,34377.5,34387.94921875,0,0.0,0.0,^CNXENERGY
2026-01-13 15:05:00+05:30,34387.69921875,34432.3984375,34385.0,34429.44921875,0,0.0,0.0,^CNXENERGY
2026-01-13 15:10:00+05:30,34431.19921875,34449.8515625,34424.44921875,34431.80078125,0,0.0,0.0,^CNXENERGY
2026-01-13 15:15:00+05:30,34432.80078125,34436.69921875,34413.3984375,34418.1015625,0,0.0,0.0,^CNXENERGY
2026-01-13 15:20:00+05:30,34418.25,34429.6015625,34409.75,34427.55078125,0,0.0,0.0,^CNXENERGY
2026-01-13 15:25:00+05:30,34426.30078125,34427.75,34392.6015625,34404.44921875,0,0.0,0.0,^CNXENERGY
2026-01-14 09:15:00+05:30,34364.44921875,34503.94921875,34332.05078125,34481.0,0,0.0,0.0,^CNXENERGY
2026-01-14 09:20:00+05:30,34480.44921875,34620.1484375,34461.6484375,34605.3984375,0,0.0,0.0,^CNXENERGY
2026-01-14 09:25:00+05:30,34603.25,34635.3984375,34581.25,34606.6484375,0,0.0,0.0,^CNXENERGY
2026-01-14 09:30:00+05:30,34606.6484375,34637.6015625,34582.80078125,34636.6015625,0,0.0,0.0,^CNXENERGY
2026-01-14 09:35:00+05:30,34636.55078125,34700.1015625,34633.6015625,34685.80078125,0,0.0,0.0,^CNXENERGY
2026-01-14 09:40:00+05:30,34686.80078125,34686.80078125,34611.80078125,34618.8984375,0,0.0,0.0,^CNXENERGY
2026-01-14 09:45:00+05:30,34619.55078125,34647.94921875,34612.0,34628.94921875,0,0.0,0.0,^CNXENERGY
2026-01-14 09:50:00+05:30,34628.8984375,34690.0,34627.75,34688.3984375,0,0.0,0.0,^CNXENERGY
2026-01-14 09:55:00+05:30,34690.80078125,34724.94921875,34671.44921875,34688.3984375,0,0.0,0.0,^CNXENERGY
2026-01-14 10:00:00+05:30,34690.69921875,34712.8515625,34684.3984375,34705.0,0,0.0,0.0,^CNXENERGY
2026-01-14 10:05:00+05:30,34706.69921875,34739.69921875,34688.3515625,34695.55078125,0,0.0,0.0,^CNXENERGY
2026-01-14 10:10:00+05:30,34693.19921875,34696.05078125,34633.1484375,34649.05078125,0,0.0,0.0,^CNXENERGY
2026-01-14 10:15:00+05:30,34649.5,34672.5,34622.80078125,34647.25,0,0.0,0.0,^CNXENERGY
2026-01-14 10:20:00+05:30,34647.94921875,34694.19921875,34647.94921875,34694.19921875,0,0.0,0.0,^CNXENERGY
2026-01-14 10:25:00+05:30,34693.1484375,34727.25,34682.55078125,34723.44921875,0,0.0,0.0,^CNXENERGY
2026-01-14 10:30:00+05:30,34722.94921875,34748.1015625,34677.0,34741.69921875,0,0.0,0.0,^CNXENERGY
2026-01-14 10:35:00+05:30,34742.19921875,34765.94921875,34723.44921875,34763.75,0,0.0,0.0,^CNXENERGY
2026-01-14 10:40:00+05:30,34763.05078125,34807.25,34708.3515625,34716.19921875,0,0.0,0.0,^CNXENERGY
2026-01-14 10:45:00+05:30,34716.1484375,34732.69921875,34686.44921875,34723.30078125,0,0.0,0.0,^CNXENERGY
2026-01-14 10:50:00+05:30,34721.8515625,34755.55078125,34720.25,34753.3515625,0,0.0,0.0,^CNXENERGY
2026-01-14 10:55:00+05:30,34753.55078125,34804.0,34750.19921875,34803.05078125,0,0.0,0.0,^CNXENERGY
2026-01-14 11:00:00+05:30,34804.30078125,34810.75,34765.0,34783.3984375,0,0.0,0.0,^CNXENERGY
2026-01-14 11:05:00+05:30,34784.5,34787.6484375,34744.6484375,34768.1015625,0,0.0,0.0,^CNXENERGY
2026-01-14 11:10:00+05:30,34769.44921875,34776.80078125,34752.80078125,34765.44921875,0,0.0,0.0,^CNXENERGY
2026-01-14 11:15:00+05:30,34765.1015625,34795.94921875,34761.44921875,34765.8515625,0,0.0,0.0,^CNXENERGY
2026-01-14 11:20:00+05:30,34766.3984375,34776.75,34732.19921875,34732.8515625,0,0.0,0.0,^CNXENERGY
2026-01-14 11:25:00+05:30,34734.44921875,34779.55078125,34726.3984375,34772.0,0,0.0,0.0,^CNXENERGY
2026-01-14 11:30:00+05:30,34773.3984375,34785.75,34737.30078125,34746.80078125,0,0.0,0.0,^CNXENERGY
2026-01-14 11:35:00+05:30,34747.94921875,34752.44921875,34724.1484375,34740.69921875,0,0.0,0.0,^CNXENERGY
2026-01-14 11:40:00+05:30,34742.1484375,34759.3984375,34726.3984375,34737.19921875,0,0.0,0.0,^CNXENERGY
2026-01-14 11:45:00+05:30,34737.80078125,34785.1015625,34729.8984375,34784.30078125,0,0.0,0.0,^CNXENERGY
2026-01-14 11:50:00+05:30,34783.69921875,34786.5,34766.6484375,34778.55078125,0,0.0,0.0,^CNXENERGY
2026-01-14 11:55:00+05:30,34777.05078125,34795.94921875,34770.6484375,34774.3984375,0,0.0,0.0,^CNXENERGY
2026-01-14 12:00:00+05:30,34774.3984375,34799.44921875,34772.3515625,34791.8984375,0,0.0,0.0,^CNXENERGY
2026-01-14 12:05:00+05:30,34791.6484375,34799.75,34747.19921875,34747.6015625,0,0.0,0.0,^CNXENERGY
2026-01-14 12:10:00+05:30,34749.5,34754.94921875,34730.30078125,34734.94921875,0,0.0,0.0,^CNXENERGY
2026-01-14 12:15:00+05:30,34733.05078125,34764.30078125,34712.80078125,34760.5,0,0.0,0.0,^CNXENERGY
2026-01-14 12:20:00+05:30,34760.05078125,34773.69921875,34758.55078125,34763.55078125,0,0.0,0.0,^CNXENERGY
2026-01-14 12:25:00+05:30,34762.8984375,34770.69921875,34731.8515625,34740.3515625,0,0.0,0.0,^CNXENERGY
2026-01-14 12:30:00+05:30,34742.80078125,34789.6484375,34742.80078125,34774.3984375,0,0.0,0.0,^CNXENERGY
2026-01-14 12:35:00+05:30,34774.75,34786.44921875,34768.30078125,34782.6015625,0,0.0,0.0,^CNXENERGY
2026-01-14 12:40:00+05:30,34782.1484375,34787.94921875,34759.75,34764.5,0,0.0,0.0,^CNXENERGY
2026-01-14 12:45:00+05:30,34763.44921875,34784.69921875,34760.75,34776.25,0,0.0,0.0,^CNXENERGY
2026-01-14 12:50:00+05:30,34777.25,34783.0,34754.44921875,34768.30078125,0,0.0,0.0,^CNXENERGY
2026-01-14 12:55:00+05:30,34770.1015625,34774.44921875,34760.30078125,34771.44921875,0,0.0,0.0,^CNXENERGY
2026-01-14 13:00:00+05:30,34771.55078125,34788.55078125,34753.0,34756.19921875,0,0.0,0.0,^CNXENERGY
2026-01-14 13:05:00+05:30,34756.6015625,34767.25,34746.75,34763.44921875,0,0.0,0.0,^CNXENERGY
2026-01-14 13:10:00+05:30,34764.6484375,34777.8515625,34756.19921875,34757.8984375,0,0.0,0.0,^CNXENERGY
2026-01-14 13:15:00+05:30,34757.75,34767.5,34735.44921875,34737.6484375,0,0.0,0.0,^CNXENERGY
2026-01-14 13:20:00+05:30,34737.25,34737.80078125,34688.44921875,34690.1484375,0,0.0,0.0,^CNXENERGY
2026-01-14 13:25:00+05:30,34689.44921875,34719.69921875,34674.5,34708.8984375,0,0.0,0.0,^CNXENERGY
2026-01-14 13:30:00+05:30,34709.3515625,34711.25,34685.19921875,34685.19921875,0,0.0,0.0,^CNXENERGY
2026-01-14 13:35:00+05:30,34684.3515625,34705.80078125,34661.0,34661.0,0,0.0,0.0,^CNXENERGY
2026-01-14 13:40:00+05:30,34664.44921875,34701.25,34657.5,34668.94921875,0,0.0,0.0,^CNXENERGY
2026-01-14 13:45:00+05:30,34669.1484375,34680.94921875,34663.94921875,34668.94921875,0,0.0,0.0,^CNXENERGY
2026-01-14 13:50:00+05:30,34669.1015625,34676.1484375,34628.0,34632.30078125,0,0.0,0.0,^CNXENERGY
2026-01-14 13:55:00+05:30,34633.19921875,34634.1484375,34606.19921875,34623.8984375,0,0.0,0.0,^CNXENERGY
2026-01-14 14:00:00+05:30,34625.94921875,34651.05078125,34620.25,34622.19921875,0,0.0,0.0,^CNXENERGY
2026-01-14 14:05:00+05:30,34622.30078125,34662.1484375,34620.05078125,34646.55078125,0,0.0,0.0,^CNXENERGY
2026-01-14 14:10:00+05:30,34645.3984375,34661.6015625,34645.3984375,34658.44921875,0,0.0,0.0,^CNXENERGY
2026-01-14 14:15:00+05:30,34661.25,34665.6015625,34631.19921875,34631.19921875,0,0.0,0.0,^CNXENERGY
2026-01-14 14:20:00+05:30,34629.6484375,34632.69921875,34593.19921875,34593.80078125,0,0.0,0.0,^CNXENERGY
2026-01-14 14:25:00+05:30,34590.3984375,34609.6484375,34583.8515625,34592.80078125,0,0.0,0.0,^CNXENERGY
2026-01-14 14:30:00+05:30,34594.5,34608.8515625,34569.3984375,34603.3984375,0,0.0,0.0,^CNXENERGY
2026-01-14 14:35:00+05:30,34601.3984375,34654.80078125,34592.1015625,34649.25,0,0.0,0.0,^CNXENERGY
2026-01-14 14:40:00+05:30,34647.05078125,34672.0,34637.25,34664.80078125,0,0.0,0.0,^CNXENERGY
2026-01-14 14:45:00+05:30,34665.1015625,34699.3984375,34665.1015625,34679.3515625,0,0.0,0.0,^CNXENERGY
2026-01-14 14:50:00+05:30,34683.05078125,34696.0,34678.6015625,34681.55078125,0,0.0,0.0,^CNXENERGY
2026-01-14 14:55:00+05:30,34681.94921875,34699.0,34646.3984375,34662.5,0,0.0,0.0,^CNXENERGY
2026-01-14 15:00:00+05:30,34664.8984375,34679.69921875,34637.3984375,34661.25,0,0.0,0.0,^CNXENERGY
2026-01-14 15:05:00+05:30,34664.1484375,34675.1015625,34633.05078125,34643.3515625,0,0.0,0.0,^CNXENERGY
2026-01-14 15:10:00+05:30,34645.1015625,34645.69921875,34605.44921875,34619.19921875,0,0.0,0.0,^CNXENERGY
2026-01-14 15:15:00+05:30,34619.5,34626.25,34597.55078125,34608.69921875,0,0.0,0.0,^CNXENERGY
2026-01-14 15:20:00+05:30,34608.30078125,34622.0,34606.1015625,34617.75,0,0.0,0.0,^CNXENERGY
2026-01-14 15:25:00+05:30,34616.80078125,34619.94921875,34598.0,34609.8515625,0,0.0,0.0,^CNXENERGY
2026-01-16 09:15:00+05:30,34614.3515625,34655.80078125,34530.44921875,34605.30078125,0,0.0,0.0,^CNXENERGY
2026-01-16 09:20:00+05:30,34608.5,34635.5,34577.94921875,34587.75,0,0.0,0.0,^CNXENERGY
2026-01-16 09:25:00+05:30,34588.6484375,34588.6484375,34542.0,34562.1015625,0,0.0,0.0,^CNXENERGY
2026-01-16 09:30:00+05:30,34562.05078125,34572.75,34526.44921875,34537.0,0,0.0,0.0,^CNXENERGY
2026-01-16 09:35:00+05:30,34533.5,34562.1484375,34510.80078125,34515.05078125,0,0.0,0.0,^CNXENERGY
2026-01-16 09:40:00+05:30,34514.80078125,34597.05078125,34504.69921875,34590.1484375,0,0.0,0.0,^CNXENERGY
2026-01-16 09:45:00+05:30,34589.5,34618.0,34582.19921875,34610.5,0,0.0,0.0,^CNXENERGY
2026-01-16 09:50:00+05:30,34611.25,34645.3515625,34611.25,34628.8984375,0,0.0,0.0,^CNXENERGY
2026-01-16 09:55:00+05:30,34628.19921875,34633.05078125,34575.3984375,34581.69921875,0,0.0,0.0,^CNXENERGY
2026-01-16 10:00:00+05:30,34581.05078125,34646.05078125,34575.30078125,34640.1015625,0,0.0,0.0,^CNXENERGY
2026-01-16 10:05:00+05:30,34640.3515625,34643.6484375,34616.30078125,34642.69921875,0,0.0,0.0,^CNXENERGY
2026-01-16 10:10:00+05:30,34640.8515625,34670.80078125,34636.1484375,34663.6484375,0,0.0,0.0,^CNXENERGY
2026-01-16 10:15:00+05:30,34663.55078125,34718.55078125,34661.44921875,34704.55078125,0,0.0,0.0,^CNXENERGY
2026-01-16 10:20:00+05:30,34707.44921875,34719.80078125,34681.19921875,34690.25,0,0.0,0.0,^CNXENERGY
2026-01-16 10:25:00+05:30,34687.5,34733.05078125,34687.5,34723.80078125,0,0.0,0.0,^CNXENERGY
2026-01-16 10:30:00+05:30,34723.6015625,34726.8984375,34684.3515625,34705.1484375,0,0.0,0.0,^CNXENERGY
2026-01-16 10:35:00+05:30,34705.3515625,34743.3515625,34701.69921875,34701.69921875,0,0.0,0.0,^CNXENERGY
2026-01-16 10:40:00+05:30,34702.6484375,34720.8984375,34651.5,34656.1015625,0,0.0,0.0,^CNXENERGY
2026-01-16 10:45:00+05:30,34656.8984375,34697.1484375,34655.55078125,34693.30078125,0,0.0,0.0,^CNXENERGY
2026-01-16 10:50:00+05:30,34693.3984375,34694.0,34657.19921875,34663.55078125,0,0.0,0.0,^CNXENERGY
2026-01-16 10:55:00+05:30,34662.1015625,34685.19921875,34659.44921875,34664.1015625,0,0.0,0.0,^CNXENERGY
2026-01-16 11:00:00+05:30,34663.1015625,34686.6015625,34657.75,34659.1015625,0,0.0,0.0,^CNXENERGY
2026-01-16 11:05:00+05:30,34657.55078125,34663.44921875,34641.05078125,34649.3984375,0,0.0,0.0,^CNXENERGY
2026-01-16 11:10:00+05:30,34647.55078125,34651.94921875,34599.69921875,34614.1015625,0,0.0,0.0,^CNXENERGY
2026-01-16 11:15:00+05:30,34611.80078125,34638.05078125,34601.6015625,34614.6484375,0,0.0,0.0,^CNXENERGY
2026-01-16 11:20:00+05:30,34614.0,34629.1484375,34607.05078125,34611.25,0,0.0,0.0,^CNXENERGY
2026-01-16 11:25:00+05:30,34610.30078125,34632.44921875,34604.8984375,34631.8515625,0,0.0,0.0,^CNXENERGY
2026-01-16 11:30:00+05:30,34632.0,34655.8984375,34612.94921875,34639.55078125,0,0.0,0.0,^CNXENERGY
2026-01-16 11:35:00+05:30,34639.8515625,34641.55078125,34628.94921875,34638.3515625,0,0.0,0.0,^CNXENERGY
2026-01-16 11:40:00+05:30,34638.44921875,34661.3515625,34631.8984375,34642.69921875,0,0.0,0.0,^CNXENERGY
2026-01-16 11:45:00+05:30,34642.55078125,34647.44921875,34614.1484375,34620.3515625,0,0.0,0.0,^CNXENERGY
2026-01-16 11:50:00+05:30,34620.55078125,34625.5,34605.3515625,34609.5,0,0.0,0.0,^CNXENERGY
2026-01-16 11:55:00+05:30,34607.94921875,34616.1484375,34570.05078125,34575.80078125,0,0.0,0.0,^CNXENERGY
2026-01-16 12:00:00+05:30,34575.80078125,34583.05078125,34556.69921875,34573.69921875,0,0.0,0.0,^CNXENERGY
2026-01-16 12:05:00+05:30,34573.3515625,34577.80078125,34558.8984375,34567.44921875,0,0.0,0.0,^CNXENERGY
2026-01-16 12:10:00+05:30,34567.6484375,34587.8515625,34564.6484375,34580.05078125,0,0.0,0.0,^CNXENERGY
2026-01-16 12:15:00+05:30,34579.55078125,34586.94921875,34549.0,34555.25,0,0.0,0.0,^CNXENERGY
2026-01-16 12:20:00+05:30,34555.80078125,34558.1484375,34530.30078125,34535.05078125,0,0.0,0.0,^CNXENERGY
2026-01-16 12:25:00+05:30,34535.19921875,34541.30078125,34468.94921875,34478.0,0,0.0,0.0,^CNXENERGY
2026-01-16 12:30:00+05:30,34478.8984375,34508.6015625,34465.30078125,34508.1484375,0,0.0,0.0,^CNXENERGY
2026-01-16 12:35:00+05:30,34509.05078125,34517.8984375,34475.3515625,34505.5,0,0.0,0.0,^CNXENERGY
2026-01-16 12:40:00+05:30,34506.5,34511.1015625,34486.1484375,34486.94921875,0,0.0,0.0,^CNXENERGY
2026-01-16 12:45:00+05:30,34486.25,34488.8515625,34461.05078125,34462.75,0,0.0,0.0,^CNXENERGY
2026-01-16 12:50:00+05:30,34461.8515625,34473.19921875,34444.55078125,34471.69921875,0,0.0,0.0,^CNXENERGY
2026-01-16 12:55:00+05:30,34471.6015625,34473.80078125,34431.19921875,34442.6484375,0,0.0,0.0,^CNXENERGY
2026-01-16 13:00:00+05:30,34441.94921875,34449.8515625,34406.6015625,34408.75,0,0.0,0.0,^CNXENERGY
2026-01-16 13:05:00+05:30,34407.3984375,34410.75,34393.19921875,34394.19921875,0,0.0,0.0,^CNXENERGY
2026-01-16 13:10:00+05:30,34395.3515625,34396.3984375,34354.75,34367.25,0,0.0,0.0,^CNXENERGY
2026-01-16 13:15:00+05:30,34367.05078125,34380.80078125,34349.5,34354.6015625,0,0.0,0.0,^CNXENERGY
2026-01-16 13:20:00+05:30,34353.44921875,34358.6484375,34328.1484375,34331.6015625,0,0.0,0.0,^CNXENERGY
2026-01-16 13:25:00+05:30,34331.8984375,34346.6484375,34306.8984375,34346.6484375,0,0.0,0.0,^CNXENERGY
2026-01-16 13:30:00+05:30,34346.94921875,34371.3515625,34336.80078125,34351.80078125,0,0.0,0.0,^CNXENERGY
2026-01-16 13:35:00+05:30,34352.75,34353.1015625,34325.05078125,34338.19921875,0,0.0,0.0,^CNXENERGY
2026-01-16 13:40:00+05:30,34339.6015625,34341.0,34322.3984375,34329.05078125,0,0.0,0.0,^CNXENERGY
2026-01-16 13:45:00+05:30,34327.6015625,34368.6484375,34326.80078125,34353.55078125,0,0.0,0.0,^CNXENERGY
2026-01-16 13:50:00+05:30,34353.80078125,34357.8515625,34308.5,34318.6015625,0,0.0,0.0,^CNXENERGY
2026-01-16 13:55:00+05:30,34317.19921875,34334.75,34310.55078125,34312.80078125,0,0.0,0.0,^CNXENERGY
2026-01-16 14:00:00+05:30,34311.69921875,34325.0,34301.25,34311.1015625,0,0.0,0.0,^CNXENERGY
2026-01-16 14:05:00+05:30,34311.8515625,34332.8984375,34300.3984375,34303.0,0,0.0,0.0,^CNXENERGY
2026-01-16 14:10:00+05:30,34302.69921875,34335.8984375,34293.55078125,34299.5,0,0.0,0.0,^CNXENERGY
2026-01-16 14:15:00+05:30,34302.25,34305.44921875,34272.55078125,34295.75,0,0.0,0.0,^CNXENERGY
2026-01-16 14:20:00+05:30,34292.3515625,34310.8984375,34260.8515625,34302.55078125,0,0.0,0.0,^CNXENERGY
2026-01-16 14:25:00+05:30,34300.3984375,34319.05078125,34269.6484375,34281.3515625,0,0.0,0.0,^CNXENERGY
2026-01-16 14:30:00+05:30,34282.44921875,34294.19921875,34267.3984375,34267.3984375,0,0.0,0.0,^CNXENERGY
2026-01-16 14:35:00+05:30,34266.6015625,34336.44921875,34247.1015625,34332.1015625,0,0.0,0.0,^CNXENERGY
2026-01-16 14:40:00+05:30,34329.80078125,34361.6484375,34313.75,34348.94921875,0,0.0,0.0,^CNXENERGY
2026-01-16 14:45:00+05:30,34346.44921875,34371.80078125,34335.80078125,34362.69921875,0,0.0,0.0,^CNXENERGY
2026-01-16 14:50:00+05:30,34361.80078125,34399.25,34333.75,34391.80078125,0,0.0,0.0,^CNXENERGY
2026-01-16 14:55:00+05:30,34388.80078125,34429.94921875,34377.6015625,34422.55078125,0,0.0,0.0,^CNXENERGY
2026-01-16 15:00:00+05:30,34419.5,34423.25,34387.1484375,34389.3984375,0,0.0,0.0,^CNXENERGY
2026-01-16 15:05:00+05:30,34392.3515625,34396.44921875,34352.94921875,34357.19921875,0,0.0,0.0,^CNXENERGY
2026-01-16 15:10:00+05:30,34355.80078125,34360.5,34338.8984375,34340.80078125,0,0.0,0.0,^CNXENERGY
2026-01-16 15:15:00+05:30,34339.8984375,34341.75,34316.69921875,34321.69921875,0,0.0,0.0,^CNXENERGY
2026-01-16 15:20:00+05:30,34322.75,34335.69921875,34321.0,34333.30078125,0,0.0,0.0,^CNXENERGY
2026-01-16 15:25:00+05:30,34333.3984375,34352.44921875,34318.25,34349.55078125,0,0.0,0.0,^CNXENERGY
2026-01-19 09:15:00+05:30,34294.6484375,34515.6015625,34206.44921875,34514.55078125,0,0.0,0.0,^CNXENERGY
2026-01-19 09:20:00+05:30,34512.44921875,34548.5,34393.8515625,34407.75,0,0.0,0.0,^CNXENERGY
2026-01-19 09:25:00+05:30,34408.19921875,34408.19921875,34279.55078125,34282.3515625,0,0.0,0.0,^CNXENERGY
2026-01-19 09:30:00+05:30,34280.1484375,34315.0,34223.6484375,34306.19921875,0,0.0,0.0,^CNXENERGY
2026-01-19 09:35:00+05:30,34306.94921875,34351.55078125,34297.1015625,34331.1484375,0,0.0,0.0,^CNXENERGY
2026-01-19 09:40:00+05:30,34331.3515625,34333.8515625,34284.75,34323.25,0,0.0,0.0,^CNXENERGY
2026-01-19 09:45:00+05:30,34321.55078125,34321.55078125,34246.94921875,34254.6484375,0,0.0,0.0,^CNXENERGY
2026-01-19 09:50:00+05:30,34257.6015625,34382.1484375,34247.6015625,34327.44921875,0,0.0,0.0,^CNXENERGY
2026-01-19 09:55:00+05:30,34327.94921875,34339.69921875,34276.8984375,34281.8515625,0,0.0,0.0,^CNXENERGY
2026-01-19 10:00:00+05:30,34288.30078125,34299.05078125,34274.8984375,34282.0,0,0.0,0.0,^CNXENERGY
2026-01-19 10:05:00+05:30,34282.30078125,34317.8984375,34239.3984375,34317.8984375,0,0.0,0.0,^CNXENERGY
2026-01-19 10:10:00+05:30,34318.25,34352.69921875,34307.3984375,34345.75,0,0.0,0.0,^CNXENERGY
2026-01-19 10:15:00+05:30,34346.5,34360.6484375,34325.1484375,34342.8515625,0,0.0,0.0,^CNXENERGY
2026-01-19 10:20:00+05:30,34342.44921875,34360.44921875,34284.3515625,34294.3984375,0,0.0,0.0,^CNXENERGY
2026-01-19 10:25:00+05:30,34294.1484375,34299.6484375,34233.19921875,34249.80078125,0,0.0,0.0,^CNXENERGY
2026-01-19 10:30:00+05:30,34250.1015625,34270.6015625,34215.3515625,34222.8984375,0,0.0,0.0,^CNXENERGY
2026-01-19 10:35:00+05:30,34221.8984375,34235.44921875,34194.8515625,34202.1484375,0,0.0,0.0,^CNXENERGY
2026-01-19 10:40:00+05:30,34201.8984375,34253.05078125,34200.6015625,34237.5,0,0.0,0.0,^CNXENERGY
2026-01-19 10:45:00+05:30,34237.3984375,34253.1484375,34212.25,34214.5,0,0.0,0.0,^CNXENERGY
2026-01-19 10:50:00+05:30,34213.1015625,34239.55078125,34209.6484375,34234.05078125,0,0.0,0.0,^CNXENERGY
2026-01-19 10:55:00+05:30,34234.19921875,34258.19921875,34233.69921875,34255.44921875,0,0.0,0.0,^CNXENERGY
2026-01-19 11:00:00+05:30,34255.0,34282.75,34246.6015625,34275.75,0,0.0,0.0,^CNXENERGY
2026-01-19 11:05:00+05:30,34275.6015625,34276.1484375,34229.69921875,34229.94921875,0,0.0,0.0,^CNXENERGY
2026-01-19 11:10:00+05:30,34230.6484375,34232.6484375,34192.30078125,34201.5,0,0.0,0.0,^CNXENERGY
2026-01-19 11:15:00+05:30,34197.3515625,34197.3515625,34197.3515625,34197.3515625,0,0.0,0.0,^CNXENERGY
2026-01-19 11:20:00+05:30,34155.69921875,34162.0,34136.1484375,34139.0,0,0.0,0.0,^CNXENERGY
2026-01-19 11:25:00+05:30,34141.30078125,34145.30078125,34116.55078125,34129.30078125,0,0.0,0.0,^CNXENERGY
2026-01-19 11:30:00+05:30,34129.6484375,34131.5,34096.69921875,34105.44921875,0,0.0,0.0,^CNXENERGY
2026-01-19 11:35:00+05:30,34106.55078125,34121.0,34092.1484375,34095.94921875,0,0.0,0.0,^CNXENERGY
2026-01-19 11:40:00+05:30,34098.3984375,34130.44921875,34067.19921875,34126.8515625,0,0.0,0.0,^CNXENERGY
2026-01-19 11:45:00+05:30,34130.25,34142.1015625,34102.8515625,34107.1015625,0,0.0,0.0,^CNXENERGY
2026-01-19 11:50:00+05:30,34110.8984375,34118.1015625,34093.55078125,34110.0,0,0.0,0.0,^CNXENERGY
2026-01-19 11:55:00+05:30,34110.8984375,34110.8984375,34080.5,34086.3515625,0,0.0,0.0,^CNXENERGY
2026-01-19 12:00:00+05:30,34086.0,34095.19921875,34058.8515625,34087.6484375,0,0.0,0.0,^CNXENERGY
2026-01-19 12:05:00+05:30,34090.80078125,34103.1484375,34064.8984375,34068.0,0,0.0,0.0,^CNXENERGY
2026-01-19 12:10:00+05:30,34066.55078125,34081.30078125,34058.5,34080.75,0,0.0,0.0,^CNXENERGY
2026-01-19 12:15:00+05:30,34078.6484375,34112.3515625,34078.1015625,34089.94921875,0,0.0,0.0,^CNXENERGY
2026-01-19 12:20:00+05:30,34089.19921875,34096.8984375,34060.94921875,34066.8984375,0,0.0,0.0,^CNXENERGY
2026-01-19 12:25:00+05:30,34066.75,34072.30078125,34050.25,34058.25,0,0.0,0.0,^CNXENERGY
2026-01-19 12:30:00+05:30,34060.6015625,34066.75,34039.30078125,34049.6015625,0,0.0,0.0,^CNXENERGY
2026-01-19 12:35:00+05:30,34051.3515625,34051.3515625,34008.3515625,34014.05078125,0,0.0,0.0,^CNXENERGY
2026-01-19 12:40:00+05:30,34014.5,34060.3515625,34014.5,34059.25,0,0.0,0.0,^CNXENERGY
2026-01-19 12:45:00+05:30,34056.8984375,34061.0,34030.3515625,34032.30078125,0,0.0,0.0,^CNXENERGY
2026-01-19 12:50:00+05:30,34034.30078125,34034.30078125,34012.6484375,34024.80078125,0,0.0,0.0,^CNXENERGY
2026-01-19 12:55:00+05:30,34024.8515625,34045.3984375,34021.1484375,34042.0,0,0.0,0.0,^CNXENERGY
2026-01-19 13:00:00+05:30,34040.19921875,34055.1015625,34033.8515625,34045.6484375,0,0.0,0.0,^CNXENERGY
2026-01-19 13:05:00+05:30,34049.30078125,34080.3984375,34043.8984375,34069.94921875,0,0.0,0.0,^CNXENERGY
2026-01-19 13:10:00+05:30,34071.75,34073.8515625,34040.3515625,34053.3984375,0,0.0,0.0,^CNXENERGY
2026-01-19 13:15:00+05:30,34053.30078125,34062.1484375,34040.1484375,34058.94921875,0,0.0,0.0,^CNXENERGY
2026-01-19 13:20:00+05:30,34061.75,34085.19921875,34059.05078125,34078.19921875,0,0.0,0.0,^CNXENERGY
2026-01-19 13:25:00+05:30,34077.3515625,34080.1484375,34054.19921875,34065.05078125,0,0.0,0.0,^CNXENERGY
2026-01-19 13:30:00+05:30,34066.44921875,34101.19921875,34064.5,34095.8515625,0,0.0,0.0,^CNXENERGY
2026-01-19 13:35:00+05:30,34095.8515625,34110.0,34089.1015625,34107.6015625,0,0.0,0.0,^CNXENERGY
2026-01-19 13:40:00+05:30,34109.69921875,34123.44921875,34097.19921875,34102.69921875,0,0.0,0.0,^CNXENERGY
2026-01-19 13:45:00+05:30,34102.6015625,34104.0,34060.94921875,34090.30078125,0,0.0,0.0,^CNXENERGY
2026-01-19 13:50:00+05:30,34089.8515625,34139.6015625,34088.8515625,34093.94921875,0,0.0,0.0,^CNXENERGY
2026-01-19 13:55:00+05:30,34093.8984375,34104.94921875,34082.1015625,34093.0,0,0.0,0.0,^CNXENERGY
2026-01-19 14:00:00+05:30,34094.8515625,34122.0,34090.0,34108.80078125,0,0.0,0.0,^CNXENERGY
2026-01-19 14:05:00+05:30,34109.3984375,34128.3515625,34105.1015625,34108.55078125,0,0.0,0.0,^CNXENERGY
2026-01-19 14:10:00+05:30,34110.94921875,34112.8515625,34071.44921875,34087.69921875,0,0.0,0.0,^CNXENERGY
2026-01-19 14:15:00+05:30,34088.80078125,34119.44921875,34088.55078125,34112.80078125,0,0.0,0.0,^CNXENERGY
2026-01-19 14:20:00+05:30,34114.8984375,34117.1015625,34082.8984375,34089.8984375,0,0.0,0.0,^CNXENERGY
2026-01-19 14:25:00+05:30,34088.8515625,34096.1484375,34071.3515625,34078.75,0,0.0,0.0,^CNXENERGY
2026-01-19 14:30:00+05:30,34078.80078125,34105.69921875,34078.05078125,34094.3984375,0,0.0,0.0,^CNXENERGY
2026-01-19 14:35:00+05:30,34094.44921875,34150.8515625,34086.19921875,34149.3984375,0,0.0,0.0,^CNXENERGY
2026-01-19 14:40:00+05:30,34151.6484375,34175.3515625,34139.69921875,34173.55078125,0,0.0,0.0,^CNXENERGY
2026-01-19 14:45:00+05:30,34175.44921875,34200.0,34163.55078125,34193.25,0,0.0,0.0,^CNXENERGY
2026-01-19 14:50:00+05:30,34194.44921875,34232.3515625,34183.55078125,34228.55078125,0,0.0,0.0,^CNXENERGY
2026-01-19 14:55:00+05:30,34231.6015625,34241.1015625,34179.75,34195.94921875,0,0.0,0.0,^CNXENERGY
2026-01-19 15:00:00+05:30,34199.8984375,34218.30078125,34163.05078125,34175.30078125,0,0.0,0.0,^CNXENERGY
2026-01-19 15:05:00+05:30,34176.1484375,34178.8515625,34158.25,34166.5,0,0.0,0.0,^CNXENERGY
2026-01-19 15:10:00+05:30,34165.69921875,34167.0,34128.3984375,34132.1484375,0,0.0,0.0,^CNXENERGY
2026-01-19 15:15:00+05:30,34132.1015625,34132.1015625,34086.3515625,34090.05078125,0,0.0,0.0,^CNXENERGY
2026-01-19 15:20:00+05:30,34089.44921875,34090.25,34070.8515625,34082.3984375,0,0.0,0.0,^CNXENERGY
2026-01-19 15:25:00+05:30,34081.1484375,34082.8984375,34053.19921875,34071.69921875,0,0.0,0.0,^CNXENERGY
2026-01-20 09:15:00+05:30,34097.69921875,34154.8515625,34038.6484375,34111.55078125,0,0.0,0.0,^CNXENERGY
2026-01-20 09:20:00+05:30,34107.8515625,34142.05078125,33959.55078125,33960.30078125,0,0.0,0.0,^CNXENERGY
2026-01-20 09:25:00+05:30,33962.69921875,34004.55078125,33910.44921875,33917.0,0,0.0,0.0,^CNXENERGY
2026-01-20 09:30:00+05:30,33914.44921875,33981.94921875,33867.6015625,33902.6484375,0,0.0,0.0,^CNXENERGY
2026-01-20 09:35:00+05:30,33902.05078125,33913.6015625,33768.8515625,33773.25,0,0.0,0.0,^CNXENERGY
2026-01-20 09:40:00+05:30,33771.3984375,33892.8984375,33768.5,33846.05078125,0,0.0,0.0,^CNXENERGY
2026-01-20 09:45:00+05:30,33846.6484375,33891.3515625,33776.75,33782.5,0,0.0,0.0,^CNXENERGY
2026-01-20 09:50:00+05:30,33783.6015625,33833.25,33732.3984375,33733.55078125,0,0.0,0.0,^CNXENERGY
2026-01-20 09:55:00+05:30,33733.8515625,33793.94921875,33727.55078125,33745.80078125,0,0.0,0.0,^CNXENERGY
2026-01-20 10:00:00+05:30,33746.25,33821.80078125,33737.6484375,33817.0,0,0.0,0.0,^CNXENERGY
2026-01-20 10:05:00+05:30,33814.1015625,33848.80078125,33791.94921875,33817.1015625,0,0.0,0.0,^CNXENERGY
2026-01-20 10:10:00+05:30,33816.75,33895.3515625,33816.75,33844.75,0,0.0,0.0,^CNXENERGY
2026-01-20 10:15:00+05:30,33846.69921875,33877.30078125,33789.05078125,33812.8515625,0,0.0,0.0,^CNXENERGY
2026-01-20 10:20:00+05:30,33811.8515625,33858.69921875,33783.80078125,33802.44921875,0,0.0,0.0,^CNXENERGY
2026-01-20 10:25:00+05:30,33804.19921875,33868.1484375,33787.94921875,33805.05078125,0,0.0,0.0,^CNXENERGY
2026-01-20 10:30:00+05:30,33807.75,33822.8984375,33784.94921875,33806.0,0,0.0,0.0,^CNXENERGY
2026-01-20 10:35:00+05:30,33807.8515625,33884.1015625,33804.19921875,33871.05078125,0,0.0,0.0,^CNXENERGY
2026-01-20 10:40:00+05:30,33874.55078125,33939.44921875,33864.69921875,33882.05078125,0,0.0,0.0,^CNXENERGY
2026-01-20 10:45:00+05:30,33884.0,33892.8984375,33851.8984375,33855.8984375,0,0.0,0.0,^CNXENERGY
2026-01-20 10:50:00+05:30,33857.6484375,33867.0,33838.1015625,33840.8984375,0,0.0,0.0,^CNXENERGY
2026-01-20 10:55:00+05:30,33842.55078125,33844.1015625,33813.05078125,33826.0,0,0.0,0.0,^CNXENERGY
2026-01-20 11:00:00+05:30,33825.55078125,33840.3515625,33794.44921875,33799.0,0,0.0,0.0,^CNXENERGY
2026-01-20 11:05:00+05:30,33797.6484375,33798.25,33730.69921875,33731.6484375,0,0.0,0.0,^CNXENERGY
2026-01-20 11:10:00+05:30,33732.25,33748.3984375,33711.30078125,33713.05078125,0,0.0,0.0,^CNXENERGY
2026-01-20 11:15:00+05:30,33712.3984375,33778.19921875,33706.69921875,33719.19921875,0,0.0,0.0,^CNXENERGY
2026-01-20 11:20:00+05:30,33718.80078125,33740.75,33712.1484375,33738.19921875,0,0.0,0.0,^CNXENERGY
2026-01-20 11:25:00+05:30,33739.55078125,33768.25,33731.30078125,33763.3515625,0,0.0,0.0,^CNXENERGY
2026-01-20 11:30:00+05:30,33765.05078125,33772.6484375,33747.5,33766.1484375,0,0.0,0.0,^CNXENERGY
2026-01-20 11:35:00+05:30,33765.94921875,33796.30078125,33764.69921875,33780.6015625,0,0.0,0.0,^CNXENERGY
2026-01-20 11:40:00+05:30,33781.8984375,33784.30078125,33759.55078125,33765.3984375,0,0.0,0.0,^CNXENERGY
2026-01-20 11:45:00+05:30,33767.0,33768.80078125,33739.19921875,33750.6015625,0,0.0,0.0,^CNXENERGY
2026-01-20 11:50:00+05:30,33754.6484375,33791.80078125,33740.05078125,33779.75,0,0.0,0.0,^CNXENERGY
2026-01-20 11:55:00+05:30,33780.25,33780.25,33739.6015625,33752.8515625,0,0.0,0.0,^CNXENERGY
2026-01-20 12:00:00+05:30,33753.8515625,33755.3984375,33705.55078125,33708.44921875,0,0.0,0.0,^CNXENERGY
2026-01-20 12:05:00+05:30,33709.6015625,33710.94921875,33642.80078125,33644.75,0,0.0,0.0,^CNXENERGY
2026-01-20 12:10:00+05:30,33649.05078125,33672.05078125,33639.5,33663.0,0,0.0,0.0,^CNXENERGY
2026-01-20 12:15:00+05:30,33664.0,33682.5,33650.1015625,33652.94921875,0,0.0,0.0,^CNXENERGY
2026-01-20 12:20:00+05:30,33654.44921875,33681.94921875,33644.1484375,33673.1484375,0,0.0,0.0,^CNXENERGY
2026-01-20 12:25:00+05:30,33674.80078125,33679.55078125,33649.69921875,33665.3515625,0,0.0,0.0,^CNXENERGY
2026-01-20 12:30:00+05:30,33666.80078125,33687.19921875,33655.30078125,33658.6484375,0,0.0,0.0,^CNXENERGY
2026-01-20 12:35:00+05:30,33657.5,33662.3515625,33638.05078125,33641.6484375,0,0.0,0.0,^CNXENERGY
2026-01-20 12:40:00+05:30,33643.6015625,33648.94921875,33612.80078125,33622.3515625,0,0.0,0.0,^CNXENERGY
2026-01-20 12:45:00+05:30,33622.30078125,33663.94921875,33609.19921875,33658.6015625,0,0.0,0.0,^CNXENERGY
2026-01-20 12:50:00+05:30,33660.05078125,33684.3984375,33659.05078125,33676.80078125,0,0.0,0.0,^CNXENERGY
2026-01-20 12:55:00+05:30,33676.75,33678.30078125,33661.1015625,33666.25,0,0.0,0.0,^CNXENERGY
2026-01-20 13:00:00+05:30,33666.05078125,33666.6484375,33628.19921875,33638.1015625,0,0.0,0.0,^CNXENERGY
2026-01-20 13:05:00+05:30,33636.55078125,33638.1484375,33601.1484375,33604.3984375,0,0.0,0.0,^CNXENERGY
2026-01-20 13:10:00+05:30,33607.30078125,33617.80078125,33601.1015625,33602.94921875,0,0.0,0.0,^CNXENERGY
2026-01-20 13:15:00+05:30,33604.0,33607.0,33589.3515625,33601.19921875,0,0.0,0.0,^CNXENERGY
2026-01-20 13:20:00+05:30,33603.1484375,33635.6015625,33600.3515625,33619.8515625,0,0.0,0.0,^CNXENERGY
2026-01-20 13:25:00+05:30,33621.8984375,33630.05078125,33594.55078125,33595.75,0,0.0,0.0,^CNXENERGY
2026-01-20 13:30:00+05:30,33599.44921875,33601.25,33536.44921875,33538.25,0,0.0,0.0,^CNXENERGY
2026-01-20 13:35:00+05:30,33538.6015625,33538.80078125,33508.30078125,33518.6015625,0,0.0,0.0,^CNXENERGY
2026-01-20 13:40:00+05:30,33519.44921875,33521.94921875,33494.44921875,33514.1484375,0,0.0,0.0,^CNXENERGY
2026-01-20 13:45:00+05:30,33514.19921875,33519.8515625,33474.3515625,33480.44921875,0,0.0,0.0,^CNXENERGY
2026-01-20 13:50:00+05:30,33480.3984375,33498.8515625,33475.19921875,33489.3984375,0,0.0,0.0,^CNXENERGY
2026-01-20 13:55:00+05:30,33490.30078125,33491.0,33473.8515625,33481.8984375,0,0.0,0.0,^CNXENERGY
2026-01-20 14:00:00+05:30,33480.6484375,33530.6484375,33434.8515625,33518.25,0,0.0,0.0,^CNXENERGY
2026-01-20 14:05:00+05:30,33517.69921875,33517.69921875,33434.05078125,33438.25,0,0.0,0.0,^CNXENERGY
2026-01-20 14:10:00+05:30,33440.3515625,33456.25,33429.8984375,33456.1015625,0,0.0,0.0,^CNXENERGY
2026-01-20 14:15:00+05:30,33454.6015625,33495.30078125,33449.3515625,33452.3984375,0,0.0,0.0,^CNXENERGY
2026-01-20 14:20:00+05:30,33452.6484375,33467.6015625,33447.55078125,33463.80078125,0,0.0,0.0,^CNXENERGY
2026-01-20 14:25:00+05:30,33463.55078125,33545.05078125,33458.1015625,33539.8515625,0,0.0,0.0,^CNXENERGY
2026-01-20 14:30:00+05:30,33537.1484375,33557.69921875,33532.3984375,33549.25,0,0.0,0.0,^CNXENERGY
2026-01-20 14:35:00+05:30,33550.0,33571.55078125,33538.25,33562.80078125,0,0.0,0.0,^CNXENERGY
2026-01-20 14:40:00+05:30,33566.6484375,33571.8515625,33551.3984375,33571.8515625,0,0.0,0.0,^CNXENERGY
2026-01-20 14:45:00+05:30,33574.44921875,33595.5,33562.6015625,33582.75,0,0.0,0.0,^CNXENERGY
2026-01-20 14:50:00+05:30,33584.1484375,33584.1484375,33550.8515625,33556.80078125,0,0.0,0.0,^CNXENERGY
2026-01-20 14:55:00+05:30,33558.5,33568.94921875,33506.1015625,33507.0,0,0.0,0.0,^CNXENERGY
2026-01-20 15:00:00+05:30,33508.55078125,33508.55078125,33429.94921875,33433.6015625,0,0.0,0.0,^CNXENERGY
2026-01-20 15:05:00+05:30,33429.05078125,33446.55078125,33417.25,33423.25,0,0.0,0.0,^CNXENERGY
2026-01-20 15:10:00+05:30,33423.0,33427.05078125,33342.94921875,33343.6015625,0,0.0,0.0,^CNXENERGY
2026-01-20 15:15:00+05:30,33344.69921875,33344.69921875,33293.6015625,33306.3984375,0,0.0,0.0,^CNXENERGY
2026-01-20 15:20:00+05:30,33305.6484375,33325.3984375,33296.55078125,33306.25,0,0.0,0.0,^CNXENERGY
2026-01-20 15:25:00+05:30,33305.8984375,33380.25,33285.6484375,33372.75,0,0.0,0.0,^CNXENERGY
2026-01-21 09:15:00+05:30,33290.3515625,33495.8515625,33290.3515625,33410.55078125,0,0.0,0.0,^CNXENERGY
2026-01-21 09:20:00+05:30,33408.8984375,33408.8984375,33227.5,33342.6015625,0,0.0,0.0,^CNXENERGY
2026-01-21 09:25:00+05:30,33341.25,33488.44921875,33338.1015625,33382.69921875,0,0.0,0.0,^CNXENERGY
2026-01-21 09:30:00+05:30,33386.94921875,33504.69921875,33368.30078125,33491.6484375,0,0.0,0.0,^CNXENERGY
2026-01-21 09:35:00+05:30,33490.5,33491.8515625,33323.75,33333.44921875,0,0.0,0.0,^CNXENERGY
2026-01-21 09:40:00+05:30,33332.8515625,33423.25,33323.19921875,33336.1015625,0,0.0,0.0,^CNXENERGY
2026-01-21 09:45:00+05:30,33336.6015625,33383.19921875,33278.8984375,33313.69921875,0,0.0,0.0,^CNXENERGY
2026-01-21 09:50:00+05:30,33309.3984375,33391.8984375,33286.19921875,33310.0,0,0.0,0.0,^CNXENERGY
2026-01-21 09:55:00+05:30,33309.8984375,33408.8984375,33302.25,33313.75,0,0.0,0.0,^CNXENERGY
2026-01-21 10:00:00+05:30,33314.55078125,33393.1484375,33308.19921875,33363.80078125,0,0.0,0.0,^CNXENERGY
2026-01-21 10:05:00+05:30,33364.1015625,33420.5,33336.75,33347.8515625,0,0.0,0.0,^CNXENERGY
2026-01-21 10:10:00+05:30,33346.19921875,33422.0,33306.3984375,33359.25,0,0.0,0.0,^CNXENERGY
2026-01-21 10:15:00+05:30,33359.75,33376.8984375,33315.6015625,33338.3515625,0,0.0,0.0,^CNXENERGY
2026-01-21 10:20:00+05:30,33337.3515625,33367.8515625,33288.80078125,33293.5,0,0.0,0.0,^CNXENERGY
2026-01-21 10:25:00+05:30,33291.19921875,33326.6484375,33249.69921875,33252.69921875,0,0.0,0.0,^CNXENERGY
2026-01-21 10:30:00+05:30,33253.3984375,33272.19921875,33230.25,33256.5,0,0.0,0.0,^CNXENERGY
2026-01-21 10:35:00+05:30,33256.80078125,33293.8984375,33225.69921875,33226.1484375,0,0.0,0.0,^CNXENERGY
2026-01-21 10:40:00+05:30,33223.44921875,33223.44921875,33145.8515625,33145.8515625,0,0.0,0.0,^CNXENERGY
2026-01-21 10:45:00+05:30,33146.3984375,33147.05078125,33081.6015625,33095.75,0,0.0,0.0,^CNXENERGY
2026-01-21 10:50:00+05:30,33098.1015625,33102.30078125,33030.0,33031.80078125,0,0.0,0.0,^CNXENERGY
2026-01-21 10:55:00+05:30,33031.6484375,33111.1484375,32984.30078125,33099.3515625,0,0.0,0.0,^CNXENERGY
2026-01-21 11:00:00+05:30,33098.6484375,33212.30078125,33097.94921875,33212.30078125,0,0.0,0.0,^CNXENERGY
2026-01-21 11:05:00+05:30,33211.25,33216.19921875,33170.8984375,33188.05078125,0,0.0,0.0,^CNXENERGY
2026-01-21 11:10:00+05:30,33190.05078125,33254.5,33187.75,33204.3515625,0,0.0,0.0,^CNXENERGY
2026-01-21 11:15:00+05:30,33202.55078125,33231.8984375,33178.0,33230.8515625,0,0.0,0.0,^CNXENERGY
2026-01-21 11:20:00+05:30,33231.5,33263.44921875,33180.6484375,33223.69921875,0,0.0,0.0,^CNXENERGY
2026-01-21 11:25:00+05:30,33223.94921875,33231.3984375,33176.0,33178.05078125,0,0.0,0.0,^CNXENERGY
2026-01-21 11:30:00+05:30,33177.0,33238.55078125,33173.75,33197.94921875,0,0.0,0.0,^CNXENERGY
2026-01-21 11:35:00+05:30,33198.1015625,33230.75,33173.75,33182.94921875,0,0.0,0.0,^CNXENERGY
2026-01-21 11:40:00+05:30,33181.3515625,33197.3984375,33172.5,33180.8515625,0,0.0,0.0,^CNXENERGY
2026-01-21 11:45:00+05:30,33182.55078125,33234.80078125,33171.8984375,33175.8515625,0,0.0,0.0,^CNXENERGY
2026-01-21 11:50:00+05:30,33174.94921875,33194.55078125,33159.3984375,33171.19921875,0,0.0,0.0,^CNXENERGY
2026-01-21 11:55:00+05:30,33171.8515625,33241.3515625,33171.3984375,33232.55078125,0,0.0,0.0,^CNXENERGY
2026-01-21 12:00:00+05:30,33231.44921875,33340.25,33222.3515625,33337.8515625,0,0.0,0.0,^CNXENERGY
2026-01-21 12:05:00+05:30,33340.30078125,33399.1484375,33338.44921875,33398.05078125,0,0.0,0.0,^CNXENERGY
2026-01-21 12:10:00+05:30,33400.44921875,33429.8515625,33390.5,33429.6015625,0,0.0,0.0,^CNXENERGY
2026-01-21 12:15:00+05:30,33429.5,33471.30078125,33413.3515625,33443.55078125,0,0.0,0.0,^CNXENERGY
2026-01-21 12:20:00+05:30,33443.05078125,33488.5,33428.0,33473.1015625,0,0.0,0.0,^CNXENERGY
2026-01-21 12:25:00+05:30,33471.6015625,33476.1015625,33396.8515625,33417.8515625,0,0.0,0.0,^CNXENERGY
2026-01-21 12:30:00+05:30,33419.5,33493.25,33418.1015625,33480.69921875,0,0.0,0.0,^CNXENERGY
2026-01-21 12:35:00+05:30,33481.5,33558.44921875,33479.75,33552.44921875,0,0.0,0.0,^CNXENERGY
2026-01-21 12:40:00+05:30,33553.69921875,33568.8515625,33529.6015625,33539.80078125,0,0.0,0.0,^CNXENERGY
2026-01-21 12:45:00+05:30,33540.05078125,33592.8984375,33539.6484375,33585.75,0,0.0,0.0,^CNXENERGY
2026-01-21 12:50:00+05:30,33585.44921875,33603.1015625,33571.3984375,33593.5,0,0.0,0.0,^CNXENERGY
2026-01-21 12:55:00+05:30,33594.6015625,33597.69921875,33549.3515625,33586.30078125,0,0.0,0.0,^CNXENERGY
2026-01-21 13:00:00+05:30,33587.19921875,33622.69921875,33583.80078125,33610.05078125,0,0.0,0.0,^CNXENERGY
2026-01-21 13:05:00+05:30,33610.55078125,33618.19921875,33559.69921875,33560.05078125,0,0.0,0.0,^CNXENERGY
2026-01-21 13:10:00+05:30,33558.94921875,33562.94921875,33522.6015625,33546.6484375,0,0.0,0.0,^CNXENERGY
2026-01-21 13:15:00+05:30,33547.3984375,33559.6015625,33522.30078125,33546.19921875,0,0.0,0.0,^CNXENERGY
2026-01-21 13:20:00+05:30,33546.0,33555.1484375,33519.94921875,33533.8984375,0,0.0,0.0,^CNXENERGY
2026-01-21 13:25:00+05:30,33531.6484375,33532.1015625,33505.94921875,33514.30078125,0,0.0,0.0,^CNXENERGY
2026-01-21 13:30:00+05:30,33514.55078125,33527.25,33453.69921875,33456.19921875,0,0.0,0.0,^CNXENERGY
2026-01-21 13:35:00+05:30,33455.0,33495.3984375,33438.05078125,33461.80078125,0,0.0,0.0,^CNXENERGY
2026-01-21 13:40:00+05:30,33461.1015625,33461.1015625,33394.1015625,33408.1015625,0,0.0,0.0,^CNXENERGY
2026-01-21 13:45:00+05:30,33407.75,33416.8984375,33394.05078125,33407.8984375,0,0.0,0.0,^CNXENERGY
2026-01-21 13:50:00+05:30,33409.1015625,33413.80078125,33350.30078125,33360.8984375,0,0.0,0.0,^CNXENERGY
2026-01-21 13:55:00+05:30,33361.1015625,33362.30078125,33326.80078125,33326.80078125,0,0.0,0.0,^CNXENERGY
2026-01-21 14:00:00+05:30,33330.25,33359.0,33301.1484375,33308.19921875,0,0.0,0.0,^CNXENERGY
2026-01-21 14:05:00+05:30,33307.80078125,33315.1484375,33290.3515625,33290.3515625,0,0.0,0.0,^CNXENERGY
2026-01-21 14:10:00+05:30,33289.1015625,33297.44921875,33260.8984375,33261.5,0,0.0,0.0,^CNXENERGY
2026-01-21 14:15:00+05:30,33262.05078125,33395.19921875,33259.6484375,33331.05078125,0,0.0,0.0,^CNXENERGY
2026-01-21 14:20:00+05:30,33329.3515625,33336.94921875,33278.6484375,33299.55078125,0,0.0,0.0,^CNXENERGY
2026-01-21 14:25:00+05:30,33297.94921875,33303.6484375,33261.05078125,33261.8984375,0,0.0,0.0,^CNXENERGY
2026-01-21 14:30:00+05:30,33262.44921875,33310.19921875,33260.6484375,33307.69921875,0,0.0,0.0,^CNXENERGY
2026-01-21 14:35:00+05:30,33307.30078125,33352.1484375,33303.3515625,33352.1484375,0,0.0,0.0,^CNXENERGY
2026-01-21 14:40:00+05:30,33352.05078125,33377.6484375,33335.94921875,33365.19921875,0,0.0,0.0,^CNXENERGY
2026-01-21 14:45:00+05:30,33363.1484375,33384.30078125,33346.1015625,33375.3515625,0,0.0,0.0,^CNXENERGY
2026-01-21 14:50:00+05:30,33374.30078125,33396.80078125,33362.55078125,33393.0,0,0.0,0.0,^CNXENERGY
2026-01-21 14:55:00+05:30,33392.80078125,33396.30078125,33355.8515625,33369.8515625,0,0.0,0.0,^CNXENERGY
2026-01-21 15:00:00+05:30,33371.6015625,33396.1484375,33336.94921875,33396.1484375,0,0.0,0.0,^CNXENERGY
2026-01-21 15:05:00+05:30,33397.1484375,33397.8984375,33358.0,33363.3984375,0,0.0,0.0,^CNXENERGY
2026-01-21 15:10:00+05:30,33363.3515625,33368.6015625,33354.1015625,33365.3515625,0,0.0,0.0,^CNXENERGY
2026-01-21 15:15:00+05:30,33364.94921875,33378.6484375,33342.94921875,33376.3515625,0,0.0,0.0,^CNXENERGY
2026-01-21 15:20:00+05:30,33376.8984375,33388.1484375,33364.94921875,33386.3515625,0,0.0,0.0,^CNXENERGY
2026-01-21 15:25:00+05:30,33385.69921875,33419.94921875,33378.8515625,33411.1484375,0,0.0,0.0,^CNXENERGY
2026-01-22 09:15:00+05:30,33623.5,33717.5,33610.3515625,33667.19921875,0,0.0,0.0,^CNXENERGY
2026-01-22 09:20:00+05:30,33668.1015625,33743.3515625,33664.3984375,33729.94921875,0,0.0,0.0,^CNXENERGY
2026-01-22 09:25:00+05:30,33727.8515625,33807.8515625,33707.8984375,33802.1015625,0,0.0,0.0,^CNXENERGY
2026-01-22 09:30:00+05:30,33802.94921875,33848.3984375,33802.0,33842.3984375,0,0.0,0.0,^CNXENERGY
2026-01-22 09:35:00+05:30,33842.8984375,33845.8984375,33806.1484375,33827.8515625,0,0.0,0.0,^CNXENERGY
2026-01-22 09:40:00+05:30,33825.6015625,33830.80078125,33777.55078125,33784.05078125,0,0.0,0.0,^CNXENERGY
2026-01-22 09:45:00+05:30,33784.05078125,33861.1015625,33780.44921875,33847.25,0,0.0,0.0,^CNXENERGY
2026-01-22 09:50:00+05:30,33849.19921875,33851.5,33764.8984375,33765.3984375,0,0.0,0.0,^CNXENERGY
2026-01-22 09:55:00+05:30,33763.0,33767.80078125,33735.8984375,33754.94921875,0,0.0,0.0,^CNXENERGY
2026-01-22 10:00:00+05:30,33754.1015625,33769.55078125,33694.55078125,33729.3515625,0,0.0,0.0,^CNXENERGY
2026-01-22 10:05:00+05:30,33727.30078125,33779.25,33721.75,33723.44921875,0,0.0,0.0,^CNXENERGY
2026-01-22 10:10:00+05:30,33722.6015625,33785.25,33719.19921875,33766.55078125,0,0.0,0.0,^CNXENERGY
2026-01-22 10:15:00+05:30,33763.94921875,33782.3515625,33712.44921875,33712.44921875,0,0.0,0.0,^CNXENERGY
2026-01-22 10:20:00+05:30,33713.25,33770.3515625,33701.8984375,33768.44921875,0,0.0,0.0,^CNXENERGY
2026-01-22 10:25:00+05:30,33768.0,33770.6015625,33690.8515625,33691.75,0,0.0,0.0,^CNXENERGY
2026-01-22 10:30:00+05:30,33694.5,33727.44921875,33641.30078125,33727.44921875,0,0.0,0.0,^CNXENERGY
2026-01-22 10:35:00+05:30,33727.75,33755.6484375,33701.05078125,33704.69921875,0,0.0,0.0,^CNXENERGY
2026-01-22 10:40:00+05:30,33703.8984375,33729.30078125,33697.30078125,33717.19921875,0,0.0,0.0,^CNXENERGY
2026-01-22 10:45:00+05:30,33718.6484375,33718.6484375,33683.30078125,33684.6015625,0,0.0,0.0,^CNXENERGY
2026-01-22 10:50:00+05:30,33685.05078125,33695.75,33668.30078125,33691.0,0,0.0,0.0,^CNXENERGY
2026-01-22 10:55:00+05:30,33691.5,33692.8515625,33623.05078125,33624.30078125,0,0.0,0.0,^CNXENERGY
2026-01-22 11:00:00+05:30,33625.05078125,33652.1015625,33618.3515625,33630.05078125,0,0.0,0.0,^CNXENERGY
2026-01-22 11:05:00+05:30,33629.69921875,33640.5,33606.69921875,33624.3984375,0,0.0,0.0,^CNXENERGY
2026-01-22 11:10:00+05:30,33624.44921875,33637.3515625,33593.19921875,33613.5,0,0.0,0.0,^CNXENERGY
2026-01-22 11:15:00+05:30,33614.3984375,33631.1015625,33596.8515625,33603.1484375,0,0.0,0.0,^CNXENERGY
2026-01-22 11:20:00+05:30,33602.05078125,33667.1484375,33597.3984375,33657.69921875,0,0.0,0.0,^CNXENERGY
2026-01-22 11:25:00+05:30,33658.1015625,33680.80078125,33626.30078125,33627.44921875,0,0.0,0.0,^CNXENERGY
2026-01-22 11:30:00+05:30,33626.30078125,33629.8984375,33607.44921875,33618.6484375,0,0.0,0.0,^CNXENERGY
2026-01-22 11:35:00+05:30,33619.69921875,33632.0,33609.44921875,33611.8984375,0,0.0,0.0,^CNXENERGY
2026-01-22 11:40:00+05:30,33610.3984375,33617.94921875,33562.3984375,33566.6484375,0,0.0,0.0,^CNXENERGY
2026-01-22 11:45:00+05:30,33567.1484375,33585.25,33539.6015625,33574.94921875,0,0.0,0.0,^CNXENERGY
2026-01-22 11:50:00+05:30,33573.1484375,33598.1484375,33565.19921875,33572.75,0,0.0,0.0,^CNXENERGY
2026-01-22 11:55:00+05:30,33571.1015625,33581.05078125,33554.1484375,33560.55078125,0,0.0,0.0,^CNXENERGY
2026-01-22 12:00:00+05:30,33561.44921875,33598.69921875,33560.8515625,33595.55078125,0,0.0,0.0,^CNXENERGY
2026-01-22 12:05:00+05:30,33594.8984375,33646.30078125,33594.55078125,33638.19921875,0,0.0,0.0,^CNXENERGY
2026-01-22 12:10:00+05:30,33637.6015625,33648.05078125,33619.69921875,33642.3984375,0,0.0,0.0,^CNXENERGY
2026-01-22 12:15:00+05:30,33643.55078125,33645.55078125,33622.3515625,33638.8984375,0,0.0,0.0,^CNXENERGY
2026-01-22 12:20:00+05:30,33637.8984375,33673.05078125,33636.6015625,33641.55078125,0,0.0,0.0,^CNXENERGY
2026-01-22 12:25:00+05:30,33644.6015625,33675.3984375,33642.69921875,33674.0,0,0.0,0.0,^CNXENERGY
2026-01-22 12:30:00+05:30,33673.55078125,33676.3984375,33652.3515625,33669.44921875,0,0.0,0.0,^CNXENERGY
2026-01-22 12:35:00+05:30,33669.8515625,33679.30078125,33640.30078125,33659.75,0,0.0,0.0,^CNXENERGY
2026-01-22 12:40:00+05:30,33658.55078125,33662.6015625,33610.1015625,33640.1015625,0,0.0,0.0,^CNXENERGY
2026-01-22 12:45:00+05:30,33640.8984375,33663.69921875,33640.8515625,33662.1484375,0,0.0,0.0,^CNXENERGY
2026-01-22 12:50:00+05:30,33661.8984375,33677.19921875,33650.55078125,33650.55078125,0,0.0,0.0,^CNXENERGY
2026-01-22 12:55:00+05:30,33650.1015625,33650.75,33627.3984375,33629.1015625,0,0.0,0.0,^CNXENERGY
2026-01-22 13:00:00+05:30,33627.8984375,33649.80078125,33621.6484375,33648.1015625,0,0.0,0.0,^CNXENERGY
2026-01-22 13:05:00+05:30,33646.80078125,33653.94921875,33608.3984375,33610.6484375,0,0.0,0.0,^CNXENERGY
2026-01-22 13:10:00+05:30,33610.3984375,33620.30078125,33586.1015625,33586.80078125,0,0.0,0.0,^CNXENERGY
2026-01-22 13:15:00+05:30,33586.3515625,33601.25,33570.1015625,33598.30078125,0,0.0,0.0,^CNXENERGY
2026-01-22 13:20:00+05:30,33598.5,33613.6484375,33574.75,33605.6015625,0,0.0,0.0,^CNXENERGY
2026-01-22 13:25:00+05:30,33603.6015625,33611.5,33565.1015625,33568.5,0,0.0,0.0,^CNXENERGY
2026-01-22 13:30:00+05:30,33567.25,33613.1015625,33553.55078125,33607.5,0,0.0,0.0,^CNXENERGY
2026-01-22 13:35:00+05:30,33607.1015625,33631.44921875,33602.69921875,33604.69921875,0,0.0,0.0,^CNXENERGY
2026-01-22 13:40:00+05:30,33603.8515625,33618.80078125,33592.55078125,33618.05078125,0,0.0,0.0,^CNXENERGY
2026-01-22 13:45:00+05:30,33616.69921875,33617.75,33591.25,33611.94921875,0,0.0,0.0,^CNXENERGY
2026-01-22 13:50:00+05:30,33611.44921875,33661.8515625,33610.8984375,33655.0,0,0.0,0.0,^CNXENERGY
2026-01-22 13:55:00+05:30,33654.8515625,33660.5,33639.0,33653.80078125,0,0.0,0.0,^CNXENERGY
2026-01-22 14:00:00+05:30,33652.69921875,33678.69921875,33652.69921875,33656.0,0,0.0,0.0,^CNXENERGY
2026-01-22 14:05:00+05:30,33655.30078125,33669.75,33638.3984375,33652.1484375,0,0.0,0.0,^CNXENERGY
2026-01-22 14:10:00+05:30,33653.94921875,33666.0,33618.5,33622.6484375,0,0.0,0.0,^CNXENERGY
2026-01-22 14:15:00+05:30,33621.19921875,33630.1015625,33602.3515625,33609.75,0,0.0,0.0,^CNXENERGY
2026-01-22 14:20:00+05:30,33608.44921875,33629.05078125,33606.8984375,33611.8984375,0,0.0,0.0,^CNXENERGY
2026-01-22 14:25:00+05:30,33611.0,33648.19921875,33601.3515625,33645.5,0,0.0,0.0,^CNXENERGY
2026-01-22 14:30:00+05:30,33647.25,33721.75,33646.94921875,33718.8515625,0,0.0,0.0,^CNXENERGY
2026-01-22 14:35:00+05:30,33716.5,33727.8515625,33691.30078125,33699.44921875,0,0.0,0.0,^CNXENERGY
2026-01-22 14:40:00+05:30,33697.8984375,33717.8515625,33682.8515625,33700.44921875,0,0.0,0.0,^CNXENERGY
2026-01-22 14:45:00+05:30,33699.55078125,33732.1015625,33697.05078125,33701.6484375,0,0.0,0.0,^CNXENERGY
2026-01-22 14:50:00+05:30,33701.1015625,33720.05078125,33679.8984375,33684.1015625,0,0.0,0.0,^CNXENERGY
2026-01-22 14:55:00+05:30,33686.0,33753.6015625,33686.0,33737.6015625,0,0.0,0.0,^CNXENERGY
2026-01-22 15:00:00+05:30,33738.19921875,33738.19921875,33689.0,33714.30078125,0,0.0,0.0,^CNXENERGY
2026-01-22 15:05:00+05:30,33711.3515625,33743.94921875,33708.5,33737.8984375,0,0.0,0.0,^CNXENERGY
2026-01-22 15:10:00+05:30,33736.8515625,33757.1015625,33728.0,33734.1015625,0,0.0,0.0,^CNXENERGY
2026-01-22 15:15:00+05:30,33733.25,33760.6015625,33730.75,33752.94921875,0,0.0,0.0,^CNXENERGY
2026-01-22 15:20:00+05:30,33750.8984375,33786.0,33748.0,33779.30078125,0,0.0,0.0,^CNXENERGY
2026-01-22 15:25:00+05:30,33779.8984375,33787.30078125,33761.3515625,33773.30078125,0,0.0,0.0,^CNXENERGY
2026-01-23 09:15:00+05:30,33860.94921875,33860.94921875,33521.3984375,33614.8515625,0,0.0,0.0,^CNXENERGY
2026-01-23 09:20:00+05:30,33616.69921875,33651.80078125,33583.3515625,33626.55078125,0,0.0,0.0,^CNXENERGY
2026-01-23 09:25:00+05:30,33624.44921875,33714.44921875,33618.1015625,33714.44921875,0,0.0,0.0,^CNXENERGY
2026-01-23 09:30:00+05:30,33715.19921875,33716.1484375,33648.6015625,33656.3515625,0,0.0,0.0,^CNXENERGY
2026-01-23 09:35:00+05:30,33654.8515625,33659.44921875,33615.25,33659.44921875,0,0.0,0.0,^CNXENERGY
2026-01-23 09:40:00+05:30,33662.0,33706.75,33651.1484375,33654.6015625,0,0.0,0.0,^CNXENERGY
2026-01-23 09:45:00+05:30,33653.8515625,33702.80078125,33621.44921875,33676.3984375,0,0.0,0.0,^CNXENERGY
2026-01-23 09:50:00+05:30,33676.3515625,33683.1015625,33630.3984375,33634.8984375,0,0.0,0.0,^CNXENERGY
2026-01-23 09:55:00+05:30,33636.0,33697.19921875,33636.0,33672.25,0,0.0,0.0,^CNXENERGY
2026-01-23 10:00:00+05:30,33672.94921875,33688.55078125,33657.1015625,33682.05078125,0,0.0,0.0,^CNXENERGY
2026-01-23 10:05:00+05:30,33680.44921875,33731.3515625,33680.44921875,33694.94921875,0,0.0,0.0,^CNXENERGY
2026-01-23 10:10:00+05:30,33695.5,33727.19921875,33692.94921875,33692.94921875,0,0.0,0.0,^CNXENERGY
2026-01-23 10:15:00+05:30,33694.1015625,33719.8984375,33680.3515625,33692.1015625,0,0.0,0.0,^CNXENERGY
2026-01-23 10:20:00+05:30,33690.6484375,33697.6484375,33671.6484375,33677.1015625,0,0.0,0.0,^CNXENERGY
2026-01-23 10:25:00+05:30,33676.55078125,33725.05078125,33674.0,33714.0,0,0.0,0.0,^CNXENERGY
2026-01-23 10:30:00+05:30,33713.25,33735.8984375,33698.5,33717.0,0,0.0,0.0,^CNXENERGY
2026-01-23 10:35:00+05:30,33715.8984375,33724.8984375,33684.1015625,33685.55078125,0,0.0,0.0,^CNXENERGY
2026-01-23 10:40:00+05:30,33684.75,33694.94921875,33659.75,33664.0,0,0.0,0.0,^CNXENERGY
2026-01-23 10:45:00+05:30,33663.0,33671.94921875,33616.75,33623.1015625,0,0.0,0.0,^CNXENERGY
2026-01-23 10:50:00+05:30,33623.05078125,33631.05078125,33602.3984375,33602.69921875,0,0.0,0.0,^CNXENERGY
2026-01-23 10:55:00+05:30,33602.5,33611.69921875,33591.94921875,33593.0,0,0.0,0.0,^CNXENERGY
2026-01-23 11:00:00+05:30,33592.94921875,33597.25,33576.44921875,33579.19921875,0,0.0,0.0,^CNXENERGY
2026-01-23 11:05:00+05:30,33579.80078125,33579.80078125,33547.1015625,33556.8984375,0,0.0,0.0,^CNXENERGY
2026-01-23 11:10:00+05:30,33557.8984375,33591.19921875,33556.8984375,33570.94921875,0,0.0,0.0,^CNXENERGY
2026-01-23 11:15:00+05:30,33571.6484375,33594.94921875,33569.8984375,33572.05078125,0,0.0,0.0,^CNXENERGY
2026-01-23 11:20:00+05:30,33572.19921875,33572.3515625,33542.19921875,33554.25,0,0.0,0.0,^CNXENERGY
2026-01-23 11:25:00+05:30,33553.0,33559.44921875,33541.8984375,33545.6015625,0,0.0,0.0,^CNXENERGY
2026-01-23 11:30:00+05:30,33546.25,33549.6484375,33531.44921875,33531.6015625,0,0.0,0.0,^CNXENERGY
2026-01-23 11:35:00+05:30,33531.75,33535.55078125,33494.1015625,33494.6015625,0,0.0,0.0,^CNXENERGY
2026-01-23 11:40:00+05:30,33494.3515625,33496.6484375,33448.6484375,33453.94921875,0,0.0,0.0,^CNXENERGY
2026-01-23 11:45:00+05:30,33453.6015625,33460.1015625,33431.1015625,33431.75,0,0.0,0.0,^CNXENERGY
2026-01-23 11:50:00+05:30,33430.55078125,33473.25,33425.8515625,33453.6015625,0,0.0,0.0,^CNXENERGY
2026-01-23 11:55:00+05:30,33453.25,33458.1015625,33440.25,33446.30078125,0,0.0,0.0,^CNXENERGY
2026-01-23 12:00:00+05:30,33447.80078125,33455.80078125,33425.5,33450.8984375,0,0.0,0.0,^CNXENERGY
2026-01-23 12:05:00+05:30,33450.44921875,33450.44921875,33406.94921875,33418.25,0,0.0,0.0,^CNXENERGY
2026-01-23 12:10:00+05:30,33417.8515625,33424.5,33388.25,33390.05078125,0,0.0,0.0,^CNXENERGY
2026-01-23 12:15:00+05:30,33390.80078125,33424.55078125,33382.30078125,33423.6484375,0,0.0,0.0,^CNXENERGY
2026-01-23 12:20:00+05:30,33424.69921875,33429.94921875,33391.69921875,33393.55078125,0,0.0,0.0,^CNXENERGY
2026-01-23 12:25:00+05:30,33394.94921875,33412.6015625,33364.30078125,33394.30078125,0,0.0,0.0,^CNXENERGY
2026-01-23 12:30:00+05:30,33393.6015625,33408.19921875,33372.80078125,33402.30078125,0,0.0,0.0,^CNXENERGY
2026-01-23 12:35:00+05:30,33402.5,33424.19921875,33392.69921875,33414.75,0,0.0,0.0,^CNXENERGY
2026-01-23 12:40:00+05:30,33414.6484375,33446.1484375,33388.19921875,33441.1015625,0,0.0,0.0,^CNXENERGY
2026-01-23 12:45:00+05:30,33443.05078125,33480.5,33433.5,33438.8515625,0,0.0,0.0,^CNXENERGY
2026-01-23 12:50:00+05:30,33440.30078125,33447.69921875,33404.94921875,33441.94921875,0,0.0,0.0,^CNXENERGY
2026-01-23 12:55:00+05:30,33443.44921875,33443.44921875,33385.75,33388.8984375,0,0.0,0.0,^CNXENERGY
2026-01-23 13:00:00+05:30,33389.19921875,33400.3984375,33365.8515625,33390.6484375,0,0.0,0.0,^CNXENERGY
2026-01-23 13:05:00+05:30,33391.75,33397.80078125,33353.55078125,33355.19921875,0,0.0,0.0,^CNXENERGY
2026-01-23 13:10:00+05:30,33355.94921875,33373.44921875,33341.1015625,33348.80078125,0,0.0,0.0,^CNXENERGY
2026-01-23 13:15:00+05:30,33348.75,33350.44921875,33240.1484375,33240.1484375,0,0.0,0.0,^CNXENERGY
2026-01-23 13:20:00+05:30,33240.0,33255.44921875,33180.8984375,33189.75,0,0.0,0.0,^CNXENERGY
2026-01-23 13:25:00+05:30,33191.5,33249.19921875,33191.5,33224.0,0,0.0,0.0,^CNXENERGY
2026-01-23 13:30:00+05:30,33225.30078125,33225.75,33152.19921875,33154.80078125,0,0.0,0.0,^CNXENERGY
2026-01-23 13:35:00+05:30,33155.55078125,33165.30078125,33119.80078125,33133.6484375,0,0.0,0.0,^CNXENERGY
2026-01-23 13:40:00+05:30,33134.05078125,33178.0,33115.8515625,33120.30078125,0,0.0,0.0,^CNXENERGY
2026-01-23 13:45:00+05:30,33121.19921875,33171.19921875,33110.55078125,33154.1015625,0,0.0,0.0,^CNXENERGY
2026-01-23 13:50:00+05:30,33157.55078125,33225.19921875,33142.30078125,33215.05078125,0,0.0,0.0,^CNXENERGY
2026-01-23 13:55:00+05:30,33216.3984375,33230.1015625,33161.3515625,33169.19921875,0,0.0,0.0,^CNXENERGY
2026-01-23 14:00:00+05:30,33167.3515625,33186.1015625,33152.80078125,33158.1015625,0,0.0,0.0,^CNXENERGY
2026-01-23 14:05:00+05:30,33157.30078125,33169.1015625,33122.5,33164.69921875,0,0.0,0.0,^CNXENERGY
2026-01-23 14:10:00+05:30,33164.75,33172.1015625,33120.05078125,33140.3984375,0,0.0,0.0,^CNXENERGY
2026-01-23 14:15:00+05:30,33143.6484375,33187.0,33136.1015625,33164.55078125,0,0.0,0.0,^CNXENERGY
2026-01-23 14:20:00+05:30,33165.75,33177.1015625,33127.6015625,33128.55078125,0,0.0,0.0,^CNXENERGY
2026-01-23 14:25:00+05:30,33128.6015625,33182.30078125,33126.3515625,33168.8984375,0,0.0,0.0,^CNXENERGY
2026-01-23 14:30:00+05:30,33170.75,33209.75,33145.55078125,33195.3515625,0,0.0,0.0,^CNXENERGY
2026-01-23 14:35:00+05:30,33196.8515625,33211.8515625,33142.75,33161.1484375,0,0.0,0.0,^CNXENERGY
2026-01-23 14:40:00+05:30,33161.8984375,33201.8984375,33158.8515625,33168.94921875,0,0.0,0.0,^CNXENERGY
2026-01-23 14:45:00+05:30,33171.80078125,33194.30078125,33120.1015625,33121.3515625,0,0.0,0.0,^CNXENERGY
2026-01-23 14:50:00+05:30,33117.94921875,33191.05078125,33104.19921875,33185.19921875,0,0.0,0.0,^CNXENERGY
2026-01-23 14:55:00+05:30,33184.69921875,33234.75,33179.8984375,33200.3984375,0,0.0,0.0,^CNXENERGY
2026-01-23 15:00:00+05:30,33201.8515625,33213.05078125,33100.8984375,33123.1015625,0,0.0,0.0,^CNXENERGY
2026-01-23 15:05:00+05:30,33122.05078125,33122.05078125,33070.5,33072.80078125,0,0.0,0.0,^CNXENERGY
2026-01-23 15:10:00+05:30,33073.44921875,33107.05078125,33066.19921875,33082.75,0,0.0,0.0,^CNXENERGY
2026-01-23 15:15:00+05:30,33085.30078125,33101.44921875,33056.44921875,33060.80078125,0,0.0,0.0,^CNXENERGY
2026-01-23 15:20:00+05:30,33063.6015625,33103.05078125,33059.5,33096.3515625,0,0.0,0.0,^CNXENERGY
2026-01-23 15:25:00+05:30,33097.55078125,33146.3984375,33078.3984375,33137.8515625,0,0.0,0.0,^CNXENERGY
2026-01-27 09:15:00+05:30,33252.44921875,33335.1484375,33025.8515625,33033.5,0,0.0,0.0,^CNXENERGY
2026-01-27 09:20:00+05:30,33034.75,33034.75,32890.80078125,33003.25,0,0.0,0.0,^CNXENERGY
2026-01-27 09:25:00+05:30,33005.0,33167.3984375,32999.75,33156.1015625,0,0.0,0.0,^CNXENERGY
2026-01-27 09:30:00+05:30,33155.05078125,33172.0,33079.44921875,33108.80078125,0,0.0,0.0,^CNXENERGY
2026-01-27 09:35:00+05:30,33109.30078125,33261.19921875,33105.25,33237.44921875,0,0.0,0.0,^CNXENERGY
2026-01-27 09:40:00+05:30,33236.44921875,33246.75,33143.55078125,33204.3515625,0,0.0,0.0,^CNXENERGY
2026-01-27 09:45:00+05:30,33207.6015625,33290.6484375,33204.19921875,33288.8984375,0,0.0,0.0,^CNXENERGY
2026-01-27 09:50:00+05:30,33290.3515625,33304.1484375,33253.8515625,33260.3515625,0,0.0,0.0,^CNXENERGY
2026-01-27 09:55:00+05:30,33260.6484375,33295.8515625,33230.30078125,33267.05078125,0,0.0,0.0,^CNXENERGY
2026-01-27 10:00:00+05:30,33266.1484375,33322.30078125,33266.1484375,33288.80078125,0,0.0,0.0,^CNXENERGY
2026-01-27 10:05:00+05:30,33288.69921875,33288.69921875,33235.75,33267.30078125,0,0.0,0.0,^CNXENERGY
2026-01-27 10:10:00+05:30,33267.0,33317.05078125,33251.5,33314.25,0,0.0,0.0,^CNXENERGY
2026-01-27 10:15:00+05:30,33313.44921875,33341.3515625,33301.3984375,33331.80078125,0,0.0,0.0,^CNXENERGY
2026-01-27 10:20:00+05:30,33329.5,33355.6484375,33324.69921875,33336.25,0,0.0,0.0,^CNXENERGY
2026-01-27 10:25:00+05:30,33336.19921875,33361.44921875,33306.6015625,33315.3984375,0,0.0,0.0,^CNXENERGY
2026-01-27 10:30:00+05:30,33315.3984375,33345.75,33280.80078125,33335.1484375,0,0.0,0.0,^CNXENERGY
2026-01-27 10:35:00+05:30,33335.25,33342.5,33290.3515625,33295.80078125,0,0.0,0.0,^CNXENERGY
2026-01-27 10:40:00+05:30,33293.75,33298.3515625,33181.1015625,33188.5,0,0.0,0.0,^CNXENERGY
2026-01-27 10:45:00+05:30,33189.1484375,33219.5,33173.75,33216.25,0,0.0,0.0,^CNXENERGY
2026-01-27 10:50:00+05:30,33214.8515625,33214.8515625,33131.1484375,33144.55078125,0,0.0,0.0,^CNXENERGY
2026-01-27 10:55:00+05:30,33144.6015625,33161.8515625,33117.5,33121.1484375,0,0.0,0.0,^CNXENERGY
2026-01-27 11:00:00+05:30,33121.8984375,33200.19921875,33116.5,33192.1015625,0,0.0,0.0,^CNXENERGY
2026-01-27 11:05:00+05:30,33196.05078125,33199.30078125,33157.05078125,33176.8984375,0,0.0,0.0,^CNXENERGY
2026-01-27 11:10:00+05:30,33175.8515625,33207.1484375,33169.6015625,33206.80078125,0,0.0,0.0,^CNXENERGY
2026-01-27 11:15:00+05:30,33206.69921875,33226.8515625,33192.6015625,33216.05078125,0,0.0,0.0,^CNXENERGY
2026-01-27 11:20:00+05:30,33216.25,33225.6484375,33172.8984375,33178.44921875,0,0.0,0.0,^CNXENERGY
2026-01-27 11:25:00+05:30,33175.80078125,33210.1484375,33171.8984375,33204.3984375,0,0.0,0.0,^CNXENERGY
2026-01-27 11:30:00+05:30,33205.80078125,33233.30078125,33201.44921875,33219.69921875,0,0.0,0.0,^CNXENERGY
2026-01-27 11:35:00+05:30,33222.05078125,33295.05078125,33222.05078125,33289.1484375,0,0.0,0.0,^CNXENERGY
2026-01-27 11:40:00+05:30,33288.3515625,33352.0,33272.94921875,33345.75,0,0.0,0.0,^CNXENERGY
2026-01-27 11:45:00+05:30,33345.05078125,33353.44921875,33285.55078125,33285.94921875,0,0.0,0.0,^CNXENERGY
2026-01-27 11:50:00+05:30,33287.3984375,33298.75,33267.3984375,33269.6484375,0,0.0,0.0,^CNXENERGY
2026-01-27 11:55:00+05:30,33270.44921875,33298.94921875,33260.25,33291.94921875,0,0.0,0.0,^CNXENERGY
2026-01-27 12:00:00+05:30,33292.8515625,33299.5,33269.55078125,33280.3984375,0,0.0,0.0,^CNXENERGY
2026-01-27 12:05:00+05:30,33279.8984375,33295.6484375,33273.30078125,33276.8984375,0,0.0,0.0,^CNXENERGY
2026-01-27 12:10:00+05:30,33276.75,33296.25,33269.55078125,33272.80078125,0,0.0,0.0,^CNXENERGY
2026-01-27 12:15:00+05:30,33272.5,33279.94921875,33228.5,33231.5,0,0.0,0.0,^CNXENERGY
2026-01-27 12:20:00+05:30,33232.8984375,33279.94921875,33231.6484375,33277.69921875,0,0.0,0.0,^CNXENERGY
2026-01-27 12:25:00+05:30,33276.19921875,33291.19921875,33226.6484375,33226.80078125,0,0.0,0.0,^CNXENERGY
2026-01-27 12:30:00+05:30,33224.05078125,33254.75,33213.6484375,33241.8984375,0,0.0,0.0,^CNXENERGY
2026-01-27 12:35:00+05:30,33241.1015625,33255.05078125,33213.5,33231.25,0,0.0,0.0,^CNXENERGY
2026-01-27 12:40:00+05:30,33230.8515625,33249.55078125,33211.25,33214.05078125,0,0.0,0.0,^CNXENERGY
2026-01-27 12:45:00+05:30,33213.3515625,33214.6484375,33160.80078125,33160.80078125,0,0.0,0.0,^CNXENERGY
2026-01-27 12:50:00+05:30,33159.25,33211.44921875,33156.25,33198.05078125,0,0.0,0.0,^CNXENERGY
2026-01-27 12:55:00+05:30,33196.8984375,33201.05078125,33165.30078125,33180.69921875,0,0.0,0.0,^CNXENERGY
2026-01-27 13:00:00+05:30,33179.1015625,33182.5,33130.05078125,33151.75,0,0.0,0.0,^CNXENERGY
2026-01-27 13:05:00+05:30,33155.69921875,33176.30078125,33153.05078125,33168.8515625,0,0.0,0.0,^CNXENERGY
2026-01-27 13:10:00+05:30,33168.5,33176.8515625,33142.30078125,33174.80078125,0,0.0,0.0,^CNXENERGY
2026-01-27 13:15:00+05:30,33174.94921875,33186.25,33161.1484375,33182.1015625,0,0.0,0.0,^CNXENERGY
2026-01-27 13:20:00+05:30,33182.3515625,33197.05078125,33156.0,33181.44921875,0,0.0,0.0,^CNXENERGY
2026-01-27 13:25:00+05:30,33181.25,33202.8984375,33163.30078125,33196.80078125,0,0.0,0.0,^CNXENERGY
2026-01-27 13:30:00+05:30,33199.3984375,33210.69921875,33157.3515625,33160.55078125,0,0.0,0.0,^CNXENERGY
2026-01-27 13:35:00+05:30,33160.1015625,33160.6484375,33077.3984375,33079.80078125,0,0.0,0.0,^CNXENERGY
2026-01-27 13:40:00+05:30,33081.80078125,33118.44921875,33071.30078125,33086.8984375,0,0.0,0.0,^CNXENERGY
2026-01-27 13:45:00+05:30,33086.3515625,33115.30078125,33083.8515625,33109.1484375,0,0.0,0.0,^CNXENERGY
2026-01-27 13:50:00+05:30,33110.0,33118.94921875,33093.44921875,33099.05078125,0,0.0,0.0,^CNXENERGY
2026-01-27 13:55:00+05:30,33101.0,33121.8515625,33090.05078125,33117.30078125,0,0.0,0.0,^CNXENERGY
2026-01-27 14:00:00+05:30,33117.05078125,33119.3515625,33070.44921875,33076.80078125,0,0.0,0.0,^CNXENERGY
2026-01-27 14:05:00+05:30,33076.80078125,33085.80078125,33056.8515625,33073.5,0,0.0,0.0,^CNXENERGY
2026-01-27 14:10:00+05:30,33075.3515625,33100.5,33066.8984375,33069.8984375,0,0.0,0.0,^CNXENERGY
2026-01-27 14:15:00+05:30,33069.5,33079.1015625,33057.5,33069.8515625,0,0.0,0.0,^CNXENERGY
2026-01-27 14:20:00+05:30,33070.30078125,33073.05078125,33043.05078125,33063.19921875,0,0.0,0.0,^CNXENERGY
2026-01-27 14:25:00+05:30,33065.55078125,33098.69921875,33055.44921875,33086.8515625,0,0.0,0.0,^CNXENERGY
2026-01-27 14:30:00+05:30,33088.3984375,33142.19921875,33083.94921875,33138.80078125,0,0.0,0.0,^CNXENERGY
2026-01-27 14:35:00+05:30,33139.8984375,33222.1015625,33136.80078125,33219.3984375,0,0.0,0.0,^CNXENERGY
2026-01-27 14:40:00+05:30,33219.6015625,33274.1015625,33219.6015625,33250.44921875,0,0.0,0.0,^CNXENERGY
2026-01-27 14:45:00+05:30,33250.30078125,33275.8515625,33247.3984375,33264.5,0,0.0,0.0,^CNXENERGY
2026-01-27 14:50:00+05:30,33263.5,33311.30078125,33257.19921875,33303.1015625,0,0.0,0.0,^CNXENERGY
2026-01-27 14:55:00+05:30,33302.8515625,33313.8515625,33268.1484375,33271.05078125,0,0.0,0.0,^CNXENERGY
2026-01-27 15:00:00+05:30,33268.1484375,33276.0,33216.1015625,33231.3984375,0,0.0,0.0,^CNXENERGY
2026-01-27 15:05:00+05:30,33234.19921875,33272.05078125,33223.69921875,33265.8984375,0,0.0,0.0,^CNXENERGY
2026-01-27 15:10:00+05:30,33263.25,33288.25,33247.3515625,33275.44921875,0,0.0,0.0,^CNXENERGY
2026-01-27 15:15:00+05:30,33273.69921875,33312.1484375,33269.1484375,33310.0,0,0.0,0.0,^CNXENERGY
2026-01-27 15:20:00+05:30,33309.3984375,33367.69921875,33304.44921875,33367.69921875,0,0.0,0.0,^CNXENERGY
2026-01-27 15:25:00+05:30,33367.3984375,33407.05078125,33366.75,33407.05078125,0,0.0,0.0,^CNXENERGY
2026-01-28 09:15:00+05:30,33436.6015625,33858.0,33428.05078125,33833.19921875,0,0.0,0.0,^CNXENERGY
2026-01-28 09:20:00+05:30,33830.30078125,34021.5,33825.3984375,34015.19921875,0,0.0,0.0,^CNXENERGY
2026-01-28 09:25:00+05:30,34014.69921875,34075.44921875,33990.44921875,34056.3515625,0,0.0,0.0,^CNXENERGY
2026-01-28 09:30:00+05:30,34052.8984375,34092.55078125,34022.25,34022.25,0,0.0,0.0,^CNXENERGY
2026-01-28 09:35:00+05:30,34024.55078125,34098.30078125,34005.6484375,34097.6015625,0,0.0,0.0,^CNXENERGY
2026-01-28 09:40:00+05:30,34098.3515625,34112.80078125,34052.8515625,34064.3984375,0,0.0,0.0,^CNXENERGY
2026-01-28 09:45:00+05:30,34066.94921875,34124.1484375,34063.05078125,34113.75,0,0.0,0.0,^CNXENERGY
2026-01-28 09:50:00+05:30,34117.0,34217.75,34095.55078125,34210.1015625,0,0.0,0.0,^CNXENERGY
2026-01-28 09:55:00+05:30,34211.30078125,34214.05078125,34130.1015625,34171.3984375,0,0.0,0.0,^CNXENERGY
2026-01-28 10:00:00+05:30,34173.44921875,34197.3515625,34102.55078125,34125.55078125,0,0.0,0.0,^CNXENERGY
2026-01-28 10:05:00+05:30,34126.55078125,34129.3515625,34041.05078125,34077.55078125,0,0.0,0.0,^CNXENERGY
2026-01-28 10:10:00+05:30,34079.75,34111.0,34066.6015625,34095.25,0,0.0,0.0,^CNXENERGY
2026-01-28 10:15:00+05:30,34097.80078125,34122.44921875,34093.69921875,34121.1015625,0,0.0,0.0,^CNXENERGY
2026-01-28 10:20:00+05:30,34119.8515625,34181.80078125,34119.55078125,34171.55078125,0,0.0,0.0,^CNXENERGY
2026-01-28 10:25:00+05:30,34171.30078125,34191.3984375,34119.5,34123.1015625,0,0.0,0.0,^CNXENERGY
2026-01-28 10:30:00+05:30,34122.1484375,34134.80078125,34101.55078125,34131.25,0,0.0,0.0,^CNXENERGY
2026-01-28 10:35:00+05:30,34131.5,34237.5,34130.69921875,34237.5,0,0.0,0.0,^CNXENERGY
2026-01-28 10:40:00+05:30,34238.0,34260.6015625,34206.30078125,34208.6484375,0,0.0,0.0,^CNXENERGY
2026-01-28 10:45:00+05:30,34208.75,34302.69921875,34208.75,34299.44921875,0,0.0,0.0,^CNXENERGY
2026-01-28 10:50:00+05:30,34298.25,34344.3515625,34295.3515625,34327.1015625,0,0.0,0.0,^CNXENERGY
2026-01-28 10:55:00+05:30,34328.75,34346.55078125,34293.1484375,34327.05078125,0,0.0,0.0,^CNXENERGY
2026-01-28 11:00:00+05:30,34326.6015625,34387.75,34326.6015625,34381.05078125,0,0.0,0.0,^CNXENERGY
2026-01-28 11:05:00+05:30,34383.5,34399.94921875,34354.25,34354.25,0,0.0,0.0,^CNXENERGY
2026-01-28 11:10:00+05:30,34356.8984375,34359.8984375,34339.3515625,34351.05078125,0,0.0,0.0,^CNXENERGY
2026-01-28 11:15:00+05:30,34353.6015625,34360.8515625,34313.6015625,34345.8515625,0,0.0,0.0,^CNXENERGY
2026-01-28 11:20:00+05:30,34345.55078125,34387.19921875,34337.0,34379.69921875,0,0.0,0.0,^CNXENERGY
2026-01-28 11:25:00+05:30,34379.3984375,34392.25,34360.8984375,34377.69921875,0,0.0,0.0,^CNXENERGY
2026-01-28 11:30:00+05:30,34381.19921875,34393.0,34363.25,34377.30078125,0,0.0,0.0,^CNXENERGY
2026-01-28 11:35:00+05:30,34374.80078125,34376.75,34311.0,34314.25,0,0.0,0.0,^CNXENERGY
2026-01-28 11:40:00+05:30,34314.25,34318.05078125,34280.1015625,34287.25,0,0.0,0.0,^CNXENERGY
2026-01-28 11:45:00+05:30,34286.0,34367.05078125,34279.30078125,34354.19921875,0,0.0,0.0,^CNXENERGY
2026-01-28 11:50:00+05:30,34353.5,34376.75,34343.3984375,34373.19921875,0,0.0,0.0,^CNXENERGY
2026-01-28 11:55:00+05:30,34372.75,34417.0,34372.44921875,34417.0,0,0.0,0.0,^CNXENERGY
2026-01-28 12:00:00+05:30,34415.80078125,34466.05078125,34403.19921875,34462.05078125,0,0.0,0.0,^CNXENERGY
2026-01-28 12:05:00+05:30,34461.1015625,34495.1484375,34459.30078125,34464.6015625,0,0.0,0.0,^CNXENERGY
2026-01-28 12:10:00+05:30,34464.30078125,34485.1015625,34448.44921875,34478.3984375,0,0.0,0.0,^CNXENERGY
2026-01-28 12:15:00+05:30,34480.55078125,34496.8515625,34468.0,34475.05078125,0,0.0,0.0,^CNXENERGY
2026-01-28 12:20:00+05:30,34475.3515625,34501.75,34473.55078125,34477.55078125,0,0.0,0.0,^CNXENERGY
2026-01-28 12:25:00+05:30,34476.6484375,34480.69921875,34428.6484375,34430.25,0,0.0,0.0,^CNXENERGY
2026-01-28 12:30:00+05:30,34432.1484375,34468.8515625,34430.3984375,34458.5,0,0.0,0.0,^CNXENERGY
2026-01-28 12:35:00+05:30,34458.8984375,34467.75,34443.30078125,34457.1015625,0,0.0,0.0,^CNXENERGY
2026-01-28 12:40:00+05:30,34457.55078125,34465.8515625,34425.19921875,34462.05078125,0,0.0,0.0,^CNXENERGY
2026-01-28 12:45:00+05:30,34464.19921875,34468.6484375,34439.1484375,34443.6484375,0,0.0,0.0,^CNXENERGY
2026-01-28 12:50:00+05:30,34443.80078125,34452.05078125,34419.44921875,34426.8984375,0,0.0,0.0,^CNXENERGY
2026-01-28 12:55:00+05:30,34427.1015625,34435.30078125,34423.69921875,34432.6015625,0,0.0,0.0,^CNXENERGY
2026-01-28 13:00:00+05:30,34432.55078125,34481.94921875,34431.30078125,34466.5,0,0.0,0.0,^CNXENERGY
2026-01-28 13:05:00+05:30,34465.6484375,34473.75,34431.6484375,34437.0,0,0.0,0.0,^CNXENERGY
2026-01-28 13:10:00+05:30,34436.69921875,34460.30078125,34431.3984375,34453.05078125,0,0.0,0.0,^CNXENERGY
2026-01-28 13:15:00+05:30,34452.1484375,34469.8984375,34444.1015625,34463.8984375,0,0.0,0.0,^CNXENERGY
2026-01-28 13:20:00+05:30,34465.3515625,34466.94921875,34391.3515625,34406.6484375,0,0.0,0.0,^CNXENERGY
2026-01-28 13:25:00+05:30,34407.44921875,34417.6015625,34379.5,34391.8515625,0,0.0,0.0,^CNXENERGY
2026-01-28 13:30:00+05:30,34391.25,34414.80078125,34375.1015625,34378.8515625,0,0.0,0.0,^CNXENERGY
2026-01-28 13:35:00+05:30,34378.8515625,34391.3984375,34373.05078125,34388.94921875,0,0.0,0.0,^CNXENERGY
2026-01-28 13:40:00+05:30,34388.6484375,34407.5,34370.3984375,34370.3984375,0,0.0,0.0,^CNXENERGY
2026-01-28 13:45:00+05:30,34371.0,34377.05078125,34357.94921875,34370.6015625,0,0.0,0.0,^CNXENERGY
2026-01-28 13:50:00+05:30,34372.75,34445.44921875,34362.19921875,34445.44921875,0,0.0,0.0,^CNXENERGY
2026-01-28 13:55:00+05:30,34447.80078125,34467.25,34440.6015625,34467.25,0,0.0,0.0,^CNXENERGY
2026-01-28 14:00:00+05:30,34467.69921875,34486.05078125,34455.80078125,34459.44921875,0,0.0,0.0,^CNXENERGY
2026-01-28 14:05:00+05:30,34458.55078125,34465.1015625,34435.30078125,34459.1484375,0,0.0,0.0,^CNXENERGY
2026-01-28 14:10:00+05:30,34459.30078125,34469.3515625,34435.30078125,34464.1015625,0,0.0,0.0,^CNXENERGY
2026-01-28 14:15:00+05:30,34466.55078125,34477.3984375,34446.55078125,34457.1015625,0,0.0,0.0,^CNXENERGY
2026-01-28 14:20:00+05:30,34457.3515625,34490.80078125,34449.44921875,34488.5,0,0.0,0.0,^CNXENERGY
2026-01-28 14:25:00+05:30,34490.25,34527.8515625,34486.55078125,34521.25,0,0.0,0.0,^CNXENERGY
2026-01-28 14:30:00+05:30,34523.44921875,34528.6015625,34485.25,34490.75,0,0.0,0.0,^CNXENERGY
2026-01-28 14:35:00+05:30,34486.6015625,34505.6484375,34469.3984375,34497.69921875,0,0.0,0.0,^CNXENERGY
2026-01-28 14:40:00+05:30,34495.3984375,34517.8984375,34489.69921875,34509.80078125,0,0.0,0.0,^CNXENERGY
2026-01-28 14:45:00+05:30,34509.0,34552.44921875,34507.44921875,34549.19921875,0,0.0,0.0,^CNXENERGY
2026-01-28 14:50:00+05:30,34551.69921875,34589.5,34548.05078125,34587.55078125,0,0.0,0.0,^CNXENERGY
2026-01-28 14:55:00+05:30,34588.8515625,34626.0,34588.8515625,34620.5,0,0.0,0.0,^CNXENERGY
2026-01-28 15:00:00+05:30,34620.3984375,34687.0,34620.3984375,34667.75,0,0.0,0.0,^CNXENERGY
2026-01-28 15:05:00+05:30,34668.3515625,34697.8984375,34653.80078125,34658.94921875,0,0.0,0.0,^CNXENERGY
2026-01-28 15:10:00+05:30,34660.30078125,34676.55078125,34641.3515625,34664.75,0,0.0,0.0,^CNXENERGY
2026-01-28 15:15:00+05:30,34664.80078125,34699.69921875,34664.80078125,34689.8515625,0,0.0,0.0,^CNXENERGY
2026-01-28 15:20:00+05:30,34688.69921875,34707.8984375,34671.8515625,34706.30078125,0,0.0,0.0,^CNXENERGY
2026-01-28 15:25:00+05:30,34707.19921875,34743.25,34706.6484375,34733.8984375,0,0.0,0.0,^CNXENERGY
2026-01-29 09:15:00+05:30,34880.25,34987.1484375,34816.0,34964.5,0,0.0,0.0,^CNXENERGY
2026-01-29 09:20:00+05:30,34966.94921875,34978.8984375,34904.44921875,34935.6015625,0,0.0,0.0,^CNXENERGY
2026-01-29 09:25:00+05:30,34933.8984375,35061.05078125,34933.8984375,35046.80078125,0,0.0,0.0,^CNXENERGY
2026-01-29 09:30:00+05:30,35047.6015625,35064.6484375,34984.5,35060.55078125,0,0.0,0.0,^CNXENERGY
2026-01-29 09:35:00+05:30,35056.94921875,35057.69921875,34950.69921875,34990.6484375,0,0.0,0.0,^CNXENERGY
2026-01-29 09:40:00+05:30,34988.69921875,35075.94921875,34977.69921875,35014.44921875,0,0.0,0.0,^CNXENERGY
2026-01-29 09:45:00+05:30,35016.94921875,35028.44921875,34970.0,35017.69921875,0,0.0,0.0,^CNXENERGY
2026-01-29 09:50:00+05:30,35014.80078125,35030.8984375,34908.5,34912.1484375,0,0.0,0.0,^CNXENERGY
2026-01-29 09:55:00+05:30,34909.94921875,34934.44921875,34854.6015625,34908.55078125,0,0.0,0.0,^CNXENERGY
2026-01-29 10:00:00+05:30,34911.8515625,34926.55078125,34857.30078125,34896.3515625,0,0.0,0.0,^CNXENERGY
2026-01-29 10:05:00+05:30,34896.3515625,34908.75,34854.1015625,34886.75,0,0.0,0.0,^CNXENERGY
2026-01-29 10:10:00+05:30,34890.0,34891.3984375,34845.8984375,34870.0,0,0.0,0.0,^CNXENERGY
2026-01-29 10:15:00+05:30,34869.80078125,34875.19921875,34817.5,34832.19921875,0,0.0,0.0,^CNXENERGY
2026-01-29 10:20:00+05:30,34830.8515625,34848.1015625,34759.19921875,34833.1015625,0,0.0,0.0,^CNXENERGY
2026-01-29 10:25:00+05:30,34831.6484375,34838.05078125,34777.3984375,34822.19921875,0,0.0,0.0,^CNXENERGY
2026-01-29 10:30:00+05:30,34822.19921875,34954.44921875,34811.30078125,34944.55078125,0,0.0,0.0,^CNXENERGY
2026-01-29 10:35:00+05:30,34947.3984375,34959.69921875,34890.6015625,34891.6484375,0,0.0,0.0,^CNXENERGY
2026-01-29 10:40:00+05:30,34892.1015625,34943.8515625,34883.69921875,34934.05078125,0,0.0,0.0,^CNXENERGY
2026-01-29 10:45:00+05:30,34936.05078125,34963.0,34928.8515625,34929.6015625,0,0.0,0.0,^CNXENERGY
2026-01-29 10:50:00+05:30,34931.5,34973.6015625,34908.5,34967.6015625,0,0.0,0.0,^CNXENERGY
2026-01-29 10:55:00+05:30,34968.0,34971.05078125,34923.75,34936.75,0,0.0,0.0,^CNXENERGY
2026-01-29 11:00:00+05:30,34939.1015625,34977.3984375,34933.94921875,34970.6484375,0,0.0,0.0,^CNXENERGY
2026-01-29 11:05:00+05:30,34970.1484375,35000.0,34965.80078125,34982.30078125,0,0.0,0.0,^CNXENERGY
2026-01-29 11:10:00+05:30,34983.5,34991.75,34934.19921875,34957.0,0,0.0,0.0,^CNXENERGY
2026-01-29 11:15:00+05:30,34959.19921875,35008.8515625,34956.55078125,34975.75,0,0.0,0.0,^CNXENERGY
2026-01-29 11:20:00+05:30,34976.30078125,35099.0,34974.5,35074.05078125,0,0.0,0.0,^CNXENERGY
2026-01-29 11:25:00+05:30,35073.30078125,35073.8984375,35008.19921875,35035.19921875,0,0.0,0.0,^CNXENERGY
2026-01-29 11:30:00+05:30,35038.94921875,35055.44921875,35008.1484375,35010.8515625,0,0.0,0.0,^CNXENERGY
2026-01-29 11:35:00+05:30,35011.19921875,35033.8984375,35001.5,35031.1015625,0,0.0,0.0,^CNXENERGY
2026-01-29 11:40:00+05:30,35031.5,35106.0,35029.1484375,35065.8515625,0,0.0,0.0,^CNXENERGY
2026-01-29 11:45:00+05:30,35064.6484375,35065.80078125,35015.1484375,35043.75,0,0.0,0.0,^CNXENERGY
2026-01-29 11:50:00+05:30,35044.3984375,35058.30078125,35029.30078125,35033.6015625,0,0.0,0.0,^CNXENERGY
2026-01-29 11:55:00+05:30,35035.3515625,35060.75,35026.69921875,35030.80078125,0,0.0,0.0,^CNXENERGY
2026-01-29 12:00:00+05:30,35035.8515625,35050.1484375,35019.1484375,35046.3515625,0,0.0,0.0,^CNXENERGY
2026-01-29 12:05:00+05:30,35047.6015625,35055.1484375,35036.44921875,35047.44921875,0,0.0,0.0,^CNXENERGY
2026-01-29 12:10:00+05:30,35049.25,35050.94921875,35012.30078125,35042.0,0,0.0,0.0,^CNXENERGY
2026-01-29 12:15:00+05:30,35040.8984375,35078.19921875,35034.6015625,35076.75,0,0.0,0.0,^CNXENERGY
2026-01-29 12:20:00+05:30,35074.3984375,35087.8515625,35039.8515625,35069.3515625,0,0.0,0.0,^CNXENERGY
2026-01-29 12:25:00+05:30,35068.05078125,35070.0,35045.44921875,35054.3984375,0,0.0,0.0,^CNXENERGY
2026-01-29 12:30:00+05:30,35055.55078125,35099.8515625,35051.6484375,35076.6484375,0,0.0,0.0,^CNXENERGY
2026-01-29 12:35:00+05:30,35078.5,35081.3515625,35041.94921875,35067.8984375,0,0.0,0.0,^CNXENERGY
2026-01-29 12:40:00+05:30,35069.30078125,35071.69921875,35041.44921875,35041.8515625,0,0.0,0.0,^CNXENERGY
2026-01-29 12:45:00+05:30,35039.8984375,35084.30078125,35033.80078125,35065.75,0,0.0,0.0,^CNXENERGY
2026-01-29 12:50:00+05:30,35068.1015625,35097.5,35061.5,35092.3984375,0,0.0,0.0,^CNXENERGY
2026-01-29 12:55:00+05:30,35095.25,35122.5,35082.3984375,35118.0,0,0.0,0.0,^CNXENERGY
2026-01-29 13:00:00+05:30,35117.55078125,35132.3515625,35109.19921875,35130.25,0,0.0,0.0,^CNXENERGY
2026-01-29 13:05:00+05:30,35130.1484375,35136.3984375,35104.44921875,35124.3515625,0,0.0,0.0,^CNXENERGY
2026-01-29 13:10:00+05:30,35125.5,35170.05078125,35123.0,35155.0,0,0.0,0.0,^CNXENERGY
2026-01-29 13:15:00+05:30,35154.3984375,35155.0,35111.0,35122.94921875,0,0.0,0.0,^CNXENERGY
2026-01-29 13:20:00+05:30,35121.44921875,35144.69921875,35115.3984375,35138.69921875,0,0.0,0.0,^CNXENERGY
2026-01-29 13:25:00+05:30,35139.5,35165.8984375,35137.80078125,35147.25,0,0.0,0.0,^CNXENERGY
2026-01-29 13:30:00+05:30,35148.0,35192.75,35140.44921875,35180.8984375,0,0.0,0.0,^CNXENERGY
2026-01-29 13:35:00+05:30,35181.25,35216.5,35175.25,35212.1484375,0,0.0,0.0,^CNXENERGY
2026-01-29 13:40:00+05:30,35210.69921875,35257.8515625,35207.3515625,35254.6015625,0,0.0,0.0,^CNXENERGY
2026-01-29 13:45:00+05:30,35257.30078125,35287.75,35256.8515625,35267.5,0,0.0,0.0,^CNXENERGY
2026-01-29 13:50:00+05:30,35269.94921875,35297.6015625,35261.44921875,35294.6484375,0,0.0,0.0,^CNXENERGY
2026-01-29 13:55:00+05:30,35297.75,35298.1484375,35263.3984375,35287.5,0,0.0,0.0,^CNXENERGY
2026-01-29 14:00:00+05:30,35288.3515625,35304.3984375,35263.0,35266.1484375,0,0.0,0.0,^CNXENERGY
2026-01-29 14:05:00+05:30,35265.8984375,35279.6015625,35250.80078125,35267.25,0,0.0,0.0,^CNXENERGY
2026-01-29 14:10:00+05:30,35266.30078125,35324.8515625,35266.25,35307.30078125,0,0.0,0.0,^CNXENERGY
2026-01-29 14:15:00+05:30,35309.6484375,35343.0,35294.55078125,35330.19921875,0,0.0,0.0,^CNXENERGY
2026-01-29 14:20:00+05:30,35330.1484375,35334.0,35307.30078125,35324.3515625,0,0.0,0.0,^CNXENERGY
2026-01-29 14:25:00+05:30,35326.1484375,35338.3984375,35320.6484375,35336.5,0,0.0,0.0,^CNXENERGY
2026-01-29 14:30:00+05:30,35336.80078125,35381.3984375,35336.80078125,35363.8515625,0,0.0,0.0,^CNXENERGY
2026-01-29 14:35:00+05:30,35366.69921875,35420.3515625,35360.69921875,35413.1015625,0,0.0,0.0,^CNXENERGY
2026-01-29 14:40:00+05:30,35413.05078125,35420.8515625,35366.05078125,35371.1484375,0,0.0,0.0,^CNXENERGY
2026-01-29 14:45:00+05:30,35370.80078125,35407.1015625,35360.44921875,35401.1015625,0,0.0,0.0,^CNXENERGY
2026-01-29 14:50:00+05:30,35402.1015625,35414.94921875,35378.8984375,35390.6015625,0,0.0,0.0,^CNXENERGY
2026-01-29 14:55:00+05:30,35389.1015625,35408.8515625,35372.3515625,35391.3984375,0,0.0,0.0,^CNXENERGY
2026-01-29 15:00:00+05:30,35391.3984375,35424.19921875,35350.6484375,35354.0,0,0.0,0.0,^CNXENERGY
2026-01-29 15:05:00+05:30,35352.5,35361.1484375,35320.0,35337.3984375,0,0.0,0.0,^CNXENERGY
2026-01-29 15:10:00+05:30,35335.25,35370.8984375,35330.69921875,35340.8515625,0,0.0,0.0,^CNXENERGY
2026-01-29 15:15:00+05:30,35341.8515625,35360.6484375,35304.19921875,35310.30078125,0,0.0,0.0,^CNXENERGY
2026-01-29 15:20:00+05:30,35305.8984375,35313.69921875,35279.1015625,35310.30078125,0,0.0,0.0,^CNXENERGY
2026-01-29 15:25:00+05:30,35308.69921875,35321.94921875,35289.3515625,35305.94921875,0,0.0,0.0,^CNXENERGY
2026-01-30 09:15:00+05:30,35182.19921875,35182.19921875,34980.3984375,35001.94921875,0,0.0,0.0,^CNXENERGY
2026-01-30 09:20:00+05:30,35000.55078125,35005.5,34901.19921875,34905.3984375,0,0.0,0.0,^CNXENERGY
2026-01-30 09:25:00+05:30,34903.69921875,35057.8984375,34891.8984375,34957.8984375,0,0.0,0.0,^CNXENERGY
2026-01-30 09:30:00+05:30,34952.3515625,35009.3984375,34911.44921875,35009.3984375,0,0.0,0.0,^CNXENERGY
2026-01-30 09:35:00+05:30,35008.1015625,35070.94921875,35003.94921875,35023.5,0,0.0,0.0,^CNXENERGY
2026-01-30 09:40:00+05:30,35023.44921875,35104.8515625,34986.6484375,35089.19921875,0,0.0,0.0,^CNXENERGY
2026-01-30 09:45:00+05:30,35090.6015625,35190.1015625,35080.6484375,35190.1015625,0,0.0,0.0,^CNXENERGY
2026-01-30 09:50:00+05:30,35186.25,35232.55078125,35181.8515625,35201.1015625,0,0.0,0.0,^CNXENERGY
2026-01-30 09:55:00+05:30,35199.94921875,35199.94921875,35092.5,35115.25,0,0.0,0.0,^CNXENERGY
2026-01-30 10:00:00+05:30,35116.44921875,35165.8984375,35100.0,35103.1015625,0,0.0,0.0,^CNXENERGY
2026-01-30 10:05:00+05:30,35103.44921875,35137.8984375,35089.25,35110.19921875,0,0.0,0.0,^CNXENERGY
2026-01-30 10:10:00+05:30,35111.25,35151.94921875,35092.69921875,35136.5,0,0.0,0.0,^CNXENERGY
2026-01-30 10:15:00+05:30,35137.25,35143.1484375,35087.5,35092.30078125,0,0.0,0.0,^CNXENERGY
2026-01-30 10:20:00+05:30,35092.8515625,35093.8515625,35014.3515625,35028.0,0,0.0,0.0,^CNXENERGY
2026-01-30 10:25:00+05:30,35028.3515625,35048.1015625,35000.0,35041.6015625,0,0.0,0.0,^CNXENERGY
2026-01-30 10:30:00+05:30,35040.69921875,35090.94921875,35026.05078125,35089.0,0,0.0,0.0,^CNXENERGY
2026-01-30 10:35:00+05:30,35084.8984375,35094.80078125,35065.75,35085.19921875,0,0.0,0.0,^CNXENERGY
2026-01-30 10:40:00+05:30,35084.05078125,35105.75,35076.8515625,35098.0,0,0.0,0.0,^CNXENERGY
2026-01-30 10:45:00+05:30,35096.3984375,35101.8515625,35061.3984375,35062.6015625,0,0.0,0.0,^CNXENERGY
2026-01-30 10:50:00+05:30,35061.1484375,35063.0,35024.3515625,35054.8515625,0,0.0,0.0,^CNXENERGY
2026-01-30 10:55:00+05:30,35050.44921875,35080.6015625,35046.3515625,35068.94921875,0,0.0,0.0,^CNXENERGY
2026-01-30 11:00:00+05:30,35068.30078125,35088.6484375,35057.25,35061.3984375,0,0.0,0.0,^CNXENERGY
2026-01-30 11:05:00+05:30,35061.19921875,35061.19921875,35008.94921875,35008.94921875,0,0.0,0.0,^CNXENERGY
2026-01-30 11:10:00+05:30,35009.05078125,35027.1484375,34994.8515625,35015.25,0,0.0,0.0,^CNXENERGY
2026-01-30 11:15:00+05:30,35012.69921875,35033.0,34992.75,35012.05078125,0,0.0,0.0,^CNXENERGY
2026-01-30 11:20:00+05:30,35009.05078125,35059.69921875,35008.80078125,35059.6484375,0,0.0,0.0,^CNXENERGY
2026-01-30 11:25:00+05:30,35058.5,35100.94921875,35055.8984375,35062.75,0,0.0,0.0,^CNXENERGY
2026-01-30 11:30:00+05:30,35061.3515625,35072.25,35022.25,35036.55078125,0,0.0,0.0,^CNXENERGY
2026-01-30 11:35:00+05:30,35033.3515625,35084.1484375,35024.05078125,35084.1484375,0,0.0,0.0,^CNXENERGY
2026-01-30 11:40:00+05:30,35082.0,35093.25,35058.8984375,35061.1015625,0,0.0,0.0,^CNXENERGY
2026-01-30 11:45:00+05:30,35059.75,35062.1015625,35015.55078125,35021.69921875,0,0.0,0.0,^CNXENERGY
2026-01-30 11:50:00+05:30,35018.69921875,35081.69921875,35018.6015625,35065.0,0,0.0,0.0,^CNXENERGY
2026-01-30 11:55:00+05:30,35059.1484375,35072.1484375,35021.30078125,35032.6484375,0,0.0,0.0,^CNXENERGY
2026-01-30 12:00:00+05:30,35033.25,35039.19921875,34999.1484375,35002.55078125,0,0.0,0.0,^CNXENERGY
2026-01-30 12:05:00+05:30,35001.69921875,35006.3984375,34987.3515625,34987.3515625,0,0.0,0.0,^CNXENERGY
2026-01-30 12:10:00+05:30,34987.6015625,35004.94921875,34962.05078125,34967.94921875,0,0.0,0.0,^CNXENERGY
2026-01-30 12:15:00+05:30,34968.55078125,34975.75,34888.3515625,34898.80078125,0,0.0,0.0,^CNXENERGY
2026-01-30 12:20:00+05:30,34899.69921875,34987.8984375,34899.30078125,34984.6015625,0,0.0,0.0,^CNXENERGY
2026-01-30 12:25:00+05:30,34984.6484375,35013.69921875,34965.1484375,34967.25,0,0.0,0.0,^CNXENERGY
2026-01-30 12:30:00+05:30,34967.05078125,35013.6015625,34940.94921875,34988.25,0,0.0,0.0,^CNXENERGY
2026-01-30 12:35:00+05:30,34989.69921875,34999.1015625,34960.19921875,34975.55078125,0,0.0,0.0,^CNXENERGY
2026-01-30 12:40:00+05:30,34974.44921875,34979.5,34927.6015625,34927.6015625,0,0.0,0.0,^CNXENERGY
2026-01-30 12:45:00+05:30,34929.3984375,34954.05078125,34927.69921875,34946.1484375,0,0.0,0.0,^CNXENERGY
2026-01-30 12:50:00+05:30,34947.19921875,34981.8515625,34937.19921875,34977.94921875,0,0.0,0.0,^CNXENERGY
2026-01-30 12:55:00+05:30,34978.5,34990.30078125,34960.75,34986.1015625,0,0.0,0.0,^CNXENERGY
2026-01-30 13:00:00+05:30,34985.19921875,34990.19921875,34951.8515625,34962.3515625,0,0.0,0.0,^CNXENERGY
2026-01-30 13:05:00+05:30,34963.3984375,34965.19921875,34887.94921875,34888.1484375,0,0.0,0.0,^CNXENERGY
2026-01-30 13:10:00+05:30,34888.75,34897.55078125,34859.69921875,34864.1015625,0,0.0,0.0,^CNXENERGY
2026-01-30 13:15:00+05:30,34862.6484375,34871.6484375,34828.19921875,34860.3984375,0,0.0,0.0,^CNXENERGY
2026-01-30 13:20:00+05:30,34859.19921875,34876.25,34850.3515625,34856.1484375,0,0.0,0.0,^CNXENERGY
2026-01-30 13:25:00+05:30,34855.69921875,34867.75,34848.5,34850.05078125,0,0.0,0.0,^CNXENERGY
2026-01-30 13:30:00+05:30,34849.8984375,34910.6015625,34849.8984375,34906.69921875,0,0.0,0.0,^CNXENERGY
2026-01-30 13:35:00+05:30,34906.19921875,34925.05078125,34904.69921875,34921.69921875,0,0.0,0.0,^CNXENERGY
2026-01-30 13:40:00+05:30,34922.1484375,34992.8984375,34922.1484375,34978.1484375,0,0.0,0.0,^CNXENERGY
2026-01-30 13:45:00+05:30,34980.55078125,34989.55078125,34952.8984375,34971.5,0,0.0,0.0,^CNXENERGY
2026-01-30 13:50:00+05:30,34970.8515625,35020.6015625,34970.8515625,35009.44921875,0,0.0,0.0,^CNXENERGY
2026-01-30 13:55:00+05:30,35010.6484375,35032.8515625,35000.1015625,35029.3515625,0,0.0,0.0,^CNXENERGY
2026-01-30 14:00:00+05:30,35029.69921875,35048.69921875,35011.6484375,35023.6015625,0,0.0,0.0,^CNXENERGY
2026-01-30 14:05:00+05:30,35021.8984375,35038.80078125,35020.05078125,35032.80078125,0,0.0,0.0,^CNXENERGY
2026-01-30 14:10:00+05:30,35032.19921875,35041.0,35002.3984375,35022.1484375,0,0.0,0.0,^CNXENERGY
2026-01-30 14:15:00+05:30,35022.25,35059.3515625,35015.0,35055.75,0,0.0,0.0,^CNXENERGY
2026-01-30 14:20:00+05:30,35053.30078125,35067.30078125,35031.1484375,35040.6484375,0,0.0,0.0,^CNXENERGY
2026-01-30 14:25:00+05:30,35039.1484375,35042.8984375,35010.5,35019.75,0,0.0,0.0,^CNXENERGY
2026-01-30 14:30:00+05:30,35019.05078125,35030.3515625,34995.0,35001.8515625,0,0.0,0.0,^CNXENERGY
2026-01-30 14:35:00+05:30,34999.75,35069.3515625,34999.75,35063.55078125,0,0.0,0.0,^CNXENERGY
2026-01-30 14:40:00+05:30,35063.3515625,35065.3984375,34965.3515625,34975.5,0,0.0,0.0,^CNXENERGY
2026-01-30 14:45:00+05:30,34975.69921875,35031.8984375,34966.69921875,35024.6484375,0,0.0,0.0,^CNXENERGY
2026-01-30 14:50:00+05:30,35025.30078125,35043.44921875,35017.69921875,35041.1015625,0,0.0,0.0,^CNXENERGY
2026-01-30 14:55:00+05:30,35040.30078125,35090.8984375,35027.05078125,35059.94921875,0,0.0,0.0,^CNXENERGY
2026-01-30 15:00:00+05:30,35062.75,35171.6015625,35058.55078125,35144.5,0,0.0,0.0,^CNXENERGY
2026-01-30 15:05:00+05:30,35142.1484375,35163.75,35128.69921875,35157.3984375,0,0.0,0.0,^CNXENERGY
2026-01-30 15:10:00+05:30,35151.1484375,35163.6015625,35124.44921875,35126.75,0,0.0,0.0,^CNXENERGY
2026-01-30 15:15:00+05:30,35124.44921875,35169.55078125,35123.25,35147.8984375,0,0.0,0.0,^CNXENERGY
2026-01-30 15:20:00+05:30,35146.8515625,35159.1484375,35083.25,35087.0,0,0.0,0.0,^CNXENERGY
2026-01-30 15:25:00+05:30,35090.1015625,35138.3515625,35079.6484375,35085.25,0,0.0,0.0,^CNXENERGY
2026-02-03 09:15:00+05:30,35939.55078125,36045.3515625,35405.05078125,35419.30078125,0,0.0,0.0,^CNXENERGY
2026-02-03 09:20:00+05:30,35414.5,35499.44921875,35392.1484375,35393.3515625,0,0.0,0.0,^CNXENERGY
2026-02-03 09:25:00+05:30,35397.19921875,35406.1484375,35309.5,35330.1484375,0,0.0,0.0,^CNXENERGY
2026-02-03 09:30:00+05:30,35325.6015625,35505.3515625,35325.6015625,35396.0,0,0.0,0.0,^CNXENERGY
2026-02-03 09:35:00+05:30,35395.94921875,35454.05078125,35353.94921875,35422.30078125,0,0.0,0.0,^CNXENERGY
2026-02-03 09:40:00+05:30,35422.69921875,35430.75,35285.80078125,35286.6484375,0,0.0,0.0,^CNXENERGY
2026-02-03 09:45:00+05:30,35283.0,35401.6015625,35272.0,35372.69921875,0,0.0,0.0,^CNXENERGY
2026-02-03 09:50:00+05:30,35371.6015625,35399.80078125,35357.6484375,35389.80078125,0,0.0,0.0,^CNXENERGY
2026-02-03 09:55:00+05:30,35389.3515625,35391.8515625,35284.8515625,35292.5,0,0.0,0.0,^CNXENERGY
2026-02-03 10:00:00+05:30,35293.19921875,35376.6484375,35293.19921875,35333.75,0,0.0,0.0,^CNXENERGY
2026-02-03 10:05:00+05:30,35335.44921875,35335.44921875,35259.80078125,35314.1015625,0,0.0,0.0,^CNXENERGY
2026-02-03 10:10:00+05:30,35313.6484375,35318.6484375,35256.6015625,35301.1015625,0,0.0,0.0,^CNXENERGY
2026-02-03 10:15:00+05:30,35303.3515625,35426.6015625,35301.44921875,35411.19921875,0,0.0,0.0,^CNXENERGY
2026-02-03 10:20:00+05:30,35410.19921875,35415.19921875,35387.80078125,35407.3515625,0,0.0,0.0,^CNXENERGY
2026-02-03 10:25:00+05:30,35409.6015625,35457.3515625,35405.5,35406.05078125,0,0.0,0.0,^CNXENERGY
2026-02-03 10:30:00+05:30,35408.05078125,35443.25,35386.69921875,35437.44921875,0,0.0,0.0,^CNXENERGY
2026-02-03 10:35:00+05:30,35438.3515625,35440.8515625,35406.0,35426.3984375,0,0.0,0.0,^CNXENERGY
2026-02-03 10:40:00+05:30,35427.69921875,35429.80078125,35361.6484375,35364.3984375,0,0.0,0.0,^CNXENERGY
2026-02-03 10:45:00+05:30,35362.19921875,35379.44921875,35294.05078125,35316.75,0,0.0,0.0,^CNXENERGY
2026-02-03 10:50:00+05:30,35314.6484375,35325.1484375,35280.80078125,35301.30078125,0,0.0,0.0,^CNXENERGY
2026-02-03 10:55:00+05:30,35301.05078125,35350.1015625,35299.6484375,35347.5,0,0.0,0.0,^CNXENERGY
2026-02-03 11:00:00+05:30,35347.8984375,35405.3515625,35344.3984375,35374.6484375,0,0.0,0.0,^CNXENERGY
2026-02-03 11:05:00+05:30,35375.80078125,35405.25,35368.3984375,35401.3984375,0,0.0,0.0,^CNXENERGY
2026-02-03 11:10:00+05:30,35402.55078125,35422.6015625,35375.8515625,35417.69921875,0,0.0,0.0,^CNXENERGY
2026-02-03 11:15:00+05:30,35419.75,35454.69921875,35407.3984375,35433.8984375,0,0.0,0.0,^CNXENERGY
2026-02-03 11:20:00+05:30,35435.1015625,35473.8984375,35429.69921875,35465.0,0,0.0,0.0,^CNXENERGY
2026-02-03 11:25:00+05:30,35466.8515625,35570.3984375,35461.69921875,35569.5,0,0.0,0.0,^CNXENERGY
2026-02-03 11:30:00+05:30,35565.8984375,35638.0,35564.3515625,35637.6484375,0,0.0,0.0,^CNXENERGY
2026-02-03 11:35:00+05:30,35636.44921875,35680.3984375,35614.75,35678.75,0,0.0,0.0,^CNXENERGY
2026-02-03 11:40:00+05:30,35679.05078125,35693.30078125,35665.1015625,35682.44921875,0,0.0,0.0,^CNXENERGY
2026-02-03 11:45:00+05:30,35682.1015625,35694.25,35651.8984375,35660.0,0,0.0,0.0,^CNXENERGY
2026-02-03 11:50:00+05:30,35661.30078125,35678.1484375,35649.3984375,35674.05078125,0,0.0,0.0,^CNXENERGY
2026-02-03 11:55:00+05:30,35674.69921875,35704.1484375,35665.75,35700.75,0,0.0,0.0,^CNXENERGY
2026-02-03 12:00:00+05:30,35702.0,35708.69921875,35646.8515625,35650.80078125,0,0.0,0.0,^CNXENERGY
2026-02-03 12:05:00+05:30,35649.30078125,35669.5,35630.1015625,35661.25,0,0.0,0.0,^CNXENERGY
2026-02-03 12:10:00+05:30,35660.0,35663.69921875,35630.19921875,35639.1015625,0,0.0,0.0,^CNXENERGY
2026-02-03 12:15:00+05:30,35640.05078125,35656.69921875,35631.3984375,35639.80078125,0,0.0,0.0,^CNXENERGY
2026-02-03 12:20:00+05:30,35643.94921875,35656.94921875,35636.69921875,35649.0,0,0.0,0.0,^CNXENERGY
2026-02-03 12:25:00+05:30,35648.0,35650.55078125,35607.6484375,35610.1015625,0,0.0,0.0,^CNXENERGY
2026-02-03 12:30:00+05:30,35608.6484375,35623.3515625,35591.6484375,35593.19921875,0,0.0,0.0,^CNXENERGY
2026-02-03 12:35:00+05:30,35592.94921875,35599.19921875,35554.44921875,35575.8515625,0,0.0,0.0,^CNXENERGY
2026-02-03 12:40:00+05:30,35576.1015625,35613.69921875,35574.6015625,35613.69921875,0,0.0,0.0,^CNXENERGY
2026-02-03 12:45:00+05:30,35611.75,35617.19921875,35587.6484375,35590.1484375,0,0.0,0.0,^CNXENERGY
2026-02-03 12:50:00+05:30,35593.44921875,35610.05078125,35561.44921875,35571.6484375,0,0.0,0.0,^CNXENERGY
2026-02-03 12:55:00+05:30,35574.19921875,35599.1484375,35574.05078125,35588.0,0,0.0,0.0,^CNXENERGY
2026-02-03 13:00:00+05:30,35590.55078125,35605.1484375,35579.1484375,35587.1015625,0,0.0,0.0,^CNXENERGY
2026-02-03 13:05:00+05:30,35589.1484375,35603.3515625,35560.05078125,35560.19921875,0,0.0,0.0,^CNXENERGY
2026-02-03 13:10:00+05:30,35562.6015625,35575.3515625,35558.05078125,35572.75,0,0.0,0.0,^CNXENERGY
2026-02-03 13:15:00+05:30,35572.05078125,35608.80078125,35572.05078125,35582.1015625,0,0.0,0.0,^CNXENERGY
2026-02-03 13:20:00+05:30,35582.5,35610.3984375,35561.8515625,35585.6015625,0,0.0,0.0,^CNXENERGY
2026-02-03 13:25:00+05:30,35584.3984375,35594.0,35554.6015625,35569.30078125,0,0.0,0.0,^CNXENERGY
2026-02-03 13:30:00+05:30,35570.30078125,35585.30078125,35533.55078125,35535.75,0,0.0,0.0,^CNXENERGY
2026-02-03 13:35:00+05:30,35533.25,35592.6015625,35503.05078125,35562.19921875,0,0.0,0.0,^CNXENERGY
2026-02-03 13:40:00+05:30,35562.44921875,35594.30078125,35549.1484375,35591.8515625,0,0.0,0.0,^CNXENERGY
2026-02-03 13:45:00+05:30,35591.94921875,35626.55078125,35587.44921875,35617.30078125,0,0.0,0.0,^CNXENERGY
2026-02-03 13:50:00+05:30,35617.30078125,35639.5,35602.6484375,35632.94921875,0,0.0,0.0,^CNXENERGY
2026-02-03 13:55:00+05:30,35632.3515625,35660.5,35612.3515625,35619.8515625,0,0.0,0.0,^CNXENERGY
2026-02-03 14:00:00+05:30,35619.25,35654.6015625,35610.25,35652.05078125,0,0.0,0.0,^CNXENERGY
2026-02-03 14:05:00+05:30,35652.55078125,35669.44921875,35633.6484375,35667.44921875,0,0.0,0.0,^CNXENERGY
2026-02-03 14:10:00+05:30,35668.1484375,35677.80078125,35640.19921875,35668.3984375,0,0.0,0.0,^CNXENERGY
2026-02-03 14:15:00+05:30,35669.0,35698.6015625,35665.30078125,35679.6484375,0,0.0,0.0,^CNXENERGY
2026-02-03 14:20:00+05:30,35682.25,35697.6484375,35674.80078125,35694.75,0,0.0,0.0,^CNXENERGY
2026-02-03 14:25:00+05:30,35695.44921875,35697.94921875,35654.8984375,35656.6015625,0,0.0,0.0,^CNXENERGY
2026-02-03 14:30:00+05:30,35656.5,35681.19921875,35623.5,35645.6015625,0,0.0,0.0,^CNXENERGY
2026-02-03 14:35:00+05:30,35643.75,35676.80078125,35643.75,35652.05078125,0,0.0,0.0,^CNXENERGY
2026-02-03 14:40:00+05:30,35651.6015625,35651.8515625,35620.05078125,35626.3515625,0,0.0,0.0,^CNXENERGY
2026-02-03 14:45:00+05:30,35626.55078125,35644.75,35616.1015625,35640.0,0,0.0,0.0,^CNXENERGY
2026-02-03 14:50:00+05:30,35640.3515625,35652.25,35625.19921875,35633.6484375,0,0.0,0.0,^CNXENERGY
2026-02-03 14:55:00+05:30,35635.55078125,35681.30078125,35632.94921875,35651.8515625,0,0.0,0.0,^CNXENERGY
2026-02-03 15:00:00+05:30,35653.3984375,35662.6484375,35611.25,35616.3515625,0,0.0,0.0,^CNXENERGY
2026-02-03 15:05:00+05:30,35618.80078125,35639.1015625,35589.0,35614.19921875,0,0.0,0.0,^CNXENERGY
2026-02-03 15:10:00+05:30,35613.80078125,35654.19921875,35604.69921875,35646.05078125,0,0.0,0.0,^CNXENERGY
2026-02-03 15:15:00+05:30,35647.75,35695.5,35629.3515625,35690.19921875,0,0.0,0.0,^CNXENERGY
2026-02-03 15:20:00+05:30,35690.69921875,35700.94921875,35678.8515625,35694.1015625,0,0.0,0.0,^CNXENERGY
2026-02-03 15:25:00+05:30,35694.69921875,35695.1015625,35658.80078125,35669.30078125,0,0.0,0.0,^CNXENERGY
2026-02-04 09:15:00+05:30,35788.8984375,36145.3984375,35673.6484375,36118.3515625,0,0.0,0.0,^CNXENERGY
2026-02-04 09:20:00+05:30,36117.1484375,36265.30078125,36116.30078125,36260.3515625,0,0.0,0.0,^CNXENERGY
2026-02-04 09:25:00+05:30,36260.44921875,36316.0,36247.05078125,36266.1015625,0,0.0,0.0,^CNXENERGY
2026-02-04 09:30:00+05:30,36269.5,36323.6015625,36245.25,36250.3515625,0,0.0,0.0,^CNXENERGY
2026-02-04 09:35:00+05:30,36250.8515625,36284.3984375,36186.80078125,36210.30078125,0,0.0,0.0,^CNXENERGY
2026-02-04 09:40:00+05:30,36210.0,36359.1484375,36205.80078125,36348.8984375,0,0.0,0.0,^CNXENERGY
2026-02-04 09:45:00+05:30,36346.94921875,36379.75,36329.3515625,36356.44921875,0,0.0,0.0,^CNXENERGY
2026-02-04 09:50:00+05:30,36356.55078125,36366.3515625,36254.1015625,36279.6015625,0,0.0,0.0,^CNXENERGY
2026-02-04 09:55:00+05:30,36279.19921875,36371.3515625,36264.75,36363.55078125,0,0.0,0.0,^CNXENERGY
2026-02-04 10:00:00+05:30,36365.75,36374.44921875,36327.44921875,36347.8515625,0,0.0,0.0,^CNXENERGY
2026-02-04 10:05:00+05:30,36349.1015625,36392.8515625,36346.55078125,36386.5,0,0.0,0.0,^CNXENERGY
2026-02-04 10:10:00+05:30,36383.80078125,36414.94921875,36369.55078125,36396.80078125,0,0.0,0.0,^CNXENERGY
2026-02-04 10:15:00+05:30,36398.19921875,36421.94921875,36361.05078125,36361.05078125,0,0.0,0.0,^CNXENERGY
2026-02-04 10:20:00+05:30,36360.55078125,36377.3515625,36336.5,36354.30078125,0,0.0,0.0,^CNXENERGY
2026-02-04 10:25:00+05:30,36352.55078125,36366.75,36338.1015625,36354.6015625,0,0.0,0.0,^CNXENERGY
2026-02-04 10:30:00+05:30,36354.6484375,36356.5,36323.0,36338.1015625,0,0.0,0.0,^CNXENERGY
2026-02-04 10:35:00+05:30,36336.69921875,36339.0,36285.1484375,36316.8515625,0,0.0,0.0,^CNXENERGY
2026-02-04 10:40:00+05:30,36318.94921875,36349.1015625,36299.8515625,36310.80078125,0,0.0,0.0,^CNXENERGY
2026-02-04 10:45:00+05:30,36310.6484375,36323.80078125,36289.30078125,36300.19921875,0,0.0,0.0,^CNXENERGY
2026-02-04 10:50:00+05:30,36301.94921875,36319.3984375,36292.0,36307.19921875,0,0.0,0.0,^CNXENERGY
2026-02-04 10:55:00+05:30,36308.05078125,36308.30078125,36280.25,36297.6484375,0,0.0,0.0,^CNXENERGY
2026-02-04 11:00:00+05:30,36298.30078125,36372.1015625,36288.3515625,36360.8515625,0,0.0,0.0,^CNXENERGY
2026-02-04 11:05:00+05:30,36360.6015625,36376.55078125,36335.8984375,36344.5,0,0.0,0.0,^CNXENERGY
2026-02-04 11:10:00+05:30,36343.8984375,36348.1484375,36282.25,36284.6484375,0,0.0,0.0,^CNXENERGY
2026-02-04 11:15:00+05:30,36285.05078125,36305.30078125,36263.19921875,36265.75,0,0.0,0.0,^CNXENERGY
2026-02-04 11:20:00+05:30,36269.6484375,36315.94921875,36258.1484375,36260.05078125,0,0.0,0.0,^CNXENERGY
2026-02-04 11:25:00+05:30,36261.69921875,36264.44921875,36222.5,36251.94921875,0,0.0,0.0,^CNXENERGY
2026-02-04 11:30:00+05:30,36250.30078125,36276.05078125,36228.55078125,36268.3984375,0,0.0,0.0,^CNXENERGY
2026-02-04 11:35:00+05:30,36270.1015625,36272.0,36247.1484375,36255.55078125,0,0.0,0.0,^CNXENERGY
2026-02-04 11:40:00+05:30,36254.6484375,36316.30078125,36254.6484375,36290.55078125,0,0.0,0.0,^CNXENERGY
2026-02-04 11:45:00+05:30,36291.80078125,36303.0,36273.55078125,36284.6015625,0,0.0,0.0,^CNXENERGY
2026-02-04 11:50:00+05:30,36284.3515625,36304.69921875,36254.55078125,36303.8984375,0,0.0,0.0,^CNXENERGY
2026-02-04 11:55:00+05:30,36305.05078125,36368.5,36301.6015625,36345.5,0,0.0,0.0,^CNXENERGY
2026-02-04 12:00:00+05:30,36347.8515625,36387.75,36327.8984375,36328.6484375,0,0.0,0.0,^CNXENERGY
2026-02-04 12:05:00+05:30,36328.75,36357.6484375,36317.1484375,36336.3515625,0,0.0,0.0,^CNXENERGY
2026-02-04 12:10:00+05:30,36336.55078125,36361.0,36329.8984375,36354.1484375,0,0.0,0.0,^CNXENERGY
2026-02-04 12:15:00+05:30,36353.05078125,36361.8515625,36320.8515625,36324.6015625,0,0.0,0.0,^CNXENERGY
2026-02-04 12:20:00+05:30,36322.6484375,36334.75,36308.05078125,36317.44921875,0,0.0,0.0,^CNXENERGY
2026-02-04 12:25:00+05:30,36316.8984375,36344.0,36306.55078125,36330.1015625,0,0.0,0.0,^CNXENERGY
2026-02-04 12:30:00+05:30,36327.75,36329.3515625,36274.3515625,36283.19921875,0,0.0,0.0,^CNXENERGY
2026-02-04 12:35:00+05:30,36282.80078125,36287.19921875,36259.5,36284.6484375,0,0.0,0.0,^CNXENERGY
2026-02-04 12:40:00+05:30,36285.1484375,36335.6015625,36277.94921875,36284.1015625,0,0.0,0.0,^CNXENERGY
2026-02-04 12:45:00+05:30,36284.94921875,36300.1484375,36276.69921875,36284.8515625,0,0.0,0.0,^CNXENERGY
2026-02-04 12:50:00+05:30,36284.8984375,36291.19921875,36262.55078125,36274.1015625,0,0.0,0.0,^CNXENERGY
2026-02-04 12:55:00+05:30,36273.55078125,36287.3515625,36250.5,36255.94921875,0,0.0,0.0,^CNXENERGY
2026-02-04 13:00:00+05:30,36256.3984375,36300.5,36246.5,36298.1484375,0,0.0,0.0,^CNXENERGY
2026-02-04 13:05:00+05:30,36298.94921875,36317.94921875,36288.55078125,36303.8515625,0,0.0,0.0,^CNXENERGY
2026-02-04 13:10:00+05:30,36303.8515625,36305.69921875,36286.5,36288.80078125,0,0.0,0.0,^CNXENERGY
2026-02-04 13:15:00+05:30,36286.94921875,36309.8515625,36266.30078125,36272.30078125,0,0.0,0.0,^CNXENERGY
2026-02-04 13:20:00+05:30,36271.8984375,36280.19921875,36264.30078125,36274.75,0,0.0,0.0,^CNXENERGY
2026-02-04 13:25:00+05:30,36276.1484375,36286.94921875,36263.94921875,36285.30078125,0,0.0,0.0,^CNXENERGY
2026-02-04 13:30:00+05:30,36284.69921875,36293.1484375,36271.44921875,36277.80078125,0,0.0,0.0,^CNXENERGY
2026-02-04 13:35:00+05:30,36279.1484375,36301.5,36274.80078125,36298.05078125,0,0.0,0.0,^CNXENERGY
2026-02-04 13:40:00+05:30,36298.8984375,36305.94921875,36290.3984375,36293.8984375,0,0.0,0.0,^CNXENERGY
2026-02-04 13:45:00+05:30,36294.1015625,36300.19921875,36278.80078125,36282.25,0,0.0,0.0,^CNXENERGY
2026-02-04 13:50:00+05:30,36281.8984375,36334.3984375,36261.1484375,36333.6484375,0,0.0,0.0,^CNXENERGY
2026-02-04 13:55:00+05:30,36333.75,36338.94921875,36305.5,36308.69921875,0,0.0,0.0,^CNXENERGY
2026-02-04 14:00:00+05:30,36307.3984375,36318.3515625,36283.6015625,36316.3984375,0,0.0,0.0,^CNXENERGY
2026-02-04 14:05:00+05:30,36317.55078125,36322.6484375,36298.6015625,36318.3515625,0,0.0,0.0,^CNXENERGY
2026-02-04 14:10:00+05:30,36317.6015625,36357.3515625,36315.5,36339.75,0,0.0,0.0,^CNXENERGY
2026-02-04 14:15:00+05:30,36340.6484375,36400.55078125,36338.8984375,36396.55078125,0,0.0,0.0,^CNXENERGY
2026-02-04 14:20:00+05:30,36397.3515625,36411.1484375,36370.1015625,36380.94921875,0,0.0,0.0,^CNXENERGY
2026-02-04 14:25:00+05:30,36380.05078125,36390.1484375,36364.0,36377.1484375,0,0.0,0.0,^CNXENERGY
2026-02-04 14:30:00+05:30,36376.3515625,36403.69921875,36373.30078125,36388.5,0,0.0,0.0,^CNXENERGY
2026-02-04 14:35:00+05:30,36388.3984375,36403.6484375,36384.6484375,36390.6015625,0,0.0,0.0,^CNXENERGY
2026-02-04 14:40:00+05:30,36390.6484375,36394.30078125,36362.3984375,36366.8515625,0,0.0,0.0,^CNXENERGY
2026-02-04 14:45:00+05:30,36367.55078125,36373.05078125,36331.6484375,36359.1484375,0,0.0,0.0,^CNXENERGY
2026-02-04 14:50:00+05:30,36359.94921875,36377.44921875,36352.05078125,36375.6015625,0,0.0,0.0,^CNXENERGY
2026-02-04 14:55:00+05:30,36375.8515625,36380.19921875,36344.8984375,36346.1484375,0,0.0,0.0,^CNXENERGY
2026-02-04 15:00:00+05:30,36352.80078125,36413.05078125,36352.80078125,36393.5,0,0.0,0.0,^CNXENERGY
2026-02-04 15:05:00+05:30,36394.30078125,36406.80078125,36384.44921875,36403.94921875,0,0.0,0.0,^CNXENERGY
2026-02-04 15:10:00+05:30,36404.44921875,36406.6484375,36367.1015625,36390.30078125,0,0.0,0.0,^CNXENERGY
2026-02-04 15:15:00+05:30,36390.6484375,36405.25,36372.0,36373.80078125,0,0.0,0.0,^CNXENERGY
2026-02-04 15:20:00+05:30,36376.3984375,36379.80078125,36333.3515625,36344.05078125,0,0.0,0.0,^CNXENERGY
2026-02-04 15:25:00+05:30,36346.3515625,36359.94921875,36309.25,36321.55078125,0,0.0,0.0,^CNXENERGY
2026-02-05 09:15:00+05:30,36425.6484375,36477.55078125,36272.55078125,36408.80078125,0,0.0,0.0,^CNXENERGY
2026-02-05 09:20:00+05:30,36407.3515625,36414.25,36262.8984375,36272.8515625,0,0.0,0.0,^CNXENERGY
2026-02-05 09:25:00+05:30,36269.8984375,36269.8984375,36160.6484375,36227.75,0,0.0,0.0,^CNXENERGY
2026-02-05 09:30:00+05:30,36227.05078125,36347.6484375,36227.05078125,36259.69921875,0,0.0,0.0,^CNXENERGY
2026-02-05 09:35:00+05:30,36263.80078125,36275.80078125,36197.19921875,36219.55078125,0,0.0,0.0,^CNXENERGY
2026-02-05 09:40:00+05:30,36219.1015625,36220.3515625,36123.19921875,36123.19921875,0,0.0,0.0,^CNXENERGY
2026-02-05 09:45:00+05:30,36123.05078125,36153.80078125,36093.6015625,36134.6484375,0,0.0,0.0,^CNXENERGY
2026-02-05 09:50:00+05:30,36139.25,36190.30078125,36107.8984375,36126.5,0,0.0,0.0,^CNXENERGY
2026-02-05 09:55:00+05:30,36126.25,36173.94921875,36101.8984375,36157.8515625,0,0.0,0.0,^CNXENERGY
2026-02-05 10:00:00+05:30,36157.94921875,36159.80078125,36095.3515625,36120.94921875,0,0.0,0.0,^CNXENERGY
2026-02-05 10:05:00+05:30,36119.6484375,36149.8515625,36104.5,36145.6484375,0,0.0,0.0,^CNXENERGY
2026-02-05 10:10:00+05:30,36144.75,36210.80078125,36144.69921875,36205.19921875,0,0.0,0.0,^CNXENERGY
2026-02-05 10:15:00+05:30,36204.8515625,36207.3515625,36159.05078125,36188.75,0,0.0,0.0,^CNXENERGY
2026-02-05 10:20:00+05:30,36187.80078125,36258.05078125,36187.80078125,36246.8515625,0,0.0,0.0,^CNXENERGY
2026-02-05 10:25:00+05:30,36248.1015625,36275.1015625,36200.0,36200.44921875,0,0.0,0.0,^CNXENERGY
2026-02-05 10:30:00+05:30,36199.8984375,36209.30078125,36166.8515625,36177.30078125,0,0.0,0.0,^CNXENERGY
2026-02-05 10:35:00+05:30,36178.55078125,36195.75,36158.94921875,36167.19921875,0,0.0,0.0,^CNXENERGY
2026-02-05 10:40:00+05:30,36165.8515625,36223.1484375,36165.8515625,36179.0,0,0.0,0.0,^CNXENERGY
2026-02-05 10:45:00+05:30,36182.55078125,36193.8984375,36162.05078125,36171.0,0,0.0,0.0,^CNXENERGY
2026-02-05 10:50:00+05:30,36173.1484375,36187.30078125,36143.6484375,36143.6484375,0,0.0,0.0,^CNXENERGY
2026-02-05 10:55:00+05:30,36144.25,36146.30078125,36103.1015625,36105.8515625,0,0.0,0.0,^CNXENERGY
2026-02-05 11:00:00+05:30,36109.6484375,36148.30078125,36094.25,36143.1015625,0,0.0,0.0,^CNXENERGY
2026-02-05 11:05:00+05:30,36145.1015625,36165.3984375,36132.8984375,36155.25,0,0.0,0.0,^CNXENERGY
2026-02-05 11:10:00+05:30,36158.05078125,36192.55078125,36139.55078125,36186.8515625,0,0.0,0.0,^CNXENERGY
2026-02-05 11:15:00+05:30,36187.0,36205.44921875,36176.19921875,36176.6484375,0,0.0,0.0,^CNXENERGY
2026-02-05 11:20:00+05:30,36177.0,36186.6484375,36161.1015625,36161.1484375,0,0.0,0.0,^CNXENERGY
2026-02-05 11:25:00+05:30,36159.44921875,36200.6484375,36154.3515625,36195.8515625,0,0.0,0.0,^CNXENERGY
2026-02-05 11:30:00+05:30,36195.8515625,36210.6015625,36170.5,36171.55078125,0,0.0,0.0,^CNXENERGY
2026-02-05 11:35:00+05:30,36171.44921875,36225.05078125,36167.3984375,36219.80078125,0,0.0,0.0,^CNXENERGY
2026-02-05 11:40:00+05:30,36219.69921875,36279.1015625,36212.3515625,36260.1015625,0,0.0,0.0,^CNXENERGY
2026-02-05 11:45:00+05:30,36260.3515625,36265.1484375,36213.94921875,36214.3515625,0,0.0,0.0,^CNXENERGY
2026-02-05 11:50:00+05:30,36214.3984375,36224.8515625,36203.8984375,36218.1484375,0,0.0,0.0,^CNXENERGY
2026-02-05 11:55:00+05:30,36218.25,36250.19921875,36215.3515625,36249.8984375,0,0.0,0.0,^CNXENERGY
2026-02-05 12:00:00+05:30,36250.30078125,36261.75,36224.6484375,36256.1015625,0,0.0,0.0,^CNXENERGY
2026-02-05 12:05:00+05:30,36256.6015625,36268.75,36234.30078125,36248.8984375,0,0.0,0.0,^CNXENERGY
2026-02-05 12:10:00+05:30,36247.75,36263.8984375,36197.8984375,36198.19921875,0,0.0,0.0,^CNXENERGY
2026-02-05 12:15:00+05:30,36201.1015625,36203.19921875,36162.3984375,36177.25,0,0.0,0.0,^CNXENERGY
2026-02-05 12:20:00+05:30,36179.8984375,36184.3515625,36153.0,36157.6015625,0,0.0,0.0,^CNXENERGY
2026-02-05 12:25:00+05:30,36160.19921875,36175.94921875,36137.8984375,36167.80078125,0,0.0,0.0,^CNXENERGY
2026-02-05 12:30:00+05:30,36171.30078125,36199.69921875,36147.3984375,36164.1484375,0,0.0,0.0,^CNXENERGY
2026-02-05 12:35:00+05:30,36166.75,36189.30078125,36165.30078125,36168.44921875,0,0.0,0.0,^CNXENERGY
2026-02-05 12:40:00+05:30,36173.19921875,36180.3515625,36156.69921875,36166.80078125,0,0.0,0.0,^CNXENERGY
2026-02-05 12:45:00+05:30,36170.3984375,36184.25,36163.05078125,36172.1484375,0,0.0,0.0,^CNXENERGY
2026-02-05 12:50:00+05:30,36177.6015625,36177.6015625,36147.1015625,36151.25,0,0.0,0.0,^CNXENERGY
2026-02-05 12:55:00+05:30,36155.25,36178.6015625,36128.55078125,36171.25,0,0.0,0.0,^CNXENERGY
2026-02-05 13:00:00+05:30,36170.8515625,36173.3984375,36153.6015625,36158.44921875,0,0.0,0.0,^CNXENERGY
2026-02-05 13:05:00+05:30,36158.0,36189.3515625,36155.1015625,36180.8515625,0,0.0,0.0,^CNXENERGY
2026-02-05 13:10:00+05:30,36179.1015625,36197.44921875,36177.8984375,36188.19921875,0,0.0,0.0,^CNXENERGY
2026-02-05 13:15:00+05:30,36195.8515625,36245.1484375,36195.8515625,36229.1015625,0,0.0,0.0,^CNXENERGY
2026-02-05 13:20:00+05:30,36229.30078125,36252.05078125,36226.6484375,36235.55078125,0,0.0,0.0,^CNXENERGY
2026-02-05 13:25:00+05:30,36235.30078125,36237.0,36162.75,36176.75,0,0.0,0.0,^CNXENERGY
2026-02-05 13:30:00+05:30,36174.30078125,36200.05078125,36156.19921875,36193.80078125,0,0.0,0.0,^CNXENERGY
2026-02-05 13:35:00+05:30,36193.0,36210.44921875,36171.94921875,36195.30078125,0,0.0,0.0,^CNXENERGY
2026-02-05 13:40:00+05:30,36195.6015625,36195.6015625,36166.80078125,36178.25,0,0.0,0.0,^CNXENERGY
2026-02-05 13:45:00+05:30,36178.55078125,36198.55078125,36169.75,36174.5,0,0.0,0.0,^CNXENERGY
2026-02-05 13:50:00+05:30,36179.75,36201.1484375,36167.55078125,36176.55078125,0,0.0,0.0,^CNXENERGY
2026-02-05 13:55:00+05:30,36178.05078125,36193.1484375,36165.30078125,36182.94921875,0,0.0,0.0,^CNXENERGY
2026-02-05 14:00:00+05:30,36185.6015625,36197.05078125,36169.6015625,36171.8515625,0,0.0,0.0,^CNXENERGY
2026-02-05 14:05:00+05:30,36171.19921875,36182.8515625,36115.25,36125.55078125,0,0.0,0.0,^CNXENERGY
2026-02-05 14:10:00+05:30,36128.30078125,36128.8984375,36079.75,36112.30078125,0,0.0,0.0,^CNXENERGY
2026-02-05 14:15:00+05:30,36113.6015625,36150.94921875,36110.25,36139.80078125,0,0.0,0.0,^CNXENERGY
2026-02-05 14:20:00+05:30,36142.05078125,36167.19921875,36137.55078125,36155.44921875,0,0.0,0.0,^CNXENERGY
2026-02-05 14:25:00+05:30,36159.3515625,36174.8515625,36131.30078125,36168.5,0,0.0,0.0,^CNXENERGY
2026-02-05 14:30:00+05:30,36170.3984375,36212.3515625,36162.3984375,36211.1015625,0,0.0,0.0,^CNXENERGY
2026-02-05 14:35:00+05:30,36213.0,36241.8515625,36210.1015625,36213.3984375,0,0.0,0.0,^CNXENERGY
2026-02-05 14:40:00+05:30,36215.05078125,36219.69921875,36175.30078125,36183.69921875,0,0.0,0.0,^CNXENERGY
2026-02-05 14:45:00+05:30,36182.19921875,36190.75,36159.8515625,36188.94921875,0,0.0,0.0,^CNXENERGY
2026-02-05 14:50:00+05:30,36188.8515625,36215.6484375,36180.6484375,36212.25,0,0.0,0.0,^CNXENERGY
2026-02-05 14:55:00+05:30,36211.6484375,36265.1015625,36211.05078125,36259.6015625,0,0.0,0.0,^CNXENERGY
2026-02-05 15:00:00+05:30,36261.1015625,36279.05078125,36222.44921875,36253.69921875,0,0.0,0.0,^CNXENERGY
2026-02-05 15:05:00+05:30,36255.3984375,36266.55078125,36207.8984375,36226.3515625,0,0.0,0.0,^CNXENERGY
2026-02-05 15:10:00+05:30,36227.3515625,36247.1484375,36227.3515625,36232.8984375,0,0.0,0.0,^CNXENERGY
2026-02-05 15:15:00+05:30,36236.30078125,36240.94921875,36217.30078125,36225.80078125,0,0.0,0.0,^CNXENERGY
2026-02-05 15:20:00+05:30,36227.05078125,36228.5,36210.3515625,36228.5,0,0.0,0.0,^CNXENERGY
2026-02-05 15:25:00+05:30,36228.3515625,36233.3515625,36187.19921875,36193.25,0,0.0,0.0,^CNXENERGY
2026-02-06 09:15:00+05:30,36176.0,36291.6484375,36082.94921875,36251.6015625,0,0.0,0.0,^CNXENERGY
2026-02-06 09:20:00+05:30,36251.05078125,36301.69921875,36224.30078125,36232.30078125,0,0.0,0.0,^CNXENERGY
2026-02-06 09:25:00+05:30,36231.8515625,36249.69921875,36187.25,36213.25,0,0.0,0.0,^CNXENERGY
2026-02-06 09:30:00+05:30,36212.8984375,36260.19921875,36186.3984375,36210.19921875,0,0.0,0.0,^CNXENERGY
2026-02-06 09:35:00+05:30,36210.05078125,36210.3984375,36151.3515625,36170.6015625,0,0.0,0.0,^CNXENERGY
2026-02-06 09:40:00+05:30,36176.55078125,36191.3515625,36121.6484375,36136.69921875,0,0.0,0.0,^CNXENERGY
2026-02-06 09:45:00+05:30,36136.69921875,36277.5,36136.69921875,36276.94921875,0,0.0,0.0,^CNXENERGY
2026-02-06 09:50:00+05:30,36278.6484375,36285.1015625,36253.80078125,36261.0,0,0.0,0.0,^CNXENERGY
2026-02-06 09:55:00+05:30,36258.80078125,36259.1484375,36173.19921875,36196.5,0,0.0,0.0,^CNXENERGY
2026-02-06 10:00:00+05:30,36196.6015625,36217.6015625,36125.75,36152.8515625,0,0.0,0.0,^CNXENERGY
2026-02-06 10:05:00+05:30,36151.5,36175.3515625,36139.80078125,36147.1484375,0,0.0,0.0,^CNXENERGY
2026-02-06 10:10:00+05:30,36148.19921875,36152.8515625,36106.5,36125.55078125,0,0.0,0.0,^CNXENERGY
2026-02-06 10:15:00+05:30,36123.44921875,36189.8984375,36097.5,36168.8515625,0,0.0,0.0,^CNXENERGY
2026-02-06 10:20:00+05:30,36169.94921875,36209.44921875,36152.8984375,36167.05078125,0,0.0,0.0,^CNXENERGY
2026-02-06 10:25:00+05:30,36165.69921875,36181.69921875,36129.05078125,36139.1484375,0,0.0,0.0,^CNXENERGY
2026-02-06 10:30:00+05:30,36137.75,36150.75,36120.6015625,36129.94921875,0,0.0,0.0,^CNXENERGY
2026-02-06 10:35:00+05:30,36130.8984375,36151.80078125,36115.1484375,36151.80078125,0,0.0,0.0,^CNXENERGY
2026-02-06 10:40:00+05:30,36150.55078125,36156.0,36118.44921875,36134.1015625,0,0.0,0.0,^CNXENERGY
2026-02-06 10:45:00+05:30,36133.3515625,36154.94921875,36113.0,36152.19921875,0,0.0,0.0,^CNXENERGY
2026-02-06 10:50:00+05:30,36151.30078125,36166.3984375,36128.6015625,36138.19921875,0,0.0,0.0,^CNXENERGY
2026-02-06 10:55:00+05:30,36138.1484375,36196.8515625,36122.19921875,36190.8984375,0,0.0,0.0,^CNXENERGY
2026-02-06 11:00:00+05:30,36189.25,36277.0,36188.25,36272.25,0,0.0,0.0,^CNXENERGY
2026-02-06 11:05:00+05:30,36272.0,36304.8515625,36267.44921875,36302.30078125,0,0.0,0.0,^CNXENERGY
2026-02-06 11:10:00+05:30,36301.75,36318.69921875,36289.05078125,36302.1484375,0,0.0,0.0,^CNXENERGY
2026-02-06 11:15:00+05:30,36301.1484375,36333.25,36283.3984375,36333.25,0,0.0,0.0,^CNXENERGY
2026-02-06 11:20:00+05:30,36331.6015625,36352.94921875,36324.55078125,36333.1484375,0,0.0,0.0,^CNXENERGY
2026-02-06 11:25:00+05:30,36333.80078125,36348.44921875,36316.69921875,36319.19921875,0,0.0,0.0,^CNXENERGY
2026-02-06 11:30:00+05:30,36319.05078125,36365.19921875,36307.8515625,36364.25,0,0.0,0.0,^CNXENERGY
2026-02-06 11:35:00+05:30,36365.44921875,36371.5,36341.44921875,36357.69921875,0,0.0,0.0,^CNXENERGY
2026-02-06 11:40:00+05:30,36356.6015625,36367.05078125,36317.55078125,36318.30078125,0,0.0,0.0,^CNXENERGY
2026-02-06 11:45:00+05:30,36318.94921875,36331.5,36308.3515625,36321.8984375,0,0.0,0.0,^CNXENERGY
2026-02-06 11:50:00+05:30,36322.30078125,36324.3515625,36274.75,36296.1015625,0,0.0,0.0,^CNXENERGY
2026-02-06 11:55:00+05:30,36295.55078125,36311.8984375,36273.1484375,36311.1015625,0,0.0,0.0,^CNXENERGY
2026-02-06 12:00:00+05:30,36309.1015625,36348.6015625,36292.25,36299.0,0,0.0,0.0,^CNXENERGY
2026-02-06 12:05:00+05:30,36296.1484375,36299.55078125,36252.75,36260.3984375,0,0.0,0.0,^CNXENERGY
2026-02-06 12:10:00+05:30,36260.44921875,36279.1015625,36230.30078125,36277.6015625,0,0.0,0.0,^CNXENERGY
2026-02-06 12:15:00+05:30,36279.55078125,36317.3515625,36271.30078125,36313.5,0,0.0,0.0,^CNXENERGY
2026-02-06 12:20:00+05:30,36313.1484375,36313.55078125,36258.19921875,36261.19921875,0,0.0,0.0,^CNXENERGY
2026-02-06 12:25:00+05:30,36261.55078125,36275.19921875,36241.44921875,36271.0,0,0.0,0.0,^CNXENERGY
2026-02-06 12:30:00+05:30,36270.3515625,36270.3515625,36224.80078125,36231.75,0,0.0,0.0,^CNXENERGY
2026-02-06 12:35:00+05:30,36230.3984375,36284.0,36230.3984375,36253.05078125,0,0.0,0.0,^CNXENERGY
2026-02-06 12:40:00+05:30,36253.05078125,36259.44921875,36206.75,36206.75,0,0.0,0.0,^CNXENERGY
2026-02-06 12:45:00+05:30,36206.55078125,36226.3984375,36190.25,36196.30078125,0,0.0,0.0,^CNXENERGY
2026-02-06 12:50:00+05:30,36196.94921875,36214.75,36178.80078125,36179.94921875,0,0.0,0.0,^CNXENERGY
2026-02-06 12:55:00+05:30,36181.1015625,36207.44921875,36163.75,36203.69921875,0,0.0,0.0,^CNXENERGY
2026-02-06 13:00:00+05:30,36203.30078125,36213.1484375,36187.3984375,36212.25,0,0.0,0.0,^CNXENERGY
2026-02-06 13:05:00+05:30,36211.3515625,36225.1484375,36194.94921875,36201.5,0,0.0,0.0,^CNXENERGY
2026-02-06 13:10:00+05:30,36200.94921875,36213.55078125,36189.1015625,36212.8515625,0,0.0,0.0,^CNXENERGY
2026-02-06 13:15:00+05:30,36213.94921875,36241.0,36207.1015625,36213.05078125,0,0.0,0.0,^CNXENERGY
2026-02-06 13:20:00+05:30,36213.30078125,36215.6015625,36188.69921875,36199.55078125,0,0.0,0.0,^CNXENERGY
2026-02-06 13:25:00+05:30,36199.3984375,36205.6015625,36195.8515625,36197.1484375,0,0.0,0.0,^CNXENERGY
2026-02-06 13:30:00+05:30,36165.25,36166.94921875,36148.8984375,36157.8984375,0,0.0,0.0,^CNXENERGY
2026-02-06 13:35:00+05:30,36158.3984375,36211.05078125,36156.0,36200.1484375,0,0.0,0.0,^CNXENERGY
2026-02-06 13:40:00+05:30,36199.94921875,36218.05078125,36197.25,36205.69921875,0,0.0,0.0,^CNXENERGY
2026-02-06 13:45:00+05:30,36205.1015625,36222.05078125,36187.0,36215.3984375,0,0.0,0.0,^CNXENERGY
2026-02-06 13:50:00+05:30,36214.6484375,36238.8515625,36201.6015625,36225.80078125,0,0.0,0.0,^CNXENERGY
2026-02-06 13:55:00+05:30,36227.69921875,36243.30078125,36180.0,36212.69921875,0,0.0,0.0,^CNXENERGY
2026-02-06 14:00:00+05:30,36212.69921875,36277.1484375,36211.6484375,36255.80078125,0,0.0,0.0,^CNXENERGY
2026-02-06 14:05:00+05:30,36255.8515625,36269.6015625,36245.25,36259.25,0,0.0,0.0,^CNXENERGY
2026-02-06 14:10:00+05:30,36259.3984375,36262.80078125,36226.69921875,36255.8515625,0,0.0,0.0,^CNXENERGY
2026-02-06 14:15:00+05:30,36256.8984375,36274.1484375,36233.8515625,36248.8515625,0,0.0,0.0,^CNXENERGY
2026-02-06 14:20:00+05:30,36252.0,36284.25,36223.44921875,36231.55078125,0,0.0,0.0,^CNXENERGY
2026-02-06 14:25:00+05:30,36233.19921875,36262.8984375,36227.94921875,36252.80078125,0,0.0,0.0,^CNXENERGY
2026-02-06 14:30:00+05:30,36253.25,36268.8984375,36236.5,36266.44921875,0,0.0,0.0,^CNXENERGY
2026-02-06 14:35:00+05:30,36268.44921875,36301.3984375,36263.44921875,36290.05078125,0,0.0,0.0,^CNXENERGY
2026-02-06 14:40:00+05:30,36289.80078125,36339.30078125,36289.80078125,36332.3515625,0,0.0,0.0,^CNXENERGY
2026-02-06 14:45:00+05:30,36332.94921875,36349.19921875,36310.80078125,36322.6484375,0,0.0,0.0,^CNXENERGY
2026-02-06 14:50:00+05:30,36322.94921875,36348.30078125,36312.05078125,36345.80078125,0,0.0,0.0,^CNXENERGY
2026-02-06 14:55:00+05:30,36346.5,36404.3984375,36346.5,36392.69921875,0,0.0,0.0,^CNXENERGY
2026-02-06 15:00:00+05:30,36396.55078125,36471.8515625,36396.55078125,36459.0,0,0.0,0.0,^CNXENERGY
2026-02-06 15:05:00+05:30,36454.8984375,36477.5,36449.3984375,36466.1015625,0,0.0,0.0,^CNXENERGY
2026-02-06 15:10:00+05:30,36462.25,36495.69921875,36448.19921875,36457.25,0,0.0,0.0,^CNXENERGY
2026-02-06 15:15:00+05:30,36456.94921875,36466.19921875,36444.6484375,36450.6484375,0,0.0,0.0,^CNXENERGY
2026-02-06 15:20:00+05:30,36446.8984375,36456.25,36437.19921875,36442.3515625,0,0.0,0.0,^CNXENERGY
2026-02-06 15:25:00+05:30,36439.0,36443.30078125,36369.1484375,36385.30078125,0,0.0,0.0,^CNXENERGY
2026-02-09 09:15:00+05:30,36612.80078125,36632.25,36506.05078125,36526.80078125,0,0.0,0.0,^CNXENERGY
2026-02-09 09:20:00+05:30,36524.6015625,36562.3515625,36507.0,36540.6015625,0,0.0,0.0,^CNXENERGY
2026-02-09 09:25:00+05:30,36543.3515625,36545.80078125,36494.94921875,36540.75,0,0.0,0.0,^CNXENERGY
2026-02-09 09:30:00+05:30,36541.44921875,36574.69921875,36466.94921875,36484.3984375,0,0.0,0.0,^CNXENERGY
2026-02-09 09:35:00+05:30,36489.1484375,36512.1484375,36436.25,36436.3515625,0,0.0,0.0,^CNXENERGY
2026-02-09 09:40:00+05:30,36439.69921875,36491.25,36430.69921875,36454.6015625,0,0.0,0.0,^CNXENERGY
2026-02-09 09:45:00+05:30,36454.5,36475.0,36416.3515625,36431.30078125,0,0.0,0.0,^CNXENERGY
2026-02-09 09:50:00+05:30,36432.05078125,36445.75,36415.3515625,36440.05078125,0,0.0,0.0,^CNXENERGY
2026-02-09 09:55:00+05:30,36441.80078125,36451.55078125,36431.94921875,36445.55078125,0,0.0,0.0,^CNXENERGY
2026-02-09 10:00:00+05:30,36446.6484375,36453.3515625,36432.0,36451.1015625,0,0.0,0.0,^CNXENERGY
2026-02-09 10:05:00+05:30,36451.1484375,36465.1015625,36433.44921875,36464.6015625,0,0.0,0.0,^CNXENERGY
2026-02-09 10:10:00+05:30,36465.05078125,36469.3515625,36446.8515625,36457.0,0,0.0,0.0,^CNXENERGY
2026-02-09 10:15:00+05:30,36456.3984375,36478.1015625,36441.05078125,36475.75,0,0.0,0.0,^CNXENERGY
2026-02-09 10:20:00+05:30,36478.19921875,36530.44921875,36474.69921875,36527.0,0,0.0,0.0,^CNXENERGY
2026-02-09 10:25:00+05:30,36526.75,36568.25,36526.3984375,36563.1015625,0,0.0,0.0,^CNXENERGY
2026-02-09 10:30:00+05:30,36563.30078125,36569.0,36529.8515625,36561.05078125,0,0.0,0.0,^CNXENERGY
2026-02-09 10:35:00+05:30,36561.5,36568.05078125,36533.55078125,36559.6015625,0,0.0,0.0,^CNXENERGY
2026-02-09 10:40:00+05:30,36560.3515625,36585.6484375,36549.6484375,36580.3984375,0,0.0,0.0,^CNXENERGY
2026-02-09 10:45:00+05:30,36581.5,36590.5,36531.6015625,36536.3515625,0,0.0,0.0,^CNXENERGY
2026-02-09 10:50:00+05:30,36537.44921875,36585.75,36535.25,36583.19921875,0,0.0,0.0,^CNXENERGY
2026-02-09 10:55:00+05:30,36585.1015625,36597.44921875,36574.5,36594.30078125,0,0.0,0.0,^CNXENERGY
2026-02-09 11:00:00+05:30,36595.8984375,36605.25,36576.94921875,36578.3515625,0,0.0,0.0,^CNXENERGY
2026-02-09 11:05:00+05:30,36579.5,36605.1484375,36568.30078125,36572.44921875,0,0.0,0.0,^CNXENERGY
2026-02-09 11:10:00+05:30,36571.8984375,36579.25,36544.3515625,36545.6015625,0,0.0,0.0,^CNXENERGY
2026-02-09 11:15:00+05:30,36546.1015625,36550.25,36537.8515625,36546.5,0,0.0,0.0,^CNXENERGY
2026-02-09 11:20:00+05:30,36546.8515625,36564.3984375,36545.0,36560.05078125,0,0.0,0.0,^CNXENERGY
2026-02-09 11:25:00+05:30,36559.3515625,36569.1484375,36555.5,36558.8984375,0,0.0,0.0,^CNXENERGY
2026-02-09 11:30:00+05:30,36558.19921875,36560.8515625,36515.6015625,36523.0,0,0.0,0.0,^CNXENERGY
2026-02-09 11:35:00+05:30,36524.25,36550.1484375,36522.8984375,36545.94921875,0,0.0,0.0,^CNXENERGY
2026-02-09 11:40:00+05:30,36547.44921875,36566.05078125,36541.55078125,36543.25,0,0.0,0.0,^CNXENERGY
2026-02-09 11:45:00+05:30,36543.5,36566.1015625,36533.75,36564.55078125,0,0.0,0.0,^CNXENERGY
2026-02-09 11:50:00+05:30,36565.55078125,36568.0,36518.30078125,36522.1015625,0,0.0,0.0,^CNXENERGY
2026-02-09 11:55:00+05:30,36520.5,36542.6484375,36519.8515625,36532.05078125,0,0.0,0.0,^CNXENERGY
2026-02-09 12:00:00+05:30,36532.55078125,36553.69921875,36526.3984375,36553.44921875,0,0.0,0.0,^CNXENERGY
2026-02-09 12:05:00+05:30,36553.80078125,36566.55078125,36551.25,36560.69921875,0,0.0,0.0,^CNXENERGY
2026-02-09 12:10:00+05:30,36561.3984375,36571.1015625,36552.30078125,36569.05078125,0,0.0,0.0,^CNXENERGY
2026-02-09 12:15:00+05:30,36570.6015625,36576.25,36559.30078125,36566.19921875,0,0.0,0.0,^CNXENERGY
2026-02-09 12:20:00+05:30,36566.19921875,36580.94921875,36562.05078125,36580.6484375,0,0.0,0.0,^CNXENERGY
2026-02-09 12:25:00+05:30,36584.25,36606.25,36582.1015625,36586.3515625,0,0.0,0.0,^CNXENERGY
2026-02-09 12:30:00+05:30,36590.05078125,36591.5,36563.55078125,36573.44921875,0,0.0,0.0,^CNXENERGY
2026-02-09 12:35:00+05:30,36575.44921875,36596.55078125,36571.94921875,36572.6015625,0,0.0,0.0,^CNXENERGY
2026-02-09 12:40:00+05:30,36577.05078125,36587.6015625,36567.75,36570.8984375,0,0.0,0.0,^CNXENERGY
2026-02-09 12:45:00+05:30,36569.30078125,36589.6015625,36567.55078125,36574.69921875,0,0.0,0.0,^CNXENERGY
2026-02-09 12:50:00+05:30,36575.3515625,36582.25,36547.75,36549.80078125,0,0.0,0.0,^CNXENERGY
2026-02-09 12:55:00+05:30,36549.6015625,36574.1484375,36546.1015625,36573.3515625,0,0.0,0.0,^CNXENERGY
2026-02-09 13:00:00+05:30,36574.5,36584.55078125,36567.94921875,36577.1015625,0,0.0,0.0,^CNXENERGY
2026-02-09 13:05:00+05:30,36576.8984375,36604.6484375,36574.6484375,36602.5,0,0.0,0.0,^CNXENERGY
2026-02-09 13:10:00+05:30,36602.6484375,36646.69921875,36600.1015625,36605.3515625,0,0.0,0.0,^CNXENERGY
2026-02-09 13:15:00+05:30,36605.6484375,36625.80078125,36599.94921875,36604.3515625,0,0.0,0.0,^CNXENERGY
2026-02-09 13:20:00+05:30,36605.8984375,36608.69921875,36581.5,36584.75,0,0.0,0.0,^CNXENERGY
2026-02-09 13:25:00+05:30,36584.25,36586.25,36561.6484375,36564.80078125,0,0.0,0.0,^CNXENERGY
2026-02-09 13:30:00+05:30,36562.6484375,36583.19921875,36553.55078125,36577.69921875,0,0.0,0.0,^CNXENERGY
2026-02-09 13:35:00+05:30,36579.1015625,36582.94921875,36569.19921875,36580.1015625,0,0.0,0.0,^CNXENERGY
2026-02-09 13:40:00+05:30,36581.5,36591.3515625,36575.3984375,36576.75,0,0.0,0.0,^CNXENERGY
2026-02-09 13:45:00+05:30,36577.6015625,36592.0,36575.6015625,36580.19921875,0,0.0,0.0,^CNXENERGY
2026-02-09 13:50:00+05:30,36582.0,36589.30078125,36563.19921875,36586.3515625,0,0.0,0.0,^CNXENERGY
2026-02-09 13:55:00+05:30,36586.1015625,36594.1015625,36555.19921875,36555.3984375,0,0.0,0.0,^CNXENERGY
2026-02-09 14:00:00+05:30,36559.55078125,36574.44921875,36549.3984375,36551.80078125,0,0.0,0.0,^CNXENERGY
2026-02-09 14:05:00+05:30,36555.6015625,36573.05078125,36549.30078125,36569.94921875,0,0.0,0.0,^CNXENERGY
2026-02-09 14:10:00+05:30,36569.19921875,36576.25,36549.05078125,36554.19921875,0,0.0,0.0,^CNXENERGY
2026-02-09 14:15:00+05:30,36554.25,36566.1484375,36541.19921875,36552.8984375,0,0.0,0.0,^CNXENERGY
2026-02-09 14:20:00+05:30,36553.05078125,36568.0,36550.3984375,36560.94921875,0,0.0,0.0,^CNXENERGY
2026-02-09 14:25:00+05:30,36561.55078125,36573.1484375,36550.94921875,36551.6015625,0,0.0,0.0,^CNXENERGY
2026-02-09 14:30:00+05:30,36555.05078125,36565.94921875,36541.25,36549.8984375,0,0.0,0.0,^CNXENERGY
2026-02-09 14:35:00+05:30,36548.3984375,36563.94921875,36530.30078125,36536.30078125,0,0.0,0.0,^CNXENERGY
2026-02-09 14:40:00+05:30,36536.6015625,36538.8515625,36513.30078125,36528.8984375,0,0.0,0.0,^CNXENERGY
2026-02-09 14:45:00+05:30,36528.30078125,36548.55078125,36522.55078125,36534.0,0,0.0,0.0,^CNXENERGY
2026-02-09 14:50:00+05:30,36533.19921875,36541.6015625,36520.05078125,36535.8515625,0,0.0,0.0,^CNXENERGY
2026-02-09 14:55:00+05:30,36535.25,36565.55078125,36533.1484375,36558.44921875,0,0.0,0.0,^CNXENERGY
2026-02-09 15:00:00+05:30,36559.19921875,36616.0,36559.19921875,36599.1015625,0,0.0,0.0,^CNXENERGY
2026-02-09 15:05:00+05:30,36599.69921875,36608.44921875,36593.5,36595.69921875,0,0.0,0.0,^CNXENERGY
2026-02-09 15:10:00+05:30,36595.19921875,36598.94921875,36563.3984375,36570.19921875,0,0.0,0.0,^CNXENERGY
2026-02-09 15:15:00+05:30,36571.6015625,36578.3984375,36560.94921875,36564.55078125,0,0.0,0.0,^CNXENERGY
2026-02-09 15:20:00+05:30,36563.8515625,36584.3515625,36560.3515625,36576.8984375,0,0.0,0.0,^CNXENERGY
2026-02-09 15:25:00+05:30,36572.94921875,36580.30078125,36544.44921875,36557.6015625,0,0.0,0.0,^CNXENERGY
2026-02-10 09:15:00+05:30,36673.94921875,36765.19921875,36601.5,36692.94921875,0,0.0,0.0,^CNXENERGY
2026-02-10 09:20:00+05:30,36689.3984375,36723.94921875,36653.8515625,36718.0,0,0.0,0.0,^CNXENERGY
2026-02-10 09:25:00+05:30,36715.6015625,36725.05078125,36672.05078125,36685.0,0,0.0,0.0,^CNXENERGY
2026-02-10 09:30:00+05:30,36685.8984375,36731.69921875,36647.69921875,36720.25,0,0.0,0.0,^CNXENERGY
2026-02-10 09:35:00+05:30,36722.94921875,36742.1015625,36673.94921875,36696.0,0,0.0,0.0,^CNXENERGY
2026-02-10 09:40:00+05:30,36696.19921875,36715.55078125,36685.3984375,36706.69921875,0,0.0,0.0,^CNXENERGY
2026-02-10 09:45:00+05:30,36708.3984375,36710.3515625,36669.1484375,36673.0,0,0.0,0.0,^CNXENERGY
2026-02-10 09:50:00+05:30,36673.69921875,36686.94921875,36657.3515625,36663.19921875,0,0.0,0.0,^CNXENERGY
2026-02-10 09:55:00+05:30,36664.6015625,36683.05078125,36651.6484375,36679.80078125,0,0.0,0.0,^CNXENERGY
2026-02-10 10:00:00+05:30,36681.8984375,36689.3984375,36647.0,36650.94921875,0,0.0,0.0,^CNXENERGY
2026-02-10 10:05:00+05:30,36651.1015625,36661.44921875,36633.80078125,36634.8515625,0,0.0,0.0,^CNXENERGY
2026-02-10 10:10:00+05:30,36637.8515625,36648.80078125,36620.8515625,36622.55078125,0,0.0,0.0,^CNXENERGY
2026-02-10 10:15:00+05:30,36622.8515625,36662.6484375,36622.0,36652.25,0,0.0,0.0,^CNXENERGY
2026-02-10 10:20:00+05:30,36652.30078125,36673.05078125,36649.19921875,36673.05078125,0,0.0,0.0,^CNXENERGY
2026-02-10 10:25:00+05:30,36673.8515625,36698.55078125,36667.8984375,36697.8515625,0,0.0,0.0,^CNXENERGY
2026-02-10 10:30:00+05:30,36697.1484375,36709.05078125,36691.3515625,36698.69921875,0,0.0,0.0,^CNXENERGY
2026-02-10 10:35:00+05:30,36698.6015625,36699.1015625,36647.69921875,36652.6015625,0,0.0,0.0,^CNXENERGY
2026-02-10 10:40:00+05:30,36652.55078125,36665.8515625,36613.55078125,36656.44921875,0,0.0,0.0,^CNXENERGY
2026-02-10 10:45:00+05:30,36654.6015625,36665.30078125,36633.69921875,36651.75,0,0.0,0.0,^CNXENERGY
2026-02-10 10:50:00+05:30,36651.80078125,36687.69921875,36647.30078125,36683.8515625,0,0.0,0.0,^CNXENERGY
2026-02-10 10:55:00+05:30,36684.3984375,36686.30078125,36646.44921875,36653.0,0,0.0,0.0,^CNXENERGY
2026-02-10 11:00:00+05:30,36653.05078125,36663.75,36640.8515625,36663.75,0,0.0,0.0,^CNXENERGY
2026-02-10 11:05:00+05:30,36663.5,36681.6484375,36659.19921875,36669.3515625,0,0.0,0.0,^CNXENERGY
2026-02-10 11:10:00+05:30,36669.94921875,36672.25,36647.44921875,36659.1484375,0,0.0,0.0,^CNXENERGY
2026-02-10 11:15:00+05:30,36659.6015625,36667.3984375,36634.1484375,36642.55078125,0,0.0,0.0,^CNXENERGY
2026-02-10 11:20:00+05:30,36641.19921875,36649.44921875,36632.55078125,36639.94921875,0,0.0,0.0,^CNXENERGY
2026-02-10 11:25:00+05:30,36638.1015625,36646.8515625,36628.94921875,36633.80078125,0,0.0,0.0,^CNXENERGY
2026-02-10 11:30:00+05:30,36634.69921875,36650.3515625,36628.94921875,36641.69921875,0,0.0,0.0,^CNXENERGY
2026-02-10 11:35:00+05:30,36642.19921875,36651.1484375,36616.94921875,36635.6015625,0,0.0,0.0,^CNXENERGY
2026-02-10 11:40:00+05:30,36636.1484375,36637.1484375,36615.69921875,36622.8515625,0,0.0,0.0,^CNXENERGY
2026-02-10 11:45:00+05:30,36622.8984375,36627.6015625,36591.94921875,36607.80078125,0,0.0,0.0,^CNXENERGY
2026-02-10 11:50:00+05:30,36608.1484375,36620.8984375,36592.1484375,36614.94921875,0,0.0,0.0,^CNXENERGY
2026-02-10 11:55:00+05:30,36615.8515625,36626.44921875,36609.05078125,36613.5,0,0.0,0.0,^CNXENERGY
2026-02-10 12:00:00+05:30,36613.05078125,36616.05078125,36592.94921875,36602.30078125,0,0.0,0.0,^CNXENERGY
2026-02-10 12:05:00+05:30,36605.44921875,36610.80078125,36592.8515625,36604.05078125,0,0.0,0.0,^CNXENERGY
2026-02-10 12:10:00+05:30,36603.6015625,36634.3984375,36600.8984375,36634.3984375,0,0.0,0.0,^CNXENERGY
2026-02-10 12:15:00+05:30,36634.80078125,36635.30078125,36622.94921875,36629.6484375,0,0.0,0.0,^CNXENERGY
2026-02-10 12:20:00+05:30,36628.30078125,36633.1015625,36612.05078125,36613.3515625,0,0.0,0.0,^CNXENERGY
2026-02-10 12:25:00+05:30,36613.3515625,36618.75,36588.69921875,36602.05078125,0,0.0,0.0,^CNXENERGY
2026-02-10 12:30:00+05:30,36602.19921875,36635.6484375,36600.5,36613.6015625,0,0.0,0.0,^CNXENERGY
2026-02-10 12:35:00+05:30,36612.55078125,36619.94921875,36589.05078125,36595.3984375,0,0.0,0.0,^CNXENERGY
2026-02-10 12:40:00+05:30,36593.6484375,36605.1484375,36589.55078125,36600.6015625,0,0.0,0.0,^CNXENERGY
2026-02-10 12:45:00+05:30,36598.94921875,36642.8515625,36598.94921875,36642.25,0,0.0,0.0,^CNXENERGY
2026-02-10 12:50:00+05:30,36639.19921875,36645.0,36618.6484375,36623.5,0,0.0,0.0,^CNXENERGY
2026-02-10 12:55:00+05:30,36622.94921875,36657.55078125,36620.94921875,36646.6015625,0,0.0,0.0,^CNXENERGY
2026-02-10 13:00:00+05:30,36647.6484375,36652.30078125,36610.6015625,36614.6484375,0,0.0,0.0,^CNXENERGY
2026-02-10 13:05:00+05:30,36615.80078125,36640.8515625,36610.3515625,36636.25,0,0.0,0.0,^CNXENERGY
2026-02-10 13:10:00+05:30,36637.94921875,36651.80078125,36632.05078125,36648.3515625,0,0.0,0.0,^CNXENERGY
2026-02-10 13:15:00+05:30,36645.8515625,36652.69921875,36612.8515625,36612.8984375,0,0.0,0.0,^CNXENERGY
2026-02-10 13:20:00+05:30,36614.3515625,36620.19921875,36568.69921875,36570.8515625,0,0.0,0.0,^CNXENERGY
2026-02-10 13:25:00+05:30,36572.44921875,36605.44921875,36564.8984375,36581.0,0,0.0,0.0,^CNXENERGY
2026-02-10 13:30:00+05:30,36580.3984375,36583.69921875,36536.44921875,36543.44921875,0,0.0,0.0,^CNXENERGY
2026-02-10 13:35:00+05:30,36543.6484375,36555.6015625,36534.6484375,36555.6015625,0,0.0,0.0,^CNXENERGY
2026-02-10 13:40:00+05:30,36554.94921875,36565.30078125,36544.8984375,36553.3984375,0,0.0,0.0,^CNXENERGY
2026-02-10 13:45:00+05:30,36558.1484375,36581.8984375,36551.3515625,36575.19921875,0,0.0,0.0,^CNXENERGY
2026-02-10 13:50:00+05:30,36576.05078125,36616.1015625,36571.94921875,36614.44921875,0,0.0,0.0,^CNXENERGY
2026-02-10 13:55:00+05:30,36614.8515625,36621.3515625,36583.5,36588.3984375,0,0.0,0.0,^CNXENERGY
2026-02-10 14:00:00+05:30,36588.1015625,36593.05078125,36561.5,36568.55078125,0,0.0,0.0,^CNXENERGY
2026-02-10 14:05:00+05:30,36574.44921875,36595.8515625,36558.1015625,36586.30078125,0,0.0,0.0,^CNXENERGY
2026-02-10 14:10:00+05:30,36582.05078125,36595.30078125,36552.75,36595.30078125,0,0.0,0.0,^CNXENERGY
2026-02-10 14:15:00+05:30,36593.8984375,36631.6484375,36593.8984375,36630.1015625,0,0.0,0.0,^CNXENERGY
2026-02-10 14:20:00+05:30,36628.94921875,36633.55078125,36605.0,36611.55078125,0,0.0,0.0,^CNXENERGY
2026-02-10 14:25:00+05:30,36610.3984375,36613.8515625,36593.44921875,36601.3515625,0,0.0,0.0,^CNXENERGY
2026-02-10 14:30:00+05:30,36598.80078125,36606.75,36588.94921875,36601.1015625,0,0.0,0.0,^CNXENERGY
2026-02-10 14:35:00+05:30,36600.5,36634.94921875,36595.75,36618.05078125,0,0.0,0.0,^CNXENERGY
2026-02-10 14:40:00+05:30,36618.0,36632.55078125,36613.94921875,36628.8515625,0,0.0,0.0,^CNXENERGY
2026-02-10 14:45:00+05:30,36630.80078125,36675.80078125,36628.25,36674.80078125,0,0.0,0.0,^CNXENERGY
2026-02-10 14:50:00+05:30,36675.69921875,36680.8984375,36656.69921875,36673.69921875,0,0.0,0.0,^CNXENERGY
2026-02-10 14:55:00+05:30,36677.30078125,36689.69921875,36668.6015625,36682.75,0,0.0,0.0,^CNXENERGY
2026-02-10 15:00:00+05:30,36681.6015625,36742.55078125,36681.6015625,36719.75,0,0.0,0.0,^CNXENERGY
2026-02-10 15:05:00+05:30,36716.6015625,36724.0,36689.19921875,36716.75,0,0.0,0.0,^CNXENERGY
2026-02-10 15:10:00+05:30,36717.55078125,36721.55078125,36653.8515625,36658.3984375,0,0.0,0.0,^CNXENERGY
2026-02-10 15:15:00+05:30,36658.3515625,36663.55078125,36632.5,36636.5,0,0.0,0.0,^CNXENERGY
2026-02-10 15:20:00+05:30,36632.69921875,36638.6484375,36620.6015625,36624.1015625,0,0.0,0.0,^CNXENERGY
2026-02-10 15:25:00+05:30,36624.0,36633.69921875,36592.1484375,36601.1015625,0,0.0,0.0,^CNXENERGY
2026-02-11 09:15:00+05:30,36590.25,36590.25,36438.6015625,36541.8984375,0,0.0,0.0,^CNXENERGY
2026-02-11 09:20:00+05:30,36540.6015625,36545.3984375,36466.55078125,36471.55078125,0,0.0,0.0,^CNXENERGY
2026-02-11 09:25:00+05:30,36473.44921875,36486.6015625,36444.8984375,36452.8515625,0,0.0,0.0,^CNXENERGY
2026-02-11 09:30:00+05:30,36452.80078125,36460.6015625,36375.3984375,36376.94921875,0,0.0,0.0,^CNXENERGY
2026-02-11 09:35:00+05:30,36374.55078125,36391.25,36348.6484375,36371.94921875,0,0.0,0.0,^CNXENERGY
2026-02-11 09:40:00+05:30,36370.69921875,36372.75,36335.3515625,36368.75,0,0.0,0.0,^CNXENERGY
2026-02-11 09:45:00+05:30,36369.1484375,36401.6015625,36365.30078125,36368.75,0,0.0,0.0,^CNXENERGY
2026-02-11 09:50:00+05:30,36370.05078125,36371.25,36331.1015625,36357.8984375,0,0.0,0.0,^CNXENERGY
2026-02-11 09:55:00+05:30,36359.30078125,36387.05078125,36355.6015625,36359.6015625,0,0.0,0.0,^CNXENERGY
2026-02-11 10:00:00+05:30,36360.19921875,36360.55078125,36317.55078125,36320.94921875,0,0.0,0.0,^CNXENERGY
2026-02-11 10:05:00+05:30,36317.69921875,36355.6484375,36312.80078125,36351.5,0,0.0,0.0,^CNXENERGY
2026-02-11 10:10:00+05:30,36350.1015625,36370.94921875,36305.1015625,36323.8984375,0,0.0,0.0,^CNXENERGY
2026-02-11 10:15:00+05:30,36324.05078125,36365.8984375,36312.1015625,36365.8984375,0,0.0,0.0,^CNXENERGY
2026-02-11 10:20:00+05:30,36366.19921875,36416.25,36366.19921875,36411.44921875,0,0.0,0.0,^CNXENERGY
2026-02-11 10:25:00+05:30,36412.05078125,36414.55078125,36389.0,36409.1484375,0,0.0,0.0,^CNXENERGY
2026-02-11 10:30:00+05:30,36409.05078125,36434.05078125,36407.80078125,36414.8515625,0,0.0,0.0,^CNXENERGY
2026-02-11 10:35:00+05:30,36416.25,36441.3984375,36413.94921875,36424.5,0,0.0,0.0,^CNXENERGY
2026-02-11 10:40:00+05:30,36427.6015625,36451.30078125,36423.44921875,36433.75,0,0.0,0.0,^CNXENERGY
2026-02-11 10:45:00+05:30,36435.44921875,36473.6015625,36434.8984375,36472.8515625,0,0.0,0.0,^CNXENERGY
2026-02-11 10:50:00+05:30,36474.05078125,36479.0,36453.8984375,36455.44921875,0,0.0,0.0,^CNXENERGY
2026-02-11 10:55:00+05:30,36456.5,36478.5,36447.94921875,36449.1015625,0,0.0,0.0,^CNXENERGY
2026-02-11 11:00:00+05:30,36449.25,36453.69921875,36425.05078125,36432.3515625,0,0.0,0.0,^CNXENERGY
2026-02-11 11:05:00+05:30,36434.3515625,36445.05078125,36394.3984375,36397.44921875,0,0.0,0.0,^CNXENERGY
2026-02-11 11:10:00+05:30,36398.80078125,36415.05078125,36390.5,36413.3515625,0,0.0,0.0,^CNXENERGY
2026-02-11 11:15:00+05:30,36414.55078125,36429.8515625,36407.3515625,36408.05078125,0,0.0,0.0,^CNXENERGY
2026-02-11 11:20:00+05:30,36407.6015625,36413.6015625,36390.05078125,36411.80078125,0,0.0,0.0,^CNXENERGY
2026-02-11 11:25:00+05:30,36411.6484375,36434.0,36411.6484375,36426.80078125,0,0.0,0.0,^CNXENERGY
2026-02-11 11:30:00+05:30,36427.6484375,36470.75,36421.80078125,36454.6484375,0,0.0,0.0,^CNXENERGY
2026-02-11 11:35:00+05:30,36454.75,36457.1484375,36439.05078125,36452.75,0,0.0,0.0,^CNXENERGY
2026-02-11 11:40:00+05:30,36452.55078125,36458.94921875,36437.94921875,36440.25,0,0.0,0.0,^CNXENERGY
2026-02-11 11:45:00+05:30,36440.94921875,36457.55078125,36438.55078125,36445.75,0,0.0,0.0,^CNXENERGY
2026-02-11 11:50:00+05:30,36446.19921875,36460.05078125,36432.30078125,36435.1015625,0,0.0,0.0,^CNXENERGY
2026-02-11 11:55:00+05:30,36436.0,36458.55078125,36431.69921875,36432.75,0,0.0,0.0,^CNXENERGY
2026-02-11 12:00:00+05:30,36434.30078125,36452.05078125,36428.05078125,36432.05078125,0,0.0,0.0,^CNXENERGY
2026-02-11 12:05:00+05:30,36432.55078125,36432.55078125,36398.3515625,36406.8984375,0,0.0,0.0,^CNXENERGY
2026-02-11 12:10:00+05:30,36404.30078125,36418.8984375,36399.44921875,36413.3515625,0,0.0,0.0,^CNXENERGY
2026-02-11 12:15:00+05:30,36413.5,36416.6015625,36400.6015625,36402.25,0,0.0,0.0,^CNXENERGY
2026-02-11 12:20:00+05:30,36400.75,36404.25,36383.19921875,36388.8984375,0,0.0,0.0,^CNXENERGY
2026-02-11 12:25:00+05:30,36389.6484375,36409.80078125,36387.3515625,36405.1484375,0,0.0,0.0,^CNXENERGY
2026-02-11 12:30:00+05:30,36406.55078125,36419.44921875,36395.05078125,36395.80078125,0,0.0,0.0,^CNXENERGY
2026-02-11 12:35:00+05:30,36395.55078125,36415.1015625,36373.94921875,36377.25,0,0.0,0.0,^CNXENERGY
2026-02-11 12:40:00+05:30,36378.8984375,36379.8984375,36343.8515625,36352.1015625,0,0.0,0.0,^CNXENERGY
2026-02-11 12:45:00+05:30,36351.6484375,36374.05078125,36340.75,36374.05078125,0,0.0,0.0,^CNXENERGY
2026-02-11 12:50:00+05:30,36373.6015625,36385.8984375,36356.05078125,36373.44921875,0,0.0,0.0,^CNXENERGY
2026-02-11 12:55:00+05:30,36373.8515625,36398.3515625,36364.3515625,36392.0,0,0.0,0.0,^CNXENERGY
2026-02-11 13:00:00+05:30,36391.75,36392.5,36354.25,36362.69921875,0,0.0,0.0,^CNXENERGY
2026-02-11 13:05:00+05:30,36362.44921875,36401.0,36357.75,36396.75,0,0.0,0.0,^CNXENERGY
2026-02-11 13:10:00+05:30,36397.75,36399.55078125,36375.5,36396.6484375,0,0.0,0.0,^CNXENERGY
2026-02-11 13:15:00+05:30,36395.5,36406.55078125,36379.6015625,36390.44921875,0,0.0,0.0,^CNXENERGY
2026-02-11 13:20:00+05:30,36392.8984375,36426.6015625,36387.3515625,36399.3984375,0,0.0,0.0,^CNXENERGY
2026-02-11 13:25:00+05:30,36399.05078125,36411.75,36399.05078125,36411.6015625,0,0.0,0.0,^CNXENERGY
2026-02-11 13:30:00+05:30,36412.6015625,36441.3984375,36409.5,36440.69921875,0,0.0,0.0,^CNXENERGY
2026-02-11 13:35:00+05:30,36440.3515625,36445.30078125,36424.25,36434.6015625,0,0.0,0.0,^CNXENERGY
2026-02-11 13:40:00+05:30,36434.6484375,36453.05078125,36429.80078125,36438.8515625,0,0.0,0.0,^CNXENERGY
2026-02-11 13:45:00+05:30,36437.8984375,36442.55078125,36409.8515625,36411.1484375,0,0.0,0.0,^CNXENERGY
2026-02-11 13:50:00+05:30,36411.3515625,36418.3515625,36397.3515625,36408.6015625,0,0.0,0.0,^CNXENERGY
2026-02-11 13:55:00+05:30,36410.0,36417.6015625,36396.55078125,36399.3984375,0,0.0,0.0,^CNXENERGY
2026-02-11 14:00:00+05:30,36400.6015625,36403.30078125,36390.0,36399.6484375,0,0.0,0.0,^CNXENERGY
2026-02-11 14:05:00+05:30,36399.8515625,36411.44921875,36393.69921875,36410.44921875,0,0.0,0.0,^CNXENERGY
2026-02-11 14:10:00+05:30,36410.5,36446.25,36406.19921875,36443.25,0,0.0,0.0,^CNXENERGY
2026-02-11 14:15:00+05:30,36445.25,36472.3984375,36441.6484375,36467.3515625,0,0.0,0.0,^CNXENERGY
2026-02-11 14:20:00+05:30,36466.1015625,36480.75,36444.30078125,36479.3984375,0,0.0,0.0,^CNXENERGY
2026-02-11 14:25:00+05:30,36480.0,36511.80078125,36475.6015625,36488.55078125,0,0.0,0.0,^CNXENERGY
2026-02-11 14:30:00+05:30,36490.3515625,36520.0,36488.19921875,36510.5,0,0.0,0.0,^CNXENERGY
2026-02-11 14:35:00+05:30,36510.1015625,36513.30078125,36501.1484375,36501.1484375,0,0.0,0.0,^CNXENERGY
2026-02-11 14:40:00+05:30,36503.69921875,36579.30078125,36499.3515625,36554.30078125,0,0.0,0.0,^CNXENERGY
2026-02-11 14:45:00+05:30,36554.1015625,36566.8984375,36541.1015625,36554.94921875,0,0.0,0.0,^CNXENERGY
2026-02-11 14:50:00+05:30,36554.80078125,36581.6484375,36550.30078125,36579.30078125,0,0.0,0.0,^CNXENERGY
2026-02-11 14:55:00+05:30,36578.94921875,36631.05078125,36578.30078125,36609.3515625,0,0.0,0.0,^CNXENERGY
2026-02-11 15:00:00+05:30,36613.1015625,36669.0,36613.1015625,36648.30078125,0,0.0,0.0,^CNXENERGY
2026-02-11 15:05:00+05:30,36649.55078125,36663.8515625,36645.69921875,36659.19921875,0,0.0,0.0,^CNXENERGY
2026-02-11 15:10:00+05:30,36661.6015625,36666.25,36649.94921875,36655.55078125,0,0.0,0.0,^CNXENERGY
2026-02-11 15:15:00+05:30,36658.44921875,36660.30078125,36643.8515625,36658.0,0,0.0,0.0,^CNXENERGY
2026-02-11 15:20:00+05:30,36659.55078125,36660.69921875,36644.19921875,36656.05078125,0,0.0,0.0,^CNXENERGY
2026-02-11 15:25:00+05:30,36657.6484375,36663.0,36639.94921875,36645.3515625,0,0.0,0.0,^CNXENERGY
2026-02-12 09:15:00+05:30,36690.25,36754.3515625,36659.19921875,36724.0,0,0.0,0.0,^CNXENERGY
2026-02-12 09:20:00+05:30,36723.8984375,36767.3515625,36680.5,36693.25,0,0.0,0.0,^CNXENERGY
2026-02-12 09:25:00+05:30,36695.5,36706.1484375,36601.75,36601.75,0,0.0,0.0,^CNXENERGY
2026-02-12 09:30:00+05:30,36604.55078125,36631.44921875,36554.5,36624.3515625,0,0.0,0.0,^CNXENERGY
2026-02-12 09:35:00+05:30,36623.3515625,36634.75,36598.1484375,36611.6484375,0,0.0,0.0,^CNXENERGY
2026-02-12 09:40:00+05:30,36611.3984375,36631.8515625,36576.0,36597.75,0,0.0,0.0,^CNXENERGY
2026-02-12 09:45:00+05:30,36596.25,36612.8515625,36574.19921875,36608.8515625,0,0.0,0.0,^CNXENERGY
2026-02-12 09:50:00+05:30,36608.75,36669.30078125,36608.75,36651.69921875,0,0.0,0.0,^CNXENERGY
2026-02-12 09:55:00+05:30,36649.8515625,36668.75,36643.0,36651.0,0,0.0,0.0,^CNXENERGY
2026-02-12 10:00:00+05:30,36651.19921875,36653.25,36600.6015625,36625.6484375,0,0.0,0.0,^CNXENERGY
2026-02-12 10:05:00+05:30,36622.5,36631.55078125,36587.1484375,36631.55078125,0,0.0,0.0,^CNXENERGY
2026-02-12 10:10:00+05:30,36633.44921875,36642.1015625,36594.05078125,36631.6015625,0,0.0,0.0,^CNXENERGY
2026-02-12 10:15:00+05:30,36630.25,36633.8515625,36579.05078125,36608.80078125,0,0.0,0.0,^CNXENERGY
2026-02-12 10:20:00+05:30,36610.3515625,36646.75,36604.55078125,36644.44921875,0,0.0,0.0,^CNXENERGY
2026-02-12 10:25:00+05:30,36643.3515625,36643.3515625,36621.0,36626.0,0,0.0,0.0,^CNXENERGY
2026-02-12 10:30:00+05:30,36625.30078125,36644.19921875,36619.55078125,36628.55078125,0,0.0,0.0,^CNXENERGY
2026-02-12 10:35:00+05:30,36629.05078125,36643.05078125,36583.8984375,36607.44921875,0,0.0,0.0,^CNXENERGY
2026-02-12 10:40:00+05:30,36606.69921875,36620.05078125,36598.69921875,36609.30078125,0,0.0,0.0,^CNXENERGY
2026-02-12 10:45:00+05:30,36608.30078125,36630.94921875,36589.8515625,36591.19921875,0,0.0,0.0,^CNXENERGY
2026-02-12 10:50:00+05:30,36590.1484375,36608.75,36590.1484375,36597.8984375,0,0.0,0.0,^CNXENERGY
2026-02-12 10:55:00+05:30,36595.80078125,36607.69921875,36588.25,36592.0,0,0.0,0.0,^CNXENERGY
2026-02-12 11:00:00+05:30,36591.6484375,36602.05078125,36569.05078125,36581.6484375,0,0.0,0.0,^CNXENERGY
2026-02-12 11:05:00+05:30,36581.55078125,36586.3515625,36546.69921875,36569.55078125,0,0.0,0.0,^CNXENERGY
2026-02-12 11:10:00+05:30,36570.19921875,36583.25,36559.30078125,36562.80078125,0,0.0,0.0,^CNXENERGY
2026-02-12 11:15:00+05:30,36563.1484375,36563.1484375,36536.3515625,36540.6015625,0,0.0,0.0,^CNXENERGY
2026-02-12 11:20:00+05:30,36541.1484375,36544.44921875,36504.69921875,36515.75,0,0.0,0.0,^CNXENERGY
2026-02-12 11:25:00+05:30,36515.0,36545.69921875,36511.8984375,36534.94921875,0,0.0,0.0,^CNXENERGY
2026-02-12 11:30:00+05:30,36536.1015625,36538.05078125,36482.1484375,36488.80078125,0,0.0,0.0,^CNXENERGY
2026-02-12 11:35:00+05:30,36489.1015625,36492.55078125,36472.1015625,36478.80078125,0,0.0,0.0,^CNXENERGY
2026-02-12 11:40:00+05:30,36478.19921875,36483.75,36452.94921875,36456.55078125,0,0.0,0.0,^CNXENERGY
2026-02-12 11:45:00+05:30,36458.1015625,36475.3984375,36452.44921875,36458.25,0,0.0,0.0,^CNXENERGY
2026-02-12 11:50:00+05:30,36459.3984375,36461.05078125,36431.55078125,36437.3984375,0,0.0,0.0,^CNXENERGY
2026-02-12 11:55:00+05:30,36437.6484375,36447.1015625,36425.44921875,36440.3515625,0,0.0,0.0,^CNXENERGY
2026-02-12 12:00:00+05:30,36439.6484375,36457.69921875,36428.3515625,36439.69921875,0,0.0,0.0,^CNXENERGY
2026-02-12 12:05:00+05:30,36439.75,36451.75,36438.05078125,36445.55078125,0,0.0,0.0,^CNXENERGY
2026-02-12 12:10:00+05:30,36448.1484375,36461.80078125,36438.8984375,36449.8984375,0,0.0,0.0,^CNXENERGY
2026-02-12 12:15:00+05:30,36449.30078125,36460.8515625,36445.75,36455.44921875,0,0.0,0.0,^CNXENERGY
2026-02-12 12:20:00+05:30,36457.5,36503.25,36454.6015625,36497.75,0,0.0,0.0,^CNXENERGY
2026-02-12 12:25:00+05:30,36499.8515625,36502.0,36477.80078125,36481.5,0,0.0,0.0,^CNXENERGY
2026-02-12 12:30:00+05:30,36483.8984375,36492.8984375,36477.19921875,36483.6484375,0,0.0,0.0,^CNXENERGY
2026-02-12 12:35:00+05:30,36486.69921875,36488.3984375,36462.6015625,36466.05078125,0,0.0,0.0,^CNXENERGY
2026-02-12 12:40:00+05:30,36468.6484375,36493.8515625,36461.44921875,36493.1015625,0,0.0,0.0,^CNXENERGY
2026-02-12 12:45:00+05:30,36492.94921875,36495.6015625,36449.1015625,36454.55078125,0,0.0,0.0,^CNXENERGY
2026-02-12 12:50:00+05:30,36453.8984375,36465.8984375,36451.69921875,36465.8984375,0,0.0,0.0,^CNXENERGY
2026-02-12 12:55:00+05:30,36467.05078125,36475.30078125,36461.05078125,36466.19921875,0,0.0,0.0,^CNXENERGY
2026-02-12 13:00:00+05:30,36466.25,36498.44921875,36466.25,36469.6484375,0,0.0,0.0,^CNXENERGY
2026-02-12 13:05:00+05:30,36472.19921875,36472.19921875,36472.19921875,36472.19921875,0,0.0,0.0,^CNXENERGY
2026-02-12 13:10:00+05:30,36449.8515625,36454.1015625,36417.5,36426.05078125,0,0.0,0.0,^CNXENERGY
2026-02-12 13:15:00+05:30,36426.6484375,36493.1484375,36420.80078125,36451.55078125,0,0.0,0.0,^CNXENERGY
2026-02-12 13:20:00+05:30,36452.5,36462.80078125,36428.3984375,36457.1484375,0,0.0,0.0,^CNXENERGY
2026-02-12 13:25:00+05:30,36457.19921875,36482.25,36449.75,36455.30078125,0,0.0,0.0,^CNXENERGY
2026-02-12 13:30:00+05:30,36455.0,36462.69921875,36439.1484375,36454.44921875,0,0.0,0.0,^CNXENERGY
2026-02-12 13:35:00+05:30,36454.8515625,36467.3515625,36443.94921875,36467.3515625,0,0.0,0.0,^CNXENERGY
2026-02-12 13:40:00+05:30,36467.75,36478.25,36451.0,36456.05078125,0,0.0,0.0,^CNXENERGY
2026-02-12 13:45:00+05:30,36455.8515625,36477.1484375,36432.19921875,36432.3515625,0,0.0,0.0,^CNXENERGY
2026-02-12 13:50:00+05:30,36431.5,36434.05078125,36410.1484375,36430.0,0,0.0,0.0,^CNXENERGY
2026-02-12 13:55:00+05:30,36431.30078125,36485.19921875,36427.05078125,36457.3515625,0,0.0,0.0,^CNXENERGY
2026-02-12 14:00:00+05:30,36457.3515625,36461.8984375,36433.80078125,36440.80078125,0,0.0,0.0,^CNXENERGY
2026-02-12 14:05:00+05:30,36441.0,36444.75,36419.80078125,36426.1484375,0,0.0,0.0,^CNXENERGY
2026-02-12 14:10:00+05:30,36426.1484375,36446.6484375,36417.19921875,36431.55078125,0,0.0,0.0,^CNXENERGY
2026-02-12 14:15:00+05:30,36432.25,36447.05078125,36412.8984375,36419.8984375,0,0.0,0.0,^CNXENERGY
2026-02-12 14:20:00+05:30,36416.5,36446.1015625,36413.6015625,36441.3515625,0,0.0,0.0,^CNXENERGY
2026-02-12 14:25:00+05:30,36441.5,36455.25,36421.69921875,36425.55078125,0,0.0,0.0,^CNXENERGY
2026-02-12 14:30:00+05:30,36423.69921875,36430.44921875,36412.19921875,36421.05078125,0,0.0,0.0,^CNXENERGY
2026-02-12 14:35:00+05:30,36418.94921875,36421.3515625,36371.75,36378.8515625,0,0.0,0.0,^CNXENERGY
2026-02-12 14:40:00+05:30,36377.0,36393.75,36359.3984375,36360.8515625,0,0.0,0.0,^CNXENERGY
2026-02-12 14:45:00+05:30,36361.19921875,36364.1484375,36277.1015625,36290.6015625,0,0.0,0.0,^CNXENERGY
2026-02-12 14:50:00+05:30,36291.6015625,36364.8984375,36283.25,36363.3515625,0,0.0,0.0,^CNXENERGY
2026-02-12 14:55:00+05:30,36365.6015625,36414.69921875,36360.6484375,36410.8984375,0,0.0,0.0,^CNXENERGY
2026-02-12 15:00:00+05:30,36411.25,36490.94921875,36409.94921875,36478.80078125,0,0.0,0.0,^CNXENERGY
2026-02-12 15:05:00+05:30,36478.19921875,36485.5,36451.94921875,36478.44921875,0,0.0,0.0,^CNXENERGY
2026-02-12 15:10:00+05:30,36477.1484375,36480.69921875,36444.3984375,36447.5,0,0.0,0.0,^CNXENERGY
2026-02-12 15:15:00+05:30,36445.80078125,36460.3984375,36431.5,36458.05078125,0,0.0,0.0,^CNXENERGY
2026-02-12 15:20:00+05:30,36458.8984375,36470.3515625,36436.25,36438.55078125,0,0.0,0.0,^CNXENERGY
2026-02-12 15:25:00+05:30,36439.55078125,36452.19921875,36426.0,36430.3984375,0,0.0,0.0,^CNXENERGY
2026-02-13 09:15:00+05:30,36134.19921875,36150.1015625,35937.1015625,35952.05078125,0,0.0,0.0,^CNXENERGY
2026-02-13 09:20:00+05:30,35952.55078125,36071.5,35905.6015625,36061.05078125,0,0.0,0.0,^CNXENERGY
2026-02-13 09:25:00+05:30,36056.44921875,36061.75,35990.75,35994.3984375,0,0.0,0.0,^CNXENERGY
2026-02-13 09:30:00+05:30,35995.3984375,35996.3984375,35860.69921875,35871.8984375,0,0.0,0.0,^CNXENERGY
2026-02-13 09:35:00+05:30,35871.1484375,35885.30078125,35829.5,35838.5,0,0.0,0.0,^CNXENERGY
2026-02-13 09:40:00+05:30,35838.80078125,35944.1484375,35819.05078125,35912.3515625,0,0.0,0.0,^CNXENERGY
2026-02-13 09:45:00+05:30,35915.6484375,35916.05078125,35827.19921875,35828.3984375,0,0.0,0.0,^CNXENERGY
2026-02-13 09:50:00+05:30,35828.3984375,35872.5,35804.8515625,35861.3984375,0,0.0,0.0,^CNXENERGY
2026-02-13 09:55:00+05:30,35862.05078125,35862.05078125,35823.94921875,35835.75,0,0.0,0.0,^CNXENERGY
2026-02-13 10:00:00+05:30,35836.1484375,35843.1015625,35796.8984375,35822.8984375,0,0.0,0.0,^CNXENERGY
2026-02-13 10:05:00+05:30,35824.75,35828.19921875,35784.30078125,35790.3984375,0,0.0,0.0,^CNXENERGY
2026-02-13 10:10:00+05:30,35791.05078125,35801.19921875,35756.80078125,35759.05078125,0,0.0,0.0,^CNXENERGY
2026-02-13 10:15:00+05:30,35758.80078125,35766.30078125,35712.05078125,35755.3515625,0,0.0,0.0,^CNXENERGY
2026-02-13 10:20:00+05:30,35756.55078125,35821.25,35756.55078125,35818.55078125,0,0.0,0.0,^CNXENERGY
2026-02-13 10:25:00+05:30,35819.44921875,35843.1484375,35816.75,35827.8515625,0,0.0,0.0,^CNXENERGY
2026-02-13 10:30:00+05:30,35826.1015625,35891.1484375,35826.1015625,35878.3984375,0,0.0,0.0,^CNXENERGY
2026-02-13 10:35:00+05:30,35878.1484375,35939.1015625,35878.0,35932.44921875,0,0.0,0.0,^CNXENERGY
2026-02-13 10:40:00+05:30,35932.55078125,35939.3984375,35903.69921875,35904.75,0,0.0,0.0,^CNXENERGY
2026-02-13 10:45:00+05:30,35905.5,35906.8515625,35872.5,35882.1015625,0,0.0,0.0,^CNXENERGY
2026-02-13 10:50:00+05:30,35882.8984375,35883.25,35853.6015625,35868.25,0,0.0,0.0,^CNXENERGY
2026-02-13 10:55:00+05:30,35870.0,35899.19921875,35859.3515625,35865.8515625,0,0.0,0.0,^CNXENERGY
2026-02-13 11:00:00+05:30,35865.8984375,35866.6015625,35823.69921875,35825.69921875,0,0.0,0.0,^CNXENERGY
2026-02-13 11:05:00+05:30,35826.1015625,35837.3984375,35802.75,35807.30078125,0,0.0,0.0,^CNXENERGY
2026-02-13 11:10:00+05:30,35806.05078125,35840.30078125,35792.3515625,35798.6015625,0,0.0,0.0,^CNXENERGY
2026-02-13 11:15:00+05:30,35800.19921875,35804.8984375,35747.8515625,35753.30078125,0,0.0,0.0,^CNXENERGY
2026-02-13 11:20:00+05:30,35751.69921875,35755.25,35721.69921875,35728.0,0,0.0,0.0,^CNXENERGY
2026-02-13 11:25:00+05:30,35729.1015625,35755.44921875,35725.8984375,35744.8515625,0,0.0,0.0,^CNXENERGY
2026-02-13 11:30:00+05:30,35744.0,35747.1484375,35699.80078125,35703.25,0,0.0,0.0,^CNXENERGY
2026-02-13 11:35:00+05:30,35703.05078125,35725.8984375,35693.6484375,35719.19921875,0,0.0,0.0,^CNXENERGY
2026-02-13 11:40:00+05:30,35719.3984375,35728.30078125,35689.1484375,35727.55078125,0,0.0,0.0,^CNXENERGY
2026-02-13 11:45:00+05:30,35727.19921875,35772.1484375,35724.8984375,35751.3515625,0,0.0,0.0,^CNXENERGY
2026-02-13 11:50:00+05:30,35752.8984375,35788.6015625,35749.6484375,35780.5,0,0.0,0.0,^CNXENERGY
2026-02-13 11:55:00+05:30,35780.6015625,35828.3515625,35767.5,35806.8515625,0,0.0,0.0,^CNXENERGY
2026-02-13 12:00:00+05:30,35810.25,35833.30078125,35800.30078125,35816.44921875,0,0.0,0.0,^CNXENERGY
2026-02-13 12:05:00+05:30,35816.6484375,35842.05078125,35813.69921875,35835.6484375,0,0.0,0.0,^CNXENERGY
2026-02-13 12:10:00+05:30,35834.0,35858.1015625,35820.3984375,35853.25,0,0.0,0.0,^CNXENERGY
2026-02-13 12:15:00+05:30,35856.19921875,35856.19921875,35809.8515625,35830.05078125,0,0.0,0.0,^CNXENERGY
2026-02-13 12:20:00+05:30,35831.30078125,35849.1015625,35820.8984375,35845.1015625,0,0.0,0.0,^CNXENERGY
2026-02-13 12:25:00+05:30,35847.3515625,35901.80078125,35840.69921875,35872.1484375,0,0.0,0.0,^CNXENERGY
2026-02-13 12:30:00+05:30,35873.1015625,35915.5,35869.1015625,35908.94921875,0,0.0,0.0,^CNXENERGY
2026-02-13 12:35:00+05:30,35914.1015625,35916.44921875,35869.55078125,35889.69921875,0,0.0,0.0,^CNXENERGY
2026-02-13 12:40:00+05:30,35890.69921875,35919.25,35876.8984375,35889.44921875,0,0.0,0.0,^CNXENERGY
2026-02-13 12:45:00+05:30,35889.44921875,35917.44921875,35871.3984375,35874.1015625,0,0.0,0.0,^CNXENERGY
2026-02-13 12:50:00+05:30,35873.8984375,35875.30078125,35849.30078125,35855.8515625,0,0.0,0.0,^CNXENERGY
2026-02-13 12:55:00+05:30,35858.1015625,35862.80078125,35840.3984375,35841.8515625,0,0.0,0.0,^CNXENERGY
2026-02-13 13:00:00+05:30,35844.0,35851.6015625,35819.8515625,35828.5,0,0.0,0.0,^CNXENERGY
2026-02-13 13:05:00+05:30,35829.30078125,35859.1484375,35820.55078125,35855.6015625,0,0.0,0.0,^CNXENERGY
2026-02-13 13:10:00+05:30,35857.8515625,35905.75,35853.8515625,35896.25,0,0.0,0.0,^CNXENERGY
2026-02-13 13:15:00+05:30,35898.05078125,35906.8984375,35886.80078125,35897.80078125,0,0.0,0.0,^CNXENERGY
2026-02-13 13:20:00+05:30,35899.5,35899.5,35842.25,35844.25,0,0.0,0.0,^CNXENERGY
2026-02-13 13:25:00+05:30,35845.75,35847.25,35816.3515625,35826.0,0,0.0,0.0,^CNXENERGY
2026-02-13 13:30:00+05:30,35829.55078125,35851.8515625,35822.8984375,35842.30078125,0,0.0,0.0,^CNXENERGY
2026-02-13 13:35:00+05:30,35846.0,35867.05078125,35841.3984375,35866.0,0,0.0,0.0,^CNXENERGY
2026-02-13 13:40:00+05:30,35866.69921875,35885.1015625,35859.25,35863.1484375,0,0.0,0.0,^CNXENERGY
2026-02-13 13:45:00+05:30,35863.1484375,35863.6484375,35786.3984375,35786.3984375,0,0.0,0.0,^CNXENERGY
2026-02-13 13:50:00+05:30,35788.80078125,35791.44921875,35750.1015625,35772.3515625,0,0.0,0.0,^CNXENERGY
2026-02-13 13:55:00+05:30,35772.1484375,35795.3984375,35764.0,35782.25,0,0.0,0.0,^CNXENERGY
2026-02-13 14:00:00+05:30,35783.19921875,35803.25,35767.6484375,35788.05078125,0,0.0,0.0,^CNXENERGY
2026-02-13 14:05:00+05:30,35789.3984375,35821.94921875,35774.5,35789.0,0,0.0,0.0,^CNXENERGY
2026-02-13 14:10:00+05:30,35789.25,35843.05078125,35784.6484375,35841.19921875,0,0.0,0.0,^CNXENERGY
2026-02-13 14:15:00+05:30,35841.8984375,35846.55078125,35818.94921875,35827.25,0,0.0,0.0,^CNXENERGY
2026-02-13 14:20:00+05:30,35828.30078125,35853.05078125,35805.44921875,35813.75,0,0.0,0.0,^CNXENERGY
2026-02-13 14:25:00+05:30,35812.6484375,35835.55078125,35809.94921875,35819.94921875,0,0.0,0.0,^CNXENERGY
2026-02-13 14:30:00+05:30,35821.8984375,35825.8515625,35789.1484375,35792.6484375,0,0.0,0.0,^CNXENERGY
2026-02-13 14:35:00+05:30,35792.80078125,35804.05078125,35756.8515625,35781.80078125,0,0.0,0.0,^CNXENERGY
2026-02-13 14:40:00+05:30,35781.0,35781.94921875,35759.6484375,35765.75,0,0.0,0.0,^CNXENERGY
2026-02-13 14:45:00+05:30,35764.25,35767.80078125,35726.25,35731.05078125,0,0.0,0.0,^CNXENERGY
2026-02-13 14:50:00+05:30,35732.94921875,35805.25,35731.1015625,35783.8515625,0,0.0,0.0,^CNXENERGY
2026-02-13 14:55:00+05:30,35787.6484375,35827.1484375,35781.55078125,35804.0,0,0.0,0.0,^CNXENERGY
2026-02-13 15:00:00+05:30,35805.8515625,35818.75,35727.3515625,35736.8515625,0,0.0,0.0,^CNXENERGY
2026-02-13 15:05:00+05:30,35738.69921875,35746.44921875,35689.6015625,35707.6484375,0,0.0,0.0,^CNXENERGY
2026-02-13 15:10:00+05:30,35701.8984375,35723.75,35701.8984375,35706.1484375,0,0.0,0.0,^CNXENERGY
2026-02-13 15:15:00+05:30,35706.3984375,35718.6015625,35700.1484375,35708.6484375,0,0.0,0.0,^CNXENERGY
2026-02-13 15:20:00+05:30,35709.69921875,35720.94921875,35703.8515625,35715.0,0,0.0,0.0,^CNXENERGY
2026-02-13 15:25:00+05:30,35716.30078125,35724.44921875,35679.6015625,35721.3984375,0,0.0,0.0,^CNXENERGY
2026-02-16 09:15:00+05:30,35714.8515625,35861.80078125,35594.1015625,35861.80078125,0,0.0,0.0,^CNXENERGY
2026-02-16 09:20:00+05:30,35861.55078125,35910.55078125,35826.3515625,35876.5,0,0.0,0.0,^CNXENERGY
2026-02-16 09:25:00+05:30,35877.8984375,35893.55078125,35849.6484375,35867.6484375,0,0.0,0.0,^CNXENERGY
2026-02-16 09:30:00+05:30,35867.19921875,35983.30078125,35865.5,35981.75,0,0.0,0.0,^CNXENERGY
2026-02-16 09:35:00+05:30,35982.6484375,35989.05078125,35921.6015625,35931.0,0,0.0,0.0,^CNXENERGY
2026-02-16 09:40:00+05:30,35930.69921875,35949.8984375,35873.3515625,35916.8984375,0,0.0,0.0,^CNXENERGY
2026-02-16 09:45:00+05:30,35917.1484375,35957.19921875,35895.75,35954.8984375,0,0.0,0.0,^CNXENERGY
2026-02-16 09:50:00+05:30,35954.3984375,35973.80078125,35914.6484375,35963.44921875,0,0.0,0.0,^CNXENERGY
2026-02-16 09:55:00+05:30,35965.0,36020.0,35964.0,36019.30078125,0,0.0,0.0,^CNXENERGY
2026-02-16 10:00:00+05:30,36021.3515625,36070.3515625,36017.94921875,36044.0,0,0.0,0.0,^CNXENERGY
2026-02-16 10:05:00+05:30,36048.0,36081.6015625,36048.0,36078.30078125,0,0.0,0.0,^CNXENERGY
2026-02-16 10:10:00+05:30,36079.5,36101.75,36066.75,36090.0,0,0.0,0.0,^CNXENERGY
2026-02-16 10:15:00+05:30,36091.75,36111.25,36047.3984375,36062.55078125,0,0.0,0.0,^CNXENERGY
2026-02-16 10:20:00+05:30,36062.94921875,36079.8515625,36046.0,36052.75,0,0.0,0.0,^CNXENERGY
2026-02-16 10:25:00+05:30,36054.0,36077.6015625,36041.80078125,36071.55078125,0,0.0,0.0,^CNXENERGY
2026-02-16 10:30:00+05:30,36071.75,36118.94921875,36065.1015625,36086.44921875,0,0.0,0.0,^CNXENERGY
2026-02-16 10:35:00+05:30,36091.05078125,36094.1015625,36060.0,36065.6484375,0,0.0,0.0,^CNXENERGY
2026-02-16 10:40:00+05:30,36066.8515625,36106.80078125,36063.3984375,36085.1015625,0,0.0,0.0,^CNXENERGY
2026-02-16 10:45:00+05:30,36084.25,36131.5,36081.0,36096.3984375,0,0.0,0.0,^CNXENERGY
2026-02-16 10:50:00+05:30,36094.0,36118.55078125,36086.3984375,36094.1015625,0,0.0,0.0,^CNXENERGY
2026-02-16 10:55:00+05:30,36093.3984375,36093.3984375,36064.8984375,36077.94921875,0,0.0,0.0,^CNXENERGY
2026-02-16 11:00:00+05:30,36078.94921875,36118.6484375,36070.5,36109.80078125,0,0.0,0.0,^CNXENERGY
2026-02-16 11:05:00+05:30,36109.1484375,36120.19921875,36085.0,36089.25,0,0.0,0.0,^CNXENERGY
2026-02-16 11:10:00+05:30,36092.1015625,36116.3515625,36088.30078125,36112.8515625,0,0.0,0.0,^CNXENERGY
2026-02-16 11:15:00+05:30,36114.6015625,36139.5,36112.1484375,36133.19921875,0,0.0,0.0,^CNXENERGY
2026-02-16 11:20:00+05:30,36133.3984375,36164.5,36124.1484375,36162.25,0,0.0,0.0,^CNXENERGY
2026-02-16 11:25:00+05:30,36162.19921875,36176.69921875,36139.75,36147.94921875,0,0.0,0.0,^CNXENERGY
2026-02-16 11:30:00+05:30,36146.6015625,36168.1484375,36133.44921875,36149.1484375,0,0.0,0.0,^CNXENERGY
2026-02-16 11:35:00+05:30,36151.05078125,36179.19921875,36145.44921875,36170.75,0,0.0,0.0,^CNXENERGY
2026-02-16 11:40:00+05:30,36170.75,36183.69921875,36147.19921875,36156.55078125,0,0.0,0.0,^CNXENERGY
2026-02-16 11:45:00+05:30,36157.25,36157.5,36102.55078125,36104.1484375,0,0.0,0.0,^CNXENERGY
2026-02-16 11:50:00+05:30,36105.1484375,36117.55078125,36095.69921875,36103.94921875,0,0.0,0.0,^CNXENERGY
2026-02-16 11:55:00+05:30,36104.55078125,36140.44921875,36100.44921875,36133.6015625,0,0.0,0.0,^CNXENERGY
2026-02-16 12:00:00+05:30,36134.3984375,36175.8515625,36133.69921875,36164.5,0,0.0,0.0,^CNXENERGY
2026-02-16 12:05:00+05:30,36166.69921875,36177.1015625,36158.80078125,36172.30078125,0,0.0,0.0,^CNXENERGY
2026-02-16 12:10:00+05:30,36171.8515625,36194.3515625,36165.1015625,36184.80078125,0,0.0,0.0,^CNXENERGY
2026-02-16 12:15:00+05:30,36186.55078125,36210.3984375,36163.30078125,36206.5,0,0.0,0.0,^CNXENERGY
2026-02-16 12:20:00+05:30,36208.94921875,36224.80078125,36200.19921875,36210.69921875,0,0.0,0.0,^CNXENERGY
2026-02-16 12:25:00+05:30,36211.30078125,36219.5,36195.30078125,36218.8515625,0,0.0,0.0,^CNXENERGY
2026-02-16 12:30:00+05:30,36219.55078125,36240.3984375,36215.69921875,36232.0,0,0.0,0.0,^CNXENERGY
2026-02-16 12:35:00+05:30,36233.30078125,36238.6484375,36208.80078125,36212.30078125,0,0.0,0.0,^CNXENERGY
2026-02-16 12:40:00+05:30,36214.69921875,36222.1484375,36199.80078125,36218.6484375,0,0.0,0.0,^CNXENERGY
2026-02-16 12:45:00+05:30,36218.6484375,36230.6015625,36202.5,36206.55078125,0,0.0,0.0,^CNXENERGY
2026-02-16 12:50:00+05:30,36201.94921875,36245.05078125,36198.69921875,36239.19921875,0,0.0,0.0,^CNXENERGY
2026-02-16 12:55:00+05:30,36239.05078125,36249.3984375,36215.5,36231.44921875,0,0.0,0.0,^CNXENERGY
2026-02-16 13:00:00+05:30,36231.8515625,36268.0,36230.75,36250.3984375,0,0.0,0.0,^CNXENERGY
2026-02-16 13:05:00+05:30,36250.55078125,36267.8984375,36241.6484375,36259.19921875,0,0.0,0.0,^CNXENERGY
2026-02-16 13:10:00+05:30,36260.6484375,36281.1015625,36259.44921875,36276.94921875,0,0.0,0.0,^CNXENERGY
2026-02-16 13:15:00+05:30,36278.8984375,36299.3515625,36276.25,36293.55078125,0,0.0,0.0,^CNXENERGY
2026-02-16 13:20:00+05:30,36292.05078125,36298.5,36273.8515625,36277.19921875,0,0.0,0.0,^CNXENERGY
2026-02-16 13:25:00+05:30,36276.30078125,36291.75,36271.75,36287.25,0,0.0,0.0,^CNXENERGY
2026-02-16 13:30:00+05:30,36289.3984375,36291.6015625,36263.69921875,36286.69921875,0,0.0,0.0,^CNXENERGY
2026-02-16 13:35:00+05:30,36286.55078125,36320.94921875,36285.55078125,36318.30078125,0,0.0,0.0,^CNXENERGY
2026-02-16 13:40:00+05:30,36319.55078125,36322.30078125,36306.44921875,36319.1484375,0,0.0,0.0,^CNXENERGY
2026-02-16 13:45:00+05:30,36319.05078125,36336.80078125,36314.1015625,36330.8984375,0,0.0,0.0,^CNXENERGY
2026-02-16 13:50:00+05:30,36330.1015625,36340.8515625,36309.3984375,36315.19921875,0,0.0,0.0,^CNXENERGY
2026-02-16 13:55:00+05:30,36314.25,36317.69921875,36283.3515625,36302.0,0,0.0,0.0,^CNXENERGY
2026-02-16 14:00:00+05:30,36300.8984375,36316.1015625,36299.0,36300.6484375,0,0.0,0.0,^CNXENERGY
2026-02-16 14:05:00+05:30,36302.80078125,36305.80078125,36273.8515625,36275.1015625,0,0.0,0.0,^CNXENERGY
2026-02-16 14:10:00+05:30,36275.0,36304.0,36274.05078125,36301.44921875,0,0.0,0.0,^CNXENERGY
2026-02-16 14:15:00+05:30,36303.55078125,36306.25,36279.44921875,36281.0,0,0.0,0.0,^CNXENERGY
2026-02-16 14:20:00+05:30,36282.19921875,36303.3515625,36279.8984375,36299.80078125,0,0.0,0.0,^CNXENERGY
2026-02-16 14:25:00+05:30,36299.94921875,36327.05078125,36296.6015625,36321.3984375,0,0.0,0.0,^CNXENERGY
2026-02-16 14:30:00+05:30,36322.05078125,36378.25,36321.6484375,36378.25,0,0.0,0.0,^CNXENERGY
2026-02-16 14:35:00+05:30,36377.8984375,36385.3515625,36340.8984375,36347.44921875,0,0.0,0.0,^CNXENERGY
2026-02-16 14:40:00+05:30,36344.75,36370.5,36344.75,36367.69921875,0,0.0,0.0,^CNXENERGY
2026-02-16 14:45:00+05:30,36366.6484375,36370.6015625,36349.1484375,36366.3984375,0,0.0,0.0,^CNXENERGY
2026-02-16 14:50:00+05:30,36363.6484375,36383.44921875,36355.05078125,36359.6484375,0,0.0,0.0,^CNXENERGY
2026-02-16 14:55:00+05:30,36359.3515625,36401.69921875,36356.1484375,36399.30078125,0,0.0,0.0,^CNXENERGY
2026-02-16 15:00:00+05:30,36399.30078125,36430.44921875,36398.44921875,36405.25,0,0.0,0.0,^CNXENERGY
2026-02-16 15:05:00+05:30,36403.8984375,36409.8984375,36387.44921875,36398.05078125,0,0.0,0.0,^CNXENERGY
2026-02-16 15:10:00+05:30,36399.44921875,36409.5,36389.19921875,36395.44921875,0,0.0,0.0,^CNXENERGY
2026-02-16 15:15:00+05:30,36393.94921875,36398.19921875,36372.0,36378.55078125,0,0.0,0.0,^CNXENERGY
2026-02-16 15:20:00+05:30,36373.25,36379.30078125,36358.5,36371.5,0,0.0,0.0,^CNXENERGY
2026-02-16 15:25:00+05:30,36373.05078125,36388.8515625,36348.94921875,36357.1484375,0,0.0,0.0,^CNXENERGY
2026-02-17 09:15:00+05:30,36363.6484375,36369.1484375,36252.1015625,36328.5,0,0.0,0.0,^CNXENERGY
2026-02-17 09:20:00+05:30,36328.80078125,36338.69921875,36276.8984375,36288.30078125,0,0.0,0.0,^CNXENERGY
2026-02-17 09:25:00+05:30,36288.94921875,36309.05078125,36277.69921875,36288.25,0,0.0,0.0,^CNXENERGY
2026-02-17 09:30:00+05:30,36287.3984375,36296.69921875,36249.75,36281.05078125,0,0.0,0.0,^CNXENERGY
2026-02-17 09:35:00+05:30,36285.30078125,36303.3984375,36257.55078125,36296.80078125,0,0.0,0.0,^CNXENERGY
2026-02-17 09:40:00+05:30,36295.75,36349.05078125,36274.8984375,36348.44921875,0,0.0,0.0,^CNXENERGY
2026-02-17 09:45:00+05:30,36348.30078125,36358.3984375,36334.1015625,36350.5,0,0.0,0.0,^CNXENERGY
2026-02-17 09:50:00+05:30,36351.6015625,36369.6015625,36343.69921875,36357.1484375,0,0.0,0.0,^CNXENERGY
2026-02-17 09:55:00+05:30,36356.80078125,36360.5,36331.44921875,36331.44921875,0,0.0,0.0,^CNXENERGY
2026-02-17 10:00:00+05:30,36332.69921875,36339.1015625,36313.1484375,36316.44921875,0,0.0,0.0,^CNXENERGY
2026-02-17 10:05:00+05:30,36317.25,36318.44921875,36295.75,36310.94921875,0,0.0,0.0,^CNXENERGY
2026-02-17 10:10:00+05:30,36310.30078125,36336.05078125,36288.55078125,36330.6015625,0,0.0,0.0,^CNXENERGY
2026-02-17 10:15:00+05:30,36330.25,36330.25,36292.6015625,36311.75,0,0.0,0.0,^CNXENERGY
2026-02-17 10:20:00+05:30,36311.69921875,36324.19921875,36300.05078125,36306.8984375,0,0.0,0.0,^CNXENERGY
2026-02-17 10:25:00+05:30,36307.1015625,36358.6015625,36303.94921875,36358.19921875,0,0.0,0.0,^CNXENERGY
2026-02-17 10:30:00+05:30,36357.94921875,36361.1015625,36303.75,36310.55078125,0,0.0,0.0,^CNXENERGY
2026-02-17 10:35:00+05:30,36307.94921875,36309.6015625,36286.6484375,36295.6484375,0,0.0,0.0,^CNXENERGY
2026-02-17 10:40:00+05:30,36293.8515625,36295.0,36212.8984375,36220.1015625,0,0.0,0.0,^CNXENERGY
2026-02-17 10:45:00+05:30,36220.6484375,36226.30078125,36172.8984375,36197.94921875,0,0.0,0.0,^CNXENERGY
2026-02-17 10:50:00+05:30,36198.0,36213.44921875,36186.6484375,36213.1484375,0,0.0,0.0,^CNXENERGY
2026-02-17 10:55:00+05:30,36213.6015625,36230.1015625,36208.55078125,36212.55078125,0,0.0,0.0,^CNXENERGY
2026-02-17 11:00:00+05:30,36212.80078125,36214.6015625,36185.44921875,36197.75,0,0.0,0.0,^CNXENERGY
2026-02-17 11:05:00+05:30,36198.0,36212.25,36177.44921875,36211.25,0,0.0,0.0,^CNXENERGY
2026-02-17 11:10:00+05:30,36211.25,36211.94921875,36188.8515625,36197.1015625,0,0.0,0.0,^CNXENERGY
2026-02-17 11:15:00+05:30,36195.05078125,36228.94921875,36187.3515625,36225.30078125,0,0.0,0.0,^CNXENERGY
2026-02-17 11:20:00+05:30,36226.80078125,36232.44921875,36220.8984375,36224.6484375,0,0.0,0.0,^CNXENERGY
2026-02-17 11:25:00+05:30,36225.3984375,36227.19921875,36200.6484375,36202.0,0,0.0,0.0,^CNXENERGY
2026-02-17 11:30:00+05:30,36203.3515625,36213.8984375,36186.1015625,36211.25,0,0.0,0.0,^CNXENERGY
2026-02-17 11:35:00+05:30,36212.0,36242.25,36207.25,36232.94921875,0,0.0,0.0,^CNXENERGY
2026-02-17 11:40:00+05:30,36233.3515625,36240.5,36209.3984375,36216.55078125,0,0.0,0.0,^CNXENERGY
2026-02-17 11:45:00+05:30,36217.5,36235.25,36213.25,36219.6484375,0,0.0,0.0,^CNXENERGY
2026-02-17 11:50:00+05:30,36220.69921875,36226.94921875,36213.3515625,36224.94921875,0,0.0,0.0,^CNXENERGY
2026-02-17 11:55:00+05:30,36225.1015625,36228.8984375,36205.3984375,36214.3515625,0,0.0,0.0,^CNXENERGY
2026-02-17 12:00:00+05:30,36214.5,36232.8984375,36203.5,36205.3515625,0,0.0,0.0,^CNXENERGY
2026-02-17 12:05:00+05:30,36206.5,36231.3984375,36200.8515625,36219.69921875,0,0.0,0.0,^CNXENERGY
2026-02-17 12:10:00+05:30,36219.75,36226.25,36203.19921875,36205.94921875,0,0.0,0.0,^CNXENERGY
2026-02-17 12:15:00+05:30,36205.55078125,36266.5,36205.55078125,36249.6015625,0,0.0,0.0,^CNXENERGY
2026-02-17 12:20:00+05:30,36249.3515625,36277.19921875,36244.6484375,36273.25,0,0.0,0.0,^CNXENERGY
2026-02-17 12:25:00+05:30,36272.19921875,36290.05078125,36268.3984375,36273.3984375,0,0.0,0.0,^CNXENERGY
2026-02-17 12:30:00+05:30,36274.1484375,36315.30078125,36272.69921875,36309.44921875,0,0.0,0.0,^CNXENERGY
2026-02-17 12:35:00+05:30,36307.3515625,36332.6015625,36305.0,36324.75,0,0.0,0.0,^CNXENERGY
2026-02-17 12:40:00+05:30,36324.25,36355.1015625,36314.94921875,36353.8515625,0,0.0,0.0,^CNXENERGY
2026-02-17 12:45:00+05:30,36352.8984375,36358.8984375,36318.1015625,36323.0,0,0.0,0.0,^CNXENERGY
2026-02-17 12:50:00+05:30,36322.80078125,36353.6484375,36315.6015625,36348.55078125,0,0.0,0.0,^CNXENERGY
2026-02-17 12:55:00+05:30,36345.6015625,36350.25,36313.6484375,36320.25,0,0.0,0.0,^CNXENERGY
2026-02-17 13:00:00+05:30,36318.69921875,36329.69921875,36295.6484375,36297.1015625,0,0.0,0.0,^CNXENERGY
2026-02-17 13:05:00+05:30,36295.3984375,36367.8515625,36293.80078125,36366.05078125,0,0.0,0.0,^CNXENERGY
2026-02-17 13:10:00+05:30,36366.1015625,36368.1484375,36322.8984375,36328.94921875,0,0.0,0.0,^CNXENERGY
2026-02-17 13:15:00+05:30,36324.94921875,36344.0,36317.3984375,36339.8984375,0,0.0,0.0,^CNXENERGY
2026-02-17 13:20:00+05:30,36338.1015625,36342.6484375,36329.44921875,36339.3984375,0,0.0,0.0,^CNXENERGY
2026-02-17 13:25:00+05:30,36336.25,36354.1484375,36328.55078125,36351.05078125,0,0.0,0.0,^CNXENERGY
2026-02-17 13:30:00+05:30,36349.1015625,36364.25,36346.3515625,36360.6015625,0,0.0,0.0,^CNXENERGY
2026-02-17 13:35:00+05:30,36363.25,36367.6484375,36339.19921875,36340.69921875,0,0.0,0.0,^CNXENERGY
2026-02-17 13:40:00+05:30,36340.8515625,36349.1015625,36332.25,36339.6015625,0,0.0,0.0,^CNXENERGY
2026-02-17 13:45:00+05:30,36334.5,36346.30078125,36315.05078125,36325.0,0,0.0,0.0,^CNXENERGY
2026-02-17 13:50:00+05:30,36322.5,36323.19921875,36301.3515625,36315.0,0,0.0,0.0,^CNXENERGY
2026-02-17 13:55:00+05:30,36313.8984375,36319.3984375,36291.25,36312.19921875,0,0.0,0.0,^CNXENERGY
2026-02-17 14:00:00+05:30,36312.19921875,36348.75,36305.55078125,36340.8984375,0,0.0,0.0,^CNXENERGY
2026-02-17 14:05:00+05:30,36338.6015625,36356.0,36330.75,36331.19921875,0,0.0,0.0,^CNXENERGY
2026-02-17 14:10:00+05:30,36329.5,36329.5,36277.1015625,36279.0,0,0.0,0.0,^CNXENERGY
2026-02-17 14:15:00+05:30,36278.5,36318.1484375,36267.80078125,36293.30078125,0,0.0,0.0,^CNXENERGY
2026-02-17 14:20:00+05:30,36291.3984375,36317.55078125,36288.1484375,36307.8984375,0,0.0,0.0,^CNXENERGY
2026-02-17 14:25:00+05:30,36307.25,36319.55078125,36284.44921875,36289.44921875,0,0.0,0.0,^CNXENERGY
2026-02-17 14:30:00+05:30,36294.0,36298.55078125,36272.6484375,36294.30078125,0,0.0,0.0,^CNXENERGY
2026-02-17 14:35:00+05:30,36294.80078125,36364.6484375,36290.75,36355.30078125,0,0.0,0.0,^CNXENERGY
2026-02-17 14:40:00+05:30,36357.19921875,36368.6484375,36326.05078125,36327.19921875,0,0.0,0.0,^CNXENERGY
2026-02-17 14:45:00+05:30,36330.30078125,36337.80078125,36315.25,36332.6484375,0,0.0,0.0,^CNXENERGY
2026-02-17 14:50:00+05:30,36336.6484375,36355.69921875,36325.05078125,36349.25,0,0.0,0.0,^CNXENERGY
2026-02-17 14:55:00+05:30,36353.1015625,36373.6015625,36333.3515625,36365.8515625,0,0.0,0.0,^CNXENERGY
2026-02-17 15:00:00+05:30,36378.44921875,36411.75,36378.44921875,36385.80078125,0,0.0,0.0,^CNXENERGY
2026-02-17 15:05:00+05:30,36390.6015625,36407.55078125,36378.75,36402.30078125,0,0.0,0.0,^CNXENERGY
2026-02-17 15:10:00+05:30,36406.30078125,36407.55078125,36387.19921875,36393.55078125,0,0.0,0.0,^CNXENERGY
2026-02-17 15:15:00+05:30,36393.19921875,36400.19921875,36381.5,36389.1484375,0,0.0,0.0,^CNXENERGY
2026-02-17 15:20:00+05:30,36387.8515625,36393.0,36378.94921875,36386.3984375,0,0.0,0.0,^CNXENERGY
2026-02-17 15:25:00+05:30,36386.6484375,36394.25,36371.5,36380.69921875,0,0.0,0.0,^CNXENERGY
2026-02-18 09:15:00+05:30,36375.3984375,36427.94921875,36325.19921875,36356.44921875,0,0.0,0.0,^CNXENERGY
2026-02-18 09:20:00+05:30,36359.44921875,36361.3515625,36305.94921875,36353.19921875,0,0.0,0.0,^CNXENERGY
2026-02-18 09:25:00+05:30,36354.55078125,36391.75,36339.44921875,36364.55078125,0,0.0,0.0,^CNXENERGY
2026-02-18 09:30:00+05:30,36361.0,36366.3515625,36329.19921875,36350.69921875,0,0.0,0.0,^CNXENERGY
2026-02-18 09:35:00+05:30,36346.30078125,36350.1484375,36311.19921875,36341.30078125,0,0.0,0.0,^CNXENERGY
2026-02-18 09:40:00+05:30,36343.1015625,36372.44921875,36327.1015625,36366.1484375,0,0.0,0.0,^CNXENERGY
2026-02-18 09:45:00+05:30,36370.1015625,36376.0,36303.8984375,36319.44921875,0,0.0,0.0,^CNXENERGY
2026-02-18 09:50:00+05:30,36321.5,36322.25,36293.75,36296.55078125,0,0.0,0.0,^CNXENERGY
2026-02-18 09:55:00+05:30,36294.94921875,36297.5,36236.80078125,36244.69921875,0,0.0,0.0,^CNXENERGY
2026-02-18 10:00:00+05:30,36245.19921875,36256.25,36215.55078125,36253.5,0,0.0,0.0,^CNXENERGY
2026-02-18 10:05:00+05:30,36254.80078125,36273.55078125,36240.19921875,36252.55078125,0,0.0,0.0,^CNXENERGY
2026-02-18 10:10:00+05:30,36252.6484375,36263.1015625,36242.05078125,36247.55078125,0,0.0,0.0,^CNXENERGY
2026-02-18 10:15:00+05:30,36248.30078125,36254.3515625,36225.80078125,36247.6484375,0,0.0,0.0,^CNXENERGY
2026-02-18 10:20:00+05:30,36245.6484375,36253.30078125,36230.3515625,36244.1484375,0,0.0,0.0,^CNXENERGY
2026-02-18 10:25:00+05:30,36241.5,36247.30078125,36206.1484375,36236.69921875,0,0.0,0.0,^CNXENERGY
2026-02-18 10:30:00+05:30,36236.8515625,36274.8984375,36228.94921875,36265.5,0,0.0,0.0,^CNXENERGY
2026-02-18 10:35:00+05:30,36264.8984375,36284.80078125,36240.55078125,36240.55078125,0,0.0,0.0,^CNXENERGY
2026-02-18 10:40:00+05:30,36241.8515625,36255.25,36229.6015625,36245.55078125,0,0.0,0.0,^CNXENERGY
2026-02-18 10:45:00+05:30,36245.44921875,36269.0,36235.1484375,36264.0,0,0.0,0.0,^CNXENERGY
2026-02-18 10:50:00+05:30,36263.3984375,36302.44921875,36259.1484375,36294.8984375,0,0.0,0.0,^CNXENERGY
2026-02-18 10:55:00+05:30,36293.8984375,36303.69921875,36291.30078125,36295.19921875,0,0.0,0.0,^CNXENERGY
2026-02-18 11:00:00+05:30,36294.75,36320.30078125,36294.3515625,36317.3515625,0,0.0,0.0,^CNXENERGY
2026-02-18 11:05:00+05:30,36317.30078125,36317.44921875,36297.3515625,36308.25,0,0.0,0.0,^CNXENERGY
2026-02-18 11:10:00+05:30,36305.8984375,36308.8515625,36278.25,36297.8515625,0,0.0,0.0,^CNXENERGY
2026-02-18 11:15:00+05:30,36299.1484375,36300.6484375,36286.30078125,36292.1484375,0,0.0,0.0,^CNXENERGY
2026-02-18 11:20:00+05:30,36297.0,36303.75,36288.5,36291.25,0,0.0,0.0,^CNXENERGY
2026-02-18 11:25:00+05:30,36290.94921875,36310.1484375,36279.75,36297.80078125,0,0.0,0.0,^CNXENERGY
2026-02-18 11:30:00+05:30,36297.6015625,36319.25,36279.55078125,36317.8515625,0,0.0,0.0,^CNXENERGY
2026-02-18 11:35:00+05:30,36314.25,36320.6484375,36293.30078125,36298.55078125,0,0.0,0.0,^CNXENERGY
2026-02-18 11:40:00+05:30,36294.19921875,36315.3984375,36281.5,36312.3984375,0,0.0,0.0,^CNXENERGY
2026-02-18 11:45:00+05:30,36309.5,36328.94921875,36307.25,36323.19921875,0,0.0,0.0,^CNXENERGY
2026-02-18 11:50:00+05:30,36324.69921875,36329.0,36306.94921875,36320.8984375,0,0.0,0.0,^CNXENERGY
2026-02-18 11:55:00+05:30,36317.94921875,36346.75,36307.80078125,36346.75,0,0.0,0.0,^CNXENERGY
2026-02-18 12:00:00+05:30,36347.25,36363.8515625,36345.1015625,36349.25,0,0.0,0.0,^CNXENERGY
2026-02-18 12:05:00+05:30,36348.8984375,36367.6015625,36345.19921875,36364.1015625,0,0.0,0.0,^CNXENERGY
2026-02-18 12:10:00+05:30,36365.1484375,36376.75,36355.69921875,36362.8984375,0,0.0,0.0,^CNXENERGY
2026-02-18 12:15:00+05:30,36361.55078125,36377.19921875,36361.25,36369.94921875,0,0.0,0.0,^CNXENERGY
2026-02-18 12:20:00+05:30,36370.55078125,36394.8984375,36364.44921875,36387.44921875,0,0.0,0.0,^CNXENERGY
2026-02-18 12:25:00+05:30,36388.75,36392.05078125,36368.05078125,36385.69921875,0,0.0,0.0,^CNXENERGY
2026-02-18 12:30:00+05:30,36386.0,36398.05078125,36374.8515625,36390.05078125,0,0.0,0.0,^CNXENERGY
2026-02-18 12:35:00+05:30,36392.55078125,36398.3515625,36381.30078125,36395.75,0,0.0,0.0,^CNXENERGY
2026-02-18 12:40:00+05:30,36396.25,36402.44921875,36383.5,36395.3515625,0,0.0,0.0,^CNXENERGY
2026-02-18 12:45:00+05:30,36392.8515625,36400.75,36381.0,36382.05078125,0,0.0,0.0,^CNXENERGY
2026-02-18 12:50:00+05:30,36381.8515625,36397.80078125,36380.05078125,36390.75,0,0.0,0.0,^CNXENERGY
2026-02-18 12:55:00+05:30,36389.3515625,36402.19921875,36388.05078125,36399.8515625,0,0.0,0.0,^CNXENERGY
2026-02-18 13:00:00+05:30,36398.44921875,36426.75,36397.94921875,36424.80078125,0,0.0,0.0,^CNXENERGY
2026-02-18 13:05:00+05:30,36424.5,36431.80078125,36418.6484375,36428.44921875,0,0.0,0.0,^CNXENERGY
2026-02-18 13:10:00+05:30,36427.25,36443.6484375,36417.3515625,36438.3515625,0,0.0,0.0,^CNXENERGY
2026-02-18 13:15:00+05:30,36437.44921875,36452.25,36430.5,36443.3515625,0,0.0,0.0,^CNXENERGY
2026-02-18 13:20:00+05:30,36445.80078125,36472.94921875,36445.80078125,36463.69921875,0,0.0,0.0,^CNXENERGY
2026-02-18 13:25:00+05:30,36461.75,36467.3515625,36450.94921875,36456.30078125,0,0.0,0.0,^CNXENERGY
2026-02-18 13:30:00+05:30,36456.75,36459.6015625,36448.30078125,36457.0,0,0.0,0.0,^CNXENERGY
2026-02-18 13:35:00+05:30,36455.44921875,36475.3984375,36451.80078125,36469.8984375,0,0.0,0.0,^CNXENERGY
2026-02-18 13:40:00+05:30,36468.69921875,36481.44921875,36460.44921875,36467.6484375,0,0.0,0.0,^CNXENERGY
2026-02-18 13:45:00+05:30,36467.1015625,36485.1015625,36462.25,36478.1484375,0,0.0,0.0,^CNXENERGY
2026-02-18 13:50:00+05:30,36478.55078125,36495.30078125,36445.3984375,36447.1484375,0,0.0,0.0,^CNXENERGY
2026-02-18 13:55:00+05:30,36446.25,36475.05078125,36439.0,36469.3984375,0,0.0,0.0,^CNXENERGY
2026-02-18 14:00:00+05:30,36469.0,36479.3515625,36458.0,36476.80078125,0,0.0,0.0,^CNXENERGY
2026-02-18 14:05:00+05:30,36476.1015625,36486.80078125,36473.55078125,36485.6484375,0,0.0,0.0,^CNXENERGY
2026-02-18 14:10:00+05:30,36485.0,36506.69921875,36482.1484375,36499.55078125,0,0.0,0.0,^CNXENERGY
2026-02-18 14:15:00+05:30,36499.5,36520.75,36497.75,36520.19921875,0,0.0,0.0,^CNXENERGY
2026-02-18 14:20:00+05:30,36517.30078125,36532.8515625,36509.3515625,36513.5,0,0.0,0.0,^CNXENERGY
2026-02-18 14:25:00+05:30,36509.44921875,36515.1484375,36487.8984375,36496.8515625,0,0.0,0.0,^CNXENERGY
2026-02-18 14:30:00+05:30,36494.75,36502.3515625,36478.0,36480.8984375,0,0.0,0.0,^CNXENERGY
2026-02-18 14:35:00+05:30,36478.6484375,36497.5,36469.44921875,36473.05078125,0,0.0,0.0,^CNXENERGY
2026-02-18 14:40:00+05:30,36470.8984375,36479.0,36460.69921875,36470.44921875,0,0.0,0.0,^CNXENERGY
2026-02-18 14:45:00+05:30,36469.1484375,36476.55078125,36455.80078125,36476.3984375,0,0.0,0.0,^CNXENERGY
2026-02-18 14:50:00+05:30,36473.3515625,36503.05078125,36470.3984375,36499.6484375,0,0.0,0.0,^CNXENERGY
2026-02-18 14:55:00+05:30,36498.0,36532.30078125,36498.0,36521.1484375,0,0.0,0.0,^CNXENERGY
2026-02-18 15:00:00+05:30,36527.44921875,36575.5,36527.44921875,36542.55078125,0,0.0,0.0,^CNXENERGY
2026-02-18 15:05:00+05:30,36543.6484375,36554.0,36534.05078125,36550.94921875,0,0.0,0.0,^CNXENERGY
2026-02-18 15:10:00+05:30,36554.6015625,36554.6015625,36521.94921875,36526.6015625,0,0.0,0.0,^CNXENERGY
2026-02-18 15:15:00+05:30,36529.6015625,36531.19921875,36516.1015625,36516.75,0,0.0,0.0,^CNXENERGY
2026-02-18 15:20:00+05:30,36516.8515625,36522.6015625,36485.3515625,36494.1015625,0,0.0,0.0,^CNXENERGY
2026-02-18 15:25:00+05:30,36493.25,36495.8984375,36469.8984375,36485.6484375,0,0.0,0.0,^CNXENERGY
2026-02-19 09:15:00+05:30,36610.55078125,36618.80078125,36501.30078125,36557.75,0,0.0,0.0,^CNXENERGY
2026-02-19 09:20:00+05:30,36558.80078125,36670.1015625,36551.1484375,36623.44921875,0,0.0,0.0,^CNXENERGY
2026-02-19 09:25:00+05:30,36623.6015625,36628.94921875,36539.05078125,36541.19921875,0,0.0,0.0,^CNXENERGY
2026-02-19 09:30:00+05:30,36541.8515625,36551.3515625,36523.8984375,36528.1484375,0,0.0,0.0,^CNXENERGY
2026-02-19 09:35:00+05:30,36528.75,36567.0,36497.75,36506.19921875,0,0.0,0.0,^CNXENERGY
2026-02-19 09:40:00+05:30,36507.55078125,36514.6484375,36466.8515625,36476.55078125,0,0.0,0.0,^CNXENERGY
2026-02-19 09:45:00+05:30,36476.6015625,36506.69921875,36458.44921875,36490.3515625,0,0.0,0.0,^CNXENERGY
2026-02-19 09:50:00+05:30,36491.1484375,36491.8984375,36446.6015625,36449.6484375,0,0.0,0.0,^CNXENERGY
2026-02-19 09:55:00+05:30,36453.0,36466.1015625,36426.75,36430.1015625,0,0.0,0.0,^CNXENERGY
2026-02-19 10:00:00+05:30,36431.6484375,36435.6484375,36379.8515625,36415.6484375,0,0.0,0.0,^CNXENERGY
2026-02-19 10:05:00+05:30,36416.19921875,36427.55078125,36378.1015625,36379.5,0,0.0,0.0,^CNXENERGY
2026-02-19 10:10:00+05:30,36377.75,36387.1484375,36337.5,36337.5,0,0.0,0.0,^CNXENERGY
2026-02-19 10:15:00+05:30,36340.19921875,36364.6484375,36309.3515625,36343.55078125,0,0.0,0.0,^CNXENERGY
2026-02-19 10:20:00+05:30,36342.6484375,36358.1484375,36327.94921875,36340.0,0,0.0,0.0,^CNXENERGY
2026-02-19 10:25:00+05:30,36340.30078125,36349.69921875,36311.0,36339.3515625,0,0.0,0.0,^CNXENERGY
2026-02-19 10:30:00+05:30,36338.55078125,36343.44921875,36317.19921875,36323.3515625,0,0.0,0.0,^CNXENERGY
2026-02-19 10:35:00+05:30,36322.80078125,36323.6015625,36270.30078125,36272.5,0,0.0,0.0,^CNXENERGY
2026-02-19 10:40:00+05:30,36270.05078125,36329.8515625,36266.8984375,36319.94921875,0,0.0,0.0,^CNXENERGY
2026-02-19 10:45:00+05:30,36320.05078125,36330.69921875,36294.25,36312.8515625,0,0.0,0.0,^CNXENERGY
2026-02-19 10:50:00+05:30,36311.8515625,36348.3515625,36307.8515625,36348.3515625,0,0.0,0.0,^CNXENERGY
2026-02-19 10:55:00+05:30,36346.94921875,36381.94921875,36320.75,36370.75,0,0.0,0.0,^CNXENERGY
2026-02-19 11:00:00+05:30,36370.5,36372.3984375,36339.94921875,36352.30078125,0,0.0,0.0,^CNXENERGY
2026-02-19 11:05:00+05:30,36351.8984375,36376.0,36342.80078125,36354.55078125,0,0.0,0.0,^CNXENERGY
2026-02-19 11:10:00+05:30,36354.5,36389.8984375,36351.6484375,36360.44921875,0,0.0,0.0,^CNXENERGY
2026-02-19 11:15:00+05:30,36361.44921875,36365.3515625,36327.44921875,36332.94921875,0,0.0,0.0,^CNXENERGY
2026-02-19 11:20:00+05:30,36332.19921875,36355.75,36316.75,36319.8984375,0,0.0,0.0,^CNXENERGY
2026-02-19 11:25:00+05:30,36319.94921875,36339.55078125,36317.30078125,36330.30078125,0,0.0,0.0,^CNXENERGY
2026-02-19 11:30:00+05:30,36332.1015625,36346.75,36325.80078125,36337.3515625,0,0.0,0.0,^CNXENERGY
2026-02-19 11:35:00+05:30,36339.0,36340.8984375,36297.05078125,36302.25,0,0.0,0.0,^CNXENERGY
2026-02-19 11:40:00+05:30,36301.8984375,36309.75,36283.3984375,36297.6484375,0,0.0,0.0,^CNXENERGY
2026-02-19 11:45:00+05:30,36298.80078125,36300.55078125,36268.25,36275.19921875,0,0.0,0.0,^CNXENERGY
2026-02-19 11:50:00+05:30,36275.1015625,36284.75,36264.94921875,36273.8984375,0,0.0,0.0,^CNXENERGY
2026-02-19 11:55:00+05:30,36275.3515625,36283.8515625,36257.44921875,36274.80078125,0,0.0,0.0,^CNXENERGY
2026-02-19 12:00:00+05:30,36275.1015625,36278.3515625,36240.55078125,36241.8984375,0,0.0,0.0,^CNXENERGY
2026-02-19 12:05:00+05:30,36242.55078125,36262.6015625,36227.6015625,36229.1484375,0,0.0,0.0,^CNXENERGY
2026-02-19 12:10:00+05:30,36225.5,36225.5,36192.94921875,36198.6015625,0,0.0,0.0,^CNXENERGY
2026-02-19 12:15:00+05:30,36196.80078125,36231.5,36188.3515625,36224.80078125,0,0.0,0.0,^CNXENERGY
2026-02-19 12:20:00+05:30,36223.25,36260.8984375,36222.75,36252.3984375,0,0.0,0.0,^CNXENERGY
2026-02-19 12:25:00+05:30,36248.1484375,36267.44921875,36230.8515625,36260.05078125,0,0.0,0.0,^CNXENERGY
2026-02-19 12:30:00+05:30,36256.30078125,36266.44921875,36228.5,36236.1015625,0,0.0,0.0,^CNXENERGY
2026-02-19 12:35:00+05:30,36238.0,36252.6484375,36216.55078125,36220.69921875,0,0.0,0.0,^CNXENERGY
2026-02-19 12:40:00+05:30,36220.94921875,36234.3984375,36194.8515625,36212.80078125,0,0.0,0.0,^CNXENERGY
2026-02-19 12:45:00+05:30,36211.6484375,36238.6015625,36204.8515625,36237.0,0,0.0,0.0,^CNXENERGY
2026-02-19 12:50:00+05:30,36239.8515625,36261.5,36230.8984375,36242.1015625,0,0.0,0.0,^CNXENERGY
2026-02-19 12:55:00+05:30,36242.6484375,36254.6484375,36235.55078125,36250.0,0,0.0,0.0,^CNXENERGY
2026-02-19 13:00:00+05:30,36249.44921875,36271.25,36243.5,36250.8984375,0,0.0,0.0,^CNXENERGY
2026-02-19 13:05:00+05:30,36252.6015625,36284.3984375,36252.6015625,36284.3984375,0,0.0,0.0,^CNXENERGY
2026-02-19 13:10:00+05:30,36282.0,36306.1015625,36282.0,36305.0,0,0.0,0.0,^CNXENERGY
2026-02-19 13:15:00+05:30,36305.3984375,36305.3984375,36279.19921875,36295.25,0,0.0,0.0,^CNXENERGY
2026-02-19 13:20:00+05:30,36292.6015625,36331.1484375,36288.1484375,36325.55078125,0,0.0,0.0,^CNXENERGY
2026-02-19 13:25:00+05:30,36326.44921875,36336.44921875,36286.5,36316.6484375,0,0.0,0.0,^CNXENERGY
2026-02-19 13:30:00+05:30,36316.3984375,36317.3515625,36238.8984375,36252.25,0,0.0,0.0,^CNXENERGY
2026-02-19 13:35:00+05:30,36252.80078125,36284.80078125,36243.44921875,36271.05078125,0,0.0,0.0,^CNXENERGY
2026-02-19 13:40:00+05:30,36268.05078125,36300.19921875,36268.05078125,36279.69921875,0,0.0,0.0,^CNXENERGY
2026-02-19 13:45:00+05:30,36277.94921875,36315.19921875,36273.75,36278.25,0,0.0,0.0,^CNXENERGY
2026-02-19 13:50:00+05:30,36275.3984375,36287.8984375,36253.6484375,36265.19921875,0,0.0,0.0,^CNXENERGY
2026-02-19 13:55:00+05:30,36267.6015625,36273.1484375,36256.3984375,36262.1015625,0,0.0,0.0,^CNXENERGY
2026-02-19 14:00:00+05:30,36260.3515625,36273.19921875,36243.8984375,36253.19921875,0,0.0,0.0,^CNXENERGY
2026-02-19 14:05:00+05:30,36255.44921875,36264.30078125,36231.1484375,36263.75,0,0.0,0.0,^CNXENERGY
2026-02-19 14:10:00+05:30,36261.05078125,36280.94921875,36249.55078125,36249.55078125,0,0.0,0.0,^CNXENERGY
2026-02-19 14:15:00+05:30,36251.6015625,36297.3515625,36247.5,36293.30078125,0,0.0,0.0,^CNXENERGY
2026-02-19 14:20:00+05:30,36296.25,36320.0,36274.25,36295.8984375,0,0.0,0.0,^CNXENERGY
2026-02-19 14:25:00+05:30,36291.8984375,36295.44921875,36236.8515625,36242.1015625,0,0.0,0.0,^CNXENERGY
2026-02-19 14:30:00+05:30,36242.69921875,36284.8984375,36242.69921875,36268.3984375,0,0.0,0.0,^CNXENERGY
2026-02-19 14:35:00+05:30,36266.0,36287.55078125,36256.25,36276.19921875,0,0.0,0.0,^CNXENERGY
2026-02-19 14:40:00+05:30,36278.5,36301.1484375,36225.44921875,36226.30078125,0,0.0,0.0,^CNXENERGY
2026-02-19 14:45:00+05:30,36226.44921875,36258.69921875,36214.94921875,36255.0,0,0.0,0.0,^CNXENERGY
2026-02-19 14:50:00+05:30,36250.55078125,36276.0,36236.55078125,36258.55078125,0,0.0,0.0,^CNXENERGY
2026-02-19 14:55:00+05:30,36256.1484375,36294.25,36243.69921875,36276.6484375,0,0.0,0.0,^CNXENERGY
2026-02-19 15:00:00+05:30,36275.8984375,36275.8984375,36167.25,36184.25,0,0.0,0.0,^CNXENERGY
2026-02-19 15:05:00+05:30,36180.8984375,36187.69921875,36105.6015625,36140.30078125,0,0.0,0.0,^CNXENERGY
2026-02-19 15:10:00+05:30,36137.05078125,36148.44921875,36096.44921875,36100.6484375,0,0.0,0.0,^CNXENERGY
2026-02-19 15:15:00+05:30,36102.55078125,36102.55078125,36024.05078125,36029.8984375,0,0.0,0.0,^CNXENERGY
2026-02-19 15:20:00+05:30,36031.30078125,36031.30078125,35993.94921875,36029.1015625,0,0.0,0.0,^CNXENERGY
2026-02-19 15:25:00+05:30,36026.5,36039.8515625,35997.44921875,36031.55078125,0,0.0,0.0,^CNXENERGY
2026-02-20 09:15:00+05:30,36112.1484375,36292.5,36112.1484375,36237.1015625,0,0.0,0.0,^CNXENERGY
2026-02-20 09:20:00+05:30,36242.75,36316.30078125,36215.44921875,36257.6484375,0,0.0,0.0,^CNXENERGY
2026-02-20 09:25:00+05:30,36254.80078125,36257.1484375,36150.25,36150.25,0,0.0,0.0,^CNXENERGY
2026-02-20 09:30:00+05:30,36157.8984375,36326.30078125,36153.3984375,36320.80078125,0,0.0,0.0,^CNXENERGY
2026-02-20 09:35:00+05:30,36325.5,36380.0,36324.1015625,36340.6484375,0,0.0,0.0,^CNXENERGY
2026-02-20 09:40:00+05:30,36340.94921875,36365.6015625,36309.80078125,36346.1484375,0,0.0,0.0,^CNXENERGY
2026-02-20 09:45:00+05:30,36343.1484375,36418.5,36338.30078125,36382.3515625,0,0.0,0.0,^CNXENERGY
2026-02-20 09:50:00+05:30,36383.6484375,36401.5,36352.69921875,36360.3984375,0,0.0,0.0,^CNXENERGY
2026-02-20 09:55:00+05:30,36360.30078125,36378.69921875,36358.0,36371.69921875,0,0.0,0.0,^CNXENERGY
2026-02-20 10:00:00+05:30,36372.1015625,36378.6015625,36312.1015625,36316.44921875,0,0.0,0.0,^CNXENERGY
2026-02-20 10:05:00+05:30,36315.80078125,36328.5,36259.75,36269.05078125,0,0.0,0.0,^CNXENERGY
2026-02-20 10:10:00+05:30,36266.6015625,36314.44921875,36263.3515625,36272.80078125,0,0.0,0.0,^CNXENERGY
2026-02-20 10:15:00+05:30,36275.3515625,36369.1015625,36275.3515625,36355.94921875,0,0.0,0.0,^CNXENERGY
2026-02-20 10:20:00+05:30,36357.8515625,36381.6484375,36342.80078125,36366.30078125,0,0.0,0.0,^CNXENERGY
2026-02-20 10:25:00+05:30,36371.05078125,36404.80078125,36357.6015625,36367.5,0,0.0,0.0,^CNXENERGY
2026-02-20 10:30:00+05:30,36368.1484375,36405.30078125,36367.55078125,36391.3984375,0,0.0,0.0,^CNXENERGY
2026-02-20 10:35:00+05:30,36391.5,36435.05078125,36385.3984375,36433.55078125,0,0.0,0.0,^CNXENERGY
2026-02-20 10:40:00+05:30,36434.75,36487.80078125,36429.5,36485.6015625,0,0.0,0.0,^CNXENERGY
2026-02-20 10:45:00+05:30,36488.44921875,36504.30078125,36450.55078125,36465.44921875,0,0.0,0.0,^CNXENERGY
2026-02-20 10:50:00+05:30,36466.25,36475.55078125,36449.30078125,36465.30078125,0,0.0,0.0,^CNXENERGY
2026-02-20 10:55:00+05:30,36464.3515625,36475.19921875,36439.75,36450.30078125,0,0.0,0.0,^CNXENERGY
2026-02-20 11:00:00+05:30,36449.19921875,36477.5,36445.30078125,36467.6015625,0,0.0,0.0,^CNXENERGY
2026-02-20 11:05:00+05:30,36466.44921875,36476.8984375,36456.6484375,36469.69921875,0,0.0,0.0,^CNXENERGY
2026-02-20 11:10:00+05:30,36469.30078125,36471.6015625,36436.25,36440.25,0,0.0,0.0,^CNXENERGY
2026-02-20 11:15:00+05:30,36438.69921875,36480.55078125,36438.44921875,36464.6484375,0,0.0,0.0,^CNXENERGY
2026-02-20 11:20:00+05:30,36466.6015625,36495.75,36463.3515625,36488.69921875,0,0.0,0.0,^CNXENERGY
2026-02-20 11:25:00+05:30,36486.80078125,36522.5,36480.0,36517.19921875,0,0.0,0.0,^CNXENERGY
2026-02-20 11:30:00+05:30,36515.75,36546.3984375,36513.30078125,36544.25,0,0.0,0.0,^CNXENERGY
2026-02-20 11:35:00+05:30,36544.0,36550.1484375,36526.55078125,36533.0,0,0.0,0.0,^CNXENERGY
2026-02-20 11:40:00+05:30,36534.44921875,36550.6484375,36525.6484375,36550.6484375,0,0.0,0.0,^CNXENERGY
2026-02-20 11:45:00+05:30,36550.44921875,36584.94921875,36537.19921875,36539.8984375,0,0.0,0.0,^CNXENERGY
2026-02-20 11:50:00+05:30,36539.69921875,36570.6015625,36530.5,36533.8515625,0,0.0,0.0,^CNXENERGY
2026-02-20 11:55:00+05:30,36537.94921875,36567.25,36533.05078125,36543.8984375,0,0.0,0.0,^CNXENERGY
2026-02-20 12:00:00+05:30,36541.5,36555.25,36516.6484375,36553.1015625,0,0.0,0.0,^CNXENERGY
2026-02-20 12:05:00+05:30,36552.3984375,36581.6015625,36548.8984375,36581.05078125,0,0.0,0.0,^CNXENERGY
2026-02-20 12:10:00+05:30,36579.75,36596.30078125,36573.25,36590.75,0,0.0,0.0,^CNXENERGY
2026-02-20 12:15:00+05:30,36591.44921875,36626.6484375,36582.19921875,36619.30078125,0,0.0,0.0,^CNXENERGY
2026-02-20 12:20:00+05:30,36623.3984375,36639.3984375,36617.80078125,36622.30078125,0,0.0,0.0,^CNXENERGY
2026-02-20 12:25:00+05:30,36624.0,36643.3515625,36620.0,36624.1484375,0,0.0,0.0,^CNXENERGY
2026-02-20 12:30:00+05:30,36627.75,36635.19921875,36620.8515625,36631.1484375,0,0.0,0.0,^CNXENERGY
2026-02-20 12:35:00+05:30,36634.30078125,36647.25,36626.8515625,36633.8984375,0,0.0,0.0,^CNXENERGY
2026-02-20 12:40:00+05:30,36635.05078125,36645.3515625,36593.3984375,36597.19921875,0,0.0,0.0,^CNXENERGY
2026-02-20 12:45:00+05:30,36597.8984375,36607.30078125,36575.19921875,36585.3984375,0,0.0,0.0,^CNXENERGY
2026-02-20 12:50:00+05:30,36585.1015625,36595.3984375,36571.5,36592.05078125,0,0.0,0.0,^CNXENERGY
2026-02-20 12:55:00+05:30,36594.19921875,36596.5,36533.3984375,36574.69921875,0,0.0,0.0,^CNXENERGY
2026-02-20 13:00:00+05:30,36575.19921875,36601.0,36555.94921875,36563.0,0,0.0,0.0,^CNXENERGY
2026-02-20 13:05:00+05:30,36565.1484375,36565.1484375,36497.8515625,36498.3515625,0,0.0,0.0,^CNXENERGY
2026-02-20 13:10:00+05:30,36498.55078125,36515.3515625,36467.6484375,36506.94921875,0,0.0,0.0,^CNXENERGY
2026-02-20 13:15:00+05:30,36506.5,36507.30078125,36470.25,36495.5,0,0.0,0.0,^CNXENERGY
2026-02-20 13:20:00+05:30,36495.6484375,36532.05078125,36492.3515625,36528.55078125,0,0.0,0.0,^CNXENERGY
2026-02-20 13:25:00+05:30,36528.25,36555.30078125,36519.3984375,36543.5,0,0.0,0.0,^CNXENERGY
2026-02-20 13:30:00+05:30,36545.0,36575.5,36540.19921875,36570.44921875,0,0.0,0.0,^CNXENERGY
2026-02-20 13:35:00+05:30,36569.8984375,36594.5,36557.75,36565.75,0,0.0,0.0,^CNXENERGY
2026-02-20 13:40:00+05:30,36571.19921875,36585.6484375,36543.1484375,36582.19921875,0,0.0,0.0,^CNXENERGY
2026-02-20 13:45:00+05:30,36585.75,36604.6015625,36579.8984375,36583.3984375,0,0.0,0.0,^CNXENERGY
2026-02-20 13:50:00+05:30,36587.30078125,36617.94921875,36576.3984375,36576.3984375,0,0.0,0.0,^CNXENERGY
2026-02-20 13:55:00+05:30,36577.80078125,36622.05078125,36575.6484375,36613.0,0,0.0,0.0,^CNXENERGY
2026-02-20 14:00:00+05:30,36616.55078125,36636.30078125,36610.3984375,36613.80078125,0,0.0,0.0,^CNXENERGY
2026-02-20 14:05:00+05:30,36614.6015625,36648.1015625,36599.6015625,36625.5,0,0.0,0.0,^CNXENERGY
2026-02-20 14:10:00+05:30,36627.25,36634.25,36617.1484375,36622.3515625,0,0.0,0.0,^CNXENERGY
2026-02-20 14:15:00+05:30,36627.5,36651.6484375,36625.8984375,36651.1015625,0,0.0,0.0,^CNXENERGY
2026-02-20 14:20:00+05:30,36653.05078125,36654.6484375,36604.69921875,36609.3515625,0,0.0,0.0,^CNXENERGY
2026-02-20 14:25:00+05:30,36609.05078125,36619.6015625,36591.30078125,36592.30078125,0,0.0,0.0,^CNXENERGY
2026-02-20 14:30:00+05:30,36592.30078125,36618.55078125,36587.5,36606.6015625,0,0.0,0.0,^CNXENERGY
2026-02-20 14:35:00+05:30,36608.1015625,36622.3984375,36554.1484375,36565.69921875,0,0.0,0.0,^CNXENERGY
2026-02-20 14:40:00+05:30,36565.30078125,36597.80078125,36557.1015625,36583.3515625,0,0.0,0.0,^CNXENERGY
2026-02-20 14:45:00+05:30,36584.55078125,36617.25,36584.55078125,36612.6015625,0,0.0,0.0,^CNXENERGY
2026-02-20 14:50:00+05:30,36614.1015625,36616.8515625,36575.6484375,36609.3984375,0,0.0,0.0,^CNXENERGY
2026-02-20 14:55:00+05:30,36607.3515625,36628.3515625,36595.1015625,36628.3515625,0,0.0,0.0,^CNXENERGY
2026-02-20 15:00:00+05:30,36634.94921875,36670.69921875,36610.25,36615.8984375,0,0.0,0.0,^CNXENERGY
2026-02-20 15:05:00+05:30,36615.05078125,36617.05078125,36572.5,36581.05078125,0,0.0,0.0,^CNXENERGY
2026-02-20 15:10:00+05:30,36584.30078125,36584.94921875,36547.1015625,36575.94921875,0,0.0,0.0,^CNXENERGY
2026-02-20 15:15:00+05:30,36577.55078125,36579.8984375,36556.3515625,36560.55078125,0,0.0,0.0,^CNXENERGY
2026-02-20 15:20:00+05:30,36562.5,36574.19921875,36545.30078125,36565.0,0,0.0,0.0,^CNXENERGY
2026-02-20 15:25:00+05:30,36566.8515625,36583.30078125,36544.75,36552.1484375,0,0.0,0.0,^CNXENERGY
2026-02-23 09:15:00+05:30,36756.5,36760.6484375,36568.69921875,36633.8515625,0,0.0,0.0,^CNXENERGY
2026-02-23 09:20:00+05:30,36633.6015625,36690.30078125,36596.75,36677.44921875,0,0.0,0.0,^CNXENERGY
2026-02-23 09:25:00+05:30,36675.55078125,36711.55078125,36658.3515625,36699.6015625,0,0.0,0.0,^CNXENERGY
2026-02-23 09:30:00+05:30,36699.05078125,36713.8984375,36636.75,36679.3984375,0,0.0,0.0,^CNXENERGY
2026-02-23 09:35:00+05:30,36681.55078125,36731.0,36674.1484375,36686.80078125,0,0.0,0.0,^CNXENERGY
2026-02-23 09:40:00+05:30,36684.94921875,36725.69921875,36677.6015625,36706.25,0,0.0,0.0,^CNXENERGY
2026-02-23 09:45:00+05:30,36707.6015625,36726.80078125,36696.25,36714.0,0,0.0,0.0,^CNXENERGY
2026-02-23 09:50:00+05:30,36713.8984375,36716.80078125,36661.1015625,36674.94921875,0,0.0,0.0,^CNXENERGY
2026-02-23 09:55:00+05:30,36676.75,36698.0,36657.1484375,36665.5,0,0.0,0.0,^CNXENERGY
2026-02-23 10:00:00+05:30,36666.8515625,36669.3515625,36650.6484375,36657.69921875,0,0.0,0.0,^CNXENERGY
2026-02-23 10:05:00+05:30,36660.5,36674.8984375,36637.55078125,36672.3515625,0,0.0,0.0,^CNXENERGY
2026-02-23 10:10:00+05:30,36672.3984375,36672.75,36625.80078125,36640.3515625,0,0.0,0.0,^CNXENERGY
2026-02-23 10:15:00+05:30,36641.1015625,36659.30078125,36625.94921875,36656.69921875,0,0.0,0.0,^CNXENERGY
2026-02-23 10:20:00+05:30,36657.1015625,36683.94921875,36646.19921875,36675.44921875,0,0.0,0.0,^CNXENERGY
2026-02-23 10:25:00+05:30,36672.94921875,36677.19921875,36619.19921875,36626.1484375,0,0.0,0.0,^CNXENERGY
2026-02-23 10:30:00+05:30,36626.1484375,36635.44921875,36600.8515625,36626.6015625,0,0.0,0.0,^CNXENERGY
2026-02-23 10:35:00+05:30,36626.44921875,36627.6015625,36594.69921875,36603.1484375,0,0.0,0.0,^CNXENERGY
2026-02-23 10:40:00+05:30,36602.30078125,36604.30078125,36556.3515625,36559.3984375,0,0.0,0.0,^CNXENERGY
2026-02-23 10:45:00+05:30,36557.8984375,36565.44921875,36526.30078125,36541.94921875,0,0.0,0.0,^CNXENERGY
2026-02-23 10:50:00+05:30,36539.25,36596.0,36536.75,36578.05078125,0,0.0,0.0,^CNXENERGY
2026-02-23 10:55:00+05:30,36577.3515625,36609.25,36566.80078125,36599.0,0,0.0,0.0,^CNXENERGY
2026-02-23 11:00:00+05:30,36599.75,36630.6015625,36593.5,36611.6484375,0,0.0,0.0,^CNXENERGY
2026-02-23 11:05:00+05:30,36610.1484375,36613.30078125,36566.1484375,36592.3984375,0,0.0,0.0,^CNXENERGY
2026-02-23 11:10:00+05:30,36592.05078125,36614.05078125,36588.44921875,36607.0,0,0.0,0.0,^CNXENERGY
2026-02-23 11:15:00+05:30,36604.6015625,36625.19921875,36578.8984375,36580.8515625,0,0.0,0.0,^CNXENERGY
2026-02-23 11:20:00+05:30,36581.19921875,36591.94921875,36553.69921875,36555.8515625,0,0.0,0.0,^CNXENERGY
2026-02-23 11:25:00+05:30,36555.30078125,36564.0,36534.0,36555.8984375,0,0.0,0.0,^CNXENERGY
2026-02-23 11:30:00+05:30,36554.55078125,36554.55078125,36539.6484375,36541.19921875,0,0.0,0.0,^CNXENERGY
2026-02-23 11:35:00+05:30,36541.55078125,36576.19921875,36524.75,36575.05078125,0,0.0,0.0,^CNXENERGY
2026-02-23 11:40:00+05:30,36578.1015625,36579.5,36550.30078125,36562.69921875,0,0.0,0.0,^CNXENERGY
2026-02-23 11:45:00+05:30,36562.69921875,36566.44921875,36513.69921875,36521.6484375,0,0.0,0.0,^CNXENERGY
2026-02-23 11:50:00+05:30,36523.05078125,36563.69921875,36505.6015625,36553.55078125,0,0.0,0.0,^CNXENERGY
2026-02-23 11:55:00+05:30,36554.3515625,36560.1015625,36518.8984375,36519.44921875,0,0.0,0.0,^CNXENERGY
2026-02-23 12:00:00+05:30,36521.8984375,36554.80078125,36521.5,36539.1015625,0,0.0,0.0,^CNXENERGY
2026-02-23 12:05:00+05:30,36539.3984375,36564.8984375,36535.69921875,36546.5,0,0.0,0.0,^CNXENERGY
2026-02-23 12:10:00+05:30,36546.6484375,36551.44921875,36523.25,36545.30078125,0,0.0,0.0,^CNXENERGY
2026-02-23 12:15:00+05:30,36544.8515625,36583.25,36541.80078125,36569.44921875,0,0.0,0.0,^CNXENERGY
2026-02-23 12:20:00+05:30,36571.30078125,36590.1484375,36551.25,36553.80078125,0,0.0,0.0,^CNXENERGY
2026-02-23 12:25:00+05:30,36556.30078125,36561.8984375,36534.5,36547.6484375,0,0.0,0.0,^CNXENERGY
2026-02-23 12:30:00+05:30,36550.5,36554.1015625,36516.19921875,36519.6484375,0,0.0,0.0,^CNXENERGY
2026-02-23 12:35:00+05:30,36521.25,36545.69921875,36516.30078125,36538.94921875,0,0.0,0.0,^CNXENERGY
2026-02-23 12:40:00+05:30,36539.3984375,36571.80078125,36534.94921875,36569.6484375,0,0.0,0.0,^CNXENERGY
2026-02-23 12:45:00+05:30,36569.25,36583.30078125,36555.44921875,36555.75,0,0.0,0.0,^CNXENERGY
2026-02-23 12:50:00+05:30,36556.0,36569.05078125,36535.0,36564.75,0,0.0,0.0,^CNXENERGY
2026-02-23 12:55:00+05:30,36566.25,36572.3984375,36546.8515625,36551.6015625,0,0.0,0.0,^CNXENERGY
2026-02-23 13:00:00+05:30,36550.80078125,36577.75,36547.94921875,36555.8984375,0,0.0,0.0,^CNXENERGY
2026-02-23 13:05:00+05:30,36557.8515625,36581.6015625,36552.8515625,36574.94921875,0,0.0,0.0,^CNXENERGY
2026-02-23 13:10:00+05:30,36574.6484375,36576.3515625,36549.75,36553.80078125,0,0.0,0.0,^CNXENERGY
2026-02-23 13:15:00+05:30,36555.5,36575.8515625,36548.80078125,36561.3984375,0,0.0,0.0,^CNXENERGY
2026-02-23 13:20:00+05:30,36560.6015625,36564.19921875,36538.1015625,36546.69921875,0,0.0,0.0,^CNXENERGY
2026-02-23 13:25:00+05:30,36546.94921875,36577.55078125,36544.19921875,36571.3515625,0,0.0,0.0,^CNXENERGY
2026-02-23 13:30:00+05:30,36572.69921875,36596.6484375,36553.30078125,36558.3515625,0,0.0,0.0,^CNXENERGY
2026-02-23 13:35:00+05:30,36559.5,36589.69921875,36553.8984375,36584.6484375,0,0.0,0.0,^CNXENERGY
2026-02-23 13:40:00+05:30,36587.3515625,36626.69921875,36573.80078125,36619.3984375,0,0.0,0.0,^CNXENERGY
2026-02-23 13:45:00+05:30,36620.0,36623.6484375,36598.1484375,36600.05078125,0,0.0,0.0,^CNXENERGY
2026-02-23 13:50:00+05:30,36600.6015625,36617.3515625,36598.19921875,36599.25,0,0.0,0.0,^CNXENERGY
2026-02-23 13:55:00+05:30,36599.8984375,36603.19921875,36579.1015625,36583.44921875,0,0.0,0.0,^CNXENERGY
2026-02-23 14:00:00+05:30,36586.5,36589.5,36527.3515625,36539.19921875,0,0.0,0.0,^CNXENERGY
2026-02-23 14:05:00+05:30,36539.8515625,36570.1015625,36534.1015625,36556.1484375,0,0.0,0.0,^CNXENERGY
2026-02-23 14:10:00+05:30,36556.19921875,36567.30078125,36540.1015625,36567.30078125,0,0.0,0.0,^CNXENERGY
2026-02-23 14:15:00+05:30,36567.69921875,36602.5,36559.69921875,36601.6484375,0,0.0,0.0,^CNXENERGY
2026-02-23 14:20:00+05:30,36602.3515625,36602.3515625,36575.80078125,36581.6015625,0,0.0,0.0,^CNXENERGY
2026-02-23 14:25:00+05:30,36581.8984375,36614.05078125,36570.3984375,36610.6484375,0,0.0,0.0,^CNXENERGY
2026-02-23 14:30:00+05:30,36610.30078125,36652.30078125,36606.55078125,36621.55078125,0,0.0,0.0,^CNXENERGY
2026-02-23 14:35:00+05:30,36624.19921875,36632.0,36588.0,36590.6015625,0,0.0,0.0,^CNXENERGY
2026-02-23 14:40:00+05:30,36589.25,36597.6015625,36561.55078125,36570.3515625,0,0.0,0.0,^CNXENERGY
2026-02-23 14:45:00+05:30,36574.1484375,36641.05078125,36567.3984375,36641.05078125,0,0.0,0.0,^CNXENERGY
2026-02-23 14:50:00+05:30,36644.25,36645.6484375,36595.1484375,36618.55078125,0,0.0,0.0,^CNXENERGY
2026-02-23 14:55:00+05:30,36618.25,36654.8515625,36613.19921875,36632.0,0,0.0,0.0,^CNXENERGY
2026-02-23 15:00:00+05:30,36640.69921875,36766.8984375,36640.69921875,36753.25,0,0.0,0.0,^CNXENERGY
2026-02-23 15:05:00+05:30,36754.80078125,36769.25,36723.3984375,36751.94921875,0,0.0,0.0,^CNXENERGY
2026-02-23 15:10:00+05:30,36752.5,36753.8984375,36732.8515625,36739.80078125,0,0.0,0.0,^CNXENERGY
2026-02-23 15:15:00+05:30,36740.05078125,36757.55078125,36730.3984375,36747.75,0,0.0,0.0,^CNXENERGY
2026-02-23 15:20:00+05:30,36749.75,36768.3984375,36734.75,36768.3984375,0,0.0,0.0,^CNXENERGY
2026-02-23 15:25:00+05:30,36769.0,36772.1484375,36708.6015625,36724.5,0,0.0,0.0,^CNXENERGY
2026-02-24 09:15:00+05:30,36627.8984375,36799.30078125,36599.55078125,36782.0,0,0.0,0.0,^CNXENERGY
2026-02-24 09:20:00+05:30,36778.94921875,36848.8515625,36750.80078125,36830.05078125,0,0.0,0.0,^CNXENERGY
2026-02-24 09:25:00+05:30,36828.44921875,36831.1484375,36770.3515625,36774.55078125,0,0.0,0.0,^CNXENERGY
2026-02-24 09:30:00+05:30,36775.80078125,36778.19921875,36710.44921875,36723.1015625,0,0.0,0.0,^CNXENERGY
2026-02-24 09:35:00+05:30,36724.55078125,36775.44921875,36716.6015625,36717.94921875,0,0.0,0.0,^CNXENERGY
2026-02-24 09:40:00+05:30,36720.1484375,36722.05078125,36667.5,36699.05078125,0,0.0,0.0,^CNXENERGY
2026-02-24 09:45:00+05:30,36700.3984375,36759.6015625,36696.19921875,36746.55078125,0,0.0,0.0,^CNXENERGY
2026-02-24 09:50:00+05:30,36746.6484375,36749.1015625,36690.3984375,36705.55078125,0,0.0,0.0,^CNXENERGY
2026-02-24 09:55:00+05:30,36705.75,36714.8984375,36680.80078125,36692.05078125,0,0.0,0.0,^CNXENERGY
2026-02-24 10:00:00+05:30,36692.25,36721.94921875,36689.5,36700.44921875,0,0.0,0.0,^CNXENERGY
2026-02-24 10:05:00+05:30,36700.80078125,36733.5,36697.8984375,36712.05078125,0,0.0,0.0,^CNXENERGY
2026-02-24 10:10:00+05:30,36710.69921875,36712.25,36653.75,36665.0,0,0.0,0.0,^CNXENERGY
2026-02-24 10:15:00+05:30,36664.3515625,36685.0,36649.19921875,36683.0,0,0.0,0.0,^CNXENERGY
2026-02-24 10:20:00+05:30,36682.30078125,36701.0,36663.75,36664.25,0,0.0,0.0,^CNXENERGY
2026-02-24 10:25:00+05:30,36664.44921875,36664.44921875,36628.1484375,36641.8984375,0,0.0,0.0,^CNXENERGY
2026-02-24 10:30:00+05:30,36641.8515625,36682.75,36636.5,36659.3984375,0,0.0,0.0,^CNXENERGY
2026-02-24 10:35:00+05:30,36659.94921875,36667.5,36651.8515625,36661.30078125,0,0.0,0.0,^CNXENERGY
2026-02-24 10:40:00+05:30,36659.80078125,36698.69921875,36658.3515625,36685.3984375,0,0.0,0.0,^CNXENERGY
2026-02-24 10:45:00+05:30,36686.55078125,36688.25,36649.05078125,36662.1015625,0,0.0,0.0,^CNXENERGY
2026-02-24 10:50:00+05:30,36661.80078125,36663.1484375,36638.55078125,36641.80078125,0,0.0,0.0,^CNXENERGY
2026-02-24 10:55:00+05:30,36641.3515625,36679.44921875,36636.8984375,36679.05078125,0,0.0,0.0,^CNXENERGY
2026-02-24 11:00:00+05:30,36678.5,36719.05078125,36678.5,36719.05078125,0,0.0,0.0,^CNXENERGY
2026-02-24 11:05:00+05:30,36721.5,36728.8984375,36701.1015625,36721.80078125,0,0.0,0.0,^CNXENERGY
2026-02-24 11:10:00+05:30,36722.8515625,36741.69921875,36714.1015625,36738.8515625,0,0.0,0.0,^CNXENERGY
2026-02-24 11:15:00+05:30,36738.94921875,36740.05078125,36711.75,36733.3515625,0,0.0,0.0,^CNXENERGY
2026-02-24 11:20:00+05:30,36732.44921875,36748.3984375,36729.94921875,36731.80078125,0,0.0,0.0,^CNXENERGY
2026-02-24 11:25:00+05:30,36731.1484375,36787.94921875,36731.1484375,36787.94921875,0,0.0,0.0,^CNXENERGY
2026-02-24 11:30:00+05:30,36789.6484375,36810.3984375,36768.6015625,36778.30078125,0,0.0,0.0,^CNXENERGY
2026-02-24 11:35:00+05:30,36778.5,36815.8984375,36766.0,36810.6015625,0,0.0,0.0,^CNXENERGY
2026-02-24 11:40:00+05:30,36810.1484375,36816.44921875,36777.0,36777.0,0,0.0,0.0,^CNXENERGY
2026-02-24 11:45:00+05:30,36776.6484375,36784.80078125,36762.55078125,36773.5,0,0.0,0.0,^CNXENERGY
2026-02-24 11:50:00+05:30,36773.55078125,36779.55078125,36754.30078125,36757.80078125,0,0.0,0.0,^CNXENERGY
2026-02-24 11:55:00+05:30,36755.1015625,36759.69921875,36741.8984375,36747.44921875,0,0.0,0.0,^CNXENERGY
2026-02-24 12:00:00+05:30,36749.30078125,36753.3984375,36726.1484375,36728.5,0,0.0,0.0,^CNXENERGY
2026-02-24 12:05:00+05:30,36729.1484375,36761.69921875,36723.94921875,36733.19921875,0,0.0,0.0,^CNXENERGY
2026-02-24 12:10:00+05:30,36735.3515625,36745.55078125,36724.94921875,36731.25,0,0.0,0.0,^CNXENERGY
2026-02-24 12:15:00+05:30,36735.1484375,36735.1484375,36704.55078125,36706.5,0,0.0,0.0,^CNXENERGY
2026-02-24 12:20:00+05:30,36707.3515625,36714.44921875,36690.05078125,36696.6484375,0,0.0,0.0,^CNXENERGY
2026-02-24 12:25:00+05:30,36697.44921875,36719.25,36690.75,36712.44921875,0,0.0,0.0,^CNXENERGY
2026-02-24 12:30:00+05:30,36712.6484375,36713.25,36686.1015625,36699.0,0,0.0,0.0,^CNXENERGY
2026-02-24 12:35:00+05:30,36700.75,36725.3984375,36694.25,36710.80078125,0,0.0,0.0,^CNXENERGY
2026-02-24 12:40:00+05:30,36710.69921875,36731.30078125,36686.3515625,36687.05078125,0,0.0,0.0,^CNXENERGY
2026-02-24 12:45:00+05:30,36690.05078125,36691.75,36657.8515625,36665.1015625,0,0.0,0.0,^CNXENERGY
2026-02-24 12:50:00+05:30,36664.6484375,36665.3515625,36647.30078125,36661.75,0,0.0,0.0,^CNXENERGY
2026-02-24 12:55:00+05:30,36662.55078125,36678.75,36662.55078125,36675.8984375,0,0.0,0.0,^CNXENERGY
2026-02-24 13:00:00+05:30,36677.25,36692.8515625,36660.0,36692.8515625,0,0.0,0.0,^CNXENERGY
2026-02-24 13:05:00+05:30,36692.1484375,36695.80078125,36680.25,36687.8984375,0,0.0,0.0,^CNXENERGY
2026-02-24 13:10:00+05:30,36687.94921875,36710.0,36680.69921875,36705.75,0,0.0,0.0,^CNXENERGY
2026-02-24 13:15:00+05:30,36707.44921875,36712.3984375,36695.3984375,36711.6015625,0,0.0,0.0,^CNXENERGY
2026-02-24 13:20:00+05:30,36711.0,36732.75,36687.6484375,36692.8984375,0,0.0,0.0,^CNXENERGY
2026-02-24 13:25:00+05:30,36693.0,36693.05078125,36629.19921875,36629.6015625,0,0.0,0.0,^CNXENERGY
2026-02-24 13:30:00+05:30,36627.8984375,36636.8984375,36592.30078125,36601.25,0,0.0,0.0,^CNXENERGY
2026-02-24 13:35:00+05:30,36602.80078125,36664.25,36584.1015625,36658.80078125,0,0.0,0.0,^CNXENERGY
2026-02-24 13:40:00+05:30,36658.55078125,36662.69921875,36636.44921875,36642.8984375,0,0.0,0.0,^CNXENERGY
2026-02-24 13:45:00+05:30,36639.6015625,36652.1484375,36630.5,36633.19921875,0,0.0,0.0,^CNXENERGY
2026-02-24 13:50:00+05:30,36634.3515625,36666.1015625,36618.69921875,36661.5,0,0.0,0.0,^CNXENERGY
2026-02-24 13:55:00+05:30,36663.30078125,36753.5,36662.44921875,36753.19921875,0,0.0,0.0,^CNXENERGY
2026-02-24 14:00:00+05:30,36754.30078125,36760.19921875,36702.25,36709.8515625,0,0.0,0.0,^CNXENERGY
2026-02-24 14:05:00+05:30,36710.3515625,36737.6484375,36699.80078125,36737.05078125,0,0.0,0.0,^CNXENERGY
2026-02-24 14:10:00+05:30,36737.3515625,36786.6484375,36730.6015625,36782.44921875,0,0.0,0.0,^CNXENERGY
2026-02-24 14:15:00+05:30,36786.3984375,36811.30078125,36773.3515625,36802.44921875,0,0.0,0.0,^CNXENERGY
2026-02-24 14:20:00+05:30,36802.3984375,36819.3515625,36764.8984375,36773.94921875,0,0.0,0.0,^CNXENERGY
2026-02-24 14:25:00+05:30,36777.30078125,36807.44921875,36769.5,36784.0,0,0.0,0.0,^CNXENERGY
2026-02-24 14:30:00+05:30,36785.5,36800.80078125,36756.80078125,36764.19921875,0,0.0,0.0,^CNXENERGY
2026-02-24 14:35:00+05:30,36762.69921875,36813.5,36760.3515625,36801.25,0,0.0,0.0,^CNXENERGY
2026-02-24 14:40:00+05:30,36801.6484375,36834.55078125,36795.3515625,36800.25,0,0.0,0.0,^CNXENERGY
2026-02-24 14:45:00+05:30,36799.5,36813.6484375,36767.8984375,36813.6015625,0,0.0,0.0,^CNXENERGY
2026-02-24 14:50:00+05:30,36812.05078125,36885.44921875,36812.05078125,36874.0,0,0.0,0.0,^CNXENERGY
2026-02-24 14:55:00+05:30,36873.44921875,36923.3984375,36869.44921875,36921.80078125,0,0.0,0.0,^CNXENERGY
2026-02-24 15:00:00+05:30,36923.19921875,36979.8515625,36923.19921875,36978.69921875,0,0.0,0.0,^CNXENERGY
2026-02-24 15:05:00+05:30,36979.1015625,37003.5,36962.55078125,36994.8984375,0,0.0,0.0,^CNXENERGY
2026-02-24 15:10:00+05:30,36992.94921875,37031.8984375,36987.3984375,37020.1484375,0,0.0,0.0,^CNXENERGY
2026-02-24 15:15:00+05:30,37018.19921875,37063.3984375,37004.55078125,37060.8515625,0,0.0,0.0,^CNXENERGY
2026-02-24 15:20:00+05:30,37063.05078125,37091.1484375,37049.3515625,37091.1484375,0,0.0,0.0,^CNXENERGY
2026-02-24 15:25:00+05:30,37091.8515625,37119.05078125,37079.05078125,37089.6484375,0,0.0,0.0,^CNXENERGY
2026-02-25 09:15:00+05:30,37117.44921875,37298.25,37081.6015625,37298.25,0,0.0,0.0,^CNXENERGY
2026-02-25 09:20:00+05:30,37301.8515625,37301.8515625,37249.94921875,37272.44921875,0,0.0,0.0,^CNXENERGY
2026-02-25 09:25:00+05:30,37275.1015625,37306.19921875,37251.1484375,37261.69921875,0,0.0,0.0,^CNXENERGY
2026-02-25 09:30:00+05:30,37265.44921875,37269.8984375,37173.19921875,37236.55078125,0,0.0,0.0,^CNXENERGY
2026-02-25 09:35:00+05:30,37236.1015625,37247.94921875,37198.0,37202.30078125,0,0.0,0.0,^CNXENERGY
2026-02-25 09:40:00+05:30,37204.1015625,37221.1484375,37174.75,37175.8515625,0,0.0,0.0,^CNXENERGY
2026-02-25 09:45:00+05:30,37176.6015625,37209.19921875,37176.30078125,37190.5,0,0.0,0.0,^CNXENERGY
2026-02-25 09:50:00+05:30,37190.1484375,37199.3984375,37163.5,37173.55078125,0,0.0,0.0,^CNXENERGY
2026-02-25 09:55:00+05:30,37174.19921875,37229.05078125,37172.30078125,37199.6484375,0,0.0,0.0,^CNXENERGY
2026-02-25 10:00:00+05:30,37199.6015625,37228.8515625,37195.1484375,37200.55078125,0,0.0,0.0,^CNXENERGY
2026-02-25 10:05:00+05:30,37202.1015625,37212.55078125,37189.1015625,37208.80078125,0,0.0,0.0,^CNXENERGY
2026-02-25 10:10:00+05:30,37209.6015625,37227.8515625,37193.6484375,37203.5,0,0.0,0.0,^CNXENERGY
2026-02-25 10:15:00+05:30,37207.1484375,37251.30078125,37204.1484375,37220.8515625,0,0.0,0.0,^CNXENERGY
2026-02-25 10:20:00+05:30,37218.0,37234.30078125,37205.05078125,37209.3984375,0,0.0,0.0,^CNXENERGY
2026-02-25 10:25:00+05:30,37208.69921875,37221.0,37179.6015625,37185.6015625,0,0.0,0.0,^CNXENERGY
2026-02-25 10:30:00+05:30,37183.1015625,37258.05078125,37181.8984375,37256.55078125,0,0.0,0.0,^CNXENERGY
2026-02-25 10:35:00+05:30,37257.3515625,37270.0,37232.19921875,37239.5,0,0.0,0.0,^CNXENERGY
2026-02-25 10:40:00+05:30,37237.19921875,37239.3984375,37188.75,37191.8984375,0,0.0,0.0,^CNXENERGY
2026-02-25 10:45:00+05:30,37191.05078125,37202.75,37169.30078125,37188.1015625,0,0.0,0.0,^CNXENERGY
2026-02-25 10:50:00+05:30,37188.75,37198.5,37173.30078125,37184.8515625,0,0.0,0.0,^CNXENERGY
2026-02-25 10:55:00+05:30,37185.6484375,37195.44921875,37173.5,37187.3515625,0,0.0,0.0,^CNXENERGY
2026-02-25 11:00:00+05:30,37188.8515625,37207.75,37182.25,37187.8515625,0,0.0,0.0,^CNXENERGY
2026-02-25 11:05:00+05:30,37186.69921875,37207.05078125,37185.05078125,37192.94921875,0,0.0,0.0,^CNXENERGY
2026-02-25 11:10:00+05:30,37193.1484375,37209.8984375,37191.75,37201.55078125,0,0.0,0.0,^CNXENERGY
2026-02-25 11:15:00+05:30,37200.8984375,37206.3984375,37164.69921875,37181.05078125,0,0.0,0.0,^CNXENERGY
2026-02-25 11:20:00+05:30,37180.1015625,37196.5,37156.1015625,37167.94921875,0,0.0,0.0,^CNXENERGY
2026-02-25 11:25:00+05:30,37169.8515625,37180.69921875,37157.5,37177.3984375,0,0.0,0.0,^CNXENERGY
2026-02-25 11:30:00+05:30,37176.8984375,37180.8984375,37148.1484375,37170.6484375,0,0.0,0.0,^CNXENERGY
2026-02-25 11:35:00+05:30,37171.94921875,37209.30078125,37171.0,37204.44921875,0,0.0,0.0,^CNXENERGY
2026-02-25 11:40:00+05:30,37207.44921875,37210.6015625,37166.6484375,37172.30078125,0,0.0,0.0,^CNXENERGY
2026-02-25 11:45:00+05:30,37182.75,37213.05078125,37182.75,37193.8515625,0,0.0,0.0,^CNXENERGY
2026-02-25 11:50:00+05:30,37194.69921875,37208.44921875,37181.30078125,37182.6484375,0,0.0,0.0,^CNXENERGY
2026-02-25 11:55:00+05:30,37183.0,37184.44921875,37152.30078125,37154.5,0,0.0,0.0,^CNXENERGY
2026-02-25 12:00:00+05:30,37154.19921875,37170.8984375,37152.55078125,37169.25,0,0.0,0.0,^CNXENERGY
2026-02-25 12:05:00+05:30,37170.30078125,37172.3984375,37153.5,37164.0,0,0.0,0.0,^CNXENERGY
2026-02-25 12:10:00+05:30,37164.6015625,37183.8984375,37162.30078125,37173.19921875,0,0.0,0.0,^CNXENERGY
2026-02-25 12:15:00+05:30,37174.05078125,37228.6015625,37170.8984375,37213.69921875,0,0.0,0.0,^CNXENERGY
2026-02-25 12:20:00+05:30,37215.75,37223.8515625,37194.55078125,37210.5,0,0.0,0.0,^CNXENERGY
2026-02-25 12:25:00+05:30,37210.44921875,37240.69921875,37204.1015625,37239.5,0,0.0,0.0,^CNXENERGY
2026-02-25 12:30:00+05:30,37238.1015625,37269.8984375,37152.55078125,37152.55078125,0,0.0,0.0,^CNXENERGY
2026-02-25 12:35:00+05:30,37151.6015625,37151.75,37089.6484375,37108.1484375,0,0.0,0.0,^CNXENERGY
2026-02-25 12:40:00+05:30,37107.6484375,37110.8984375,37054.19921875,37056.75,0,0.0,0.0,^CNXENERGY
2026-02-25 12:45:00+05:30,37060.05078125,37060.05078125,36994.1015625,36998.3984375,0,0.0,0.0,^CNXENERGY
2026-02-25 12:50:00+05:30,36996.8984375,37037.55078125,36988.25,37019.5,0,0.0,0.0,^CNXENERGY
2026-02-25 12:55:00+05:30,37018.1015625,37030.69921875,36990.8515625,36997.1484375,0,0.0,0.0,^CNXENERGY
2026-02-25 13:00:00+05:30,36998.3515625,36999.3984375,36929.3984375,36951.5,0,0.0,0.0,^CNXENERGY
2026-02-25 13:05:00+05:30,36953.55078125,36975.19921875,36938.5,36959.75,0,0.0,0.0,^CNXENERGY
2026-02-25 13:10:00+05:30,36963.30078125,36980.19921875,36954.44921875,36956.19921875,0,0.0,0.0,^CNXENERGY
2026-02-25 13:15:00+05:30,36956.1015625,36986.94921875,36945.69921875,36981.5,0,0.0,0.0,^CNXENERGY
2026-02-25 13:20:00+05:30,36983.75,36992.6015625,36972.6484375,36974.8984375,0,0.0,0.0,^CNXENERGY
2026-02-25 13:25:00+05:30,36975.69921875,36981.8984375,36938.55078125,36979.25,0,0.0,0.0,^CNXENERGY
2026-02-25 13:30:00+05:30,36980.1484375,37043.05078125,36980.1484375,37008.05078125,0,0.0,0.0,^CNXENERGY
2026-02-25 13:35:00+05:30,37008.55078125,37037.75,37002.05078125,37008.55078125,0,0.0,0.0,^CNXENERGY
2026-02-25 13:40:00+05:30,37007.05078125,37013.5,36975.6015625,36976.6015625,0,0.0,0.0,^CNXENERGY
2026-02-25 13:45:00+05:30,36977.44921875,37009.44921875,36967.6015625,37000.6484375,0,0.0,0.0,^CNXENERGY
2026-02-25 13:50:00+05:30,37001.6015625,37013.8984375,36998.3515625,36999.94921875,0,0.0,0.0,^CNXENERGY
2026-02-25 13:55:00+05:30,37000.6484375,37006.44921875,36990.05078125,37002.19921875,0,0.0,0.0,^CNXENERGY
2026-02-25 14:00:00+05:30,37002.44921875,37006.8984375,36963.55078125,36973.8515625,0,0.0,0.0,^CNXENERGY
2026-02-25 14:05:00+05:30,36974.3984375,36987.94921875,36949.3984375,36962.0,0,0.0,0.0,^CNXENERGY
2026-02-25 14:10:00+05:30,36962.5,37007.3515625,36961.44921875,36992.30078125,0,0.0,0.0,^CNXENERGY
2026-02-25 14:15:00+05:30,36991.25,37057.94921875,36987.0,37054.0,0,0.0,0.0,^CNXENERGY
2026-02-25 14:20:00+05:30,37054.30078125,37071.30078125,37046.3984375,37058.44921875,0,0.0,0.0,^CNXENERGY
2026-02-25 14:25:00+05:30,37061.75,37073.1484375,37033.94921875,37035.0,0,0.0,0.0,^CNXENERGY
2026-02-25 14:30:00+05:30,37036.5,37082.6015625,37036.5,37075.80078125,0,0.0,0.0,^CNXENERGY
2026-02-25 14:35:00+05:30,37076.55078125,37094.0,37056.8984375,37060.8515625,0,0.0,0.0,^CNXENERGY
2026-02-25 14:40:00+05:30,37062.6015625,37063.6015625,37007.6484375,37034.0,0,0.0,0.0,^CNXENERGY
2026-02-25 14:45:00+05:30,37034.19921875,37038.8984375,37003.3515625,37006.5,0,0.0,0.0,^CNXENERGY
2026-02-25 14:50:00+05:30,37009.44921875,37026.30078125,36975.25,37022.6484375,0,0.0,0.0,^CNXENERGY
2026-02-25 14:55:00+05:30,37026.6484375,37056.25,37026.6484375,37048.80078125,0,0.0,0.0,^CNXENERGY
2026-02-25 15:00:00+05:30,37051.1015625,37159.8984375,37051.1015625,37145.8515625,0,0.0,0.0,^CNXENERGY
2026-02-25 15:05:00+05:30,37147.0,37147.3984375,37114.69921875,37120.8515625,0,0.0,0.0,^CNXENERGY
2026-02-25 15:10:00+05:30,37120.3984375,37126.8984375,37105.3515625,37120.44921875,0,0.0,0.0,^CNXENERGY
2026-02-25 15:15:00+05:30,37120.75,37128.30078125,37103.19921875,37117.69921875,0,0.0,0.0,^CNXENERGY
2026-02-25 15:20:00+05:30,37116.94921875,37129.30078125,37106.55078125,37127.05078125,0,0.0,0.0,^CNXENERGY
2026-02-25 15:25:00+05:30,37126.1015625,37137.8515625,37090.6015625,37104.94921875,0,0.0,0.0,^CNXENERGY
2026-02-26 09:15:00+05:30,37170.6484375,37243.6484375,37109.94921875,37220.8515625,0,0.0,0.0,^CNXENERGY
2026-02-26 09:20:00+05:30,37222.19921875,37226.5,37138.69921875,37187.5,0,0.0,0.0,^CNXENERGY
2026-02-26 09:25:00+05:30,37185.55078125,37199.69921875,37163.25,37187.80078125,0,0.0,0.0,^CNXENERGY
2026-02-26 09:30:00+05:30,37183.6484375,37200.0,37161.75,37189.25,0,0.0,0.0,^CNXENERGY
2026-02-26 09:35:00+05:30,37190.8515625,37236.30078125,37186.6484375,37192.55078125,0,0.0,0.0,^CNXENERGY
2026-02-26 09:40:00+05:30,37194.80078125,37218.44921875,37185.3984375,37204.69921875,0,0.0,0.0,^CNXENERGY
2026-02-26 09:45:00+05:30,37203.6484375,37207.8984375,37150.1484375,37158.6484375,0,0.0,0.0,^CNXENERGY
2026-02-26 09:50:00+05:30,37158.6484375,37159.8984375,37117.55078125,37119.69921875,0,0.0,0.0,^CNXENERGY
2026-02-26 09:55:00+05:30,37118.5,37141.5,37098.80078125,37141.5,0,0.0,0.0,^CNXENERGY
2026-02-26 10:00:00+05:30,37140.8515625,37155.55078125,37131.30078125,37147.30078125,0,0.0,0.0,^CNXENERGY
2026-02-26 10:05:00+05:30,37146.94921875,37170.5,37144.19921875,37155.75,0,0.0,0.0,^CNXENERGY
2026-02-26 10:10:00+05:30,37154.6484375,37177.80078125,37147.6015625,37154.3984375,0,0.0,0.0,^CNXENERGY
2026-02-26 10:15:00+05:30,37155.55078125,37193.25,37149.8515625,37192.69921875,0,0.0,0.0,^CNXENERGY
2026-02-26 10:20:00+05:30,37192.8984375,37200.1484375,37179.75,37193.1484375,0,0.0,0.0,^CNXENERGY
2026-02-26 10:25:00+05:30,37191.80078125,37193.44921875,37167.3984375,37176.94921875,0,0.0,0.0,^CNXENERGY
2026-02-26 10:30:00+05:30,37178.3984375,37193.75,37157.44921875,37179.75,0,0.0,0.0,^CNXENERGY
2026-02-26 10:35:00+05:30,37180.3515625,37218.8515625,37179.0,37184.8515625,0,0.0,0.0,^CNXENERGY
2026-02-26 10:40:00+05:30,37186.30078125,37216.0,37180.75,37190.30078125,0,0.0,0.0,^CNXENERGY
2026-02-26 10:45:00+05:30,37189.69921875,37199.8984375,37172.19921875,37185.25,0,0.0,0.0,^CNXENERGY
2026-02-26 10:50:00+05:30,37180.1484375,37187.8515625,37169.94921875,37171.75,0,0.0,0.0,^CNXENERGY
2026-02-26 10:55:00+05:30,37172.94921875,37181.6484375,37144.0,37146.44921875,0,0.0,0.0,^CNXENERGY
2026-02-26 11:00:00+05:30,37143.80078125,37199.30078125,37128.75,37186.6015625,0,0.0,0.0,^CNXENERGY
2026-02-26 11:05:00+05:30,37186.3984375,37199.69921875,37174.55078125,37190.69921875,0,0.0,0.0,^CNXENERGY
2026-02-26 11:10:00+05:30,37188.3984375,37221.3984375,37186.8515625,37214.30078125,0,0.0,0.0,^CNXENERGY
2026-02-26 11:15:00+05:30,37211.25,37232.25,37210.5,37222.75,0,0.0,0.0,^CNXENERGY
2026-02-26 11:20:00+05:30,37223.8515625,37233.1484375,37213.75,37227.0,0,0.0,0.0,^CNXENERGY
2026-02-26 11:25:00+05:30,37229.1015625,37264.55078125,37198.1015625,37200.30078125,0,0.0,0.0,^CNXENERGY
2026-02-26 11:30:00+05:30,37201.55078125,37201.55078125,37143.6015625,37143.8515625,0,0.0,0.0,^CNXENERGY
2026-02-26 11:35:00+05:30,37145.3515625,37157.8984375,37118.3515625,37123.3515625,0,0.0,0.0,^CNXENERGY
2026-02-26 11:40:00+05:30,37122.30078125,37126.8984375,37044.6484375,37048.3984375,0,0.0,0.0,^CNXENERGY
2026-02-26 11:45:00+05:30,37046.3515625,37069.55078125,37025.30078125,37067.05078125,0,0.0,0.0,^CNXENERGY
2026-02-26 11:50:00+05:30,37068.6015625,37077.1484375,37031.44921875,37041.44921875,0,0.0,0.0,^CNXENERGY
2026-02-26 11:55:00+05:30,37040.3984375,37044.8984375,36999.75,37004.6484375,0,0.0,0.0,^CNXENERGY
2026-02-26 12:00:00+05:30,37005.80078125,37032.05078125,37000.5,37032.05078125,0,0.0,0.0,^CNXENERGY
2026-02-26 12:05:00+05:30,37031.94921875,37049.25,37028.55078125,37043.6484375,0,0.0,0.0,^CNXENERGY
2026-02-26 12:10:00+05:30,37042.94921875,37042.94921875,37000.44921875,37010.3984375,0,0.0,0.0,^CNXENERGY
2026-02-26 12:15:00+05:30,37013.94921875,37034.5,37008.05078125,37017.05078125,0,0.0,0.0,^CNXENERGY
2026-02-26 12:20:00+05:30,37020.30078125,37022.69921875,36971.3515625,37012.3515625,0,0.0,0.0,^CNXENERGY
2026-02-26 12:25:00+05:30,37011.94921875,37031.25,37006.80078125,37026.1015625,0,0.0,0.0,^CNXENERGY
2026-02-26 12:30:00+05:30,37026.5,37088.8515625,37025.30078125,37061.19921875,0,0.0,0.0,^CNXENERGY
2026-02-26 12:35:00+05:30,37059.1015625,37065.3984375,37050.1484375,37056.1015625,0,0.0,0.0,^CNXENERGY
2026-02-26 12:40:00+05:30,37056.30078125,37081.3984375,37047.8984375,37068.5,0,0.0,0.0,^CNXENERGY
2026-02-26 12:45:00+05:30,37068.6015625,37070.19921875,37038.55078125,37046.0,0,0.0,0.0,^CNXENERGY
2026-02-26 12:50:00+05:30,37046.55078125,37051.0,37026.1484375,37031.94921875,0,0.0,0.0,^CNXENERGY
2026-02-26 12:55:00+05:30,37033.19921875,37035.69921875,37001.8515625,37006.5,0,0.0,0.0,^CNXENERGY
2026-02-26 13:00:00+05:30,37006.5,37043.8984375,37005.94921875,37042.3984375,0,0.0,0.0,^CNXENERGY
2026-02-26 13:05:00+05:30,37042.25,37053.55078125,37018.25,37026.0,0,0.0,0.0,^CNXENERGY
2026-02-26 13:10:00+05:30,37027.8515625,37028.94921875,37008.19921875,37014.1015625,0,0.0,0.0,^CNXENERGY
2026-02-26 13:15:00+05:30,37013.25,37017.19921875,36969.80078125,36983.75,0,0.0,0.0,^CNXENERGY
2026-02-26 13:20:00+05:30,36982.44921875,37006.30078125,36975.94921875,37005.05078125,0,0.0,0.0,^CNXENERGY
2026-02-26 13:25:00+05:30,37003.5,37044.55078125,37001.0,37023.8984375,0,0.0,0.0,^CNXENERGY
2026-02-26 13:30:00+05:30,37022.44921875,37037.6015625,37011.94921875,37015.44921875,0,0.0,0.0,^CNXENERGY
2026-02-26 13:35:00+05:30,37017.55078125,37043.75,37015.1015625,37039.3984375,0,0.0,0.0,^CNXENERGY
2026-02-26 13:40:00+05:30,37041.55078125,37049.25,37028.94921875,37029.1484375,0,0.0,0.0,^CNXENERGY
2026-02-26 13:45:00+05:30,37032.80078125,37037.3515625,36997.05078125,36998.55078125,0,0.0,0.0,^CNXENERGY
2026-02-26 13:50:00+05:30,37000.44921875,37032.5,36989.44921875,37026.8984375,0,0.0,0.0,^CNXENERGY
2026-02-26 13:55:00+05:30,37026.19921875,37043.55078125,37022.6015625,37028.3984375,0,0.0,0.0,^CNXENERGY
2026-02-26 14:00:00+05:30,37027.94921875,37054.3984375,37003.5,37011.3515625,0,0.0,0.0,^CNXENERGY
2026-02-26 14:05:00+05:30,37008.8984375,37033.1484375,36985.30078125,37033.1484375,0,0.0,0.0,^CNXENERGY
2026-02-26 14:10:00+05:30,37033.75,37048.55078125,37023.8984375,37045.75,0,0.0,0.0,^CNXENERGY
2026-02-26 14:15:00+05:30,37048.94921875,37059.55078125,37019.3984375,37030.69921875,0,0.0,0.0,^CNXENERGY
2026-02-26 14:20:00+05:30,37033.30078125,37041.75,37022.94921875,37028.05078125,0,0.0,0.0,^CNXENERGY
2026-02-26 14:25:00+05:30,37027.3515625,37030.6015625,37004.0,37026.1484375,0,0.0,0.0,^CNXENERGY
2026-02-26 14:30:00+05:30,37025.69921875,37058.1015625,37014.0,37056.1484375,0,0.0,0.0,^CNXENERGY
2026-02-26 14:35:00+05:30,37054.3515625,37061.19921875,37045.3984375,37048.0,0,0.0,0.0,^CNXENERGY
2026-02-26 14:40:00+05:30,37049.05078125,37115.05078125,37043.6015625,37114.3515625,0,0.0,0.0,^CNXENERGY
2026-02-26 14:45:00+05:30,37115.19921875,37134.80078125,37098.05078125,37100.30078125,0,0.0,0.0,^CNXENERGY
2026-02-26 14:50:00+05:30,37101.55078125,37117.75,37060.5,37111.30078125,0,0.0,0.0,^CNXENERGY
2026-02-26 14:55:00+05:30,37112.0,37134.25,37103.3984375,37111.6015625,0,0.0,0.0,^CNXENERGY
2026-02-26 15:00:00+05:30,37111.8984375,37190.94921875,37111.8984375,37150.5,0,0.0,0.0,^CNXENERGY
2026-02-26 15:05:00+05:30,37151.1484375,37219.44921875,37151.1484375,37215.6015625,0,0.0,0.0,^CNXENERGY
2026-02-26 15:10:00+05:30,37217.44921875,37229.5,37162.3515625,37172.44921875,0,0.0,0.0,^CNXENERGY
2026-02-26 15:15:00+05:30,37176.55078125,37209.1015625,37166.8984375,37177.8984375,0,0.0,0.0,^CNXENERGY
2026-02-26 15:20:00+05:30,37181.80078125,37183.25,37154.6015625,37163.8515625,0,0.0,0.0,^CNXENERGY
2026-02-26 15:25:00+05:30,37166.1484375,37190.30078125,37152.55078125,37164.69921875,0,0.0,0.0,^CNXENERGY
2026-02-27 09:15:00+05:30,37120.0,37122.30078125,36961.1484375,37046.8984375,0,0.0,0.0,^CNXENERGY
2026-02-27 09:20:00+05:30,37050.5,37095.3515625,37027.5,37054.0,0,0.0,0.0,^CNXENERGY
2026-02-27 09:25:00+05:30,37058.69921875,37105.8984375,37009.80078125,37011.6015625,0,0.0,0.0,^CNXENERGY
2026-02-27 09:30:00+05:30,37013.19921875,37055.1484375,37009.3984375,37015.6484375,0,0.0,0.0,^CNXENERGY
2026-02-27 09:35:00+05:30,37018.1015625,37069.69921875,36981.80078125,37067.55078125,0,0.0,0.0,^CNXENERGY
2026-02-27 09:40:00+05:30,37069.8984375,37078.75,37036.6484375,37063.3984375,0,0.0,0.0,^CNXENERGY
2026-02-27 09:45:00+05:30,37066.25,37068.75,37000.1484375,37003.8515625,0,0.0,0.0,^CNXENERGY
2026-02-27 09:50:00+05:30,37006.1484375,37014.3984375,36966.94921875,36972.55078125,0,0.0,0.0,^CNXENERGY
2026-02-27 09:55:00+05:30,36972.05078125,36983.0,36953.8515625,36953.8515625,0,0.0,0.0,^CNXENERGY
2026-02-27 10:00:00+05:30,36956.19921875,36956.19921875,36935.0,36943.6484375,0,0.0,0.0,^CNXENERGY
2026-02-27 10:05:00+05:30,36944.1015625,36971.6015625,36918.0,36962.94921875,0,0.0,0.0,^CNXENERGY
2026-02-27 10:10:00+05:30,36963.6484375,36998.69921875,36958.3515625,36960.8984375,0,0.0,0.0,^CNXENERGY
2026-02-27 10:15:00+05:30,36961.3515625,36968.19921875,36941.75,36955.0,0,0.0,0.0,^CNXENERGY
2026-02-27 10:20:00+05:30,36954.3515625,37022.80078125,36950.3984375,37022.75,0,0.0,0.0,^CNXENERGY
2026-02-27 10:25:00+05:30,37022.94921875,37071.05078125,37021.3515625,37071.05078125,0,0.0,0.0,^CNXENERGY
2026-02-27 10:30:00+05:30,37072.05078125,37111.3984375,37061.8984375,37082.19921875,0,0.0,0.0,^CNXENERGY
2026-02-27 10:35:00+05:30,37082.8515625,37106.55078125,37076.44921875,37085.3984375,0,0.0,0.0,^CNXENERGY
2026-02-27 10:40:00+05:30,37088.1015625,37095.0,37052.3515625,37087.1484375,0,0.0,0.0,^CNXENERGY
2026-02-27 10:45:00+05:30,37088.44921875,37131.5,37076.3984375,37124.8984375,0,0.0,0.0,^CNXENERGY
2026-02-27 10:50:00+05:30,37125.80078125,37133.0,37099.05078125,37110.6484375,0,0.0,0.0,^CNXENERGY
2026-02-27 10:55:00+05:30,37108.69921875,37126.6015625,37090.3515625,37092.19921875,0,0.0,0.0,^CNXENERGY
2026-02-27 11:00:00+05:30,37093.80078125,37177.69921875,37091.3984375,37173.94921875,0,0.0,0.0,^CNXENERGY
2026-02-27 11:05:00+05:30,37175.44921875,37209.0,37173.69921875,37194.3515625,0,0.0,0.0,^CNXENERGY
2026-02-27 11:10:00+05:30,37194.6484375,37203.55078125,37175.55078125,37196.55078125,0,0.0,0.0,^CNXENERGY
2026-02-27 11:15:00+05:30,37198.30078125,37200.19921875,37146.44921875,37149.80078125,0,0.0,0.0,^CNXENERGY
2026-02-27 11:20:00+05:30,37152.25,37167.30078125,37135.05078125,37156.80078125,0,0.0,0.0,^CNXENERGY
2026-02-27 11:25:00+05:30,37158.1015625,37160.1484375,37127.5,37127.5,0,0.0,0.0,^CNXENERGY
2026-02-27 11:30:00+05:30,37129.0,37132.8515625,37087.80078125,37087.80078125,0,0.0,0.0,^CNXENERGY
2026-02-27 11:35:00+05:30,37087.69921875,37091.30078125,37040.6484375,37066.69921875,0,0.0,0.0,^CNXENERGY
2026-02-27 11:40:00+05:30,37067.3984375,37112.1015625,37060.8984375,37104.5,0,0.0,0.0,^CNXENERGY
2026-02-27 11:45:00+05:30,37106.3984375,37116.6015625,37097.44921875,37107.3515625,0,0.0,0.0,^CNXENERGY
2026-02-27 11:50:00+05:30,37107.6484375,37127.8984375,37092.75,37110.0,0,0.0,0.0,^CNXENERGY
2026-02-27 11:55:00+05:30,37110.8984375,37156.44921875,37099.69921875,37149.6015625,0,0.0,0.0,^CNXENERGY
2026-02-27 12:00:00+05:30,37150.44921875,37174.6484375,37129.3984375,37132.94921875,0,0.0,0.0,^CNXENERGY
2026-02-27 12:05:00+05:30,37134.1015625,37136.94921875,37097.30078125,37107.44921875,0,0.0,0.0,^CNXENERGY
2026-02-27 12:10:00+05:30,37108.1015625,37116.19921875,37094.25,37102.3984375,0,0.0,0.0,^CNXENERGY
2026-02-27 12:15:00+05:30,37105.05078125,37122.1484375,37091.5,37111.19921875,0,0.0,0.0,^CNXENERGY
2026-02-27 12:20:00+05:30,37112.5,37138.80078125,37090.75,37092.80078125,0,0.0,0.0,^CNXENERGY
2026-02-27 12:25:00+05:30,37095.30078125,37157.5,37094.30078125,37140.25,0,0.0,0.0,^CNXENERGY
2026-02-27 12:30:00+05:30,37143.0,37146.3515625,37117.05078125,37120.1015625,0,0.0,0.0,^CNXENERGY
2026-02-27 12:35:00+05:30,37121.25,37122.44921875,37093.94921875,37094.3984375,0,0.0,0.0,^CNXENERGY
2026-02-27 12:40:00+05:30,37097.1484375,37110.30078125,37086.3984375,37099.25,0,0.0,0.0,^CNXENERGY
2026-02-27 12:45:00+05:30,37098.5,37148.25,37093.44921875,37126.3984375,0,0.0,0.0,^CNXENERGY
2026-02-27 12:50:00+05:30,37133.25,37186.1015625,37133.25,37153.8984375,0,0.0,0.0,^CNXENERGY
2026-02-27 12:55:00+05:30,37152.3515625,37156.6484375,37126.69921875,37136.94921875,0,0.0,0.0,^CNXENERGY
2026-02-27 13:00:00+05:30,37136.1015625,37144.80078125,37130.8515625,37132.5,0,0.0,0.0,^CNXENERGY
2026-02-27 13:05:00+05:30,37133.3515625,37149.94921875,37133.3515625,37141.3984375,0,0.0,0.0,^CNXENERGY
2026-02-27 13:10:00+05:30,37140.1484375,37149.1015625,37124.80078125,37135.1015625,0,0.0,0.0,^CNXENERGY
2026-02-27 13:15:00+05:30,37132.0,37180.55078125,37128.80078125,37151.1484375,0,0.0,0.0,^CNXENERGY
2026-02-27 13:20:00+05:30,37151.1015625,37169.8984375,37147.55078125,37165.55078125,0,0.0,0.0,^CNXENERGY
2026-02-27 13:25:00+05:30,37165.80078125,37229.1015625,37163.3984375,37210.75,0,0.0,0.0,^CNXENERGY
2026-02-27 13:30:00+05:30,37210.75,37213.55078125,37192.3984375,37192.3984375,0,0.0,0.0,^CNXENERGY
2026-02-27 13:35:00+05:30,37193.19921875,37204.44921875,37175.0,37185.8515625,0,0.0,0.0,^CNXENERGY
2026-02-27 13:40:00+05:30,37185.1015625,37207.69921875,37181.30078125,37195.3515625,0,0.0,0.0,^CNXENERGY
2026-02-27 13:45:00+05:30,37196.05078125,37235.94921875,37187.69921875,37223.44921875,0,0.0,0.0,^CNXENERGY
2026-02-27 13:50:00+05:30,37225.25,37228.6015625,37206.1015625,37225.8984375,0,0.0,0.0,^CNXENERGY
2026-02-27 13:55:00+05:30,37225.8984375,37276.5,37225.6015625,37271.25,0,0.0,0.0,^CNXENERGY
2026-02-27 14:00:00+05:30,37273.6484375,37293.05078125,37257.55078125,37268.80078125,0,0.0,0.0,^CNXENERGY
2026-02-27 14:05:00+05:30,37268.3515625,37288.19921875,37260.05078125,37288.19921875,0,0.0,0.0,^CNXENERGY
2026-02-27 14:10:00+05:30,37288.5,37303.8515625,37253.6484375,37259.6015625,0,0.0,0.0,^CNXENERGY
2026-02-27 14:15:00+05:30,37260.69921875,37267.3984375,37251.6015625,37265.44921875,0,0.0,0.0,^CNXENERGY
2026-02-27 14:20:00+05:30,37265.19921875,37290.55078125,37260.75,37281.55078125,0,0.0,0.0,^CNXENERGY
2026-02-27 14:25:00+05:30,37282.80078125,37284.94921875,37248.25,37252.1015625,0,0.0,0.0,^CNXENERGY
2026-02-27 14:30:00+05:30,37254.19921875,37264.8515625,37240.25,37252.25,0,0.0,0.0,^CNXENERGY
2026-02-27 14:35:00+05:30,37252.1015625,37286.75,37252.1015625,37253.80078125,0,0.0,0.0,^CNXENERGY
2026-02-27 14:40:00+05:30,37253.8515625,37263.3515625,37240.1484375,37243.3984375,0,0.0,0.0,^CNXENERGY
2026-02-27 14:45:00+05:30,37244.3515625,37245.05078125,37194.55078125,37225.0,0,0.0,0.0,^CNXENERGY
2026-02-27 14:50:00+05:30,37224.19921875,37244.69921875,37223.19921875,37233.25,0,0.0,0.0,^CNXENERGY
2026-02-27 14:55:00+05:30,37234.3515625,37265.3984375,37232.69921875,37260.3984375,0,0.0,0.0,^CNXENERGY
2026-02-27 15:00:00+05:30,37261.3984375,37261.3984375,37035.1484375,37042.6484375,0,0.0,0.0,^CNXENERGY
2026-02-27 15:05:00+05:30,37040.5,37057.3984375,36985.3984375,37020.8984375,0,0.0,0.0,^CNXENERGY
2026-02-27 15:10:00+05:30,37020.3515625,37075.75,37020.3515625,37025.94921875,0,0.0,0.0,^CNXENERGY
2026-02-27 15:15:00+05:30,37026.44921875,37067.6015625,37016.1484375,37019.3984375,0,0.0,0.0,^CNXENERGY
2026-02-27 15:20:00+05:30,37018.1015625,37027.8984375,36992.8984375,37019.0,0,0.0,0.0,^CNXENERGY
2026-02-27 15:25:00+05:30,37019.3515625,37039.75,37004.3984375,37021.30078125,0,0.0,0.0,^CNXENERGY
2026-03-02 09:15:00+05:30,36178.5,36638.5,36178.5,36605.75,0,0.0,0.0,^CNXENERGY
2026-03-02 09:20:00+05:30,36611.25,36755.8515625,36525.05078125,36628.25,0,0.0,0.0,^CNXENERGY
2026-03-02 09:25:00+05:30,36627.75,36638.3984375,36516.69921875,36540.5,0,0.0,0.0,^CNXENERGY
2026-03-02 09:30:00+05:30,36543.44921875,36686.1484375,36538.75,36648.6015625,0,0.0,0.0,^CNXENERGY
2026-03-02 09:35:00+05:30,36646.05078125,36646.5,36567.30078125,36574.55078125,0,0.0,0.0,^CNXENERGY
2026-03-02 09:40:00+05:30,36573.05078125,36655.8515625,36547.25,36627.94921875,0,0.0,0.0,^CNXENERGY
2026-03-02 09:45:00+05:30,36624.25,36689.8984375,36605.6015625,36634.8515625,0,0.0,0.0,^CNXENERGY
2026-03-02 09:50:00+05:30,36636.6015625,36636.6015625,36529.1484375,36531.80078125,0,0.0,0.0,^CNXENERGY
2026-03-02 09:55:00+05:30,36530.25,36608.3984375,36528.1015625,36602.1484375,0,0.0,0.0,^CNXENERGY
2026-03-02 10:00:00+05:30,36599.8515625,36629.3515625,36560.0,36571.0,0,0.0,0.0,^CNXENERGY
2026-03-02 10:05:00+05:30,36573.3984375,36575.94921875,36510.0,36516.1484375,0,0.0,0.0,^CNXENERGY
2026-03-02 10:10:00+05:30,36515.25,36519.19921875,36472.25,36519.19921875,0,0.0,0.0,^CNXENERGY
2026-03-02 10:15:00+05:30,36518.94921875,36585.05078125,36490.05078125,36561.25,0,0.0,0.0,^CNXENERGY
2026-03-02 10:20:00+05:30,36561.5,36579.55078125,36531.8984375,36577.75,0,0.0,0.0,^CNXENERGY
2026-03-02 10:25:00+05:30,36575.3984375,36592.3984375,36528.8515625,36533.6484375,0,0.0,0.0,^CNXENERGY
2026-03-02 10:30:00+05:30,36531.19921875,36598.5,36516.1015625,36579.44921875,0,0.0,0.0,^CNXENERGY
2026-03-02 10:35:00+05:30,36580.80078125,36609.6015625,36563.6015625,36590.80078125,0,0.0,0.0,^CNXENERGY
2026-03-02 10:40:00+05:30,36589.69921875,36596.69921875,36513.25,36518.1015625,0,0.0,0.0,^CNXENERGY
2026-03-02 10:45:00+05:30,36517.80078125,36564.44921875,36513.3984375,36520.0,0,0.0,0.0,^CNXENERGY
2026-03-02 10:50:00+05:30,36520.6484375,36556.19921875,36517.0,36523.3984375,0,0.0,0.0,^CNXENERGY
2026-03-02 10:55:00+05:30,36520.8515625,36613.3515625,36509.75,36562.30078125,0,0.0,0.0,^CNXENERGY
2026-03-02 11:00:00+05:30,36564.5,36584.5,36556.05078125,36569.19921875,0,0.0,0.0,^CNXENERGY
2026-03-02 11:05:00+05:30,36567.6484375,36595.1484375,36560.6015625,36586.6484375,0,0.0,0.0,^CNXENERGY
2026-03-02 11:10:00+05:30,36585.75,36596.8984375,36551.94921875,36560.30078125,0,0.0,0.0,^CNXENERGY
2026-03-02 11:15:00+05:30,36559.75,36573.05078125,36523.8515625,36529.19921875,0,0.0,0.0,^CNXENERGY
2026-03-02 11:20:00+05:30,36526.94921875,36528.6015625,36494.6015625,36518.25,0,0.0,0.0,^CNXENERGY
2026-03-02 11:25:00+05:30,36518.6015625,36524.75,36461.44921875,36466.94921875,0,0.0,0.0,^CNXENERGY
2026-03-02 11:30:00+05:30,36464.05078125,36476.44921875,36433.6015625,36433.6015625,0,0.0,0.0,^CNXENERGY
2026-03-02 11:35:00+05:30,36434.30078125,36469.8984375,36429.6015625,36465.94921875,0,0.0,0.0,^CNXENERGY
2026-03-02 11:40:00+05:30,36464.3515625,36477.1484375,36436.25,36472.1015625,0,0.0,0.0,^CNXENERGY
2026-03-02 11:45:00+05:30,36472.0,36483.8515625,36448.6484375,36455.3984375,0,0.0,0.0,^CNXENERGY
2026-03-02 11:50:00+05:30,36455.3984375,36462.55078125,36399.44921875,36406.80078125,0,0.0,0.0,^CNXENERGY
2026-03-02 11:55:00+05:30,36407.25,36416.3984375,36374.05078125,36374.6484375,0,0.0,0.0,^CNXENERGY
2026-03-02 12:00:00+05:30,36374.25,36374.25,36315.6484375,36321.1015625,0,0.0,0.0,^CNXENERGY
2026-03-02 12:05:00+05:30,36322.8515625,36343.94921875,36300.69921875,36327.25,0,0.0,0.0,^CNXENERGY
2026-03-02 12:10:00+05:30,36328.05078125,36331.6484375,36261.8984375,36261.8984375,0,0.0,0.0,^CNXENERGY
2026-03-02 12:15:00+05:30,36259.5,36267.6484375,36235.55078125,36237.3984375,0,0.0,0.0,^CNXENERGY
2026-03-02 12:20:00+05:30,36240.8984375,36251.30078125,36216.25,36229.69921875,0,0.0,0.0,^CNXENERGY
2026-03-02 12:25:00+05:30,36228.25,36235.25,36208.0,36229.19921875,0,0.0,0.0,^CNXENERGY
2026-03-02 12:30:00+05:30,36228.55078125,36232.8515625,36213.30078125,36220.6484375,0,0.0,0.0,^CNXENERGY
2026-03-02 12:35:00+05:30,36223.44921875,36229.94921875,36171.25,36176.8984375,0,0.0,0.0,^CNXENERGY
2026-03-02 12:40:00+05:30,36176.3984375,36205.19921875,36164.30078125,36189.80078125,0,0.0,0.0,^CNXENERGY
2026-03-02 12:45:00+05:30,36188.19921875,36217.19921875,36169.1015625,36207.8515625,0,0.0,0.0,^CNXENERGY
2026-03-02 12:50:00+05:30,36206.0,36227.30078125,36165.6015625,36205.30078125,0,0.0,0.0,^CNXENERGY
2026-03-02 12:55:00+05:30,36205.44921875,36237.19921875,36189.19921875,36232.3515625,0,0.0,0.0,^CNXENERGY
2026-03-02 13:00:00+05:30,36232.80078125,36273.1015625,36193.94921875,36199.55078125,0,0.0,0.0,^CNXENERGY
2026-03-02 13:05:00+05:30,36199.80078125,36199.80078125,36179.1015625,36183.3984375,0,0.0,0.0,^CNXENERGY
2026-03-02 13:10:00+05:30,36185.6484375,36207.69921875,36166.80078125,36174.75,0,0.0,0.0,^CNXENERGY
2026-03-02 13:15:00+05:30,36174.8515625,36190.25,36151.1015625,36156.6484375,0,0.0,0.0,^CNXENERGY
2026-03-02 13:20:00+05:30,36156.0,36165.55078125,36139.0,36150.55078125,0,0.0,0.0,^CNXENERGY
2026-03-02 13:25:00+05:30,36150.1015625,36150.1015625,36118.6015625,36126.1015625,0,0.0,0.0,^CNXENERGY
2026-03-02 13:30:00+05:30,36125.0,36146.05078125,36105.44921875,36126.25,0,0.0,0.0,^CNXENERGY
2026-03-02 13:35:00+05:30,36124.5,36157.1484375,36119.1484375,36140.1015625,0,0.0,0.0,^CNXENERGY
2026-03-02 13:40:00+05:30,36140.30078125,36167.3984375,36114.1015625,36164.80078125,0,0.0,0.0,^CNXENERGY
2026-03-02 13:45:00+05:30,36166.1484375,36188.19921875,36137.75,36139.5,0,0.0,0.0,^CNXENERGY
2026-03-02 13:50:00+05:30,36139.69921875,36141.0,36059.19921875,36059.19921875,0,0.0,0.0,^CNXENERGY
2026-03-02 13:55:00+05:30,36062.8515625,36065.30078125,36023.25,36042.05078125,0,0.0,0.0,^CNXENERGY
2026-03-02 14:00:00+05:30,36041.25,36223.55078125,36006.94921875,36175.8515625,0,0.0,0.0,^CNXENERGY
2026-03-02 14:05:00+05:30,36173.69921875,36304.3515625,36170.8984375,36258.6015625,0,0.0,0.0,^CNXENERGY
2026-03-02 14:10:00+05:30,36259.25,36351.75,36258.55078125,36345.30078125,0,0.0,0.0,^CNXENERGY
2026-03-02 14:15:00+05:30,36348.1015625,36376.75,36320.30078125,36347.75,0,0.0,0.0,^CNXENERGY
2026-03-02 14:20:00+05:30,36348.19921875,36358.55078125,36293.1484375,36317.6015625,0,0.0,0.0,^CNXENERGY
2026-03-02 14:25:00+05:30,36317.25,36324.0,36243.1484375,36243.3515625,0,0.0,0.0,^CNXENERGY
2026-03-02 14:30:00+05:30,36244.25,36338.05078125,36210.8515625,36338.05078125,0,0.0,0.0,^CNXENERGY
2026-03-02 14:35:00+05:30,36340.6484375,36426.19921875,36340.6484375,36402.75,0,0.0,0.0,^CNXENERGY
2026-03-02 14:40:00+05:30,36402.30078125,36449.55078125,36389.30078125,36429.30078125,0,0.0,0.0,^CNXENERGY
2026-03-02 14:45:00+05:30,36430.80078125,36461.8515625,36385.55078125,36433.80078125,0,0.0,0.0,^CNXENERGY
2026-03-02 14:50:00+05:30,36432.25,36455.3515625,36402.19921875,36445.3515625,0,0.0,0.0,^CNXENERGY
2026-03-02 14:55:00+05:30,36445.69921875,36460.8984375,36349.80078125,36360.30078125,0,0.0,0.0,^CNXENERGY
2026-03-02 15:00:00+05:30,36357.6484375,36466.30078125,36340.6015625,36446.19921875,0,0.0,0.0,^CNXENERGY
2026-03-02 15:05:00+05:30,36445.6484375,36489.1484375,36418.3984375,36459.19921875,0,0.0,0.0,^CNXENERGY
2026-03-02 15:10:00+05:30,36461.8515625,36495.19921875,36449.30078125,36487.1484375,0,0.0,0.0,^CNXENERGY
2026-03-02 15:15:00+05:30,36487.30078125,36487.75,36452.05078125,36475.69921875,0,0.0,0.0,^CNXENERGY
2026-03-02 15:20:00+05:30,36476.19921875,36492.25,36440.6015625,36445.19921875,0,0.0,0.0,^CNXENERGY
2026-03-02 15:25:00+05:30,36447.0,36476.75,36430.05078125,36432.6484375,0,0.0,0.0,^CNXENERGY
2026-03-04 09:15:00+05:30,35996.25,36039.1484375,35830.3515625,35906.0,0,0.0,0.0,^CNXENERGY
2026-03-04 09:20:00+05:30,35903.6015625,35918.3515625,35710.69921875,35723.8515625,0,0.0,0.0,^CNXENERGY
2026-03-04 09:25:00+05:30,35721.8515625,35729.94921875,35614.44921875,35624.44921875,0,0.0,0.0,^CNXENERGY
2026-03-04 09:30:00+05:30,35621.30078125,35710.69921875,35616.80078125,35665.8515625,0,0.0,0.0,^CNXENERGY
2026-03-04 09:35:00+05:30,35668.69921875,35719.94921875,35645.0,35672.1015625,0,0.0,0.0,^CNXENERGY
2026-03-04 09:40:00+05:30,35674.80078125,35783.1015625,35674.80078125,35770.94921875,0,0.0,0.0,^CNXENERGY
2026-03-04 09:45:00+05:30,35774.30078125,35805.6015625,35681.8515625,35721.0,0,0.0,0.0,^CNXENERGY
2026-03-04 09:50:00+05:30,35719.05078125,35733.94921875,35679.1484375,35691.8515625,0,0.0,0.0,^CNXENERGY
2026-03-04 09:55:00+05:30,35689.05078125,35690.6484375,35631.80078125,35656.5,0,0.0,0.0,^CNXENERGY
2026-03-04 10:00:00+05:30,35654.69921875,35682.5,35615.6015625,35653.25,0,0.0,0.0,^CNXENERGY
2026-03-04 10:05:00+05:30,35652.94921875,35770.25,35651.05078125,35768.1015625,0,0.0,0.0,^CNXENERGY
2026-03-04 10:10:00+05:30,35768.19921875,35860.3984375,35742.30078125,35857.75,0,0.0,0.0,^CNXENERGY
2026-03-04 10:15:00+05:30,35855.3515625,35855.3515625,35774.05078125,35776.44921875,0,0.0,0.0,^CNXENERGY
2026-03-04 10:20:00+05:30,35777.8984375,35843.0,35766.30078125,35791.05078125,0,0.0,0.0,^CNXENERGY
2026-03-04 10:25:00+05:30,35790.19921875,35824.80078125,35767.55078125,35801.05078125,0,0.0,0.0,^CNXENERGY
2026-03-04 10:30:00+05:30,35802.05078125,35835.6015625,35768.44921875,35774.69921875,0,0.0,0.0,^CNXENERGY
2026-03-04 10:35:00+05:30,35777.19921875,35800.6484375,35733.19921875,35736.6015625,0,0.0,0.0,^CNXENERGY
2026-03-04 10:40:00+05:30,35733.6484375,35743.0,35698.8515625,35720.55078125,0,0.0,0.0,^CNXENERGY
2026-03-04 10:45:00+05:30,35721.25,35784.19921875,35719.19921875,35721.69921875,0,0.0,0.0,^CNXENERGY
2026-03-04 10:50:00+05:30,35723.5,35736.3515625,35694.30078125,35730.8515625,0,0.0,0.0,^CNXENERGY
2026-03-04 10:55:00+05:30,35731.80078125,35736.0,35696.55078125,35713.05078125,0,0.0,0.0,^CNXENERGY
2026-03-04 11:00:00+05:30,35712.30078125,35773.3515625,35693.75,35759.1484375,0,0.0,0.0,^CNXENERGY
2026-03-04 11:05:00+05:30,35756.25,35797.1015625,35703.94921875,35783.5,0,0.0,0.0,^CNXENERGY
2026-03-04 11:10:00+05:30,35783.6015625,35808.55078125,35731.44921875,35732.80078125,0,0.0,0.0,^CNXENERGY
2026-03-04 11:15:00+05:30,35731.8515625,35737.69921875,35690.6484375,35691.69921875,0,0.0,0.0,^CNXENERGY
2026-03-04 11:20:00+05:30,35690.69921875,35727.5,35685.94921875,35693.75,0,0.0,0.0,^CNXENERGY
2026-03-04 11:25:00+05:30,35693.30078125,35709.3515625,35642.80078125,35646.19921875,0,0.0,0.0,^CNXENERGY
2026-03-04 11:30:00+05:30,35647.6484375,35673.94921875,35632.75,35661.55078125,0,0.0,0.0,^CNXENERGY
2026-03-04 11:35:00+05:30,35662.1015625,35703.05078125,35640.6015625,35646.0,0,0.0,0.0,^CNXENERGY
2026-03-04 11:40:00+05:30,35644.19921875,35673.80078125,35633.6484375,35638.6015625,0,0.0,0.0,^CNXENERGY
2026-03-04 11:45:00+05:30,35638.55078125,35640.30078125,35609.55078125,35628.0,0,0.0,0.0,^CNXENERGY
2026-03-04 11:50:00+05:30,35627.75,35687.6484375,35626.75,35635.80078125,0,0.0,0.0,^CNXENERGY
2026-03-04 11:55:00+05:30,35637.94921875,35667.3984375,35633.6484375,35666.6484375,0,0.0,0.0,^CNXENERGY
2026-03-04 12:00:00+05:30,35665.69921875,35691.30078125,35665.69921875,35687.19921875,0,0.0,0.0,^CNXENERGY
2026-03-04 12:05:00+05:30,35687.44921875,35687.94921875,35645.1484375,35657.3515625,0,0.0,0.0,^CNXENERGY
2026-03-04 12:10:00+05:30,35660.44921875,35677.75,35634.6484375,35637.6484375,0,0.0,0.0,^CNXENERGY
2026-03-04 12:15:00+05:30,35638.5,35642.8984375,35608.55078125,35614.1015625,0,0.0,0.0,^CNXENERGY
2026-03-04 12:20:00+05:30,35613.3984375,35634.05078125,35607.80078125,35614.80078125,0,0.0,0.0,^CNXENERGY
2026-03-04 12:25:00+05:30,35617.44921875,35624.05078125,35585.0,35592.5,0,0.0,0.0,^CNXENERGY
2026-03-04 12:30:00+05:30,35594.1484375,35601.30078125,35580.6015625,35595.0,0,0.0,0.0,^CNXENERGY
2026-03-04 12:35:00+05:30,35596.44921875,35614.1015625,35584.05078125,35586.6484375,0,0.0,0.0,^CNXENERGY
2026-03-04 12:40:00+05:30,35585.8515625,35590.94921875,35544.75,35581.80078125,0,0.0,0.0,^CNXENERGY
2026-03-04 12:45:00+05:30,35581.30078125,35614.8515625,35555.6015625,35559.0,0,0.0,0.0,^CNXENERGY
2026-03-04 12:50:00+05:30,35556.55078125,35583.69921875,35543.25,35574.44921875,0,0.0,0.0,^CNXENERGY
2026-03-04 12:55:00+05:30,35574.94921875,35623.25,35569.25,35602.1484375,0,0.0,0.0,^CNXENERGY
2026-03-04 13:00:00+05:30,35602.5,35638.8984375,35602.5,35625.80078125,0,0.0,0.0,^CNXENERGY
2026-03-04 13:05:00+05:30,35625.75,35657.19921875,35623.55078125,35652.1484375,0,0.0,0.0,^CNXENERGY
2026-03-04 13:10:00+05:30,35650.80078125,35695.69921875,35643.3515625,35693.6484375,0,0.0,0.0,^CNXENERGY
2026-03-04 13:15:00+05:30,35693.5,35697.8984375,35632.25,35642.6484375,0,0.0,0.0,^CNXENERGY
2026-03-04 13:20:00+05:30,35641.44921875,35709.19921875,35621.69921875,35695.5,0,0.0,0.0,^CNXENERGY
2026-03-04 13:25:00+05:30,35693.94921875,35728.80078125,35660.80078125,35661.55078125,0,0.0,0.0,^CNXENERGY
2026-03-04 13:30:00+05:30,35659.8515625,35666.19921875,35605.44921875,35605.44921875,0,0.0,0.0,^CNXENERGY
2026-03-04 13:35:00+05:30,35602.80078125,35607.55078125,35577.25,35599.75,0,0.0,0.0,^CNXENERGY
2026-03-04 13:40:00+05:30,35601.25,35607.30078125,35568.69921875,35603.6484375,0,0.0,0.0,^CNXENERGY
2026-03-04 13:45:00+05:30,35605.19921875,35610.80078125,35538.8984375,35538.8984375,0,0.0,0.0,^CNXENERGY
2026-03-04 13:50:00+05:30,35539.8984375,35546.6484375,35503.3984375,35506.75,0,0.0,0.0,^CNXENERGY
2026-03-04 13:55:00+05:30,35507.5,35550.6015625,35497.6484375,35545.75,0,0.0,0.0,^CNXENERGY
2026-03-04 14:00:00+05:30,35548.0,35571.3515625,35548.0,35568.5,0,0.0,0.0,^CNXENERGY
2026-03-04 14:05:00+05:30,35569.44921875,35633.19921875,35541.0,35631.1484375,0,0.0,0.0,^CNXENERGY
2026-03-04 14:10:00+05:30,35631.5,35724.69921875,35614.3515625,35721.80078125,0,0.0,0.0,^CNXENERGY
2026-03-04 14:15:00+05:30,35723.1484375,35756.80078125,35683.80078125,35751.8515625,0,0.0,0.0,^CNXENERGY
2026-03-04 14:20:00+05:30,35751.8984375,35752.25,35675.8515625,35678.75,0,0.0,0.0,^CNXENERGY
2026-03-04 14:25:00+05:30,35682.3984375,35687.5,35634.3984375,35637.1015625,0,0.0,0.0,^CNXENERGY
2026-03-04 14:30:00+05:30,35634.5,35675.3984375,35602.3984375,35650.6015625,0,0.0,0.0,^CNXENERGY
2026-03-04 14:35:00+05:30,35648.8984375,35674.05078125,35611.3984375,35669.3984375,0,0.0,0.0,^CNXENERGY
2026-03-04 14:40:00+05:30,35668.30078125,35735.6484375,35668.30078125,35719.69921875,0,0.0,0.0,^CNXENERGY
2026-03-04 14:45:00+05:30,35718.8515625,35737.1484375,35658.6015625,35713.75,0,0.0,0.0,^CNXENERGY
2026-03-04 14:50:00+05:30,35710.69921875,35742.44921875,35694.05078125,35722.0,0,0.0,0.0,^CNXENERGY
2026-03-04 14:55:00+05:30,35721.6484375,35772.25,35711.44921875,35734.6015625,0,0.0,0.0,^CNXENERGY
2026-03-04 15:00:00+05:30,35737.1484375,35750.80078125,35643.05078125,35647.6484375,0,0.0,0.0,^CNXENERGY
2026-03-04 15:05:00+05:30,35646.1015625,35664.55078125,35589.69921875,35589.69921875,0,0.0,0.0,^CNXENERGY
2026-03-04 15:10:00+05:30,35586.69921875,35596.75,35573.05078125,35578.1484375,0,0.0,0.0,^CNXENERGY
2026-03-04 15:15:00+05:30,35577.0,35589.3515625,35555.75,35574.6484375,0,0.0,0.0,^CNXENERGY
2026-03-04 15:20:00+05:30,35572.8515625,35580.69921875,35544.94921875,35549.1484375,0,0.0,0.0,^CNXENERGY
2026-03-04 15:25:00+05:30,35547.44921875,35557.44921875,35497.44921875,35512.8515625,0,0.0,0.0,^CNXENERGY
2026-03-05 09:15:00+05:30,35765.19921875,36053.1015625,35765.19921875,36037.3984375,0,0.0,0.0,^CNXENERGY
2026-03-05 09:20:00+05:30,36040.75,36202.3984375,36008.94921875,36202.3984375,0,0.0,0.0,^CNXENERGY
2026-03-05 09:25:00+05:30,36201.6015625,36211.75,36096.1015625,36121.3984375,0,0.0,0.0,^CNXENERGY
2026-03-05 09:30:00+05:30,36124.6015625,36141.1484375,36070.94921875,36131.30078125,0,0.0,0.0,^CNXENERGY
2026-03-05 09:35:00+05:30,36132.1015625,36133.80078125,36080.6015625,36092.0,0,0.0,0.0,^CNXENERGY
2026-03-05 09:40:00+05:30,36090.6484375,36144.30078125,36086.1015625,36133.1015625,0,0.0,0.0,^CNXENERGY
2026-03-05 09:45:00+05:30,36132.55078125,36203.5,36118.80078125,36176.80078125,0,0.0,0.0,^CNXENERGY
2026-03-05 09:50:00+05:30,36176.44921875,36268.3984375,36174.75,36262.0,0,0.0,0.0,^CNXENERGY
2026-03-05 09:55:00+05:30,36264.25,36280.6484375,36217.25,36253.69921875,0,0.0,0.0,^CNXENERGY
2026-03-05 10:00:00+05:30,36254.3984375,36305.30078125,36254.1484375,36280.55078125,0,0.0,0.0,^CNXENERGY
2026-03-05 10:05:00+05:30,36277.94921875,36308.80078125,36253.6015625,36254.8515625,0,0.0,0.0,^CNXENERGY
2026-03-05 10:10:00+05:30,36258.94921875,36259.5,36199.8984375,36206.25,0,0.0,0.0,^CNXENERGY
2026-03-05 10:15:00+05:30,36205.5,36253.1484375,36175.5,36177.69921875,0,0.0,0.0,^CNXENERGY
2026-03-05 10:20:00+05:30,36179.30078125,36202.30078125,36154.19921875,36165.05078125,0,0.0,0.0,^CNXENERGY
2026-03-05 10:25:00+05:30,36167.69921875,36169.6015625,36106.55078125,36146.0,0,0.0,0.0,^CNXENERGY
2026-03-05 10:30:00+05:30,36147.6484375,36161.44921875,36129.1015625,36158.6484375,0,0.0,0.0,^CNXENERGY
2026-03-05 10:35:00+05:30,36158.30078125,36265.3515625,36157.94921875,36263.5,0,0.0,0.0,^CNXENERGY
2026-03-05 10:40:00+05:30,36262.30078125,36301.44921875,36261.80078125,36287.3984375,0,0.0,0.0,^CNXENERGY
2026-03-05 10:45:00+05:30,36286.6015625,36306.0,36274.55078125,36285.8515625,0,0.0,0.0,^CNXENERGY
2026-03-05 10:50:00+05:30,36284.44921875,36289.8515625,36254.8984375,36281.80078125,0,0.0,0.0,^CNXENERGY
2026-03-05 10:55:00+05:30,36283.8984375,36313.30078125,36262.5,36281.80078125,0,0.0,0.0,^CNXENERGY
2026-03-05 11:00:00+05:30,36281.25,36293.1484375,36250.8984375,36260.1484375,0,0.0,0.0,^CNXENERGY
2026-03-05 11:05:00+05:30,36263.1015625,36278.3515625,36253.5,36267.1484375,0,0.0,0.0,^CNXENERGY
2026-03-05 11:10:00+05:30,36267.8984375,36283.3515625,36241.3984375,36241.3984375,0,0.0,0.0,^CNXENERGY
2026-03-05 11:15:00+05:30,36240.3984375,36292.8515625,36226.80078125,36277.3515625,0,0.0,0.0,^CNXENERGY
2026-03-05 11:20:00+05:30,36279.44921875,36280.25,36243.5,36253.25,0,0.0,0.0,^CNXENERGY
2026-03-05 11:25:00+05:30,36253.6484375,36258.1484375,36207.44921875,36226.55078125,0,0.0,0.0,^CNXENERGY
2026-03-05 11:30:00+05:30,36228.75,36284.3984375,36228.75,36251.1484375,0,0.0,0.0,^CNXENERGY
2026-03-05 11:35:00+05:30,36255.19921875,36255.19921875,36200.8984375,36218.69921875,0,0.0,0.0,^CNXENERGY
2026-03-05 11:40:00+05:30,36219.30078125,36219.30078125,36186.44921875,36194.69921875,0,0.0,0.0,^CNXENERGY
2026-03-05 11:45:00+05:30,36198.0,36198.80078125,36146.80078125,36152.55078125,0,0.0,0.0,^CNXENERGY
2026-03-05 11:50:00+05:30,36150.44921875,36208.55078125,36146.55078125,36206.80078125,0,0.0,0.0,^CNXENERGY
2026-03-05 11:55:00+05:30,36209.19921875,36209.3984375,36155.6484375,36169.69921875,0,0.0,0.0,^CNXENERGY
2026-03-05 12:00:00+05:30,36170.3515625,36203.30078125,36160.30078125,36187.1484375,0,0.0,0.0,^CNXENERGY
2026-03-05 12:05:00+05:30,36193.05078125,36222.69921875,36184.05078125,36214.6015625,0,0.0,0.0,^CNXENERGY
2026-03-05 12:10:00+05:30,36215.19921875,36289.0,36207.8984375,36285.80078125,0,0.0,0.0,^CNXENERGY
2026-03-05 12:15:00+05:30,36288.19921875,36324.8515625,36270.75,36315.3515625,0,0.0,0.0,^CNXENERGY
2026-03-05 12:20:00+05:30,36314.30078125,36370.05078125,36307.0,36307.19921875,0,0.0,0.0,^CNXENERGY
2026-03-05 12:25:00+05:30,36306.69921875,36346.8515625,36296.1484375,36332.75,0,0.0,0.0,^CNXENERGY
2026-03-05 12:30:00+05:30,36334.0,36355.55078125,36317.30078125,36319.44921875,0,0.0,0.0,^CNXENERGY
2026-03-05 12:35:00+05:30,36318.8515625,36340.3515625,36309.6015625,36338.05078125,0,0.0,0.0,^CNXENERGY
2026-03-05 12:40:00+05:30,36339.3984375,36339.3984375,36300.1484375,36300.1484375,0,0.0,0.0,^CNXENERGY
2026-03-05 12:45:00+05:30,36300.30078125,36313.6015625,36288.69921875,36296.75,0,0.0,0.0,^CNXENERGY
2026-03-05 12:50:00+05:30,36297.25,36323.55078125,36292.8984375,36320.6015625,0,0.0,0.0,^CNXENERGY
2026-03-05 12:55:00+05:30,36323.3515625,36347.6484375,36322.80078125,36342.1015625,0,0.0,0.0,^CNXENERGY
2026-03-05 13:00:00+05:30,36341.75,36378.75,36310.30078125,36311.80078125,0,0.0,0.0,^CNXENERGY
2026-03-05 13:05:00+05:30,36312.80078125,36320.05078125,36271.8515625,36281.44921875,0,0.0,0.0,^CNXENERGY
2026-03-05 13:10:00+05:30,36282.5,36285.0,36238.6015625,36245.25,0,0.0,0.0,^CNXENERGY
2026-03-05 13:15:00+05:30,36253.1015625,36263.8984375,36242.3515625,36251.3515625,0,0.0,0.0,^CNXENERGY
2026-03-05 13:20:00+05:30,36255.0,36289.1484375,36220.55078125,36262.3515625,0,0.0,0.0,^CNXENERGY
2026-03-05 13:25:00+05:30,36263.8515625,36270.8515625,36244.55078125,36264.80078125,0,0.0,0.0,^CNXENERGY
2026-03-05 13:30:00+05:30,36267.3515625,36286.3515625,36233.44921875,36250.1015625,0,0.0,0.0,^CNXENERGY
2026-03-05 13:35:00+05:30,36248.3984375,36260.6484375,36232.25,36240.8984375,0,0.0,0.0,^CNXENERGY
2026-03-05 13:40:00+05:30,36241.3984375,36243.75,36217.80078125,36231.0,0,0.0,0.0,^CNXENERGY
2026-03-05 13:45:00+05:30,36232.8515625,36244.05078125,36208.19921875,36208.19921875,0,0.0,0.0,^CNXENERGY
2026-03-05 13:50:00+05:30,36213.30078125,36215.3984375,36159.25,36164.55078125,0,0.0,0.0,^CNXENERGY
2026-03-05 13:55:00+05:30,36163.3515625,36181.5,36148.44921875,36168.25,0,0.0,0.0,^CNXENERGY
2026-03-05 14:00:00+05:30,36167.55078125,36190.94921875,36147.3515625,36184.94921875,0,0.0,0.0,^CNXENERGY
2026-03-05 14:05:00+05:30,36183.69921875,36188.6484375,36128.25,36132.5,0,0.0,0.0,^CNXENERGY
2026-03-05 14:10:00+05:30,36129.19921875,36132.0,36105.30078125,36108.8984375,0,0.0,0.0,^CNXENERGY
2026-03-05 14:15:00+05:30,36110.19921875,36138.94921875,36064.25,36067.1484375,0,0.0,0.0,^CNXENERGY
2026-03-05 14:20:00+05:30,36068.1484375,36145.80078125,36066.6015625,36138.8984375,0,0.0,0.0,^CNXENERGY
2026-03-05 14:25:00+05:30,36139.6484375,36164.44921875,36123.6015625,36160.5,0,0.0,0.0,^CNXENERGY
2026-03-05 14:30:00+05:30,36161.94921875,36162.80078125,36114.44921875,36125.3515625,0,0.0,0.0,^CNXENERGY
2026-03-05 14:35:00+05:30,36124.75,36234.0,36118.8984375,36233.5,0,0.0,0.0,^CNXENERGY
2026-03-05 14:40:00+05:30,36232.0,36311.05078125,36227.94921875,36264.75,0,0.0,0.0,^CNXENERGY
2026-03-05 14:45:00+05:30,36261.5,36306.19921875,36237.3515625,36288.30078125,0,0.0,0.0,^CNXENERGY
2026-03-05 14:50:00+05:30,36286.8515625,36347.75,36281.6484375,36346.05078125,0,0.0,0.0,^CNXENERGY
2026-03-05 14:55:00+05:30,36347.8984375,36407.05078125,36325.8515625,36392.5,0,0.0,0.0,^CNXENERGY
2026-03-05 15:00:00+05:30,36391.80078125,36396.0,36240.94921875,36283.0,0,0.0,0.0,^CNXENERGY
2026-03-05 15:05:00+05:30,36284.3515625,36314.1015625,36271.30078125,36289.0,0,0.0,0.0,^CNXENERGY
2026-03-05 15:10:00+05:30,36294.05078125,36298.69921875,36212.69921875,36223.19921875,0,0.0,0.0,^CNXENERGY
2026-03-05 15:15:00+05:30,36222.5,36294.80078125,36222.5,36251.30078125,0,0.0,0.0,^CNXENERGY
2026-03-05 15:20:00+05:30,36247.44921875,36290.80078125,36244.30078125,36263.8515625,0,0.0,0.0,^CNXENERGY
2026-03-05 15:25:00+05:30,36266.44921875,36293.19921875,36247.69921875,36271.6015625,0,0.0,0.0,^CNXENERGY
2026-03-06 09:15:00+05:30,36261.94921875,36274.1484375,36162.6015625,36204.3515625,0,0.0,0.0,^CNXENERGY
2026-03-06 09:20:00+05:30,36205.3984375,36364.44921875,36194.80078125,36344.6484375,0,0.0,0.0,^CNXENERGY
2026-03-06 09:25:00+05:30,36348.8515625,36466.30078125,36341.0,36448.69921875,0,0.0,0.0,^CNXENERGY
2026-03-06 09:30:00+05:30,36449.1015625,36496.3984375,36425.05078125,36476.19921875,0,0.0,0.0,^CNXENERGY
2026-03-06 09:35:00+05:30,36475.0,36525.44921875,36457.6484375,36489.75,0,0.0,0.0,^CNXENERGY
2026-03-06 09:40:00+05:30,36489.3515625,36576.30078125,36486.55078125,36573.1015625,0,0.0,0.0,^CNXENERGY
2026-03-06 09:45:00+05:30,36575.3515625,36605.8984375,36540.55078125,36542.6484375,0,0.0,0.0,^CNXENERGY
2026-03-06 09:50:00+05:30,36544.0,36557.1015625,36487.80078125,36500.55078125,0,0.0,0.0,^CNXENERGY
2026-03-06 09:55:00+05:30,36500.6484375,36501.3515625,36461.55078125,36479.19921875,0,0.0,0.0,^CNXENERGY
2026-03-06 10:00:00+05:30,36482.6484375,36512.44921875,36454.3984375,36466.94921875,0,0.0,0.0,^CNXENERGY
2026-03-06 10:05:00+05:30,36469.05078125,36525.19921875,36458.6015625,36505.80078125,0,0.0,0.0,^CNXENERGY
2026-03-06 10:10:00+05:30,36503.75,36522.5,36493.30078125,36505.19921875,0,0.0,0.0,^CNXENERGY
2026-03-06 10:15:00+05:30,36502.3984375,36535.25,36496.3515625,36499.55078125,0,0.0,0.0,^CNXENERGY
2026-03-06 10:20:00+05:30,36500.8515625,36504.80078125,36475.30078125,36504.75,0,0.0,0.0,^CNXENERGY
2026-03-06 10:25:00+05:30,36504.8515625,36526.3515625,36489.5,36497.8984375,0,0.0,0.0,^CNXENERGY
2026-03-06 10:30:00+05:30,36498.3515625,36499.6015625,36446.1015625,36449.5,0,0.0,0.0,^CNXENERGY
2026-03-06 10:35:00+05:30,36447.8984375,36472.8984375,36436.44921875,36461.8984375,0,0.0,0.0,^CNXENERGY
2026-03-06 10:40:00+05:30,36461.05078125,36463.19921875,36439.1015625,36445.5,0,0.0,0.0,^CNXENERGY
2026-03-06 10:45:00+05:30,36447.8515625,36457.3984375,36349.6484375,36355.8515625,0,0.0,0.0,^CNXENERGY
2026-03-06 10:50:00+05:30,36358.8515625,36403.6015625,36338.5,36351.19921875,0,0.0,0.0,^CNXENERGY
2026-03-06 10:55:00+05:30,36352.25,36356.3515625,36330.75,36341.75,0,0.0,0.0,^CNXENERGY
2026-03-06 11:00:00+05:30,36344.3984375,36437.3515625,36344.3984375,36429.94921875,0,0.0,0.0,^CNXENERGY
2026-03-06 11:05:00+05:30,36430.69921875,36468.8515625,36419.8984375,36468.8515625,0,0.0,0.0,^CNXENERGY
2026-03-06 11:10:00+05:30,36470.3515625,36491.1484375,36412.6484375,36412.8984375,0,0.0,0.0,^CNXENERGY
2026-03-06 11:15:00+05:30,36416.8984375,36422.44921875,36395.19921875,36408.3984375,0,0.0,0.0,^CNXENERGY
2026-03-06 11:20:00+05:30,36409.5,36421.8515625,36381.6015625,36383.25,0,0.0,0.0,^CNXENERGY
2026-03-06 11:25:00+05:30,36382.3984375,36386.3984375,36362.3515625,36374.55078125,0,0.0,0.0,^CNXENERGY
2026-03-06 11:30:00+05:30,36373.3515625,36421.05078125,36361.6484375,36408.05078125,0,0.0,0.0,^CNXENERGY
2026-03-06 11:35:00+05:30,36410.3515625,36478.8984375,36407.3984375,36475.69921875,0,0.0,0.0,^CNXENERGY
2026-03-06 11:40:00+05:30,36476.05078125,36523.69921875,36468.6484375,36473.6015625,0,0.0,0.0,^CNXENERGY
2026-03-06 11:45:00+05:30,36471.80078125,36545.3984375,36465.8515625,36543.80078125,0,0.0,0.0,^CNXENERGY
2026-03-06 11:50:00+05:30,36545.25,36554.94921875,36507.30078125,36524.69921875,0,0.0,0.0,^CNXENERGY
2026-03-06 11:55:00+05:30,36524.5,36528.94921875,36498.6015625,36513.94921875,0,0.0,0.0,^CNXENERGY
2026-03-06 12:00:00+05:30,36514.19921875,36521.3515625,36478.8515625,36479.6484375,0,0.0,0.0,^CNXENERGY
2026-03-06 12:05:00+05:30,36482.3984375,36519.5,36462.94921875,36510.8984375,0,0.0,0.0,^CNXENERGY
2026-03-06 12:10:00+05:30,36508.5,36524.05078125,36496.6484375,36513.3984375,0,0.0,0.0,^CNXENERGY
2026-03-06 12:15:00+05:30,36514.1015625,36528.75,36507.1484375,36510.5,0,0.0,0.0,^CNXENERGY
2026-03-06 12:20:00+05:30,36510.3515625,36522.80078125,36499.0,36519.1484375,0,0.0,0.0,^CNXENERGY
2026-03-06 12:25:00+05:30,36518.94921875,36534.6015625,36492.05078125,36501.5,0,0.0,0.0,^CNXENERGY
2026-03-06 12:30:00+05:30,36501.0,36517.8515625,36488.25,36496.94921875,0,0.0,0.0,^CNXENERGY
2026-03-06 12:35:00+05:30,36499.3984375,36518.30078125,36493.8984375,36511.0,0,0.0,0.0,^CNXENERGY
2026-03-06 12:40:00+05:30,36513.5,36549.5,36510.6484375,36547.19921875,0,0.0,0.0,^CNXENERGY
2026-03-06 12:45:00+05:30,36547.6484375,36557.1015625,36527.80078125,36538.8984375,0,0.0,0.0,^CNXENERGY
2026-03-06 12:50:00+05:30,36541.3984375,36571.05078125,36537.0,36549.69921875,0,0.0,0.0,^CNXENERGY
2026-03-06 12:55:00+05:30,36550.75,36552.80078125,36530.75,36544.75,0,0.0,0.0,^CNXENERGY
2026-03-06 13:00:00+05:30,36546.25,36570.8515625,36530.69921875,36540.1015625,0,0.0,0.0,^CNXENERGY
2026-03-06 13:05:00+05:30,36541.3984375,36551.80078125,36525.0,36532.5,0,0.0,0.0,^CNXENERGY
2026-03-06 13:10:00+05:30,36532.94921875,36552.8515625,36530.0,36549.8515625,0,0.0,0.0,^CNXENERGY
2026-03-06 13:15:00+05:30,36549.94921875,36558.8515625,36523.3984375,36527.8984375,0,0.0,0.0,^CNXENERGY
2026-03-06 13:20:00+05:30,36528.94921875,36553.3984375,36520.0,36535.8515625,0,0.0,0.0,^CNXENERGY
2026-03-06 13:25:00+05:30,36537.25,36546.44921875,36530.1484375,36538.19921875,0,0.0,0.0,^CNXENERGY
2026-03-06 13:30:00+05:30,36536.55078125,36540.8515625,36482.1015625,36498.5,0,0.0,0.0,^CNXENERGY
2026-03-06 13:35:00+05:30,36497.3984375,36571.8984375,36476.1015625,36528.30078125,0,0.0,0.0,^CNXENERGY
2026-03-06 13:40:00+05:30,36527.44921875,36536.8984375,36518.1484375,36530.05078125,0,0.0,0.0,^CNXENERGY
2026-03-06 13:45:00+05:30,36531.6484375,36531.6484375,36489.6484375,36504.30078125,0,0.0,0.0,^CNXENERGY
2026-03-06 13:50:00+05:30,36503.94921875,36549.5,36503.94921875,36540.6484375,0,0.0,0.0,^CNXENERGY
2026-03-06 13:55:00+05:30,36540.5,36542.6484375,36505.69921875,36510.25,0,0.0,0.0,^CNXENERGY
2026-03-06 14:00:00+05:30,36507.8984375,36542.1484375,36490.1484375,36516.1484375,0,0.0,0.0,^CNXENERGY
2026-03-06 14:05:00+05:30,36514.0,36542.05078125,36509.44921875,36537.8515625,0,0.0,0.0,^CNXENERGY
2026-03-06 14:10:00+05:30,36538.3984375,36558.1484375,36525.75,36531.55078125,0,0.0,0.0,^CNXENERGY
2026-03-06 14:15:00+05:30,36533.05078125,36588.69921875,36530.8984375,36584.5,0,0.0,0.0,^CNXENERGY
2026-03-06 14:20:00+05:30,36583.5,36584.69921875,36539.6015625,36558.5,0,0.0,0.0,^CNXENERGY
2026-03-06 14:25:00+05:30,36561.44921875,36572.5,36539.1484375,36547.25,0,0.0,0.0,^CNXENERGY
2026-03-06 14:30:00+05:30,36549.3515625,36576.8515625,36547.3515625,36557.5,0,0.0,0.0,^CNXENERGY
2026-03-06 14:35:00+05:30,36558.25,36580.6015625,36540.5,36544.75,0,0.0,0.0,^CNXENERGY
2026-03-06 14:40:00+05:30,36543.05078125,36545.94921875,36496.6015625,36504.3515625,0,0.0,0.0,^CNXENERGY
2026-03-06 14:45:00+05:30,36503.80078125,36522.1484375,36360.1484375,36379.5,0,0.0,0.0,^CNXENERGY
2026-03-06 14:50:00+05:30,36382.1484375,36452.1015625,36372.25,36411.05078125,0,0.0,0.0,^CNXENERGY
2026-03-06 14:55:00+05:30,36412.6484375,36419.19921875,36335.55078125,36341.8515625,0,0.0,0.0,^CNXENERGY
2026-03-06 15:00:00+05:30,36346.1015625,36374.3515625,36328.3515625,36333.05078125,0,0.0,0.0,^CNXENERGY
2026-03-06 15:05:00+05:30,36334.25,36335.6484375,36298.8515625,36302.6015625,0,0.0,0.0,^CNXENERGY
2026-03-06 15:10:00+05:30,36304.69921875,36327.44921875,36290.5,36320.1484375,0,0.0,0.0,^CNXENERGY
2026-03-06 15:15:00+05:30,36319.1015625,36323.8984375,36270.3515625,36306.3515625,0,0.0,0.0,^CNXENERGY
2026-03-06 15:20:00+05:30,36303.44921875,36334.6484375,36302.5,36316.05078125,0,0.0,0.0,^CNXENERGY
2026-03-06 15:25:00+05:30,36317.25,36376.6015625,36304.6015625,36361.8984375,0,0.0,0.0,^CNXENERGY
2026-03-09 09:15:00+05:30,35807.8984375,35932.30078125,35478.75,35546.80078125,0,0.0,0.0,^CNXENERGY
2026-03-09 09:20:00+05:30,35546.8515625,35562.19921875,35384.1484375,35404.1015625,0,0.0,0.0,^CNXENERGY
2026-03-09 09:25:00+05:30,35401.1484375,35560.6015625,35367.3984375,35537.25,0,0.0,0.0,^CNXENERGY
2026-03-09 09:30:00+05:30,35535.8984375,35641.6484375,35471.1484375,35551.3515625,0,0.0,0.0,^CNXENERGY
2026-03-09 09:35:00+05:30,35552.75,35602.6015625,35470.0,35559.8984375,0,0.0,0.0,^CNXENERGY
2026-03-09 09:40:00+05:30,35556.8515625,35589.44921875,35529.30078125,35534.94921875,0,0.0,0.0,^CNXENERGY
2026-03-09 09:45:00+05:30,35532.19921875,35629.3515625,35474.19921875,35592.6015625,0,0.0,0.0,^CNXENERGY
2026-03-09 09:50:00+05:30,35593.8515625,35614.8515625,35550.44921875,35587.30078125,0,0.0,0.0,^CNXENERGY
2026-03-09 09:55:00+05:30,35586.8515625,35605.05078125,35561.3515625,35588.05078125,0,0.0,0.0,^CNXENERGY
2026-03-09 10:00:00+05:30,35585.55078125,35625.80078125,35535.6484375,35546.25,0,0.0,0.0,^CNXENERGY
2026-03-09 10:05:00+05:30,35546.3515625,35627.3984375,35537.1484375,35604.94921875,0,0.0,0.0,^CNXENERGY
2026-03-09 10:10:00+05:30,35607.19921875,35671.30078125,35594.55078125,35619.75,0,0.0,0.0,^CNXENERGY
2026-03-09 10:15:00+05:30,35622.75,35632.69921875,35554.6015625,35597.44921875,0,0.0,0.0,^CNXENERGY
2026-03-09 10:20:00+05:30,35599.1015625,35654.3984375,35572.25,35587.80078125,0,0.0,0.0,^CNXENERGY
2026-03-09 10:25:00+05:30,35588.55078125,35620.6484375,35566.25,35588.30078125,0,0.0,0.0,^CNXENERGY
2026-03-09 10:30:00+05:30,35585.94921875,35590.44921875,35488.19921875,35488.19921875,0,0.0,0.0,^CNXENERGY
2026-03-09 10:35:00+05:30,35487.30078125,35491.94921875,35446.30078125,35451.5,0,0.0,0.0,^CNXENERGY
2026-03-09 10:40:00+05:30,35451.94921875,35468.1484375,35421.1484375,35449.8984375,0,0.0,0.0,^CNXENERGY
2026-03-09 10:45:00+05:30,35450.94921875,35454.30078125,35349.80078125,35358.3515625,0,0.0,0.0,^CNXENERGY
2026-03-09 10:50:00+05:30,35357.3515625,35500.6015625,35331.80078125,35481.3984375,0,0.0,0.0,^CNXENERGY
2026-03-09 10:55:00+05:30,35480.1484375,35565.55078125,35473.05078125,35478.6015625,0,0.0,0.0,^CNXENERGY
2026-03-09 11:00:00+05:30,35484.6484375,35516.1484375,35467.3984375,35498.30078125,0,0.0,0.0,^CNXENERGY
2026-03-09 11:05:00+05:30,35498.19921875,35505.5,35401.3515625,35404.1484375,0,0.0,0.0,^CNXENERGY
2026-03-09 11:10:00+05:30,35404.75,35406.25,35293.30078125,35347.94921875,0,0.0,0.0,^CNXENERGY
2026-03-09 11:15:00+05:30,35346.6015625,35374.1484375,35291.1015625,35373.0,0,0.0,0.0,^CNXENERGY
2026-03-09 11:20:00+05:30,35371.1484375,35431.3515625,35359.94921875,35395.75,0,0.0,0.0,^CNXENERGY
2026-03-09 11:25:00+05:30,35395.1015625,35462.69921875,35380.25,35454.75,0,0.0,0.0,^CNXENERGY
2026-03-09 11:30:00+05:30,35456.94921875,35500.1484375,35453.19921875,35478.75,0,0.0,0.0,^CNXENERGY
2026-03-09 11:35:00+05:30,35479.94921875,35502.1484375,35471.0,35488.69921875,0,0.0,0.0,^CNXENERGY
2026-03-09 11:40:00+05:30,35489.25,35562.8515625,35487.94921875,35509.44921875,0,0.0,0.0,^CNXENERGY
2026-03-09 11:45:00+05:30,35509.44921875,35510.0,35458.3984375,35477.8515625,0,0.0,0.0,^CNXENERGY
2026-03-09 11:50:00+05:30,35478.1484375,35511.94921875,35470.3515625,35489.80078125,0,0.0,0.0,^CNXENERGY
2026-03-09 11:55:00+05:30,35488.69921875,35489.80078125,35430.8515625,35433.80078125,0,0.0,0.0,^CNXENERGY
2026-03-09 12:00:00+05:30,35435.05078125,35435.05078125,35357.75,35393.30078125,0,0.0,0.0,^CNXENERGY
2026-03-09 12:05:00+05:30,35393.5,35394.94921875,35321.25,35324.8984375,0,0.0,0.0,^CNXENERGY
2026-03-09 12:10:00+05:30,35324.30078125,35387.8515625,35314.3515625,35372.5,0,0.0,0.0,^CNXENERGY
2026-03-09 12:15:00+05:30,35373.05078125,35406.75,35362.8515625,35393.6015625,0,0.0,0.0,^CNXENERGY
2026-03-09 12:20:00+05:30,35395.44921875,35415.19921875,35378.1015625,35413.3984375,0,0.0,0.0,^CNXENERGY
2026-03-09 12:25:00+05:30,35414.3984375,35420.5,35402.05078125,35411.25,0,0.0,0.0,^CNXENERGY
2026-03-09 12:30:00+05:30,35412.3984375,35437.1484375,35380.6484375,35384.05078125,0,0.0,0.0,^CNXENERGY
2026-03-09 12:35:00+05:30,35385.75,35420.69921875,35371.6484375,35416.25,0,0.0,0.0,^CNXENERGY
2026-03-09 12:40:00+05:30,35415.44921875,35441.25,35407.30078125,35411.75,0,0.0,0.0,^CNXENERGY
2026-03-09 12:45:00+05:30,35413.1015625,35438.05078125,35373.3984375,35375.75,0,0.0,0.0,^CNXENERGY
2026-03-09 12:50:00+05:30,35377.94921875,35439.19921875,35374.5,35432.44921875,0,0.0,0.0,^CNXENERGY
2026-03-09 12:55:00+05:30,35436.19921875,35467.3515625,35420.8515625,35456.19921875,0,0.0,0.0,^CNXENERGY
2026-03-09 13:00:00+05:30,35458.05078125,35459.19921875,35415.8984375,35428.44921875,0,0.0,0.0,^CNXENERGY
2026-03-09 13:05:00+05:30,35428.75,35451.30078125,35420.1015625,35427.8984375,0,0.0,0.0,^CNXENERGY
2026-03-09 13:10:00+05:30,35428.25,35434.6015625,35370.5,35382.1015625,0,0.0,0.0,^CNXENERGY
2026-03-09 13:15:00+05:30,35385.6484375,35432.44921875,35385.6484375,35415.94921875,0,0.0,0.0,^CNXENERGY
2026-03-09 13:20:00+05:30,35416.05078125,35461.44921875,35393.44921875,35415.1484375,0,0.0,0.0,^CNXENERGY
2026-03-09 13:25:00+05:30,35415.8515625,35475.6015625,35401.0,35446.75,0,0.0,0.0,^CNXENERGY
2026-03-09 13:30:00+05:30,35450.6484375,35525.44921875,35443.8515625,35496.44921875,0,0.0,0.0,^CNXENERGY
2026-03-09 13:35:00+05:30,35495.80078125,35500.19921875,35463.69921875,35488.5,0,0.0,0.0,^CNXENERGY
2026-03-09 13:40:00+05:30,35492.3984375,35513.44921875,35470.69921875,35482.19921875,0,0.0,0.0,^CNXENERGY
2026-03-09 13:45:00+05:30,35482.0,35497.1015625,35439.3515625,35458.0,0,0.0,0.0,^CNXENERGY
2026-03-09 13:50:00+05:30,35458.94921875,35479.19921875,35442.5,35461.19921875,0,0.0,0.0,^CNXENERGY
2026-03-09 13:55:00+05:30,35461.3515625,35488.25,35440.80078125,35446.5,0,0.0,0.0,^CNXENERGY
2026-03-09 14:00:00+05:30,35448.5,35462.8984375,35426.5,35444.69921875,0,0.0,0.0,^CNXENERGY
2026-03-09 14:05:00+05:30,35446.8984375,35475.1015625,35432.5,35450.55078125,0,0.0,0.0,^CNXENERGY
2026-03-09 14:10:00+05:30,35450.19921875,35464.8515625,35423.19921875,35436.8515625,0,0.0,0.0,^CNXENERGY
2026-03-09 14:15:00+05:30,35439.3984375,35462.8984375,35426.1484375,35451.0,0,0.0,0.0,^CNXENERGY
2026-03-09 14:20:00+05:30,35448.44921875,35481.5,35425.75,35474.75,0,0.0,0.0,^CNXENERGY
2026-03-09 14:25:00+05:30,35472.0,35516.19921875,35462.6015625,35479.75,0,0.0,0.0,^CNXENERGY
2026-03-09 14:30:00+05:30,35477.80078125,35520.8515625,35469.25,35472.1015625,0,0.0,0.0,^CNXENERGY
2026-03-09 14:35:00+05:30,35475.3984375,35500.1015625,35466.8515625,35493.3515625,0,0.0,0.0,^CNXENERGY
2026-03-09 14:40:00+05:30,35492.6015625,35540.0,35470.5,35519.55078125,0,0.0,0.0,^CNXENERGY
2026-03-09 14:45:00+05:30,35519.8984375,35610.5,35501.94921875,35542.25,0,0.0,0.0,^CNXENERGY
2026-03-09 14:50:00+05:30,35548.6484375,35576.5,35519.8515625,35571.3984375,0,0.0,0.0,^CNXENERGY
2026-03-09 14:55:00+05:30,35572.75,35612.3515625,35570.19921875,35606.5,0,0.0,0.0,^CNXENERGY
2026-03-09 15:00:00+05:30,35608.6015625,35697.25,35577.05078125,35689.80078125,0,0.0,0.0,^CNXENERGY
2026-03-09 15:05:00+05:30,35693.44921875,35748.8984375,35642.80078125,35656.69921875,0,0.0,0.0,^CNXENERGY
2026-03-09 15:10:00+05:30,35658.19921875,35698.8984375,35632.80078125,35678.6015625,0,0.0,0.0,^CNXENERGY
2026-03-09 15:15:00+05:30,35677.25,35706.05078125,35664.8984375,35695.5,0,0.0,0.0,^CNXENERGY
2026-03-09 15:20:00+05:30,35693.05078125,35693.05078125,35640.0,35649.6015625,0,0.0,0.0,^CNXENERGY
2026-03-09 15:25:00+05:30,35650.94921875,35654.44921875,35584.55078125,35632.3984375,0,0.0,0.0,^CNXENERGY
2026-03-10 09:15:00+05:30,36079.3984375,36096.55078125,35817.05078125,35825.8984375,0,0.0,0.0,^CNXENERGY
2026-03-10 09:20:00+05:30,35826.94921875,35939.8984375,35806.1015625,35844.55078125,0,0.0,0.0,^CNXENERGY
2026-03-10 09:25:00+05:30,35846.0,35870.30078125,35800.8515625,35843.25,0,0.0,0.0,^CNXENERGY
2026-03-10 09:30:00+05:30,35843.3515625,35848.19921875,35784.19921875,35813.8515625,0,0.0,0.0,^CNXENERGY
2026-03-10 09:35:00+05:30,35813.30078125,35831.3515625,35750.55078125,35795.3984375,0,0.0,0.0,^CNXENERGY
2026-03-10 09:40:00+05:30,35795.3984375,35854.3515625,35775.1484375,35851.69921875,0,0.0,0.0,^CNXENERGY
2026-03-10 09:45:00+05:30,35843.55078125,35854.3515625,35800.05078125,35830.8984375,0,0.0,0.0,^CNXENERGY
2026-03-10 09:50:00+05:30,35833.6015625,35836.19921875,35775.6484375,35781.1015625,0,0.0,0.0,^CNXENERGY
2026-03-10 09:55:00+05:30,35780.75,35790.05078125,35720.1484375,35736.8515625,0,0.0,0.0,^CNXENERGY
2026-03-10 10:00:00+05:30,35734.6484375,35801.75,35734.3984375,35772.0,0,0.0,0.0,^CNXENERGY
2026-03-10 10:05:00+05:30,35770.94921875,35860.55078125,35770.94921875,35825.05078125,0,0.0,0.0,^CNXENERGY
2026-03-10 10:10:00+05:30,35824.3515625,35893.30078125,35817.44921875,35890.44921875,0,0.0,0.0,^CNXENERGY
2026-03-10 10:15:00+05:30,35889.1015625,35955.6015625,35888.80078125,35938.6484375,0,0.0,0.0,^CNXENERGY
2026-03-10 10:20:00+05:30,35938.5,35946.1015625,35883.30078125,35895.94921875,0,0.0,0.0,^CNXENERGY
2026-03-10 10:25:00+05:30,35897.0,35924.25,35870.6484375,35898.0,0,0.0,0.0,^CNXENERGY
2026-03-10 10:30:00+05:30,35898.6484375,35975.75,35893.80078125,35952.1015625,0,0.0,0.0,^CNXENERGY
2026-03-10 10:35:00+05:30,35952.44921875,35953.80078125,35918.1484375,35936.6015625,0,0.0,0.0,^CNXENERGY
2026-03-10 10:40:00+05:30,35938.1484375,35989.1015625,35936.75,35962.6484375,0,0.0,0.0,^CNXENERGY
2026-03-10 10:45:00+05:30,35963.3984375,35983.1015625,35952.6015625,35978.3984375,0,0.0,0.0,^CNXENERGY
2026-03-10 10:50:00+05:30,35975.44921875,35980.6484375,35924.55078125,35932.30078125,0,0.0,0.0,^CNXENERGY
2026-03-10 10:55:00+05:30,35932.3984375,35954.0,35905.55078125,35948.6015625,0,0.0,0.0,^CNXENERGY
2026-03-10 11:00:00+05:30,35947.75,35988.0,35943.94921875,35987.0,0,0.0,0.0,^CNXENERGY
2026-03-10 11:05:00+05:30,35987.44921875,36048.19921875,35985.44921875,36046.1484375,0,0.0,0.0,^CNXENERGY
2026-03-10 11:10:00+05:30,36046.94921875,36070.6484375,36046.8515625,36066.94921875,0,0.0,0.0,^CNXENERGY
2026-03-10 11:15:00+05:30,36069.69921875,36105.94921875,36053.1484375,36060.1484375,0,0.0,0.0,^CNXENERGY
2026-03-10 11:20:00+05:30,36059.3984375,36103.69921875,36058.44921875,36075.1015625,0,0.0,0.0,^CNXENERGY
2026-03-10 11:25:00+05:30,36074.3984375,36080.0,36043.05078125,36049.75,0,0.0,0.0,^CNXENERGY
2026-03-10 11:30:00+05:30,36054.75,36078.1484375,36050.8984375,36068.6484375,0,0.0,0.0,^CNXENERGY
2026-03-10 11:35:00+05:30,36068.5,36091.44921875,36059.55078125,36084.8515625,0,0.0,0.0,^CNXENERGY
2026-03-10 11:40:00+05:30,36085.55078125,36106.94921875,36084.5,36095.1484375,0,0.0,0.0,^CNXENERGY
2026-03-10 11:45:00+05:30,36094.5,36094.8515625,36028.3515625,36028.3515625,0,0.0,0.0,^CNXENERGY
2026-03-10 11:50:00+05:30,36026.94921875,36030.0,35997.55078125,36029.3515625,0,0.0,0.0,^CNXENERGY
2026-03-10 11:55:00+05:30,36028.3515625,36059.19921875,36015.6484375,36024.05078125,0,0.0,0.0,^CNXENERGY
2026-03-10 12:00:00+05:30,36023.3515625,36034.25,36015.6484375,36020.75,0,0.0,0.0,^CNXENERGY
2026-03-10 12:05:00+05:30,36017.94921875,36037.69921875,35999.0,35999.0,0,0.0,0.0,^CNXENERGY
2026-03-10 12:10:00+05:30,35999.1015625,36009.75,35943.6484375,35943.6484375,0,0.0,0.0,^CNXENERGY
2026-03-10 12:15:00+05:30,35944.8984375,35987.80078125,35919.8984375,35970.3984375,0,0.0,0.0,^CNXENERGY
2026-03-10 12:20:00+05:30,35971.1015625,35983.3515625,35926.80078125,35936.6015625,0,0.0,0.0,^CNXENERGY
2026-03-10 12:25:00+05:30,35936.19921875,35973.0,35932.55078125,35963.75,0,0.0,0.0,^CNXENERGY
2026-03-10 12:30:00+05:30,35964.05078125,35967.0,35952.30078125,35958.55078125,0,0.0,0.0,^CNXENERGY
2026-03-10 12:35:00+05:30,35960.05078125,36019.3984375,35957.8515625,36000.75,0,0.0,0.0,^CNXENERGY
2026-03-10 12:40:00+05:30,35999.80078125,36017.6015625,35995.30078125,36005.1484375,0,0.0,0.0,^CNXENERGY
2026-03-10 12:45:00+05:30,36005.1484375,36048.44921875,35991.8984375,36048.44921875,0,0.0,0.0,^CNXENERGY
2026-03-10 12:50:00+05:30,36048.25,36050.55078125,36006.25,36029.8984375,0,0.0,0.0,^CNXENERGY
2026-03-10 12:55:00+05:30,36027.3984375,36046.0,36026.19921875,36040.25,0,0.0,0.0,^CNXENERGY
2026-03-10 13:00:00+05:30,36039.75,36075.0,36027.6015625,36037.55078125,0,0.0,0.0,^CNXENERGY
2026-03-10 13:05:00+05:30,36036.6484375,36037.8984375,35986.1484375,36002.69921875,0,0.0,0.0,^CNXENERGY
2026-03-10 13:10:00+05:30,36003.5,36023.69921875,35981.6484375,35984.0,0,0.0,0.0,^CNXENERGY
2026-03-10 13:15:00+05:30,35982.6484375,35987.75,35928.80078125,35951.6015625,0,0.0,0.0,^CNXENERGY
2026-03-10 13:20:00+05:30,35949.1015625,35962.1015625,35900.55078125,35902.75,0,0.0,0.0,^CNXENERGY
2026-03-10 13:25:00+05:30,35902.3984375,35948.69921875,35901.1015625,35945.0,0,0.0,0.0,^CNXENERGY
2026-03-10 13:30:00+05:30,35945.19921875,35980.6484375,35944.1484375,35979.6015625,0,0.0,0.0,^CNXENERGY
2026-03-10 13:35:00+05:30,35978.8515625,36051.05078125,35975.80078125,36030.25,0,0.0,0.0,^CNXENERGY
2026-03-10 13:40:00+05:30,36031.80078125,36041.80078125,35995.75,36011.55078125,0,0.0,0.0,^CNXENERGY
2026-03-10 13:45:00+05:30,36012.1015625,36015.30078125,35991.3984375,36005.80078125,0,0.0,0.0,^CNXENERGY
2026-03-10 13:50:00+05:30,36008.69921875,36045.55078125,36006.1484375,36029.0,0,0.0,0.0,^CNXENERGY
2026-03-10 13:55:00+05:30,36029.1015625,36030.3984375,36013.5,36014.69921875,0,0.0,0.0,^CNXENERGY
2026-03-10 14:00:00+05:30,36014.44921875,36018.6484375,35975.69921875,35990.94921875,0,0.0,0.0,^CNXENERGY
2026-03-10 14:05:00+05:30,35993.19921875,36051.55078125,35986.3984375,36037.6484375,0,0.0,0.0,^CNXENERGY
2026-03-10 14:10:00+05:30,36037.25,36072.19921875,36034.30078125,36070.69921875,0,0.0,0.0,^CNXENERGY
2026-03-10 14:15:00+05:30,36071.1015625,36101.30078125,36045.3984375,36047.19921875,0,0.0,0.0,^CNXENERGY
2026-03-10 14:20:00+05:30,36047.55078125,36052.75,36000.94921875,36018.8515625,0,0.0,0.0,^CNXENERGY
2026-03-10 14:25:00+05:30,36019.6015625,36034.30078125,35987.8984375,36000.44921875,0,0.0,0.0,^CNXENERGY
2026-03-10 14:30:00+05:30,35999.44921875,36027.8515625,35969.05078125,35981.0,0,0.0,0.0,^CNXENERGY
2026-03-10 14:35:00+05:30,35979.75,36027.19921875,35979.55078125,36003.5,0,0.0,0.0,^CNXENERGY
2026-03-10 14:40:00+05:30,36004.3984375,36011.05078125,35962.80078125,35999.8984375,0,0.0,0.0,^CNXENERGY
2026-03-10 14:45:00+05:30,36000.6484375,36049.1015625,35958.8984375,36047.05078125,0,0.0,0.0,^CNXENERGY
2026-03-10 14:50:00+05:30,36046.80078125,36070.8515625,36017.44921875,36051.1015625,0,0.0,0.0,^CNXENERGY
2026-03-10 14:55:00+05:30,36049.55078125,36057.75,36016.80078125,36034.05078125,0,0.0,0.0,^CNXENERGY
2026-03-10 15:00:00+05:30,36033.55078125,36037.1015625,35939.3984375,35970.3984375,0,0.0,0.0,^CNXENERGY
2026-03-10 15:05:00+05:30,35968.8515625,36027.69921875,35963.8984375,36018.19921875,0,0.0,0.0,^CNXENERGY
2026-03-10 15:10:00+05:30,36019.44921875,36048.5,36001.80078125,36006.0,0,0.0,0.0,^CNXENERGY
2026-03-10 15:15:00+05:30,36005.30078125,36066.3515625,36003.75,36064.69921875,0,0.0,0.0,^CNXENERGY
2026-03-10 15:20:00+05:30,36063.8515625,36107.8515625,36055.1484375,36106.44921875,0,0.0,0.0,^CNXENERGY
2026-03-10 15:25:00+05:30,36106.1484375,36114.8984375,36084.5,36107.25,0,0.0,0.0,^CNXENERGY
2026-03-11 09:15:00+05:30,36194.94921875,36365.05078125,36130.5,36348.30078125,0,0.0,0.0,^CNXENERGY
2026-03-11 09:20:00+05:30,36353.5,36483.3984375,36351.3984375,36424.1015625,0,0.0,0.0,^CNXENERGY
2026-03-11 09:25:00+05:30,36428.19921875,36510.3984375,36403.05078125,36460.19921875,0,0.0,0.0,^CNXENERGY
2026-03-11 09:30:00+05:30,36461.3515625,36512.69921875,36434.19921875,36508.6484375,0,0.0,0.0,^CNXENERGY
2026-03-11 09:35:00+05:30,36510.69921875,36535.8515625,36420.3984375,36438.19921875,0,0.0,0.0,^CNXENERGY
2026-03-11 09:40:00+05:30,36441.55078125,36524.94921875,36413.55078125,36510.1484375,0,0.0,0.0,^CNXENERGY
2026-03-11 09:45:00+05:30,36512.1484375,36514.5,36465.5,36492.5,0,0.0,0.0,^CNXENERGY
2026-03-11 09:50:00+05:30,36491.3984375,36497.94921875,36377.55078125,36377.55078125,0,0.0,0.0,^CNXENERGY
2026-03-11 09:55:00+05:30,36377.69921875,36427.1484375,36363.19921875,36368.19921875,0,0.0,0.0,^CNXENERGY
2026-03-11 10:00:00+05:30,36369.5,36388.69921875,36322.05078125,36385.5,0,0.0,0.0,^CNXENERGY
2026-03-11 10:05:00+05:30,36385.0,36385.0,36315.44921875,36315.44921875,0,0.0,0.0,^CNXENERGY
2026-03-11 10:10:00+05:30,36315.0,36326.6015625,36295.8515625,36317.80078125,0,0.0,0.0,^CNXENERGY
2026-03-11 10:15:00+05:30,36319.44921875,36338.30078125,36314.1015625,36319.94921875,0,0.0,0.0,^CNXENERGY
2026-03-11 10:20:00+05:30,36323.30078125,36343.69921875,36290.25,36338.0,0,0.0,0.0,^CNXENERGY
2026-03-11 10:25:00+05:30,36339.1484375,36339.8515625,36293.05078125,36322.3515625,0,0.0,0.0,^CNXENERGY
2026-03-11 10:30:00+05:30,36322.44921875,36381.75,36322.44921875,36354.80078125,0,0.0,0.0,^CNXENERGY
2026-03-11 10:35:00+05:30,36355.8984375,36358.8984375,36299.1484375,36302.8984375,0,0.0,0.0,^CNXENERGY
2026-03-11 10:40:00+05:30,36301.05078125,36320.3515625,36277.44921875,36285.30078125,0,0.0,0.0,^CNXENERGY
2026-03-11 10:45:00+05:30,36284.75,36286.75,36246.75,36278.69921875,0,0.0,0.0,^CNXENERGY
2026-03-11 10:50:00+05:30,36277.1015625,36286.80078125,36260.69921875,36271.94921875,0,0.0,0.0,^CNXENERGY
2026-03-11 10:55:00+05:30,36271.94921875,36301.3984375,36257.8515625,36296.25,0,0.0,0.0,^CNXENERGY
2026-03-11 11:00:00+05:30,36296.25,36301.19921875,36264.5,36299.1015625,0,0.0,0.0,^CNXENERGY
2026-03-11 11:05:00+05:30,36299.05078125,36302.1484375,36275.44921875,36280.94921875,0,0.0,0.0,^CNXENERGY
2026-03-11 11:10:00+05:30,36281.30078125,36281.80078125,36244.3984375,36261.8515625,0,0.0,0.0,^CNXENERGY
2026-03-11 11:15:00+05:30,36262.19921875,36282.94921875,36251.3515625,36258.25,0,0.0,0.0,^CNXENERGY
2026-03-11 11:20:00+05:30,36256.44921875,36278.1015625,36239.8515625,36260.05078125,0,0.0,0.0,^CNXENERGY
2026-03-11 11:25:00+05:30,36258.05078125,36314.1015625,36258.05078125,36313.6484375,0,0.0,0.0,^CNXENERGY
2026-03-11 11:30:00+05:30,36313.3984375,36316.05078125,36273.69921875,36284.19921875,0,0.0,0.0,^CNXENERGY
2026-03-11 11:35:00+05:30,36283.3515625,36319.5,36269.0,36298.25,0,0.0,0.0,^CNXENERGY
2026-03-11 11:40:00+05:30,36300.19921875,36339.94921875,36292.6484375,36323.8515625,0,0.0,0.0,^CNXENERGY
2026-03-11 11:45:00+05:30,36324.25,36363.55078125,36321.3984375,36350.25,0,0.0,0.0,^CNXENERGY
2026-03-11 11:50:00+05:30,36352.80078125,36354.8984375,36290.8515625,36320.94921875,0,0.0,0.0,^CNXENERGY
2026-03-11 11:55:00+05:30,36318.8515625,36328.6015625,36296.1015625,36301.25,0,0.0,0.0,^CNXENERGY
2026-03-11 12:00:00+05:30,36300.5,36374.6484375,36289.8515625,36374.5,0,0.0,0.0,^CNXENERGY
2026-03-11 12:05:00+05:30,36378.6484375,36390.3515625,36363.30078125,36382.1484375,0,0.0,0.0,^CNXENERGY
2026-03-11 12:10:00+05:30,36383.55078125,36400.25,36369.3984375,36382.05078125,0,0.0,0.0,^CNXENERGY
2026-03-11 12:15:00+05:30,36380.75,36407.8984375,36373.69921875,36402.1484375,0,0.0,0.0,^CNXENERGY
2026-03-11 12:20:00+05:30,36401.94921875,36414.6484375,36385.5,36396.6484375,0,0.0,0.0,^CNXENERGY
2026-03-11 12:25:00+05:30,36396.75,36396.75,36376.19921875,36385.1015625,0,0.0,0.0,^CNXENERGY
2026-03-11 12:30:00+05:30,36382.75,36405.25,36357.94921875,36364.3984375,0,0.0,0.0,^CNXENERGY
2026-03-11 12:35:00+05:30,36367.8515625,36377.1484375,36300.55078125,36306.6015625,0,0.0,0.0,^CNXENERGY
2026-03-11 12:40:00+05:30,36305.3984375,36380.94921875,36300.69921875,36378.19921875,0,0.0,0.0,^CNXENERGY
2026-03-11 12:45:00+05:30,36380.8515625,36382.30078125,36325.55078125,36363.6484375,0,0.0,0.0,^CNXENERGY
2026-03-11 12:50:00+05:30,36366.05078125,36386.75,36353.3515625,36374.94921875,0,0.0,0.0,^CNXENERGY
2026-03-11 12:55:00+05:30,36375.94921875,36378.30078125,36345.75,36352.1015625,0,0.0,0.0,^CNXENERGY
2026-03-11 13:00:00+05:30,36352.6015625,36369.94921875,36327.8515625,36339.8515625,0,0.0,0.0,^CNXENERGY
2026-03-11 13:05:00+05:30,36338.80078125,36350.69921875,36330.3515625,36342.55078125,0,0.0,0.0,^CNXENERGY
2026-03-11 13:10:00+05:30,36342.19921875,36342.8984375,36230.55078125,36251.05078125,0,0.0,0.0,^CNXENERGY
2026-03-11 13:15:00+05:30,36249.5,36256.94921875,36216.30078125,36247.6484375,0,0.0,0.0,^CNXENERGY
2026-03-11 13:20:00+05:30,36247.55078125,36315.30078125,36243.75,36313.1484375,0,0.0,0.0,^CNXENERGY
2026-03-11 13:25:00+05:30,36312.25,36330.6015625,36290.6015625,36328.3515625,0,0.0,0.0,^CNXENERGY
2026-03-11 13:30:00+05:30,36328.25,36359.25,36306.1015625,36312.25,0,0.0,0.0,^CNXENERGY
2026-03-11 13:35:00+05:30,36310.25,36318.5,36279.3515625,36289.8515625,0,0.0,0.0,^CNXENERGY
2026-03-11 13:40:00+05:30,36290.19921875,36309.80078125,36282.05078125,36287.8984375,0,0.0,0.0,^CNXENERGY
2026-03-11 13:45:00+05:30,36286.55078125,36301.75,36267.19921875,36288.0,0,0.0,0.0,^CNXENERGY
2026-03-11 13:50:00+05:30,36286.25,36305.6484375,36262.69921875,36298.5,0,0.0,0.0,^CNXENERGY
2026-03-11 13:55:00+05:30,36300.05078125,36307.8984375,36261.3984375,36275.75,0,0.0,0.0,^CNXENERGY
2026-03-11 14:00:00+05:30,36274.6484375,36280.3515625,36247.1015625,36279.69921875,0,0.0,0.0,^CNXENERGY
2026-03-11 14:05:00+05:30,36278.75,36307.1015625,36264.55078125,36266.6484375,0,0.0,0.0,^CNXENERGY
2026-03-11 14:10:00+05:30,36262.55078125,36270.6484375,36239.75,36265.8515625,0,0.0,0.0,^CNXENERGY
2026-03-11 14:15:00+05:30,36265.30078125,36285.19921875,36221.6015625,36241.6484375,0,0.0,0.0,^CNXENERGY
2026-03-11 14:20:00+05:30,36244.3515625,36268.8515625,36185.8515625,36188.3984375,0,0.0,0.0,^CNXENERGY
2026-03-11 14:25:00+05:30,36188.3984375,36315.55078125,36163.6015625,36314.80078125,0,0.0,0.0,^CNXENERGY
2026-03-11 14:30:00+05:30,36314.75,36322.8515625,36244.44921875,36246.6015625,0,0.0,0.0,^CNXENERGY
2026-03-11 14:35:00+05:30,36244.44921875,36265.19921875,36237.80078125,36260.05078125,0,0.0,0.0,^CNXENERGY
2026-03-11 14:40:00+05:30,36263.69921875,36263.69921875,36221.0,36234.1015625,0,0.0,0.0,^CNXENERGY
2026-03-11 14:45:00+05:30,36234.55078125,36263.8984375,36222.55078125,36234.25,0,0.0,0.0,^CNXENERGY
2026-03-11 14:50:00+05:30,36233.3984375,36246.30078125,36194.3515625,36239.75,0,0.0,0.0,^CNXENERGY
2026-03-11 14:55:00+05:30,36241.25,36245.75,36155.8515625,36156.44921875,0,0.0,0.0,^CNXENERGY
2026-03-11 15:00:00+05:30,36158.55078125,36254.8515625,36158.55078125,36192.1015625,0,0.0,0.0,^CNXENERGY
2026-03-11 15:05:00+05:30,36194.8515625,36209.5,36116.69921875,36138.8515625,0,0.0,0.0,^CNXENERGY
2026-03-11 15:10:00+05:30,36140.94921875,36154.44921875,36105.1015625,36110.05078125,0,0.0,0.0,^CNXENERGY
2026-03-11 15:15:00+05:30,36110.3984375,36147.1484375,36101.1015625,36144.8984375,0,0.0,0.0,^CNXENERGY
2026-03-11 15:20:00+05:30,36146.44921875,36161.1015625,36090.6484375,36109.6484375,0,0.0,0.0,^CNXENERGY
2026-03-11 15:25:00+05:30,36108.3515625,36116.8515625,36071.55078125,36103.3515625,0,0.0,0.0,^CNXENERGY
2026-03-12 09:15:00+05:30,36067.6015625,36114.6484375,35843.6484375,35874.44921875,0,0.0,0.0,^CNXENERGY
2026-03-12 09:20:00+05:30,35874.55078125,36018.6015625,35844.44921875,36018.6015625,0,0.0,0.0,^CNXENERGY
2026-03-12 09:25:00+05:30,36015.1015625,36147.19921875,35979.3515625,36124.6015625,0,0.0,0.0,^CNXENERGY
2026-03-12 09:30:00+05:30,36119.69921875,36179.94921875,36107.0,36164.5,0,0.0,0.0,^CNXENERGY
2026-03-12 09:35:00+05:30,36166.69921875,36181.0,36134.75,36141.6015625,0,0.0,0.0,^CNXENERGY
2026-03-12 09:40:00+05:30,36141.3515625,36194.05078125,36122.44921875,36170.25,0,0.0,0.0,^CNXENERGY
2026-03-12 09:45:00+05:30,36172.5,36247.6015625,36146.1015625,36239.44921875,0,0.0,0.0,^CNXENERGY
2026-03-12 09:50:00+05:30,36240.5,36280.25,36202.5,36222.05078125,0,0.0,0.0,^CNXENERGY
2026-03-12 09:55:00+05:30,36224.6015625,36285.8984375,36188.1015625,36266.3984375,0,0.0,0.0,^CNXENERGY
2026-03-12 10:00:00+05:30,36273.30078125,36297.05078125,36236.55078125,36288.75,0,0.0,0.0,^CNXENERGY
2026-03-12 10:05:00+05:30,36290.55078125,36291.69921875,36237.80078125,36259.55078125,0,0.0,0.0,^CNXENERGY
2026-03-12 10:10:00+05:30,36261.19921875,36310.44921875,36258.3515625,36263.8984375,0,0.0,0.0,^CNXENERGY
2026-03-12 10:15:00+05:30,36264.3515625,36271.80078125,36218.30078125,36254.30078125,0,0.0,0.0,^CNXENERGY
2026-03-12 10:20:00+05:30,36255.69921875,36265.69921875,36215.44921875,36236.6484375,0,0.0,0.0,^CNXENERGY
2026-03-12 10:25:00+05:30,36234.75,36413.25,36232.80078125,36412.1484375,0,0.0,0.0,^CNXENERGY
2026-03-12 10:30:00+05:30,36413.6015625,36466.3984375,36356.1015625,36464.1015625,0,0.0,0.0,^CNXENERGY
2026-03-12 10:35:00+05:30,36463.30078125,36520.80078125,36422.05078125,36520.19921875,0,0.0,0.0,^CNXENERGY
2026-03-12 10:40:00+05:30,36520.0,36557.19921875,36506.69921875,36546.75,0,0.0,0.0,^CNXENERGY
2026-03-12 10:45:00+05:30,36546.69921875,36608.69921875,36546.69921875,36571.30078125,0,0.0,0.0,^CNXENERGY
2026-03-12 10:50:00+05:30,36568.8515625,36593.8515625,36525.80078125,36567.8984375,0,0.0,0.0,^CNXENERGY
2026-03-12 10:55:00+05:30,36569.19921875,36720.1484375,36568.8984375,36720.1484375,0,0.0,0.0,^CNXENERGY
2026-03-12 11:00:00+05:30,36719.80078125,36839.1484375,36716.44921875,36837.75,0,0.0,0.0,^CNXENERGY
2026-03-12 11:05:00+05:30,36838.3984375,36854.30078125,36776.8984375,36791.3515625,0,0.0,0.0,^CNXENERGY
2026-03-12 11:10:00+05:30,36793.19921875,36831.55078125,36764.5,36780.6015625,0,0.0,0.0,^CNXENERGY
2026-03-12 11:15:00+05:30,36781.5,36825.25,36677.94921875,36710.0,0,0.0,0.0,^CNXENERGY
2026-03-12 11:20:00+05:30,36712.55078125,36728.69921875,36661.69921875,36727.6484375,0,0.0,0.0,^CNXENERGY
2026-03-12 11:25:00+05:30,36731.8515625,36787.05078125,36709.69921875,36780.25,0,0.0,0.0,^CNXENERGY
2026-03-12 11:30:00+05:30,36779.5,36823.8984375,36744.05078125,36819.75,0,0.0,0.0,^CNXENERGY
2026-03-12 11:35:00+05:30,36821.25,36850.05078125,36785.3984375,36830.69921875,0,0.0,0.0,^CNXENERGY
2026-03-12 11:40:00+05:30,36834.1484375,36854.6484375,36805.0,36831.3515625,0,0.0,0.0,^CNXENERGY
2026-03-12 11:45:00+05:30,36832.75,36851.75,36766.0,36789.05078125,0,0.0,0.0,^CNXENERGY
2026-03-12 11:50:00+05:30,36791.3515625,36828.5,36787.44921875,36823.6015625,0,0.0,0.0,^CNXENERGY
2026-03-12 11:55:00+05:30,36824.55078125,36875.75,36820.1484375,36871.8984375,0,0.0,0.0,^CNXENERGY
2026-03-12 12:00:00+05:30,36872.6484375,36912.94921875,36867.6015625,36884.69921875,0,0.0,0.0,^CNXENERGY
2026-03-12 12:05:00+05:30,36885.75,36890.19921875,36788.8515625,36814.80078125,0,0.0,0.0,^CNXENERGY
2026-03-12 12:10:00+05:30,36818.6015625,36862.05078125,36769.6015625,36856.6015625,0,0.0,0.0,^CNXENERGY
2026-03-12 12:15:00+05:30,36860.19921875,36865.3515625,36814.1484375,36828.1015625,0,0.0,0.0,^CNXENERGY
2026-03-12 12:20:00+05:30,36828.55078125,36876.19921875,36821.94921875,36864.25,0,0.0,0.0,^CNXENERGY
2026-03-12 12:25:00+05:30,36863.55078125,36889.69921875,36834.0,36857.05078125,0,0.0,0.0,^CNXENERGY
2026-03-12 12:30:00+05:30,36859.3515625,36867.8515625,36793.25,36804.3984375,0,0.0,0.0,^CNXENERGY
2026-03-12 12:35:00+05:30,36804.30078125,36821.69921875,36769.30078125,36801.94921875,0,0.0,0.0,^CNXENERGY
2026-03-12 12:40:00+05:30,36799.55078125,36799.55078125,36749.80078125,36771.19921875,0,0.0,0.0,^CNXENERGY
2026-03-12 12:45:00+05:30,36769.94921875,36807.3984375,36768.0,36797.1015625,0,0.0,0.0,^CNXENERGY
2026-03-12 12:50:00+05:30,36797.19921875,36809.69921875,36762.55078125,36786.55078125,0,0.0,0.0,^CNXENERGY
2026-03-12 12:55:00+05:30,36786.6484375,36828.6484375,36769.8984375,36801.30078125,0,0.0,0.0,^CNXENERGY
2026-03-12 13:00:00+05:30,36804.94921875,36836.8515625,36803.1015625,36811.05078125,0,0.0,0.0,^CNXENERGY
2026-03-12 13:05:00+05:30,36810.80078125,36810.80078125,36730.5,36808.3515625,0,0.0,0.0,^CNXENERGY
2026-03-12 13:10:00+05:30,36809.75,36861.5,36798.80078125,36852.69921875,0,0.0,0.0,^CNXENERGY
2026-03-12 13:15:00+05:30,36855.0,36871.3984375,36832.5,36849.8984375,0,0.0,0.0,^CNXENERGY
2026-03-12 13:20:00+05:30,36846.05078125,36894.25,36827.1015625,36892.0,0,0.0,0.0,^CNXENERGY
2026-03-12 13:25:00+05:30,36893.94921875,36939.80078125,36885.44921875,36939.80078125,0,0.0,0.0,^CNXENERGY
2026-03-12 13:30:00+05:30,36943.05078125,36989.05078125,36933.80078125,36973.80078125,0,0.0,0.0,^CNXENERGY
2026-03-12 13:35:00+05:30,36977.44921875,37002.1484375,36967.94921875,36982.75,0,0.0,0.0,^CNXENERGY
2026-03-12 13:40:00+05:30,36984.94921875,37004.8984375,36932.3515625,36963.5,0,0.0,0.0,^CNXENERGY
2026-03-12 13:45:00+05:30,36963.05078125,36973.05078125,36939.1015625,36959.80078125,0,0.0,0.0,^CNXENERGY
2026-03-12 13:50:00+05:30,36962.1484375,36999.94921875,36946.6015625,36996.1484375,0,0.0,0.0,^CNXENERGY
2026-03-12 13:55:00+05:30,36996.19921875,36999.3515625,36953.1484375,36953.8984375,0,0.0,0.0,^CNXENERGY
2026-03-12 14:00:00+05:30,36954.94921875,37000.8984375,36946.75,36951.1015625,0,0.0,0.0,^CNXENERGY
2026-03-12 14:05:00+05:30,36952.44921875,36972.8515625,36863.05078125,36863.05078125,0,0.0,0.0,^CNXENERGY
2026-03-12 14:10:00+05:30,36860.94921875,36912.75,36817.1015625,36904.0,0,0.0,0.0,^CNXENERGY
2026-03-12 14:15:00+05:30,36904.8515625,36935.25,36879.05078125,36930.94921875,0,0.0,0.0,^CNXENERGY
2026-03-12 14:20:00+05:30,36931.1484375,36954.19921875,36922.30078125,36927.80078125,0,0.0,0.0,^CNXENERGY
2026-03-12 14:25:00+05:30,36929.1015625,36959.1484375,36910.5,36916.8515625,0,0.0,0.0,^CNXENERGY
2026-03-12 14:30:00+05:30,36918.1484375,36970.0,36906.94921875,36946.3984375,0,0.0,0.0,^CNXENERGY
2026-03-12 14:35:00+05:30,36946.80078125,36962.8515625,36911.94921875,36924.1015625,0,0.0,0.0,^CNXENERGY
2026-03-12 14:40:00+05:30,36923.94921875,36926.6015625,36852.44921875,36854.94921875,0,0.0,0.0,^CNXENERGY
2026-03-12 14:45:00+05:30,36857.30078125,36879.25,36832.8984375,36849.25,0,0.0,0.0,^CNXENERGY
2026-03-12 14:50:00+05:30,36850.19921875,36857.19921875,36734.5,36827.44921875,0,0.0,0.0,^CNXENERGY
2026-03-12 14:55:00+05:30,36826.8984375,36873.69921875,36812.44921875,36862.6484375,0,0.0,0.0,^CNXENERGY
2026-03-12 15:00:00+05:30,36864.19921875,36880.1015625,36826.0,36876.3984375,0,0.0,0.0,^CNXENERGY
2026-03-12 15:05:00+05:30,36878.5,36883.80078125,36802.75,36865.8984375,0,0.0,0.0,^CNXENERGY
2026-03-12 15:10:00+05:30,36865.3515625,36882.8515625,36820.1015625,36846.5,0,0.0,0.0,^CNXENERGY
2026-03-12 15:15:00+05:30,36849.05078125,36853.80078125,36829.80078125,36831.0,0,0.0,0.0,^CNXENERGY
2026-03-12 15:20:00+05:30,36836.5,36837.1015625,36798.80078125,36817.1015625,0,0.0,0.0,^CNXENERGY
2026-03-12 15:25:00+05:30,36816.75,36856.25,36801.94921875,36849.6015625,0,0.0,0.0,^CNXENERGY
2026-03-13 09:15:00+05:30,36909.1015625,37114.19921875,36892.6484375,37093.5,0,0.0,0.0,^CNXENERGY
2026-03-13 09:20:00+05:30,37100.3984375,37100.3984375,36894.69921875,36920.30078125,0,0.0,0.0,^CNXENERGY
2026-03-13 09:25:00+05:30,36923.1015625,36923.1015625,36828.5,36868.6015625,0,0.0,0.0,^CNXENERGY
2026-03-13 09:30:00+05:30,36868.8984375,36894.3515625,36840.55078125,36848.19921875,0,0.0,0.0,^CNXENERGY
2026-03-13 09:35:00+05:30,36848.5,36892.25,36796.6484375,36831.3984375,0,0.0,0.0,^CNXENERGY
2026-03-13 09:40:00+05:30,36830.75,36841.80078125,36691.05078125,36701.44921875,0,0.0,0.0,^CNXENERGY
2026-03-13 09:45:00+05:30,36700.69921875,36701.05078125,36612.3515625,36644.94921875,0,0.0,0.0,^CNXENERGY
2026-03-13 09:50:00+05:30,36643.6484375,36643.6484375,36522.0,36522.0,0,0.0,0.0,^CNXENERGY
2026-03-13 09:55:00+05:30,36526.0,36559.3515625,36478.44921875,36488.75,0,0.0,0.0,^CNXENERGY
2026-03-13 10:00:00+05:30,36492.94921875,36544.5,36454.1015625,36494.44921875,0,0.0,0.0,^CNXENERGY
2026-03-13 10:05:00+05:30,36493.75,36495.19921875,36425.19921875,36455.69921875,0,0.0,0.0,^CNXENERGY
2026-03-13 10:10:00+05:30,36455.75,36462.80078125,36368.69921875,36399.8515625,0,0.0,0.0,^CNXENERGY
2026-03-13 10:15:00+05:30,36402.6484375,36430.8515625,36363.25,36365.05078125,0,0.0,0.0,^CNXENERGY
2026-03-13 10:20:00+05:30,36365.0,36427.6484375,36355.6484375,36368.30078125,0,0.0,0.0,^CNXENERGY
2026-03-13 10:25:00+05:30,36366.69921875,36476.25,36349.5,36471.6484375,0,0.0,0.0,^CNXENERGY
2026-03-13 10:30:00+05:30,36471.80078125,36509.6484375,36395.05078125,36399.3515625,0,0.0,0.0,^CNXENERGY
2026-03-13 10:35:00+05:30,36398.19921875,36418.55078125,36378.1484375,36395.19921875,0,0.0,0.0,^CNXENERGY
2026-03-13 10:40:00+05:30,36394.05078125,36396.94921875,36325.8515625,36354.6484375,0,0.0,0.0,^CNXENERGY
2026-03-13 10:45:00+05:30,36357.30078125,36392.5,36316.3984375,36383.8515625,0,0.0,0.0,^CNXENERGY
2026-03-13 10:50:00+05:30,36382.05078125,36516.55078125,36379.6484375,36458.6015625,0,0.0,0.0,^CNXENERGY
2026-03-13 10:55:00+05:30,36457.25,36475.25,36419.0,36475.25,0,0.0,0.0,^CNXENERGY
2026-03-13 11:00:00+05:30,36474.6484375,36481.8515625,36425.69921875,36451.55078125,0,0.0,0.0,^CNXENERGY
2026-03-13 11:05:00+05:30,36450.6484375,36450.6484375,36352.8984375,36357.3984375,0,0.0,0.0,^CNXENERGY
2026-03-13 11:10:00+05:30,36356.75,36382.55078125,36348.05078125,36367.5,0,0.0,0.0,^CNXENERGY
2026-03-13 11:15:00+05:30,36367.69921875,36374.94921875,36330.44921875,36361.0,0,0.0,0.0,^CNXENERGY
2026-03-13 11:20:00+05:30,36357.8984375,36381.69921875,36340.0,36360.69921875,0,0.0,0.0,^CNXENERGY
2026-03-13 11:25:00+05:30,36360.1484375,36512.94921875,36355.80078125,36508.05078125,0,0.0,0.0,^CNXENERGY
2026-03-13 11:30:00+05:30,36509.0,36620.69921875,36497.80078125,36591.3515625,0,0.0,0.0,^CNXENERGY
2026-03-13 11:35:00+05:30,36593.6015625,36631.19921875,36585.0,36626.55078125,0,0.0,0.0,^CNXENERGY
2026-03-13 11:40:00+05:30,36626.69921875,36679.69921875,36599.8515625,36665.44921875,0,0.0,0.0,^CNXENERGY
2026-03-13 11:45:00+05:30,36668.5,36671.05078125,36559.55078125,36576.0,0,0.0,0.0,^CNXENERGY
2026-03-13 11:50:00+05:30,36579.8515625,36583.6015625,36520.5,36522.8515625,0,0.0,0.0,^CNXENERGY
2026-03-13 11:55:00+05:30,36519.1015625,36521.44921875,36452.94921875,36452.94921875,0,0.0,0.0,^CNXENERGY
2026-03-13 12:00:00+05:30,36457.3515625,36521.3984375,36452.5,36515.30078125,0,0.0,0.0,^CNXENERGY
2026-03-13 12:05:00+05:30,36515.3515625,36516.75,36444.05078125,36474.75,0,0.0,0.0,^CNXENERGY
2026-03-13 12:10:00+05:30,36475.0,36546.94921875,36431.1015625,36542.3984375,0,0.0,0.0,^CNXENERGY
2026-03-13 12:15:00+05:30,36547.80078125,36554.75,36463.1015625,36463.25,0,0.0,0.0,^CNXENERGY
2026-03-13 12:20:00+05:30,36464.8984375,36464.8984375,36312.3515625,36313.3515625,0,0.0,0.0,^CNXENERGY
2026-03-13 12:25:00+05:30,36319.94921875,36407.94921875,36306.05078125,36382.55078125,0,0.0,0.0,^CNXENERGY
2026-03-13 12:30:00+05:30,36382.05078125,36383.44921875,36283.6484375,36293.8984375,0,0.0,0.0,^CNXENERGY
2026-03-13 12:35:00+05:30,36294.44921875,36299.30078125,36234.44921875,36245.8515625,0,0.0,0.0,^CNXENERGY
2026-03-13 12:40:00+05:30,36242.44921875,36271.3984375,36216.44921875,36250.44921875,0,0.0,0.0,^CNXENERGY
2026-03-13 12:45:00+05:30,36251.44921875,36308.3515625,36238.0,36289.8984375,0,0.0,0.0,^CNXENERGY
2026-03-13 12:50:00+05:30,36291.30078125,36302.5,36205.1015625,36232.1015625,0,0.0,0.0,^CNXENERGY
2026-03-13 12:55:00+05:30,36232.6484375,36238.94921875,36185.44921875,36202.05078125,0,0.0,0.0,^CNXENERGY
2026-03-13 13:00:00+05:30,36196.25,36228.6484375,36180.55078125,36187.1015625,0,0.0,0.0,^CNXENERGY
2026-03-13 13:05:00+05:30,36190.80078125,36212.6484375,36141.0,36152.3515625,0,0.0,0.0,^CNXENERGY
2026-03-13 13:10:00+05:30,36151.80078125,36197.94921875,36128.1484375,36132.30078125,0,0.0,0.0,^CNXENERGY
2026-03-13 13:15:00+05:30,36132.8984375,36189.6484375,36132.8984375,36159.94921875,0,0.0,0.0,^CNXENERGY
2026-03-13 13:20:00+05:30,36160.8515625,36190.1484375,36105.05078125,36106.6015625,0,0.0,0.0,^CNXENERGY
2026-03-13 13:25:00+05:30,36107.55078125,36197.3515625,36100.5,36189.19921875,0,0.0,0.0,^CNXENERGY
2026-03-13 13:30:00+05:30,36191.1484375,36220.19921875,36143.25,36149.44921875,0,0.0,0.0,^CNXENERGY
2026-03-13 13:35:00+05:30,36150.8984375,36151.3515625,36123.1484375,36130.6015625,0,0.0,0.0,^CNXENERGY
2026-03-13 13:40:00+05:30,36131.55078125,36188.05078125,36128.3984375,36156.3984375,0,0.0,0.0,^CNXENERGY
2026-03-13 13:45:00+05:30,36158.75,36159.3984375,36121.6015625,36136.1015625,0,0.0,0.0,^CNXENERGY
2026-03-13 13:50:00+05:30,36137.25,36157.94921875,36069.1484375,36101.8515625,0,0.0,0.0,^CNXENERGY
2026-03-13 13:55:00+05:30,36102.6015625,36108.80078125,36021.1484375,36036.3515625,0,0.0,0.0,^CNXENERGY
2026-03-13 14:00:00+05:30,36038.5,36097.3984375,36037.1015625,36061.25,0,0.0,0.0,^CNXENERGY
2026-03-13 14:05:00+05:30,36063.55078125,36105.6484375,36055.8515625,36090.1484375,0,0.0,0.0,^CNXENERGY
2026-03-13 14:10:00+05:30,36093.8984375,36150.6484375,36078.25,36146.05078125,0,0.0,0.0,^CNXENERGY
2026-03-13 14:15:00+05:30,36148.69921875,36167.0,36079.3515625,36163.3984375,0,0.0,0.0,^CNXENERGY
2026-03-13 14:20:00+05:30,36168.55078125,36194.69921875,36144.19921875,36162.80078125,0,0.0,0.0,^CNXENERGY
2026-03-13 14:25:00+05:30,36161.69921875,36199.1015625,36145.8515625,36145.8515625,0,0.0,0.0,^CNXENERGY
2026-03-13 14:30:00+05:30,36141.80078125,36270.1015625,36141.80078125,36223.8515625,0,0.0,0.0,^CNXENERGY
2026-03-13 14:35:00+05:30,36221.25,36264.44921875,36185.80078125,36185.80078125,0,0.0,0.0,^CNXENERGY
2026-03-13 14:40:00+05:30,36187.6484375,36217.1015625,36163.6015625,36188.1484375,0,0.0,0.0,^CNXENERGY
2026-03-13 14:45:00+05:30,36190.1015625,36193.05078125,36086.8515625,36126.80078125,0,0.0,0.0,^CNXENERGY
2026-03-13 14:50:00+05:30,36127.55078125,36174.44921875,36087.69921875,36103.25,0,0.0,0.0,^CNXENERGY
2026-03-13 14:55:00+05:30,36102.6484375,36124.30078125,36071.25,36110.6015625,0,0.0,0.0,^CNXENERGY
2026-03-13 15:00:00+05:30,36114.3515625,36128.8515625,36007.55078125,36008.6484375,0,0.0,0.0,^CNXENERGY
2026-03-13 15:05:00+05:30,36008.1015625,36053.55078125,36004.25,36030.8515625,0,0.0,0.0,^CNXENERGY
2026-03-13 15:10:00+05:30,36035.3515625,36118.55078125,35998.3984375,36107.75,0,0.0,0.0,^CNXENERGY
2026-03-13 15:15:00+05:30,36109.25,36114.19921875,36070.69921875,36099.1015625,0,0.0,0.0,^CNXENERGY
2026-03-13 15:20:00+05:30,36101.3984375,36109.6484375,36039.55078125,36066.8515625,0,0.0,0.0,^CNXENERGY
2026-03-13 15:25:00+05:30,36068.8984375,36110.75,36061.6484375,36108.25,0,0.0,0.0,^CNXENERGY
2026-03-16 09:15:00+05:30,36101.25,36309.1484375,35850.8984375,35893.6484375,0,0.0,0.0,^CNXENERGY
2026-03-16 09:20:00+05:30,35897.1015625,35900.44921875,35625.30078125,35627.44921875,0,0.0,0.0,^CNXENERGY
2026-03-16 09:25:00+05:30,35627.3984375,35740.6015625,35585.6484375,35698.1015625,0,0.0,0.0,^CNXENERGY
2026-03-16 09:30:00+05:30,35700.55078125,35835.75,35693.5,35835.75,0,0.0,0.0,^CNXENERGY
2026-03-16 09:35:00+05:30,35832.25,35946.05078125,35830.55078125,35858.94921875,0,0.0,0.0,^CNXENERGY
2026-03-16 09:40:00+05:30,35856.44921875,35939.8984375,35854.1484375,35909.55078125,0,0.0,0.0,^CNXENERGY
2026-03-16 09:45:00+05:30,35911.05078125,35967.1484375,35866.6015625,35871.8984375,0,0.0,0.0,^CNXENERGY
2026-03-16 09:50:00+05:30,35870.94921875,35936.6484375,35853.6484375,35884.8984375,0,0.0,0.0,^CNXENERGY
2026-03-16 09:55:00+05:30,35881.30078125,35979.25,35863.5,35869.44921875,0,0.0,0.0,^CNXENERGY
2026-03-16 10:00:00+05:30,35869.0,35917.6484375,35812.75,35854.44921875,0,0.0,0.0,^CNXENERGY
2026-03-16 10:05:00+05:30,35855.8984375,35909.8984375,35834.44921875,35834.44921875,0,0.0,0.0,^CNXENERGY
2026-03-16 10:10:00+05:30,35834.44921875,35845.44921875,35723.25,35754.8984375,0,0.0,0.0,^CNXENERGY
2026-03-16 10:15:00+05:30,35751.55078125,35751.55078125,35602.8515625,35604.05078125,0,0.0,0.0,^CNXENERGY
2026-03-16 10:20:00+05:30,35601.6015625,35605.0,35527.8984375,35531.6484375,0,0.0,0.0,^CNXENERGY
2026-03-16 10:25:00+05:30,35530.1015625,35554.69921875,35492.3515625,35493.3984375,0,0.0,0.0,^CNXENERGY
2026-03-16 10:30:00+05:30,35493.3984375,35593.75,35470.25,35472.25,0,0.0,0.0,^CNXENERGY
2026-03-16 10:35:00+05:30,35471.55078125,35522.30078125,35449.3515625,35451.44921875,0,0.0,0.0,^CNXENERGY
2026-03-16 10:40:00+05:30,35450.0,35465.3984375,35403.94921875,35411.3515625,0,0.0,0.0,^CNXENERGY
2026-03-16 10:45:00+05:30,35410.3515625,35431.8515625,35375.1484375,35379.75,0,0.0,0.0,^CNXENERGY
2026-03-16 10:50:00+05:30,35381.6484375,35392.44921875,35290.55078125,35293.6015625,0,0.0,0.0,^CNXENERGY
2026-03-16 10:55:00+05:30,35294.05078125,35432.1015625,35258.5,35429.55078125,0,0.0,0.0,^CNXENERGY
2026-03-16 11:00:00+05:30,35432.44921875,35444.05078125,35387.5,35402.5,0,0.0,0.0,^CNXENERGY
2026-03-16 11:05:00+05:30,35401.1484375,35461.69921875,35380.6484375,35413.3984375,0,0.0,0.0,^CNXENERGY
2026-03-16 11:10:00+05:30,35413.5,35438.05078125,35364.8515625,35415.6015625,0,0.0,0.0,^CNXENERGY
2026-03-16 11:15:00+05:30,35415.55078125,35641.6015625,35415.55078125,35635.1015625,0,0.0,0.0,^CNXENERGY
2026-03-16 11:20:00+05:30,35638.5,35646.75,35569.8515625,35635.3515625,0,0.0,0.0,^CNXENERGY
2026-03-16 11:25:00+05:30,35634.30078125,35648.0,35601.6484375,35622.94921875,0,0.0,0.0,^CNXENERGY
2026-03-16 11:30:00+05:30,35622.6015625,35709.8515625,35597.69921875,35657.05078125,0,0.0,0.0,^CNXENERGY
2026-03-16 11:35:00+05:30,35656.3515625,35689.80078125,35597.5,35610.44921875,0,0.0,0.0,^CNXENERGY
2026-03-16 11:40:00+05:30,35612.3515625,35628.8984375,35537.75,35538.3984375,0,0.0,0.0,^CNXENERGY
2026-03-16 11:45:00+05:30,35539.8515625,35570.6015625,35523.3515625,35540.75,0,0.0,0.0,^CNXENERGY
2026-03-16 11:50:00+05:30,35540.75,35553.69921875,35499.75,35520.55078125,0,0.0,0.0,^CNXENERGY
2026-03-16 11:55:00+05:30,35518.3984375,35560.80078125,35495.44921875,35502.0,0,0.0,0.0,^CNXENERGY
2026-03-16 12:00:00+05:30,35502.19921875,35571.6015625,35500.1484375,35522.1015625,0,0.0,0.0,^CNXENERGY
2026-03-16 12:05:00+05:30,35520.75,35541.69921875,35505.94921875,35516.1484375,0,0.0,0.0,^CNXENERGY
2026-03-16 12:10:00+05:30,35515.94921875,35557.25,35486.6484375,35504.3984375,0,0.0,0.0,^CNXENERGY
2026-03-16 12:15:00+05:30,35502.6484375,35505.6484375,35473.0,35495.5,0,0.0,0.0,^CNXENERGY
2026-03-16 12:20:00+05:30,35495.05078125,35554.75,35478.19921875,35553.8984375,0,0.0,0.0,^CNXENERGY
2026-03-16 12:25:00+05:30,35555.55078125,35556.6015625,35466.3515625,35469.05078125,0,0.0,0.0,^CNXENERGY
2026-03-16 12:30:00+05:30,35466.3984375,35485.1015625,35413.25,35419.5,0,0.0,0.0,^CNXENERGY
2026-03-16 12:35:00+05:30,35420.8984375,35455.94921875,35370.19921875,35436.69921875,0,0.0,0.0,^CNXENERGY
2026-03-16 12:40:00+05:30,35437.0,35440.6484375,35394.94921875,35400.69921875,0,0.0,0.0,^CNXENERGY
2026-03-16 12:45:00+05:30,35396.3515625,35405.8515625,35335.5,35354.80078125,0,0.0,0.0,^CNXENERGY
2026-03-16 12:50:00+05:30,35355.6015625,35405.6015625,35322.25,35384.3984375,0,0.0,0.0,^CNXENERGY
2026-03-16 12:55:00+05:30,35388.55078125,35402.75,35342.75,35398.44921875,0,0.0,0.0,^CNXENERGY
2026-03-16 13:00:00+05:30,35399.8984375,35464.94921875,35373.0,35373.0,0,0.0,0.0,^CNXENERGY
2026-03-16 13:05:00+05:30,35370.6015625,35384.05078125,35301.8515625,35361.6484375,0,0.0,0.0,^CNXENERGY
2026-03-16 13:10:00+05:30,35361.3984375,35404.80078125,35339.3515625,35347.6484375,0,0.0,0.0,^CNXENERGY
2026-03-16 13:15:00+05:30,35346.19921875,35400.8984375,35340.19921875,35398.8515625,0,0.0,0.0,^CNXENERGY
2026-03-16 13:20:00+05:30,35396.1015625,35414.3515625,35376.6015625,35384.6015625,0,0.0,0.0,^CNXENERGY
2026-03-16 13:25:00+05:30,35384.44921875,35413.6484375,35360.8515625,35370.8984375,0,0.0,0.0,^CNXENERGY
2026-03-16 13:30:00+05:30,35368.8515625,35410.75,35357.25,35373.0,0,0.0,0.0,^CNXENERGY
2026-03-16 13:35:00+05:30,35369.8515625,35423.8984375,35364.05078125,35407.80078125,0,0.0,0.0,^CNXENERGY
2026-03-16 13:40:00+05:30,35406.80078125,35442.44921875,35346.8515625,35346.8515625,0,0.0,0.0,^CNXENERGY
2026-03-16 13:45:00+05:30,35345.69921875,35376.44921875,35337.6015625,35355.5,0,0.0,0.0,^CNXENERGY
2026-03-16 13:50:00+05:30,35356.05078125,35389.6484375,35329.1484375,35366.44921875,0,0.0,0.0,^CNXENERGY
2026-03-16 13:55:00+05:30,35363.3984375,35381.25,35346.25,35362.6484375,0,0.0,0.0,^CNXENERGY
2026-03-16 14:00:00+05:30,35363.94921875,35365.6015625,35336.5,35348.1484375,0,0.0,0.0,^CNXENERGY
2026-03-16 14:05:00+05:30,35345.75,35383.55078125,35340.8984375,35370.94921875,0,0.0,0.0,^CNXENERGY
2026-03-16 14:10:00+05:30,35371.1015625,35453.75,35365.8984375,35395.69921875,0,0.0,0.0,^CNXENERGY
2026-03-16 14:15:00+05:30,35396.6484375,35528.30078125,35362.19921875,35523.25,0,0.0,0.0,^CNXENERGY
2026-03-16 14:20:00+05:30,35526.30078125,35654.0,35521.94921875,35650.55078125,0,0.0,0.0,^CNXENERGY
2026-03-16 14:25:00+05:30,35649.6015625,35681.0,35577.5,35647.6484375,0,0.0,0.0,^CNXENERGY
2026-03-16 14:30:00+05:30,35650.3515625,35719.69921875,35646.25,35706.3515625,0,0.0,0.0,^CNXENERGY
2026-03-16 14:35:00+05:30,35705.3984375,35791.94921875,35688.8515625,35789.1015625,0,0.0,0.0,^CNXENERGY
2026-03-16 14:40:00+05:30,35790.19921875,35828.6484375,35739.6484375,35779.6015625,0,0.0,0.0,^CNXENERGY
2026-03-16 14:45:00+05:30,35782.25,35799.80078125,35738.05078125,35788.80078125,0,0.0,0.0,^CNXENERGY
2026-03-16 14:50:00+05:30,35789.75,35861.05078125,35756.30078125,35815.8515625,0,0.0,0.0,^CNXENERGY
2026-03-16 14:55:00+05:30,35814.44921875,35831.8984375,35778.19921875,35796.55078125,0,0.0,0.0,^CNXENERGY
2026-03-16 15:00:00+05:30,35802.3984375,35802.3984375,35654.94921875,35688.3515625,0,0.0,0.0,^CNXENERGY
2026-03-16 15:05:00+05:30,35687.6484375,35762.05078125,35682.1484375,35737.80078125,0,0.0,0.0,^CNXENERGY
2026-03-16 15:10:00+05:30,35742.25,35746.1015625,35681.80078125,35687.8984375,0,0.0,0.0,^CNXENERGY
2026-03-16 15:15:00+05:30,35688.1484375,35694.6015625,35635.75,35666.3984375,0,0.0,0.0,^CNXENERGY
2026-03-16 15:20:00+05:30,35666.5,35666.75,35633.8984375,35640.5,0,0.0,0.0,^CNXENERGY
2026-03-16 15:25:00+05:30,35640.3984375,35657.75,35619.3515625,35640.44921875,0,0.0,0.0,^CNXENERGY
2026-03-17 09:15:00+05:30,35844.6484375,35846.30078125,35633.44921875,35712.30078125,0,0.0,0.0,^CNXENERGY
2026-03-17 09:20:00+05:30,35708.94921875,35788.19921875,35641.6015625,35677.6484375,0,0.0,0.0,^CNXENERGY
2026-03-17 09:25:00+05:30,35671.8984375,35722.3984375,35642.69921875,35675.19921875,0,0.0,0.0,^CNXENERGY
2026-03-17 09:30:00+05:30,35680.0,35700.3515625,35650.80078125,35650.80078125,0,0.0,0.0,^CNXENERGY
2026-03-17 09:35:00+05:30,35654.1484375,35736.0,35649.6015625,35735.69921875,0,0.0,0.0,^CNXENERGY
2026-03-17 09:40:00+05:30,35737.30078125,35768.8984375,35688.6015625,35753.3984375,0,0.0,0.0,^CNXENERGY
2026-03-17 09:45:00+05:30,35752.30078125,35789.05078125,35722.25,35756.1015625,0,0.0,0.0,^CNXENERGY
2026-03-17 09:50:00+05:30,35753.6015625,35782.30078125,35735.19921875,35763.0,0,0.0,0.0,^CNXENERGY
2026-03-17 09:55:00+05:30,35762.69921875,35768.3984375,35723.3984375,35761.55078125,0,0.0,0.0,^CNXENERGY
2026-03-17 10:00:00+05:30,35762.8515625,35819.80078125,35751.6484375,35801.30078125,0,0.0,0.0,^CNXENERGY
2026-03-17 10:05:00+05:30,35802.1484375,35841.19921875,35802.1484375,35829.25,0,0.0,0.0,^CNXENERGY
2026-03-17 10:10:00+05:30,35830.80078125,35830.80078125,35793.75,35813.1484375,0,0.0,0.0,^CNXENERGY
2026-03-17 10:15:00+05:30,35812.55078125,35920.69921875,35811.8515625,35918.69921875,0,0.0,0.0,^CNXENERGY
2026-03-17 10:20:00+05:30,35920.3984375,35977.6484375,35909.1484375,35942.44921875,0,0.0,0.0,^CNXENERGY
2026-03-17 10:25:00+05:30,35940.3515625,35946.1484375,35832.1015625,35834.69921875,0,0.0,0.0,^CNXENERGY
2026-03-17 10:30:00+05:30,35832.3515625,35847.3984375,35761.69921875,35768.3984375,0,0.0,0.0,^CNXENERGY
2026-03-17 10:35:00+05:30,35766.3984375,35792.80078125,35729.8984375,35790.94921875,0,0.0,0.0,^CNXENERGY
2026-03-17 10:40:00+05:30,35792.19921875,35796.0,35735.55078125,35754.1484375,0,0.0,0.0,^CNXENERGY
2026-03-17 10:45:00+05:30,35754.55078125,35805.1484375,35737.69921875,35803.55078125,0,0.0,0.0,^CNXENERGY
2026-03-17 10:50:00+05:30,35802.19921875,35827.80078125,35783.3515625,35813.5,0,0.0,0.0,^CNXENERGY
2026-03-17 10:55:00+05:30,35814.6015625,35836.0,35800.8515625,35814.6484375,0,0.0,0.0,^CNXENERGY
2026-03-17 11:00:00+05:30,35814.6015625,35853.69921875,35813.44921875,35829.3984375,0,0.0,0.0,^CNXENERGY
2026-03-17 11:05:00+05:30,35826.5,35839.94921875,35781.05078125,35803.19921875,0,0.0,0.0,^CNXENERGY
2026-03-17 11:10:00+05:30,35802.6484375,35827.8984375,35782.6484375,35798.3984375,0,0.0,0.0,^CNXENERGY
2026-03-17 11:15:00+05:30,35797.3515625,35822.25,35761.8515625,35761.8515625,0,0.0,0.0,^CNXENERGY
2026-03-17 11:20:00+05:30,35762.25,35773.1484375,35717.6015625,35717.6015625,0,0.0,0.0,^CNXENERGY
2026-03-17 11:25:00+05:30,35718.25,35722.19921875,35638.94921875,35672.5,0,0.0,0.0,^CNXENERGY
2026-03-17 11:30:00+05:30,35674.75,35680.3984375,35648.3515625,35654.8515625,0,0.0,0.0,^CNXENERGY
2026-03-17 11:35:00+05:30,35654.1015625,35731.8984375,35644.6484375,35704.05078125,0,0.0,0.0,^CNXENERGY
2026-03-17 11:40:00+05:30,35706.44921875,35713.25,35683.75,35695.8515625,0,0.0,0.0,^CNXENERGY
2026-03-17 11:45:00+05:30,35697.5,35754.0,35694.25,35707.05078125,0,0.0,0.0,^CNXENERGY
2026-03-17 11:50:00+05:30,35707.5,35764.8984375,35701.69921875,35730.25,0,0.0,0.0,^CNXENERGY
2026-03-17 11:55:00+05:30,35729.55078125,35737.05078125,35679.8984375,35733.1015625,0,0.0,0.0,^CNXENERGY
2026-03-17 12:00:00+05:30,35729.75,35736.5,35695.30078125,35696.3515625,0,0.0,0.0,^CNXENERGY
2026-03-17 12:05:00+05:30,35696.6484375,35725.19921875,35691.1015625,35722.5,0,0.0,0.0,^CNXENERGY
2026-03-17 12:10:00+05:30,35721.5,35736.1484375,35698.8515625,35718.6484375,0,0.0,0.0,^CNXENERGY
2026-03-17 12:15:00+05:30,35716.30078125,35720.5,35617.69921875,35620.3984375,0,0.0,0.0,^CNXENERGY
2026-03-17 12:20:00+05:30,35620.1484375,35649.3515625,35618.1484375,35621.6484375,0,0.0,0.0,^CNXENERGY
2026-03-17 12:25:00+05:30,35621.8984375,35663.0,35620.30078125,35663.0,0,0.0,0.0,^CNXENERGY
2026-03-17 12:30:00+05:30,35661.8984375,35676.0,35628.3984375,35665.3515625,0,0.0,0.0,^CNXENERGY
2026-03-17 12:35:00+05:30,35664.8984375,35699.3984375,35662.6484375,35679.25,0,0.0,0.0,^CNXENERGY
2026-03-17 12:40:00+05:30,35678.8515625,35733.69921875,35664.05078125,35727.30078125,0,0.0,0.0,^CNXENERGY
2026-03-17 12:45:00+05:30,35727.19921875,35781.94921875,35722.0,35779.5,0,0.0,0.0,^CNXENERGY
2026-03-17 12:50:00+05:30,35780.94921875,35788.5,35727.69921875,35741.6484375,0,0.0,0.0,^CNXENERGY
2026-03-17 12:55:00+05:30,35741.94921875,35772.5,35729.5,35764.6015625,0,0.0,0.0,^CNXENERGY
2026-03-17 13:00:00+05:30,35766.30078125,35829.1015625,35763.5,35812.75,0,0.0,0.0,^CNXENERGY
2026-03-17 13:05:00+05:30,35812.3984375,35831.80078125,35756.1015625,35819.30078125,0,0.0,0.0,^CNXENERGY
2026-03-17 13:10:00+05:30,35822.75,35833.55078125,35804.05078125,35826.8984375,0,0.0,0.0,^CNXENERGY
2026-03-17 13:15:00+05:30,35834.75,35864.1484375,35829.1484375,35852.5,0,0.0,0.0,^CNXENERGY
2026-03-17 13:20:00+05:30,35856.6015625,35865.1484375,35820.6015625,35824.44921875,0,0.0,0.0,^CNXENERGY
2026-03-17 13:25:00+05:30,35826.69921875,35845.5,35807.75,35845.5,0,0.0,0.0,^CNXENERGY
2026-03-17 13:30:00+05:30,35844.30078125,35964.19921875,35844.30078125,35909.25,0,0.0,0.0,^CNXENERGY
2026-03-17 13:35:00+05:30,35909.94921875,35934.8515625,35870.55078125,35873.3984375,0,0.0,0.0,^CNXENERGY
2026-03-17 13:40:00+05:30,35872.1015625,35894.94921875,35837.6015625,35876.80078125,0,0.0,0.0,^CNXENERGY
2026-03-17 13:45:00+05:30,35876.69921875,35910.44921875,35874.44921875,35909.25,0,0.0,0.0,^CNXENERGY
2026-03-17 13:50:00+05:30,35909.30078125,35929.6484375,35899.3984375,35909.5,0,0.0,0.0,^CNXENERGY
2026-03-17 13:55:00+05:30,35907.1484375,35923.69921875,35893.69921875,35906.69921875,0,0.0,0.0,^CNXENERGY
2026-03-17 14:00:00+05:30,35904.8515625,35942.8515625,35890.1484375,35929.8515625,0,0.0,0.0,^CNXENERGY
2026-03-17 14:05:00+05:30,35928.6484375,35936.5,35878.05078125,35911.44921875,0,0.0,0.0,^CNXENERGY
2026-03-17 14:10:00+05:30,35911.0,35952.1484375,35911.0,35932.3984375,0,0.0,0.0,^CNXENERGY
2026-03-17 14:15:00+05:30,35933.44921875,35941.8984375,35885.0,35904.6484375,0,0.0,0.0,^CNXENERGY
2026-03-17 14:20:00+05:30,35903.05078125,35922.30078125,35874.8515625,35886.80078125,0,0.0,0.0,^CNXENERGY
2026-03-17 14:25:00+05:30,35887.30078125,35929.30078125,35872.75,35927.30078125,0,0.0,0.0,^CNXENERGY
2026-03-17 14:30:00+05:30,35926.44921875,35996.6015625,35926.44921875,35963.80078125,0,0.0,0.0,^CNXENERGY
2026-03-17 14:35:00+05:30,35963.25,35991.5,35950.55078125,35959.6015625,0,0.0,0.0,^CNXENERGY
2026-03-17 14:40:00+05:30,35961.44921875,36009.94921875,35961.44921875,35973.6484375,0,0.0,0.0,^CNXENERGY
2026-03-17 14:45:00+05:30,35974.6484375,35985.44921875,35930.3515625,35980.30078125,0,0.0,0.0,^CNXENERGY
2026-03-17 14:50:00+05:30,35983.3984375,36019.1484375,35975.80078125,36019.0,0,0.0,0.0,^CNXENERGY
2026-03-17 14:55:00+05:30,36018.75,36084.94921875,36018.75,36077.8515625,0,0.0,0.0,^CNXENERGY
2026-03-17 15:00:00+05:30,36082.8515625,36084.19921875,35952.1484375,35987.8515625,0,0.0,0.0,^CNXENERGY
2026-03-17 15:05:00+05:30,35989.30078125,36020.8984375,35968.44921875,36010.0,0,0.0,0.0,^CNXENERGY
2026-03-17 15:10:00+05:30,36008.94921875,36027.1484375,35968.1484375,36016.3515625,0,0.0,0.0,^CNXENERGY
2026-03-17 15:15:00+05:30,36018.25,36020.5,35960.30078125,35967.44921875,0,0.0,0.0,^CNXENERGY
2026-03-17 15:20:00+05:30,35966.8984375,35973.8515625,35938.55078125,35964.30078125,0,0.0,0.0,^CNXENERGY
2026-03-17 15:25:00+05:30,35962.5,35969.75,35910.75,35932.1484375,0,0.0,0.0,^CNXENERGY
2026-03-18 09:15:00+05:30,36073.3984375,36157.8984375,35973.25,36151.1015625,0,0.0,0.0,^CNXENERGY
2026-03-18 09:20:00+05:30,36152.80078125,36173.0,36067.80078125,36076.0,0,0.0,0.0,^CNXENERGY
2026-03-18 09:25:00+05:30,36077.30078125,36156.3515625,36055.80078125,36135.25,0,0.0,0.0,^CNXENERGY
2026-03-18 09:30:00+05:30,36137.8984375,36215.0,36137.44921875,36205.6484375,0,0.0,0.0,^CNXENERGY
2026-03-18 09:35:00+05:30,36202.05078125,36216.69921875,36144.1484375,36153.30078125,0,0.0,0.0,^CNXENERGY
2026-03-18 09:40:00+05:30,36153.1015625,36219.6015625,36138.05078125,36192.6015625,0,0.0,0.0,^CNXENERGY
2026-03-18 09:45:00+05:30,36192.94921875,36205.55078125,36170.3984375,36199.8515625,0,0.0,0.0,^CNXENERGY
2026-03-18 09:50:00+05:30,36201.19921875,36240.1484375,36197.5,36204.94921875,0,0.0,0.0,^CNXENERGY
2026-03-18 09:55:00+05:30,36206.6484375,36206.6484375,36109.25,36130.6484375,0,0.0,0.0,^CNXENERGY
2026-03-18 10:00:00+05:30,36132.80078125,36136.05078125,36033.3984375,36046.25,0,0.0,0.0,^CNXENERGY
2026-03-18 10:05:00+05:30,36047.19921875,36047.80078125,35995.55078125,36017.3984375,0,0.0,0.0,^CNXENERGY
2026-03-18 10:10:00+05:30,36019.6015625,36048.55078125,36004.3515625,36045.55078125,0,0.0,0.0,^CNXENERGY
2026-03-18 10:15:00+05:30,36048.19921875,36056.75,36032.3515625,36049.75,0,0.0,0.0,^CNXENERGY
2026-03-18 10:20:00+05:30,36053.44921875,36094.6015625,36038.55078125,36089.6015625,0,0.0,0.0,^CNXENERGY
2026-03-18 10:25:00+05:30,36091.19921875,36096.05078125,36054.55078125,36064.6484375,0,0.0,0.0,^CNXENERGY
2026-03-18 10:30:00+05:30,36065.30078125,36112.1484375,36059.5,36093.1484375,0,0.0,0.0,^CNXENERGY
2026-03-18 10:35:00+05:30,36093.80078125,36123.44921875,36078.19921875,36102.8515625,0,0.0,0.0,^CNXENERGY
2026-03-18 10:40:00+05:30,36104.1484375,36120.75,36068.0,36072.1015625,0,0.0,0.0,^CNXENERGY
2026-03-18 10:45:00+05:30,36073.55078125,36126.1484375,36069.8515625,36116.8984375,0,0.0,0.0,^CNXENERGY
2026-03-18 10:50:00+05:30,36117.5,36119.75,36094.6015625,36117.1484375,0,0.0,0.0,^CNXENERGY
2026-03-18 10:55:00+05:30,36119.69921875,36141.05078125,36111.94921875,36139.1015625,0,0.0,0.0,^CNXENERGY
2026-03-18 11:00:00+05:30,36141.6015625,36151.3515625,36106.8515625,36144.8984375,0,0.0,0.0,^CNXENERGY
2026-03-18 11:05:00+05:30,36145.25,36153.1484375,36111.8515625,36139.19921875,0,0.0,0.0,^CNXENERGY
2026-03-18 11:10:00+05:30,36138.44921875,36143.30078125,36114.6015625,36130.19921875,0,0.0,0.0,^CNXENERGY
2026-03-18 11:15:00+05:30,36131.6015625,36131.80078125,36101.69921875,36112.30078125,0,0.0,0.0,^CNXENERGY
2026-03-18 11:20:00+05:30,36116.8984375,36132.94921875,36106.19921875,36127.05078125,0,0.0,0.0,^CNXENERGY
2026-03-18 11:25:00+05:30,36127.05078125,36146.94921875,36111.44921875,36124.25,0,0.0,0.0,^CNXENERGY
2026-03-18 11:30:00+05:30,36124.8515625,36124.8515625,36082.19921875,36084.44921875,0,0.0,0.0,^CNXENERGY
2026-03-18 11:35:00+05:30,36082.6484375,36116.3515625,36068.3515625,36114.8984375,0,0.0,0.0,^CNXENERGY
2026-03-18 11:40:00+05:30,36116.8515625,36134.19921875,36100.8515625,36104.3515625,0,0.0,0.0,^CNXENERGY
2026-03-18 11:45:00+05:30,36103.44921875,36107.55078125,36035.1015625,36036.19921875,0,0.0,0.0,^CNXENERGY
2026-03-18 11:50:00+05:30,36038.1484375,36079.1015625,36034.0,36069.19921875,0,0.0,0.0,^CNXENERGY
2026-03-18 11:55:00+05:30,36074.5,36088.6484375,36068.3515625,36076.8984375,0,0.0,0.0,^CNXENERGY
2026-03-18 12:00:00+05:30,36075.69921875,36083.1484375,36023.1484375,36032.3984375,0,0.0,0.0,^CNXENERGY
2026-03-18 12:05:00+05:30,36034.19921875,36043.1484375,36020.25,36027.55078125,0,0.0,0.0,^CNXENERGY
2026-03-18 12:10:00+05:30,36028.69921875,36050.05078125,36020.8984375,36030.1484375,0,0.0,0.0,^CNXENERGY
2026-03-18 12:15:00+05:30,36029.1015625,36040.30078125,36020.0,36035.75,0,0.0,0.0,^CNXENERGY
2026-03-18 12:20:00+05:30,36038.25,36063.69921875,36021.5,36032.6484375,0,0.0,0.0,^CNXENERGY
2026-03-18 12:25:00+05:30,36036.3515625,36039.0,36006.6484375,36016.25,0,0.0,0.0,^CNXENERGY
2026-03-18 12:30:00+05:30,36015.55078125,36031.19921875,36008.05078125,36021.30078125,0,0.0,0.0,^CNXENERGY
2026-03-18 12:35:00+05:30,36024.3515625,36032.6484375,35987.8984375,36001.25,0,0.0,0.0,^CNXENERGY
2026-03-18 12:40:00+05:30,36000.44921875,36006.75,35987.19921875,36001.3984375,0,0.0,0.0,^CNXENERGY
2026-03-18 12:45:00+05:30,36000.30078125,36027.69921875,35982.19921875,36025.8515625,0,0.0,0.0,^CNXENERGY
2026-03-18 12:50:00+05:30,36030.44921875,36043.30078125,36017.3984375,36026.6015625,0,0.0,0.0,^CNXENERGY
2026-03-18 12:55:00+05:30,36025.8984375,36043.05078125,36011.0,36028.80078125,0,0.0,0.0,^CNXENERGY
2026-03-18 13:00:00+05:30,36032.69921875,36074.6484375,36031.6484375,36072.19921875,0,0.0,0.0,^CNXENERGY
2026-03-18 13:05:00+05:30,36073.05078125,36076.1015625,36044.30078125,36063.80078125,0,0.0,0.0,^CNXENERGY
2026-03-18 13:10:00+05:30,36064.1015625,36119.8515625,36057.8984375,36110.75,0,0.0,0.0,^CNXENERGY
2026-03-18 13:15:00+05:30,36109.8515625,36138.80078125,36096.80078125,36128.6484375,0,0.0,0.0,^CNXENERGY
2026-03-18 13:20:00+05:30,36129.19921875,36172.55078125,36127.8984375,36172.55078125,0,0.0,0.0,^CNXENERGY
2026-03-18 13:25:00+05:30,36172.80078125,36192.55078125,36152.8984375,36180.3984375,0,0.0,0.0,^CNXENERGY
2026-03-18 13:30:00+05:30,36184.1015625,36219.1015625,36183.75,36210.75,0,0.0,0.0,^CNXENERGY
2026-03-18 13:35:00+05:30,36215.30078125,36248.25,36194.5,36237.44921875,0,0.0,0.0,^CNXENERGY
2026-03-18 13:40:00+05:30,36239.1484375,36240.1015625,36200.44921875,36227.1484375,0,0.0,0.0,^CNXENERGY
2026-03-18 13:45:00+05:30,36227.6484375,36236.5,36210.8515625,36215.1015625,0,0.0,0.0,^CNXENERGY
2026-03-18 13:50:00+05:30,36215.69921875,36260.05078125,36195.30078125,36254.8984375,0,0.0,0.0,^CNXENERGY
2026-03-18 13:55:00+05:30,36254.19921875,36277.30078125,36237.6015625,36239.44921875,0,0.0,0.0,^CNXENERGY
2026-03-18 14:00:00+05:30,36235.44921875,36256.25,36202.5,36206.0,0,0.0,0.0,^CNXENERGY
2026-03-18 14:05:00+05:30,36204.30078125,36211.1484375,36180.69921875,36204.94921875,0,0.0,0.0,^CNXENERGY
2026-03-18 14:10:00+05:30,36202.3984375,36216.30078125,36167.44921875,36172.5,0,0.0,0.0,^CNXENERGY
2026-03-18 14:15:00+05:30,36172.55078125,36219.6484375,36168.55078125,36199.05078125,0,0.0,0.0,^CNXENERGY
2026-03-18 14:20:00+05:30,36204.0,36220.75,36191.1015625,36210.75,0,0.0,0.0,^CNXENERGY
2026-03-18 14:25:00+05:30,36212.80078125,36233.0,36207.25,36213.25,0,0.0,0.0,^CNXENERGY
2026-03-18 14:30:00+05:30,36213.8515625,36215.94921875,36152.30078125,36154.0,0,0.0,0.0,^CNXENERGY
2026-03-18 14:35:00+05:30,36156.3515625,36171.8984375,36125.05078125,36134.05078125,0,0.0,0.0,^CNXENERGY
2026-03-18 14:40:00+05:30,36134.44921875,36150.6015625,36096.0,36098.3984375,0,0.0,0.0,^CNXENERGY
2026-03-18 14:45:00+05:30,36098.80078125,36155.19921875,36091.6484375,36152.55078125,0,0.0,0.0,^CNXENERGY
2026-03-18 14:50:00+05:30,36155.8984375,36169.8515625,36117.0,36120.19921875,0,0.0,0.0,^CNXENERGY
2026-03-18 14:55:00+05:30,36120.25,36180.3984375,36117.19921875,36171.8515625,0,0.0,0.0,^CNXENERGY
2026-03-18 15:00:00+05:30,36180.8984375,36193.80078125,36115.3515625,36179.75,0,0.0,0.0,^CNXENERGY
2026-03-18 15:05:00+05:30,36179.8984375,36192.6484375,36160.55078125,36167.0,0,0.0,0.0,^CNXENERGY
2026-03-18 15:10:00+05:30,36167.30078125,36169.3515625,36136.3984375,36156.80078125,0,0.0,0.0,^CNXENERGY
2026-03-18 15:15:00+05:30,36157.1015625,36159.3984375,36129.05078125,36135.55078125,0,0.0,0.0,^CNXENERGY
2026-03-18 15:20:00+05:30,36133.8984375,36136.6484375,36087.1484375,36122.3515625,0,0.0,0.0,^CNXENERGY
2026-03-18 15:25:00+05:30,36116.25,36155.1484375,36116.25,36144.3515625,0,0.0,0.0,^CNXENERGY
2026-03-19 09:15:00+05:30,35752.5,35887.6484375,35687.6015625,35828.8984375,0,0.0,0.0,^CNXENERGY
2026-03-19 09:20:00+05:30,35836.80078125,36023.30078125,35807.1484375,35985.19921875,0,0.0,0.0,^CNXENERGY
2026-03-19 09:25:00+05:30,35983.55078125,36025.75,35928.1484375,35971.8515625,0,0.0,0.0,^CNXENERGY
2026-03-19 09:30:00+05:30,35975.55078125,36045.30078125,35956.80078125,35975.3515625,0,0.0,0.0,^CNXENERGY
2026-03-19 09:35:00+05:30,35977.3515625,35991.19921875,35875.25,35878.5,0,0.0,0.0,^CNXENERGY
2026-03-19 09:40:00+05:30,35879.25,35931.1484375,35833.80078125,35864.1015625,0,0.0,0.0,^CNXENERGY
2026-03-19 09:45:00+05:30,35864.8515625,35881.05078125,35788.0,35788.8984375,0,0.0,0.0,^CNXENERGY
2026-03-19 09:50:00+05:30,35788.8515625,35880.19921875,35783.1015625,35836.6484375,0,0.0,0.0,^CNXENERGY
2026-03-19 09:55:00+05:30,35835.3984375,35850.80078125,35803.44921875,35823.1484375,0,0.0,0.0,^CNXENERGY
2026-03-19 10:00:00+05:30,35818.75,35874.5,35792.3984375,35848.8984375,0,0.0,0.0,^CNXENERGY
2026-03-19 10:05:00+05:30,35847.8984375,35852.05078125,35810.80078125,35839.5,0,0.0,0.0,^CNXENERGY
2026-03-19 10:10:00+05:30,35840.0,35840.0,35803.3515625,35807.69921875,0,0.0,0.0,^CNXENERGY
2026-03-19 10:15:00+05:30,35806.80078125,35824.80078125,35757.3515625,35821.05078125,0,0.0,0.0,^CNXENERGY
2026-03-19 10:20:00+05:30,35820.75,35888.94921875,35818.3984375,35885.30078125,0,0.0,0.0,^CNXENERGY
2026-03-19 10:25:00+05:30,35885.3515625,35960.6484375,35881.55078125,35930.8515625,0,0.0,0.0,^CNXENERGY
2026-03-19 10:30:00+05:30,35930.3515625,36042.1015625,35930.3515625,36027.1484375,0,0.0,0.0,^CNXENERGY
2026-03-19 10:35:00+05:30,36025.94921875,36132.1484375,36023.1015625,36130.0,0,0.0,0.0,^CNXENERGY
2026-03-19 10:40:00+05:30,36131.0,36137.3984375,36075.75,36134.94921875,0,0.0,0.0,^CNXENERGY
2026-03-19 10:45:00+05:30,36134.44921875,36134.44921875,36076.94921875,36083.30078125,0,0.0,0.0,^CNXENERGY
2026-03-19 10:50:00+05:30,36084.1484375,36112.8515625,36076.55078125,36099.0,0,0.0,0.0,^CNXENERGY
2026-03-19 10:55:00+05:30,36100.05078125,36100.05078125,36024.5,36024.5,0,0.0,0.0,^CNXENERGY
2026-03-19 11:00:00+05:30,36030.75,36056.1015625,36011.44921875,36053.80078125,0,0.0,0.0,^CNXENERGY
2026-03-19 11:05:00+05:30,36054.25,36065.3984375,36010.75,36013.8984375,0,0.0,0.0,^CNXENERGY
2026-03-19 11:10:00+05:30,36019.3984375,36073.75,36017.30078125,36023.1015625,0,0.0,0.0,^CNXENERGY
2026-03-19 11:15:00+05:30,36024.3984375,36045.8984375,36014.8984375,36035.30078125,0,0.0,0.0,^CNXENERGY
2026-03-19 11:20:00+05:30,36037.6015625,36085.94921875,36024.44921875,36053.8515625,0,0.0,0.0,^CNXENERGY
2026-03-19 11:25:00+05:30,36053.94921875,36054.30078125,35982.30078125,35987.1484375,0,0.0,0.0,^CNXENERGY
2026-03-19 11:30:00+05:30,35988.19921875,36019.6484375,35976.69921875,36015.0,0,0.0,0.0,^CNXENERGY
2026-03-19 11:35:00+05:30,36016.55078125,36031.25,35995.1484375,36001.69921875,0,0.0,0.0,^CNXENERGY
2026-03-19 11:40:00+05:30,35999.94921875,36000.30078125,35972.75,35989.55078125,0,0.0,0.0,^CNXENERGY
2026-03-19 11:45:00+05:30,35991.69921875,36018.1015625,35976.6015625,35983.05078125,0,0.0,0.0,^CNXENERGY
2026-03-19 11:50:00+05:30,35983.30078125,35999.5,35973.3984375,35976.0,0,0.0,0.0,^CNXENERGY
2026-03-19 11:55:00+05:30,35976.94921875,35979.05078125,35940.44921875,35960.1484375,0,0.0,0.0,^CNXENERGY
2026-03-19 12:00:00+05:30,35959.19921875,35963.6484375,35934.55078125,35938.6015625,0,0.0,0.0,^CNXENERGY
2026-03-19 12:05:00+05:30,35942.05078125,35946.80078125,35899.30078125,35919.1484375,0,0.0,0.0,^CNXENERGY
2026-03-19 12:10:00+05:30,35917.1015625,35976.75,35905.19921875,35973.3984375,0,0.0,0.0,^CNXENERGY
2026-03-19 12:15:00+05:30,35973.6484375,35990.1484375,35958.44921875,35984.19921875,0,0.0,0.0,^CNXENERGY
2026-03-19 12:20:00+05:30,35984.44921875,35987.6015625,35908.69921875,35923.80078125,0,0.0,0.0,^CNXENERGY
2026-03-19 12:25:00+05:30,35925.3984375,35957.69921875,35918.5,35949.0,0,0.0,0.0,^CNXENERGY
2026-03-19 12:30:00+05:30,35952.55078125,35966.0,35915.5,35936.3984375,0,0.0,0.0,^CNXENERGY
2026-03-19 12:35:00+05:30,35937.05078125,35962.6015625,35917.44921875,35940.80078125,0,0.0,0.0,^CNXENERGY
2026-03-19 12:40:00+05:30,35941.25,35942.69921875,35907.1015625,35924.80078125,0,0.0,0.0,^CNXENERGY
2026-03-19 12:45:00+05:30,35924.6015625,35966.55078125,35920.1015625,35966.0,0,0.0,0.0,^CNXENERGY
2026-03-19 12:50:00+05:30,35964.3984375,35969.80078125,35930.8984375,35952.5,0,0.0,0.0,^CNXENERGY
2026-03-19 12:55:00+05:30,35953.80078125,35964.94921875,35937.75,35944.30078125,0,0.0,0.0,^CNXENERGY
2026-03-19 13:00:00+05:30,35944.30078125,35945.30078125,35888.94921875,35893.69921875,0,0.0,0.0,^CNXENERGY
2026-03-19 13:05:00+05:30,35894.6484375,35897.0,35838.6484375,35845.75,0,0.0,0.0,^CNXENERGY
2026-03-19 13:10:00+05:30,35844.5,35879.8515625,35796.55078125,35800.8984375,0,0.0,0.0,^CNXENERGY
2026-03-19 13:15:00+05:30,35798.69921875,35817.1484375,35790.6015625,35792.6484375,0,0.0,0.0,^CNXENERGY
2026-03-19 13:20:00+05:30,35793.1484375,35798.55078125,35765.05078125,35769.1484375,0,0.0,0.0,^CNXENERGY
2026-03-19 13:25:00+05:30,35772.6015625,35795.25,35749.1484375,35755.69921875,0,0.0,0.0,^CNXENERGY
2026-03-19 13:30:00+05:30,35754.75,35777.75,35749.80078125,35763.8515625,0,0.0,0.0,^CNXENERGY
2026-03-19 13:35:00+05:30,35764.30078125,35798.19921875,35753.1015625,35797.1484375,0,0.0,0.0,^CNXENERGY
2026-03-19 13:40:00+05:30,35797.6015625,35821.8984375,35793.5,35803.75,0,0.0,0.0,^CNXENERGY
2026-03-19 13:45:00+05:30,35804.55078125,35834.1484375,35800.94921875,35819.5,0,0.0,0.0,^CNXENERGY
2026-03-19 13:50:00+05:30,35818.55078125,35844.3515625,35813.5,35830.1015625,0,0.0,0.0,^CNXENERGY
2026-03-19 13:55:00+05:30,35827.55078125,35835.25,35766.6015625,35785.0,0,0.0,0.0,^CNXENERGY
2026-03-19 14:00:00+05:30,35784.1015625,35823.0,35737.5,35748.94921875,0,0.0,0.0,^CNXENERGY
2026-03-19 14:05:00+05:30,35744.69921875,35752.05078125,35712.05078125,35712.05078125,0,0.0,0.0,^CNXENERGY
2026-03-19 14:10:00+05:30,35712.3984375,35714.05078125,35667.69921875,35690.05078125,0,0.0,0.0,^CNXENERGY
2026-03-19 14:15:00+05:30,35690.6484375,35740.1484375,35678.8984375,35721.3515625,0,0.0,0.0,^CNXENERGY
2026-03-19 14:20:00+05:30,35720.6484375,35733.55078125,35690.6484375,35727.8984375,0,0.0,0.0,^CNXENERGY
2026-03-19 14:25:00+05:30,35726.3984375,35729.0,35672.55078125,35691.1484375,0,0.0,0.0,^CNXENERGY
2026-03-19 14:30:00+05:30,35691.75,35734.69921875,35681.1015625,35722.1484375,0,0.0,0.0,^CNXENERGY
2026-03-19 14:35:00+05:30,35721.94921875,35740.75,35687.8984375,35697.80078125,0,0.0,0.0,^CNXENERGY
2026-03-19 14:40:00+05:30,35695.8515625,35760.75,35678.1015625,35756.55078125,0,0.0,0.0,^CNXENERGY
2026-03-19 14:45:00+05:30,35759.5,35764.55078125,35657.05078125,35670.80078125,0,0.0,0.0,^CNXENERGY
2026-03-19 14:50:00+05:30,35670.75,35673.8515625,35591.3515625,35617.44921875,0,0.0,0.0,^CNXENERGY
2026-03-19 14:55:00+05:30,35617.8515625,35650.1015625,35553.55078125,35569.6484375,0,0.0,0.0,^CNXENERGY
2026-03-19 15:00:00+05:30,35572.8984375,35651.0,35528.8515625,35604.69921875,0,0.0,0.0,^CNXENERGY
2026-03-19 15:05:00+05:30,35604.3515625,35613.80078125,35556.94921875,35613.80078125,0,0.0,0.0,^CNXENERGY
2026-03-19 15:10:00+05:30,35612.8984375,35652.80078125,35593.3984375,35628.1015625,0,0.0,0.0,^CNXENERGY
2026-03-19 15:15:00+05:30,35626.44921875,35699.0,35599.8515625,35699.0,0,0.0,0.0,^CNXENERGY
2026-03-19 15:20:00+05:30,35699.05078125,35734.1484375,35691.25,35729.55078125,0,0.0,0.0,^CNXENERGY
2026-03-19 15:25:00+05:30,35732.3984375,35754.8984375,35690.94921875,35713.6015625,0,0.0,0.0,^CNXENERGY
2026-03-20 09:15:00+05:30,35914.55078125,36312.8515625,35897.6015625,36311.3515625,0,0.0,0.0,^CNXENERGY
2026-03-20 09:20:00+05:30,36314.30078125,36354.3984375,36245.30078125,36349.8515625,0,0.0,0.0,^CNXENERGY
2026-03-20 09:25:00+05:30,36352.30078125,36409.55078125,36341.80078125,36409.1484375,0,0.0,0.0,^CNXENERGY
2026-03-20 09:30:00+05:30,36407.25,36486.3984375,36407.25,36485.25,0,0.0,0.0,^CNXENERGY
2026-03-20 09:35:00+05:30,36483.05078125,36498.75,36426.8515625,36438.80078125,0,0.0,0.0,^CNXENERGY
2026-03-20 09:40:00+05:30,36437.6015625,36446.94921875,36364.69921875,36367.75,0,0.0,0.0,^CNXENERGY
2026-03-20 09:45:00+05:30,36365.69921875,36405.8984375,36357.44921875,36394.1484375,0,0.0,0.0,^CNXENERGY
2026-03-20 09:50:00+05:30,36398.05078125,36447.44921875,36383.30078125,36425.1015625,0,0.0,0.0,^CNXENERGY
2026-03-20 09:55:00+05:30,36424.55078125,36448.3984375,36398.1015625,36398.6015625,0,0.0,0.0,^CNXENERGY
2026-03-20 10:00:00+05:30,36401.5,36409.5,36347.80078125,36379.44921875,0,0.0,0.0,^CNXENERGY
2026-03-20 10:05:00+05:30,36381.30078125,36424.44921875,36332.5,36341.6484375,0,0.0,0.0,^CNXENERGY
2026-03-20 10:10:00+05:30,36340.5,36358.05078125,36328.30078125,36335.3515625,0,0.0,0.0,^CNXENERGY
2026-03-20 10:15:00+05:30,36334.94921875,36348.3515625,36260.75,36285.55078125,0,0.0,0.0,^CNXENERGY
2026-03-20 10:20:00+05:30,36285.25,36290.75,36238.3515625,36284.25,0,0.0,0.0,^CNXENERGY
2026-03-20 10:25:00+05:30,36282.8984375,36316.3984375,36249.8984375,36313.3984375,0,0.0,0.0,^CNXENERGY
2026-03-20 10:30:00+05:30,36315.25,36329.5,36294.55078125,36304.19921875,0,0.0,0.0,^CNXENERGY
2026-03-20 10:35:00+05:30,36304.8515625,36326.55078125,36277.1484375,36285.5,0,0.0,0.0,^CNXENERGY
2026-03-20 10:40:00+05:30,36286.1015625,36308.5,36279.1015625,36288.1015625,0,0.0,0.0,^CNXENERGY
2026-03-20 10:45:00+05:30,36287.3515625,36319.69921875,36257.30078125,36297.94921875,0,0.0,0.0,^CNXENERGY
2026-03-20 10:50:00+05:30,36300.3515625,36337.5,36299.1484375,36335.55078125,0,0.0,0.0,^CNXENERGY
2026-03-20 10:55:00+05:30,36333.19921875,36347.3984375,36301.0,36318.80078125,0,0.0,0.0,^CNXENERGY
2026-03-20 11:00:00+05:30,36319.6015625,36324.8984375,36258.1484375,36263.19921875,0,0.0,0.0,^CNXENERGY
2026-03-20 11:05:00+05:30,36262.94921875,36312.0,36260.05078125,36296.75,0,0.0,0.0,^CNXENERGY
2026-03-20 11:10:00+05:30,36297.94921875,36332.3984375,36269.0,36328.6484375,0,0.0,0.0,^CNXENERGY
2026-03-20 11:15:00+05:30,36328.8515625,36357.75,36321.80078125,36353.80078125,0,0.0,0.0,^CNXENERGY
2026-03-20 11:20:00+05:30,36357.55078125,36435.1015625,36354.44921875,36397.25,0,0.0,0.0,^CNXENERGY
2026-03-20 11:25:00+05:30,36397.25,36410.75,36367.3515625,36375.94921875,0,0.0,0.0,^CNXENERGY
2026-03-20 11:30:00+05:30,36376.55078125,36420.3984375,36370.30078125,36372.25,0,0.0,0.0,^CNXENERGY
2026-03-20 11:35:00+05:30,36370.3984375,36373.80078125,36346.44921875,36363.69921875,0,0.0,0.0,^CNXENERGY
2026-03-20 11:40:00+05:30,36362.6015625,36381.0,36346.25,36364.69921875,0,0.0,0.0,^CNXENERGY
2026-03-20 11:45:00+05:30,36367.05078125,36378.19921875,36354.8515625,36366.94921875,0,0.0,0.0,^CNXENERGY
2026-03-20 11:50:00+05:30,36367.6015625,36367.8984375,36290.8515625,36291.1015625,0,0.0,0.0,^CNXENERGY
2026-03-20 11:55:00+05:30,36291.94921875,36298.30078125,36252.30078125,36298.30078125,0,0.0,0.0,^CNXENERGY
2026-03-20 12:00:00+05:30,36298.1015625,36306.5,36213.30078125,36213.44921875,0,0.0,0.0,^CNXENERGY
2026-03-20 12:05:00+05:30,36213.94921875,36244.75,36185.75,36193.1484375,0,0.0,0.0,^CNXENERGY
2026-03-20 12:10:00+05:30,36193.30078125,36233.94921875,36190.69921875,36213.3984375,0,0.0,0.0,^CNXENERGY
2026-03-20 12:15:00+05:30,36213.3515625,36214.05078125,36164.30078125,36164.30078125,0,0.0,0.0,^CNXENERGY
2026-03-20 12:20:00+05:30,36164.94921875,36174.3515625,36117.05078125,36121.6484375,0,0.0,0.0,^CNXENERGY
2026-03-20 12:25:00+05:30,36120.3515625,36127.94921875,36102.6484375,36111.8515625,0,0.0,0.0,^CNXENERGY
2026-03-20 12:30:00+05:30,36112.75,36161.94921875,36066.8515625,36159.44921875,0,0.0,0.0,^CNXENERGY
2026-03-20 12:35:00+05:30,36160.0,36176.19921875,36142.1015625,36158.44921875,0,0.0,0.0,^CNXENERGY
2026-03-20 12:40:00+05:30,36160.19921875,36214.55078125,36152.69921875,36196.1484375,0,0.0,0.0,^CNXENERGY
2026-03-20 12:45:00+05:30,36198.55078125,36213.55078125,36173.8984375,36176.3515625,0,0.0,0.0,^CNXENERGY
2026-03-20 12:50:00+05:30,36177.25,36205.30078125,36146.6015625,36193.6484375,0,0.0,0.0,^CNXENERGY
2026-03-20 12:55:00+05:30,36193.6015625,36220.80078125,36161.30078125,36161.44921875,0,0.0,0.0,^CNXENERGY
2026-03-20 13:00:00+05:30,36159.55078125,36210.44921875,36140.80078125,36209.69921875,0,0.0,0.0,^CNXENERGY
2026-03-20 13:05:00+05:30,36209.69921875,36214.8984375,36177.19921875,36209.1015625,0,0.0,0.0,^CNXENERGY
2026-03-20 13:10:00+05:30,36208.5,36223.3984375,36194.6015625,36221.19921875,0,0.0,0.0,^CNXENERGY
2026-03-20 13:15:00+05:30,36220.30078125,36262.75,36209.75,36215.55078125,0,0.0,0.0,^CNXENERGY
2026-03-20 13:20:00+05:30,36215.19921875,36254.25,36204.55078125,36248.5,0,0.0,0.0,^CNXENERGY
2026-03-20 13:25:00+05:30,36248.3984375,36292.69921875,36248.3984375,36263.30078125,0,0.0,0.0,^CNXENERGY
2026-03-20 13:30:00+05:30,36263.6015625,36270.30078125,36221.69921875,36222.75,0,0.0,0.0,^CNXENERGY
2026-03-20 13:35:00+05:30,36224.05078125,36244.6015625,36216.5,36225.05078125,0,0.0,0.0,^CNXENERGY
2026-03-20 13:40:00+05:30,36223.80078125,36228.6015625,36149.6015625,36149.6015625,0,0.0,0.0,^CNXENERGY
2026-03-20 13:45:00+05:30,36152.3515625,36155.1484375,36109.30078125,36113.3515625,0,0.0,0.0,^CNXENERGY
2026-03-20 13:50:00+05:30,36114.0,36114.6484375,36076.5,36112.1015625,0,0.0,0.0,^CNXENERGY
2026-03-20 13:55:00+05:30,36112.19921875,36129.05078125,36072.19921875,36078.8984375,0,0.0,0.0,^CNXENERGY
2026-03-20 14:00:00+05:30,36082.6484375,36157.44921875,36070.1015625,36157.44921875,0,0.0,0.0,^CNXENERGY
2026-03-20 14:05:00+05:30,36162.5,36187.75,36110.1015625,36128.25,0,0.0,0.0,^CNXENERGY
2026-03-20 14:10:00+05:30,36126.5,36137.30078125,36065.69921875,36082.30078125,0,0.0,0.0,^CNXENERGY
2026-03-20 14:15:00+05:30,36080.69921875,36082.30078125,36041.44921875,36065.05078125,0,0.0,0.0,^CNXENERGY
2026-03-20 14:20:00+05:30,36069.44921875,36078.1484375,36020.55078125,36042.8515625,0,0.0,0.0,^CNXENERGY
2026-03-20 14:25:00+05:30,36044.3984375,36048.8515625,36013.94921875,36019.25,0,0.0,0.0,^CNXENERGY
2026-03-20 14:30:00+05:30,36019.25,36089.30078125,36015.19921875,36071.69921875,0,0.0,0.0,^CNXENERGY
2026-03-20 14:35:00+05:30,36072.3984375,36075.44921875,35995.80078125,36018.5,0,0.0,0.0,^CNXENERGY
2026-03-20 14:40:00+05:30,36019.75,36028.80078125,35915.3984375,35915.6484375,0,0.0,0.0,^CNXENERGY
2026-03-20 14:45:00+05:30,35917.25,35963.3515625,35902.8515625,35955.0,0,0.0,0.0,^CNXENERGY
2026-03-20 14:50:00+05:30,35956.6015625,35958.6484375,35892.69921875,35906.5,0,0.0,0.0,^CNXENERGY
2026-03-20 14:55:00+05:30,35904.75,35952.30078125,35904.75,35940.6484375,0,0.0,0.0,^CNXENERGY
2026-03-20 15:00:00+05:30,35945.44921875,35958.05078125,35860.8515625,35936.30078125,0,0.0,0.0,^CNXENERGY
2026-03-20 15:05:00+05:30,35936.6484375,35967.25,35926.69921875,35930.0,0,0.0,0.0,^CNXENERGY
2026-03-20 15:10:00+05:30,35929.1484375,35933.44921875,35880.5,35917.3984375,0,0.0,0.0,^CNXENERGY
2026-03-20 15:15:00+05:30,35918.8984375,35922.6015625,35852.55078125,35868.3515625,0,0.0,0.0,^CNXENERGY
2026-03-20 15:20:00+05:30,35866.75,35939.6015625,35865.5,35934.1015625,0,0.0,0.0,^CNXENERGY
2026-03-20 15:25:00+05:30,35932.8515625,35934.55078125,35879.80078125,35911.6484375,0,0.0,0.0,^CNXENERGY
2026-03-23 09:15:00+05:30,35703.3984375,35708.1015625,35299.19921875,35428.94921875,0,0.0,0.0,^CNXENERGY
2026-03-23 09:20:00+05:30,35424.80078125,35559.6484375,35402.0,35456.6484375,0,0.0,0.0,^CNXENERGY
2026-03-23 09:25:00+05:30,35455.0,35464.69921875,35332.30078125,35349.30078125,0,0.0,0.0,^CNXENERGY
2026-03-23 09:30:00+05:30,35340.6015625,35402.8515625,35304.69921875,35350.8984375,0,0.0,0.0,^CNXENERGY
2026-03-23 09:35:00+05:30,35348.30078125,35405.19921875,35331.80078125,35351.80078125,0,0.0,0.0,^CNXENERGY
2026-03-23 09:40:00+05:30,35351.05078125,35351.05078125,35255.69921875,35296.6484375,0,0.0,0.0,^CNXENERGY
2026-03-23 09:45:00+05:30,35297.6015625,35298.8515625,35194.80078125,35209.19921875,0,0.0,0.0,^CNXENERGY
2026-03-23 09:50:00+05:30,35208.8984375,35212.19921875,35089.1484375,35096.30078125,0,0.0,0.0,^CNXENERGY
2026-03-23 09:55:00+05:30,35095.3515625,35119.75,35033.5,35043.80078125,0,0.0,0.0,^CNXENERGY
2026-03-23 10:00:00+05:30,35046.05078125,35051.1484375,34992.8515625,35037.1015625,0,0.0,0.0,^CNXENERGY
2026-03-23 10:05:00+05:30,35037.69921875,35078.25,34979.44921875,34983.69921875,0,0.0,0.0,^CNXENERGY
2026-03-23 10:10:00+05:30,34982.8984375,34995.69921875,34921.3515625,34925.8515625,0,0.0,0.0,^CNXENERGY
2026-03-23 10:15:00+05:30,34926.19921875,34929.8984375,34861.69921875,34862.1015625,0,0.0,0.0,^CNXENERGY
2026-03-23 10:20:00+05:30,34861.94921875,34871.0,34807.6015625,34810.6484375,0,0.0,0.0,^CNXENERGY
2026-03-23 10:25:00+05:30,34808.5,34856.1015625,34802.19921875,34807.1015625,0,0.0,0.0,^CNXENERGY
2026-03-23 10:30:00+05:30,34806.19921875,34845.1015625,34801.44921875,34822.6484375,0,0.0,0.0,^CNXENERGY
2026-03-23 10:35:00+05:30,34823.8984375,34922.6015625,34817.0,34840.8515625,0,0.0,0.0,^CNXENERGY
2026-03-23 10:40:00+05:30,34840.8515625,34840.8515625,34789.6015625,34797.0,0,0.0,0.0,^CNXENERGY
2026-03-23 10:45:00+05:30,34799.3515625,34805.05078125,34766.6015625,34802.1484375,0,0.0,0.0,^CNXENERGY
2026-03-23 10:50:00+05:30,34802.44921875,34802.44921875,34736.80078125,34776.75,0,0.0,0.0,^CNXENERGY
2026-03-23 10:55:00+05:30,34773.55078125,34794.05078125,34744.55078125,34755.1015625,0,0.0,0.0,^CNXENERGY
2026-03-23 11:00:00+05:30,34757.1015625,34759.3984375,34698.0,34741.69921875,0,0.0,0.0,^CNXENERGY
2026-03-23 11:05:00+05:30,34739.94921875,34859.19921875,34726.05078125,34796.05078125,0,0.0,0.0,^CNXENERGY
2026-03-23 11:10:00+05:30,34793.55078125,34803.8515625,34749.55078125,34803.8515625,0,0.0,0.0,^CNXENERGY
2026-03-23 11:15:00+05:30,34804.25,34810.3515625,34735.69921875,34755.0,0,0.0,0.0,^CNXENERGY
2026-03-23 11:20:00+05:30,34758.5,34808.1484375,34741.69921875,34777.80078125,0,0.0,0.0,^CNXENERGY
2026-03-23 11:25:00+05:30,34781.30078125,34821.69921875,34765.3515625,34819.19921875,0,0.0,0.0,^CNXENERGY
2026-03-23 11:30:00+05:30,34819.19921875,34853.3984375,34764.94921875,34781.3984375,0,0.0,0.0,^CNXENERGY
2026-03-23 11:35:00+05:30,34778.19921875,34783.44921875,34749.80078125,34773.55078125,0,0.0,0.0,^CNXENERGY
2026-03-23 11:40:00+05:30,34772.75,34819.1484375,34741.25,34754.80078125,0,0.0,0.0,^CNXENERGY
2026-03-23 11:45:00+05:30,34752.1015625,34767.80078125,34745.8984375,34767.80078125,0,0.0,0.0,^CNXENERGY
2026-03-23 11:50:00+05:30,34767.05078125,34827.8984375,34761.1015625,34791.55078125,0,0.0,0.0,^CNXENERGY
2026-03-23 11:55:00+05:30,34793.80078125,34818.8984375,34753.94921875,34795.1015625,0,0.0,0.0,^CNXENERGY
2026-03-23 12:00:00+05:30,34798.30078125,34807.19921875,34745.80078125,34752.94921875,0,0.0,0.0,^CNXENERGY
2026-03-23 12:05:00+05:30,34754.19921875,34794.6015625,34732.3515625,34794.6015625,0,0.0,0.0,^CNXENERGY
2026-03-23 12:10:00+05:30,34795.05078125,34838.80078125,34769.80078125,34771.30078125,0,0.0,0.0,^CNXENERGY
2026-03-23 12:15:00+05:30,34771.05078125,34771.05078125,34703.30078125,34729.80078125,0,0.0,0.0,^CNXENERGY
2026-03-23 12:20:00+05:30,34731.30078125,34745.80078125,34676.3515625,34679.05078125,0,0.0,0.0,^CNXENERGY
2026-03-23 12:25:00+05:30,34682.3984375,34717.80078125,34662.44921875,34713.0,0,0.0,0.0,^CNXENERGY
2026-03-23 12:30:00+05:30,34711.44921875,34733.5,34680.44921875,34690.94921875,0,0.0,0.0,^CNXENERGY
2026-03-23 12:35:00+05:30,34691.3984375,34774.55078125,34690.69921875,34728.3984375,0,0.0,0.0,^CNXENERGY
2026-03-23 12:40:00+05:30,34729.1484375,34787.25,34726.44921875,34779.19921875,0,0.0,0.0,^CNXENERGY
2026-03-23 12:45:00+05:30,34778.80078125,34785.30078125,34744.6015625,34756.1015625,0,0.0,0.0,^CNXENERGY
2026-03-23 12:50:00+05:30,34755.94921875,34759.1015625,34701.6015625,34702.8984375,0,0.0,0.0,^CNXENERGY
2026-03-23 12:55:00+05:30,34703.05078125,34709.6484375,34662.55078125,34696.3515625,0,0.0,0.0,^CNXENERGY
2026-03-23 13:00:00+05:30,34697.3515625,34698.6015625,34655.44921875,34658.19921875,0,0.0,0.0,^CNXENERGY
2026-03-23 13:05:00+05:30,34658.1484375,34727.3984375,34648.5,34690.6015625,0,0.0,0.0,^CNXENERGY
2026-03-23 13:10:00+05:30,34692.3984375,34702.6484375,34671.75,34696.5,0,0.0,0.0,^CNXENERGY
2026-03-23 13:15:00+05:30,34695.05078125,34752.19921875,34695.05078125,34709.0,0,0.0,0.0,^CNXENERGY
2026-03-23 13:20:00+05:30,34707.69921875,34735.3984375,34693.69921875,34699.3515625,0,0.0,0.0,^CNXENERGY
2026-03-23 13:25:00+05:30,34698.8515625,34723.3515625,34664.3515625,34676.05078125,0,0.0,0.0,^CNXENERGY
2026-03-23 13:30:00+05:30,34676.80078125,34734.30078125,34674.55078125,34732.44921875,0,0.0,0.0,^CNXENERGY
2026-03-23 13:35:00+05:30,34732.30078125,34772.30078125,34729.8984375,34754.30078125,0,0.0,0.0,^CNXENERGY
2026-03-23 13:40:00+05:30,34754.75,34849.94921875,34748.6484375,34838.6015625,0,0.0,0.0,^CNXENERGY
2026-03-23 13:45:00+05:30,34838.25,34927.3515625,34833.1484375,34923.05078125,0,0.0,0.0,^CNXENERGY
2026-03-23 13:50:00+05:30,34924.8984375,34969.94921875,34907.94921875,34924.6484375,0,0.0,0.0,^CNXENERGY
2026-03-23 13:55:00+05:30,34925.5,34987.19921875,34923.3984375,34948.1015625,0,0.0,0.0,^CNXENERGY
2026-03-23 14:00:00+05:30,34948.30078125,34994.0,34924.05078125,34975.44921875,0,0.0,0.0,^CNXENERGY
2026-03-23 14:05:00+05:30,34977.1484375,34994.8515625,34903.25,34943.6484375,0,0.0,0.0,^CNXENERGY
2026-03-23 14:10:00+05:30,34942.3515625,34966.6015625,34913.19921875,34928.55078125,0,0.0,0.0,^CNXENERGY
2026-03-23 14:15:00+05:30,34928.94921875,34966.75,34912.44921875,34964.8515625,0,0.0,0.0,^CNXENERGY
2026-03-23 14:20:00+05:30,34966.1015625,34983.30078125,34938.19921875,34938.19921875,0,0.0,0.0,^CNXENERGY
2026-03-23 14:25:00+05:30,34934.3515625,34935.25,34867.55078125,34903.30078125,0,0.0,0.0,^CNXENERGY
2026-03-23 14:30:00+05:30,34901.19921875,34908.0,34793.80078125,34808.30078125,0,0.0,0.0,^CNXENERGY
2026-03-23 14:35:00+05:30,34807.94921875,34897.25,34805.05078125,34850.6484375,0,0.0,0.0,^CNXENERGY
2026-03-23 14:40:00+05:30,34848.5,34933.8515625,34806.3984375,34933.05078125,0,0.0,0.0,^CNXENERGY
2026-03-23 14:45:00+05:30,34929.3984375,34947.19921875,34913.05078125,34942.6484375,0,0.0,0.0,^CNXENERGY
2026-03-23 14:50:00+05:30,34939.44921875,34999.3515625,34939.44921875,34964.1484375,0,0.0,0.0,^CNXENERGY
2026-03-23 14:55:00+05:30,34963.8515625,34994.55078125,34931.5,34989.94921875,0,0.0,0.0,^CNXENERGY
2026-03-23 15:00:00+05:30,34991.8515625,34991.8515625,34822.6015625,34826.05078125,0,0.0,0.0,^CNXENERGY
2026-03-23 15:05:00+05:30,34824.75,34867.55078125,34802.6484375,34857.8984375,0,0.0,0.0,^CNXENERGY
2026-03-23 15:10:00+05:30,34854.5,34903.25,34843.6015625,34858.69921875,0,0.0,0.0,^CNXENERGY
2026-03-23 15:15:00+05:30,34858.69921875,34860.75,34799.1015625,34803.25,0,0.0,0.0,^CNXENERGY
2026-03-23 15:20:00+05:30,34804.80078125,34819.3515625,34782.55078125,34807.55078125,0,0.0,0.0,^CNXENERGY
2026-03-23 15:25:00+05:30,34807.30078125,34815.3984375,34774.6015625,34802.1015625,0,0.0,0.0,^CNXENERGY
2026-03-24 09:15:00+05:30,35499.6484375,35499.6484375,35153.3984375,35172.25,0,0.0,0.0,^CNXENERGY
2026-03-24 09:20:00+05:30,35173.3515625,35220.0,35074.55078125,35220.0,0,0.0,0.0,^CNXENERGY
2026-03-24 09:25:00+05:30,35220.3984375,35239.1484375,35166.1484375,35234.0,0,0.0,0.0,^CNXENERGY
2026-03-24 09:30:00+05:30,35231.8515625,35253.1484375,35135.8984375,35164.80078125,0,0.0,0.0,^CNXENERGY
2026-03-24 09:35:00+05:30,35164.6015625,35184.1484375,35055.3984375,35058.75,0,0.0,0.0,^CNXENERGY
2026-03-24 09:40:00+05:30,35056.3515625,35114.44921875,35014.8984375,35029.25,0,0.0,0.0,^CNXENERGY
2026-03-24 09:45:00+05:30,35031.6484375,35035.44921875,34953.0,34958.3515625,0,0.0,0.0,^CNXENERGY
2026-03-24 09:50:00+05:30,34960.1484375,34990.19921875,34945.69921875,34983.0,0,0.0,0.0,^CNXENERGY
2026-03-24 09:55:00+05:30,34980.8984375,35024.75,34968.05078125,35004.5,0,0.0,0.0,^CNXENERGY
2026-03-24 10:00:00+05:30,35004.25,35007.55078125,34885.75,34891.25,0,0.0,0.0,^CNXENERGY
2026-03-24 10:05:00+05:30,34890.30078125,34934.94921875,34863.55078125,34872.3984375,0,0.0,0.0,^CNXENERGY
2026-03-24 10:10:00+05:30,34872.3984375,34907.75,34863.25,34900.75,0,0.0,0.0,^CNXENERGY
2026-03-24 10:15:00+05:30,34900.6015625,34912.5,34871.3984375,34880.1484375,0,0.0,0.0,^CNXENERGY
2026-03-24 10:20:00+05:30,34878.30078125,34912.3984375,34842.6015625,34904.30078125,0,0.0,0.0,^CNXENERGY
2026-03-24 10:25:00+05:30,34906.69921875,34908.25,34833.80078125,34868.80078125,0,0.0,0.0,^CNXENERGY
2026-03-24 10:30:00+05:30,34873.6484375,34883.75,34789.19921875,34791.94921875,0,0.0,0.0,^CNXENERGY
2026-03-24 10:35:00+05:30,34788.55078125,34797.1015625,34724.3984375,34728.3984375,0,0.0,0.0,^CNXENERGY
2026-03-24 10:40:00+05:30,34729.8515625,34815.1015625,34727.05078125,34790.19921875,0,0.0,0.0,^CNXENERGY
2026-03-24 10:45:00+05:30,34791.75,34907.69921875,34772.3515625,34843.94921875,0,0.0,0.0,^CNXENERGY
2026-03-24 10:50:00+05:30,34843.55078125,34883.19921875,34793.80078125,34807.3515625,0,0.0,0.0,^CNXENERGY
2026-03-24 10:55:00+05:30,34809.3515625,34814.3984375,34739.75,34759.80078125,0,0.0,0.0,^CNXENERGY
2026-03-24 11:00:00+05:30,34760.69921875,34817.44921875,34760.1484375,34814.94921875,0,0.0,0.0,^CNXENERGY
2026-03-24 11:05:00+05:30,34814.05078125,34846.0,34788.6484375,34822.44921875,0,0.0,0.0,^CNXENERGY
2026-03-24 11:10:00+05:30,34824.19921875,34858.19921875,34814.6015625,34842.19921875,0,0.0,0.0,^CNXENERGY
2026-03-24 11:15:00+05:30,34844.8515625,34894.0,34825.69921875,34887.3515625,0,0.0,0.0,^CNXENERGY
2026-03-24 11:20:00+05:30,34891.6484375,34916.3984375,34859.3984375,34867.05078125,0,0.0,0.0,^CNXENERGY
2026-03-24 11:25:00+05:30,34866.75,34889.1015625,34844.69921875,34884.1484375,0,0.0,0.0,^CNXENERGY
2026-03-24 11:30:00+05:30,34884.19921875,34942.3515625,34871.5,34936.6015625,0,0.0,0.0,^CNXENERGY
2026-03-24 11:35:00+05:30,34934.80078125,34962.6484375,34926.44921875,34962.6484375,0,0.0,0.0,^CNXENERGY
2026-03-24 11:40:00+05:30,34965.1484375,34995.6015625,34947.05078125,34972.05078125,0,0.0,0.0,^CNXENERGY
2026-03-24 11:45:00+05:30,34971.05078125,35029.0,34948.19921875,35003.94921875,0,0.0,0.0,^CNXENERGY
2026-03-24 11:50:00+05:30,35002.55078125,35052.8984375,34992.69921875,35038.6015625,0,0.0,0.0,^CNXENERGY
2026-03-24 11:55:00+05:30,35038.8515625,35105.5,35035.6015625,35065.44921875,0,0.0,0.0,^CNXENERGY
2026-03-24 12:00:00+05:30,35065.3984375,35074.6484375,35038.1484375,35051.0,0,0.0,0.0,^CNXENERGY
2026-03-24 12:05:00+05:30,35051.55078125,35051.6484375,34995.3515625,34999.94921875,0,0.0,0.0,^CNXENERGY
2026-03-24 12:10:00+05:30,34998.05078125,35034.05078125,34970.80078125,34977.6015625,0,0.0,0.0,^CNXENERGY
2026-03-24 12:15:00+05:30,34976.0,35000.25,34972.75,34992.05078125,0,0.0,0.0,^CNXENERGY
2026-03-24 12:20:00+05:30,34993.1484375,35220.0,34989.1484375,35218.8515625,0,0.0,0.0,^CNXENERGY
2026-03-24 12:25:00+05:30,35219.5,35275.30078125,35087.44921875,35139.3984375,0,0.0,0.0,^CNXENERGY
2026-03-24 12:30:00+05:30,35135.0,35254.3984375,35132.0,35254.3984375,0,0.0,0.0,^CNXENERGY
2026-03-24 12:35:00+05:30,35251.25,35282.0,35226.3984375,35263.19921875,0,0.0,0.0,^CNXENERGY
2026-03-24 12:40:00+05:30,35265.6015625,35295.19921875,35228.05078125,35237.44921875,0,0.0,0.0,^CNXENERGY
2026-03-24 12:45:00+05:30,35243.3984375,35259.94921875,35222.75,35253.30078125,0,0.0,0.0,^CNXENERGY
2026-03-24 12:50:00+05:30,35251.55078125,35308.25,35251.55078125,35262.44921875,0,0.0,0.0,^CNXENERGY
2026-03-24 12:55:00+05:30,35258.6484375,35260.75,35184.25,35218.05078125,0,0.0,0.0,^CNXENERGY
2026-03-24 13:00:00+05:30,35217.80078125,35232.94921875,35172.69921875,35181.6015625,0,0.0,0.0,^CNXENERGY
2026-03-24 13:05:00+05:30,35182.1015625,35182.3984375,35129.1484375,35138.3984375,0,0.0,0.0,^CNXENERGY
2026-03-24 13:10:00+05:30,35138.5,35196.0,35131.3515625,35192.05078125,0,0.0,0.0,^CNXENERGY
2026-03-24 13:15:00+05:30,35192.69921875,35195.75,35150.94921875,35189.3515625,0,0.0,0.0,^CNXENERGY
2026-03-24 13:20:00+05:30,35189.3515625,35216.8984375,35152.69921875,35196.5,0,0.0,0.0,^CNXENERGY
2026-03-24 13:25:00+05:30,35196.19921875,35228.8984375,35180.5,35228.8984375,0,0.0,0.0,^CNXENERGY
2026-03-24 13:30:00+05:30,35228.8984375,35272.5,35190.75,35265.19921875,0,0.0,0.0,^CNXENERGY
2026-03-24 13:35:00+05:30,35265.05078125,35281.19921875,35196.44921875,35207.25,0,0.0,0.0,^CNXENERGY
2026-03-24 13:40:00+05:30,35208.6484375,35264.0,35203.80078125,35224.3515625,0,0.0,0.0,^CNXENERGY
2026-03-24 13:45:00+05:30,35223.3984375,35242.3515625,35096.69921875,35098.80078125,0,0.0,0.0,^CNXENERGY
2026-03-24 13:50:00+05:30,35100.0,35156.30078125,35092.0,35131.0,0,0.0,0.0,^CNXENERGY
2026-03-24 13:55:00+05:30,35129.1484375,35175.3984375,35129.1484375,35147.75,0,0.0,0.0,^CNXENERGY
2026-03-24 14:00:00+05:30,35149.94921875,35165.05078125,35119.05078125,35133.30078125,0,0.0,0.0,^CNXENERGY
2026-03-24 14:05:00+05:30,35132.3984375,35159.94921875,35103.3984375,35116.6015625,0,0.0,0.0,^CNXENERGY
2026-03-24 14:10:00+05:30,35114.44921875,35159.30078125,35114.44921875,35153.55078125,0,0.0,0.0,^CNXENERGY
2026-03-24 14:15:00+05:30,35154.05078125,35215.8984375,35147.1484375,35182.6484375,0,0.0,0.0,^CNXENERGY
2026-03-24 14:20:00+05:30,35182.8515625,35206.75,35110.6484375,35139.0,0,0.0,0.0,^CNXENERGY
2026-03-24 14:25:00+05:30,35138.1015625,35151.55078125,35087.19921875,35120.8984375,0,0.0,0.0,^CNXENERGY
2026-03-24 14:30:00+05:30,35122.55078125,35154.80078125,35093.05078125,35141.0,0,0.0,0.0,^CNXENERGY
2026-03-24 14:35:00+05:30,35139.5,35154.30078125,35048.8984375,35053.69921875,0,0.0,0.0,^CNXENERGY
2026-03-24 14:40:00+05:30,35052.94921875,35103.6484375,35026.44921875,35049.75,0,0.0,0.0,^CNXENERGY
2026-03-24 14:45:00+05:30,35049.05078125,35070.1484375,35030.55078125,35063.1015625,0,0.0,0.0,^CNXENERGY
2026-03-24 14:50:00+05:30,35065.55078125,35075.94921875,35034.1015625,35056.3984375,0,0.0,0.0,^CNXENERGY
2026-03-24 14:55:00+05:30,35055.6015625,35135.3515625,35051.25,35107.0,0,0.0,0.0,^CNXENERGY
2026-03-24 15:00:00+05:30,35104.05078125,35104.05078125,35012.44921875,35053.25,0,0.0,0.0,^CNXENERGY
2026-03-24 15:05:00+05:30,35056.69921875,35119.3515625,35031.69921875,35092.69921875,0,0.0,0.0,^CNXENERGY
2026-03-24 15:10:00+05:30,35093.6015625,35111.05078125,35059.30078125,35070.8515625,0,0.0,0.0,^CNXENERGY
2026-03-24 15:15:00+05:30,35072.05078125,35103.6484375,35047.3515625,35085.0,0,0.0,0.0,^CNXENERGY
2026-03-24 15:20:00+05:30,35088.5,35111.19921875,35085.8984375,35102.1015625,0,0.0,0.0,^CNXENERGY
2026-03-24 15:25:00+05:30,35101.25,35125.1484375,35086.1015625,35099.1015625,0,0.0,0.0,^CNXENERGY
2026-03-25 09:15:00+05:30,35328.0,35510.1484375,35295.44921875,35437.75,0,0.0,0.0,^CNXENERGY
2026-03-25 09:20:00+05:30,35440.55078125,35503.75,35438.6484375,35490.6484375,0,0.0,0.0,^CNXENERGY
2026-03-25 09:25:00+05:30,35493.05078125,35570.6015625,35493.05078125,35528.44921875,0,0.0,0.0,^CNXENERGY
2026-03-25 09:30:00+05:30,35525.0,35562.25,35514.25,35552.6015625,0,0.0,0.0,^CNXENERGY
2026-03-25 09:35:00+05:30,35554.55078125,35562.6484375,35467.0,35484.25,0,0.0,0.0,^CNXENERGY
2026-03-25 09:40:00+05:30,35485.6015625,35549.3984375,35463.19921875,35543.8984375,0,0.0,0.0,^CNXENERGY
2026-03-25 09:45:00+05:30,35541.25,35549.8515625,35501.94921875,35512.1484375,0,0.0,0.0,^CNXENERGY
2026-03-25 09:50:00+05:30,35509.3515625,35547.1484375,35498.94921875,35547.1484375,0,0.0,0.0,^CNXENERGY
2026-03-25 09:55:00+05:30,35544.6484375,35564.1015625,35508.25,35541.1484375,0,0.0,0.0,^CNXENERGY
2026-03-25 10:00:00+05:30,35545.3984375,35574.6015625,35540.1015625,35557.75,0,0.0,0.0,^CNXENERGY
2026-03-25 10:05:00+05:30,35558.05078125,35595.8984375,35521.8984375,35592.80078125,0,0.0,0.0,^CNXENERGY
2026-03-25 10:10:00+05:30,35590.44921875,35645.19921875,35590.44921875,35637.05078125,0,0.0,0.0,^CNXENERGY
2026-03-25 10:15:00+05:30,35637.0,35647.75,35605.8515625,35624.8984375,0,0.0,0.0,^CNXENERGY
2026-03-25 10:20:00+05:30,35624.3984375,35650.3984375,35604.75,35608.3984375,0,0.0,0.0,^CNXENERGY
2026-03-25 10:25:00+05:30,35614.1015625,35647.0,35597.80078125,35610.3984375,0,0.0,0.0,^CNXENERGY
2026-03-25 10:30:00+05:30,35609.75,35626.80078125,35606.55078125,35611.0,0,0.0,0.0,^CNXENERGY
2026-03-25 10:35:00+05:30,35609.19921875,35644.6015625,35606.25,35635.5,0,0.0,0.0,^CNXENERGY
2026-03-25 10:40:00+05:30,35637.30078125,35686.5,35631.6015625,35676.55078125,0,0.0,0.0,^CNXENERGY
2026-03-25 10:45:00+05:30,35681.30078125,35692.05078125,35658.0,35678.19921875,0,0.0,0.0,^CNXENERGY
2026-03-25 10:50:00+05:30,35681.30078125,35687.25,35653.94921875,35668.1015625,0,0.0,0.0,^CNXENERGY
2026-03-25 10:55:00+05:30,35667.19921875,35667.3984375,35642.5,35657.55078125,0,0.0,0.0,^CNXENERGY
2026-03-25 11:00:00+05:30,35657.30078125,35677.6015625,35656.69921875,35676.0,0,0.0,0.0,^CNXENERGY
2026-03-25 11:05:00+05:30,35675.19921875,35721.6484375,35675.1484375,35690.0,0,0.0,0.0,^CNXENERGY
2026-03-25 11:10:00+05:30,35692.30078125,35700.0,35661.25,35693.30078125,0,0.0,0.0,^CNXENERGY
2026-03-25 11:15:00+05:30,35692.1015625,35695.6015625,35671.44921875,35680.30078125,0,0.0,0.0,^CNXENERGY
2026-03-25 11:20:00+05:30,35679.6484375,35685.05078125,35615.69921875,35615.69921875,0,0.0,0.0,^CNXENERGY
2026-03-25 11:25:00+05:30,35614.94921875,35626.6015625,35589.75,35591.3515625,0,0.0,0.0,^CNXENERGY
2026-03-25 11:30:00+05:30,35593.05078125,35611.44921875,35577.19921875,35608.80078125,0,0.0,0.0,^CNXENERGY
2026-03-25 11:35:00+05:30,35608.3984375,35613.30078125,35545.44921875,35567.8984375,0,0.0,0.0,^CNXENERGY
2026-03-25 11:40:00+05:30,35566.3515625,35579.05078125,35541.80078125,35545.75,0,0.0,0.0,^CNXENERGY
2026-03-25 11:45:00+05:30,35546.94921875,35624.0,35545.75,35591.44921875,0,0.0,0.0,^CNXENERGY
2026-03-25 11:50:00+05:30,35591.75,35628.75,35587.75,35614.6015625,0,0.0,0.0,^CNXENERGY
2026-03-25 11:55:00+05:30,35614.94921875,35621.94921875,35572.55078125,35596.55078125,0,0.0,0.0,^CNXENERGY
2026-03-25 12:00:00+05:30,35595.5,35620.19921875,35590.8984375,35618.8984375,0,0.0,0.0,^CNXENERGY
2026-03-25 12:05:00+05:30,35616.8515625,35649.94921875,35608.3984375,35632.8515625,0,0.0,0.0,^CNXENERGY
2026-03-25 12:10:00+05:30,35633.3515625,35666.8515625,35632.69921875,35661.8515625,0,0.0,0.0,^CNXENERGY
2026-03-25 12:15:00+05:30,35660.6015625,35678.05078125,35636.6484375,35671.05078125,0,0.0,0.0,^CNXENERGY
2026-03-25 12:20:00+05:30,35670.25,35690.1015625,35660.80078125,35663.80078125,0,0.0,0.0,^CNXENERGY
2026-03-25 12:25:00+05:30,35665.69921875,35685.05078125,35646.0,35678.55078125,0,0.0,0.0,^CNXENERGY
2026-03-25 12:30:00+05:30,35677.6484375,35711.6015625,35662.44921875,35670.3984375,0,0.0,0.0,^CNXENERGY
2026-03-25 12:35:00+05:30,35671.8515625,35673.75,35648.6015625,35651.3984375,0,0.0,0.0,^CNXENERGY
2026-03-25 12:40:00+05:30,35650.8984375,35671.75,35636.69921875,35671.69921875,0,0.0,0.0,^CNXENERGY
2026-03-25 12:45:00+05:30,35668.94921875,35677.94921875,35640.8984375,35643.94921875,0,0.0,0.0,^CNXENERGY
2026-03-25 12:50:00+05:30,35644.1015625,35648.1015625,35595.1484375,35597.6484375,0,0.0,0.0,^CNXENERGY
2026-03-25 12:55:00+05:30,35597.6484375,35600.6484375,35572.05078125,35584.5,0,0.0,0.0,^CNXENERGY
2026-03-25 13:00:00+05:30,35586.1484375,35626.8984375,35575.30078125,35608.8515625,0,0.0,0.0,^CNXENERGY
2026-03-25 13:05:00+05:30,35608.19921875,35645.3515625,35602.3984375,35627.3984375,0,0.0,0.0,^CNXENERGY
2026-03-25 13:10:00+05:30,35627.44921875,35651.75,35625.8984375,35639.5,0,0.0,0.0,^CNXENERGY
2026-03-25 13:15:00+05:30,35637.8984375,35659.19921875,35634.80078125,35634.80078125,0,0.0,0.0,^CNXENERGY
2026-03-25 13:20:00+05:30,35635.80078125,35654.8984375,35616.1015625,35648.3984375,0,0.0,0.0,^CNXENERGY
2026-03-25 13:25:00+05:30,35647.8984375,35688.44921875,35644.1015625,35674.3984375,0,0.0,0.0,^CNXENERGY
2026-03-25 13:30:00+05:30,35674.80078125,35705.5,35649.5,35693.94921875,0,0.0,0.0,^CNXENERGY
2026-03-25 13:35:00+05:30,35694.05078125,35710.8515625,35681.69921875,35695.19921875,0,0.0,0.0,^CNXENERGY
2026-03-25 13:40:00+05:30,35695.75,35700.25,35675.55078125,35696.80078125,0,0.0,0.0,^CNXENERGY
2026-03-25 13:45:00+05:30,35697.3515625,35720.05078125,35694.8515625,35716.6015625,0,0.0,0.0,^CNXENERGY
2026-03-25 13:50:00+05:30,35716.1484375,35734.25,35693.75,35707.55078125,0,0.0,0.0,^CNXENERGY
2026-03-25 13:55:00+05:30,35710.6015625,35717.8515625,35697.55078125,35712.6484375,0,0.0,0.0,^CNXENERGY
2026-03-25 14:00:00+05:30,35710.6484375,35740.8984375,35694.6015625,35702.3984375,0,0.0,0.0,^CNXENERGY
2026-03-25 14:05:00+05:30,35701.25,35710.6484375,35646.1484375,35659.30078125,0,0.0,0.0,^CNXENERGY
2026-03-25 14:10:00+05:30,35657.19921875,35675.6015625,35638.6015625,35641.80078125,0,0.0,0.0,^CNXENERGY
2026-03-25 14:15:00+05:30,35645.1484375,35664.44921875,35624.6484375,35627.05078125,0,0.0,0.0,^CNXENERGY
2026-03-25 14:20:00+05:30,35627.6484375,35639.75,35529.8984375,35535.80078125,0,0.0,0.0,^CNXENERGY
2026-03-25 14:25:00+05:30,35535.5,35567.75,35531.25,35563.25,0,0.0,0.0,^CNXENERGY
2026-03-25 14:30:00+05:30,35563.30078125,35595.25,35529.0,35571.1015625,0,0.0,0.0,^CNXENERGY
2026-03-25 14:35:00+05:30,35570.19921875,35582.80078125,35549.3984375,35558.3984375,0,0.0,0.0,^CNXENERGY
2026-03-25 14:40:00+05:30,35559.25,35592.75,35558.19921875,35585.05078125,0,0.0,0.0,^CNXENERGY
2026-03-25 14:45:00+05:30,35583.55078125,35599.8984375,35566.30078125,35578.6015625,0,0.0,0.0,^CNXENERGY
2026-03-25 14:50:00+05:30,35579.05078125,35598.05078125,35565.1484375,35575.1484375,0,0.0,0.0,^CNXENERGY
2026-03-25 14:55:00+05:30,35575.69921875,35610.55078125,35556.80078125,35608.69921875,0,0.0,0.0,^CNXENERGY
2026-03-25 15:00:00+05:30,35606.1015625,35627.55078125,35528.25,35590.75,0,0.0,0.0,^CNXENERGY
2026-03-25 15:05:00+05:30,35590.30078125,35595.30078125,35564.44921875,35590.1484375,0,0.0,0.0,^CNXENERGY
2026-03-25 15:10:00+05:30,35592.75,35592.75,35552.44921875,35552.44921875,0,0.0,0.0,^CNXENERGY
2026-03-25 15:15:00+05:30,35555.6484375,35558.5,35519.69921875,35520.8984375,0,0.0,0.0,^CNXENERGY
2026-03-25 15:20:00+05:30,35523.5,35541.25,35519.19921875,35536.8984375,0,0.0,0.0,^CNXENERGY
2026-03-25 15:25:00+05:30,35538.1484375,35563.1015625,35532.1484375,35548.94921875,0,0.0,0.0,^CNXENERGY
2026-03-27 09:15:00+05:30,35498.5,35501.69921875,35227.05078125,35241.5,0,0.0,0.0,^CNXENERGY
2026-03-27 09:20:00+05:30,35237.5,35453.75,35224.19921875,35379.5,0,0.0,0.0,^CNXENERGY
2026-03-27 09:25:00+05:30,35379.1015625,35471.5,35348.44921875,35443.5,0,0.0,0.0,^CNXENERGY
2026-03-27 09:30:00+05:30,35443.75,35469.1015625,35291.19921875,35294.44921875,0,0.0,0.0,^CNXENERGY
2026-03-27 09:35:00+05:30,35296.25,35319.1015625,35265.94921875,35317.55078125,0,0.0,0.0,^CNXENERGY
2026-03-27 09:40:00+05:30,35317.44921875,35375.30078125,35304.0,35368.55078125,0,0.0,0.0,^CNXENERGY
2026-03-27 09:45:00+05:30,35371.30078125,35395.6015625,35338.5,35395.6015625,0,0.0,0.0,^CNXENERGY
2026-03-27 09:50:00+05:30,35392.8515625,35416.55078125,35327.55078125,35330.19921875,0,0.0,0.0,^CNXENERGY
2026-03-27 09:55:00+05:30,35325.1484375,35330.30078125,35258.1015625,35285.8984375,0,0.0,0.0,^CNXENERGY
2026-03-27 10:00:00+05:30,35285.6015625,35358.44921875,35277.5,35329.25,0,0.0,0.0,^CNXENERGY
2026-03-27 10:05:00+05:30,35327.80078125,35327.80078125,35288.69921875,35312.6484375,0,0.0,0.0,^CNXENERGY
2026-03-27 10:10:00+05:30,35314.94921875,35316.30078125,35249.3515625,35249.8984375,0,0.0,0.0,^CNXENERGY
2026-03-27 10:15:00+05:30,35250.80078125,35251.0,35182.30078125,35195.1015625,0,0.0,0.0,^CNXENERGY
2026-03-27 10:20:00+05:30,35195.6484375,35237.1015625,35180.8515625,35208.19921875,0,0.0,0.0,^CNXENERGY
2026-03-27 10:25:00+05:30,35208.0,35231.0,35191.6015625,35227.25,0,0.0,0.0,^CNXENERGY
2026-03-27 10:30:00+05:30,35228.3515625,35280.0,35203.8984375,35204.6484375,0,0.0,0.0,^CNXENERGY
2026-03-27 10:35:00+05:30,35207.3984375,35222.0,35174.05078125,35219.0,0,0.0,0.0,^CNXENERGY
2026-03-27 10:40:00+05:30,35219.8984375,35230.94921875,35194.30078125,35196.6015625,0,0.0,0.0,^CNXENERGY
2026-03-27 10:45:00+05:30,35197.1015625,35198.25,35170.8515625,35172.8515625,0,0.0,0.0,^CNXENERGY
2026-03-27 10:50:00+05:30,35173.5,35192.1484375,35135.30078125,35138.25,0,0.0,0.0,^CNXENERGY
2026-03-27 10:55:00+05:30,35135.44921875,35216.6484375,35135.44921875,35209.3515625,0,0.0,0.0,^CNXENERGY
2026-03-27 11:00:00+05:30,35209.69921875,35258.69921875,35204.19921875,35249.55078125,0,0.0,0.0,^CNXENERGY
2026-03-27 11:05:00+05:30,35248.19921875,35250.1015625,35218.0,35244.0,0,0.0,0.0,^CNXENERGY
2026-03-27 11:10:00+05:30,35241.75,35274.6484375,35226.3984375,35237.6015625,0,0.0,0.0,^CNXENERGY
2026-03-27 11:15:00+05:30,35234.3984375,35274.5,35232.5,35250.44921875,0,0.0,0.0,^CNXENERGY
2026-03-27 11:20:00+05:30,35248.0,35250.55078125,35209.80078125,35233.75,0,0.0,0.0,^CNXENERGY
2026-03-27 11:25:00+05:30,35235.0,35260.05078125,35215.80078125,35229.1015625,0,0.0,0.0,^CNXENERGY
2026-03-27 11:30:00+05:30,35230.75,35270.75,35217.30078125,35254.3515625,0,0.0,0.0,^CNXENERGY
2026-03-27 11:35:00+05:30,35253.44921875,35307.3515625,35253.44921875,35299.8984375,0,0.0,0.0,^CNXENERGY
2026-03-27 11:40:00+05:30,35298.44921875,35305.80078125,35266.19921875,35305.80078125,0,0.0,0.0,^CNXENERGY
2026-03-27 11:45:00+05:30,35302.6015625,35314.19921875,35285.6484375,35294.1484375,0,0.0,0.0,^CNXENERGY
2026-03-27 11:50:00+05:30,35291.80078125,35303.3984375,35273.3984375,35293.0,0,0.0,0.0,^CNXENERGY
2026-03-27 11:55:00+05:30,35292.75,35293.69921875,35244.80078125,35268.1015625,0,0.0,0.0,^CNXENERGY
2026-03-27 12:00:00+05:30,35270.6015625,35270.6015625,35215.69921875,35256.30078125,0,0.0,0.0,^CNXENERGY
2026-03-27 12:05:00+05:30,35256.05078125,35269.6484375,35245.5,35257.8515625,0,0.0,0.0,^CNXENERGY
2026-03-27 12:10:00+05:30,35257.5,35296.5,35247.0,35279.8984375,0,0.0,0.0,^CNXENERGY
2026-03-27 12:15:00+05:30,35278.05078125,35279.44921875,35214.6484375,35223.69921875,0,0.0,0.0,^CNXENERGY
2026-03-27 12:20:00+05:30,35220.75,35265.1015625,35209.55078125,35263.55078125,0,0.0,0.0,^CNXENERGY
2026-03-27 12:25:00+05:30,35264.69921875,35319.6015625,35259.0,35302.19921875,0,0.0,0.0,^CNXENERGY
2026-03-27 12:30:00+05:30,35303.6015625,35305.1015625,35258.19921875,35301.44921875,0,0.0,0.0,^CNXENERGY
2026-03-27 12:35:00+05:30,35299.55078125,35316.1015625,35284.6015625,35313.0,0,0.0,0.0,^CNXENERGY
2026-03-27 12:40:00+05:30,35314.69921875,35332.69921875,35296.1484375,35329.0,0,0.0,0.0,^CNXENERGY
2026-03-27 12:45:00+05:30,35328.5,35346.1015625,35293.75,35340.3515625,0,0.0,0.0,^CNXENERGY
2026-03-27 12:50:00+05:30,35339.6484375,35374.05078125,35322.0,35340.3515625,0,0.0,0.0,^CNXENERGY
2026-03-27 12:55:00+05:30,35337.6015625,35380.5,35337.6015625,35377.80078125,0,0.0,0.0,^CNXENERGY
2026-03-27 13:00:00+05:30,35378.3984375,35385.0,35318.55078125,35320.3515625,0,0.0,0.0,^CNXENERGY
2026-03-27 13:05:00+05:30,35322.1015625,35326.30078125,35293.6015625,35298.05078125,0,0.0,0.0,^CNXENERGY
2026-03-27 13:10:00+05:30,35297.94921875,35351.0,35277.69921875,35348.1015625,0,0.0,0.0,^CNXENERGY
2026-03-27 13:15:00+05:30,35349.8984375,35475.55078125,35345.75,35436.6015625,0,0.0,0.0,^CNXENERGY
2026-03-27 13:20:00+05:30,35434.30078125,35435.44921875,35392.3515625,35422.80078125,0,0.0,0.0,^CNXENERGY
2026-03-27 13:25:00+05:30,35422.1015625,35456.3984375,35380.8515625,35385.75,0,0.0,0.0,^CNXENERGY
2026-03-27 13:30:00+05:30,35387.25,35426.80078125,35375.3984375,35411.0,0,0.0,0.0,^CNXENERGY
2026-03-27 13:35:00+05:30,35410.8984375,35422.19921875,35371.19921875,35376.8984375,0,0.0,0.0,^CNXENERGY
2026-03-27 13:40:00+05:30,35376.0,35432.80078125,35373.94921875,35408.6015625,0,0.0,0.0,^CNXENERGY
2026-03-27 13:45:00+05:30,35409.3984375,35435.5,35406.5,35416.1484375,0,0.0,0.0,^CNXENERGY
2026-03-27 13:50:00+05:30,35415.1484375,35441.0,35408.0,35420.44921875,0,0.0,0.0,^CNXENERGY
2026-03-27 13:55:00+05:30,35420.8984375,35436.1015625,35406.0,35427.3984375,0,0.0,0.0,^CNXENERGY
2026-03-27 14:00:00+05:30,35425.0,35452.55078125,35416.44921875,35448.1484375,0,0.0,0.0,^CNXENERGY
2026-03-27 14:05:00+05:30,35449.0,35460.1015625,35411.3515625,35441.5,0,0.0,0.0,^CNXENERGY
2026-03-27 14:10:00+05:30,35440.69921875,35453.1015625,35411.8515625,35451.5,0,0.0,0.0,^CNXENERGY
2026-03-27 14:15:00+05:30,35450.55078125,35450.55078125,35366.05078125,35381.8515625,0,0.0,0.0,^CNXENERGY
2026-03-27 14:20:00+05:30,35384.1015625,35398.6015625,35355.75,35378.6015625,0,0.0,0.0,^CNXENERGY
2026-03-27 14:25:00+05:30,35377.55078125,35388.8984375,35334.6015625,35350.25,0,0.0,0.0,^CNXENERGY
2026-03-27 14:30:00+05:30,35350.1484375,35357.1015625,35317.6015625,35330.1484375,0,0.0,0.0,^CNXENERGY
2026-03-27 14:35:00+05:30,35329.0,35353.94921875,35293.80078125,35297.3984375,0,0.0,0.0,^CNXENERGY
2026-03-27 14:40:00+05:30,35297.55078125,35369.30078125,35294.80078125,35337.8984375,0,0.0,0.0,^CNXENERGY
2026-03-27 14:45:00+05:30,35337.3515625,35355.05078125,35325.3984375,35326.05078125,0,0.0,0.0,^CNXENERGY
2026-03-27 14:50:00+05:30,35326.3984375,35351.3515625,35320.0,35338.44921875,0,0.0,0.0,^CNXENERGY
2026-03-27 14:55:00+05:30,35334.1484375,35353.1484375,35310.75,35316.3515625,0,0.0,0.0,^CNXENERGY
2026-03-27 15:00:00+05:30,35312.6484375,35312.80078125,35210.8984375,35240.3515625,0,0.0,0.0,^CNXENERGY
2026-03-27 15:05:00+05:30,35237.6484375,35237.6484375,35198.3515625,35226.80078125,0,0.0,0.0,^CNXENERGY
2026-03-27 15:10:00+05:30,35227.55078125,35258.1484375,35200.25,35210.30078125,0,0.0,0.0,^CNXENERGY
2026-03-27 15:15:00+05:30,35210.3515625,35225.3515625,35192.19921875,35203.25,0,0.0,0.0,^CNXENERGY
2026-03-27 15:20:00+05:30,35205.6015625,35221.05078125,35183.55078125,35221.05078125,0,0.0,0.0,^CNXENERGY
2026-03-27 15:25:00+05:30,35214.3515625,35237.6484375,35189.6015625,35207.8984375,0,0.0,0.0,^CNXENERGY
2026-03-30 09:15:00+05:30,34937.3515625,35192.5,34827.80078125,35093.80078125,0,0.0,0.0,^CNXENERGY
2026-03-30 09:20:00+05:30,35091.5,35277.75,35080.05078125,35231.1484375,0,0.0,0.0,^CNXENERGY
2026-03-30 09:25:00+05:30,35226.8515625,35277.44921875,35202.25,35264.94921875,0,0.0,0.0,^CNXENERGY
2026-03-30 09:30:00+05:30,35267.0,35363.19921875,35267.0,35341.1015625,0,0.0,0.0,^CNXENERGY
2026-03-30 09:35:00+05:30,35336.19921875,35416.8984375,35317.1015625,35372.6015625,0,0.0,0.0,^CNXENERGY
2026-03-30 09:40:00+05:30,35370.5,35458.1484375,35355.3515625,35448.55078125,0,0.0,0.0,^CNXENERGY
2026-03-30 09:45:00+05:30,35448.55078125,35523.44921875,35406.8515625,35422.19921875,0,0.0,0.0,^CNXENERGY
2026-03-30 09:50:00+05:30,35422.8984375,35482.94921875,35411.8515625,35419.1484375,0,0.0,0.0,^CNXENERGY
2026-03-30 09:55:00+05:30,35416.19921875,35420.80078125,35353.19921875,35389.55078125,0,0.0,0.0,^CNXENERGY
2026-03-30 10:00:00+05:30,35391.6484375,35444.1484375,35381.80078125,35402.8984375,0,0.0,0.0,^CNXENERGY
2026-03-30 10:05:00+05:30,35398.05078125,35406.5,35300.94921875,35311.80078125,0,0.0,0.0,^CNXENERGY
2026-03-30 10:10:00+05:30,35312.3984375,35313.69921875,35218.44921875,35298.05078125,0,0.0,0.0,^CNXENERGY
2026-03-30 10:15:00+05:30,35298.6484375,35311.3515625,35203.55078125,35205.80078125,0,0.0,0.0,^CNXENERGY
2026-03-30 10:20:00+05:30,35204.19921875,35207.30078125,35134.94921875,35142.5,0,0.0,0.0,^CNXENERGY
2026-03-30 10:25:00+05:30,35141.3984375,35161.19921875,35112.8984375,35115.8515625,0,0.0,0.0,^CNXENERGY
2026-03-30 10:30:00+05:30,35115.0,35121.3515625,35069.05078125,35095.1015625,0,0.0,0.0,^CNXENERGY
2026-03-30 10:35:00+05:30,35097.1484375,35187.3515625,35093.94921875,35161.5,0,0.0,0.0,^CNXENERGY
2026-03-30 10:40:00+05:30,35162.30078125,35170.19921875,35098.80078125,35098.80078125,0,0.0,0.0,^CNXENERGY
2026-03-30 10:45:00+05:30,35099.1015625,35119.94921875,35078.19921875,35097.69921875,0,0.0,0.0,^CNXENERGY
2026-03-30 10:50:00+05:30,35098.3984375,35126.44921875,35044.0,35050.05078125,0,0.0,0.0,^CNXENERGY
2026-03-30 10:55:00+05:30,35051.19921875,35104.0,35022.25,35034.0,0,0.0,0.0,^CNXENERGY
2026-03-30 11:00:00+05:30,35033.8984375,35072.25,35028.6015625,35062.1484375,0,0.0,0.0,^CNXENERGY
2026-03-30 11:05:00+05:30,35062.75,35084.69921875,35039.6484375,35039.6484375,0,0.0,0.0,^CNXENERGY
2026-03-30 11:10:00+05:30,35037.44921875,35054.3984375,35014.6484375,35034.1484375,0,0.0,0.0,^CNXENERGY
2026-03-30 11:15:00+05:30,35035.69921875,35076.05078125,35027.3984375,35056.0,0,0.0,0.0,^CNXENERGY
2026-03-30 11:20:00+05:30,35057.6484375,35101.1484375,35039.30078125,35050.80078125,0,0.0,0.0,^CNXENERGY
2026-03-30 11:25:00+05:30,35048.94921875,35054.30078125,35014.6484375,35032.69921875,0,0.0,0.0,^CNXENERGY
2026-03-30 11:30:00+05:30,35034.3515625,35109.8984375,35023.75,35106.1484375,0,0.0,0.0,^CNXENERGY
2026-03-30 11:35:00+05:30,35107.1015625,35190.44921875,35104.25,35147.80078125,0,0.0,0.0,^CNXENERGY
2026-03-30 11:40:00+05:30,35147.69921875,35147.69921875,35091.44921875,35092.25,0,0.0,0.0,^CNXENERGY
2026-03-30 11:45:00+05:30,35095.25,35095.25,35073.80078125,35080.3984375,0,0.0,0.0,^CNXENERGY
2026-03-30 11:50:00+05:30,35079.5,35094.44921875,35054.3515625,35092.05078125,0,0.0,0.0,^CNXENERGY
2026-03-30 11:55:00+05:30,35092.3984375,35136.1015625,35091.94921875,35117.8515625,0,0.0,0.0,^CNXENERGY
2026-03-30 12:00:00+05:30,35116.80078125,35271.3984375,35113.44921875,35251.55078125,0,0.0,0.0,^CNXENERGY
2026-03-30 12:05:00+05:30,35251.5,35298.1484375,35200.25,35238.30078125,0,0.0,0.0,^CNXENERGY
2026-03-30 12:10:00+05:30,35236.55078125,35271.6484375,35231.8984375,35267.6484375,0,0.0,0.0,^CNXENERGY
2026-03-30 12:15:00+05:30,35267.8515625,35286.6015625,35243.30078125,35246.1015625,0,0.0,0.0,^CNXENERGY
2026-03-30 12:20:00+05:30,35248.25,35291.25,35218.55078125,35219.25,0,0.0,0.0,^CNXENERGY
2026-03-30 12:25:00+05:30,35221.30078125,35221.6484375,35140.3515625,35171.94921875,0,0.0,0.0,^CNXENERGY
2026-03-30 12:30:00+05:30,35171.3984375,35171.69921875,35136.05078125,35153.8984375,0,0.0,0.0,^CNXENERGY
2026-03-30 12:35:00+05:30,35154.05078125,35233.1015625,35147.19921875,35230.25,0,0.0,0.0,^CNXENERGY
2026-03-30 12:40:00+05:30,35230.3515625,35258.19921875,35225.8984375,35247.55078125,0,0.0,0.0,^CNXENERGY
2026-03-30 12:45:00+05:30,35248.25,35253.0,35204.30078125,35206.6484375,0,0.0,0.0,^CNXENERGY
2026-03-30 12:50:00+05:30,35207.1484375,35208.8984375,35122.0,35158.5,0,0.0,0.0,^CNXENERGY
2026-03-30 12:55:00+05:30,35158.0,35181.6015625,35148.3984375,35179.1015625,0,0.0,0.0,^CNXENERGY
2026-03-30 13:00:00+05:30,35180.8515625,35200.80078125,35165.75,35172.8984375,0,0.0,0.0,^CNXENERGY
2026-03-30 13:05:00+05:30,35172.0,35241.1015625,35167.5,35192.1484375,0,0.0,0.0,^CNXENERGY
2026-03-30 13:10:00+05:30,35191.6484375,35210.0,35164.0,35194.94921875,0,0.0,0.0,^CNXENERGY
2026-03-30 13:15:00+05:30,35195.5,35229.25,35179.3515625,35185.1484375,0,0.0,0.0,^CNXENERGY
2026-03-30 13:20:00+05:30,35184.75,35212.1015625,35183.8984375,35200.30078125,0,0.0,0.0,^CNXENERGY
2026-03-30 13:25:00+05:30,35200.1015625,35202.19921875,35134.3515625,35156.3515625,0,0.0,0.0,^CNXENERGY
2026-03-30 13:30:00+05:30,35154.55078125,35173.55078125,35124.19921875,35173.0,0,0.0,0.0,^CNXENERGY
2026-03-30 13:35:00+05:30,35174.25,35206.25,35158.6484375,35181.25,0,0.0,0.0,^CNXENERGY
2026-03-30 13:40:00+05:30,35184.0,35192.3515625,35113.05078125,35127.6015625,0,0.0,0.0,^CNXENERGY
2026-03-30 13:45:00+05:30,35126.19921875,35141.80078125,35112.5,35114.3984375,0,0.0,0.0,^CNXENERGY
2026-03-30 13:50:00+05:30,35111.80078125,35114.19921875,35063.0,35070.6484375,0,0.0,0.0,^CNXENERGY
2026-03-30 13:55:00+05:30,35070.25,35079.55078125,35052.6015625,35060.5,0,0.0,0.0,^CNXENERGY
2026-03-30 14:00:00+05:30,35057.94921875,35174.3515625,35057.94921875,35146.0,0,0.0,0.0,^CNXENERGY
2026-03-30 14:05:00+05:30,35145.69921875,35172.1015625,35135.0,35135.0,0,0.0,0.0,^CNXENERGY
2026-03-30 14:10:00+05:30,35136.05078125,35140.30078125,35087.05078125,35091.55078125,0,0.0,0.0,^CNXENERGY
2026-03-30 14:15:00+05:30,35089.8515625,35106.8984375,35079.55078125,35083.25,0,0.0,0.0,^CNXENERGY
2026-03-30 14:20:00+05:30,35082.1015625,35115.5,35032.55078125,35044.0,0,0.0,0.0,^CNXENERGY
2026-03-30 14:25:00+05:30,35043.44921875,35053.05078125,35009.8515625,35011.80078125,0,0.0,0.0,^CNXENERGY
2026-03-30 14:30:00+05:30,35010.69921875,35061.80078125,34966.6484375,34966.6484375,0,0.0,0.0,^CNXENERGY
2026-03-30 14:35:00+05:30,34964.8984375,35010.1484375,34959.44921875,34973.94921875,0,0.0,0.0,^CNXENERGY
2026-03-30 14:40:00+05:30,34973.8515625,34988.6484375,34952.8984375,34957.69921875,0,0.0,0.0,^CNXENERGY
2026-03-30 14:45:00+05:30,34957.1484375,34981.19921875,34907.25,34930.3515625,0,0.0,0.0,^CNXENERGY
2026-03-30 14:50:00+05:30,34929.5,34959.05078125,34901.44921875,34903.30078125,0,0.0,0.0,^CNXENERGY
2026-03-30 14:55:00+05:30,34903.8515625,34920.69921875,34882.8515625,34887.44921875,0,0.0,0.0,^CNXENERGY
2026-03-30 15:00:00+05:30,34890.55078125,34908.94921875,34828.6484375,34832.44921875,0,0.0,0.0,^CNXENERGY
2026-03-30 15:05:00+05:30,34835.1484375,34856.6015625,34802.1015625,34812.80078125,0,0.0,0.0,^CNXENERGY
2026-03-30 15:10:00+05:30,34814.44921875,34882.30078125,34813.44921875,34854.0,0,0.0,0.0,^CNXENERGY
2026-03-30 15:15:00+05:30,34857.55078125,34874.3515625,34836.8984375,34845.8984375,0,0.0,0.0,^CNXENERGY
2026-03-30 15:20:00+05:30,34846.5,34870.05078125,34824.19921875,34867.69921875,0,0.0,0.0,^CNXENERGY
2026-03-30 15:25:00+05:30,34867.30078125,34900.5,34837.1484375,34868.1484375,0,0.0,0.0,^CNXENERGY
2026-04-01 09:15:00+05:30,35820.0,35820.0,35397.0,35620.94921875,0,0.0,0.0,^CNXENERGY
2026-04-01 09:20:00+05:30,35621.5,35700.8515625,35620.94921875,35683.5,0,0.0,0.0,^CNXENERGY
2026-04-01 09:25:00+05:30,35684.80078125,35789.05078125,35683.05078125,35786.80078125,0,0.0,0.0,^CNXENERGY
2026-04-01 09:30:00+05:30,35784.3984375,35803.55078125,35657.30078125,35671.6484375,0,0.0,0.0,^CNXENERGY
2026-04-01 09:35:00+05:30,35672.55078125,35672.55078125,35553.8984375,35561.8984375,0,0.0,0.0,^CNXENERGY
2026-04-01 09:40:00+05:30,35561.94921875,35650.3515625,35561.94921875,35568.75,0,0.0,0.0,^CNXENERGY
2026-04-01 09:45:00+05:30,35566.44921875,35669.5,35562.69921875,35668.6015625,0,0.0,0.0,^CNXENERGY
2026-04-01 09:50:00+05:30,35668.3984375,35745.25,35660.19921875,35741.0,0,0.0,0.0,^CNXENERGY
2026-04-01 09:55:00+05:30,35745.0,35748.25,35621.30078125,35653.19921875,0,0.0,0.0,^CNXENERGY
2026-04-01 10:00:00+05:30,35653.44921875,35710.44921875,35653.44921875,35692.3984375,0,0.0,0.0,^CNXENERGY
2026-04-01 10:05:00+05:30,35692.1484375,35704.1015625,35626.8515625,35629.8984375,0,0.0,0.0,^CNXENERGY
2026-04-01 10:10:00+05:30,35631.3984375,35635.69921875,35572.1484375,35575.5,0,0.0,0.0,^CNXENERGY
2026-04-01 10:15:00+05:30,35576.1015625,35588.3984375,35511.8984375,35543.8515625,0,0.0,0.0,^CNXENERGY
2026-04-01 10:20:00+05:30,35545.3515625,35568.3515625,35481.6015625,35489.75,0,0.0,0.0,^CNXENERGY
2026-04-01 10:25:00+05:30,35489.6015625,35493.5,35421.19921875,35466.3515625,0,0.0,0.0,^CNXENERGY
2026-04-01 10:30:00+05:30,35473.80078125,35504.6484375,35433.3984375,35488.05078125,0,0.0,0.0,^CNXENERGY
2026-04-01 10:35:00+05:30,35488.8515625,35571.5,35488.0,35567.94921875,0,0.0,0.0,^CNXENERGY
2026-04-01 10:40:00+05:30,35569.19921875,35571.80078125,35516.0,35562.44921875,0,0.0,0.0,^CNXENERGY
2026-04-01 10:45:00+05:30,35563.55078125,35588.0,35528.80078125,35545.1484375,0,0.0,0.0,^CNXENERGY
2026-04-01 10:50:00+05:30,35544.0,35550.44921875,35499.69921875,35500.55078125,0,0.0,0.0,^CNXENERGY
2026-04-01 10:55:00+05:30,35502.3984375,35504.44921875,35446.94921875,35460.3515625,0,0.0,0.0,^CNXENERGY
2026-04-01 11:00:00+05:30,35460.5,35460.5,35424.44921875,35428.80078125,0,0.0,0.0,^CNXENERGY
2026-04-01 11:05:00+05:30,35428.80078125,35508.1484375,35386.1015625,35452.3515625,0,0.0,0.0,^CNXENERGY
2026-04-01 11:10:00+05:30,35453.19921875,35550.5,35449.8984375,35550.5,0,0.0,0.0,^CNXENERGY
2026-04-01 11:15:00+05:30,35558.1484375,35640.6015625,35547.1015625,35561.8984375,0,0.0,0.0,^CNXENERGY
2026-04-01 11:20:00+05:30,35561.75,35593.55078125,35546.0,35574.8984375,0,0.0,0.0,^CNXENERGY
2026-04-01 11:25:00+05:30,35574.30078125,35593.19921875,35556.0,35562.19921875,0,0.0,0.0,^CNXENERGY
2026-04-01 11:30:00+05:30,35562.5,35619.8984375,35545.69921875,35619.8984375,0,0.0,0.0,^CNXENERGY
2026-04-01 11:35:00+05:30,35619.5,35629.1015625,35591.8984375,35626.25,0,0.0,0.0,^CNXENERGY
2026-04-01 11:40:00+05:30,35624.44921875,35635.69921875,35558.6015625,35569.1484375,0,0.0,0.0,^CNXENERGY
2026-04-01 11:45:00+05:30,35571.1015625,35573.6015625,35459.5,35487.69921875,0,0.0,0.0,^CNXENERGY
2026-04-01 11:50:00+05:30,35488.69921875,35506.80078125,35457.05078125,35457.55078125,0,0.0,0.0,^CNXENERGY
2026-04-01 11:55:00+05:30,35458.75,35536.05078125,35442.69921875,35523.94921875,0,0.0,0.0,^CNXENERGY
2026-04-01 12:00:00+05:30,35521.30078125,35609.55078125,35518.25,35578.19921875,0,0.0,0.0,^CNXENERGY
2026-04-01 12:05:00+05:30,35576.75,35596.3984375,35560.05078125,35595.8515625,0,0.0,0.0,^CNXENERGY
2026-04-01 12:10:00+05:30,35593.3515625,35644.1484375,35591.5,35636.6015625,0,0.0,0.0,^CNXENERGY
2026-04-01 12:15:00+05:30,35633.30078125,35651.5,35613.3515625,35616.8984375,0,0.0,0.0,^CNXENERGY
2026-04-01 12:20:00+05:30,35616.6484375,35622.30078125,35594.94921875,35605.25,0,0.0,0.0,^CNXENERGY
2026-04-01 12:25:00+05:30,35602.8984375,35637.3515625,35600.5,35630.44921875,0,0.0,0.0,^CNXENERGY
2026-04-01 12:30:00+05:30,35627.3515625,35662.25,35627.3515625,35636.1484375,0,0.0,0.0,^CNXENERGY
2026-04-01 12:35:00+05:30,35637.25,35663.75,35599.94921875,35663.75,0,0.0,0.0,^CNXENERGY
2026-04-01 12:40:00+05:30,35662.30078125,35682.0,35651.44921875,35664.6015625,0,0.0,0.0,^CNXENERGY
2026-04-01 12:45:00+05:30,35664.19921875,35717.05078125,35659.44921875,35682.6015625,0,0.0,0.0,^CNXENERGY
2026-04-01 12:50:00+05:30,35682.80078125,35685.75,35661.0,35682.75,0,0.0,0.0,^CNXENERGY
2026-04-01 12:55:00+05:30,35682.69921875,35685.6484375,35653.1484375,35655.30078125,0,0.0,0.0,^CNXENERGY
2026-04-01 13:00:00+05:30,35655.1484375,35674.1015625,35622.55078125,35638.8984375,0,0.0,0.0,^CNXENERGY
2026-04-01 13:05:00+05:30,35640.69921875,35666.19921875,35629.8984375,35643.1015625,0,0.0,0.0,^CNXENERGY
2026-04-01 13:10:00+05:30,35643.55078125,35660.6015625,35624.25,35657.8515625,0,0.0,0.0,^CNXENERGY
2026-04-01 13:15:00+05:30,35657.3515625,35682.55078125,35592.3984375,35599.30078125,0,0.0,0.0,^CNXENERGY
2026-04-01 13:20:00+05:30,35599.55078125,35599.6015625,35531.3515625,35560.3515625,0,0.0,0.0,^CNXENERGY
2026-04-01 13:25:00+05:30,35560.05078125,35563.1484375,35521.1484375,35547.25,0,0.0,0.0,^CNXENERGY
2026-04-01 13:30:00+05:30,35548.30078125,35570.3984375,35501.1015625,35549.25,0,0.0,0.0,^CNXENERGY
2026-04-01 13:35:00+05:30,35547.75,35547.75,35495.94921875,35526.6484375,0,0.0,0.0,^CNXENERGY
2026-04-01 13:40:00+05:30,35525.1484375,35525.44921875,35318.1484375,35402.8515625,0,0.0,0.0,^CNXENERGY
2026-04-01 13:45:00+05:30,35401.80078125,35446.5,35362.1484375,35396.0,0,0.0,0.0,^CNXENERGY
2026-04-01 13:50:00+05:30,35396.8515625,35406.6484375,35377.8515625,35377.8515625,0,0.0,0.0,^CNXENERGY
2026-04-01 13:55:00+05:30,35381.6015625,35406.44921875,35366.3984375,35385.05078125,0,0.0,0.0,^CNXENERGY
2026-04-01 14:00:00+05:30,35385.05078125,35418.19921875,35362.69921875,35399.55078125,0,0.0,0.0,^CNXENERGY
2026-04-01 14:05:00+05:30,35398.19921875,35426.30078125,35391.80078125,35417.55078125,0,0.0,0.0,^CNXENERGY
2026-04-01 14:10:00+05:30,35417.6015625,35455.1015625,35398.75,35454.25,0,0.0,0.0,^CNXENERGY
2026-04-01 14:15:00+05:30,35453.30078125,35478.8984375,35419.69921875,35475.05078125,0,0.0,0.0,^CNXENERGY
2026-04-01 14:20:00+05:30,35473.19921875,35478.5,35430.30078125,35453.8515625,0,0.0,0.0,^CNXENERGY
2026-04-01 14:25:00+05:30,35453.6484375,35463.44921875,35441.30078125,35455.3984375,0,0.0,0.0,^CNXENERGY
2026-04-01 14:30:00+05:30,35457.69921875,35469.3515625,35428.19921875,35428.3984375,0,0.0,0.0,^CNXENERGY
2026-04-01 14:35:00+05:30,35429.94921875,35430.3515625,35372.05078125,35377.0,0,0.0,0.0,^CNXENERGY
2026-04-01 14:40:00+05:30,35378.05078125,35386.25,35322.8984375,35327.69921875,0,0.0,0.0,^CNXENERGY
2026-04-01 14:45:00+05:30,35325.3984375,35325.3984375,35225.80078125,35279.94921875,0,0.0,0.0,^CNXENERGY
2026-04-01 14:50:00+05:30,35280.25,35312.8984375,35258.8984375,35282.6484375,0,0.0,0.0,^CNXENERGY
2026-04-01 14:55:00+05:30,35282.30078125,35319.30078125,35272.8515625,35283.5,0,0.0,0.0,^CNXENERGY
2026-04-01 15:00:00+05:30,35287.1015625,35412.0,35287.1015625,35394.44921875,0,0.0,0.0,^CNXENERGY
2026-04-01 15:05:00+05:30,35399.69921875,35433.30078125,35392.1015625,35430.1484375,0,0.0,0.0,^CNXENERGY
2026-04-01 15:10:00+05:30,35432.8515625,35451.30078125,35399.1015625,35404.75,0,0.0,0.0,^CNXENERGY
2026-04-01 15:15:00+05:30,35403.0,35431.1484375,35396.6484375,35417.75,0,0.0,0.0,^CNXENERGY
2026-04-01 15:20:00+05:30,35417.94921875,35419.0,35383.94921875,35391.69921875,0,0.0,0.0,^CNXENERGY
2026-04-01 15:25:00+05:30,35393.0,35424.19921875,35375.0,35422.55078125,0,0.0,0.0,^CNXENERGY
2026-04-02 09:15:00+05:30,35104.30078125,35116.6484375,34645.8984375,34670.1015625,0,0.0,0.0,^CNXENERGY
2026-04-02 09:20:00+05:30,34673.1015625,34710.3515625,34581.94921875,34600.80078125,0,0.0,0.0,^CNXENERGY
2026-04-02 09:25:00+05:30,34603.5,34620.6484375,34549.6484375,34573.55078125,0,0.0,0.0,^CNXENERGY
2026-04-02 09:30:00+05:30,34575.6484375,34615.69921875,34554.80078125,34603.3515625,0,0.0,0.0,^CNXENERGY
2026-04-02 09:35:00+05:30,34601.44921875,34705.1015625,34583.05078125,34623.05078125,0,0.0,0.0,^CNXENERGY
2026-04-02 09:40:00+05:30,34625.1484375,34713.05078125,34616.3984375,34665.3515625,0,0.0,0.0,^CNXENERGY
2026-04-02 09:45:00+05:30,34665.80078125,34697.3984375,34630.8984375,34657.1015625,0,0.0,0.0,^CNXENERGY
2026-04-02 09:50:00+05:30,34659.1015625,34663.44921875,34573.05078125,34581.25,0,0.0,0.0,^CNXENERGY
2026-04-02 09:55:00+05:30,34580.94921875,34619.94921875,34569.55078125,34569.55078125,0,0.0,0.0,^CNXENERGY
2026-04-02 10:00:00+05:30,34571.3984375,34620.6015625,34541.55078125,34557.80078125,0,0.0,0.0,^CNXENERGY
2026-04-02 10:05:00+05:30,34557.6015625,34558.8515625,34495.44921875,34497.8515625,0,0.0,0.0,^CNXENERGY
2026-04-02 10:10:00+05:30,34495.55078125,34578.6484375,34495.44921875,34568.69921875,0,0.0,0.0,^CNXENERGY
2026-04-02 10:15:00+05:30,34569.75,34570.6015625,34482.8515625,34484.75,0,0.0,0.0,^CNXENERGY
2026-04-02 10:20:00+05:30,34485.1015625,34504.3984375,34434.8984375,34436.8984375,0,0.0,0.0,^CNXENERGY
2026-04-02 10:25:00+05:30,34437.1015625,34507.25,34426.6484375,34503.8515625,0,0.0,0.0,^CNXENERGY
2026-04-02 10:30:00+05:30,34503.30078125,34517.30078125,34485.69921875,34497.8515625,0,0.0,0.0,^CNXENERGY
2026-04-02 10:35:00+05:30,34497.0,34530.94921875,34486.3515625,34530.94921875,0,0.0,0.0,^CNXENERGY
2026-04-02 10:40:00+05:30,34531.1015625,34561.30078125,34519.1484375,34533.75,0,0.0,0.0,^CNXENERGY
2026-04-02 10:45:00+05:30,34533.6015625,34539.0,34466.6484375,34485.1484375,0,0.0,0.0,^CNXENERGY
2026-04-02 10:50:00+05:30,34482.6484375,34574.1484375,34480.05078125,34557.3515625,0,0.0,0.0,^CNXENERGY
2026-04-02 10:55:00+05:30,34556.30078125,34603.30078125,34533.05078125,34601.30078125,0,0.0,0.0,^CNXENERGY
2026-04-02 11:00:00+05:30,34601.55078125,34640.8984375,34582.44921875,34601.69921875,0,0.0,0.0,^CNXENERGY
2026-04-02 11:05:00+05:30,34603.6484375,34621.94921875,34579.8984375,34604.6484375,0,0.0,0.0,^CNXENERGY
2026-04-02 11:10:00+05:30,34600.44921875,34604.55078125,34561.3515625,34598.8984375,0,0.0,0.0,^CNXENERGY
2026-04-02 11:15:00+05:30,34597.80078125,34633.6015625,34590.55078125,34618.75,0,0.0,0.0,^CNXENERGY
2026-04-02 11:20:00+05:30,34618.25,34621.05078125,34571.75,34580.44921875,0,0.0,0.0,^CNXENERGY
2026-04-02 11:25:00+05:30,34579.75,34615.94921875,34572.3984375,34601.0,0,0.0,0.0,^CNXENERGY
2026-04-02 11:30:00+05:30,34602.55078125,34666.1015625,34594.94921875,34658.1015625,0,0.0,0.0,^CNXENERGY
2026-04-02 11:35:00+05:30,34659.55078125,34712.5,34657.55078125,34705.6015625,0,0.0,0.0,^CNXENERGY
2026-04-02 11:40:00+05:30,34705.8515625,34709.8984375,34666.1015625,34679.5,0,0.0,0.0,^CNXENERGY
2026-04-02 11:45:00+05:30,34678.44921875,34725.3984375,34678.44921875,34716.8515625,0,0.0,0.0,^CNXENERGY
2026-04-02 11:50:00+05:30,34715.0,34739.55078125,34715.0,34727.69921875,0,0.0,0.0,^CNXENERGY
2026-04-02 11:55:00+05:30,34729.1015625,34815.0,34729.1015625,34768.19921875,0,0.0,0.0,^CNXENERGY
2026-04-02 12:00:00+05:30,34766.3515625,34797.69921875,34733.75,34738.69921875,0,0.0,0.0,^CNXENERGY
2026-04-02 12:05:00+05:30,34739.5,34754.44921875,34714.44921875,34745.0,0,0.0,0.0,^CNXENERGY
2026-04-02 12:10:00+05:30,34744.94921875,34773.5,34739.69921875,34746.30078125,0,0.0,0.0,^CNXENERGY
2026-04-02 12:15:00+05:30,34743.6484375,34780.19921875,34742.6015625,34759.8984375,0,0.0,0.0,^CNXENERGY
2026-04-02 12:20:00+05:30,34759.19921875,34766.6015625,34668.6484375,34715.6484375,0,0.0,0.0,^CNXENERGY
2026-04-02 12:25:00+05:30,34713.44921875,34747.6015625,34701.6484375,34746.3515625,0,0.0,0.0,^CNXENERGY
2026-04-02 12:30:00+05:30,34746.05078125,34807.3515625,34745.1484375,34773.8515625,0,0.0,0.0,^CNXENERGY
2026-04-02 12:35:00+05:30,34772.3515625,34826.3984375,34756.6484375,34799.1484375,0,0.0,0.0,^CNXENERGY
2026-04-02 12:40:00+05:30,34799.5,34838.55078125,34799.5,34825.19921875,0,0.0,0.0,^CNXENERGY
2026-04-02 12:45:00+05:30,34825.6015625,34832.3984375,34796.1015625,34812.6015625,0,0.0,0.0,^CNXENERGY
2026-04-02 12:50:00+05:30,34813.05078125,34828.1484375,34776.3984375,34777.3984375,0,0.0,0.0,^CNXENERGY
2026-04-02 12:55:00+05:30,34777.1484375,34847.75,34775.05078125,34836.19921875,0,0.0,0.0,^CNXENERGY
2026-04-02 13:00:00+05:30,34838.75,34883.1484375,34838.75,34861.8515625,0,0.0,0.0,^CNXENERGY
2026-04-02 13:05:00+05:30,34863.55078125,34871.6015625,34801.30078125,34864.8984375,0,0.0,0.0,^CNXENERGY
2026-04-02 13:10:00+05:30,34863.80078125,34865.6484375,34834.55078125,34855.05078125,0,0.0,0.0,^CNXENERGY
2026-04-02 13:15:00+05:30,34854.75,34876.6484375,34837.25,34866.0,0,0.0,0.0,^CNXENERGY
2026-04-02 13:20:00+05:30,34865.8515625,34939.8984375,34861.1015625,34939.8984375,0,0.0,0.0,^CNXENERGY
2026-04-02 13:25:00+05:30,34939.05078125,34984.25,34906.3984375,34977.19921875,0,0.0,0.0,^CNXENERGY
2026-04-02 13:30:00+05:30,34977.44921875,35032.8515625,34954.55078125,34974.69921875,0,0.0,0.0,^CNXENERGY
2026-04-02 13:35:00+05:30,34974.1484375,35009.69921875,34944.8984375,35006.75,0,0.0,0.0,^CNXENERGY
2026-04-02 13:40:00+05:30,35006.69921875,35042.1015625,35001.19921875,35033.69921875,0,0.0,0.0,^CNXENERGY
2026-04-02 13:45:00+05:30,35031.55078125,35053.5,35008.69921875,35022.19921875,0,0.0,0.0,^CNXENERGY
2026-04-02 13:50:00+05:30,35020.75,35057.6015625,34995.05078125,35033.69921875,0,0.0,0.0,^CNXENERGY
2026-04-02 13:55:00+05:30,35033.25,35056.6484375,35019.1484375,35055.1015625,0,0.0,0.0,^CNXENERGY
2026-04-02 14:00:00+05:30,35053.55078125,35129.6484375,35053.55078125,35128.05078125,0,0.0,0.0,^CNXENERGY
2026-04-02 14:05:00+05:30,35127.8515625,35156.1484375,35108.3984375,35154.25,0,0.0,0.0,^CNXENERGY
2026-04-02 14:10:00+05:30,35155.80078125,35224.6484375,35154.44921875,35217.3515625,0,0.0,0.0,^CNXENERGY
2026-04-02 14:15:00+05:30,35216.25,35267.75,35196.5,35237.6015625,0,0.0,0.0,^CNXENERGY
2026-04-02 14:20:00+05:30,35237.25,35248.8984375,35214.55078125,35246.5,0,0.0,0.0,^CNXENERGY
2026-04-02 14:25:00+05:30,35246.44921875,35267.8515625,35215.25,35216.6015625,0,0.0,0.0,^CNXENERGY
2026-04-02 14:30:00+05:30,35216.44921875,35279.75,35216.44921875,35267.3984375,0,0.0,0.0,^CNXENERGY
2026-04-02 14:35:00+05:30,35268.25,35274.0,35174.25,35181.69921875,0,0.0,0.0,^CNXENERGY
2026-04-02 14:40:00+05:30,35182.55078125,35185.25,35094.55078125,35100.80078125,0,0.0,0.0,^CNXENERGY
2026-04-02 14:45:00+05:30,35101.0,35189.1015625,35083.1015625,35158.6484375,0,0.0,0.0,^CNXENERGY
2026-04-02 14:50:00+05:30,35159.1484375,35235.44921875,35146.8515625,35226.80078125,0,0.0,0.0,^CNXENERGY
2026-04-02 14:55:00+05:30,35227.19921875,35231.5,35189.1484375,35220.1015625,0,0.0,0.0,^CNXENERGY
2026-04-02 15:00:00+05:30,35217.55078125,35276.75,35193.5,35239.05078125,0,0.0,0.0,^CNXENERGY
2026-04-02 15:05:00+05:30,35239.25,35346.1015625,35239.25,35345.1484375,0,0.0,0.0,^CNXENERGY
2026-04-02 15:10:00+05:30,35346.6015625,35383.8515625,35337.69921875,35353.25,0,0.0,0.0,^CNXENERGY
2026-04-02 15:15:00+05:30,35353.5,35378.30078125,35295.44921875,35295.44921875,0,0.0,0.0,^CNXENERGY
2026-04-02 15:20:00+05:30,35294.6015625,35300.8515625,35251.30078125,35286.6015625,0,0.0,0.0,^CNXENERGY
2026-04-02 15:25:00+05:30,35286.80078125,35302.25,35241.94921875,35273.3984375,0,0.0,0.0,^CNXENERGY
2026-04-06 09:15:00+05:30,35383.55078125,35438.1484375,35017.3515625,35160.94921875,0,0.0,0.0,^CNXENERGY
2026-04-06 09:20:00+05:30,35176.3984375,35267.94921875,35167.94921875,35255.75,0,0.0,0.0,^CNXENERGY
2026-04-06 09:25:00+05:30,35258.55078125,35298.1015625,35155.3984375,35188.55078125,0,0.0,0.0,^CNXENERGY
2026-04-06 09:30:00+05:30,35180.80078125,35292.55078125,35163.6484375,35292.44921875,0,0.0,0.0,^CNXENERGY
2026-04-06 09:35:00+05:30,35292.8515625,35419.5,35292.8515625,35315.3984375,0,0.0,0.0,^CNXENERGY
2026-04-06 09:40:00+05:30,35315.8984375,35351.19921875,35218.1484375,35280.3515625,0,0.0,0.0,^CNXENERGY
2026-04-06 09:45:00+05:30,35280.25,35314.44921875,35228.25,35230.0,0,0.0,0.0,^CNXENERGY
2026-04-06 09:50:00+05:30,35234.05078125,35237.1484375,35169.3984375,35196.55078125,0,0.0,0.0,^CNXENERGY
2026-04-06 09:55:00+05:30,35195.94921875,35216.94921875,35168.80078125,35175.3515625,0,0.0,0.0,^CNXENERGY
2026-04-06 10:00:00+05:30,35176.8515625,35225.5,35158.8515625,35225.5,0,0.0,0.0,^CNXENERGY
2026-04-06 10:05:00+05:30,35226.8984375,35289.80078125,35196.8515625,35249.30078125,0,0.0,0.0,^CNXENERGY
2026-04-06 10:10:00+05:30,35252.3984375,35307.25,35237.8984375,35305.8984375,0,0.0,0.0,^CNXENERGY
2026-04-06 10:15:00+05:30,35307.55078125,35330.94921875,35222.5,35266.44921875,0,0.0,0.0,^CNXENERGY
2026-04-06 10:20:00+05:30,35267.44921875,35299.19921875,35237.75,35240.44921875,0,0.0,0.0,^CNXENERGY
2026-04-06 10:25:00+05:30,35240.69921875,35241.8984375,35167.30078125,35215.1015625,0,0.0,0.0,^CNXENERGY
2026-04-06 10:30:00+05:30,35216.94921875,35219.5,35169.0,35219.5,0,0.0,0.0,^CNXENERGY
2026-04-06 10:35:00+05:30,35220.1484375,35256.55078125,35206.30078125,35255.25,0,0.0,0.0,^CNXENERGY
2026-04-06 10:40:00+05:30,35255.30078125,35263.5,35208.1484375,35235.19921875,0,0.0,0.0,^CNXENERGY
2026-04-06 10:45:00+05:30,35235.8515625,35252.0,35211.80078125,35240.25,0,0.0,0.0,^CNXENERGY
2026-04-06 10:50:00+05:30,35242.1484375,35263.5,35119.19921875,35134.55078125,0,0.0,0.0,^CNXENERGY
2026-04-06 10:55:00+05:30,35134.19921875,35186.1015625,35127.8515625,35156.25,0,0.0,0.0,^CNXENERGY
2026-04-06 11:00:00+05:30,35155.25,35157.75,35099.25,35103.44921875,0,0.0,0.0,^CNXENERGY
2026-04-06 11:05:00+05:30,35101.3984375,35137.94921875,35087.0,35111.8515625,0,0.0,0.0,^CNXENERGY
2026-04-06 11:10:00+05:30,35110.75,35113.1484375,34995.55078125,35029.3515625,0,0.0,0.0,^CNXENERGY
2026-04-06 11:15:00+05:30,35028.55078125,35065.55078125,35001.8984375,35061.94921875,0,0.0,0.0,^CNXENERGY
2026-04-06 11:20:00+05:30,35061.0,35104.30078125,35037.0,35058.8984375,0,0.0,0.0,^CNXENERGY
2026-04-06 11:25:00+05:30,35061.30078125,35112.19921875,35052.80078125,35111.05078125,0,0.0,0.0,^CNXENERGY
2026-04-06 11:30:00+05:30,35113.05078125,35122.6484375,35063.3515625,35080.3515625,0,0.0,0.0,^CNXENERGY
2026-04-06 11:35:00+05:30,35079.3984375,35139.30078125,35061.05078125,35082.55078125,0,0.0,0.0,^CNXENERGY
2026-04-06 11:40:00+05:30,35083.1015625,35152.1015625,35081.0,35146.25,0,0.0,0.0,^CNXENERGY
2026-04-06 11:45:00+05:30,35147.1484375,35183.30078125,35138.8984375,35158.1015625,0,0.0,0.0,^CNXENERGY
2026-04-06 11:50:00+05:30,35157.19921875,35190.44921875,35150.6015625,35180.44921875,0,0.0,0.0,^CNXENERGY
2026-04-06 11:55:00+05:30,35180.30078125,35236.6484375,35162.69921875,35171.44921875,0,0.0,0.0,^CNXENERGY
2026-04-06 12:00:00+05:30,35171.30078125,35208.1015625,35149.3515625,35156.3515625,0,0.0,0.0,^CNXENERGY
2026-04-06 12:05:00+05:30,35156.30078125,35172.3515625,35146.8515625,35149.05078125,0,0.0,0.0,^CNXENERGY
2026-04-06 12:10:00+05:30,35149.6484375,35157.1015625,35133.6015625,35139.1484375,0,0.0,0.0,^CNXENERGY
2026-04-06 12:15:00+05:30,35141.25,35166.05078125,35127.1015625,35135.69921875,0,0.0,0.0,^CNXENERGY
2026-04-06 12:20:00+05:30,35135.55078125,35231.55078125,35133.5,35199.8984375,0,0.0,0.0,^CNXENERGY
2026-04-06 12:25:00+05:30,35200.3515625,35221.19921875,35197.44921875,35205.80078125,0,0.0,0.0,^CNXENERGY
2026-04-06 12:30:00+05:30,35206.8515625,35211.8515625,35112.25,35112.94921875,0,0.0,0.0,^CNXENERGY
2026-04-06 12:35:00+05:30,35114.3984375,35135.80078125,35101.5,35122.3515625,0,0.0,0.0,^CNXENERGY
2026-04-06 12:40:00+05:30,35122.0,35150.44921875,35106.6015625,35145.0,0,0.0,0.0,^CNXENERGY
2026-04-06 12:45:00+05:30,35146.19921875,35231.3515625,35143.0,35231.3515625,0,0.0,0.0,^CNXENERGY
2026-04-06 12:50:00+05:30,35231.0,35246.1015625,35199.8515625,35230.94921875,0,0.0,0.0,^CNXENERGY
2026-04-06 12:55:00+05:30,35230.5,35243.6484375,35227.05078125,35236.8515625,0,0.0,0.0,^CNXENERGY
2026-04-06 13:00:00+05:30,35237.6015625,35272.05078125,35182.3515625,35195.0,0,0.0,0.0,^CNXENERGY
2026-04-06 13:05:00+05:30,35195.0,35256.80078125,35194.25,35250.69921875,0,0.0,0.0,^CNXENERGY
2026-04-06 13:10:00+05:30,35250.3984375,35297.25,35249.6015625,35286.6484375,0,0.0,0.0,^CNXENERGY
2026-04-06 13:15:00+05:30,35290.19921875,35303.0,35263.05078125,35294.3984375,0,0.0,0.0,^CNXENERGY
2026-04-06 13:20:00+05:30,35292.3515625,35337.1484375,35287.8515625,35305.94921875,0,0.0,0.0,^CNXENERGY
2026-04-06 13:25:00+05:30,35306.8984375,35310.8515625,35254.0,35271.44921875,0,0.0,0.0,^CNXENERGY
2026-04-06 13:30:00+05:30,35274.25,35300.25,35273.94921875,35290.6015625,0,0.0,0.0,^CNXENERGY
2026-04-06 13:35:00+05:30,35291.6484375,35307.94921875,35255.69921875,35256.75,0,0.0,0.0,^CNXENERGY
2026-04-06 13:40:00+05:30,35253.3515625,35267.8984375,35221.55078125,35237.1015625,0,0.0,0.0,^CNXENERGY
2026-04-06 13:45:00+05:30,35236.8515625,35270.3984375,35228.55078125,35237.44921875,0,0.0,0.0,^CNXENERGY
2026-04-06 13:50:00+05:30,35238.30078125,35282.6484375,35234.8515625,35279.6484375,0,0.0,0.0,^CNXENERGY
2026-04-06 13:55:00+05:30,35280.55078125,35300.25,35276.55078125,35281.44921875,0,0.0,0.0,^CNXENERGY
2026-04-06 14:00:00+05:30,35283.5,35330.1484375,35277.1484375,35322.1484375,0,0.0,0.0,^CNXENERGY
2026-04-06 14:05:00+05:30,35322.8984375,35347.19921875,35286.05078125,35290.55078125,0,0.0,0.0,^CNXENERGY
2026-04-06 14:10:00+05:30,35290.6484375,35325.55078125,35289.05078125,35323.30078125,0,0.0,0.0,^CNXENERGY
2026-04-06 14:15:00+05:30,35324.6484375,35343.1015625,35302.6484375,35334.80078125,0,0.0,0.0,^CNXENERGY
2026-04-06 14:20:00+05:30,35337.30078125,35371.1015625,35334.44921875,35344.44921875,0,0.0,0.0,^CNXENERGY
2026-04-06 14:25:00+05:30,35342.94921875,35364.80078125,35308.3515625,35346.0,0,0.0,0.0,^CNXENERGY
2026-04-06 14:30:00+05:30,35346.30078125,35388.55078125,35346.30078125,35373.6484375,0,0.0,0.0,^CNXENERGY
2026-04-06 14:35:00+05:30,35373.19921875,35396.19921875,35345.30078125,35371.44921875,0,0.0,0.0,^CNXENERGY
2026-04-06 14:40:00+05:30,35370.80078125,35377.30078125,35347.8984375,35363.80078125,0,0.0,0.0,^CNXENERGY
2026-04-06 14:45:00+05:30,35365.55078125,35370.44921875,35343.55078125,35350.1484375,0,0.0,0.0,^CNXENERGY
2026-04-06 14:50:00+05:30,35347.5,35378.6015625,35339.5,35351.1484375,0,0.0,0.0,^CNXENERGY
2026-04-06 14:55:00+05:30,35350.8984375,35366.25,35300.94921875,35349.8984375,0,0.0,0.0,^CNXENERGY
2026-04-06 15:00:00+05:30,35350.55078125,35402.3515625,35339.8515625,35385.6015625,0,0.0,0.0,^CNXENERGY
2026-04-06 15:05:00+05:30,35387.1484375,35417.6015625,35385.3984375,35417.6015625,0,0.0,0.0,^CNXENERGY
2026-04-06 15:10:00+05:30,35417.8515625,35428.30078125,35394.6015625,35415.75,0,0.0,0.0,^CNXENERGY
2026-04-06 15:15:00+05:30,35416.0,35420.8984375,35373.94921875,35381.0,0,0.0,0.0,^CNXENERGY
2026-04-06 15:20:00+05:30,35380.3984375,35391.1015625,35347.55078125,35389.8984375,0,0.0,0.0,^CNXENERGY
2026-04-06 15:25:00+05:30,35390.1484375,35399.94921875,35370.6484375,35390.6015625,0,0.0,0.0,^CNXENERGY
2026-04-07 09:15:00+05:30,35243.30078125,35292.44921875,35049.0,35270.94921875,0,0.0,0.0,^CNXENERGY
2026-04-07 09:20:00+05:30,35272.1484375,35378.44921875,35252.6484375,35332.05078125,0,0.0,0.0,^CNXENERGY
2026-04-07 09:25:00+05:30,35335.0,35428.19921875,35333.1015625,35362.0,0,0.0,0.0,^CNXENERGY
2026-04-07 09:30:00+05:30,35364.0,35390.55078125,35283.05078125,35304.44921875,0,0.0,0.0,^CNXENERGY
2026-04-07 09:35:00+05:30,35301.3515625,35301.3515625,35233.8515625,35252.3984375,0,0.0,0.0,^CNXENERGY
2026-04-07 09:40:00+05:30,35253.55078125,35284.19921875,35195.44921875,35207.1015625,0,0.0,0.0,^CNXENERGY
2026-04-07 09:45:00+05:30,35208.19921875,35269.55078125,35181.8515625,35192.80078125,0,0.0,0.0,^CNXENERGY
2026-04-07 09:50:00+05:30,35190.8984375,35244.0,35189.3984375,35241.8515625,0,0.0,0.0,^CNXENERGY
2026-04-07 09:55:00+05:30,35243.05078125,35297.55078125,35239.94921875,35284.25,0,0.0,0.0,^CNXENERGY
2026-04-07 10:00:00+05:30,35286.6484375,35348.94921875,35279.05078125,35343.05078125,0,0.0,0.0,^CNXENERGY
2026-04-07 10:05:00+05:30,35345.05078125,35364.6015625,35313.69921875,35335.05078125,0,0.0,0.0,^CNXENERGY
2026-04-07 10:10:00+05:30,35336.1015625,35362.1484375,35310.8515625,35354.30078125,0,0.0,0.0,^CNXENERGY
2026-04-07 10:15:00+05:30,35355.8984375,35388.0,35345.6484375,35368.8984375,0,0.0,0.0,^CNXENERGY
2026-04-07 10:20:00+05:30,35368.19921875,35397.6484375,35296.6015625,35346.69921875,0,0.0,0.0,^CNXENERGY
2026-04-07 10:25:00+05:30,35348.0,35396.25,35338.75,35393.1015625,0,0.0,0.0,^CNXENERGY
2026-04-07 10:30:00+05:30,35392.75,35409.19921875,35373.75,35374.19921875,0,0.0,0.0,^CNXENERGY
2026-04-07 10:35:00+05:30,35377.1015625,35397.80078125,35339.30078125,35396.80078125,0,0.0,0.0,^CNXENERGY
2026-04-07 10:40:00+05:30,35398.1484375,35441.1015625,35394.1015625,35440.5,0,0.0,0.0,^CNXENERGY
2026-04-07 10:45:00+05:30,35441.55078125,35441.94921875,35368.30078125,35371.55078125,0,0.0,0.0,^CNXENERGY
2026-04-07 10:50:00+05:30,35371.30078125,35373.1015625,35296.05078125,35321.94921875,0,0.0,0.0,^CNXENERGY
2026-04-07 10:55:00+05:30,35324.25,35354.0,35304.3515625,35310.80078125,0,0.0,0.0,^CNXENERGY
2026-04-07 11:00:00+05:30,35311.3515625,35322.8984375,35296.05078125,35318.6015625,0,0.0,0.0,^CNXENERGY
2026-04-07 11:05:00+05:30,35317.8984375,35403.3515625,35313.05078125,35377.30078125,0,0.0,0.0,^CNXENERGY
2026-04-07 11:10:00+05:30,35380.3515625,35388.8515625,35332.75,35348.3515625,0,0.0,0.0,^CNXENERGY
2026-04-07 11:15:00+05:30,35349.30078125,35386.3515625,35334.25,35378.94921875,0,0.0,0.0,^CNXENERGY
2026-04-07 11:20:00+05:30,35378.5,35410.6484375,35378.25,35389.8515625,0,0.0,0.0,^CNXENERGY
2026-04-07 11:25:00+05:30,35391.94921875,35392.44921875,35368.8984375,35385.69921875,0,0.0,0.0,^CNXENERGY
2026-04-07 11:30:00+05:30,35388.69921875,35400.44921875,35372.3515625,35387.3984375,0,0.0,0.0,^CNXENERGY
2026-04-07 11:35:00+05:30,35387.8984375,35398.55078125,35364.55078125,35374.75,0,0.0,0.0,^CNXENERGY
2026-04-07 11:40:00+05:30,35374.1015625,35374.94921875,35329.8984375,35356.6015625,0,0.0,0.0,^CNXENERGY
2026-04-07 11:45:00+05:30,35358.6484375,35375.94921875,35350.3984375,35366.8984375,0,0.0,0.0,^CNXENERGY
2026-04-07 11:50:00+05:30,35368.6484375,35379.8984375,35362.1484375,35378.3515625,0,0.0,0.0,^CNXENERGY
2026-04-07 11:55:00+05:30,35378.94921875,35427.75,35377.8515625,35414.6484375,0,0.0,0.0,^CNXENERGY
2026-04-07 12:00:00+05:30,35372.80078125,35377.6015625,35372.80078125,35374.94921875,0,0.0,0.0,^CNXENERGY
2026-04-07 12:05:00+05:30,35374.94921875,35382.6484375,35355.8515625,35382.6484375,0,0.0,0.0,^CNXENERGY
2026-04-07 12:10:00+05:30,35380.6015625,35390.3515625,35345.69921875,35385.55078125,0,0.0,0.0,^CNXENERGY
2026-04-07 12:15:00+05:30,35386.1015625,35391.6484375,35368.25,35375.30078125,0,0.0,0.0,^CNXENERGY
2026-04-07 12:20:00+05:30,35376.69921875,35379.5,35345.30078125,35352.8515625,0,0.0,0.0,^CNXENERGY
2026-04-07 12:25:00+05:30,35353.8515625,35372.80078125,35351.75,35368.1015625,0,0.0,0.0,^CNXENERGY
2026-04-07 12:30:00+05:30,35368.3984375,35393.75,35355.75,35361.0,0,0.0,0.0,^CNXENERGY
2026-04-07 12:35:00+05:30,35363.69921875,35379.80078125,35350.6015625,35379.6484375,0,0.0,0.0,^CNXENERGY
2026-04-07 12:40:00+05:30,35379.69921875,35412.75,35377.1015625,35405.19921875,0,0.0,0.0,^CNXENERGY
2026-04-07 12:45:00+05:30,35405.30078125,35409.55078125,35381.6484375,35401.1484375,0,0.0,0.0,^CNXENERGY
2026-04-07 12:50:00+05:30,35401.6484375,35406.05078125,35375.30078125,35404.1484375,0,0.0,0.0,^CNXENERGY
2026-04-07 12:55:00+05:30,35404.8515625,35419.94921875,35377.69921875,35384.30078125,0,0.0,0.0,^CNXENERGY
2026-04-07 13:00:00+05:30,35384.0,35411.44921875,35372.19921875,35409.6015625,0,0.0,0.0,^CNXENERGY
2026-04-07 13:05:00+05:30,35412.55078125,35412.8515625,35390.8515625,35399.30078125,0,0.0,0.0,^CNXENERGY
2026-04-07 13:10:00+05:30,35401.0,35435.8984375,35392.6484375,35423.3515625,0,0.0,0.0,^CNXENERGY
2026-04-07 13:15:00+05:30,35423.25,35440.69921875,35416.3515625,35437.55078125,0,0.0,0.0,^CNXENERGY
2026-04-07 13:20:00+05:30,35439.80078125,35439.80078125,35408.94921875,35423.1484375,0,0.0,0.0,^CNXENERGY
2026-04-07 13:25:00+05:30,35423.3984375,35424.94921875,35399.19921875,35415.19921875,0,0.0,0.0,^CNXENERGY
2026-04-07 13:30:00+05:30,35415.55078125,35515.5,35415.55078125,35478.69921875,0,0.0,0.0,^CNXENERGY
2026-04-07 13:35:00+05:30,35479.05078125,35516.8984375,35472.69921875,35513.80078125,0,0.0,0.0,^CNXENERGY
2026-04-07 13:40:00+05:30,35513.80078125,35541.94921875,35503.1484375,35537.75,0,0.0,0.0,^CNXENERGY
2026-04-07 13:45:00+05:30,35539.5,35548.30078125,35505.55078125,35513.80078125,0,0.0,0.0,^CNXENERGY
2026-04-07 13:50:00+05:30,35516.1484375,35535.44921875,35495.44921875,35522.0,0,0.0,0.0,^CNXENERGY
2026-04-07 13:55:00+05:30,35522.44921875,35532.1015625,35456.05078125,35480.30078125,0,0.0,0.0,^CNXENERGY
2026-04-07 14:00:00+05:30,35478.94921875,35534.1015625,35477.3984375,35528.1484375,0,0.0,0.0,^CNXENERGY
2026-04-07 14:05:00+05:30,35531.44921875,35540.25,35501.05078125,35508.6484375,0,0.0,0.0,^CNXENERGY
2026-04-07 14:10:00+05:30,35509.80078125,35515.5,35466.19921875,35491.44921875,0,0.0,0.0,^CNXENERGY
2026-04-07 14:15:00+05:30,35494.8984375,35518.94921875,35486.55078125,35486.55078125,0,0.0,0.0,^CNXENERGY
2026-04-07 14:20:00+05:30,35488.55078125,35491.3984375,35435.1484375,35460.94921875,0,0.0,0.0,^CNXENERGY
2026-04-07 14:25:00+05:30,35462.94921875,35491.5,35460.8515625,35484.80078125,0,0.0,0.0,^CNXENERGY
2026-04-07 14:30:00+05:30,35484.8984375,35503.8515625,35476.80078125,35487.55078125,0,0.0,0.0,^CNXENERGY
2026-04-07 14:35:00+05:30,35485.94921875,35486.1484375,35436.1484375,35451.30078125,0,0.0,0.0,^CNXENERGY
2026-04-07 14:40:00+05:30,35453.6015625,35493.8515625,35450.5,35487.1015625,0,0.0,0.0,^CNXENERGY
2026-04-07 14:45:00+05:30,35488.75,35508.05078125,35475.25,35497.6015625,0,0.0,0.0,^CNXENERGY
2026-04-07 14:50:00+05:30,35499.19921875,35530.30078125,35498.5,35514.8515625,0,0.0,0.0,^CNXENERGY
2026-04-07 14:55:00+05:30,35519.25,35556.05078125,35517.8515625,35548.05078125,0,0.0,0.0,^CNXENERGY
2026-04-07 15:00:00+05:30,35552.1484375,35610.5,35519.1015625,35609.05078125,0,0.0,0.0,^CNXENERGY
2026-04-07 15:05:00+05:30,35609.30078125,35616.6015625,35589.25,35597.19921875,0,0.0,0.0,^CNXENERGY
2026-04-07 15:10:00+05:30,35597.05078125,35597.05078125,35563.05078125,35578.05078125,0,0.0,0.0,^CNXENERGY
2026-04-07 15:15:00+05:30,35577.05078125,35595.94921875,35565.69921875,35569.6484375,0,0.0,0.0,^CNXENERGY
2026-04-07 15:20:00+05:30,35568.1015625,35571.6484375,35538.8515625,35563.1015625,0,0.0,0.0,^CNXENERGY
2026-04-07 15:25:00+05:30,35563.0,35601.44921875,35547.94921875,35562.19921875,0,0.0,0.0,^CNXENERGY
2026-04-08 09:15:00+05:30,36381.80078125,36383.0,36096.30078125,36160.80078125,0,0.0,0.0,^CNXENERGY
2026-04-08 09:20:00+05:30,36155.44921875,36187.80078125,36082.05078125,36104.5,0,0.0,0.0,^CNXENERGY
2026-04-08 09:25:00+05:30,36101.30078125,36214.6484375,36074.1015625,36145.30078125,0,0.0,0.0,^CNXENERGY
2026-04-08 09:30:00+05:30,36146.3515625,36171.69921875,36087.3515625,36110.0,0,0.0,0.0,^CNXENERGY
2026-04-08 09:35:00+05:30,36109.80078125,36150.44921875,36096.1484375,36119.94921875,0,0.0,0.0,^CNXENERGY
2026-04-08 09:40:00+05:30,36118.3515625,36130.0,36071.69921875,36094.80078125,0,0.0,0.0,^CNXENERGY
2026-04-08 09:45:00+05:30,36093.3515625,36165.55078125,36093.3515625,36154.3515625,0,0.0,0.0,^CNXENERGY
2026-04-08 09:50:00+05:30,36154.19921875,36165.69921875,36103.30078125,36108.94921875,0,0.0,0.0,^CNXENERGY
2026-04-08 09:55:00+05:30,36105.69921875,36111.25,36031.8515625,36033.80078125,0,0.0,0.0,^CNXENERGY
2026-04-08 10:00:00+05:30,36032.55078125,36070.69921875,36032.55078125,36068.8515625,0,0.0,0.0,^CNXENERGY
2026-04-08 10:05:00+05:30,36068.94921875,36136.55078125,36068.94921875,36127.69921875,0,0.0,0.0,^CNXENERGY
2026-04-08 10:10:00+05:30,36128.80078125,36134.05078125,36097.6484375,36104.19921875,0,0.0,0.0,^CNXENERGY
2026-04-08 10:15:00+05:30,36104.05078125,36152.0,36085.3515625,36143.1015625,0,0.0,0.0,^CNXENERGY
2026-04-08 10:20:00+05:30,36144.05078125,36166.55078125,36131.80078125,36150.6015625,0,0.0,0.0,^CNXENERGY
2026-04-08 10:25:00+05:30,36150.75,36200.80078125,36133.8984375,36200.44921875,0,0.0,0.0,^CNXENERGY
2026-04-08 10:30:00+05:30,36202.5,36286.8984375,36201.25,36282.69921875,0,0.0,0.0,^CNXENERGY
2026-04-08 10:35:00+05:30,36283.80078125,36333.44921875,36282.30078125,36309.94921875,0,0.0,0.0,^CNXENERGY
2026-04-08 10:40:00+05:30,36311.1015625,36367.3984375,36294.44921875,36365.75,0,0.0,0.0,^CNXENERGY
2026-04-08 10:45:00+05:30,36367.94921875,36385.0,36266.0,36301.05078125,0,0.0,0.0,^CNXENERGY
2026-04-08 10:50:00+05:30,36300.80078125,36360.30078125,36292.25,36358.8984375,0,0.0,0.0,^CNXENERGY
2026-04-08 10:55:00+05:30,36357.25,36358.6484375,36306.80078125,36338.1015625,0,0.0,0.0,^CNXENERGY
2026-04-08 11:00:00+05:30,36339.94921875,36364.1484375,36335.1484375,36339.1484375,0,0.0,0.0,^CNXENERGY
2026-04-08 11:05:00+05:30,36340.0,36357.05078125,36315.1015625,36346.80078125,0,0.0,0.0,^CNXENERGY
2026-04-08 11:10:00+05:30,36347.44921875,36375.69921875,36345.8515625,36354.25,0,0.0,0.0,^CNXENERGY
2026-04-08 11:15:00+05:30,36358.1015625,36383.69921875,36353.44921875,36373.80078125,0,0.0,0.0,^CNXENERGY
2026-04-08 11:20:00+05:30,36373.94921875,36423.5,36370.8515625,36414.30078125,0,0.0,0.0,^CNXENERGY
2026-04-08 11:25:00+05:30,36411.5,36418.3984375,36388.69921875,36407.6015625,0,0.0,0.0,^CNXENERGY
2026-04-08 11:30:00+05:30,36407.05078125,36409.6015625,36365.8515625,36367.30078125,0,0.0,0.0,^CNXENERGY
2026-04-08 11:35:00+05:30,36367.80078125,36389.3984375,36359.1015625,36381.80078125,0,0.0,0.0,^CNXENERGY
2026-04-08 11:40:00+05:30,36380.1015625,36422.75,36379.19921875,36413.25,0,0.0,0.0,^CNXENERGY
2026-04-08 11:45:00+05:30,36411.94921875,36437.05078125,36409.8515625,36437.05078125,0,0.0,0.0,^CNXENERGY
2026-04-08 11:50:00+05:30,36432.3984375,36441.1015625,36334.6015625,36358.80078125,0,0.0,0.0,^CNXENERGY
2026-04-08 11:55:00+05:30,36358.75,36385.3984375,36345.1015625,36371.80078125,0,0.0,0.0,^CNXENERGY
2026-04-08 12:00:00+05:30,36370.3984375,36405.0,36361.1484375,36400.0,0,0.0,0.0,^CNXENERGY
2026-04-08 12:05:00+05:30,36399.3515625,36421.3984375,36383.25,36396.1015625,0,0.0,0.0,^CNXENERGY
2026-04-08 12:10:00+05:30,36394.19921875,36442.5,36392.8984375,36439.94921875,0,0.0,0.0,^CNXENERGY
2026-04-08 12:15:00+05:30,36439.19921875,36441.6484375,36402.55078125,36409.3984375,0,0.0,0.0,^CNXENERGY
2026-04-08 12:20:00+05:30,36408.44921875,36429.25,36405.1015625,36407.3515625,0,0.0,0.0,^CNXENERGY
2026-04-08 12:25:00+05:30,36408.1484375,36415.80078125,36374.5,36374.5,0,0.0,0.0,^CNXENERGY
2026-04-08 12:30:00+05:30,36377.55078125,36377.55078125,36329.6484375,36363.19921875,0,0.0,0.0,^CNXENERGY
2026-04-08 12:35:00+05:30,36364.75,36378.6484375,36346.94921875,36373.44921875,0,0.0,0.0,^CNXENERGY
2026-04-08 12:40:00+05:30,36369.1484375,36404.30078125,36365.8515625,36397.55078125,0,0.0,0.0,^CNXENERGY
2026-04-08 12:45:00+05:30,36396.1015625,36398.80078125,36381.05078125,36396.19921875,0,0.0,0.0,^CNXENERGY
2026-04-08 12:50:00+05:30,36392.19921875,36402.05078125,36355.8984375,36356.55078125,0,0.0,0.0,^CNXENERGY
2026-04-08 12:55:00+05:30,36358.6484375,36378.8515625,36354.05078125,36378.19921875,0,0.0,0.0,^CNXENERGY
2026-04-08 13:00:00+05:30,36379.69921875,36394.0,36372.75,36391.8984375,0,0.0,0.0,^CNXENERGY
2026-04-08 13:05:00+05:30,36393.25,36416.8515625,36385.8984375,36404.1484375,0,0.0,0.0,^CNXENERGY
2026-04-08 13:10:00+05:30,36406.05078125,36437.25,36398.55078125,36434.5,0,0.0,0.0,^CNXENERGY
2026-04-08 13:15:00+05:30,36434.3515625,36469.8984375,36422.25,36426.05078125,0,0.0,0.0,^CNXENERGY
2026-04-08 13:20:00+05:30,36424.0,36430.75,36409.75,36424.05078125,0,0.0,0.0,^CNXENERGY
2026-04-08 13:25:00+05:30,36423.3515625,36448.94921875,36422.1015625,36444.1015625,0,0.0,0.0,^CNXENERGY
2026-04-08 13:30:00+05:30,36444.05078125,36444.05078125,36403.80078125,36439.3515625,0,0.0,0.0,^CNXENERGY
2026-04-08 13:35:00+05:30,36439.5,36461.3515625,36435.44921875,36447.55078125,0,0.0,0.0,^CNXENERGY
2026-04-08 13:40:00+05:30,36446.8984375,36450.5,36399.8984375,36402.75,0,0.0,0.0,^CNXENERGY
2026-04-08 13:45:00+05:30,36401.05078125,36426.6015625,36384.8984375,36407.05078125,0,0.0,0.0,^CNXENERGY
2026-04-08 13:50:00+05:30,36405.3515625,36424.05078125,36381.30078125,36389.69921875,0,0.0,0.0,^CNXENERGY
2026-04-08 13:55:00+05:30,36390.5,36435.5,36390.5,36422.19921875,0,0.0,0.0,^CNXENERGY
2026-04-08 14:00:00+05:30,36420.44921875,36423.44921875,36389.19921875,36391.6015625,0,0.0,0.0,^CNXENERGY
2026-04-08 14:05:00+05:30,36392.3515625,36405.6484375,36370.8515625,36386.1015625,0,0.0,0.0,^CNXENERGY
2026-04-08 14:10:00+05:30,36384.8984375,36396.80078125,36353.80078125,36368.6484375,0,0.0,0.0,^CNXENERGY
2026-04-08 14:15:00+05:30,36367.44921875,36381.80078125,36356.0,36374.25,0,0.0,0.0,^CNXENERGY
2026-04-08 14:20:00+05:30,36374.1015625,36405.5,36368.69921875,36400.6015625,0,0.0,0.0,^CNXENERGY
2026-04-08 14:25:00+05:30,36402.44921875,36408.80078125,36388.1015625,36403.69921875,0,0.0,0.0,^CNXENERGY
2026-04-08 14:30:00+05:30,36406.5,36431.0,36403.05078125,36420.3984375,0,0.0,0.0,^CNXENERGY
2026-04-08 14:35:00+05:30,36424.5,36440.44921875,36414.80078125,36420.55078125,0,0.0,0.0,^CNXENERGY
2026-04-08 14:40:00+05:30,36419.1015625,36449.19921875,36417.30078125,36442.75,0,0.0,0.0,^CNXENERGY
2026-04-08 14:45:00+05:30,36442.3984375,36473.6484375,36426.0,36427.69921875,0,0.0,0.0,^CNXENERGY
2026-04-08 14:50:00+05:30,36427.8984375,36433.80078125,36404.6015625,36427.6484375,0,0.0,0.0,^CNXENERGY
2026-04-08 14:55:00+05:30,36426.5,36447.69921875,36423.0,36446.80078125,0,0.0,0.0,^CNXENERGY
2026-04-08 15:00:00+05:30,36448.05078125,36449.3984375,36374.8984375,36440.5,0,0.0,0.0,^CNXENERGY
2026-04-08 15:05:00+05:30,36440.8984375,36478.30078125,36439.6015625,36469.1484375,0,0.0,0.0,^CNXENERGY
2026-04-08 15:10:00+05:30,36469.69921875,36480.1484375,36454.8515625,36467.1484375,0,0.0,0.0,^CNXENERGY
2026-04-08 15:15:00+05:30,36465.55078125,36501.3984375,36464.1484375,36482.5,0,0.0,0.0,^CNXENERGY
2026-04-08 15:20:00+05:30,36478.3984375,36492.55078125,36464.8984375,36486.94921875,0,0.0,0.0,^CNXENERGY
2026-04-08 15:25:00+05:30,36486.1484375,36506.3984375,36480.6484375,36498.1484375,0,0.0,0.0,^CNXENERGY
2026-04-09 09:15:00+05:30,36487.6015625,36637.1015625,36312.30078125,36636.1484375,0,0.0,0.0,^CNXENERGY
2026-04-09 09:20:00+05:30,36637.05078125,36716.69921875,36596.3984375,36709.3984375,0,0.0,0.0,^CNXENERGY
2026-04-09 09:25:00+05:30,36708.44921875,36769.8984375,36686.6015625,36764.75,0,0.0,0.0,^CNXENERGY
2026-04-09 09:30:00+05:30,36763.3984375,36772.5,36603.05078125,36614.8984375,0,0.0,0.0,^CNXENERGY
2026-04-09 09:35:00+05:30,36612.1015625,36671.1484375,36579.1015625,36587.80078125,0,0.0,0.0,^CNXENERGY
2026-04-09 09:40:00+05:30,36587.80078125,36596.6015625,36498.19921875,36507.25,0,0.0,0.0,^CNXENERGY
2026-04-09 09:45:00+05:30,36506.25,36536.75,36431.75,36431.75,0,0.0,0.0,^CNXENERGY
2026-04-09 09:50:00+05:30,36427.94921875,36450.3984375,36395.69921875,36432.1484375,0,0.0,0.0,^CNXENERGY
2026-04-09 09:55:00+05:30,36433.5,36468.0,36402.25,36455.19921875,0,0.0,0.0,^CNXENERGY
2026-04-09 10:00:00+05:30,36454.80078125,36559.94921875,36413.5,36554.75,0,0.0,0.0,^CNXENERGY
2026-04-09 10:05:00+05:30,36552.3515625,36567.6015625,36520.05078125,36551.05078125,0,0.0,0.0,^CNXENERGY
2026-04-09 10:10:00+05:30,36551.3984375,36607.3515625,36551.3984375,36572.6484375,0,0.0,0.0,^CNXENERGY
2026-04-09 10:15:00+05:30,36569.6015625,36607.8515625,36526.94921875,36601.30078125,0,0.0,0.0,^CNXENERGY
2026-04-09 10:20:00+05:30,36599.94921875,36624.3984375,36588.44921875,36624.0,0,0.0,0.0,^CNXENERGY
2026-04-09 10:25:00+05:30,36620.80078125,36625.55078125,36537.75,36618.3984375,0,0.0,0.0,^CNXENERGY
2026-04-09 10:30:00+05:30,36620.75,36695.05078125,36620.75,36689.1015625,0,0.0,0.0,^CNXENERGY
2026-04-09 10:35:00+05:30,36688.19921875,36700.8515625,36652.25,36675.6015625,0,0.0,0.0,^CNXENERGY
2026-04-09 10:40:00+05:30,36677.75,36710.6484375,36661.69921875,36672.1484375,0,0.0,0.0,^CNXENERGY
2026-04-09 10:45:00+05:30,36674.0,36693.19921875,36661.75,36690.5,0,0.0,0.0,^CNXENERGY
2026-04-09 10:50:00+05:30,36690.8984375,36693.8515625,36671.69921875,36688.3984375,0,0.0,0.0,^CNXENERGY
2026-04-09 10:55:00+05:30,36689.75,36711.8515625,36654.30078125,36662.0,0,0.0,0.0,^CNXENERGY
2026-04-09 11:00:00+05:30,36662.19921875,36733.05078125,36660.8984375,36698.3515625,0,0.0,0.0,^CNXENERGY
2026-04-09 11:05:00+05:30,36697.6484375,36714.1015625,36663.8984375,36710.5,0,0.0,0.0,^CNXENERGY
2026-04-09 11:10:00+05:30,36710.6015625,36720.55078125,36692.3515625,36715.75,0,0.0,0.0,^CNXENERGY
2026-04-09 11:15:00+05:30,36715.75,36729.3515625,36676.3515625,36693.30078125,0,0.0,0.0,^CNXENERGY
2026-04-09 11:20:00+05:30,36692.94921875,36706.0,36679.19921875,36696.1015625,0,0.0,0.0,^CNXENERGY
2026-04-09 11:25:00+05:30,36695.8515625,36717.3515625,36691.3984375,36704.3984375,0,0.0,0.0,^CNXENERGY
2026-04-09 11:30:00+05:30,36701.0,36718.19921875,36687.25,36698.30078125,0,0.0,0.0,^CNXENERGY
2026-04-09 11:35:00+05:30,36696.80078125,36713.30078125,36683.8984375,36707.30078125,0,0.0,0.0,^CNXENERGY
2026-04-09 11:40:00+05:30,36707.25,36735.44921875,36700.80078125,36730.8984375,0,0.0,0.0,^CNXENERGY
2026-04-09 11:45:00+05:30,36732.69921875,36751.75,36704.69921875,36751.75,0,0.0,0.0,^CNXENERGY
2026-04-09 11:50:00+05:30,36751.80078125,36767.05078125,36733.44921875,36754.30078125,0,0.0,0.0,^CNXENERGY
2026-04-09 11:55:00+05:30,36755.0,36774.25,36732.55078125,36747.69921875,0,0.0,0.0,^CNXENERGY
2026-04-09 12:00:00+05:30,36750.5,36763.69921875,36744.0,36754.55078125,0,0.0,0.0,^CNXENERGY
2026-04-09 12:05:00+05:30,36755.1015625,36816.94921875,36751.44921875,36811.8515625,0,0.0,0.0,^CNXENERGY
2026-04-09 12:10:00+05:30,36811.1015625,36841.5,36810.25,36826.1484375,0,0.0,0.0,^CNXENERGY
2026-04-09 12:15:00+05:30,36825.44921875,36848.6015625,36825.44921875,36843.3984375,0,0.0,0.0,^CNXENERGY
2026-04-09 12:20:00+05:30,36844.3515625,36857.75,36821.5,36823.80078125,0,0.0,0.0,^CNXENERGY
2026-04-09 12:25:00+05:30,36823.69921875,36854.25,36802.75,36842.1015625,0,0.0,0.0,^CNXENERGY
2026-04-09 12:30:00+05:30,36842.1015625,36867.05078125,36841.1484375,36846.44921875,0,0.0,0.0,^CNXENERGY
2026-04-09 12:35:00+05:30,36845.94921875,36862.75,36838.30078125,36862.19921875,0,0.0,0.0,^CNXENERGY
2026-04-09 12:40:00+05:30,36862.0,36872.19921875,36845.30078125,36846.0,0,0.0,0.0,^CNXENERGY
2026-04-09 12:45:00+05:30,36845.55078125,36859.1015625,36777.3984375,36781.0,0,0.0,0.0,^CNXENERGY
2026-04-09 12:50:00+05:30,36780.5,36834.19921875,36775.6015625,36827.30078125,0,0.0,0.0,^CNXENERGY
2026-04-09 12:55:00+05:30,36827.0,36843.05078125,36813.75,36816.75,0,0.0,0.0,^CNXENERGY
2026-04-09 13:00:00+05:30,36814.3984375,36837.6015625,36811.8515625,36831.8515625,0,0.0,0.0,^CNXENERGY
2026-04-09 13:05:00+05:30,36832.5,36834.8515625,36799.1484375,36804.69921875,0,0.0,0.0,^CNXENERGY
2026-04-09 13:10:00+05:30,36802.80078125,36805.1484375,36742.0,36785.05078125,0,0.0,0.0,^CNXENERGY
2026-04-09 13:15:00+05:30,36784.1015625,36786.0,36742.6015625,36750.19921875,0,0.0,0.0,^CNXENERGY
2026-04-09 13:20:00+05:30,36747.8515625,36750.5,36696.6015625,36743.6484375,0,0.0,0.0,^CNXENERGY
2026-04-09 13:25:00+05:30,36742.8515625,36750.80078125,36730.6015625,36732.0,0,0.0,0.0,^CNXENERGY
2026-04-09 13:30:00+05:30,36732.44921875,36759.69921875,36706.5,36750.19921875,0,0.0,0.0,^CNXENERGY
2026-04-09 13:35:00+05:30,36750.94921875,36766.75,36739.3984375,36750.94921875,0,0.0,0.0,^CNXENERGY
2026-04-09 13:40:00+05:30,36751.25,36754.69921875,36713.6484375,36714.1484375,0,0.0,0.0,^CNXENERGY
2026-04-09 13:45:00+05:30,36714.55078125,36721.6484375,36682.25,36688.8515625,0,0.0,0.0,^CNXENERGY
2026-04-09 13:50:00+05:30,36688.6015625,36710.44921875,36681.8515625,36695.75,0,0.0,0.0,^CNXENERGY
2026-04-09 13:55:00+05:30,36696.44921875,36722.6484375,36693.75,36703.44921875,0,0.0,0.0,^CNXENERGY
2026-04-09 14:00:00+05:30,36704.3515625,36766.19921875,36698.6484375,36758.8515625,0,0.0,0.0,^CNXENERGY
2026-04-09 14:05:00+05:30,36757.69921875,36786.80078125,36733.0,36770.1015625,0,0.0,0.0,^CNXENERGY
2026-04-09 14:10:00+05:30,36768.6015625,36772.05078125,36736.0,36741.0,0,0.0,0.0,^CNXENERGY
2026-04-09 14:15:00+05:30,36740.25,36742.05078125,36708.8515625,36711.69921875,0,0.0,0.0,^CNXENERGY
2026-04-09 14:20:00+05:30,36711.25,36724.6015625,36670.6484375,36689.94921875,0,0.0,0.0,^CNXENERGY
2026-04-09 14:25:00+05:30,36688.3984375,36692.55078125,36665.44921875,36671.80078125,0,0.0,0.0,^CNXENERGY
2026-04-09 14:30:00+05:30,36672.44921875,36718.0,36656.69921875,36692.05078125,0,0.0,0.0,^CNXENERGY
2026-04-09 14:35:00+05:30,36692.25,36702.6484375,36677.75,36699.30078125,0,0.0,0.0,^CNXENERGY
2026-04-09 14:40:00+05:30,36700.3515625,36738.05078125,36693.8515625,36725.05078125,0,0.0,0.0,^CNXENERGY
2026-04-09 14:45:00+05:30,36723.5,36744.05078125,36710.0,36724.80078125,0,0.0,0.0,^CNXENERGY
2026-04-09 14:50:00+05:30,36725.5,36730.19921875,36703.8984375,36722.55078125,0,0.0,0.0,^CNXENERGY
2026-04-09 14:55:00+05:30,36722.25,36726.30078125,36708.6484375,36719.55078125,0,0.0,0.0,^CNXENERGY
2026-04-09 15:00:00+05:30,36716.19921875,36769.55078125,36688.25,36713.25,0,0.0,0.0,^CNXENERGY
2026-04-09 15:05:00+05:30,36714.05078125,36767.5,36707.1484375,36765.80078125,0,0.0,0.0,^CNXENERGY
2026-04-09 15:10:00+05:30,36767.55078125,36772.0,36754.80078125,36761.6484375,0,0.0,0.0,^CNXENERGY
2026-04-09 15:15:00+05:30,36759.19921875,36779.8515625,36756.94921875,36766.44921875,0,0.0,0.0,^CNXENERGY
2026-04-09 15:20:00+05:30,36771.44921875,36796.1015625,36762.25,36792.75,0,0.0,0.0,^CNXENERGY
2026-04-09 15:25:00+05:30,36792.25,36809.19921875,36765.44921875,36768.69921875,0,0.0,0.0,^CNXENERGY
2026-04-10 09:15:00+05:30,36964.0,37364.25,36963.1484375,37335.44921875,0,0.0,0.0,^CNXENERGY
2026-04-10 09:20:00+05:30,37335.3515625,37335.3515625,37201.75,37208.25,0,0.0,0.0,^CNXENERGY
2026-04-10 09:25:00+05:30,37207.8984375,37225.3515625,37084.69921875,37106.6015625,0,0.0,0.0,^CNXENERGY
2026-04-10 09:30:00+05:30,37106.55078125,37153.94921875,37076.25,37133.55078125,0,0.0,0.0,^CNXENERGY
2026-04-10 09:35:00+05:30,37132.3515625,37195.6015625,37091.6484375,37190.3515625,0,0.0,0.0,^CNXENERGY
2026-04-10 09:40:00+05:30,37192.69921875,37192.69921875,37138.75,37146.6484375,0,0.0,0.0,^CNXENERGY
2026-04-10 09:45:00+05:30,37147.80078125,37205.1015625,37147.0,37165.30078125,0,0.0,0.0,^CNXENERGY
2026-04-10 09:50:00+05:30,37164.44921875,37171.19921875,37128.25,37168.25,0,0.0,0.0,^CNXENERGY
2026-04-10 09:55:00+05:30,37169.69921875,37175.5,37129.8984375,37133.1015625,0,0.0,0.0,^CNXENERGY
2026-04-10 10:00:00+05:30,37135.25,37161.3984375,37108.94921875,37109.80078125,0,0.0,0.0,^CNXENERGY
2026-04-10 10:05:00+05:30,37108.19921875,37109.30078125,36979.6015625,37066.1015625,0,0.0,0.0,^CNXENERGY
2026-04-10 10:10:00+05:30,37066.69921875,37120.1484375,37064.80078125,37113.1015625,0,0.0,0.0,^CNXENERGY
2026-04-10 10:15:00+05:30,37115.8984375,37122.94921875,37096.0,37112.05078125,0,0.0,0.0,^CNXENERGY
2026-04-10 10:20:00+05:30,37112.69921875,37115.80078125,37079.3984375,37091.1484375,0,0.0,0.0,^CNXENERGY
2026-04-10 10:25:00+05:30,37090.6015625,37110.8515625,37039.94921875,37045.0,0,0.0,0.0,^CNXENERGY
2026-04-10 10:30:00+05:30,37045.25,37066.1015625,37035.3984375,37064.25,0,0.0,0.0,^CNXENERGY
2026-04-10 10:35:00+05:30,37064.80078125,37082.25,37055.25,37064.8984375,0,0.0,0.0,^CNXENERGY
2026-04-10 10:40:00+05:30,37065.55078125,37069.3515625,37045.69921875,37056.69921875,0,0.0,0.0,^CNXENERGY
2026-04-10 10:45:00+05:30,37058.1484375,37067.3515625,37032.8984375,37060.1015625,0,0.0,0.0,^CNXENERGY
2026-04-10 10:50:00+05:30,37060.8984375,37072.1484375,37047.1015625,37053.3984375,0,0.0,0.0,^CNXENERGY
2026-04-10 10:55:00+05:30,37054.69921875,37061.8515625,37024.05078125,37060.55078125,0,0.0,0.0,^CNXENERGY
2026-04-10 11:00:00+05:30,37065.25,37069.25,37029.5,37038.30078125,0,0.0,0.0,^CNXENERGY
2026-04-10 11:05:00+05:30,37037.5,37079.44921875,37033.75,37078.8984375,0,0.0,0.0,^CNXENERGY
2026-04-10 11:10:00+05:30,37079.05078125,37096.6015625,37068.8515625,37079.6484375,0,0.0,0.0,^CNXENERGY
2026-04-10 11:15:00+05:30,37080.0,37116.3515625,37078.8984375,37111.8515625,0,0.0,0.0,^CNXENERGY
2026-04-10 11:20:00+05:30,37112.44921875,37122.8515625,37104.3984375,37108.19921875,0,0.0,0.0,^CNXENERGY
2026-04-10 11:25:00+05:30,37110.0,37142.0,37109.1484375,37115.1484375,0,0.0,0.0,^CNXENERGY
2026-04-10 11:30:00+05:30,37118.0,37166.94921875,37116.19921875,37158.75,0,0.0,0.0,^CNXENERGY
2026-04-10 11:35:00+05:30,37158.6484375,37178.1484375,37152.30078125,37167.94921875,0,0.0,0.0,^CNXENERGY
2026-04-10 11:40:00+05:30,37169.75,37203.19921875,37148.1484375,37180.3984375,0,0.0,0.0,^CNXENERGY
2026-04-10 11:45:00+05:30,37182.55078125,37191.69921875,37110.55078125,37138.6484375,0,0.0,0.0,^CNXENERGY
2026-04-10 11:50:00+05:30,37141.44921875,37191.3515625,37140.6484375,37184.0,0,0.0,0.0,^CNXENERGY
2026-04-10 11:55:00+05:30,37185.6015625,37233.75,37185.6015625,37229.94921875,0,0.0,0.0,^CNXENERGY
2026-04-10 12:00:00+05:30,37232.1015625,37281.05078125,37230.8515625,37276.6015625,0,0.0,0.0,^CNXENERGY
2026-04-10 12:05:00+05:30,37278.25,37284.3515625,37265.5,37284.05078125,0,0.0,0.0,^CNXENERGY
2026-04-10 12:10:00+05:30,37285.19921875,37288.0,37266.3984375,37268.1015625,0,0.0,0.0,^CNXENERGY
2026-04-10 12:15:00+05:30,37267.8515625,37270.05078125,37249.55078125,37262.75,0,0.0,0.0,^CNXENERGY
2026-04-10 12:20:00+05:30,37263.25,37302.0,37258.8984375,37298.80078125,0,0.0,0.0,^CNXENERGY
2026-04-10 12:25:00+05:30,37300.0,37301.3515625,37270.75,37299.8984375,0,0.0,0.0,^CNXENERGY
2026-04-10 12:30:00+05:30,37300.80078125,37318.80078125,37299.3984375,37299.3984375,0,0.0,0.0,^CNXENERGY
2026-04-10 12:35:00+05:30,37299.94921875,37330.1015625,37297.19921875,37313.80078125,0,0.0,0.0,^CNXENERGY
2026-04-10 12:40:00+05:30,37312.55078125,37320.5,37250.3515625,37250.75,0,0.0,0.0,^CNXENERGY
2026-04-10 12:45:00+05:30,37251.3515625,37269.94921875,37190.19921875,37264.05078125,0,0.0,0.0,^CNXENERGY
2026-04-10 12:50:00+05:30,37265.8984375,37267.19921875,37212.1484375,37229.8515625,0,0.0,0.0,^CNXENERGY
2026-04-10 12:55:00+05:30,37229.05078125,37236.5,37198.6015625,37207.5,0,0.0,0.0,^CNXENERGY
2026-04-10 13:00:00+05:30,37209.25,37240.8984375,37197.1015625,37227.55078125,0,0.0,0.0,^CNXENERGY
2026-04-10 13:05:00+05:30,37227.6015625,37258.55078125,37219.25,37254.80078125,0,0.0,0.0,^CNXENERGY
2026-04-10 13:10:00+05:30,37256.6484375,37258.25,37152.1484375,37154.6015625,0,0.0,0.0,^CNXENERGY
2026-04-10 13:15:00+05:30,37151.55078125,37151.8515625,37065.75,37068.19921875,0,0.0,0.0,^CNXENERGY
2026-04-10 13:20:00+05:30,37068.1484375,37069.8515625,36993.1484375,37000.55078125,0,0.0,0.0,^CNXENERGY
2026-04-10 13:25:00+05:30,37001.44921875,37054.1484375,36980.80078125,37022.55078125,0,0.0,0.0,^CNXENERGY
2026-04-10 13:30:00+05:30,37026.44921875,37035.1015625,36994.69921875,36998.05078125,0,0.0,0.0,^CNXENERGY
2026-04-10 13:35:00+05:30,37000.94921875,37039.8984375,36994.1484375,37036.55078125,0,0.0,0.0,^CNXENERGY
2026-04-10 13:40:00+05:30,37037.80078125,37072.6484375,37033.25,37060.3984375,0,0.0,0.0,^CNXENERGY
2026-04-10 13:45:00+05:30,37059.5,37071.69921875,37043.44921875,37053.05078125,0,0.0,0.0,^CNXENERGY
2026-04-10 13:50:00+05:30,37053.1015625,37071.3515625,37040.94921875,37068.75,0,0.0,0.0,^CNXENERGY
2026-04-10 13:55:00+05:30,37068.80078125,37114.3984375,37065.44921875,37106.1015625,0,0.0,0.0,^CNXENERGY
2026-04-10 14:00:00+05:30,37106.75,37117.19921875,37095.6015625,37106.5,0,0.0,0.0,^CNXENERGY
2026-04-10 14:05:00+05:30,37109.19921875,37114.8515625,37083.94921875,37112.6015625,0,0.0,0.0,^CNXENERGY
2026-04-10 14:10:00+05:30,37113.19921875,37146.5,37076.44921875,37113.55078125,0,0.0,0.0,^CNXENERGY
2026-04-10 14:15:00+05:30,37113.44921875,37147.3515625,36978.1484375,37086.6484375,0,0.0,0.0,^CNXENERGY
2026-04-10 14:20:00+05:30,37088.05078125,37122.8515625,37050.8984375,37053.19921875,0,0.0,0.0,^CNXENERGY
2026-04-10 14:25:00+05:30,37054.8515625,37057.25,37001.1015625,37030.6484375,0,0.0,0.0,^CNXENERGY
2026-04-10 14:30:00+05:30,37031.55078125,37068.30078125,37024.6015625,37038.19921875,0,0.0,0.0,^CNXENERGY
2026-04-10 14:35:00+05:30,37039.80078125,37043.75,37015.80078125,37025.5,0,0.0,0.0,^CNXENERGY
2026-04-10 14:40:00+05:30,37025.69921875,37048.3515625,37022.25,37045.5,0,0.0,0.0,^CNXENERGY
2026-04-10 14:45:00+05:30,37045.6484375,37090.8984375,37024.19921875,37079.80078125,0,0.0,0.0,^CNXENERGY
2026-04-10 14:50:00+05:30,37081.0,37092.30078125,37067.8515625,37081.0,0,0.0,0.0,^CNXENERGY
2026-04-10 14:55:00+05:30,37083.30078125,37107.55078125,37080.19921875,37090.05078125,0,0.0,0.0,^CNXENERGY
2026-04-10 15:00:00+05:30,37094.94921875,37154.6484375,37091.19921875,37149.05078125,0,0.0,0.0,^CNXENERGY
2026-04-10 15:05:00+05:30,37152.30078125,37184.5,37150.69921875,37178.5,0,0.0,0.0,^CNXENERGY
2026-04-10 15:10:00+05:30,37180.44921875,37187.3515625,37172.44921875,37172.75,0,0.0,0.0,^CNXENERGY
2026-04-10 15:15:00+05:30,37173.6484375,37200.55078125,37165.80078125,37189.19921875,0,0.0,0.0,^CNXENERGY
2026-04-10 15:20:00+05:30,37190.8984375,37211.6484375,37181.75,37184.8515625,0,0.0,0.0,^CNXENERGY
2026-04-10 15:25:00+05:30,37186.0,37202.8515625,37168.94921875,37186.8984375,0,0.0,0.0,^CNXENERGY
2026-04-13 09:15:00+05:30,36637.5,36729.3515625,36541.1484375,36692.8984375,0,0.0,0.0,^CNXENERGY
2026-04-13 09:20:00+05:30,36693.8984375,36774.5,36672.05078125,36730.1015625,0,0.0,0.0,^CNXENERGY
2026-04-13 09:25:00+05:30,36732.1015625,36778.19921875,36708.0,36764.8984375,0,0.0,0.0,^CNXENERGY
2026-04-13 09:30:00+05:30,36767.8515625,36791.0,36739.0,36772.0,0,0.0,0.0,^CNXENERGY
2026-04-13 09:35:00+05:30,36774.6484375,36774.6484375,36653.8515625,36680.0,0,0.0,0.0,^CNXENERGY
2026-04-13 09:40:00+05:30,36680.19921875,36816.25,36667.94921875,36803.25,0,0.0,0.0,^CNXENERGY
2026-04-13 09:45:00+05:30,36803.94921875,36851.55078125,36778.6484375,36821.1484375,0,0.0,0.0,^CNXENERGY
2026-04-13 09:50:00+05:30,36820.69921875,36871.1015625,36799.1484375,36856.75,0,0.0,0.0,^CNXENERGY
2026-04-13 09:55:00+05:30,36855.19921875,36958.75,36854.6484375,36957.75,0,0.0,0.0,^CNXENERGY
2026-04-13 10:00:00+05:30,36959.8515625,36972.30078125,36914.1484375,36951.55078125,0,0.0,0.0,^CNXENERGY
2026-04-13 10:05:00+05:30,36950.1015625,37032.0,36950.1015625,37026.8984375,0,0.0,0.0,^CNXENERGY
2026-04-13 10:10:00+05:30,37027.3984375,37096.3984375,37014.44921875,37025.69921875,0,0.0,0.0,^CNXENERGY
2026-04-13 10:15:00+05:30,37025.6015625,37076.94921875,37001.30078125,37076.94921875,0,0.0,0.0,^CNXENERGY
2026-04-13 10:20:00+05:30,37076.69921875,37147.1015625,37073.8515625,37131.0,0,0.0,0.0,^CNXENERGY
2026-04-13 10:25:00+05:30,37134.8515625,37198.19921875,37131.6015625,37180.3515625,0,0.0,0.0,^CNXENERGY
2026-04-13 10:30:00+05:30,37181.55078125,37201.55078125,37139.05078125,37163.3515625,0,0.0,0.0,^CNXENERGY
2026-04-13 10:35:00+05:30,37161.3984375,37168.8984375,37079.30078125,37117.80078125,0,0.0,0.0,^CNXENERGY
2026-04-13 10:40:00+05:30,37119.3984375,37132.69921875,36983.6015625,37040.1015625,0,0.0,0.0,^CNXENERGY
2026-04-13 10:45:00+05:30,37038.55078125,37114.30078125,37038.55078125,37103.5,0,0.0,0.0,^CNXENERGY
2026-04-13 10:50:00+05:30,37102.19921875,37160.1484375,37100.55078125,37160.1484375,0,0.0,0.0,^CNXENERGY
2026-04-13 10:55:00+05:30,37160.25,37188.8984375,37140.80078125,37158.55078125,0,0.0,0.0,^CNXENERGY
2026-04-13 11:00:00+05:30,37156.75,37172.80078125,37147.8515625,37163.1484375,0,0.0,0.0,^CNXENERGY
2026-04-13 11:05:00+05:30,37162.94921875,37196.30078125,37155.75,37194.5,0,0.0,0.0,^CNXENERGY
2026-04-13 11:10:00+05:30,37194.94921875,37203.6484375,37172.25,37178.44921875,0,0.0,0.0,^CNXENERGY
2026-04-13 11:15:00+05:30,37178.1015625,37215.3984375,37178.1015625,37212.05078125,0,0.0,0.0,^CNXENERGY
2026-04-13 11:20:00+05:30,37213.6484375,37259.8984375,37212.6015625,37235.80078125,0,0.0,0.0,^CNXENERGY
2026-04-13 11:25:00+05:30,37236.3984375,37264.8515625,37228.75,37245.94921875,0,0.0,0.0,^CNXENERGY
2026-04-13 11:30:00+05:30,37247.3984375,37271.3515625,37242.3984375,37259.80078125,0,0.0,0.0,^CNXENERGY
2026-04-13 11:35:00+05:30,37261.05078125,37300.0,37259.19921875,37269.44921875,0,0.0,0.0,^CNXENERGY
2026-04-13 11:40:00+05:30,37270.6015625,37284.1484375,37262.8515625,37277.80078125,0,0.0,0.0,^CNXENERGY
2026-04-13 11:45:00+05:30,37279.94921875,37307.05078125,37274.05078125,37303.80078125,0,0.0,0.0,^CNXENERGY
2026-04-13 11:50:00+05:30,37304.3515625,37328.94921875,37302.25,37325.44921875,0,0.0,0.0,^CNXENERGY
2026-04-13 11:55:00+05:30,37326.80078125,37337.19921875,37302.5,37310.94921875,0,0.0,0.0,^CNXENERGY
2026-04-13 12:00:00+05:30,37311.44921875,37329.80078125,37305.6484375,37311.6015625,0,0.0,0.0,^CNXENERGY
2026-04-13 12:05:00+05:30,37312.44921875,37328.55078125,37308.25,37318.30078125,0,0.0,0.0,^CNXENERGY
2026-04-13 12:10:00+05:30,37317.3984375,37321.6484375,37280.1484375,37291.44921875,0,0.0,0.0,^CNXENERGY
2026-04-13 12:15:00+05:30,37292.1015625,37304.69921875,37270.25,37293.25,0,0.0,0.0,^CNXENERGY
2026-04-13 12:20:00+05:30,37292.5,37298.55078125,37261.3984375,37270.0,0,0.0,0.0,^CNXENERGY
2026-04-13 12:25:00+05:30,37268.44921875,37281.1484375,37258.5,37264.44921875,0,0.0,0.0,^CNXENERGY
2026-04-13 12:30:00+05:30,37264.19921875,37269.44921875,37219.75,37219.75,0,0.0,0.0,^CNXENERGY
2026-04-13 12:35:00+05:30,37219.94921875,37255.1484375,37211.19921875,37239.55078125,0,0.0,0.0,^CNXENERGY
2026-04-13 12:40:00+05:30,37241.0,37266.94921875,37226.44921875,37261.6015625,0,0.0,0.0,^CNXENERGY
2026-04-13 12:45:00+05:30,37260.1015625,37274.0,37244.8515625,37249.6484375,0,0.0,0.0,^CNXENERGY
2026-04-13 12:50:00+05:30,37248.8515625,37292.25,37241.05078125,37259.0,0,0.0,0.0,^CNXENERGY
2026-04-13 12:55:00+05:30,37258.75,37271.75,37185.8984375,37254.69921875,0,0.0,0.0,^CNXENERGY
2026-04-13 13:00:00+05:30,37256.05078125,37257.5,37183.19921875,37221.8515625,0,0.0,0.0,^CNXENERGY
2026-04-13 13:05:00+05:30,37221.30078125,37263.19921875,37221.30078125,37252.1015625,0,0.0,0.0,^CNXENERGY
2026-04-13 13:10:00+05:30,37251.44921875,37277.80078125,37244.8984375,37264.3984375,0,0.0,0.0,^CNXENERGY
2026-04-13 13:15:00+05:30,37264.55078125,37276.1015625,37247.8515625,37266.94921875,0,0.0,0.0,^CNXENERGY
2026-04-13 13:20:00+05:30,37269.1015625,37272.1484375,37247.80078125,37258.1484375,0,0.0,0.0,^CNXENERGY
2026-04-13 13:25:00+05:30,37257.3984375,37264.6015625,37244.25,37246.0,0,0.0,0.0,^CNXENERGY
2026-04-13 13:30:00+05:30,37244.69921875,37286.0,37242.94921875,37268.3515625,0,0.0,0.0,^CNXENERGY
2026-04-13 13:35:00+05:30,37267.6484375,37290.0,37261.69921875,37275.30078125,0,0.0,0.0,^CNXENERGY
2026-04-13 13:40:00+05:30,37273.44921875,37286.75,37261.69921875,37278.69921875,0,0.0,0.0,^CNXENERGY
2026-04-13 13:45:00+05:30,37278.3984375,37279.8515625,37233.69921875,37241.19921875,0,0.0,0.0,^CNXENERGY
2026-04-13 13:50:00+05:30,37239.5,37280.8515625,37235.25,37280.05078125,0,0.0,0.0,^CNXENERGY
2026-04-13 13:55:00+05:30,37281.55078125,37296.55078125,37276.19921875,37280.05078125,0,0.0,0.0,^CNXENERGY
2026-04-13 14:00:00+05:30,37277.80078125,37289.3984375,37262.30078125,37286.25,0,0.0,0.0,^CNXENERGY
2026-04-13 14:05:00+05:30,37285.3515625,37298.6484375,37262.3984375,37264.75,0,0.0,0.0,^CNXENERGY
2026-04-13 14:10:00+05:30,37262.55078125,37266.5,37237.05078125,37262.5,0,0.0,0.0,^CNXENERGY
2026-04-13 14:15:00+05:30,37263.55078125,37264.94921875,37225.05078125,37231.55078125,0,0.0,0.0,^CNXENERGY
2026-04-13 14:20:00+05:30,37232.44921875,37252.75,37225.3984375,37252.05078125,0,0.0,0.0,^CNXENERGY
2026-04-13 14:25:00+05:30,37249.8984375,37269.8515625,37243.1015625,37246.30078125,0,0.0,0.0,^CNXENERGY
2026-04-13 14:30:00+05:30,37245.80078125,37276.5,37244.94921875,37256.3984375,0,0.0,0.0,^CNXENERGY
2026-04-13 14:35:00+05:30,37255.94921875,37278.8515625,37253.05078125,37253.05078125,0,0.0,0.0,^CNXENERGY
2026-04-13 14:40:00+05:30,37252.30078125,37269.0,37231.8515625,37248.1484375,0,0.0,0.0,^CNXENERGY
2026-04-13 14:45:00+05:30,37248.80078125,37256.0,37228.5,37250.19921875,0,0.0,0.0,^CNXENERGY
2026-04-13 14:50:00+05:30,37249.8515625,37255.1484375,37229.6015625,37244.5,0,0.0,0.0,^CNXENERGY
2026-04-13 14:55:00+05:30,37241.55078125,37260.55078125,37239.94921875,37255.0,0,0.0,0.0,^CNXENERGY
2026-04-13 15:00:00+05:30,37251.30078125,37252.75,37158.55078125,37195.3515625,0,0.0,0.0,^CNXENERGY
2026-04-13 15:05:00+05:30,37195.8515625,37213.3984375,37165.8984375,37181.69921875,0,0.0,0.0,^CNXENERGY
2026-04-13 15:10:00+05:30,37174.6484375,37216.55078125,37161.6015625,37191.1015625,0,0.0,0.0,^CNXENERGY
2026-04-13 15:15:00+05:30,37190.3984375,37200.0,37166.5,37166.75,0,0.0,0.0,^CNXENERGY
2026-04-13 15:20:00+05:30,37166.5,37214.1015625,37157.69921875,37191.30078125,0,0.0,0.0,^CNXENERGY
2026-04-13 15:25:00+05:30,37188.44921875,37210.0,37170.69921875,37193.0,0,0.0,0.0,^CNXENERGY
2026-04-15 09:15:00+05:30,37671.0,37783.8515625,37564.8515625,37760.44921875,0,0.0,0.0,^CNXENERGY
2026-04-15 09:20:00+05:30,37760.0,37760.6015625,37622.8984375,37631.75,0,0.0,0.0,^CNXENERGY
2026-04-15 09:25:00+05:30,37631.25,37653.8515625,37604.6484375,37631.94921875,0,0.0,0.0,^CNXENERGY
2026-04-15 09:30:00+05:30,37631.1015625,37681.25,37619.94921875,37679.69921875,0,0.0,0.0,^CNXENERGY
2026-04-15 09:35:00+05:30,37678.80078125,37725.19921875,37674.44921875,37685.8515625,0,0.0,0.0,^CNXENERGY
2026-04-15 09:40:00+05:30,37690.1484375,37773.1484375,37690.1484375,37765.8515625,0,0.0,0.0,^CNXENERGY
2026-04-15 09:45:00+05:30,37765.44921875,37774.44921875,37737.3515625,37747.6015625,0,0.0,0.0,^CNXENERGY
2026-04-15 09:50:00+05:30,37747.8984375,37810.80078125,37747.8984375,37791.6484375,0,0.0,0.0,^CNXENERGY
2026-04-15 09:55:00+05:30,37789.3515625,37827.8984375,37786.0,37799.0,0,0.0,0.0,^CNXENERGY
2026-04-15 10:00:00+05:30,37799.8984375,37829.3984375,37784.5,37824.55078125,0,0.0,0.0,^CNXENERGY
2026-04-15 10:05:00+05:30,37829.30078125,37851.94921875,37798.05078125,37799.3515625,0,0.0,0.0,^CNXENERGY
2026-04-15 10:10:00+05:30,37797.6484375,37831.05078125,37793.80078125,37812.69921875,0,0.0,0.0,^CNXENERGY
2026-04-15 10:15:00+05:30,37815.0,37856.05078125,37814.8984375,37853.3515625,0,0.0,0.0,^CNXENERGY
2026-04-15 10:20:00+05:30,37852.6015625,37864.1015625,37837.1015625,37849.80078125,0,0.0,0.0,^CNXENERGY
2026-04-15 10:25:00+05:30,37848.94921875,37864.69921875,37836.3515625,37862.19921875,0,0.0,0.0,^CNXENERGY
2026-04-15 10:30:00+05:30,37860.5,37895.30078125,37860.5,37881.8984375,0,0.0,0.0,^CNXENERGY
2026-04-15 10:35:00+05:30,37880.3515625,37888.1484375,37867.5,37877.30078125,0,0.0,0.0,^CNXENERGY
2026-04-15 10:40:00+05:30,37877.19921875,37917.44921875,37874.8984375,37877.1484375,0,0.0,0.0,^CNXENERGY
2026-04-15 10:45:00+05:30,37878.1015625,37897.1484375,37871.94921875,37892.19921875,0,0.0,0.0,^CNXENERGY
2026-04-15 10:50:00+05:30,37893.1015625,37893.44921875,37827.1015625,37850.44921875,0,0.0,0.0,^CNXENERGY
2026-04-15 10:55:00+05:30,37850.55078125,37871.3515625,37849.75,37858.94921875,0,0.0,0.0,^CNXENERGY
2026-04-15 11:00:00+05:30,37858.30078125,37862.5,37845.80078125,37855.25,0,0.0,0.0,^CNXENERGY
2026-04-15 11:05:00+05:30,37854.55078125,37862.25,37833.75,37837.1015625,0,0.0,0.0,^CNXENERGY
2026-04-15 11:10:00+05:30,37837.8984375,37849.8515625,37824.8984375,37847.3515625,0,0.0,0.0,^CNXENERGY
2026-04-15 11:15:00+05:30,37846.6484375,37874.69921875,37841.05078125,37841.69921875,0,0.0,0.0,^CNXENERGY
2026-04-15 11:20:00+05:30,37842.55078125,37876.6015625,37842.1015625,37876.6015625,0,0.0,0.0,^CNXENERGY
2026-04-15 11:25:00+05:30,37875.05078125,37883.80078125,37857.8984375,37874.1484375,0,0.0,0.0,^CNXENERGY
2026-04-15 11:30:00+05:30,37872.55078125,37910.30078125,37871.05078125,37902.6015625,0,0.0,0.0,^CNXENERGY
2026-04-15 11:35:00+05:30,37904.05078125,37924.55078125,37902.3984375,37922.1484375,0,0.0,0.0,^CNXENERGY
2026-04-15 11:40:00+05:30,37923.6015625,37950.25,37923.6015625,37950.25,0,0.0,0.0,^CNXENERGY
2026-04-15 11:45:00+05:30,37949.8515625,37967.19921875,37925.05078125,37965.69921875,0,0.0,0.0,^CNXENERGY
2026-04-15 11:50:00+05:30,37964.94921875,37970.3515625,37960.75,37967.0,0,0.0,0.0,^CNXENERGY
2026-04-15 11:55:00+05:30,37967.55078125,37978.05078125,37962.6484375,37969.75,0,0.0,0.0,^CNXENERGY
2026-04-15 12:00:00+05:30,37969.30078125,37992.8515625,37969.19921875,37987.05078125,0,0.0,0.0,^CNXENERGY
2026-04-15 12:05:00+05:30,37987.3984375,37990.19921875,37971.3984375,37982.69921875,0,0.0,0.0,^CNXENERGY
2026-04-15 12:10:00+05:30,37983.44921875,37989.6015625,37946.3515625,37947.6015625,0,0.0,0.0,^CNXENERGY
2026-04-15 12:15:00+05:30,37946.55078125,37953.0,37934.6484375,37941.3984375,0,0.0,0.0,^CNXENERGY
2026-04-15 12:20:00+05:30,37940.0,37955.6015625,37935.5,37952.8984375,0,0.0,0.0,^CNXENERGY
2026-04-15 12:25:00+05:30,37953.05078125,37977.3984375,37949.6484375,37975.75,0,0.0,0.0,^CNXENERGY
2026-04-15 12:30:00+05:30,37972.8984375,37981.05078125,37961.8515625,37975.6484375,0,0.0,0.0,^CNXENERGY
2026-04-15 12:35:00+05:30,37974.80078125,37996.44921875,37969.5,37992.30078125,0,0.0,0.0,^CNXENERGY
2026-04-15 12:40:00+05:30,37992.0,37994.25,37976.25,37989.30078125,0,0.0,0.0,^CNXENERGY
2026-04-15 12:45:00+05:30,37988.44921875,37997.94921875,37968.3984375,37977.8515625,0,0.0,0.0,^CNXENERGY
2026-04-15 12:50:00+05:30,37979.19921875,37994.19921875,37972.1484375,37980.55078125,0,0.0,0.0,^CNXENERGY
2026-04-15 12:55:00+05:30,37979.75,37990.55078125,37962.6015625,37964.19921875,0,0.0,0.0,^CNXENERGY
2026-04-15 13:00:00+05:30,37964.8515625,37997.55078125,37964.8515625,37985.8984375,0,0.0,0.0,^CNXENERGY
2026-04-15 13:05:00+05:30,37987.3515625,37995.25,37982.69921875,37985.8515625,0,0.0,0.0,^CNXENERGY
2026-04-15 13:10:00+05:30,37986.3984375,37999.0,37975.0,37983.1484375,0,0.0,0.0,^CNXENERGY
2026-04-15 13:15:00+05:30,37983.19921875,37985.30078125,37972.0,37980.3984375,0,0.0,0.0,^CNXENERGY
2026-04-15 13:20:00+05:30,37982.1015625,37988.3984375,37929.8515625,37940.25,0,0.0,0.0,^CNXENERGY
2026-04-15 13:25:00+05:30,37940.8984375,37966.80078125,37936.8984375,37949.1015625,0,0.0,0.0,^CNXENERGY
2026-04-15 13:30:00+05:30,37949.55078125,37975.1015625,37940.6015625,37960.19921875,0,0.0,0.0,^CNXENERGY
2026-04-15 13:35:00+05:30,37959.8515625,37963.6015625,37916.3515625,37921.05078125,0,0.0,0.0,^CNXENERGY
2026-04-15 13:40:00+05:30,37921.94921875,37960.30078125,37919.44921875,37956.25,0,0.0,0.0,^CNXENERGY
2026-04-15 13:45:00+05:30,37956.5,37960.5,37943.94921875,37954.80078125,0,0.0,0.0,^CNXENERGY
2026-04-15 13:50:00+05:30,37955.8515625,37969.69921875,37945.1484375,37953.6484375,0,0.0,0.0,^CNXENERGY
2026-04-15 13:55:00+05:30,37954.8515625,37974.94921875,37949.55078125,37970.55078125,0,0.0,0.0,^CNXENERGY
2026-04-15 14:00:00+05:30,37971.1015625,37977.94921875,37941.05078125,37942.5,0,0.0,0.0,^CNXENERGY
2026-04-15 14:05:00+05:30,37943.69921875,37959.5,37929.3515625,37950.75,0,0.0,0.0,^CNXENERGY
2026-04-15 14:10:00+05:30,37950.6015625,37952.19921875,37921.25,37930.1484375,0,0.0,0.0,^CNXENERGY
2026-04-15 14:15:00+05:30,37930.80078125,37936.6015625,37921.5,37935.75,0,0.0,0.0,^CNXENERGY
2026-04-15 14:20:00+05:30,37935.3515625,37942.3515625,37914.05078125,37914.44921875,0,0.0,0.0,^CNXENERGY
2026-04-15 14:25:00+05:30,37915.25,37936.6015625,37914.19921875,37935.94921875,0,0.0,0.0,^CNXENERGY
2026-04-15 14:30:00+05:30,37934.25,37942.30078125,37925.44921875,37932.94921875,0,0.0,0.0,^CNXENERGY
2026-04-15 14:35:00+05:30,37935.1015625,37941.3984375,37926.5,37933.75,0,0.0,0.0,^CNXENERGY
2026-04-15 14:40:00+05:30,37936.94921875,37967.1484375,37935.6484375,37952.8984375,0,0.0,0.0,^CNXENERGY
2026-04-15 14:45:00+05:30,37954.55078125,37973.05078125,37954.0,37973.05078125,0,0.0,0.0,^CNXENERGY
2026-04-15 14:50:00+05:30,37972.69921875,37992.55078125,37963.3984375,37986.69921875,0,0.0,0.0,^CNXENERGY
2026-04-15 14:55:00+05:30,37986.80078125,38006.55078125,37970.5,38001.94921875,0,0.0,0.0,^CNXENERGY
2026-04-15 15:00:00+05:30,38011.75,38023.6484375,37979.8515625,38022.94921875,0,0.0,0.0,^CNXENERGY
2026-04-15 15:05:00+05:30,38022.8984375,38031.44921875,38001.3984375,38003.30078125,0,0.0,0.0,^CNXENERGY
2026-04-15 15:10:00+05:30,38005.25,38011.3984375,37984.8515625,37987.8984375,0,0.0,0.0,^CNXENERGY
2026-04-15 15:15:00+05:30,37988.6484375,37993.3984375,37970.30078125,37980.69921875,0,0.0,0.0,^CNXENERGY
2026-04-15 15:20:00+05:30,37981.69921875,37993.75,37980.44921875,37988.69921875,0,0.0,0.0,^CNXENERGY
2026-04-15 15:25:00+05:30,37990.3515625,37997.55078125,37949.1484375,37966.1015625,0,0.0,0.0,^CNXENERGY
2026-04-16 09:15:00+05:30,38262.8515625,38262.8515625,38075.5,38167.19921875,0,0.0,0.0,^CNXENERGY
2026-04-16 09:20:00+05:30,38168.1484375,38191.1484375,38105.19921875,38126.44921875,0,0.0,0.0,^CNXENERGY
2026-04-16 09:25:00+05:30,38128.05078125,38139.94921875,38104.1015625,38127.6484375,0,0.0,0.0,^CNXENERGY
2026-04-16 09:30:00+05:30,38130.94921875,38132.75,38104.75,38110.3515625,0,0.0,0.0,^CNXENERGY
2026-04-16 09:35:00+05:30,38109.44921875,38122.3515625,38039.19921875,38059.94921875,0,0.0,0.0,^CNXENERGY
2026-04-16 09:40:00+05:30,38060.3984375,38076.8984375,38027.1484375,38028.6484375,0,0.0,0.0,^CNXENERGY
2026-04-16 09:45:00+05:30,38029.69921875,38110.8984375,38011.0,38103.19921875,0,0.0,0.0,^CNXENERGY
2026-04-16 09:50:00+05:30,38102.6015625,38124.8984375,38048.30078125,38063.30078125,0,0.0,0.0,^CNXENERGY
2026-04-16 09:55:00+05:30,38063.05078125,38064.1484375,37973.1484375,37975.3984375,0,0.0,0.0,^CNXENERGY
2026-04-16 10:00:00+05:30,37978.69921875,38054.25,37973.1484375,38051.55078125,0,0.0,0.0,^CNXENERGY
2026-04-16 10:05:00+05:30,38050.6015625,38063.1484375,38019.0,38044.44921875,0,0.0,0.0,^CNXENERGY
2026-04-16 10:10:00+05:30,38043.55078125,38062.1015625,38017.6484375,38027.55078125,0,0.0,0.0,^CNXENERGY
2026-04-16 10:15:00+05:30,38025.25,38059.25,38015.1484375,38028.6484375,0,0.0,0.0,^CNXENERGY
2026-04-16 10:20:00+05:30,38027.94921875,38052.8515625,38009.80078125,38034.05078125,0,0.0,0.0,^CNXENERGY
2026-04-16 10:25:00+05:30,38034.6015625,38099.19921875,38033.5,38091.3515625,0,0.0,0.0,^CNXENERGY
2026-04-16 10:30:00+05:30,38093.80078125,38130.0,38093.1484375,38118.94921875,0,0.0,0.0,^CNXENERGY
2026-04-16 10:35:00+05:30,38117.6015625,38133.44921875,38058.3515625,38066.8984375,0,0.0,0.0,^CNXENERGY
2026-04-16 10:40:00+05:30,38065.3515625,38083.75,38054.44921875,38057.25,0,0.0,0.0,^CNXENERGY
2026-04-16 10:45:00+05:30,38059.1015625,38066.0,38042.94921875,38047.3984375,0,0.0,0.0,^CNXENERGY
2026-04-16 10:50:00+05:30,38046.8984375,38057.5,38022.3984375,38055.6015625,0,0.0,0.0,^CNXENERGY
2026-04-16 10:55:00+05:30,38055.55078125,38062.1484375,38034.75,38061.3515625,0,0.0,0.0,^CNXENERGY
2026-04-16 11:00:00+05:30,38061.1015625,38082.94921875,38058.1015625,38063.75,0,0.0,0.0,^CNXENERGY
2026-04-16 11:05:00+05:30,38063.19921875,38080.55078125,38056.5,38077.1484375,0,0.0,0.0,^CNXENERGY
2026-04-16 11:10:00+05:30,38076.8515625,38076.8515625,38047.5,38063.94921875,0,0.0,0.0,^CNXENERGY
2026-04-16 11:15:00+05:30,38062.75,38083.94921875,38054.55078125,38067.44921875,0,0.0,0.0,^CNXENERGY
2026-04-16 11:20:00+05:30,38067.8984375,38082.05078125,38021.25,38021.25,0,0.0,0.0,^CNXENERGY
2026-04-16 11:25:00+05:30,38022.0,38039.1015625,38008.8515625,38025.30078125,0,0.0,0.0,^CNXENERGY
2026-04-16 11:30:00+05:30,38028.19921875,38055.6015625,38024.5,38045.1015625,0,0.0,0.0,^CNXENERGY
2026-04-16 11:35:00+05:30,38045.5,38053.05078125,38022.3515625,38032.25,0,0.0,0.0,^CNXENERGY
2026-04-16 11:40:00+05:30,38032.3984375,38032.3984375,38001.8984375,38004.44921875,0,0.0,0.0,^CNXENERGY
2026-04-16 11:45:00+05:30,38003.80078125,38004.6484375,37938.94921875,37985.5,0,0.0,0.0,^CNXENERGY
2026-04-16 11:50:00+05:30,37985.55078125,37985.94921875,37956.80078125,37964.1484375,0,0.0,0.0,^CNXENERGY
2026-04-16 11:55:00+05:30,37964.30078125,37964.30078125,37895.8984375,37902.19921875,0,0.0,0.0,^CNXENERGY
2026-04-16 12:00:00+05:30,37902.8984375,37904.6015625,37854.5,37857.1015625,0,0.0,0.0,^CNXENERGY
2026-04-16 12:05:00+05:30,37856.69921875,37906.69921875,37848.44921875,37903.44921875,0,0.0,0.0,^CNXENERGY
2026-04-16 12:10:00+05:30,37901.94921875,37932.3515625,37896.0,37920.75,0,0.0,0.0,^CNXENERGY
2026-04-16 12:15:00+05:30,37922.6484375,37940.44921875,37899.3984375,37938.69921875,0,0.0,0.0,^CNXENERGY
2026-04-16 12:20:00+05:30,37938.75,37948.44921875,37908.25,37912.94921875,0,0.0,0.0,^CNXENERGY
2026-04-16 12:25:00+05:30,37915.69921875,37937.05078125,37910.80078125,37923.1484375,0,0.0,0.0,^CNXENERGY
2026-04-16 12:30:00+05:30,37922.44921875,37924.3984375,37885.5,37889.80078125,0,0.0,0.0,^CNXENERGY
2026-04-16 12:35:00+05:30,37888.55078125,37923.3515625,37879.44921875,37922.25,0,0.0,0.0,^CNXENERGY
2026-04-16 12:40:00+05:30,37921.44921875,37928.0,37896.55078125,37899.3984375,0,0.0,0.0,^CNXENERGY
2026-04-16 12:45:00+05:30,37899.80078125,37911.8515625,37887.3984375,37894.6484375,0,0.0,0.0,^CNXENERGY
2026-04-16 12:50:00+05:30,37894.3515625,37939.6484375,37882.19921875,37901.55078125,0,0.0,0.0,^CNXENERGY
2026-04-16 12:55:00+05:30,37902.25,37902.25,37862.80078125,37888.5,0,0.0,0.0,^CNXENERGY
2026-04-16 13:00:00+05:30,37887.5,37906.75,37881.5,37901.6484375,0,0.0,0.0,^CNXENERGY
2026-04-16 13:05:00+05:30,37901.6015625,37909.75,37846.75,37846.75,0,0.0,0.0,^CNXENERGY
2026-04-16 13:10:00+05:30,37848.1484375,37852.05078125,37823.80078125,37845.6484375,0,0.0,0.0,^CNXENERGY
2026-04-16 13:15:00+05:30,37845.3515625,37850.19921875,37810.25,37836.5,0,0.0,0.0,^CNXENERGY
2026-04-16 13:20:00+05:30,37839.6015625,37846.8984375,37796.30078125,37798.3984375,0,0.0,0.0,^CNXENERGY
2026-04-16 13:25:00+05:30,37798.3984375,37820.44921875,37794.69921875,37818.6484375,0,0.0,0.0,^CNXENERGY
2026-04-16 13:30:00+05:30,37816.44921875,37845.0,37815.80078125,37834.8515625,0,0.0,0.0,^CNXENERGY
2026-04-16 13:35:00+05:30,37834.6015625,37843.8515625,37823.1015625,37826.5,0,0.0,0.0,^CNXENERGY
2026-04-16 13:40:00+05:30,37827.19921875,37868.1015625,37824.0,37863.1484375,0,0.0,0.0,^CNXENERGY
2026-04-16 13:45:00+05:30,37863.30078125,37893.6015625,37862.6484375,37880.6484375,0,0.0,0.0,^CNXENERGY
2026-04-16 13:50:00+05:30,37880.6484375,37909.6015625,37880.44921875,37907.30078125,0,0.0,0.0,^CNXENERGY
2026-04-16 13:55:00+05:30,37906.3515625,37930.80078125,37897.05078125,37928.30078125,0,0.0,0.0,^CNXENERGY
2026-04-16 14:00:00+05:30,37929.19921875,37932.1015625,37873.69921875,37882.94921875,0,0.0,0.0,^CNXENERGY
2026-04-16 14:05:00+05:30,37882.1484375,37909.80078125,37873.3984375,37889.8984375,0,0.0,0.0,^CNXENERGY
2026-04-16 14:10:00+05:30,37890.55078125,37915.25,37885.80078125,37907.8515625,0,0.0,0.0,^CNXENERGY
2026-04-16 14:15:00+05:30,37908.44921875,37921.5,37902.05078125,37918.1015625,0,0.0,0.0,^CNXENERGY
2026-04-16 14:20:00+05:30,37920.19921875,37924.1484375,37900.3984375,37913.80078125,0,0.0,0.0,^CNXENERGY
2026-04-16 14:25:00+05:30,37913.75,37961.6015625,37911.69921875,37959.80078125,0,0.0,0.0,^CNXENERGY
2026-04-16 14:30:00+05:30,37961.05078125,37995.75,37959.55078125,37994.05078125,0,0.0,0.0,^CNXENERGY
2026-04-16 14:35:00+05:30,37994.30078125,38013.3984375,37985.0,38007.30078125,0,0.0,0.0,^CNXENERGY
2026-04-16 14:40:00+05:30,38008.3984375,38035.30078125,38008.1015625,38032.80078125,0,0.0,0.0,^CNXENERGY
2026-04-16 14:45:00+05:30,38034.1015625,38066.05078125,38033.05078125,38064.94921875,0,0.0,0.0,^CNXENERGY
2026-04-16 14:50:00+05:30,38064.3515625,38112.8984375,38062.1484375,38110.80078125,0,0.0,0.0,^CNXENERGY
2026-04-16 14:55:00+05:30,38110.6015625,38167.3515625,38107.6015625,38162.25,0,0.0,0.0,^CNXENERGY
2026-04-16 15:00:00+05:30,38166.25,38177.05078125,38070.0,38141.30078125,0,0.0,0.0,^CNXENERGY
2026-04-16 15:05:00+05:30,38141.25,38158.30078125,38122.5,38131.69921875,0,0.0,0.0,^CNXENERGY
2026-04-16 15:10:00+05:30,38132.1484375,38184.55078125,38131.30078125,38176.94921875,0,0.0,0.0,^CNXENERGY
2026-04-16 15:15:00+05:30,38177.1484375,38224.1484375,38169.44921875,38220.80078125,0,0.0,0.0,^CNXENERGY
2026-04-16 15:20:00+05:30,38219.3515625,38246.6015625,38216.94921875,38243.0,0,0.0,0.0,^CNXENERGY
2026-04-16 15:25:00+05:30,38243.75,38248.3984375,38221.3984375,38233.25,0,0.0,0.0,^CNXENERGY
2026-04-17 09:15:00+05:30,38342.69921875,38548.25,38248.55078125,38496.0,0,0.0,0.0,^CNXENERGY
2026-04-17 09:20:00+05:30,38492.3515625,38539.19921875,38410.6484375,38411.6484375,0,0.0,0.0,^CNXENERGY
2026-04-17 09:25:00+05:30,38407.8515625,38470.25,38385.1484375,38470.25,0,0.0,0.0,^CNXENERGY
2026-04-17 09:30:00+05:30,38467.05078125,38491.25,38432.30078125,38473.55078125,0,0.0,0.0,^CNXENERGY
2026-04-17 09:35:00+05:30,38473.3515625,38525.25,38425.3515625,38524.94921875,0,0.0,0.0,^CNXENERGY
2026-04-17 09:40:00+05:30,38527.05078125,38528.3515625,38394.94921875,38419.05078125,0,0.0,0.0,^CNXENERGY
2026-04-17 09:45:00+05:30,38423.94921875,38463.30078125,38409.6484375,38459.0,0,0.0,0.0,^CNXENERGY
2026-04-17 09:50:00+05:30,38458.25,38492.69921875,38440.44921875,38487.05078125,0,0.0,0.0,^CNXENERGY
2026-04-17 09:55:00+05:30,38487.75,38539.75,38477.55078125,38530.5,0,0.0,0.0,^CNXENERGY
2026-04-17 10:00:00+05:30,38531.80078125,38548.30078125,38452.1484375,38546.5,0,0.0,0.0,^CNXENERGY
2026-04-17 10:05:00+05:30,38547.69921875,38606.8984375,38545.75,38600.3515625,0,0.0,0.0,^CNXENERGY
2026-04-17 10:10:00+05:30,38601.3984375,38605.1015625,38585.69921875,38598.5,0,0.0,0.0,^CNXENERGY
2026-04-17 10:15:00+05:30,38597.6484375,38627.19921875,38597.6484375,38625.8515625,0,0.0,0.0,^CNXENERGY
2026-04-17 10:20:00+05:30,38627.75,38646.1015625,38625.1484375,38626.5,0,0.0,0.0,^CNXENERGY
2026-04-17 10:25:00+05:30,38626.6015625,38641.1484375,38615.55078125,38623.44921875,0,0.0,0.0,^CNXENERGY
2026-04-17 10:30:00+05:30,38622.8515625,38630.69921875,38558.3984375,38562.1015625,0,0.0,0.0,^CNXENERGY
2026-04-17 10:35:00+05:30,38561.25,38585.05078125,38547.69921875,38552.1484375,0,0.0,0.0,^CNXENERGY
2026-04-17 10:40:00+05:30,38553.1484375,38576.30078125,38545.3984375,38561.6484375,0,0.0,0.0,^CNXENERGY
2026-04-17 10:45:00+05:30,38561.1484375,38570.19921875,38552.6484375,38566.44921875,0,0.0,0.0,^CNXENERGY
2026-04-17 10:50:00+05:30,38565.80078125,38580.3515625,38557.3984375,38573.8515625,0,0.0,0.0,^CNXENERGY
2026-04-17 10:55:00+05:30,38576.8515625,38590.5,38569.0,38572.94921875,0,0.0,0.0,^CNXENERGY
2026-04-17 11:00:00+05:30,38573.75,38589.55078125,38513.44921875,38539.80078125,0,0.0,0.0,^CNXENERGY
2026-04-17 11:05:00+05:30,38540.25,38583.75,38538.8515625,38583.3515625,0,0.0,0.0,^CNXENERGY
2026-04-17 11:10:00+05:30,38583.80078125,38620.05078125,38583.80078125,38599.25,0,0.0,0.0,^CNXENERGY
2026-04-17 11:15:00+05:30,38600.3515625,38609.75,38588.0,38594.3515625,0,0.0,0.0,^CNXENERGY
2026-04-17 11:20:00+05:30,38596.5,38606.05078125,38588.1484375,38590.8515625,0,0.0,0.0,^CNXENERGY
2026-04-17 11:25:00+05:30,38591.3515625,38602.25,38583.0,38592.8515625,0,0.0,0.0,^CNXENERGY
2026-04-17 11:30:00+05:30,38596.1015625,38602.25,38586.44921875,38597.0,0,0.0,0.0,^CNXENERGY
2026-04-17 11:35:00+05:30,38596.6015625,38616.94921875,38594.8515625,38605.44921875,0,0.0,0.0,^CNXENERGY
2026-04-17 11:40:00+05:30,38605.3515625,38626.05078125,38597.6015625,38622.5,0,0.0,0.0,^CNXENERGY
2026-04-17 11:45:00+05:30,38622.3515625,38622.5,38579.5,38595.30078125,0,0.0,0.0,^CNXENERGY
2026-04-17 11:50:00+05:30,38596.44921875,38632.80078125,38592.05078125,38631.30078125,0,0.0,0.0,^CNXENERGY
2026-04-17 11:55:00+05:30,38632.69921875,38635.6484375,38589.55078125,38591.5,0,0.0,0.0,^CNXENERGY
2026-04-17 12:00:00+05:30,38589.30078125,38593.3515625,38560.0,38575.30078125,0,0.0,0.0,^CNXENERGY
2026-04-17 12:05:00+05:30,38576.05078125,38619.6484375,38564.25,38604.69921875,0,0.0,0.0,^CNXENERGY
2026-04-17 12:10:00+05:30,38605.75,38608.94921875,38588.94921875,38601.6015625,0,0.0,0.0,^CNXENERGY
2026-04-17 12:15:00+05:30,38600.8515625,38622.05078125,38596.30078125,38615.6015625,0,0.0,0.0,^CNXENERGY
2026-04-17 12:20:00+05:30,38613.55078125,38643.44921875,38611.80078125,38642.6015625,0,0.0,0.0,^CNXENERGY
2026-04-17 12:25:00+05:30,38641.1484375,38664.1484375,38635.55078125,38660.1484375,0,0.0,0.0,^CNXENERGY
2026-04-17 12:30:00+05:30,38660.75,38667.30078125,38647.19921875,38661.94921875,0,0.0,0.0,^CNXENERGY
2026-04-17 12:35:00+05:30,38659.6484375,38666.3515625,38647.6015625,38651.3984375,0,0.0,0.0,^CNXENERGY
2026-04-17 12:40:00+05:30,38652.30078125,38670.44921875,38645.3984375,38660.69921875,0,0.0,0.0,^CNXENERGY
2026-04-17 12:45:00+05:30,38660.44921875,38677.5,38657.1015625,38662.0,0,0.0,0.0,^CNXENERGY
2026-04-17 12:50:00+05:30,38661.8515625,38666.6015625,38650.94921875,38651.05078125,0,0.0,0.0,^CNXENERGY
2026-04-17 12:55:00+05:30,38651.6015625,38659.1484375,38638.25,38650.1015625,0,0.0,0.0,^CNXENERGY
2026-04-17 13:00:00+05:30,38651.19921875,38670.05078125,38650.8984375,38661.75,0,0.0,0.0,^CNXENERGY
2026-04-17 13:05:00+05:30,38662.5,38690.44921875,38657.8984375,38688.55078125,0,0.0,0.0,^CNXENERGY
2026-04-17 13:10:00+05:30,38687.8984375,38700.55078125,38679.19921875,38680.1484375,0,0.0,0.0,^CNXENERGY
2026-04-17 13:15:00+05:30,38680.1484375,38693.6484375,38674.69921875,38692.3984375,0,0.0,0.0,^CNXENERGY
2026-04-17 13:20:00+05:30,38691.44921875,38732.75,38691.44921875,38722.0,0,0.0,0.0,^CNXENERGY
2026-04-17 13:25:00+05:30,38719.5,38732.8984375,38701.80078125,38728.80078125,0,0.0,0.0,^CNXENERGY
2026-04-17 13:30:00+05:30,38731.19921875,38762.94921875,38725.19921875,38762.94921875,0,0.0,0.0,^CNXENERGY
2026-04-17 13:35:00+05:30,38763.5,38780.19921875,38754.19921875,38775.30078125,0,0.0,0.0,^CNXENERGY
2026-04-17 13:40:00+05:30,38774.6484375,38800.3515625,38774.1484375,38789.1015625,0,0.0,0.0,^CNXENERGY
2026-04-17 13:45:00+05:30,38788.0,38804.1015625,38787.05078125,38801.44921875,0,0.0,0.0,^CNXENERGY
2026-04-17 13:50:00+05:30,38799.8515625,38804.94921875,38775.1015625,38780.6015625,0,0.0,0.0,^CNXENERGY
2026-04-17 13:55:00+05:30,38783.75,38796.3984375,38775.6484375,38790.55078125,0,0.0,0.0,^CNXENERGY
2026-04-17 14:00:00+05:30,38790.94921875,38805.69921875,38787.3515625,38793.3984375,0,0.0,0.0,^CNXENERGY
2026-04-17 14:05:00+05:30,38793.8984375,38814.19921875,38788.05078125,38800.5,0,0.0,0.0,^CNXENERGY
2026-04-17 14:10:00+05:30,38801.3984375,38832.6484375,38800.05078125,38807.8515625,0,0.0,0.0,^CNXENERGY
2026-04-17 14:15:00+05:30,38807.8515625,38868.05078125,38807.8515625,38852.6015625,0,0.0,0.0,^CNXENERGY
2026-04-17 14:20:00+05:30,38853.8984375,38875.19921875,38841.69921875,38873.25,0,0.0,0.0,^CNXENERGY
2026-04-17 14:25:00+05:30,38875.69921875,38876.80078125,38843.0,38862.44921875,0,0.0,0.0,^CNXENERGY
2026-04-17 14:30:00+05:30,38862.44921875,38865.94921875,38831.30078125,38845.6484375,0,0.0,0.0,^CNXENERGY
2026-04-17 14:35:00+05:30,38847.8515625,38865.19921875,38843.25,38860.55078125,0,0.0,0.0,^CNXENERGY
2026-04-17 14:40:00+05:30,38859.6015625,38882.94921875,38856.6484375,38881.6015625,0,0.0,0.0,^CNXENERGY
2026-04-17 14:45:00+05:30,38879.6015625,38939.1484375,38879.6015625,38933.30078125,0,0.0,0.0,^CNXENERGY
2026-04-17 14:50:00+05:30,38933.8515625,38950.94921875,38917.30078125,38947.19921875,0,0.0,0.0,^CNXENERGY
2026-04-17 14:55:00+05:30,38946.1015625,38949.25,38922.8984375,38926.3984375,0,0.0,0.0,^CNXENERGY
2026-04-17 15:00:00+05:30,38927.1484375,38931.8515625,38821.0,38871.75,0,0.0,0.0,^CNXENERGY
2026-04-17 15:05:00+05:30,38870.8984375,38883.0,38860.6484375,38874.69921875,0,0.0,0.0,^CNXENERGY
2026-04-17 15:10:00+05:30,38871.05078125,38893.05078125,38866.5,38880.0,0,0.0,0.0,^CNXENERGY
2026-04-17 15:15:00+05:30,38878.44921875,38886.8984375,38861.75,38883.0,0,0.0,0.0,^CNXENERGY
2026-04-17 15:20:00+05:30,38885.6484375,38896.1015625,38873.5,38886.1015625,0,0.0,0.0,^CNXENERGY
2026-04-17 15:25:00+05:30,38889.6484375,38918.5,38872.0,38888.1015625,0,0.0,0.0,^CNXENERGY
2026-04-20 15:05:00+05:30,39234.1015625,39234.1015625,39234.1015625,39234.1015625,0,0.0,0.0,^CNXENERGY
2026-04-20 15:10:00+05:30,39236.0,39237.55078125,39211.8515625,39213.6015625,0,0.0,0.0,^CNXENERGY
2026-04-20 15:15:00+05:30,39214.30078125,39214.75,39129.69921875,39137.3984375,0,0.0,0.0,^CNXENERGY
2026-04-20 15:20:00+05:30,39135.3984375,39152.80078125,39120.44921875,39125.80078125,0,0.0,0.0,^CNXENERGY
2026-04-20 15:25:00+05:30,39125.44921875,39146.44921875,39110.25,39145.5,0,0.0,0.0,^CNXENERGY
2026-04-21 09:15:00+05:30,39285.3984375,39454.94921875,39270.3984375,39419.1015625,0,0.0,0.0,^CNXENERGY
2026-04-21 09:20:00+05:30,39421.30078125,39455.30078125,39408.3515625,39443.25,0,0.0,0.0,^CNXENERGY
2026-04-21 09:25:00+05:30,39444.55078125,39444.55078125,39395.30078125,39403.30078125,0,0.0,0.0,^CNXENERGY
2026-04-21 09:30:00+05:30,39401.6484375,39437.6484375,39363.3515625,39424.55078125,0,0.0,0.0,^CNXENERGY
2026-04-21 09:35:00+05:30,39421.8984375,39458.05078125,39416.8984375,39419.44921875,0,0.0,0.0,^CNXENERGY
2026-04-21 09:40:00+05:30,39422.1015625,39434.8515625,39396.3515625,39424.19921875,0,0.0,0.0,^CNXENERGY
2026-04-21 09:45:00+05:30,39422.1015625,39459.8984375,39418.75,39453.1484375,0,0.0,0.0,^CNXENERGY
2026-04-21 09:50:00+05:30,39452.6484375,39480.94921875,39451.5,39478.80078125,0,0.0,0.0,^CNXENERGY
2026-04-21 09:55:00+05:30,39479.55078125,39504.55078125,39477.55078125,39495.19921875,0,0.0,0.0,^CNXENERGY
2026-04-21 10:00:00+05:30,39496.05078125,39546.5,39496.05078125,39546.25,0,0.0,0.0,^CNXENERGY
2026-04-21 10:05:00+05:30,39545.75,39578.69921875,39537.8515625,39554.6484375,0,0.0,0.0,^CNXENERGY
2026-04-21 10:10:00+05:30,39556.0,39569.44921875,39537.25,39566.19921875,0,0.0,0.0,^CNXENERGY
2026-04-21 10:15:00+05:30,39564.5,39568.94921875,39532.6484375,39543.69921875,0,0.0,0.0,^CNXENERGY
2026-04-21 10:20:00+05:30,39543.55078125,39545.6015625,39513.80078125,39531.0,0,0.0,0.0,^CNXENERGY
2026-04-21 10:25:00+05:30,39531.05078125,39534.0,39482.80078125,39490.6484375,0,0.0,0.0,^CNXENERGY
2026-04-21 10:30:00+05:30,39486.0,39516.3515625,39479.0,39501.0,0,0.0,0.0,^CNXENERGY
2026-04-21 10:35:00+05:30,39501.19921875,39518.55078125,39493.25,39507.94921875,0,0.0,0.0,^CNXENERGY
2026-04-21 10:40:00+05:30,39509.19921875,39509.94921875,39467.6484375,39491.8515625,0,0.0,0.0,^CNXENERGY
2026-04-21 10:45:00+05:30,39490.80078125,39496.3984375,39477.25,39485.1484375,0,0.0,0.0,^CNXENERGY
2026-04-21 10:50:00+05:30,39486.3515625,39488.3515625,39472.3515625,39483.55078125,0,0.0,0.0,^CNXENERGY
2026-04-21 10:55:00+05:30,39484.94921875,39509.0,39478.6015625,39498.05078125,0,0.0,0.0,^CNXENERGY
2026-04-21 11:00:00+05:30,39497.44921875,39512.30078125,39487.8984375,39508.1484375,0,0.0,0.0,^CNXENERGY
2026-04-21 11:05:00+05:30,39508.55078125,39511.8515625,39481.44921875,39485.6015625,0,0.0,0.0,^CNXENERGY
2026-04-21 11:10:00+05:30,39484.55078125,39496.05078125,39471.8515625,39495.5,0,0.0,0.0,^CNXENERGY
2026-04-21 11:15:00+05:30,39494.8984375,39511.6015625,39483.69921875,39509.6484375,0,0.0,0.0,^CNXENERGY
2026-04-21 11:20:00+05:30,39509.69921875,39519.8984375,39472.25,39473.05078125,0,0.0,0.0,^CNXENERGY
2026-04-21 11:25:00+05:30,39473.1484375,39482.75,39454.3515625,39465.30078125,0,0.0,0.0,^CNXENERGY
2026-04-21 11:30:00+05:30,39462.8984375,39473.6484375,39454.0,39468.25,0,0.0,0.0,^CNXENERGY
2026-04-21 11:35:00+05:30,39466.5,39477.19921875,39455.1484375,39460.80078125,0,0.0,0.0,^CNXENERGY
2026-04-21 11:40:00+05:30,39460.44921875,39485.80078125,39454.94921875,39485.0,0,0.0,0.0,^CNXENERGY
2026-04-21 11:45:00+05:30,39483.6484375,39503.55078125,39463.3984375,39463.6015625,0,0.0,0.0,^CNXENERGY
2026-04-21 11:50:00+05:30,39464.69921875,39467.5,39431.1484375,39436.6015625,0,0.0,0.0,^CNXENERGY
2026-04-21 11:55:00+05:30,39435.30078125,39449.94921875,39425.19921875,39434.55078125,0,0.0,0.0,^CNXENERGY
2026-04-21 12:00:00+05:30,39432.8984375,39460.05078125,39428.94921875,39454.75,0,0.0,0.0,^CNXENERGY
2026-04-21 12:05:00+05:30,39455.1015625,39457.19921875,39442.0,39443.3984375,0,0.0,0.0,^CNXENERGY
2026-04-21 12:10:00+05:30,39445.30078125,39448.25,39435.80078125,39437.3984375,0,0.0,0.0,^CNXENERGY
2026-04-21 12:15:00+05:30,39437.25,39442.25,39413.05078125,39436.44921875,0,0.0,0.0,^CNXENERGY
2026-04-21 12:20:00+05:30,39437.8515625,39445.30078125,39431.25,39433.05078125,0,0.0,0.0,^CNXENERGY
2026-04-21 12:25:00+05:30,39434.25,39442.94921875,39423.8984375,39425.69921875,0,0.0,0.0,^CNXENERGY
2026-04-21 12:30:00+05:30,39426.8515625,39443.1015625,39414.80078125,39414.80078125,0,0.0,0.0,^CNXENERGY
2026-04-21 12:35:00+05:30,39415.44921875,39431.6484375,39409.1015625,39416.19921875,0,0.0,0.0,^CNXENERGY
2026-04-21 12:40:00+05:30,39415.94921875,39422.5,39406.30078125,39420.05078125,0,0.0,0.0,^CNXENERGY
2026-04-21 12:45:00+05:30,39422.8515625,39426.44921875,39392.1015625,39394.55078125,0,0.0,0.0,^CNXENERGY
2026-04-21 12:50:00+05:30,39394.69921875,39399.0,39375.6484375,39378.94921875,0,0.0,0.0,^CNXENERGY
2026-04-21 12:55:00+05:30,39378.3515625,39422.6015625,39365.3515625,39418.8984375,0,0.0,0.0,^CNXENERGY
2026-04-21 13:00:00+05:30,39419.6484375,39427.6015625,39401.3515625,39404.1484375,0,0.0,0.0,^CNXENERGY
2026-04-21 13:05:00+05:30,39404.69921875,39416.19921875,39399.1015625,39411.8515625,0,0.0,0.0,^CNXENERGY
2026-04-21 13:10:00+05:30,39410.80078125,39433.3515625,39401.30078125,39429.69921875,0,0.0,0.0,^CNXENERGY
2026-04-21 13:15:00+05:30,39430.1015625,39448.0,39411.8515625,39415.19921875,0,0.0,0.0,^CNXENERGY
2026-04-21 13:20:00+05:30,39415.3984375,39425.1015625,39410.69921875,39421.1484375,0,0.0,0.0,^CNXENERGY
2026-04-21 13:25:00+05:30,39420.25,39424.1015625,39400.6484375,39405.8515625,0,0.0,0.0,^CNXENERGY
2026-04-21 13:30:00+05:30,39405.6484375,39426.8515625,39399.69921875,39419.05078125,0,0.0,0.0,^CNXENERGY
2026-04-21 13:35:00+05:30,39419.8515625,39422.5,39374.05078125,39387.5,0,0.0,0.0,^CNXENERGY
2026-04-21 13:40:00+05:30,39386.30078125,39389.0,39342.1015625,39357.8984375,0,0.0,0.0,^CNXENERGY
2026-04-21 13:45:00+05:30,39356.6484375,39369.0,39349.75,39363.19921875,0,0.0,0.0,^CNXENERGY
2026-04-21 13:50:00+05:30,39364.8515625,39384.6484375,39362.55078125,39381.8515625,0,0.0,0.0,^CNXENERGY
2026-04-21 13:55:00+05:30,39382.8515625,39390.19921875,39364.75,39368.69921875,0,0.0,0.0,^CNXENERGY
2026-04-21 14:00:00+05:30,39370.3515625,39372.1015625,39341.75,39346.8515625,0,0.0,0.0,^CNXENERGY
2026-04-21 14:05:00+05:30,39347.0,39350.69921875,39327.94921875,39328.80078125,0,0.0,0.0,^CNXENERGY
2026-04-21 14:10:00+05:30,39329.94921875,39362.6015625,39324.8515625,39358.3515625,0,0.0,0.0,^CNXENERGY
2026-04-21 14:15:00+05:30,39357.8984375,39365.30078125,39348.80078125,39357.75,0,0.0,0.0,^CNXENERGY
2026-04-21 14:20:00+05:30,39358.5,39384.3984375,39356.44921875,39378.6015625,0,0.0,0.0,^CNXENERGY
2026-04-21 14:25:00+05:30,39377.8984375,39382.80078125,39364.6015625,39379.94921875,0,0.0,0.0,^CNXENERGY
2026-04-21 14:30:00+05:30,39379.8984375,39384.5,39367.05078125,39378.44921875,0,0.0,0.0,^CNXENERGY
2026-04-21 14:35:00+05:30,39377.8515625,39393.1015625,39370.6015625,39372.3515625,0,0.0,0.0,^CNXENERGY
2026-04-21 14:40:00+05:30,39371.0,39376.80078125,39340.25,39359.0,0,0.0,0.0,^CNXENERGY
2026-04-21 14:45:00+05:30,39358.6015625,39382.0,39357.25,39378.05078125,0,0.0,0.0,^CNXENERGY
2026-04-21 14:50:00+05:30,39379.19921875,39386.94921875,39371.55078125,39374.3984375,0,0.0,0.0,^CNXENERGY
2026-04-21 14:55:00+05:30,39373.94921875,39389.44921875,39368.6015625,39370.1015625,0,0.0,0.0,^CNXENERGY
2026-04-21 15:00:00+05:30,39371.30078125,39392.8515625,39337.69921875,39341.0,0,0.0,0.0,^CNXENERGY
2026-04-21 15:05:00+05:30,39344.1484375,39351.3515625,39333.6484375,39346.05078125,0,0.0,0.0,^CNXENERGY
2026-04-21 15:10:00+05:30,39347.05078125,39355.5,39326.94921875,39329.5,0,0.0,0.0,^CNXENERGY
2026-04-21 15:15:00+05:30,39329.8984375,39346.8984375,39321.19921875,39335.3984375,0,0.0,0.0,^CNXENERGY
2026-04-21 15:20:00+05:30,39336.1015625,39338.44921875,39322.1015625,39333.44921875,0,0.0,0.0,^CNXENERGY
2026-04-21 15:25:00+05:30,39332.19921875,39347.55078125,39313.5,39346.94921875,0,0.0,0.0,^CNXENERGY
2026-04-22 09:15:00+05:30,39340.75,39492.5,39286.55078125,39405.1015625,0,0.0,0.0,^CNXENERGY
2026-04-22 09:20:00+05:30,39396.8515625,39502.69921875,39381.55078125,39471.30078125,0,0.0,0.0,^CNXENERGY
2026-04-22 09:25:00+05:30,39467.19921875,39493.25,39430.30078125,39431.3515625,0,0.0,0.0,^CNXENERGY
2026-04-22 09:30:00+05:30,39431.05078125,39495.05078125,39424.05078125,39495.05078125,0,0.0,0.0,^CNXENERGY
2026-04-22 09:35:00+05:30,39496.8984375,39536.30078125,39466.25,39514.55078125,0,0.0,0.0,^CNXENERGY
2026-04-22 09:40:00+05:30,39515.3984375,39558.25,39495.05078125,39531.1484375,0,0.0,0.0,^CNXENERGY
2026-04-22 09:45:00+05:30,39530.3515625,39561.55078125,39495.8984375,39560.3984375,0,0.0,0.0,^CNXENERGY
2026-04-22 09:50:00+05:30,39561.44921875,39602.44921875,39543.5,39561.5,0,0.0,0.0,^CNXENERGY
2026-04-22 09:55:00+05:30,39560.94921875,39570.05078125,39499.44921875,39499.44921875,0,0.0,0.0,^CNXENERGY
2026-04-22 10:00:00+05:30,39500.3515625,39540.3984375,39476.0,39534.19921875,0,0.0,0.0,^CNXENERGY
2026-04-22 10:05:00+05:30,39532.94921875,39544.3515625,39507.80078125,39541.94921875,0,0.0,0.0,^CNXENERGY
2026-04-22 10:10:00+05:30,39541.80078125,39558.30078125,39538.25,39542.30078125,0,0.0,0.0,^CNXENERGY
2026-04-22 10:15:00+05:30,39541.1484375,39615.1484375,39541.1484375,39585.1015625,0,0.0,0.0,^CNXENERGY
2026-04-22 10:20:00+05:30,39585.3984375,39707.6484375,39580.1015625,39691.3984375,0,0.0,0.0,^CNXENERGY
2026-04-22 10:25:00+05:30,39689.80078125,39771.8515625,39685.69921875,39767.5,0,0.0,0.0,^CNXENERGY
2026-04-22 10:30:00+05:30,39768.6484375,39803.05078125,39742.6015625,39780.1484375,0,0.0,0.0,^CNXENERGY
2026-04-22 10:35:00+05:30,39781.25,39788.3984375,39764.05078125,39777.8984375,0,0.0,0.0,^CNXENERGY
2026-04-22 10:40:00+05:30,39778.75,39781.94921875,39742.1484375,39743.44921875,0,0.0,0.0,^CNXENERGY
2026-04-22 10:45:00+05:30,39744.19921875,39756.75,39717.19921875,39751.5,0,0.0,0.0,^CNXENERGY
2026-04-22 10:50:00+05:30,39751.05078125,39758.19921875,39726.44921875,39737.8515625,0,0.0,0.0,^CNXENERGY
2026-04-22 10:55:00+05:30,39737.6015625,39753.19921875,39708.94921875,39722.19921875,0,0.0,0.0,^CNXENERGY
2026-04-22 11:00:00+05:30,39721.80078125,39751.69921875,39706.55078125,39746.8984375,0,0.0,0.0,^CNXENERGY
2026-04-22 11:05:00+05:30,39745.80078125,39758.80078125,39740.8984375,39748.44921875,0,0.0,0.0,^CNXENERGY
2026-04-22 11:10:00+05:30,39747.94921875,39792.1484375,39747.3984375,39780.80078125,0,0.0,0.0,^CNXENERGY
2026-04-22 11:15:00+05:30,39778.0,39796.80078125,39766.6484375,39795.19921875,0,0.0,0.0,^CNXENERGY
2026-04-22 11:20:00+05:30,39795.80078125,39817.75,39780.5,39813.05078125,0,0.0,0.0,^CNXENERGY
2026-04-22 11:25:00+05:30,39813.30078125,39831.30078125,39803.0,39815.6484375,0,0.0,0.0,^CNXENERGY
2026-04-22 11:30:00+05:30,39816.19921875,39825.55078125,39804.8984375,39817.44921875,0,0.0,0.0,^CNXENERGY
2026-04-22 11:35:00+05:30,39816.0,39824.8515625,39800.75,39816.25,0,0.0,0.0,^CNXENERGY
2026-04-22 11:40:00+05:30,39815.44921875,39849.3515625,39814.69921875,39840.80078125,0,0.0,0.0,^CNXENERGY
2026-04-22 11:45:00+05:30,39840.3984375,39842.80078125,39808.25,39814.69921875,0,0.0,0.0,^CNXENERGY
2026-04-22 11:50:00+05:30,39816.0,39840.3515625,39804.0,39832.1015625,0,0.0,0.0,^CNXENERGY
2026-04-22 11:55:00+05:30,39831.5,39840.3984375,39819.3984375,39835.94921875,0,0.0,0.0,^CNXENERGY
2026-04-22 12:00:00+05:30,39835.1484375,39852.6015625,39835.1484375,39850.94921875,0,0.0,0.0,^CNXENERGY
2026-04-22 12:05:00+05:30,39852.30078125,39855.19921875,39837.30078125,39840.19921875,0,0.0,0.0,^CNXENERGY
2026-04-22 12:10:00+05:30,39839.80078125,39846.5,39830.6015625,39840.6015625,0,0.0,0.0,^CNXENERGY
2026-04-22 12:15:00+05:30,39842.44921875,39865.80078125,39829.6015625,39850.1015625,0,0.0,0.0,^CNXENERGY
2026-04-22 12:20:00+05:30,39850.3515625,39870.19921875,39846.6484375,39857.80078125,0,0.0,0.0,^CNXENERGY
2026-04-22 12:25:00+05:30,39858.44921875,39873.30078125,39853.44921875,39858.8515625,0,0.0,0.0,^CNXENERGY
2026-04-22 12:30:00+05:30,39859.0,39868.6015625,39835.1015625,39840.8984375,0,0.0,0.0,^CNXENERGY
2026-04-22 12:35:00+05:30,39840.05078125,39842.94921875,39814.5,39828.0,0,0.0,0.0,^CNXENERGY
2026-04-22 12:40:00+05:30,39829.1015625,39845.6015625,39814.19921875,39841.69921875,0,0.0,0.0,^CNXENERGY
2026-04-22 12:45:00+05:30,39841.75,39844.3984375,39812.3515625,39818.6015625,0,0.0,0.0,^CNXENERGY
2026-04-22 12:50:00+05:30,39819.1015625,39849.3984375,39812.6484375,39836.0,0,0.0,0.0,^CNXENERGY
2026-04-22 12:55:00+05:30,39836.75,39862.1484375,39833.1015625,39854.75,0,0.0,0.0,^CNXENERGY
2026-04-22 13:00:00+05:30,39854.1015625,39862.55078125,39835.5,39854.1484375,0,0.0,0.0,^CNXENERGY
2026-04-22 13:05:00+05:30,39855.0,39861.6015625,39844.8515625,39847.1015625,0,0.0,0.0,^CNXENERGY
2026-04-22 13:10:00+05:30,39852.1015625,39853.8984375,39826.80078125,39835.44921875,0,0.0,0.0,^CNXENERGY
2026-04-22 13:15:00+05:30,39836.05078125,39852.8984375,39826.6484375,39846.25,0,0.0,0.0,^CNXENERGY
2026-04-22 13:20:00+05:30,39845.6015625,39853.1484375,39807.05078125,39819.3984375,0,0.0,0.0,^CNXENERGY
2026-04-22 13:25:00+05:30,39819.44921875,39840.30078125,39814.3515625,39831.69921875,0,0.0,0.0,^CNXENERGY
2026-04-22 13:30:00+05:30,39833.6484375,39846.8984375,39823.44921875,39834.80078125,0,0.0,0.0,^CNXENERGY
2026-04-22 13:35:00+05:30,39834.3515625,39856.3984375,39834.3515625,39849.44921875,0,0.0,0.0,^CNXENERGY
2026-04-22 13:40:00+05:30,39848.69921875,39877.0,39848.69921875,39868.6484375,0,0.0,0.0,^CNXENERGY
2026-04-22 13:45:00+05:30,39868.3984375,39869.6484375,39850.3984375,39866.55078125,0,0.0,0.0,^CNXENERGY
2026-04-22 13:50:00+05:30,39866.6015625,39873.75,39850.30078125,39854.1484375,0,0.0,0.0,^CNXENERGY
2026-04-22 13:55:00+05:30,39854.19921875,39871.94921875,39852.05078125,39867.1015625,0,0.0,0.0,^CNXENERGY
2026-04-22 14:00:00+05:30,39868.6484375,39879.05078125,39825.8984375,39828.55078125,0,0.0,0.0,^CNXENERGY
2026-04-22 14:05:00+05:30,39828.30078125,39836.75,39810.80078125,39829.80078125,0,0.0,0.0,^CNXENERGY
2026-04-22 14:10:00+05:30,39828.8984375,39850.75,39814.1484375,39848.94921875,0,0.0,0.0,^CNXENERGY
2026-04-22 14:15:00+05:30,39846.8515625,39850.69921875,39808.3515625,39824.1484375,0,0.0,0.0,^CNXENERGY
2026-04-22 14:20:00+05:30,39820.6015625,39843.8984375,39812.1484375,39842.75,0,0.0,0.0,^CNXENERGY
2026-04-22 14:25:00+05:30,39844.44921875,39876.25,39844.44921875,39864.6015625,0,0.0,0.0,^CNXENERGY
2026-04-22 14:30:00+05:30,39863.80078125,39886.44921875,39863.55078125,39865.05078125,0,0.0,0.0,^CNXENERGY
2026-04-22 14:35:00+05:30,39865.0,39898.1484375,39863.25,39895.3515625,0,0.0,0.0,^CNXENERGY
2026-04-22 14:40:00+05:30,39897.05078125,39903.44921875,39885.1015625,39886.69921875,0,0.0,0.0,^CNXENERGY
2026-04-22 14:45:00+05:30,39885.55078125,39905.3515625,39881.94921875,39890.6484375,0,0.0,0.0,^CNXENERGY
2026-04-22 14:50:00+05:30,39890.75,39903.94921875,39876.0,39899.8515625,0,0.0,0.0,^CNXENERGY
2026-04-22 14:55:00+05:30,39900.1015625,39932.0,39899.05078125,39924.1015625,0,0.0,0.0,^CNXENERGY
2026-04-22 15:00:00+05:30,39921.94921875,39921.94921875,39859.1484375,39876.8515625,0,0.0,0.0,^CNXENERGY
2026-04-22 15:05:00+05:30,39878.3984375,39879.80078125,39860.0,39869.25,0,0.0,0.0,^CNXENERGY
2026-04-22 15:10:00+05:30,39868.0,39903.8984375,39865.75,39899.55078125,0,0.0,0.0,^CNXENERGY
2026-04-22 15:15:00+05:30,39899.44921875,39915.75,39891.80078125,39913.6484375,0,0.0,0.0,^CNXENERGY
2026-04-22 15:20:00+05:30,39915.30078125,39936.8515625,39914.5,39920.55078125,0,0.0,0.0,^CNXENERGY
2026-04-22 15:25:00+05:30,39919.75,39928.80078125,39879.3984375,39879.55078125,0,0.0,0.0,^CNXENERGY
2026-04-23 09:15:00+05:30,39864.3984375,40097.44921875,39775.3515625,40097.44921875,0,0.0,0.0,^CNXENERGY
2026-04-23 09:20:00+05:30,40101.25,40158.44921875,40042.5,40086.1015625,0,0.0,0.0,^CNXENERGY
2026-04-23 09:25:00+05:30,40086.25,40123.0,40040.3515625,40091.3515625,0,0.0,0.0,^CNXENERGY
2026-04-23 09:30:00+05:30,40093.6015625,40114.94921875,40032.80078125,40102.3515625,0,0.0,0.0,^CNXENERGY
2026-04-23 09:35:00+05:30,40104.19921875,40119.19921875,40044.5,40102.1484375,0,0.0,0.0,^CNXENERGY
2026-04-23 09:40:00+05:30,40100.69921875,40130.3984375,40082.05078125,40103.25,0,0.0,0.0,^CNXENERGY
2026-04-23 09:45:00+05:30,40104.75,40131.19921875,40096.30078125,40110.44921875,0,0.0,0.0,^CNXENERGY
2026-04-23 09:50:00+05:30,40111.44921875,40131.3515625,40081.8984375,40092.69921875,0,0.0,0.0,^CNXENERGY
2026-04-23 09:55:00+05:30,40091.55078125,40114.1015625,40080.05078125,40086.69921875,0,0.0,0.0,^CNXENERGY
2026-04-23 10:00:00+05:30,40088.8515625,40145.1484375,40065.8984375,40130.75,0,0.0,0.0,^CNXENERGY
2026-04-23 10:05:00+05:30,40130.75,40143.8515625,40076.1015625,40082.8984375,0,0.0,0.0,^CNXENERGY
2026-04-23 10:10:00+05:30,40084.19921875,40084.19921875,40033.19921875,40044.8515625,0,0.0,0.0,^CNXENERGY
2026-04-23 10:15:00+05:30,40048.25,40082.69921875,40032.75,40074.44921875,0,0.0,0.0,^CNXENERGY
2026-04-23 10:20:00+05:30,40072.30078125,40079.19921875,40040.94921875,40042.3984375,0,0.0,0.0,^CNXENERGY
2026-04-23 10:25:00+05:30,40044.55078125,40071.69921875,40031.19921875,40052.19921875,0,0.0,0.0,^CNXENERGY
2026-04-23 10:30:00+05:30,40052.1015625,40055.44921875,39993.1484375,40007.6015625,0,0.0,0.0,^CNXENERGY
2026-04-23 10:35:00+05:30,40008.6484375,40018.1484375,39968.19921875,39985.69921875,0,0.0,0.0,^CNXENERGY
2026-04-23 10:40:00+05:30,39986.05078125,39989.80078125,39976.1015625,39983.05078125,0,0.0,0.0,^CNXENERGY
2026-04-23 10:45:00+05:30,39983.8515625,39988.75,39932.1484375,39978.3515625,0,0.0,0.0,^CNXENERGY
2026-04-23 10:50:00+05:30,39978.55078125,40024.8984375,39957.19921875,40006.8515625,0,0.0,0.0,^CNXENERGY
2026-04-23 10:55:00+05:30,40008.1484375,40015.3515625,39979.6015625,40006.1484375,0,0.0,0.0,^CNXENERGY
2026-04-23 11:00:00+05:30,40011.8515625,40054.5,40002.75,40054.5,0,0.0,0.0,^CNXENERGY
2026-04-23 11:05:00+05:30,40055.8984375,40067.6484375,40023.3984375,40046.94921875,0,0.0,0.0,^CNXENERGY
2026-04-23 11:10:00+05:30,40048.55078125,40048.6015625,39955.3984375,39957.3984375,0,0.0,0.0,^CNXENERGY
2026-04-23 11:15:00+05:30,39959.55078125,39978.1015625,39954.1484375,39974.8515625,0,0.0,0.0,^CNXENERGY
2026-04-23 11:20:00+05:30,39977.0,39996.80078125,39963.94921875,39968.3515625,0,0.0,0.0,^CNXENERGY
2026-04-23 11:25:00+05:30,39971.8515625,40011.75,39968.05078125,40003.75,0,0.0,0.0,^CNXENERGY
2026-04-23 11:30:00+05:30,40003.6015625,40017.69921875,40001.1015625,40010.80078125,0,0.0,0.0,^CNXENERGY
2026-04-23 11:35:00+05:30,40013.94921875,40034.19921875,39999.8515625,40020.8984375,0,0.0,0.0,^CNXENERGY
2026-04-23 11:40:00+05:30,40022.8515625,40024.3515625,40007.69921875,40009.80078125,0,0.0,0.0,^CNXENERGY
2026-04-23 11:45:00+05:30,40011.8984375,40069.30078125,40008.5,40059.69921875,0,0.0,0.0,^CNXENERGY
2026-04-23 11:50:00+05:30,40060.8515625,40122.3984375,40051.1015625,40116.75,0,0.0,0.0,^CNXENERGY
2026-04-23 11:55:00+05:30,40119.05078125,40198.94921875,40114.6484375,40186.6484375,0,0.0,0.0,^CNXENERGY
2026-04-23 12:00:00+05:30,40186.1484375,40201.25,40169.3984375,40172.25,0,0.0,0.0,^CNXENERGY
2026-04-23 12:05:00+05:30,40174.25,40186.80078125,40164.25,40164.25,0,0.0,0.0,^CNXENERGY
2026-04-23 12:10:00+05:30,40160.94921875,40188.1015625,40159.55078125,40172.69921875,0,0.0,0.0,^CNXENERGY
2026-04-23 12:15:00+05:30,40174.69921875,40190.19921875,40140.1015625,40140.3984375,0,0.0,0.0,^CNXENERGY
2026-04-23 12:20:00+05:30,40139.94921875,40157.5,40129.94921875,40141.80078125,0,0.0,0.0,^CNXENERGY
2026-04-23 12:25:00+05:30,40142.3515625,40143.25,40087.75,40089.25,0,0.0,0.0,^CNXENERGY
2026-04-23 12:30:00+05:30,40092.8515625,40112.05078125,40078.0,40101.0,0,0.0,0.0,^CNXENERGY
2026-04-23 12:35:00+05:30,40102.75,40110.6015625,40078.44921875,40105.8984375,0,0.0,0.0,^CNXENERGY
2026-04-23 12:40:00+05:30,40109.44921875,40110.3984375,40092.19921875,40101.19921875,0,0.0,0.0,^CNXENERGY
2026-04-23 12:45:00+05:30,40104.6015625,40107.3984375,40077.80078125,40083.5,0,0.0,0.0,^CNXENERGY
2026-04-23 12:50:00+05:30,40088.5,40121.69921875,40081.0,40118.44921875,0,0.0,0.0,^CNXENERGY
2026-04-23 12:55:00+05:30,40120.8984375,40131.8984375,40114.8984375,40128.75,0,0.0,0.0,^CNXENERGY
2026-04-23 13:00:00+05:30,40129.6015625,40139.25,40120.19921875,40136.6484375,0,0.0,0.0,^CNXENERGY
2026-04-23 13:05:00+05:30,40138.8984375,40157.3984375,40124.6015625,40146.69921875,0,0.0,0.0,^CNXENERGY
2026-04-23 13:10:00+05:30,40148.6015625,40160.6015625,40142.30078125,40155.30078125,0,0.0,0.0,^CNXENERGY
2026-04-23 13:15:00+05:30,40157.8984375,40188.1484375,40140.69921875,40184.75,0,0.0,0.0,^CNXENERGY
2026-04-23 13:20:00+05:30,40186.05078125,40208.25,40175.3984375,40199.30078125,0,0.0,0.0,^CNXENERGY
2026-04-23 13:25:00+05:30,40200.1015625,40208.19921875,40174.8984375,40188.44921875,0,0.0,0.0,^CNXENERGY
2026-04-23 13:30:00+05:30,40191.0,40192.1015625,40170.19921875,40171.94921875,0,0.0,0.0,^CNXENERGY
2026-04-23 13:35:00+05:30,40174.1484375,40175.05078125,40099.3515625,40113.0,0,0.0,0.0,^CNXENERGY
2026-04-23 13:40:00+05:30,40113.3515625,40133.1484375,40101.0,40125.1484375,0,0.0,0.0,^CNXENERGY
2026-04-23 13:45:00+05:30,40125.55078125,40127.6015625,40081.44921875,40097.69921875,0,0.0,0.0,^CNXENERGY
2026-04-23 13:50:00+05:30,40097.0,40122.6484375,40087.5,40091.94921875,0,0.0,0.0,^CNXENERGY
2026-04-23 13:55:00+05:30,40091.94921875,40108.80078125,40083.30078125,40085.5,0,0.0,0.0,^CNXENERGY
2026-04-23 14:00:00+05:30,40086.3515625,40098.69921875,40065.1484375,40093.6484375,0,0.0,0.0,^CNXENERGY
2026-04-23 14:05:00+05:30,40096.1484375,40096.80078125,40060.5,40064.94921875,0,0.0,0.0,^CNXENERGY
2026-04-23 14:10:00+05:30,40065.30078125,40065.6015625,40027.69921875,40030.8515625,0,0.0,0.0,^CNXENERGY
2026-04-23 14:15:00+05:30,40034.19921875,40056.0,40018.25,40018.25,0,0.0,0.0,^CNXENERGY
2026-04-23 14:20:00+05:30,40019.6015625,40052.19921875,40006.8515625,40039.05078125,0,0.0,0.0,^CNXENERGY
2026-04-23 14:25:00+05:30,40041.69921875,40049.8984375,40007.44921875,40009.69921875,0,0.0,0.0,^CNXENERGY
2026-04-23 14:30:00+05:30,40011.8984375,40012.94921875,39968.80078125,39969.25,0,0.0,0.0,^CNXENERGY
2026-04-23 14:35:00+05:30,39972.3515625,39980.6015625,39946.25,39956.25,0,0.0,0.0,^CNXENERGY
2026-04-23 14:40:00+05:30,39958.25,39969.6484375,39919.94921875,39942.3515625,0,0.0,0.0,^CNXENERGY
2026-04-23 14:45:00+05:30,39944.30078125,40008.1015625,39936.19921875,39990.1015625,0,0.0,0.0,^CNXENERGY
2026-04-23 14:50:00+05:30,39991.19921875,40012.69921875,39988.19921875,39999.44921875,0,0.0,0.0,^CNXENERGY
2026-04-23 14:55:00+05:30,40004.1484375,40007.3984375,39955.94921875,39975.6015625,0,0.0,0.0,^CNXENERGY
2026-04-23 15:00:00+05:30,39981.3984375,40049.3984375,39979.44921875,40014.44921875,0,0.0,0.0,^CNXENERGY
2026-04-23 15:05:00+05:30,40012.19921875,40032.75,39998.75,39999.55078125,0,0.0,0.0,^CNXENERGY
2026-04-23 15:10:00+05:30,40008.05078125,40008.5,39968.19921875,39983.3984375,0,0.0,0.0,^CNXENERGY
2026-04-23 15:15:00+05:30,39981.69921875,39991.1015625,39968.80078125,39985.1015625,0,0.0,0.0,^CNXENERGY
2026-04-23 15:20:00+05:30,39987.55078125,40011.25,39978.69921875,40000.5,0,0.0,0.0,^CNXENERGY
2026-04-23 15:25:00+05:30,40002.55078125,40025.30078125,39984.80078125,40010.8984375,0,0.0,0.0,^CNXENERGY
2026-04-24 09:15:00+05:30,40109.8984375,40194.25,40001.75,40035.8515625,0,0.0,0.0,^CNXENERGY
2026-04-24 09:20:00+05:30,40034.8984375,40107.94921875,39973.44921875,40062.6015625,0,0.0,0.0,^CNXENERGY
2026-04-24 09:25:00+05:30,40061.55078125,40064.1015625,39935.8984375,39937.3515625,0,0.0,0.0,^CNXENERGY
2026-04-24 09:30:00+05:30,39938.0,39978.94921875,39849.30078125,39865.44921875,0,0.0,0.0,^CNXENERGY
2026-04-24 09:35:00+05:30,39867.05078125,39886.0,39766.19921875,39766.19921875,0,0.0,0.0,^CNXENERGY
2026-04-24 09:40:00+05:30,39762.75,39818.44921875,39727.05078125,39804.6015625,0,0.0,0.0,^CNXENERGY
2026-04-24 09:45:00+05:30,39803.6484375,39803.6484375,39746.8984375,39784.3515625,0,0.0,0.0,^CNXENERGY
2026-04-24 09:50:00+05:30,39784.0,39824.69921875,39728.55078125,39756.94921875,0,0.0,0.0,^CNXENERGY
2026-04-24 09:55:00+05:30,39752.6015625,39784.3984375,39726.0,39765.05078125,0,0.0,0.0,^CNXENERGY
2026-04-24 10:00:00+05:30,39765.6015625,39892.3984375,39763.30078125,39891.69921875,0,0.0,0.0,^CNXENERGY
2026-04-24 10:05:00+05:30,39888.44921875,39953.6484375,39888.44921875,39933.1484375,0,0.0,0.0,^CNXENERGY
2026-04-24 10:10:00+05:30,39929.75,39963.6484375,39917.5,39938.30078125,0,0.0,0.0,^CNXENERGY
2026-04-24 10:15:00+05:30,39938.6015625,39938.6015625,39886.1484375,39890.30078125,0,0.0,0.0,^CNXENERGY
2026-04-24 10:20:00+05:30,39890.6484375,39893.75,39814.25,39814.25,0,0.0,0.0,^CNXENERGY
2026-04-24 10:25:00+05:30,39815.8984375,39863.75,39811.05078125,39850.6484375,0,0.0,0.0,^CNXENERGY
2026-04-24 10:30:00+05:30,39849.6484375,39858.94921875,39835.55078125,39857.19921875,0,0.0,0.0,^CNXENERGY
2026-04-24 10:35:00+05:30,39856.19921875,39869.30078125,39837.6015625,39849.69921875,0,0.0,0.0,^CNXENERGY
2026-04-24 10:40:00+05:30,39850.30078125,39855.1015625,39787.8515625,39794.80078125,0,0.0,0.0,^CNXENERGY
2026-04-24 10:45:00+05:30,39794.6484375,39802.3515625,39765.19921875,39782.6484375,0,0.0,0.0,^CNXENERGY
2026-04-24 10:50:00+05:30,39784.25,39804.3515625,39777.05078125,39786.44921875,0,0.0,0.0,^CNXENERGY
2026-04-24 10:55:00+05:30,39788.44921875,39795.05078125,39735.1015625,39735.1015625,0,0.0,0.0,^CNXENERGY
2026-04-24 11:00:00+05:30,39736.75,39737.19921875,39706.94921875,39716.0,0,0.0,0.0,^CNXENERGY
2026-04-24 11:05:00+05:30,39716.1484375,39733.5,39672.05078125,39672.05078125,0,0.0,0.0,^CNXENERGY
2026-04-24 11:10:00+05:30,39672.19921875,39691.0,39658.8984375,39665.8984375,0,0.0,0.0,^CNXENERGY
2026-04-24 11:15:00+05:30,39666.55078125,39674.3984375,39649.8515625,39663.30078125,0,0.0,0.0,^CNXENERGY
2026-04-24 11:20:00+05:30,39660.6484375,39714.5,39656.6015625,39704.1015625,0,0.0,0.0,^CNXENERGY
2026-04-24 11:25:00+05:30,39702.55078125,39714.5,39679.94921875,39686.80078125,0,0.0,0.0,^CNXENERGY
2026-04-24 11:30:00+05:30,39685.6015625,39725.94921875,39683.94921875,39701.3515625,0,0.0,0.0,^CNXENERGY
2026-04-24 11:35:00+05:30,39699.3515625,39722.05078125,39694.75,39720.19921875,0,0.0,0.0,^CNXENERGY
2026-04-24 11:40:00+05:30,39719.5,39723.80078125,39690.1484375,39700.1484375,0,0.0,0.0,^CNXENERGY
2026-04-24 11:45:00+05:30,39701.0,39705.0,39668.1484375,39668.1484375,0,0.0,0.0,^CNXENERGY
2026-04-24 11:50:00+05:30,39666.69921875,39672.1484375,39633.6015625,39646.19921875,0,0.0,0.0,^CNXENERGY
2026-04-24 11:55:00+05:30,39644.94921875,39651.5,39637.3515625,39648.19921875,0,0.0,0.0,^CNXENERGY
2026-04-24 12:00:00+05:30,39649.1484375,39661.25,39627.6015625,39659.44921875,0,0.0,0.0,^CNXENERGY
2026-04-24 12:05:00+05:30,39658.94921875,39706.8984375,39656.5,39695.6484375,0,0.0,0.0,^CNXENERGY
2026-04-24 12:10:00+05:30,39695.94921875,39749.80078125,39690.69921875,39745.6484375,0,0.0,0.0,^CNXENERGY
2026-04-24 12:15:00+05:30,39745.55078125,39751.0,39723.3984375,39739.8515625,0,0.0,0.0,^CNXENERGY
2026-04-24 12:20:00+05:30,39742.3984375,39743.94921875,39665.8984375,39666.44921875,0,0.0,0.0,^CNXENERGY
2026-04-24 12:25:00+05:30,39667.80078125,39678.05078125,39633.25,39645.1015625,0,0.0,0.0,^CNXENERGY
2026-04-24 12:30:00+05:30,39645.19921875,39681.69921875,39637.30078125,39677.0,0,0.0,0.0,^CNXENERGY
2026-04-24 12:35:00+05:30,39679.19921875,39717.1015625,39670.1015625,39709.80078125,0,0.0,0.0,^CNXENERGY
2026-04-24 12:40:00+05:30,39709.19921875,39722.1484375,39674.6015625,39674.6015625,0,0.0,0.0,^CNXENERGY
2026-04-24 12:45:00+05:30,39674.1484375,39719.3515625,39674.05078125,39716.0,0,0.0,0.0,^CNXENERGY
2026-04-24 12:50:00+05:30,39714.3984375,39757.05078125,39707.94921875,39753.75,0,0.0,0.0,^CNXENERGY
2026-04-24 12:55:00+05:30,39753.1484375,39794.19921875,39745.55078125,39762.80078125,0,0.0,0.0,^CNXENERGY
2026-04-24 13:00:00+05:30,39763.05078125,39763.05078125,39706.19921875,39708.30078125,0,0.0,0.0,^CNXENERGY
2026-04-24 13:05:00+05:30,39706.80078125,39719.25,39698.1484375,39703.44921875,0,0.0,0.0,^CNXENERGY
2026-04-24 13:10:00+05:30,39702.8515625,39726.55078125,39660.1484375,39682.25,0,0.0,0.0,^CNXENERGY
2026-04-24 13:15:00+05:30,39681.75,39682.8984375,39633.30078125,39659.8984375,0,0.0,0.0,^CNXENERGY
2026-04-24 13:20:00+05:30,39659.3515625,39681.69921875,39649.8984375,39670.3515625,0,0.0,0.0,^CNXENERGY
2026-04-24 13:25:00+05:30,39669.3515625,39699.55078125,39664.19921875,39699.19921875,0,0.0,0.0,^CNXENERGY
2026-04-24 13:30:00+05:30,39697.8515625,39698.3515625,39631.55078125,39636.05078125,0,0.0,0.0,^CNXENERGY
2026-04-24 13:35:00+05:30,39634.69921875,39653.55078125,39593.3984375,39606.94921875,0,0.0,0.0,^CNXENERGY
2026-04-24 13:40:00+05:30,39605.5,39632.44921875,39594.25,39602.44921875,0,0.0,0.0,^CNXENERGY
2026-04-24 13:45:00+05:30,39601.80078125,39646.3515625,39601.80078125,39634.1015625,0,0.0,0.0,^CNXENERGY
2026-04-24 13:50:00+05:30,39634.6015625,39713.25,39630.3515625,39709.75,0,0.0,0.0,^CNXENERGY
2026-04-24 13:55:00+05:30,39708.69921875,39713.3515625,39666.1484375,39687.44921875,0,0.0,0.0,^CNXENERGY
2026-04-24 14:00:00+05:30,39687.1484375,39714.19921875,39683.1015625,39694.8515625,0,0.0,0.0,^CNXENERGY
2026-04-24 14:05:00+05:30,39694.75,39708.6015625,39639.69921875,39694.5,0,0.0,0.0,^CNXENERGY
2026-04-24 14:10:00+05:30,39696.0,39749.55078125,39690.1484375,39737.94921875,0,0.0,0.0,^CNXENERGY
2026-04-24 14:15:00+05:30,39739.1015625,39784.8515625,39737.30078125,39779.44921875,0,0.0,0.0,^CNXENERGY
2026-04-24 14:20:00+05:30,39779.3984375,39837.25,39769.19921875,39830.30078125,0,0.0,0.0,^CNXENERGY
2026-04-24 14:25:00+05:30,39828.30078125,39880.1484375,39821.5,39876.1484375,0,0.0,0.0,^CNXENERGY
2026-04-24 14:30:00+05:30,39876.3515625,39925.25,39874.0,39908.80078125,0,0.0,0.0,^CNXENERGY
2026-04-24 14:35:00+05:30,39908.6015625,39936.6484375,39881.69921875,39898.1484375,0,0.0,0.0,^CNXENERGY
2026-04-24 14:40:00+05:30,39900.19921875,39935.6484375,39900.1484375,39933.1484375,0,0.0,0.0,^CNXENERGY
2026-04-24 14:45:00+05:30,39931.69921875,39950.3515625,39911.30078125,39941.1484375,0,0.0,0.0,^CNXENERGY
2026-04-24 14:50:00+05:30,39940.8515625,39950.8515625,39892.25,39907.6484375,0,0.0,0.0,^CNXENERGY
2026-04-24 14:55:00+05:30,39905.25,39933.3515625,39890.19921875,39913.55078125,0,0.0,0.0,^CNXENERGY
2026-04-24 15:00:00+05:30,39914.25,39914.25,39852.1484375,39858.0,0,0.0,0.0,^CNXENERGY
2026-04-24 15:05:00+05:30,39858.1015625,39902.75,39847.75,39901.0,0,0.0,0.0,^CNXENERGY
2026-04-24 15:10:00+05:30,39899.8984375,39904.75,39869.8515625,39902.8984375,0,0.0,0.0,^CNXENERGY
2026-04-24 15:15:00+05:30,39902.25,39941.8515625,39898.3515625,39936.05078125,0,0.0,0.0,^CNXENERGY
2026-04-24 15:20:00+05:30,39934.80078125,39939.3984375,39892.3984375,39912.8515625,0,0.0,0.0,^CNXENERGY
2026-04-24 15:25:00+05:30,39911.44921875,39927.8515625,39882.1015625,39919.0,0,0.0,0.0,^CNXENERGY
2026-04-27 09:15:00+05:30,40069.05078125,40298.55078125,40056.3984375,40215.1484375,0,0.0,0.0,^CNXENERGY
2026-04-27 09:20:00+05:30,40216.05078125,40330.8984375,40176.30078125,40178.3984375,0,0.0,0.0,^CNXENERGY
2026-04-27 09:25:00+05:30,40175.25,40188.6484375,40098.6484375,40136.5,0,0.0,0.0,^CNXENERGY
2026-04-27 09:30:00+05:30,40136.75,40184.0,40095.19921875,40111.0,0,0.0,0.0,^CNXENERGY
2026-04-27 09:35:00+05:30,40111.1484375,40172.75,40105.5,40113.6015625,0,0.0,0.0,^CNXENERGY
2026-04-27 09:40:00+05:30,40115.3984375,40197.69921875,40105.6484375,40183.0,0,0.0,0.0,^CNXENERGY
2026-04-27 09:45:00+05:30,40186.55078125,40254.3515625,40178.6015625,40248.6484375,0,0.0,0.0,^CNXENERGY
2026-04-27 09:50:00+05:30,40248.05078125,40347.80078125,40248.05078125,40345.30078125,0,0.0,0.0,^CNXENERGY
2026-04-27 09:55:00+05:30,40344.6484375,40392.1015625,40331.30078125,40373.8984375,0,0.0,0.0,^CNXENERGY
2026-04-27 10:00:00+05:30,40374.8515625,40380.30078125,40325.3515625,40327.1015625,0,0.0,0.0,^CNXENERGY
2026-04-27 10:05:00+05:30,40324.94921875,40353.94921875,40294.25,40301.1015625,0,0.0,0.0,^CNXENERGY
2026-04-27 10:10:00+05:30,40301.1015625,40313.05078125,40277.94921875,40287.6484375,0,0.0,0.0,^CNXENERGY
2026-04-27 10:15:00+05:30,40288.3515625,40411.6484375,40288.3515625,40409.6015625,0,0.0,0.0,^CNXENERGY
2026-04-27 10:20:00+05:30,40407.6015625,40412.69921875,40373.69921875,40387.94921875,0,0.0,0.0,^CNXENERGY
2026-04-27 10:25:00+05:30,40390.55078125,40395.5,40349.19921875,40385.8984375,0,0.0,0.0,^CNXENERGY
2026-04-27 10:30:00+05:30,40387.8515625,40401.0,40364.55078125,40376.80078125,0,0.0,0.0,^CNXENERGY
2026-04-27 10:35:00+05:30,40377.55078125,40415.8984375,40376.44921875,40402.75,0,0.0,0.0,^CNXENERGY
2026-04-27 10:40:00+05:30,40402.25,40411.75,40376.8984375,40376.8984375,0,0.0,0.0,^CNXENERGY
2026-04-27 10:45:00+05:30,40377.1015625,40445.44921875,40369.6484375,40434.1015625,0,0.0,0.0,^CNXENERGY
2026-04-27 10:50:00+05:30,40432.6015625,40447.30078125,40411.6015625,40435.05078125,0,0.0,0.0,^CNXENERGY
2026-04-27 10:55:00+05:30,40433.3984375,40476.1484375,40426.69921875,40456.05078125,0,0.0,0.0,^CNXENERGY
2026-04-27 11:00:00+05:30,40453.05078125,40470.8515625,40421.0,40458.30078125,0,0.0,0.0,^CNXENERGY
2026-04-27 11:05:00+05:30,40456.5,40493.30078125,40428.69921875,40433.1015625,0,0.0,0.0,^CNXENERGY
2026-04-27 11:10:00+05:30,40431.94921875,40481.05078125,40431.80078125,40477.0,0,0.0,0.0,^CNXENERGY
2026-04-27 11:15:00+05:30,40477.55078125,40509.05078125,40475.1484375,40498.1015625,0,0.0,0.0,^CNXENERGY
2026-04-27 11:20:00+05:30,40500.5,40532.30078125,40492.55078125,40525.6484375,0,0.0,0.0,^CNXENERGY
2026-04-27 11:25:00+05:30,40524.25,40536.05078125,40500.25,40500.25,0,0.0,0.0,^CNXENERGY
2026-04-27 11:30:00+05:30,40503.3984375,40510.8984375,40464.1015625,40470.3515625,0,0.0,0.0,^CNXENERGY
2026-04-27 11:35:00+05:30,40468.94921875,40471.69921875,40389.80078125,40423.8515625,0,0.0,0.0,^CNXENERGY
2026-04-27 11:40:00+05:30,40422.8984375,40439.3984375,40406.0,40414.8984375,0,0.0,0.0,^CNXENERGY
2026-04-27 11:45:00+05:30,40414.75,40445.8984375,40388.0,40443.75,0,0.0,0.0,^CNXENERGY
2026-04-27 11:50:00+05:30,40445.5,40447.8984375,40408.1015625,40412.30078125,0,0.0,0.0,^CNXENERGY
2026-04-27 11:55:00+05:30,40412.19921875,40423.25,40391.6484375,40413.1484375,0,0.0,0.0,^CNXENERGY
2026-04-27 12:00:00+05:30,40416.3515625,40416.3984375,40382.44921875,40390.6015625,0,0.0,0.0,^CNXENERGY
2026-04-27 12:05:00+05:30,40390.25,40407.19921875,40375.0,40379.3515625,0,0.0,0.0,^CNXENERGY
2026-04-27 12:10:00+05:30,40380.0,40422.5,40378.19921875,40407.0,0,0.0,0.0,^CNXENERGY
2026-04-27 12:15:00+05:30,40406.94921875,40423.94921875,40399.19921875,40420.3515625,0,0.0,0.0,^CNXENERGY
2026-04-27 12:20:00+05:30,40418.6015625,40419.80078125,40396.3515625,40415.55078125,0,0.0,0.0,^CNXENERGY
2026-04-27 12:25:00+05:30,40415.5,40454.94921875,40415.5,40439.0,0,0.0,0.0,^CNXENERGY
2026-04-27 12:30:00+05:30,40436.30078125,40473.75,40436.30078125,40472.75,0,0.0,0.0,^CNXENERGY
2026-04-27 12:35:00+05:30,40472.25,40498.0,40471.3515625,40476.19921875,0,0.0,0.0,^CNXENERGY
2026-04-27 12:40:00+05:30,40477.0,40491.1484375,40462.8984375,40480.30078125,0,0.0,0.0,^CNXENERGY
2026-04-27 12:45:00+05:30,40479.80078125,40482.1484375,40461.44921875,40467.69921875,0,0.0,0.0,^CNXENERGY
2026-04-27 12:50:00+05:30,40465.44921875,40471.80078125,40442.94921875,40446.75,0,0.0,0.0,^CNXENERGY
2026-04-27 12:55:00+05:30,40446.69921875,40464.44921875,40444.30078125,40459.30078125,0,0.0,0.0,^CNXENERGY
2026-04-27 13:00:00+05:30,40459.30078125,40466.80078125,40454.30078125,40464.1484375,0,0.0,0.0,^CNXENERGY
2026-04-27 13:05:00+05:30,40463.69921875,40505.75,40460.6015625,40504.69921875,0,0.0,0.0,^CNXENERGY
2026-04-27 13:10:00+05:30,40504.6484375,40532.0,40487.3515625,40526.3515625,0,0.0,0.0,^CNXENERGY
2026-04-27 13:15:00+05:30,40526.55078125,40547.55078125,40522.30078125,40536.5,0,0.0,0.0,^CNXENERGY
2026-04-27 13:20:00+05:30,40538.3984375,40552.3984375,40528.6484375,40529.55078125,0,0.0,0.0,^CNXENERGY
2026-04-27 13:25:00+05:30,40528.8515625,40533.1484375,40508.1484375,40517.69921875,0,0.0,0.0,^CNXENERGY
2026-04-27 13:30:00+05:30,40516.5,40525.55078125,40491.55078125,40507.5,0,0.0,0.0,^CNXENERGY
2026-04-27 13:35:00+05:30,40509.0,40525.69921875,40505.1484375,40515.75,0,0.0,0.0,^CNXENERGY
2026-04-27 13:40:00+05:30,40515.1015625,40529.8984375,40488.6015625,40489.6015625,0,0.0,0.0,^CNXENERGY
2026-04-27 13:45:00+05:30,40487.5,40514.1484375,40478.3984375,40482.5,0,0.0,0.0,^CNXENERGY
2026-04-27 13:50:00+05:30,40479.94921875,40509.94921875,40463.3984375,40509.94921875,0,0.0,0.0,^CNXENERGY
2026-04-27 13:55:00+05:30,40508.6015625,40519.80078125,40499.44921875,40508.80078125,0,0.0,0.0,^CNXENERGY
2026-04-27 14:00:00+05:30,40510.5,40520.44921875,40478.05078125,40486.19921875,0,0.0,0.0,^CNXENERGY
2026-04-27 14:05:00+05:30,40487.80078125,40500.05078125,40472.1015625,40485.30078125,0,0.0,0.0,^CNXENERGY
2026-04-27 14:10:00+05:30,40485.1015625,40503.0,40469.1484375,40481.19921875,0,0.0,0.0,^CNXENERGY
2026-04-27 14:15:00+05:30,40481.0,40481.0,40457.80078125,40471.8515625,0,0.0,0.0,^CNXENERGY
2026-04-27 14:20:00+05:30,40470.25,40488.1484375,40468.5,40483.19921875,0,0.0,0.0,^CNXENERGY
2026-04-27 14:25:00+05:30,40481.44921875,40494.75,40474.6015625,40478.94921875,0,0.0,0.0,^CNXENERGY
2026-04-27 14:30:00+05:30,40478.05078125,40486.3984375,40445.5,40466.69921875,0,0.0,0.0,^CNXENERGY
2026-04-27 14:35:00+05:30,40470.69921875,40510.6484375,40461.8984375,40504.94921875,0,0.0,0.0,^CNXENERGY
2026-04-27 14:40:00+05:30,40503.30078125,40517.94921875,40492.1015625,40516.55078125,0,0.0,0.0,^CNXENERGY
2026-04-27 14:45:00+05:30,40516.3984375,40523.8984375,40501.75,40523.8984375,0,0.0,0.0,^CNXENERGY
2026-04-27 14:50:00+05:30,40523.80078125,40545.5,40502.3515625,40545.5,0,0.0,0.0,^CNXENERGY
2026-04-27 14:55:00+05:30,40547.44921875,40554.05078125,40516.8515625,40519.1015625,0,0.0,0.0,^CNXENERGY
2026-04-27 15:00:00+05:30,40521.3984375,40521.3984375,40468.3984375,40484.1484375,0,0.0,0.0,^CNXENERGY
2026-04-27 15:05:00+05:30,40485.3515625,40496.5,40478.30078125,40492.30078125,0,0.0,0.0,^CNXENERGY
2026-04-27 15:10:00+05:30,40494.80078125,40499.1015625,40479.30078125,40490.5,0,0.0,0.0,^CNXENERGY
2026-04-27 15:15:00+05:30,40490.25,40493.3984375,40477.80078125,40493.30078125,0,0.0,0.0,^CNXENERGY
2026-04-27 15:20:00+05:30,40494.8984375,40524.69921875,40482.30078125,40505.19921875,0,0.0,0.0,^CNXENERGY
2026-04-27 15:25:00+05:30,40504.19921875,40561.05078125,40488.3984375,40558.19921875,0,0.0,0.0,^CNXENERGY
2026-04-28 09:15:00+05:30,40598.6015625,40888.6484375,40584.6015625,40862.94921875,0,0.0,0.0,^CNXENERGY
2026-04-28 09:20:00+05:30,40863.1484375,40885.30078125,40762.75,40815.5,0,0.0,0.0,^CNXENERGY
2026-04-28 09:25:00+05:30,40821.1015625,40905.3984375,40799.8515625,40801.8515625,0,0.0,0.0,^CNXENERGY
2026-04-28 09:30:00+05:30,40803.8515625,40898.75,40787.1015625,40874.75,0,0.0,0.0,^CNXENERGY
2026-04-28 09:35:00+05:30,40878.8515625,40943.8515625,40819.69921875,40865.8984375,0,0.0,0.0,^CNXENERGY
2026-04-28 09:40:00+05:30,40867.80078125,40914.69921875,40865.75,40894.1484375,0,0.0,0.0,^CNXENERGY
2026-04-28 09:45:00+05:30,40896.69921875,40927.8984375,40881.0,40889.69921875,0,0.0,0.0,^CNXENERGY
2026-04-28 09:50:00+05:30,40887.94921875,40900.3515625,40871.80078125,40894.8515625,0,0.0,0.0,^CNXENERGY
2026-04-28 09:55:00+05:30,40891.30078125,40918.75,40891.30078125,40906.25,0,0.0,0.0,^CNXENERGY
2026-04-28 10:00:00+05:30,40907.19921875,40922.25,40845.75,40864.80078125,0,0.0,0.0,^CNXENERGY
2026-04-28 10:05:00+05:30,40866.44921875,40866.69921875,40800.19921875,40845.75,0,0.0,0.0,^CNXENERGY
2026-04-28 10:10:00+05:30,40848.0,40874.0,40840.30078125,40866.3515625,0,0.0,0.0,^CNXENERGY
2026-04-28 10:15:00+05:30,40865.55078125,40902.80078125,40856.69921875,40862.75,0,0.0,0.0,^CNXENERGY
2026-04-28 10:20:00+05:30,40860.3515625,40909.69921875,40855.1484375,40902.75,0,0.0,0.0,^CNXENERGY
2026-04-28 10:25:00+05:30,40902.6484375,40922.5,40848.1484375,40850.8515625,0,0.0,0.0,^CNXENERGY
2026-04-28 10:30:00+05:30,40850.8515625,40861.1484375,40839.0,40849.5,0,0.0,0.0,^CNXENERGY
2026-04-28 10:35:00+05:30,40850.19921875,40852.55078125,40818.1015625,40821.05078125,0,0.0,0.0,^CNXENERGY
2026-04-28 10:40:00+05:30,40822.5,40823.05078125,40778.1484375,40820.25,0,0.0,0.0,^CNXENERGY
2026-04-28 10:45:00+05:30,40821.30078125,40870.19921875,40819.3984375,40862.1015625,0,0.0,0.0,^CNXENERGY
2026-04-28 10:50:00+05:30,40861.6484375,40875.80078125,40854.6015625,40870.94921875,0,0.0,0.0,^CNXENERGY
2026-04-28 10:55:00+05:30,40870.8984375,40889.3984375,40866.30078125,40881.6015625,0,0.0,0.0,^CNXENERGY
2026-04-28 11:00:00+05:30,40884.80078125,40898.8984375,40867.75,40889.6015625,0,0.0,0.0,^CNXENERGY
2026-04-28 11:05:00+05:30,40890.6484375,40891.8515625,40851.5,40867.75,0,0.0,0.0,^CNXENERGY
2026-04-28 11:10:00+05:30,40868.55078125,40891.1484375,40845.19921875,40881.6015625,0,0.0,0.0,^CNXENERGY
2026-04-28 11:15:00+05:30,40880.69921875,40885.1015625,40852.19921875,40852.80078125,0,0.0,0.0,^CNXENERGY
2026-04-28 11:20:00+05:30,40855.94921875,40867.6484375,40830.44921875,40834.94921875,0,0.0,0.0,^CNXENERGY
2026-04-28 11:25:00+05:30,40836.69921875,40836.69921875,40754.0,40786.80078125,0,0.0,0.0,^CNXENERGY
2026-04-28 11:30:00+05:30,40786.19921875,40836.94921875,40768.6484375,40836.75,0,0.0,0.0,^CNXENERGY
2026-04-28 11:35:00+05:30,40837.69921875,40888.1484375,40837.19921875,40878.80078125,0,0.0,0.0,^CNXENERGY
2026-04-28 11:40:00+05:30,40879.30078125,40908.0,40866.1015625,40903.6484375,0,0.0,0.0,^CNXENERGY
2026-04-28 11:45:00+05:30,40907.1484375,40914.25,40884.5,40897.0,0,0.0,0.0,^CNXENERGY
2026-04-28 11:50:00+05:30,40897.55078125,40905.3984375,40878.69921875,40886.44921875,0,0.0,0.0,^CNXENERGY
2026-04-28 11:55:00+05:30,40888.8984375,40928.5,40876.6484375,40891.19921875,0,0.0,0.0,^CNXENERGY
2026-04-28 12:00:00+05:30,40892.25,40918.1015625,40866.19921875,40897.3984375,0,0.0,0.0,^CNXENERGY
2026-04-28 12:05:00+05:30,40896.0,40898.3515625,40870.6484375,40874.8984375,0,0.0,0.0,^CNXENERGY
2026-04-28 12:10:00+05:30,40873.30078125,40899.94921875,40869.6015625,40894.5,0,0.0,0.0,^CNXENERGY
2026-04-28 12:15:00+05:30,40895.1015625,40922.94921875,40887.69921875,40890.55078125,0,0.0,0.0,^CNXENERGY
2026-04-28 12:20:00+05:30,40891.8984375,40894.6015625,40837.80078125,40858.80078125,0,0.0,0.0,^CNXENERGY
2026-04-28 12:25:00+05:30,40861.8515625,40901.1015625,40854.1484375,40875.55078125,0,0.0,0.0,^CNXENERGY
2026-04-28 12:30:00+05:30,40874.1015625,40878.30078125,40799.3984375,40809.0,0,0.0,0.0,^CNXENERGY
2026-04-28 12:35:00+05:30,40810.69921875,40845.1484375,40809.19921875,40825.69921875,0,0.0,0.0,^CNXENERGY
2026-04-28 12:40:00+05:30,40831.8984375,40861.25,40827.05078125,40858.8515625,0,0.0,0.0,^CNXENERGY
2026-04-28 12:45:00+05:30,40858.80078125,40866.1015625,40815.3984375,40834.8515625,0,0.0,0.0,^CNXENERGY
2026-04-28 12:50:00+05:30,40836.05078125,40849.80078125,40828.25,40831.6484375,0,0.0,0.0,^CNXENERGY
2026-04-28 12:55:00+05:30,40834.30078125,40856.44921875,40831.6015625,40839.0,0,0.0,0.0,^CNXENERGY
2026-04-28 13:00:00+05:30,40839.8515625,40848.25,40824.0,40834.55078125,0,0.0,0.0,^CNXENERGY
2026-04-28 13:05:00+05:30,40837.1015625,40841.5,40823.55078125,40832.6484375,0,0.0,0.0,^CNXENERGY
2026-04-28 13:10:00+05:30,40833.05078125,40833.75,40811.75,40811.75,0,0.0,0.0,^CNXENERGY
2026-04-28 13:15:00+05:30,40813.6015625,40838.3515625,40813.6015625,40832.94921875,0,0.0,0.0,^CNXENERGY
2026-04-28 13:20:00+05:30,40834.5,40880.19921875,40822.55078125,40876.69921875,0,0.0,0.0,^CNXENERGY
2026-04-28 13:25:00+05:30,40879.75,40886.1484375,40857.6015625,40864.1015625,0,0.0,0.0,^CNXENERGY
2026-04-28 13:30:00+05:30,40864.69921875,40865.6015625,40824.69921875,40834.1015625,0,0.0,0.0,^CNXENERGY
2026-04-28 13:35:00+05:30,40833.80078125,40842.3984375,40800.5,40836.30078125,0,0.0,0.0,^CNXENERGY
2026-04-28 13:40:00+05:30,40837.44921875,40855.8515625,40817.3984375,40829.6015625,0,0.0,0.0,^CNXENERGY
2026-04-28 13:45:00+05:30,40831.1015625,40831.30078125,40794.1484375,40795.1015625,0,0.0,0.0,^CNXENERGY
2026-04-28 13:50:00+05:30,40794.6484375,40855.1484375,40791.44921875,40851.3515625,0,0.0,0.0,^CNXENERGY
2026-04-28 13:55:00+05:30,40851.44921875,40887.69921875,40845.05078125,40867.80078125,0,0.0,0.0,^CNXENERGY
2026-04-28 14:00:00+05:30,40867.94921875,40869.80078125,40837.30078125,40843.25,0,0.0,0.0,^CNXENERGY
2026-04-28 14:05:00+05:30,40843.69921875,40848.19921875,40830.30078125,40835.05078125,0,0.0,0.0,^CNXENERGY
2026-04-28 14:10:00+05:30,40836.25,40837.5,40799.69921875,40801.1484375,0,0.0,0.0,^CNXENERGY
2026-04-28 14:15:00+05:30,40802.1484375,40831.55078125,40780.30078125,40827.75,0,0.0,0.0,^CNXENERGY
2026-04-28 14:20:00+05:30,40828.1484375,40895.5,40823.25,40888.6015625,0,0.0,0.0,^CNXENERGY
2026-04-28 14:25:00+05:30,40887.30078125,40903.3515625,40872.0,40899.6484375,0,0.0,0.0,^CNXENERGY
2026-04-28 14:30:00+05:30,40902.55078125,40969.3515625,40902.55078125,40935.19921875,0,0.0,0.0,^CNXENERGY
2026-04-28 14:35:00+05:30,40934.6484375,40976.25,40934.6484375,40963.3515625,0,0.0,0.0,^CNXENERGY
2026-04-28 14:40:00+05:30,40968.0,40991.75,40964.25,40989.1484375,0,0.0,0.0,^CNXENERGY
2026-04-28 14:45:00+05:30,40987.8984375,41028.6015625,40986.25,41009.1015625,0,0.0,0.0,^CNXENERGY
2026-04-28 14:50:00+05:30,41007.6015625,41051.6015625,41006.75,41050.75,0,0.0,0.0,^CNXENERGY
2026-04-28 14:55:00+05:30,41052.1015625,41097.6015625,41036.0,41086.3515625,0,0.0,0.0,^CNXENERGY
2026-04-28 15:00:00+05:30,41087.3515625,41094.05078125,40956.94921875,40964.0,0,0.0,0.0,^CNXENERGY
2026-04-28 15:05:00+05:30,40964.6484375,40976.44921875,40939.69921875,40945.44921875,0,0.0,0.0,^CNXENERGY
2026-04-28 15:10:00+05:30,40947.94921875,40951.5,40919.80078125,40947.6015625,0,0.0,0.0,^CNXENERGY
2026-04-28 15:15:00+05:30,40947.69921875,41004.8984375,40945.5,41002.30078125,0,0.0,0.0,^CNXENERGY
2026-04-28 15:20:00+05:30,41001.25,41019.44921875,40980.19921875,41014.69921875,0,0.0,0.0,^CNXENERGY
2026-04-28 15:25:00+05:30,41014.8984375,41058.5,41005.05078125,41041.5,0,0.0,0.0,^CNXENERGY
2026-04-29 09:15:00+05:30,41228.30078125,41377.44921875,41150.44921875,41176.80078125,0,0.0,0.0,^CNXENERGY
2026-04-29 09:20:00+05:30,41176.25,41207.5,41006.30078125,41029.1015625,0,0.0,0.0,^CNXENERGY
2026-04-29 09:25:00+05:30,41032.3515625,41118.6484375,40991.55078125,41106.19921875,0,0.0,0.0,^CNXENERGY
2026-04-29 09:30:00+05:30,41105.3515625,41156.30078125,41065.75,41092.75,0,0.0,0.0,^CNXENERGY
2026-04-29 09:35:00+05:30,41095.6015625,41123.6015625,41086.44921875,41092.1015625,0,0.0,0.0,^CNXENERGY
2026-04-29 09:40:00+05:30,41096.94921875,41100.5,41065.1484375,41090.55078125,0,0.0,0.0,^CNXENERGY
2026-04-29 09:45:00+05:30,41091.19921875,41103.0,41052.55078125,41060.94921875,0,0.0,0.0,^CNXENERGY
2026-04-29 09:50:00+05:30,41064.69921875,41087.75,41052.25,41074.94921875,0,0.0,0.0,^CNXENERGY
2026-04-29 09:55:00+05:30,41076.8515625,41092.8515625,41057.8984375,41069.1484375,0,0.0,0.0,^CNXENERGY
2026-04-29 10:00:00+05:30,41069.5,41139.25,41065.8515625,41128.44921875,0,0.0,0.0,^CNXENERGY
2026-04-29 10:05:00+05:30,41129.6484375,41144.5,41110.75,41123.44921875,0,0.0,0.0,^CNXENERGY
2026-04-29 10:10:00+05:30,41124.6484375,41131.69921875,41112.8515625,41125.8984375,0,0.0,0.0,^CNXENERGY
2026-04-29 10:15:00+05:30,41128.25,41158.69921875,41117.8984375,41153.3984375,0,0.0,0.0,^CNXENERGY
2026-04-29 10:20:00+05:30,41155.3984375,41205.8984375,41155.3984375,41204.1484375,0,0.0,0.0,^CNXENERGY
2026-04-29 10:25:00+05:30,41206.44921875,41222.44921875,41188.80078125,41209.6015625,0,0.0,0.0,^CNXENERGY
2026-04-29 10:30:00+05:30,41211.19921875,41254.19921875,41185.30078125,41244.6484375,0,0.0,0.0,^CNXENERGY
2026-04-29 10:35:00+05:30,41244.1484375,41284.05078125,41238.1484375,41257.94921875,0,0.0,0.0,^CNXENERGY
2026-04-29 10:40:00+05:30,41260.6015625,41373.55078125,41254.69921875,41369.30078125,0,0.0,0.0,^CNXENERGY
2026-04-29 10:45:00+05:30,41371.8984375,41421.94921875,41350.05078125,41402.6015625,0,0.0,0.0,^CNXENERGY
2026-04-29 10:50:00+05:30,41406.5,41420.55078125,41385.3515625,41391.1484375,0,0.0,0.0,^CNXENERGY
2026-04-29 10:55:00+05:30,41395.75,41396.6015625,41351.05078125,41352.6484375,0,0.0,0.0,^CNXENERGY
2026-04-29 11:00:00+05:30,41353.94921875,41388.30078125,41343.5,41347.1484375,0,0.0,0.0,^CNXENERGY
2026-04-29 11:05:00+05:30,41348.19921875,41349.5,41330.1484375,41345.55078125,0,0.0,0.0,^CNXENERGY
2026-04-29 11:10:00+05:30,41346.6484375,41353.75,41328.1015625,41331.3515625,0,0.0,0.0,^CNXENERGY
2026-04-29 11:15:00+05:30,41333.55078125,41345.1015625,41317.0,41327.3515625,0,0.0,0.0,^CNXENERGY
2026-04-29 11:20:00+05:30,41328.1484375,41355.6484375,41307.55078125,41308.25,0,0.0,0.0,^CNXENERGY
2026-04-29 11:25:00+05:30,41309.8984375,41327.6484375,41282.5,41304.6015625,0,0.0,0.0,^CNXENERGY
2026-04-29 11:30:00+05:30,41306.55078125,41346.3515625,41306.55078125,41323.1015625,0,0.0,0.0,^CNXENERGY
2026-04-29 11:35:00+05:30,41325.5,41334.1015625,41315.8515625,41334.1015625,0,0.0,0.0,^CNXENERGY
2026-04-29 11:40:00+05:30,41337.5,41350.1484375,41313.0,41314.75,0,0.0,0.0,^CNXENERGY
2026-04-29 11:45:00+05:30,41315.75,41315.75,41286.80078125,41293.44921875,0,0.0,0.0,^CNXENERGY
2026-04-29 11:50:00+05:30,41297.6015625,41307.6015625,41284.75,41298.5,0,0.0,0.0,^CNXENERGY
2026-04-29 11:55:00+05:30,41302.44921875,41314.94921875,41292.75,41303.19921875,0,0.0,0.0,^CNXENERGY
2026-04-29 12:00:00+05:30,41306.3984375,41311.94921875,41289.8984375,41293.0,0,0.0,0.0,^CNXENERGY
2026-04-29 12:05:00+05:30,41295.3984375,41298.94921875,41274.3515625,41294.44921875,0,0.0,0.0,^CNXENERGY
2026-04-29 12:10:00+05:30,41296.3984375,41317.5,41269.8984375,41274.5,0,0.0,0.0,^CNXENERGY
2026-04-29 12:15:00+05:30,41277.94921875,41316.25,41273.8984375,41295.44921875,0,0.0,0.0,^CNXENERGY
2026-04-29 12:20:00+05:30,41298.3515625,41308.75,41281.3515625,41296.8984375,0,0.0,0.0,^CNXENERGY
2026-04-29 12:25:00+05:30,41298.30078125,41306.94921875,41289.69921875,41300.80078125,0,0.0,0.0,^CNXENERGY
2026-04-29 12:30:00+05:30,41303.3984375,41328.3515625,41297.19921875,41311.8515625,0,0.0,0.0,^CNXENERGY
2026-04-29 12:35:00+05:30,41312.8984375,41317.75,41294.25,41304.80078125,0,0.0,0.0,^CNXENERGY
2026-04-29 12:40:00+05:30,41305.6015625,41313.8515625,41293.8515625,41305.8984375,0,0.0,0.0,^CNXENERGY
2026-04-29 12:45:00+05:30,41305.0,41310.94921875,41289.94921875,41293.0,0,0.0,0.0,^CNXENERGY
2026-04-29 12:50:00+05:30,41292.75,41308.1484375,41288.3984375,41297.8515625,0,0.0,0.0,^CNXENERGY
2026-04-29 12:55:00+05:30,41300.5,41311.8515625,41290.3984375,41297.25,0,0.0,0.0,^CNXENERGY
2026-04-29 13:00:00+05:30,41297.6015625,41298.19921875,41272.8515625,41287.80078125,0,0.0,0.0,^CNXENERGY
2026-04-29 13:05:00+05:30,41286.69921875,41298.94921875,41279.5,41282.19921875,0,0.0,0.0,^CNXENERGY
2026-04-29 13:10:00+05:30,41284.3515625,41313.3984375,41276.80078125,41278.69921875,0,0.0,0.0,^CNXENERGY
2026-04-29 13:15:00+05:30,41278.8984375,41282.94921875,41259.3984375,41270.3515625,0,0.0,0.0,^CNXENERGY
2026-04-29 13:20:00+05:30,41272.0,41275.0,41253.6484375,41260.8515625,0,0.0,0.0,^CNXENERGY
2026-04-29 13:25:00+05:30,41259.80078125,41277.55078125,41257.69921875,41260.6484375,0,0.0,0.0,^CNXENERGY
2026-04-29 13:30:00+05:30,41262.8515625,41273.44921875,41240.1015625,41242.3515625,0,0.0,0.0,^CNXENERGY
2026-04-29 13:35:00+05:30,41245.05078125,41247.6484375,41175.94921875,41178.80078125,0,0.0,0.0,^CNXENERGY
2026-04-29 13:40:00+05:30,41179.30078125,41179.8984375,41125.6015625,41126.30078125,0,0.0,0.0,^CNXENERGY
2026-04-29 13:45:00+05:30,41125.44921875,41127.05078125,41102.30078125,41120.94921875,0,0.0,0.0,^CNXENERGY
2026-04-29 13:50:00+05:30,41126.6484375,41178.8515625,41122.05078125,41149.6015625,0,0.0,0.0,^CNXENERGY
2026-04-29 13:55:00+05:30,41149.44921875,41160.1484375,41109.25,41110.44921875,0,0.0,0.0,^CNXENERGY
2026-04-29 14:00:00+05:30,41111.3984375,41111.3984375,41044.8515625,41045.6484375,0,0.0,0.0,^CNXENERGY
2026-04-29 14:05:00+05:30,41046.3515625,41100.80078125,41044.44921875,41057.6484375,0,0.0,0.0,^CNXENERGY
2026-04-29 14:10:00+05:30,41059.05078125,41073.44921875,41046.8984375,41061.25,0,0.0,0.0,^CNXENERGY
2026-04-29 14:15:00+05:30,41060.80078125,41066.05078125,41023.3984375,41026.75,0,0.0,0.0,^CNXENERGY
2026-04-29 14:20:00+05:30,41027.1484375,41062.3984375,40998.8984375,41056.69921875,0,0.0,0.0,^CNXENERGY
2026-04-29 14:25:00+05:30,41059.0,41059.05078125,41024.6484375,41029.80078125,0,0.0,0.0,^CNXENERGY
2026-04-29 14:30:00+05:30,41031.0,41054.94921875,41027.75,41047.6484375,0,0.0,0.0,^CNXENERGY
2026-04-29 14:35:00+05:30,41048.44921875,41051.55078125,41016.8984375,41028.75,0,0.0,0.0,^CNXENERGY
2026-04-29 14:40:00+05:30,41031.19921875,41056.55078125,41026.55078125,41053.3515625,0,0.0,0.0,^CNXENERGY
2026-04-29 14:45:00+05:30,41056.55078125,41058.1015625,41030.94921875,41036.44921875,0,0.0,0.0,^CNXENERGY
2026-04-29 14:50:00+05:30,41039.0,41039.0,41013.8984375,41019.69921875,0,0.0,0.0,^CNXENERGY
2026-04-29 14:55:00+05:30,41019.69921875,41020.3515625,40978.3515625,40986.25,0,0.0,0.0,^CNXENERGY
2026-04-29 15:00:00+05:30,40986.3984375,41042.44921875,40978.94921875,40979.8984375,0,0.0,0.0,^CNXENERGY
2026-04-29 15:05:00+05:30,40982.80078125,41016.44921875,40974.0,41010.6015625,0,0.0,0.0,^CNXENERGY
2026-04-29 15:10:00+05:30,41009.8984375,41011.69921875,40972.30078125,40977.69921875,0,0.0,0.0,^CNXENERGY
2026-04-29 15:15:00+05:30,40977.3984375,40980.80078125,40905.69921875,40916.05078125,0,0.0,0.0,^CNXENERGY
2026-04-29 15:20:00+05:30,40916.3515625,40948.3984375,40911.25,40934.3984375,0,0.0,0.0,^CNXENERGY
2026-04-29 15:25:00+05:30,40934.8515625,40976.30078125,40918.6015625,40962.05078125,0,0.0,0.0,^CNXENERGY
2026-04-30 09:15:00+05:30,40882.80078125,40897.3984375,40714.6015625,40764.69921875,0,0.0,0.0,^CNXENERGY
2026-04-30 09:20:00+05:30,40772.1015625,40795.44921875,40696.94921875,40763.8515625,0,0.0,0.0,^CNXENERGY
2026-04-30 09:25:00+05:30,40764.3984375,40837.6484375,40706.19921875,40798.6484375,0,0.0,0.0,^CNXENERGY
2026-04-30 09:30:00+05:30,40794.30078125,40840.1484375,40755.75,40840.1484375,0,0.0,0.0,^CNXENERGY
2026-04-30 09:35:00+05:30,40838.80078125,40840.05078125,40712.25,40728.19921875,0,0.0,0.0,^CNXENERGY
2026-04-30 09:40:00+05:30,40726.44921875,40807.25,40695.5,40805.05078125,0,0.0,0.0,^CNXENERGY
2026-04-30 09:45:00+05:30,40807.3515625,40807.3515625,40708.55078125,40727.69921875,0,0.0,0.0,^CNXENERGY
2026-04-30 09:50:00+05:30,40728.8515625,40761.94921875,40721.1015625,40734.1015625,0,0.0,0.0,^CNXENERGY
2026-04-30 09:55:00+05:30,40733.8984375,40755.44921875,40720.1015625,40742.25,0,0.0,0.0,^CNXENERGY
2026-04-30 10:00:00+05:30,40742.3515625,40751.25,40685.6484375,40688.75,0,0.0,0.0,^CNXENERGY
2026-04-30 10:05:00+05:30,40688.8515625,40738.6015625,40603.30078125,40606.30078125,0,0.0,0.0,^CNXENERGY
2026-04-30 10:10:00+05:30,40608.8515625,40608.8515625,40490.1484375,40497.8515625,0,0.0,0.0,^CNXENERGY
2026-04-30 10:15:00+05:30,40498.80078125,40500.6015625,40409.3984375,40475.3984375,0,0.0,0.0,^CNXENERGY
2026-04-30 10:20:00+05:30,40474.6484375,40520.94921875,40449.1484375,40458.8515625,0,0.0,0.0,^CNXENERGY
2026-04-30 10:25:00+05:30,40457.8515625,40478.1015625,40413.1015625,40425.3515625,0,0.0,0.0,^CNXENERGY
2026-04-30 10:30:00+05:30,40424.69921875,40437.1015625,40386.30078125,40403.25,0,0.0,0.0,^CNXENERGY
2026-04-30 10:35:00+05:30,40402.94921875,40448.8515625,40395.6015625,40446.75,0,0.0,0.0,^CNXENERGY
2026-04-30 10:40:00+05:30,40447.05078125,40483.55078125,40440.55078125,40483.1015625,0,0.0,0.0,^CNXENERGY
2026-04-30 10:45:00+05:30,40482.80078125,40486.25,40428.8984375,40438.0,0,0.0,0.0,^CNXENERGY
2026-04-30 10:50:00+05:30,40438.1484375,40488.6015625,40433.30078125,40479.25,0,0.0,0.0,^CNXENERGY
2026-04-30 10:55:00+05:30,40478.3984375,40506.19921875,40462.55078125,40487.30078125,0,0.0,0.0,^CNXENERGY
2026-04-30 11:00:00+05:30,40487.80078125,40526.25,40483.80078125,40497.8984375,0,0.0,0.0,^CNXENERGY
2026-04-30 11:05:00+05:30,40497.75,40544.25,40492.05078125,40542.75,0,0.0,0.0,^CNXENERGY
2026-04-30 11:10:00+05:30,40544.6015625,40544.6015625,40507.5,40514.8984375,0,0.0,0.0,^CNXENERGY
2026-04-30 11:15:00+05:30,40515.69921875,40553.94921875,40509.19921875,40548.30078125,0,0.0,0.0,^CNXENERGY
2026-04-30 11:20:00+05:30,40547.6484375,40554.5,40525.5,40554.0,0,0.0,0.0,^CNXENERGY
2026-04-30 11:25:00+05:30,40553.0,40629.94921875,40551.8515625,40627.6484375,0,0.0,0.0,^CNXENERGY
2026-04-30 11:30:00+05:30,40624.75,40633.8984375,40580.69921875,40608.19921875,0,0.0,0.0,^CNXENERGY
2026-04-30 11:35:00+05:30,40606.75,40646.30078125,40597.75,40615.8515625,0,0.0,0.0,^CNXENERGY
2026-04-30 11:40:00+05:30,40617.6015625,40621.80078125,40571.1015625,40573.1484375,0,0.0,0.0,^CNXENERGY
2026-04-30 11:45:00+05:30,40571.1484375,40591.94921875,40550.55078125,40585.1015625,0,0.0,0.0,^CNXENERGY
2026-04-30 11:50:00+05:30,40582.80078125,40588.1484375,40551.1015625,40568.69921875,0,0.0,0.0,^CNXENERGY
2026-04-30 11:55:00+05:30,40570.1484375,40595.44921875,40565.8515625,40581.94921875,0,0.0,0.0,^CNXENERGY
2026-04-30 12:00:00+05:30,40579.80078125,40592.94921875,40568.19921875,40589.94921875,0,0.0,0.0,^CNXENERGY
2026-04-30 12:05:00+05:30,40589.69921875,40614.8984375,40581.5,40599.94921875,0,0.0,0.0,^CNXENERGY
2026-04-30 12:10:00+05:30,40598.8984375,40656.6484375,40596.69921875,40655.1015625,0,0.0,0.0,^CNXENERGY
2026-04-30 12:15:00+05:30,40655.1484375,40671.19921875,40622.3984375,40623.69921875,0,0.0,0.0,^CNXENERGY
2026-04-30 12:20:00+05:30,40619.8984375,40645.6015625,40589.25,40641.55078125,0,0.0,0.0,^CNXENERGY
2026-04-30 12:25:00+05:30,40646.6484375,40659.1484375,40633.0,40654.44921875,0,0.0,0.0,^CNXENERGY
2026-04-30 12:30:00+05:30,40654.25,40659.94921875,40601.19921875,40619.5,0,0.0,0.0,^CNXENERGY
2026-04-30 12:35:00+05:30,40618.55078125,40620.75,40585.55078125,40601.44921875,0,0.0,0.0,^CNXENERGY
2026-04-30 12:40:00+05:30,40603.5,40626.3515625,40595.55078125,40622.19921875,0,0.0,0.0,^CNXENERGY
2026-04-30 12:45:00+05:30,40622.55078125,40649.44921875,40615.75,40632.44921875,0,0.0,0.0,^CNXENERGY
2026-04-30 12:50:00+05:30,40632.19921875,40633.6484375,40602.1015625,40603.6015625,0,0.0,0.0,^CNXENERGY
2026-04-30 12:55:00+05:30,40605.69921875,40615.6484375,40597.05078125,40605.80078125,0,0.0,0.0,^CNXENERGY
2026-04-30 13:00:00+05:30,40604.44921875,40628.6015625,40588.5,40588.5,0,0.0,0.0,^CNXENERGY
2026-04-30 13:05:00+05:30,40586.0,40601.25,40562.75,40599.3984375,0,0.0,0.0,^CNXENERGY
2026-04-30 13:10:00+05:30,40599.80078125,40607.94921875,40589.75,40601.25,0,0.0,0.0,^CNXENERGY
2026-04-30 13:15:00+05:30,40600.0,40606.69921875,40568.55078125,40583.1015625,0,0.0,0.0,^CNXENERGY
2026-04-30 13:20:00+05:30,40583.1015625,40623.5,40578.75,40611.80078125,0,0.0,0.0,^CNXENERGY
2026-04-30 13:25:00+05:30,40612.6015625,40624.0,40602.80078125,40610.8984375,0,0.0,0.0,^CNXENERGY
2026-04-30 13:30:00+05:30,40608.8984375,40617.8515625,40594.19921875,40605.19921875,0,0.0,0.0,^CNXENERGY
2026-04-30 13:35:00+05:30,40604.3984375,40638.0,40603.69921875,40605.25,0,0.0,0.0,^CNXENERGY
2026-04-30 13:40:00+05:30,40602.8984375,40657.8515625,40599.8515625,40656.75,0,0.0,0.0,^CNXENERGY
2026-04-30 13:45:00+05:30,40658.1484375,40682.75,40653.0,40678.8984375,0,0.0,0.0,^CNXENERGY
2026-04-30 13:50:00+05:30,40678.55078125,40683.75,40610.94921875,40631.55078125,0,0.0,0.0,^CNXENERGY
2026-04-30 13:55:00+05:30,40630.8984375,40688.5,40630.8984375,40688.5,0,0.0,0.0,^CNXENERGY
2026-04-30 14:00:00+05:30,40687.6484375,40696.3515625,40633.69921875,40641.8984375,0,0.0,0.0,^CNXENERGY
2026-04-30 14:05:00+05:30,40641.8984375,40648.25,40604.19921875,40644.6484375,0,0.0,0.0,^CNXENERGY
2026-04-30 14:10:00+05:30,40645.44921875,40652.75,40617.30078125,40629.8984375,0,0.0,0.0,^CNXENERGY
2026-04-30 14:15:00+05:30,40631.05078125,40676.3515625,40630.80078125,40648.3984375,0,0.0,0.0,^CNXENERGY
2026-04-30 14:20:00+05:30,40648.75,40694.8515625,40640.94921875,40688.80078125,0,0.0,0.0,^CNXENERGY
2026-04-30 14:25:00+05:30,40687.44921875,40723.6015625,40671.0,40722.55078125,0,0.0,0.0,^CNXENERGY
2026-04-30 14:30:00+05:30,40723.1015625,40835.6484375,40723.05078125,40835.0,0,0.0,0.0,^CNXENERGY
2026-04-30 14:35:00+05:30,40834.30078125,40851.19921875,40808.55078125,40828.44921875,0,0.0,0.0,^CNXENERGY
2026-04-30 14:40:00+05:30,40829.25,40844.19921875,40810.0,40834.44921875,0,0.0,0.0,^CNXENERGY
2026-04-30 14:45:00+05:30,40834.1484375,40838.8984375,40799.69921875,40799.69921875,0,0.0,0.0,^CNXENERGY
2026-04-30 14:50:00+05:30,40798.55078125,40819.8515625,40772.94921875,40805.1484375,0,0.0,0.0,^CNXENERGY
2026-04-30 14:55:00+05:30,40806.05078125,40848.19921875,40796.19921875,40835.5,0,0.0,0.0,^CNXENERGY
2026-04-30 15:00:00+05:30,40840.3515625,40843.30078125,40747.55078125,40764.30078125,0,0.0,0.0,^CNXENERGY
2026-04-30 15:05:00+05:30,40765.94921875,40780.94921875,40732.94921875,40739.5,0,0.0,0.0,^CNXENERGY
2026-04-30 15:10:00+05:30,40739.05078125,40774.3515625,40727.55078125,40774.3515625,0,0.0,0.0,^CNXENERGY
2026-04-30 15:15:00+05:30,40774.3515625,40791.80078125,40751.5,40755.6015625,0,0.0,0.0,^CNXENERGY
2026-04-30 15:20:00+05:30,40754.55078125,40782.75,40738.0,40781.94921875,0,0.0,0.0,^CNXENERGY
2026-04-30 15:25:00+05:30,40783.3984375,40861.8984375,40775.6015625,40821.19921875,0,0.0,0.0,^CNXENERGY
2026-05-04 09:15:00+05:30,40938.94921875,41173.1484375,40938.94921875,41101.8984375,0,0.0,0.0,^CNXENERGY
2026-05-04 09:20:00+05:30,41104.69921875,41164.69921875,41034.5,41047.3984375,0,0.0,0.0,^CNXENERGY
2026-05-04 09:25:00+05:30,41048.75,41060.05078125,40984.6015625,41017.80078125,0,0.0,0.0,^CNXENERGY
2026-05-04 09:30:00+05:30,41013.30078125,41107.1484375,41013.30078125,41044.6484375,0,0.0,0.0,^CNXENERGY
2026-05-04 09:35:00+05:30,41042.80078125,41060.55078125,40961.55078125,41000.6484375,0,0.0,0.0,^CNXENERGY
2026-05-04 09:40:00+05:30,41001.69921875,41023.25,40971.75,40993.1484375,0,0.0,0.0,^CNXENERGY
2026-05-04 09:45:00+05:30,40997.80078125,41002.6015625,40943.8984375,40951.05078125,0,0.0,0.0,^CNXENERGY
2026-05-04 09:50:00+05:30,40951.6484375,40955.5,40896.80078125,40929.05078125,0,0.0,0.0,^CNXENERGY
2026-05-04 09:55:00+05:30,40929.44921875,41011.8515625,40905.3984375,41011.80078125,0,0.0,0.0,^CNXENERGY
2026-05-04 10:00:00+05:30,41011.3984375,41042.75,40897.3984375,40903.44921875,0,0.0,0.0,^CNXENERGY
2026-05-04 10:05:00+05:30,40902.44921875,40947.8515625,40897.19921875,40918.5,0,0.0,0.0,^CNXENERGY
2026-05-04 10:10:00+05:30,40919.69921875,40967.5,40881.1015625,40901.05078125,0,0.0,0.0,^CNXENERGY
2026-05-04 10:15:00+05:30,40901.25,40940.0,40885.8984375,40906.3515625,0,0.0,0.0,^CNXENERGY
2026-05-04 10:20:00+05:30,40903.80078125,40932.3515625,40861.8515625,40864.55078125,0,0.0,0.0,^CNXENERGY
2026-05-04 10:25:00+05:30,40863.8984375,40972.25,40861.3984375,40970.3515625,0,0.0,0.0,^CNXENERGY
2026-05-04 10:30:00+05:30,40970.1484375,40997.6015625,40912.69921875,40947.0,0,0.0,0.0,^CNXENERGY
2026-05-04 10:35:00+05:30,40946.94921875,40962.6484375,40923.6484375,40953.55078125,0,0.0,0.0,^CNXENERGY
2026-05-04 10:40:00+05:30,40953.8984375,40963.44921875,40939.44921875,40944.3515625,0,0.0,0.0,^CNXENERGY
2026-05-04 10:45:00+05:30,40946.55078125,40951.80078125,40884.3515625,40909.05078125,0,0.0,0.0,^CNXENERGY
2026-05-04 10:50:00+05:30,40907.1484375,40962.94921875,40907.1484375,40932.69921875,0,0.0,0.0,^CNXENERGY
2026-05-04 10:55:00+05:30,40930.75,40935.80078125,40898.3984375,40911.0,0,0.0,0.0,^CNXENERGY
2026-05-04 11:00:00+05:30,40909.0,40992.75,40896.94921875,40988.69921875,0,0.0,0.0,^CNXENERGY
2026-05-04 11:05:00+05:30,40989.94921875,41041.8515625,40974.6015625,41029.3515625,0,0.0,0.0,^CNXENERGY
2026-05-04 11:10:00+05:30,41026.69921875,41041.8984375,41005.44921875,41014.8984375,0,0.0,0.0,^CNXENERGY
2026-05-04 11:15:00+05:30,41013.69921875,41033.8515625,40979.8515625,40985.30078125,0,0.0,0.0,^CNXENERGY
2026-05-04 11:20:00+05:30,40986.1484375,41109.6484375,40985.30078125,41107.8515625,0,0.0,0.0,^CNXENERGY
2026-05-04 11:25:00+05:30,41107.6015625,41193.3984375,41107.6015625,41188.1484375,0,0.0,0.0,^CNXENERGY
2026-05-04 11:30:00+05:30,41189.5,41195.1484375,41168.8515625,41180.8984375,0,0.0,0.0,^CNXENERGY
2026-05-04 11:35:00+05:30,41179.80078125,41249.25,41179.80078125,41247.0,0,0.0,0.0,^CNXENERGY
2026-05-04 11:40:00+05:30,41249.25,41275.5,41214.44921875,41260.30078125,0,0.0,0.0,^CNXENERGY
2026-05-04 11:45:00+05:30,41260.80078125,41301.19921875,41240.1484375,41240.1484375,0,0.0,0.0,^CNXENERGY
2026-05-04 11:50:00+05:30,41240.44921875,41293.3984375,41231.8984375,41262.19921875,0,0.0,0.0,^CNXENERGY
2026-05-04 11:55:00+05:30,41262.5,41275.19921875,41216.3515625,41226.30078125,0,0.0,0.0,^CNXENERGY
2026-05-04 12:00:00+05:30,41229.80078125,41272.25,41217.1484375,41223.8984375,0,0.0,0.0,^CNXENERGY
2026-05-04 12:05:00+05:30,41224.80078125,41244.55078125,41188.94921875,41216.3984375,0,0.0,0.0,^CNXENERGY
2026-05-04 12:10:00+05:30,41216.05078125,41221.6484375,41112.25,41114.3515625,0,0.0,0.0,^CNXENERGY
2026-05-04 12:15:00+05:30,41113.3984375,41142.94921875,41104.19921875,41138.3984375,0,0.0,0.0,^CNXENERGY
2026-05-04 12:20:00+05:30,41140.1015625,41159.8984375,41114.25,41151.1015625,0,0.0,0.0,^CNXENERGY
2026-05-04 12:25:00+05:30,41150.55078125,41168.3984375,41123.44921875,41133.8984375,0,0.0,0.0,^CNXENERGY
2026-05-04 12:30:00+05:30,41135.3515625,41136.5,41037.05078125,41037.05078125,0,0.0,0.0,^CNXENERGY
2026-05-04 12:35:00+05:30,41035.30078125,41071.19921875,41026.94921875,41044.0,0,0.0,0.0,^CNXENERGY
2026-05-04 12:40:00+05:30,41043.6015625,41053.1015625,41004.1484375,41009.75,0,0.0,0.0,^CNXENERGY
2026-05-04 12:45:00+05:30,41009.0,41038.3515625,40950.25,40970.0,0,0.0,0.0,^CNXENERGY
2026-05-04 12:50:00+05:30,40970.69921875,41012.19921875,40950.3515625,40999.8984375,0,0.0,0.0,^CNXENERGY
2026-05-04 12:55:00+05:30,40996.6484375,41020.8515625,40984.0,40989.80078125,0,0.0,0.0,^CNXENERGY
2026-05-04 13:00:00+05:30,40989.1015625,41000.25,40952.55078125,40965.94921875,0,0.0,0.0,^CNXENERGY
2026-05-04 13:05:00+05:30,40963.19921875,41014.05078125,40958.75,41008.8515625,0,0.0,0.0,^CNXENERGY
2026-05-04 13:10:00+05:30,41008.3984375,41030.80078125,40999.80078125,41014.75,0,0.0,0.0,^CNXENERGY
2026-05-04 13:15:00+05:30,41013.6484375,41015.75,40944.8984375,40980.19921875,0,0.0,0.0,^CNXENERGY
2026-05-04 13:20:00+05:30,40981.1484375,40985.5,40899.94921875,40940.44921875,0,0.0,0.0,^CNXENERGY
2026-05-04 13:25:00+05:30,40939.75,40951.25,40845.19921875,40845.19921875,0,0.0,0.0,^CNXENERGY
2026-05-04 13:30:00+05:30,40843.1484375,40867.6484375,40804.6484375,40828.69921875,0,0.0,0.0,^CNXENERGY
2026-05-04 13:35:00+05:30,40828.5,40874.25,40796.1484375,40870.3515625,0,0.0,0.0,^CNXENERGY
2026-05-04 13:40:00+05:30,40872.94921875,40965.0,40872.44921875,40956.6015625,0,0.0,0.0,^CNXENERGY
2026-05-04 13:45:00+05:30,40956.30078125,40958.0,40929.69921875,40943.25,0,0.0,0.0,^CNXENERGY
2026-05-04 13:50:00+05:30,40941.30078125,40974.6484375,40933.19921875,40935.69921875,0,0.0,0.0,^CNXENERGY
2026-05-04 13:55:00+05:30,40935.25,40942.94921875,40874.6015625,40908.69921875,0,0.0,0.0,^CNXENERGY
2026-05-04 14:00:00+05:30,40909.80078125,40923.25,40885.6484375,40896.55078125,0,0.0,0.0,^CNXENERGY
2026-05-04 14:05:00+05:30,40898.55078125,40932.6015625,40898.55078125,40929.25,0,0.0,0.0,^CNXENERGY
2026-05-04 14:10:00+05:30,40930.5,41006.8984375,40930.5,40993.3984375,0,0.0,0.0,^CNXENERGY
2026-05-04 14:15:00+05:30,40993.69921875,41050.80078125,40988.1015625,41041.8984375,0,0.0,0.0,^CNXENERGY
2026-05-04 14:20:00+05:30,41041.3984375,41059.6484375,40990.6484375,41019.3984375,0,0.0,0.0,^CNXENERGY
2026-05-04 14:25:00+05:30,41020.25,41025.8515625,40982.05078125,40997.6484375,0,0.0,0.0,^CNXENERGY
2026-05-04 14:30:00+05:30,40997.25,41011.55078125,40973.25,40986.55078125,0,0.0,0.0,^CNXENERGY
2026-05-04 14:35:00+05:30,40987.3515625,40992.1015625,40964.1015625,40973.30078125,0,0.0,0.0,^CNXENERGY
2026-05-04 14:40:00+05:30,40972.25,40979.3515625,40917.75,40953.44921875,0,0.0,0.0,^CNXENERGY
2026-05-04 14:45:00+05:30,40952.8515625,40954.5,40898.3984375,40903.25,0,0.0,0.0,^CNXENERGY
2026-05-04 14:50:00+05:30,40903.1484375,40935.0,40892.75,40933.25,0,0.0,0.0,^CNXENERGY
2026-05-04 14:55:00+05:30,40936.44921875,40971.19921875,40928.1484375,40966.44921875,0,0.0,0.0,^CNXENERGY
2026-05-04 15:00:00+05:30,40969.8515625,40978.05078125,40934.8984375,40952.94921875,0,0.0,0.0,^CNXENERGY
2026-05-04 15:05:00+05:30,40955.6015625,40976.25,40942.3515625,40966.3984375,0,0.0,0.0,^CNXENERGY
2026-05-04 15:10:00+05:30,40968.0,40981.69921875,40939.3984375,40957.44921875,0,0.0,0.0,^CNXENERGY
2026-05-04 15:15:00+05:30,40957.1484375,40974.94921875,40934.05078125,40949.30078125,0,0.0,0.0,^CNXENERGY
2026-05-04 15:20:00+05:30,40955.19921875,40991.05078125,40947.75,40982.75,0,0.0,0.0,^CNXENERGY
2026-05-04 15:25:00+05:30,40986.3515625,41046.3515625,40979.8984375,41043.75,0,0.0,0.0,^CNXENERGY
2026-05-05 09:15:00+05:30,41015.8515625,41107.1015625,40934.80078125,41045.44921875,0,0.0,0.0,^CNXENERGY
2026-05-05 09:20:00+05:30,41046.3984375,41067.3515625,40948.80078125,41010.8515625,0,0.0,0.0,^CNXENERGY
2026-05-05 09:25:00+05:30,41010.94921875,41079.75,41008.19921875,41017.6484375,0,0.0,0.0,^CNXENERGY
2026-05-05 09:30:00+05:30,41017.94921875,41138.25,41002.0,41136.30078125,0,0.0,0.0,^CNXENERGY
2026-05-05 09:35:00+05:30,41137.6015625,41222.6015625,41112.80078125,41124.8984375,0,0.0,0.0,^CNXENERGY
2026-05-05 09:40:00+05:30,41125.05078125,41160.94921875,41087.6015625,41159.6484375,0,0.0,0.0,^CNXENERGY
2026-05-05 09:45:00+05:30,41159.44921875,41179.5,41141.44921875,41149.25,0,0.0,0.0,^CNXENERGY
2026-05-05 09:50:00+05:30,41148.69921875,41152.19921875,41086.5,41093.8984375,0,0.0,0.0,^CNXENERGY
2026-05-05 09:55:00+05:30,41093.6015625,41095.8984375,41027.6015625,41068.25,0,0.0,0.0,^CNXENERGY
2026-05-05 10:00:00+05:30,41069.05078125,41091.30078125,41025.19921875,41044.44921875,0,0.0,0.0,^CNXENERGY
2026-05-05 10:05:00+05:30,41043.75,41059.69921875,41000.6484375,41031.55078125,0,0.0,0.0,^CNXENERGY
2026-05-05 10:10:00+05:30,41029.3515625,41038.3984375,40982.69921875,40985.0,0,0.0,0.0,^CNXENERGY
2026-05-05 10:15:00+05:30,40982.8515625,41001.6015625,40974.0,40983.44921875,0,0.0,0.0,^CNXENERGY
2026-05-05 10:20:00+05:30,40982.8984375,40996.94921875,40936.5,40948.75,0,0.0,0.0,^CNXENERGY
2026-05-05 10:25:00+05:30,40947.1015625,40951.1484375,40891.8984375,40897.1484375,0,0.0,0.0,^CNXENERGY
2026-05-05 10:30:00+05:30,40895.5,40909.69921875,40838.3515625,40845.1015625,0,0.0,0.0,^CNXENERGY
2026-05-05 10:35:00+05:30,40844.19921875,40846.5,40799.6015625,40806.94921875,0,0.0,0.0,^CNXENERGY
2026-05-05 10:40:00+05:30,40807.05078125,40809.1484375,40773.30078125,40775.94921875,0,0.0,0.0,^CNXENERGY
2026-05-05 10:45:00+05:30,40776.55078125,40793.8984375,40768.1015625,40784.6015625,0,0.0,0.0,^CNXENERGY
2026-05-05 10:50:00+05:30,40783.8515625,40783.8515625,40739.69921875,40754.3984375,0,0.0,0.0,^CNXENERGY
2026-05-05 10:55:00+05:30,40753.6015625,40755.1015625,40704.25,40707.1484375,0,0.0,0.0,^CNXENERGY
2026-05-05 11:00:00+05:30,40707.69921875,40751.8515625,40688.44921875,40751.8515625,0,0.0,0.0,^CNXENERGY
2026-05-05 11:05:00+05:30,40750.1015625,40757.1015625,40731.5,40732.94921875,0,0.0,0.0,^CNXENERGY
2026-05-05 11:10:00+05:30,40733.80078125,40805.8515625,40728.69921875,40784.80078125,0,0.0,0.0,^CNXENERGY
2026-05-05 11:15:00+05:30,40785.1484375,40826.8984375,40779.6484375,40800.8984375,0,0.0,0.0,^CNXENERGY
2026-05-05 11:20:00+05:30,40800.8984375,40826.55078125,40796.3984375,40808.19921875,0,0.0,0.0,^CNXENERGY
2026-05-05 11:25:00+05:30,40808.3515625,40817.8515625,40794.6015625,40800.94921875,0,0.0,0.0,^CNXENERGY
2026-05-05 11:30:00+05:30,40799.94921875,40828.30078125,40796.3515625,40817.8515625,0,0.0,0.0,^CNXENERGY
2026-05-05 11:35:00+05:30,40818.5,40839.0,40787.0,40792.69921875,0,0.0,0.0,^CNXENERGY
2026-05-05 11:40:00+05:30,40793.25,40795.3515625,40757.05078125,40761.30078125,0,0.0,0.0,^CNXENERGY
2026-05-05 11:45:00+05:30,40758.75,40771.30078125,40708.1484375,40722.75,0,0.0,0.0,^CNXENERGY
2026-05-05 11:50:00+05:30,40722.3984375,40740.8984375,40707.5,40712.3515625,0,0.0,0.0,^CNXENERGY
2026-05-05 11:55:00+05:30,40712.05078125,40732.80078125,40699.1015625,40722.19921875,0,0.0,0.0,^CNXENERGY
2026-05-05 12:00:00+05:30,40721.75,40770.8515625,40715.8515625,40766.25,0,0.0,0.0,^CNXENERGY
2026-05-05 12:05:00+05:30,40766.3984375,40802.1015625,40763.05078125,40792.19921875,0,0.0,0.0,^CNXENERGY
2026-05-05 12:10:00+05:30,40791.6015625,40837.44921875,40786.44921875,40834.8984375,0,0.0,0.0,^CNXENERGY
2026-05-05 12:15:00+05:30,40833.8984375,40878.30078125,40832.8515625,40871.80078125,0,0.0,0.0,^CNXENERGY
2026-05-05 12:20:00+05:30,40870.30078125,40916.5,40867.3984375,40877.1015625,0,0.0,0.0,^CNXENERGY
2026-05-05 12:25:00+05:30,40876.1015625,40889.25,40835.44921875,40843.75,0,0.0,0.0,^CNXENERGY
2026-05-05 12:30:00+05:30,40846.19921875,40854.5,40815.5,40841.94921875,0,0.0,0.0,^CNXENERGY
2026-05-05 12:35:00+05:30,40840.69921875,40897.30078125,40838.8984375,40880.6015625,0,0.0,0.0,^CNXENERGY
2026-05-05 12:40:00+05:30,40879.75,40896.5,40872.19921875,40879.30078125,0,0.0,0.0,^CNXENERGY
2026-05-05 12:45:00+05:30,40880.3984375,40922.3984375,40870.8515625,40918.8515625,0,0.0,0.0,^CNXENERGY
2026-05-05 12:50:00+05:30,40918.25,40966.30078125,40918.25,40939.0,0,0.0,0.0,^CNXENERGY
2026-05-05 12:55:00+05:30,40938.25,40972.30078125,40937.19921875,40955.8984375,0,0.0,0.0,^CNXENERGY
2026-05-05 13:00:00+05:30,40957.05078125,40970.69921875,40941.55078125,40942.69921875,0,0.0,0.0,^CNXENERGY
2026-05-05 13:05:00+05:30,40942.69921875,41018.1484375,40934.3984375,40987.19921875,0,0.0,0.0,^CNXENERGY
2026-05-05 13:10:00+05:30,40988.6484375,41002.30078125,40960.1015625,40991.69921875,0,0.0,0.0,^CNXENERGY
2026-05-05 13:15:00+05:30,40990.1484375,41010.8515625,40926.19921875,40929.8515625,0,0.0,0.0,^CNXENERGY
2026-05-05 13:20:00+05:30,40930.30078125,40964.80078125,40922.75,40930.69921875,0,0.0,0.0,^CNXENERGY
2026-05-05 13:25:00+05:30,40932.8515625,40956.8515625,40925.3984375,40950.69921875,0,0.0,0.0,^CNXENERGY
2026-05-05 13:30:00+05:30,40952.1015625,40976.25,40944.75,40953.44921875,0,0.0,0.0,^CNXENERGY
2026-05-05 13:35:00+05:30,40952.55078125,40998.6484375,40951.69921875,40973.55078125,0,0.0,0.0,^CNXENERGY
2026-05-05 13:40:00+05:30,40974.5,40994.30078125,40960.69921875,40983.3984375,0,0.0,0.0,^CNXENERGY
2026-05-05 13:45:00+05:30,40983.6484375,41001.8515625,40953.75,40989.25,0,0.0,0.0,^CNXENERGY
2026-05-05 13:50:00+05:30,40988.3515625,40995.0,40934.6484375,40944.5,0,0.0,0.0,^CNXENERGY
2026-05-05 13:55:00+05:30,40943.25,40994.94921875,40943.25,40970.25,0,0.0,0.0,^CNXENERGY
2026-05-05 14:00:00+05:30,40966.5,40989.19921875,40951.19921875,40952.3984375,0,0.0,0.0,^CNXENERGY
2026-05-05 14:05:00+05:30,40952.19921875,40957.1484375,40923.75,40936.80078125,0,0.0,0.0,^CNXENERGY
2026-05-05 14:10:00+05:30,40937.1484375,40948.0,40916.30078125,40932.3984375,0,0.0,0.0,^CNXENERGY
2026-05-05 14:15:00+05:30,40931.1015625,40967.75,40927.69921875,40966.3984375,0,0.0,0.0,^CNXENERGY
2026-05-05 14:20:00+05:30,40966.69921875,40974.3515625,40940.1015625,40946.8515625,0,0.0,0.0,^CNXENERGY
2026-05-05 14:25:00+05:30,40946.1015625,40972.0,40939.6015625,40970.44921875,0,0.0,0.0,^CNXENERGY
2026-05-05 14:30:00+05:30,40971.1015625,40984.0,40946.80078125,40958.80078125,0,0.0,0.0,^CNXENERGY
2026-05-05 14:35:00+05:30,40957.6484375,40967.55078125,40941.6015625,40962.94921875,0,0.0,0.0,^CNXENERGY
2026-05-05 14:40:00+05:30,40963.75,40977.3515625,40947.1484375,40964.05078125,0,0.0,0.0,^CNXENERGY
2026-05-05 14:45:00+05:30,40965.25,40969.30078125,40932.3984375,40952.3515625,0,0.0,0.0,^CNXENERGY
2026-05-05 14:50:00+05:30,40951.8984375,40964.1484375,40921.75,40943.94921875,0,0.0,0.0,^CNXENERGY
2026-05-05 14:55:00+05:30,40943.94921875,40954.1015625,40925.3515625,40934.1015625,0,0.0,0.0,^CNXENERGY
2026-05-05 15:00:00+05:30,40940.75,40957.8984375,40926.69921875,40935.94921875,0,0.0,0.0,^CNXENERGY
2026-05-05 15:05:00+05:30,40940.25,40993.30078125,40926.3515625,40984.0,0,0.0,0.0,^CNXENERGY
2026-05-05 15:10:00+05:30,40984.75,40996.0,40970.1484375,40994.05078125,0,0.0,0.0,^CNXENERGY
2026-05-05 15:15:00+05:30,40993.1015625,41018.05078125,40980.80078125,41012.19921875,0,0.0,0.0,^CNXENERGY
2026-05-05 15:20:00+05:30,41014.6015625,41020.80078125,40992.8515625,40996.94921875,0,0.0,0.0,^CNXENERGY
2026-05-05 15:25:00+05:30,40998.5,41030.69921875,40990.19921875,41006.6484375,0,0.0,0.0,^CNXENERGY
