Datetime,Open,High,Low,Close,Volume,Dividends,Stock Splits,Symbol
2025-11-20 09:15:00+05:30,27564.849609375,27564.849609375,27441.150390625,27532.25,0,0.0,0.0,^CNXAUTO
2025-11-20 09:30:00+05:30,27532.55078125,27568.849609375,27501.05078125,27523.599609375,0,0.0,0.0,^CNXAUTO
2025-11-20 09:45:00+05:30,27523.94921875,27544.349609375,27505.650390625,27520.650390625,0,0.0,0.0,^CNXAUTO
2025-11-20 10:00:00+05:30,27521.69921875,27551.849609375,27521.69921875,27541.30078125,0,0.0,0.0,^CNXAUTO
2025-11-20 10:15:00+05:30,27540.94921875,27573.349609375,27537.650390625,27564.94921875,0,0.0,0.0,^CNXAUTO
2025-11-20 10:30:00+05:30,27563.55078125,27570.94921875,27531.5,27543.55078125,0,0.0,0.0,^CNXAUTO
2025-11-20 10:45:00+05:30,27543.099609375,27572.099609375,27541.5,27565.849609375,0,0.0,0.0,^CNXAUTO
2025-11-20 11:00:00+05:30,27565.44921875,27603.30078125,27561.69921875,27597.5,0,0.0,0.0,^CNXAUTO
2025-11-20 11:15:00+05:30,27598.19921875,27615.25,27588.19921875,27606.599609375,0,0.0,0.0,^CNXAUTO
2025-11-20 11:30:00+05:30,27606.849609375,27625.0,27589.94921875,27591.30078125,0,0.0,0.0,^CNXAUTO
2025-11-20 11:45:00+05:30,27590.849609375,27590.900390625,27533.900390625,27569.44921875,0,0.0,0.0,^CNXAUTO
2025-11-20 12:00:00+05:30,27569.44921875,27578.25,27522.94921875,27551.94921875,0,0.0,0.0,^CNXAUTO
2025-11-20 12:15:00+05:30,27551.650390625,27574.400390625,27529.849609375,27570.19921875,0,0.0,0.0,^CNXAUTO
2025-11-20 12:30:00+05:30,27570.69921875,27572.75,27549.80078125,27552.94921875,0,0.0,0.0,^CNXAUTO
2025-11-20 12:45:00+05:30,27553.69921875,27566.19921875,27550.400390625,27557.900390625,0,0.0,0.0,^CNXAUTO
2025-11-20 13:00:00+05:30,27557.69921875,27568.94921875,27552.80078125,27559.94921875,0,0.0,0.0,^CNXAUTO
2025-11-20 13:15:00+05:30,27560.44921875,27579.94921875,27547.19921875,27573.75,0,0.0,0.0,^CNXAUTO
2025-11-20 13:30:00+05:30,27574.25,27601.69921875,27570.25,27598.55078125,0,0.0,0.0,^CNXAUTO
2025-11-20 13:45:00+05:30,27599.400390625,27599.400390625,27572.849609375,27577.599609375,0,0.0,0.0,^CNXAUTO
2025-11-20 14:00:00+05:30,27578.650390625,27599.80078125,27575.19921875,27592.0,0,0.0,0.0,^CNXAUTO
2025-11-20 14:15:00+05:30,27592.25,27609.099609375,27559.19921875,27561.19921875,0,0.0,0.0,^CNXAUTO
2025-11-20 14:30:00+05:30,27561.150390625,27581.650390625,27554.5,27556.650390625,0,0.0,0.0,^CNXAUTO
2025-11-20 14:45:00+05:30,27556.599609375,27578.05078125,27551.599609375,27567.0,0,0.0,0.0,^CNXAUTO
2025-11-20 15:00:00+05:30,27566.099609375,27576.0,27534.400390625,27562.150390625,0,0.0,0.0,^CNXAUTO
2025-11-20 15:15:00+05:30,27562.25,27566.849609375,27539.80078125,27557.349609375,0,0.0,0.0,^CNXAUTO
2025-11-21 09:15:00+05:30,27552.80078125,27654.349609375,27492.55078125,27635.94921875,0,0.0,0.0,^CNXAUTO
2025-11-21 09:30:00+05:30,27637.94921875,27672.44921875,27621.349609375,27658.19921875,0,0.0,0.0,^CNXAUTO
2025-11-21 09:45:00+05:30,27659.25,27700.55078125,27626.80078125,27674.349609375,0,0.0,0.0,^CNXAUTO
2025-11-21 10:00:00+05:30,27674.5,27674.5,27621.05078125,27629.849609375,0,0.0,0.0,^CNXAUTO
2025-11-21 10:15:00+05:30,27630.599609375,27640.30078125,27556.19921875,27587.0,0,0.0,0.0,^CNXAUTO
2025-11-21 10:30:00+05:30,27586.94921875,27636.0,27580.0,27603.80078125,0,0.0,0.0,^CNXAUTO
2025-11-21 10:45:00+05:30,27602.650390625,27615.55078125,27579.44921875,27597.69921875,0,0.0,0.0,^CNXAUTO
2025-11-21 11:00:00+05:30,27597.650390625,27624.650390625,27582.849609375,27619.650390625,0,0.0,0.0,^CNXAUTO
2025-11-21 11:15:00+05:30,27618.650390625,27624.349609375,27602.44921875,27623.55078125,0,0.0,0.0,^CNXAUTO
2025-11-21 11:30:00+05:30,27623.44921875,27634.400390625,27594.30078125,27606.849609375,0,0.0,0.0,^CNXAUTO
2025-11-21 11:45:00+05:30,27607.25,27639.55078125,27600.25,27627.55078125,0,0.0,0.0,^CNXAUTO
2025-11-21 12:00:00+05:30,27626.5,27693.150390625,27612.400390625,27686.0,0,0.0,0.0,^CNXAUTO
2025-11-21 12:15:00+05:30,27685.75,27716.80078125,27681.0,27702.849609375,0,0.0,0.0,^CNXAUTO
2025-11-21 12:30:00+05:30,27700.599609375,27716.349609375,27685.69921875,27700.19921875,0,0.0,0.0,^CNXAUTO
2025-11-21 12:45:00+05:30,27700.19921875,27719.80078125,27684.44921875,27706.30078125,0,0.0,0.0,^CNXAUTO
2025-11-21 13:00:00+05:30,27706.5,27717.05078125,27658.69921875,27660.19921875,0,0.0,0.0,^CNXAUTO
2025-11-21 13:15:00+05:30,27659.900390625,27675.94921875,27623.5,27642.69921875,0,0.0,0.0,^CNXAUTO
2025-11-21 13:30:00+05:30,27642.69921875,27662.55078125,27627.099609375,27633.849609375,0,0.0,0.0,^CNXAUTO
2025-11-21 13:45:00+05:30,27633.849609375,27648.55078125,27619.400390625,27646.44921875,0,0.0,0.0,^CNXAUTO
2025-11-21 14:00:00+05:30,27647.599609375,27653.69921875,27622.69921875,27636.44921875,0,0.0,0.0,^CNXAUTO
2025-11-21 14:15:00+05:30,27636.150390625,27654.75,27624.650390625,27631.400390625,0,0.0,0.0,^CNXAUTO
2025-11-21 14:30:00+05:30,27631.150390625,27641.349609375,27613.0,27614.80078125,0,0.0,0.0,^CNXAUTO
2025-11-21 14:45:00+05:30,27615.349609375,27618.150390625,27523.5,27536.30078125,0,0.0,0.0,^CNXAUTO
2025-11-21 15:00:00+05:30,27536.25,27566.19921875,27524.80078125,27537.30078125,0,0.0,0.0,^CNXAUTO
2025-11-21 15:15:00+05:30,27537.05078125,27556.94921875,27519.150390625,27537.80078125,0,0.0,0.0,^CNXAUTO
2025-11-24 09:15:00+05:30,27552.5,27558.900390625,27413.44921875,27528.55078125,0,0.0,0.0,^CNXAUTO
2025-11-24 09:30:00+05:30,27523.150390625,27526.900390625,27466.19921875,27466.19921875,0,0.0,0.0,^CNXAUTO
2025-11-24 09:45:00+05:30,27466.25,27520.19921875,27439.0,27519.400390625,0,0.0,0.0,^CNXAUTO
2025-11-24 10:00:00+05:30,27520.400390625,27565.900390625,27515.650390625,27564.599609375,0,0.0,0.0,^CNXAUTO
2025-11-24 10:15:00+05:30,27564.599609375,27591.94921875,27548.099609375,27583.849609375,0,0.0,0.0,^CNXAUTO
2025-11-24 10:30:00+05:30,27585.849609375,27594.099609375,27564.849609375,27584.19921875,0,0.0,0.0,^CNXAUTO
2025-11-24 10:45:00+05:30,27584.80078125,27593.5,27541.69921875,27560.75,0,0.0,0.0,^CNXAUTO
2025-11-24 11:00:00+05:30,27564.55078125,27571.099609375,27524.349609375,27554.80078125,0,0.0,0.0,^CNXAUTO
2025-11-24 11:15:00+05:30,27554.25,27560.400390625,27538.69921875,27558.44921875,0,0.0,0.0,^CNXAUTO
2025-11-24 11:30:00+05:30,27558.150390625,27560.80078125,27532.80078125,27553.30078125,0,0.0,0.0,^CNXAUTO
2025-11-24 11:45:00+05:30,27551.099609375,27553.599609375,27516.150390625,27525.900390625,0,0.0,0.0,^CNXAUTO
2025-11-24 12:00:00+05:30,27525.650390625,27555.80078125,27522.25,27529.349609375,0,0.0,0.0,^CNXAUTO
2025-11-24 12:15:00+05:30,27529.19921875,27580.0,27506.650390625,27525.44921875,0,0.0,0.0,^CNXAUTO
2025-11-24 12:30:00+05:30,27521.80078125,27538.5,27487.30078125,27515.19921875,0,0.0,0.0,^CNXAUTO
2025-11-24 12:45:00+05:30,27514.80078125,27527.849609375,27499.30078125,27513.25,0,0.0,0.0,^CNXAUTO
2025-11-24 13:00:00+05:30,27511.75,27530.599609375,27509.150390625,27519.80078125,0,0.0,0.0,^CNXAUTO
2025-11-24 13:15:00+05:30,27518.599609375,27543.55078125,27517.349609375,27538.849609375,0,0.0,0.0,^CNXAUTO
2025-11-24 13:30:00+05:30,27537.650390625,27543.19921875,27528.150390625,27535.25,0,0.0,0.0,^CNXAUTO
2025-11-24 13:45:00+05:30,27534.94921875,27538.0,27505.19921875,27506.400390625,0,0.0,0.0,^CNXAUTO
2025-11-24 14:00:00+05:30,27504.69921875,27508.349609375,27484.900390625,27501.150390625,0,0.0,0.0,^CNXAUTO
2025-11-24 14:15:00+05:30,27500.25,27504.099609375,27484.099609375,27489.400390625,0,0.0,0.0,^CNXAUTO
2025-11-24 14:30:00+05:30,27490.0,27502.44921875,27480.849609375,27492.349609375,0,0.0,0.0,^CNXAUTO
2025-11-24 14:45:00+05:30,27490.650390625,27498.5,27478.650390625,27490.30078125,0,0.0,0.0,^CNXAUTO
2025-11-24 15:00:00+05:30,27489.599609375,27525.150390625,27431.25,27435.349609375,0,0.0,0.0,^CNXAUTO
2025-11-24 15:15:00+05:30,27435.44921875,27440.349609375,27400.05078125,27424.25,0,0.0,0.0,^CNXAUTO
2025-11-25 09:15:00+05:30,27450.55078125,27490.150390625,27382.19921875,27460.0,0,0.0,0.0,^CNXAUTO
2025-11-25 09:30:00+05:30,27460.099609375,27465.94921875,27434.0,27455.900390625,0,0.0,0.0,^CNXAUTO
2025-11-25 09:45:00+05:30,27455.75,27458.19921875,27387.150390625,27444.75,0,0.0,0.0,^CNXAUTO
2025-11-25 10:00:00+05:30,27443.05078125,27477.599609375,27436.44921875,27452.44921875,0,0.0,0.0,^CNXAUTO
2025-11-25 10:15:00+05:30,27451.849609375,27492.400390625,27448.900390625,27480.30078125,0,0.0,0.0,^CNXAUTO
2025-11-25 10:30:00+05:30,27481.650390625,27520.05078125,27472.94921875,27475.69921875,0,0.0,0.0,^CNXAUTO
2025-11-25 10:45:00+05:30,27475.650390625,27476.099609375,27418.849609375,27434.55078125,0,0.0,0.0,^CNXAUTO
2025-11-25 11:00:00+05:30,27434.30078125,27448.349609375,27420.650390625,27448.25,0,0.0,0.0,^CNXAUTO
2025-11-25 11:15:00+05:30,27447.69921875,27457.19921875,27436.05078125,27443.5,0,0.0,0.0,^CNXAUTO
2025-11-25 11:30:00+05:30,27443.55078125,27457.55078125,27435.599609375,27438.900390625,0,0.0,0.0,^CNXAUTO
2025-11-25 11:45:00+05:30,27439.099609375,27469.650390625,27438.150390625,27466.099609375,0,0.0,0.0,^CNXAUTO
2025-11-25 12:00:00+05:30,27466.44921875,27471.849609375,27443.19921875,27446.0,0,0.0,0.0,^CNXAUTO
2025-11-25 12:15:00+05:30,27445.849609375,27454.75,27423.55078125,27427.19921875,0,0.0,0.0,^CNXAUTO
2025-11-25 12:30:00+05:30,27427.30078125,27447.400390625,27423.69921875,27434.5,0,0.0,0.0,^CNXAUTO
2025-11-25 12:45:00+05:30,27434.150390625,27458.44921875,27431.94921875,27451.849609375,0,0.0,0.0,^CNXAUTO
2025-11-25 13:00:00+05:30,27451.30078125,27481.69921875,27440.55078125,27474.400390625,0,0.0,0.0,^CNXAUTO
2025-11-25 13:15:00+05:30,27474.900390625,27484.19921875,27461.0,27465.55078125,0,0.0,0.0,^CNXAUTO
2025-11-25 13:30:00+05:30,27466.19921875,27471.349609375,27447.0,27468.0,0,0.0,0.0,^CNXAUTO
2025-11-25 13:45:00+05:30,27467.55078125,27480.349609375,27460.19921875,27472.80078125,0,0.0,0.0,^CNXAUTO
2025-11-25 14:00:00+05:30,27472.30078125,27493.150390625,27470.650390625,27481.55078125,0,0.0,0.0,^CNXAUTO
2025-11-25 14:15:00+05:30,27481.55078125,27495.400390625,27434.55078125,27438.0,0,0.0,0.0,^CNXAUTO
2025-11-25 14:30:00+05:30,27438.349609375,27448.44921875,27409.400390625,27425.849609375,0,0.0,0.0,^CNXAUTO
2025-11-25 14:45:00+05:30,27425.69921875,27425.69921875,27366.5,27368.0,0,0.0,0.0,^CNXAUTO
2025-11-25 15:00:00+05:30,27368.349609375,27397.75,27362.099609375,27386.0,0,0.0,0.0,^CNXAUTO
2025-11-25 15:15:00+05:30,27386.0,27400.150390625,27335.849609375,27348.849609375,0,0.0,0.0,^CNXAUTO
2025-11-26 09:15:00+05:30,27458.349609375,27522.25,27423.25,27482.650390625,0,0.0,0.0,^CNXAUTO
2025-11-26 09:30:00+05:30,27483.0,27520.94921875,27479.849609375,27520.94921875,0,0.0,0.0,^CNXAUTO
2025-11-26 09:45:00+05:30,27520.94921875,27558.80078125,27517.75,27558.80078125,0,0.0,0.0,^CNXAUTO
2025-11-26 10:00:00+05:30,27555.5,27615.400390625,27555.5,27592.650390625,0,0.0,0.0,^CNXAUTO
2025-11-26 10:15:00+05:30,27590.05078125,27595.44921875,27556.44921875,27560.349609375,0,0.0,0.0,^CNXAUTO
2025-11-26 10:30:00+05:30,27560.94921875,27581.5,27553.55078125,27569.30078125,0,0.0,0.0,^CNXAUTO
2025-11-26 10:45:00+05:30,27568.80078125,27601.05078125,27559.599609375,27565.349609375,0,0.0,0.0,^CNXAUTO
2025-11-26 11:00:00+05:30,27565.5,27586.150390625,27557.400390625,27568.150390625,0,0.0,0.0,^CNXAUTO
2025-11-26 11:15:00+05:30,27567.69921875,27592.849609375,27564.80078125,27565.25,0,0.0,0.0,^CNXAUTO
2025-11-26 11:30:00+05:30,27564.599609375,27574.650390625,27534.25,27545.05078125,0,0.0,0.0,^CNXAUTO
2025-11-26 11:45:00+05:30,27545.44921875,27592.05078125,27539.400390625,27592.05078125,0,0.0,0.0,^CNXAUTO
2025-11-26 12:00:00+05:30,27592.349609375,27604.150390625,27584.75,27599.900390625,0,0.0,0.0,^CNXAUTO
2025-11-26 12:15:00+05:30,27599.75,27619.30078125,27597.0,27616.900390625,0,0.0,0.0,^CNXAUTO
2025-11-26 12:30:00+05:30,27616.69921875,27686.69921875,27610.150390625,27685.650390625,0,0.0,0.0,^CNXAUTO
2025-11-26 12:45:00+05:30,27685.94921875,27688.900390625,27666.55078125,27676.75,0,0.0,0.0,^CNXAUTO
2025-11-26 13:00:00+05:30,27676.349609375,27705.400390625,27674.349609375,27694.099609375,0,0.0,0.0,^CNXAUTO
2025-11-26 13:15:00+05:30,27701.44921875,27706.900390625,27672.69921875,27680.19921875,0,0.0,0.0,^CNXAUTO
2025-11-26 13:30:00+05:30,27682.55078125,27736.19921875,27680.55078125,27726.94921875,0,0.0,0.0,^CNXAUTO
2025-11-26 13:45:00+05:30,27726.44921875,27734.80078125,27704.44921875,27712.650390625,0,0.0,0.0,^CNXAUTO
2025-11-26 14:00:00+05:30,27712.55078125,27736.69921875,27693.599609375,27736.69921875,0,0.0,0.0,^CNXAUTO
2025-11-26 14:15:00+05:30,27737.05078125,27742.400390625,27699.69921875,27701.349609375,0,0.0,0.0,^CNXAUTO
2025-11-26 14:30:00+05:30,27701.55078125,27724.150390625,27694.5,27707.30078125,0,0.0,0.0,^CNXAUTO
2025-11-26 14:45:00+05:30,27706.75,27717.55078125,27652.25,27696.55078125,0,0.0,0.0,^CNXAUTO
2025-11-26 15:00:00+05:30,27694.75,27713.650390625,27689.69921875,27709.849609375,0,0.0,0.0,^CNXAUTO
2025-11-26 15:15:00+05:30,27711.75,27711.75,27671.599609375,27689.55078125,0,0.0,0.0,^CNXAUTO
2025-11-27 09:15:00+05:30,27782.900390625,27831.44921875,27744.900390625,27801.69921875,0,0.0,0.0,^CNXAUTO
2025-11-27 09:30:00+05:30,27800.94921875,27825.55078125,27740.900390625,27757.19921875,0,0.0,0.0,^CNXAUTO
2025-11-27 09:45:00+05:30,27754.599609375,27766.25,27730.400390625,27755.599609375,0,0.0,0.0,^CNXAUTO
2025-11-27 10:00:00+05:30,27754.69921875,27759.599609375,27712.900390625,27725.94921875,0,0.0,0.0,^CNXAUTO
2025-11-27 10:15:00+05:30,27726.599609375,27735.400390625,27669.150390625,27712.900390625,0,0.0,0.0,^CNXAUTO
2025-11-27 10:30:00+05:30,27713.75,27770.55078125,27702.80078125,27741.75,0,0.0,0.0,^CNXAUTO
2025-11-27 10:45:00+05:30,27742.25,27756.94921875,27694.75,27702.69921875,0,0.0,0.0,^CNXAUTO
2025-11-27 11:00:00+05:30,27702.900390625,27718.69921875,27668.69921875,27686.25,0,0.0,0.0,^CNXAUTO
2025-11-27 11:15:00+05:30,27685.900390625,27698.599609375,27670.599609375,27672.400390625,0,0.0,0.0,^CNXAUTO
2025-11-27 11:30:00+05:30,27671.55078125,27688.25,27660.30078125,27668.650390625,0,0.0,0.0,^CNXAUTO
2025-11-27 11:45:00+05:30,27668.849609375,27669.05078125,27598.849609375,27599.30078125,0,0.0,0.0,^CNXAUTO
2025-11-27 12:00:00+05:30,27599.5,27623.650390625,27567.400390625,27601.650390625,0,0.0,0.0,^CNXAUTO
2025-11-27 12:15:00+05:30,27601.19921875,27607.599609375,27582.150390625,27593.900390625,0,0.0,0.0,^CNXAUTO
2025-11-27 12:30:00+05:30,27593.30078125,27640.44921875,27585.599609375,27638.05078125,0,0.0,0.0,^CNXAUTO
2025-11-27 12:45:00+05:30,27638.150390625,27659.099609375,27629.0,27636.349609375,0,0.0,0.0,^CNXAUTO
2025-11-27 13:00:00+05:30,27636.349609375,27637.900390625,27537.900390625,27537.900390625,0,0.0,0.0,^CNXAUTO
2025-11-27 13:15:00+05:30,27538.400390625,27575.099609375,27527.849609375,27548.650390625,0,0.0,0.0,^CNXAUTO
2025-11-27 13:30:00+05:30,27548.75,27562.44921875,27531.55078125,27556.44921875,0,0.0,0.0,^CNXAUTO
2025-11-27 13:45:00+05:30,27556.25,27602.25,27542.099609375,27598.05078125,0,0.0,0.0,^CNXAUTO
2025-11-27 14:00:00+05:30,27598.150390625,27610.849609375,27576.900390625,27591.400390625,0,0.0,0.0,^CNXAUTO
2025-11-27 14:15:00+05:30,27590.69921875,27617.400390625,27589.099609375,27598.650390625,0,0.0,0.0,^CNXAUTO
2025-11-27 14:30:00+05:30,27597.900390625,27602.0,27570.900390625,27586.900390625,0,0.0,0.0,^CNXAUTO
2025-11-27 14:45:00+05:30,27586.849609375,27594.94921875,27561.30078125,27587.19921875,0,0.0,0.0,^CNXAUTO
2025-11-27 15:00:00+05:30,27586.5,27622.099609375,27582.099609375,27615.05078125,0,0.0,0.0,^CNXAUTO
2025-11-27 15:15:00+05:30,27614.80078125,27622.05078125,27586.650390625,27609.30078125,0,0.0,0.0,^CNXAUTO
2025-11-28 09:15:00+05:30,27633.19921875,27778.650390625,27564.75,27745.25,0,0.0,0.0,^CNXAUTO
2025-11-28 09:30:00+05:30,27749.94921875,27802.19921875,27707.25,27713.599609375,0,0.0,0.0,^CNXAUTO
2025-11-28 09:45:00+05:30,27712.599609375,27760.30078125,27674.44921875,27746.05078125,0,0.0,0.0,^CNXAUTO
2025-11-28 10:00:00+05:30,27748.19921875,27793.150390625,27735.5,27736.30078125,0,0.0,0.0,^CNXAUTO
2025-11-28 10:15:00+05:30,27735.80078125,27755.0,27713.55078125,27743.19921875,0,0.0,0.0,^CNXAUTO
2025-11-28 10:30:00+05:30,27743.19921875,27829.599609375,27741.849609375,27785.25,0,0.0,0.0,^CNXAUTO
2025-11-28 10:45:00+05:30,27784.05078125,27789.75,27749.69921875,27785.30078125,0,0.0,0.0,^CNXAUTO
2025-11-28 11:00:00+05:30,27785.0,27796.099609375,27771.599609375,27794.849609375,0,0.0,0.0,^CNXAUTO
2025-11-28 11:15:00+05:30,27796.400390625,27814.80078125,27781.400390625,27782.69921875,0,0.0,0.0,^CNXAUTO
2025-11-28 11:30:00+05:30,27783.849609375,27804.69921875,27777.44921875,27786.349609375,0,0.0,0.0,^CNXAUTO
2025-11-28 11:45:00+05:30,27787.05078125,27815.19921875,27784.400390625,27796.099609375,0,0.0,0.0,^CNXAUTO
2025-11-28 12:00:00+05:30,27796.25,27796.650390625,27758.44921875,27763.25,0,0.0,0.0,^CNXAUTO
2025-11-28 12:15:00+05:30,27762.80078125,27779.0,27750.80078125,27754.099609375,0,0.0,0.0,^CNXAUTO
2025-11-28 12:30:00+05:30,27754.099609375,27781.849609375,27745.849609375,27749.69921875,0,0.0,0.0,^CNXAUTO
2025-11-28 12:45:00+05:30,27750.05078125,27750.05078125,27705.05078125,27723.900390625,0,0.0,0.0,^CNXAUTO
2025-11-28 13:00:00+05:30,27724.19921875,27752.55078125,27715.599609375,27741.0,0,0.0,0.0,^CNXAUTO
2025-11-28 13:15:00+05:30,27739.05078125,27764.349609375,27707.849609375,27754.25,0,0.0,0.0,^CNXAUTO
2025-11-28 13:30:00+05:30,27754.75,27763.5,27729.55078125,27740.55078125,0,0.0,0.0,^CNXAUTO
2025-11-28 13:45:00+05:30,27740.55078125,27766.900390625,27732.55078125,27753.69921875,0,0.0,0.0,^CNXAUTO
2025-11-28 14:00:00+05:30,27753.900390625,27773.25,27741.0,27741.0,0,0.0,0.0,^CNXAUTO
2025-11-28 14:15:00+05:30,27742.05078125,27754.849609375,27737.44921875,27753.69921875,0,0.0,0.0,^CNXAUTO
2025-11-28 14:30:00+05:30,27753.0,27772.599609375,27747.44921875,27758.400390625,0,0.0,0.0,^CNXAUTO
2025-11-28 14:45:00+05:30,27758.44921875,27770.94921875,27746.150390625,27761.150390625,0,0.0,0.0,^CNXAUTO
2025-11-28 15:00:00+05:30,27760.650390625,27780.5,27757.0,27771.650390625,0,0.0,0.0,^CNXAUTO
2025-11-28 15:15:00+05:30,27770.099609375,27800.55078125,27768.599609375,27793.900390625,0,0.0,0.0,^CNXAUTO
2025-12-01 09:15:00+05:30,27926.849609375,27976.900390625,27906.849609375,27934.94921875,0,0.0,0.0,^CNXAUTO
2025-12-01 09:30:00+05:30,27935.099609375,27999.19921875,27930.75,27991.0,0,0.0,0.0,^CNXAUTO
2025-12-01 09:45:00+05:30,27990.69921875,28022.25,27968.94921875,28002.150390625,0,0.0,0.0,^CNXAUTO
2025-12-01 10:00:00+05:30,28003.5,28074.30078125,28002.44921875,28051.400390625,0,0.0,0.0,^CNXAUTO
2025-12-01 10:15:00+05:30,28050.849609375,28060.150390625,28005.30078125,28019.0,0,0.0,0.0,^CNXAUTO
2025-12-01 10:30:00+05:30,28019.0,28021.400390625,27903.30078125,27913.650390625,0,0.0,0.0,^CNXAUTO
2025-12-01 10:45:00+05:30,27912.599609375,27937.19921875,27855.25,27876.849609375,0,0.0,0.0,^CNXAUTO
2025-12-01 11:00:00+05:30,27876.650390625,27890.94921875,27860.400390625,27890.94921875,0,0.0,0.0,^CNXAUTO
2025-12-01 11:15:00+05:30,27890.75,27960.80078125,27888.94921875,27958.69921875,0,0.0,0.0,^CNXAUTO
2025-12-01 11:30:00+05:30,27958.150390625,27986.55078125,27948.94921875,27950.599609375,0,0.0,0.0,^CNXAUTO
2025-12-01 11:45:00+05:30,27951.94921875,27952.849609375,27893.80078125,27932.19921875,0,0.0,0.0,^CNXAUTO
2025-12-01 12:00:00+05:30,27930.650390625,27935.75,27886.44921875,27904.349609375,0,0.0,0.0,^CNXAUTO
2025-12-01 12:15:00+05:30,27904.94921875,27941.099609375,27881.44921875,27940.44921875,0,0.0,0.0,^CNXAUTO
2025-12-01 12:30:00+05:30,27939.599609375,27939.650390625,27881.94921875,27901.900390625,0,0.0,0.0,^CNXAUTO
2025-12-01 12:45:00+05:30,27902.349609375,27916.80078125,27897.0,27914.05078125,0,0.0,0.0,^CNXAUTO
2025-12-01 13:00:00+05:30,27914.05078125,27920.05078125,27894.349609375,27914.75,0,0.0,0.0,^CNXAUTO
2025-12-01 13:15:00+05:30,27914.30078125,27931.099609375,27901.099609375,27911.849609375,0,0.0,0.0,^CNXAUTO
2025-12-01 13:30:00+05:30,27910.900390625,27951.349609375,27907.25,27945.150390625,0,0.0,0.0,^CNXAUTO
2025-12-01 13:45:00+05:30,27945.400390625,27961.55078125,27922.150390625,27944.650390625,0,0.0,0.0,^CNXAUTO
2025-12-01 14:00:00+05:30,27944.400390625,28033.0,27944.400390625,28030.599609375,0,0.0,0.0,^CNXAUTO
2025-12-01 14:15:00+05:30,28029.30078125,28075.150390625,28013.44921875,28036.44921875,0,0.0,0.0,^CNXAUTO
2025-12-01 14:30:00+05:30,28034.900390625,28039.349609375,27925.150390625,27949.94921875,0,0.0,0.0,^CNXAUTO
2025-12-01 14:45:00+05:30,27948.599609375,27957.55078125,27890.599609375,27928.05078125,0,0.0,0.0,^CNXAUTO
2025-12-01 15:00:00+05:30,27929.349609375,28016.25,27929.349609375,28007.150390625,0,0.0,0.0,^CNXAUTO
2025-12-01 15:15:00+05:30,28007.94921875,28015.599609375,27974.30078125,27993.349609375,0,0.0,0.0,^CNXAUTO
2025-12-02 09:15:00+05:30,27959.650390625,28099.650390625,27958.25,28051.150390625,0,0.0,0.0,^CNXAUTO
2025-12-02 09:30:00+05:30,28051.69921875,28057.400390625,27970.599609375,27970.599609375,0,0.0,0.0,^CNXAUTO
2025-12-02 09:45:00+05:30,27972.5,28019.150390625,27955.400390625,27990.349609375,0,0.0,0.0,^CNXAUTO
2025-12-02 10:00:00+05:30,27992.19921875,27998.5,27938.25,27942.349609375,0,0.0,0.0,^CNXAUTO
2025-12-02 10:15:00+05:30,27942.150390625,27956.349609375,27914.5,27925.44921875,0,0.0,0.0,^CNXAUTO
2025-12-02 10:30:00+05:30,27924.94921875,27942.25,27909.05078125,27927.55078125,0,0.0,0.0,^CNXAUTO
2025-12-02 10:45:00+05:30,27927.75,27975.900390625,27927.349609375,27958.25,0,0.0,0.0,^CNXAUTO
2025-12-02 11:00:00+05:30,27959.150390625,27989.05078125,27955.75,27976.75,0,0.0,0.0,^CNXAUTO
2025-12-02 11:15:00+05:30,27977.05078125,27990.5,27961.94921875,27971.099609375,0,0.0,0.0,^CNXAUTO
2025-12-02 11:30:00+05:30,27971.30078125,27984.5,27966.599609375,27974.25,0,0.0,0.0,^CNXAUTO
2025-12-02 11:45:00+05:30,27974.19921875,27977.0,27949.349609375,27958.099609375,0,0.0,0.0,^CNXAUTO
2025-12-02 12:00:00+05:30,27957.94921875,27967.19921875,27928.94921875,27941.19921875,0,0.0,0.0,^CNXAUTO
2025-12-02 12:15:00+05:30,27941.650390625,27962.900390625,27936.75,27953.849609375,0,0.0,0.0,^CNXAUTO
2025-12-02 12:30:00+05:30,27953.19921875,27989.75,27952.25,27977.94921875,0,0.0,0.0,^CNXAUTO
2025-12-02 12:45:00+05:30,27977.900390625,27978.94921875,27930.400390625,27940.19921875,0,0.0,0.0,^CNXAUTO
2025-12-02 13:00:00+05:30,27940.900390625,27971.900390625,27933.19921875,27942.55078125,0,0.0,0.0,^CNXAUTO
2025-12-02 13:15:00+05:30,27942.400390625,27948.55078125,27912.69921875,27941.599609375,0,0.0,0.0,^CNXAUTO
2025-12-02 13:30:00+05:30,27942.05078125,27944.650390625,27926.05078125,27933.80078125,0,0.0,0.0,^CNXAUTO
2025-12-02 13:45:00+05:30,27933.849609375,27985.849609375,27930.69921875,27980.19921875,0,0.0,0.0,^CNXAUTO
2025-12-02 14:00:00+05:30,27980.650390625,27998.55078125,27961.55078125,27987.19921875,0,0.0,0.0,^CNXAUTO
2025-12-02 14:15:00+05:30,27987.05078125,27993.849609375,27974.80078125,27993.400390625,0,0.0,0.0,^CNXAUTO
2025-12-02 14:30:00+05:30,27993.75,28002.44921875,27940.900390625,27964.19921875,0,0.0,0.0,^CNXAUTO
2025-12-02 14:45:00+05:30,27964.400390625,27973.19921875,27934.349609375,27948.349609375,0,0.0,0.0,^CNXAUTO
2025-12-02 15:00:00+05:30,27948.05078125,27994.19921875,27948.05078125,27985.25,0,0.0,0.0,^CNXAUTO
2025-12-02 15:15:00+05:30,27984.650390625,28003.69921875,27965.099609375,27984.599609375,0,0.0,0.0,^CNXAUTO
2025-12-03 09:15:00+05:30,28015.80078125,28016.900390625,27825.55078125,27842.650390625,0,0.0,0.0,^CNXAUTO
2025-12-03 09:30:00+05:30,27841.30078125,27875.0,27765.5,27821.05078125,0,0.0,0.0,^CNXAUTO
2025-12-03 09:45:00+05:30,27821.25,27823.900390625,27779.599609375,27802.55078125,0,0.0,0.0,^CNXAUTO
2025-12-03 10:00:00+05:30,27803.599609375,27806.0,27745.150390625,27757.69921875,0,0.0,0.0,^CNXAUTO
2025-12-03 10:15:00+05:30,27757.69921875,27757.900390625,27702.19921875,27705.900390625,0,0.0,0.0,^CNXAUTO
2025-12-03 10:30:00+05:30,27706.25,27726.5,27664.0,27674.44921875,0,0.0,0.0,^CNXAUTO
2025-12-03 10:45:00+05:30,27675.05078125,27682.05078125,27650.25,27663.5,0,0.0,0.0,^CNXAUTO
2025-12-03 11:00:00+05:30,27664.30078125,27666.400390625,27598.19921875,27637.900390625,0,0.0,0.0,^CNXAUTO
2025-12-03 11:15:00+05:30,27638.349609375,27639.69921875,27586.75,27604.05078125,0,0.0,0.0,^CNXAUTO
2025-12-03 11:30:00+05:30,27604.099609375,27665.0,27602.19921875,27645.599609375,0,0.0,0.0,^CNXAUTO
2025-12-03 11:45:00+05:30,27646.650390625,27653.099609375,27588.099609375,27589.900390625,0,0.0,0.0,^CNXAUTO
2025-12-03 12:00:00+05:30,27590.150390625,27627.099609375,27589.25,27610.349609375,0,0.0,0.0,^CNXAUTO
2025-12-03 12:15:00+05:30,27610.5,27626.5,27590.0,27617.55078125,0,0.0,0.0,^CNXAUTO
2025-12-03 12:30:00+05:30,27617.44921875,27633.0,27591.5,27597.599609375,0,0.0,0.0,^CNXAUTO
2025-12-03 12:45:00+05:30,27597.599609375,27612.150390625,27588.25,27607.25,0,0.0,0.0,^CNXAUTO
2025-12-03 13:00:00+05:30,27607.30078125,27627.05078125,27602.599609375,27614.400390625,0,0.0,0.0,^CNXAUTO
2025-12-03 13:15:00+05:30,27612.69921875,27616.400390625,27592.400390625,27611.19921875,0,0.0,0.0,^CNXAUTO
2025-12-03 13:30:00+05:30,27611.44921875,27621.150390625,27583.650390625,27589.849609375,0,0.0,0.0,^CNXAUTO
2025-12-03 13:45:00+05:30,27589.69921875,27621.099609375,27581.25,27612.55078125,0,0.0,0.0,^CNXAUTO
2025-12-03 14:00:00+05:30,27612.599609375,27642.5,27603.599609375,27636.599609375,0,0.0,0.0,^CNXAUTO
2025-12-03 14:15:00+05:30,27636.69921875,27649.94921875,27611.55078125,27613.5,0,0.0,0.0,^CNXAUTO
2025-12-03 14:30:00+05:30,27612.849609375,27617.94921875,27590.94921875,27606.599609375,0,0.0,0.0,^CNXAUTO
2025-12-03 14:45:00+05:30,27606.5,27622.650390625,27596.80078125,27620.80078125,0,0.0,0.0,^CNXAUTO
2025-12-03 15:00:00+05:30,27621.94921875,27659.099609375,27604.94921875,27644.400390625,0,0.0,0.0,^CNXAUTO
2025-12-03 15:15:00+05:30,27643.849609375,27664.25,27636.099609375,27652.349609375,0,0.0,0.0,^CNXAUTO
2025-12-04 09:15:00+05:30,27693.44921875,27754.19921875,27586.0,27742.30078125,0,0.0,0.0,^CNXAUTO
2025-12-04 09:30:00+05:30,27742.150390625,27864.94921875,27737.0,27860.400390625,0,0.0,0.0,^CNXAUTO
2025-12-04 09:45:00+05:30,27858.650390625,27866.0,27783.44921875,27787.849609375,0,0.0,0.0,^CNXAUTO
2025-12-04 10:00:00+05:30,27784.44921875,27794.099609375,27717.5,27731.19921875,0,0.0,0.0,^CNXAUTO
2025-12-04 10:15:00+05:30,27730.849609375,27793.099609375,27721.150390625,27790.099609375,0,0.0,0.0,^CNXAUTO
2025-12-04 10:30:00+05:30,27790.19921875,27808.69921875,27776.650390625,27785.150390625,0,0.0,0.0,^CNXAUTO
2025-12-04 10:45:00+05:30,27785.099609375,27791.0,27738.05078125,27743.0,0,0.0,0.0,^CNXAUTO
2025-12-04 11:00:00+05:30,27744.44921875,27771.349609375,27739.44921875,27763.25,0,0.0,0.0,^CNXAUTO
2025-12-04 11:15:00+05:30,27763.25,27765.94921875,27730.400390625,27732.0,0,0.0,0.0,^CNXAUTO
2025-12-04 11:30:00+05:30,27727.849609375,27733.849609375,27648.30078125,27651.650390625,0,0.0,0.0,^CNXAUTO
2025-12-04 11:45:00+05:30,27650.650390625,27653.25,27616.849609375,27637.55078125,0,0.0,0.0,^CNXAUTO
2025-12-04 12:00:00+05:30,27638.19921875,27686.05078125,27637.099609375,27676.400390625,0,0.0,0.0,^CNXAUTO
2025-12-04 12:15:00+05:30,27676.30078125,27688.599609375,27643.599609375,27684.19921875,0,0.0,0.0,^CNXAUTO
2025-12-04 12:30:00+05:30,27684.0,27705.099609375,27668.94921875,27673.69921875,0,0.0,0.0,^CNXAUTO
2025-12-04 12:45:00+05:30,27673.69921875,27692.80078125,27664.75,27680.099609375,0,0.0,0.0,^CNXAUTO
2025-12-04 13:00:00+05:30,27680.150390625,27717.80078125,27671.099609375,27682.69921875,0,0.0,0.0,^CNXAUTO
2025-12-04 13:15:00+05:30,27682.69921875,27687.650390625,27672.44921875,27681.099609375,0,0.0,0.0,^CNXAUTO
2025-12-04 13:30:00+05:30,27681.599609375,27693.19921875,27615.55078125,27634.69921875,0,0.0,0.0,^CNXAUTO
2025-12-04 13:45:00+05:30,27634.80078125,27646.099609375,27623.25,27639.25,0,0.0,0.0,^CNXAUTO
2025-12-04 14:00:00+05:30,27639.25,27713.0,27638.69921875,27700.44921875,0,0.0,0.0,^CNXAUTO
2025-12-04 14:15:00+05:30,27700.599609375,27717.5,27692.75,27702.44921875,0,0.0,0.0,^CNXAUTO
2025-12-04 14:30:00+05:30,27702.25,27710.19921875,27679.900390625,27686.650390625,0,0.0,0.0,^CNXAUTO
2025-12-04 14:45:00+05:30,27686.599609375,27738.650390625,27672.75,27736.44921875,0,0.0,0.0,^CNXAUTO
2025-12-04 15:00:00+05:30,27737.05078125,27754.94921875,27724.25,27729.19921875,0,0.0,0.0,^CNXAUTO
2025-12-04 15:15:00+05:30,27729.19921875,27739.150390625,27705.900390625,27718.900390625,0,0.0,0.0,^CNXAUTO
2025-12-05 09:15:00+05:30,27711.19921875,27826.849609375,27676.400390625,27799.599609375,0,0.0,0.0,^CNXAUTO
2025-12-05 09:30:00+05:30,27800.05078125,27832.44921875,27773.0,27786.75,0,0.0,0.0,^CNXAUTO
2025-12-05 09:45:00+05:30,27787.400390625,27800.099609375,27706.0,27712.75,0,0.0,0.0,^CNXAUTO
2025-12-05 10:00:00+05:30,27716.80078125,27848.75,27701.099609375,27818.44921875,0,0.0,0.0,^CNXAUTO
2025-12-05 10:15:00+05:30,27818.44921875,27846.599609375,27748.150390625,27748.849609375,0,0.0,0.0,^CNXAUTO
2025-12-05 10:30:00+05:30,27750.400390625,27798.099609375,27702.400390625,27793.19921875,0,0.0,0.0,^CNXAUTO
2025-12-05 10:45:00+05:30,27793.75,27861.25,27784.5,27835.349609375,0,0.0,0.0,^CNXAUTO
2025-12-05 11:00:00+05:30,27835.349609375,27909.69921875,27835.349609375,27896.94921875,0,0.0,0.0,^CNXAUTO
2025-12-05 11:15:00+05:30,27897.80078125,27922.0,27889.349609375,27900.19921875,0,0.0,0.0,^CNXAUTO
2025-12-05 11:30:00+05:30,27900.400390625,27906.69921875,27876.69921875,27884.19921875,0,0.0,0.0,^CNXAUTO
2025-12-05 11:45:00+05:30,27884.5,27890.599609375,27849.650390625,27851.5,0,0.0,0.0,^CNXAUTO
2025-12-05 12:00:00+05:30,27850.44921875,27858.400390625,27839.55078125,27841.099609375,0,0.0,0.0,^CNXAUTO
2025-12-05 12:15:00+05:30,27841.099609375,27871.5,27826.94921875,27861.25,0,0.0,0.0,^CNXAUTO
2025-12-05 12:30:00+05:30,27860.599609375,27880.44921875,27857.44921875,27858.0,0,0.0,0.0,^CNXAUTO
2025-12-05 12:45:00+05:30,27858.650390625,27875.849609375,27845.55078125,27864.75,0,0.0,0.0,^CNXAUTO
2025-12-05 13:00:00+05:30,27864.69921875,27878.05078125,27860.599609375,27869.80078125,0,0.0,0.0,^CNXAUTO
2025-12-05 13:15:00+05:30,27869.30078125,27888.349609375,27865.44921875,27881.599609375,0,0.0,0.0,^CNXAUTO
2025-12-05 13:30:00+05:30,27882.30078125,27910.099609375,27879.05078125,27904.55078125,0,0.0,0.0,^CNXAUTO
2025-12-05 13:45:00+05:30,27904.44921875,27907.900390625,27873.0,27878.19921875,0,0.0,0.0,^CNXAUTO
2025-12-05 14:00:00+05:30,27875.349609375,27892.400390625,27870.19921875,27880.80078125,0,0.0,0.0,^CNXAUTO
2025-12-05 14:15:00+05:30,27881.349609375,27897.30078125,27879.599609375,27891.44921875,0,0.0,0.0,^CNXAUTO
2025-12-05 14:30:00+05:30,27891.5,27897.55078125,27875.099609375,27878.80078125,0,0.0,0.0,^CNXAUTO
2025-12-05 14:45:00+05:30,27878.75,27888.849609375,27840.599609375,27887.849609375,0,0.0,0.0,^CNXAUTO
2025-12-05 15:00:00+05:30,27887.30078125,27955.150390625,27887.30078125,27937.19921875,0,0.0,0.0,^CNXAUTO
2025-12-05 15:15:00+05:30,27935.75,27957.0,27920.30078125,27921.25,0,0.0,0.0,^CNXAUTO
2025-12-08 09:15:00+05:30,27913.900390625,27959.25,27810.650390625,27840.099609375,0,0.0,0.0,^CNXAUTO
2025-12-08 09:30:00+05:30,27839.099609375,27847.19921875,27774.400390625,27807.5,0,0.0,0.0,^CNXAUTO
2025-12-08 09:45:00+05:30,27803.80078125,27805.05078125,27716.25,27717.25,0,0.0,0.0,^CNXAUTO
2025-12-08 10:00:00+05:30,27715.80078125,27737.650390625,27663.849609375,27731.349609375,0,0.0,0.0,^CNXAUTO
2025-12-08 10:15:00+05:30,27731.5,27761.80078125,27724.400390625,27732.400390625,0,0.0,0.0,^CNXAUTO
2025-12-08 10:30:00+05:30,27731.900390625,27733.55078125,27708.55078125,27723.94921875,0,0.0,0.0,^CNXAUTO
2025-12-08 10:45:00+05:30,27722.849609375,27736.44921875,27711.30078125,27717.599609375,0,0.0,0.0,^CNXAUTO
2025-12-08 11:00:00+05:30,27718.80078125,27732.150390625,27705.400390625,27720.30078125,0,0.0,0.0,^CNXAUTO
2025-12-08 11:15:00+05:30,27718.69921875,27730.650390625,27690.05078125,27722.44921875,0,0.0,0.0,^CNXAUTO
2025-12-08 11:30:00+05:30,27722.55078125,27738.05078125,27683.349609375,27701.5,0,0.0,0.0,^CNXAUTO
2025-12-08 11:45:00+05:30,27700.849609375,27701.150390625,27642.599609375,27650.650390625,0,0.0,0.0,^CNXAUTO
2025-12-08 12:00:00+05:30,27650.099609375,27669.099609375,27645.19921875,27661.94921875,0,0.0,0.0,^CNXAUTO
2025-12-08 12:15:00+05:30,27661.55078125,27676.400390625,27648.55078125,27649.75,0,0.0,0.0,^CNXAUTO
2025-12-08 12:30:00+05:30,27649.599609375,27653.94921875,27624.400390625,27636.599609375,0,0.0,0.0,^CNXAUTO
2025-12-08 12:45:00+05:30,27636.0,27649.05078125,27620.05078125,27637.599609375,0,0.0,0.0,^CNXAUTO
2025-12-08 13:00:00+05:30,27636.349609375,27665.0,27622.150390625,27647.150390625,0,0.0,0.0,^CNXAUTO
2025-12-08 13:15:00+05:30,27647.0,27647.30078125,27555.349609375,27577.900390625,0,0.0,0.0,^CNXAUTO
2025-12-08 13:30:00+05:30,27578.400390625,27581.349609375,27508.900390625,27534.44921875,0,0.0,0.0,^CNXAUTO
2025-12-08 13:45:00+05:30,27534.69921875,27571.650390625,27526.55078125,27552.55078125,0,0.0,0.0,^CNXAUTO
2025-12-08 14:00:00+05:30,27553.599609375,27579.44921875,27517.19921875,27550.650390625,0,0.0,0.0,^CNXAUTO
2025-12-08 14:15:00+05:30,27550.099609375,27563.80078125,27521.099609375,27554.80078125,0,0.0,0.0,^CNXAUTO
2025-12-08 14:30:00+05:30,27556.650390625,27559.19921875,27503.900390625,27518.94921875,0,0.0,0.0,^CNXAUTO
2025-12-08 14:45:00+05:30,27518.75,27588.650390625,27511.30078125,27546.69921875,0,0.0,0.0,^CNXAUTO
2025-12-08 15:00:00+05:30,27545.849609375,27618.19921875,27545.849609375,27605.099609375,0,0.0,0.0,^CNXAUTO
2025-12-08 15:15:00+05:30,27605.75,27607.0,27559.0,27574.80078125,0,0.0,0.0,^CNXAUTO
2025-12-09 09:15:00+05:30,27472.19921875,27545.75,27288.19921875,27288.19921875,0,0.0,0.0,^CNXAUTO
2025-12-09 09:30:00+05:30,27287.25,27287.25,27220.75,27251.150390625,0,0.0,0.0,^CNXAUTO
2025-12-09 09:45:00+05:30,27251.599609375,27282.44921875,27127.69921875,27133.05078125,0,0.0,0.0,^CNXAUTO
2025-12-09 10:00:00+05:30,27134.0,27284.400390625,27132.75,27278.599609375,0,0.0,0.0,^CNXAUTO
2025-12-09 10:15:00+05:30,27279.0,27438.5,27275.05078125,27396.55078125,0,0.0,0.0,^CNXAUTO
2025-12-09 10:30:00+05:30,27398.69921875,27400.75,27282.80078125,27306.900390625,0,0.0,0.0,^CNXAUTO
2025-12-09 10:45:00+05:30,27306.19921875,27323.349609375,27284.69921875,27321.599609375,0,0.0,0.0,^CNXAUTO
2025-12-09 11:00:00+05:30,27322.349609375,27395.69921875,27315.150390625,27393.900390625,0,0.0,0.0,^CNXAUTO
2025-12-09 11:15:00+05:30,27392.0,27413.55078125,27370.599609375,27403.05078125,0,0.0,0.0,^CNXAUTO
2025-12-09 11:30:00+05:30,27402.650390625,27411.150390625,27370.5,27370.55078125,0,0.0,0.0,^CNXAUTO
2025-12-09 11:45:00+05:30,27368.900390625,27423.30078125,27365.0,27412.650390625,0,0.0,0.0,^CNXAUTO
2025-12-09 12:00:00+05:30,27411.75,27478.94921875,27402.0,27477.900390625,0,0.0,0.0,^CNXAUTO
2025-12-09 12:15:00+05:30,27478.150390625,27520.400390625,27461.05078125,27502.650390625,0,0.0,0.0,^CNXAUTO
2025-12-09 12:30:00+05:30,27500.849609375,27510.55078125,27486.849609375,27500.30078125,0,0.0,0.0,^CNXAUTO
2025-12-09 12:45:00+05:30,27500.69921875,27509.099609375,27459.650390625,27469.55078125,0,0.0,0.0,^CNXAUTO
2025-12-09 13:00:00+05:30,27469.80078125,27474.849609375,27431.30078125,27450.80078125,0,0.0,0.0,^CNXAUTO
2025-12-09 13:15:00+05:30,27451.150390625,27456.349609375,27415.150390625,27449.599609375,0,0.0,0.0,^CNXAUTO
2025-12-09 13:30:00+05:30,27452.849609375,27480.05078125,27438.650390625,27464.25,0,0.0,0.0,^CNXAUTO
2025-12-09 13:45:00+05:30,27463.900390625,27487.44921875,27449.099609375,27482.80078125,0,0.0,0.0,^CNXAUTO
2025-12-09 14:00:00+05:30,27483.05078125,27490.05078125,27459.0,27476.94921875,0,0.0,0.0,^CNXAUTO
2025-12-09 14:15:00+05:30,27477.19921875,27477.349609375,27388.599609375,27406.75,0,0.0,0.0,^CNXAUTO
2025-12-09 14:30:00+05:30,27407.05078125,27415.05078125,27345.55078125,27373.099609375,0,0.0,0.0,^CNXAUTO
2025-12-09 14:45:00+05:30,27374.900390625,27379.69921875,27333.19921875,27357.599609375,0,0.0,0.0,^CNXAUTO
2025-12-09 15:00:00+05:30,27358.5,27412.849609375,27358.5,27402.75,0,0.0,0.0,^CNXAUTO
2025-12-09 15:15:00+05:30,27403.55078125,27425.30078125,27387.650390625,27422.0,0,0.0,0.0,^CNXAUTO
2025-12-10 09:15:00+05:30,27503.0,27533.80078125,27427.94921875,27515.94921875,0,0.0,0.0,^CNXAUTO
2025-12-10 09:30:00+05:30,27515.44921875,27587.900390625,27511.69921875,27529.849609375,0,0.0,0.0,^CNXAUTO
2025-12-10 09:45:00+05:30,27530.599609375,27547.900390625,27491.599609375,27516.69921875,0,0.0,0.0,^CNXAUTO
2025-12-10 10:00:00+05:30,27517.44921875,27606.849609375,27514.5,27597.69921875,0,0.0,0.0,^CNXAUTO
2025-12-10 10:15:00+05:30,27598.349609375,27632.400390625,27588.69921875,27597.69921875,0,0.0,0.0,^CNXAUTO
2025-12-10 10:30:00+05:30,27599.25,27616.150390625,27574.349609375,27579.19921875,0,0.0,0.0,^CNXAUTO
2025-12-10 10:45:00+05:30,27577.599609375,27581.150390625,27461.849609375,27463.900390625,0,0.0,0.0,^CNXAUTO
2025-12-10 11:00:00+05:30,27466.19921875,27513.650390625,27443.19921875,27510.05078125,0,0.0,0.0,^CNXAUTO
2025-12-10 11:15:00+05:30,27511.599609375,27547.349609375,27491.80078125,27494.650390625,0,0.0,0.0,^CNXAUTO
2025-12-10 11:30:00+05:30,27494.099609375,27538.900390625,27490.05078125,27516.19921875,0,0.0,0.0,^CNXAUTO
2025-12-10 11:45:00+05:30,27516.849609375,27517.94921875,27475.599609375,27505.69921875,0,0.0,0.0,^CNXAUTO
2025-12-10 12:00:00+05:30,27505.69921875,27545.349609375,27485.30078125,27528.94921875,0,0.0,0.0,^CNXAUTO
2025-12-10 12:15:00+05:30,27527.849609375,27544.75,27518.349609375,27530.650390625,0,0.0,0.0,^CNXAUTO
2025-12-10 12:30:00+05:30,27530.400390625,27532.650390625,27439.69921875,27450.05078125,0,0.0,0.0,^CNXAUTO
2025-12-10 12:45:00+05:30,27449.5,27486.94921875,27444.349609375,27484.30078125,0,0.0,0.0,^CNXAUTO
2025-12-10 13:00:00+05:30,27484.900390625,27510.25,27481.5,27503.94921875,0,0.0,0.0,^CNXAUTO
2025-12-10 13:15:00+05:30,27505.05078125,27523.650390625,27493.650390625,27515.349609375,0,0.0,0.0,^CNXAUTO
2025-12-10 13:30:00+05:30,27513.55078125,27517.30078125,27466.349609375,27470.44921875,0,0.0,0.0,^CNXAUTO
2025-12-10 13:45:00+05:30,27470.44921875,27478.75,27448.650390625,27455.94921875,0,0.0,0.0,^CNXAUTO
2025-12-10 14:00:00+05:30,27456.099609375,27461.55078125,27389.150390625,27390.599609375,0,0.0,0.0,^CNXAUTO
2025-12-10 14:15:00+05:30,27390.80078125,27400.900390625,27329.75,27336.25,0,0.0,0.0,^CNXAUTO
2025-12-10 14:30:00+05:30,27339.30078125,27403.400390625,27336.30078125,27360.05078125,0,0.0,0.0,^CNXAUTO
2025-12-10 14:45:00+05:30,27361.5,27366.849609375,27313.5,27339.44921875,0,0.0,0.0,^CNXAUTO
2025-12-10 15:00:00+05:30,27342.80078125,27382.0,27335.099609375,27363.0,0,0.0,0.0,^CNXAUTO
2025-12-10 15:15:00+05:30,27363.25,27370.05078125,27327.849609375,27347.900390625,0,0.0,0.0,^CNXAUTO
2025-12-11 09:15:00+05:30,27362.94921875,27428.05078125,27309.150390625,27414.400390625,0,0.0,0.0,^CNXAUTO
2025-12-11 09:30:00+05:30,27415.94921875,27439.599609375,27359.25,27402.900390625,0,0.0,0.0,^CNXAUTO
2025-12-11 09:45:00+05:30,27403.349609375,27493.849609375,27395.5,27463.099609375,0,0.0,0.0,^CNXAUTO
2025-12-11 10:00:00+05:30,27459.05078125,27544.69921875,27449.44921875,27544.69921875,0,0.0,0.0,^CNXAUTO
2025-12-11 10:15:00+05:30,27546.0,27574.0,27521.75,27529.80078125,0,0.0,0.0,^CNXAUTO
2025-12-11 10:30:00+05:30,27530.099609375,27548.25,27500.099609375,27527.30078125,0,0.0,0.0,^CNXAUTO
2025-12-11 10:45:00+05:30,27527.30078125,27534.900390625,27469.55078125,27480.400390625,0,0.0,0.0,^CNXAUTO
2025-12-11 11:00:00+05:30,27480.19921875,27523.849609375,27464.94921875,27511.400390625,0,0.0,0.0,^CNXAUTO
2025-12-11 11:15:00+05:30,27511.5,27563.30078125,27505.599609375,27552.25,0,0.0,0.0,^CNXAUTO
2025-12-11 11:30:00+05:30,27552.25,27560.69921875,27537.19921875,27555.05078125,0,0.0,0.0,^CNXAUTO
2025-12-11 11:45:00+05:30,27554.349609375,27562.94921875,27528.400390625,27557.80078125,0,0.0,0.0,^CNXAUTO
2025-12-11 12:00:00+05:30,27557.599609375,27604.05078125,27557.0,27596.75,0,0.0,0.0,^CNXAUTO
2025-12-11 12:15:00+05:30,27597.099609375,27644.19921875,27583.0,27630.30078125,0,0.0,0.0,^CNXAUTO
2025-12-11 12:30:00+05:30,27629.94921875,27641.30078125,27612.599609375,27637.80078125,0,0.0,0.0,^CNXAUTO
2025-12-11 12:45:00+05:30,27638.599609375,27646.75,27617.900390625,27622.099609375,0,0.0,0.0,^CNXAUTO
2025-12-11 13:00:00+05:30,27621.44921875,27650.94921875,27609.349609375,27650.599609375,0,0.0,0.0,^CNXAUTO
2025-12-11 13:15:00+05:30,27650.599609375,27666.69921875,27640.30078125,27647.099609375,0,0.0,0.0,^CNXAUTO
2025-12-11 13:30:00+05:30,27646.19921875,27683.94921875,27644.05078125,27659.25,0,0.0,0.0,^CNXAUTO
2025-12-11 13:45:00+05:30,27658.0,27677.44921875,27652.19921875,27660.0,0,0.0,0.0,^CNXAUTO
2025-12-11 14:00:00+05:30,27660.0,27662.0,27586.849609375,27602.19921875,0,0.0,0.0,^CNXAUTO
2025-12-11 14:15:00+05:30,27602.5,27667.94921875,27600.55078125,27663.80078125,0,0.0,0.0,^CNXAUTO
2025-12-11 14:30:00+05:30,27661.75,27674.099609375,27618.30078125,27623.900390625,0,0.0,0.0,^CNXAUTO
2025-12-11 14:45:00+05:30,27624.0,27635.900390625,27594.349609375,27632.599609375,0,0.0,0.0,^CNXAUTO
2025-12-11 15:00:00+05:30,27632.19921875,27680.55078125,27632.19921875,27659.19921875,0,0.0,0.0,^CNXAUTO
2025-12-11 15:15:00+05:30,27658.69921875,27679.0,27621.30078125,27634.80078125,0,0.0,0.0,^CNXAUTO
2025-12-12 09:15:00+05:30,27687.849609375,27759.69921875,27684.94921875,27744.349609375,0,0.0,0.0,^CNXAUTO
2025-12-12 09:30:00+05:30,27739.75,27796.599609375,27735.5,27795.150390625,0,0.0,0.0,^CNXAUTO
2025-12-12 09:45:00+05:30,27796.150390625,27852.44921875,27778.44921875,27839.30078125,0,0.0,0.0,^CNXAUTO
2025-12-12 10:00:00+05:30,27840.19921875,27846.150390625,27759.900390625,27793.05078125,0,0.0,0.0,^CNXAUTO
2025-12-12 10:15:00+05:30,27793.900390625,27825.69921875,27765.75,27786.0,0,0.0,0.0,^CNXAUTO
2025-12-12 10:30:00+05:30,27786.349609375,27841.94921875,27776.05078125,27790.25,0,0.0,0.0,^CNXAUTO
2025-12-12 10:45:00+05:30,27790.400390625,27805.25,27757.55078125,27769.05078125,0,0.0,0.0,^CNXAUTO
2025-12-12 11:00:00+05:30,27769.05078125,27814.099609375,27766.30078125,27814.099609375,0,0.0,0.0,^CNXAUTO
2025-12-12 11:15:00+05:30,27814.25,27815.19921875,27764.69921875,27768.599609375,0,0.0,0.0,^CNXAUTO
2025-12-12 11:30:00+05:30,27768.80078125,27779.0,27751.94921875,27766.69921875,0,0.0,0.0,^CNXAUTO
2025-12-12 11:45:00+05:30,27766.5,27773.599609375,27748.0,27767.44921875,0,0.0,0.0,^CNXAUTO
2025-12-12 12:00:00+05:30,27767.349609375,27776.849609375,27730.650390625,27742.900390625,0,0.0,0.0,^CNXAUTO
2025-12-12 12:15:00+05:30,27742.599609375,27762.05078125,27738.25,27752.30078125,0,0.0,0.0,^CNXAUTO
2025-12-12 12:30:00+05:30,27752.849609375,27774.150390625,27731.849609375,27731.849609375,0,0.0,0.0,^CNXAUTO
2025-12-12 12:45:00+05:30,27731.849609375,27762.900390625,27728.05078125,27759.849609375,0,0.0,0.0,^CNXAUTO
2025-12-12 13:00:00+05:30,27760.30078125,27760.650390625,27723.150390625,27756.30078125,0,0.0,0.0,^CNXAUTO
2025-12-12 13:15:00+05:30,27756.099609375,27760.94921875,27730.849609375,27738.80078125,0,0.0,0.0,^CNXAUTO
2025-12-12 13:30:00+05:30,27738.94921875,27751.55078125,27723.05078125,27749.69921875,0,0.0,0.0,^CNXAUTO
2025-12-12 13:45:00+05:30,27749.69921875,27788.150390625,27747.80078125,27783.25,0,0.0,0.0,^CNXAUTO
2025-12-12 14:00:00+05:30,27783.5,27828.099609375,27782.0,27814.5,0,0.0,0.0,^CNXAUTO
2025-12-12 14:15:00+05:30,27814.5,27815.25,27779.25,27790.80078125,0,0.0,0.0,^CNXAUTO
2025-12-12 14:30:00+05:30,27791.25,27805.150390625,27780.599609375,27790.19921875,0,0.0,0.0,^CNXAUTO
2025-12-12 14:45:00+05:30,27790.099609375,27801.75,27777.400390625,27794.849609375,0,0.0,0.0,^CNXAUTO
2025-12-12 15:00:00+05:30,27796.25,27828.650390625,27796.25,27824.55078125,0,0.0,0.0,^CNXAUTO
2025-12-12 15:15:00+05:30,27823.94921875,27827.30078125,27806.5,27814.5,0,0.0,0.0,^CNXAUTO
2025-12-15 09:15:00+05:30,27704.25,27768.400390625,27513.0,27515.599609375,0,0.0,0.0,^CNXAUTO
2025-12-15 09:30:00+05:30,27517.099609375,27542.150390625,27485.05078125,27508.400390625,0,0.0,0.0,^CNXAUTO
2025-12-15 09:45:00+05:30,27507.75,27542.69921875,27478.150390625,27535.5,0,0.0,0.0,^CNXAUTO
2025-12-15 10:00:00+05:30,27535.099609375,27560.650390625,27526.19921875,27556.75,0,0.0,0.0,^CNXAUTO
2025-12-15 10:15:00+05:30,27554.94921875,27562.55078125,27504.30078125,27530.0,0,0.0,0.0,^CNXAUTO
2025-12-15 10:30:00+05:30,27532.0,27561.55078125,27520.0,27560.900390625,0,0.0,0.0,^CNXAUTO
2025-12-15 10:45:00+05:30,27560.44921875,27581.650390625,27551.80078125,27563.55078125,0,0.0,0.0,^CNXAUTO
2025-12-15 11:00:00+05:30,27563.650390625,27584.349609375,27541.400390625,27551.849609375,0,0.0,0.0,^CNXAUTO
2025-12-15 11:15:00+05:30,27551.849609375,27558.44921875,27524.80078125,27554.349609375,0,0.0,0.0,^CNXAUTO
2025-12-15 11:30:00+05:30,27553.44921875,27560.69921875,27511.44921875,27512.30078125,0,0.0,0.0,^CNXAUTO
2025-12-15 11:45:00+05:30,27512.05078125,27550.69921875,27505.55078125,27539.400390625,0,0.0,0.0,^CNXAUTO
2025-12-15 12:00:00+05:30,27539.650390625,27557.349609375,27511.94921875,27555.44921875,0,0.0,0.0,^CNXAUTO
2025-12-15 12:15:00+05:30,27556.80078125,27571.400390625,27537.25,27544.650390625,0,0.0,0.0,^CNXAUTO
2025-12-15 12:30:00+05:30,27544.44921875,27559.900390625,27531.900390625,27532.900390625,0,0.0,0.0,^CNXAUTO
2025-12-15 12:45:00+05:30,27533.5,27547.650390625,27529.94921875,27539.25,0,0.0,0.0,^CNXAUTO
2025-12-15 13:00:00+05:30,27539.599609375,27586.849609375,27537.55078125,27584.0,0,0.0,0.0,^CNXAUTO
2025-12-15 13:15:00+05:30,27586.5,27593.150390625,27574.94921875,27585.30078125,0,0.0,0.0,^CNXAUTO
2025-12-15 13:30:00+05:30,27585.099609375,27595.25,27579.349609375,27582.599609375,0,0.0,0.0,^CNXAUTO
2025-12-15 13:45:00+05:30,27582.599609375,27614.400390625,27562.349609375,27563.349609375,0,0.0,0.0,^CNXAUTO
2025-12-15 14:00:00+05:30,27562.69921875,27581.30078125,27528.55078125,27555.30078125,0,0.0,0.0,^CNXAUTO
2025-12-15 14:15:00+05:30,27555.099609375,27563.849609375,27541.900390625,27553.650390625,0,0.0,0.0,^CNXAUTO
2025-12-15 14:30:00+05:30,27553.80078125,27557.94921875,27531.5,27549.05078125,0,0.0,0.0,^CNXAUTO
2025-12-15 14:45:00+05:30,27549.44921875,27561.150390625,27541.150390625,27556.25,0,0.0,0.0,^CNXAUTO
2025-12-15 15:00:00+05:30,27555.0,27584.69921875,27553.80078125,27569.900390625,0,0.0,0.0,^CNXAUTO
2025-12-15 15:15:00+05:30,27568.150390625,27577.849609375,27546.5,27554.44921875,0,0.0,0.0,^CNXAUTO
2025-12-16 09:15:00+05:30,27511.900390625,27570.55078125,27447.80078125,27547.5,0,0.0,0.0,^CNXAUTO
2025-12-16 09:30:00+05:30,27545.19921875,27571.849609375,27518.349609375,27569.19921875,0,0.0,0.0,^CNXAUTO
2025-12-16 09:45:00+05:30,27569.69921875,27586.599609375,27526.05078125,27527.599609375,0,0.0,0.0,^CNXAUTO
2025-12-16 10:00:00+05:30,27528.400390625,27529.05078125,27472.75,27499.849609375,0,0.0,0.0,^CNXAUTO
2025-12-16 10:15:00+05:30,27498.0,27543.5,27484.94921875,27540.400390625,0,0.0,0.0,^CNXAUTO
2025-12-16 10:30:00+05:30,27539.650390625,27540.900390625,27510.94921875,27524.30078125,0,0.0,0.0,^CNXAUTO
2025-12-16 10:45:00+05:30,27524.05078125,27536.19921875,27512.849609375,27518.849609375,0,0.0,0.0,^CNXAUTO
2025-12-16 11:00:00+05:30,27518.75,27542.75,27511.25,27527.05078125,0,0.0,0.0,^CNXAUTO
2025-12-16 11:15:00+05:30,27526.849609375,27544.400390625,27508.900390625,27541.80078125,0,0.0,0.0,^CNXAUTO
2025-12-16 11:30:00+05:30,27542.05078125,27546.900390625,27510.94921875,27534.0,0,0.0,0.0,^CNXAUTO
2025-12-16 11:45:00+05:30,27533.44921875,27546.0,27525.25,27530.25,0,0.0,0.0,^CNXAUTO
2025-12-16 12:00:00+05:30,27530.25,27563.44921875,27517.5,27553.650390625,0,0.0,0.0,^CNXAUTO
2025-12-16 12:15:00+05:30,27553.80078125,27565.69921875,27547.849609375,27561.05078125,0,0.0,0.0,^CNXAUTO
2025-12-16 12:30:00+05:30,27561.94921875,27567.849609375,27527.05078125,27531.400390625,0,0.0,0.0,^CNXAUTO
2025-12-16 12:45:00+05:30,27531.599609375,27557.55078125,27518.55078125,27551.55078125,0,0.0,0.0,^CNXAUTO
2025-12-16 13:00:00+05:30,27549.44921875,27552.30078125,27528.30078125,27537.349609375,0,0.0,0.0,^CNXAUTO
2025-12-16 13:15:00+05:30,27537.150390625,27555.5,27530.30078125,27553.05078125,0,0.0,0.0,^CNXAUTO
2025-12-16 13:30:00+05:30,27553.150390625,27574.849609375,27550.099609375,27572.900390625,0,0.0,0.0,^CNXAUTO
2025-12-16 13:45:00+05:30,27571.900390625,27593.849609375,27562.849609375,27566.75,0,0.0,0.0,^CNXAUTO
2025-12-16 14:00:00+05:30,27566.05078125,27579.25,27561.400390625,27568.69921875,0,0.0,0.0,^CNXAUTO
2025-12-16 14:15:00+05:30,27568.94921875,27572.900390625,27537.099609375,27547.05078125,0,0.0,0.0,^CNXAUTO
2025-12-16 14:30:00+05:30,27546.900390625,27574.900390625,27531.650390625,27565.599609375,0,0.0,0.0,^CNXAUTO
2025-12-16 14:45:00+05:30,27566.099609375,27591.0,27559.69921875,27588.349609375,0,0.0,0.0,^CNXAUTO
2025-12-16 15:00:00+05:30,27588.5,27604.599609375,27542.30078125,27546.30078125,0,0.0,0.0,^CNXAUTO
2025-12-16 15:15:00+05:30,27545.599609375,27548.5,27494.25,27518.849609375,0,0.0,0.0,^CNXAUTO
2025-12-17 09:15:00+05:30,27620.0,27672.75,27552.400390625,27644.599609375,0,0.0,0.0,^CNXAUTO
2025-12-17 09:30:00+05:30,27643.44921875,27689.099609375,27617.44921875,27620.650390625,0,0.0,0.0,^CNXAUTO
2025-12-17 09:45:00+05:30,27621.0,27633.400390625,27572.25,27584.099609375,0,0.0,0.0,^CNXAUTO
2025-12-17 10:00:00+05:30,27583.650390625,27592.30078125,27535.94921875,27555.25,0,0.0,0.0,^CNXAUTO
2025-12-17 10:15:00+05:30,27554.94921875,27564.25,27518.55078125,27526.849609375,0,0.0,0.0,^CNXAUTO
2025-12-17 10:30:00+05:30,27526.900390625,27548.150390625,27496.30078125,27511.44921875,0,0.0,0.0,^CNXAUTO
2025-12-17 10:45:00+05:30,27510.849609375,27518.099609375,27465.19921875,27481.400390625,0,0.0,0.0,^CNXAUTO
2025-12-17 11:00:00+05:30,27481.55078125,27534.400390625,27476.44921875,27533.150390625,0,0.0,0.0,^CNXAUTO
2025-12-17 11:15:00+05:30,27533.30078125,27540.5,27486.400390625,27503.30078125,0,0.0,0.0,^CNXAUTO
2025-12-17 11:30:00+05:30,27503.150390625,27515.25,27479.94921875,27498.30078125,0,0.0,0.0,^CNXAUTO
2025-12-17 11:45:00+05:30,27498.5,27526.099609375,27497.69921875,27502.44921875,0,0.0,0.0,^CNXAUTO
2025-12-17 12:00:00+05:30,27502.44921875,27504.69921875,27476.150390625,27485.0,0,0.0,0.0,^CNXAUTO
2025-12-17 12:15:00+05:30,27485.05078125,27503.30078125,27438.849609375,27441.19921875,0,0.0,0.0,^CNXAUTO
2025-12-17 12:30:00+05:30,27438.75,27489.349609375,27438.599609375,27476.0,0,0.0,0.0,^CNXAUTO
2025-12-17 12:45:00+05:30,27476.150390625,27478.5,27450.25,27469.0,0,0.0,0.0,^CNXAUTO
2025-12-17 13:00:00+05:30,27469.30078125,27490.44921875,27468.75,27475.05078125,0,0.0,0.0,^CNXAUTO
2025-12-17 13:15:00+05:30,27475.05078125,27509.19921875,27472.44921875,27507.349609375,0,0.0,0.0,^CNXAUTO
2025-12-17 13:30:00+05:30,27508.349609375,27510.150390625,27466.75,27473.400390625,0,0.0,0.0,^CNXAUTO
2025-12-17 13:45:00+05:30,27473.849609375,27494.80078125,27472.650390625,27487.44921875,0,0.0,0.0,^CNXAUTO
2025-12-17 14:00:00+05:30,27487.30078125,27487.75,27461.150390625,27473.150390625,0,0.0,0.0,^CNXAUTO
2025-12-17 14:15:00+05:30,27472.69921875,27505.349609375,27471.349609375,27476.80078125,0,0.0,0.0,^CNXAUTO
2025-12-17 14:30:00+05:30,27477.44921875,27488.44921875,27452.5,27464.80078125,0,0.0,0.0,^CNXAUTO
2025-12-17 14:45:00+05:30,27465.19921875,27523.94921875,27464.5,27517.900390625,0,0.0,0.0,^CNXAUTO
2025-12-17 15:00:00+05:30,27518.849609375,27540.44921875,27491.349609375,27492.69921875,0,0.0,0.0,^CNXAUTO
2025-12-17 15:15:00+05:30,27493.25,27493.849609375,27453.150390625,27469.150390625,0,0.0,0.0,^CNXAUTO
2025-12-18 09:15:00+05:30,27215.75,27247.099609375,27187.94921875,27209.349609375,0,0.0,0.0,^CNXAUTO
2025-12-18 09:30:00+05:30,27208.69921875,27215.849609375,27112.55078125,27112.55078125,0,0.0,0.0,^CNXAUTO
2025-12-18 09:45:00+05:30,27111.599609375,27111.599609375,27024.849609375,27024.849609375,0,0.0,0.0,^CNXAUTO
2025-12-18 10:00:00+05:30,27025.099609375,27086.44921875,27013.75,27079.19921875,0,0.0,0.0,^CNXAUTO
2025-12-18 10:15:00+05:30,27077.400390625,27177.75,27059.75,27166.900390625,0,0.0,0.0,^CNXAUTO
2025-12-18 10:30:00+05:30,27166.94921875,27193.44921875,27158.099609375,27189.80078125,0,0.0,0.0,^CNXAUTO
2025-12-18 10:45:00+05:30,27189.44921875,27210.599609375,27164.44921875,27196.05078125,0,0.0,0.0,^CNXAUTO
2025-12-18 11:00:00+05:30,27195.849609375,27198.5,27148.55078125,27159.44921875,0,0.0,0.0,^CNXAUTO
2025-12-18 11:15:00+05:30,27158.69921875,27205.099609375,27152.099609375,27201.400390625,0,0.0,0.0,^CNXAUTO
2025-12-18 11:30:00+05:30,27201.599609375,27216.30078125,27198.900390625,27216.150390625,0,0.0,0.0,^CNXAUTO
2025-12-18 11:45:00+05:30,27214.69921875,27262.75,27178.099609375,27240.650390625,0,0.0,0.0,^CNXAUTO
2025-12-18 12:00:00+05:30,27238.30078125,27261.69921875,27228.349609375,27259.650390625,0,0.0,0.0,^CNXAUTO
2025-12-18 12:15:00+05:30,27260.19921875,27283.0,27242.099609375,27276.5,0,0.0,0.0,^CNXAUTO
2025-12-18 12:30:00+05:30,27276.55078125,27323.69921875,27276.55078125,27319.400390625,0,0.0,0.0,^CNXAUTO
2025-12-18 12:45:00+05:30,27319.25,27335.75,27288.0,27309.75,0,0.0,0.0,^CNXAUTO
2025-12-18 13:00:00+05:30,27309.349609375,27326.69921875,27305.69921875,27320.650390625,0,0.0,0.0,^CNXAUTO
2025-12-18 13:15:00+05:30,27320.80078125,27337.94921875,27310.30078125,27321.650390625,0,0.0,0.0,^CNXAUTO
2025-12-18 13:30:00+05:30,27322.69921875,27331.150390625,27301.900390625,27315.05078125,0,0.0,0.0,^CNXAUTO
2025-12-18 13:45:00+05:30,27313.599609375,27325.25,27294.349609375,27300.150390625,0,0.0,0.0,^CNXAUTO
2025-12-18 14:00:00+05:30,27299.75,27307.349609375,27247.099609375,27257.5,0,0.0,0.0,^CNXAUTO
2025-12-18 14:15:00+05:30,27257.5,27258.099609375,27217.0,27237.900390625,0,0.0,0.0,^CNXAUTO
2025-12-18 14:30:00+05:30,27240.599609375,27288.55078125,27234.69921875,27242.75,0,0.0,0.0,^CNXAUTO
2025-12-18 14:45:00+05:30,27242.25,27255.75,27213.349609375,27243.05078125,0,0.0,0.0,^CNXAUTO
2025-12-18 15:00:00+05:30,27243.80078125,27346.400390625,27243.80078125,27326.94921875,0,0.0,0.0,^CNXAUTO
2025-12-18 15:15:00+05:30,27326.19921875,27335.849609375,27304.80078125,27306.30078125,0,0.0,0.0,^CNXAUTO
2025-12-19 09:15:00+05:30,27280.400390625,27502.55078125,27280.400390625,27471.75,0,0.0,0.0,^CNXAUTO
2025-12-19 09:30:00+05:30,27471.599609375,27506.650390625,27452.94921875,27484.19921875,0,0.0,0.0,^CNXAUTO
2025-12-19 09:45:00+05:30,27483.80078125,27525.849609375,27452.150390625,27458.44921875,0,0.0,0.0,^CNXAUTO
2025-12-19 10:00:00+05:30,27457.599609375,27473.099609375,27427.05078125,27437.25,0,0.0,0.0,^CNXAUTO
2025-12-19 10:15:00+05:30,27436.849609375,27516.69921875,27432.44921875,27500.05078125,0,0.0,0.0,^CNXAUTO
2025-12-19 10:30:00+05:30,27500.94921875,27551.75,27494.44921875,27544.05078125,0,0.0,0.0,^CNXAUTO
2025-12-19 10:45:00+05:30,27543.69921875,27558.25,27522.55078125,27532.5,0,0.0,0.0,^CNXAUTO
2025-12-19 11:00:00+05:30,27532.69921875,27536.0,27497.0,27526.55078125,0,0.0,0.0,^CNXAUTO
2025-12-19 11:15:00+05:30,27526.349609375,27571.900390625,27520.0,27541.69921875,0,0.0,0.0,^CNXAUTO
2025-12-19 11:30:00+05:30,27542.599609375,27574.75,27536.650390625,27543.400390625,0,0.0,0.0,^CNXAUTO
2025-12-19 11:45:00+05:30,27543.650390625,27569.25,27532.650390625,27556.0,0,0.0,0.0,^CNXAUTO
2025-12-19 12:00:00+05:30,27555.80078125,27605.849609375,27551.849609375,27581.19921875,0,0.0,0.0,^CNXAUTO
2025-12-19 12:15:00+05:30,27581.30078125,27589.849609375,27562.150390625,27576.44921875,0,0.0,0.0,^CNXAUTO
2025-12-19 12:30:00+05:30,27576.599609375,27614.599609375,27575.25,27603.5,0,0.0,0.0,^CNXAUTO
2025-12-19 12:45:00+05:30,27603.30078125,27606.19921875,27573.150390625,27593.80078125,0,0.0,0.0,^CNXAUTO
2025-12-19 13:00:00+05:30,27594.44921875,27610.75,27569.5,27572.55078125,0,0.0,0.0,^CNXAUTO
2025-12-19 13:15:00+05:30,27572.94921875,27611.150390625,27572.94921875,27611.05078125,0,0.0,0.0,^CNXAUTO
2025-12-19 13:30:00+05:30,27611.150390625,27638.30078125,27602.75,27637.19921875,0,0.0,0.0,^CNXAUTO
2025-12-19 13:45:00+05:30,27636.44921875,27637.75,27599.69921875,27610.099609375,0,0.0,0.0,^CNXAUTO
2025-12-19 14:00:00+05:30,27610.099609375,27622.599609375,27594.849609375,27603.849609375,0,0.0,0.0,^CNXAUTO
2025-12-19 14:15:00+05:30,27604.05078125,27619.69921875,27594.5,27604.69921875,0,0.0,0.0,^CNXAUTO
2025-12-19 14:30:00+05:30,27604.849609375,27639.80078125,27603.099609375,27637.0,0,0.0,0.0,^CNXAUTO
2025-12-19 14:45:00+05:30,27637.400390625,27665.099609375,27634.5,27636.30078125,0,0.0,0.0,^CNXAUTO
2025-12-19 15:00:00+05:30,27636.80078125,27665.94921875,27620.349609375,27659.849609375,0,0.0,0.0,^CNXAUTO
2025-12-19 15:15:00+05:30,27660.19921875,27691.099609375,27647.599609375,27678.0,0,0.0,0.0,^CNXAUTO
2025-12-22 09:15:00+05:30,27722.900390625,27804.5,27666.05078125,27800.599609375,0,0.0,0.0,^CNXAUTO
2025-12-22 09:30:00+05:30,27802.849609375,27875.5,27799.0,27824.599609375,0,0.0,0.0,^CNXAUTO
2025-12-22 09:45:00+05:30,27824.099609375,27826.75,27773.44921875,27813.75,0,0.0,0.0,^CNXAUTO
2025-12-22 10:00:00+05:30,27813.80078125,27845.80078125,27802.94921875,27843.94921875,0,0.0,0.0,^CNXAUTO
2025-12-22 10:15:00+05:30,27843.650390625,27853.19921875,27811.599609375,27823.05078125,0,0.0,0.0,^CNXAUTO
2025-12-22 10:30:00+05:30,27821.30078125,27853.849609375,27813.44921875,27827.30078125,0,0.0,0.0,^CNXAUTO
2025-12-22 10:45:00+05:30,27827.44921875,27847.30078125,27819.69921875,27840.5,0,0.0,0.0,^CNXAUTO
2025-12-22 11:00:00+05:30,27840.099609375,27845.19921875,27820.5,27821.80078125,0,0.0,0.0,^CNXAUTO
2025-12-22 11:15:00+05:30,27822.599609375,27844.30078125,27820.5,27843.69921875,0,0.0,0.0,^CNXAUTO
2025-12-22 11:30:00+05:30,27843.5,27855.150390625,27827.849609375,27837.30078125,0,0.0,0.0,^CNXAUTO
2025-12-22 11:45:00+05:30,27837.19921875,27841.30078125,27806.44921875,27810.349609375,0,0.0,0.0,^CNXAUTO
2025-12-22 12:00:00+05:30,27810.599609375,27813.94921875,27788.400390625,27797.099609375,0,0.0,0.0,^CNXAUTO
2025-12-22 12:15:00+05:30,27796.849609375,27818.19921875,27795.30078125,27800.5,0,0.0,0.0,^CNXAUTO
2025-12-22 12:30:00+05:30,27800.349609375,27808.69921875,27782.099609375,27792.650390625,0,0.0,0.0,^CNXAUTO
2025-12-22 12:45:00+05:30,27792.75,27807.44921875,27784.94921875,27790.400390625,0,0.0,0.0,^CNXAUTO
2025-12-22 13:00:00+05:30,27790.400390625,27790.94921875,27769.19921875,27770.80078125,0,0.0,0.0,^CNXAUTO
2025-12-22 13:15:00+05:30,27771.349609375,27809.5,27766.900390625,27802.05078125,0,0.0,0.0,^CNXAUTO
2025-12-22 13:30:00+05:30,27801.900390625,27811.30078125,27794.25,27806.55078125,0,0.0,0.0,^CNXAUTO
2025-12-22 13:45:00+05:30,27806.25,27823.849609375,27793.55078125,27793.900390625,0,0.0,0.0,^CNXAUTO
2025-12-22 14:00:00+05:30,27793.5,27823.349609375,27790.69921875,27815.94921875,0,0.0,0.0,^CNXAUTO
2025-12-22 14:15:00+05:30,27816.19921875,27824.55078125,27804.099609375,27814.349609375,0,0.0,0.0,^CNXAUTO
2025-12-22 14:30:00+05:30,27813.69921875,27834.75,27800.80078125,27801.19921875,0,0.0,0.0,^CNXAUTO
2025-12-22 14:45:00+05:30,27801.55078125,27832.94921875,27792.80078125,27829.30078125,0,0.0,0.0,^CNXAUTO
2025-12-22 15:00:00+05:30,27830.80078125,27893.900390625,27830.80078125,27872.69921875,0,0.0,0.0,^CNXAUTO
2025-12-22 15:15:00+05:30,27873.5,27895.30078125,27870.55078125,27879.849609375,0,0.0,0.0,^CNXAUTO
2025-12-23 09:15:00+05:30,27955.650390625,27955.650390625,27839.25,27847.80078125,0,0.0,0.0,^CNXAUTO
2025-12-23 09:30:00+05:30,27848.349609375,27854.650390625,27778.44921875,27787.849609375,0,0.0,0.0,^CNXAUTO
2025-12-23 09:45:00+05:30,27787.900390625,27870.44921875,27778.75,27863.05078125,0,0.0,0.0,^CNXAUTO
2025-12-23 10:00:00+05:30,27863.05078125,27870.150390625,27846.0,27858.80078125,0,0.0,0.0,^CNXAUTO
2025-12-23 10:15:00+05:30,27857.80078125,27860.75,27828.849609375,27849.5,0,0.0,0.0,^CNXAUTO
2025-12-23 10:30:00+05:30,27849.0,27856.599609375,27818.55078125,27833.900390625,0,0.0,0.0,^CNXAUTO
2025-12-23 10:45:00+05:30,27833.94921875,27852.099609375,27824.150390625,27833.0,0,0.0,0.0,^CNXAUTO
2025-12-23 11:00:00+05:30,27833.30078125,27867.400390625,27820.150390625,27858.55078125,0,0.0,0.0,^CNXAUTO
2025-12-23 11:15:00+05:30,27858.94921875,27877.55078125,27841.75,27866.150390625,0,0.0,0.0,^CNXAUTO
2025-12-23 11:30:00+05:30,27865.099609375,27876.5,27828.599609375,27843.80078125,0,0.0,0.0,^CNXAUTO
2025-12-23 11:45:00+05:30,27843.94921875,27878.650390625,27823.80078125,27876.69921875,0,0.0,0.0,^CNXAUTO
2025-12-23 12:00:00+05:30,27876.69921875,27908.349609375,27875.55078125,27902.400390625,0,0.0,0.0,^CNXAUTO
2025-12-23 12:15:00+05:30,27902.69921875,27926.150390625,27899.94921875,27908.5,0,0.0,0.0,^CNXAUTO
2025-12-23 12:30:00+05:30,27909.0,27920.80078125,27897.099609375,27910.30078125,0,0.0,0.0,^CNXAUTO
2025-12-23 12:45:00+05:30,27911.400390625,27923.650390625,27899.849609375,27901.25,0,0.0,0.0,^CNXAUTO
2025-12-23 13:00:00+05:30,27904.05078125,27913.599609375,27894.349609375,27907.0,0,0.0,0.0,^CNXAUTO
2025-12-23 13:15:00+05:30,27905.94921875,27926.55078125,27893.150390625,27919.80078125,0,0.0,0.0,^CNXAUTO
2025-12-23 13:30:00+05:30,27920.150390625,27933.5,27908.150390625,27920.19921875,0,0.0,0.0,^CNXAUTO
2025-12-23 13:45:00+05:30,27919.94921875,27943.400390625,27917.0,27942.349609375,0,0.0,0.0,^CNXAUTO
2025-12-23 14:00:00+05:30,27942.30078125,27943.400390625,27917.349609375,27923.400390625,0,0.0,0.0,^CNXAUTO
2025-12-23 14:15:00+05:30,27923.400390625,27951.80078125,27920.5,27925.349609375,0,0.0,0.0,^CNXAUTO
2025-12-23 14:30:00+05:30,27925.400390625,27927.900390625,27857.75,27857.75,0,0.0,0.0,^CNXAUTO
2025-12-23 14:45:00+05:30,27856.80078125,27900.400390625,27847.05078125,27899.30078125,0,0.0,0.0,^CNXAUTO
2025-12-23 15:00:00+05:30,27899.400390625,27935.05078125,27882.150390625,27895.69921875,0,0.0,0.0,^CNXAUTO
2025-12-23 15:15:00+05:30,27898.599609375,27905.599609375,27859.150390625,27867.25,0,0.0,0.0,^CNXAUTO
2025-12-24 09:15:00+05:30,27909.599609375,27909.599609375,27814.900390625,27900.94921875,0,0.0,0.0,^CNXAUTO
2025-12-24 09:30:00+05:30,27903.400390625,27915.5,27878.349609375,27885.349609375,0,0.0,0.0,^CNXAUTO
2025-12-24 09:45:00+05:30,27885.150390625,27888.44921875,27845.30078125,27861.30078125,0,0.0,0.0,^CNXAUTO
2025-12-24 10:00:00+05:30,27861.349609375,27886.900390625,27854.650390625,27879.55078125,0,0.0,0.0,^CNXAUTO
2025-12-24 10:15:00+05:30,27881.25,27915.69921875,27875.19921875,27915.0,0,0.0,0.0,^CNXAUTO
2025-12-24 10:30:00+05:30,27915.150390625,27925.80078125,27897.55078125,27914.5,0,0.0,0.0,^CNXAUTO
2025-12-24 10:45:00+05:30,27914.19921875,27932.55078125,27898.94921875,27928.650390625,0,0.0,0.0,^CNXAUTO
2025-12-24 11:00:00+05:30,27928.650390625,27944.099609375,27902.849609375,27909.05078125,0,0.0,0.0,^CNXAUTO
2025-12-24 11:15:00+05:30,27910.19921875,27941.19921875,27900.150390625,27934.94921875,0,0.0,0.0,^CNXAUTO
2025-12-24 11:30:00+05:30,27934.349609375,27943.25,27901.75,27902.44921875,0,0.0,0.0,^CNXAUTO
2025-12-24 11:45:00+05:30,27904.349609375,27944.80078125,27891.150390625,27939.25,0,0.0,0.0,^CNXAUTO
2025-12-24 12:00:00+05:30,27938.55078125,27963.55078125,27930.69921875,27957.650390625,0,0.0,0.0,^CNXAUTO
2025-12-24 12:15:00+05:30,27955.400390625,27975.650390625,27939.900390625,27975.099609375,0,0.0,0.0,^CNXAUTO
2025-12-24 12:30:00+05:30,27975.349609375,27991.900390625,27972.150390625,27982.80078125,0,0.0,0.0,^CNXAUTO
2025-12-24 12:45:00+05:30,27980.599609375,27984.900390625,27941.44921875,27945.69921875,0,0.0,0.0,^CNXAUTO
2025-12-24 13:00:00+05:30,27945.75,27952.19921875,27928.05078125,27948.25,0,0.0,0.0,^CNXAUTO
2025-12-24 13:15:00+05:30,27947.150390625,27955.349609375,27933.849609375,27946.400390625,0,0.0,0.0,^CNXAUTO
2025-12-24 13:30:00+05:30,27946.55078125,27950.25,27926.44921875,27946.400390625,0,0.0,0.0,^CNXAUTO
2025-12-24 13:45:00+05:30,27947.5,27953.599609375,27928.5,27946.19921875,0,0.0,0.0,^CNXAUTO
2025-12-24 14:00:00+05:30,27946.0,27946.19921875,27919.5,27940.150390625,0,0.0,0.0,^CNXAUTO
2025-12-24 14:15:00+05:30,27940.0,27945.25,27898.349609375,27916.80078125,0,0.0,0.0,^CNXAUTO
2025-12-24 14:30:00+05:30,27917.349609375,27925.19921875,27885.44921875,27894.900390625,0,0.0,0.0,^CNXAUTO
2025-12-24 14:45:00+05:30,27896.55078125,27915.599609375,27888.44921875,27908.849609375,0,0.0,0.0,^CNXAUTO
2025-12-24 15:00:00+05:30,27908.849609375,27926.400390625,27876.69921875,27889.599609375,0,0.0,0.0,^CNXAUTO
2025-12-24 15:15:00+05:30,27889.349609375,27897.650390625,27856.05078125,27876.55078125,0,0.0,0.0,^CNXAUTO
2025-12-26 09:15:00+05:30,27879.80078125,27958.30078125,27822.25,27928.0,0,0.0,0.0,^CNXAUTO
2025-12-26 09:30:00+05:30,27929.19921875,27934.30078125,27853.44921875,27859.05078125,0,0.0,0.0,^CNXAUTO
2025-12-26 09:45:00+05:30,27859.19921875,27864.849609375,27834.650390625,27855.44921875,0,0.0,0.0,^CNXAUTO
2025-12-26 10:00:00+05:30,27855.05078125,27859.55078125,27806.05078125,27813.94921875,0,0.0,0.0,^CNXAUTO
2025-12-26 10:15:00+05:30,27815.099609375,27843.650390625,27810.30078125,27843.44921875,0,0.0,0.0,^CNXAUTO
2025-12-26 10:30:00+05:30,27843.5,27844.30078125,27825.900390625,27831.5,0,0.0,0.0,^CNXAUTO
2025-12-26 10:45:00+05:30,27831.30078125,27831.30078125,27800.400390625,27811.5,0,0.0,0.0,^CNXAUTO
2025-12-26 11:00:00+05:30,27811.5,27813.44921875,27783.400390625,27785.599609375,0,0.0,0.0,^CNXAUTO
2025-12-26 11:15:00+05:30,27785.400390625,27787.599609375,27750.099609375,27751.80078125,0,0.0,0.0,^CNXAUTO
2025-12-26 11:30:00+05:30,27751.900390625,27752.75,27729.25,27738.94921875,0,0.0,0.0,^CNXAUTO
2025-12-26 11:45:00+05:30,27738.94921875,27750.650390625,27730.0,27733.150390625,0,0.0,0.0,^CNXAUTO
2025-12-26 12:00:00+05:30,27733.400390625,27787.400390625,27732.650390625,27782.69921875,0,0.0,0.0,^CNXAUTO
2025-12-26 12:15:00+05:30,27782.75,27785.44921875,27759.44921875,27775.75,0,0.0,0.0,^CNXAUTO
2025-12-26 12:30:00+05:30,27775.400390625,27776.849609375,27726.900390625,27740.05078125,0,0.0,0.0,^CNXAUTO
2025-12-26 12:45:00+05:30,27742.55078125,27756.30078125,27727.44921875,27743.30078125,0,0.0,0.0,^CNXAUTO
2025-12-26 13:00:00+05:30,27743.599609375,27759.94921875,27743.5,27757.0,0,0.0,0.0,^CNXAUTO
2025-12-26 13:15:00+05:30,27756.5,27775.0,27737.849609375,27750.75,0,0.0,0.0,^CNXAUTO
2025-12-26 13:30:00+05:30,27750.19921875,27752.650390625,27738.80078125,27747.55078125,0,0.0,0.0,^CNXAUTO
2025-12-26 13:45:00+05:30,27747.55078125,27762.05078125,27732.150390625,27738.44921875,0,0.0,0.0,^CNXAUTO
2025-12-26 14:00:00+05:30,27738.900390625,27761.69921875,27710.30078125,27739.900390625,0,0.0,0.0,^CNXAUTO
2025-12-26 14:15:00+05:30,27739.900390625,27743.099609375,27703.5,27708.30078125,0,0.0,0.0,^CNXAUTO
2025-12-26 14:30:00+05:30,27708.55078125,27716.80078125,27683.30078125,27688.55078125,0,0.0,0.0,^CNXAUTO
2025-12-26 14:45:00+05:30,27688.55078125,27733.150390625,27683.599609375,27732.349609375,0,0.0,0.0,^CNXAUTO
2025-12-26 15:00:00+05:30,27732.25,27745.400390625,27715.650390625,27739.44921875,0,0.0,0.0,^CNXAUTO
2025-12-26 15:15:00+05:30,27739.19921875,27754.150390625,27726.19921875,27745.900390625,0,0.0,0.0,^CNXAUTO
2025-12-29 09:15:00+05:30,27739.44921875,27802.55078125,27713.849609375,27796.05078125,0,0.0,0.0,^CNXAUTO
2025-12-29 09:30:00+05:30,27799.44921875,27833.650390625,27793.80078125,27813.19921875,0,0.0,0.0,^CNXAUTO
2025-12-29 09:45:00+05:30,27812.900390625,27829.599609375,27757.400390625,27757.400390625,0,0.0,0.0,^CNXAUTO
2025-12-29 10:00:00+05:30,27757.400390625,27772.05078125,27722.849609375,27729.30078125,0,0.0,0.0,^CNXAUTO
2025-12-29 10:15:00+05:30,27729.94921875,27733.44921875,27699.400390625,27711.30078125,0,0.0,0.0,^CNXAUTO
2025-12-29 10:30:00+05:30,27711.19921875,27738.30078125,27692.69921875,27692.69921875,0,0.0,0.0,^CNXAUTO
2025-12-29 10:45:00+05:30,27693.349609375,27714.650390625,27681.599609375,27708.099609375,0,0.0,0.0,^CNXAUTO
2025-12-29 11:00:00+05:30,27707.30078125,27711.05078125,27662.05078125,27668.400390625,0,0.0,0.0,^CNXAUTO
2025-12-29 11:15:00+05:30,27667.80078125,27690.099609375,27641.849609375,27684.849609375,0,0.0,0.0,^CNXAUTO
2025-12-29 11:30:00+05:30,27683.80078125,27698.599609375,27676.0,27681.80078125,0,0.0,0.0,^CNXAUTO
2025-12-29 11:45:00+05:30,27682.150390625,27708.55078125,27678.30078125,27698.0,0,0.0,0.0,^CNXAUTO
2025-12-29 12:00:00+05:30,27697.30078125,27719.05078125,27684.25,27692.30078125,0,0.0,0.0,^CNXAUTO
2025-12-29 12:15:00+05:30,27691.55078125,27694.30078125,27663.099609375,27678.25,0,0.0,0.0,^CNXAUTO
2025-12-29 12:30:00+05:30,27678.25,27684.5,27656.150390625,27670.19921875,0,0.0,0.0,^CNXAUTO
2025-12-29 12:45:00+05:30,27670.5,27693.599609375,27669.349609375,27688.44921875,0,0.0,0.0,^CNXAUTO
2025-12-29 13:00:00+05:30,27688.75,27696.400390625,27660.900390625,27664.05078125,0,0.0,0.0,^CNXAUTO
2025-12-29 13:15:00+05:30,27664.349609375,27670.900390625,27642.849609375,27646.55078125,0,0.0,0.0,^CNXAUTO
2025-12-29 13:30:00+05:30,27646.400390625,27653.900390625,27600.69921875,27612.0,0,0.0,0.0,^CNXAUTO
2025-12-29 13:45:00+05:30,27613.80078125,27659.80078125,27612.150390625,27653.5,0,0.0,0.0,^CNXAUTO
2025-12-29 14:00:00+05:30,27655.5,27662.900390625,27626.25,27628.75,0,0.0,0.0,^CNXAUTO
2025-12-29 14:15:00+05:30,27629.349609375,27660.25,27604.849609375,27634.25,0,0.0,0.0,^CNXAUTO
2025-12-29 14:30:00+05:30,27634.80078125,27655.650390625,27599.849609375,27604.849609375,0,0.0,0.0,^CNXAUTO
2025-12-29 14:45:00+05:30,27604.44921875,27606.55078125,27561.650390625,27589.75,0,0.0,0.0,^CNXAUTO
2025-12-29 15:00:00+05:30,27588.30078125,27617.0,27579.400390625,27583.349609375,0,0.0,0.0,^CNXAUTO
2025-12-29 15:15:00+05:30,27582.349609375,27613.0,27571.5,27611.94921875,0,0.0,0.0,^CNXAUTO
2025-12-30 09:15:00+05:30,27592.099609375,27600.849609375,27516.849609375,27577.25,0,0.0,0.0,^CNXAUTO
2025-12-30 09:30:00+05:30,27577.19921875,27737.349609375,27577.19921875,27734.650390625,0,0.0,0.0,^CNXAUTO
2025-12-30 09:45:00+05:30,27733.69921875,27777.650390625,27709.44921875,27746.900390625,0,0.0,0.0,^CNXAUTO
2025-12-30 10:00:00+05:30,27748.349609375,27804.900390625,27742.69921875,27801.25,0,0.0,0.0,^CNXAUTO
2025-12-30 10:15:00+05:30,27802.5,27849.55078125,27796.55078125,27849.55078125,0,0.0,0.0,^CNXAUTO
2025-12-30 10:30:00+05:30,27849.900390625,27936.94921875,27848.400390625,27926.94921875,0,0.0,0.0,^CNXAUTO
2025-12-30 10:45:00+05:30,27927.55078125,27929.349609375,27806.44921875,27813.80078125,0,0.0,0.0,^CNXAUTO
2025-12-30 11:00:00+05:30,27813.44921875,27841.25,27794.05078125,27797.80078125,0,0.0,0.0,^CNXAUTO
2025-12-30 11:15:00+05:30,27796.849609375,27822.55078125,27794.099609375,27812.44921875,0,0.0,0.0,^CNXAUTO
2025-12-30 11:30:00+05:30,27812.55078125,27818.400390625,27791.150390625,27807.599609375,0,0.0,0.0,^CNXAUTO
2025-12-30 11:45:00+05:30,27808.55078125,27816.19921875,27786.69921875,27792.900390625,0,0.0,0.0,^CNXAUTO
2025-12-30 12:00:00+05:30,27796.650390625,27817.349609375,27782.05078125,27791.900390625,0,0.0,0.0,^CNXAUTO
2025-12-30 12:15:00+05:30,27792.55078125,27802.900390625,27774.849609375,27781.80078125,0,0.0,0.0,^CNXAUTO
2025-12-30 12:30:00+05:30,27779.25,27790.30078125,27764.94921875,27776.55078125,0,0.0,0.0,^CNXAUTO
2025-12-30 12:45:00+05:30,27776.349609375,27790.0,27765.650390625,27770.94921875,0,0.0,0.0,^CNXAUTO
2025-12-30 13:00:00+05:30,27768.599609375,27776.30078125,27750.599609375,27761.900390625,0,0.0,0.0,^CNXAUTO
2025-12-30 13:15:00+05:30,27759.0,27773.44921875,27750.400390625,27764.900390625,0,0.0,0.0,^CNXAUTO
2025-12-30 13:30:00+05:30,27764.80078125,27800.599609375,27755.599609375,27795.55078125,0,0.0,0.0,^CNXAUTO
2025-12-30 13:45:00+05:30,27798.349609375,27869.900390625,27795.5,27868.349609375,0,0.0,0.0,^CNXAUTO
2025-12-30 14:00:00+05:30,27868.55078125,27872.849609375,27833.650390625,27853.80078125,0,0.0,0.0,^CNXAUTO
2025-12-30 14:15:00+05:30,27853.599609375,27906.349609375,27853.599609375,27870.19921875,0,0.0,0.0,^CNXAUTO
2025-12-30 14:30:00+05:30,27868.400390625,27945.69921875,27868.400390625,27937.05078125,0,0.0,0.0,^CNXAUTO
2025-12-30 14:45:00+05:30,27933.19921875,27991.19921875,27933.150390625,27966.400390625,0,0.0,0.0,^CNXAUTO
2025-12-30 15:00:00+05:30,27968.80078125,27989.69921875,27851.099609375,27900.599609375,0,0.0,0.0,^CNXAUTO
2025-12-30 15:15:00+05:30,27896.75,27908.19921875,27835.55078125,27867.44921875,0,0.0,0.0,^CNXAUTO
2025-12-31 09:15:00+05:30,27900.44921875,27984.75,27875.30078125,27952.5,0,0.0,0.0,^CNXAUTO
2025-12-31 09:30:00+05:30,27951.5,27979.599609375,27912.55078125,27916.19921875,0,0.0,0.0,^CNXAUTO
2025-12-31 09:45:00+05:30,27916.150390625,27925.69921875,27858.650390625,27904.849609375,0,0.0,0.0,^CNXAUTO
2025-12-31 10:00:00+05:30,27905.599609375,27946.05078125,27895.849609375,27941.099609375,0,0.0,0.0,^CNXAUTO
2025-12-31 10:15:00+05:30,27939.80078125,28002.349609375,27927.80078125,27998.69921875,0,0.0,0.0,^CNXAUTO
2025-12-31 10:30:00+05:30,27998.0,28033.5,27987.80078125,28025.94921875,0,0.0,0.0,^CNXAUTO
2025-12-31 10:45:00+05:30,28022.30078125,28054.44921875,28003.19921875,28051.349609375,0,0.0,0.0,^CNXAUTO
2025-12-31 11:00:00+05:30,28048.349609375,28071.80078125,28038.19921875,28043.19921875,0,0.0,0.0,^CNXAUTO
2025-12-31 11:15:00+05:30,28041.25,28052.75,27990.44921875,27994.19921875,0,0.0,0.0,^CNXAUTO
2025-12-31 11:30:00+05:30,27994.599609375,28013.80078125,27973.30078125,28005.849609375,0,0.0,0.0,^CNXAUTO
2025-12-31 11:45:00+05:30,28006.150390625,28071.599609375,27996.900390625,28044.5,0,0.0,0.0,^CNXAUTO
2025-12-31 12:00:00+05:30,28045.05078125,28062.55078125,28033.19921875,28049.55078125,0,0.0,0.0,^CNXAUTO
2025-12-31 12:15:00+05:30,28051.150390625,28081.94921875,28041.44921875,28079.5,0,0.0,0.0,^CNXAUTO
2025-12-31 12:30:00+05:30,28080.0,28149.05078125,28078.349609375,28138.650390625,0,0.0,0.0,^CNXAUTO
2025-12-31 12:45:00+05:30,28137.94921875,28158.400390625,28129.19921875,28154.099609375,0,0.0,0.0,^CNXAUTO
2025-12-31 13:00:00+05:30,28154.19921875,28161.099609375,28117.5,28121.55078125,0,0.0,0.0,^CNXAUTO
2025-12-31 13:15:00+05:30,28120.94921875,28138.400390625,28106.900390625,28109.349609375,0,0.0,0.0,^CNXAUTO
2025-12-31 13:30:00+05:30,28109.19921875,28121.55078125,28080.599609375,28096.25,0,0.0,0.0,^CNXAUTO
2025-12-31 13:45:00+05:30,28095.05078125,28137.349609375,28093.69921875,28125.400390625,0,0.0,0.0,^CNXAUTO
2025-12-31 14:00:00+05:30,28125.30078125,28151.30078125,28119.900390625,28134.900390625,0,0.0,0.0,^CNXAUTO
2025-12-31 14:15:00+05:30,28134.400390625,28137.75,28099.55078125,28111.30078125,0,0.0,0.0,^CNXAUTO
2025-12-31 14:30:00+05:30,28110.75,28176.150390625,28110.150390625,28162.94921875,0,0.0,0.0,^CNXAUTO
2025-12-31 14:45:00+05:30,28161.599609375,28226.75,28156.0,28215.150390625,0,0.0,0.0,^CNXAUTO
2025-12-31 15:00:00+05:30,28215.25,28216.25,28171.44921875,28177.099609375,0,0.0,0.0,^CNXAUTO
2025-12-31 15:15:00+05:30,28176.55078125,28213.94921875,28175.25,28196.69921875,0,0.0,0.0,^CNXAUTO
2026-01-01 09:15:00+05:30,28256.099609375,28335.400390625,28256.099609375,28294.19921875,0,0.0,0.0,^CNXAUTO
2026-01-01 09:30:00+05:30,28292.75,28342.5,28274.099609375,28332.150390625,0,0.0,0.0,^CNXAUTO
2026-01-01 09:45:00+05:30,28332.150390625,28418.5,28307.349609375,28332.5,0,0.0,0.0,^CNXAUTO
2026-01-01 10:00:00+05:30,28332.75,28370.55078125,28292.75,28315.25,0,0.0,0.0,^CNXAUTO
2026-01-01 10:15:00+05:30,28314.44921875,28314.94921875,28248.849609375,28301.44921875,0,0.0,0.0,^CNXAUTO
2026-01-01 10:30:00+05:30,28301.44921875,28350.94921875,28280.25,28333.05078125,0,0.0,0.0,^CNXAUTO
2026-01-01 10:45:00+05:30,28329.400390625,28377.099609375,28324.80078125,28361.44921875,0,0.0,0.0,^CNXAUTO
2026-01-01 11:00:00+05:30,28361.849609375,28413.30078125,28357.650390625,28407.30078125,0,0.0,0.0,^CNXAUTO
2026-01-01 11:15:00+05:30,28408.05078125,28434.099609375,28395.44921875,28424.44921875,0,0.0,0.0,^CNXAUTO
2026-01-01 11:30:00+05:30,28424.25,28439.650390625,28407.69921875,28419.650390625,0,0.0,0.0,^CNXAUTO
2026-01-01 11:45:00+05:30,28417.80078125,28419.150390625,28392.19921875,28411.900390625,0,0.0,0.0,^CNXAUTO
2026-01-01 12:00:00+05:30,28412.349609375,28414.900390625,28353.349609375,28359.900390625,0,0.0,0.0,^CNXAUTO
2026-01-01 12:15:00+05:30,28359.900390625,28397.400390625,28353.099609375,28376.05078125,0,0.0,0.0,^CNXAUTO
2026-01-01 12:30:00+05:30,28376.150390625,28378.349609375,28334.30078125,28363.05078125,0,0.0,0.0,^CNXAUTO
2026-01-01 12:45:00+05:30,28362.80078125,28411.05078125,28362.80078125,28403.650390625,0,0.0,0.0,^CNXAUTO
2026-01-01 13:00:00+05:30,28403.849609375,28418.30078125,28387.75,28396.55078125,0,0.0,0.0,^CNXAUTO
2026-01-01 13:15:00+05:30,28395.5,28418.69921875,28391.75,28404.30078125,0,0.0,0.0,^CNXAUTO
2026-01-01 13:30:00+05:30,28407.55078125,28422.900390625,28390.05078125,28399.19921875,0,0.0,0.0,^CNXAUTO
2026-01-01 13:45:00+05:30,28399.19921875,28441.30078125,28392.30078125,28430.5,0,0.0,0.0,^CNXAUTO
2026-01-01 14:00:00+05:30,28431.349609375,28469.900390625,28429.599609375,28468.849609375,0,0.0,0.0,^CNXAUTO
2026-01-01 14:15:00+05:30,28468.900390625,28492.80078125,28422.400390625,28431.19921875,0,0.0,0.0,^CNXAUTO
2026-01-01 14:30:00+05:30,28431.150390625,28466.5,28430.650390625,28455.80078125,0,0.0,0.0,^CNXAUTO
2026-01-01 14:45:00+05:30,28456.099609375,28497.69921875,28453.55078125,28494.849609375,0,0.0,0.0,^CNXAUTO
2026-01-01 15:00:00+05:30,28496.44921875,28503.44921875,28468.650390625,28489.94921875,0,0.0,0.0,^CNXAUTO
2026-01-01 15:15:00+05:30,28489.400390625,28496.849609375,28468.400390625,28484.05078125,0,0.0,0.0,^CNXAUTO
2026-01-02 09:15:00+05:30,28545.69921875,28767.05078125,28507.19921875,28761.69921875,0,0.0,0.0,^CNXAUTO
2026-01-02 09:30:00+05:30,28762.849609375,28767.150390625,28652.05078125,28697.80078125,0,0.0,0.0,^CNXAUTO
2026-01-02 09:45:00+05:30,28699.900390625,28800.25,28690.30078125,28774.30078125,0,0.0,0.0,^CNXAUTO
2026-01-02 10:00:00+05:30,28775.80078125,28813.05078125,28761.650390625,28805.900390625,0,0.0,0.0,^CNXAUTO
2026-01-02 10:15:00+05:30,28810.44921875,28822.650390625,28718.099609375,28732.25,0,0.0,0.0,^CNXAUTO
2026-01-02 10:30:00+05:30,28733.80078125,28736.94921875,28698.0,28714.80078125,0,0.0,0.0,^CNXAUTO
2026-01-02 10:45:00+05:30,28714.80078125,28783.05078125,28706.900390625,28778.05078125,0,0.0,0.0,^CNXAUTO
2026-01-02 11:00:00+05:30,28777.94921875,28789.75,28756.900390625,28782.19921875,0,0.0,0.0,^CNXAUTO
2026-01-02 11:15:00+05:30,28782.5,28803.44921875,28779.55078125,28797.5,0,0.0,0.0,^CNXAUTO
2026-01-02 11:30:00+05:30,28797.150390625,28812.19921875,28781.69921875,28794.25,0,0.0,0.0,^CNXAUTO
2026-01-02 11:45:00+05:30,28793.5,28819.349609375,28785.849609375,28812.55078125,0,0.0,0.0,^CNXAUTO
2026-01-02 12:00:00+05:30,28812.650390625,28834.349609375,28806.69921875,28831.05078125,0,0.0,0.0,^CNXAUTO
2026-01-02 12:15:00+05:30,28831.05078125,28849.599609375,28819.44921875,28837.5,0,0.0,0.0,^CNXAUTO
2026-01-02 12:30:00+05:30,28837.349609375,28848.5,28827.900390625,28836.44921875,0,0.0,0.0,^CNXAUTO
2026-01-02 12:45:00+05:30,28836.5,28855.94921875,28822.349609375,28851.400390625,0,0.0,0.0,^CNXAUTO
2026-01-02 13:00:00+05:30,28851.55078125,28865.19921875,28840.900390625,28861.05078125,0,0.0,0.0,^CNXAUTO
2026-01-02 13:15:00+05:30,28860.94921875,28866.94921875,28818.25,28824.55078125,0,0.0,0.0,^CNXAUTO
2026-01-02 13:30:00+05:30,28823.94921875,28842.349609375,28811.900390625,28831.25,0,0.0,0.0,^CNXAUTO
2026-01-02 13:45:00+05:30,28832.349609375,28845.599609375,28802.0,28805.150390625,0,0.0,0.0,^CNXAUTO
2026-01-02 14:00:00+05:30,28805.75,28818.05078125,28793.400390625,28800.69921875,0,0.0,0.0,^CNXAUTO
2026-01-02 14:15:00+05:30,28801.69921875,28829.900390625,28796.099609375,28821.849609375,0,0.0,0.0,^CNXAUTO
2026-01-02 14:30:00+05:30,28822.25,28822.25,28737.150390625,28756.5,0,0.0,0.0,^CNXAUTO
2026-01-02 14:45:00+05:30,28758.099609375,28767.900390625,28714.80078125,28757.80078125,0,0.0,0.0,^CNXAUTO
2026-01-02 15:00:00+05:30,28758.44921875,28821.75,28758.44921875,28807.94921875,0,0.0,0.0,^CNXAUTO
2026-01-02 15:15:00+05:30,28808.94921875,28817.25,28786.349609375,28812.5,0,0.0,0.0,^CNXAUTO
2026-01-05 09:15:00+05:30,28869.650390625,28904.19921875,28807.400390625,28893.80078125,0,0.0,0.0,^CNXAUTO
2026-01-05 09:30:00+05:30,28891.55078125,28914.19921875,28855.94921875,28913.25,0,0.0,0.0,^CNXAUTO
2026-01-05 09:45:00+05:30,28913.75,29004.099609375,28912.94921875,28980.650390625,0,0.0,0.0,^CNXAUTO
2026-01-05 10:00:00+05:30,28979.25,29026.5,28950.30078125,29026.19921875,0,0.0,0.0,^CNXAUTO
2026-01-05 10:15:00+05:30,29026.69921875,29084.099609375,29021.94921875,29031.44921875,0,0.0,0.0,^CNXAUTO
2026-01-05 10:30:00+05:30,29031.19921875,29086.80078125,29031.099609375,29062.349609375,0,0.0,0.0,^CNXAUTO
2026-01-05 10:45:00+05:30,29062.30078125,29179.099609375,29055.94921875,29145.849609375,0,0.0,0.0,^CNXAUTO
2026-01-05 11:00:00+05:30,29146.5,29154.099609375,29052.599609375,29063.44921875,0,0.0,0.0,^CNXAUTO
2026-01-05 11:15:00+05:30,29062.650390625,29080.349609375,29008.900390625,29009.25,0,0.0,0.0,^CNXAUTO
2026-01-05 11:30:00+05:30,29008.5,29039.94921875,28992.650390625,29039.69921875,0,0.0,0.0,^CNXAUTO
2026-01-05 11:45:00+05:30,29040.599609375,29053.849609375,29021.05078125,29048.75,0,0.0,0.0,^CNXAUTO
2026-01-05 12:00:00+05:30,29048.69921875,29050.55078125,28993.94921875,29032.94921875,0,0.0,0.0,^CNXAUTO
2026-01-05 12:15:00+05:30,29033.55078125,29045.0,29011.55078125,29016.55078125,0,0.0,0.0,^CNXAUTO
2026-01-05 12:30:00+05:30,29016.0,29050.44921875,29015.80078125,29045.30078125,0,0.0,0.0,^CNXAUTO
2026-01-05 12:45:00+05:30,29046.349609375,29059.25,29029.69921875,29047.44921875,0,0.0,0.0,^CNXAUTO
2026-01-05 13:00:00+05:30,29047.69921875,29050.5,28975.25,28977.5,0,0.0,0.0,^CNXAUTO
2026-01-05 13:15:00+05:30,28977.5,28977.5,28938.80078125,28939.849609375,0,0.0,0.0,^CNXAUTO
2026-01-05 13:30:00+05:30,28939.849609375,28949.599609375,28915.94921875,28937.900390625,0,0.0,0.0,^CNXAUTO
2026-01-05 13:45:00+05:30,28937.80078125,28956.349609375,28885.150390625,28885.150390625,0,0.0,0.0,^CNXAUTO
2026-01-05 14:00:00+05:30,28884.75,28890.05078125,28820.55078125,28861.5,0,0.0,0.0,^CNXAUTO
2026-01-05 14:15:00+05:30,28861.599609375,28890.849609375,28851.650390625,28859.150390625,0,0.0,0.0,^CNXAUTO
2026-01-05 14:30:00+05:30,28858.900390625,28919.5,28856.400390625,28917.400390625,0,0.0,0.0,^CNXAUTO
2026-01-05 14:45:00+05:30,28917.150390625,28972.80078125,28909.30078125,28971.400390625,0,0.0,0.0,^CNXAUTO
2026-01-05 15:00:00+05:30,28971.25,28971.400390625,28890.150390625,28896.150390625,0,0.0,0.0,^CNXAUTO
2026-01-05 15:15:00+05:30,28895.25,28903.75,28869.05078125,28894.55078125,0,0.0,0.0,^CNXAUTO
2026-01-06 09:15:00+05:30,28922.0,28986.150390625,28838.94921875,28861.150390625,0,0.0,0.0,^CNXAUTO
2026-01-06 09:30:00+05:30,28859.05078125,28945.25,28857.80078125,28928.349609375,0,0.0,0.0,^CNXAUTO
2026-01-06 09:45:00+05:30,28929.25,28989.349609375,28899.44921875,28953.150390625,0,0.0,0.0,^CNXAUTO
2026-01-06 10:00:00+05:30,28953.0,28964.69921875,28886.0,28896.30078125,0,0.0,0.0,^CNXAUTO
2026-01-06 10:15:00+05:30,28897.5,28908.0,28812.55078125,28821.19921875,0,0.0,0.0,^CNXAUTO
2026-01-06 10:30:00+05:30,28820.849609375,28861.25,28817.650390625,28838.849609375,0,0.0,0.0,^CNXAUTO
2026-01-06 10:45:00+05:30,28838.349609375,28858.400390625,28830.44921875,28841.44921875,0,0.0,0.0,^CNXAUTO
2026-01-06 11:00:00+05:30,28842.44921875,28864.349609375,28834.599609375,28853.650390625,0,0.0,0.0,^CNXAUTO
2026-01-06 11:15:00+05:30,28853.44921875,28858.55078125,28816.05078125,28824.650390625,0,0.0,0.0,^CNXAUTO
2026-01-06 11:30:00+05:30,28823.55078125,28904.900390625,28819.75,28900.19921875,0,0.0,0.0,^CNXAUTO
2026-01-06 11:45:00+05:30,28899.94921875,28903.55078125,28873.349609375,28884.55078125,0,0.0,0.0,^CNXAUTO
2026-01-06 12:00:00+05:30,28884.349609375,28895.599609375,28860.849609375,28868.69921875,0,0.0,0.0,^CNXAUTO
2026-01-06 12:15:00+05:30,28870.25,28880.0,28853.5,28866.55078125,0,0.0,0.0,^CNXAUTO
2026-01-06 12:30:00+05:30,28866.30078125,28885.75,28851.150390625,28879.75,0,0.0,0.0,^CNXAUTO
2026-01-06 12:45:00+05:30,28878.80078125,28925.099609375,28875.30078125,28923.55078125,0,0.0,0.0,^CNXAUTO
2026-01-06 13:00:00+05:30,28924.599609375,28939.55078125,28899.900390625,28902.44921875,0,0.0,0.0,^CNXAUTO
2026-01-06 13:15:00+05:30,28903.19921875,28910.099609375,28893.5,28903.55078125,0,0.0,0.0,^CNXAUTO
2026-01-06 13:30:00+05:30,28903.19921875,28916.80078125,28891.599609375,28910.650390625,0,0.0,0.0,^CNXAUTO
2026-01-06 13:45:00+05:30,28911.0,28920.44921875,28882.650390625,28888.19921875,0,0.0,0.0,^CNXAUTO
2026-01-06 14:00:00+05:30,28889.0,28920.650390625,28864.650390625,28875.94921875,0,0.0,0.0,^CNXAUTO
2026-01-06 14:15:00+05:30,28877.19921875,28903.19921875,28843.05078125,28902.05078125,0,0.0,0.0,^CNXAUTO
2026-01-06 14:30:00+05:30,28902.099609375,28904.80078125,28859.650390625,28899.44921875,0,0.0,0.0,^CNXAUTO
2026-01-06 14:45:00+05:30,28899.849609375,28913.44921875,28885.19921875,28911.5,0,0.0,0.0,^CNXAUTO
2026-01-06 15:00:00+05:30,28911.0,28953.0,28905.80078125,28911.80078125,0,0.0,0.0,^CNXAUTO
2026-01-06 15:15:00+05:30,28912.900390625,28930.69921875,28900.75,28921.75,0,0.0,0.0,^CNXAUTO
2026-01-07 09:15:00+05:30,28919.94921875,28930.55078125,28760.650390625,28775.25,0,0.0,0.0,^CNXAUTO
2026-01-07 09:30:00+05:30,28778.44921875,28802.80078125,28734.75,28735.0,0,0.0,0.0,^CNXAUTO
2026-01-07 09:45:00+05:30,28732.5,28816.05078125,28727.900390625,28815.5,0,0.0,0.0,^CNXAUTO
2026-01-07 10:00:00+05:30,28814.75,28867.900390625,28800.349609375,28867.900390625,0,0.0,0.0,^CNXAUTO
2026-01-07 10:15:00+05:30,28867.19921875,28891.0,28775.150390625,28779.75,0,0.0,0.0,^CNXAUTO
2026-01-07 10:30:00+05:30,28778.55078125,28795.05078125,28766.19921875,28789.5,0,0.0,0.0,^CNXAUTO
2026-01-07 10:45:00+05:30,28788.30078125,28822.0,28772.599609375,28800.650390625,0,0.0,0.0,^CNXAUTO
2026-01-07 11:00:00+05:30,28799.80078125,28807.650390625,28741.19921875,28742.099609375,0,0.0,0.0,^CNXAUTO
2026-01-07 11:15:00+05:30,28742.75,28771.900390625,28741.400390625,28751.30078125,0,0.0,0.0,^CNXAUTO
2026-01-07 11:30:00+05:30,28753.30078125,28781.5,28741.150390625,28745.30078125,0,0.0,0.0,^CNXAUTO
2026-01-07 11:45:00+05:30,28745.900390625,28765.099609375,28734.94921875,28742.099609375,0,0.0,0.0,^CNXAUTO
2026-01-07 12:00:00+05:30,28743.69921875,28743.900390625,28715.5,28728.5,0,0.0,0.0,^CNXAUTO
2026-01-07 12:15:00+05:30,28728.349609375,28729.650390625,28694.55078125,28696.25,0,0.0,0.0,^CNXAUTO
2026-01-07 12:30:00+05:30,28695.5,28742.55078125,28691.80078125,28709.849609375,0,0.0,0.0,^CNXAUTO
2026-01-07 12:45:00+05:30,28711.0,28718.94921875,28690.650390625,28690.80078125,0,0.0,0.0,^CNXAUTO
2026-01-07 13:00:00+05:30,28690.849609375,28701.849609375,28612.30078125,28616.099609375,0,0.0,0.0,^CNXAUTO
2026-01-07 13:15:00+05:30,28613.400390625,28613.80078125,28524.75,28532.44921875,0,0.0,0.0,^CNXAUTO
2026-01-07 13:30:00+05:30,28533.0,28545.650390625,28501.099609375,28515.44921875,0,0.0,0.0,^CNXAUTO
2026-01-07 13:45:00+05:30,28511.650390625,28556.400390625,28504.30078125,28553.55078125,0,0.0,0.0,^CNXAUTO
2026-01-07 14:00:00+05:30,28553.44921875,28619.599609375,28532.349609375,28585.5,0,0.0,0.0,^CNXAUTO
2026-01-07 14:15:00+05:30,28582.599609375,28621.5,28569.75,28615.80078125,0,0.0,0.0,^CNXAUTO
2026-01-07 14:30:00+05:30,28614.69921875,28655.75,28591.25,28652.19921875,0,0.0,0.0,^CNXAUTO
2026-01-07 14:45:00+05:30,28652.599609375,28701.099609375,28639.349609375,28701.099609375,0,0.0,0.0,^CNXAUTO
2026-01-07 15:00:00+05:30,28702.19921875,28722.19921875,28669.05078125,28697.55078125,0,0.0,0.0,^CNXAUTO
2026-01-07 15:15:00+05:30,28697.19921875,28710.55078125,28667.75,28702.55078125,0,0.0,0.0,^CNXAUTO
2026-01-08 09:15:00+05:30,28637.849609375,28637.849609375,28518.44921875,28562.05078125,0,0.0,0.0,^CNXAUTO
2026-01-08 09:30:00+05:30,28563.30078125,28652.44921875,28512.650390625,28646.30078125,0,0.0,0.0,^CNXAUTO
2026-01-08 09:45:00+05:30,28645.099609375,28662.0,28565.849609375,28649.900390625,0,0.0,0.0,^CNXAUTO
2026-01-08 10:00:00+05:30,28650.05078125,28650.900390625,28555.55078125,28607.150390625,0,0.0,0.0,^CNXAUTO
2026-01-08 10:15:00+05:30,28608.55078125,28609.099609375,28545.0,28578.5,0,0.0,0.0,^CNXAUTO
2026-01-08 10:30:00+05:30,28578.94921875,28604.099609375,28562.150390625,28574.099609375,0,0.0,0.0,^CNXAUTO
2026-01-08 10:45:00+05:30,28572.69921875,28576.94921875,28520.94921875,28530.44921875,0,0.0,0.0,^CNXAUTO
2026-01-08 11:00:00+05:30,28528.55078125,28541.400390625,28458.55078125,28463.44921875,0,0.0,0.0,^CNXAUTO
2026-01-08 11:15:00+05:30,28462.599609375,28497.44921875,28428.55078125,28458.30078125,0,0.0,0.0,^CNXAUTO
2026-01-08 11:30:00+05:30,28457.75,28471.75,28440.94921875,28453.599609375,0,0.0,0.0,^CNXAUTO
2026-01-08 11:45:00+05:30,28455.150390625,28477.30078125,28411.849609375,28414.55078125,0,0.0,0.0,^CNXAUTO
2026-01-08 12:00:00+05:30,28414.94921875,28432.05078125,28358.0,28431.05078125,0,0.0,0.0,^CNXAUTO
2026-01-08 12:15:00+05:30,28431.150390625,28471.80078125,28415.849609375,28469.94921875,0,0.0,0.0,^CNXAUTO
2026-01-08 12:30:00+05:30,28467.349609375,28501.900390625,28435.400390625,28473.75,0,0.0,0.0,^CNXAUTO
2026-01-08 12:45:00+05:30,28473.0,28483.44921875,28440.099609375,28466.400390625,0,0.0,0.0,^CNXAUTO
2026-01-08 13:00:00+05:30,28464.80078125,28513.400390625,28445.75,28502.0,0,0.0,0.0,^CNXAUTO
2026-01-08 13:15:00+05:30,28501.69921875,28502.30078125,28440.650390625,28444.0,0,0.0,0.0,^CNXAUTO
2026-01-08 13:30:00+05:30,28444.0,28474.5,28435.25,28447.80078125,0,0.0,0.0,^CNXAUTO
2026-01-08 13:45:00+05:30,28448.650390625,28496.75,28448.650390625,28461.650390625,0,0.0,0.0,^CNXAUTO
2026-01-08 14:00:00+05:30,28462.650390625,28484.650390625,28440.55078125,28457.349609375,0,0.0,0.0,^CNXAUTO
2026-01-08 14:15:00+05:30,28458.099609375,28487.19921875,28417.099609375,28426.44921875,0,0.0,0.0,^CNXAUTO
2026-01-08 14:30:00+05:30,28425.349609375,28476.5,28410.349609375,28476.349609375,0,0.0,0.0,^CNXAUTO
2026-01-08 14:45:00+05:30,28475.80078125,28516.80078125,28467.05078125,28510.150390625,0,0.0,0.0,^CNXAUTO
2026-01-08 15:00:00+05:30,28509.19921875,28512.75,28400.25,28422.30078125,0,0.0,0.0,^CNXAUTO
2026-01-08 15:15:00+05:30,28422.849609375,28427.349609375,28366.900390625,28368.25,0,0.0,0.0,^CNXAUTO
2026-01-09 09:15:00+05:30,28383.75,28515.05078125,28319.80078125,28378.349609375,0,0.0,0.0,^CNXAUTO
2026-01-09 09:30:00+05:30,28375.55078125,28422.69921875,28294.80078125,28362.25,0,0.0,0.0,^CNXAUTO
2026-01-09 09:45:00+05:30,28363.0,28472.099609375,28351.099609375,28462.75,0,0.0,0.0,^CNXAUTO
2026-01-09 10:00:00+05:30,28461.25,28479.69921875,28414.44921875,28417.30078125,0,0.0,0.0,^CNXAUTO
2026-01-09 10:15:00+05:30,28417.099609375,28463.25,28395.400390625,28426.80078125,0,0.0,0.0,^CNXAUTO
2026-01-09 10:30:00+05:30,28427.150390625,28446.94921875,28371.44921875,28422.05078125,0,0.0,0.0,^CNXAUTO
2026-01-09 10:45:00+05:30,28422.05078125,28455.75,28359.69921875,28370.05078125,0,0.0,0.0,^CNXAUTO
2026-01-09 11:00:00+05:30,28370.150390625,28381.25,28346.25,28356.69921875,0,0.0,0.0,^CNXAUTO
2026-01-09 11:15:00+05:30,28355.80078125,28377.650390625,28330.80078125,28375.900390625,0,0.0,0.0,^CNXAUTO
2026-01-09 11:30:00+05:30,28375.75,28401.5,28301.349609375,28302.25,0,0.0,0.0,^CNXAUTO
2026-01-09 11:45:00+05:30,28304.80078125,28307.94921875,28240.69921875,28252.44921875,0,0.0,0.0,^CNXAUTO
2026-01-09 12:00:00+05:30,28252.55078125,28294.099609375,28238.19921875,28269.599609375,0,0.0,0.0,^CNXAUTO
2026-01-09 12:15:00+05:30,28271.05078125,28288.400390625,28209.75,28210.05078125,0,0.0,0.0,^CNXAUTO
2026-01-09 12:30:00+05:30,28210.05078125,28220.55078125,28153.400390625,28166.650390625,0,0.0,0.0,^CNXAUTO
2026-01-09 12:45:00+05:30,28165.900390625,28185.80078125,28131.099609375,28176.900390625,0,0.0,0.0,^CNXAUTO
2026-01-09 13:00:00+05:30,28177.69921875,28193.19921875,28114.55078125,28119.5,0,0.0,0.0,^CNXAUTO
2026-01-09 13:15:00+05:30,28119.25,28162.30078125,28113.69921875,28151.900390625,0,0.0,0.0,^CNXAUTO
2026-01-09 13:30:00+05:30,28151.19921875,28198.69921875,28140.25,28153.25,0,0.0,0.0,^CNXAUTO
2026-01-09 13:45:00+05:30,28153.150390625,28157.30078125,28092.55078125,28137.5,0,0.0,0.0,^CNXAUTO
2026-01-09 14:00:00+05:30,28138.849609375,28147.75,28096.69921875,28098.849609375,0,0.0,0.0,^CNXAUTO
2026-01-09 14:15:00+05:30,28099.05078125,28121.44921875,28077.05078125,28079.099609375,0,0.0,0.0,^CNXAUTO
2026-01-09 14:30:00+05:30,28080.849609375,28129.849609375,28035.849609375,28091.5,0,0.0,0.0,^CNXAUTO
2026-01-09 14:45:00+05:30,28090.94921875,28153.650390625,28085.80078125,28135.0,0,0.0,0.0,^CNXAUTO
2026-01-09 15:00:00+05:30,28134.400390625,28139.30078125,28064.150390625,28100.5,0,0.0,0.0,^CNXAUTO
2026-01-09 15:15:00+05:30,28100.19921875,28122.80078125,28061.900390625,28118.30078125,0,0.0,0.0,^CNXAUTO
2026-01-12 09:15:00+05:30,28065.150390625,28162.25,27846.69921875,27859.099609375,0,0.0,0.0,^CNXAUTO
2026-01-12 09:30:00+05:30,27859.5,27986.44921875,27832.55078125,27851.349609375,0,0.0,0.0,^CNXAUTO
2026-01-12 09:45:00+05:30,27849.900390625,27952.099609375,27810.05078125,27826.650390625,0,0.0,0.0,^CNXAUTO
2026-01-12 10:00:00+05:30,27828.25,27908.400390625,27786.44921875,27786.44921875,0,0.0,0.0,^CNXAUTO
2026-01-12 10:15:00+05:30,27785.900390625,27860.5,27758.69921875,27817.94921875,0,0.0,0.0,^CNXAUTO
2026-01-12 10:30:00+05:30,27816.19921875,27835.80078125,27640.150390625,27656.69921875,0,0.0,0.0,^CNXAUTO
2026-01-12 10:45:00+05:30,27656.69921875,27711.900390625,27609.94921875,27619.25,0,0.0,0.0,^CNXAUTO
2026-01-12 11:00:00+05:30,27622.599609375,27622.599609375,27545.349609375,27560.599609375,0,0.0,0.0,^CNXAUTO
2026-01-12 11:15:00+05:30,27562.44921875,27578.5,27529.150390625,27535.5,0,0.0,0.0,^CNXAUTO
2026-01-12 11:30:00+05:30,27535.25,27555.5,27492.900390625,27505.650390625,0,0.0,0.0,^CNXAUTO
2026-01-12 11:45:00+05:30,27504.69921875,27603.05078125,27501.849609375,27598.25,0,0.0,0.0,^CNXAUTO
2026-01-12 12:00:00+05:30,27597.55078125,27700.30078125,27571.80078125,27700.30078125,0,0.0,0.0,^CNXAUTO
2026-01-12 12:15:00+05:30,27699.849609375,27822.150390625,27679.0,27819.599609375,0,0.0,0.0,^CNXAUTO
2026-01-12 12:30:00+05:30,27816.349609375,27864.0,27774.75,27818.5,0,0.0,0.0,^CNXAUTO
2026-01-12 12:45:00+05:30,27821.349609375,27855.55078125,27812.349609375,27844.44921875,0,0.0,0.0,^CNXAUTO
2026-01-12 13:00:00+05:30,27845.150390625,27903.650390625,27803.69921875,27900.150390625,0,0.0,0.0,^CNXAUTO
2026-01-12 13:15:00+05:30,27899.75,27911.349609375,27855.55078125,27857.650390625,0,0.0,0.0,^CNXAUTO
2026-01-12 13:30:00+05:30,27857.25,27969.44921875,27857.25,27907.55078125,0,0.0,0.0,^CNXAUTO
2026-01-12 13:45:00+05:30,27906.900390625,27937.400390625,27888.599609375,27910.44921875,0,0.0,0.0,^CNXAUTO
2026-01-12 14:00:00+05:30,27910.349609375,27936.19921875,27868.849609375,27903.099609375,0,0.0,0.0,^CNXAUTO
2026-01-12 14:15:00+05:30,27902.94921875,27945.150390625,27891.25,27927.349609375,0,0.0,0.0,^CNXAUTO
2026-01-12 14:30:00+05:30,27927.5,27946.55078125,27866.19921875,27942.55078125,0,0.0,0.0,^CNXAUTO
2026-01-12 14:45:00+05:30,27942.349609375,28043.599609375,27922.69921875,28040.0,0,0.0,0.0,^CNXAUTO
2026-01-12 15:00:00+05:30,28040.599609375,28040.599609375,27982.55078125,27997.94921875,0,0.0,0.0,^CNXAUTO
2026-01-12 15:15:00+05:30,27997.900390625,28051.599609375,27997.900390625,28023.849609375,0,0.0,0.0,^CNXAUTO
2026-01-13 09:15:00+05:30,28154.349609375,28154.349609375,27968.55078125,27971.900390625,0,0.0,0.0,^CNXAUTO
2026-01-13 09:30:00+05:30,27972.05078125,27996.80078125,27836.650390625,27886.30078125,0,0.0,0.0,^CNXAUTO
2026-01-13 09:45:00+05:30,27887.05078125,27969.5,27841.80078125,27846.25,0,0.0,0.0,^CNXAUTO
2026-01-13 10:00:00+05:30,27846.25,27949.19921875,27832.5,27892.849609375,0,0.0,0.0,^CNXAUTO
2026-01-13 10:15:00+05:30,27894.0,28025.150390625,27890.400390625,28021.349609375,0,0.0,0.0,^CNXAUTO
2026-01-13 10:30:00+05:30,28021.400390625,28028.94921875,27885.599609375,27907.19921875,0,0.0,0.0,^CNXAUTO
2026-01-13 10:45:00+05:30,27908.69921875,27937.150390625,27856.900390625,27899.900390625,0,0.0,0.0,^CNXAUTO
2026-01-13 11:00:00+05:30,27900.099609375,27912.400390625,27855.19921875,27891.55078125,0,0.0,0.0,^CNXAUTO
2026-01-13 11:15:00+05:30,27890.69921875,27940.900390625,27881.30078125,27924.5,0,0.0,0.0,^CNXAUTO
2026-01-13 11:30:00+05:30,27922.69921875,27963.349609375,27886.25,27897.94921875,0,0.0,0.0,^CNXAUTO
2026-01-13 11:45:00+05:30,27896.150390625,27901.0,27874.44921875,27888.80078125,0,0.0,0.0,^CNXAUTO
2026-01-13 13:30:00+05:30,27789.150390625,27816.69921875,27786.44921875,27815.650390625,0,0.0,0.0,^CNXAUTO
2026-01-13 13:45:00+05:30,27815.650390625,27816.150390625,27765.849609375,27782.55078125,0,0.0,0.0,^CNXAUTO
2026-01-13 14:00:00+05:30,27780.849609375,27791.0,27712.05078125,27737.400390625,0,0.0,0.0,^CNXAUTO
2026-01-13 14:15:00+05:30,27736.25,27751.25,27694.599609375,27704.5,0,0.0,0.0,^CNXAUTO
2026-01-13 14:30:00+05:30,27703.5,27846.900390625,27697.650390625,27835.55078125,0,0.0,0.0,^CNXAUTO
2026-01-13 14:45:00+05:30,27836.150390625,27903.69921875,27835.650390625,27877.349609375,0,0.0,0.0,^CNXAUTO
2026-01-13 15:00:00+05:30,27876.94921875,27936.400390625,27876.94921875,27921.25,0,0.0,0.0,^CNXAUTO
2026-01-13 15:15:00+05:30,27919.75,27956.599609375,27839.94921875,27862.599609375,0,0.0,0.0,^CNXAUTO
2026-01-14 09:15:00+05:30,27893.80078125,27914.099609375,27697.55078125,27909.30078125,0,0.0,0.0,^CNXAUTO
2026-01-14 09:30:00+05:30,27910.05078125,27932.19921875,27830.05078125,27830.849609375,0,0.0,0.0,^CNXAUTO
2026-01-14 09:45:00+05:30,27830.400390625,27909.0,27786.150390625,27875.0,0,0.0,0.0,^CNXAUTO
2026-01-14 10:00:00+05:30,27876.650390625,27884.69921875,27796.099609375,27797.30078125,0,0.0,0.0,^CNXAUTO
2026-01-14 10:15:00+05:30,27795.599609375,27829.94921875,27732.19921875,27822.94921875,0,0.0,0.0,^CNXAUTO
2026-01-14 10:30:00+05:30,27822.94921875,27858.05078125,27790.349609375,27807.900390625,0,0.0,0.0,^CNXAUTO
2026-01-14 10:45:00+05:30,27808.05078125,27863.05078125,27792.099609375,27863.05078125,0,0.0,0.0,^CNXAUTO
2026-01-14 11:00:00+05:30,27863.5,27877.30078125,27827.349609375,27848.55078125,0,0.0,0.0,^CNXAUTO
2026-01-14 11:15:00+05:30,27845.44921875,27892.69921875,27838.25,27888.099609375,0,0.0,0.0,^CNXAUTO
2026-01-14 11:30:00+05:30,27889.0,27894.5,27859.0,27875.5,0,0.0,0.0,^CNXAUTO
2026-01-14 11:45:00+05:30,27875.55078125,27892.19921875,27852.099609375,27858.75,0,0.0,0.0,^CNXAUTO
2026-01-14 12:00:00+05:30,27860.0,27867.94921875,27791.849609375,27805.55078125,0,0.0,0.0,^CNXAUTO
2026-01-14 12:15:00+05:30,27804.30078125,27862.80078125,27800.849609375,27818.94921875,0,0.0,0.0,^CNXAUTO
2026-01-14 12:30:00+05:30,27818.650390625,27867.80078125,27815.69921875,27846.55078125,0,0.0,0.0,^CNXAUTO
2026-01-14 12:45:00+05:30,27847.5,27862.30078125,27810.650390625,27819.44921875,0,0.0,0.0,^CNXAUTO
2026-01-14 13:00:00+05:30,27819.099609375,27838.0,27813.69921875,27818.650390625,0,0.0,0.0,^CNXAUTO
2026-01-14 13:15:00+05:30,27818.150390625,27820.94921875,27728.25,27742.75,0,0.0,0.0,^CNXAUTO
2026-01-14 13:30:00+05:30,27741.75,27752.55078125,27685.400390625,27698.099609375,0,0.0,0.0,^CNXAUTO
2026-01-14 13:45:00+05:30,27699.400390625,27716.150390625,27655.650390625,27660.900390625,0,0.0,0.0,^CNXAUTO
2026-01-14 14:00:00+05:30,27661.0,27712.650390625,27659.5,27708.05078125,0,0.0,0.0,^CNXAUTO
2026-01-14 14:15:00+05:30,27707.099609375,27711.55078125,27636.099609375,27655.849609375,0,0.0,0.0,^CNXAUTO
2026-01-14 14:30:00+05:30,27655.25,27715.80078125,27636.650390625,27710.400390625,0,0.0,0.0,^CNXAUTO
2026-01-14 14:45:00+05:30,27711.19921875,27758.94921875,27711.19921875,27726.099609375,0,0.0,0.0,^CNXAUTO
2026-01-14 15:00:00+05:30,27725.55078125,27733.400390625,27711.69921875,27729.099609375,0,0.0,0.0,^CNXAUTO
2026-01-14 15:15:00+05:30,27728.599609375,27731.44921875,27698.80078125,27707.19921875,0,0.0,0.0,^CNXAUTO
2026-01-16 09:15:00+05:30,27642.44921875,27879.599609375,27642.44921875,27805.650390625,0,0.0,0.0,^CNXAUTO
2026-01-16 09:30:00+05:30,27806.55078125,27806.55078125,27725.5,27771.0,0,0.0,0.0,^CNXAUTO
2026-01-16 09:45:00+05:30,27772.150390625,27834.05078125,27772.150390625,27810.849609375,0,0.0,0.0,^CNXAUTO
2026-01-16 10:00:00+05:30,27810.75,27844.0,27782.400390625,27830.25,0,0.0,0.0,^CNXAUTO
2026-01-16 10:15:00+05:30,27829.75,27959.80078125,27829.55078125,27954.150390625,0,0.0,0.0,^CNXAUTO
2026-01-16 10:30:00+05:30,27954.5,27977.150390625,27940.80078125,27948.599609375,0,0.0,0.0,^CNXAUTO
2026-01-16 10:45:00+05:30,27948.80078125,27959.75,27913.5,27923.349609375,0,0.0,0.0,^CNXAUTO
2026-01-16 11:00:00+05:30,27923.849609375,27927.099609375,27877.900390625,27883.55078125,0,0.0,0.0,^CNXAUTO
2026-01-16 11:15:00+05:30,27886.19921875,27924.80078125,27870.150390625,27870.150390625,0,0.0,0.0,^CNXAUTO
2026-01-16 11:30:00+05:30,27871.25,27893.19921875,27829.44921875,27833.80078125,0,0.0,0.0,^CNXAUTO
2026-01-16 11:45:00+05:30,27834.69921875,27846.0,27788.25,27801.55078125,0,0.0,0.0,^CNXAUTO
2026-01-16 12:00:00+05:30,27801.55078125,27847.400390625,27792.650390625,27843.05078125,0,0.0,0.0,^CNXAUTO
2026-01-16 12:15:00+05:30,27843.150390625,27881.900390625,27791.80078125,27792.400390625,0,0.0,0.0,^CNXAUTO
2026-01-16 12:30:00+05:30,27792.349609375,27801.19921875,27760.0,27763.94921875,0,0.0,0.0,^CNXAUTO
2026-01-16 12:45:00+05:30,27764.44921875,27782.349609375,27737.0,27741.75,0,0.0,0.0,^CNXAUTO
2026-01-16 13:00:00+05:30,27742.25,27743.94921875,27699.0,27718.150390625,0,0.0,0.0,^CNXAUTO
2026-01-16 13:15:00+05:30,27716.75,27720.80078125,27624.900390625,27658.55078125,0,0.0,0.0,^CNXAUTO
2026-01-16 13:30:00+05:30,27658.900390625,27683.099609375,27640.19921875,27646.30078125,0,0.0,0.0,^CNXAUTO
2026-01-16 13:45:00+05:30,27646.900390625,27680.349609375,27597.75,27601.849609375,0,0.0,0.0,^CNXAUTO
2026-01-16 14:00:00+05:30,27601.599609375,27613.150390625,27557.099609375,27567.94921875,0,0.0,0.0,^CNXAUTO
2026-01-16 14:15:00+05:30,27567.650390625,27580.30078125,27538.94921875,27557.150390625,0,0.0,0.0,^CNXAUTO
2026-01-16 14:30:00+05:30,27557.5,27580.55078125,27516.349609375,27571.349609375,0,0.0,0.0,^CNXAUTO
2026-01-16 14:45:00+05:30,27571.849609375,27624.05078125,27557.80078125,27613.30078125,0,0.0,0.0,^CNXAUTO
2026-01-16 15:00:00+05:30,27613.69921875,27622.44921875,27574.30078125,27580.94921875,0,0.0,0.0,^CNXAUTO
2026-01-16 15:15:00+05:30,27581.5,27604.099609375,27569.349609375,27593.25,0,0.0,0.0,^CNXAUTO
2026-01-19 09:15:00+05:30,27615.55078125,27615.55078125,27420.05078125,27461.44921875,0,0.0,0.0,^CNXAUTO
2026-01-19 09:30:00+05:30,27465.69921875,27535.150390625,27442.69921875,27505.650390625,0,0.0,0.0,^CNXAUTO
2026-01-19 09:45:00+05:30,27504.44921875,27512.69921875,27454.349609375,27468.75,0,0.0,0.0,^CNXAUTO
2026-01-19 10:00:00+05:30,27470.400390625,27544.599609375,27439.25,27537.80078125,0,0.0,0.0,^CNXAUTO
2026-01-19 10:15:00+05:30,27537.80078125,27568.05078125,27501.5,27505.05078125,0,0.0,0.0,^CNXAUTO
2026-01-19 10:30:00+05:30,27505.900390625,27526.75,27490.349609375,27524.849609375,0,0.0,0.0,^CNXAUTO
2026-01-19 10:45:00+05:30,27525.94921875,27564.05078125,27521.55078125,27563.5,0,0.0,0.0,^CNXAUTO
2026-01-19 11:00:00+05:30,27562.55078125,27598.599609375,27538.05078125,27551.150390625,0,0.0,0.0,^CNXAUTO
2026-01-19 11:15:00+05:30,27551.25,27557.0,27524.400390625,27527.75,0,0.0,0.0,^CNXAUTO
2026-01-19 11:30:00+05:30,27528.0,27561.80078125,27485.30078125,27547.349609375,0,0.0,0.0,^CNXAUTO
2026-01-19 11:45:00+05:30,27548.19921875,27552.400390625,27521.19921875,27531.69921875,0,0.0,0.0,^CNXAUTO
2026-01-19 12:00:00+05:30,27532.900390625,27566.900390625,27516.30078125,27563.349609375,0,0.0,0.0,^CNXAUTO
2026-01-19 12:15:00+05:30,27562.94921875,27581.80078125,27528.5,27549.75,0,0.0,0.0,^CNXAUTO
2026-01-19 12:30:00+05:30,27549.150390625,27572.0,27525.30078125,27549.55078125,0,0.0,0.0,^CNXAUTO
2026-01-19 12:45:00+05:30,27549.05078125,27615.099609375,27547.650390625,27611.150390625,0,0.0,0.0,^CNXAUTO
2026-01-19 13:00:00+05:30,27612.05078125,27627.69921875,27576.099609375,27593.900390625,0,0.0,0.0,^CNXAUTO
2026-01-19 13:15:00+05:30,27594.099609375,27623.400390625,27589.349609375,27606.69921875,0,0.0,0.0,^CNXAUTO
2026-01-19 13:30:00+05:30,27605.05078125,27642.150390625,27604.849609375,27618.0,0,0.0,0.0,^CNXAUTO
2026-01-19 13:45:00+05:30,27617.900390625,27694.900390625,27611.0,27668.30078125,0,0.0,0.0,^CNXAUTO
2026-01-19 14:00:00+05:30,27668.44921875,27706.5,27634.44921875,27639.80078125,0,0.0,0.0,^CNXAUTO
2026-01-19 14:15:00+05:30,27640.099609375,27667.05078125,27633.19921875,27648.400390625,0,0.0,0.0,^CNXAUTO
2026-01-19 14:30:00+05:30,27649.150390625,27693.349609375,27641.80078125,27689.849609375,0,0.0,0.0,^CNXAUTO
2026-01-19 14:45:00+05:30,27689.69921875,27709.349609375,27674.75,27699.349609375,0,0.0,0.0,^CNXAUTO
2026-01-19 15:00:00+05:30,27698.80078125,27706.849609375,27624.19921875,27636.80078125,0,0.0,0.0,^CNXAUTO
2026-01-19 15:15:00+05:30,27636.349609375,27644.849609375,27596.30078125,27631.19921875,0,0.0,0.0,^CNXAUTO
2026-01-20 09:15:00+05:30,27633.94921875,27750.75,27507.05078125,27507.05078125,0,0.0,0.0,^CNXAUTO
2026-01-20 09:30:00+05:30,27507.30078125,27557.849609375,27387.80078125,27392.849609375,0,0.0,0.0,^CNXAUTO
2026-01-20 09:45:00+05:30,27392.94921875,27419.5,27361.900390625,27398.400390625,0,0.0,0.0,^CNXAUTO
2026-01-20 10:00:00+05:30,27398.05078125,27478.5,27393.05078125,27434.599609375,0,0.0,0.0,^CNXAUTO
2026-01-20 10:15:00+05:30,27434.30078125,27502.75,27390.05078125,27397.94921875,0,0.0,0.0,^CNXAUTO
2026-01-20 10:30:00+05:30,27398.099609375,27476.599609375,27383.55078125,27447.80078125,0,0.0,0.0,^CNXAUTO
2026-01-20 10:45:00+05:30,27446.900390625,27450.19921875,27353.94921875,27380.0,0,0.0,0.0,^CNXAUTO
2026-01-20 11:00:00+05:30,27380.0,27389.0,27344.900390625,27361.650390625,0,0.0,0.0,^CNXAUTO
2026-01-20 11:15:00+05:30,27362.150390625,27422.80078125,27359.849609375,27380.849609375,0,0.0,0.0,^CNXAUTO
2026-01-20 11:30:00+05:30,27381.05078125,27418.44921875,27369.05078125,27390.849609375,0,0.0,0.0,^CNXAUTO
2026-01-20 11:45:00+05:30,27392.0,27424.150390625,27383.5,27406.94921875,0,0.0,0.0,^CNXAUTO
2026-01-20 12:00:00+05:30,27406.849609375,27406.849609375,27316.349609375,27348.69921875,0,0.0,0.0,^CNXAUTO
2026-01-20 12:15:00+05:30,27348.55078125,27357.5,27283.05078125,27305.44921875,0,0.0,0.0,^CNXAUTO
2026-01-20 12:30:00+05:30,27305.849609375,27307.75,27251.75,27255.44921875,0,0.0,0.0,^CNXAUTO
2026-01-20 12:45:00+05:30,27257.099609375,27300.349609375,27252.0,27292.650390625,0,0.0,0.0,^CNXAUTO
2026-01-20 13:00:00+05:30,27292.69921875,27297.650390625,27247.0,27251.099609375,0,0.0,0.0,^CNXAUTO
2026-01-20 13:15:00+05:30,27252.25,27271.599609375,27229.400390625,27242.94921875,0,0.0,0.0,^CNXAUTO
2026-01-20 13:30:00+05:30,27243.400390625,27245.150390625,27147.19921875,27157.150390625,0,0.0,0.0,^CNXAUTO
2026-01-20 13:45:00+05:30,27157.30078125,27158.0,27108.05078125,27113.400390625,0,0.0,0.0,^CNXAUTO
2026-01-20 14:00:00+05:30,27113.94921875,27163.650390625,27081.25,27104.55078125,0,0.0,0.0,^CNXAUTO
2026-01-20 14:15:00+05:30,27103.599609375,27137.5,27070.5,27135.0,0,0.0,0.0,^CNXAUTO
2026-01-20 14:30:00+05:30,27134.599609375,27134.599609375,27060.099609375,27082.05078125,0,0.0,0.0,^CNXAUTO
2026-01-20 14:45:00+05:30,27081.55078125,27118.05078125,27068.150390625,27071.0,0,0.0,0.0,^CNXAUTO
2026-01-20 15:00:00+05:30,27073.349609375,27073.349609375,26937.5,26941.69921875,0,0.0,0.0,^CNXAUTO
2026-01-20 15:15:00+05:30,26942.650390625,26962.349609375,26850.44921875,26950.19921875,0,0.0,0.0,^CNXAUTO
2026-01-21 09:15:00+05:30,26777.599609375,27106.400390625,26777.599609375,26985.099609375,0,0.0,0.0,^CNXAUTO
2026-01-21 09:30:00+05:30,26986.650390625,27036.25,26908.75,26935.650390625,0,0.0,0.0,^CNXAUTO
2026-01-21 09:45:00+05:30,26933.099609375,26940.400390625,26818.400390625,26818.69921875,0,0.0,0.0,^CNXAUTO
2026-01-21 10:00:00+05:30,26819.05078125,26897.349609375,26792.900390625,26851.599609375,0,0.0,0.0,^CNXAUTO
2026-01-21 10:15:00+05:30,26851.400390625,26886.900390625,26777.900390625,26778.69921875,0,0.0,0.0,^CNXAUTO
2026-01-21 10:30:00+05:30,26779.30078125,26782.69921875,26669.650390625,26690.849609375,0,0.0,0.0,^CNXAUTO
2026-01-21 10:45:00+05:30,26693.400390625,26707.349609375,26603.5,26673.400390625,0,0.0,0.0,^CNXAUTO
2026-01-21 11:00:00+05:30,26671.650390625,26792.19921875,26668.25,26759.05078125,0,0.0,0.0,^CNXAUTO
2026-01-21 11:15:00+05:30,26756.80078125,26784.19921875,26725.25,26727.099609375,0,0.0,0.0,^CNXAUTO
2026-01-21 11:30:00+05:30,26726.75,26764.55078125,26674.849609375,26675.0,0,0.0,0.0,^CNXAUTO
2026-01-21 11:45:00+05:30,26677.25,26724.05078125,26675.44921875,26718.349609375,0,0.0,0.0,^CNXAUTO
2026-01-21 12:00:00+05:30,26717.55078125,26843.25,26709.349609375,26843.25,0,0.0,0.0,^CNXAUTO
2026-01-21 12:15:00+05:30,26837.80078125,26872.349609375,26776.400390625,26794.75,0,0.0,0.0,^CNXAUTO
2026-01-21 12:30:00+05:30,26795.19921875,26921.400390625,26793.69921875,26911.5,0,0.0,0.0,^CNXAUTO
2026-01-21 12:45:00+05:30,26911.900390625,27040.150390625,26911.900390625,27024.400390625,0,0.0,0.0,^CNXAUTO
2026-01-21 13:00:00+05:30,27023.900390625,27031.55078125,26918.0,26942.5,0,0.0,0.0,^CNXAUTO
2026-01-21 13:15:00+05:30,26944.69921875,26962.849609375,26902.599609375,26955.30078125,0,0.0,0.0,^CNXAUTO
2026-01-21 13:30:00+05:30,26954.19921875,26965.0,26882.30078125,26899.650390625,0,0.0,0.0,^CNXAUTO
2026-01-21 13:45:00+05:30,26899.94921875,26905.849609375,26810.849609375,26817.349609375,0,0.0,0.0,^CNXAUTO
2026-01-21 14:00:00+05:30,26817.5,26823.05078125,26767.099609375,26771.44921875,0,0.0,0.0,^CNXAUTO
2026-01-21 14:15:00+05:30,26772.400390625,26873.400390625,26762.30078125,26788.599609375,0,0.0,0.0,^CNXAUTO
2026-01-21 14:30:00+05:30,26787.349609375,26864.25,26781.80078125,26841.849609375,0,0.0,0.0,^CNXAUTO
2026-01-21 14:45:00+05:30,26841.849609375,26869.5,26819.650390625,26842.349609375,0,0.0,0.0,^CNXAUTO
2026-01-21 15:00:00+05:30,26841.05078125,26890.349609375,26824.80078125,26856.75,0,0.0,0.0,^CNXAUTO
2026-01-21 15:15:00+05:30,26856.55078125,26912.05078125,26848.25,26895.19921875,0,0.0,0.0,^CNXAUTO
2026-01-22 09:15:00+05:30,27128.5,27263.849609375,27119.30078125,27251.69921875,0,0.0,0.0,^CNXAUTO
2026-01-22 09:30:00+05:30,27250.099609375,27358.650390625,27250.099609375,27329.30078125,0,0.0,0.0,^CNXAUTO
2026-01-22 09:45:00+05:30,27330.599609375,27453.05078125,27328.150390625,27390.0,0,0.0,0.0,^CNXAUTO
2026-01-22 10:00:00+05:30,27388.150390625,27415.19921875,27296.75,27305.25,0,0.0,0.0,^CNXAUTO
2026-01-22 10:15:00+05:30,27301.75,27330.0,27174.69921875,27180.80078125,0,0.0,0.0,^CNXAUTO
2026-01-22 10:30:00+05:30,27180.349609375,27238.75,27142.19921875,27190.650390625,0,0.0,0.0,^CNXAUTO
2026-01-22 10:45:00+05:30,27190.75,27194.75,27068.75,27070.099609375,0,0.0,0.0,^CNXAUTO
2026-01-22 11:00:00+05:30,27069.599609375,27115.94921875,26991.5,27013.44921875,0,0.0,0.0,^CNXAUTO
2026-01-22 11:15:00+05:30,27012.80078125,27065.0,27000.55078125,27035.150390625,0,0.0,0.0,^CNXAUTO
2026-01-22 11:30:00+05:30,27036.19921875,27046.5,26979.55078125,27006.05078125,0,0.0,0.0,^CNXAUTO
2026-01-22 11:45:00+05:30,27006.900390625,27041.0,26980.55078125,26986.400390625,0,0.0,0.0,^CNXAUTO
2026-01-22 12:00:00+05:30,26987.099609375,27041.599609375,26975.349609375,27025.099609375,0,0.0,0.0,^CNXAUTO
2026-01-22 12:15:00+05:30,27026.94921875,27076.05078125,27009.849609375,27061.400390625,0,0.0,0.0,^CNXAUTO
2026-01-22 12:30:00+05:30,27062.150390625,27068.44921875,27011.80078125,27041.900390625,0,0.0,0.0,^CNXAUTO
2026-01-22 12:45:00+05:30,27041.19921875,27063.5,27022.19921875,27026.19921875,0,0.0,0.0,^CNXAUTO
2026-01-22 13:00:00+05:30,27026.19921875,27050.900390625,27015.400390625,27025.55078125,0,0.0,0.0,^CNXAUTO
2026-01-22 13:15:00+05:30,27025.400390625,27045.80078125,26983.80078125,26984.94921875,0,0.0,0.0,^CNXAUTO
2026-01-22 13:30:00+05:30,26983.80078125,27017.900390625,26954.650390625,26990.69921875,0,0.0,0.0,^CNXAUTO
2026-01-22 13:45:00+05:30,26988.25,27032.44921875,26975.19921875,27019.349609375,0,0.0,0.0,^CNXAUTO
2026-01-22 14:00:00+05:30,27019.44921875,27044.650390625,27016.44921875,27017.099609375,0,0.0,0.0,^CNXAUTO
2026-01-22 14:15:00+05:30,27016.69921875,27057.44921875,26993.44921875,27056.5,0,0.0,0.0,^CNXAUTO
2026-01-22 14:30:00+05:30,27056.75,27111.0,27044.30078125,27100.599609375,0,0.0,0.0,^CNXAUTO
2026-01-22 14:45:00+05:30,27102.05078125,27147.150390625,27084.0,27122.400390625,0,0.0,0.0,^CNXAUTO
2026-01-22 15:00:00+05:30,27122.0,27141.80078125,27073.650390625,27095.599609375,0,0.0,0.0,^CNXAUTO
2026-01-22 15:15:00+05:30,27095.150390625,27135.400390625,27094.150390625,27106.55078125,0,0.0,0.0,^CNXAUTO
2026-01-23 09:15:00+05:30,27170.400390625,27179.650390625,27007.849609375,27178.849609375,0,0.0,0.0,^CNXAUTO
2026-01-23 09:30:00+05:30,27177.55078125,27179.44921875,27095.25,27102.05078125,0,0.0,0.0,^CNXAUTO
2026-01-23 09:45:00+05:30,27102.05078125,27144.55078125,27075.849609375,27102.69921875,0,0.0,0.0,^CNXAUTO
2026-01-23 10:00:00+05:30,27103.099609375,27134.80078125,27074.69921875,27089.94921875,0,0.0,0.0,^CNXAUTO
2026-01-23 10:15:00+05:30,27090.44921875,27177.55078125,27086.75,27177.55078125,0,0.0,0.0,^CNXAUTO
2026-01-23 10:30:00+05:30,27184.650390625,27230.599609375,27174.650390625,27187.849609375,0,0.0,0.0,^CNXAUTO
2026-01-23 10:45:00+05:30,27186.94921875,27190.80078125,27097.0,27099.75,0,0.0,0.0,^CNXAUTO
2026-01-23 11:00:00+05:30,27099.849609375,27105.5,27050.0,27077.75,0,0.0,0.0,^CNXAUTO
2026-01-23 11:15:00+05:30,27077.44921875,27092.30078125,27056.69921875,27082.80078125,0,0.0,0.0,^CNXAUTO
2026-01-23 11:30:00+05:30,27082.349609375,27084.849609375,26991.400390625,26995.94921875,0,0.0,0.0,^CNXAUTO
2026-01-23 11:45:00+05:30,26995.44921875,27020.900390625,26967.099609375,26991.25,0,0.0,0.0,^CNXAUTO
2026-01-23 12:00:00+05:30,26991.25,27030.30078125,26965.55078125,26969.30078125,0,0.0,0.0,^CNXAUTO
2026-01-23 12:15:00+05:30,26969.30078125,26999.30078125,26956.19921875,26976.05078125,0,0.0,0.0,^CNXAUTO
2026-01-23 12:30:00+05:30,26976.05078125,27014.75,26960.150390625,26999.44921875,0,0.0,0.0,^CNXAUTO
2026-01-23 12:45:00+05:30,26999.94921875,27030.80078125,26963.150390625,26966.599609375,0,0.0,0.0,^CNXAUTO
2026-01-23 13:00:00+05:30,26966.5,26995.80078125,26947.30078125,26973.349609375,0,0.0,0.0,^CNXAUTO
2026-01-23 13:15:00+05:30,26974.099609375,26975.75,26880.69921875,26908.69921875,0,0.0,0.0,^CNXAUTO
2026-01-23 13:30:00+05:30,26907.75,26908.69921875,26843.599609375,26844.5,0,0.0,0.0,^CNXAUTO
2026-01-23 13:45:00+05:30,26843.69921875,26897.150390625,26838.80078125,26868.849609375,0,0.0,0.0,^CNXAUTO
2026-01-23 14:00:00+05:30,26868.599609375,26890.25,26847.150390625,26855.900390625,0,0.0,0.0,^CNXAUTO
2026-01-23 14:15:00+05:30,26856.0,26892.849609375,26822.94921875,26859.69921875,0,0.0,0.0,^CNXAUTO
2026-01-23 14:30:00+05:30,26862.80078125,26922.650390625,26858.849609375,26882.900390625,0,0.0,0.0,^CNXAUTO
2026-01-23 14:45:00+05:30,26887.75,26923.400390625,26845.849609375,26873.30078125,0,0.0,0.0,^CNXAUTO
2026-01-23 15:00:00+05:30,26874.0,26879.099609375,26781.75,26795.5,0,0.0,0.0,^CNXAUTO
2026-01-23 15:15:00+05:30,26796.5,26854.400390625,26767.55078125,26854.400390625,0,0.0,0.0,^CNXAUTO
2026-01-27 09:15:00+05:30,26619.05078125,26619.05078125,26221.69921875,26377.69921875,0,0.0,0.0,^CNXAUTO
2026-01-27 09:30:00+05:30,26378.650390625,26524.099609375,26375.150390625,26501.44921875,0,0.0,0.0,^CNXAUTO
2026-01-27 09:45:00+05:30,26503.69921875,26566.44921875,26460.19921875,26502.150390625,0,0.0,0.0,^CNXAUTO
2026-01-27 10:00:00+05:30,26503.400390625,26546.0,26416.400390625,26499.05078125,0,0.0,0.0,^CNXAUTO
2026-01-27 10:15:00+05:30,26499.099609375,26551.19921875,26444.25,26445.25,0,0.0,0.0,^CNXAUTO
2026-01-27 10:30:00+05:30,26445.19921875,26473.599609375,26389.80078125,26402.849609375,0,0.0,0.0,^CNXAUTO
2026-01-27 10:45:00+05:30,26403.75,26425.80078125,26311.55078125,26319.5,0,0.0,0.0,^CNXAUTO
2026-01-27 11:00:00+05:30,26320.849609375,26392.55078125,26309.650390625,26382.349609375,0,0.0,0.0,^CNXAUTO
2026-01-27 11:15:00+05:30,26383.44921875,26447.400390625,26381.0,26411.75,0,0.0,0.0,^CNXAUTO
2026-01-27 11:30:00+05:30,26411.849609375,26528.650390625,26380.80078125,26526.55078125,0,0.0,0.0,^CNXAUTO
2026-01-27 11:45:00+05:30,26525.599609375,26536.19921875,26445.80078125,26477.69921875,0,0.0,0.0,^CNXAUTO
2026-01-27 12:00:00+05:30,26478.400390625,26483.900390625,26447.19921875,26456.80078125,0,0.0,0.0,^CNXAUTO
2026-01-27 12:15:00+05:30,26457.099609375,26474.69921875,26412.150390625,26422.05078125,0,0.0,0.0,^CNXAUTO
2026-01-27 12:30:00+05:30,26421.900390625,26438.44921875,26381.25,26420.0,0,0.0,0.0,^CNXAUTO
2026-01-27 12:45:00+05:30,26420.94921875,26432.19921875,26386.099609375,26425.69921875,0,0.0,0.0,^CNXAUTO
2026-01-27 13:00:00+05:30,26425.75,26438.19921875,26384.349609375,26435.900390625,0,0.0,0.0,^CNXAUTO
2026-01-27 13:15:00+05:30,26436.349609375,26477.75,26434.099609375,26475.900390625,0,0.0,0.0,^CNXAUTO
2026-01-27 13:30:00+05:30,26476.69921875,26500.19921875,26376.849609375,26386.19921875,0,0.0,0.0,^CNXAUTO
2026-01-27 13:45:00+05:30,26384.80078125,26399.69921875,26364.05078125,26378.25,0,0.0,0.0,^CNXAUTO
2026-01-27 14:00:00+05:30,26378.30078125,26383.150390625,26253.55078125,26254.0,0,0.0,0.0,^CNXAUTO
2026-01-27 14:15:00+05:30,26255.099609375,26297.5,26223.05078125,26285.599609375,0,0.0,0.0,^CNXAUTO
2026-01-27 14:30:00+05:30,26285.5,26431.30078125,26283.30078125,26423.099609375,0,0.0,0.0,^CNXAUTO
2026-01-27 14:45:00+05:30,26424.25,26517.349609375,26391.349609375,26486.05078125,0,0.0,0.0,^CNXAUTO
2026-01-27 15:00:00+05:30,26485.349609375,26583.44921875,26458.30078125,26573.44921875,0,0.0,0.0,^CNXAUTO
2026-01-27 15:15:00+05:30,26572.599609375,26598.80078125,26556.349609375,26571.55078125,0,0.0,0.0,^CNXAUTO
2026-01-28 09:15:00+05:30,26534.69921875,26628.55078125,26392.55078125,26583.25,0,0.0,0.0,^CNXAUTO
2026-01-28 09:30:00+05:30,26583.400390625,26593.5,26428.599609375,26432.55078125,0,0.0,0.0,^CNXAUTO
2026-01-28 09:45:00+05:30,26432.80078125,26454.25,26354.650390625,26390.099609375,0,0.0,0.0,^CNXAUTO
2026-01-28 10:00:00+05:30,26391.55078125,26415.0,26261.400390625,26292.650390625,0,0.0,0.0,^CNXAUTO
2026-01-28 10:15:00+05:30,26293.44921875,26335.900390625,26271.80078125,26271.80078125,0,0.0,0.0,^CNXAUTO
2026-01-28 10:30:00+05:30,26271.30078125,26352.599609375,26239.650390625,26294.0,0,0.0,0.0,^CNXAUTO
2026-01-28 10:45:00+05:30,26294.349609375,26353.94921875,26261.94921875,26328.19921875,0,0.0,0.0,^CNXAUTO
2026-01-28 11:00:00+05:30,26327.900390625,26423.599609375,26317.0,26413.75,0,0.0,0.0,^CNXAUTO
2026-01-28 11:15:00+05:30,26413.80078125,26418.55078125,26381.25,26405.55078125,0,0.0,0.0,^CNXAUTO
2026-01-28 11:30:00+05:30,26406.55078125,26411.650390625,26313.599609375,26322.5,0,0.0,0.0,^CNXAUTO
2026-01-28 11:45:00+05:30,26319.900390625,26359.400390625,26307.849609375,26355.0,0,0.0,0.0,^CNXAUTO
2026-01-28 12:00:00+05:30,26355.0,26411.30078125,26338.599609375,26405.0,0,0.0,0.0,^CNXAUTO
2026-01-28 12:15:00+05:30,26403.94921875,26409.599609375,26345.849609375,26352.900390625,0,0.0,0.0,^CNXAUTO
2026-01-28 12:30:00+05:30,26353.349609375,26384.44921875,26327.19921875,26344.19921875,0,0.0,0.0,^CNXAUTO
2026-01-28 12:45:00+05:30,26344.400390625,26348.849609375,26321.44921875,26332.05078125,0,0.0,0.0,^CNXAUTO
2026-01-28 13:00:00+05:30,26332.099609375,26564.0,26320.900390625,26529.75,0,0.0,0.0,^CNXAUTO
2026-01-28 13:15:00+05:30,26533.099609375,26615.30078125,26468.150390625,26496.099609375,0,0.0,0.0,^CNXAUTO
2026-01-28 13:30:00+05:30,26490.849609375,26541.900390625,26438.44921875,26438.44921875,0,0.0,0.0,^CNXAUTO
2026-01-28 13:45:00+05:30,26438.150390625,26493.900390625,26427.650390625,26490.150390625,0,0.0,0.0,^CNXAUTO
2026-01-28 14:00:00+05:30,26490.0,26575.94921875,26342.80078125,26344.599609375,0,0.0,0.0,^CNXAUTO
2026-01-28 14:15:00+05:30,26341.900390625,26637.69921875,26296.44921875,26585.900390625,0,0.0,0.0,^CNXAUTO
2026-01-28 14:30:00+05:30,26583.25,26589.25,26439.599609375,26554.400390625,0,0.0,0.0,^CNXAUTO
2026-01-28 14:45:00+05:30,26556.55078125,26688.599609375,26553.0,26659.69921875,0,0.0,0.0,^CNXAUTO
2026-01-28 15:00:00+05:30,26662.25,26766.05078125,26662.25,26745.25,0,0.0,0.0,^CNXAUTO
2026-01-28 15:15:00+05:30,26746.5,26779.900390625,26734.44921875,26770.80078125,0,0.0,0.0,^CNXAUTO
2026-01-29 09:15:00+05:30,26768.44921875,26768.44921875,26471.80078125,26528.0,0,0.0,0.0,^CNXAUTO
2026-01-29 09:30:00+05:30,26526.19921875,26551.25,26445.94921875,26455.650390625,0,0.0,0.0,^CNXAUTO
2026-01-29 09:45:00+05:30,26456.80078125,26503.900390625,26387.650390625,26409.75,0,0.0,0.0,^CNXAUTO
2026-01-29 10:00:00+05:30,26410.400390625,26423.099609375,26330.900390625,26407.05078125,0,0.0,0.0,^CNXAUTO
2026-01-29 10:15:00+05:30,26407.05078125,26410.400390625,26289.75,26292.44921875,0,0.0,0.0,^CNXAUTO
2026-01-29 10:30:00+05:30,26292.650390625,26304.25,26198.5,26228.400390625,0,0.0,0.0,^CNXAUTO
2026-01-29 10:45:00+05:30,26228.69921875,26311.650390625,26171.5,26304.099609375,0,0.0,0.0,^CNXAUTO
2026-01-29 11:00:00+05:30,26301.150390625,26330.19921875,26225.05078125,26271.44921875,0,0.0,0.0,^CNXAUTO
2026-01-29 11:15:00+05:30,26275.30078125,26358.099609375,26262.19921875,26319.900390625,0,0.0,0.0,^CNXAUTO
2026-01-29 11:30:00+05:30,26322.55078125,26352.69921875,26280.05078125,26307.25,0,0.0,0.0,^CNXAUTO
2026-01-29 11:45:00+05:30,26307.30078125,26319.80078125,26270.5,26285.44921875,0,0.0,0.0,^CNXAUTO
2026-01-29 12:00:00+05:30,26284.400390625,26314.099609375,26247.5,26296.349609375,0,0.0,0.0,^CNXAUTO
2026-01-29 12:15:00+05:30,26295.94921875,26322.099609375,26262.5,26302.80078125,0,0.0,0.0,^CNXAUTO
2026-01-29 12:30:00+05:30,26305.150390625,26342.650390625,26295.05078125,26308.400390625,0,0.0,0.0,^CNXAUTO
2026-01-29 12:45:00+05:30,26309.25,26350.69921875,26292.69921875,26297.25,0,0.0,0.0,^CNXAUTO
2026-01-29 13:00:00+05:30,26297.19921875,26394.30078125,26296.94921875,26370.69921875,0,0.0,0.0,^CNXAUTO
2026-01-29 13:15:00+05:30,26370.05078125,26374.05078125,26312.75,26329.900390625,0,0.0,0.0,^CNXAUTO
2026-01-29 13:30:00+05:30,26330.0,26441.55078125,26327.94921875,26438.849609375,0,0.0,0.0,^CNXAUTO
2026-01-29 13:45:00+05:30,26440.650390625,26534.94921875,26437.650390625,26520.30078125,0,0.0,0.0,^CNXAUTO
2026-01-29 14:00:00+05:30,26518.30078125,26534.5,26431.55078125,26481.94921875,0,0.0,0.0,^CNXAUTO
2026-01-29 14:15:00+05:30,26481.94921875,26528.900390625,26460.44921875,26527.19921875,0,0.0,0.0,^CNXAUTO
2026-01-29 14:30:00+05:30,26527.30078125,26560.05078125,26514.30078125,26531.150390625,0,0.0,0.0,^CNXAUTO
2026-01-29 14:45:00+05:30,26531.150390625,26556.400390625,26503.80078125,26539.349609375,0,0.0,0.0,^CNXAUTO
2026-01-29 15:00:00+05:30,26538.05078125,26573.0,26532.349609375,26541.25,0,0.0,0.0,^CNXAUTO
2026-01-29 15:15:00+05:30,26540.099609375,26587.650390625,26535.900390625,26563.55078125,0,0.0,0.0,^CNXAUTO
2026-01-30 09:15:00+05:30,26330.099609375,26540.75,26257.099609375,26492.650390625,0,0.0,0.0,^CNXAUTO
2026-01-30 09:30:00+05:30,26495.599609375,26574.44921875,26460.650390625,26507.05078125,0,0.0,0.0,^CNXAUTO
2026-01-30 09:45:00+05:30,26507.05078125,26507.05078125,26396.44921875,26425.150390625,0,0.0,0.0,^CNXAUTO
2026-01-30 10:00:00+05:30,26425.69921875,26456.400390625,26367.599609375,26444.75,0,0.0,0.0,^CNXAUTO
2026-01-30 10:15:00+05:30,26443.25,26456.94921875,26374.849609375,26405.69921875,0,0.0,0.0,^CNXAUTO
2026-01-30 10:30:00+05:30,26405.69921875,26505.900390625,26390.650390625,26490.19921875,0,0.0,0.0,^CNXAUTO
2026-01-30 10:45:00+05:30,26487.75,26498.69921875,26444.0,26497.75,0,0.0,0.0,^CNXAUTO
2026-01-30 11:00:00+05:30,26497.75,26510.150390625,26424.55078125,26463.55078125,0,0.0,0.0,^CNXAUTO
2026-01-30 11:15:00+05:30,26464.30078125,26503.94921875,26453.349609375,26457.900390625,0,0.0,0.0,^CNXAUTO
2026-01-30 11:30:00+05:30,26457.30078125,26469.80078125,26417.94921875,26441.400390625,0,0.0,0.0,^CNXAUTO
2026-01-30 11:45:00+05:30,26442.0,26487.80078125,26408.44921875,26439.0,0,0.0,0.0,^CNXAUTO
2026-01-30 12:00:00+05:30,26438.25,26519.150390625,26425.5,26518.5,0,0.0,0.0,^CNXAUTO
2026-01-30 12:15:00+05:30,26519.75,26536.150390625,26483.75,26518.349609375,0,0.0,0.0,^CNXAUTO
2026-01-30 12:30:00+05:30,26518.349609375,26571.25,26515.55078125,26545.05078125,0,0.0,0.0,^CNXAUTO
2026-01-30 12:45:00+05:30,26544.55078125,26564.19921875,26521.05078125,26560.900390625,0,0.0,0.0,^CNXAUTO
2026-01-30 13:00:00+05:30,26563.599609375,26563.599609375,26451.25,26483.0,0,0.0,0.0,^CNXAUTO
2026-01-30 13:15:00+05:30,26484.150390625,26484.150390625,26441.80078125,26464.150390625,0,0.0,0.0,^CNXAUTO
2026-01-30 13:30:00+05:30,26464.349609375,26637.44921875,26463.0,26617.55078125,0,0.0,0.0,^CNXAUTO
2026-01-30 13:45:00+05:30,26617.099609375,26696.150390625,26581.05078125,26692.650390625,0,0.0,0.0,^CNXAUTO
2026-01-30 14:00:00+05:30,26691.900390625,26760.25,26653.099609375,26714.80078125,0,0.0,0.0,^CNXAUTO
2026-01-30 14:15:00+05:30,26718.5,26750.19921875,26685.650390625,26722.44921875,0,0.0,0.0,^CNXAUTO
2026-01-30 14:30:00+05:30,26721.30078125,26755.19921875,26677.599609375,26703.69921875,0,0.0,0.0,^CNXAUTO
2026-01-30 14:45:00+05:30,26704.599609375,26811.849609375,26694.150390625,26775.400390625,0,0.0,0.0,^CNXAUTO
2026-01-30 15:00:00+05:30,26778.94921875,26781.650390625,26711.599609375,26740.400390625,0,0.0,0.0,^CNXAUTO
2026-01-30 15:15:00+05:30,26740.55078125,26800.55078125,26717.150390625,26767.849609375,0,0.0,0.0,^CNXAUTO
2026-02-03 09:15:00+05:30,28085.75,28085.75,27597.400390625,27663.19921875,0,0.0,0.0,^CNXAUTO
2026-02-03 09:30:00+05:30,27663.75,27730.650390625,27623.05078125,27637.69921875,0,0.0,0.0,^CNXAUTO
2026-02-03 09:45:00+05:30,27637.05078125,27731.19921875,27574.5,27629.80078125,0,0.0,0.0,^CNXAUTO
2026-02-03 10:00:00+05:30,27630.94921875,27653.25,27275.55078125,27337.05078125,0,0.0,0.0,^CNXAUTO
2026-02-03 10:15:00+05:30,27341.400390625,27514.05078125,27339.5,27481.25,0,0.0,0.0,^CNXAUTO
2026-02-03 10:30:00+05:30,27481.5,27551.19921875,27457.80078125,27490.349609375,0,0.0,0.0,^CNXAUTO
2026-02-03 10:45:00+05:30,27489.05078125,27526.80078125,27457.650390625,27522.80078125,0,0.0,0.0,^CNXAUTO
2026-02-03 11:00:00+05:30,27523.099609375,27561.0,27498.849609375,27547.55078125,0,0.0,0.0,^CNXAUTO
2026-02-03 11:15:00+05:30,27549.400390625,27566.75,27493.349609375,27546.69921875,0,0.0,0.0,^CNXAUTO
2026-02-03 11:30:00+05:30,27546.849609375,27583.650390625,27467.05078125,27561.80078125,0,0.0,0.0,^CNXAUTO
2026-02-03 11:45:00+05:30,27558.5,27573.849609375,27505.75,27555.75,0,0.0,0.0,^CNXAUTO
2026-02-03 12:00:00+05:30,27555.80078125,27603.75,27529.75,27596.900390625,0,0.0,0.0,^CNXAUTO
2026-02-03 12:15:00+05:30,27597.05078125,27607.099609375,27537.400390625,27539.75,0,0.0,0.0,^CNXAUTO
2026-02-03 12:30:00+05:30,27539.75,27567.69921875,27495.05078125,27566.80078125,0,0.0,0.0,^CNXAUTO
2026-02-03 12:45:00+05:30,27564.19921875,27570.400390625,27509.650390625,27534.55078125,0,0.0,0.0,^CNXAUTO
2026-02-03 13:00:00+05:30,27534.94921875,27546.599609375,27506.69921875,27524.349609375,0,0.0,0.0,^CNXAUTO
2026-02-03 13:15:00+05:30,27523.44921875,27565.900390625,27454.099609375,27466.05078125,0,0.0,0.0,^CNXAUTO
2026-02-03 13:30:00+05:30,27467.900390625,27543.19921875,27420.349609375,27527.849609375,0,0.0,0.0,^CNXAUTO
2026-02-03 13:45:00+05:30,27530.75,27575.5,27506.94921875,27506.94921875,0,0.0,0.0,^CNXAUTO
2026-02-03 14:00:00+05:30,27506.55078125,27521.25,27468.400390625,27475.849609375,0,0.0,0.0,^CNXAUTO
2026-02-03 14:15:00+05:30,27477.150390625,27529.650390625,27455.099609375,27523.900390625,0,0.0,0.0,^CNXAUTO
2026-02-03 14:30:00+05:30,27523.599609375,27548.55078125,27459.80078125,27474.599609375,0,0.0,0.0,^CNXAUTO
2026-02-03 14:45:00+05:30,27474.30078125,27515.900390625,27465.44921875,27508.25,0,0.0,0.0,^CNXAUTO
2026-02-03 15:00:00+05:30,27507.75,27521.849609375,27466.400390625,27501.80078125,0,0.0,0.0,^CNXAUTO
2026-02-03 15:15:00+05:30,27496.0,27519.69921875,27482.19921875,27501.19921875,0,0.0,0.0,^CNXAUTO
2026-02-04 09:15:00+05:30,27558.44921875,27844.44921875,27435.80078125,27793.849609375,0,0.0,0.0,^CNXAUTO
2026-02-04 09:30:00+05:30,27794.650390625,27920.0,27794.650390625,27916.75,0,0.0,0.0,^CNXAUTO
2026-02-04 09:45:00+05:30,27916.19921875,27932.400390625,27829.44921875,27871.150390625,0,0.0,0.0,^CNXAUTO
2026-02-04 10:00:00+05:30,27871.25,27876.349609375,27826.900390625,27875.150390625,0,0.0,0.0,^CNXAUTO
2026-02-04 10:15:00+05:30,27875.400390625,27907.849609375,27808.650390625,27813.55078125,0,0.0,0.0,^CNXAUTO
2026-02-04 10:30:00+05:30,27813.5,27815.94921875,27754.900390625,27779.94921875,0,0.0,0.0,^CNXAUTO
2026-02-04 10:45:00+05:30,27780.349609375,27793.849609375,27751.19921875,27786.150390625,0,0.0,0.0,^CNXAUTO
2026-02-04 11:00:00+05:30,27786.0,27821.099609375,27702.80078125,27718.25,0,0.0,0.0,^CNXAUTO
2026-02-04 11:15:00+05:30,27717.69921875,27727.44921875,27686.5,27708.599609375,0,0.0,0.0,^CNXAUTO
2026-02-04 11:30:00+05:30,27708.30078125,27776.900390625,27697.69921875,27760.599609375,0,0.0,0.0,^CNXAUTO
2026-02-04 11:45:00+05:30,27760.650390625,27811.099609375,27757.75,27807.599609375,0,0.0,0.0,^CNXAUTO
2026-02-04 12:00:00+05:30,27807.80078125,27868.5,27786.099609375,27855.650390625,0,0.0,0.0,^CNXAUTO
2026-02-04 12:15:00+05:30,27855.80078125,27878.80078125,27848.599609375,27864.75,0,0.0,0.0,^CNXAUTO
2026-02-04 12:30:00+05:30,27864.94921875,27866.94921875,27796.900390625,27797.05078125,0,0.0,0.0,^CNXAUTO
2026-02-04 12:45:00+05:30,27796.900390625,27799.05078125,27748.25,27751.25,0,0.0,0.0,^CNXAUTO
2026-02-04 13:00:00+05:30,27752.80078125,27798.75,27751.900390625,27788.94921875,0,0.0,0.0,^CNXAUTO
2026-02-04 13:15:00+05:30,27790.80078125,27799.349609375,27755.0,27776.400390625,0,0.0,0.0,^CNXAUTO
2026-02-04 13:30:00+05:30,27778.55078125,27790.30078125,27751.80078125,27786.5,0,0.0,0.0,^CNXAUTO
2026-02-04 13:45:00+05:30,27786.69921875,27822.30078125,27782.25,27809.55078125,0,0.0,0.0,^CNXAUTO
2026-02-04 14:00:00+05:30,27809.05078125,27842.400390625,27775.25,27842.400390625,0,0.0,0.0,^CNXAUTO
2026-02-04 14:15:00+05:30,27843.0,27859.69921875,27827.5,27858.099609375,0,0.0,0.0,^CNXAUTO
2026-02-04 14:30:00+05:30,27858.400390625,27874.5,27834.349609375,27838.30078125,0,0.0,0.0,^CNXAUTO
2026-02-04 14:45:00+05:30,27836.75,27848.19921875,27795.400390625,27806.19921875,0,0.0,0.0,^CNXAUTO
2026-02-04 15:00:00+05:30,27809.80078125,27844.25,27809.80078125,27838.30078125,0,0.0,0.0,^CNXAUTO
2026-02-04 15:15:00+05:30,27839.599609375,27852.75,27787.650390625,27794.30078125,0,0.0,0.0,^CNXAUTO
2026-02-05 09:15:00+05:30,27872.30078125,27878.44921875,27604.400390625,27676.75,0,0.0,0.0,^CNXAUTO
2026-02-05 09:30:00+05:30,27676.75,27712.94921875,27533.650390625,27534.900390625,0,0.0,0.0,^CNXAUTO
2026-02-05 09:45:00+05:30,27538.150390625,27548.30078125,27480.099609375,27514.900390625,0,0.0,0.0,^CNXAUTO
2026-02-05 10:00:00+05:30,27511.75,27543.849609375,27464.05078125,27542.19921875,0,0.0,0.0,^CNXAUTO
2026-02-05 10:15:00+05:30,27542.099609375,27614.44921875,27521.94921875,27573.150390625,0,0.0,0.0,^CNXAUTO
2026-02-05 10:30:00+05:30,27573.80078125,27598.849609375,27545.599609375,27565.94921875,0,0.0,0.0,^CNXAUTO
2026-02-05 10:45:00+05:30,27569.0,27570.05078125,27533.099609375,27543.599609375,0,0.0,0.0,^CNXAUTO
2026-02-05 11:00:00+05:30,27543.94921875,27616.150390625,27534.099609375,27602.05078125,0,0.0,0.0,^CNXAUTO
2026-02-05 11:15:00+05:30,27602.19921875,27611.099609375,27564.400390625,27610.0,0,0.0,0.0,^CNXAUTO
2026-02-05 11:30:00+05:30,27610.0,27623.55078125,27576.05078125,27606.05078125,0,0.0,0.0,^CNXAUTO
2026-02-05 11:45:00+05:30,27605.55078125,27609.69921875,27559.94921875,27574.94921875,0,0.0,0.0,^CNXAUTO
2026-02-05 12:00:00+05:30,27575.30078125,27580.25,27548.94921875,27561.349609375,0,0.0,0.0,^CNXAUTO
2026-02-05 12:15:00+05:30,27563.150390625,27591.0,27536.349609375,27585.69921875,0,0.0,0.0,^CNXAUTO
2026-02-05 12:30:00+05:30,27585.94921875,27640.94921875,27571.44921875,27626.849609375,0,0.0,0.0,^CNXAUTO
2026-02-05 12:45:00+05:30,27629.400390625,27681.0,27618.0,27678.5,0,0.0,0.0,^CNXAUTO
2026-02-05 13:00:00+05:30,27678.94921875,27726.599609375,27670.75,27719.849609375,0,0.0,0.0,^CNXAUTO
2026-02-05 13:15:00+05:30,27719.650390625,27738.650390625,27682.400390625,27685.94921875,0,0.0,0.0,^CNXAUTO
2026-02-05 13:30:00+05:30,27686.19921875,27737.650390625,27685.849609375,27728.30078125,0,0.0,0.0,^CNXAUTO
2026-02-05 13:45:00+05:30,27729.25,27753.75,27667.30078125,27673.150390625,0,0.0,0.0,^CNXAUTO
2026-02-05 14:00:00+05:30,27676.099609375,27691.75,27629.150390625,27657.30078125,0,0.0,0.0,^CNXAUTO
2026-02-05 14:15:00+05:30,27660.150390625,27695.150390625,27649.94921875,27678.44921875,0,0.0,0.0,^CNXAUTO
2026-02-05 14:30:00+05:30,27675.650390625,27709.0,27660.94921875,27674.400390625,0,0.0,0.0,^CNXAUTO
2026-02-05 14:45:00+05:30,27675.099609375,27693.19921875,27652.80078125,27683.0,0,0.0,0.0,^CNXAUTO
2026-02-05 15:00:00+05:30,27685.94921875,27705.75,27668.0,27674.0,0,0.0,0.0,^CNXAUTO
2026-02-05 15:15:00+05:30,27673.650390625,27678.349609375,27623.80078125,27678.349609375,0,0.0,0.0,^CNXAUTO
2026-02-06 09:15:00+05:30,27558.900390625,27617.099609375,27485.0,27509.849609375,0,0.0,0.0,^CNXAUTO
2026-02-06 09:30:00+05:30,27510.150390625,27545.55078125,27393.80078125,27406.75,0,0.0,0.0,^CNXAUTO
2026-02-06 09:45:00+05:30,27406.599609375,27479.0,27375.75,27407.94921875,0,0.0,0.0,^CNXAUTO
2026-02-06 10:00:00+05:30,27408.900390625,27421.099609375,27357.75,27400.5,0,0.0,0.0,^CNXAUTO
2026-02-06 10:15:00+05:30,27400.5,27497.94921875,27393.05078125,27412.69921875,0,0.0,0.0,^CNXAUTO
2026-02-06 10:30:00+05:30,27412.30078125,27424.900390625,27375.94921875,27395.5,0,0.0,0.0,^CNXAUTO
2026-02-06 10:45:00+05:30,27396.25,27418.80078125,27373.349609375,27409.400390625,0,0.0,0.0,^CNXAUTO
2026-02-06 11:00:00+05:30,27409.30078125,27526.44921875,27404.599609375,27526.44921875,0,0.0,0.0,^CNXAUTO
2026-02-06 11:15:00+05:30,27526.19921875,27550.94921875,27502.44921875,27528.94921875,0,0.0,0.0,^CNXAUTO
2026-02-06 11:30:00+05:30,27529.150390625,27576.0,27512.599609375,27533.849609375,0,0.0,0.0,^CNXAUTO
2026-02-06 11:45:00+05:30,27533.900390625,27560.849609375,27501.0,27528.849609375,0,0.0,0.0,^CNXAUTO
2026-02-06 12:00:00+05:30,27528.849609375,27541.05078125,27456.0,27471.25,0,0.0,0.0,^CNXAUTO
2026-02-06 12:15:00+05:30,27470.900390625,27470.900390625,27349.05078125,27366.75,0,0.0,0.0,^CNXAUTO
2026-02-06 12:30:00+05:30,27367.599609375,27371.400390625,27314.400390625,27336.80078125,0,0.0,0.0,^CNXAUTO
2026-02-06 12:45:00+05:30,27337.05078125,27372.099609375,27307.55078125,27353.75,0,0.0,0.0,^CNXAUTO
2026-02-06 13:00:00+05:30,27353.650390625,27357.400390625,27310.650390625,27342.55078125,0,0.0,0.0,^CNXAUTO
2026-02-06 13:15:00+05:30,27342.44921875,27375.55078125,27329.19921875,27368.400390625,0,0.0,0.0,^CNXAUTO
2026-02-06 13:30:00+05:30,27338.55078125,27405.44921875,27325.44921875,27389.900390625,0,0.0,0.0,^CNXAUTO
2026-02-06 13:45:00+05:30,27389.849609375,27424.349609375,27386.150390625,27410.80078125,0,0.0,0.0,^CNXAUTO
2026-02-06 14:00:00+05:30,27411.69921875,27438.19921875,27396.099609375,27411.69921875,0,0.0,0.0,^CNXAUTO
2026-02-06 14:15:00+05:30,27408.19921875,27432.55078125,27390.349609375,27405.55078125,0,0.0,0.0,^CNXAUTO
2026-02-06 14:30:00+05:30,27405.55078125,27475.5,27393.19921875,27473.5,0,0.0,0.0,^CNXAUTO
2026-02-06 14:45:00+05:30,27473.0,27491.80078125,27429.150390625,27482.94921875,0,0.0,0.0,^CNXAUTO
2026-02-06 15:00:00+05:30,27485.099609375,27544.650390625,27485.099609375,27541.349609375,0,0.0,0.0,^CNXAUTO
2026-02-06 15:15:00+05:30,27540.900390625,27540.900390625,27471.05078125,27490.099609375,0,0.0,0.0,^CNXAUTO
2026-02-09 09:15:00+05:30,27675.849609375,27700.80078125,27479.05078125,27613.0,0,0.0,0.0,^CNXAUTO
2026-02-09 09:30:00+05:30,27614.44921875,27635.599609375,27525.05078125,27565.650390625,0,0.0,0.0,^CNXAUTO
2026-02-09 09:45:00+05:30,27563.25,27645.900390625,27563.099609375,27633.25,0,0.0,0.0,^CNXAUTO
2026-02-09 10:00:00+05:30,27633.75,27673.150390625,27630.400390625,27662.5,0,0.0,0.0,^CNXAUTO
2026-02-09 10:15:00+05:30,27662.650390625,27726.599609375,27646.05078125,27714.69921875,0,0.0,0.0,^CNXAUTO
2026-02-09 10:30:00+05:30,27716.650390625,27768.099609375,27707.349609375,27766.05078125,0,0.0,0.0,^CNXAUTO
2026-02-09 10:45:00+05:30,27765.69921875,27806.099609375,27755.55078125,27796.650390625,0,0.0,0.0,^CNXAUTO
2026-02-09 11:00:00+05:30,27797.44921875,27803.25,27750.69921875,27760.30078125,0,0.0,0.0,^CNXAUTO
2026-02-09 11:15:00+05:30,27758.80078125,27775.94921875,27754.44921875,27763.30078125,0,0.0,0.0,^CNXAUTO
2026-02-09 11:30:00+05:30,27762.94921875,27789.80078125,27746.25,27782.55078125,0,0.0,0.0,^CNXAUTO
2026-02-09 11:45:00+05:30,27784.5,27785.30078125,27746.80078125,27762.05078125,0,0.0,0.0,^CNXAUTO
2026-02-09 12:00:00+05:30,27761.599609375,27788.19921875,27759.0,27782.0,0,0.0,0.0,^CNXAUTO
2026-02-09 12:15:00+05:30,27782.69921875,27787.5,27756.599609375,27759.69921875,0,0.0,0.0,^CNXAUTO
2026-02-09 12:30:00+05:30,27759.69921875,27759.69921875,27712.25,27720.400390625,0,0.0,0.0,^CNXAUTO
2026-02-09 12:45:00+05:30,27719.80078125,27733.400390625,27705.05078125,27732.44921875,0,0.0,0.0,^CNXAUTO
2026-02-09 13:00:00+05:30,27732.44921875,27793.55078125,27732.099609375,27770.150390625,0,0.0,0.0,^CNXAUTO
2026-02-09 13:15:00+05:30,27767.19921875,27779.80078125,27751.650390625,27758.30078125,0,0.0,0.0,^CNXAUTO
2026-02-09 13:30:00+05:30,27758.099609375,27769.75,27750.349609375,27765.599609375,0,0.0,0.0,^CNXAUTO
2026-02-09 13:45:00+05:30,27765.349609375,27773.25,27747.099609375,27764.150390625,0,0.0,0.0,^CNXAUTO
2026-02-09 14:00:00+05:30,27763.400390625,27767.05078125,27723.599609375,27735.19921875,0,0.0,0.0,^CNXAUTO
2026-02-09 14:15:00+05:30,27735.19921875,27760.099609375,27716.900390625,27749.75,0,0.0,0.0,^CNXAUTO
2026-02-09 14:30:00+05:30,27750.099609375,27757.599609375,27708.25,27724.69921875,0,0.0,0.0,^CNXAUTO
2026-02-09 14:45:00+05:30,27724.69921875,27788.099609375,27714.19921875,27780.349609375,0,0.0,0.0,^CNXAUTO
2026-02-09 15:00:00+05:30,27784.5,27805.55078125,27767.19921875,27777.94921875,0,0.0,0.0,^CNXAUTO
2026-02-09 15:15:00+05:30,27779.30078125,27819.30078125,27776.05078125,27804.94921875,0,0.0,0.0,^CNXAUTO
2026-02-10 09:15:00+05:30,27876.94921875,27923.0,27776.650390625,27903.400390625,0,0.0,0.0,^CNXAUTO
2026-02-10 09:30:00+05:30,27905.25,28025.849609375,27897.400390625,28005.150390625,0,0.0,0.0,^CNXAUTO
2026-02-10 09:45:00+05:30,28003.0,28072.150390625,27997.19921875,28016.849609375,0,0.0,0.0,^CNXAUTO
2026-02-10 10:00:00+05:30,28009.849609375,28057.75,28009.849609375,28031.19921875,0,0.0,0.0,^CNXAUTO
2026-02-10 10:15:00+05:30,28028.849609375,28066.75,28028.849609375,28048.80078125,0,0.0,0.0,^CNXAUTO
2026-02-10 10:30:00+05:30,28048.400390625,28076.349609375,28040.650390625,28061.150390625,0,0.0,0.0,^CNXAUTO
2026-02-10 10:45:00+05:30,28061.349609375,28104.5,28022.25,28094.94921875,0,0.0,0.0,^CNXAUTO
2026-02-10 11:00:00+05:30,28095.30078125,28149.650390625,28091.5,28141.099609375,0,0.0,0.0,^CNXAUTO
2026-02-10 11:15:00+05:30,28141.099609375,28167.400390625,28133.80078125,28160.349609375,0,0.0,0.0,^CNXAUTO
2026-02-10 11:30:00+05:30,28160.099609375,28229.80078125,28160.099609375,28227.150390625,0,0.0,0.0,^CNXAUTO
2026-02-10 11:45:00+05:30,28228.75,28239.44921875,28197.0,28233.44921875,0,0.0,0.0,^CNXAUTO
2026-02-10 12:00:00+05:30,28235.05078125,28253.94921875,28220.05078125,28249.94921875,0,0.0,0.0,^CNXAUTO
2026-02-10 12:15:00+05:30,28249.94921875,28279.75,28241.94921875,28253.400390625,0,0.0,0.0,^CNXAUTO
2026-02-10 12:30:00+05:30,28254.0,28262.75,28227.400390625,28240.349609375,0,0.0,0.0,^CNXAUTO
2026-02-10 12:45:00+05:30,28239.400390625,28247.5,28225.099609375,28237.099609375,0,0.0,0.0,^CNXAUTO
2026-02-10 13:00:00+05:30,28237.94921875,28240.19921875,28179.80078125,28186.099609375,0,0.0,0.0,^CNXAUTO
2026-02-10 13:15:00+05:30,28186.099609375,28187.650390625,28135.94921875,28136.75,0,0.0,0.0,^CNXAUTO
2026-02-10 13:30:00+05:30,28137.75,28140.55078125,28100.900390625,28122.69921875,0,0.0,0.0,^CNXAUTO
2026-02-10 13:45:00+05:30,28122.69921875,28159.94921875,28112.44921875,28135.94921875,0,0.0,0.0,^CNXAUTO
2026-02-10 14:00:00+05:30,28136.75,28164.349609375,28095.55078125,28129.30078125,0,0.0,0.0,^CNXAUTO
2026-02-10 14:15:00+05:30,28128.900390625,28177.5,28127.5,28139.5,0,0.0,0.0,^CNXAUTO
2026-02-10 14:30:00+05:30,28138.5,28168.5,28113.75,28125.5,0,0.0,0.0,^CNXAUTO
2026-02-10 14:45:00+05:30,28126.099609375,28186.849609375,28122.099609375,28179.5,0,0.0,0.0,^CNXAUTO
2026-02-10 15:00:00+05:30,28182.19921875,28199.30078125,28155.849609375,28166.94921875,0,0.0,0.0,^CNXAUTO
2026-02-10 15:15:00+05:30,28165.599609375,28184.44921875,28147.400390625,28173.75,0,0.0,0.0,^CNXAUTO
2026-02-11 09:15:00+05:30,28311.900390625,28581.849609375,28301.0,28576.44921875,0,0.0,0.0,^CNXAUTO
2026-02-11 09:30:00+05:30,28576.400390625,28612.55078125,28544.55078125,28606.55078125,0,0.0,0.0,^CNXAUTO
2026-02-11 09:45:00+05:30,28607.25,28693.25,28603.400390625,28650.0,0,0.0,0.0,^CNXAUTO
2026-02-11 10:00:00+05:30,28651.19921875,28661.849609375,28616.150390625,28637.650390625,0,0.0,0.0,^CNXAUTO
2026-02-11 10:15:00+05:30,28638.25,28761.55078125,28630.05078125,28755.400390625,0,0.0,0.0,^CNXAUTO
2026-02-11 10:30:00+05:30,28753.849609375,28803.849609375,28737.900390625,28743.099609375,0,0.0,0.0,^CNXAUTO
2026-02-11 10:45:00+05:30,28742.19921875,28768.5,28731.30078125,28746.150390625,0,0.0,0.0,^CNXAUTO
2026-02-11 11:00:00+05:30,28746.05078125,28773.150390625,28736.349609375,28754.150390625,0,0.0,0.0,^CNXAUTO
2026-02-11 11:15:00+05:30,28754.25,28783.150390625,28737.599609375,28781.75,0,0.0,0.0,^CNXAUTO
2026-02-11 11:30:00+05:30,28780.599609375,28803.44921875,28761.900390625,28763.650390625,0,0.0,0.0,^CNXAUTO
2026-02-11 11:45:00+05:30,28764.0,28811.25,28610.30078125,28655.0,0,0.0,0.0,^CNXAUTO
2026-02-11 12:00:00+05:30,28650.30078125,28761.150390625,28550.94921875,28726.05078125,0,0.0,0.0,^CNXAUTO
2026-02-11 12:15:00+05:30,28727.05078125,28738.55078125,28632.80078125,28665.599609375,0,0.0,0.0,^CNXAUTO
2026-02-11 12:30:00+05:30,28666.55078125,28687.55078125,28567.80078125,28586.44921875,0,0.0,0.0,^CNXAUTO
2026-02-11 12:45:00+05:30,28585.69921875,28590.099609375,28537.349609375,28571.55078125,0,0.0,0.0,^CNXAUTO
2026-02-11 13:00:00+05:30,28572.349609375,28616.80078125,28572.19921875,28587.099609375,0,0.0,0.0,^CNXAUTO
2026-02-11 13:15:00+05:30,28587.69921875,28622.150390625,28573.650390625,28611.349609375,0,0.0,0.0,^CNXAUTO
2026-02-11 13:30:00+05:30,28611.25,28670.849609375,28596.25,28609.5,0,0.0,0.0,^CNXAUTO
2026-02-11 13:45:00+05:30,28611.55078125,28640.75,28536.19921875,28545.849609375,0,0.0,0.0,^CNXAUTO
2026-02-11 14:00:00+05:30,28546.25,28567.599609375,28531.150390625,28567.0,0,0.0,0.0,^CNXAUTO
2026-02-11 14:15:00+05:30,28572.650390625,28588.849609375,28520.55078125,28575.19921875,0,0.0,0.0,^CNXAUTO
2026-02-11 14:30:00+05:30,28574.650390625,28596.0,28536.69921875,28555.0,0,0.0,0.0,^CNXAUTO
2026-02-11 14:45:00+05:30,28555.25,28571.25,28523.25,28538.599609375,0,0.0,0.0,^CNXAUTO
2026-02-11 15:00:00+05:30,28540.30078125,28574.400390625,28518.5,28549.69921875,0,0.0,0.0,^CNXAUTO
2026-02-11 15:15:00+05:30,28549.349609375,28557.25,28508.75,28527.55078125,0,0.0,0.0,^CNXAUTO
2026-02-12 09:15:00+05:30,28604.94921875,28611.150390625,28360.69921875,28442.849609375,0,0.0,0.0,^CNXAUTO
2026-02-12 09:30:00+05:30,28444.099609375,28566.44921875,28424.19921875,28566.349609375,0,0.0,0.0,^CNXAUTO
2026-02-12 09:45:00+05:30,28563.80078125,28614.94921875,28554.400390625,28570.150390625,0,0.0,0.0,^CNXAUTO
2026-02-12 10:00:00+05:30,28572.55078125,28590.75,28503.19921875,28547.349609375,0,0.0,0.0,^CNXAUTO
2026-02-12 10:15:00+05:30,28547.349609375,28590.5,28528.69921875,28549.19921875,0,0.0,0.0,^CNXAUTO
2026-02-12 10:30:00+05:30,28548.349609375,28579.30078125,28524.25,28546.94921875,0,0.0,0.0,^CNXAUTO
2026-02-12 10:45:00+05:30,28546.19921875,28552.599609375,28508.55078125,28533.0,0,0.0,0.0,^CNXAUTO
2026-02-12 11:00:00+05:30,28531.30078125,28585.80078125,28531.25,28572.900390625,0,0.0,0.0,^CNXAUTO
2026-02-12 11:15:00+05:30,28574.30078125,28578.5,28538.44921875,28542.55078125,0,0.0,0.0,^CNXAUTO
2026-02-12 11:30:00+05:30,28541.5,28590.0,28512.349609375,28578.900390625,0,0.0,0.0,^CNXAUTO
2026-02-12 11:45:00+05:30,28578.349609375,28583.05078125,28531.0,28538.099609375,0,0.0,0.0,^CNXAUTO
2026-02-12 12:00:00+05:30,28537.69921875,28556.69921875,28510.69921875,28538.80078125,0,0.0,0.0,^CNXAUTO
2026-02-12 12:15:00+05:30,28538.80078125,28569.55078125,28533.25,28548.849609375,0,0.0,0.0,^CNXAUTO
2026-02-12 12:30:00+05:30,28548.849609375,28572.69921875,28548.349609375,28565.25,0,0.0,0.0,^CNXAUTO
2026-02-12 12:45:00+05:30,28566.349609375,28584.94921875,28545.55078125,28563.69921875,0,0.0,0.0,^CNXAUTO
2026-02-12 13:00:00+05:30,28565.349609375,28569.650390625,28488.400390625,28491.599609375,0,0.0,0.0,^CNXAUTO
2026-02-12 13:15:00+05:30,28490.44921875,28557.849609375,28482.44921875,28528.25,0,0.0,0.0,^CNXAUTO
2026-02-12 13:30:00+05:30,28531.099609375,28581.19921875,28523.94921875,28572.849609375,0,0.0,0.0,^CNXAUTO
2026-02-12 13:45:00+05:30,28572.80078125,28578.099609375,28492.0,28505.55078125,0,0.0,0.0,^CNXAUTO
2026-02-12 14:00:00+05:30,28506.0,28506.849609375,28459.900390625,28488.849609375,0,0.0,0.0,^CNXAUTO
2026-02-12 14:15:00+05:30,28488.94921875,28516.900390625,28472.0,28498.05078125,0,0.0,0.0,^CNXAUTO
2026-02-12 14:30:00+05:30,28497.55078125,28517.900390625,28454.75,28461.400390625,0,0.0,0.0,^CNXAUTO
2026-02-12 14:45:00+05:30,28464.400390625,28466.69921875,28366.150390625,28437.44921875,0,0.0,0.0,^CNXAUTO
2026-02-12 15:00:00+05:30,28436.75,28540.30078125,28436.75,28522.400390625,0,0.0,0.0,^CNXAUTO
2026-02-12 15:15:00+05:30,28524.5,28530.80078125,28465.25,28480.400390625,0,0.0,0.0,^CNXAUTO
2026-02-13 09:15:00+05:30,28334.69921875,28420.75,28309.69921875,28339.650390625,0,0.0,0.0,^CNXAUTO
2026-02-13 09:30:00+05:30,28336.5,28358.5,28254.650390625,28337.30078125,0,0.0,0.0,^CNXAUTO
2026-02-13 09:45:00+05:30,28336.599609375,28363.25,28288.69921875,28309.25,0,0.0,0.0,^CNXAUTO
2026-02-13 10:00:00+05:30,28309.69921875,28337.44921875,28262.55078125,28318.099609375,0,0.0,0.0,^CNXAUTO
2026-02-13 10:15:00+05:30,28317.55078125,28345.69921875,28266.75,28319.150390625,0,0.0,0.0,^CNXAUTO
2026-02-13 10:30:00+05:30,28319.05078125,28384.150390625,28315.400390625,28371.0,0,0.0,0.0,^CNXAUTO
2026-02-13 10:45:00+05:30,28367.05078125,28370.5,28317.0,28331.0,0,0.0,0.0,^CNXAUTO
2026-02-13 11:00:00+05:30,28332.75,28351.400390625,28322.30078125,28343.599609375,0,0.0,0.0,^CNXAUTO
2026-02-13 11:15:00+05:30,28344.099609375,28361.44921875,28299.099609375,28356.05078125,0,0.0,0.0,^CNXAUTO
2026-02-13 11:30:00+05:30,28355.44921875,28365.150390625,28322.650390625,28350.400390625,0,0.0,0.0,^CNXAUTO
2026-02-13 11:45:00+05:30,28349.849609375,28426.55078125,28342.30078125,28426.55078125,0,0.0,0.0,^CNXAUTO
2026-02-13 12:00:00+05:30,28426.05078125,28458.44921875,28419.19921875,28436.599609375,0,0.0,0.0,^CNXAUTO
2026-02-13 12:15:00+05:30,28436.849609375,28494.94921875,28411.0,28477.80078125,0,0.0,0.0,^CNXAUTO
2026-02-13 12:30:00+05:30,28477.80078125,28502.900390625,28448.25,28462.900390625,0,0.0,0.0,^CNXAUTO
2026-02-13 12:45:00+05:30,28464.650390625,28476.44921875,28418.5,28425.150390625,0,0.0,0.0,^CNXAUTO
2026-02-13 13:00:00+05:30,28425.400390625,28436.900390625,28381.44921875,28413.44921875,0,0.0,0.0,^CNXAUTO
2026-02-13 13:15:00+05:30,28414.25,28432.80078125,28365.69921875,28373.599609375,0,0.0,0.0,^CNXAUTO
2026-02-13 13:30:00+05:30,28374.599609375,28413.44921875,28359.30078125,28398.30078125,0,0.0,0.0,^CNXAUTO
2026-02-13 13:45:00+05:30,28399.75,28402.30078125,28338.849609375,28352.400390625,0,0.0,0.0,^CNXAUTO
2026-02-13 14:00:00+05:30,28353.75,28365.349609375,28328.30078125,28359.650390625,0,0.0,0.0,^CNXAUTO
2026-02-13 14:15:00+05:30,28359.650390625,28368.94921875,28311.400390625,28335.5,0,0.0,0.0,^CNXAUTO
2026-02-13 14:30:00+05:30,28335.150390625,28337.69921875,28281.349609375,28325.19921875,0,0.0,0.0,^CNXAUTO
2026-02-13 14:45:00+05:30,28323.599609375,28332.55078125,28289.75,28323.19921875,0,0.0,0.0,^CNXAUTO
2026-02-13 15:00:00+05:30,28322.94921875,28332.900390625,28224.650390625,28257.30078125,0,0.0,0.0,^CNXAUTO
2026-02-13 15:15:00+05:30,28253.900390625,28260.900390625,28162.0,28200.900390625,0,0.0,0.0,^CNXAUTO
2026-02-16 09:15:00+05:30,28198.25,28293.44921875,28049.94921875,28264.099609375,0,0.0,0.0,^CNXAUTO
2026-02-16 09:30:00+05:30,28266.75,28307.75,28157.599609375,28159.80078125,0,0.0,0.0,^CNXAUTO
2026-02-16 09:45:00+05:30,28159.69921875,28177.05078125,28090.349609375,28170.44921875,0,0.0,0.0,^CNXAUTO
2026-02-16 10:00:00+05:30,28170.44921875,28219.150390625,28170.44921875,28215.5,0,0.0,0.0,^CNXAUTO
2026-02-16 10:15:00+05:30,28215.44921875,28216.30078125,28071.599609375,28093.19921875,0,0.0,0.0,^CNXAUTO
2026-02-16 10:30:00+05:30,28093.19921875,28117.30078125,28066.80078125,28078.349609375,0,0.0,0.0,^CNXAUTO
2026-02-16 10:45:00+05:30,28079.849609375,28099.5,28042.25,28087.150390625,0,0.0,0.0,^CNXAUTO
2026-02-16 11:00:00+05:30,28086.400390625,28093.5,28051.30078125,28072.94921875,0,0.0,0.0,^CNXAUTO
2026-02-16 11:15:00+05:30,28072.94921875,28099.55078125,28037.75,28040.30078125,0,0.0,0.0,^CNXAUTO
2026-02-16 11:30:00+05:30,28040.69921875,28041.94921875,27984.94921875,27989.900390625,0,0.0,0.0,^CNXAUTO
2026-02-16 11:45:00+05:30,27992.150390625,27992.150390625,27946.05078125,27978.80078125,0,0.0,0.0,^CNXAUTO
2026-02-16 12:00:00+05:30,27978.80078125,28004.150390625,27964.849609375,27999.25,0,0.0,0.0,^CNXAUTO
2026-02-16 12:15:00+05:30,27999.75,28039.900390625,27965.80078125,28010.30078125,0,0.0,0.0,^CNXAUTO
2026-02-16 12:30:00+05:30,28011.75,28023.599609375,27991.900390625,27995.150390625,0,0.0,0.0,^CNXAUTO
2026-02-16 12:45:00+05:30,27995.19921875,28002.25,27932.0,27961.400390625,0,0.0,0.0,^CNXAUTO
2026-02-16 13:00:00+05:30,27961.400390625,27984.099609375,27946.400390625,27950.19921875,0,0.0,0.0,^CNXAUTO
2026-02-16 13:15:00+05:30,27950.94921875,27967.19921875,27936.650390625,27966.05078125,0,0.0,0.0,^CNXAUTO
2026-02-16 13:30:00+05:30,27965.69921875,27974.19921875,27935.5,27969.19921875,0,0.0,0.0,^CNXAUTO
2026-02-16 13:45:00+05:30,27969.30078125,27977.25,27938.44921875,27943.900390625,0,0.0,0.0,^CNXAUTO
2026-02-16 14:00:00+05:30,27943.5,27976.0,27928.44921875,27964.30078125,0,0.0,0.0,^CNXAUTO
2026-02-16 14:15:00+05:30,27963.44921875,27993.44921875,27938.69921875,27992.44921875,0,0.0,0.0,^CNXAUTO
2026-02-16 14:30:00+05:30,27991.94921875,28031.900390625,27981.80078125,28005.0,0,0.0,0.0,^CNXAUTO
2026-02-16 14:45:00+05:30,28004.900390625,28017.80078125,27979.0,28012.94921875,0,0.0,0.0,^CNXAUTO
2026-02-16 15:00:00+05:30,28013.0,28057.349609375,28013.0,28047.80078125,0,0.0,0.0,^CNXAUTO
2026-02-16 15:15:00+05:30,28045.19921875,28047.150390625,28005.099609375,28005.849609375,0,0.0,0.0,^CNXAUTO
2026-02-17 09:15:00+05:30,28001.25,28008.30078125,27868.30078125,27966.80078125,0,0.0,0.0,^CNXAUTO
2026-02-17 09:30:00+05:30,27966.75,28034.30078125,27913.400390625,28030.55078125,0,0.0,0.0,^CNXAUTO
2026-02-17 09:45:00+05:30,28030.94921875,28039.19921875,27956.55078125,27968.0,0,0.0,0.0,^CNXAUTO
2026-02-17 10:00:00+05:30,27968.099609375,28021.44921875,27953.599609375,28008.19921875,0,0.0,0.0,^CNXAUTO
2026-02-17 10:15:00+05:30,28005.75,28061.0,27970.55078125,28058.19921875,0,0.0,0.0,^CNXAUTO
2026-02-17 10:30:00+05:30,28058.25,28073.900390625,27981.44921875,27985.19921875,0,0.0,0.0,^CNXAUTO
2026-02-17 10:45:00+05:30,27985.19921875,28008.099609375,27948.099609375,27989.75,0,0.0,0.0,^CNXAUTO
2026-02-17 11:00:00+05:30,27990.0,28022.0,27976.80078125,28019.19921875,0,0.0,0.0,^CNXAUTO
2026-02-17 11:15:00+05:30,28023.0,28055.150390625,28017.55078125,28030.849609375,0,0.0,0.0,^CNXAUTO
2026-02-17 11:30:00+05:30,28030.849609375,28085.849609375,28030.849609375,28063.349609375,0,0.0,0.0,^CNXAUTO
2026-02-17 11:45:00+05:30,28063.349609375,28081.349609375,28057.44921875,28067.849609375,0,0.0,0.0,^CNXAUTO
2026-02-17 12:00:00+05:30,28066.44921875,28069.400390625,28032.05078125,28038.099609375,0,0.0,0.0,^CNXAUTO
2026-02-17 12:15:00+05:30,28038.900390625,28090.75,28037.05078125,28073.80078125,0,0.0,0.0,^CNXAUTO
2026-02-17 12:30:00+05:30,28073.80078125,28104.25,28063.599609375,28102.80078125,0,0.0,0.0,^CNXAUTO
2026-02-17 12:45:00+05:30,28101.05078125,28149.650390625,28101.05078125,28105.69921875,0,0.0,0.0,^CNXAUTO
2026-02-17 13:00:00+05:30,28104.55078125,28171.349609375,28095.599609375,28132.150390625,0,0.0,0.0,^CNXAUTO
2026-02-17 13:15:00+05:30,28132.150390625,28151.44921875,28118.55078125,28145.25,0,0.0,0.0,^CNXAUTO
2026-02-17 13:30:00+05:30,28145.400390625,28157.75,28122.19921875,28153.650390625,0,0.0,0.0,^CNXAUTO
2026-02-17 13:45:00+05:30,28154.349609375,28167.150390625,28108.099609375,28115.30078125,0,0.0,0.0,^CNXAUTO
2026-02-17 14:00:00+05:30,28117.55078125,28162.599609375,28076.55078125,28086.900390625,0,0.0,0.0,^CNXAUTO
2026-02-17 14:15:00+05:30,28089.25,28124.599609375,28083.849609375,28099.099609375,0,0.0,0.0,^CNXAUTO
2026-02-17 14:30:00+05:30,28102.94921875,28153.55078125,28076.69921875,28125.099609375,0,0.0,0.0,^CNXAUTO
2026-02-17 14:45:00+05:30,28125.599609375,28167.75,28119.400390625,28155.150390625,0,0.0,0.0,^CNXAUTO
2026-02-17 15:00:00+05:30,28156.94921875,28197.30078125,28156.94921875,28183.19921875,0,0.0,0.0,^CNXAUTO
2026-02-17 15:15:00+05:30,28183.30078125,28185.55078125,28154.650390625,28164.94921875,0,0.0,0.0,^CNXAUTO
2026-02-18 09:15:00+05:30,28202.25,28236.94921875,28140.55078125,28224.44921875,0,0.0,0.0,^CNXAUTO
2026-02-18 09:30:00+05:30,28225.05078125,28280.900390625,28215.75,28258.599609375,0,0.0,0.0,^CNXAUTO
2026-02-18 09:45:00+05:30,28256.5,28260.55078125,28131.400390625,28143.55078125,0,0.0,0.0,^CNXAUTO
2026-02-18 10:00:00+05:30,28143.69921875,28168.650390625,28126.349609375,28150.30078125,0,0.0,0.0,^CNXAUTO
2026-02-18 10:15:00+05:30,28151.30078125,28192.19921875,28127.599609375,28181.25,0,0.0,0.0,^CNXAUTO
2026-02-18 10:30:00+05:30,28181.05078125,28198.150390625,28169.849609375,28180.349609375,0,0.0,0.0,^CNXAUTO
2026-02-18 10:45:00+05:30,28179.94921875,28221.30078125,28171.05078125,28180.75,0,0.0,0.0,^CNXAUTO
2026-02-18 11:00:00+05:30,28180.349609375,28185.69921875,28135.5,28152.25,0,0.0,0.0,^CNXAUTO
2026-02-18 11:15:00+05:30,28151.75,28155.349609375,28116.599609375,28137.5,0,0.0,0.0,^CNXAUTO
2026-02-18 11:30:00+05:30,28137.44921875,28146.349609375,28091.94921875,28108.05078125,0,0.0,0.0,^CNXAUTO
2026-02-18 11:45:00+05:30,28107.900390625,28115.80078125,28085.599609375,28109.44921875,0,0.0,0.0,^CNXAUTO
2026-02-18 12:00:00+05:30,28110.19921875,28149.75,28105.900390625,28146.900390625,0,0.0,0.0,^CNXAUTO
2026-02-18 12:15:00+05:30,28145.55078125,28175.650390625,28143.94921875,28166.400390625,0,0.0,0.0,^CNXAUTO
2026-02-18 12:30:00+05:30,28166.75,28191.05078125,28162.0,28174.25,0,0.0,0.0,^CNXAUTO
2026-02-18 12:45:00+05:30,28174.25,28190.55078125,28160.05078125,28184.099609375,0,0.0,0.0,^CNXAUTO
2026-02-18 13:00:00+05:30,28183.94921875,28214.349609375,28174.150390625,28182.099609375,0,0.0,0.0,^CNXAUTO
2026-02-18 13:15:00+05:30,28182.599609375,28196.30078125,28177.19921875,28182.05078125,0,0.0,0.0,^CNXAUTO
2026-02-18 13:30:00+05:30,28182.349609375,28202.349609375,28179.75,28198.94921875,0,0.0,0.0,^CNXAUTO
2026-02-18 13:45:00+05:30,28198.55078125,28223.19921875,28174.94921875,28205.69921875,0,0.0,0.0,^CNXAUTO
2026-02-18 14:00:00+05:30,28206.349609375,28241.650390625,28196.19921875,28233.69921875,0,0.0,0.0,^CNXAUTO
2026-02-18 14:15:00+05:30,28233.55078125,28251.349609375,28228.599609375,28236.30078125,0,0.0,0.0,^CNXAUTO
2026-02-18 14:30:00+05:30,28236.25,28240.150390625,28211.19921875,28216.400390625,0,0.0,0.0,^CNXAUTO
2026-02-18 14:45:00+05:30,28216.599609375,28254.25,28207.30078125,28252.19921875,0,0.0,0.0,^CNXAUTO
2026-02-18 15:00:00+05:30,28254.30078125,28328.5,28254.30078125,28323.900390625,0,0.0,0.0,^CNXAUTO
2026-02-18 15:15:00+05:30,28325.099609375,28375.849609375,28318.150390625,28364.400390625,0,0.0,0.0,^CNXAUTO
2026-02-19 09:15:00+05:30,28353.400390625,28496.849609375,28332.55078125,28415.75,0,0.0,0.0,^CNXAUTO
2026-02-19 09:30:00+05:30,28416.19921875,28489.150390625,28382.94921875,28383.900390625,0,0.0,0.0,^CNXAUTO
2026-02-19 09:45:00+05:30,28383.599609375,28420.900390625,28306.650390625,28307.0,0,0.0,0.0,^CNXAUTO
2026-02-19 10:00:00+05:30,28306.099609375,28318.400390625,28225.05078125,28233.599609375,0,0.0,0.0,^CNXAUTO
2026-02-19 10:15:00+05:30,28235.19921875,28271.900390625,28214.349609375,28246.400390625,0,0.0,0.0,^CNXAUTO
2026-02-19 10:30:00+05:30,28246.0,28248.099609375,28188.5,28196.80078125,0,0.0,0.0,^CNXAUTO
2026-02-19 10:45:00+05:30,28196.900390625,28231.69921875,28182.05078125,28219.44921875,0,0.0,0.0,^CNXAUTO
2026-02-19 11:00:00+05:30,28220.5,28223.19921875,28157.30078125,28157.849609375,0,0.0,0.0,^CNXAUTO
2026-02-19 11:15:00+05:30,28158.05078125,28165.80078125,28117.94921875,28131.05078125,0,0.0,0.0,^CNXAUTO
2026-02-19 11:30:00+05:30,28131.55078125,28158.80078125,28113.849609375,28128.0,0,0.0,0.0,^CNXAUTO
2026-02-19 11:45:00+05:30,28128.099609375,28135.5,28063.25,28080.80078125,0,0.0,0.0,^CNXAUTO
2026-02-19 12:00:00+05:30,28079.900390625,28081.599609375,28000.900390625,28008.44921875,0,0.0,0.0,^CNXAUTO
2026-02-19 12:15:00+05:30,28008.849609375,28045.900390625,27992.150390625,28014.94921875,0,0.0,0.0,^CNXAUTO
2026-02-19 12:30:00+05:30,28015.5,28027.30078125,27956.75,27973.25,0,0.0,0.0,^CNXAUTO
2026-02-19 12:45:00+05:30,27972.25,27994.55078125,27958.44921875,27979.099609375,0,0.0,0.0,^CNXAUTO
2026-02-19 13:00:00+05:30,27979.0,28037.099609375,27967.099609375,28032.849609375,0,0.0,0.0,^CNXAUTO
2026-02-19 13:15:00+05:30,28033.849609375,28039.900390625,27982.5,28038.599609375,0,0.0,0.0,^CNXAUTO
2026-02-19 13:30:00+05:30,28037.55078125,28041.05078125,27977.900390625,28004.5,0,0.0,0.0,^CNXAUTO
2026-02-19 13:45:00+05:30,28003.94921875,28009.44921875,27959.099609375,27959.25,0,0.0,0.0,^CNXAUTO
2026-02-19 14:00:00+05:30,27960.25,28002.849609375,27944.30078125,27995.5,0,0.0,0.0,^CNXAUTO
2026-02-19 14:15:00+05:30,27995.75,28021.900390625,27919.349609375,27920.900390625,0,0.0,0.0,^CNXAUTO
2026-02-19 14:30:00+05:30,27921.0,27954.69921875,27866.900390625,27868.900390625,0,0.0,0.0,^CNXAUTO
2026-02-19 14:45:00+05:30,27868.44921875,27910.25,27822.44921875,27893.69921875,0,0.0,0.0,^CNXAUTO
2026-02-19 15:00:00+05:30,27893.69921875,27893.69921875,27726.650390625,27729.75,0,0.0,0.0,^CNXAUTO
2026-02-19 15:15:00+05:30,27731.69921875,27731.69921875,27671.94921875,27698.55078125,0,0.0,0.0,^CNXAUTO
2026-02-20 09:15:00+05:30,27745.5,27841.0,27620.69921875,27625.69921875,0,0.0,0.0,^CNXAUTO
2026-02-20 09:30:00+05:30,27624.5,27758.44921875,27618.69921875,27754.150390625,0,0.0,0.0,^CNXAUTO
2026-02-20 09:45:00+05:30,27755.30078125,27827.099609375,27745.849609375,27806.25,0,0.0,0.0,^CNXAUTO
2026-02-20 10:00:00+05:30,27808.849609375,27819.849609375,27709.75,27720.5,0,0.0,0.0,^CNXAUTO
2026-02-20 10:15:00+05:30,27719.650390625,27802.19921875,27717.30078125,27790.55078125,0,0.0,0.0,^CNXAUTO
2026-02-20 10:30:00+05:30,27790.0,27856.94921875,27790.0,27847.400390625,0,0.0,0.0,^CNXAUTO
2026-02-20 10:45:00+05:30,27847.69921875,27863.44921875,27801.44921875,27816.75,0,0.0,0.0,^CNXAUTO
2026-02-20 11:00:00+05:30,27817.44921875,27851.25,27790.150390625,27826.30078125,0,0.0,0.0,^CNXAUTO
2026-02-20 11:15:00+05:30,27827.19921875,27854.80078125,27785.80078125,27827.5,0,0.0,0.0,^CNXAUTO
2026-02-20 11:30:00+05:30,27827.75,27846.25,27805.5,27820.44921875,0,0.0,0.0,^CNXAUTO
2026-02-20 11:45:00+05:30,27821.05078125,27856.94921875,27794.5,27821.55078125,0,0.0,0.0,^CNXAUTO
2026-02-20 12:00:00+05:30,27821.849609375,27833.44921875,27799.19921875,27831.849609375,0,0.0,0.0,^CNXAUTO
2026-02-20 12:15:00+05:30,27830.80078125,27904.599609375,27829.30078125,27900.94921875,0,0.0,0.0,^CNXAUTO
2026-02-20 12:30:00+05:30,27901.400390625,27933.19921875,27882.900390625,27885.80078125,0,0.0,0.0,^CNXAUTO
2026-02-20 12:45:00+05:30,27884.94921875,27908.80078125,27840.650390625,27870.150390625,0,0.0,0.0,^CNXAUTO
2026-02-20 13:00:00+05:30,27871.400390625,27888.900390625,27801.80078125,27821.0,0,0.0,0.0,^CNXAUTO
2026-02-20 13:15:00+05:30,27821.05078125,27856.75,27796.400390625,27850.900390625,0,0.0,0.0,^CNXAUTO
2026-02-20 13:30:00+05:30,27851.150390625,27890.69921875,27830.900390625,27850.55078125,0,0.0,0.0,^CNXAUTO
2026-02-20 13:45:00+05:30,27851.25,27888.849609375,27832.05078125,27884.30078125,0,0.0,0.0,^CNXAUTO
2026-02-20 14:00:00+05:30,27884.099609375,27884.099609375,27835.55078125,27866.80078125,0,0.0,0.0,^CNXAUTO
2026-02-20 14:15:00+05:30,27866.69921875,27889.30078125,27846.30078125,27846.30078125,0,0.0,0.0,^CNXAUTO
2026-02-20 14:30:00+05:30,27846.30078125,27891.5,27832.650390625,27875.19921875,0,0.0,0.0,^CNXAUTO
2026-02-20 14:45:00+05:30,27875.150390625,27910.05078125,27867.349609375,27910.05078125,0,0.0,0.0,^CNXAUTO
2026-02-20 15:00:00+05:30,27912.19921875,27912.19921875,27837.30078125,27850.69921875,0,0.0,0.0,^CNXAUTO
2026-02-20 15:15:00+05:30,27850.25,27874.849609375,27813.400390625,27856.0,0,0.0,0.0,^CNXAUTO
2026-02-23 09:15:00+05:30,27975.900390625,28138.94921875,27917.5,28138.94921875,0,0.0,0.0,^CNXAUTO
2026-02-23 09:30:00+05:30,28136.650390625,28159.05078125,28078.900390625,28124.69921875,0,0.0,0.0,^CNXAUTO
2026-02-23 09:45:00+05:30,28128.150390625,28155.849609375,28067.30078125,28084.599609375,0,0.0,0.0,^CNXAUTO
2026-02-23 10:00:00+05:30,28086.19921875,28098.05078125,28052.44921875,28070.25,0,0.0,0.0,^CNXAUTO
2026-02-23 10:15:00+05:30,28071.05078125,28111.75,28061.19921875,28082.849609375,0,0.0,0.0,^CNXAUTO
2026-02-23 10:30:00+05:30,28082.650390625,28104.30078125,27995.19921875,28004.5,0,0.0,0.0,^CNXAUTO
2026-02-23 10:45:00+05:30,28004.5,28029.349609375,27981.349609375,28007.75,0,0.0,0.0,^CNXAUTO
2026-02-23 11:00:00+05:30,28007.05078125,28070.349609375,28007.05078125,28051.69921875,0,0.0,0.0,^CNXAUTO
2026-02-23 11:15:00+05:30,28051.19921875,28069.44921875,28016.099609375,28032.05078125,0,0.0,0.0,^CNXAUTO
2026-02-23 11:30:00+05:30,28031.80078125,28052.19921875,28015.650390625,28042.900390625,0,0.0,0.0,^CNXAUTO
2026-02-23 11:45:00+05:30,28042.349609375,28045.150390625,27983.099609375,27983.099609375,0,0.0,0.0,^CNXAUTO
2026-02-23 12:00:00+05:30,27982.5,28028.80078125,27982.5,28021.099609375,0,0.0,0.0,^CNXAUTO
2026-02-23 12:15:00+05:30,28021.099609375,28048.25,27994.099609375,27994.44921875,0,0.0,0.0,^CNXAUTO
2026-02-23 12:30:00+05:30,27994.150390625,28032.0,27975.75,28028.650390625,0,0.0,0.0,^CNXAUTO
2026-02-23 12:45:00+05:30,28028.44921875,28044.80078125,27987.30078125,27987.599609375,0,0.0,0.0,^CNXAUTO
2026-02-23 13:00:00+05:30,27987.75,28004.5,27971.099609375,27975.19921875,0,0.0,0.0,^CNXAUTO
2026-02-23 13:15:00+05:30,27973.900390625,28030.25,27965.19921875,28026.30078125,0,0.0,0.0,^CNXAUTO
2026-02-23 13:30:00+05:30,28026.19921875,28034.80078125,27993.80078125,28011.349609375,0,0.0,0.0,^CNXAUTO
2026-02-23 13:45:00+05:30,28011.349609375,28022.25,27990.94921875,27992.150390625,0,0.0,0.0,^CNXAUTO
2026-02-23 14:00:00+05:30,27990.400390625,28010.75,27963.19921875,27998.69921875,0,0.0,0.0,^CNXAUTO
2026-02-23 14:15:00+05:30,27997.849609375,28025.849609375,27984.900390625,28023.44921875,0,0.0,0.0,^CNXAUTO
2026-02-23 14:30:00+05:30,28023.599609375,28045.349609375,28006.900390625,28012.30078125,0,0.0,0.0,^CNXAUTO
2026-02-23 14:45:00+05:30,28013.0,28061.19921875,28010.05078125,28037.150390625,0,0.0,0.0,^CNXAUTO
2026-02-23 15:00:00+05:30,28041.349609375,28108.150390625,28041.349609375,28075.849609375,0,0.0,0.0,^CNXAUTO
2026-02-23 15:15:00+05:30,28076.150390625,28087.75,28024.900390625,28024.900390625,0,0.0,0.0,^CNXAUTO
2026-02-24 09:15:00+05:30,27948.400390625,27948.400390625,27800.599609375,27915.349609375,0,0.0,0.0,^CNXAUTO
2026-02-24 09:30:00+05:30,27913.25,27931.19921875,27867.349609375,27912.05078125,0,0.0,0.0,^CNXAUTO
2026-02-24 09:45:00+05:30,27912.0,27972.44921875,27906.900390625,27930.44921875,0,0.0,0.0,^CNXAUTO
2026-02-24 10:00:00+05:30,27928.5,27939.75,27876.69921875,27881.099609375,0,0.0,0.0,^CNXAUTO
2026-02-24 10:15:00+05:30,27879.05078125,27929.94921875,27877.55078125,27904.400390625,0,0.0,0.0,^CNXAUTO
2026-02-24 10:30:00+05:30,27903.099609375,27931.55078125,27896.44921875,27918.25,0,0.0,0.0,^CNXAUTO
2026-02-24 10:45:00+05:30,27917.94921875,27919.599609375,27866.650390625,27902.30078125,0,0.0,0.0,^CNXAUTO
2026-02-24 11:00:00+05:30,27902.150390625,27915.849609375,27879.900390625,27906.19921875,0,0.0,0.0,^CNXAUTO
2026-02-24 11:15:00+05:30,27905.099609375,27914.94921875,27885.30078125,27913.44921875,0,0.0,0.0,^CNXAUTO
2026-02-24 11:30:00+05:30,27913.44921875,27921.150390625,27885.75,27886.44921875,0,0.0,0.0,^CNXAUTO
2026-02-24 11:45:00+05:30,27885.55078125,27908.05078125,27875.5,27881.30078125,0,0.0,0.0,^CNXAUTO
2026-02-24 12:00:00+05:30,27881.30078125,27898.650390625,27866.0,27894.0,0,0.0,0.0,^CNXAUTO
2026-02-24 12:15:00+05:30,27893.75,27894.25,27814.849609375,27847.099609375,0,0.0,0.0,^CNXAUTO
2026-02-24 12:30:00+05:30,27847.650390625,27888.05078125,27845.80078125,27880.69921875,0,0.0,0.0,^CNXAUTO
2026-02-24 12:45:00+05:30,27879.80078125,27884.900390625,27855.900390625,27879.849609375,0,0.0,0.0,^CNXAUTO
2026-02-24 13:00:00+05:30,27879.849609375,27920.650390625,27866.19921875,27914.849609375,0,0.0,0.0,^CNXAUTO
2026-02-24 13:15:00+05:30,27914.55078125,27915.349609375,27854.599609375,27854.599609375,0,0.0,0.0,^CNXAUTO
2026-02-24 13:30:00+05:30,27852.349609375,27854.650390625,27773.19921875,27822.44921875,0,0.0,0.0,^CNXAUTO
2026-02-24 13:45:00+05:30,27822.349609375,27886.849609375,27802.400390625,27884.650390625,0,0.0,0.0,^CNXAUTO
2026-02-24 14:00:00+05:30,27886.55078125,27889.75,27848.55078125,27886.0,0,0.0,0.0,^CNXAUTO
2026-02-24 14:15:00+05:30,27885.400390625,27897.400390625,27855.25,27872.19921875,0,0.0,0.0,^CNXAUTO
2026-02-24 14:30:00+05:30,27870.400390625,27873.94921875,27823.599609375,27825.80078125,0,0.0,0.0,^CNXAUTO
2026-02-24 14:45:00+05:30,27826.650390625,27920.44921875,27813.75,27910.849609375,0,0.0,0.0,^CNXAUTO
2026-02-24 15:00:00+05:30,27912.44921875,27951.0,27912.44921875,27941.150390625,0,0.0,0.0,^CNXAUTO
2026-02-24 15:15:00+05:30,27941.150390625,27991.94921875,27932.69921875,27986.5,0,0.0,0.0,^CNXAUTO
2026-02-25 09:15:00+05:30,27989.80078125,28062.05078125,27920.25,28039.30078125,0,0.0,0.0,^CNXAUTO
2026-02-25 09:30:00+05:30,28039.75,28144.69921875,28007.099609375,28143.19921875,0,0.0,0.0,^CNXAUTO
2026-02-25 09:45:00+05:30,28144.25,28216.400390625,28144.25,28202.55078125,0,0.0,0.0,^CNXAUTO
2026-02-25 10:00:00+05:30,28205.05078125,28223.30078125,28181.400390625,28208.5,0,0.0,0.0,^CNXAUTO
2026-02-25 10:15:00+05:30,28208.650390625,28283.19921875,28201.5,28267.849609375,0,0.0,0.0,^CNXAUTO
2026-02-25 10:30:00+05:30,28267.400390625,28352.94921875,28264.5,28346.05078125,0,0.0,0.0,^CNXAUTO
2026-02-25 10:45:00+05:30,28346.0,28415.55078125,28307.099609375,28382.69921875,0,0.0,0.0,^CNXAUTO
2026-02-25 11:00:00+05:30,28381.150390625,28488.900390625,28377.30078125,28476.30078125,0,0.0,0.0,^CNXAUTO
2026-02-25 11:15:00+05:30,28475.80078125,28483.5,28435.80078125,28442.69921875,0,0.0,0.0,^CNXAUTO
2026-02-25 11:30:00+05:30,28443.69921875,28492.599609375,28439.650390625,28487.400390625,0,0.0,0.0,^CNXAUTO
2026-02-25 11:45:00+05:30,28488.94921875,28573.44921875,28488.599609375,28521.900390625,0,0.0,0.0,^CNXAUTO
2026-02-25 12:00:00+05:30,28522.19921875,28561.650390625,28517.44921875,28542.30078125,0,0.0,0.0,^CNXAUTO
2026-02-25 12:15:00+05:30,28541.94921875,28558.44921875,28486.44921875,28511.5,0,0.0,0.0,^CNXAUTO
2026-02-25 12:30:00+05:30,28510.80078125,28527.900390625,28411.19921875,28438.650390625,0,0.0,0.0,^CNXAUTO
2026-02-25 12:45:00+05:30,28439.75,28441.55078125,28371.94921875,28373.099609375,0,0.0,0.0,^CNXAUTO
2026-02-25 13:00:00+05:30,28372.69921875,28380.19921875,28323.30078125,28354.5,0,0.0,0.0,^CNXAUTO
2026-02-25 13:15:00+05:30,28354.349609375,28367.599609375,28312.650390625,28340.900390625,0,0.0,0.0,^CNXAUTO
2026-02-25 13:30:00+05:30,28341.05078125,28404.94921875,28340.55078125,28393.69921875,0,0.0,0.0,^CNXAUTO
2026-02-25 13:45:00+05:30,28393.5,28393.900390625,28361.650390625,28373.30078125,0,0.0,0.0,^CNXAUTO
2026-02-25 14:00:00+05:30,28371.650390625,28381.5,28338.69921875,28366.849609375,0,0.0,0.0,^CNXAUTO
2026-02-25 14:15:00+05:30,28366.5,28410.80078125,28363.30078125,28381.400390625,0,0.0,0.0,^CNXAUTO
2026-02-25 14:30:00+05:30,28381.75,28403.19921875,28354.80078125,28373.55078125,0,0.0,0.0,^CNXAUTO
2026-02-25 14:45:00+05:30,28374.19921875,28400.44921875,28357.25,28394.5,0,0.0,0.0,^CNXAUTO
2026-02-25 15:00:00+05:30,28396.599609375,28484.599609375,28396.30078125,28457.0,0,0.0,0.0,^CNXAUTO
2026-02-25 15:15:00+05:30,28457.75,28498.349609375,28457.55078125,28469.75,0,0.0,0.0,^CNXAUTO
2026-02-26 09:15:00+05:30,28546.55078125,28593.650390625,28467.0,28494.44921875,0,0.0,0.0,^CNXAUTO
2026-02-26 09:30:00+05:30,28494.349609375,28563.25,28461.94921875,28558.400390625,0,0.0,0.0,^CNXAUTO
2026-02-26 09:45:00+05:30,28557.69921875,28560.650390625,28490.25,28549.05078125,0,0.0,0.0,^CNXAUTO
2026-02-26 10:00:00+05:30,28548.900390625,28601.150390625,28530.05078125,28587.599609375,0,0.0,0.0,^CNXAUTO
2026-02-26 10:15:00+05:30,28589.150390625,28634.25,28574.69921875,28600.05078125,0,0.0,0.0,^CNXAUTO
2026-02-26 10:30:00+05:30,28600.30078125,28602.19921875,28554.650390625,28588.94921875,0,0.0,0.0,^CNXAUTO
2026-02-26 10:45:00+05:30,28589.099609375,28602.349609375,28528.849609375,28533.94921875,0,0.0,0.0,^CNXAUTO
2026-02-26 11:00:00+05:30,28531.0,28581.05078125,28530.5,28571.55078125,0,0.0,0.0,^CNXAUTO
2026-02-26 11:15:00+05:30,28572.400390625,28615.599609375,28554.599609375,28571.94921875,0,0.0,0.0,^CNXAUTO
2026-02-26 11:30:00+05:30,28573.0,28575.44921875,28498.19921875,28516.349609375,0,0.0,0.0,^CNXAUTO
2026-02-26 11:45:00+05:30,28516.55078125,28533.25,28479.05078125,28492.80078125,0,0.0,0.0,^CNXAUTO
2026-02-26 12:00:00+05:30,28492.94921875,28526.099609375,28487.69921875,28496.349609375,0,0.0,0.0,^CNXAUTO
2026-02-26 12:15:00+05:30,28499.30078125,28510.849609375,28460.19921875,28478.55078125,0,0.0,0.0,^CNXAUTO
2026-02-26 12:30:00+05:30,28480.44921875,28533.5,28477.25,28528.400390625,0,0.0,0.0,^CNXAUTO
2026-02-26 12:45:00+05:30,28525.75,28537.5,28512.75,28537.25,0,0.0,0.0,^CNXAUTO
2026-02-26 13:00:00+05:30,28536.25,28586.849609375,28535.650390625,28576.44921875,0,0.0,0.0,^CNXAUTO
2026-02-26 13:15:00+05:30,28575.05078125,28596.44921875,28536.349609375,28586.05078125,0,0.0,0.0,^CNXAUTO
2026-02-26 13:30:00+05:30,28586.44921875,28598.55078125,28579.94921875,28587.099609375,0,0.0,0.0,^CNXAUTO
2026-02-26 13:45:00+05:30,28588.69921875,28589.900390625,28541.849609375,28546.0,0,0.0,0.0,^CNXAUTO
2026-02-26 14:00:00+05:30,28545.5,28594.150390625,28528.75,28586.69921875,0,0.0,0.0,^CNXAUTO
2026-02-26 14:15:00+05:30,28589.80078125,28595.400390625,28533.150390625,28561.5,0,0.0,0.0,^CNXAUTO
2026-02-26 14:30:00+05:30,28561.80078125,28630.05078125,28558.05078125,28630.05078125,0,0.0,0.0,^CNXAUTO
2026-02-26 14:45:00+05:30,28630.5,28642.849609375,28604.75,28631.05078125,0,0.0,0.0,^CNXAUTO
2026-02-26 15:00:00+05:30,28630.80078125,28701.55078125,28630.80078125,28695.599609375,0,0.0,0.0,^CNXAUTO
2026-02-26 15:15:00+05:30,28696.650390625,28718.900390625,28688.94921875,28701.599609375,0,0.0,0.0,^CNXAUTO
2026-02-27 09:15:00+05:30,28640.099609375,28657.44921875,28474.349609375,28477.150390625,0,0.0,0.0,^CNXAUTO
2026-02-27 09:30:00+05:30,28477.0,28513.69921875,28451.349609375,28469.30078125,0,0.0,0.0,^CNXAUTO
2026-02-27 09:45:00+05:30,28468.94921875,28470.650390625,28407.849609375,28427.80078125,0,0.0,0.0,^CNXAUTO
2026-02-27 10:00:00+05:30,28428.099609375,28431.5,28398.30078125,28408.19921875,0,0.0,0.0,^CNXAUTO
2026-02-27 10:15:00+05:30,28406.94921875,28410.5,28310.099609375,28341.30078125,0,0.0,0.0,^CNXAUTO
2026-02-27 10:30:00+05:30,28340.599609375,28412.400390625,28322.69921875,28348.599609375,0,0.0,0.0,^CNXAUTO
2026-02-27 10:45:00+05:30,28347.69921875,28376.69921875,28337.19921875,28356.150390625,0,0.0,0.0,^CNXAUTO
2026-02-27 11:00:00+05:30,28355.150390625,28408.150390625,28348.900390625,28404.30078125,0,0.0,0.0,^CNXAUTO
2026-02-27 11:15:00+05:30,28405.900390625,28407.150390625,28357.75,28358.69921875,0,0.0,0.0,^CNXAUTO
2026-02-27 11:30:00+05:30,28358.900390625,28391.80078125,28328.349609375,28388.0,0,0.0,0.0,^CNXAUTO
2026-02-27 11:45:00+05:30,28387.900390625,28415.30078125,28387.900390625,28402.150390625,0,0.0,0.0,^CNXAUTO
2026-02-27 12:00:00+05:30,28402.150390625,28408.0,28358.5,28358.69921875,0,0.0,0.0,^CNXAUTO
2026-02-27 12:15:00+05:30,28358.400390625,28408.5,28354.599609375,28395.94921875,0,0.0,0.0,^CNXAUTO
2026-02-27 12:30:00+05:30,28396.349609375,28398.30078125,28368.150390625,28379.900390625,0,0.0,0.0,^CNXAUTO
2026-02-27 12:45:00+05:30,28380.400390625,28394.650390625,28362.349609375,28382.44921875,0,0.0,0.0,^CNXAUTO
2026-02-27 13:00:00+05:30,28381.599609375,28409.44921875,28379.69921875,28401.650390625,0,0.0,0.0,^CNXAUTO
2026-02-27 13:15:00+05:30,28401.650390625,28405.349609375,28375.150390625,28387.44921875,0,0.0,0.0,^CNXAUTO
2026-02-27 13:30:00+05:30,28387.099609375,28393.25,28360.349609375,28362.900390625,0,0.0,0.0,^CNXAUTO
2026-02-27 13:45:00+05:30,28362.05078125,28425.55078125,28361.44921875,28424.650390625,0,0.0,0.0,^CNXAUTO
2026-02-27 14:00:00+05:30,28426.650390625,28443.849609375,28404.150390625,28423.900390625,0,0.0,0.0,^CNXAUTO
2026-02-27 14:15:00+05:30,28423.05078125,28436.44921875,28394.19921875,28397.150390625,0,0.0,0.0,^CNXAUTO
2026-02-27 14:30:00+05:30,28396.94921875,28420.25,28393.650390625,28418.099609375,0,0.0,0.0,^CNXAUTO
2026-02-27 14:45:00+05:30,28417.650390625,28427.80078125,28398.25,28423.19921875,0,0.0,0.0,^CNXAUTO
2026-02-27 15:00:00+05:30,28422.19921875,28424.25,28094.900390625,28141.900390625,0,0.0,0.0,^CNXAUTO
2026-02-27 15:15:00+05:30,28145.05078125,28174.5,28114.0,28157.900390625,0,0.0,0.0,^CNXAUTO
2026-03-02 09:15:00+05:30,27335.05078125,27884.400390625,27335.05078125,27775.44921875,0,0.0,0.0,^CNXAUTO
2026-03-02 09:30:00+05:30,27775.599609375,27948.69921875,27759.25,27940.75,0,0.0,0.0,^CNXAUTO
2026-03-02 09:45:00+05:30,27943.150390625,27951.849609375,27817.44921875,27886.75,0,0.0,0.0,^CNXAUTO
2026-03-02 10:00:00+05:30,27886.19921875,27900.650390625,27773.150390625,27793.69921875,0,0.0,0.0,^CNXAUTO
2026-03-02 10:15:00+05:30,27791.349609375,27805.599609375,27735.69921875,27738.80078125,0,0.0,0.0,^CNXAUTO
2026-03-02 10:30:00+05:30,27738.650390625,27739.5,27581.75,27586.900390625,0,0.0,0.0,^CNXAUTO
2026-03-02 10:45:00+05:30,27586.400390625,27599.55078125,27503.0,27593.0,0,0.0,0.0,^CNXAUTO
2026-03-02 11:00:00+05:30,27592.650390625,27597.900390625,27551.650390625,27570.05078125,0,0.0,0.0,^CNXAUTO
2026-03-02 11:15:00+05:30,27570.25,27575.349609375,27484.80078125,27493.30078125,0,0.0,0.0,^CNXAUTO
2026-03-02 11:30:00+05:30,27492.25,27496.94921875,27398.05078125,27445.849609375,0,0.0,0.0,^CNXAUTO
2026-03-02 11:45:00+05:30,27445.900390625,27488.75,27380.44921875,27381.19921875,0,0.0,0.0,^CNXAUTO
2026-03-02 12:00:00+05:30,27381.650390625,27382.19921875,27336.55078125,27347.69921875,0,0.0,0.0,^CNXAUTO
2026-03-02 12:15:00+05:30,27346.150390625,27358.19921875,27303.400390625,27322.0,0,0.0,0.0,^CNXAUTO
2026-03-02 12:30:00+05:30,27321.80078125,27356.099609375,27257.25,27265.099609375,0,0.0,0.0,^CNXAUTO
2026-03-02 12:45:00+05:30,27265.400390625,27309.55078125,27258.30078125,27270.099609375,0,0.0,0.0,^CNXAUTO
2026-03-02 13:00:00+05:30,27272.30078125,27292.150390625,27244.94921875,27290.099609375,0,0.0,0.0,^CNXAUTO
2026-03-02 13:15:00+05:30,27290.400390625,27324.25,27265.849609375,27269.55078125,0,0.0,0.0,^CNXAUTO
2026-03-02 13:30:00+05:30,27268.150390625,27269.80078125,27189.19921875,27220.94921875,0,0.0,0.0,^CNXAUTO
2026-03-02 13:45:00+05:30,27221.0,27223.849609375,27134.099609375,27153.55078125,0,0.0,0.0,^CNXAUTO
2026-03-02 14:00:00+05:30,27155.44921875,27442.30078125,27145.150390625,27441.69921875,0,0.0,0.0,^CNXAUTO
2026-03-02 14:15:00+05:30,27441.5,27458.25,27395.44921875,27397.69921875,0,0.0,0.0,^CNXAUTO
2026-03-02 14:30:00+05:30,27397.69921875,27595.44921875,27357.400390625,27572.849609375,0,0.0,0.0,^CNXAUTO
2026-03-02 14:45:00+05:30,27575.099609375,27594.650390625,27482.69921875,27496.44921875,0,0.0,0.0,^CNXAUTO
2026-03-02 15:00:00+05:30,27501.30078125,27579.30078125,27474.19921875,27578.650390625,0,0.0,0.0,^CNXAUTO
2026-03-02 15:15:00+05:30,27579.30078125,27588.25,27486.75,27505.55078125,0,0.0,0.0,^CNXAUTO
2026-03-04 09:15:00+05:30,26958.94921875,26990.94921875,26692.349609375,26734.650390625,0,0.0,0.0,^CNXAUTO
2026-03-04 09:30:00+05:30,26733.849609375,26815.599609375,26670.900390625,26781.150390625,0,0.0,0.0,^CNXAUTO
2026-03-04 09:45:00+05:30,26783.099609375,26801.75,26706.19921875,26714.5,0,0.0,0.0,^CNXAUTO
2026-03-04 10:00:00+05:30,26716.400390625,26834.599609375,26683.5,26833.349609375,0,0.0,0.0,^CNXAUTO
2026-03-04 10:15:00+05:30,26833.80078125,26834.150390625,26752.099609375,26770.44921875,0,0.0,0.0,^CNXAUTO
2026-03-04 10:30:00+05:30,26770.5,26771.400390625,26720.05078125,26756.80078125,0,0.0,0.0,^CNXAUTO
2026-03-04 10:45:00+05:30,26757.44921875,26801.849609375,26753.349609375,26766.30078125,0,0.0,0.0,^CNXAUTO
2026-03-04 11:00:00+05:30,26768.19921875,26851.69921875,26764.30078125,26811.650390625,0,0.0,0.0,^CNXAUTO
2026-03-04 11:15:00+05:30,26813.69921875,26815.099609375,26710.75,26714.150390625,0,0.0,0.0,^CNXAUTO
2026-03-04 11:30:00+05:30,26714.400390625,26745.94921875,26698.55078125,26700.55078125,0,0.0,0.0,^CNXAUTO
2026-03-04 11:45:00+05:30,26698.80078125,26743.900390625,26675.94921875,26726.150390625,0,0.0,0.0,^CNXAUTO
2026-03-04 12:00:00+05:30,26725.69921875,26742.25,26670.849609375,26673.849609375,0,0.0,0.0,^CNXAUTO
2026-03-04 12:15:00+05:30,26674.55078125,26679.80078125,26631.44921875,26640.849609375,0,0.0,0.0,^CNXAUTO
2026-03-04 12:30:00+05:30,26640.25,26654.94921875,26607.900390625,26649.900390625,0,0.0,0.0,^CNXAUTO
2026-03-04 12:45:00+05:30,26651.19921875,26672.400390625,26629.650390625,26645.25,0,0.0,0.0,^CNXAUTO
2026-03-04 13:00:00+05:30,26645.69921875,26696.0,26632.400390625,26696.0,0,0.0,0.0,^CNXAUTO
2026-03-04 13:15:00+05:30,26694.0,26732.0,26682.44921875,26691.30078125,0,0.0,0.0,^CNXAUTO
2026-03-04 13:30:00+05:30,26688.900390625,26735.150390625,26688.150390625,26705.05078125,0,0.0,0.0,^CNXAUTO
2026-03-04 13:45:00+05:30,26706.0,26712.099609375,26665.5,26699.30078125,0,0.0,0.0,^CNXAUTO
2026-03-04 14:00:00+05:30,26700.349609375,26874.099609375,26700.19921875,26872.44921875,0,0.0,0.0,^CNXAUTO
2026-03-04 14:15:00+05:30,26873.19921875,26927.099609375,26840.150390625,26840.19921875,0,0.0,0.0,^CNXAUTO
2026-03-04 14:30:00+05:30,26840.25,26904.5,26802.650390625,26897.900390625,0,0.0,0.0,^CNXAUTO
2026-03-04 14:45:00+05:30,26897.900390625,26958.19921875,26851.80078125,26939.150390625,0,0.0,0.0,^CNXAUTO
2026-03-04 15:00:00+05:30,26940.05078125,26943.099609375,26844.05078125,26877.0,0,0.0,0.0,^CNXAUTO
2026-03-04 15:15:00+05:30,26876.44921875,26879.349609375,26829.400390625,26848.19921875,0,0.0,0.0,^CNXAUTO
2026-03-05 09:15:00+05:30,27045.75,27212.849609375,27045.75,27101.5,0,0.0,0.0,^CNXAUTO
2026-03-05 09:30:00+05:30,27106.650390625,27113.599609375,27008.94921875,27082.75,0,0.0,0.0,^CNXAUTO
2026-03-05 09:45:00+05:30,27082.25,27184.5,27063.099609375,27125.650390625,0,0.0,0.0,^CNXAUTO
2026-03-05 10:00:00+05:30,27128.400390625,27148.80078125,27053.94921875,27058.400390625,0,0.0,0.0,^CNXAUTO
2026-03-05 10:15:00+05:30,27059.900390625,27074.400390625,26980.650390625,26990.05078125,0,0.0,0.0,^CNXAUTO
2026-03-05 10:30:00+05:30,26989.849609375,27072.849609375,26961.400390625,27064.94921875,0,0.0,0.0,^CNXAUTO
2026-03-05 10:45:00+05:30,27065.099609375,27087.69921875,27039.75,27062.30078125,0,0.0,0.0,^CNXAUTO
2026-03-05 11:00:00+05:30,27060.849609375,27069.400390625,26976.900390625,26976.900390625,0,0.0,0.0,^CNXAUTO
2026-03-05 11:15:00+05:30,26977.05078125,27031.150390625,26970.94921875,26982.099609375,0,0.0,0.0,^CNXAUTO
2026-03-05 11:30:00+05:30,26984.30078125,27013.0,26951.599609375,26954.25,0,0.0,0.0,^CNXAUTO
2026-03-05 11:45:00+05:30,26955.150390625,26963.400390625,26911.150390625,26936.80078125,0,0.0,0.0,^CNXAUTO
2026-03-05 12:00:00+05:30,26938.19921875,27009.25,26937.5,27006.099609375,0,0.0,0.0,^CNXAUTO
2026-03-05 12:15:00+05:30,27007.75,27086.30078125,26997.05078125,27083.55078125,0,0.0,0.0,^CNXAUTO
2026-03-05 12:30:00+05:30,27083.900390625,27098.30078125,27027.25,27047.099609375,0,0.0,0.0,^CNXAUTO
2026-03-05 12:45:00+05:30,27046.94921875,27055.55078125,26997.25,27042.30078125,0,0.0,0.0,^CNXAUTO
2026-03-05 13:00:00+05:30,27042.25,27086.94921875,27032.150390625,27086.44921875,0,0.0,0.0,^CNXAUTO
2026-03-05 13:15:00+05:30,27085.099609375,27130.25,27068.25,27123.849609375,0,0.0,0.0,^CNXAUTO
2026-03-05 13:30:00+05:30,27126.099609375,27144.849609375,27078.44921875,27111.30078125,0,0.0,0.0,^CNXAUTO
2026-03-05 13:45:00+05:30,27111.19921875,27116.900390625,27029.5,27033.0,0,0.0,0.0,^CNXAUTO
2026-03-05 14:00:00+05:30,27033.599609375,27069.30078125,27003.19921875,27013.80078125,0,0.0,0.0,^CNXAUTO
2026-03-05 14:15:00+05:30,27010.19921875,27065.599609375,26969.94921875,27062.30078125,0,0.0,0.0,^CNXAUTO
2026-03-05 14:30:00+05:30,27063.55078125,27279.19921875,27041.94921875,27256.349609375,0,0.0,0.0,^CNXAUTO
2026-03-05 14:45:00+05:30,27254.94921875,27459.599609375,27241.599609375,27443.19921875,0,0.0,0.0,^CNXAUTO
2026-03-05 15:00:00+05:30,27443.150390625,27471.19921875,27275.44921875,27278.94921875,0,0.0,0.0,^CNXAUTO
2026-03-05 15:15:00+05:30,27278.80078125,27392.849609375,27278.0,27387.099609375,0,0.0,0.0,^CNXAUTO
2026-03-06 09:15:00+05:30,27221.849609375,27306.900390625,27115.30078125,27302.0,0,0.0,0.0,^CNXAUTO
2026-03-06 09:30:00+05:30,27302.099609375,27304.69921875,27180.69921875,27240.900390625,0,0.0,0.0,^CNXAUTO
2026-03-06 09:45:00+05:30,27237.900390625,27245.650390625,27189.80078125,27203.150390625,0,0.0,0.0,^CNXAUTO
2026-03-06 10:00:00+05:30,27202.599609375,27256.349609375,27192.05078125,27233.75,0,0.0,0.0,^CNXAUTO
2026-03-06 10:15:00+05:30,27233.75,27246.80078125,27207.44921875,27209.849609375,0,0.0,0.0,^CNXAUTO
2026-03-06 10:30:00+05:30,27210.69921875,27213.5,27159.55078125,27171.75,0,0.0,0.0,^CNXAUTO
2026-03-06 10:45:00+05:30,27171.099609375,27177.900390625,27123.19921875,27151.849609375,0,0.0,0.0,^CNXAUTO
2026-03-06 11:00:00+05:30,27153.0,27214.150390625,27151.5,27195.30078125,0,0.0,0.0,^CNXAUTO
2026-03-06 11:15:00+05:30,27195.400390625,27210.849609375,27172.650390625,27198.75,0,0.0,0.0,^CNXAUTO
2026-03-06 11:30:00+05:30,27198.44921875,27305.349609375,27184.19921875,27250.400390625,0,0.0,0.0,^CNXAUTO
2026-03-06 11:45:00+05:30,27249.94921875,27320.75,27244.94921875,27290.900390625,0,0.0,0.0,^CNXAUTO
2026-03-06 12:00:00+05:30,27290.44921875,27295.55078125,27239.75,27249.650390625,0,0.0,0.0,^CNXAUTO
2026-03-06 12:15:00+05:30,27247.849609375,27258.349609375,27203.69921875,27204.349609375,0,0.0,0.0,^CNXAUTO
2026-03-06 12:30:00+05:30,27204.25,27225.650390625,27201.94921875,27211.349609375,0,0.0,0.0,^CNXAUTO
2026-03-06 12:45:00+05:30,27211.55078125,27245.400390625,27197.30078125,27228.05078125,0,0.0,0.0,^CNXAUTO
2026-03-06 13:00:00+05:30,27230.30078125,27265.30078125,27229.94921875,27252.75,0,0.0,0.0,^CNXAUTO
2026-03-06 13:15:00+05:30,27252.69921875,27274.75,27235.650390625,27249.5,0,0.0,0.0,^CNXAUTO
2026-03-06 13:30:00+05:30,27249.5,27258.650390625,27192.900390625,27234.900390625,0,0.0,0.0,^CNXAUTO
2026-03-06 13:45:00+05:30,27235.05078125,27251.849609375,27199.099609375,27203.349609375,0,0.0,0.0,^CNXAUTO
2026-03-06 14:00:00+05:30,27203.19921875,27262.150390625,27193.69921875,27251.30078125,0,0.0,0.0,^CNXAUTO
2026-03-06 14:15:00+05:30,27252.05078125,27297.25,27249.349609375,27269.150390625,0,0.0,0.0,^CNXAUTO
2026-03-06 14:30:00+05:30,27271.94921875,27277.94921875,27138.80078125,27154.44921875,0,0.0,0.0,^CNXAUTO
2026-03-06 14:45:00+05:30,27155.80078125,27181.900390625,27052.849609375,27052.849609375,0,0.0,0.0,^CNXAUTO
2026-03-06 15:00:00+05:30,27055.19921875,27110.19921875,27051.44921875,27083.44921875,0,0.0,0.0,^CNXAUTO
2026-03-06 15:15:00+05:30,27082.400390625,27099.900390625,27043.05078125,27080.599609375,0,0.0,0.0,^CNXAUTO
2026-03-09 09:15:00+05:30,26292.55078125,26386.25,25904.5,25923.599609375,0,0.0,0.0,^CNXAUTO
2026-03-09 09:30:00+05:30,25920.94921875,26050.599609375,25913.599609375,26016.099609375,0,0.0,0.0,^CNXAUTO
2026-03-09 09:45:00+05:30,26012.80078125,26037.400390625,25941.400390625,25984.05078125,0,0.0,0.0,^CNXAUTO
2026-03-09 10:00:00+05:30,25983.0,26139.69921875,25981.55078125,26022.55078125,0,0.0,0.0,^CNXAUTO
2026-03-09 10:15:00+05:30,26022.599609375,26022.599609375,25849.150390625,25849.349609375,0,0.0,0.0,^CNXAUTO
2026-03-09 10:30:00+05:30,25848.650390625,25849.69921875,25741.400390625,25785.099609375,0,0.0,0.0,^CNXAUTO
2026-03-09 10:45:00+05:30,25783.75,25929.099609375,25736.5,25890.30078125,0,0.0,0.0,^CNXAUTO
2026-03-09 11:00:00+05:30,25894.05078125,25916.650390625,25805.80078125,25849.849609375,0,0.0,0.0,^CNXAUTO
2026-03-09 11:15:00+05:30,25845.5,25886.19921875,25803.75,25876.599609375,0,0.0,0.0,^CNXAUTO
2026-03-09 11:30:00+05:30,25876.150390625,25908.94921875,25824.19921875,25894.44921875,0,0.0,0.0,^CNXAUTO
2026-03-09 11:45:00+05:30,25893.69921875,25908.05078125,25840.55078125,25860.150390625,0,0.0,0.0,^CNXAUTO
2026-03-09 12:00:00+05:30,25859.30078125,25880.75,25823.099609375,25862.900390625,0,0.0,0.0,^CNXAUTO
2026-03-09 12:15:00+05:30,25862.900390625,25876.94921875,25840.75,25873.400390625,0,0.0,0.0,^CNXAUTO
2026-03-09 12:30:00+05:30,25873.150390625,25886.05078125,25842.099609375,25865.349609375,0,0.0,0.0,^CNXAUTO
2026-03-09 12:45:00+05:30,25865.5,25866.849609375,25800.5,25842.349609375,0,0.0,0.0,^CNXAUTO
2026-03-09 13:00:00+05:30,25843.94921875,25844.150390625,25739.849609375,25748.849609375,0,0.0,0.0,^CNXAUTO
2026-03-09 13:15:00+05:30,25748.900390625,25818.69921875,25745.5,25792.349609375,0,0.0,0.0,^CNXAUTO
2026-03-09 13:30:00+05:30,25795.55078125,25856.25,25793.05078125,25836.69921875,0,0.0,0.0,^CNXAUTO
2026-03-09 13:45:00+05:30,25838.69921875,25838.69921875,25771.44921875,25778.849609375,0,0.0,0.0,^CNXAUTO
2026-03-09 14:00:00+05:30,25779.30078125,25823.94921875,25762.69921875,25790.150390625,0,0.0,0.0,^CNXAUTO
2026-03-09 14:15:00+05:30,25791.650390625,25853.25,25779.80078125,25828.900390625,0,0.0,0.0,^CNXAUTO
2026-03-09 14:30:00+05:30,25829.650390625,25897.30078125,25827.900390625,25890.150390625,0,0.0,0.0,^CNXAUTO
2026-03-09 14:45:00+05:30,25891.44921875,25983.25,25875.94921875,25983.05078125,0,0.0,0.0,^CNXAUTO
2026-03-09 15:00:00+05:30,25986.30078125,26036.94921875,25915.19921875,26003.099609375,0,0.0,0.0,^CNXAUTO
2026-03-09 15:15:00+05:30,26001.900390625,26004.099609375,25916.349609375,25966.650390625,0,0.0,0.0,^CNXAUTO
2026-03-10 09:15:00+05:30,26446.05078125,26473.94921875,26323.55078125,26334.150390625,0,0.0,0.0,^CNXAUTO
2026-03-10 09:30:00+05:30,26332.44921875,26334.19921875,26202.900390625,26285.900390625,0,0.0,0.0,^CNXAUTO
2026-03-10 09:45:00+05:30,26284.94921875,26297.55078125,26226.75,26238.05078125,0,0.0,0.0,^CNXAUTO
2026-03-10 10:00:00+05:30,26237.69921875,26383.19921875,26235.650390625,26361.099609375,0,0.0,0.0,^CNXAUTO
2026-03-10 10:15:00+05:30,26361.0,26414.69921875,26334.0,26362.900390625,0,0.0,0.0,^CNXAUTO
2026-03-10 10:30:00+05:30,26361.900390625,26493.44921875,26353.94921875,26493.44921875,0,0.0,0.0,^CNXAUTO
2026-03-10 10:45:00+05:30,26493.900390625,26560.05078125,26463.349609375,26504.80078125,0,0.0,0.0,^CNXAUTO
2026-03-10 11:00:00+05:30,26505.849609375,26568.400390625,26486.5,26559.19921875,0,0.0,0.0,^CNXAUTO
2026-03-10 11:15:00+05:30,26559.80078125,26589.349609375,26540.05078125,26545.44921875,0,0.0,0.0,^CNXAUTO
2026-03-10 11:30:00+05:30,26547.55078125,26568.94921875,26533.80078125,26565.400390625,0,0.0,0.0,^CNXAUTO
2026-03-10 11:45:00+05:30,26565.5,26568.30078125,26478.599609375,26521.05078125,0,0.0,0.0,^CNXAUTO
2026-03-10 12:00:00+05:30,26520.05078125,26525.80078125,26448.19921875,26448.44921875,0,0.0,0.0,^CNXAUTO
2026-03-10 12:15:00+05:30,26448.0,26474.349609375,26404.80078125,26414.900390625,0,0.0,0.0,^CNXAUTO
2026-03-10 12:30:00+05:30,26415.349609375,26417.849609375,26375.400390625,26393.5,0,0.0,0.0,^CNXAUTO
2026-03-10 12:45:00+05:30,26392.75,26481.94921875,26392.44921875,26469.099609375,0,0.0,0.0,^CNXAUTO
2026-03-10 13:00:00+05:30,26469.25,26511.94921875,26460.25,26510.69921875,0,0.0,0.0,^CNXAUTO
2026-03-10 13:15:00+05:30,26510.19921875,26534.75,26478.5,26500.75,0,0.0,0.0,^CNXAUTO
2026-03-10 13:30:00+05:30,26500.75,26563.599609375,26499.5,26552.400390625,0,0.0,0.0,^CNXAUTO
2026-03-10 13:45:00+05:30,26552.0,26605.0,26544.5,26600.80078125,0,0.0,0.0,^CNXAUTO
2026-03-10 14:00:00+05:30,26600.900390625,26653.0,26558.75,26639.80078125,0,0.0,0.0,^CNXAUTO
2026-03-10 14:15:00+05:30,26639.599609375,26643.94921875,26585.650390625,26611.599609375,0,0.0,0.0,^CNXAUTO
2026-03-10 14:30:00+05:30,26611.19921875,26679.55078125,26598.900390625,26667.849609375,0,0.0,0.0,^CNXAUTO
2026-03-10 14:45:00+05:30,26668.400390625,26722.849609375,26630.69921875,26714.0,0,0.0,0.0,^CNXAUTO
2026-03-10 15:00:00+05:30,26717.099609375,26790.349609375,26677.5,26741.0,0,0.0,0.0,^CNXAUTO
2026-03-10 15:15:00+05:30,26741.900390625,26840.69921875,26740.69921875,26816.099609375,0,0.0,0.0,^CNXAUTO
2026-03-11 09:15:00+05:30,26784.0,26851.650390625,26626.30078125,26843.75,0,0.0,0.0,^CNXAUTO
2026-03-11 09:30:00+05:30,26843.55078125,26843.55078125,26748.80078125,26802.0,0,0.0,0.0,^CNXAUTO
2026-03-11 09:45:00+05:30,26802.0,26805.849609375,26690.599609375,26693.5,0,0.0,0.0,^CNXAUTO
2026-03-11 10:00:00+05:30,26693.5,26710.75,26547.599609375,26551.599609375,0,0.0,0.0,^CNXAUTO
2026-03-11 10:15:00+05:30,26551.55078125,26598.150390625,26532.55078125,26592.69921875,0,0.0,0.0,^CNXAUTO
2026-03-11 10:30:00+05:30,26592.900390625,26613.19921875,26347.599609375,26356.25,0,0.0,0.0,^CNXAUTO
2026-03-11 10:45:00+05:30,26354.150390625,26434.94921875,26314.80078125,26428.80078125,0,0.0,0.0,^CNXAUTO
2026-03-11 11:00:00+05:30,26430.849609375,26469.400390625,26313.30078125,26331.099609375,0,0.0,0.0,^CNXAUTO
2026-03-11 11:15:00+05:30,26334.55078125,26335.05078125,26270.599609375,26318.19921875,0,0.0,0.0,^CNXAUTO
2026-03-11 11:30:00+05:30,26319.19921875,26320.05078125,26236.55078125,26243.099609375,0,0.0,0.0,^CNXAUTO
2026-03-11 11:45:00+05:30,26243.099609375,26268.19921875,26195.25,26211.349609375,0,0.0,0.0,^CNXAUTO
2026-03-11 12:00:00+05:30,26209.75,26288.44921875,26203.19921875,26262.69921875,0,0.0,0.0,^CNXAUTO
2026-03-11 12:15:00+05:30,26263.44921875,26284.0,26203.900390625,26207.44921875,0,0.0,0.0,^CNXAUTO
2026-03-11 12:30:00+05:30,26208.0,26223.94921875,26140.5,26213.650390625,0,0.0,0.0,^CNXAUTO
2026-03-11 12:45:00+05:30,26215.849609375,26215.849609375,26150.19921875,26155.55078125,0,0.0,0.0,^CNXAUTO
2026-03-11 13:00:00+05:30,26157.0,26181.44921875,26070.599609375,26087.69921875,0,0.0,0.0,^CNXAUTO
2026-03-11 13:15:00+05:30,26088.05078125,26133.30078125,26058.900390625,26132.19921875,0,0.0,0.0,^CNXAUTO
2026-03-11 13:30:00+05:30,26132.650390625,26157.19921875,26058.75,26069.19921875,0,0.0,0.0,^CNXAUTO
2026-03-11 13:45:00+05:30,26069.19921875,26099.400390625,26010.94921875,26032.5,0,0.0,0.0,^CNXAUTO
2026-03-11 14:00:00+05:30,26032.44921875,26067.19921875,26015.30078125,26027.099609375,0,0.0,0.0,^CNXAUTO
2026-03-11 14:15:00+05:30,26026.599609375,26068.80078125,25945.44921875,26062.69921875,0,0.0,0.0,^CNXAUTO
2026-03-11 14:30:00+05:30,26064.80078125,26071.400390625,25985.19921875,25990.900390625,0,0.0,0.0,^CNXAUTO
2026-03-11 14:45:00+05:30,25991.05078125,26021.69921875,25916.5,25917.25,0,0.0,0.0,^CNXAUTO
2026-03-11 15:00:00+05:30,25916.900390625,25978.19921875,25877.19921875,25879.05078125,0,0.0,0.0,^CNXAUTO
2026-03-11 15:15:00+05:30,25879.75,25971.5,25876.400390625,25931.849609375,0,0.0,0.0,^CNXAUTO
2026-03-12 09:15:00+05:30,25705.69921875,25714.150390625,25200.599609375,25319.69921875,0,0.0,0.0,^CNXAUTO
2026-03-12 09:30:00+05:30,25317.349609375,25326.69921875,25225.099609375,25238.5,0,0.0,0.0,^CNXAUTO
2026-03-12 09:45:00+05:30,25238.0,25298.5,25219.900390625,25288.349609375,0,0.0,0.0,^CNXAUTO
2026-03-12 10:00:00+05:30,25288.75,25292.25,25153.69921875,25153.69921875,0,0.0,0.0,^CNXAUTO
2026-03-12 10:15:00+05:30,25155.900390625,25245.599609375,25105.099609375,25238.400390625,0,0.0,0.0,^CNXAUTO
2026-03-12 10:30:00+05:30,25236.0,25281.44921875,25183.05078125,25219.0,0,0.0,0.0,^CNXAUTO
2026-03-12 10:45:00+05:30,25217.55078125,25275.150390625,25200.5,25270.19921875,0,0.0,0.0,^CNXAUTO
2026-03-12 11:00:00+05:30,25272.30078125,25328.69921875,25269.650390625,25295.44921875,0,0.0,0.0,^CNXAUTO
2026-03-12 11:15:00+05:30,25297.099609375,25323.80078125,25203.25,25235.650390625,0,0.0,0.0,^CNXAUTO
2026-03-12 11:30:00+05:30,25235.25,25297.05078125,25186.400390625,25274.650390625,0,0.0,0.0,^CNXAUTO
2026-03-12 11:45:00+05:30,25273.80078125,25294.44921875,25243.400390625,25294.44921875,0,0.0,0.0,^CNXAUTO
2026-03-12 12:00:00+05:30,25293.75,25295.099609375,25190.5,25259.30078125,0,0.0,0.0,^CNXAUTO
2026-03-12 12:15:00+05:30,25260.349609375,25294.55078125,25219.44921875,25254.30078125,0,0.0,0.0,^CNXAUTO
2026-03-12 12:30:00+05:30,25255.349609375,25258.30078125,25169.75,25176.599609375,0,0.0,0.0,^CNXAUTO
2026-03-12 12:45:00+05:30,25175.94921875,25213.099609375,25154.150390625,25203.44921875,0,0.0,0.0,^CNXAUTO
2026-03-12 13:00:00+05:30,25205.900390625,25217.44921875,25112.30078125,25213.75,0,0.0,0.0,^CNXAUTO
2026-03-12 13:15:00+05:30,25213.650390625,25251.25,25177.650390625,25249.44921875,0,0.0,0.0,^CNXAUTO
2026-03-12 13:30:00+05:30,25251.349609375,25361.150390625,25251.349609375,25322.44921875,0,0.0,0.0,^CNXAUTO
2026-03-12 13:45:00+05:30,25321.75,25338.599609375,25227.19921875,25228.099609375,0,0.0,0.0,^CNXAUTO
2026-03-12 14:00:00+05:30,25228.44921875,25265.150390625,25186.900390625,25237.55078125,0,0.0,0.0,^CNXAUTO
2026-03-12 14:15:00+05:30,25237.150390625,25282.849609375,25222.650390625,25255.69921875,0,0.0,0.0,^CNXAUTO
2026-03-12 14:30:00+05:30,25255.19921875,25277.099609375,25183.099609375,25183.099609375,0,0.0,0.0,^CNXAUTO
2026-03-12 14:45:00+05:30,25188.69921875,25189.650390625,25055.75,25130.150390625,0,0.0,0.0,^CNXAUTO
2026-03-12 15:00:00+05:30,25130.44921875,25149.25,25095.69921875,25113.900390625,0,0.0,0.0,^CNXAUTO
2026-03-12 15:15:00+05:30,25115.75,25117.94921875,25047.55078125,25071.849609375,0,0.0,0.0,^CNXAUTO
2026-03-13 09:15:00+05:30,24783.349609375,24887.80078125,24753.75,24860.44921875,0,0.0,0.0,^CNXAUTO
2026-03-13 09:30:00+05:30,24862.599609375,24918.099609375,24761.400390625,24786.69921875,0,0.0,0.0,^CNXAUTO
2026-03-13 09:45:00+05:30,24786.849609375,24788.349609375,24651.099609375,24684.30078125,0,0.0,0.0,^CNXAUTO
2026-03-13 10:00:00+05:30,24686.0,24713.599609375,24578.650390625,24588.05078125,0,0.0,0.0,^CNXAUTO
2026-03-13 10:15:00+05:30,24588.349609375,24608.400390625,24491.599609375,24551.150390625,0,0.0,0.0,^CNXAUTO
2026-03-13 10:30:00+05:30,24547.400390625,24567.849609375,24467.25,24494.150390625,0,0.0,0.0,^CNXAUTO
2026-03-13 10:45:00+05:30,24492.099609375,24551.69921875,24471.650390625,24551.599609375,0,0.0,0.0,^CNXAUTO
2026-03-13 11:00:00+05:30,24550.69921875,24554.05078125,24475.44921875,24481.69921875,0,0.0,0.0,^CNXAUTO
2026-03-13 11:15:00+05:30,24481.150390625,24557.30078125,24451.75,24551.150390625,0,0.0,0.0,^CNXAUTO
2026-03-13 11:30:00+05:30,24550.599609375,24566.80078125,24511.5,24529.30078125,0,0.0,0.0,^CNXAUTO
2026-03-13 11:45:00+05:30,24530.650390625,24535.900390625,24428.69921875,24428.69921875,0,0.0,0.0,^CNXAUTO
2026-03-13 12:00:00+05:30,24432.25,24436.25,24387.900390625,24403.80078125,0,0.0,0.0,^CNXAUTO
2026-03-13 12:15:00+05:30,24405.80078125,24407.19921875,24308.900390625,24354.0,0,0.0,0.0,^CNXAUTO
2026-03-13 12:30:00+05:30,24353.849609375,24355.5,24260.30078125,24268.55078125,0,0.0,0.0,^CNXAUTO
2026-03-13 12:45:00+05:30,24267.650390625,24294.5,24206.80078125,24224.30078125,0,0.0,0.0,^CNXAUTO
2026-03-13 13:00:00+05:30,24224.25,24238.05078125,24148.94921875,24151.150390625,0,0.0,0.0,^CNXAUTO
2026-03-13 13:15:00+05:30,24150.849609375,24179.849609375,24112.25,24168.55078125,0,0.0,0.0,^CNXAUTO
2026-03-13 13:30:00+05:30,24167.349609375,24178.349609375,24123.150390625,24134.599609375,0,0.0,0.0,^CNXAUTO
2026-03-13 13:45:00+05:30,24135.55078125,24168.349609375,24101.05078125,24112.0,0,0.0,0.0,^CNXAUTO
2026-03-13 14:00:00+05:30,24109.400390625,24210.55078125,24108.75,24203.849609375,0,0.0,0.0,^CNXAUTO
2026-03-13 14:15:00+05:30,24207.349609375,24219.75,24172.0,24181.400390625,0,0.0,0.0,^CNXAUTO
2026-03-13 14:30:00+05:30,24179.75,24283.69921875,24179.75,24267.400390625,0,0.0,0.0,^CNXAUTO
2026-03-13 14:45:00+05:30,24267.900390625,24270.30078125,24167.30078125,24209.30078125,0,0.0,0.0,^CNXAUTO
2026-03-13 15:00:00+05:30,24213.349609375,24230.30078125,24155.80078125,24221.900390625,0,0.0,0.0,^CNXAUTO
2026-03-13 15:15:00+05:30,24222.05078125,24226.05078125,24194.30078125,24219.75,0,0.0,0.0,^CNXAUTO
2026-03-16 09:15:00+05:30,24090.44921875,24280.849609375,24054.25,24224.55078125,0,0.0,0.0,^CNXAUTO
2026-03-16 09:30:00+05:30,24226.94921875,24418.05078125,24184.599609375,24364.150390625,0,0.0,0.0,^CNXAUTO
2026-03-16 09:45:00+05:30,24366.599609375,24421.5,24163.44921875,24168.650390625,0,0.0,0.0,^CNXAUTO
2026-03-16 10:00:00+05:30,24168.0,24270.0,24114.650390625,24151.94921875,0,0.0,0.0,^CNXAUTO
2026-03-16 10:15:00+05:30,24151.69921875,24151.69921875,23926.25,23926.25,0,0.0,0.0,^CNXAUTO
2026-03-16 10:30:00+05:30,23924.94921875,24017.25,23924.94921875,23963.69921875,0,0.0,0.0,^CNXAUTO
2026-03-16 10:45:00+05:30,23964.30078125,23999.349609375,23863.55078125,23998.80078125,0,0.0,0.0,^CNXAUTO
2026-03-16 11:00:00+05:30,23997.400390625,24115.30078125,23987.5,24106.25,0,0.0,0.0,^CNXAUTO
2026-03-16 11:15:00+05:30,24106.849609375,24242.099609375,24099.849609375,24236.900390625,0,0.0,0.0,^CNXAUTO
2026-03-16 11:30:00+05:30,24242.55078125,24333.75,24230.5,24246.5,0,0.0,0.0,^CNXAUTO
2026-03-16 11:45:00+05:30,24248.19921875,24333.80078125,24247.400390625,24283.75,0,0.0,0.0,^CNXAUTO
2026-03-16 12:00:00+05:30,24284.30078125,24338.69921875,24277.30078125,24286.25,0,0.0,0.0,^CNXAUTO
2026-03-16 12:15:00+05:30,24286.94921875,24321.849609375,24230.69921875,24318.150390625,0,0.0,0.0,^CNXAUTO
2026-03-16 12:30:00+05:30,24317.44921875,24317.44921875,24233.44921875,24274.19921875,0,0.0,0.0,^CNXAUTO
2026-03-16 12:45:00+05:30,24273.5,24276.25,24217.599609375,24247.30078125,0,0.0,0.0,^CNXAUTO
2026-03-16 13:00:00+05:30,24249.30078125,24316.0,24192.650390625,24280.30078125,0,0.0,0.0,^CNXAUTO
2026-03-16 13:15:00+05:30,24280.44921875,24326.0,24279.349609375,24297.900390625,0,0.0,0.0,^CNXAUTO
2026-03-16 13:30:00+05:30,24298.69921875,24400.05078125,24294.650390625,24328.30078125,0,0.0,0.0,^CNXAUTO
2026-03-16 13:45:00+05:30,24326.400390625,24376.55078125,24309.44921875,24344.05078125,0,0.0,0.0,^CNXAUTO
2026-03-16 14:00:00+05:30,24343.650390625,24392.75,24301.650390625,24356.150390625,0,0.0,0.0,^CNXAUTO
2026-03-16 14:15:00+05:30,24355.30078125,24579.099609375,24341.80078125,24559.55078125,0,0.0,0.0,^CNXAUTO
2026-03-16 14:30:00+05:30,24560.099609375,24699.0,24556.05078125,24669.650390625,0,0.0,0.0,^CNXAUTO
2026-03-16 14:45:00+05:30,24669.44921875,24718.5,24639.650390625,24671.30078125,0,0.0,0.0,^CNXAUTO
2026-03-16 15:00:00+05:30,24670.099609375,24675.44921875,24571.349609375,24608.30078125,0,0.0,0.0,^CNXAUTO
2026-03-16 15:15:00+05:30,24610.69921875,24631.0,24509.5,24540.55078125,0,0.0,0.0,^CNXAUTO
2026-03-17 09:15:00+05:30,24701.5,24764.75,24519.150390625,24728.44921875,0,0.0,0.0,^CNXAUTO
2026-03-17 09:30:00+05:30,24730.25,24945.900390625,24688.599609375,24943.5,0,0.0,0.0,^CNXAUTO
2026-03-17 09:45:00+05:30,24943.75,25035.400390625,24896.150390625,25032.150390625,0,0.0,0.0,^CNXAUTO
2026-03-17 10:00:00+05:30,25035.80078125,25139.150390625,25030.150390625,25066.599609375,0,0.0,0.0,^CNXAUTO
2026-03-17 10:15:00+05:30,25066.30078125,25125.69921875,24970.05078125,24970.05078125,0,0.0,0.0,^CNXAUTO
2026-03-17 10:30:00+05:30,24972.55078125,25032.25,24937.599609375,24974.0,0,0.0,0.0,^CNXAUTO
2026-03-17 10:45:00+05:30,24973.69921875,25027.80078125,24946.69921875,24998.650390625,0,0.0,0.0,^CNXAUTO
2026-03-17 11:00:00+05:30,24999.599609375,25019.849609375,24949.0,24950.80078125,0,0.0,0.0,^CNXAUTO
2026-03-17 11:15:00+05:30,24953.80078125,24954.099609375,24807.0,24811.30078125,0,0.0,0.0,^CNXAUTO
2026-03-17 11:30:00+05:30,24811.849609375,24850.30078125,24772.44921875,24817.69921875,0,0.0,0.0,^CNXAUTO
2026-03-17 11:45:00+05:30,24819.44921875,24848.75,24790.599609375,24838.650390625,0,0.0,0.0,^CNXAUTO
2026-03-17 12:00:00+05:30,24839.150390625,24873.30078125,24826.55078125,24846.5,0,0.0,0.0,^CNXAUTO
2026-03-17 12:15:00+05:30,24846.099609375,24851.69921875,24803.900390625,24825.44921875,0,0.0,0.0,^CNXAUTO
2026-03-17 12:30:00+05:30,24826.650390625,24871.25,24786.25,24865.150390625,0,0.0,0.0,^CNXAUTO
2026-03-17 12:45:00+05:30,24866.349609375,24940.5,24862.650390625,24935.69921875,0,0.0,0.0,^CNXAUTO
2026-03-17 13:00:00+05:30,24937.44921875,25008.05078125,24930.349609375,25002.650390625,0,0.0,0.0,^CNXAUTO
2026-03-17 13:15:00+05:30,25002.849609375,25032.849609375,24979.25,25026.0,0,0.0,0.0,^CNXAUTO
2026-03-17 13:30:00+05:30,25029.150390625,25083.25,24992.55078125,25024.599609375,0,0.0,0.0,^CNXAUTO
2026-03-17 13:45:00+05:30,25024.150390625,25091.5,25024.150390625,25069.5,0,0.0,0.0,^CNXAUTO
2026-03-17 14:00:00+05:30,25069.30078125,25132.099609375,25055.400390625,25129.0,0,0.0,0.0,^CNXAUTO
2026-03-17 14:15:00+05:30,25129.0,25147.19921875,25063.44921875,25100.0,0,0.0,0.0,^CNXAUTO
2026-03-17 14:30:00+05:30,25100.599609375,25157.099609375,25098.05078125,25136.69921875,0,0.0,0.0,^CNXAUTO
2026-03-17 14:45:00+05:30,25139.400390625,25195.44921875,25098.150390625,25195.400390625,0,0.0,0.0,^CNXAUTO
2026-03-17 15:00:00+05:30,25193.69921875,25193.69921875,25093.599609375,25106.80078125,0,0.0,0.0,^CNXAUTO
2026-03-17 15:15:00+05:30,25104.05078125,25155.400390625,25095.650390625,25132.25,0,0.0,0.0,^CNXAUTO
2026-03-18 09:15:00+05:30,25281.94921875,25539.75,25258.849609375,25524.099609375,0,0.0,0.0,^CNXAUTO
2026-03-18 09:30:00+05:30,25518.80078125,25559.849609375,25460.75,25492.94921875,0,0.0,0.0,^CNXAUTO
2026-03-18 09:45:00+05:30,25494.099609375,25555.900390625,25459.44921875,25479.099609375,0,0.0,0.0,^CNXAUTO
2026-03-18 10:00:00+05:30,25479.349609375,25518.650390625,25450.30078125,25488.69921875,0,0.0,0.0,^CNXAUTO
2026-03-18 10:15:00+05:30,25489.25,25610.75,25480.30078125,25581.849609375,0,0.0,0.0,^CNXAUTO
2026-03-18 10:30:00+05:30,25581.650390625,25630.05078125,25579.900390625,25583.349609375,0,0.0,0.0,^CNXAUTO
2026-03-18 10:45:00+05:30,25584.150390625,25629.150390625,25581.19921875,25612.69921875,0,0.0,0.0,^CNXAUTO
2026-03-18 11:00:00+05:30,25613.650390625,25653.55078125,25604.099609375,25643.5,0,0.0,0.0,^CNXAUTO
2026-03-18 11:15:00+05:30,25645.099609375,25695.69921875,25625.5,25681.650390625,0,0.0,0.0,^CNXAUTO
2026-03-18 11:30:00+05:30,25681.69921875,25684.19921875,25639.599609375,25667.19921875,0,0.0,0.0,^CNXAUTO
2026-03-18 11:45:00+05:30,25667.150390625,25672.0,25620.80078125,25632.30078125,0,0.0,0.0,^CNXAUTO
2026-03-18 12:00:00+05:30,25632.5,25648.69921875,25589.30078125,25619.849609375,0,0.0,0.0,^CNXAUTO
2026-03-18 12:15:00+05:30,25621.19921875,25627.849609375,25585.75,25589.80078125,0,0.0,0.0,^CNXAUTO
2026-03-18 12:30:00+05:30,25589.75,25619.69921875,25547.650390625,25562.19921875,0,0.0,0.0,^CNXAUTO
2026-03-18 12:45:00+05:30,25560.75,25594.900390625,25549.849609375,25558.150390625,0,0.0,0.0,^CNXAUTO
2026-03-18 13:00:00+05:30,25558.150390625,25605.150390625,25555.25,25604.30078125,0,0.0,0.0,^CNXAUTO
2026-03-18 13:15:00+05:30,25603.849609375,25660.599609375,25595.94921875,25619.55078125,0,0.0,0.0,^CNXAUTO
2026-03-18 13:30:00+05:30,25622.0,25703.599609375,25602.69921875,25697.55078125,0,0.0,0.0,^CNXAUTO
2026-03-18 13:45:00+05:30,25698.0,25698.849609375,25654.849609375,25675.94921875,0,0.0,0.0,^CNXAUTO
2026-03-18 14:00:00+05:30,25674.599609375,25685.80078125,25639.900390625,25649.75,0,0.0,0.0,^CNXAUTO
2026-03-18 14:15:00+05:30,25647.150390625,25686.150390625,25644.900390625,25656.80078125,0,0.0,0.0,^CNXAUTO
2026-03-18 14:30:00+05:30,25657.0,25657.0,25586.099609375,25595.650390625,0,0.0,0.0,^CNXAUTO
2026-03-18 14:45:00+05:30,25595.55078125,25633.5,25581.5,25624.5,0,0.0,0.0,^CNXAUTO
2026-03-18 15:00:00+05:30,25624.80078125,25632.69921875,25581.30078125,25616.55078125,0,0.0,0.0,^CNXAUTO
2026-03-18 15:15:00+05:30,25616.849609375,25623.400390625,25550.05078125,25558.849609375,0,0.0,0.0,^CNXAUTO
2026-03-19 09:15:00+05:30,25078.150390625,25093.150390625,24859.650390625,24979.349609375,0,0.0,0.0,^CNXAUTO
2026-03-19 09:30:00+05:30,24977.599609375,25034.30078125,24950.05078125,24989.69921875,0,0.0,0.0,^CNXAUTO
2026-03-19 09:45:00+05:30,24987.55078125,25006.25,24925.75,24954.05078125,0,0.0,0.0,^CNXAUTO
2026-03-19 10:00:00+05:30,24954.5,24971.0,24924.05078125,24944.19921875,0,0.0,0.0,^CNXAUTO
2026-03-19 10:15:00+05:30,24944.25,24976.75,24874.150390625,24972.900390625,0,0.0,0.0,^CNXAUTO
2026-03-19 10:30:00+05:30,24972.25,25024.44921875,24957.80078125,24997.94921875,0,0.0,0.0,^CNXAUTO
2026-03-19 10:45:00+05:30,24995.80078125,25000.5,24922.44921875,24940.0,0,0.0,0.0,^CNXAUTO
2026-03-19 11:00:00+05:30,24938.75,24948.650390625,24880.19921875,24890.099609375,0,0.0,0.0,^CNXAUTO
2026-03-19 11:15:00+05:30,24890.80078125,24945.0,24879.30078125,24886.849609375,0,0.0,0.0,^CNXAUTO
2026-03-19 11:30:00+05:30,24886.849609375,24911.400390625,24863.599609375,24885.75,0,0.0,0.0,^CNXAUTO
2026-03-19 11:45:00+05:30,24885.19921875,24907.75,24834.400390625,24834.80078125,0,0.0,0.0,^CNXAUTO
2026-03-19 12:00:00+05:30,24835.150390625,24836.75,24751.55078125,24794.0,0,0.0,0.0,^CNXAUTO
2026-03-19 12:15:00+05:30,24793.650390625,24823.900390625,24750.099609375,24790.94921875,0,0.0,0.0,^CNXAUTO
2026-03-19 12:30:00+05:30,24792.55078125,24805.0,24741.80078125,24749.5,0,0.0,0.0,^CNXAUTO
2026-03-19 12:45:00+05:30,24747.25,24778.30078125,24719.75,24738.55078125,0,0.0,0.0,^CNXAUTO
2026-03-19 13:00:00+05:30,24742.80078125,24771.75,24717.69921875,24720.69921875,0,0.0,0.0,^CNXAUTO
2026-03-19 13:15:00+05:30,24720.05078125,24720.75,24675.849609375,24684.599609375,0,0.0,0.0,^CNXAUTO
2026-03-19 13:30:00+05:30,24685.5,24725.900390625,24680.900390625,24705.0,0,0.0,0.0,^CNXAUTO
2026-03-19 13:45:00+05:30,24704.349609375,24710.05078125,24620.44921875,24630.80078125,0,0.0,0.0,^CNXAUTO
2026-03-19 14:00:00+05:30,24630.400390625,24636.80078125,24521.599609375,24540.19921875,0,0.0,0.0,^CNXAUTO
2026-03-19 14:15:00+05:30,24540.44921875,24594.400390625,24535.25,24544.349609375,0,0.0,0.0,^CNXAUTO
2026-03-19 14:30:00+05:30,24544.44921875,24587.150390625,24523.150390625,24579.5,0,0.0,0.0,^CNXAUTO
2026-03-19 14:45:00+05:30,24577.849609375,24579.099609375,24394.650390625,24400.0,0,0.0,0.0,^CNXAUTO
2026-03-19 15:00:00+05:30,24401.5,24511.0,24381.69921875,24501.80078125,0,0.0,0.0,^CNXAUTO
2026-03-19 15:15:00+05:30,24502.44921875,24611.94921875,24493.849609375,24594.849609375,0,0.0,0.0,^CNXAUTO
2026-03-20 09:15:00+05:30,24635.75,24891.25,24635.75,24891.25,0,0.0,0.0,^CNXAUTO
2026-03-20 09:30:00+05:30,24891.650390625,24892.0,24750.400390625,24750.400390625,0,0.0,0.0,^CNXAUTO
2026-03-20 09:45:00+05:30,24750.400390625,24815.0,24725.19921875,24780.650390625,0,0.0,0.0,^CNXAUTO
2026-03-20 10:00:00+05:30,24781.650390625,24784.30078125,24697.80078125,24740.44921875,0,0.0,0.0,^CNXAUTO
2026-03-20 10:15:00+05:30,24740.80078125,24748.94921875,24642.75,24744.0,0,0.0,0.0,^CNXAUTO
2026-03-20 10:30:00+05:30,24744.150390625,24807.599609375,24724.099609375,24802.05078125,0,0.0,0.0,^CNXAUTO
2026-03-20 10:45:00+05:30,24800.69921875,24881.44921875,24800.69921875,24818.900390625,0,0.0,0.0,^CNXAUTO
2026-03-20 11:00:00+05:30,24820.5,24859.5,24806.150390625,24855.5,0,0.0,0.0,^CNXAUTO
2026-03-20 11:15:00+05:30,24854.599609375,24955.55078125,24854.44921875,24914.349609375,0,0.0,0.0,^CNXAUTO
2026-03-20 11:30:00+05:30,24914.19921875,24931.30078125,24877.80078125,24881.44921875,0,0.0,0.0,^CNXAUTO
2026-03-20 11:45:00+05:30,24881.94921875,24890.0,24750.05078125,24789.80078125,0,0.0,0.0,^CNXAUTO
2026-03-20 12:00:00+05:30,24793.30078125,24804.44921875,24751.900390625,24778.900390625,0,0.0,0.0,^CNXAUTO
2026-03-20 12:15:00+05:30,24781.650390625,24781.650390625,24614.94921875,24665.75,0,0.0,0.0,^CNXAUTO
2026-03-20 12:30:00+05:30,24666.55078125,24755.69921875,24611.69921875,24740.150390625,0,0.0,0.0,^CNXAUTO
2026-03-20 12:45:00+05:30,24739.900390625,24768.19921875,24713.849609375,24733.599609375,0,0.0,0.0,^CNXAUTO
2026-03-20 13:00:00+05:30,24732.0,24783.099609375,24709.599609375,24775.75,0,0.0,0.0,^CNXAUTO
2026-03-20 13:15:00+05:30,24772.400390625,24811.599609375,24752.349609375,24802.849609375,0,0.0,0.0,^CNXAUTO
2026-03-20 13:30:00+05:30,24803.650390625,24831.849609375,24774.400390625,24777.69921875,0,0.0,0.0,^CNXAUTO
2026-03-20 13:45:00+05:30,24777.69921875,24803.55078125,24729.5,24736.650390625,0,0.0,0.0,^CNXAUTO
2026-03-20 14:00:00+05:30,24736.05078125,24813.69921875,24727.099609375,24762.599609375,0,0.0,0.0,^CNXAUTO
2026-03-20 14:15:00+05:30,24762.69921875,24780.0,24730.349609375,24749.849609375,0,0.0,0.0,^CNXAUTO
2026-03-20 14:30:00+05:30,24751.44921875,24770.44921875,24666.94921875,24673.150390625,0,0.0,0.0,^CNXAUTO
2026-03-20 14:45:00+05:30,24671.30078125,24672.900390625,24621.349609375,24642.69921875,0,0.0,0.0,^CNXAUTO
2026-03-20 15:00:00+05:30,24644.69921875,24755.650390625,24633.55078125,24708.80078125,0,0.0,0.0,^CNXAUTO
2026-03-20 15:15:00+05:30,24707.5,24774.25,24694.099609375,24762.900390625,0,0.0,0.0,^CNXAUTO
2026-03-23 09:15:00+05:30,24402.55078125,24402.55078125,24069.80078125,24188.44921875,0,0.0,0.0,^CNXAUTO
2026-03-23 09:30:00+05:30,24185.30078125,24305.94921875,24173.349609375,24229.44921875,0,0.0,0.0,^CNXAUTO
2026-03-23 09:45:00+05:30,24229.94921875,24229.94921875,24048.0,24061.349609375,0,0.0,0.0,^CNXAUTO
2026-03-23 10:00:00+05:30,24061.650390625,24123.69921875,23982.19921875,24011.400390625,0,0.0,0.0,^CNXAUTO
2026-03-23 10:15:00+05:30,24011.75,24039.099609375,23976.69921875,23987.19921875,0,0.0,0.0,^CNXAUTO
2026-03-23 10:30:00+05:30,23987.25,24068.69921875,23984.75,24004.0,0,0.0,0.0,^CNXAUTO
2026-03-23 10:45:00+05:30,24004.349609375,24014.69921875,23953.19921875,23984.80078125,0,0.0,0.0,^CNXAUTO
2026-03-23 11:00:00+05:30,23984.400390625,24050.849609375,23969.650390625,24004.349609375,0,0.0,0.0,^CNXAUTO
2026-03-23 11:15:00+05:30,24006.30078125,24017.849609375,23958.05078125,24003.80078125,0,0.0,0.0,^CNXAUTO
2026-03-23 11:30:00+05:30,24003.5,24043.69921875,23966.849609375,23983.25,0,0.0,0.0,^CNXAUTO
2026-03-23 11:45:00+05:30,23984.25,24050.55078125,23980.94921875,24009.19921875,0,0.0,0.0,^CNXAUTO
2026-03-23 12:00:00+05:30,24012.19921875,24026.150390625,23976.599609375,23998.5,0,0.0,0.0,^CNXAUTO
2026-03-23 12:15:00+05:30,23998.69921875,23999.80078125,23917.55078125,23979.099609375,0,0.0,0.0,^CNXAUTO
2026-03-23 12:30:00+05:30,23977.0,24005.400390625,23942.849609375,23979.30078125,0,0.0,0.0,^CNXAUTO
2026-03-23 12:45:00+05:30,23979.599609375,24012.5,23936.849609375,23949.55078125,0,0.0,0.0,^CNXAUTO
2026-03-23 13:00:00+05:30,23948.30078125,23948.30078125,23865.94921875,23881.900390625,0,0.0,0.0,^CNXAUTO
2026-03-23 13:15:00+05:30,23883.0,23936.44921875,23867.75,23872.44921875,0,0.0,0.0,^CNXAUTO
2026-03-23 13:30:00+05:30,23872.19921875,23994.80078125,23871.650390625,23988.650390625,0,0.0,0.0,^CNXAUTO
2026-03-23 13:45:00+05:30,23988.44921875,24081.05078125,23980.69921875,24027.599609375,0,0.0,0.0,^CNXAUTO
2026-03-23 14:00:00+05:30,24027.69921875,24082.099609375,24005.849609375,24010.19921875,0,0.0,0.0,^CNXAUTO
2026-03-23 14:15:00+05:30,24012.900390625,24072.44921875,23982.150390625,23999.150390625,0,0.0,0.0,^CNXAUTO
2026-03-23 14:30:00+05:30,24000.69921875,24010.19921875,23924.150390625,23993.400390625,0,0.0,0.0,^CNXAUTO
2026-03-23 14:45:00+05:30,23991.05078125,24061.900390625,23975.55078125,24022.349609375,0,0.0,0.0,^CNXAUTO
2026-03-23 15:00:00+05:30,24017.94921875,24018.55078125,23886.44921875,23936.19921875,0,0.0,0.0,^CNXAUTO
2026-03-23 15:15:00+05:30,23936.80078125,23950.44921875,23892.5,23912.19921875,0,0.0,0.0,^CNXAUTO
2026-03-24 09:15:00+05:30,24453.44921875,24507.599609375,24337.650390625,24459.19921875,0,0.0,0.0,^CNXAUTO
2026-03-24 09:30:00+05:30,24456.69921875,24475.94921875,24342.25,24355.0,0,0.0,0.0,^CNXAUTO
2026-03-24 09:45:00+05:30,24356.05078125,24379.25,24285.5,24292.099609375,0,0.0,0.0,^CNXAUTO
2026-03-24 10:00:00+05:30,24289.69921875,24293.69921875,24161.599609375,24195.849609375,0,0.0,0.0,^CNXAUTO
2026-03-24 10:15:00+05:30,24196.349609375,24269.80078125,24193.349609375,24212.94921875,0,0.0,0.0,^CNXAUTO
2026-03-24 10:30:00+05:30,24211.80078125,24214.80078125,24100.400390625,24110.30078125,0,0.0,0.0,^CNXAUTO
2026-03-24 10:45:00+05:30,24110.849609375,24187.80078125,24055.75,24070.05078125,0,0.0,0.0,^CNXAUTO
2026-03-24 11:00:00+05:30,24067.849609375,24150.25,24067.5,24103.099609375,0,0.0,0.0,^CNXAUTO
2026-03-24 11:15:00+05:30,24113.25,24161.650390625,24087.69921875,24130.05078125,0,0.0,0.0,^CNXAUTO
2026-03-24 11:30:00+05:30,24130.55078125,24231.349609375,24130.55078125,24212.349609375,0,0.0,0.0,^CNXAUTO
2026-03-24 11:45:00+05:30,24215.150390625,24300.349609375,24208.25,24268.849609375,0,0.0,0.0,^CNXAUTO
2026-03-24 12:00:00+05:30,24268.94921875,24286.80078125,24185.849609375,24194.650390625,0,0.0,0.0,^CNXAUTO
2026-03-24 12:15:00+05:30,24195.44921875,24501.30078125,24194.44921875,24421.19921875,0,0.0,0.0,^CNXAUTO
2026-03-24 12:30:00+05:30,24421.05078125,24606.80078125,24416.80078125,24576.55078125,0,0.0,0.0,^CNXAUTO
2026-03-24 12:45:00+05:30,24576.05078125,24656.349609375,24546.599609375,24593.05078125,0,0.0,0.0,^CNXAUTO
2026-03-24 13:00:00+05:30,24590.150390625,24609.650390625,24521.05078125,24596.69921875,0,0.0,0.0,^CNXAUTO
2026-03-24 13:15:00+05:30,24598.25,24699.44921875,24579.599609375,24698.30078125,0,0.0,0.0,^CNXAUTO
2026-03-24 13:30:00+05:30,24696.5,24727.150390625,24663.349609375,24692.349609375,0,0.0,0.0,^CNXAUTO
2026-03-24 13:45:00+05:30,24692.55078125,24706.099609375,24572.55078125,24611.94921875,0,0.0,0.0,^CNXAUTO
2026-03-24 14:00:00+05:30,24611.19921875,24656.099609375,24586.0,24650.55078125,0,0.0,0.0,^CNXAUTO
2026-03-24 14:15:00+05:30,24651.099609375,24700.30078125,24551.44921875,24562.69921875,0,0.0,0.0,^CNXAUTO
2026-03-24 14:30:00+05:30,24562.849609375,24612.349609375,24485.099609375,24544.80078125,0,0.0,0.0,^CNXAUTO
2026-03-24 14:45:00+05:30,24543.400390625,24589.75,24530.599609375,24561.44921875,0,0.0,0.0,^CNXAUTO
2026-03-24 15:00:00+05:30,24562.80078125,24562.80078125,24464.900390625,24502.099609375,0,0.0,0.0,^CNXAUTO
2026-03-24 15:15:00+05:30,24503.599609375,24564.30078125,24485.0,24547.400390625,0,0.0,0.0,^CNXAUTO
2026-03-25 09:15:00+05:30,24881.25,25065.80078125,24833.94921875,25054.80078125,0,0.0,0.0,^CNXAUTO
2026-03-25 09:30:00+05:30,25055.0,25066.30078125,24954.30078125,25039.849609375,0,0.0,0.0,^CNXAUTO
2026-03-25 09:45:00+05:30,25037.349609375,25103.400390625,25025.400390625,25078.150390625,0,0.0,0.0,^CNXAUTO
2026-03-25 10:00:00+05:30,25077.94921875,25124.0,25050.55078125,25116.150390625,0,0.0,0.0,^CNXAUTO
2026-03-25 10:15:00+05:30,25116.0,25170.5,25104.94921875,25170.150390625,0,0.0,0.0,^CNXAUTO
2026-03-25 10:30:00+05:30,25167.75,25233.099609375,25139.19921875,25230.5,0,0.0,0.0,^CNXAUTO
2026-03-25 10:45:00+05:30,25231.30078125,25232.400390625,25185.650390625,25190.5,0,0.0,0.0,^CNXAUTO
2026-03-25 11:00:00+05:30,25189.30078125,25255.25,25188.349609375,25249.44921875,0,0.0,0.0,^CNXAUTO
2026-03-25 11:15:00+05:30,25249.150390625,25250.80078125,25160.80078125,25168.650390625,0,0.0,0.0,^CNXAUTO
2026-03-25 11:30:00+05:30,25170.80078125,25174.150390625,25112.75,25135.849609375,0,0.0,0.0,^CNXAUTO
2026-03-25 11:45:00+05:30,25136.19921875,25223.05078125,25135.099609375,25202.55078125,0,0.0,0.0,^CNXAUTO
2026-03-25 12:00:00+05:30,25200.650390625,25220.650390625,25180.05078125,25217.849609375,0,0.0,0.0,^CNXAUTO
2026-03-25 12:15:00+05:30,25218.150390625,25219.400390625,25132.94921875,25147.650390625,0,0.0,0.0,^CNXAUTO
2026-03-25 12:30:00+05:30,25147.099609375,25173.5,25128.849609375,25162.44921875,0,0.0,0.0,^CNXAUTO
2026-03-25 12:45:00+05:30,25165.19921875,25185.900390625,25097.25,25121.150390625,0,0.0,0.0,^CNXAUTO
2026-03-25 13:00:00+05:30,25121.150390625,25163.05078125,25115.30078125,25145.099609375,0,0.0,0.0,^CNXAUTO
2026-03-25 13:15:00+05:30,25144.849609375,25191.650390625,25138.75,25185.69921875,0,0.0,0.0,^CNXAUTO
2026-03-25 13:30:00+05:30,25183.55078125,25203.349609375,25151.69921875,25199.80078125,0,0.0,0.0,^CNXAUTO
2026-03-25 13:45:00+05:30,25199.0,25244.55078125,25194.099609375,25204.44921875,0,0.0,0.0,^CNXAUTO
2026-03-25 14:00:00+05:30,25204.94921875,25267.55078125,25172.94921875,25174.94921875,0,0.0,0.0,^CNXAUTO
2026-03-25 14:15:00+05:30,25175.30078125,25192.0,25074.19921875,25102.44921875,0,0.0,0.0,^CNXAUTO
2026-03-25 14:30:00+05:30,25104.44921875,25133.44921875,25069.05078125,25121.80078125,0,0.0,0.0,^CNXAUTO
2026-03-25 14:45:00+05:30,25121.900390625,25130.650390625,25085.80078125,25110.25,0,0.0,0.0,^CNXAUTO
2026-03-25 15:00:00+05:30,25109.55078125,25119.75,25054.19921875,25070.19921875,0,0.0,0.0,^CNXAUTO
2026-03-25 15:15:00+05:30,25069.30078125,25075.25,25021.19921875,25052.150390625,0,0.0,0.0,^CNXAUTO
2026-03-27 09:15:00+05:30,24834.25,24841.5,24572.900390625,24676.05078125,0,0.0,0.0,^CNXAUTO
2026-03-27 09:30:00+05:30,24677.25,24687.80078125,24595.400390625,24642.75,0,0.0,0.0,^CNXAUTO
2026-03-27 09:45:00+05:30,24645.150390625,24647.650390625,24424.75,24434.55078125,0,0.0,0.0,^CNXAUTO
2026-03-27 10:00:00+05:30,24434.44921875,24527.25,24431.25,24444.75,0,0.0,0.0,^CNXAUTO
2026-03-27 10:15:00+05:30,24444.94921875,24492.30078125,24397.849609375,24488.150390625,0,0.0,0.0,^CNXAUTO
2026-03-27 10:30:00+05:30,24488.150390625,24530.0,24456.80078125,24456.80078125,0,0.0,0.0,^CNXAUTO
2026-03-27 10:45:00+05:30,24458.69921875,24464.75,24399.19921875,24412.80078125,0,0.0,0.0,^CNXAUTO
2026-03-27 11:00:00+05:30,24412.94921875,24433.19921875,24384.69921875,24414.5,0,0.0,0.0,^CNXAUTO
2026-03-27 11:15:00+05:30,24415.099609375,24433.75,24394.55078125,24410.44921875,0,0.0,0.0,^CNXAUTO
2026-03-27 11:30:00+05:30,24410.650390625,24417.5,24382.349609375,24405.75,0,0.0,0.0,^CNXAUTO
2026-03-27 11:45:00+05:30,24406.5,24437.19921875,24383.0,24392.599609375,0,0.0,0.0,^CNXAUTO
2026-03-27 12:00:00+05:30,24392.25,24392.30078125,24324.30078125,24333.75,0,0.0,0.0,^CNXAUTO
2026-03-27 12:15:00+05:30,24333.900390625,24400.900390625,24301.69921875,24392.75,0,0.0,0.0,^CNXAUTO
2026-03-27 12:30:00+05:30,24392.150390625,24458.150390625,24375.05078125,24458.150390625,0,0.0,0.0,^CNXAUTO
2026-03-27 12:45:00+05:30,24458.150390625,24493.099609375,24437.599609375,24470.75,0,0.0,0.0,^CNXAUTO
2026-03-27 13:00:00+05:30,24470.30078125,24479.44921875,24426.19921875,24470.900390625,0,0.0,0.0,^CNXAUTO
2026-03-27 13:15:00+05:30,24470.19921875,24539.94921875,24458.0,24458.900390625,0,0.0,0.0,^CNXAUTO
2026-03-27 13:30:00+05:30,24458.55078125,24476.75,24418.349609375,24459.0,0,0.0,0.0,^CNXAUTO
2026-03-27 13:45:00+05:30,24460.0,24475.05078125,24433.900390625,24464.30078125,0,0.0,0.0,^CNXAUTO
2026-03-27 14:00:00+05:30,24463.94921875,24482.900390625,24441.150390625,24482.05078125,0,0.0,0.0,^CNXAUTO
2026-03-27 14:15:00+05:30,24480.05078125,24482.5,24415.94921875,24441.69921875,0,0.0,0.0,^CNXAUTO
2026-03-27 14:30:00+05:30,24441.900390625,24444.05078125,24375.900390625,24419.69921875,0,0.0,0.0,^CNXAUTO
2026-03-27 14:45:00+05:30,24419.55078125,24431.05078125,24394.099609375,24406.349609375,0,0.0,0.0,^CNXAUTO
2026-03-27 15:00:00+05:30,24409.400390625,24409.400390625,24324.150390625,24331.30078125,0,0.0,0.0,^CNXAUTO
2026-03-27 15:15:00+05:30,24331.05078125,24379.349609375,24322.400390625,24355.599609375,0,0.0,0.0,^CNXAUTO
2026-03-30 09:15:00+05:30,24016.75,24076.55078125,23851.349609375,24028.349609375,0,0.0,0.0,^CNXAUTO
2026-03-30 09:30:00+05:30,24029.900390625,24193.05078125,24029.900390625,24116.94921875,0,0.0,0.0,^CNXAUTO
2026-03-30 09:45:00+05:30,24116.44921875,24172.69921875,24084.5,24130.19921875,0,0.0,0.0,^CNXAUTO
2026-03-30 10:00:00+05:30,24129.650390625,24182.80078125,24044.5,24108.44921875,0,0.0,0.0,^CNXAUTO
2026-03-30 10:15:00+05:30,24107.80078125,24120.25,23998.30078125,23998.30078125,0,0.0,0.0,^CNXAUTO
2026-03-30 10:30:00+05:30,23997.44921875,24017.80078125,23957.5,23959.400390625,0,0.0,0.0,^CNXAUTO
2026-03-30 10:45:00+05:30,23958.099609375,23996.69921875,23912.80078125,23927.80078125,0,0.0,0.0,^CNXAUTO
2026-03-30 11:00:00+05:30,23928.099609375,23943.099609375,23889.05078125,23909.599609375,0,0.0,0.0,^CNXAUTO
2026-03-30 11:15:00+05:30,23909.69921875,23954.80078125,23889.30078125,23902.5,0,0.0,0.0,^CNXAUTO
2026-03-30 11:30:00+05:30,23900.650390625,23981.400390625,23891.849609375,23916.849609375,0,0.0,0.0,^CNXAUTO
2026-03-30 11:45:00+05:30,23917.599609375,23932.69921875,23884.55078125,23903.69921875,0,0.0,0.0,^CNXAUTO
2026-03-30 12:00:00+05:30,23905.05078125,24034.5,23894.900390625,23974.650390625,0,0.0,0.0,^CNXAUTO
2026-03-30 12:15:00+05:30,23974.69921875,23986.55078125,23865.25,23902.150390625,0,0.0,0.0,^CNXAUTO
2026-03-30 12:30:00+05:30,23900.44921875,23996.900390625,23888.0,23967.94921875,0,0.0,0.0,^CNXAUTO
2026-03-30 12:45:00+05:30,23967.650390625,23970.44921875,23883.44921875,23910.849609375,0,0.0,0.0,^CNXAUTO
2026-03-30 13:00:00+05:30,23910.650390625,23947.94921875,23891.349609375,23926.150390625,0,0.0,0.0,^CNXAUTO
2026-03-30 13:15:00+05:30,23926.0,23953.19921875,23892.19921875,23925.0,0,0.0,0.0,^CNXAUTO
2026-03-30 13:30:00+05:30,23923.599609375,24022.05078125,23919.650390625,23948.75,0,0.0,0.0,^CNXAUTO
2026-03-30 13:45:00+05:30,23950.150390625,23957.44921875,23885.599609375,23904.05078125,0,0.0,0.0,^CNXAUTO
2026-03-30 14:00:00+05:30,23903.05078125,23989.44921875,23892.69921875,23900.849609375,0,0.0,0.0,^CNXAUTO
2026-03-30 14:15:00+05:30,23900.69921875,23937.5,23879.349609375,23887.599609375,0,0.0,0.0,^CNXAUTO
2026-03-30 14:30:00+05:30,23887.30078125,23910.19921875,23816.30078125,23839.0,0,0.0,0.0,^CNXAUTO
2026-03-30 14:45:00+05:30,23837.349609375,23864.69921875,23774.349609375,23784.69921875,0,0.0,0.0,^CNXAUTO
2026-03-30 15:00:00+05:30,23784.099609375,23809.150390625,23708.650390625,23796.25,0,0.0,0.0,^CNXAUTO
2026-03-30 15:15:00+05:30,23797.05078125,23835.5,23774.099609375,23779.25,0,0.0,0.0,^CNXAUTO
2026-04-01 09:15:00+05:30,24508.849609375,24626.599609375,24397.099609375,24622.44921875,0,0.0,0.0,^CNXAUTO
2026-04-01 09:30:00+05:30,24624.05078125,24646.400390625,24462.349609375,24496.75,0,0.0,0.0,^CNXAUTO
2026-04-01 09:45:00+05:30,24496.94921875,24614.849609375,24478.75,24539.099609375,0,0.0,0.0,^CNXAUTO
2026-04-01 10:00:00+05:30,24539.55078125,24587.400390625,24461.30078125,24478.30078125,0,0.0,0.0,^CNXAUTO
2026-04-01 10:15:00+05:30,24476.75,24510.099609375,24364.44921875,24386.0,0,0.0,0.0,^CNXAUTO
2026-04-01 10:30:00+05:30,24392.25,24454.19921875,24369.849609375,24441.05078125,0,0.0,0.0,^CNXAUTO
2026-04-01 10:45:00+05:30,24444.44921875,24459.19921875,24361.400390625,24371.400390625,0,0.0,0.0,^CNXAUTO
2026-04-01 11:00:00+05:30,24370.75,24370.75,24304.55078125,24314.05078125,0,0.0,0.0,^CNXAUTO
2026-04-01 11:15:00+05:30,24314.5,24359.05078125,24304.25,24317.0,0,0.0,0.0,^CNXAUTO
2026-04-01 11:30:00+05:30,24317.900390625,24397.849609375,24316.80078125,24344.75,0,0.0,0.0,^CNXAUTO
2026-04-01 11:45:00+05:30,24343.349609375,24343.94921875,24266.94921875,24319.80078125,0,0.0,0.0,^CNXAUTO
2026-04-01 12:00:00+05:30,24318.75,24434.650390625,24318.75,24434.0,0,0.0,0.0,^CNXAUTO
2026-04-01 12:15:00+05:30,24432.55078125,24460.94921875,24373.400390625,24410.650390625,0,0.0,0.0,^CNXAUTO
2026-04-01 12:30:00+05:30,24409.349609375,24452.099609375,24405.75,24440.80078125,0,0.0,0.0,^CNXAUTO
2026-04-01 12:45:00+05:30,24441.05078125,24491.30078125,24439.75,24457.650390625,0,0.0,0.0,^CNXAUTO
2026-04-01 13:00:00+05:30,24457.099609375,24515.099609375,24436.69921875,24515.099609375,0,0.0,0.0,^CNXAUTO
2026-04-01 13:15:00+05:30,24514.94921875,24526.150390625,24450.25,24483.650390625,0,0.0,0.0,^CNXAUTO
2026-04-01 13:30:00+05:30,24484.05078125,24484.44921875,24297.05078125,24337.849609375,0,0.0,0.0,^CNXAUTO
2026-04-01 13:45:00+05:30,24337.599609375,24420.599609375,24300.400390625,24370.44921875,0,0.0,0.0,^CNXAUTO
2026-04-01 14:00:00+05:30,24371.5,24412.25,24352.349609375,24376.19921875,0,0.0,0.0,^CNXAUTO
2026-04-01 14:15:00+05:30,24376.19921875,24379.55078125,24281.900390625,24301.05078125,0,0.0,0.0,^CNXAUTO
2026-04-01 14:30:00+05:30,24303.30078125,24304.5,24147.19921875,24189.150390625,0,0.0,0.0,^CNXAUTO
2026-04-01 14:45:00+05:30,24188.650390625,24244.80078125,24132.94921875,24213.80078125,0,0.0,0.0,^CNXAUTO
2026-04-01 15:00:00+05:30,24210.55078125,24254.150390625,24194.349609375,24236.44921875,0,0.0,0.0,^CNXAUTO
2026-04-01 15:15:00+05:30,24235.650390625,24262.30078125,24182.19921875,24218.099609375,0,0.0,0.0,^CNXAUTO
2026-04-02 09:15:00+05:30,23913.150390625,23913.150390625,23575.650390625,23696.150390625,0,0.0,0.0,^CNXAUTO
2026-04-02 09:30:00+05:30,23695.599609375,23755.94921875,23677.650390625,23723.400390625,0,0.0,0.0,^CNXAUTO
2026-04-02 09:45:00+05:30,23723.5,23723.75,23572.900390625,23576.900390625,0,0.0,0.0,^CNXAUTO
2026-04-02 10:00:00+05:30,23577.05078125,23659.349609375,23564.25,23648.94921875,0,0.0,0.0,^CNXAUTO
2026-04-02 10:15:00+05:30,23650.400390625,23650.400390625,23587.19921875,23618.75,0,0.0,0.0,^CNXAUTO
2026-04-02 10:30:00+05:30,23619.849609375,23664.44921875,23617.349609375,23642.0,0,0.0,0.0,^CNXAUTO
2026-04-02 10:45:00+05:30,23642.19921875,23658.349609375,23583.400390625,23629.05078125,0,0.0,0.0,^CNXAUTO
2026-04-02 11:00:00+05:30,23629.650390625,23647.75,23597.19921875,23618.099609375,0,0.0,0.0,^CNXAUTO
2026-04-02 11:15:00+05:30,23618.349609375,23625.400390625,23563.900390625,23568.69921875,0,0.0,0.0,^CNXAUTO
2026-04-02 11:30:00+05:30,23568.80078125,23617.150390625,23560.099609375,23595.150390625,0,0.0,0.0,^CNXAUTO
2026-04-02 11:45:00+05:30,23596.900390625,23745.349609375,23595.05078125,23715.55078125,0,0.0,0.0,^CNXAUTO
2026-04-02 12:00:00+05:30,23718.5,23730.0,23648.69921875,23682.5,0,0.0,0.0,^CNXAUTO
2026-04-02 12:15:00+05:30,23684.849609375,23703.400390625,23631.19921875,23703.400390625,0,0.0,0.0,^CNXAUTO
2026-04-02 12:30:00+05:30,23703.900390625,23786.5,23695.30078125,23781.69921875,0,0.0,0.0,^CNXAUTO
2026-04-02 12:45:00+05:30,23783.75,23834.849609375,23738.25,23834.849609375,0,0.0,0.0,^CNXAUTO
2026-04-02 13:00:00+05:30,23835.150390625,23872.30078125,23779.80078125,23803.400390625,0,0.0,0.0,^CNXAUTO
2026-04-02 13:15:00+05:30,23800.25,23987.94921875,23790.150390625,23982.0,0,0.0,0.0,^CNXAUTO
2026-04-02 13:30:00+05:30,23982.94921875,24023.599609375,23936.25,24023.05078125,0,0.0,0.0,^CNXAUTO
2026-04-02 13:45:00+05:30,24023.400390625,24061.099609375,23993.0,24031.849609375,0,0.0,0.0,^CNXAUTO
2026-04-02 14:00:00+05:30,24031.900390625,24147.5,24013.80078125,24142.099609375,0,0.0,0.0,^CNXAUTO
2026-04-02 14:15:00+05:30,24139.849609375,24170.80078125,24102.25,24121.25,0,0.0,0.0,^CNXAUTO
2026-04-02 14:30:00+05:30,24119.599609375,24157.55078125,23990.5,23996.55078125,0,0.0,0.0,^CNXAUTO
2026-04-02 14:45:00+05:30,23996.19921875,24067.900390625,23974.5,24050.0,0,0.0,0.0,^CNXAUTO
2026-04-02 15:00:00+05:30,24048.30078125,24149.150390625,24048.30078125,24106.599609375,0,0.0,0.0,^CNXAUTO
2026-04-02 15:15:00+05:30,24106.849609375,24112.849609375,24029.30078125,24070.69921875,0,0.0,0.0,^CNXAUTO
2026-04-06 09:15:00+05:30,24159.400390625,24203.150390625,23896.80078125,24048.25,0,0.0,0.0,^CNXAUTO
2026-04-06 09:30:00+05:30,24046.05078125,24330.599609375,24031.599609375,24192.0,0,0.0,0.0,^CNXAUTO
2026-04-06 09:45:00+05:30,24192.19921875,24227.25,24089.30078125,24089.30078125,0,0.0,0.0,^CNXAUTO
2026-04-06 10:00:00+05:30,24088.849609375,24201.5,24071.44921875,24201.25,0,0.0,0.0,^CNXAUTO
2026-04-06 10:15:00+05:30,24198.05078125,24227.94921875,24041.900390625,24087.0,0,0.0,0.0,^CNXAUTO
2026-04-06 10:30:00+05:30,24084.650390625,24128.75,24027.69921875,24111.099609375,0,0.0,0.0,^CNXAUTO
2026-04-06 10:45:00+05:30,24110.400390625,24151.44921875,24082.69921875,24118.5,0,0.0,0.0,^CNXAUTO
2026-04-06 11:00:00+05:30,24118.400390625,24121.400390625,23975.94921875,24017.099609375,0,0.0,0.0,^CNXAUTO
2026-04-06 11:15:00+05:30,24014.69921875,24066.05078125,23989.69921875,24055.099609375,0,0.0,0.0,^CNXAUTO
2026-04-06 11:30:00+05:30,24055.349609375,24085.099609375,24006.69921875,24081.69921875,0,0.0,0.0,^CNXAUTO
2026-04-06 11:45:00+05:30,24083.55078125,24177.69921875,24071.150390625,24140.349609375,0,0.0,0.0,^CNXAUTO
2026-04-06 12:00:00+05:30,24140.19921875,24151.30078125,24103.400390625,24107.900390625,0,0.0,0.0,^CNXAUTO
2026-04-06 12:15:00+05:30,24108.349609375,24193.44921875,24099.94921875,24155.150390625,0,0.0,0.0,^CNXAUTO
2026-04-06 12:30:00+05:30,24152.349609375,24170.900390625,24093.05078125,24145.400390625,0,0.0,0.0,^CNXAUTO
2026-04-06 12:45:00+05:30,24146.30078125,24242.099609375,24144.25,24240.0,0,0.0,0.0,^CNXAUTO
2026-04-06 13:00:00+05:30,24240.5,24273.900390625,24181.80078125,24256.69921875,0,0.0,0.0,^CNXAUTO
2026-04-06 13:15:00+05:30,24255.75,24285.400390625,24224.849609375,24247.30078125,0,0.0,0.0,^CNXAUTO
2026-04-06 13:30:00+05:30,24248.400390625,24278.099609375,24213.55078125,24221.80078125,0,0.0,0.0,^CNXAUTO
2026-04-06 13:45:00+05:30,24222.349609375,24271.150390625,24216.400390625,24257.400390625,0,0.0,0.0,^CNXAUTO
2026-04-06 14:00:00+05:30,24258.099609375,24313.849609375,24244.099609375,24311.69921875,0,0.0,0.0,^CNXAUTO
2026-04-06 14:15:00+05:30,24312.55078125,24320.55078125,24265.349609375,24288.099609375,0,0.0,0.0,^CNXAUTO
2026-04-06 14:30:00+05:30,24288.05078125,24327.349609375,24259.05078125,24272.849609375,0,0.0,0.0,^CNXAUTO
2026-04-06 14:45:00+05:30,24271.150390625,24304.0,24248.150390625,24289.849609375,0,0.0,0.0,^CNXAUTO
2026-04-06 15:00:00+05:30,24290.349609375,24370.650390625,24277.05078125,24366.75,0,0.0,0.0,^CNXAUTO
2026-04-06 15:15:00+05:30,24366.55078125,24379.75,24342.25,24356.849609375,0,0.0,0.0,^CNXAUTO
2026-04-07 09:15:00+05:30,24194.44921875,24202.5,23839.650390625,24039.5,0,0.0,0.0,^CNXAUTO
2026-04-07 09:30:00+05:30,24039.94921875,24042.05078125,23958.0,23971.599609375,0,0.0,0.0,^CNXAUTO
2026-04-07 09:45:00+05:30,23971.599609375,24048.75,23971.599609375,24027.55078125,0,0.0,0.0,^CNXAUTO
2026-04-07 10:00:00+05:30,24027.55078125,24080.349609375,24013.5,24063.349609375,0,0.0,0.0,^CNXAUTO
2026-04-07 10:15:00+05:30,24062.75,24159.849609375,24056.25,24140.55078125,0,0.0,0.0,^CNXAUTO
2026-04-07 10:30:00+05:30,24140.55078125,24183.44921875,24074.55078125,24160.400390625,0,0.0,0.0,^CNXAUTO
2026-04-07 10:45:00+05:30,24160.849609375,24174.19921875,24009.900390625,24019.150390625,0,0.0,0.0,^CNXAUTO
2026-04-07 11:00:00+05:30,24021.44921875,24049.25,23982.75,24021.19921875,0,0.0,0.0,^CNXAUTO
2026-04-07 11:15:00+05:30,24022.75,24135.30078125,24012.05078125,24123.349609375,0,0.0,0.0,^CNXAUTO
2026-04-07 11:30:00+05:30,24123.80078125,24145.5,24088.099609375,24101.650390625,0,0.0,0.0,^CNXAUTO
2026-04-07 11:45:00+05:30,24100.80078125,24221.5,24098.69921875,24221.5,0,0.0,0.0,^CNXAUTO
2026-04-07 12:00:00+05:30,24165.400390625,24166.0,24110.94921875,24156.44921875,0,0.0,0.0,^CNXAUTO
2026-04-07 12:15:00+05:30,24156.650390625,24167.69921875,24126.75,24152.5,0,0.0,0.0,^CNXAUTO
2026-04-07 12:30:00+05:30,24153.849609375,24178.55078125,24138.5,24169.0,0,0.0,0.0,^CNXAUTO
2026-04-07 12:45:00+05:30,24169.19921875,24173.599609375,24123.099609375,24129.599609375,0,0.0,0.0,^CNXAUTO
2026-04-07 13:00:00+05:30,24129.75,24181.650390625,24118.55078125,24170.05078125,0,0.0,0.0,^CNXAUTO
2026-04-07 13:15:00+05:30,24170.150390625,24205.849609375,24140.849609375,24174.80078125,0,0.0,0.0,^CNXAUTO
2026-04-07 13:30:00+05:30,24174.80078125,24314.400390625,24172.55078125,24297.0,0,0.0,0.0,^CNXAUTO
2026-04-07 13:45:00+05:30,24296.55078125,24301.849609375,24180.55078125,24201.150390625,0,0.0,0.0,^CNXAUTO
2026-04-07 14:00:00+05:30,24201.400390625,24261.30078125,24196.19921875,24241.44921875,0,0.0,0.0,^CNXAUTO
2026-04-07 14:15:00+05:30,24241.400390625,24327.400390625,24236.44921875,24308.400390625,0,0.0,0.0,^CNXAUTO
2026-04-07 14:30:00+05:30,24309.80078125,24354.900390625,24259.900390625,24302.0,0,0.0,0.0,^CNXAUTO
2026-04-07 14:45:00+05:30,24302.30078125,24378.5,24289.099609375,24367.44921875,0,0.0,0.0,^CNXAUTO
2026-04-07 15:00:00+05:30,24367.69921875,24390.849609375,24320.75,24362.900390625,0,0.0,0.0,^CNXAUTO
2026-04-07 15:15:00+05:30,24363.400390625,24428.099609375,24344.900390625,24410.25,0,0.0,0.0,^CNXAUTO
2026-04-08 09:15:00+05:30,25396.849609375,25662.80078125,25298.80078125,25625.150390625,0,0.0,0.0,^CNXAUTO
2026-04-08 09:30:00+05:30,25626.25,25817.80078125,25613.349609375,25816.55078125,0,0.0,0.0,^CNXAUTO
2026-04-08 09:45:00+05:30,25816.5,25941.400390625,25816.5,25881.349609375,0,0.0,0.0,^CNXAUTO
2026-04-08 10:00:00+05:30,25880.849609375,26007.150390625,25862.0,25964.80078125,0,0.0,0.0,^CNXAUTO
2026-04-08 10:15:00+05:30,25964.19921875,26028.94921875,25957.5,25994.80078125,0,0.0,0.0,^CNXAUTO
2026-04-08 10:30:00+05:30,25994.900390625,26022.44921875,25931.30078125,26013.150390625,0,0.0,0.0,^CNXAUTO
2026-04-08 10:45:00+05:30,26012.05078125,26048.94921875,25959.150390625,26042.80078125,0,0.0,0.0,^CNXAUTO
2026-04-08 11:00:00+05:30,26041.25,26069.849609375,26035.5,26052.5,0,0.0,0.0,^CNXAUTO
2026-04-08 11:15:00+05:30,26052.650390625,26113.650390625,26023.19921875,26048.400390625,0,0.0,0.0,^CNXAUTO
2026-04-08 11:30:00+05:30,26048.400390625,26074.900390625,26033.05078125,26048.150390625,0,0.0,0.0,^CNXAUTO
2026-04-08 11:45:00+05:30,26046.69921875,26055.69921875,25987.69921875,26034.05078125,0,0.0,0.0,^CNXAUTO
2026-04-08 12:00:00+05:30,26032.150390625,26077.94921875,26027.900390625,26039.0,0,0.0,0.0,^CNXAUTO
2026-04-08 12:15:00+05:30,26038.5,26059.099609375,26012.150390625,26027.849609375,0,0.0,0.0,^CNXAUTO
2026-04-08 12:30:00+05:30,26025.099609375,26028.25,25938.0,25994.400390625,0,0.0,0.0,^CNXAUTO
2026-04-08 12:45:00+05:30,25992.900390625,26072.75,25983.099609375,26063.94921875,0,0.0,0.0,^CNXAUTO
2026-04-08 13:00:00+05:30,26064.0,26065.099609375,25998.30078125,26010.650390625,0,0.0,0.0,^CNXAUTO
2026-04-08 13:15:00+05:30,26011.599609375,26057.150390625,26001.5,26035.349609375,0,0.0,0.0,^CNXAUTO
2026-04-08 13:30:00+05:30,26035.19921875,26050.19921875,26010.94921875,26030.349609375,0,0.0,0.0,^CNXAUTO
2026-04-08 13:45:00+05:30,26028.400390625,26050.25,26008.75,26035.75,0,0.0,0.0,^CNXAUTO
2026-04-08 14:00:00+05:30,26036.30078125,26054.44921875,26010.55078125,26028.19921875,0,0.0,0.0,^CNXAUTO
2026-04-08 14:15:00+05:30,26027.44921875,26055.650390625,26027.44921875,26050.30078125,0,0.0,0.0,^CNXAUTO
2026-04-08 14:30:00+05:30,26049.900390625,26055.75,26023.849609375,26043.0,0,0.0,0.0,^CNXAUTO
2026-04-08 14:45:00+05:30,26042.900390625,26053.849609375,25968.55078125,26017.0,0,0.0,0.0,^CNXAUTO
2026-04-08 15:00:00+05:30,26017.0,26029.150390625,25952.349609375,25995.05078125,0,0.0,0.0,^CNXAUTO
2026-04-08 15:15:00+05:30,25995.19921875,26050.849609375,25976.900390625,26018.19921875,0,0.0,0.0,^CNXAUTO
2026-04-09 09:15:00+05:30,25960.150390625,26124.44921875,25706.94921875,26113.30078125,0,0.0,0.0,^CNXAUTO
2026-04-09 09:30:00+05:30,26113.80078125,26113.80078125,25868.30078125,25875.0,0,0.0,0.0,^CNXAUTO
2026-04-09 09:45:00+05:30,25874.94921875,25909.44921875,25676.19921875,25683.150390625,0,0.0,0.0,^CNXAUTO
2026-04-09 10:00:00+05:30,25680.55078125,25796.94921875,25643.650390625,25772.099609375,0,0.0,0.0,^CNXAUTO
2026-04-09 10:15:00+05:30,25770.94921875,25836.69921875,25741.80078125,25826.5,0,0.0,0.0,^CNXAUTO
2026-04-09 10:30:00+05:30,25829.099609375,25856.55078125,25802.650390625,25805.349609375,0,0.0,0.0,^CNXAUTO
2026-04-09 10:45:00+05:30,25804.55078125,25880.599609375,25804.55078125,25853.05078125,0,0.0,0.0,^CNXAUTO
2026-04-09 11:00:00+05:30,25851.849609375,25944.19921875,25851.849609375,25938.25,0,0.0,0.0,^CNXAUTO
2026-04-09 11:15:00+05:30,25938.05078125,25949.099609375,25899.69921875,25930.05078125,0,0.0,0.0,^CNXAUTO
2026-04-09 11:30:00+05:30,25930.0,26022.30078125,25925.599609375,26013.150390625,0,0.0,0.0,^CNXAUTO
2026-04-09 11:45:00+05:30,26012.650390625,26113.400390625,25981.349609375,26095.0,0,0.0,0.0,^CNXAUTO
2026-04-09 12:00:00+05:30,26091.099609375,26131.94921875,26050.150390625,26083.44921875,0,0.0,0.0,^CNXAUTO
2026-04-09 12:15:00+05:30,26082.69921875,26099.55078125,26043.400390625,26061.30078125,0,0.0,0.0,^CNXAUTO
2026-04-09 12:30:00+05:30,26064.44921875,26096.849609375,26028.5,26041.400390625,0,0.0,0.0,^CNXAUTO
2026-04-09 12:45:00+05:30,26040.25,26041.400390625,25968.900390625,25989.05078125,0,0.0,0.0,^CNXAUTO
2026-04-09 13:00:00+05:30,25989.25,26016.849609375,25964.19921875,25995.0,0,0.0,0.0,^CNXAUTO
2026-04-09 13:15:00+05:30,25991.69921875,25995.44921875,25910.849609375,25913.19921875,0,0.0,0.0,^CNXAUTO
2026-04-09 13:30:00+05:30,25911.94921875,25940.0,25872.25,25882.900390625,0,0.0,0.0,^CNXAUTO
2026-04-09 13:45:00+05:30,25880.900390625,25892.44921875,25837.05078125,25859.099609375,0,0.0,0.0,^CNXAUTO
2026-04-09 14:00:00+05:30,25859.44921875,25884.400390625,25816.900390625,25825.44921875,0,0.0,0.0,^CNXAUTO
2026-04-09 14:15:00+05:30,25825.650390625,25841.400390625,25778.150390625,25798.349609375,0,0.0,0.0,^CNXAUTO
2026-04-09 14:30:00+05:30,25798.900390625,25834.349609375,25742.80078125,25826.69921875,0,0.0,0.0,^CNXAUTO
2026-04-09 14:45:00+05:30,25826.849609375,25859.30078125,25795.30078125,25835.75,0,0.0,0.0,^CNXAUTO
2026-04-09 15:00:00+05:30,25840.55078125,25939.0,25840.55078125,25915.05078125,0,0.0,0.0,^CNXAUTO
2026-04-09 15:15:00+05:30,25915.19921875,25917.69921875,25839.900390625,25846.19921875,0,0.0,0.0,^CNXAUTO
2026-04-10 09:15:00+05:30,26057.44921875,26316.900390625,26019.19921875,26260.05078125,0,0.0,0.0,^CNXAUTO
2026-04-10 09:30:00+05:30,26259.400390625,26374.099609375,26227.94921875,26366.69921875,0,0.0,0.0,^CNXAUTO
2026-04-10 09:45:00+05:30,26367.5,26400.650390625,26323.30078125,26350.150390625,0,0.0,0.0,^CNXAUTO
2026-04-10 10:00:00+05:30,26347.80078125,26375.19921875,26240.099609375,26321.849609375,0,0.0,0.0,^CNXAUTO
2026-04-10 10:15:00+05:30,26324.650390625,26406.19921875,26322.900390625,26397.349609375,0,0.0,0.0,^CNXAUTO
2026-04-10 10:30:00+05:30,26398.900390625,26458.900390625,26396.55078125,26434.650390625,0,0.0,0.0,^CNXAUTO
2026-04-10 10:45:00+05:30,26434.599609375,26451.75,26358.30078125,26405.80078125,0,0.0,0.0,^CNXAUTO
2026-04-10 11:00:00+05:30,26405.44921875,26448.150390625,26384.80078125,26437.69921875,0,0.0,0.0,^CNXAUTO
2026-04-10 11:15:00+05:30,26438.099609375,26446.75,26406.55078125,26425.25,0,0.0,0.0,^CNXAUTO
2026-04-10 11:30:00+05:30,26426.599609375,26477.099609375,26424.349609375,26459.69921875,0,0.0,0.0,^CNXAUTO
2026-04-10 11:45:00+05:30,26459.5,26472.30078125,26389.80078125,26458.30078125,0,0.0,0.0,^CNXAUTO
2026-04-10 12:00:00+05:30,26458.099609375,26513.44921875,26457.30078125,26498.599609375,0,0.0,0.0,^CNXAUTO
2026-04-10 12:15:00+05:30,26499.80078125,26547.849609375,26456.150390625,26544.5,0,0.0,0.0,^CNXAUTO
2026-04-10 12:30:00+05:30,26544.05078125,26578.349609375,26532.849609375,26537.80078125,0,0.0,0.0,^CNXAUTO
2026-04-10 12:45:00+05:30,26538.05078125,26587.349609375,26535.150390625,26581.75,0,0.0,0.0,^CNXAUTO
2026-04-10 13:00:00+05:30,26580.94921875,26590.25,26555.69921875,26563.69921875,0,0.0,0.0,^CNXAUTO
2026-04-10 13:15:00+05:30,26564.25,26612.30078125,26564.25,26605.19921875,0,0.0,0.0,^CNXAUTO
2026-04-10 13:30:00+05:30,26605.599609375,26640.19921875,26595.599609375,26627.650390625,0,0.0,0.0,^CNXAUTO
2026-04-10 13:45:00+05:30,26628.599609375,26632.599609375,26601.099609375,26627.69921875,0,0.0,0.0,^CNXAUTO
2026-04-10 14:00:00+05:30,26628.5,26639.44921875,26570.349609375,26595.94921875,0,0.0,0.0,^CNXAUTO
2026-04-10 14:15:00+05:30,26596.599609375,26596.599609375,26455.0,26517.150390625,0,0.0,0.0,^CNXAUTO
2026-04-10 14:30:00+05:30,26516.349609375,26547.900390625,26494.900390625,26510.94921875,0,0.0,0.0,^CNXAUTO
2026-04-10 14:45:00+05:30,26511.94921875,26567.80078125,26492.849609375,26541.75,0,0.0,0.0,^CNXAUTO
2026-04-10 15:00:00+05:30,26546.349609375,26678.55078125,26546.349609375,26653.75,0,0.0,0.0,^CNXAUTO
2026-04-10 15:15:00+05:30,26652.44921875,26669.849609375,26627.650390625,26641.650390625,0,0.0,0.0,^CNXAUTO
2026-04-13 09:15:00+05:30,26052.25,26164.900390625,25911.75,26129.099609375,0,0.0,0.0,^CNXAUTO
2026-04-13 09:30:00+05:30,26126.75,26160.05078125,25951.099609375,26044.599609375,0,0.0,0.0,^CNXAUTO
2026-04-13 09:45:00+05:30,26046.349609375,26127.599609375,26029.099609375,26111.150390625,0,0.0,0.0,^CNXAUTO
2026-04-13 10:00:00+05:30,26110.94921875,26111.80078125,26027.599609375,26034.94921875,0,0.0,0.0,^CNXAUTO
2026-04-13 10:15:00+05:30,26034.5,26079.69921875,25961.75,26071.44921875,0,0.0,0.0,^CNXAUTO
2026-04-13 10:30:00+05:30,26071.900390625,26111.900390625,26032.900390625,26093.349609375,0,0.0,0.0,^CNXAUTO
2026-04-13 10:45:00+05:30,26093.150390625,26207.44921875,26086.30078125,26169.69921875,0,0.0,0.0,^CNXAUTO
2026-04-13 11:00:00+05:30,26164.900390625,26168.75,26066.55078125,26090.94921875,0,0.0,0.0,^CNXAUTO
2026-04-13 11:15:00+05:30,26092.75,26171.900390625,26089.099609375,26124.44921875,0,0.0,0.0,^CNXAUTO
2026-04-13 11:30:00+05:30,26124.5,26179.099609375,26119.94921875,26168.75,0,0.0,0.0,^CNXAUTO
2026-04-13 11:45:00+05:30,26169.0,26227.099609375,26162.650390625,26202.150390625,0,0.0,0.0,^CNXAUTO
2026-04-13 12:00:00+05:30,26202.650390625,26229.05078125,26188.05078125,26221.30078125,0,0.0,0.0,^CNXAUTO
2026-04-13 12:15:00+05:30,26220.849609375,26224.599609375,26166.0,26223.349609375,0,0.0,0.0,^CNXAUTO
2026-04-13 12:30:00+05:30,26225.599609375,26231.400390625,26192.099609375,26218.25,0,0.0,0.0,^CNXAUTO
2026-04-13 12:45:00+05:30,26218.400390625,26222.55078125,26112.849609375,26153.099609375,0,0.0,0.0,^CNXAUTO
2026-04-13 13:00:00+05:30,26153.19921875,26173.0,26087.44921875,26159.150390625,0,0.0,0.0,^CNXAUTO
2026-04-13 13:15:00+05:30,26160.05078125,26171.05078125,26088.19921875,26096.400390625,0,0.0,0.0,^CNXAUTO
2026-04-13 13:30:00+05:30,26097.0,26117.150390625,26042.849609375,26050.349609375,0,0.0,0.0,^CNXAUTO
2026-04-13 13:45:00+05:30,26050.900390625,26141.55078125,26045.5,26128.900390625,0,0.0,0.0,^CNXAUTO
2026-04-13 14:00:00+05:30,26128.0,26131.69921875,26080.30078125,26096.0,0,0.0,0.0,^CNXAUTO
2026-04-13 14:15:00+05:30,26096.900390625,26158.849609375,26077.19921875,26141.69921875,0,0.0,0.0,^CNXAUTO
2026-04-13 14:30:00+05:30,26143.349609375,26179.849609375,26105.75,26127.400390625,0,0.0,0.0,^CNXAUTO
2026-04-13 14:45:00+05:30,26127.55078125,26167.05078125,26119.5,26141.80078125,0,0.0,0.0,^CNXAUTO
2026-04-13 15:00:00+05:30,26142.849609375,26143.0,26038.05078125,26093.55078125,0,0.0,0.0,^CNXAUTO
2026-04-13 15:15:00+05:30,26099.55078125,26099.55078125,26041.55078125,26054.55078125,0,0.0,0.0,^CNXAUTO
2026-04-15 09:15:00+05:30,26468.75,26594.55078125,26392.0,26400.0,0,0.0,0.0,^CNXAUTO
2026-04-15 09:30:00+05:30,26400.19921875,26467.25,26304.099609375,26441.099609375,0,0.0,0.0,^CNXAUTO
2026-04-15 09:45:00+05:30,26439.849609375,26474.5,26370.5,26458.150390625,0,0.0,0.0,^CNXAUTO
2026-04-15 10:00:00+05:30,26458.400390625,26483.900390625,26431.0,26474.19921875,0,0.0,0.0,^CNXAUTO
2026-04-15 10:15:00+05:30,26475.400390625,26617.05078125,26475.349609375,26611.0,0,0.0,0.0,^CNXAUTO
2026-04-15 10:30:00+05:30,26611.30078125,26699.25,26586.349609375,26688.25,0,0.0,0.0,^CNXAUTO
2026-04-15 10:45:00+05:30,26688.25,26709.599609375,26613.150390625,26683.150390625,0,0.0,0.0,^CNXAUTO
2026-04-15 11:00:00+05:30,26682.150390625,26682.69921875,26592.30078125,26602.30078125,0,0.0,0.0,^CNXAUTO
2026-04-15 11:15:00+05:30,26602.69921875,26626.400390625,26571.5,26587.599609375,0,0.0,0.0,^CNXAUTO
2026-04-15 11:30:00+05:30,26588.94921875,26593.599609375,26552.94921875,26576.849609375,0,0.0,0.0,^CNXAUTO
2026-04-15 11:45:00+05:30,26577.05078125,26581.05078125,26543.349609375,26545.5,0,0.0,0.0,^CNXAUTO
2026-04-15 12:00:00+05:30,26545.849609375,26557.19921875,26512.69921875,26541.150390625,0,0.0,0.0,^CNXAUTO
2026-04-15 12:15:00+05:30,26542.0,26545.5,26505.94921875,26524.900390625,0,0.0,0.0,^CNXAUTO
2026-04-15 12:30:00+05:30,26525.150390625,26530.400390625,26492.94921875,26515.400390625,0,0.0,0.0,^CNXAUTO
2026-04-15 12:45:00+05:30,26515.099609375,26530.80078125,26491.5,26510.44921875,0,0.0,0.0,^CNXAUTO
2026-04-15 13:00:00+05:30,26508.25,26508.349609375,26478.099609375,26490.150390625,0,0.0,0.0,^CNXAUTO
2026-04-15 13:15:00+05:30,26491.099609375,26496.80078125,26433.900390625,26462.400390625,0,0.0,0.0,^CNXAUTO
2026-04-15 13:30:00+05:30,26462.099609375,26514.150390625,26461.849609375,26506.150390625,0,0.0,0.0,^CNXAUTO
2026-04-15 13:45:00+05:30,26506.05078125,26538.650390625,26484.5,26534.099609375,0,0.0,0.0,^CNXAUTO
2026-04-15 14:00:00+05:30,26534.099609375,26541.05078125,26486.849609375,26491.650390625,0,0.0,0.0,^CNXAUTO
2026-04-15 14:15:00+05:30,26492.0,26502.5,26483.400390625,26500.0,0,0.0,0.0,^CNXAUTO
2026-04-15 14:30:00+05:30,26500.44921875,26515.75,26485.0,26495.650390625,0,0.0,0.0,^CNXAUTO
2026-04-15 14:45:00+05:30,26496.5,26530.349609375,26492.0,26510.30078125,0,0.0,0.0,^CNXAUTO
2026-04-15 15:00:00+05:30,26516.849609375,26521.650390625,26468.55078125,26489.900390625,0,0.0,0.0,^CNXAUTO
2026-04-15 15:15:00+05:30,26489.25,26490.80078125,26450.150390625,26470.5,0,0.0,0.0,^CNXAUTO
2026-04-16 09:15:00+05:30,26649.0,26728.599609375,26554.30078125,26557.5,0,0.0,0.0,^CNXAUTO
2026-04-16 09:30:00+05:30,26557.099609375,26567.30078125,26471.94921875,26472.599609375,0,0.0,0.0,^CNXAUTO
2026-04-16 09:45:00+05:30,26472.0,26480.900390625,26341.44921875,26342.650390625,0,0.0,0.0,^CNXAUTO
2026-04-16 10:00:00+05:30,26342.099609375,26417.25,26334.25,26408.19921875,0,0.0,0.0,^CNXAUTO
2026-04-16 10:15:00+05:30,26406.25,26410.30078125,26345.150390625,26391.599609375,0,0.0,0.0,^CNXAUTO
2026-04-16 10:30:00+05:30,26393.0,26433.05078125,26390.55078125,26426.19921875,0,0.0,0.0,^CNXAUTO
2026-04-16 10:45:00+05:30,26425.900390625,26449.849609375,26415.05078125,26445.80078125,0,0.0,0.0,^CNXAUTO
2026-04-16 11:00:00+05:30,26445.55078125,26447.900390625,26423.30078125,26429.400390625,0,0.0,0.0,^CNXAUTO
2026-04-16 11:15:00+05:30,26430.75,26445.849609375,26412.5,26433.599609375,0,0.0,0.0,^CNXAUTO
2026-04-16 11:30:00+05:30,26432.30078125,26454.55078125,26414.400390625,26449.400390625,0,0.0,0.0,^CNXAUTO
2026-04-16 11:45:00+05:30,26449.349609375,26449.349609375,26367.69921875,26368.19921875,0,0.0,0.0,^CNXAUTO
2026-04-16 12:00:00+05:30,26369.0,26386.55078125,26309.400390625,26381.19921875,0,0.0,0.0,^CNXAUTO
2026-04-16 12:15:00+05:30,26380.80078125,26388.69921875,26341.44921875,26364.55078125,0,0.0,0.0,^CNXAUTO
2026-04-16 12:30:00+05:30,26363.650390625,26375.30078125,26310.099609375,26312.650390625,0,0.0,0.0,^CNXAUTO
2026-04-16 12:45:00+05:30,26311.69921875,26326.19921875,26278.75,26310.44921875,0,0.0,0.0,^CNXAUTO
2026-04-16 13:00:00+05:30,26308.150390625,26314.25,26248.650390625,26262.69921875,0,0.0,0.0,^CNXAUTO
2026-04-16 13:15:00+05:30,26261.94921875,26277.650390625,26233.30078125,26259.400390625,0,0.0,0.0,^CNXAUTO
2026-04-16 13:30:00+05:30,26259.05078125,26297.94921875,26258.150390625,26296.94921875,0,0.0,0.0,^CNXAUTO
2026-04-16 13:45:00+05:30,26294.900390625,26364.599609375,26294.75,26330.94921875,0,0.0,0.0,^CNXAUTO
2026-04-16 14:00:00+05:30,26331.30078125,26335.05078125,26281.400390625,26320.19921875,0,0.0,0.0,^CNXAUTO
2026-04-16 14:15:00+05:30,26319.80078125,26358.94921875,26306.19921875,26358.94921875,0,0.0,0.0,^CNXAUTO
2026-04-16 14:30:00+05:30,26358.150390625,26414.150390625,26357.900390625,26398.400390625,0,0.0,0.0,^CNXAUTO
2026-04-16 14:45:00+05:30,26398.05078125,26434.150390625,26387.400390625,26414.400390625,0,0.0,0.0,^CNXAUTO
2026-04-16 15:00:00+05:30,26414.80078125,26432.650390625,26349.349609375,26374.150390625,0,0.0,0.0,^CNXAUTO
2026-04-16 15:15:00+05:30,26373.599609375,26402.849609375,26368.849609375,26392.150390625,0,0.0,0.0,^CNXAUTO
2026-04-17 09:15:00+05:30,26346.44921875,26513.69921875,26194.599609375,26476.30078125,0,0.0,0.0,^CNXAUTO
2026-04-17 09:30:00+05:30,26473.55078125,26517.30078125,26396.30078125,26423.099609375,0,0.0,0.0,^CNXAUTO
2026-04-17 09:45:00+05:30,26422.44921875,26466.19921875,26405.75,26459.19921875,0,0.0,0.0,^CNXAUTO
2026-04-17 10:00:00+05:30,26456.849609375,26565.94921875,26400.30078125,26558.19921875,0,0.0,0.0,^CNXAUTO
2026-04-17 10:15:00+05:30,26557.30078125,26581.55078125,26548.099609375,26561.5,0,0.0,0.0,^CNXAUTO
2026-04-17 10:30:00+05:30,26561.80078125,26571.5,26443.30078125,26489.05078125,0,0.0,0.0,^CNXAUTO
2026-04-17 10:45:00+05:30,26488.55078125,26507.80078125,26484.25,26491.25,0,0.0,0.0,^CNXAUTO
2026-04-17 11:00:00+05:30,26491.05078125,26519.44921875,26463.099609375,26513.5,0,0.0,0.0,^CNXAUTO
2026-04-17 11:15:00+05:30,26512.599609375,26536.80078125,26496.0,26502.849609375,0,0.0,0.0,^CNXAUTO
2026-04-17 11:30:00+05:30,26502.599609375,26514.400390625,26484.05078125,26510.349609375,0,0.0,0.0,^CNXAUTO
2026-04-17 11:45:00+05:30,26511.099609375,26521.900390625,26461.099609375,26461.849609375,0,0.0,0.0,^CNXAUTO
2026-04-17 12:00:00+05:30,26461.75,26463.5,26405.44921875,26446.19921875,0,0.0,0.0,^CNXAUTO
2026-04-17 12:15:00+05:30,26447.650390625,26450.0,26411.19921875,26434.150390625,0,0.0,0.0,^CNXAUTO
2026-04-17 12:30:00+05:30,26434.099609375,26434.599609375,26356.69921875,26393.05078125,0,0.0,0.0,^CNXAUTO
2026-04-17 12:45:00+05:30,26392.94921875,26419.55078125,26377.75,26394.599609375,0,0.0,0.0,^CNXAUTO
2026-04-17 13:00:00+05:30,26392.5,26414.19921875,26374.75,26403.099609375,0,0.0,0.0,^CNXAUTO
2026-04-17 13:15:00+05:30,26403.94921875,26426.900390625,26383.650390625,26426.900390625,0,0.0,0.0,^CNXAUTO
2026-04-17 13:30:00+05:30,26426.55078125,26446.80078125,26402.650390625,26427.69921875,0,0.0,0.0,^CNXAUTO
2026-04-17 13:45:00+05:30,26426.599609375,26433.099609375,26397.80078125,26415.849609375,0,0.0,0.0,^CNXAUTO
2026-04-17 14:00:00+05:30,26414.80078125,26441.25,26409.150390625,26410.349609375,0,0.0,0.0,^CNXAUTO
2026-04-17 14:15:00+05:30,26410.599609375,26434.30078125,26395.05078125,26412.80078125,0,0.0,0.0,^CNXAUTO
2026-04-17 14:30:00+05:30,26412.75,26475.44921875,26410.94921875,26462.099609375,0,0.0,0.0,^CNXAUTO
2026-04-17 14:45:00+05:30,26462.55078125,26487.94921875,26461.25,26465.19921875,0,0.0,0.0,^CNXAUTO
2026-04-17 15:00:00+05:30,26465.44921875,26473.349609375,26403.55078125,26439.400390625,0,0.0,0.0,^CNXAUTO
2026-04-17 15:15:00+05:30,26438.55078125,26458.30078125,26426.099609375,26433.25,0,0.0,0.0,^CNXAUTO
2026-04-20 15:00:00+05:30,26563.400390625,26564.05078125,26550.94921875,26555.150390625,0,0.0,0.0,^CNXAUTO
2026-04-20 15:15:00+05:30,26553.30078125,26554.900390625,26454.150390625,26461.650390625,0,0.0,0.0,^CNXAUTO
2026-04-21 09:15:00+05:30,26511.099609375,26694.349609375,26496.44921875,26627.25,0,0.0,0.0,^CNXAUTO
2026-04-21 09:30:00+05:30,26626.400390625,26644.19921875,26595.25,26620.05078125,0,0.0,0.0,^CNXAUTO
2026-04-21 09:45:00+05:30,26621.099609375,26685.0,26621.099609375,26676.30078125,0,0.0,0.0,^CNXAUTO
2026-04-21 10:00:00+05:30,26677.099609375,26703.099609375,26672.150390625,26698.0,0,0.0,0.0,^CNXAUTO
2026-04-21 10:15:00+05:30,26697.94921875,26707.44921875,26669.05078125,26675.900390625,0,0.0,0.0,^CNXAUTO
2026-04-21 10:30:00+05:30,26676.5,26702.5,26672.05078125,26689.94921875,0,0.0,0.0,^CNXAUTO
2026-04-21 10:45:00+05:30,26689.5,26701.650390625,26684.25,26693.900390625,0,0.0,0.0,^CNXAUTO
2026-04-21 11:00:00+05:30,26695.150390625,26715.69921875,26682.349609375,26708.900390625,0,0.0,0.0,^CNXAUTO
2026-04-21 11:15:00+05:30,26706.80078125,26713.150390625,26684.80078125,26691.099609375,0,0.0,0.0,^CNXAUTO
2026-04-21 11:30:00+05:30,26693.05078125,26696.19921875,26664.599609375,26680.44921875,0,0.0,0.0,^CNXAUTO
2026-04-21 11:45:00+05:30,26680.44921875,26703.69921875,26679.69921875,26703.44921875,0,0.0,0.0,^CNXAUTO
2026-04-21 12:00:00+05:30,26703.44921875,26723.80078125,26699.099609375,26707.55078125,0,0.0,0.0,^CNXAUTO
2026-04-21 12:15:00+05:30,26707.0,26735.75,26707.0,26715.400390625,0,0.0,0.0,^CNXAUTO
2026-04-21 12:30:00+05:30,26714.900390625,26745.650390625,26700.650390625,26731.55078125,0,0.0,0.0,^CNXAUTO
2026-04-21 12:45:00+05:30,26732.80078125,26734.099609375,26698.44921875,26713.849609375,0,0.0,0.0,^CNXAUTO
2026-04-21 13:00:00+05:30,26713.400390625,26715.19921875,26690.400390625,26701.30078125,0,0.0,0.0,^CNXAUTO
2026-04-21 13:15:00+05:30,26701.05078125,26712.599609375,26690.80078125,26710.05078125,0,0.0,0.0,^CNXAUTO
2026-04-21 13:30:00+05:30,26709.30078125,26732.25,26669.599609375,26674.650390625,0,0.0,0.0,^CNXAUTO
2026-04-21 13:45:00+05:30,26674.94921875,26700.55078125,26671.19921875,26696.650390625,0,0.0,0.0,^CNXAUTO
2026-04-21 14:00:00+05:30,26696.44921875,26698.150390625,26672.80078125,26681.650390625,0,0.0,0.0,^CNXAUTO
2026-04-21 14:15:00+05:30,26682.400390625,26712.80078125,26676.44921875,26692.150390625,0,0.0,0.0,^CNXAUTO
2026-04-21 14:30:00+05:30,26693.25,26695.69921875,26631.44921875,26646.400390625,0,0.0,0.0,^CNXAUTO
2026-04-21 14:45:00+05:30,26646.400390625,26674.5,26641.75,26654.900390625,0,0.0,0.0,^CNXAUTO
2026-04-21 15:00:00+05:30,26654.75,26659.25,26612.599609375,26613.80078125,0,0.0,0.0,^CNXAUTO
2026-04-21 15:15:00+05:30,26617.30078125,26633.650390625,26610.94921875,26628.69921875,0,0.0,0.0,^CNXAUTO
2026-04-22 09:15:00+05:30,26533.25,26690.69921875,26503.55078125,26594.44921875,0,0.0,0.0,^CNXAUTO
2026-04-22 09:30:00+05:30,26591.80078125,26698.650390625,26574.94921875,26652.05078125,0,0.0,0.0,^CNXAUTO
2026-04-22 09:45:00+05:30,26649.94921875,26657.849609375,26565.099609375,26569.349609375,0,0.0,0.0,^CNXAUTO
2026-04-22 10:00:00+05:30,26569.44921875,26590.599609375,26536.400390625,26563.75,0,0.0,0.0,^CNXAUTO
2026-04-22 10:15:00+05:30,26563.599609375,26577.30078125,26526.150390625,26575.0,0,0.0,0.0,^CNXAUTO
2026-04-22 10:30:00+05:30,26575.400390625,26598.80078125,26559.25,26590.0,0,0.0,0.0,^CNXAUTO
2026-04-22 10:45:00+05:30,26587.80078125,26630.900390625,26571.099609375,26602.599609375,0,0.0,0.0,^CNXAUTO
2026-04-22 11:00:00+05:30,26603.55078125,26607.599609375,26560.44921875,26574.650390625,0,0.0,0.0,^CNXAUTO
2026-04-22 11:15:00+05:30,26574.44921875,26622.30078125,26569.55078125,26611.150390625,0,0.0,0.0,^CNXAUTO
2026-04-22 11:30:00+05:30,26611.05078125,26633.849609375,26603.30078125,26608.849609375,0,0.0,0.0,^CNXAUTO
2026-04-22 11:45:00+05:30,26609.55078125,26664.599609375,26575.650390625,26660.0,0,0.0,0.0,^CNXAUTO
2026-04-22 12:00:00+05:30,26658.75,26685.650390625,26658.19921875,26671.25,0,0.0,0.0,^CNXAUTO
2026-04-22 12:15:00+05:30,26670.849609375,26699.94921875,26657.25,26693.599609375,0,0.0,0.0,^CNXAUTO
2026-04-22 12:30:00+05:30,26694.150390625,26718.349609375,26670.650390625,26681.19921875,0,0.0,0.0,^CNXAUTO
2026-04-22 12:45:00+05:30,26679.55078125,26682.69921875,26644.349609375,26645.400390625,0,0.0,0.0,^CNXAUTO
2026-04-22 13:00:00+05:30,26644.0,26668.099609375,26637.849609375,26647.599609375,0,0.0,0.0,^CNXAUTO
2026-04-22 13:15:00+05:30,26646.599609375,26654.30078125,26600.849609375,26616.5,0,0.0,0.0,^CNXAUTO
2026-04-22 13:30:00+05:30,26616.75,26645.599609375,26613.599609375,26636.400390625,0,0.0,0.0,^CNXAUTO
2026-04-22 13:45:00+05:30,26636.650390625,26642.599609375,26620.05078125,26632.849609375,0,0.0,0.0,^CNXAUTO
2026-04-22 14:00:00+05:30,26632.099609375,26644.25,26588.849609375,26593.150390625,0,0.0,0.0,^CNXAUTO
2026-04-22 14:15:00+05:30,26591.94921875,26597.75,26557.349609375,26559.94921875,0,0.0,0.0,^CNXAUTO
2026-04-22 14:30:00+05:30,26559.05078125,26578.55078125,26536.30078125,26536.69921875,0,0.0,0.0,^CNXAUTO
2026-04-22 14:45:00+05:30,26536.650390625,26553.0,26514.05078125,26529.400390625,0,0.0,0.0,^CNXAUTO
2026-04-22 15:00:00+05:30,26530.55078125,26530.55078125,26417.0,26439.75,0,0.0,0.0,^CNXAUTO
2026-04-22 15:15:00+05:30,26440.19921875,26472.0,26428.05078125,26462.69921875,0,0.0,0.0,^CNXAUTO
2026-04-23 09:15:00+05:30,26276.19921875,26276.19921875,26090.599609375,26196.150390625,0,0.0,0.0,^CNXAUTO
2026-04-23 09:30:00+05:30,26197.94921875,26238.69921875,26078.400390625,26126.44921875,0,0.0,0.0,^CNXAUTO
2026-04-23 09:45:00+05:30,26125.599609375,26174.599609375,26120.400390625,26153.19921875,0,0.0,0.0,^CNXAUTO
2026-04-23 10:00:00+05:30,26155.400390625,26158.400390625,26079.349609375,26090.94921875,0,0.0,0.0,^CNXAUTO
2026-04-23 10:15:00+05:30,26089.349609375,26094.94921875,25983.0,25990.44921875,0,0.0,0.0,^CNXAUTO
2026-04-23 10:30:00+05:30,25990.099609375,25991.75,25949.69921875,25958.349609375,0,0.0,0.0,^CNXAUTO
2026-04-23 10:45:00+05:30,25957.849609375,25968.94921875,25890.900390625,25910.900390625,0,0.0,0.0,^CNXAUTO
2026-04-23 11:00:00+05:30,25909.94921875,25937.150390625,25904.150390625,25925.55078125,0,0.0,0.0,^CNXAUTO
2026-04-23 11:15:00+05:30,25926.44921875,25965.0,25920.69921875,25933.69921875,0,0.0,0.0,^CNXAUTO
2026-04-23 11:30:00+05:30,25934.30078125,25937.0,25894.650390625,25903.849609375,0,0.0,0.0,^CNXAUTO
2026-04-23 11:45:00+05:30,25904.650390625,25916.150390625,25891.650390625,25903.900390625,0,0.0,0.0,^CNXAUTO
2026-04-23 12:00:00+05:30,25905.900390625,25947.19921875,25878.599609375,25941.44921875,0,0.0,0.0,^CNXAUTO
2026-04-23 12:15:00+05:30,25941.650390625,25955.0,25892.75,25901.05078125,0,0.0,0.0,^CNXAUTO
2026-04-23 12:30:00+05:30,25901.599609375,25902.849609375,25853.94921875,25865.55078125,0,0.0,0.0,^CNXAUTO
2026-04-23 12:45:00+05:30,25865.849609375,25883.650390625,25843.150390625,25880.55078125,0,0.0,0.0,^CNXAUTO
2026-04-23 13:00:00+05:30,25881.349609375,25888.05078125,25842.55078125,25859.44921875,0,0.0,0.0,^CNXAUTO
2026-04-23 13:15:00+05:30,25860.44921875,25950.099609375,25835.44921875,25924.94921875,0,0.0,0.0,^CNXAUTO
2026-04-23 13:30:00+05:30,25925.400390625,25928.150390625,25841.650390625,25855.099609375,0,0.0,0.0,^CNXAUTO
2026-04-23 13:45:00+05:30,25854.400390625,25865.5,25834.349609375,25844.349609375,0,0.0,0.0,^CNXAUTO
2026-04-23 14:00:00+05:30,25843.69921875,25845.25,25800.150390625,25803.349609375,0,0.0,0.0,^CNXAUTO
2026-04-23 14:15:00+05:30,25803.69921875,25822.30078125,25769.55078125,25785.400390625,0,0.0,0.0,^CNXAUTO
2026-04-23 14:30:00+05:30,25783.650390625,25786.05078125,25748.900390625,25757.25,0,0.0,0.0,^CNXAUTO
2026-04-23 14:45:00+05:30,25759.75,25804.599609375,25754.80078125,25803.349609375,0,0.0,0.0,^CNXAUTO
2026-04-23 15:00:00+05:30,25805.75,25862.05078125,25798.05078125,25802.30078125,0,0.0,0.0,^CNXAUTO
2026-04-23 15:15:00+05:30,25802.599609375,25855.650390625,25792.94921875,25847.94921875,0,0.0,0.0,^CNXAUTO
2026-04-24 09:15:00+05:30,25866.900390625,26029.400390625,25770.30078125,25772.650390625,0,0.0,0.0,^CNXAUTO
2026-04-24 09:30:00+05:30,25769.25,25816.19921875,25661.599609375,25688.80078125,0,0.0,0.0,^CNXAUTO
2026-04-24 09:45:00+05:30,25690.69921875,25756.849609375,25653.55078125,25748.099609375,0,0.0,0.0,^CNXAUTO
2026-04-24 10:00:00+05:30,25748.30078125,25872.44921875,25748.30078125,25836.75,0,0.0,0.0,^CNXAUTO
2026-04-24 10:15:00+05:30,25828.099609375,25837.099609375,25776.80078125,25812.849609375,0,0.0,0.0,^CNXAUTO
2026-04-24 10:30:00+05:30,25812.349609375,25812.349609375,25746.55078125,25746.55078125,0,0.0,0.0,^CNXAUTO
2026-04-24 10:45:00+05:30,25746.30078125,25751.5,25676.349609375,25681.69921875,0,0.0,0.0,^CNXAUTO
2026-04-24 11:00:00+05:30,25680.349609375,25684.05078125,25645.75,25654.80078125,0,0.0,0.0,^CNXAUTO
2026-04-24 11:15:00+05:30,25654.599609375,25701.94921875,25636.80078125,25688.55078125,0,0.0,0.0,^CNXAUTO
2026-04-24 11:30:00+05:30,25688.05078125,25748.650390625,25688.05078125,25736.599609375,0,0.0,0.0,^CNXAUTO
2026-04-24 11:45:00+05:30,25737.400390625,25739.099609375,25666.650390625,25678.25,0,0.0,0.0,^CNXAUTO
2026-04-24 12:00:00+05:30,25678.150390625,25757.94921875,25661.849609375,25753.44921875,0,0.0,0.0,^CNXAUTO
2026-04-24 12:15:00+05:30,25754.25,25758.099609375,25657.25,25674.150390625,0,0.0,0.0,^CNXAUTO
2026-04-24 12:30:00+05:30,25674.150390625,25678.80078125,25637.599609375,25638.69921875,0,0.0,0.0,^CNXAUTO
2026-04-24 12:45:00+05:30,25638.94921875,25694.349609375,25635.69921875,25670.55078125,0,0.0,0.0,^CNXAUTO
2026-04-24 13:00:00+05:30,25669.5,25669.80078125,25601.44921875,25609.599609375,0,0.0,0.0,^CNXAUTO
2026-04-24 13:15:00+05:30,25609.94921875,25629.75,25597.849609375,25620.94921875,0,0.0,0.0,^CNXAUTO
2026-04-24 13:30:00+05:30,25620.94921875,25626.69921875,25559.900390625,25571.25,0,0.0,0.0,^CNXAUTO
2026-04-24 13:45:00+05:30,25571.44921875,25624.94921875,25571.0,25608.900390625,0,0.0,0.0,^CNXAUTO
2026-04-24 14:00:00+05:30,25609.150390625,25619.849609375,25576.05078125,25607.849609375,0,0.0,0.0,^CNXAUTO
2026-04-24 14:15:00+05:30,25608.900390625,25690.94921875,25605.400390625,25688.0,0,0.0,0.0,^CNXAUTO
2026-04-24 14:30:00+05:30,25686.80078125,25708.349609375,25672.75,25685.400390625,0,0.0,0.0,^CNXAUTO
2026-04-24 14:45:00+05:30,25686.349609375,25702.80078125,25655.05078125,25677.5,0,0.0,0.0,^CNXAUTO
2026-04-24 15:00:00+05:30,25676.19921875,25676.19921875,25621.94921875,25645.69921875,0,0.0,0.0,^CNXAUTO
2026-04-24 15:15:00+05:30,25643.69921875,25695.5,25639.69921875,25687.849609375,0,0.0,0.0,^CNXAUTO
2026-04-27 09:15:00+05:30,25803.05078125,25960.69921875,25792.349609375,25891.80078125,0,0.0,0.0,^CNXAUTO
2026-04-27 09:30:00+05:30,25891.349609375,25926.349609375,25812.55078125,25885.69921875,0,0.0,0.0,^CNXAUTO
2026-04-27 09:45:00+05:30,25890.650390625,25943.25,25890.650390625,25925.69921875,0,0.0,0.0,^CNXAUTO
2026-04-27 10:00:00+05:30,25922.849609375,25943.849609375,25872.849609375,25879.69921875,0,0.0,0.0,^CNXAUTO
2026-04-27 10:15:00+05:30,25880.44921875,25954.650390625,25863.30078125,25882.099609375,0,0.0,0.0,^CNXAUTO
2026-04-27 10:30:00+05:30,25881.849609375,25885.099609375,25825.94921875,25860.400390625,0,0.0,0.0,^CNXAUTO
2026-04-27 10:45:00+05:30,25857.400390625,25904.80078125,25838.05078125,25888.30078125,0,0.0,0.0,^CNXAUTO
2026-04-27 11:00:00+05:30,25888.25,25904.44921875,25863.0,25898.80078125,0,0.0,0.0,^CNXAUTO
2026-04-27 11:15:00+05:30,25899.05078125,25927.55078125,25868.400390625,25875.69921875,0,0.0,0.0,^CNXAUTO
2026-04-27 11:30:00+05:30,25875.150390625,25887.19921875,25830.599609375,25860.5,0,0.0,0.0,^CNXAUTO
2026-04-27 11:45:00+05:30,25859.05078125,25903.599609375,25845.80078125,25897.69921875,0,0.0,0.0,^CNXAUTO
2026-04-27 12:00:00+05:30,25898.0,25966.19921875,25882.349609375,25962.19921875,0,0.0,0.0,^CNXAUTO
2026-04-27 12:15:00+05:30,25962.900390625,26031.44921875,25955.349609375,26019.19921875,0,0.0,0.0,^CNXAUTO
2026-04-27 12:30:00+05:30,26019.30078125,26046.849609375,26017.599609375,26043.400390625,0,0.0,0.0,^CNXAUTO
2026-04-27 12:45:00+05:30,26042.25,26119.69921875,26032.400390625,26084.80078125,0,0.0,0.0,^CNXAUTO
2026-04-27 13:00:00+05:30,26084.05078125,26102.5,26060.05078125,26096.400390625,0,0.0,0.0,^CNXAUTO
2026-04-27 13:15:00+05:30,26096.69921875,26125.5,26075.400390625,26075.75,0,0.0,0.0,^CNXAUTO
2026-04-27 13:30:00+05:30,26075.5,26085.94921875,26057.75,26059.30078125,0,0.0,0.0,^CNXAUTO
2026-04-27 13:45:00+05:30,26059.25,26096.150390625,26059.25,26087.0,0,0.0,0.0,^CNXAUTO
2026-04-27 14:00:00+05:30,26087.19921875,26090.69921875,26068.5,26087.150390625,0,0.0,0.0,^CNXAUTO
2026-04-27 14:15:00+05:30,26087.94921875,26102.349609375,26064.0,26095.349609375,0,0.0,0.0,^CNXAUTO
2026-04-27 14:30:00+05:30,26095.099609375,26096.44921875,26051.44921875,26071.0,0,0.0,0.0,^CNXAUTO
2026-04-27 14:45:00+05:30,26071.599609375,26084.900390625,26053.75,26068.5,0,0.0,0.0,^CNXAUTO
2026-04-27 15:00:00+05:30,26068.19921875,26068.19921875,26026.400390625,26045.099609375,0,0.0,0.0,^CNXAUTO
2026-04-27 15:15:00+05:30,26046.19921875,26085.80078125,26026.55078125,26076.30078125,0,0.0,0.0,^CNXAUTO
2026-04-28 09:15:00+05:30,26056.69921875,26160.0,25960.75,26115.650390625,0,0.0,0.0,^CNXAUTO
2026-04-28 09:30:00+05:30,26116.44921875,26218.69921875,26094.650390625,26200.19921875,0,0.0,0.0,^CNXAUTO
2026-04-28 09:45:00+05:30,26201.30078125,26205.5,26143.400390625,26184.94921875,0,0.0,0.0,^CNXAUTO
2026-04-28 10:00:00+05:30,26183.25,26195.0,26140.19921875,26143.900390625,0,0.0,0.0,^CNXAUTO
2026-04-28 10:15:00+05:30,26145.349609375,26181.75,26141.55078125,26178.94921875,0,0.0,0.0,^CNXAUTO
2026-04-28 10:30:00+05:30,26178.349609375,26179.5,26074.849609375,26106.400390625,0,0.0,0.0,^CNXAUTO
2026-04-28 10:45:00+05:30,26106.19921875,26122.849609375,26096.44921875,26117.5,0,0.0,0.0,^CNXAUTO
2026-04-28 11:00:00+05:30,26117.69921875,26118.30078125,26077.80078125,26096.150390625,0,0.0,0.0,^CNXAUTO
2026-04-28 11:15:00+05:30,26096.30078125,26108.44921875,25958.69921875,25967.900390625,0,0.0,0.0,^CNXAUTO
2026-04-28 11:30:00+05:30,25967.44921875,25991.94921875,25957.69921875,25982.69921875,0,0.0,0.0,^CNXAUTO
2026-04-28 11:45:00+05:30,25981.94921875,25990.05078125,25887.94921875,25894.44921875,0,0.0,0.0,^CNXAUTO
2026-04-28 12:00:00+05:30,25895.349609375,25895.349609375,25844.05078125,25868.44921875,0,0.0,0.0,^CNXAUTO
2026-04-28 12:15:00+05:30,25866.80078125,25880.900390625,25824.599609375,25855.0,0,0.0,0.0,^CNXAUTO
2026-04-28 12:30:00+05:30,25855.849609375,25881.19921875,25846.150390625,25876.80078125,0,0.0,0.0,^CNXAUTO
2026-04-28 12:45:00+05:30,25876.5,25884.099609375,25850.75,25862.150390625,0,0.0,0.0,^CNXAUTO
2026-04-28 13:00:00+05:30,25860.900390625,25901.650390625,25858.80078125,25885.0,0,0.0,0.0,^CNXAUTO
2026-04-28 13:15:00+05:30,25884.849609375,25940.75,25880.5,25913.349609375,0,0.0,0.0,^CNXAUTO
2026-04-28 13:30:00+05:30,25914.30078125,25915.55078125,25868.099609375,25892.75,0,0.0,0.0,^CNXAUTO
2026-04-28 13:45:00+05:30,25892.650390625,25924.849609375,25876.849609375,25913.80078125,0,0.0,0.0,^CNXAUTO
2026-04-28 14:00:00+05:30,25913.44921875,25923.599609375,25882.349609375,25900.099609375,0,0.0,0.0,^CNXAUTO
2026-04-28 14:15:00+05:30,25900.900390625,25917.75,25855.349609375,25860.19921875,0,0.0,0.0,^CNXAUTO
2026-04-28 14:30:00+05:30,25860.849609375,25929.25,25821.599609375,25863.5,0,0.0,0.0,^CNXAUTO
2026-04-28 14:45:00+05:30,25858.849609375,25885.849609375,25802.849609375,25860.400390625,0,0.0,0.0,^CNXAUTO
2026-04-28 15:00:00+05:30,25860.5,25865.75,25765.05078125,25782.900390625,0,0.0,0.0,^CNXAUTO
2026-04-28 15:15:00+05:30,25783.80078125,25819.400390625,25763.05078125,25804.44921875,0,0.0,0.0,^CNXAUTO
2026-04-29 09:15:00+05:30,25936.849609375,26293.05078125,25936.849609375,26273.0,0,0.0,0.0,^CNXAUTO
2026-04-29 09:30:00+05:30,26274.55078125,26324.69921875,26205.05078125,26297.19921875,0,0.0,0.0,^CNXAUTO
2026-04-29 09:45:00+05:30,26297.599609375,26483.400390625,26295.44921875,26425.5,0,0.0,0.0,^CNXAUTO
2026-04-29 10:00:00+05:30,26425.25,26464.349609375,26374.05078125,26394.25,0,0.0,0.0,^CNXAUTO
2026-04-29 10:15:00+05:30,26394.19921875,26451.349609375,26393.69921875,26429.55078125,0,0.0,0.0,^CNXAUTO
2026-04-29 10:30:00+05:30,26429.400390625,26431.0,26363.19921875,26366.400390625,0,0.0,0.0,^CNXAUTO
2026-04-29 10:45:00+05:30,26364.900390625,26396.94921875,26332.099609375,26395.44921875,0,0.0,0.0,^CNXAUTO
2026-04-29 11:00:00+05:30,26395.349609375,26407.19921875,26378.19921875,26392.349609375,0,0.0,0.0,^CNXAUTO
2026-04-29 11:15:00+05:30,26393.19921875,26406.5,26305.25,26309.25,0,0.0,0.0,^CNXAUTO
2026-04-29 11:30:00+05:30,26312.349609375,26350.19921875,26305.94921875,26333.30078125,0,0.0,0.0,^CNXAUTO
2026-04-29 11:45:00+05:30,26333.849609375,26347.849609375,26305.44921875,26345.69921875,0,0.0,0.0,^CNXAUTO
2026-04-29 12:00:00+05:30,26345.44921875,26384.55078125,26335.19921875,26373.0,0,0.0,0.0,^CNXAUTO
2026-04-29 12:15:00+05:30,26374.55078125,26396.150390625,26363.75,26372.75,0,0.0,0.0,^CNXAUTO
2026-04-29 12:30:00+05:30,26372.849609375,26412.5,26365.80078125,26407.25,0,0.0,0.0,^CNXAUTO
2026-04-29 12:45:00+05:30,26407.400390625,26410.55078125,26390.400390625,26393.650390625,0,0.0,0.0,^CNXAUTO
2026-04-29 13:00:00+05:30,26394.650390625,26399.349609375,26353.94921875,26354.44921875,0,0.0,0.0,^CNXAUTO
2026-04-29 13:15:00+05:30,26354.69921875,26361.05078125,26309.30078125,26310.05078125,0,0.0,0.0,^CNXAUTO
2026-04-29 13:30:00+05:30,26312.650390625,26326.650390625,26219.30078125,26219.30078125,0,0.0,0.0,^CNXAUTO
2026-04-29 13:45:00+05:30,26221.94921875,26264.55078125,26190.94921875,26195.75,0,0.0,0.0,^CNXAUTO
2026-04-29 14:00:00+05:30,26194.099609375,26195.80078125,26132.5,26164.80078125,0,0.0,0.0,^CNXAUTO
2026-04-29 14:15:00+05:30,26164.400390625,26175.94921875,26088.30078125,26088.30078125,0,0.0,0.0,^CNXAUTO
2026-04-29 14:30:00+05:30,26089.150390625,26135.30078125,26059.349609375,26133.80078125,0,0.0,0.0,^CNXAUTO
2026-04-29 14:45:00+05:30,26133.80078125,26139.849609375,26059.900390625,26062.19921875,0,0.0,0.0,^CNXAUTO
2026-04-29 15:00:00+05:30,26063.0,26148.44921875,26059.150390625,26102.0,0,0.0,0.0,^CNXAUTO
2026-04-29 15:15:00+05:30,26103.19921875,26103.19921875,26039.900390625,26078.25,0,0.0,0.0,^CNXAUTO
2026-04-30 09:15:00+05:30,25894.19921875,25894.19921875,25574.75,25586.0,0,0.0,0.0,^CNXAUTO
2026-04-30 09:30:00+05:30,25581.5,25615.25,25518.599609375,25593.849609375,0,0.0,0.0,^CNXAUTO
2026-04-30 09:45:00+05:30,25595.599609375,25624.30078125,25509.599609375,25531.30078125,0,0.0,0.0,^CNXAUTO
2026-04-30 10:00:00+05:30,25533.349609375,25535.19921875,25460.30078125,25463.099609375,0,0.0,0.0,^CNXAUTO
2026-04-30 10:15:00+05:30,25463.349609375,25503.94921875,25441.650390625,25462.05078125,0,0.0,0.0,^CNXAUTO
2026-04-30 10:30:00+05:30,25462.05078125,25673.30078125,25456.94921875,25665.55078125,0,0.0,0.0,^CNXAUTO
2026-04-30 10:45:00+05:30,25666.650390625,25671.849609375,25592.69921875,25608.5,0,0.0,0.0,^CNXAUTO
2026-04-30 11:00:00+05:30,25609.099609375,25623.69921875,25522.75,25524.349609375,0,0.0,0.0,^CNXAUTO
2026-04-30 11:15:00+05:30,25525.19921875,25577.30078125,25512.44921875,25567.94921875,0,0.0,0.0,^CNXAUTO
2026-04-30 11:30:00+05:30,25568.44921875,25577.44921875,25533.44921875,25562.25,0,0.0,0.0,^CNXAUTO
2026-04-30 11:45:00+05:30,25560.55078125,25562.349609375,25515.05078125,25531.05078125,0,0.0,0.0,^CNXAUTO
2026-04-30 12:00:00+05:30,25529.650390625,25571.849609375,25512.80078125,25558.099609375,0,0.0,0.0,^CNXAUTO
2026-04-30 12:15:00+05:30,25560.25,25600.349609375,25537.900390625,25578.80078125,0,0.0,0.0,^CNXAUTO
2026-04-30 12:30:00+05:30,25579.650390625,25635.150390625,25579.650390625,25633.75,0,0.0,0.0,^CNXAUTO
2026-04-30 12:45:00+05:30,25633.650390625,25690.94921875,25623.30078125,25673.5,0,0.0,0.0,^CNXAUTO
2026-04-30 13:00:00+05:30,25674.150390625,25683.5,25643.30078125,25661.94921875,0,0.0,0.0,^CNXAUTO
2026-04-30 13:15:00+05:30,25662.400390625,25690.599609375,25647.849609375,25686.80078125,0,0.0,0.0,^CNXAUTO
2026-04-30 13:30:00+05:30,25685.69921875,25745.849609375,25668.55078125,25741.75,0,0.0,0.0,^CNXAUTO
2026-04-30 13:45:00+05:30,25741.44921875,25877.650390625,25740.75,25870.849609375,0,0.0,0.0,^CNXAUTO
2026-04-30 14:00:00+05:30,25870.80078125,25871.400390625,25795.400390625,25826.75,0,0.0,0.0,^CNXAUTO
2026-04-30 14:15:00+05:30,25826.30078125,25850.099609375,25769.349609375,25832.05078125,0,0.0,0.0,^CNXAUTO
2026-04-30 14:30:00+05:30,25832.099609375,25966.099609375,25832.099609375,25959.400390625,0,0.0,0.0,^CNXAUTO
2026-04-30 14:45:00+05:30,25958.25,26032.30078125,25916.150390625,26025.599609375,0,0.0,0.0,^CNXAUTO
2026-04-30 15:00:00+05:30,26027.0,26027.0,25877.099609375,25909.55078125,0,0.0,0.0,^CNXAUTO
2026-04-30 15:15:00+05:30,25911.099609375,25966.150390625,25889.25,25946.05078125,0,0.0,0.0,^CNXAUTO
2026-05-04 09:15:00+05:30,26143.69921875,26473.150390625,26121.19921875,26469.349609375,0,0.0,0.0,^CNXAUTO
2026-05-04 09:30:00+05:30,26467.0,26496.650390625,26386.80078125,26417.650390625,0,0.0,0.0,^CNXAUTO
2026-05-04 09:45:00+05:30,26418.80078125,26455.349609375,26381.05078125,26415.599609375,0,0.0,0.0,^CNXAUTO
2026-05-04 10:00:00+05:30,26416.19921875,26426.80078125,26254.349609375,26260.150390625,0,0.0,0.0,^CNXAUTO
2026-05-04 10:15:00+05:30,26256.80078125,26263.0,26155.349609375,26237.349609375,0,0.0,0.0,^CNXAUTO
2026-05-04 10:30:00+05:30,26239.25,26270.55078125,26194.349609375,26227.849609375,0,0.0,0.0,^CNXAUTO
2026-05-04 10:45:00+05:30,26228.55078125,26307.349609375,26216.099609375,26227.55078125,0,0.0,0.0,^CNXAUTO
2026-05-04 11:00:00+05:30,26225.099609375,26293.099609375,26197.900390625,26288.5,0,0.0,0.0,^CNXAUTO
2026-05-04 11:15:00+05:30,26289.0,26341.150390625,26206.94921875,26208.30078125,0,0.0,0.0,^CNXAUTO
2026-05-04 11:30:00+05:30,26208.0,26214.25,26165.75,26188.05078125,0,0.0,0.0,^CNXAUTO
2026-05-04 11:45:00+05:30,26188.650390625,26225.75,26182.150390625,26201.05078125,0,0.0,0.0,^CNXAUTO
2026-05-04 12:00:00+05:30,26200.5,26211.75,25969.69921875,25976.44921875,0,0.0,0.0,^CNXAUTO
2026-05-04 12:15:00+05:30,25975.94921875,26034.44921875,25967.05078125,26017.900390625,0,0.0,0.0,^CNXAUTO
2026-05-04 12:30:00+05:30,26018.0,26056.849609375,25984.55078125,25984.55078125,0,0.0,0.0,^CNXAUTO
2026-05-04 12:45:00+05:30,25983.19921875,25996.05078125,25931.650390625,25963.19921875,0,0.0,0.0,^CNXAUTO
2026-05-04 13:00:00+05:30,25963.19921875,25969.650390625,25939.69921875,25953.75,0,0.0,0.0,^CNXAUTO
2026-05-04 13:15:00+05:30,25953.900390625,25956.44921875,25847.650390625,25849.900390625,0,0.0,0.0,^CNXAUTO
2026-05-04 13:30:00+05:30,25842.400390625,25945.30078125,25810.5,25934.0,0,0.0,0.0,^CNXAUTO
2026-05-04 13:45:00+05:30,25932.55078125,25990.19921875,25900.400390625,25931.150390625,0,0.0,0.0,^CNXAUTO
2026-05-04 14:00:00+05:30,25927.650390625,26026.94921875,25918.80078125,26026.25,0,0.0,0.0,^CNXAUTO
2026-05-04 14:15:00+05:30,26026.150390625,26085.19921875,26019.0,26029.75,0,0.0,0.0,^CNXAUTO
2026-05-04 14:30:00+05:30,26029.55078125,26038.349609375,25976.349609375,26004.849609375,0,0.0,0.0,^CNXAUTO
2026-05-04 14:45:00+05:30,26005.44921875,26009.150390625,25955.849609375,26007.099609375,0,0.0,0.0,^CNXAUTO
2026-05-04 15:00:00+05:30,26010.599609375,26049.30078125,25995.150390625,26028.05078125,0,0.0,0.0,^CNXAUTO
2026-05-04 15:15:00+05:30,26028.19921875,26061.900390625,25997.650390625,26058.44921875,0,0.0,0.0,^CNXAUTO
2026-05-05 09:15:00+05:30,26029.849609375,26030.150390625,25817.75,25870.55078125,0,0.0,0.0,^CNXAUTO
2026-05-05 09:30:00+05:30,25869.400390625,26041.55078125,25869.400390625,26003.349609375,0,0.0,0.0,^CNXAUTO
2026-05-05 09:45:00+05:30,26001.30078125,26031.0,25977.650390625,25991.5,0,0.0,0.0,^CNXAUTO
2026-05-05 10:00:00+05:30,25990.849609375,26000.400390625,25895.80078125,25903.099609375,0,0.0,0.0,^CNXAUTO
2026-05-05 10:15:00+05:30,25903.599609375,25909.5,25866.05078125,25871.5,0,0.0,0.0,^CNXAUTO
2026-05-05 10:30:00+05:30,25871.900390625,25885.849609375,25836.19921875,25855.349609375,0,0.0,0.0,^CNXAUTO
2026-05-05 10:45:00+05:30,25858.0,25864.80078125,25806.30078125,25815.55078125,0,0.0,0.0,^CNXAUTO
2026-05-05 11:00:00+05:30,25814.849609375,25890.349609375,25807.650390625,25858.5,0,0.0,0.0,^CNXAUTO
2026-05-05 11:15:00+05:30,25857.0,25884.30078125,25830.349609375,25847.150390625,0,0.0,0.0,^CNXAUTO
2026-05-05 11:30:00+05:30,25847.150390625,25922.349609375,25845.349609375,25854.44921875,0,0.0,0.0,^CNXAUTO
2026-05-05 11:45:00+05:30,25855.349609375,25898.849609375,25855.349609375,25887.650390625,0,0.0,0.0,^CNXAUTO
2026-05-05 12:00:00+05:30,25887.69921875,25951.25,25887.19921875,25950.349609375,0,0.0,0.0,^CNXAUTO
2026-05-05 12:15:00+05:30,25950.349609375,26083.650390625,25946.25,26018.94921875,0,0.0,0.0,^CNXAUTO
2026-05-05 12:30:00+05:30,26020.0,26133.94921875,25994.650390625,26042.650390625,0,0.0,0.0,^CNXAUTO
2026-05-05 12:45:00+05:30,26041.05078125,26076.5,25945.25,26028.94921875,0,0.0,0.0,^CNXAUTO
2026-05-05 13:00:00+05:30,26029.099609375,26229.150390625,26011.80078125,26198.599609375,0,0.0,0.0,^CNXAUTO
2026-05-05 13:15:00+05:30,26198.05078125,26200.099609375,26101.900390625,26124.0,0,0.0,0.0,^CNXAUTO
2026-05-05 13:30:00+05:30,26124.25,26126.150390625,26074.099609375,26090.25,0,0.0,0.0,^CNXAUTO
2026-05-05 13:45:00+05:30,26090.400390625,26157.849609375,26086.69921875,26121.94921875,0,0.0,0.0,^CNXAUTO
2026-05-05 14:00:00+05:30,26118.94921875,26122.30078125,26037.900390625,26071.94921875,0,0.0,0.0,^CNXAUTO
2026-05-05 14:15:00+05:30,26072.25,26117.30078125,26065.94921875,26101.0,0,0.0,0.0,^CNXAUTO
2026-05-05 14:30:00+05:30,26100.80078125,26140.849609375,26078.150390625,26126.900390625,0,0.0,0.0,^CNXAUTO
2026-05-05 14:45:00+05:30,26124.650390625,26177.099609375,26110.150390625,26163.650390625,0,0.0,0.0,^CNXAUTO
2026-05-05 15:00:00+05:30,26168.94921875,26203.400390625,26144.650390625,26199.44921875,0,0.0,0.0,^CNXAUTO
2026-05-05 15:15:00+05:30,26201.599609375,26249.94921875,26189.650390625,26244.30078125,0,0.0,0.0,^CNXAUTO
2026-05-06 09:15:00+05:30,26500.650390625,26692.30078125,26477.5,26521.650390625,0,0.0,0.0,^CNXAUTO
2026-05-06 09:30:00+05:30,26524.5,26626.30078125,26494.55078125,26618.19921875,0,0.0,0.0,^CNXAUTO
2026-05-06 09:45:00+05:30,26617.599609375,26638.80078125,26564.55078125,26623.599609375,0,0.0,0.0,^CNXAUTO
2026-05-06 10:00:00+05:30,26623.69921875,26648.19921875,26601.55078125,26644.150390625,0,0.0,0.0,^CNXAUTO
2026-05-06 10:15:00+05:30,26642.400390625,26668.44921875,26620.0,26630.69921875,0,0.0,0.0,^CNXAUTO
2026-05-06 10:30:00+05:30,26629.849609375,26673.650390625,26611.25,26662.80078125,0,0.0,0.0,^CNXAUTO
2026-05-06 10:45:00+05:30,26662.05078125,26662.05078125,26351.75,26405.55078125,0,0.0,0.0,^CNXAUTO
2026-05-06 11:00:00+05:30,26405.75,26410.55078125,26281.849609375,26313.69921875,0,0.0,0.0,^CNXAUTO
2026-05-06 11:15:00+05:30,26313.0,26426.94921875,26311.75,26423.349609375,0,0.0,0.0,^CNXAUTO
2026-05-06 11:30:00+05:30,26424.599609375,26463.19921875,26372.099609375,26446.599609375,0,0.0,0.0,^CNXAUTO
2026-05-06 11:45:00+05:30,26446.19921875,26496.75,26440.44921875,26481.150390625,0,0.0,0.0,^CNXAUTO
2026-05-06 12:00:00+05:30,26483.30078125,26484.25,26401.30078125,26413.0,0,0.0,0.0,^CNXAUTO
2026-05-06 12:15:00+05:30,26412.349609375,26431.0,26358.94921875,26390.30078125,0,0.0,0.0,^CNXAUTO
2026-05-06 12:30:00+05:30,26390.44921875,26392.44921875,26325.349609375,26325.349609375,0,0.0,0.0,^CNXAUTO
2026-05-06 12:45:00+05:30,26326.400390625,26344.30078125,26294.599609375,26343.5,0,0.0,0.0,^CNXAUTO
2026-05-06 13:00:00+05:30,26344.150390625,26380.75,26321.44921875,26376.5,0,0.0,0.0,^CNXAUTO
2026-05-06 13:15:00+05:30,26377.0,26443.5,26369.69921875,26442.55078125,0,0.0,0.0,^CNXAUTO
2026-05-06 13:30:00+05:30,26442.349609375,26460.849609375,26428.099609375,26435.94921875,0,0.0,0.0,^CNXAUTO
2026-05-06 13:45:00+05:30,26438.05078125,26473.349609375,26424.75,26435.19921875,0,0.0,0.0,^CNXAUTO
2026-05-06 14:00:00+05:30,26435.05078125,26464.0,26423.80078125,26457.94921875,0,0.0,0.0,^CNXAUTO
2026-05-06 14:15:00+05:30,26457.650390625,26645.55078125,26457.650390625,26634.650390625,0,0.0,0.0,^CNXAUTO
2026-05-06 14:30:00+05:30,26632.650390625,26775.05078125,26621.400390625,26770.25,0,0.0,0.0,^CNXAUTO
2026-05-06 14:45:00+05:30,26773.75,26801.150390625,26715.80078125,26790.69921875,0,0.0,0.0,^CNXAUTO
2026-05-06 15:00:00+05:30,26787.349609375,26824.099609375,26752.69921875,26814.400390625,0,0.0,0.0,^CNXAUTO
2026-05-06 15:15:00+05:30,26813.349609375,26867.849609375,26805.900390625,26853.75,0,0.0,0.0,^CNXAUTO
2026-05-07 09:15:00+05:30,26983.650390625,27157.0,26885.849609375,27145.05078125,0,0.0,0.0,^CNXAUTO
2026-05-07 09:30:00+05:30,27145.19921875,27343.69921875,27141.80078125,27320.80078125,0,0.0,0.0,^CNXAUTO
2026-05-07 09:45:00+05:30,27318.849609375,27324.599609375,27124.5,27140.150390625,0,0.0,0.0,^CNXAUTO
2026-05-07 10:00:00+05:30,27140.55078125,27201.55078125,27096.400390625,27123.69921875,0,0.0,0.0,^CNXAUTO
2026-05-07 10:15:00+05:30,27125.55078125,27182.75,27125.55078125,27157.80078125,0,0.0,0.0,^CNXAUTO
2026-05-07 10:30:00+05:30,27157.349609375,27226.94921875,27135.400390625,27226.650390625,0,0.0,0.0,^CNXAUTO
2026-05-07 10:45:00+05:30,27227.349609375,27234.900390625,27158.599609375,27191.5,0,0.0,0.0,^CNXAUTO
2026-05-07 11:00:00+05:30,27190.5,27211.44921875,27154.650390625,27173.650390625,0,0.0,0.0,^CNXAUTO
2026-05-07 11:15:00+05:30,27173.849609375,27199.599609375,27162.69921875,27165.5,0,0.0,0.0,^CNXAUTO
2026-05-07 11:30:00+05:30,27166.150390625,27213.349609375,27120.150390625,27168.94921875,0,0.0,0.0,^CNXAUTO
2026-05-07 11:45:00+05:30,27168.650390625,27305.650390625,27164.400390625,27265.80078125,0,0.0,0.0,^CNXAUTO
2026-05-07 12:00:00+05:30,27267.599609375,27287.69921875,27266.30078125,27273.349609375,0,0.0,0.0,^CNXAUTO
2026-05-07 12:15:00+05:30,27272.80078125,27333.599609375,27269.80078125,27297.30078125,0,0.0,0.0,^CNXAUTO
2026-05-07 12:30:00+05:30,27296.19921875,27362.400390625,27267.25,27353.150390625,0,0.0,0.0,^CNXAUTO
2026-05-07 12:45:00+05:30,27353.05078125,27381.400390625,27296.650390625,27333.80078125,0,0.0,0.0,^CNXAUTO
2026-05-07 13:00:00+05:30,27334.599609375,27532.44921875,27334.599609375,27514.0,0,0.0,0.0,^CNXAUTO
2026-05-07 13:15:00+05:30,27515.30078125,27520.75,27384.400390625,27409.69921875,0,0.0,0.0,^CNXAUTO
2026-05-07 13:30:00+05:30,27410.349609375,27438.05078125,27383.25,27402.5,0,0.0,0.0,^CNXAUTO
2026-05-07 13:45:00+05:30,27402.099609375,27431.150390625,27392.19921875,27395.099609375,0,0.0,0.0,^CNXAUTO
2026-05-07 14:00:00+05:30,27394.19921875,27397.75,27342.900390625,27376.150390625,0,0.0,0.0,^CNXAUTO
2026-05-07 14:15:00+05:30,27376.0,27390.69921875,27338.05078125,27387.05078125,0,0.0,0.0,^CNXAUTO
2026-05-07 14:30:00+05:30,27387.0,27395.650390625,27324.349609375,27330.599609375,0,0.0,0.0,^CNXAUTO
2026-05-07 14:45:00+05:30,27329.5,27378.349609375,27307.900390625,27362.75,0,0.0,0.0,^CNXAUTO
2026-05-07 15:00:00+05:30,27361.5,27367.80078125,27312.150390625,27325.0,0,0.0,0.0,^CNXAUTO
2026-05-07 15:15:00+05:30,27325.349609375,27369.900390625,27319.05078125,27334.900390625,0,0.0,0.0,^CNXAUTO
2026-05-08 09:15:00+05:30,27242.55078125,27314.5,27084.25,27311.900390625,0,0.0,0.0,^CNXAUTO
2026-05-08 09:30:00+05:30,27310.900390625,27320.69921875,27215.349609375,27222.05078125,0,0.0,0.0,^CNXAUTO
2026-05-08 09:45:00+05:30,27222.5,27295.30078125,27188.44921875,27294.599609375,0,0.0,0.0,^CNXAUTO
2026-05-08 10:00:00+05:30,27296.849609375,27310.099609375,27233.400390625,27282.55078125,0,0.0,0.0,^CNXAUTO
2026-05-08 10:15:00+05:30,27284.25,27337.650390625,27242.650390625,27322.80078125,0,0.0,0.0,^CNXAUTO
2026-05-08 10:30:00+05:30,27321.650390625,27371.69921875,27315.349609375,27359.30078125,0,0.0,0.0,^CNXAUTO
2026-05-08 10:45:00+05:30,27359.400390625,27371.650390625,27337.0,27348.599609375,0,0.0,0.0,^CNXAUTO
2026-05-08 11:00:00+05:30,27348.349609375,27389.94921875,27347.05078125,27354.69921875,0,0.0,0.0,^CNXAUTO
2026-05-08 11:15:00+05:30,27355.150390625,27386.30078125,27332.400390625,27350.44921875,0,0.0,0.0,^CNXAUTO
2026-05-08 11:30:00+05:30,27351.05078125,27392.099609375,27330.0,27376.44921875,0,0.0,0.0,^CNXAUTO
2026-05-08 11:45:00+05:30,27376.25,27386.349609375,27342.25,27370.150390625,0,0.0,0.0,^CNXAUTO
2026-05-08 12:00:00+05:30,27369.75,27372.650390625,27304.75,27342.849609375,0,0.0,0.0,^CNXAUTO
2026-05-08 12:15:00+05:30,27342.55078125,27370.650390625,27328.900390625,27360.349609375,0,0.0,0.0,^CNXAUTO
2026-05-08 12:30:00+05:30,27363.55078125,27366.55078125,27292.94921875,27297.80078125,0,0.0,0.0,^CNXAUTO
2026-05-08 12:45:00+05:30,27297.80078125,27332.0,27276.0,27312.650390625,0,0.0,0.0,^CNXAUTO
2026-05-08 13:00:00+05:30,27313.44921875,27314.650390625,27268.05078125,27277.400390625,0,0.0,0.0,^CNXAUTO
2026-05-08 13:15:00+05:30,27277.55078125,27320.94921875,27260.150390625,27317.25,0,0.0,0.0,^CNXAUTO
2026-05-08 13:30:00+05:30,27317.5,27322.349609375,27269.650390625,27288.44921875,0,0.0,0.0,^CNXAUTO
2026-05-08 13:45:00+05:30,27289.44921875,27293.900390625,27253.44921875,27264.55078125,0,0.0,0.0,^CNXAUTO
2026-05-08 14:00:00+05:30,27265.05078125,27348.150390625,27256.75,27327.05078125,0,0.0,0.0,^CNXAUTO
2026-05-08 14:15:00+05:30,27327.19921875,27336.349609375,27291.349609375,27311.5,0,0.0,0.0,^CNXAUTO
2026-05-08 14:30:00+05:30,27312.0,27365.80078125,27311.05078125,27341.099609375,0,0.0,0.0,^CNXAUTO
2026-05-08 14:45:00+05:30,27340.849609375,27353.05078125,27306.0,27315.599609375,0,0.0,0.0,^CNXAUTO
2026-05-08 15:00:00+05:30,27315.75,27315.75,27253.400390625,27271.19921875,0,0.0,0.0,^CNXAUTO
2026-05-08 15:15:00+05:30,27270.650390625,27284.75,27222.44921875,27252.69921875,0,0.0,0.0,^CNXAUTO
2026-05-11 09:15:00+05:30,26884.80078125,26937.599609375,26615.94921875,26904.30078125,0,0.0,0.0,^CNXAUTO
2026-05-11 09:30:00+05:30,26905.25,26911.80078125,26770.75,26824.5,0,0.0,0.0,^CNXAUTO
2026-05-11 09:45:00+05:30,26824.5,26856.05078125,26784.44921875,26790.349609375,0,0.0,0.0,^CNXAUTO
2026-05-11 10:00:00+05:30,26790.55078125,26880.0,26789.05078125,26858.650390625,0,0.0,0.0,^CNXAUTO
2026-05-11 10:15:00+05:30,26859.80078125,26859.80078125,26771.80078125,26787.19921875,0,0.0,0.0,^CNXAUTO
2026-05-11 10:30:00+05:30,26786.75,26799.05078125,26665.05078125,26671.150390625,0,0.0,0.0,^CNXAUTO
2026-05-11 10:45:00+05:30,26671.349609375,26760.900390625,26659.75,26746.69921875,0,0.0,0.0,^CNXAUTO
2026-05-11 11:00:00+05:30,26747.400390625,26846.05078125,26746.30078125,26829.150390625,0,0.0,0.0,^CNXAUTO
2026-05-11 11:15:00+05:30,26829.349609375,26849.25,26812.94921875,26830.55078125,0,0.0,0.0,^CNXAUTO
2026-05-11 11:30:00+05:30,26830.849609375,26856.69921875,26819.55078125,26852.900390625,0,0.0,0.0,^CNXAUTO
2026-05-11 11:45:00+05:30,26853.099609375,26868.0,26808.19921875,26825.05078125,0,0.0,0.0,^CNXAUTO
2026-05-11 12:00:00+05:30,26823.599609375,26857.55078125,26819.650390625,26844.150390625,0,0.0,0.0,^CNXAUTO
2026-05-11 12:15:00+05:30,26841.69921875,26900.75,26840.5,26872.349609375,0,0.0,0.0,^CNXAUTO
2026-05-11 12:30:00+05:30,26870.5,26956.44921875,26857.150390625,26949.25,0,0.0,0.0,^CNXAUTO
2026-05-11 12:45:00+05:30,26946.44921875,26969.75,26923.80078125,26947.05078125,0,0.0,0.0,^CNXAUTO
2026-05-11 13:00:00+05:30,26947.400390625,26954.69921875,26880.349609375,26900.30078125,0,0.0,0.0,^CNXAUTO
2026-05-11 13:15:00+05:30,26899.5,26920.19921875,26869.25,26906.30078125,0,0.0,0.0,^CNXAUTO
2026-05-11 13:30:00+05:30,26907.400390625,26963.44921875,26892.5,26924.349609375,0,0.0,0.0,^CNXAUTO
2026-05-11 13:45:00+05:30,26923.650390625,26977.400390625,26920.05078125,26944.099609375,0,0.0,0.0,^CNXAUTO
2026-05-11 14:00:00+05:30,26944.30078125,26964.44921875,26895.25,26899.94921875,0,0.0,0.0,^CNXAUTO
2026-05-11 14:15:00+05:30,26898.150390625,26956.94921875,26895.650390625,26934.849609375,0,0.0,0.0,^CNXAUTO
2026-05-11 14:30:00+05:30,26933.599609375,26959.69921875,26888.0,26895.349609375,0,0.0,0.0,^CNXAUTO
2026-05-11 14:45:00+05:30,26894.349609375,26902.599609375,26840.05078125,26840.05078125,0,0.0,0.0,^CNXAUTO
2026-05-11 15:00:00+05:30,26841.19921875,26847.900390625,26732.25,26740.349609375,0,0.0,0.0,^CNXAUTO
2026-05-11 15:15:00+05:30,26738.849609375,26776.30078125,26716.650390625,26761.599609375,0,0.0,0.0,^CNXAUTO
2026-05-12 09:15:00+05:30,26698.30078125,26794.0,26612.69921875,26612.69921875,0,0.0,0.0,^CNXAUTO
2026-05-12 09:30:00+05:30,26606.55078125,26655.75,26525.25,26648.30078125,0,0.0,0.0,^CNXAUTO
2026-05-12 09:45:00+05:30,26645.400390625,26657.19921875,26565.75,26595.099609375,0,0.0,0.0,^CNXAUTO
2026-05-12 10:00:00+05:30,26595.55078125,26605.44921875,26549.650390625,26592.150390625,0,0.0,0.0,^CNXAUTO
2026-05-12 10:15:00+05:30,26590.05078125,26619.900390625,26535.05078125,26554.30078125,0,0.0,0.0,^CNXAUTO
2026-05-12 10:30:00+05:30,26554.75,26628.900390625,26516.05078125,26622.19921875,0,0.0,0.0,^CNXAUTO
2026-05-12 10:45:00+05:30,26622.19921875,26624.5,26559.80078125,26583.05078125,0,0.0,0.0,^CNXAUTO
2026-05-12 11:00:00+05:30,26582.55078125,26583.099609375,26513.900390625,26526.849609375,0,0.0,0.0,^CNXAUTO
2026-05-12 11:15:00+05:30,26526.80078125,26599.900390625,26488.5,26583.849609375,0,0.0,0.0,^CNXAUTO
2026-05-12 11:30:00+05:30,26584.75,26597.599609375,26558.650390625,26593.0,0,0.0,0.0,^CNXAUTO
2026-05-12 11:45:00+05:30,26593.19921875,26605.099609375,26560.44921875,26564.599609375,0,0.0,0.0,^CNXAUTO
2026-05-12 12:00:00+05:30,26566.849609375,26571.75,26495.349609375,26502.19921875,0,0.0,0.0,^CNXAUTO
2026-05-12 12:15:00+05:30,26500.0,26543.5,26496.94921875,26509.849609375,0,0.0,0.0,^CNXAUTO
2026-05-12 12:30:00+05:30,26509.19921875,26512.150390625,26445.94921875,26485.650390625,0,0.0,0.0,^CNXAUTO
2026-05-12 12:45:00+05:30,26485.44921875,26504.900390625,26462.05078125,26484.30078125,0,0.0,0.0,^CNXAUTO
2026-05-12 13:00:00+05:30,26484.0,26486.5,26412.099609375,26435.349609375,0,0.0,0.0,^CNXAUTO
2026-05-12 13:15:00+05:30,26435.55078125,26466.400390625,26418.5,26458.349609375,0,0.0,0.0,^CNXAUTO
2026-05-12 13:30:00+05:30,26457.900390625,26462.55078125,26340.75,26349.349609375,0,0.0,0.0,^CNXAUTO
2026-05-12 13:45:00+05:30,26349.150390625,26411.900390625,26347.69921875,26352.0,0,0.0,0.0,^CNXAUTO
2026-05-12 14:00:00+05:30,26351.19921875,26353.849609375,26296.05078125,26319.94921875,0,0.0,0.0,^CNXAUTO
2026-05-12 14:15:00+05:30,26318.75,26361.349609375,26281.30078125,26308.75,0,0.0,0.0,^CNXAUTO
2026-05-12 14:30:00+05:30,26308.05078125,26321.55078125,26269.05078125,26285.19921875,0,0.0,0.0,^CNXAUTO
2026-05-12 14:45:00+05:30,26286.849609375,26290.80078125,26204.5,26219.650390625,0,0.0,0.0,^CNXAUTO
2026-05-12 15:00:00+05:30,26216.30078125,26218.80078125,26091.44921875,26109.400390625,0,0.0,0.0,^CNXAUTO
2026-05-12 15:15:00+05:30,26109.099609375,26217.25,26109.099609375,26207.69921875,0,0.0,0.0,^CNXAUTO
2026-05-13 09:15:00+05:30,26172.05078125,26295.0,26102.80078125,26114.30078125,0,0.0,0.0,^CNXAUTO
2026-05-13 09:30:00+05:30,26113.849609375,26128.150390625,25862.44921875,25966.150390625,0,0.0,0.0,^CNXAUTO
2026-05-13 09:45:00+05:30,25966.94921875,26012.099609375,25858.94921875,25962.099609375,0,0.0,0.0,^CNXAUTO
2026-05-13 10:00:00+05:30,25963.150390625,26085.0,25939.30078125,25997.150390625,0,0.0,0.0,^CNXAUTO
2026-05-13 10:15:00+05:30,25997.94921875,26142.80078125,25994.25,26115.0,0,0.0,0.0,^CNXAUTO
2026-05-13 10:30:00+05:30,26115.349609375,26164.94921875,26064.19921875,26067.349609375,0,0.0,0.0,^CNXAUTO
2026-05-13 10:45:00+05:30,26068.55078125,26082.55078125,25893.94921875,25893.94921875,0,0.0,0.0,^CNXAUTO
2026-05-13 11:00:00+05:30,25893.650390625,25930.05078125,25866.44921875,25925.349609375,0,0.0,0.0,^CNXAUTO
2026-05-13 11:15:00+05:30,25925.400390625,25971.25,25893.94921875,25955.150390625,0,0.0,0.0,^CNXAUTO
2026-05-13 11:30:00+05:30,25956.400390625,26051.400390625,25955.19921875,26051.0,0,0.0,0.0,^CNXAUTO
2026-05-13 11:45:00+05:30,26051.150390625,26069.599609375,25998.94921875,26009.400390625,0,0.0,0.0,^CNXAUTO
2026-05-13 12:00:00+05:30,26010.400390625,26075.69921875,25981.650390625,26073.30078125,0,0.0,0.0,^CNXAUTO
2026-05-13 12:15:00+05:30,26073.650390625,26077.69921875,26022.400390625,26048.69921875,0,0.0,0.0,^CNXAUTO
2026-05-13 12:30:00+05:30,26048.44921875,26069.900390625,25987.900390625,26009.30078125,0,0.0,0.0,^CNXAUTO
2026-05-13 12:45:00+05:30,26009.400390625,26136.400390625,26005.900390625,26128.5,0,0.0,0.0,^CNXAUTO
2026-05-13 13:00:00+05:30,26130.099609375,26211.849609375,26051.80078125,26193.25,0,0.0,0.0,^CNXAUTO
2026-05-13 13:15:00+05:30,26193.150390625,26193.150390625,26020.94921875,26042.849609375,0,0.0,0.0,^CNXAUTO
2026-05-13 13:30:00+05:30,26039.69921875,26100.94921875,26025.94921875,26069.55078125,0,0.0,0.0,^CNXAUTO
2026-05-13 13:45:00+05:30,26068.650390625,26092.80078125,26002.099609375,26026.650390625,0,0.0,0.0,^CNXAUTO
2026-05-13 14:00:00+05:30,26026.94921875,26054.5,25996.75,26044.80078125,0,0.0,0.0,^CNXAUTO
2026-05-13 14:15:00+05:30,26046.150390625,26057.05078125,25984.150390625,26040.44921875,0,0.0,0.0,^CNXAUTO
2026-05-13 14:30:00+05:30,26042.849609375,26069.900390625,26011.94921875,26017.650390625,0,0.0,0.0,^CNXAUTO
2026-05-13 14:45:00+05:30,26016.05078125,26036.400390625,25979.099609375,25984.400390625,0,0.0,0.0,^CNXAUTO
2026-05-13 15:00:00+05:30,25986.0,25986.0,25863.349609375,25888.94921875,0,0.0,0.0,^CNXAUTO
2026-05-13 15:15:00+05:30,25889.349609375,25948.75,25842.25,25939.150390625,0,0.0,0.0,^CNXAUTO
2026-05-14 09:15:00+05:30,26079.75,26109.349609375,25920.05078125,25980.349609375,0,0.0,0.0,^CNXAUTO
2026-05-14 09:30:00+05:30,25980.44921875,25997.099609375,25763.099609375,25770.30078125,0,0.0,0.0,^CNXAUTO
2026-05-14 09:45:00+05:30,25772.44921875,25805.75,25603.650390625,25636.400390625,0,0.0,0.0,^CNXAUTO
2026-05-14 10:00:00+05:30,25636.900390625,25722.94921875,25608.849609375,25715.25,0,0.0,0.0,^CNXAUTO
2026-05-14 10:15:00+05:30,25715.650390625,25781.650390625,25684.650390625,25765.55078125,0,0.0,0.0,^CNXAUTO
2026-05-14 10:30:00+05:30,25765.400390625,25811.19921875,25760.599609375,25763.400390625,0,0.0,0.0,^CNXAUTO
2026-05-14 10:45:00+05:30,25764.400390625,25771.19921875,25688.099609375,25689.849609375,0,0.0,0.0,^CNXAUTO
2026-05-14 11:00:00+05:30,25689.650390625,25700.650390625,25632.25,25691.099609375,0,0.0,0.0,^CNXAUTO
2026-05-14 11:15:00+05:30,25694.349609375,25731.25,25660.30078125,25707.80078125,0,0.0,0.0,^CNXAUTO
2026-05-14 11:30:00+05:30,25709.25,25800.849609375,25689.099609375,25796.599609375,0,0.0,0.0,^CNXAUTO
2026-05-14 11:45:00+05:30,25798.44921875,25921.900390625,25798.44921875,25905.94921875,0,0.0,0.0,^CNXAUTO
2026-05-14 12:00:00+05:30,25904.5,25909.400390625,25829.5,25864.849609375,0,0.0,0.0,^CNXAUTO
2026-05-14 12:15:00+05:30,25864.19921875,25965.05078125,25862.099609375,25950.69921875,0,0.0,0.0,^CNXAUTO
2026-05-14 12:30:00+05:30,25950.349609375,25969.650390625,25893.69921875,25966.94921875,0,0.0,0.0,^CNXAUTO
2026-05-14 12:45:00+05:30,25967.849609375,25974.0,25919.0,25928.80078125,0,0.0,0.0,^CNXAUTO
2026-05-14 13:00:00+05:30,25929.0,26000.19921875,25927.849609375,25979.69921875,0,0.0,0.0,^CNXAUTO
2026-05-14 13:15:00+05:30,25975.94921875,26006.05078125,25958.099609375,25978.849609375,0,0.0,0.0,^CNXAUTO
2026-05-14 13:30:00+05:30,25978.849609375,26000.650390625,25965.5,25982.099609375,0,0.0,0.0,^CNXAUTO
2026-05-14 13:45:00+05:30,25982.099609375,26018.69921875,25964.349609375,26012.25,0,0.0,0.0,^CNXAUTO
2026-05-14 14:00:00+05:30,26012.25,26035.150390625,26002.05078125,26014.69921875,0,0.0,0.0,^CNXAUTO
2026-05-14 14:15:00+05:30,26014.900390625,26071.150390625,25975.25,26068.94921875,0,0.0,0.0,^CNXAUTO
2026-05-14 14:30:00+05:30,26068.44921875,26109.099609375,26017.30078125,26044.80078125,0,0.0,0.0,^CNXAUTO
2026-05-14 14:45:00+05:30,26045.099609375,26063.650390625,26010.349609375,26046.19921875,0,0.0,0.0,^CNXAUTO
2026-05-14 15:00:00+05:30,26046.80078125,26064.349609375,26011.94921875,26038.30078125,0,0.0,0.0,^CNXAUTO
2026-05-14 15:15:00+05:30,26041.69921875,26085.650390625,26036.349609375,26077.55078125,0,0.0,0.0,^CNXAUTO
2026-05-15 09:15:00+05:30,26128.19921875,26354.0,26088.599609375,26135.099609375,0,0.0,0.0,^CNXAUTO
2026-05-15 09:30:00+05:30,26135.75,26191.55078125,26054.25,26183.30078125,0,0.0,0.0,^CNXAUTO
2026-05-15 09:45:00+05:30,26183.599609375,26259.849609375,26179.400390625,26248.5,0,0.0,0.0,^CNXAUTO
2026-05-15 10:00:00+05:30,26249.25,26253.80078125,26092.0,26115.05078125,0,0.0,0.0,^CNXAUTO
2026-05-15 10:15:00+05:30,26114.0,26176.400390625,26096.55078125,26169.19921875,0,0.0,0.0,^CNXAUTO
2026-05-15 10:30:00+05:30,26169.150390625,26228.099609375,26149.69921875,26198.150390625,0,0.0,0.0,^CNXAUTO
2026-05-15 10:45:00+05:30,26198.19921875,26224.25,26169.150390625,26197.900390625,0,0.0,0.0,^CNXAUTO
2026-05-15 11:00:00+05:30,26199.69921875,26200.80078125,26058.400390625,26064.30078125,0,0.0,0.0,^CNXAUTO
2026-05-15 11:15:00+05:30,26063.80078125,26069.30078125,25997.099609375,25997.099609375,0,0.0,0.0,^CNXAUTO
2026-05-15 11:30:00+05:30,25997.25,26063.25,25967.94921875,26057.400390625,0,0.0,0.0,^CNXAUTO
2026-05-15 11:45:00+05:30,26056.400390625,26140.5,26029.25,26113.099609375,0,0.0,0.0,^CNXAUTO
2026-05-15 12:00:00+05:30,26112.5,26198.30078125,26108.55078125,26171.75,0,0.0,0.0,^CNXAUTO
2026-05-15 12:15:00+05:30,26171.650390625,26177.55078125,26105.150390625,26119.80078125,0,0.0,0.0,^CNXAUTO
2026-05-15 12:30:00+05:30,26119.19921875,26165.599609375,26111.099609375,26159.30078125,0,0.0,0.0,^CNXAUTO
2026-05-15 12:45:00+05:30,26159.69921875,26220.099609375,26159.69921875,26195.19921875,0,0.0,0.0,^CNXAUTO
2026-05-15 13:00:00+05:30,26197.19921875,26200.849609375,26124.599609375,26133.94921875,0,0.0,0.0,^CNXAUTO
2026-05-15 13:15:00+05:30,26136.5,26141.0,26107.5,26112.80078125,0,0.0,0.0,^CNXAUTO
2026-05-15 13:30:00+05:30,26112.75,26118.650390625,26051.05078125,26082.94921875,0,0.0,0.0,^CNXAUTO
2026-05-15 13:45:00+05:30,26084.94921875,26099.0,26042.55078125,26073.30078125,0,0.0,0.0,^CNXAUTO
2026-05-15 14:00:00+05:30,26072.599609375,26114.0,26031.099609375,26109.94921875,0,0.0,0.0,^CNXAUTO
2026-05-15 14:15:00+05:30,26111.349609375,26112.400390625,26070.30078125,26097.75,0,0.0,0.0,^CNXAUTO
2026-05-15 14:30:00+05:30,26104.099609375,26124.150390625,26072.30078125,26093.900390625,0,0.0,0.0,^CNXAUTO
2026-05-15 14:45:00+05:30,26092.19921875,26094.94921875,25984.25,26039.0,0,0.0,0.0,^CNXAUTO
2026-05-15 15:00:00+05:30,26040.75,26104.900390625,26015.099609375,26082.849609375,0,0.0,0.0,^CNXAUTO
2026-05-15 15:15:00+05:30,26083.69921875,26102.30078125,26044.69921875,26095.55078125,0,0.0,0.0,^CNXAUTO
2026-05-18 09:15:00+05:30,25909.30078125,25909.30078125,25530.5,25559.599609375,0,0.0,0.0,^CNXAUTO
2026-05-18 09:30:00+05:30,25560.25,25664.55078125,25541.650390625,25585.650390625,0,0.0,0.0,^CNXAUTO
2026-05-18 09:45:00+05:30,25586.5,25603.80078125,25500.80078125,25540.650390625,0,0.0,0.0,^CNXAUTO
2026-05-18 10:00:00+05:30,25540.75,25581.25,25487.150390625,25577.94921875,0,0.0,0.0,^CNXAUTO
2026-05-18 10:15:00+05:30,25578.099609375,25582.25,25528.94921875,25547.849609375,0,0.0,0.0,^CNXAUTO
2026-05-18 10:30:00+05:30,25546.150390625,25604.44921875,25505.900390625,25556.599609375,0,0.0,0.0,^CNXAUTO
2026-05-18 10:45:00+05:30,25555.099609375,25582.400390625,25495.900390625,25581.80078125,0,0.0,0.0,^CNXAUTO
2026-05-18 11:00:00+05:30,25581.849609375,25640.55078125,25577.55078125,25634.099609375,0,0.0,0.0,^CNXAUTO
2026-05-18 11:15:00+05:30,25634.5,25682.19921875,25620.599609375,25642.599609375,0,0.0,0.0,^CNXAUTO
2026-05-18 11:30:00+05:30,25642.55078125,25711.150390625,25642.55078125,25665.400390625,0,0.0,0.0,^CNXAUTO
2026-05-18 11:45:00+05:30,25666.349609375,25680.599609375,25601.150390625,25602.25,0,0.0,0.0,^CNXAUTO
2026-05-18 12:00:00+05:30,25600.900390625,25639.099609375,25593.94921875,25627.19921875,0,0.0,0.0,^CNXAUTO
2026-05-18 12:15:00+05:30,25625.75,25628.900390625,25565.0,25624.099609375,0,0.0,0.0,^CNXAUTO
2026-05-18 12:30:00+05:30,25624.69921875,25713.5,25624.69921875,25672.94921875,0,0.0,0.0,^CNXAUTO
2026-05-18 12:45:00+05:30,25673.25,25737.599609375,25649.150390625,25730.900390625,0,0.0,0.0,^CNXAUTO
2026-05-18 13:00:00+05:30,25731.19921875,25748.75,25627.849609375,25661.55078125,0,0.0,0.0,^CNXAUTO
2026-05-18 13:15:00+05:30,25660.94921875,25676.150390625,25621.5,25631.19921875,0,0.0,0.0,^CNXAUTO
2026-05-18 13:30:00+05:30,25631.30078125,25653.55078125,25623.55078125,25640.30078125,0,0.0,0.0,^CNXAUTO
2026-05-18 13:45:00+05:30,25642.599609375,25643.599609375,25610.0,25615.5,0,0.0,0.0,^CNXAUTO
2026-05-18 14:00:00+05:30,25615.650390625,25645.900390625,25588.400390625,25609.0,0,0.0,0.0,^CNXAUTO
2026-05-18 14:15:00+05:30,25609.44921875,25609.44921875,25524.75,25552.150390625,0,0.0,0.0,^CNXAUTO
2026-05-18 14:30:00+05:30,25552.5,25572.25,25524.25,25563.05078125,0,0.0,0.0,^CNXAUTO
2026-05-18 14:45:00+05:30,25563.599609375,25580.44921875,25532.80078125,25563.25,0,0.0,0.0,^CNXAUTO
2026-05-18 15:00:00+05:30,25564.19921875,25681.44921875,25564.19921875,25614.5,0,0.0,0.0,^CNXAUTO
2026-05-18 15:15:00+05:30,25614.599609375,25639.650390625,25590.849609375,25610.900390625,0,0.0,0.0,^CNXAUTO
2026-05-19 09:15:00+05:30,25662.69921875,25752.900390625,25570.099609375,25718.44921875,0,0.0,0.0,^CNXAUTO
2026-05-19 09:30:00+05:30,25717.349609375,25722.25,25521.30078125,25699.25,0,0.0,0.0,^CNXAUTO
2026-05-19 09:45:00+05:30,25697.30078125,25721.19921875,25635.900390625,25637.650390625,0,0.0,0.0,^CNXAUTO
2026-05-19 10:00:00+05:30,25634.900390625,25709.25,25628.599609375,25682.55078125,0,0.0,0.0,^CNXAUTO
2026-05-19 10:15:00+05:30,25682.650390625,25703.650390625,25657.150390625,25664.80078125,0,0.0,0.0,^CNXAUTO
2026-05-19 10:30:00+05:30,25666.5,25677.400390625,25639.94921875,25656.0,0,0.0,0.0,^CNXAUTO
2026-05-19 10:45:00+05:30,25656.19921875,25691.05078125,25640.30078125,25683.400390625,0,0.0,0.0,^CNXAUTO
2026-05-19 11:00:00+05:30,25683.94921875,25692.30078125,25645.150390625,25645.150390625,0,0.0,0.0,^CNXAUTO
2026-05-19 11:15:00+05:30,25644.599609375,25746.05078125,25632.94921875,25741.099609375,0,0.0,0.0,^CNXAUTO
2026-05-19 11:30:00+05:30,25740.349609375,25807.0,25706.900390625,25807.0,0,0.0,0.0,^CNXAUTO
2026-05-19 11:45:00+05:30,25807.650390625,25901.69921875,25801.30078125,25852.05078125,0,0.0,0.0,^CNXAUTO
2026-05-19 12:00:00+05:30,25854.94921875,25961.650390625,25837.900390625,25935.30078125,0,0.0,0.0,^CNXAUTO
2026-05-19 12:15:00+05:30,25935.55078125,25957.349609375,25883.650390625,25899.400390625,0,0.0,0.0,^CNXAUTO
2026-05-19 12:30:00+05:30,25899.19921875,25906.55078125,25861.30078125,25877.80078125,0,0.0,0.0,^CNXAUTO
2026-05-19 12:45:00+05:30,25877.69921875,25881.400390625,25820.30078125,25871.099609375,0,0.0,0.0,^CNXAUTO
2026-05-19 13:00:00+05:30,25870.650390625,25875.099609375,25807.80078125,25807.80078125,0,0.0,0.0,^CNXAUTO
2026-05-19 13:15:00+05:30,25808.099609375,25863.94921875,25801.650390625,25841.25,0,0.0,0.0,^CNXAUTO
2026-05-19 13:30:00+05:30,25844.05078125,25864.05078125,25799.80078125,25827.80078125,0,0.0,0.0,^CNXAUTO
2026-05-19 13:45:00+05:30,25828.19921875,25863.849609375,25798.849609375,25820.05078125,0,0.0,0.0,^CNXAUTO
2026-05-19 14:00:00+05:30,25819.19921875,25870.44921875,25817.44921875,25848.900390625,0,0.0,0.0,^CNXAUTO
2026-05-19 14:15:00+05:30,25846.80078125,25867.55078125,25828.30078125,25830.94921875,0,0.0,0.0,^CNXAUTO
2026-05-19 14:30:00+05:30,25832.150390625,25842.69921875,25753.25,25763.650390625,0,0.0,0.0,^CNXAUTO
2026-05-19 14:45:00+05:30,25763.69921875,25776.25,25716.69921875,25757.75,0,0.0,0.0,^CNXAUTO
2026-05-19 15:00:00+05:30,25757.94921875,25761.650390625,25718.05078125,25724.30078125,0,0.0,0.0,^CNXAUTO
2026-05-19 15:15:00+05:30,25723.599609375,25723.94921875,25640.5,25646.099609375,0,0.0,0.0,^CNXAUTO
2026-05-20 09:15:00+05:30,25532.05078125,25532.05078125,25327.19921875,25415.44921875,0,0.0,0.0,^CNXAUTO
2026-05-20 09:30:00+05:30,25416.349609375,25583.400390625,25408.19921875,25575.44921875,0,0.0,0.0,^CNXAUTO
2026-05-20 09:45:00+05:30,25577.19921875,25705.05078125,25557.099609375,25703.0,0,0.0,0.0,^CNXAUTO
2026-05-20 10:00:00+05:30,25702.19921875,25726.650390625,25645.599609375,25673.900390625,0,0.0,0.0,^CNXAUTO
2026-05-20 10:15:00+05:30,25674.94921875,25730.75,25668.55078125,25718.650390625,0,0.0,0.0,^CNXAUTO
2026-05-20 10:30:00+05:30,25717.349609375,25781.75,25717.349609375,25732.75,0,0.0,0.0,^CNXAUTO
2026-05-20 10:45:00+05:30,25732.75,25795.0,25707.75,25792.94921875,0,0.0,0.0,^CNXAUTO
2026-05-20 11:00:00+05:30,25794.05078125,25846.44921875,25794.05078125,25827.150390625,0,0.0,0.0,^CNXAUTO
2026-05-20 11:15:00+05:30,25826.900390625,25939.650390625,25820.400390625,25923.55078125,0,0.0,0.0,^CNXAUTO
2026-05-20 11:30:00+05:30,25922.5,25925.900390625,25866.0,25871.150390625,0,0.0,0.0,^CNXAUTO
2026-05-20 11:45:00+05:30,25871.349609375,25925.25,25867.849609375,25910.099609375,0,0.0,0.0,^CNXAUTO
2026-05-20 12:00:00+05:30,25910.0,25917.849609375,25861.05078125,25876.900390625,0,0.0,0.0,^CNXAUTO
2026-05-20 12:15:00+05:30,25877.05078125,25932.650390625,25875.5,25922.05078125,0,0.0,0.0,^CNXAUTO
2026-05-20 12:30:00+05:30,25921.900390625,25947.0,25897.55078125,25899.94921875,0,0.0,0.0,^CNXAUTO
2026-05-20 12:45:00+05:30,25900.19921875,25936.05078125,25892.150390625,25927.75,0,0.0,0.0,^CNXAUTO
2026-05-20 13:00:00+05:30,25930.5,25933.19921875,25893.900390625,25903.150390625,0,0.0,0.0,^CNXAUTO
2026-05-20 13:15:00+05:30,25901.849609375,25917.30078125,25847.05078125,25850.400390625,0,0.0,0.0,^CNXAUTO
2026-05-20 13:30:00+05:30,25850.55078125,25919.55078125,25850.349609375,25882.55078125,0,0.0,0.0,^CNXAUTO
2026-05-20 13:45:00+05:30,25882.75,25921.19921875,25863.55078125,25915.599609375,0,0.0,0.0,^CNXAUTO
2026-05-20 14:00:00+05:30,25917.650390625,25969.05078125,25904.0,25953.0,0,0.0,0.0,^CNXAUTO
2026-05-20 14:15:00+05:30,25952.400390625,25975.900390625,25917.900390625,25960.44921875,0,0.0,0.0,^CNXAUTO
2026-05-20 14:30:00+05:30,25963.5,26006.94921875,25960.94921875,25978.55078125,0,0.0,0.0,^CNXAUTO
2026-05-20 14:45:00+05:30,25978.099609375,25991.44921875,25963.19921875,25967.05078125,0,0.0,0.0,^CNXAUTO
2026-05-20 15:00:00+05:30,25968.400390625,25968.400390625,25885.599609375,25919.599609375,0,0.0,0.0,^CNXAUTO
2026-05-20 15:15:00+05:30,25919.650390625,25921.94921875,25891.5,25907.650390625,0,0.0,0.0,^CNXAUTO
2026-05-21 09:15:00+05:30,26153.900390625,26227.75,26068.349609375,26068.349609375,0,0.0,0.0,^CNXAUTO
2026-05-21 09:30:00+05:30,26071.599609375,26076.5,25985.650390625,26057.150390625,0,0.0,0.0,^CNXAUTO
2026-05-21 09:45:00+05:30,26056.55078125,26065.05078125,26004.900390625,26015.0,0,0.0,0.0,^CNXAUTO
2026-05-21 10:00:00+05:30,26013.19921875,26035.30078125,25981.099609375,26034.0,0,0.0,0.0,^CNXAUTO
2026-05-21 10:15:00+05:30,26031.599609375,26117.349609375,26027.849609375,26103.650390625,0,0.0,0.0,^CNXAUTO
2026-05-21 10:30:00+05:30,26105.400390625,26123.5,26050.25,26086.80078125,0,0.0,0.0,^CNXAUTO
2026-05-21 10:45:00+05:30,26087.69921875,26105.19921875,26017.150390625,26020.400390625,0,0.0,0.0,^CNXAUTO
2026-05-21 11:00:00+05:30,26023.400390625,26026.55078125,25979.0,25982.55078125,0,0.0,0.0,^CNXAUTO
2026-05-21 11:15:00+05:30,25985.55078125,26092.30078125,25901.55078125,26077.55078125,0,0.0,0.0,^CNXAUTO
2026-05-21 11:30:00+05:30,26077.150390625,26078.099609375,26030.650390625,26040.30078125,0,0.0,0.0,^CNXAUTO
2026-05-21 11:45:00+05:30,26042.94921875,26063.30078125,26008.400390625,26011.849609375,0,0.0,0.0,^CNXAUTO
2026-05-21 12:00:00+05:30,26013.650390625,26072.650390625,26008.099609375,26029.0,0,0.0,0.0,^CNXAUTO
2026-05-21 12:15:00+05:30,26029.80078125,26040.80078125,25948.75,25978.25,0,0.0,0.0,^CNXAUTO
2026-05-21 12:30:00+05:30,25976.900390625,25992.650390625,25920.349609375,25942.349609375,0,0.0,0.0,^CNXAUTO
2026-05-21 12:45:00+05:30,25943.75,25977.80078125,25910.099609375,25970.849609375,0,0.0,0.0,^CNXAUTO
2026-05-21 13:00:00+05:30,25971.650390625,25987.44921875,25925.900390625,25970.44921875,0,0.0,0.0,^CNXAUTO
2026-05-21 13:15:00+05:30,25970.05078125,25994.80078125,25958.19921875,25978.650390625,0,0.0,0.0,^CNXAUTO
2026-05-21 13:30:00+05:30,25978.0,26027.94921875,25965.25,26019.400390625,0,0.0,0.0,^CNXAUTO
2026-05-21 13:45:00+05:30,26019.75,26031.599609375,25983.30078125,26025.80078125,0,0.0,0.0,^CNXAUTO
2026-05-21 14:00:00+05:30,26024.44921875,26024.44921875,25979.900390625,25995.75,0,0.0,0.0,^CNXAUTO
2026-05-21 14:15:00+05:30,25996.44921875,26023.849609375,25979.75,25986.5,0,0.0,0.0,^CNXAUTO
2026-05-21 14:30:00+05:30,25985.69921875,26035.25,25972.400390625,25995.400390625,0,0.0,0.0,^CNXAUTO
2026-05-21 14:45:00+05:30,25993.5,26029.80078125,25993.5,26006.05078125,0,0.0,0.0,^CNXAUTO
2026-05-21 15:00:00+05:30,26005.94921875,26020.349609375,25952.599609375,25993.80078125,0,0.0,0.0,^CNXAUTO
2026-05-21 15:15:00+05:30,25994.75,26002.150390625,25961.5,25989.05078125,0,0.0,0.0,^CNXAUTO
2026-05-22 09:15:00+05:30,26082.05078125,26133.94921875,26030.30078125,26057.0,0,0.0,0.0,^CNXAUTO
2026-05-22 09:30:00+05:30,26057.75,26119.44921875,26004.69921875,26023.94921875,0,0.0,0.0,^CNXAUTO
2026-05-22 09:45:00+05:30,26021.69921875,26076.349609375,26009.30078125,26056.0,0,0.0,0.0,^CNXAUTO
2026-05-22 10:00:00+05:30,26055.5,26069.849609375,26015.44921875,26050.5,0,0.0,0.0,^CNXAUTO
2026-05-22 10:15:00+05:30,26049.80078125,26068.80078125,26014.55078125,26032.94921875,0,0.0,0.0,^CNXAUTO
2026-05-22 10:30:00+05:30,26033.25,26072.349609375,26032.55078125,26059.75,0,0.0,0.0,^CNXAUTO
2026-05-22 10:45:00+05:30,26061.05078125,26065.0,26019.5,26050.80078125,0,0.0,0.0,^CNXAUTO
2026-05-22 11:00:00+05:30,26050.80078125,26054.150390625,26020.0,26041.55078125,0,0.0,0.0,^CNXAUTO
2026-05-22 11:15:00+05:30,26040.849609375,26057.05078125,26007.55078125,26018.44921875,0,0.0,0.0,^CNXAUTO
2026-05-22 11:30:00+05:30,26018.44921875,26115.900390625,26017.0,26115.900390625,0,0.0,0.0,^CNXAUTO
2026-05-22 11:45:00+05:30,26116.599609375,26128.650390625,26098.25,26124.55078125,0,0.0,0.0,^CNXAUTO
2026-05-22 12:00:00+05:30,26125.5,26150.94921875,26117.0,26128.849609375,0,0.0,0.0,^CNXAUTO
2026-05-22 12:15:00+05:30,26128.80078125,26146.150390625,26100.400390625,26110.5,0,0.0,0.0,^CNXAUTO
2026-05-22 12:30:00+05:30,26109.19921875,26171.94921875,26097.5,26164.849609375,0,0.0,0.0,^CNXAUTO
2026-05-22 12:45:00+05:30,26165.55078125,26215.19921875,26152.849609375,26206.5,0,0.0,0.0,^CNXAUTO
2026-05-22 13:00:00+05:30,26207.30078125,26211.150390625,26185.69921875,26190.80078125,0,0.0,0.0,^CNXAUTO
2026-05-22 13:15:00+05:30,26191.69921875,26210.099609375,26159.349609375,26160.44921875,0,0.0,0.0,^CNXAUTO
2026-05-22 13:30:00+05:30,26161.0,26166.099609375,26135.30078125,26137.0,0,0.0,0.0,^CNXAUTO
2026-05-22 13:45:00+05:30,26138.349609375,26161.400390625,26101.75,26122.650390625,0,0.0,0.0,^CNXAUTO
2026-05-22 14:00:00+05:30,26126.0,26128.25,26063.55078125,26109.5,0,0.0,0.0,^CNXAUTO
2026-05-22 14:15:00+05:30,26110.150390625,26115.900390625,26063.94921875,26064.400390625,0,0.0,0.0,^CNXAUTO
2026-05-22 14:30:00+05:30,26062.650390625,26068.44921875,26003.25,26006.05078125,0,0.0,0.0,^CNXAUTO
2026-05-22 14:45:00+05:30,26007.30078125,26049.400390625,26005.80078125,26033.25,0,0.0,0.0,^CNXAUTO
2026-05-22 15:00:00+05:30,26033.30078125,26038.150390625,25981.150390625,26031.80078125,0,0.0,0.0,^CNXAUTO
2026-05-22 15:15:00+05:30,26033.25,26041.650390625,26010.69921875,26041.650390625,0,0.0,0.0,^CNXAUTO
2026-05-25 09:15:00+05:30,26376.05078125,26649.44921875,26376.05078125,26645.75,0,0.0,0.0,^CNXAUTO
2026-05-25 09:30:00+05:30,26644.75,26655.19921875,26532.099609375,26607.94921875,0,0.0,0.0,^CNXAUTO
2026-05-25 09:45:00+05:30,26608.0,26608.44921875,26509.30078125,26515.75,0,0.0,0.0,^CNXAUTO
2026-05-25 10:00:00+05:30,26516.19921875,26521.05078125,26421.099609375,26436.0,0,0.0,0.0,^CNXAUTO
2026-05-25 10:15:00+05:30,26434.650390625,26477.55078125,26430.30078125,26439.400390625,0,0.0,0.0,^CNXAUTO
2026-05-25 10:30:00+05:30,26440.75,26503.400390625,26438.80078125,26477.599609375,0,0.0,0.0,^CNXAUTO
2026-05-25 10:45:00+05:30,26476.94921875,26494.349609375,26446.75,26452.349609375,0,0.0,0.0,^CNXAUTO
2026-05-25 11:00:00+05:30,26452.05078125,26467.150390625,26426.650390625,26433.5,0,0.0,0.0,^CNXAUTO
2026-05-25 11:15:00+05:30,26430.349609375,26432.80078125,26398.650390625,26404.44921875,0,0.0,0.0,^CNXAUTO
2026-05-25 11:30:00+05:30,26404.099609375,26446.150390625,26390.19921875,26430.19921875,0,0.0,0.0,^CNXAUTO
2026-05-25 11:45:00+05:30,26429.94921875,26441.349609375,26414.150390625,26429.05078125,0,0.0,0.0,^CNXAUTO
2026-05-25 12:00:00+05:30,26429.25,26443.25,26405.849609375,26417.650390625,0,0.0,0.0,^CNXAUTO
2026-05-25 12:15:00+05:30,26419.900390625,26447.25,26415.25,26441.05078125,0,0.0,0.0,^CNXAUTO
2026-05-25 12:30:00+05:30,26442.19921875,26446.900390625,26418.349609375,26429.80078125,0,0.0,0.0,^CNXAUTO
2026-05-25 12:45:00+05:30,26429.599609375,26429.599609375,26380.94921875,26392.75,0,0.0,0.0,^CNXAUTO
2026-05-25 13:00:00+05:30,26393.05078125,26427.0,26390.849609375,26396.099609375,0,0.0,0.0,^CNXAUTO
2026-05-25 13:15:00+05:30,26398.599609375,26412.349609375,26387.75,26391.30078125,0,0.0,0.0,^CNXAUTO
2026-05-25 13:30:00+05:30,26393.44921875,26393.44921875,26361.44921875,26367.349609375,0,0.0,0.0,^CNXAUTO
2026-05-25 13:45:00+05:30,26369.5,26381.150390625,26354.69921875,26360.30078125,0,0.0,0.0,^CNXAUTO
2026-05-25 14:00:00+05:30,26361.69921875,26370.099609375,26330.55078125,26331.0,0,0.0,0.0,^CNXAUTO
2026-05-25 14:15:00+05:30,26332.349609375,26369.849609375,26320.44921875,26361.19921875,0,0.0,0.0,^CNXAUTO
2026-05-25 14:30:00+05:30,26360.94921875,26433.650390625,26351.05078125,26421.900390625,0,0.0,0.0,^CNXAUTO
2026-05-25 14:45:00+05:30,26421.599609375,26467.69921875,26413.44921875,26461.55078125,0,0.0,0.0,^CNXAUTO
2026-05-25 15:00:00+05:30,26461.80078125,26467.400390625,26443.30078125,26451.69921875,0,0.0,0.0,^CNXAUTO
2026-05-25 15:15:00+05:30,26451.94921875,26505.650390625,26442.94921875,26501.30078125,0,0.0,0.0,^CNXAUTO
2026-05-26 09:15:00+05:30,26457.69921875,26502.25,26363.05078125,26479.69921875,0,0.0,0.0,^CNXAUTO
2026-05-26 09:30:00+05:30,26478.0,26508.69921875,26434.099609375,26481.349609375,0,0.0,0.0,^CNXAUTO
2026-05-26 09:45:00+05:30,26482.0,26500.80078125,26460.400390625,26489.849609375,0,0.0,0.0,^CNXAUTO
2026-05-26 10:00:00+05:30,26489.55078125,26544.69921875,26487.5,26542.5,0,0.0,0.0,^CNXAUTO
2026-05-26 10:15:00+05:30,26542.0,26566.94921875,26536.099609375,26565.80078125,0,0.0,0.0,^CNXAUTO
2026-05-26 10:30:00+05:30,26565.30078125,26588.55078125,26537.099609375,26545.900390625,0,0.0,0.0,^CNXAUTO
2026-05-26 10:45:00+05:30,26545.650390625,26571.44921875,26539.650390625,26555.849609375,0,0.0,0.0,^CNXAUTO
2026-05-26 11:00:00+05:30,26556.30078125,26575.69921875,26552.55078125,26558.94921875,0,0.0,0.0,^CNXAUTO
2026-05-26 11:15:00+05:30,26560.75,26584.099609375,26551.25,26564.150390625,0,0.0,0.0,^CNXAUTO
2026-05-26 11:30:00+05:30,26564.5,26582.099609375,26547.25,26579.44921875,0,0.0,0.0,^CNXAUTO
2026-05-26 11:45:00+05:30,26578.849609375,26593.75,26547.849609375,26566.900390625,0,0.0,0.0,^CNXAUTO
2026-05-26 12:00:00+05:30,26566.900390625,26585.55078125,26554.650390625,26583.44921875,0,0.0,0.0,^CNXAUTO
2026-05-26 12:15:00+05:30,26582.80078125,26605.900390625,26538.5,26544.19921875,0,0.0,0.0,^CNXAUTO
2026-05-26 12:30:00+05:30,26544.400390625,26558.55078125,26519.900390625,26520.80078125,0,0.0,0.0,^CNXAUTO
2026-05-26 12:45:00+05:30,26520.25,26520.25,26480.25,26493.30078125,0,0.0,0.0,^CNXAUTO
2026-05-26 13:00:00+05:30,26494.599609375,26496.349609375,26448.80078125,26450.19921875,0,0.0,0.0,^CNXAUTO
2026-05-26 13:15:00+05:30,26451.19921875,26470.900390625,26425.19921875,26449.30078125,0,0.0,0.0,^CNXAUTO
2026-05-26 13:30:00+05:30,26450.599609375,26470.69921875,26443.94921875,26443.94921875,0,0.0,0.0,^CNXAUTO
2026-05-26 13:45:00+05:30,26443.650390625,26448.94921875,26422.650390625,26440.05078125,0,0.0,0.0,^CNXAUTO
2026-05-26 14:00:00+05:30,26440.5,26451.69921875,26402.69921875,26442.400390625,0,0.0,0.0,^CNXAUTO
2026-05-26 14:15:00+05:30,26443.400390625,26484.75,26432.150390625,26471.55078125,0,0.0,0.0,^CNXAUTO
2026-05-26 14:30:00+05:30,26473.849609375,26487.849609375,26435.849609375,26436.650390625,0,0.0,0.0,^CNXAUTO
2026-05-26 14:45:00+05:30,26435.80078125,26470.099609375,26429.650390625,26464.55078125,0,0.0,0.0,^CNXAUTO
2026-05-26 15:00:00+05:30,26465.650390625,26491.44921875,26448.55078125,26487.19921875,0,0.0,0.0,^CNXAUTO
2026-05-26 15:15:00+05:30,26487.349609375,26516.25,26462.05078125,26500.30078125,0,0.0,0.0,^CNXAUTO
2026-05-27 09:15:00+05:30,26513.44921875,26605.75,26474.599609375,26586.05078125,0,0.0,0.0,^CNXAUTO
2026-05-27 09:30:00+05:30,26581.69921875,26596.19921875,26489.55078125,26512.75,0,0.0,0.0,^CNXAUTO
2026-05-27 09:45:00+05:30,26513.55078125,26624.05078125,26509.75,26550.150390625,0,0.0,0.0,^CNXAUTO
2026-05-27 10:00:00+05:30,26549.400390625,26637.80078125,26537.349609375,26598.05078125,0,0.0,0.0,^CNXAUTO
2026-05-27 10:15:00+05:30,26597.599609375,26634.0,26576.099609375,26625.099609375,0,0.0,0.0,^CNXAUTO
2026-05-27 10:30:00+05:30,26626.0,26630.05078125,26582.150390625,26584.94921875,0,0.0,0.0,^CNXAUTO
2026-05-27 10:45:00+05:30,26584.44921875,26651.75,26545.900390625,26639.599609375,0,0.0,0.0,^CNXAUTO
2026-05-27 11:00:00+05:30,26640.69921875,26677.05078125,26627.75,26663.75,0,0.0,0.0,^CNXAUTO
2026-05-27 11:15:00+05:30,26664.0,26722.599609375,26660.94921875,26716.25,0,0.0,0.0,^CNXAUTO
2026-05-27 11:30:00+05:30,26716.55078125,26758.94921875,26696.94921875,26699.599609375,0,0.0,0.0,^CNXAUTO
2026-05-27 11:45:00+05:30,26699.5,26711.099609375,26638.349609375,26648.400390625,0,0.0,0.0,^CNXAUTO
2026-05-27 12:00:00+05:30,26649.599609375,26665.19921875,26634.0,26638.05078125,0,0.0,0.0,^CNXAUTO
2026-05-27 12:15:00+05:30,26638.30078125,26658.099609375,26617.25,26619.650390625,0,0.0,0.0,^CNXAUTO
2026-05-27 12:30:00+05:30,26619.849609375,26678.400390625,26613.30078125,26678.400390625,0,0.0,0.0,^CNXAUTO
2026-05-27 12:45:00+05:30,26679.05078125,26714.099609375,26669.69921875,26700.19921875,0,0.0,0.0,^CNXAUTO
2026-05-27 13:00:00+05:30,26700.849609375,26783.400390625,26690.349609375,26749.75,0,0.0,0.0,^CNXAUTO
2026-05-27 13:15:00+05:30,26750.30078125,26759.05078125,26724.900390625,26725.75,0,0.0,0.0,^CNXAUTO
2026-05-27 13:30:00+05:30,26726.44921875,26757.849609375,26715.75,26732.75,0,0.0,0.0,^CNXAUTO
2026-05-27 13:45:00+05:30,26733.400390625,26739.349609375,26698.44921875,26736.44921875,0,0.0,0.0,^CNXAUTO
2026-05-27 14:00:00+05:30,26735.80078125,26759.75,26705.849609375,26722.55078125,0,0.0,0.0,^CNXAUTO
2026-05-27 14:15:00+05:30,26722.19921875,26753.599609375,26700.55078125,26708.55078125,0,0.0,0.0,^CNXAUTO
2026-05-27 14:30:00+05:30,26707.05078125,26802.44921875,26691.400390625,26794.400390625,0,0.0,0.0,^CNXAUTO
2026-05-27 14:45:00+05:30,26795.94921875,26861.80078125,26779.900390625,26847.25,0,0.0,0.0,^CNXAUTO
2026-05-27 15:00:00+05:30,26847.599609375,26847.599609375,26796.80078125,26818.900390625,0,0.0,0.0,^CNXAUTO
2026-05-27 15:15:00+05:30,26815.75,26960.599609375,26815.25,26949.099609375,0,0.0,0.0,^CNXAUTO
2026-05-29 09:15:00+05:30,26942.099609375,27025.55078125,26839.400390625,26852.849609375,0,0.0,0.0,^CNXAUTO
2026-05-29 09:30:00+05:30,26843.900390625,26945.25,26787.80078125,26813.94921875,0,0.0,0.0,^CNXAUTO
2026-05-29 09:45:00+05:30,26819.44921875,26920.25,26801.900390625,26816.75,0,0.0,0.0,^CNXAUTO
2026-05-29 10:00:00+05:30,26820.19921875,26893.400390625,26796.900390625,26862.349609375,0,0.0,0.0,^CNXAUTO
2026-05-29 10:15:00+05:30,26865.349609375,26870.599609375,26755.19921875,26765.44921875,0,0.0,0.0,^CNXAUTO
2026-05-29 10:30:00+05:30,26765.55078125,26797.25,26745.0,26745.0,0,0.0,0.0,^CNXAUTO
2026-05-29 10:45:00+05:30,26746.5,26784.44921875,26730.69921875,26766.69921875,0,0.0,0.0,^CNXAUTO
2026-05-29 11:00:00+05:30,26765.19921875,26787.05078125,26701.25,26707.349609375,0,0.0,0.0,^CNXAUTO
2026-05-29 11:15:00+05:30,26707.400390625,26761.099609375,26705.80078125,26737.849609375,0,0.0,0.0,^CNXAUTO
2026-05-29 11:30:00+05:30,26738.849609375,26745.349609375,26678.30078125,26683.650390625,0,0.0,0.0,^CNXAUTO
2026-05-29 11:45:00+05:30,26682.94921875,26729.349609375,26659.349609375,26686.80078125,0,0.0,0.0,^CNXAUTO
2026-05-29 12:00:00+05:30,26687.0,26718.0,26647.25,26653.599609375,0,0.0,0.0,^CNXAUTO
2026-05-29 12:15:00+05:30,26655.55078125,26690.75,26602.94921875,26684.19921875,0,0.0,0.0,^CNXAUTO
2026-05-29 12:30:00+05:30,26683.25,26695.05078125,26626.80078125,26683.400390625,0,0.0,0.0,^CNXAUTO
2026-05-29 12:45:00+05:30,26683.0,26692.150390625,26612.400390625,26627.900390625,0,0.0,0.0,^CNXAUTO
2026-05-29 13:00:00+05:30,26627.900390625,26628.80078125,26540.349609375,26543.80078125,0,0.0,0.0,^CNXAUTO
2026-05-29 13:15:00+05:30,26540.75,26566.5,26524.30078125,26548.650390625,0,0.0,0.0,^CNXAUTO
2026-05-29 13:30:00+05:30,26548.150390625,26610.30078125,26546.5,26599.55078125,0,0.0,0.0,^CNXAUTO
2026-05-29 13:45:00+05:30,26599.25,26640.150390625,26580.0,26617.19921875,0,0.0,0.0,^CNXAUTO
2026-05-29 14:00:00+05:30,26619.650390625,26620.400390625,26554.0,26558.5,0,0.0,0.0,^CNXAUTO
2026-05-29 14:15:00+05:30,26559.599609375,26589.0,26544.94921875,26576.19921875,0,0.0,0.0,^CNXAUTO
2026-05-29 14:30:00+05:30,26577.30078125,26651.349609375,26576.44921875,26631.849609375,0,0.0,0.0,^CNXAUTO
2026-05-29 14:45:00+05:30,26633.19921875,26643.19921875,26580.30078125,26607.650390625,0,0.0,0.0,^CNXAUTO
2026-05-29 15:00:00+05:30,26609.69921875,26609.69921875,26230.349609375,26277.900390625,0,0.0,0.0,^CNXAUTO
2026-05-29 15:15:00+05:30,26277.5,26510.44921875,26228.19921875,26496.099609375,0,0.0,0.0,^CNXAUTO
2026-06-01 09:15:00+05:30,26459.900390625,26538.900390625,26212.900390625,26219.75,0,0.0,0.0,^CNXAUTO
2026-06-01 09:30:00+05:30,26220.80078125,26272.400390625,26160.099609375,26185.0,0,0.0,0.0,^CNXAUTO
2026-06-01 09:45:00+05:30,26184.80078125,26268.80078125,26163.94921875,26181.400390625,0,0.0,0.0,^CNXAUTO
2026-06-01 10:00:00+05:30,26181.80078125,26215.400390625,26113.69921875,26183.099609375,0,0.0,0.0,^CNXAUTO
2026-06-01 10:15:00+05:30,26181.650390625,26184.80078125,26135.849609375,26154.94921875,0,0.0,0.0,^CNXAUTO
2026-06-01 10:30:00+05:30,26156.349609375,26225.599609375,26148.400390625,26221.0,0,0.0,0.0,^CNXAUTO
2026-06-01 10:45:00+05:30,26221.69921875,26320.25,26221.650390625,26294.75,0,0.0,0.0,^CNXAUTO
2026-06-01 11:00:00+05:30,26294.55078125,26368.44921875,26294.55078125,26353.69921875,0,0.0,0.0,^CNXAUTO
2026-06-01 11:15:00+05:30,26352.900390625,26363.0,26224.30078125,26224.55078125,0,0.0,0.0,^CNXAUTO
2026-06-01 11:30:00+05:30,26225.44921875,26266.900390625,26183.19921875,26230.80078125,0,0.0,0.0,^CNXAUTO
2026-06-01 11:45:00+05:30,26231.55078125,26243.849609375,26153.599609375,26159.099609375,0,0.0,0.0,^CNXAUTO
2026-06-01 12:00:00+05:30,26162.400390625,26180.349609375,26126.349609375,26155.849609375,0,0.0,0.0,^CNXAUTO
2026-06-01 12:15:00+05:30,26156.099609375,26156.099609375,26082.599609375,26092.25,0,0.0,0.0,^CNXAUTO
2026-06-01 12:30:00+05:30,26092.25,26126.75,26079.25,26101.69921875,0,0.0,0.0,^CNXAUTO
2026-06-01 12:45:00+05:30,26102.30078125,26133.599609375,26087.19921875,26098.19921875,0,0.0,0.0,^CNXAUTO
2026-06-01 13:00:00+05:30,26097.400390625,26110.44921875,25996.19921875,26009.44921875,0,0.0,0.0,^CNXAUTO
2026-06-01 13:15:00+05:30,26007.849609375,26080.19921875,26007.0,26076.5,0,0.0,0.0,^CNXAUTO
2026-06-01 13:30:00+05:30,26076.25,26083.599609375,26046.05078125,26065.05078125,0,0.0,0.0,^CNXAUTO
2026-06-01 13:45:00+05:30,26065.400390625,26065.400390625,25988.55078125,26009.650390625,0,0.0,0.0,^CNXAUTO
2026-06-01 14:00:00+05:30,26010.400390625,26016.099609375,25967.55078125,25971.25,0,0.0,0.0,^CNXAUTO
2026-06-01 14:15:00+05:30,25972.69921875,26007.599609375,25928.44921875,25951.0,0,0.0,0.0,^CNXAUTO
2026-06-01 14:30:00+05:30,25951.0,25982.80078125,25920.05078125,25968.94921875,0,0.0,0.0,^CNXAUTO
2026-06-01 14:45:00+05:30,25967.75,25990.80078125,25895.0,25911.80078125,0,0.0,0.0,^CNXAUTO
2026-06-01 15:00:00+05:30,25910.349609375,25943.849609375,25852.69921875,25918.349609375,0,0.0,0.0,^CNXAUTO
2026-06-01 15:15:00+05:30,25918.55078125,25941.05078125,25830.55078125,25880.55078125,0,0.0,0.0,^CNXAUTO
2026-06-02 09:15:00+05:30,25646.69921875,25904.25,25583.30078125,25730.400390625,0,0.0,0.0,^CNXAUTO
2026-06-02 09:30:00+05:30,25730.150390625,25790.0,25677.0,25751.599609375,0,0.0,0.0,^CNXAUTO
2026-06-02 09:45:00+05:30,25750.69921875,25768.94921875,25681.599609375,25758.650390625,0,0.0,0.0,^CNXAUTO
2026-06-02 10:00:00+05:30,25760.80078125,25821.150390625,25728.69921875,25754.69921875,0,0.0,0.0,^CNXAUTO
2026-06-02 10:15:00+05:30,25754.19921875,25873.400390625,25706.25,25837.69921875,0,0.0,0.0,^CNXAUTO
2026-06-02 10:30:00+05:30,25836.650390625,25845.0,25756.75,25794.599609375,0,0.0,0.0,^CNXAUTO
2026-06-02 10:45:00+05:30,25796.400390625,25804.400390625,25670.05078125,25685.80078125,0,0.0,0.0,^CNXAUTO
2026-06-02 11:00:00+05:30,25686.5,25740.099609375,25684.5,25731.650390625,0,0.0,0.0,^CNXAUTO
2026-06-02 11:15:00+05:30,25730.05078125,25791.400390625,25706.650390625,25773.75,0,0.0,0.0,^CNXAUTO
2026-06-02 11:30:00+05:30,25775.44921875,25776.599609375,25719.900390625,25741.849609375,0,0.0,0.0,^CNXAUTO
2026-06-02 11:45:00+05:30,25741.349609375,25770.05078125,25722.5,25738.5,0,0.0,0.0,^CNXAUTO
2026-06-02 12:00:00+05:30,25738.75,25793.5,25728.0,25777.30078125,0,0.0,0.0,^CNXAUTO
2026-06-02 12:15:00+05:30,25776.900390625,25812.80078125,25770.5,25784.400390625,0,0.0,0.0,^CNXAUTO
2026-06-02 12:30:00+05:30,25784.5,25926.650390625,25779.30078125,25922.099609375,0,0.0,0.0,^CNXAUTO
2026-06-02 12:45:00+05:30,25922.30078125,26049.900390625,25917.650390625,26047.69921875,0,0.0,0.0,^CNXAUTO
2026-06-02 13:00:00+05:30,26046.19921875,26069.19921875,26017.80078125,26042.55078125,0,0.0,0.0,^CNXAUTO
2026-06-02 13:15:00+05:30,26041.55078125,26079.75,26012.849609375,26077.25,0,0.0,0.0,^CNXAUTO
2026-06-02 13:30:00+05:30,26076.650390625,26100.900390625,26038.900390625,26051.69921875,0,0.0,0.0,^CNXAUTO
2026-06-02 13:45:00+05:30,26051.94921875,26104.80078125,26049.150390625,26084.19921875,0,0.0,0.0,^CNXAUTO
2026-06-02 14:00:00+05:30,26084.19921875,26133.30078125,26053.30078125,26118.19921875,0,0.0,0.0,^CNXAUTO
2026-06-02 14:15:00+05:30,26118.650390625,26121.55078125,26072.650390625,26092.69921875,0,0.0,0.0,^CNXAUTO
2026-06-02 14:30:00+05:30,26088.94921875,26092.150390625,26009.44921875,26026.94921875,0,0.0,0.0,^CNXAUTO
2026-06-02 14:45:00+05:30,26026.349609375,26064.55078125,25995.150390625,26031.0,0,0.0,0.0,^CNXAUTO
2026-06-02 15:00:00+05:30,26033.44921875,26094.94921875,26002.099609375,26074.05078125,0,0.0,0.0,^CNXAUTO
2026-06-02 15:15:00+05:30,26075.099609375,26110.94921875,26072.80078125,26110.75,0,0.0,0.0,^CNXAUTO
2026-06-03 09:15:00+05:30,26073.05078125,26087.05078125,25881.599609375,26014.94921875,0,0.0,0.0,^CNXAUTO
2026-06-03 09:30:00+05:30,26017.150390625,26082.0,25944.55078125,26042.5,0,0.0,0.0,^CNXAUTO
2026-06-03 09:45:00+05:30,26045.55078125,26168.349609375,25957.75,25992.44921875,0,0.0,0.0,^CNXAUTO
2026-06-03 10:00:00+05:30,25995.25,26080.69921875,25961.400390625,25972.150390625,0,0.0,0.0,^CNXAUTO
2026-06-03 10:15:00+05:30,25976.05078125,26057.80078125,25966.69921875,26008.099609375,0,0.0,0.0,^CNXAUTO
2026-06-03 10:30:00+05:30,26010.599609375,26020.900390625,25940.150390625,25947.05078125,0,0.0,0.0,^CNXAUTO
2026-06-03 10:45:00+05:30,25947.44921875,25959.599609375,25897.650390625,25910.849609375,0,0.0,0.0,^CNXAUTO
2026-06-03 11:00:00+05:30,25910.80078125,25933.19921875,25900.650390625,25917.75,0,0.0,0.0,^CNXAUTO
2026-06-03 11:15:00+05:30,25917.05078125,25954.650390625,25895.0,25908.849609375,0,0.0,0.0,^CNXAUTO
2026-06-03 11:30:00+05:30,25911.400390625,25964.30078125,25900.75,25944.55078125,0,0.0,0.0,^CNXAUTO
2026-06-03 11:45:00+05:30,25945.19921875,25998.80078125,25939.150390625,25978.0,0,0.0,0.0,^CNXAUTO
2026-06-03 12:00:00+05:30,25978.5,25997.94921875,25950.19921875,25966.25,0,0.0,0.0,^CNXAUTO
2026-06-03 12:15:00+05:30,25966.25,26007.650390625,25956.44921875,26003.05078125,0,0.0,0.0,^CNXAUTO
2026-06-03 12:30:00+05:30,26003.650390625,26098.05078125,26001.0,26061.30078125,0,0.0,0.0,^CNXAUTO
2026-06-03 12:45:00+05:30,26061.349609375,26072.80078125,25970.349609375,25994.599609375,0,0.0,0.0,^CNXAUTO
2026-06-03 13:00:00+05:30,25992.599609375,26023.25,25985.400390625,26019.400390625,0,0.0,0.0,^CNXAUTO
2026-06-03 13:15:00+05:30,26033.75,26068.099609375,26027.0,26063.19921875,0,0.0,0.0,^CNXAUTO
2026-06-03 13:30:00+05:30,26063.650390625,26110.19921875,26051.80078125,26081.44921875,0,0.0,0.0,^CNXAUTO
2026-06-03 13:45:00+05:30,26082.75,26171.5,26076.150390625,26098.099609375,0,0.0,0.0,^CNXAUTO
2026-06-03 14:00:00+05:30,26100.150390625,26125.75,26075.94921875,26094.55078125,0,0.0,0.0,^CNXAUTO
2026-06-03 14:15:00+05:30,26095.30078125,26193.80078125,26080.5,26174.55078125,0,0.0,0.0,^CNXAUTO
2026-06-03 14:30:00+05:30,26174.55078125,26205.849609375,26158.80078125,26200.650390625,0,0.0,0.0,^CNXAUTO
2026-06-03 14:45:00+05:30,26198.650390625,26214.80078125,26163.05078125,26180.75,0,0.0,0.0,^CNXAUTO
2026-06-03 15:00:00+05:30,26183.849609375,26202.400390625,26050.650390625,26071.55078125,0,0.0,0.0,^CNXAUTO
2026-06-03 15:15:00+05:30,26071.150390625,26089.94921875,26058.94921875,26070.80078125,0,0.0,0.0,^CNXAUTO
2026-06-04 09:15:00+05:30,26010.69921875,26113.25,25901.05078125,26024.05078125,0,0.0,0.0,^CNXAUTO
2026-06-04 09:30:00+05:30,26023.400390625,26109.80078125,25967.5,26105.05078125,0,0.0,0.0,^CNXAUTO
2026-06-04 09:45:00+05:30,26104.55078125,26197.80078125,26103.75,26173.349609375,0,0.0,0.0,^CNXAUTO
2026-06-04 10:00:00+05:30,26172.900390625,26446.25,26159.55078125,26398.44921875,0,0.0,0.0,^CNXAUTO
2026-06-04 10:15:00+05:30,26404.099609375,26438.849609375,26329.30078125,26329.900390625,0,0.0,0.0,^CNXAUTO
2026-06-04 10:30:00+05:30,26330.0,26331.19921875,26213.5,26253.400390625,0,0.0,0.0,^CNXAUTO
2026-06-04 10:45:00+05:30,26253.150390625,26287.05078125,26221.44921875,26275.099609375,0,0.0,0.0,^CNXAUTO
2026-06-04 11:00:00+05:30,26274.849609375,26283.80078125,26207.69921875,26243.849609375,0,0.0,0.0,^CNXAUTO
2026-06-04 11:15:00+05:30,26242.25,26262.0,26215.5,26231.0,0,0.0,0.0,^CNXAUTO
2026-06-04 11:30:00+05:30,26230.30078125,26271.400390625,26170.44921875,26265.25,0,0.0,0.0,^CNXAUTO
2026-06-04 11:45:00+05:30,26264.05078125,26269.30078125,26202.75,26246.30078125,0,0.0,0.0,^CNXAUTO
2026-06-04 12:00:00+05:30,26245.849609375,26295.30078125,26243.69921875,26287.349609375,0,0.0,0.0,^CNXAUTO
2026-06-04 12:15:00+05:30,26286.55078125,26292.5,26226.75,26232.900390625,0,0.0,0.0,^CNXAUTO
2026-06-04 12:30:00+05:30,26230.5,26234.55078125,26172.849609375,26210.69921875,0,0.0,0.0,^CNXAUTO
2026-06-04 12:45:00+05:30,26209.650390625,26307.599609375,26192.69921875,26291.80078125,0,0.0,0.0,^CNXAUTO
2026-06-04 13:00:00+05:30,26290.849609375,26292.80078125,26174.150390625,26176.75,0,0.0,0.0,^CNXAUTO
2026-06-04 13:15:00+05:30,26176.349609375,26210.69921875,26151.650390625,26183.650390625,0,0.0,0.0,^CNXAUTO
2026-06-04 13:30:00+05:30,26183.650390625,26268.400390625,26168.349609375,26268.25,0,0.0,0.0,^CNXAUTO
2026-06-04 13:45:00+05:30,26270.0,26270.0,26221.25,26237.55078125,0,0.0,0.0,^CNXAUTO
2026-06-04 14:00:00+05:30,26236.5,26292.55078125,26235.650390625,26263.05078125,0,0.0,0.0,^CNXAUTO
2026-06-04 14:15:00+05:30,26264.150390625,26287.349609375,26218.69921875,26228.150390625,0,0.0,0.0,^CNXAUTO
2026-06-04 14:30:00+05:30,26229.0,26278.0,26217.5,26224.5,0,0.0,0.0,^CNXAUTO
2026-06-04 14:45:00+05:30,26225.94921875,26253.30078125,26174.80078125,26199.55078125,0,0.0,0.0,^CNXAUTO
2026-06-04 15:00:00+05:30,26199.44921875,26201.69921875,26108.94921875,26133.44921875,0,0.0,0.0,^CNXAUTO
2026-06-04 15:15:00+05:30,26133.650390625,26198.80078125,26127.19921875,26184.19921875,0,0.0,0.0,^CNXAUTO
2026-06-05 09:15:00+05:30,26279.94921875,26348.44921875,26223.75,26226.94921875,0,0.0,0.0,^CNXAUTO
2026-06-05 09:30:00+05:30,26228.349609375,26277.69921875,26151.650390625,26228.650390625,0,0.0,0.0,^CNXAUTO
2026-06-05 09:45:00+05:30,26230.150390625,26230.150390625,26133.349609375,26136.150390625,0,0.0,0.0,^CNXAUTO
2026-06-05 10:00:00+05:30,26137.599609375,26237.75,26119.80078125,26164.19921875,0,0.0,0.0,^CNXAUTO
2026-06-05 10:15:00+05:30,26165.0,26190.75,26110.94921875,26130.44921875,0,0.0,0.0,^CNXAUTO
2026-06-05 10:30:00+05:30,26128.19921875,26133.349609375,25998.150390625,26031.69921875,0,0.0,0.0,^CNXAUTO
2026-06-05 10:45:00+05:30,26029.80078125,26155.69921875,25998.400390625,26155.44921875,0,0.0,0.0,^CNXAUTO
2026-06-05 11:00:00+05:30,26154.05078125,26221.55078125,26142.0,26202.0,0,0.0,0.0,^CNXAUTO
2026-06-05 11:15:00+05:30,26201.80078125,26213.05078125,26161.75,26180.599609375,0,0.0,0.0,^CNXAUTO
2026-06-05 11:30:00+05:30,26181.94921875,26215.650390625,26180.150390625,26194.5,0,0.0,0.0,^CNXAUTO
2026-06-05 11:45:00+05:30,26194.5,26254.94921875,26191.80078125,26207.099609375,0,0.0,0.0,^CNXAUTO
2026-06-05 12:00:00+05:30,26206.80078125,26291.5,26205.900390625,26267.69921875,0,0.0,0.0,^CNXAUTO
2026-06-05 12:15:00+05:30,26267.900390625,26285.0,26248.150390625,26248.80078125,0,0.0,0.0,^CNXAUTO
2026-06-05 12:30:00+05:30,26248.099609375,26251.94921875,26180.349609375,26202.55078125,0,0.0,0.0,^CNXAUTO
2026-06-05 12:45:00+05:30,26200.80078125,26208.5,26147.25,26171.849609375,0,0.0,0.0,^CNXAUTO
2026-06-05 13:00:00+05:30,26172.5,26184.599609375,26144.55078125,26165.30078125,0,0.0,0.0,^CNXAUTO
2026-06-05 13:15:00+05:30,26165.099609375,26218.69921875,26131.80078125,26134.75,0,0.0,0.0,^CNXAUTO
2026-06-05 13:30:00+05:30,26133.400390625,26168.5,26098.400390625,26126.900390625,0,0.0,0.0,^CNXAUTO
2026-06-05 13:45:00+05:30,26126.900390625,26145.69921875,26115.599609375,26139.400390625,0,0.0,0.0,^CNXAUTO
2026-06-05 14:00:00+05:30,26141.150390625,26158.599609375,26122.05078125,26129.849609375,0,0.0,0.0,^CNXAUTO
2026-06-05 14:15:00+05:30,26130.30078125,26185.650390625,26122.900390625,26181.599609375,0,0.0,0.0,^CNXAUTO
2026-06-05 14:30:00+05:30,26180.80078125,26269.849609375,26159.849609375,26256.55078125,0,0.0,0.0,^CNXAUTO
2026-06-05 14:45:00+05:30,26255.44921875,26276.25,26193.150390625,26209.55078125,0,0.0,0.0,^CNXAUTO
2026-06-05 15:00:00+05:30,26211.099609375,26212.849609375,26150.349609375,26155.5,0,0.0,0.0,^CNXAUTO
2026-06-05 15:15:00+05:30,26155.400390625,26178.75,26138.400390625,26149.400390625,0,0.0,0.0,^CNXAUTO
2026-06-08 09:15:00+05:30,25845.05078125,25867.400390625,25719.099609375,25865.44921875,0,0.0,0.0,^CNXAUTO
2026-06-08 09:30:00+05:30,25864.099609375,25893.69921875,25799.349609375,25823.5,0,0.0,0.0,^CNXAUTO
2026-06-08 09:45:00+05:30,25822.400390625,25900.599609375,25798.69921875,25892.25,0,0.0,0.0,^CNXAUTO
2026-06-08 10:00:00+05:30,25893.55078125,25896.30078125,25832.599609375,25832.599609375,0,0.0,0.0,^CNXAUTO
2026-06-08 10:15:00+05:30,25834.5,25837.19921875,25806.099609375,25817.0,0,0.0,0.0,^CNXAUTO
2026-06-08 10:30:00+05:30,25816.80078125,25877.69921875,25813.900390625,25833.349609375,0,0.0,0.0,^CNXAUTO
2026-06-08 10:45:00+05:30,25833.650390625,25848.75,25810.349609375,25840.94921875,0,0.0,0.0,^CNXAUTO
2026-06-08 11:00:00+05:30,25841.05078125,25861.80078125,25826.94921875,25860.099609375,0,0.0,0.0,^CNXAUTO
2026-06-08 11:15:00+05:30,25860.94921875,25867.150390625,25796.75,25810.150390625,0,0.0,0.0,^CNXAUTO
2026-06-08 11:30:00+05:30,25812.25,25901.25,25807.0,25890.75,0,0.0,0.0,^CNXAUTO
2026-06-08 11:45:00+05:30,25890.19921875,25926.150390625,25881.900390625,25902.650390625,0,0.0,0.0,^CNXAUTO
2026-06-08 12:00:00+05:30,25902.400390625,25907.94921875,25848.75,25876.55078125,0,0.0,0.0,^CNXAUTO
2026-06-08 12:15:00+05:30,25876.0,25882.94921875,25860.30078125,25875.099609375,0,0.0,0.0,^CNXAUTO
2026-06-08 12:30:00+05:30,25875.44921875,25885.099609375,25859.30078125,25878.0,0,0.0,0.0,^CNXAUTO
2026-06-08 12:45:00+05:30,25876.30078125,25896.0,25865.44921875,25885.55078125,0,0.0,0.0,^CNXAUTO
2026-06-08 13:00:00+05:30,25884.19921875,25897.94921875,25856.05078125,25867.94921875,0,0.0,0.0,^CNXAUTO
2026-06-08 13:15:00+05:30,25868.400390625,25894.55078125,25851.349609375,25865.599609375,0,0.0,0.0,^CNXAUTO
2026-06-08 13:30:00+05:30,25865.150390625,25869.25,25773.099609375,25775.900390625,0,0.0,0.0,^CNXAUTO
2026-06-08 13:45:00+05:30,25774.0,25811.349609375,25749.400390625,25782.19921875,0,0.0,0.0,^CNXAUTO
2026-06-08 14:00:00+05:30,25782.19921875,25815.30078125,25779.650390625,25783.75,0,0.0,0.0,^CNXAUTO
2026-06-08 14:15:00+05:30,25783.25,25802.5,25758.599609375,25760.80078125,0,0.0,0.0,^CNXAUTO
2026-06-08 14:30:00+05:30,25761.25,25789.75,25738.55078125,25783.349609375,0,0.0,0.0,^CNXAUTO
2026-06-08 14:45:00+05:30,25783.80078125,25805.650390625,25740.80078125,25760.25,0,0.0,0.0,^CNXAUTO
2026-06-08 15:00:00+05:30,25761.150390625,25761.150390625,25633.94921875,25704.05078125,0,0.0,0.0,^CNXAUTO
2026-06-08 15:15:00+05:30,25702.400390625,25729.44921875,25615.150390625,25640.849609375,0,0.0,0.0,^CNXAUTO
2026-06-09 09:15:00+05:30,25862.44921875,25948.099609375,25819.94921875,25911.0,0,0.0,0.0,^CNXAUTO
2026-06-09 09:30:00+05:30,25909.849609375,25925.099609375,25847.19921875,25856.150390625,0,0.0,0.0,^CNXAUTO
2026-06-09 09:45:00+05:30,25856.75,25931.650390625,25853.44921875,25920.5,0,0.0,0.0,^CNXAUTO
2026-06-09 10:00:00+05:30,25920.5,25927.650390625,25873.650390625,25892.44921875,0,0.0,0.0,^CNXAUTO
2026-06-09 10:15:00+05:30,25891.650390625,25908.400390625,25857.900390625,25883.30078125,0,0.0,0.0,^CNXAUTO
2026-06-09 10:30:00+05:30,25883.19921875,25936.75,25865.849609375,25936.75,0,0.0,0.0,^CNXAUTO
2026-06-09 10:45:00+05:30,25936.94921875,25986.0,25911.69921875,25985.69921875,0,0.0,0.0,^CNXAUTO
2026-06-09 11:00:00+05:30,25986.94921875,26000.400390625,25972.19921875,25979.55078125,0,0.0,0.0,^CNXAUTO
2026-06-09 11:15:00+05:30,25979.650390625,25994.599609375,25949.94921875,25974.5,0,0.0,0.0,^CNXAUTO
2026-06-09 11:30:00+05:30,25971.55078125,26017.44921875,25971.55078125,26011.650390625,0,0.0,0.0,^CNXAUTO
2026-06-09 11:45:00+05:30,26012.55078125,26050.349609375,26009.599609375,26049.5,0,0.0,0.0,^CNXAUTO
2026-06-09 12:00:00+05:30,26049.25,26066.0,26043.75,26053.599609375,0,0.0,0.0,^CNXAUTO
2026-06-09 12:15:00+05:30,26051.94921875,26081.349609375,26049.349609375,26081.349609375,0,0.0,0.0,^CNXAUTO
2026-06-09 12:30:00+05:30,26081.05078125,26115.44921875,26068.900390625,26096.349609375,0,0.0,0.0,^CNXAUTO
2026-06-09 12:45:00+05:30,26097.400390625,26099.80078125,25973.55078125,25981.69921875,0,0.0,0.0,^CNXAUTO
2026-06-09 13:00:00+05:30,25982.25,26012.80078125,25979.5,26011.44921875,0,0.0,0.0,^CNXAUTO
2026-06-09 13:15:00+05:30,26012.099609375,26022.099609375,25988.099609375,26005.30078125,0,0.0,0.0,^CNXAUTO
2026-06-09 13:30:00+05:30,26005.099609375,26023.69921875,25974.5,26019.30078125,0,0.0,0.0,^CNXAUTO
2026-06-09 13:45:00+05:30,26019.30078125,26027.0,25993.599609375,26010.19921875,0,0.0,0.0,^CNXAUTO
2026-06-09 14:00:00+05:30,26010.0,26019.349609375,25997.69921875,26013.400390625,0,0.0,0.0,^CNXAUTO
2026-06-09 14:15:00+05:30,26014.650390625,26040.94921875,26008.94921875,26039.599609375,0,0.0,0.0,^CNXAUTO
2026-06-09 14:30:00+05:30,26039.30078125,26080.80078125,26028.150390625,26043.900390625,0,0.0,0.0,^CNXAUTO
2026-06-09 14:45:00+05:30,26043.30078125,26099.599609375,26031.75,26093.650390625,0,0.0,0.0,^CNXAUTO
2026-06-09 15:00:00+05:30,26089.69921875,26089.69921875,26005.44921875,26031.80078125,0,0.0,0.0,^CNXAUTO
2026-06-09 15:15:00+05:30,26032.099609375,26039.650390625,25999.55078125,26032.0,0,0.0,0.0,^CNXAUTO
2026-06-10 09:15:00+05:30,26020.150390625,26034.30078125,25893.900390625,26009.650390625,0,0.0,0.0,^CNXAUTO
2026-06-10 09:30:00+05:30,26008.849609375,26046.30078125,25947.05078125,26036.900390625,0,0.0,0.0,^CNXAUTO
2026-06-10 09:45:00+05:30,26037.099609375,26067.75,25987.900390625,25987.900390625,0,0.0,0.0,^CNXAUTO
2026-06-10 10:00:00+05:30,25988.099609375,25994.19921875,25918.69921875,25919.5,0,0.0,0.0,^CNXAUTO
2026-06-10 10:15:00+05:30,25919.650390625,25943.900390625,25894.69921875,25942.900390625,0,0.0,0.0,^CNXAUTO
2026-06-10 10:30:00+05:30,25942.900390625,26007.5,25941.94921875,25994.80078125,0,0.0,0.0,^CNXAUTO
2026-06-10 10:45:00+05:30,25995.150390625,26001.05078125,25949.349609375,25970.30078125,0,0.0,0.0,^CNXAUTO
2026-06-10 11:00:00+05:30,25972.849609375,26012.69921875,25947.900390625,25987.75,0,0.0,0.0,^CNXAUTO
2026-06-10 11:15:00+05:30,25987.80078125,26007.75,25972.55078125,25998.599609375,0,0.0,0.0,^CNXAUTO
2026-06-10 11:30:00+05:30,25998.349609375,26027.099609375,25977.75,26025.5,0,0.0,0.0,^CNXAUTO
2026-06-10 11:45:00+05:30,26025.5,26027.19921875,25989.349609375,25994.19921875,0,0.0,0.0,^CNXAUTO
2026-06-10 12:00:00+05:30,25994.19921875,26026.5,25978.349609375,26025.44921875,0,0.0,0.0,^CNXAUTO
2026-06-10 12:15:00+05:30,26025.650390625,26046.099609375,25996.80078125,26031.69921875,0,0.0,0.0,^CNXAUTO
2026-06-10 12:30:00+05:30,26031.30078125,26041.75,25970.099609375,25981.150390625,0,0.0,0.0,^CNXAUTO
2026-06-10 12:45:00+05:30,25981.150390625,26005.19921875,25967.650390625,26005.19921875,0,0.0,0.0,^CNXAUTO
2026-06-10 13:00:00+05:30,26005.19921875,26083.349609375,26005.19921875,26067.44921875,0,0.0,0.0,^CNXAUTO
2026-06-10 13:15:00+05:30,26067.849609375,26081.80078125,26038.19921875,26075.400390625,0,0.0,0.0,^CNXAUTO
2026-06-10 13:30:00+05:30,26075.44921875,26086.400390625,26003.55078125,26014.650390625,0,0.0,0.0,^CNXAUTO
2026-06-10 13:45:00+05:30,26015.30078125,26044.099609375,26010.599609375,26030.19921875,0,0.0,0.0,^CNXAUTO
2026-06-10 14:00:00+05:30,26030.150390625,26051.099609375,25992.69921875,25995.19921875,0,0.0,0.0,^CNXAUTO
2026-06-10 14:15:00+05:30,25994.400390625,26009.69921875,25982.400390625,25997.650390625,0,0.0,0.0,^CNXAUTO
2026-06-10 14:30:00+05:30,25997.650390625,26000.80078125,25919.099609375,25935.599609375,0,0.0,0.0,^CNXAUTO
2026-06-10 14:45:00+05:30,25934.900390625,25941.900390625,25892.05078125,25904.44921875,0,0.0,0.0,^CNXAUTO
2026-06-10 15:00:00+05:30,25906.19921875,25908.849609375,25795.44921875,25798.55078125,0,0.0,0.0,^CNXAUTO
2026-06-10 15:15:00+05:30,25797.75,25836.0,25759.75,25830.0,0,0.0,0.0,^CNXAUTO
2026-06-11 09:15:00+05:30,25699.849609375,25699.849609375,25517.55078125,25638.0,0,0.0,0.0,^CNXAUTO
2026-06-11 09:30:00+05:30,25641.349609375,25668.75,25605.80078125,25641.75,0,0.0,0.0,^CNXAUTO
2026-06-11 09:45:00+05:30,25641.150390625,25706.30078125,25624.75,25633.150390625,0,0.0,0.0,^CNXAUTO
2026-06-11 10:00:00+05:30,25633.599609375,25699.5,25630.0,25673.55078125,0,0.0,0.0,^CNXAUTO
2026-06-11 10:15:00+05:30,25675.150390625,25767.05078125,25669.75,25764.150390625,0,0.0,0.0,^CNXAUTO
2026-06-11 10:30:00+05:30,25764.0,25801.94921875,25734.75,25771.19921875,0,0.0,0.0,^CNXAUTO
2026-06-11 10:45:00+05:30,25771.400390625,25795.44921875,25711.25,25724.05078125,0,0.0,0.0,^CNXAUTO
2026-06-11 11:00:00+05:30,25723.650390625,25736.30078125,25677.44921875,25735.849609375,0,0.0,0.0,^CNXAUTO
2026-06-11 11:15:00+05:30,25735.849609375,25808.75,25723.150390625,25805.099609375,0,0.0,0.0,^CNXAUTO
2026-06-11 11:30:00+05:30,25806.849609375,25820.900390625,25753.94921875,25790.55078125,0,0.0,0.0,^CNXAUTO
2026-06-11 11:45:00+05:30,25792.349609375,25830.25,25780.94921875,25821.349609375,0,0.0,0.0,^CNXAUTO
2026-06-11 12:00:00+05:30,25823.55078125,25878.099609375,25816.0,25877.94921875,0,0.0,0.0,^CNXAUTO
2026-06-11 12:15:00+05:30,25878.19921875,25922.25,25859.44921875,25902.099609375,0,0.0,0.0,^CNXAUTO
2026-06-11 12:30:00+05:30,25903.80078125,25957.5,25863.849609375,25875.150390625,0,0.0,0.0,^CNXAUTO
2026-06-11 12:45:00+05:30,25877.69921875,25884.400390625,25822.5,25882.80078125,0,0.0,0.0,^CNXAUTO
2026-06-11 13:00:00+05:30,25882.69921875,25898.75,25832.44921875,25832.44921875,0,0.0,0.0,^CNXAUTO
2026-06-11 13:15:00+05:30,25834.25,25838.80078125,25794.400390625,25811.69921875,0,0.0,0.0,^CNXAUTO
2026-06-11 13:30:00+05:30,25813.599609375,25842.150390625,25797.150390625,25811.69921875,0,0.0,0.0,^CNXAUTO
2026-06-11 13:45:00+05:30,25813.19921875,25857.650390625,25802.150390625,25842.400390625,0,0.0,0.0,^CNXAUTO
2026-06-11 14:00:00+05:30,25845.30078125,25866.5,25830.650390625,25859.150390625,0,0.0,0.0,^CNXAUTO
2026-06-11 14:15:00+05:30,25859.599609375,25905.599609375,25841.400390625,25895.150390625,0,0.0,0.0,^CNXAUTO
2026-06-11 14:30:00+05:30,25895.19921875,25895.400390625,25824.75,25830.25,0,0.0,0.0,^CNXAUTO
2026-06-11 14:45:00+05:30,25832.099609375,25832.75,25783.44921875,25808.94921875,0,0.0,0.0,^CNXAUTO
2026-06-11 15:00:00+05:30,25810.099609375,25829.25,25760.94921875,25810.400390625,0,0.0,0.0,^CNXAUTO
2026-06-11 15:15:00+05:30,25810.150390625,25837.19921875,25774.150390625,25834.80078125,0,0.0,0.0,^CNXAUTO
2026-06-12 09:15:00+05:30,26123.69921875,26319.900390625,26122.80078125,26239.69921875,0,0.0,0.0,^CNXAUTO
2026-06-12 09:30:00+05:30,26240.400390625,26263.349609375,26068.349609375,26078.25,0,0.0,0.0,^CNXAUTO
2026-06-12 09:45:00+05:30,26079.25,26107.19921875,25981.19921875,25983.69921875,0,0.0,0.0,^CNXAUTO
2026-06-12 10:00:00+05:30,25985.75,26054.94921875,25958.599609375,26012.75,0,0.0,0.0,^CNXAUTO
2026-06-12 10:15:00+05:30,26014.099609375,26032.900390625,25988.0,25991.75,0,0.0,0.0,^CNXAUTO
2026-06-12 10:30:00+05:30,25991.55078125,25997.900390625,25938.849609375,25942.5,0,0.0,0.0,^CNXAUTO
2026-06-12 10:45:00+05:30,25943.599609375,25950.75,25908.44921875,25937.900390625,0,0.0,0.0,^CNXAUTO
2026-06-12 11:00:00+05:30,25938.5,25994.19921875,25929.400390625,25984.849609375,0,0.0,0.0,^CNXAUTO
2026-06-12 11:15:00+05:30,25985.80078125,25987.5,25912.0,25914.400390625,0,0.0,0.0,^CNXAUTO
2026-06-12 11:30:00+05:30,25913.5,25968.650390625,25913.5,25963.650390625,0,0.0,0.0,^CNXAUTO
2026-06-12 11:45:00+05:30,25962.94921875,25963.30078125,25914.75,25919.75,0,0.0,0.0,^CNXAUTO
2026-06-12 12:00:00+05:30,25919.0,25944.5,25893.349609375,25913.19921875,0,0.0,0.0,^CNXAUTO
2026-06-12 12:15:00+05:30,25913.150390625,25953.650390625,25902.5,25949.25,0,0.0,0.0,^CNXAUTO
2026-06-12 12:30:00+05:30,25948.55078125,25949.900390625,25882.849609375,25888.25,0,0.0,0.0,^CNXAUTO
2026-06-12 12:45:00+05:30,25888.650390625,25907.650390625,25878.94921875,25894.94921875,0,0.0,0.0,^CNXAUTO
2026-06-12 13:00:00+05:30,25895.0,25950.44921875,25889.099609375,25917.099609375,0,0.0,0.0,^CNXAUTO
2026-06-12 13:15:00+05:30,25916.400390625,25988.44921875,25891.400390625,25967.55078125,0,0.0,0.0,^CNXAUTO
2026-06-12 13:30:00+05:30,25968.349609375,26060.599609375,25957.55078125,26057.849609375,0,0.0,0.0,^CNXAUTO
2026-06-12 13:45:00+05:30,26056.05078125,26129.349609375,26037.150390625,26126.400390625,0,0.0,0.0,^CNXAUTO
2026-06-12 14:00:00+05:30,26128.19921875,26168.55078125,26111.80078125,26153.75,0,0.0,0.0,^CNXAUTO
2026-06-12 14:15:00+05:30,26154.05078125,26228.75,26143.19921875,26223.150390625,0,0.0,0.0,^CNXAUTO
2026-06-12 14:30:00+05:30,26220.599609375,26278.599609375,26214.0,26252.5,0,0.0,0.0,^CNXAUTO
2026-06-12 14:45:00+05:30,26253.05078125,26289.05078125,26247.599609375,26273.400390625,0,0.0,0.0,^CNXAUTO
2026-06-12 15:00:00+05:30,26273.25,26319.5,26228.5,26293.44921875,0,0.0,0.0,^CNXAUTO
2026-06-12 15:15:00+05:30,26292.099609375,26320.05078125,26272.55078125,26289.099609375,0,0.0,0.0,^CNXAUTO
2026-06-15 09:15:00+05:30,26675.349609375,26851.44921875,26675.349609375,26797.94921875,0,0.0,0.0,^CNXAUTO
2026-06-15 09:30:00+05:30,26796.75,26915.55078125,26777.05078125,26914.19921875,0,0.0,0.0,^CNXAUTO
2026-06-15 09:45:00+05:30,26914.55078125,27028.05078125,26900.30078125,26964.75,0,0.0,0.0,^CNXAUTO
2026-06-15 10:00:00+05:30,26965.349609375,26996.400390625,26938.5,26955.150390625,0,0.0,0.0,^CNXAUTO
2026-06-15 10:15:00+05:30,26955.94921875,27013.849609375,26940.80078125,27009.150390625,0,0.0,0.0,^CNXAUTO
2026-06-15 10:30:00+05:30,27010.05078125,27060.099609375,26991.150390625,27040.150390625,0,0.0,0.0,^CNXAUTO
2026-06-15 10:45:00+05:30,27038.900390625,27090.30078125,27033.30078125,27063.900390625,0,0.0,0.0,^CNXAUTO
2026-06-15 11:00:00+05:30,27062.44921875,27066.349609375,27020.94921875,27063.19921875,0,0.0,0.0,^CNXAUTO
2026-06-15 11:15:00+05:30,27062.400390625,27080.80078125,27045.849609375,27075.94921875,0,0.0,0.0,^CNXAUTO
2026-06-15 11:30:00+05:30,27075.94921875,27082.599609375,27043.400390625,27051.099609375,0,0.0,0.0,^CNXAUTO
2026-06-15 11:45:00+05:30,27048.80078125,27119.55078125,27041.099609375,27089.44921875,0,0.0,0.0,^CNXAUTO
2026-06-15 12:00:00+05:30,27088.80078125,27095.5,27022.75,27034.900390625,0,0.0,0.0,^CNXAUTO
2026-06-15 12:15:00+05:30,27036.0,27062.75,27005.30078125,27023.099609375,0,0.0,0.0,^CNXAUTO
2026-06-15 12:30:00+05:30,27022.849609375,27068.849609375,27001.849609375,27020.400390625,0,0.0,0.0,^CNXAUTO
2026-06-15 12:45:00+05:30,27021.44921875,27051.94921875,27014.599609375,27050.599609375,0,0.0,0.0,^CNXAUTO
2026-06-15 13:00:00+05:30,27051.69921875,27090.849609375,27034.849609375,27076.69921875,0,0.0,0.0,^CNXAUTO
2026-06-15 13:15:00+05:30,27076.19921875,27094.349609375,27060.0,27086.0,0,0.0,0.0,^CNXAUTO
2026-06-15 13:30:00+05:30,27087.30078125,27102.5,27079.599609375,27088.69921875,0,0.0,0.0,^CNXAUTO
2026-06-15 13:45:00+05:30,27089.25,27119.05078125,27078.44921875,27117.099609375,0,0.0,0.0,^CNXAUTO
2026-06-15 14:00:00+05:30,27116.44921875,27125.650390625,27096.400390625,27107.099609375,0,0.0,0.0,^CNXAUTO
2026-06-15 14:15:00+05:30,27105.349609375,27112.69921875,27085.599609375,27107.150390625,0,0.0,0.0,^CNXAUTO
2026-06-15 14:30:00+05:30,27106.849609375,27127.0,27074.650390625,27082.650390625,0,0.0,0.0,^CNXAUTO
2026-06-15 14:45:00+05:30,27084.099609375,27086.349609375,27018.44921875,27033.25,0,0.0,0.0,^CNXAUTO
2026-06-15 15:00:00+05:30,27032.599609375,27038.19921875,26943.099609375,26982.69921875,0,0.0,0.0,^CNXAUTO
2026-06-15 15:15:00+05:30,26982.349609375,27005.55078125,26952.400390625,26981.150390625,0,0.0,0.0,^CNXAUTO
2026-06-16 09:15:00+05:30,27125.44921875,27125.44921875,27011.900390625,27044.349609375,0,0.0,0.0,^CNXAUTO
2026-06-16 09:30:00+05:30,27046.25,27049.599609375,26962.30078125,26985.150390625,0,0.0,0.0,^CNXAUTO
2026-06-16 09:45:00+05:30,26985.0,27009.900390625,26935.5,26939.75,0,0.0,0.0,^CNXAUTO
2026-06-16 10:00:00+05:30,26940.94921875,26944.5,26876.099609375,26902.94921875,0,0.0,0.0,^CNXAUTO
2026-06-16 10:15:00+05:30,26902.599609375,26943.650390625,26891.150390625,26923.650390625,0,0.0,0.0,^CNXAUTO
2026-06-16 10:30:00+05:30,26923.44921875,26978.44921875,26906.349609375,26966.55078125,0,0.0,0.0,^CNXAUTO
2026-06-16 10:45:00+05:30,26966.19921875,26978.0,26948.19921875,26948.19921875,0,0.0,0.0,^CNXAUTO
2026-06-16 11:00:00+05:30,26949.25,26952.0,26894.80078125,26907.75,0,0.0,0.0,^CNXAUTO
2026-06-16 11:15:00+05:30,26907.30078125,26931.30078125,26900.55078125,26908.30078125,0,0.0,0.0,^CNXAUTO
2026-06-16 11:30:00+05:30,26908.150390625,26920.30078125,26878.900390625,26887.099609375,0,0.0,0.0,^CNXAUTO
2026-06-16 11:45:00+05:30,26885.30078125,26923.30078125,26882.75,26915.650390625,0,0.0,0.0,^CNXAUTO
2026-06-16 12:00:00+05:30,26913.75,26917.099609375,26888.5,26894.75,0,0.0,0.0,^CNXAUTO
2026-06-16 12:15:00+05:30,26893.05078125,26896.19921875,26851.900390625,26896.05078125,0,0.0,0.0,^CNXAUTO
2026-06-16 12:30:00+05:30,26895.25,26915.44921875,26864.400390625,26877.900390625,0,0.0,0.0,^CNXAUTO
2026-06-16 12:45:00+05:30,26878.349609375,26880.75,26851.19921875,26870.30078125,0,0.0,0.0,^CNXAUTO
2026-06-16 13:00:00+05:30,26870.25,26912.0,26857.099609375,26902.900390625,0,0.0,0.0,^CNXAUTO
2026-06-16 13:15:00+05:30,26902.650390625,26923.44921875,26890.150390625,26902.25,0,0.0,0.0,^CNXAUTO
2026-06-16 13:30:00+05:30,26902.25,26910.5,26877.05078125,26908.30078125,0,0.0,0.0,^CNXAUTO
2026-06-16 13:45:00+05:30,26907.75,26937.650390625,26898.099609375,26926.400390625,0,0.0,0.0,^CNXAUTO
2026-06-16 14:00:00+05:30,26927.150390625,26974.69921875,26927.150390625,26971.5,0,0.0,0.0,^CNXAUTO
2026-06-16 14:15:00+05:30,26971.400390625,26980.75,26935.849609375,26939.650390625,0,0.0,0.0,^CNXAUTO
2026-06-16 14:30:00+05:30,26940.349609375,26945.650390625,26888.75,26889.80078125,0,0.0,0.0,^CNXAUTO
2026-06-16 14:45:00+05:30,26889.80078125,26943.599609375,26886.19921875,26933.44921875,0,0.0,0.0,^CNXAUTO
2026-06-16 15:00:00+05:30,26932.44921875,26943.599609375,26881.400390625,26888.599609375,0,0.0,0.0,^CNXAUTO
2026-06-16 15:15:00+05:30,26889.150390625,26897.80078125,26871.900390625,26878.400390625,0,0.0,0.0,^CNXAUTO
2026-06-17 09:15:00+05:30,26969.849609375,26970.25,26795.400390625,26910.55078125,0,0.0,0.0,^CNXAUTO
2026-06-17 09:30:00+05:30,26910.650390625,26967.44921875,26869.349609375,26964.599609375,0,0.0,0.0,^CNXAUTO
2026-06-17 09:45:00+05:30,26964.650390625,26986.05078125,26940.80078125,26947.19921875,0,0.0,0.0,^CNXAUTO
2026-06-17 10:00:00+05:30,26949.05078125,26965.150390625,26898.650390625,26946.900390625,0,0.0,0.0,^CNXAUTO
2026-06-17 10:15:00+05:30,26948.650390625,26974.099609375,26937.69921875,26939.349609375,0,0.0,0.0,^CNXAUTO
2026-06-17 10:30:00+05:30,26939.80078125,26948.25,26919.30078125,26932.0,0,0.0,0.0,^CNXAUTO
2026-06-17 10:45:00+05:30,26932.0,26932.650390625,26888.05078125,26905.30078125,0,0.0,0.0,^CNXAUTO
2026-06-17 11:00:00+05:30,26906.400390625,26915.150390625,26871.900390625,26894.44921875,0,0.0,0.0,^CNXAUTO
2026-06-17 11:15:00+05:30,26897.55078125,26907.25,26872.599609375,26875.19921875,0,0.0,0.0,^CNXAUTO
2026-06-17 11:30:00+05:30,26875.150390625,26911.05078125,26852.55078125,26887.69921875,0,0.0,0.0,^CNXAUTO
2026-06-17 11:45:00+05:30,26887.94921875,26898.25,26864.44921875,26866.5,0,0.0,0.0,^CNXAUTO
2026-06-17 12:00:00+05:30,26866.849609375,26887.94921875,26843.400390625,26876.400390625,0,0.0,0.0,^CNXAUTO
2026-06-17 12:15:00+05:30,26876.400390625,26876.400390625,26813.05078125,26818.599609375,0,0.0,0.0,^CNXAUTO
2026-06-17 12:30:00+05:30,26818.150390625,26818.900390625,26754.80078125,26773.44921875,0,0.0,0.0,^CNXAUTO
2026-06-17 12:45:00+05:30,26773.849609375,26773.849609375,26733.80078125,26743.599609375,0,0.0,0.0,^CNXAUTO
2026-06-17 13:00:00+05:30,26743.099609375,26749.69921875,26621.25,26630.75,0,0.0,0.0,^CNXAUTO
2026-06-17 13:15:00+05:30,26631.05078125,26707.19921875,26622.0,26692.55078125,0,0.0,0.0,^CNXAUTO
2026-06-17 13:30:00+05:30,26692.400390625,26736.5,26690.25,26734.55078125,0,0.0,0.0,^CNXAUTO
2026-06-17 13:45:00+05:30,26734.55078125,26744.599609375,26575.05078125,26601.75,0,0.0,0.0,^CNXAUTO
2026-06-17 14:00:00+05:30,26604.30078125,26619.849609375,26549.400390625,26616.94921875,0,0.0,0.0,^CNXAUTO
2026-06-17 14:15:00+05:30,26617.650390625,26628.650390625,26590.05078125,26594.94921875,0,0.0,0.0,^CNXAUTO
2026-06-17 14:30:00+05:30,26594.44921875,26634.099609375,26563.349609375,26628.55078125,0,0.0,0.0,^CNXAUTO
2026-06-17 14:45:00+05:30,26629.349609375,26702.80078125,26619.69921875,26701.150390625,0,0.0,0.0,^CNXAUTO
2026-06-17 15:00:00+05:30,26701.44921875,26766.099609375,26699.75,26711.69921875,0,0.0,0.0,^CNXAUTO
2026-06-17 15:15:00+05:30,26711.19921875,26721.5,26696.400390625,26716.75,0,0.0,0.0,^CNXAUTO
2026-06-18 09:15:00+05:30,26781.900390625,26835.05078125,26728.150390625,26772.900390625,0,0.0,0.0,^CNXAUTO
2026-06-18 09:30:00+05:30,26774.400390625,26831.55078125,26734.5,26806.19921875,0,0.0,0.0,^CNXAUTO
2026-06-18 09:45:00+05:30,26806.30078125,26842.349609375,26784.599609375,26837.400390625,0,0.0,0.0,^CNXAUTO
2026-06-18 10:00:00+05:30,26834.80078125,26843.05078125,26780.849609375,26788.599609375,0,0.0,0.0,^CNXAUTO
2026-06-18 10:15:00+05:30,26787.900390625,26797.25,26770.650390625,26776.19921875,0,0.0,0.0,^CNXAUTO
2026-06-18 10:30:00+05:30,26775.75,26798.55078125,26750.44921875,26779.55078125,0,0.0,0.0,^CNXAUTO
2026-06-18 10:45:00+05:30,26779.0,26808.75,26748.650390625,26762.25,0,0.0,0.0,^CNXAUTO
2026-06-18 11:00:00+05:30,26761.650390625,26763.099609375,26711.0,26717.25,0,0.0,0.0,^CNXAUTO
2026-06-18 11:15:00+05:30,26716.69921875,26717.400390625,26673.94921875,26701.5,0,0.0,0.0,^CNXAUTO
2026-06-18 11:30:00+05:30,26701.19921875,26709.25,26663.099609375,26676.900390625,0,0.0,0.0,^CNXAUTO
2026-06-18 11:45:00+05:30,26676.650390625,26693.599609375,26654.30078125,26686.25,0,0.0,0.0,^CNXAUTO
2026-06-18 12:00:00+05:30,26686.25,26702.150390625,26670.349609375,26692.75,0,0.0,0.0,^CNXAUTO
2026-06-18 12:15:00+05:30,26691.30078125,26742.099609375,26690.25,26739.650390625,0,0.0,0.0,^CNXAUTO
2026-06-18 12:30:00+05:30,26739.650390625,26748.849609375,26697.349609375,26704.25,0,0.0,0.0,^CNXAUTO
2026-06-18 12:45:00+05:30,26703.19921875,26731.94921875,26696.900390625,26728.150390625,0,0.0,0.0,^CNXAUTO
2026-06-18 13:00:00+05:30,26727.19921875,26737.94921875,26718.5,26726.94921875,0,0.0,0.0,^CNXAUTO
2026-06-18 13:15:00+05:30,26727.349609375,26736.69921875,26690.349609375,26706.19921875,0,0.0,0.0,^CNXAUTO
2026-06-18 13:30:00+05:30,26707.5,26735.400390625,26702.80078125,26717.55078125,0,0.0,0.0,^CNXAUTO
2026-06-18 13:45:00+05:30,26717.5,26726.75,26701.25,26703.650390625,0,0.0,0.0,^CNXAUTO
2026-06-18 14:00:00+05:30,26704.25,26708.400390625,26676.0,26696.44921875,0,0.0,0.0,^CNXAUTO
2026-06-18 14:15:00+05:30,26697.30078125,26713.849609375,26677.349609375,26705.55078125,0,0.0,0.0,^CNXAUTO
2026-06-18 14:30:00+05:30,26704.849609375,26717.849609375,26680.0,26691.849609375,0,0.0,0.0,^CNXAUTO
2026-06-18 14:45:00+05:30,26691.099609375,26732.400390625,26677.55078125,26729.80078125,0,0.0,0.0,^CNXAUTO
2026-06-18 15:00:00+05:30,26731.900390625,26780.94921875,26710.400390625,26753.349609375,0,0.0,0.0,^CNXAUTO
2026-06-18 15:15:00+05:30,26754.75,26761.30078125,26699.69921875,26712.650390625,0,0.0,0.0,^CNXAUTO
2026-06-19 09:15:00+05:30,26662.94921875,26662.94921875,26583.0,26638.05078125,0,0.0,0.0,^CNXAUTO
2026-06-19 09:30:00+05:30,26637.25,26691.849609375,26605.55078125,26647.05078125,0,0.0,0.0,^CNXAUTO
2026-06-19 09:45:00+05:30,26646.80078125,26651.05078125,26605.099609375,26617.400390625,0,0.0,0.0,^CNXAUTO
2026-06-19 10:00:00+05:30,26617.650390625,26631.19921875,26575.900390625,26629.25,0,0.0,0.0,^CNXAUTO
2026-06-19 10:15:00+05:30,26629.75,26632.349609375,26562.44921875,26567.69921875,0,0.0,0.0,^CNXAUTO
2026-06-19 10:30:00+05:30,26567.55078125,26584.05078125,26530.94921875,26580.69921875,0,0.0,0.0,^CNXAUTO
2026-06-19 10:45:00+05:30,26582.150390625,26589.349609375,26538.650390625,26565.599609375,0,0.0,0.0,^CNXAUTO
2026-06-19 11:00:00+05:30,26566.0,26566.75,26534.650390625,26552.650390625,0,0.0,0.0,^CNXAUTO
2026-06-19 11:15:00+05:30,26552.5,26566.099609375,26526.19921875,26544.25,0,0.0,0.0,^CNXAUTO
2026-06-19 11:30:00+05:30,26544.44921875,26578.75,26531.599609375,26541.650390625,0,0.0,0.0,^CNXAUTO
2026-06-19 11:45:00+05:30,26541.400390625,26541.400390625,26506.099609375,26532.44921875,0,0.0,0.0,^CNXAUTO
2026-06-19 12:00:00+05:30,26532.75,26557.900390625,26532.25,26547.44921875,0,0.0,0.0,^CNXAUTO
2026-06-19 12:15:00+05:30,26545.44921875,26557.0,26538.0,26543.80078125,0,0.0,0.0,^CNXAUTO
2026-06-19 12:30:00+05:30,26543.80078125,26547.650390625,26505.44921875,26532.400390625,0,0.0,0.0,^CNXAUTO
2026-06-19 12:45:00+05:30,26532.94921875,26556.19921875,26523.5,26541.75,0,0.0,0.0,^CNXAUTO
2026-06-19 13:00:00+05:30,26541.25,26542.099609375,26485.5,26504.400390625,0,0.0,0.0,^CNXAUTO
2026-06-19 13:15:00+05:30,26502.44921875,26505.5,26462.19921875,26483.349609375,0,0.0,0.0,^CNXAUTO
2026-06-19 13:30:00+05:30,26483.5,26538.30078125,26480.400390625,26534.75,0,0.0,0.0,^CNXAUTO
2026-06-19 13:45:00+05:30,26534.75,26558.599609375,26527.400390625,26555.94921875,0,0.0,0.0,^CNXAUTO
2026-06-19 14:00:00+05:30,26555.5,26606.80078125,26547.0,26596.5,0,0.0,0.0,^CNXAUTO
2026-06-19 14:15:00+05:30,26597.80078125,26604.099609375,26574.099609375,26591.349609375,0,0.0,0.0,^CNXAUTO
2026-06-19 14:30:00+05:30,26592.349609375,26642.25,26591.75,26626.30078125,0,0.0,0.0,^CNXAUTO
2026-06-19 14:45:00+05:30,26626.19921875,26628.099609375,26491.69921875,26515.75,0,0.0,0.0,^CNXAUTO
2026-06-19 15:00:00+05:30,26509.5,26611.30078125,26500.69921875,26599.30078125,0,0.0,0.0,^CNXAUTO
2026-06-19 15:15:00+05:30,26600.80078125,26630.25,26572.0,26621.75,0,0.0,0.0,^CNXAUTO
2026-06-22 09:15:00+05:30,26700.94921875,26757.75,26610.30078125,26636.599609375,0,0.0,0.0,^CNXAUTO
2026-06-22 09:30:00+05:30,26639.650390625,26685.099609375,26632.099609375,26670.900390625,0,0.0,0.0,^CNXAUTO
2026-06-22 09:45:00+05:30,26671.349609375,26742.150390625,26653.349609375,26740.94921875,0,0.0,0.0,^CNXAUTO
2026-06-22 10:00:00+05:30,26741.44921875,26802.05078125,26740.94921875,26778.94921875,0,0.0,0.0,^CNXAUTO
2026-06-22 10:15:00+05:30,26779.650390625,26788.80078125,26763.80078125,26776.0,0,0.0,0.0,^CNXAUTO
2026-06-22 10:30:00+05:30,26777.80078125,26789.05078125,26750.900390625,26786.25,0,0.0,0.0,^CNXAUTO
2026-06-22 10:45:00+05:30,26786.400390625,26795.599609375,26757.400390625,26767.44921875,0,0.0,0.0,^CNXAUTO
2026-06-22 11:00:00+05:30,26767.69921875,26769.0,26725.900390625,26734.900390625,0,0.0,0.0,^CNXAUTO
2026-06-22 11:15:00+05:30,26736.69921875,26756.25,26736.19921875,26743.349609375,0,0.0,0.0,^CNXAUTO
2026-06-22 11:30:00+05:30,26742.55078125,26751.900390625,26691.0,26693.099609375,0,0.0,0.0,^CNXAUTO
2026-06-22 11:45:00+05:30,26693.19921875,26730.69921875,26690.19921875,26729.349609375,0,0.0,0.0,^CNXAUTO
2026-06-22 12:00:00+05:30,26731.0,26750.599609375,26706.69921875,26746.349609375,0,0.0,0.0,^CNXAUTO
2026-06-22 12:15:00+05:30,26745.55078125,26769.94921875,26743.150390625,26750.25,0,0.0,0.0,^CNXAUTO
2026-06-22 12:30:00+05:30,26750.25,26773.05078125,26745.25,26769.55078125,0,0.0,0.0,^CNXAUTO
2026-06-22 12:45:00+05:30,26770.599609375,26783.69921875,26761.69921875,26777.099609375,0,0.0,0.0,^CNXAUTO
2026-06-22 13:00:00+05:30,26777.19921875,26781.349609375,26751.80078125,26753.849609375,0,0.0,0.0,^CNXAUTO
2026-06-22 13:15:00+05:30,26753.44921875,26774.25,26750.25,26767.44921875,0,0.0,0.0,^CNXAUTO
2026-06-22 13:30:00+05:30,26767.25,26773.25,26717.400390625,26743.900390625,0,0.0,0.0,^CNXAUTO
2026-06-22 13:45:00+05:30,26743.900390625,26758.19921875,26737.05078125,26743.0,0,0.0,0.0,^CNXAUTO
2026-06-22 14:00:00+05:30,26746.900390625,26754.19921875,26728.19921875,26748.75,0,0.0,0.0,^CNXAUTO
2026-06-22 14:15:00+05:30,26751.55078125,26757.400390625,26734.55078125,26754.599609375,0,0.0,0.0,^CNXAUTO
2026-06-22 14:30:00+05:30,26754.5,26761.400390625,26720.150390625,26720.80078125,0,0.0,0.0,^CNXAUTO
2026-06-22 14:45:00+05:30,26723.5,26750.94921875,26721.400390625,26736.0,0,0.0,0.0,^CNXAUTO
2026-06-22 15:00:00+05:30,26741.650390625,26758.099609375,26712.75,26713.650390625,0,0.0,0.0,^CNXAUTO
2026-06-22 15:15:00+05:30,26713.5,26716.69921875,26667.349609375,26692.30078125,0,0.0,0.0,^CNXAUTO
2026-06-23 09:15:00+05:30,26712.650390625,26732.05078125,26648.55078125,26712.30078125,0,0.0,0.0,^CNXAUTO
2026-06-23 09:30:00+05:30,26711.75,26731.0,26678.599609375,26711.30078125,0,0.0,0.0,^CNXAUTO
2026-06-23 09:45:00+05:30,26710.849609375,26729.849609375,26667.55078125,26670.099609375,0,0.0,0.0,^CNXAUTO
2026-06-23 10:00:00+05:30,26669.94921875,26690.849609375,26640.94921875,26671.55078125,0,0.0,0.0,^CNXAUTO
2026-06-23 10:15:00+05:30,26672.19921875,26689.05078125,26642.30078125,26643.5,0,0.0,0.0,^CNXAUTO
2026-06-23 10:30:00+05:30,26643.19921875,26691.80078125,26627.099609375,26676.900390625,0,0.0,0.0,^CNXAUTO
2026-06-23 10:45:00+05:30,26676.30078125,26676.80078125,26639.5,26650.400390625,0,0.0,0.0,^CNXAUTO
2026-06-23 11:00:00+05:30,26650.19921875,26668.94921875,26634.25,26655.80078125,0,0.0,0.0,^CNXAUTO
2026-06-23 11:15:00+05:30,26657.599609375,26725.55078125,26656.05078125,26711.150390625,0,0.0,0.0,^CNXAUTO
2026-06-23 11:30:00+05:30,26711.94921875,26715.94921875,26633.44921875,26638.150390625,0,0.0,0.0,^CNXAUTO
2026-06-23 11:45:00+05:30,26637.900390625,26640.75,26531.05078125,26546.25,0,0.0,0.0,^CNXAUTO
2026-06-23 12:00:00+05:30,26547.19921875,26556.75,26511.349609375,26533.80078125,0,0.0,0.0,^CNXAUTO
2026-06-23 12:15:00+05:30,26534.69921875,26556.69921875,26496.05078125,26543.849609375,0,0.0,0.0,^CNXAUTO
2026-06-23 12:30:00+05:30,26543.849609375,26553.05078125,26521.80078125,26523.099609375,0,0.0,0.0,^CNXAUTO
2026-06-23 12:45:00+05:30,26524.44921875,26540.55078125,26481.80078125,26504.94921875,0,0.0,0.0,^CNXAUTO
2026-06-23 13:00:00+05:30,26505.75,26514.650390625,26474.55078125,26503.650390625,0,0.0,0.0,^CNXAUTO
2026-06-23 13:15:00+05:30,26504.400390625,26516.94921875,26473.94921875,26476.900390625,0,0.0,0.0,^CNXAUTO
2026-06-23 13:30:00+05:30,26477.30078125,26481.44921875,26437.650390625,26471.69921875,0,0.0,0.0,^CNXAUTO
2026-06-23 13:45:00+05:30,26471.349609375,26502.099609375,26467.849609375,26470.900390625,0,0.0,0.0,^CNXAUTO
2026-06-23 14:00:00+05:30,26472.80078125,26533.69921875,26452.55078125,26524.94921875,0,0.0,0.0,^CNXAUTO
2026-06-23 14:15:00+05:30,26525.349609375,26588.5,26519.0,26580.05078125,0,0.0,0.0,^CNXAUTO
2026-06-23 14:30:00+05:30,26580.349609375,26611.80078125,26554.599609375,26606.25,0,0.0,0.0,^CNXAUTO
2026-06-23 14:45:00+05:30,26607.19921875,26667.0,26591.05078125,26631.0,0,0.0,0.0,^CNXAUTO
2026-06-23 15:00:00+05:30,26632.25,26642.55078125,26483.349609375,26502.94921875,0,0.0,0.0,^CNXAUTO
2026-06-23 15:15:00+05:30,26502.650390625,26504.599609375,26446.55078125,26454.25,0,0.0,0.0,^CNXAUTO
2026-06-24 09:15:00+05:30,26442.30078125,26472.150390625,26378.30078125,26406.94921875,0,0.0,0.0,^CNXAUTO
2026-06-24 09:30:00+05:30,26412.55078125,26442.900390625,26328.44921875,26336.099609375,0,0.0,0.0,^CNXAUTO
2026-06-24 09:45:00+05:30,26338.80078125,26341.5,26242.19921875,26274.30078125,0,0.0,0.0,^CNXAUTO
2026-06-24 10:00:00+05:30,26273.599609375,26372.30078125,26273.599609375,26368.55078125,0,0.0,0.0,^CNXAUTO
2026-06-24 10:15:00+05:30,26370.75,26427.19921875,26369.150390625,26396.44921875,0,0.0,0.0,^CNXAUTO
2026-06-24 10:30:00+05:30,26396.900390625,26419.05078125,26385.150390625,26396.400390625,0,0.0,0.0,^CNXAUTO
2026-06-24 10:45:00+05:30,26398.099609375,26452.599609375,26394.599609375,26430.44921875,0,0.0,0.0,^CNXAUTO
2026-06-24 11:00:00+05:30,26430.94921875,26440.94921875,26401.599609375,26423.44921875,0,0.0,0.0,^CNXAUTO
2026-06-24 11:15:00+05:30,26422.75,26422.75,26375.19921875,26392.05078125,0,0.0,0.0,^CNXAUTO
2026-06-24 11:30:00+05:30,26391.75,26409.19921875,26367.80078125,26408.400390625,0,0.0,0.0,^CNXAUTO
2026-06-24 11:45:00+05:30,26407.94921875,26418.400390625,26391.5,26394.55078125,0,0.0,0.0,^CNXAUTO
2026-06-24 12:00:00+05:30,26394.80078125,26405.30078125,26367.75,26367.75,0,0.0,0.0,^CNXAUTO
2026-06-24 12:15:00+05:30,26367.900390625,26396.30078125,26363.0,26396.30078125,0,0.0,0.0,^CNXAUTO
2026-06-24 12:30:00+05:30,26396.0,26397.5,26354.80078125,26357.5,0,0.0,0.0,^CNXAUTO
2026-06-24 12:45:00+05:30,26356.900390625,26418.30078125,26356.5,26417.849609375,0,0.0,0.0,^CNXAUTO
2026-06-24 13:00:00+05:30,26417.80078125,26439.099609375,26409.69921875,26431.44921875,0,0.0,0.0,^CNXAUTO
2026-06-24 13:15:00+05:30,26432.75,26495.099609375,26428.5,26492.5,0,0.0,0.0,^CNXAUTO
2026-06-24 13:30:00+05:30,26493.400390625,26558.44921875,26493.099609375,26507.05078125,0,0.0,0.0,^CNXAUTO
2026-06-24 13:45:00+05:30,26507.05078125,26543.44921875,26505.900390625,26526.349609375,0,0.0,0.0,^CNXAUTO
2026-06-24 14:00:00+05:30,26526.349609375,26540.0,26494.099609375,26516.900390625,0,0.0,0.0,^CNXAUTO
2026-06-24 14:15:00+05:30,26514.400390625,26521.900390625,26499.5,26502.150390625,0,0.0,0.0,^CNXAUTO
2026-06-24 14:30:00+05:30,26503.0,26510.150390625,26446.900390625,26457.80078125,0,0.0,0.0,^CNXAUTO
2026-06-24 14:45:00+05:30,26458.0,26459.05078125,26410.599609375,26420.25,0,0.0,0.0,^CNXAUTO
2026-06-24 15:00:00+05:30,26422.80078125,26437.650390625,26372.19921875,26378.44921875,0,0.0,0.0,^CNXAUTO
2026-06-24 15:15:00+05:30,26376.94921875,26396.69921875,26354.400390625,26367.0,0,0.0,0.0,^CNXAUTO
2026-06-25 09:15:00+05:30,26559.05078125,26948.05078125,26557.25,26942.05078125,0,0.0,0.0,^CNXAUTO
2026-06-25 09:30:00+05:30,26943.099609375,26994.44921875,26884.849609375,26916.55078125,0,0.0,0.0,^CNXAUTO
2026-06-25 09:45:00+05:30,26912.400390625,26962.05078125,26906.25,26931.69921875,0,0.0,0.0,^CNXAUTO
2026-06-25 10:00:00+05:30,26929.30078125,26971.349609375,26861.25,26962.150390625,0,0.0,0.0,^CNXAUTO
2026-06-25 10:15:00+05:30,26963.849609375,27064.44921875,26959.599609375,27063.44921875,0,0.0,0.0,^CNXAUTO
2026-06-25 10:30:00+05:30,27063.650390625,27083.44921875,27014.55078125,27058.150390625,0,0.0,0.0,^CNXAUTO
2026-06-25 10:45:00+05:30,27059.400390625,27128.69921875,27056.80078125,27117.150390625,0,0.0,0.0,^CNXAUTO
2026-06-25 11:00:00+05:30,27116.25,27130.30078125,27078.94921875,27098.19921875,0,0.0,0.0,^CNXAUTO
2026-06-25 11:15:00+05:30,27100.5,27150.44921875,27094.69921875,27149.849609375,0,0.0,0.0,^CNXAUTO
2026-06-25 11:30:00+05:30,27149.75,27151.55078125,27097.75,27129.650390625,0,0.0,0.0,^CNXAUTO
2026-06-25 11:45:00+05:30,27130.25,27139.69921875,27102.650390625,27115.25,0,0.0,0.0,^CNXAUTO
2026-06-25 12:00:00+05:30,27115.44921875,27162.75,27113.30078125,27159.05078125,0,0.0,0.0,^CNXAUTO
2026-06-25 12:15:00+05:30,27160.05078125,27211.0,27147.849609375,27159.19921875,0,0.0,0.0,^CNXAUTO
2026-06-25 12:30:00+05:30,27158.94921875,27171.099609375,27135.099609375,27149.19921875,0,0.0,0.0,^CNXAUTO
2026-06-25 12:45:00+05:30,27150.30078125,27171.44921875,27129.099609375,27169.94921875,0,0.0,0.0,^CNXAUTO
2026-06-25 13:00:00+05:30,27170.349609375,27173.30078125,27116.75,27116.75,0,0.0,0.0,^CNXAUTO
2026-06-25 13:15:00+05:30,27117.099609375,27188.150390625,27114.19921875,27167.75,0,0.0,0.0,^CNXAUTO
2026-06-25 13:30:00+05:30,27169.80078125,27217.25,27157.44921875,27200.05078125,0,0.0,0.0,^CNXAUTO
2026-06-25 13:45:00+05:30,27201.150390625,27258.05078125,27168.25,27187.19921875,0,0.0,0.0,^CNXAUTO
2026-06-25 14:00:00+05:30,27186.25,27206.5,27131.0,27140.44921875,0,0.0,0.0,^CNXAUTO
2026-06-25 14:15:00+05:30,27141.900390625,27141.900390625,27067.25,27087.55078125,0,0.0,0.0,^CNXAUTO
2026-06-25 14:30:00+05:30,27088.30078125,27116.30078125,27013.599609375,27018.75,0,0.0,0.0,^CNXAUTO
2026-06-25 14:45:00+05:30,27019.69921875,27043.19921875,27004.150390625,27024.69921875,0,0.0,0.0,^CNXAUTO
2026-06-25 15:00:00+05:30,27024.75,27024.75,26932.94921875,26972.599609375,0,0.0,0.0,^CNXAUTO
2026-06-25 15:15:00+05:30,26972.55078125,27009.0,26968.30078125,27002.44921875,0,0.0,0.0,^CNXAUTO
2026-06-29 09:15:00+05:30,26858.19921875,26976.099609375,26770.5,26830.400390625,0,0.0,0.0,^CNXAUTO
2026-06-29 09:30:00+05:30,26829.69921875,26890.30078125,26747.30078125,26828.75,0,0.0,0.0,^CNXAUTO
2026-06-29 09:45:00+05:30,26827.650390625,26835.80078125,26758.349609375,26760.94921875,0,0.0,0.0,^CNXAUTO
2026-06-29 10:00:00+05:30,26760.05078125,26787.94921875,26724.75,26729.69921875,0,0.0,0.0,^CNXAUTO
2026-06-29 10:15:00+05:30,26729.44921875,26739.150390625,26685.650390625,26722.849609375,0,0.0,0.0,^CNXAUTO
2026-06-29 10:30:00+05:30,26723.900390625,26736.05078125,26683.25,26690.69921875,0,0.0,0.0,^CNXAUTO
2026-06-29 10:45:00+05:30,26691.80078125,26692.650390625,26592.25,26612.599609375,0,0.0,0.0,^CNXAUTO
2026-06-29 11:00:00+05:30,26613.75,26629.349609375,26548.30078125,26551.05078125,0,0.0,0.0,^CNXAUTO
2026-06-29 11:15:00+05:30,26552.0,26552.0,26501.19921875,26509.400390625,0,0.0,0.0,^CNXAUTO
2026-06-29 11:30:00+05:30,26508.05078125,26544.099609375,26488.05078125,26513.349609375,0,0.0,0.0,^CNXAUTO
2026-06-29 11:45:00+05:30,26514.400390625,26514.400390625,26470.69921875,26475.5,0,0.0,0.0,^CNXAUTO
2026-06-29 12:00:00+05:30,26477.69921875,26493.400390625,26450.900390625,26458.599609375,0,0.0,0.0,^CNXAUTO
2026-06-29 12:15:00+05:30,26457.94921875,26499.349609375,26436.80078125,26448.5,0,0.0,0.0,^CNXAUTO
2026-06-29 12:30:00+05:30,26450.0,26452.849609375,26371.05078125,26371.650390625,0,0.0,0.0,^CNXAUTO
2026-06-29 12:45:00+05:30,26371.400390625,26413.400390625,26370.349609375,26391.650390625,0,0.0,0.0,^CNXAUTO
2026-06-29 13:00:00+05:30,26392.849609375,26425.05078125,26372.099609375,26398.099609375,0,0.0,0.0,^CNXAUTO
2026-06-29 13:15:00+05:30,26398.349609375,26403.900390625,26368.599609375,26383.55078125,0,0.0,0.0,^CNXAUTO
2026-06-29 13:30:00+05:30,26383.849609375,26418.349609375,26335.150390625,26348.94921875,0,0.0,0.0,^CNXAUTO
2026-06-29 13:45:00+05:30,26348.80078125,26423.849609375,26345.099609375,26409.849609375,0,0.0,0.0,^CNXAUTO
2026-06-29 14:00:00+05:30,26410.30078125,26429.75,26398.0,26424.19921875,0,0.0,0.0,^CNXAUTO
2026-06-29 14:15:00+05:30,26423.849609375,26434.80078125,26404.349609375,26419.900390625,0,0.0,0.0,^CNXAUTO
2026-06-29 14:30:00+05:30,26419.599609375,26458.099609375,26406.849609375,26449.69921875,0,0.0,0.0,^CNXAUTO
2026-06-29 14:45:00+05:30,26448.599609375,26466.5,26378.30078125,26378.30078125,0,0.0,0.0,^CNXAUTO
2026-06-29 15:00:00+05:30,26375.05078125,26423.599609375,26340.69921875,26408.150390625,0,0.0,0.0,^CNXAUTO
2026-06-29 15:15:00+05:30,26407.150390625,26546.19921875,26388.44921875,26532.349609375,0,0.0,0.0,^CNXAUTO
2026-06-30 09:15:00+05:30,26537.0,26549.75,26108.25,26142.80078125,0,0.0,0.0,^CNXAUTO
2026-06-30 09:30:00+05:30,26143.900390625,26244.650390625,26067.75,26226.55078125,0,0.0,0.0,^CNXAUTO
2026-06-30 09:45:00+05:30,26225.19921875,26277.44921875,26210.44921875,26250.400390625,0,0.0,0.0,^CNXAUTO
2026-06-30 10:00:00+05:30,26252.25,26343.75,26250.30078125,26324.150390625,0,0.0,0.0,^CNXAUTO
2026-06-30 10:15:00+05:30,26324.349609375,26392.25,26313.30078125,26392.25,0,0.0,0.0,^CNXAUTO
2026-06-30 10:30:00+05:30,26391.94921875,26432.44921875,26378.650390625,26403.900390625,0,0.0,0.0,^CNXAUTO
2026-06-30 10:45:00+05:30,26403.5,26483.349609375,26402.69921875,26451.0,0,0.0,0.0,^CNXAUTO
2026-06-30 11:00:00+05:30,26450.599609375,26484.5,26430.19921875,26482.25,0,0.0,0.0,^CNXAUTO
2026-06-30 11:15:00+05:30,26483.75,26629.150390625,26470.849609375,26607.80078125,0,0.0,0.0,^CNXAUTO
2026-06-30 11:30:00+05:30,26609.44921875,26619.30078125,26555.0,26582.75,0,0.0,0.0,^CNXAUTO
2026-06-30 11:45:00+05:30,26582.650390625,26602.75,26565.0,26593.05078125,0,0.0,0.0,^CNXAUTO
2026-06-30 12:00:00+05:30,26592.849609375,26600.599609375,26547.25,26597.099609375,0,0.0,0.0,^CNXAUTO
2026-06-30 12:15:00+05:30,26596.05078125,26647.80078125,26589.69921875,26619.150390625,0,0.0,0.0,^CNXAUTO
2026-06-30 12:30:00+05:30,26620.75,26627.94921875,26564.80078125,26585.0,0,0.0,0.0,^CNXAUTO
2026-06-30 12:45:00+05:30,26583.30078125,26605.0,26557.349609375,26563.69921875,0,0.0,0.0,^CNXAUTO
2026-06-30 13:00:00+05:30,26563.900390625,26570.900390625,26541.05078125,26554.349609375,0,0.0,0.0,^CNXAUTO
2026-06-30 13:15:00+05:30,26555.80078125,26603.599609375,26545.349609375,26596.44921875,0,0.0,0.0,^CNXAUTO
2026-06-30 13:30:00+05:30,26596.5,26651.349609375,26595.25,26636.650390625,0,0.0,0.0,^CNXAUTO
2026-06-30 13:45:00+05:30,26638.55078125,26646.75,26612.55078125,26638.0,0,0.0,0.0,^CNXAUTO
2026-06-30 14:00:00+05:30,26638.30078125,26648.150390625,26594.44921875,26597.25,0,0.0,0.0,^CNXAUTO
2026-06-30 14:15:00+05:30,26595.44921875,26663.5,26581.650390625,26645.900390625,0,0.0,0.0,^CNXAUTO
2026-06-30 14:30:00+05:30,26645.69921875,26645.69921875,26604.30078125,26622.849609375,0,0.0,0.0,^CNXAUTO
2026-06-30 14:45:00+05:30,26621.19921875,26624.94921875,26564.69921875,26581.05078125,0,0.0,0.0,^CNXAUTO
2026-06-30 15:00:00+05:30,26579.900390625,26579.900390625,26447.94921875,26469.94921875,0,0.0,0.0,^CNXAUTO
2026-06-30 15:15:00+05:30,26468.69921875,26537.80078125,26459.05078125,26522.94921875,0,0.0,0.0,^CNXAUTO
2026-07-01 09:15:00+05:30,26585.150390625,26766.19921875,26585.150390625,26675.69921875,0,0.0,0.0,^CNXAUTO
2026-07-01 09:30:00+05:30,26671.75,26757.400390625,26665.94921875,26755.5,0,0.0,0.0,^CNXAUTO
2026-07-01 09:45:00+05:30,26757.849609375,26964.80078125,26757.849609375,26934.55078125,0,0.0,0.0,^CNXAUTO
2026-07-01 10:00:00+05:30,26934.0,26943.69921875,26831.44921875,26857.94921875,0,0.0,0.0,^CNXAUTO
2026-07-01 10:15:00+05:30,26857.0,26865.400390625,26794.400390625,26808.94921875,0,0.0,0.0,^CNXAUTO
2026-07-01 10:30:00+05:30,26807.19921875,26820.75,26748.19921875,26759.30078125,0,0.0,0.0,^CNXAUTO
2026-07-01 10:45:00+05:30,26759.69921875,26783.44921875,26733.80078125,26771.25,0,0.0,0.0,^CNXAUTO
2026-07-01 11:00:00+05:30,26771.19921875,26825.0,26743.55078125,26825.0,0,0.0,0.0,^CNXAUTO
2026-07-01 11:15:00+05:30,26824.150390625,26861.150390625,26789.0,26801.30078125,0,0.0,0.0,^CNXAUTO
2026-07-01 11:30:00+05:30,26801.55078125,26823.69921875,26743.650390625,26756.400390625,0,0.0,0.0,^CNXAUTO
2026-07-01 11:45:00+05:30,26756.30078125,26757.849609375,26687.25,26719.75,0,0.0,0.0,^CNXAUTO
2026-07-01 12:00:00+05:30,26720.44921875,26762.05078125,26644.30078125,26671.55078125,0,0.0,0.0,^CNXAUTO
2026-07-01 12:15:00+05:30,26674.599609375,26696.650390625,26601.55078125,26613.44921875,0,0.0,0.0,^CNXAUTO
2026-07-01 12:30:00+05:30,26613.19921875,26743.099609375,26613.19921875,26722.599609375,0,0.0,0.0,^CNXAUTO
2026-07-01 12:45:00+05:30,26719.80078125,26741.19921875,26701.55078125,26719.900390625,0,0.0,0.0,^CNXAUTO
2026-07-01 13:00:00+05:30,26719.19921875,26723.30078125,26649.55078125,26662.400390625,0,0.0,0.0,^CNXAUTO
2026-07-01 13:15:00+05:30,26662.0,26702.19921875,26653.44921875,26687.69921875,0,0.0,0.0,^CNXAUTO
2026-07-01 13:30:00+05:30,26686.75,26750.0,26684.400390625,26750.0,0,0.0,0.0,^CNXAUTO
2026-07-01 13:45:00+05:30,26749.5,26753.94921875,26723.05078125,26734.80078125,0,0.0,0.0,^CNXAUTO
2026-07-01 14:00:00+05:30,26734.30078125,26795.44921875,26714.599609375,26783.75,0,0.0,0.0,^CNXAUTO
2026-07-01 14:15:00+05:30,26783.05078125,26821.900390625,26767.150390625,26798.400390625,0,0.0,0.0,^CNXAUTO
2026-07-01 14:30:00+05:30,26799.849609375,26813.44921875,26737.25,26773.19921875,0,0.0,0.0,^CNXAUTO
2026-07-01 14:45:00+05:30,26774.44921875,26782.5,26749.099609375,26781.69921875,0,0.0,0.0,^CNXAUTO
2026-07-01 15:00:00+05:30,26784.44921875,26797.650390625,26756.69921875,26792.849609375,0,0.0,0.0,^CNXAUTO
2026-07-01 15:15:00+05:30,26793.69921875,26801.650390625,26757.400390625,26768.94921875,0,0.0,0.0,^CNXAUTO
2026-07-02 09:15:00+05:30,27015.849609375,27015.849609375,26882.150390625,26890.44921875,0,0.0,0.0,^CNXAUTO
2026-07-02 09:30:00+05:30,26890.349609375,26910.05078125,26810.599609375,26854.30078125,0,0.0,0.0,^CNXAUTO
2026-07-02 09:45:00+05:30,26851.80078125,26861.80078125,26777.19921875,26810.900390625,0,0.0,0.0,^CNXAUTO
2026-07-02 10:00:00+05:30,26811.099609375,26874.05078125,26798.55078125,26841.80078125,0,0.0,0.0,^CNXAUTO
2026-07-02 10:15:00+05:30,26841.25,26877.80078125,26829.900390625,26874.44921875,0,0.0,0.0,^CNXAUTO
2026-07-02 10:30:00+05:30,26875.55078125,26900.30078125,26853.599609375,26891.150390625,0,0.0,0.0,^CNXAUTO
2026-07-02 10:45:00+05:30,26889.900390625,26895.19921875,26819.150390625,26841.05078125,0,0.0,0.0,^CNXAUTO
2026-07-02 11:00:00+05:30,26839.94921875,26872.19921875,26820.30078125,26823.599609375,0,0.0,0.0,^CNXAUTO
2026-07-02 11:15:00+05:30,26824.44921875,26880.44921875,26824.44921875,26839.5,0,0.0,0.0,^CNXAUTO
2026-07-02 11:30:00+05:30,26837.099609375,26856.55078125,26830.400390625,26856.55078125,0,0.0,0.0,^CNXAUTO
2026-07-02 11:45:00+05:30,26856.19921875,26900.599609375,26854.75,26896.94921875,0,0.0,0.0,^CNXAUTO
2026-07-02 12:00:00+05:30,26897.19921875,26900.25,26876.25,26884.55078125,0,0.0,0.0,^CNXAUTO
2026-07-02 12:15:00+05:30,26884.849609375,26939.650390625,26877.150390625,26935.900390625,0,0.0,0.0,^CNXAUTO
2026-07-02 12:30:00+05:30,26935.75,26964.5,26915.5,26918.5,0,0.0,0.0,^CNXAUTO
2026-07-02 12:45:00+05:30,26917.400390625,26987.44921875,26911.150390625,26963.400390625,0,0.0,0.0,^CNXAUTO
2026-07-02 13:00:00+05:30,26963.849609375,27022.599609375,26942.5,27020.19921875,0,0.0,0.0,^CNXAUTO
2026-07-02 13:15:00+05:30,27020.150390625,27077.80078125,27020.099609375,27059.55078125,0,0.0,0.0,^CNXAUTO
2026-07-02 13:30:00+05:30,27057.099609375,27058.05078125,27001.099609375,27003.150390625,0,0.0,0.0,^CNXAUTO
2026-07-02 13:45:00+05:30,27003.25,27008.849609375,26976.30078125,27007.150390625,0,0.0,0.0,^CNXAUTO
2026-07-02 14:00:00+05:30,27007.05078125,27022.900390625,26981.19921875,26984.5,0,0.0,0.0,^CNXAUTO
2026-07-02 14:15:00+05:30,26984.099609375,27036.44921875,26980.849609375,27027.849609375,0,0.0,0.0,^CNXAUTO
2026-07-02 14:30:00+05:30,27027.0,27061.55078125,27022.849609375,27056.55078125,0,0.0,0.0,^CNXAUTO
2026-07-02 14:45:00+05:30,27056.25,27096.55078125,27054.349609375,27089.400390625,0,0.0,0.0,^CNXAUTO
2026-07-02 15:00:00+05:30,27091.400390625,27114.75,27056.94921875,27111.05078125,0,0.0,0.0,^CNXAUTO
2026-07-02 15:15:00+05:30,27112.599609375,27141.349609375,27086.849609375,27122.0,0,0.0,0.0,^CNXAUTO
2026-07-03 09:15:00+05:30,27265.5,27265.5,27049.0,27076.5,0,0.0,0.0,^CNXAUTO
2026-07-03 09:30:00+05:30,27073.80078125,27115.900390625,27063.30078125,27092.80078125,0,0.0,0.0,^CNXAUTO
2026-07-03 09:45:00+05:30,27098.69921875,27103.69921875,27036.94921875,27056.05078125,0,0.0,0.0,^CNXAUTO
2026-07-03 10:00:00+05:30,27059.400390625,27152.150390625,27051.599609375,27129.0,0,0.0,0.0,^CNXAUTO
2026-07-03 10:15:00+05:30,27129.19921875,27200.900390625,27108.44921875,27184.44921875,0,0.0,0.0,^CNXAUTO
2026-07-03 10:30:00+05:30,27185.25,27191.650390625,27154.599609375,27180.150390625,0,0.0,0.0,^CNXAUTO
2026-07-03 10:45:00+05:30,27180.650390625,27200.80078125,27138.30078125,27143.0,0,0.0,0.0,^CNXAUTO
2026-07-03 11:00:00+05:30,27141.80078125,27155.150390625,27110.349609375,27118.80078125,0,0.0,0.0,^CNXAUTO
2026-07-03 11:15:00+05:30,27118.25,27143.25,27110.75,27115.05078125,0,0.0,0.0,^CNXAUTO
2026-07-03 11:30:00+05:30,27115.5,27135.849609375,27106.599609375,27119.599609375,0,0.0,0.0,^CNXAUTO
2026-07-03 11:45:00+05:30,27119.25,27172.69921875,27096.55078125,27170.599609375,0,0.0,0.0,^CNXAUTO
2026-07-03 12:00:00+05:30,27166.44921875,27167.650390625,27129.30078125,27135.19921875,0,0.0,0.0,^CNXAUTO
2026-07-03 12:15:00+05:30,27134.5,27138.05078125,27083.599609375,27110.55078125,0,0.0,0.0,^CNXAUTO
2026-07-03 12:30:00+05:30,27109.55078125,27121.19921875,27090.25,27100.0,0,0.0,0.0,^CNXAUTO
2026-07-03 12:45:00+05:30,27099.599609375,27124.30078125,27091.69921875,27113.650390625,0,0.0,0.0,^CNXAUTO
2026-07-03 13:00:00+05:30,27114.0,27114.19921875,27040.55078125,27061.05078125,0,0.0,0.0,^CNXAUTO
2026-07-03 13:15:00+05:30,27060.650390625,27084.75,27049.69921875,27083.400390625,0,0.0,0.0,^CNXAUTO
2026-07-03 13:30:00+05:30,27081.400390625,27096.650390625,27025.650390625,27030.349609375,0,0.0,0.0,^CNXAUTO
2026-07-03 13:45:00+05:30,27030.400390625,27048.5,27027.25,27033.900390625,0,0.0,0.0,^CNXAUTO
2026-07-03 14:00:00+05:30,27033.25,27042.849609375,27018.650390625,27021.30078125,0,0.0,0.0,^CNXAUTO
2026-07-03 14:15:00+05:30,27021.099609375,27023.19921875,26987.900390625,27009.75,0,0.0,0.0,^CNXAUTO
2026-07-03 14:30:00+05:30,27009.94921875,27030.75,26967.80078125,26977.349609375,0,0.0,0.0,^CNXAUTO
2026-07-03 14:45:00+05:30,26977.349609375,26993.400390625,26949.349609375,26958.650390625,0,0.0,0.0,^CNXAUTO
2026-07-03 15:00:00+05:30,26961.650390625,27009.349609375,26961.650390625,26993.5,0,0.0,0.0,^CNXAUTO
2026-07-03 15:15:00+05:30,26994.400390625,26995.5,26968.650390625,26981.099609375,0,0.0,0.0,^CNXAUTO
2026-07-06 09:15:00+05:30,27029.349609375,27091.349609375,26936.19921875,27091.349609375,0,0.0,0.0,^CNXAUTO
2026-07-06 09:30:00+05:30,27092.25,27109.900390625,27066.400390625,27093.80078125,0,0.0,0.0,^CNXAUTO
2026-07-06 09:45:00+05:30,27092.94921875,27180.94921875,27089.150390625,27180.55078125,0,0.0,0.0,^CNXAUTO
2026-07-06 10:00:00+05:30,27181.0,27202.75,27150.400390625,27168.650390625,0,0.0,0.0,^CNXAUTO
2026-07-06 10:15:00+05:30,27170.849609375,27277.44921875,27160.94921875,27245.900390625,0,0.0,0.0,^CNXAUTO
2026-07-06 10:30:00+05:30,27246.349609375,27290.25,27224.19921875,27290.25,0,0.0,0.0,^CNXAUTO
2026-07-06 10:45:00+05:30,27290.349609375,27302.25,27252.19921875,27269.19921875,0,0.0,0.0,^CNXAUTO
2026-07-06 11:00:00+05:30,27269.849609375,27388.5,27267.55078125,27338.150390625,0,0.0,0.0,^CNXAUTO
2026-07-06 11:15:00+05:30,27339.80078125,27387.400390625,27328.19921875,27375.80078125,0,0.0,0.0,^CNXAUTO
2026-07-06 11:30:00+05:30,27374.900390625,27376.05078125,27335.349609375,27354.150390625,0,0.0,0.0,^CNXAUTO
2026-07-06 11:45:00+05:30,27356.80078125,27360.349609375,27283.400390625,27323.5,0,0.0,0.0,^CNXAUTO
2026-07-06 12:00:00+05:30,27323.75,27332.650390625,27300.849609375,27316.80078125,0,0.0,0.0,^CNXAUTO
2026-07-06 12:15:00+05:30,27317.599609375,27327.0,27294.400390625,27326.400390625,0,0.0,0.0,^CNXAUTO
2026-07-06 12:30:00+05:30,27325.900390625,27333.55078125,27301.25,27312.75,0,0.0,0.0,^CNXAUTO
2026-07-06 12:45:00+05:30,27311.599609375,27315.349609375,27277.69921875,27310.30078125,0,0.0,0.0,^CNXAUTO
2026-07-06 13:00:00+05:30,27310.25,27315.44921875,27294.25,27305.150390625,0,0.0,0.0,^CNXAUTO
2026-07-06 13:15:00+05:30,27304.900390625,27307.80078125,27282.849609375,27293.0,0,0.0,0.0,^CNXAUTO
2026-07-06 13:30:00+05:30,27293.099609375,27304.099609375,27273.5,27281.099609375,0,0.0,0.0,^CNXAUTO
2026-07-06 13:45:00+05:30,27281.349609375,27290.80078125,27258.44921875,27259.900390625,0,0.0,0.0,^CNXAUTO
2026-07-06 14:00:00+05:30,27259.75,27296.5,27249.099609375,27289.650390625,0,0.0,0.0,^CNXAUTO
2026-07-06 14:15:00+05:30,27289.25,27294.150390625,27273.44921875,27287.650390625,0,0.0,0.0,^CNXAUTO
2026-07-06 14:30:00+05:30,27287.650390625,27310.80078125,27279.900390625,27284.75,0,0.0,0.0,^CNXAUTO
2026-07-06 14:45:00+05:30,27284.05078125,27324.94921875,27282.150390625,27321.099609375,0,0.0,0.0,^CNXAUTO
2026-07-06 15:00:00+05:30,27320.25,27364.69921875,27320.25,27355.75,0,0.0,0.0,^CNXAUTO
2026-07-06 15:15:00+05:30,27356.75,27368.25,27344.099609375,27351.900390625,0,0.0,0.0,^CNXAUTO
2026-07-07 09:15:00+05:30,27413.80078125,27443.55078125,27326.80078125,27391.650390625,0,0.0,0.0,^CNXAUTO
2026-07-07 09:30:00+05:30,27389.400390625,27390.69921875,27310.05078125,27317.25,0,0.0,0.0,^CNXAUTO
2026-07-07 09:45:00+05:30,27316.69921875,27325.599609375,27245.55078125,27289.150390625,0,0.0,0.0,^CNXAUTO
2026-07-07 10:00:00+05:30,27287.69921875,27399.44921875,27286.75,27356.30078125,0,0.0,0.0,^CNXAUTO
2026-07-07 10:15:00+05:30,27357.30078125,27377.69921875,27329.05078125,27335.05078125,0,0.0,0.0,^CNXAUTO
2026-07-07 10:30:00+05:30,27335.599609375,27358.55078125,27271.5,27277.05078125,0,0.0,0.0,^CNXAUTO
2026-07-07 10:45:00+05:30,27279.69921875,27310.599609375,27265.30078125,27296.75,0,0.0,0.0,^CNXAUTO
2026-07-07 11:00:00+05:30,27297.05078125,27403.900390625,27293.349609375,27397.5,0,0.0,0.0,^CNXAUTO
2026-07-07 11:15:00+05:30,27397.25,27452.55078125,27386.900390625,27418.400390625,0,0.0,0.0,^CNXAUTO
2026-07-07 11:30:00+05:30,27418.349609375,27420.5,27340.19921875,27350.30078125,0,0.0,0.0,^CNXAUTO
2026-07-07 11:45:00+05:30,27349.849609375,27379.05078125,27337.55078125,27378.849609375,0,0.0,0.0,^CNXAUTO
2026-07-07 12:00:00+05:30,27378.69921875,27389.75,27360.349609375,27367.5,0,0.0,0.0,^CNXAUTO
2026-07-07 12:15:00+05:30,27367.75,27367.849609375,27323.599609375,27347.599609375,0,0.0,0.0,^CNXAUTO
2026-07-07 12:30:00+05:30,27347.349609375,27348.19921875,27304.150390625,27324.69921875,0,0.0,0.0,^CNXAUTO
2026-07-07 12:45:00+05:30,27323.19921875,27354.94921875,27310.900390625,27351.69921875,0,0.0,0.0,^CNXAUTO
2026-07-07 13:00:00+05:30,27352.05078125,27352.05078125,27315.44921875,27327.0,0,0.0,0.0,^CNXAUTO
2026-07-07 13:15:00+05:30,27327.0,27364.849609375,27312.55078125,27362.69921875,0,0.0,0.0,^CNXAUTO
2026-07-07 13:30:00+05:30,27362.5,27374.0,27341.55078125,27374.0,0,0.0,0.0,^CNXAUTO
2026-07-07 13:45:00+05:30,27373.5,27385.05078125,27352.400390625,27373.849609375,0,0.0,0.0,^CNXAUTO
2026-07-07 14:00:00+05:30,27373.44921875,27401.25,27373.44921875,27394.94921875,0,0.0,0.0,^CNXAUTO
2026-07-07 14:15:00+05:30,27394.849609375,27396.94921875,27355.900390625,27362.30078125,0,0.0,0.0,^CNXAUTO
2026-07-07 14:30:00+05:30,27363.69921875,27387.25,27361.69921875,27373.900390625,0,0.0,0.0,^CNXAUTO
2026-07-07 14:45:00+05:30,27373.900390625,27391.69921875,27372.0,27381.44921875,0,0.0,0.0,^CNXAUTO
2026-07-07 15:00:00+05:30,27381.30078125,27397.349609375,27333.5,27343.349609375,0,0.0,0.0,^CNXAUTO
2026-07-07 15:15:00+05:30,27344.349609375,27353.400390625,27287.69921875,27304.19921875,0,0.0,0.0,^CNXAUTO
2026-07-08 09:15:00+05:30,27139.099609375,27205.69921875,26972.0,26981.69921875,0,0.0,0.0,^CNXAUTO
2026-07-08 09:30:00+05:30,26981.44921875,27020.30078125,26952.900390625,27006.599609375,0,0.0,0.0,^CNXAUTO
2026-07-08 09:45:00+05:30,27004.19921875,27104.55078125,27002.849609375,27059.75,0,0.0,0.0,^CNXAUTO
2026-07-08 10:00:00+05:30,27059.80078125,27076.05078125,27044.650390625,27057.44921875,0,0.0,0.0,^CNXAUTO
2026-07-08 10:15:00+05:30,27054.94921875,27092.900390625,27028.650390625,27062.05078125,0,0.0,0.0,^CNXAUTO
2026-07-08 10:30:00+05:30,27060.94921875,27216.5,27060.94921875,27195.30078125,0,0.0,0.0,^CNXAUTO
2026-07-08 10:45:00+05:30,27194.19921875,27232.5,27160.44921875,27232.05078125,0,0.0,0.0,^CNXAUTO
2026-07-08 11:00:00+05:30,27231.099609375,27236.650390625,27198.0,27212.5,0,0.0,0.0,^CNXAUTO
2026-07-08 11:15:00+05:30,27212.849609375,27264.30078125,27174.75,27264.30078125,0,0.0,0.0,^CNXAUTO
2026-07-08 11:30:00+05:30,27267.69921875,27269.80078125,27201.19921875,27219.5,0,0.0,0.0,^CNXAUTO
2026-07-08 11:45:00+05:30,27219.849609375,27230.05078125,27166.75,27174.650390625,0,0.0,0.0,^CNXAUTO
2026-07-08 12:00:00+05:30,27175.599609375,27229.19921875,27171.30078125,27203.650390625,0,0.0,0.0,^CNXAUTO
2026-07-08 12:15:00+05:30,27202.75,27227.900390625,27183.599609375,27191.900390625,0,0.0,0.0,^CNXAUTO
2026-07-08 12:30:00+05:30,27192.75,27227.05078125,27181.75,27227.05078125,0,0.0,0.0,^CNXAUTO
2026-07-08 12:45:00+05:30,27228.69921875,27290.25,27225.30078125,27287.099609375,0,0.0,0.0,^CNXAUTO
2026-07-08 13:00:00+05:30,27286.69921875,27354.94921875,27286.69921875,27329.94921875,0,0.0,0.0,^CNXAUTO
2026-07-08 13:15:00+05:30,27330.099609375,27340.75,27297.30078125,27301.349609375,0,0.0,0.0,^CNXAUTO
2026-07-08 13:30:00+05:30,27302.25,27304.099609375,27263.099609375,27268.05078125,0,0.0,0.0,^CNXAUTO
2026-07-08 13:45:00+05:30,27268.25,27278.55078125,26967.25,26973.599609375,0,0.0,0.0,^CNXAUTO
2026-07-08 14:00:00+05:30,26976.0,26988.30078125,26747.0,26770.75,0,0.0,0.0,^CNXAUTO
2026-07-08 14:15:00+05:30,26761.650390625,26879.599609375,26754.55078125,26762.099609375,0,0.0,0.0,^CNXAUTO
2026-07-08 14:30:00+05:30,26758.25,26828.150390625,26710.25,26724.849609375,0,0.0,0.0,^CNXAUTO
2026-07-08 14:45:00+05:30,26724.599609375,26724.599609375,26621.44921875,26652.400390625,0,0.0,0.0,^CNXAUTO
2026-07-08 15:00:00+05:30,26646.19921875,26734.75,26646.19921875,26710.75,0,0.0,0.0,^CNXAUTO
2026-07-08 15:15:00+05:30,26711.55078125,26801.599609375,26710.150390625,26775.05078125,0,0.0,0.0,^CNXAUTO
2026-07-09 09:15:00+05:30,26778.0,26943.599609375,26777.599609375,26863.30078125,0,0.0,0.0,^CNXAUTO
2026-07-09 09:30:00+05:30,26863.30078125,26899.400390625,26790.05078125,26791.150390625,0,0.0,0.0,^CNXAUTO
2026-07-09 09:45:00+05:30,26787.150390625,26836.099609375,26770.80078125,26798.80078125,0,0.0,0.0,^CNXAUTO
2026-07-09 10:00:00+05:30,26798.599609375,26824.650390625,26727.849609375,26728.05078125,0,0.0,0.0,^CNXAUTO
2026-07-09 10:15:00+05:30,26726.94921875,26785.80078125,26722.75,26744.80078125,0,0.0,0.0,^CNXAUTO
2026-07-09 10:30:00+05:30,26746.099609375,26791.900390625,26681.69921875,26736.69921875,0,0.0,0.0,^CNXAUTO
2026-07-09 10:45:00+05:30,26735.05078125,26742.400390625,26651.5,26661.44921875,0,0.0,0.0,^CNXAUTO
2026-07-09 11:00:00+05:30,26661.0,26685.0,26613.900390625,26683.55078125,0,0.0,0.0,^CNXAUTO
2026-07-09 11:15:00+05:30,26684.25,26807.80078125,26683.650390625,26794.94921875,0,0.0,0.0,^CNXAUTO
2026-07-09 11:30:00+05:30,26792.80078125,26795.349609375,26754.94921875,26765.349609375,0,0.0,0.0,^CNXAUTO
2026-07-09 11:45:00+05:30,26762.099609375,26798.19921875,26758.69921875,26782.5,0,0.0,0.0,^CNXAUTO
2026-07-09 12:00:00+05:30,26782.849609375,26820.75,26781.900390625,26811.099609375,0,0.0,0.0,^CNXAUTO
2026-07-09 12:15:00+05:30,26811.599609375,26824.69921875,26795.69921875,26815.30078125,0,0.0,0.0,^CNXAUTO
2026-07-09 12:30:00+05:30,26815.25,26819.94921875,26723.19921875,26751.05078125,0,0.0,0.0,^CNXAUTO
2026-07-09 12:45:00+05:30,26750.849609375,26756.849609375,26728.80078125,26748.80078125,0,0.0,0.0,^CNXAUTO
2026-07-09 13:00:00+05:30,26749.150390625,26773.44921875,26738.650390625,26772.099609375,0,0.0,0.0,^CNXAUTO
2026-07-09 13:15:00+05:30,26771.25,26778.25,26741.599609375,26748.849609375,0,0.0,0.0,^CNXAUTO
2026-07-09 13:30:00+05:30,26749.150390625,26818.599609375,26745.94921875,26797.849609375,0,0.0,0.0,^CNXAUTO
2026-07-09 13:45:00+05:30,26799.44921875,26799.900390625,26751.599609375,26760.349609375,0,0.0,0.0,^CNXAUTO
2026-07-09 14:00:00+05:30,26760.94921875,26796.0,26758.349609375,26787.400390625,0,0.0,0.0,^CNXAUTO
2026-07-09 14:15:00+05:30,26787.099609375,26794.150390625,26760.05078125,26784.19921875,0,0.0,0.0,^CNXAUTO
2026-07-09 14:30:00+05:30,26783.75,26807.900390625,26737.099609375,26760.44921875,0,0.0,0.0,^CNXAUTO
2026-07-09 14:45:00+05:30,26761.5,26762.30078125,26726.849609375,26730.75,0,0.0,0.0,^CNXAUTO
2026-07-09 15:00:00+05:30,26730.0,26730.0,26647.849609375,26670.650390625,0,0.0,0.0,^CNXAUTO
2026-07-09 15:15:00+05:30,26669.650390625,26688.55078125,26653.599609375,26685.400390625,0,0.0,0.0,^CNXAUTO
2026-07-10 09:15:00+05:30,26858.80078125,26891.400390625,26802.80078125,26871.55078125,0,0.0,0.0,^CNXAUTO
2026-07-10 09:30:00+05:30,26871.099609375,26975.55078125,26869.94921875,26931.19921875,0,0.0,0.0,^CNXAUTO
2026-07-10 09:45:00+05:30,26930.900390625,26938.349609375,26887.94921875,26923.349609375,0,0.0,0.0,^CNXAUTO
2026-07-10 10:00:00+05:30,26924.19921875,26949.599609375,26912.150390625,26923.400390625,0,0.0,0.0,^CNXAUTO
2026-07-10 10:15:00+05:30,26922.75,26935.30078125,26887.94921875,26891.30078125,0,0.0,0.0,^CNXAUTO
2026-07-10 10:30:00+05:30,26890.19921875,26892.650390625,26831.94921875,26851.0,0,0.0,0.0,^CNXAUTO
2026-07-10 10:45:00+05:30,26853.30078125,26853.30078125,26784.150390625,26824.55078125,0,0.0,0.0,^CNXAUTO
2026-07-10 11:00:00+05:30,26825.5,26833.400390625,26794.0,26811.150390625,0,0.0,0.0,^CNXAUTO
2026-07-10 11:15:00+05:30,26810.150390625,26811.5,26788.44921875,26802.25,0,0.0,0.0,^CNXAUTO
2026-07-10 11:30:00+05:30,26802.849609375,26836.30078125,26799.94921875,26825.25,0,0.0,0.0,^CNXAUTO
2026-07-10 11:45:00+05:30,26824.19921875,26853.94921875,26822.19921875,26842.25,0,0.0,0.0,^CNXAUTO
2026-07-10 12:00:00+05:30,26840.849609375,26880.150390625,26839.150390625,26854.80078125,0,0.0,0.0,^CNXAUTO
2026-07-10 12:15:00+05:30,26854.80078125,26886.44921875,26850.099609375,26880.5,0,0.0,0.0,^CNXAUTO
2026-07-10 12:30:00+05:30,26879.650390625,26882.69921875,26838.150390625,26853.80078125,0,0.0,0.0,^CNXAUTO
2026-07-10 12:45:00+05:30,26854.25,26864.05078125,26830.44921875,26830.80078125,0,0.0,0.0,^CNXAUTO
2026-07-10 13:00:00+05:30,26831.599609375,26839.849609375,26795.650390625,26807.30078125,0,0.0,0.0,^CNXAUTO
2026-07-10 13:15:00+05:30,26806.849609375,26815.0,26774.599609375,26812.650390625,0,0.0,0.0,^CNXAUTO
2026-07-10 13:30:00+05:30,26810.650390625,26846.69921875,26810.650390625,26843.80078125,0,0.0,0.0,^CNXAUTO
2026-07-10 13:45:00+05:30,26843.80078125,26875.0,26836.05078125,26874.05078125,0,0.0,0.0,^CNXAUTO
2026-07-10 14:00:00+05:30,26873.75,26906.19921875,26853.0,26867.650390625,0,0.0,0.0,^CNXAUTO
2026-07-10 14:15:00+05:30,26867.5,26889.05078125,26861.19921875,26888.900390625,0,0.0,0.0,^CNXAUTO
2026-07-10 14:30:00+05:30,26889.900390625,26901.0,26865.80078125,26883.400390625,0,0.0,0.0,^CNXAUTO
2026-07-10 14:45:00+05:30,26882.80078125,26891.099609375,26844.150390625,26849.400390625,0,0.0,0.0,^CNXAUTO
2026-07-10 15:00:00+05:30,26851.69921875,26878.650390625,26837.5,26861.900390625,0,0.0,0.0,^CNXAUTO
2026-07-10 15:15:00+05:30,26860.94921875,26877.69921875,26849.0,26865.900390625,0,0.0,0.0,^CNXAUTO
2026-07-13 09:15:00+05:30,26629.69921875,26645.69921875,26492.599609375,26607.599609375,0,0.0,0.0,^CNXAUTO
2026-07-13 09:30:00+05:30,26607.19921875,26638.349609375,26522.599609375,26628.150390625,0,0.0,0.0,^CNXAUTO
2026-07-13 09:45:00+05:30,26628.650390625,26679.099609375,26604.900390625,26677.0,0,0.0,0.0,^CNXAUTO
2026-07-13 10:00:00+05:30,26677.05078125,26749.099609375,26671.0,26735.900390625,0,0.0,0.0,^CNXAUTO
2026-07-13 10:15:00+05:30,26736.69921875,26780.05078125,26709.55078125,26775.150390625,0,0.0,0.0,^CNXAUTO
2026-07-13 10:30:00+05:30,26775.05078125,26862.150390625,26771.400390625,26834.30078125,0,0.0,0.0,^CNXAUTO
2026-07-13 10:45:00+05:30,26834.44921875,26837.349609375,26774.94921875,26822.349609375,0,0.0,0.0,^CNXAUTO
2026-07-13 11:00:00+05:30,26822.349609375,26889.25,26801.94921875,26848.900390625,0,0.0,0.0,^CNXAUTO
2026-07-13 11:15:00+05:30,26847.0,26980.05078125,26842.05078125,26933.349609375,0,0.0,0.0,^CNXAUTO
2026-07-13 11:30:00+05:30,26933.05078125,26942.400390625,26880.94921875,26891.150390625,0,0.0,0.0,^CNXAUTO
2026-07-13 11:45:00+05:30,26892.0,26896.150390625,26851.80078125,26877.25,0,0.0,0.0,^CNXAUTO
2026-07-13 12:00:00+05:30,26876.55078125,26908.75,26858.099609375,26888.19921875,0,0.0,0.0,^CNXAUTO
2026-07-13 12:15:00+05:30,26888.0,26923.55078125,26853.30078125,26864.30078125,0,0.0,0.0,^CNXAUTO
2026-07-13 12:30:00+05:30,26864.19921875,26888.25,26817.900390625,26878.94921875,0,0.0,0.0,^CNXAUTO
2026-07-13 12:45:00+05:30,26878.05078125,26939.94921875,26877.55078125,26909.650390625,0,0.0,0.0,^CNXAUTO
2026-07-13 13:00:00+05:30,26910.5,26910.5,26873.30078125,26893.150390625,0,0.0,0.0,^CNXAUTO
2026-07-13 13:15:00+05:30,26892.599609375,26896.25,26842.19921875,26847.25,0,0.0,0.0,^CNXAUTO
2026-07-13 13:30:00+05:30,26847.0,26898.349609375,26846.650390625,26880.80078125,0,0.0,0.0,^CNXAUTO
2026-07-13 13:45:00+05:30,26880.75,26902.599609375,26872.650390625,26888.55078125,0,0.0,0.0,^CNXAUTO
2026-07-13 14:00:00+05:30,26888.55078125,26935.80078125,26882.25,26924.80078125,0,0.0,0.0,^CNXAUTO
2026-07-13 14:15:00+05:30,26924.80078125,26959.19921875,26923.900390625,26941.05078125,0,0.0,0.0,^CNXAUTO
2026-07-13 14:30:00+05:30,26941.349609375,26992.099609375,26935.25,26976.19921875,0,0.0,0.0,^CNXAUTO
2026-07-13 14:45:00+05:30,26976.25,27033.599609375,26973.5,27011.80078125,0,0.0,0.0,^CNXAUTO
2026-07-13 15:00:00+05:30,27010.599609375,27011.80078125,26959.0,26974.30078125,0,0.0,0.0,^CNXAUTO
2026-07-13 15:15:00+05:30,26972.849609375,27011.900390625,26964.150390625,26995.849609375,0,0.0,0.0,^CNXAUTO
2026-07-14 09:15:00+05:30,26739.849609375,26816.19921875,26618.400390625,26623.75,0,0.0,0.0,^CNXAUTO
2026-07-14 09:30:00+05:30,26622.05078125,26655.400390625,26587.75,26607.80078125,0,0.0,0.0,^CNXAUTO
2026-07-14 09:45:00+05:30,26608.349609375,26609.44921875,26507.150390625,26530.94921875,0,0.0,0.0,^CNXAUTO
2026-07-14 10:00:00+05:30,26533.5,26608.599609375,26525.5,26574.94921875,0,0.0,0.0,^CNXAUTO
2026-07-14 10:15:00+05:30,26576.150390625,26593.150390625,26519.44921875,26560.25,0,0.0,0.0,^CNXAUTO
2026-07-14 10:30:00+05:30,26562.5,26597.150390625,26547.599609375,26564.69921875,0,0.0,0.0,^CNXAUTO
2026-07-14 10:45:00+05:30,26564.400390625,26623.900390625,26560.69921875,26608.599609375,0,0.0,0.0,^CNXAUTO
2026-07-14 11:00:00+05:30,26608.75,26631.05078125,26581.599609375,26616.75,0,0.0,0.0,^CNXAUTO
2026-07-14 11:15:00+05:30,26612.44921875,26619.150390625,26596.099609375,26603.349609375,0,0.0,0.0,^CNXAUTO
2026-07-14 11:30:00+05:30,26604.44921875,26619.900390625,26584.44921875,26614.44921875,0,0.0,0.0,^CNXAUTO
2026-07-14 11:45:00+05:30,26615.94921875,26637.44921875,26598.0,26607.30078125,0,0.0,0.0,^CNXAUTO
2026-07-14 12:00:00+05:30,26606.69921875,26628.55078125,26599.0,26613.69921875,0,0.0,0.0,^CNXAUTO
2026-07-14 12:15:00+05:30,26608.599609375,26617.75,26556.099609375,26557.80078125,0,0.0,0.0,^CNXAUTO
2026-07-14 12:30:00+05:30,26559.0,26621.05078125,26552.900390625,26619.650390625,0,0.0,0.0,^CNXAUTO
2026-07-14 12:45:00+05:30,26619.349609375,26621.150390625,26583.69921875,26583.900390625,0,0.0,0.0,^CNXAUTO
2026-07-14 13:00:00+05:30,26585.0,26611.19921875,26569.099609375,26589.19921875,0,0.0,0.0,^CNXAUTO
2026-07-14 13:15:00+05:30,26590.900390625,26629.650390625,26582.849609375,26629.30078125,0,0.0,0.0,^CNXAUTO
2026-07-14 13:30:00+05:30,26629.650390625,26633.75,26546.94921875,26559.400390625,0,0.0,0.0,^CNXAUTO
2026-07-14 13:45:00+05:30,26559.30078125,26578.55078125,26544.849609375,26560.349609375,0,0.0,0.0,^CNXAUTO
2026-07-14 14:00:00+05:30,26559.849609375,26559.849609375,26519.80078125,26553.80078125,0,0.0,0.0,^CNXAUTO
2026-07-14 14:15:00+05:30,26554.0,26556.30078125,26521.75,26527.349609375,0,0.0,0.0,^CNXAUTO
2026-07-14 14:30:00+05:30,26528.69921875,26545.30078125,26511.0,26531.900390625,0,0.0,0.0,^CNXAUTO
2026-07-14 14:45:00+05:30,26531.900390625,26546.05078125,26505.19921875,26522.05078125,0,0.0,0.0,^CNXAUTO
2026-07-14 15:00:00+05:30,26523.55078125,26569.400390625,26518.25,26546.44921875,0,0.0,0.0,^CNXAUTO
2026-07-14 15:15:00+05:30,26546.25,26553.94921875,26533.05078125,26539.19921875,0,0.0,0.0,^CNXAUTO
2026-07-15 09:15:00+05:30,26650.25,26788.19921875,26588.099609375,26724.25,0,0.0,0.0,^CNXAUTO
2026-07-15 09:30:00+05:30,26727.599609375,26842.25,26727.599609375,26808.80078125,0,0.0,0.0,^CNXAUTO
2026-07-15 09:45:00+05:30,26808.0,26831.94921875,26742.69921875,26746.849609375,0,0.0,0.0,^CNXAUTO
2026-07-15 10:00:00+05:30,26746.150390625,26747.349609375,26675.150390625,26719.900390625,0,0.0,0.0,^CNXAUTO
2026-07-15 10:15:00+05:30,26719.25,26736.150390625,26692.75,26702.94921875,0,0.0,0.0,^CNXAUTO
2026-07-15 10:30:00+05:30,26702.650390625,26774.099609375,26702.05078125,26707.05078125,0,0.0,0.0,^CNXAUTO
2026-07-15 10:45:00+05:30,26706.150390625,26709.25,26672.30078125,26692.650390625,0,0.0,0.0,^CNXAUTO
2026-07-15 11:00:00+05:30,26691.599609375,26693.94921875,26653.5,26654.400390625,0,0.0,0.0,^CNXAUTO
2026-07-15 11:15:00+05:30,26655.05078125,26686.150390625,26644.599609375,26672.900390625,0,0.0,0.0,^CNXAUTO
2026-07-15 11:30:00+05:30,26672.30078125,26731.30078125,26672.30078125,26716.599609375,0,0.0,0.0,^CNXAUTO
2026-07-15 11:45:00+05:30,26716.55078125,26746.599609375,26701.650390625,26731.400390625,0,0.0,0.0,^CNXAUTO
2026-07-15 12:00:00+05:30,26731.30078125,26753.05078125,26721.19921875,26740.900390625,0,0.0,0.0,^CNXAUTO
2026-07-15 12:15:00+05:30,26741.44921875,26741.44921875,26694.150390625,26694.44921875,0,0.0,0.0,^CNXAUTO
2026-07-15 12:30:00+05:30,26694.44921875,26710.44921875,26671.75,26700.849609375,0,0.0,0.0,^CNXAUTO
2026-07-15 12:45:00+05:30,26700.75,26706.69921875,26575.650390625,26608.150390625,0,0.0,0.0,^CNXAUTO
2026-07-15 13:00:00+05:30,26607.05078125,26632.400390625,26586.19921875,26607.69921875,0,0.0,0.0,^CNXAUTO
2026-07-15 13:15:00+05:30,26604.75,26645.099609375,26599.150390625,26626.900390625,0,0.0,0.0,^CNXAUTO
2026-07-15 13:30:00+05:30,26627.400390625,26636.19921875,26613.849609375,26616.900390625,0,0.0,0.0,^CNXAUTO
2026-07-15 13:45:00+05:30,26617.69921875,26643.55078125,26606.0,26639.44921875,0,0.0,0.0,^CNXAUTO
2026-07-15 14:00:00+05:30,26639.44921875,26650.599609375,26633.5,26641.30078125,0,0.0,0.0,^CNXAUTO
2026-07-15 14:15:00+05:30,26640.900390625,26652.900390625,26635.44921875,26643.19921875,0,0.0,0.0,^CNXAUTO
2026-07-15 14:30:00+05:30,26643.599609375,26673.44921875,26632.55078125,26651.400390625,0,0.0,0.0,^CNXAUTO
2026-07-15 14:45:00+05:30,26650.19921875,26653.5,26619.900390625,26638.05078125,0,0.0,0.0,^CNXAUTO
2026-07-15 15:00:00+05:30,26636.80078125,26652.69921875,26617.849609375,26641.099609375,0,0.0,0.0,^CNXAUTO
2026-07-15 15:15:00+05:30,26643.150390625,26674.30078125,26630.75,26646.400390625,0,0.0,0.0,^CNXAUTO
2026-07-16 09:15:00+05:30,26758.099609375,26907.19921875,26676.150390625,26841.0,0,0.0,0.0,^CNXAUTO
2026-07-16 09:30:00+05:30,26842.05078125,26847.650390625,26775.650390625,26810.05078125,0,0.0,0.0,^CNXAUTO
2026-07-16 09:45:00+05:30,26810.44921875,26846.150390625,26809.75,26826.30078125,0,0.0,0.0,^CNXAUTO
2026-07-16 10:00:00+05:30,26826.19921875,26847.0,26786.94921875,26804.150390625,0,0.0,0.0,^CNXAUTO
2026-07-16 10:15:00+05:30,26803.44921875,26825.94921875,26795.30078125,26818.150390625,0,0.0,0.0,^CNXAUTO
2026-07-16 10:30:00+05:30,26818.349609375,26845.0,26804.55078125,26811.75,0,0.0,0.0,^CNXAUTO
2026-07-16 10:45:00+05:30,26813.650390625,26866.05078125,26811.44921875,26864.94921875,0,0.0,0.0,^CNXAUTO
2026-07-16 11:00:00+05:30,26864.099609375,26909.849609375,26864.099609375,26874.849609375,0,0.0,0.0,^CNXAUTO
2026-07-16 11:15:00+05:30,26876.599609375,26889.599609375,26864.849609375,26871.05078125,0,0.0,0.0,^CNXAUTO
2026-07-16 11:30:00+05:30,26872.349609375,26903.44921875,26855.099609375,26858.0,0,0.0,0.0,^CNXAUTO
2026-07-16 11:45:00+05:30,26858.05078125,26867.900390625,26815.80078125,26834.650390625,0,0.0,0.0,^CNXAUTO
2026-07-16 12:00:00+05:30,26833.5,26835.900390625,26813.349609375,26823.0,0,0.0,0.0,^CNXAUTO
2026-07-16 12:15:00+05:30,26823.19921875,26831.30078125,26802.55078125,26803.55078125,0,0.0,0.0,^CNXAUTO
2026-07-16 12:30:00+05:30,26803.69921875,26803.69921875,26755.099609375,26757.599609375,0,0.0,0.0,^CNXAUTO
2026-07-16 12:45:00+05:30,26759.150390625,26780.650390625,26753.05078125,26762.94921875,0,0.0,0.0,^CNXAUTO
2026-07-16 13:00:00+05:30,26763.25,26788.55078125,26746.349609375,26783.80078125,0,0.0,0.0,^CNXAUTO
2026-07-16 13:15:00+05:30,26783.80078125,26796.900390625,26767.5,26790.25,0,0.0,0.0,^CNXAUTO
2026-07-16 13:30:00+05:30,26791.599609375,26793.5,26715.94921875,26718.5,0,0.0,0.0,^CNXAUTO
2026-07-16 13:45:00+05:30,26719.400390625,26772.69921875,26711.650390625,26772.400390625,0,0.0,0.0,^CNXAUTO
2026-07-16 14:00:00+05:30,26772.400390625,26798.900390625,26766.80078125,26795.55078125,0,0.0,0.0,^CNXAUTO
2026-07-16 14:15:00+05:30,26797.05078125,26806.19921875,26778.94921875,26789.650390625,0,0.0,0.0,^CNXAUTO
2026-07-16 14:30:00+05:30,26789.80078125,26809.30078125,26781.44921875,26796.30078125,0,0.0,0.0,^CNXAUTO
2026-07-16 14:45:00+05:30,26796.650390625,26830.0,26778.849609375,26819.19921875,0,0.0,0.0,^CNXAUTO
2026-07-16 15:00:00+05:30,26814.849609375,26814.849609375,26758.099609375,26759.849609375,0,0.0,0.0,^CNXAUTO
2026-07-16 15:15:00+05:30,26757.650390625,26788.900390625,26741.75,26779.900390625,0,0.0,0.0,^CNXAUTO
2026-07-17 09:15:00+05:30,26770.5,27050.849609375,26765.94921875,26999.94921875,0,0.0,0.0,^CNXAUTO
2026-07-17 09:30:00+05:30,27000.849609375,27040.099609375,26955.30078125,26970.099609375,0,0.0,0.0,^CNXAUTO
2026-07-17 09:45:00+05:30,26972.44921875,26993.349609375,26936.5,26959.19921875,0,0.0,0.0,^CNXAUTO
2026-07-17 10:00:00+05:30,26959.19921875,26965.80078125,26912.599609375,26960.94921875,0,0.0,0.0,^CNXAUTO
2026-07-17 10:15:00+05:30,26962.75,27018.150390625,26956.05078125,27018.150390625,0,0.0,0.0,^CNXAUTO
2026-07-17 10:30:00+05:30,27017.80078125,27056.55078125,26939.30078125,26957.44921875,0,0.0,0.0,^CNXAUTO
2026-07-17 10:45:00+05:30,26957.150390625,26977.650390625,26943.75,26952.44921875,0,0.0,0.0,^CNXAUTO
2026-07-17 11:00:00+05:30,26951.599609375,26985.44921875,26950.599609375,26964.44921875,0,0.0,0.0,^CNXAUTO
2026-07-17 11:15:00+05:30,26964.55078125,26969.349609375,26945.599609375,26956.099609375,0,0.0,0.0,^CNXAUTO
2026-07-17 11:30:00+05:30,26954.349609375,26977.94921875,26945.44921875,26974.69921875,0,0.0,0.0,^CNXAUTO
2026-07-17 11:45:00+05:30,26974.25,26994.05078125,26968.5,26970.19921875,0,0.0,0.0,^CNXAUTO
2026-07-17 12:00:00+05:30,26971.19921875,26994.5,26952.25,26975.44921875,0,0.0,0.0,^CNXAUTO
2026-07-17 12:15:00+05:30,26975.44921875,26984.19921875,26954.150390625,26960.80078125,0,0.0,0.0,^CNXAUTO
2026-07-17 12:30:00+05:30,26960.25,26981.75,26954.0,26970.94921875,0,0.0,0.0,^CNXAUTO
2026-07-17 12:45:00+05:30,26971.150390625,27025.400390625,26965.25,27025.150390625,0,0.0,0.0,^CNXAUTO
2026-07-17 13:00:00+05:30,27024.650390625,27077.55078125,27024.650390625,27058.599609375,0,0.0,0.0,^CNXAUTO
2026-07-17 13:15:00+05:30,27058.55078125,27062.349609375,27031.599609375,27034.05078125,0,0.0,0.0,^CNXAUTO
2026-07-17 13:30:00+05:30,27032.650390625,27066.150390625,27032.650390625,27050.55078125,0,0.0,0.0,^CNXAUTO
2026-07-17 13:45:00+05:30,27049.19921875,27052.150390625,27001.900390625,27044.5,0,0.0,0.0,^CNXAUTO
2026-07-17 14:00:00+05:30,27044.05078125,27054.0,27032.099609375,27035.650390625,0,0.0,0.0,^CNXAUTO
2026-07-17 14:15:00+05:30,27034.44921875,27113.30078125,27034.400390625,27048.099609375,0,0.0,0.0,^CNXAUTO
2026-07-17 14:30:00+05:30,27048.099609375,27087.599609375,27043.099609375,27082.150390625,0,0.0,0.0,^CNXAUTO
2026-07-17 14:45:00+05:30,27082.80078125,27113.30078125,27075.25,27095.19921875,0,0.0,0.0,^CNXAUTO
2026-07-17 15:00:00+05:30,27095.5,27120.75,27094.69921875,27112.19921875,0,0.0,0.0,^CNXAUTO
2026-07-17 15:15:00+05:30,27111.25,27115.80078125,27089.849609375,27099.44921875,0,0.0,0.0,^CNXAUTO
2026-07-20 09:15:00+05:30,27076.19921875,27076.19921875,26923.05078125,26942.599609375,0,0.0,0.0,^CNXAUTO
2026-07-20 09:30:00+05:30,26942.55078125,26963.44921875,26875.30078125,26942.19921875,0,0.0,0.0,^CNXAUTO
2026-07-20 09:45:00+05:30,26940.25,26990.44921875,26929.94921875,26968.44921875,0,0.0,0.0,^CNXAUTO
2026-07-20 10:00:00+05:30,26968.44921875,26981.69921875,26929.599609375,26973.94921875,0,0.0,0.0,^CNXAUTO
2026-07-20 10:15:00+05:30,26973.900390625,27029.650390625,26973.0,27024.30078125,0,0.0,0.0,^CNXAUTO
2026-07-20 10:30:00+05:30,27026.400390625,27035.5,26960.900390625,26990.0,0,0.0,0.0,^CNXAUTO
2026-07-20 10:45:00+05:30,26990.19921875,27011.650390625,26984.44921875,26996.44921875,0,0.0,0.0,^CNXAUTO
2026-07-20 11:00:00+05:30,26996.75,27001.349609375,26961.349609375,26980.94921875,0,0.0,0.0,^CNXAUTO
2026-07-20 11:15:00+05:30,26980.94921875,26984.69921875,26934.349609375,26938.30078125,0,0.0,0.0,^CNXAUTO
2026-07-20 11:30:00+05:30,26938.19921875,26986.80078125,26933.30078125,26976.650390625,0,0.0,0.0,^CNXAUTO
2026-07-20 11:45:00+05:30,26976.5,26976.5,26896.900390625,26906.400390625,0,0.0,0.0,^CNXAUTO
2026-07-20 12:00:00+05:30,26907.44921875,26931.5,26893.25,26929.5,0,0.0,0.0,^CNXAUTO
2026-07-20 12:15:00+05:30,26929.5,26945.25,26904.75,26917.94921875,0,0.0,0.0,^CNXAUTO
2026-07-20 12:30:00+05:30,26917.94921875,26921.05078125,26837.099609375,26838.150390625,0,0.0,0.0,^CNXAUTO
2026-07-20 12:45:00+05:30,26837.05078125,26869.55078125,26807.05078125,26860.650390625,0,0.0,0.0,^CNXAUTO
2026-07-20 13:00:00+05:30,26860.650390625,26899.5,26831.55078125,26899.0,0,0.0,0.0,^CNXAUTO
2026-07-20 13:15:00+05:30,26899.400390625,26937.099609375,26868.44921875,26932.94921875,0,0.0,0.0,^CNXAUTO
2026-07-20 13:30:00+05:30,26933.349609375,26962.900390625,26913.25,26933.900390625,0,0.0,0.0,^CNXAUTO
2026-07-20 13:45:00+05:30,26932.30078125,26986.900390625,26932.19921875,26971.55078125,0,0.0,0.0,^CNXAUTO
2026-07-20 14:00:00+05:30,26970.599609375,27000.599609375,26969.30078125,26972.849609375,0,0.0,0.0,^CNXAUTO
2026-07-20 14:15:00+05:30,26974.099609375,26997.75,26966.349609375,26983.150390625,0,0.0,0.0,^CNXAUTO
2026-07-20 14:30:00+05:30,26984.599609375,26985.75,26932.349609375,26949.849609375,0,0.0,0.0,^CNXAUTO
2026-07-20 14:45:00+05:30,26949.44921875,27028.05078125,26946.400390625,27000.349609375,0,0.0,0.0,^CNXAUTO
2026-07-20 15:00:00+05:30,27009.150390625,27029.05078125,26996.900390625,27028.650390625,0,0.0,0.0,^CNXAUTO
2026-07-20 15:15:00+05:30,27028.400390625,27054.94921875,27020.69921875,27041.150390625,0,0.0,0.0,^CNXAUTO
2026-07-21 09:15:00+05:30,27034.55078125,27100.0,27003.150390625,27057.69921875,0,0.0,0.0,^CNXAUTO
2026-07-21 09:30:00+05:30,27057.099609375,27070.55078125,27022.25,27056.25,0,0.0,0.0,^CNXAUTO
2026-07-21 09:45:00+05:30,27057.150390625,27085.099609375,27037.55078125,27040.400390625,0,0.0,0.0,^CNXAUTO
2026-07-21 10:00:00+05:30,27040.900390625,27049.650390625,26985.44921875,26988.5,0,0.0,0.0,^CNXAUTO
2026-07-21 10:15:00+05:30,26989.150390625,26989.599609375,26946.80078125,26980.400390625,0,0.0,0.0,^CNXAUTO
2026-07-21 10:30:00+05:30,26980.900390625,26981.400390625,26927.75,26950.349609375,0,0.0,0.0,^CNXAUTO
2026-07-21 10:45:00+05:30,26951.099609375,26958.19921875,26912.5,26952.05078125,0,0.0,0.0,^CNXAUTO
2026-07-21 11:00:00+05:30,26952.349609375,26952.400390625,26919.75,26937.650390625,0,0.0,0.0,^CNXAUTO
2026-07-21 11:15:00+05:30,26937.650390625,27002.25,26932.650390625,27000.30078125,0,0.0,0.0,^CNXAUTO
2026-07-21 11:30:00+05:30,27000.55078125,27028.599609375,26995.349609375,27000.099609375,0,0.0,0.0,^CNXAUTO
2026-07-21 11:45:00+05:30,27000.94921875,27049.75,26996.44921875,27048.44921875,0,0.0,0.0,^CNXAUTO
2026-07-21 12:00:00+05:30,27049.19921875,27090.19921875,27045.44921875,27065.900390625,0,0.0,0.0,^CNXAUTO
2026-07-21 12:15:00+05:30,27065.099609375,27079.69921875,27053.30078125,27064.75,0,0.0,0.0,^CNXAUTO
2026-07-21 12:30:00+05:30,27066.69921875,27092.5,27058.80078125,27073.849609375,0,0.0,0.0,^CNXAUTO
2026-07-21 12:45:00+05:30,27072.94921875,27088.400390625,26997.94921875,27000.25,0,0.0,0.0,^CNXAUTO
2026-07-21 13:00:00+05:30,27000.75,27037.80078125,26966.400390625,27026.05078125,0,0.0,0.0,^CNXAUTO
2026-07-21 13:15:00+05:30,27026.099609375,27061.599609375,27013.30078125,27060.0,0,0.0,0.0,^CNXAUTO
2026-07-21 13:30:00+05:30,27066.099609375,27097.75,27060.849609375,27087.94921875,0,0.0,0.0,^CNXAUTO
2026-07-21 13:45:00+05:30,27087.349609375,27092.75,27049.69921875,27064.75,0,0.0,0.0,^CNXAUTO
2026-07-21 14:00:00+05:30,27063.55078125,27222.099609375,27059.75,27136.94921875,0,0.0,0.0,^CNXAUTO
2026-07-21 14:15:00+05:30,27133.900390625,27255.25,27133.25,27255.25,0,0.0,0.0,^CNXAUTO
2026-07-21 14:30:00+05:30,27258.400390625,27265.44921875,27218.0,27243.0,0,0.0,0.0,^CNXAUTO
2026-07-21 14:45:00+05:30,27242.099609375,27258.94921875,27222.55078125,27225.69921875,0,0.0,0.0,^CNXAUTO
2026-07-21 15:00:00+05:30,27229.55078125,27293.099609375,27225.849609375,27288.599609375,0,0.0,0.0,^CNXAUTO
2026-07-21 15:15:00+05:30,27289.55078125,27328.5,27278.55078125,27320.099609375,0,0.0,0.0,^CNXAUTO
2026-07-22 09:15:00+05:30,27344.0,27547.30078125,27336.80078125,27402.94921875,0,0.0,0.0,^CNXAUTO
2026-07-22 09:30:00+05:30,27404.5,27426.5,27346.650390625,27413.75,0,0.0,0.0,^CNXAUTO
2026-07-22 09:45:00+05:30,27417.94921875,27436.75,27324.599609375,27332.69921875,0,0.0,0.0,^CNXAUTO
2026-07-22 10:00:00+05:30,27333.5,27394.69921875,27313.349609375,27387.25,0,0.0,0.0,^CNXAUTO
2026-07-22 10:15:00+05:30,27386.5,27397.900390625,27281.349609375,27337.150390625,0,0.0,0.0,^CNXAUTO
2026-07-22 10:30:00+05:30,27338.400390625,27374.25,27306.5,27342.44921875,0,0.0,0.0,^CNXAUTO
2026-07-22 10:45:00+05:30,27341.599609375,27416.05078125,27336.69921875,27409.25,0,0.0,0.0,^CNXAUTO
2026-07-22 11:00:00+05:30,27410.099609375,27410.099609375,27351.599609375,27380.599609375,0,0.0,0.0,^CNXAUTO
2026-07-22 11:15:00+05:30,27380.55078125,27456.150390625,27378.400390625,27447.5,0,0.0,0.0,^CNXAUTO
2026-07-22 11:30:00+05:30,27449.94921875,27474.44921875,27447.849609375,27458.900390625,0,0.0,0.0,^CNXAUTO
2026-07-22 11:45:00+05:30,27462.94921875,27469.44921875,27438.44921875,27449.0,0,0.0,0.0,^CNXAUTO
2026-07-22 12:00:00+05:30,27447.94921875,27451.44921875,27415.05078125,27423.150390625,0,0.0,0.0,^CNXAUTO
2026-07-22 12:15:00+05:30,27424.5,27424.5,27374.75,27393.400390625,0,0.0,0.0,^CNXAUTO
2026-07-22 12:30:00+05:30,27394.650390625,27394.650390625,27326.150390625,27347.400390625,0,0.0,0.0,^CNXAUTO
2026-07-22 12:45:00+05:30,27347.94921875,27422.0,27341.5,27420.150390625,0,0.0,0.0,^CNXAUTO
2026-07-22 13:00:00+05:30,27420.150390625,27424.19921875,27361.19921875,27367.599609375,0,0.0,0.0,^CNXAUTO
2026-07-22 13:15:00+05:30,27369.55078125,27372.30078125,27331.80078125,27344.80078125,0,0.0,0.0,^CNXAUTO
2026-07-22 13:30:00+05:30,27344.900390625,27397.44921875,27342.150390625,27374.05078125,0,0.0,0.0,^CNXAUTO
2026-07-22 13:45:00+05:30,27374.25,27375.650390625,27345.75,27352.94921875,0,0.0,0.0,^CNXAUTO
2026-07-22 14:00:00+05:30,27353.75,27365.900390625,27304.05078125,27308.099609375,0,0.0,0.0,^CNXAUTO
2026-07-22 14:15:00+05:30,27307.80078125,27328.150390625,27289.75,27291.25,0,0.0,0.0,^CNXAUTO
2026-07-22 14:30:00+05:30,27292.69921875,27324.0,27280.05078125,27304.30078125,0,0.0,0.0,^CNXAUTO
2026-07-22 14:45:00+05:30,27305.599609375,27324.80078125,27290.650390625,27321.80078125,0,0.0,0.0,^CNXAUTO
2026-07-22 15:00:00+05:30,27328.599609375,27348.55078125,27302.650390625,27342.30078125,0,0.0,0.0,^CNXAUTO
2026-07-22 15:15:00+05:30,27342.44921875,27355.349609375,27321.69921875,27328.0,0,0.0,0.0,^CNXAUTO
2026-07-23 09:15:00+05:30,27260.0,27424.650390625,27239.30078125,27390.5,0,0.0,0.0,^CNXAUTO
2026-07-23 09:30:00+05:30,27392.05078125,27398.0,27320.55078125,27322.5,0,0.0,0.0,^CNXAUTO
2026-07-23 09:45:00+05:30,27321.650390625,27401.0,27286.94921875,27394.599609375,0,0.0,0.0,^CNXAUTO
2026-07-23 10:00:00+05:30,27394.80078125,27519.650390625,27377.19921875,27510.30078125,0,0.0,0.0,^CNXAUTO
2026-07-23 10:15:00+05:30,27512.849609375,27640.599609375,27512.75,27624.599609375,0,0.0,0.0,^CNXAUTO
2026-07-23 10:30:00+05:30,27625.05078125,27704.849609375,27602.75,27685.5,0,0.0,0.0,^CNXAUTO
2026-07-23 10:45:00+05:30,27685.099609375,27704.400390625,27662.05078125,27684.05078125,0,0.0,0.0,^CNXAUTO
2026-07-23 11:00:00+05:30,27683.900390625,27740.599609375,27681.69921875,27708.19921875,0,0.0,0.0,^CNXAUTO
2026-07-23 11:15:00+05:30,27709.55078125,27747.900390625,27682.099609375,27709.150390625,0,0.0,0.0,^CNXAUTO
2026-07-23 11:30:00+05:30,27709.69921875,27760.25,27694.19921875,27747.80078125,0,0.0,0.0,^CNXAUTO
2026-07-23 11:45:00+05:30,27747.80078125,27749.05078125,27687.80078125,27713.0,0,0.0,0.0,^CNXAUTO
2026-07-23 12:00:00+05:30,27713.05078125,27725.44921875,27682.55078125,27682.55078125,0,0.0,0.0,^CNXAUTO
2026-07-23 12:15:00+05:30,27685.25,27695.30078125,27637.5,27641.5,0,0.0,0.0,^CNXAUTO
2026-07-23 12:30:00+05:30,27641.30078125,27644.94921875,27569.94921875,27580.94921875,0,0.0,0.0,^CNXAUTO
2026-07-23 12:45:00+05:30,27579.650390625,27603.900390625,27560.30078125,27583.400390625,0,0.0,0.0,^CNXAUTO
2026-07-23 13:00:00+05:30,27584.349609375,27585.44921875,27532.80078125,27540.30078125,0,0.0,0.0,^CNXAUTO
2026-07-23 13:15:00+05:30,27540.099609375,27556.650390625,27492.5,27548.599609375,0,0.0,0.0,^CNXAUTO
2026-07-23 13:30:00+05:30,27548.0,27561.05078125,27520.900390625,27542.400390625,0,0.0,0.0,^CNXAUTO
2026-07-23 13:45:00+05:30,27541.80078125,27555.55078125,27529.5,27536.5,0,0.0,0.0,^CNXAUTO
2026-07-23 14:00:00+05:30,27537.849609375,27540.94921875,27510.55078125,27512.19921875,0,0.0,0.0,^CNXAUTO
2026-07-23 14:15:00+05:30,27512.55078125,27527.19921875,27498.25,27523.44921875,0,0.0,0.0,^CNXAUTO
2026-07-23 14:30:00+05:30,27523.19921875,27552.849609375,27460.0,27472.900390625,0,0.0,0.0,^CNXAUTO
2026-07-23 14:45:00+05:30,27469.900390625,27493.19921875,27446.349609375,27481.900390625,0,0.0,0.0,^CNXAUTO
2026-07-23 15:00:00+05:30,27480.349609375,27541.94921875,27474.44921875,27538.599609375,0,0.0,0.0,^CNXAUTO
2026-07-23 15:15:00+05:30,27539.80078125,27542.900390625,27496.400390625,27516.25,0,0.0,0.0,^CNXAUTO
2026-07-24 09:15:00+05:30,27346.5,27346.5,27211.349609375,27254.80078125,0,0.0,0.0,^CNXAUTO
2026-07-24 09:30:00+05:30,27255.0,27277.650390625,27191.25,27205.150390625,0,0.0,0.0,^CNXAUTO
2026-07-24 09:45:00+05:30,27206.19921875,27214.30078125,27135.150390625,27146.69921875,0,0.0,0.0,^CNXAUTO
2026-07-24 10:00:00+05:30,27146.75,27146.900390625,27042.900390625,27046.05078125,0,0.0,0.0,^CNXAUTO
2026-07-24 10:15:00+05:30,27045.80078125,27081.30078125,27033.099609375,27078.900390625,0,0.0,0.0,^CNXAUTO
2026-07-24 10:30:00+05:30,27075.30078125,27136.900390625,27068.900390625,27121.099609375,0,0.0,0.0,^CNXAUTO
2026-07-24 10:45:00+05:30,27118.69921875,27142.05078125,27072.599609375,27082.30078125,0,0.0,0.0,^CNXAUTO
2026-07-24 11:00:00+05:30,27080.30078125,27101.94921875,27044.150390625,27100.599609375,0,0.0,0.0,^CNXAUTO
2026-07-24 11:15:00+05:30,27100.599609375,27193.150390625,27100.55078125,27172.19921875,0,0.0,0.0,^CNXAUTO
2026-07-24 11:30:00+05:30,27172.150390625,27202.94921875,27155.400390625,27180.599609375,0,0.0,0.0,^CNXAUTO
2026-07-24 11:45:00+05:30,27180.55078125,27257.44921875,27180.349609375,27227.349609375,0,0.0,0.0,^CNXAUTO
2026-07-24 12:00:00+05:30,27228.349609375,27228.349609375,27151.849609375,27157.900390625,0,0.0,0.0,^CNXAUTO
2026-07-24 12:15:00+05:30,27158.05078125,27238.44921875,27145.44921875,27234.94921875,0,0.0,0.0,^CNXAUTO
2026-07-24 12:30:00+05:30,27233.849609375,27258.900390625,27212.80078125,27253.0,0,0.0,0.0,^CNXAUTO
2026-07-24 12:45:00+05:30,27252.900390625,27323.849609375,27234.650390625,27292.69921875,0,0.0,0.0,^CNXAUTO
2026-07-24 13:00:00+05:30,27293.5,27305.849609375,27233.69921875,27262.69921875,0,0.0,0.0,^CNXAUTO
2026-07-24 13:15:00+05:30,27263.19921875,27274.69921875,27249.349609375,27250.099609375,0,0.0,0.0,^CNXAUTO
2026-07-24 13:30:00+05:30,27250.900390625,27254.55078125,27171.099609375,27194.69921875,0,0.0,0.0,^CNXAUTO
2026-07-24 13:45:00+05:30,27194.69921875,27257.19921875,27183.25,27254.05078125,0,0.0,0.0,^CNXAUTO
2026-07-24 14:00:00+05:30,27257.30078125,27281.5,27235.69921875,27245.5,0,0.0,0.0,^CNXAUTO
2026-07-24 14:15:00+05:30,27245.5,27251.30078125,27206.44921875,27214.849609375,0,0.0,0.0,^CNXAUTO
2026-07-24 14:30:00+05:30,27214.900390625,27232.5,27197.900390625,27231.599609375,0,0.0,0.0,^CNXAUTO
2026-07-24 14:45:00+05:30,27231.099609375,27248.900390625,27197.05078125,27220.900390625,0,0.0,0.0,^CNXAUTO
2026-07-24 15:00:00+05:30,27222.900390625,27237.650390625,27188.05078125,27221.19921875,0,0.0,0.0,^CNXAUTO
2026-07-24 15:15:00+05:30,27222.30078125,27251.099609375,27200.05078125,27237.400390625,0,0.0,0.0,^CNXAUTO
2026-07-27 09:15:00+05:30,27443.650390625,27494.80078125,27366.19921875,27447.55078125,0,0.0,0.0,^CNXAUTO
2026-07-27 09:30:00+05:30,27447.099609375,27464.900390625,27394.650390625,27460.400390625,0,0.0,0.0,^CNXAUTO
2026-07-27 09:45:00+05:30,27460.30078125,27476.349609375,27419.150390625,27440.19921875,0,0.0,0.0,^CNXAUTO
2026-07-27 10:00:00+05:30,27440.25,27472.55078125,27401.80078125,27433.150390625,0,0.0,0.0,^CNXAUTO
2026-07-27 10:15:00+05:30,27433.5,27461.44921875,27413.19921875,27454.0,0,0.0,0.0,^CNXAUTO
2026-07-27 10:30:00+05:30,27454.25,27511.400390625,27432.400390625,27510.349609375,0,0.0,0.0,^CNXAUTO
2026-07-27 10:45:00+05:30,27510.349609375,27532.80078125,27451.80078125,27465.30078125,0,0.0,0.0,^CNXAUTO
2026-07-27 11:00:00+05:30,27465.44921875,27481.80078125,27436.80078125,27465.25,0,0.0,0.0,^CNXAUTO
2026-07-27 11:15:00+05:30,27463.900390625,27548.650390625,27463.599609375,27547.05078125,0,0.0,0.0,^CNXAUTO
2026-07-27 11:30:00+05:30,27548.099609375,27581.099609375,27542.30078125,27560.599609375,0,0.0,0.0,^CNXAUTO
2026-07-27 11:45:00+05:30,27560.400390625,27648.80078125,27542.650390625,27618.94921875,0,0.0,0.0,^CNXAUTO
2026-07-27 12:00:00+05:30,27618.69921875,27628.05078125,27575.05078125,27582.94921875,0,0.0,0.0,^CNXAUTO
2026-07-27 12:15:00+05:30,27582.94921875,27599.099609375,27562.5,27590.75,0,0.0,0.0,^CNXAUTO
2026-07-27 12:30:00+05:30,27590.75,27595.150390625,27555.099609375,27568.30078125,0,0.0,0.0,^CNXAUTO
2026-07-27 12:45:00+05:30,27568.80078125,27583.599609375,27553.25,27569.650390625,0,0.0,0.0,^CNXAUTO
2026-07-27 13:00:00+05:30,27570.05078125,27606.55078125,27565.75,27595.400390625,0,0.0,0.0,^CNXAUTO
2026-07-27 13:15:00+05:30,27597.150390625,27625.099609375,27595.150390625,27600.75,0,0.0,0.0,^CNXAUTO
2026-07-27 13:30:00+05:30,27601.0,27607.44921875,27570.69921875,27599.69921875,0,0.0,0.0,^CNXAUTO
2026-07-27 13:45:00+05:30,27599.5,27608.150390625,27577.849609375,27608.150390625,0,0.0,0.0,^CNXAUTO
2026-07-27 14:00:00+05:30,27609.349609375,27614.099609375,27594.44921875,27610.30078125,0,0.0,0.0,^CNXAUTO
2026-07-27 14:15:00+05:30,27610.55078125,27643.80078125,27602.19921875,27639.150390625,0,0.0,0.0,^CNXAUTO
2026-07-27 14:30:00+05:30,27638.69921875,27656.94921875,27620.5,27645.599609375,0,0.0,0.0,^CNXAUTO
2026-07-27 14:45:00+05:30,27645.75,27663.400390625,27628.69921875,27644.30078125,0,0.0,0.0,^CNXAUTO
2026-07-27 15:00:00+05:30,27645.69921875,27667.44921875,27633.69921875,27635.650390625,0,0.0,0.0,^CNXAUTO
2026-07-27 15:15:00+05:30,27634.400390625,27675.55078125,27630.349609375,27656.44921875,0,0.0,0.0,^CNXAUTO
2026-07-28 09:15:00+05:30,27594.05078125,27671.5,27559.650390625,27590.5,0,0.0,0.0,^CNXAUTO
2026-07-28 09:30:00+05:30,27590.69921875,27671.55078125,27562.650390625,27658.44921875,0,0.0,0.0,^CNXAUTO
2026-07-28 09:45:00+05:30,27658.55078125,27664.94921875,27621.05078125,27635.599609375,0,0.0,0.0,^CNXAUTO
2026-07-28 10:00:00+05:30,27635.25,27636.30078125,27599.75,27627.349609375,0,0.0,0.0,^CNXAUTO
2026-07-28 10:15:00+05:30,27626.75,27668.19921875,27625.80078125,27662.80078125,0,0.0,0.0,^CNXAUTO
2026-07-28 10:30:00+05:30,27662.80078125,27720.69921875,27659.150390625,27719.05078125,0,0.0,0.0,^CNXAUTO
2026-07-28 10:45:00+05:30,27720.19921875,27750.19921875,27711.349609375,27748.44921875,0,0.0,0.0,^CNXAUTO
2026-07-28 11:00:00+05:30,27749.099609375,27760.400390625,27728.599609375,27740.55078125,0,0.0,0.0,^CNXAUTO
2026-07-28 11:15:00+05:30,27740.150390625,27773.900390625,27740.150390625,27755.400390625,0,0.0,0.0,^CNXAUTO
2026-07-28 11:30:00+05:30,27755.19921875,27781.349609375,27746.19921875,27771.80078125,0,0.0,0.0,^CNXAUTO
2026-07-28 11:45:00+05:30,27772.599609375,27783.650390625,27758.44921875,27782.099609375,0,0.0,0.0,^CNXAUTO
2026-07-28 12:00:00+05:30,27781.75,27815.599609375,27778.44921875,27811.599609375,0,0.0,0.0,^CNXAUTO
2026-07-28 12:15:00+05:30,27811.80078125,27840.849609375,27798.55078125,27837.0,0,0.0,0.0,^CNXAUTO
2026-07-28 12:30:00+05:30,27835.599609375,27856.25,27808.25,27851.69921875,0,0.0,0.0,^CNXAUTO
2026-07-28 12:45:00+05:30,27850.849609375,27876.599609375,27831.400390625,27874.44921875,0,0.0,0.0,^CNXAUTO
2026-07-28 13:00:00+05:30,27876.400390625,27907.75,27870.5,27889.05078125,0,0.0,0.0,^CNXAUTO
2026-07-28 13:15:00+05:30,27889.05078125,27890.0,27857.30078125,27861.05078125,0,0.0,0.0,^CNXAUTO
2026-07-28 13:30:00+05:30,27860.849609375,27873.0,27850.75,27859.94921875,0,0.0,0.0,^CNXAUTO
2026-07-28 13:45:00+05:30,27860.099609375,27914.44921875,27849.25,27893.30078125,0,0.0,0.0,^CNXAUTO
2026-07-28 14:00:00+05:30,27893.599609375,27904.849609375,27887.30078125,27891.5,0,0.0,0.0,^CNXAUTO
2026-07-28 14:15:00+05:30,27891.150390625,27904.69921875,27885.150390625,27887.849609375,0,0.0,0.0,^CNXAUTO
2026-07-28 14:30:00+05:30,27884.25,27893.30078125,27859.94921875,27891.05078125,0,0.0,0.0,^CNXAUTO
2026-07-28 14:45:00+05:30,27889.75,27892.25,27833.900390625,27858.349609375,0,0.0,0.0,^CNXAUTO
2026-07-28 15:00:00+05:30,27858.400390625,27866.05078125,27816.349609375,27834.55078125,0,0.0,0.0,^CNXAUTO
2026-07-28 15:15:00+05:30,27834.650390625,27888.650390625,27832.0,27854.650390625,0,0.0,0.0,^CNXAUTO
2026-07-29 09:15:00+05:30,27923.0,28130.69921875,27851.05078125,28025.80078125,0,0.0,0.0,^CNXAUTO
2026-07-29 09:30:00+05:30,28027.05078125,28047.599609375,27999.44921875,28029.5,0,0.0,0.0,^CNXAUTO
2026-07-29 09:45:00+05:30,28029.5,28088.5,27913.94921875,27926.400390625,0,0.0,0.0,^CNXAUTO
2026-07-29 10:00:00+05:30,27928.44921875,27987.900390625,27898.44921875,27912.75,0,0.0,0.0,^CNXAUTO
2026-07-29 10:15:00+05:30,27912.849609375,27927.69921875,27862.55078125,27899.75,0,0.0,0.0,^CNXAUTO
2026-07-29 10:30:00+05:30,27899.650390625,27959.30078125,27888.900390625,27945.75,0,0.0,0.0,^CNXAUTO
2026-07-29 10:45:00+05:30,27945.650390625,27945.650390625,27813.94921875,27843.099609375,0,0.0,0.0,^CNXAUTO
2026-07-29 11:00:00+05:30,27843.69921875,27888.400390625,27818.69921875,27877.0,0,0.0,0.0,^CNXAUTO
2026-07-29 11:15:00+05:30,27878.55078125,27894.5,27839.44921875,27893.55078125,0,0.0,0.0,^CNXAUTO
2026-07-29 11:30:00+05:30,27892.80078125,27899.900390625,27853.599609375,27890.94921875,0,0.0,0.0,^CNXAUTO
2026-07-29 11:45:00+05:30,27889.44921875,27910.55078125,27870.900390625,27889.19921875,0,0.0,0.0,^CNXAUTO
2026-07-29 12:00:00+05:30,27888.94921875,27908.5,27879.5,27891.69921875,0,0.0,0.0,^CNXAUTO
2026-07-29 12:15:00+05:30,27893.150390625,27893.150390625,27828.69921875,27835.25,0,0.0,0.0,^CNXAUTO
2026-07-29 12:30:00+05:30,27835.5,27854.94921875,27813.0,27818.69921875,0,0.0,0.0,^CNXAUTO
2026-07-29 12:45:00+05:30,27818.599609375,27836.599609375,27801.349609375,27821.599609375,0,0.0,0.0,^CNXAUTO
2026-07-29 13:00:00+05:30,27822.55078125,27857.25,27821.0,27847.05078125,0,0.0,0.0,^CNXAUTO
2026-07-29 13:15:00+05:30,27846.94921875,27849.349609375,27816.25,27819.25,0,0.0,0.0,^CNXAUTO
2026-07-29 13:30:00+05:30,27817.75,27821.30078125,27731.349609375,27739.80078125,0,0.0,0.0,^CNXAUTO
2026-07-29 13:45:00+05:30,27739.94921875,27781.19921875,27737.900390625,27755.19921875,0,0.0,0.0,^CNXAUTO
2026-07-29 14:00:00+05:30,27754.19921875,27781.80078125,27751.05078125,27770.400390625,0,0.0,0.0,^CNXAUTO
2026-07-29 14:15:00+05:30,27770.400390625,27814.80078125,27768.94921875,27809.650390625,0,0.0,0.0,^CNXAUTO
2026-07-29 14:30:00+05:30,27809.44921875,27827.80078125,27793.55078125,27827.25,0,0.0,0.0,^CNXAUTO
2026-07-29 14:45:00+05:30,27827.75,27865.150390625,27818.19921875,27859.099609375,0,0.0,0.0,^CNXAUTO
2026-07-29 15:00:00+05:30,27859.44921875,27867.05078125,27817.849609375,27823.849609375,0,0.0,0.0,^CNXAUTO
2026-07-29 15:15:00+05:30,27822.099609375,27839.0,27799.0,27824.849609375,0,0.0,0.0,^CNXAUTO
2026-07-30 09:15:00+05:30,27829.05078125,27992.05078125,27725.55078125,27990.19921875,0,0.0,0.0,^CNXAUTO
2026-07-30 09:30:00+05:30,27985.150390625,28088.75,27965.25,28025.75,0,0.0,0.0,^CNXAUTO
2026-07-30 09:45:00+05:30,28026.0,28165.55078125,28026.0,28123.05078125,0,0.0,0.0,^CNXAUTO
2026-07-30 10:00:00+05:30,28121.400390625,28137.19921875,28033.30078125,28047.69921875,0,0.0,0.0,^CNXAUTO
2026-07-30 10:15:00+05:30,28048.099609375,28102.05078125,28031.900390625,28045.25,0,0.0,0.0,^CNXAUTO
2026-07-30 10:30:00+05:30,28043.400390625,28060.400390625,28004.75,28023.150390625,0,0.0,0.0,^CNXAUTO
2026-07-30 10:45:00+05:30,28022.30078125,28072.099609375,28015.69921875,28045.75,0,0.0,0.0,^CNXAUTO
2026-07-30 11:00:00+05:30,28046.0,28074.94921875,28020.0,28062.400390625,0,0.0,0.0,^CNXAUTO
2026-07-30 11:15:00+05:30,28062.94921875,28079.900390625,28043.05078125,28075.80078125,0,0.0,0.0,^CNXAUTO
2026-07-30 11:30:00+05:30,28076.099609375,28108.69921875,28058.900390625,28104.69921875,0,0.0,0.0,^CNXAUTO
2026-07-30 11:45:00+05:30,28105.150390625,28126.349609375,28090.69921875,28122.05078125,0,0.0,0.0,^CNXAUTO
2026-07-30 12:00:00+05:30,28121.69921875,28121.69921875,28050.55078125,28054.30078125,0,0.0,0.0,^CNXAUTO
2026-07-30 12:15:00+05:30,28053.80078125,28066.849609375,28038.400390625,28044.44921875,0,0.0,0.0,^CNXAUTO
2026-07-30 12:30:00+05:30,28044.349609375,28132.0,28042.650390625,28093.75,0,0.0,0.0,^CNXAUTO
2026-07-30 12:45:00+05:30,28093.30078125,28094.400390625,28029.150390625,28044.650390625,0,0.0,0.0,^CNXAUTO
2026-07-30 13:00:00+05:30,28043.650390625,28198.599609375,27939.400390625,27988.75,0,0.0,0.0,^CNXAUTO
2026-07-30 13:15:00+05:30,27989.19921875,28072.849609375,27967.849609375,28064.150390625,0,0.0,0.0,^CNXAUTO
2026-07-30 13:30:00+05:30,28063.650390625,28201.55078125,28055.19921875,28137.650390625,0,0.0,0.0,^CNXAUTO
2026-07-30 13:45:00+05:30,28137.0,28189.849609375,28123.0,28147.099609375,0,0.0,0.0,^CNXAUTO
2026-07-30 14:00:00+05:30,28147.599609375,28169.75,28137.400390625,28163.55078125,0,0.0,0.0,^CNXAUTO
2026-07-30 14:15:00+05:30,28164.30078125,28169.849609375,27963.75,27991.349609375,0,0.0,0.0,^CNXAUTO
2026-07-30 14:30:00+05:30,27990.75,28163.0,27917.0,28154.94921875,0,0.0,0.0,^CNXAUTO
2026-07-30 14:45:00+05:30,28155.05078125,28258.94921875,28105.150390625,28185.19921875,0,0.0,0.0,^CNXAUTO
2026-07-30 15:00:00+05:30,28188.05078125,28321.0,28169.05078125,28311.5,0,0.0,0.0,^CNXAUTO
2026-07-30 15:15:00+05:30,28309.75,28325.94921875,28280.55078125,28316.599609375,0,0.0,0.0,^CNXAUTO
2026-07-31 09:15:00+05:30,28551.55078125,28553.0,28170.94921875,28540.900390625,0,0.0,0.0,^CNXAUTO
2026-07-31 09:30:00+05:30,28542.400390625,28618.55078125,28477.30078125,28611.55078125,0,0.0,0.0,^CNXAUTO
2026-07-31 09:45:00+05:30,28612.75,28647.75,28556.5,28567.900390625,0,0.0,0.0,^CNXAUTO
2026-07-31 10:00:00+05:30,28565.0,28606.599609375,28542.400390625,28574.650390625,0,0.0,0.0,^CNXAUTO
2026-07-31 10:15:00+05:30,28575.400390625,28688.0,28572.25,28678.650390625,0,0.0,0.0,^CNXAUTO
2026-07-31 10:30:00+05:30,28678.30078125,28689.19921875,28644.650390625,28675.69921875,0,0.0,0.0,^CNXAUTO
2026-07-31 10:45:00+05:30,28676.19921875,28709.44921875,28674.19921875,28683.099609375,0,0.0,0.0,^CNXAUTO
2026-07-31 11:00:00+05:30,28683.0,28738.05078125,28656.75,28736.0,0,0.0,0.0,^CNXAUTO
2026-07-31 11:15:00+05:30,28735.30078125,28784.400390625,28727.30078125,28731.94921875,0,0.0,0.0,^CNXAUTO
2026-07-31 11:30:00+05:30,28730.80078125,28803.900390625,28697.849609375,28794.900390625,0,0.0,0.0,^CNXAUTO
2026-07-31 11:45:00+05:30,28796.55078125,28814.599609375,28770.5,28802.0,0,0.0,0.0,^CNXAUTO
2026-07-31 12:00:00+05:30,28803.349609375,28824.599609375,28798.05078125,28811.0,0,0.0,0.0,^CNXAUTO
2026-07-31 12:15:00+05:30,28813.099609375,28815.849609375,28778.650390625,28812.150390625,0,0.0,0.0,^CNXAUTO
2026-07-31 12:30:00+05:30,28812.30078125,28871.55078125,28810.150390625,28847.55078125,0,0.0,0.0,^CNXAUTO
2026-07-31 12:45:00+05:30,28848.19921875,28854.900390625,28814.0,28817.900390625,0,0.0,0.0,^CNXAUTO
2026-07-31 13:00:00+05:30,28819.05078125,28840.650390625,28800.099609375,28817.400390625,0,0.0,0.0,^CNXAUTO
2026-07-31 13:15:00+05:30,28817.25,28821.80078125,28789.5,28790.94921875,0,0.0,0.0,^CNXAUTO
2026-07-31 13:30:00+05:30,28790.94921875,28796.94921875,28743.69921875,28765.0,0,0.0,0.0,^CNXAUTO
2026-07-31 13:45:00+05:30,28765.55078125,28794.650390625,28753.55078125,28776.650390625,0,0.0,0.0,^CNXAUTO
2026-07-31 14:00:00+05:30,28776.650390625,28786.44921875,28755.25,28770.44921875,0,0.0,0.0,^CNXAUTO
2026-07-31 14:15:00+05:30,28771.599609375,28776.849609375,28745.44921875,28771.349609375,0,0.0,0.0,^CNXAUTO
2026-07-31 14:30:00+05:30,28772.75,28777.44921875,28723.0,28726.55078125,0,0.0,0.0,^CNXAUTO
2026-07-31 14:45:00+05:30,28726.599609375,28751.80078125,28691.650390625,28736.849609375,0,0.0,0.0,^CNXAUTO
2026-07-31 15:00:00+05:30,28737.400390625,28770.849609375,28719.69921875,28732.69921875,0,0.0,0.0,^CNXAUTO
2026-07-31 15:15:00+05:30,28731.25,28765.150390625,28717.150390625,28727.30078125,0,0.0,0.0,^CNXAUTO
2026-08-03 09:15:00+05:30,29058.849609375,29058.849609375,28815.349609375,28908.400390625,0,0.0,0.0,^CNXAUTO
2026-08-03 09:30:00+05:30,28908.44921875,28940.94921875,28849.099609375,28940.75,0,0.0,0.0,^CNXAUTO
2026-08-03 09:45:00+05:30,28943.75,28945.099609375,28868.30078125,28904.150390625,0,0.0,0.0,^CNXAUTO
2026-08-03 10:00:00+05:30,28903.349609375,28977.44921875,28866.0,28956.05078125,0,0.0,0.0,^CNXAUTO
2026-08-03 10:15:00+05:30,28957.150390625,28975.150390625,28874.849609375,28881.400390625,0,0.0,0.0,^CNXAUTO
2026-08-03 10:30:00+05:30,28878.55078125,28942.55078125,28838.30078125,28929.19921875,0,0.0,0.0,^CNXAUTO
2026-08-03 10:45:00+05:30,28928.849609375,28983.05078125,28922.69921875,28971.0,0,0.0,0.0,^CNXAUTO
2026-08-03 11:00:00+05:30,28970.400390625,28972.150390625,28910.599609375,28913.849609375,0,0.0,0.0,^CNXAUTO
2026-08-03 11:15:00+05:30,28913.19921875,28962.150390625,28891.150390625,28940.900390625,0,0.0,0.0,^CNXAUTO
2026-08-03 11:30:00+05:30,28938.75,28999.599609375,28919.05078125,28986.150390625,0,0.0,0.0,^CNXAUTO
2026-08-03 11:45:00+05:30,28987.05078125,29003.55078125,28966.0,28990.400390625,0,0.0,0.0,^CNXAUTO
2026-08-03 12:00:00+05:30,28989.55078125,29013.650390625,28951.30078125,28975.150390625,0,0.0,0.0,^CNXAUTO
2026-08-03 12:15:00+05:30,28974.19921875,28991.349609375,28969.849609375,28971.75,0,0.0,0.0,^CNXAUTO
2026-08-03 12:30:00+05:30,28970.599609375,28979.099609375,28947.650390625,28968.849609375,0,0.0,0.0,^CNXAUTO
2026-08-03 12:45:00+05:30,28969.30078125,28973.849609375,28929.80078125,28938.599609375,0,0.0,0.0,^CNXAUTO
2026-08-03 13:00:00+05:30,28938.5,28944.900390625,28913.400390625,28916.599609375,0,0.0,0.0,^CNXAUTO
2026-08-03 13:15:00+05:30,28918.05078125,28936.55078125,28914.44921875,28929.80078125,0,0.0,0.0,^CNXAUTO
2026-08-03 13:30:00+05:30,28932.05078125,28942.5,28906.5,28917.099609375,0,0.0,0.0,^CNXAUTO
2026-08-03 13:45:00+05:30,28917.349609375,28926.30078125,28893.099609375,28901.400390625,0,0.0,0.0,^CNXAUTO
2026-08-03 14:00:00+05:30,28902.0,28916.05078125,28891.25,28899.0,0,0.0,0.0,^CNXAUTO
2026-08-03 14:15:00+05:30,28899.05078125,28935.05078125,28890.900390625,28932.400390625,0,0.0,0.0,^CNXAUTO
2026-08-03 14:30:00+05:30,28933.650390625,28943.19921875,28914.900390625,28926.05078125,0,0.0,0.0,^CNXAUTO
2026-08-03 14:45:00+05:30,28927.599609375,28952.05078125,28926.5,28937.80078125,0,0.0,0.0,^CNXAUTO
2026-08-03 15:00:00+05:30,28937.400390625,28949.25,28886.05078125,28906.30078125,0,0.0,0.0,^CNXAUTO
2026-08-03 15:15:00+05:30,28904.099609375,29169.19921875,28903.05078125,29166.19921875,0,0.0,0.0,^CNXAUTO
2026-08-04 09:15:00+05:30,29038.5,29053.69921875,28908.30078125,28942.30078125,0,0.0,0.0,^CNXAUTO
2026-08-04 09:30:00+05:30,28940.55078125,29046.0,28940.55078125,29021.80078125,0,0.0,0.0,^CNXAUTO
2026-08-04 09:45:00+05:30,29023.5,29046.55078125,28995.94921875,29014.0,0,0.0,0.0,^CNXAUTO
2026-08-04 10:00:00+05:30,29014.25,29051.150390625,29003.0,29029.19921875,0,0.0,0.0,^CNXAUTO
2026-08-04 10:15:00+05:30,29029.349609375,29060.80078125,29014.19921875,29024.599609375,0,0.0,0.0,^CNXAUTO
2026-08-04 10:30:00+05:30,29024.19921875,29039.05078125,29007.19921875,29029.94921875,0,0.0,0.0,^CNXAUTO
2026-08-04 10:45:00+05:30,29030.150390625,29041.349609375,29006.650390625,29039.19921875,0,0.0,0.0,^CNXAUTO
2026-08-04 11:00:00+05:30,29038.599609375,29088.599609375,29020.25,29029.69921875,0,0.0,0.0,^CNXAUTO
2026-08-04 11:15:00+05:30,29029.0,29085.849609375,29016.75,29083.349609375,0,0.0,0.0,^CNXAUTO
2026-08-04 11:30:00+05:30,29083.400390625,29104.19921875,29037.400390625,29038.5,0,0.0,0.0,^CNXAUTO
2026-08-04 11:45:00+05:30,29037.94921875,29040.25,28952.05078125,28967.349609375,0,0.0,0.0,^CNXAUTO
2026-08-04 12:00:00+05:30,28968.25,28998.599609375,28916.80078125,28936.75,0,0.0,0.0,^CNXAUTO
2026-08-04 12:15:00+05:30,28936.650390625,28970.80078125,28919.599609375,28963.69921875,0,0.0,0.0,^CNXAUTO
2026-08-04 12:30:00+05:30,28963.19921875,28973.900390625,28929.5,28931.400390625,0,0.0,0.0,^CNXAUTO
2026-08-04 12:45:00+05:30,28931.5,28984.900390625,28931.5,28957.75,0,0.0,0.0,^CNXAUTO
2026-08-04 13:00:00+05:30,28957.849609375,28970.19921875,28925.849609375,28930.05078125,0,0.0,0.0,^CNXAUTO
2026-08-04 13:15:00+05:30,28929.400390625,28965.05078125,28903.05078125,28932.94921875,0,0.0,0.0,^CNXAUTO
2026-08-04 13:30:00+05:30,28933.05078125,28949.25,28921.30078125,28926.099609375,0,0.0,0.0,^CNXAUTO
2026-08-04 13:45:00+05:30,28925.05078125,28968.30078125,28913.0,28925.05078125,0,0.0,0.0,^CNXAUTO
2026-08-04 14:00:00+05:30,28925.69921875,28967.94921875,28908.55078125,28959.55078125,0,0.0,0.0,^CNXAUTO
2026-08-04 14:15:00+05:30,28960.30078125,28996.0,28922.75,28923.650390625,0,0.0,0.0,^CNXAUTO
2026-08-04 14:30:00+05:30,28924.19921875,28943.94921875,28897.19921875,28898.150390625,0,0.0,0.0,^CNXAUTO
2026-08-04 14:45:00+05:30,28899.900390625,28931.650390625,28893.55078125,28918.0,0,0.0,0.0,^CNXAUTO
2026-08-04 15:00:00+05:30,28918.650390625,28970.349609375,28913.05078125,28936.150390625,0,0.0,0.0,^CNXAUTO
2026-08-04 15:15:00+05:30,28936.05078125,29043.94921875,28935.69921875,29042.94921875,0,0.0,0.0,^CNXAUTO
2026-08-05 09:15:00+05:30,29213.05078125,29368.0,29113.150390625,29350.94921875,0,0.0,0.0,^CNXAUTO
2026-08-05 09:30:00+05:30,29351.150390625,29388.05078125,29309.849609375,29348.150390625,0,0.0,0.0,^CNXAUTO
2026-08-05 09:45:00+05:30,29350.75,29384.80078125,29259.349609375,29289.05078125,0,0.0,0.0,^CNXAUTO
2026-08-05 10:00:00+05:30,29287.75,29386.44921875,29287.75,29384.599609375,0,0.0,0.0,^CNXAUTO
2026-08-05 10:15:00+05:30,29383.400390625,29424.75,29362.0,29362.150390625,0,0.0,0.0,^CNXAUTO
2026-08-05 10:30:00+05:30,29361.599609375,29409.55078125,29343.05078125,29404.30078125,0,0.0,0.0,^CNXAUTO
2026-08-05 10:45:00+05:30,29404.25,29475.30078125,29404.0,29469.5,0,0.0,0.0,^CNXAUTO
2026-08-05 11:00:00+05:30,29470.349609375,29489.19921875,29404.05078125,29425.30078125,0,0.0,0.0,^CNXAUTO
2026-08-05 11:15:00+05:30,29425.55078125,29433.69921875,29396.80078125,29400.849609375,0,0.0,0.0,^CNXAUTO
2026-08-05 11:30:00+05:30,29400.55078125,29400.55078125,29367.599609375,29373.25,0,0.0,0.0,^CNXAUTO
2026-08-05 11:45:00+05:30,29375.5,29381.69921875,29333.5,29349.599609375,0,0.0,0.0,^CNXAUTO
2026-08-05 12:00:00+05:30,29349.5,29384.650390625,29348.150390625,29370.099609375,0,0.0,0.0,^CNXAUTO
2026-08-05 12:15:00+05:30,29369.69921875,29413.55078125,29359.150390625,29398.19921875,0,0.0,0.0,^CNXAUTO
2026-08-05 12:30:00+05:30,29399.0,29401.599609375,29346.19921875,29358.94921875,0,0.0,0.0,^CNXAUTO
2026-08-05 12:45:00+05:30,29361.150390625,29393.69921875,29353.19921875,29390.5,0,0.0,0.0,^CNXAUTO
2026-08-05 13:00:00+05:30,29391.69921875,29404.0,29368.0,29389.69921875,0,0.0,0.0,^CNXAUTO
2026-08-05 13:15:00+05:30,29391.0,29410.650390625,29366.400390625,29369.94921875,0,0.0,0.0,^CNXAUTO
2026-08-05 13:30:00+05:30,29368.5,29379.400390625,29324.44921875,29335.75,0,0.0,0.0,^CNXAUTO
2026-08-05 13:45:00+05:30,29334.05078125,29364.94921875,29330.349609375,29348.099609375,0,0.0,0.0,^CNXAUTO
2026-08-05 14:00:00+05:30,29344.5,29386.55078125,29344.349609375,29365.349609375,0,0.0,0.0,^CNXAUTO
2026-08-05 14:15:00+05:30,29364.599609375,29370.19921875,29302.69921875,29315.75,0,0.0,0.0,^CNXAUTO
2026-08-05 14:30:00+05:30,29316.349609375,29351.75,29301.900390625,29306.099609375,0,0.0,0.0,^CNXAUTO
2026-08-05 14:45:00+05:30,29307.099609375,29344.44921875,29291.099609375,29335.0,0,0.0,0.0,^CNXAUTO
2026-08-05 15:00:00+05:30,29337.75,29369.55078125,29315.94921875,29355.05078125,0,0.0,0.0,^CNXAUTO
2026-08-05 15:15:00+05:30,29355.05078125,29412.55078125,29353.900390625,29411.75,0,0.0,0.0,^CNXAUTO
2026-08-06 09:15:00+05:30,29375.75,29375.75,29210.900390625,29245.30078125,0,0.0,0.0,^CNXAUTO
2026-08-06 09:30:00+05:30,29246.099609375,29345.099609375,29245.30078125,29306.400390625,0,0.0,0.0,^CNXAUTO
2026-08-06 09:45:00+05:30,29308.349609375,29323.599609375,29267.25,29267.55078125,0,0.0,0.0,^CNXAUTO
2026-08-06 10:00:00+05:30,29268.55078125,29340.099609375,29228.849609375,29315.69921875,0,0.0,0.0,^CNXAUTO
2026-08-06 10:15:00+05:30,29315.900390625,29331.400390625,29292.0,29328.80078125,0,0.0,0.0,^CNXAUTO
2026-08-06 10:30:00+05:30,29329.05078125,29348.05078125,29298.599609375,29344.19921875,0,0.0,0.0,^CNXAUTO
2026-08-06 10:45:00+05:30,29346.44921875,29346.44921875,29252.94921875,29258.099609375,0,0.0,0.0,^CNXAUTO
2026-08-06 11:00:00+05:30,29257.80078125,29281.349609375,29228.05078125,29274.650390625,0,0.0,0.0,^CNXAUTO
2026-08-06 11:15:00+05:30,29273.69921875,29290.80078125,29256.099609375,29271.400390625,0,0.0,0.0,^CNXAUTO
2026-08-06 11:30:00+05:30,29272.150390625,29280.849609375,29140.849609375,29218.55078125,0,0.0,0.0,^CNXAUTO
2026-08-06 11:45:00+05:30,29219.150390625,29249.650390625,29168.900390625,29196.30078125,0,0.0,0.0,^CNXAUTO
2026-08-06 12:00:00+05:30,29195.19921875,29196.150390625,29123.69921875,29135.650390625,0,0.0,0.0,^CNXAUTO
2026-08-06 12:15:00+05:30,29137.849609375,29161.400390625,29116.94921875,29124.400390625,0,0.0,0.0,^CNXAUTO
2026-08-06 12:30:00+05:30,29124.19921875,29157.849609375,29124.19921875,29137.05078125,0,0.0,0.0,^CNXAUTO
2026-08-06 12:45:00+05:30,29137.099609375,29151.150390625,29108.69921875,29113.900390625,0,0.0,0.0,^CNXAUTO
2026-08-06 13:00:00+05:30,29111.400390625,29153.19921875,29087.150390625,29092.55078125,0,0.0,0.0,^CNXAUTO
2026-08-06 13:15:00+05:30,29093.400390625,29144.150390625,29079.099609375,29111.400390625,0,0.0,0.0,^CNXAUTO
2026-08-06 13:30:00+05:30,29111.650390625,29143.599609375,29096.30078125,29107.0,0,0.0,0.0,^CNXAUTO
2026-08-06 13:45:00+05:30,29108.5,29109.150390625,29051.19921875,29097.25,0,0.0,0.0,^CNXAUTO
2026-08-06 14:00:00+05:30,29098.44921875,29113.599609375,29088.849609375,29094.30078125,0,0.0,0.0,^CNXAUTO
2026-08-06 14:15:00+05:30,29094.150390625,29116.599609375,29092.44921875,29102.0,0,0.0,0.0,^CNXAUTO
2026-08-06 14:30:00+05:30,29101.849609375,29115.900390625,29081.75,29097.900390625,0,0.0,0.0,^CNXAUTO
2026-08-06 14:45:00+05:30,29099.25,29110.30078125,29085.0,29096.349609375,0,0.0,0.0,^CNXAUTO
2026-08-06 15:00:00+05:30,29096.19921875,29105.25,29057.69921875,29094.75,0,0.0,0.0,^CNXAUTO
2026-08-06 15:15:00+05:30,29098.599609375,29116.25,29098.599609375,29113.80078125,0,0.0,0.0,^CNXAUTO
2026-08-07 09:15:00+05:30,29012.44921875,29342.25,29012.44921875,29245.5,0,0.0,0.0,^CNXAUTO
2026-08-07 09:30:00+05:30,29246.69921875,29378.19921875,29240.80078125,29376.80078125,0,0.0,0.0,^CNXAUTO
2026-08-07 09:45:00+05:30,29379.349609375,29455.69921875,29359.400390625,29446.19921875,0,0.0,0.0,^CNXAUTO
2026-08-07 10:00:00+05:30,29447.30078125,29461.099609375,29400.55078125,29400.94921875,0,0.0,0.0,^CNXAUTO
2026-08-07 10:15:00+05:30,29400.75,29415.30078125,29355.349609375,29398.5,0,0.0,0.0,^CNXAUTO
2026-08-07 10:30:00+05:30,29397.94921875,29438.650390625,29394.150390625,29414.30078125,0,0.0,0.0,^CNXAUTO
2026-08-07 10:45:00+05:30,29414.94921875,29494.900390625,29411.150390625,29467.05078125,0,0.0,0.0,^CNXAUTO
2026-08-07 11:00:00+05:30,29466.25,29478.69921875,29370.25,29412.849609375,0,0.0,0.0,^CNXAUTO
2026-08-07 11:15:00+05:30,29415.599609375,29441.44921875,29387.80078125,29421.30078125,0,0.0,0.0,^CNXAUTO
2026-08-07 11:30:00+05:30,29421.25,29457.19921875,29403.599609375,29454.80078125,0,0.0,0.0,^CNXAUTO
2026-08-07 11:45:00+05:30,29453.75,29465.900390625,29389.80078125,29422.900390625,0,0.0,0.0,^CNXAUTO
2026-08-07 12:00:00+05:30,29424.25,29435.0,29399.75,29405.80078125,0,0.0,0.0,^CNXAUTO
2026-08-07 12:15:00+05:30,29407.900390625,29486.0,29401.75,29476.5,0,0.0,0.0,^CNXAUTO
2026-08-07 12:30:00+05:30,29479.400390625,29512.44921875,29460.05078125,29509.849609375,0,0.0,0.0,^CNXAUTO
2026-08-07 12:45:00+05:30,29511.69921875,29536.900390625,29508.0,29530.75,0,0.0,0.0,^CNXAUTO
2026-08-07 13:00:00+05:30,29533.05078125,29555.25,29525.05078125,29529.0,0,0.0,0.0,^CNXAUTO
2026-08-07 13:15:00+05:30,29530.05078125,29578.849609375,29517.150390625,29570.05078125,0,0.0,0.0,^CNXAUTO
2026-08-07 13:30:00+05:30,29570.69921875,29579.25,29554.19921875,29577.05078125,0,0.0,0.0,^CNXAUTO
2026-08-07 13:45:00+05:30,29579.30078125,29606.05078125,29577.5,29596.0,0,0.0,0.0,^CNXAUTO
2026-08-07 14:00:00+05:30,29597.19921875,29618.75,29566.25,29576.099609375,0,0.0,0.0,^CNXAUTO
2026-08-07 14:15:00+05:30,29576.099609375,29626.650390625,29575.19921875,29601.5,0,0.0,0.0,^CNXAUTO
2026-08-07 14:30:00+05:30,29603.599609375,29615.900390625,29564.349609375,29579.05078125,0,0.0,0.0,^CNXAUTO
2026-08-07 14:45:00+05:30,29579.05078125,29600.150390625,29574.69921875,29592.599609375,0,0.0,0.0,^CNXAUTO
2026-08-07 15:00:00+05:30,29593.900390625,29640.69921875,29591.599609375,29613.849609375,0,0.0,0.0,^CNXAUTO
2026-08-07 15:15:00+05:30,29619.80078125,29647.849609375,29619.30078125,29646.94921875,0,0.0,0.0,^CNXAUTO
2026-08-10 09:15:00+05:30,29696.150390625,29865.5,29602.19921875,29846.05078125,0,0.0,0.0,^CNXAUTO
2026-08-10 09:30:00+05:30,29845.05078125,29854.900390625,29704.80078125,29708.099609375,0,0.0,0.0,^CNXAUTO
2026-08-10 09:45:00+05:30,29707.5,29749.599609375,29690.05078125,29746.69921875,0,0.0,0.0,^CNXAUTO
2026-08-10 10:00:00+05:30,29746.55078125,29756.349609375,29698.19921875,29706.19921875,0,0.0,0.0,^CNXAUTO
2026-08-10 10:15:00+05:30,29708.099609375,29745.849609375,29703.75,29738.599609375,0,0.0,0.0,^CNXAUTO
2026-08-10 10:30:00+05:30,29737.900390625,29783.75,29708.5,29777.0,0,0.0,0.0,^CNXAUTO
2026-08-10 10:45:00+05:30,29775.69921875,29819.5,29762.650390625,29815.849609375,0,0.0,0.0,^CNXAUTO
2026-08-10 11:00:00+05:30,29816.349609375,29826.55078125,29785.849609375,29810.5,0,0.0,0.0,^CNXAUTO
2026-08-10 11:15:00+05:30,29810.44921875,29849.849609375,29793.25,29824.75,0,0.0,0.0,^CNXAUTO
2026-08-10 11:30:00+05:30,29827.5,29830.05078125,29767.0,29771.099609375,0,0.0,0.0,^CNXAUTO
2026-08-10 11:45:00+05:30,29770.150390625,29788.0,29754.849609375,29760.0,0,0.0,0.0,^CNXAUTO
2026-08-10 12:00:00+05:30,29760.69921875,29793.94921875,29760.099609375,29791.900390625,0,0.0,0.0,^CNXAUTO
2026-08-10 12:15:00+05:30,29792.099609375,29795.94921875,29729.69921875,29742.69921875,0,0.0,0.0,^CNXAUTO
2026-08-10 12:30:00+05:30,29741.94921875,29759.099609375,29732.44921875,29743.900390625,0,0.0,0.0,^CNXAUTO
2026-08-10 12:45:00+05:30,29745.099609375,29760.94921875,29737.900390625,29757.44921875,0,0.0,0.0,^CNXAUTO
2026-08-10 13:00:00+05:30,29757.900390625,29779.25,29748.25,29766.30078125,0,0.0,0.0,^CNXAUTO
2026-08-10 13:15:00+05:30,29766.94921875,29780.650390625,29748.0,29772.94921875,0,0.0,0.0,^CNXAUTO
2026-08-10 13:30:00+05:30,29772.599609375,29782.900390625,29758.599609375,29771.400390625,0,0.0,0.0,^CNXAUTO
2026-08-10 13:45:00+05:30,29771.599609375,29782.650390625,29684.0,29690.75,0,0.0,0.0,^CNXAUTO
2026-08-10 14:00:00+05:30,29692.900390625,29714.80078125,29662.69921875,29666.19921875,0,0.0,0.0,^CNXAUTO
2026-08-10 14:15:00+05:30,29667.150390625,29672.5,29608.5,29646.0,0,0.0,0.0,^CNXAUTO
2026-08-10 14:30:00+05:30,29646.80078125,29653.400390625,29609.099609375,29619.0,0,0.0,0.0,^CNXAUTO
2026-08-10 14:45:00+05:30,29617.25,29620.19921875,29581.900390625,29605.05078125,0,0.0,0.0,^CNXAUTO
2026-08-10 15:00:00+05:30,29606.19921875,29628.69921875,29576.80078125,29589.349609375,0,0.0,0.0,^CNXAUTO
2026-08-10 15:15:00+05:30,29588.400390625,29618.599609375,29587.80078125,29618.599609375,0,0.0,0.0,^CNXAUTO
2026-08-11 09:15:00+05:30,29605.25,29701.94921875,29557.94921875,29635.650390625,0,0.0,0.0,^CNXAUTO
2026-08-11 09:30:00+05:30,29633.650390625,29712.400390625,29617.900390625,29674.30078125,0,0.0,0.0,^CNXAUTO
2026-08-11 09:45:00+05:30,29674.400390625,29687.5,29645.0,29656.25,0,0.0,0.0,^CNXAUTO
2026-08-11 10:00:00+05:30,29656.099609375,29664.599609375,29604.400390625,29649.05078125,0,0.0,0.0,^CNXAUTO
2026-08-11 10:15:00+05:30,29649.900390625,29661.349609375,29610.75,29646.349609375,0,0.0,0.0,^CNXAUTO
2026-08-11 10:30:00+05:30,29646.5,29689.400390625,29645.400390625,29672.650390625,0,0.0,0.0,^CNXAUTO
2026-08-11 10:45:00+05:30,29672.0,29684.80078125,29647.849609375,29673.650390625,0,0.0,0.0,^CNXAUTO
2026-08-11 11:00:00+05:30,29673.650390625,29682.94921875,29637.69921875,29646.0,0,0.0,0.0,^CNXAUTO
2026-08-11 11:15:00+05:30,29645.849609375,29653.0,29620.19921875,29623.599609375,0,0.0,0.0,^CNXAUTO
2026-08-11 11:30:00+05:30,29622.80078125,29626.55078125,29589.599609375,29596.19921875,0,0.0,0.0,^CNXAUTO
2026-08-11 11:45:00+05:30,29595.55078125,29615.0,29589.349609375,29599.650390625,0,0.0,0.0,^CNXAUTO
2026-08-11 12:00:00+05:30,29599.650390625,29628.849609375,29583.650390625,29622.849609375,0,0.0,0.0,^CNXAUTO
2026-08-11 12:15:00+05:30,29623.349609375,29639.900390625,29592.44921875,29593.0,0,0.0,0.0,^CNXAUTO
2026-08-11 12:30:00+05:30,29593.25,29615.69921875,29580.599609375,29582.099609375,0,0.0,0.0,^CNXAUTO
2026-08-11 12:45:00+05:30,29582.69921875,29593.55078125,29494.849609375,29500.650390625,0,0.0,0.0,^CNXAUTO
2026-08-11 13:00:00+05:30,29500.650390625,29500.849609375,29466.30078125,29482.69921875,0,0.0,0.0,^CNXAUTO
2026-08-11 13:15:00+05:30,29483.650390625,29529.25,29465.900390625,29510.400390625,0,0.0,0.0,^CNXAUTO
2026-08-11 13:30:00+05:30,29510.55078125,29539.849609375,29510.55078125,29530.94921875,0,0.0,0.0,^CNXAUTO
2026-08-11 13:45:00+05:30,29531.19921875,29536.25,29481.19921875,29488.30078125,0,0.0,0.0,^CNXAUTO
2026-08-11 14:00:00+05:30,29489.19921875,29496.0,29463.44921875,29463.650390625,0,0.0,0.0,^CNXAUTO
2026-08-11 14:15:00+05:30,29465.650390625,29465.650390625,29422.55078125,29440.30078125,0,0.0,0.0,^CNXAUTO
2026-08-11 14:30:00+05:30,29439.94921875,29458.5,29432.400390625,29447.55078125,0,0.0,0.0,^CNXAUTO
2026-08-11 14:45:00+05:30,29448.5,29472.05078125,29431.55078125,29463.05078125,0,0.0,0.0,^CNXAUTO
2026-08-11 15:00:00+05:30,29462.599609375,29479.349609375,29425.19921875,29450.05078125,0,0.0,0.0,^CNXAUTO
2026-08-11 15:15:00+05:30,29450.05078125,29459.44921875,29449.69921875,29459.19921875,0,0.0,0.0,^CNXAUTO
2026-08-12 09:15:00+05:30,29474.099609375,29602.099609375,29430.099609375,29585.900390625,0,0.0,0.0,^CNXAUTO
2026-08-12 09:30:00+05:30,29583.849609375,29602.349609375,29489.900390625,29494.150390625,0,0.0,0.0,^CNXAUTO
2026-08-12 09:45:00+05:30,29493.80078125,29498.099609375,29395.900390625,29406.0,0,0.0,0.0,^CNXAUTO
2026-08-12 10:00:00+05:30,29406.349609375,29414.599609375,29366.75,29386.5,0,0.0,0.0,^CNXAUTO
2026-08-12 10:15:00+05:30,29388.69921875,29410.55078125,29378.150390625,29396.69921875,0,0.0,0.0,^CNXAUTO
2026-08-12 10:30:00+05:30,29398.19921875,29451.5,29394.349609375,29443.349609375,0,0.0,0.0,^CNXAUTO
2026-08-12 10:45:00+05:30,29442.650390625,29456.75,29388.25,29419.849609375,0,0.0,0.0,^CNXAUTO
2026-08-12 11:00:00+05:30,29420.150390625,29421.0,29363.5,29397.349609375,0,0.0,0.0,^CNXAUTO
2026-08-12 11:15:00+05:30,29398.25,29445.30078125,29387.19921875,29413.5,0,0.0,0.0,^CNXAUTO
2026-08-12 11:30:00+05:30,29413.5,29442.19921875,29386.150390625,29425.55078125,0,0.0,0.0,^CNXAUTO
2026-08-12 11:45:00+05:30,29426.25,29428.349609375,29404.69921875,29416.349609375,0,0.0,0.0,^CNXAUTO
2026-08-12 12:00:00+05:30,29416.80078125,29425.0,29382.55078125,29383.80078125,0,0.0,0.0,^CNXAUTO
2026-08-12 12:15:00+05:30,29383.0,29396.400390625,29364.0,29383.30078125,0,0.0,0.0,^CNXAUTO
2026-08-12 12:30:00+05:30,29383.30078125,29385.94921875,29354.94921875,29369.75,0,0.0,0.0,^CNXAUTO
2026-08-12 12:45:00+05:30,29369.349609375,29377.30078125,29348.400390625,29353.19921875,0,0.0,0.0,^CNXAUTO
2026-08-12 13:00:00+05:30,29353.900390625,29360.80078125,29333.69921875,29352.44921875,0,0.0,0.0,^CNXAUTO
2026-08-12 13:15:00+05:30,29352.19921875,29382.44921875,29349.25,29359.19921875,0,0.0,0.0,^CNXAUTO
2026-08-12 13:30:00+05:30,29360.900390625,29369.0,29316.30078125,29320.099609375,0,0.0,0.0,^CNXAUTO
2026-08-12 13:45:00+05:30,29319.94921875,29329.599609375,29306.099609375,29328.5,0,0.0,0.0,^CNXAUTO
2026-08-12 14:00:00+05:30,29327.75,29330.69921875,29307.55078125,29314.94921875,0,0.0,0.0,^CNXAUTO
2026-08-12 14:15:00+05:30,29315.30078125,29343.30078125,29310.150390625,29342.30078125,0,0.0,0.0,^CNXAUTO
2026-08-12 14:30:00+05:30,29341.099609375,29392.19921875,29340.900390625,29365.099609375,0,0.0,0.0,^CNXAUTO
2026-08-12 14:45:00+05:30,29366.25,29436.55078125,29348.55078125,29394.44921875,0,0.0,0.0,^CNXAUTO
2026-08-12 15:00:00+05:30,29394.30078125,29397.150390625,29336.05078125,29354.55078125,0,0.0,0.0,^CNXAUTO
2026-08-12 15:15:00+05:30,29346.849609375,29364.400390625,29346.849609375,29364.25,0,0.0,0.0,^CNXAUTO
2026-08-13 09:15:00+05:30,29400.349609375,29504.94921875,29378.69921875,29485.5,0,0.0,0.0,^CNXAUTO
2026-08-13 09:30:00+05:30,29487.5,29507.900390625,29417.19921875,29493.69921875,0,0.0,0.0,^CNXAUTO
2026-08-13 09:45:00+05:30,29491.75,29501.94921875,29422.19921875,29437.55078125,0,0.0,0.0,^CNXAUTO
2026-08-13 10:00:00+05:30,29436.75,29449.400390625,29375.099609375,29406.099609375,0,0.0,0.0,^CNXAUTO
2026-08-13 10:15:00+05:30,29406.94921875,29430.849609375,29362.05078125,29365.599609375,0,0.0,0.0,^CNXAUTO
2026-08-13 10:30:00+05:30,29365.94921875,29386.75,29349.349609375,29371.69921875,0,0.0,0.0,^CNXAUTO
2026-08-13 10:45:00+05:30,29371.44921875,29387.599609375,29360.55078125,29361.94921875,0,0.0,0.0,^CNXAUTO
2026-08-13 11:00:00+05:30,29361.94921875,29380.099609375,29345.349609375,29354.94921875,0,0.0,0.0,^CNXAUTO
2026-08-13 11:15:00+05:30,29355.55078125,29360.80078125,29325.400390625,29351.55078125,0,0.0,0.0,^CNXAUTO
2026-08-13 11:30:00+05:30,29351.599609375,29362.25,29326.650390625,29328.30078125,0,0.0,0.0,^CNXAUTO
2026-08-13 11:45:00+05:30,29327.849609375,29384.30078125,29319.05078125,29377.69921875,0,0.0,0.0,^CNXAUTO
2026-08-13 12:00:00+05:30,29377.55078125,29426.400390625,29374.099609375,29391.099609375,0,0.0,0.0,^CNXAUTO
2026-08-13 12:15:00+05:30,29392.19921875,29433.400390625,29386.0,29428.69921875,0,0.0,0.0,^CNXAUTO
2026-08-13 12:30:00+05:30,29430.80078125,29433.25,29403.69921875,29414.75,0,0.0,0.0,^CNXAUTO
2026-08-13 12:45:00+05:30,29417.150390625,29418.099609375,29375.55078125,29394.099609375,0,0.0,0.0,^CNXAUTO
2026-08-13 13:00:00+05:30,29394.0,29414.69921875,29390.80078125,29414.69921875,0,0.0,0.0,^CNXAUTO
2026-08-13 13:15:00+05:30,29414.30078125,29416.44921875,29368.25,29374.25,0,0.0,0.0,^CNXAUTO
2026-08-13 13:30:00+05:30,29374.75,29378.69921875,29362.80078125,29375.5,0,0.0,0.0,^CNXAUTO
2026-08-13 13:45:00+05:30,29374.0,29374.0,29338.55078125,29352.400390625,0,0.0,0.0,^CNXAUTO
2026-08-13 14:00:00+05:30,29352.19921875,29355.150390625,29324.0,29332.55078125,0,0.0,0.0,^CNXAUTO
2026-08-13 14:15:00+05:30,29332.900390625,29348.30078125,29322.75,29341.30078125,0,0.0,0.0,^CNXAUTO
2026-08-13 14:30:00+05:30,29340.650390625,29355.19921875,29326.0,29330.599609375,0,0.0,0.0,^CNXAUTO
2026-08-13 14:45:00+05:30,29331.05078125,29334.44921875,29302.5,29309.650390625,0,0.0,0.0,^CNXAUTO
2026-08-13 15:00:00+05:30,29308.5,29312.650390625,29279.0,29293.849609375,0,0.0,0.0,^CNXAUTO
2026-08-13 15:15:00+05:30,29287.349609375,29392.349609375,29285.55078125,29391.599609375,0,0.0,0.0,^CNXAUTO
2026-08-14 09:15:00+05:30,29297.0,29297.0,29136.349609375,29142.94921875,0,0.0,0.0,^CNXAUTO
2026-08-14 09:30:00+05:30,29142.69921875,29223.25,29138.099609375,29197.650390625,0,0.0,0.0,^CNXAUTO
2026-08-14 09:45:00+05:30,29197.44921875,29204.5,29155.400390625,29168.94921875,0,0.0,0.0,^CNXAUTO
2026-08-14 10:00:00+05:30,29170.849609375,29197.099609375,29120.80078125,29124.349609375,0,0.0,0.0,^CNXAUTO
2026-08-14 10:15:00+05:30,29125.05078125,29198.849609375,29122.099609375,29168.44921875,0,0.0,0.0,^CNXAUTO
2026-08-14 10:30:00+05:30,29168.80078125,29198.400390625,29139.55078125,29197.05078125,0,0.0,0.0,^CNXAUTO
2026-08-14 10:45:00+05:30,29198.400390625,29232.349609375,29178.05078125,29200.55078125,0,0.0,0.0,^CNXAUTO
2026-08-14 11:00:00+05:30,29199.80078125,29226.30078125,29195.650390625,29207.30078125,0,0.0,0.0,^CNXAUTO
2026-08-14 11:15:00+05:30,29208.69921875,29247.400390625,29199.650390625,29221.599609375,0,0.0,0.0,^CNXAUTO
2026-08-14 11:30:00+05:30,29221.150390625,29265.099609375,29207.099609375,29253.55078125,0,0.0,0.0,^CNXAUTO
2026-08-14 11:45:00+05:30,29254.55078125,29275.80078125,29242.5,29248.5,0,0.0,0.0,^CNXAUTO
2026-08-14 12:00:00+05:30,29249.5,29281.25,29248.5,29269.849609375,0,0.0,0.0,^CNXAUTO
2026-08-14 12:15:00+05:30,29269.44921875,29298.05078125,29266.400390625,29283.650390625,0,0.0,0.0,^CNXAUTO
2026-08-14 12:30:00+05:30,29283.94921875,29301.55078125,29270.099609375,29282.80078125,0,0.0,0.0,^CNXAUTO
2026-08-14 12:45:00+05:30,29280.400390625,29317.5,29278.94921875,29297.900390625,0,0.0,0.0,^CNXAUTO
2026-08-14 13:00:00+05:30,29299.349609375,29307.55078125,29271.75,29278.55078125,0,0.0,0.0,^CNXAUTO
2026-08-14 13:15:00+05:30,29279.19921875,29280.30078125,29245.30078125,29257.150390625,0,0.0,0.0,^CNXAUTO
2026-08-14 13:30:00+05:30,29255.19921875,29259.69921875,29214.0,29235.599609375,0,0.0,0.0,^CNXAUTO
2026-08-14 13:45:00+05:30,29232.900390625,29277.69921875,29232.900390625,29256.25,0,0.0,0.0,^CNXAUTO
2026-08-14 14:00:00+05:30,29255.69921875,29267.650390625,29223.0,29228.05078125,0,0.0,0.0,^CNXAUTO
2026-08-14 14:15:00+05:30,29227.25,29266.349609375,29226.44921875,29252.69921875,0,0.0,0.0,^CNXAUTO
2026-08-14 14:30:00+05:30,29253.900390625,29265.80078125,29232.0,29244.599609375,0,0.0,0.0,^CNXAUTO
2026-08-14 14:45:00+05:30,29241.94921875,29271.150390625,29238.5,29262.650390625,0,0.0,0.0,^CNXAUTO
2026-08-14 15:00:00+05:30,29261.44921875,29282.80078125,29219.599609375,29223.75,0,0.0,0.0,^CNXAUTO
2026-08-14 15:15:00+05:30,29232.75,29232.849609375,29206.94921875,29207.55078125,0,0.0,0.0,^CNXAUTO
2026-08-17 09:15:00+05:30,29205.30078125,29384.099609375,29205.30078125,29310.44921875,0,0.0,0.0,^CNXAUTO
2026-08-17 09:30:00+05:30,29310.099609375,29329.849609375,29283.400390625,29290.19921875,0,0.0,0.0,^CNXAUTO
2026-08-17 09:45:00+05:30,29289.900390625,29321.55078125,29222.30078125,29229.69921875,0,0.0,0.0,^CNXAUTO
2026-08-17 10:00:00+05:30,29231.349609375,29263.55078125,29209.400390625,29220.849609375,0,0.0,0.0,^CNXAUTO
2026-08-17 10:15:00+05:30,29220.900390625,29248.150390625,29182.19921875,29190.30078125,0,0.0,0.0,^CNXAUTO
2026-08-17 10:30:00+05:30,29190.849609375,29199.900390625,29167.19921875,29199.80078125,0,0.0,0.0,^CNXAUTO
2026-08-17 10:45:00+05:30,29198.5,29224.05078125,29189.75,29204.849609375,0,0.0,0.0,^CNXAUTO
2026-08-17 11:00:00+05:30,29204.650390625,29234.349609375,29199.19921875,29234.25,0,0.0,0.0,^CNXAUTO
2026-08-17 11:15:00+05:30,29234.44921875,29240.80078125,29213.30078125,29240.80078125,0,0.0,0.0,^CNXAUTO
2026-08-17 11:30:00+05:30,29241.75,29271.599609375,29240.900390625,29253.25,0,0.0,0.0,^CNXAUTO
2026-08-17 11:45:00+05:30,29253.25,29283.80078125,29249.150390625,29267.5,0,0.0,0.0,^CNXAUTO
2026-08-17 12:00:00+05:30,29266.75,29274.400390625,29256.94921875,29273.69921875,0,0.0,0.0,^CNXAUTO
2026-08-17 12:15:00+05:30,29275.5,29292.099609375,29266.05078125,29285.5,0,0.0,0.0,^CNXAUTO
2026-08-17 12:30:00+05:30,29286.400390625,29286.849609375,29266.44921875,29273.650390625,0,0.0,0.0,^CNXAUTO
2026-08-17 12:45:00+05:30,29273.55078125,29300.19921875,29263.599609375,29275.55078125,0,0.0,0.0,^CNXAUTO
2026-08-17 13:00:00+05:30,29273.599609375,29287.80078125,29267.80078125,29279.44921875,0,0.0,0.0,^CNXAUTO
2026-08-17 13:15:00+05:30,29279.900390625,29287.05078125,29259.80078125,29273.44921875,0,0.0,0.0,^CNXAUTO
2026-08-17 13:30:00+05:30,29273.150390625,29287.150390625,29267.650390625,29278.099609375,0,0.0,0.0,^CNXAUTO
2026-08-17 13:45:00+05:30,29278.44921875,29290.5,29249.80078125,29269.55078125,0,0.0,0.0,^CNXAUTO
2026-08-17 14:00:00+05:30,29269.80078125,29279.75,29263.349609375,29264.44921875,0,0.0,0.0,^CNXAUTO
2026-08-17 14:15:00+05:30,29264.55078125,29280.5,29258.80078125,29262.69921875,0,0.0,0.0,^CNXAUTO
2026-08-17 14:30:00+05:30,29262.05078125,29267.80078125,29231.55078125,29248.05078125,0,0.0,0.0,^CNXAUTO
2026-08-17 14:45:00+05:30,29247.150390625,29253.0,29224.150390625,29250.849609375,0,0.0,0.0,^CNXAUTO
2026-08-17 15:00:00+05:30,29249.400390625,29287.400390625,29239.599609375,29276.099609375,0,0.0,0.0,^CNXAUTO
2026-08-17 15:15:00+05:30,29275.099609375,29275.650390625,29176.44921875,29177.349609375,0,0.0,0.0,^CNXAUTO
2026-08-18 09:15:00+05:30,29183.25,29389.900390625,29183.25,29362.94921875,0,0.0,0.0,^CNXAUTO
2026-08-18 09:30:00+05:30,29364.25,29365.30078125,29259.150390625,29262.25,0,0.0,0.0,^CNXAUTO
2026-08-18 09:45:00+05:30,29260.849609375,29313.650390625,29256.349609375,29302.19921875,0,0.0,0.0,^CNXAUTO
2026-08-18 10:00:00+05:30,29302.25,29308.849609375,29253.30078125,29260.849609375,0,0.0,0.0,^CNXAUTO
2026-08-18 10:15:00+05:30,29262.05078125,29293.900390625,29256.19921875,29277.80078125,0,0.0,0.0,^CNXAUTO
2026-08-18 10:30:00+05:30,29279.75,29289.599609375,29264.69921875,29281.900390625,0,0.0,0.0,^CNXAUTO
2026-08-18 10:45:00+05:30,29281.75,29288.349609375,29265.80078125,29275.900390625,0,0.0,0.0,^CNXAUTO
2026-08-18 11:00:00+05:30,29275.80078125,29311.05078125,29261.80078125,29308.900390625,0,0.0,0.0,^CNXAUTO
2026-08-18 11:15:00+05:30,29308.650390625,29312.099609375,29281.94921875,29294.349609375,0,0.0,0.0,^CNXAUTO
2026-08-18 11:30:00+05:30,29294.05078125,29316.19921875,29285.0,29297.69921875,0,0.0,0.0,^CNXAUTO
2026-08-18 11:45:00+05:30,29298.94921875,29330.900390625,29291.099609375,29312.75,0,0.0,0.0,^CNXAUTO
2026-08-18 12:00:00+05:30,29312.75,29366.44921875,29307.69921875,29365.75,0,0.0,0.0,^CNXAUTO
2026-08-18 12:15:00+05:30,29365.55078125,29366.44921875,29344.599609375,29351.75,0,0.0,0.0,^CNXAUTO
2026-08-18 12:30:00+05:30,29351.349609375,29355.599609375,29312.900390625,29320.0,0,0.0,0.0,^CNXAUTO
2026-08-18 12:45:00+05:30,29316.849609375,29329.19921875,29295.099609375,29301.80078125,0,0.0,0.0,^CNXAUTO
2026-08-18 13:00:00+05:30,29301.150390625,29322.900390625,29287.05078125,29321.94921875,0,0.0,0.0,^CNXAUTO
2026-08-18 13:15:00+05:30,29321.849609375,29341.19921875,29319.349609375,29337.55078125,0,0.0,0.0,^CNXAUTO
2026-08-18 13:30:00+05:30,29340.150390625,29343.099609375,29322.099609375,29341.650390625,0,0.0,0.0,^CNXAUTO
2026-08-18 13:45:00+05:30,29339.349609375,29359.0,29339.349609375,29348.25,0,0.0,0.0,^CNXAUTO
2026-08-18 14:00:00+05:30,29348.650390625,29360.900390625,29341.599609375,29353.19921875,0,0.0,0.0,^CNXAUTO
2026-08-18 14:15:00+05:30,29352.150390625,29356.599609375,29323.849609375,29337.150390625,0,0.0,0.0,^CNXAUTO
2026-08-18 14:30:00+05:30,29336.69921875,29347.349609375,29293.30078125,29302.650390625,0,0.0,0.0,^CNXAUTO
2026-08-18 14:45:00+05:30,29304.099609375,29319.099609375,29299.94921875,29305.400390625,0,0.0,0.0,^CNXAUTO
2026-08-18 15:00:00+05:30,29305.849609375,29320.400390625,29255.099609375,29257.25,0,0.0,0.0,^CNXAUTO
2026-08-18 15:15:00+05:30,29258.19921875,29264.44921875,29257.19921875,29264.44921875,0,0.0,0.0,^CNXAUTO
2026-08-19 09:15:00+05:30,29239.75,29250.30078125,29077.30078125,29082.0,0,0.0,0.0,^CNXAUTO
2026-08-19 09:30:00+05:30,29081.599609375,29154.099609375,29077.19921875,29126.5,0,0.0,0.0,^CNXAUTO
2026-08-19 09:45:00+05:30,29126.0,29208.19921875,29122.80078125,29204.94921875,0,0.0,0.0,^CNXAUTO
2026-08-19 10:00:00+05:30,29205.55078125,29272.0,29204.900390625,29261.650390625,0,0.0,0.0,^CNXAUTO
2026-08-19 10:15:00+05:30,29264.650390625,29317.0,29250.599609375,29296.0,0,0.0,0.0,^CNXAUTO
2026-08-19 10:30:00+05:30,29297.0,29297.25,29236.599609375,29253.400390625,0,0.0,0.0,^CNXAUTO
2026-08-19 10:45:00+05:30,29252.650390625,29252.650390625,29217.69921875,29230.650390625,0,0.0,0.0,^CNXAUTO
2026-08-19 11:00:00+05:30,29232.0,29259.55078125,29205.05078125,29226.150390625,0,0.0,0.0,^CNXAUTO
2026-08-19 11:15:00+05:30,29227.0,29240.44921875,29219.099609375,29233.44921875,0,0.0,0.0,^CNXAUTO
2026-08-19 11:30:00+05:30,29234.099609375,29242.650390625,29203.75,29211.55078125,0,0.0,0.0,^CNXAUTO
2026-08-19 11:45:00+05:30,29211.900390625,29236.69921875,29203.55078125,29227.599609375,0,0.0,0.0,^CNXAUTO
2026-08-19 12:00:00+05:30,29228.5,29248.69921875,29227.650390625,29232.400390625,0,0.0,0.0,^CNXAUTO
2026-08-19 12:15:00+05:30,29233.650390625,29233.650390625,29208.150390625,29217.19921875,0,0.0,0.0,^CNXAUTO
2026-08-19 12:30:00+05:30,29218.75,29219.0,29170.69921875,29187.650390625,0,0.0,0.0,^CNXAUTO
2026-08-19 12:45:00+05:30,29189.25,29204.44921875,29172.05078125,29197.599609375,0,0.0,0.0,^CNXAUTO
2026-08-19 13:00:00+05:30,29198.94921875,29237.349609375,29197.75,29212.80078125,0,0.0,0.0,^CNXAUTO
2026-08-19 13:15:00+05:30,29214.150390625,29214.599609375,29194.80078125,29205.099609375,0,0.0,0.0,^CNXAUTO
2026-08-19 13:30:00+05:30,29205.75,29218.150390625,29181.19921875,29202.599609375,0,0.0,0.0,^CNXAUTO
2026-08-19 13:45:00+05:30,29205.0,29210.69921875,29182.05078125,29188.19921875,0,0.0,0.0,^CNXAUTO
2026-08-19 14:00:00+05:30,29190.150390625,29210.650390625,29182.349609375,29196.05078125,0,0.0,0.0,^CNXAUTO
2026-08-19 14:15:00+05:30,29195.55078125,29196.94921875,29148.75,29162.69921875,0,0.0,0.0,^CNXAUTO
2026-08-19 14:30:00+05:30,29162.099609375,29204.75,29141.44921875,29144.19921875,0,0.0,0.0,^CNXAUTO
2026-08-19 14:45:00+05:30,29145.30078125,29180.80078125,29130.25,29172.80078125,0,0.0,0.0,^CNXAUTO
2026-08-19 15:00:00+05:30,29174.55078125,29179.44921875,29115.650390625,29121.30078125,0,0.0,0.0,^CNXAUTO
2026-08-19 15:15:00+05:30,29121.30078125,29184.900390625,29117.30078125,29183.849609375,0,0.0,0.0,^CNXAUTO
