Datetime,Open,High,Low,Close,Volume,Dividends,Stock Splits,Symbol
2025-11-20 09:15:00+05:30,1872.0999755859373,1872.0999755859373,1845.0999755859373,1849.5,138681,0.0,0.0,COFORGE.NS
2025-11-20 09:30:00+05:30,1849.5999755859373,1855.800048828125,1846.0,1852.300048828125,102295,0.0,0.0,COFORGE.NS
2025-11-20 09:45:00+05:30,1853.0,1876.699951171875,1850.199951171875,1869.0,207846,0.0,0.0,COFORGE.NS
2025-11-20 10:00:00+05:30,1869.699951171875,1872.9000244140625,1862.5,1864.699951171875,62037,0.0,0.0,COFORGE.NS
2025-11-20 10:15:00+05:30,1864.699951171875,1870.5999755859373,1864.699951171875,1869.5,25778,0.0,0.0,COFORGE.NS
2025-11-20 10:30:00+05:30,1869.5,1869.9000244140625,1860.300048828125,1864.199951171875,32396,0.0,0.0,COFORGE.NS
2025-11-20 10:45:00+05:30,1864.0,1864.0,1852.0,1852.300048828125,40023,0.0,0.0,COFORGE.NS
2025-11-20 11:00:00+05:30,1852.5999755859373,1855.199951171875,1848.300048828125,1852.0,48341,0.0,0.0,COFORGE.NS
2025-11-20 11:15:00+05:30,1851.800048828125,1854.4000244140625,1850.0,1853.0,23970,0.0,0.0,COFORGE.NS
2025-11-20 11:30:00+05:30,1853.0,1853.699951171875,1850.0,1853.4000244140625,35348,0.0,0.0,COFORGE.NS
2025-11-20 11:45:00+05:30,1853.4000244140625,1853.4000244140625,1850.0999755859373,1852.9000244140625,15045,0.0,0.0,COFORGE.NS
2025-11-20 12:00:00+05:30,1853.0,1853.800048828125,1851.199951171875,1852.9000244140625,13206,0.0,0.0,COFORGE.NS
2025-11-20 12:15:00+05:30,1852.9000244140625,1859.800048828125,1851.0999755859373,1857.800048828125,19306,0.0,0.0,COFORGE.NS
2025-11-20 12:30:00+05:30,1857.800048828125,1860.800048828125,1855.0999755859373,1860.0,34054,0.0,0.0,COFORGE.NS
2025-11-20 12:45:00+05:30,1860.0,1863.5,1858.0999755859373,1861.699951171875,20735,0.0,0.0,COFORGE.NS
2025-11-20 13:00:00+05:30,1861.9000244140625,1863.0,1860.0,1860.0999755859373,15382,0.0,0.0,COFORGE.NS
2025-11-20 13:15:00+05:30,1860.5999755859373,1866.4000244140625,1860.0999755859373,1865.5,219530,0.0,0.0,COFORGE.NS
2025-11-20 13:30:00+05:30,1864.9000244140625,1866.5999755859373,1862.5,1864.300048828125,17225,0.0,0.0,COFORGE.NS
2025-11-20 13:45:00+05:30,1864.300048828125,1864.9000244140625,1858.5999755859373,1859.800048828125,75433,0.0,0.0,COFORGE.NS
2025-11-20 14:00:00+05:30,1859.9000244140625,1861.0,1859.0,1860.0,27334,0.0,0.0,COFORGE.NS
2025-11-20 14:15:00+05:30,1860.0,1861.800048828125,1858.699951171875,1859.4000244140625,32419,0.0,0.0,COFORGE.NS
2025-11-20 14:30:00+05:30,1858.4000244140625,1859.4000244140625,1851.0,1851.5,35795,0.0,0.0,COFORGE.NS
2025-11-20 14:45:00+05:30,1851.5,1853.699951171875,1844.800048828125,1846.0,97422,0.0,0.0,COFORGE.NS
2025-11-20 15:00:00+05:30,1846.300048828125,1848.800048828125,1840.699951171875,1848.800048828125,85050,0.0,0.0,COFORGE.NS
2025-11-20 15:15:00+05:30,1848.0,1851.0,1846.0999755859373,1846.0999755859373,72636,0.0,0.0,COFORGE.NS
2025-11-21 09:15:00+05:30,1837.0,1848.0,1823.300048828125,1834.199951171875,83612,0.0,0.0,COFORGE.NS
2025-11-21 09:30:00+05:30,1834.800048828125,1834.800048828125,1810.800048828125,1812.300048828125,103390,0.0,0.0,COFORGE.NS
2025-11-21 09:45:00+05:30,1812.0,1812.9000244140625,1801.0999755859375,1804.0,77650,0.0,0.0,COFORGE.NS
2025-11-21 10:00:00+05:30,1803.199951171875,1806.0,1793.5999755859375,1796.300048828125,79833,0.0,0.0,COFORGE.NS
2025-11-21 10:15:00+05:30,1797.4000244140625,1799.800048828125,1792.5999755859375,1798.0,47096,0.0,0.0,COFORGE.NS
2025-11-21 10:30:00+05:30,1798.0,1804.9000244140625,1793.699951171875,1800.4000244140625,67387,0.0,0.0,COFORGE.NS
2025-11-21 10:45:00+05:30,1800.0,1803.0999755859373,1798.0,1802.300048828125,39286,0.0,0.0,COFORGE.NS
2025-11-21 11:00:00+05:30,1802.300048828125,1803.800048828125,1795.199951171875,1800.5999755859375,38272,0.0,0.0,COFORGE.NS
2025-11-21 11:15:00+05:30,1800.9000244140625,1804.9000244140625,1799.0,1801.199951171875,33202,0.0,0.0,COFORGE.NS
2025-11-21 11:30:00+05:30,1801.199951171875,1802.5,1798.0,1798.0,39816,0.0,0.0,COFORGE.NS
2025-11-21 11:45:00+05:30,1798.0,1801.0,1796.0,1799.0999755859375,38119,0.0,0.0,COFORGE.NS
2025-11-21 12:00:00+05:30,1799.0999755859375,1804.0,1798.4000244140625,1804.0,29707,0.0,0.0,COFORGE.NS
2025-11-21 12:15:00+05:30,1803.300048828125,1804.199951171875,1800.0,1801.300048828125,30579,0.0,0.0,COFORGE.NS
2025-11-21 12:30:00+05:30,1801.300048828125,1803.4000244140625,1798.0,1799.0,67043,0.0,0.0,COFORGE.NS
2025-11-21 12:45:00+05:30,1799.800048828125,1803.5999755859373,1796.5,1797.199951171875,32176,0.0,0.0,COFORGE.NS
2025-11-21 13:00:00+05:30,1797.4000244140625,1800.9000244140625,1796.0,1800.0,45101,0.0,0.0,COFORGE.NS
2025-11-21 13:15:00+05:30,1800.0,1800.5,1796.0,1797.5999755859375,29172,0.0,0.0,COFORGE.NS
2025-11-21 13:30:00+05:30,1797.5999755859375,1799.199951171875,1795.5,1795.9000244140625,21014,0.0,0.0,COFORGE.NS
2025-11-21 13:45:00+05:30,1796.0,1799.9000244140625,1795.199951171875,1799.800048828125,25689,0.0,0.0,COFORGE.NS
2025-11-21 14:00:00+05:30,1799.800048828125,1800.9000244140625,1798.699951171875,1800.0,24440,0.0,0.0,COFORGE.NS
2025-11-21 14:15:00+05:30,1800.0,1800.199951171875,1796.699951171875,1797.9000244140625,22393,0.0,0.0,COFORGE.NS
2025-11-21 14:30:00+05:30,1797.9000244140625,1800.5999755859375,1796.9000244140625,1798.199951171875,29364,0.0,0.0,COFORGE.NS
2025-11-21 14:45:00+05:30,1798.0,1798.699951171875,1791.800048828125,1793.5,81734,0.0,0.0,COFORGE.NS
2025-11-21 15:00:00+05:30,1793.0,1799.0,1792.5999755859375,1796.199951171875,89030,0.0,0.0,COFORGE.NS
2025-11-21 15:15:00+05:30,1796.199951171875,1801.0999755859375,1793.0,1797.5,119192,0.0,0.0,COFORGE.NS
2025-11-24 09:15:00+05:30,1802.0999755859373,1831.4000244140625,1802.0999755859373,1830.4000244140625,120284,0.0,0.0,COFORGE.NS
2025-11-24 09:30:00+05:30,1832.0,1834.9000244140625,1824.4000244140625,1824.5,116331,0.0,0.0,COFORGE.NS
2025-11-24 09:45:00+05:30,1825.5,1826.5999755859373,1818.5999755859373,1820.4000244140625,46652,0.0,0.0,COFORGE.NS
2025-11-24 10:00:00+05:30,1820.5,1826.199951171875,1820.0,1824.9000244140625,28953,0.0,0.0,COFORGE.NS
2025-11-24 10:15:00+05:30,1824.800048828125,1828.0,1822.300048828125,1823.0999755859373,28602,0.0,0.0,COFORGE.NS
2025-11-24 10:30:00+05:30,1823.0999755859373,1825.800048828125,1820.4000244140625,1823.300048828125,21209,0.0,0.0,COFORGE.NS
2025-11-24 10:45:00+05:30,1823.0,1824.0,1816.5,1819.699951171875,21428,0.0,0.0,COFORGE.NS
2025-11-24 11:00:00+05:30,1819.300048828125,1820.9000244140625,1817.5,1818.5999755859373,15584,0.0,0.0,COFORGE.NS
2025-11-24 11:15:00+05:30,1818.5999755859373,1825.699951171875,1818.0,1825.199951171875,32028,0.0,0.0,COFORGE.NS
2025-11-24 11:30:00+05:30,1824.5999755859373,1825.4000244140625,1817.699951171875,1819.0999755859373,24437,0.0,0.0,COFORGE.NS
2025-11-24 11:45:00+05:30,1819.699951171875,1819.800048828125,1810.800048828125,1813.0,37041,0.0,0.0,COFORGE.NS
2025-11-24 12:00:00+05:30,1812.199951171875,1815.300048828125,1807.300048828125,1808.5999755859373,30275,0.0,0.0,COFORGE.NS
2025-11-24 12:15:00+05:30,1808.5999755859373,1815.0,1808.0,1812.800048828125,28098,0.0,0.0,COFORGE.NS
2025-11-24 12:30:00+05:30,1812.800048828125,1820.0,1810.199951171875,1816.0,36617,0.0,0.0,COFORGE.NS
2025-11-24 12:45:00+05:30,1815.300048828125,1817.5,1806.9000244140625,1808.0999755859373,61273,0.0,0.0,COFORGE.NS
2025-11-24 13:00:00+05:30,1807.9000244140625,1812.4000244140625,1806.300048828125,1810.800048828125,37464,0.0,0.0,COFORGE.NS
2025-11-24 13:15:00+05:30,1810.800048828125,1815.0999755859373,1810.0,1813.699951171875,29776,0.0,0.0,COFORGE.NS
2025-11-24 13:30:00+05:30,1813.0999755859373,1814.0999755859373,1809.0,1811.9000244140625,27600,0.0,0.0,COFORGE.NS
2025-11-24 13:45:00+05:30,1811.300048828125,1811.9000244140625,1807.199951171875,1807.5999755859373,27146,0.0,0.0,COFORGE.NS
2025-11-24 14:00:00+05:30,1807.199951171875,1808.699951171875,1804.199951171875,1807.5999755859373,34804,0.0,0.0,COFORGE.NS
2025-11-24 14:15:00+05:30,1807.5,1808.300048828125,1803.5,1806.800048828125,25751,0.0,0.0,COFORGE.NS
2025-11-24 14:30:00+05:30,1806.300048828125,1807.0,1800.0,1806.0,29908,0.0,0.0,COFORGE.NS
2025-11-24 14:45:00+05:30,1806.0,1810.0999755859373,1802.9000244140625,1806.5,151049,0.0,0.0,COFORGE.NS
2025-11-24 15:00:00+05:30,1807.199951171875,1811.4000244140625,1802.0999755859373,1809.800048828125,151794,0.0,0.0,COFORGE.NS
2025-11-24 15:15:00+05:30,1809.800048828125,1811.5,1806.800048828125,1809.9000244140625,155856,0.0,0.0,COFORGE.NS
2025-11-25 09:15:00+05:30,1815.4000244140625,1815.4000244140625,1798.800048828125,1811.9000244140625,30044,0.0,0.0,COFORGE.NS
2025-11-25 09:30:00+05:30,1811.300048828125,1815.199951171875,1809.0,1812.800048828125,35677,0.0,0.0,COFORGE.NS
2025-11-25 09:45:00+05:30,1812.9000244140625,1817.199951171875,1807.5999755859373,1813.0,47765,0.0,0.0,COFORGE.NS
2025-11-25 10:00:00+05:30,1812.9000244140625,1813.5,1807.4000244140625,1810.5,20435,0.0,0.0,COFORGE.NS
2025-11-25 10:15:00+05:30,1810.5,1811.300048828125,1804.0999755859373,1804.300048828125,29871,0.0,0.0,COFORGE.NS
2025-11-25 10:30:00+05:30,1804.199951171875,1806.199951171875,1801.0,1805.0,89900,0.0,0.0,COFORGE.NS
2025-11-25 10:45:00+05:30,1804.5999755859373,1806.9000244140625,1803.5999755859373,1804.300048828125,21282,0.0,0.0,COFORGE.NS
2025-11-25 11:00:00+05:30,1803.800048828125,1805.0,1796.800048828125,1799.5999755859375,119491,0.0,0.0,COFORGE.NS
2025-11-25 11:15:00+05:30,1800.0,1804.5,1799.0,1804.0,38195,0.0,0.0,COFORGE.NS
2025-11-25 11:30:00+05:30,1804.199951171875,1804.4000244140625,1800.0,1800.0999755859375,13427,0.0,0.0,COFORGE.NS
2025-11-25 11:45:00+05:30,1800.300048828125,1802.699951171875,1798.4000244140625,1801.800048828125,81097,0.0,0.0,COFORGE.NS
2025-11-25 12:00:00+05:30,1801.9000244140625,1802.0,1796.5999755859375,1798.0999755859375,53824,0.0,0.0,COFORGE.NS
2025-11-25 12:15:00+05:30,1798.0999755859375,1799.0,1793.199951171875,1799.0,56084,0.0,0.0,COFORGE.NS
2025-11-25 12:30:00+05:30,1799.0999755859375,1805.9000244140625,1797.699951171875,1805.300048828125,112172,0.0,0.0,COFORGE.NS
2025-11-25 12:45:00+05:30,1805.199951171875,1808.4000244140625,1803.0999755859373,1805.5999755859373,53085,0.0,0.0,COFORGE.NS
2025-11-25 13:00:00+05:30,1805.800048828125,1809.0,1803.5999755859373,1808.199951171875,32241,0.0,0.0,COFORGE.NS
2025-11-25 13:15:00+05:30,1808.0,1812.800048828125,1807.699951171875,1810.0,70886,0.0,0.0,COFORGE.NS
2025-11-25 13:30:00+05:30,1810.4000244140625,1813.4000244140625,1810.0,1812.800048828125,46940,0.0,0.0,COFORGE.NS
2025-11-25 13:45:00+05:30,1812.800048828125,1820.800048828125,1812.300048828125,1820.5999755859373,58593,0.0,0.0,COFORGE.NS
2025-11-25 14:00:00+05:30,1820.5999755859373,1826.0,1819.0,1825.9000244140625,109909,0.0,0.0,COFORGE.NS
2025-11-25 14:15:00+05:30,1825.0999755859373,1832.699951171875,1825.0999755859373,1829.0,112712,0.0,0.0,COFORGE.NS
2025-11-25 14:30:00+05:30,1829.0,1829.0,1823.0999755859373,1825.300048828125,78959,0.0,0.0,COFORGE.NS
2025-11-25 14:45:00+05:30,1825.300048828125,1831.0,1824.9000244140625,1830.5,76796,0.0,0.0,COFORGE.NS
2025-11-25 15:00:00+05:30,1830.5,1833.0,1830.0,1832.0999755859373,66715,0.0,0.0,COFORGE.NS
2025-11-25 15:15:00+05:30,1831.5,1834.0999755859373,1828.9000244140625,1830.0,77383,0.0,0.0,COFORGE.NS
2025-11-26 09:15:00+05:30,1845.699951171875,1845.699951171875,1830.199951171875,1833.9000244140625,28091,0.0,0.0,COFORGE.NS
2025-11-26 09:30:00+05:30,1835.0999755859373,1855.0,1835.0999755859373,1854.199951171875,114965,0.0,0.0,COFORGE.NS
2025-11-26 09:45:00+05:30,1854.300048828125,1860.0,1852.0999755859373,1855.9000244140625,70473,0.0,0.0,COFORGE.NS
2025-11-26 10:00:00+05:30,1855.300048828125,1857.4000244140625,1854.300048828125,1855.800048828125,23361,0.0,0.0,COFORGE.NS
2025-11-26 10:15:00+05:30,1855.0,1857.300048828125,1854.0,1855.0,17188,0.0,0.0,COFORGE.NS
2025-11-26 10:30:00+05:30,1855.0,1855.0,1850.800048828125,1853.0999755859373,17904,0.0,0.0,COFORGE.NS
2025-11-26 10:45:00+05:30,1852.5,1856.9000244140625,1851.9000244140625,1854.199951171875,19955,0.0,0.0,COFORGE.NS
2025-11-26 11:00:00+05:30,1852.9000244140625,1856.9000244140625,1852.199951171875,1854.9000244140625,13584,0.0,0.0,COFORGE.NS
2025-11-26 11:15:00+05:30,1855.0,1861.0,1854.0999755859373,1860.300048828125,33561,0.0,0.0,COFORGE.NS
2025-11-26 11:30:00+05:30,1860.300048828125,1861.5999755859373,1855.0,1856.5,16997,0.0,0.0,COFORGE.NS
2025-11-26 11:45:00+05:30,1856.0,1858.5,1855.699951171875,1857.800048828125,9665,0.0,0.0,COFORGE.NS
2025-11-26 12:00:00+05:30,1857.5999755859373,1860.0,1855.0999755859373,1856.699951171875,18444,0.0,0.0,COFORGE.NS
2025-11-26 12:15:00+05:30,1856.699951171875,1857.5,1852.9000244140625,1855.0,16080,0.0,0.0,COFORGE.NS
2025-11-26 12:30:00+05:30,1855.0,1855.0999755859373,1852.5,1853.0,15817,0.0,0.0,COFORGE.NS
2025-11-26 12:45:00+05:30,1853.0,1853.699951171875,1850.199951171875,1852.0,18445,0.0,0.0,COFORGE.NS
2025-11-26 13:00:00+05:30,1852.0,1856.0999755859373,1851.800048828125,1854.4000244140625,13120,0.0,0.0,COFORGE.NS
2025-11-26 13:15:00+05:30,1854.4000244140625,1856.9000244140625,1851.199951171875,1851.9000244140625,19480,0.0,0.0,COFORGE.NS
2025-11-26 13:30:00+05:30,1851.4000244140625,1854.5,1851.4000244140625,1852.800048828125,7690,0.0,0.0,COFORGE.NS
2025-11-26 13:45:00+05:30,1853.0,1864.800048828125,1852.699951171875,1864.4000244140625,34250,0.0,0.0,COFORGE.NS
2025-11-26 14:00:00+05:30,1863.9000244140625,1866.300048828125,1861.699951171875,1866.199951171875,37175,0.0,0.0,COFORGE.NS
2025-11-26 14:15:00+05:30,1866.199951171875,1867.699951171875,1861.5,1865.4000244140625,26272,0.0,0.0,COFORGE.NS
2025-11-26 14:30:00+05:30,1865.199951171875,1869.199951171875,1864.5,1868.5,58841,0.0,0.0,COFORGE.NS
2025-11-26 14:45:00+05:30,1868.699951171875,1870.5,1866.300048828125,1869.300048828125,82280,0.0,0.0,COFORGE.NS
2025-11-26 15:00:00+05:30,1869.5999755859373,1872.5,1869.5999755859373,1870.0,54611,0.0,0.0,COFORGE.NS
2025-11-26 15:15:00+05:30,1871.0999755859373,1872.4000244140625,1870.0,1870.0,82710,0.0,0.0,COFORGE.NS
2025-11-27 09:15:00+05:30,1878.0999755859373,1887.199951171875,1872.800048828125,1873.0,33381,0.0,0.0,COFORGE.NS
2025-11-27 09:30:00+05:30,1872.5,1884.300048828125,1872.0,1882.5999755859373,134482,0.0,0.0,COFORGE.NS
2025-11-27 09:45:00+05:30,1883.0,1899.9000244140625,1882.5,1899.4000244140625,149480,0.0,0.0,COFORGE.NS
2025-11-27 10:00:00+05:30,1899.199951171875,1915.0,1899.0,1912.199951171875,232065,0.0,0.0,COFORGE.NS
2025-11-27 10:15:00+05:30,1911.800048828125,1913.9000244140625,1901.5999755859373,1908.5999755859373,97438,0.0,0.0,COFORGE.NS
2025-11-27 10:30:00+05:30,1907.9000244140625,1911.0,1905.0,1908.5,54128,0.0,0.0,COFORGE.NS
2025-11-27 10:45:00+05:30,1907.0,1910.0,1901.800048828125,1905.300048828125,39190,0.0,0.0,COFORGE.NS
2025-11-27 11:00:00+05:30,1905.300048828125,1906.0,1903.5,1905.5,19580,0.0,0.0,COFORGE.NS
2025-11-27 11:15:00+05:30,1904.199951171875,1906.0,1901.0999755859373,1902.0,29900,0.0,0.0,COFORGE.NS
2025-11-27 11:30:00+05:30,1900.4000244140625,1912.0,1900.199951171875,1910.0999755859373,62485,0.0,0.0,COFORGE.NS
2025-11-27 11:45:00+05:30,1910.0999755859373,1911.0,1900.5,1900.5999755859373,136326,0.0,0.0,COFORGE.NS
2025-11-27 12:00:00+05:30,1900.699951171875,1906.0,1899.4000244140625,1904.5,32513,0.0,0.0,COFORGE.NS
2025-11-27 12:15:00+05:30,1904.9000244140625,1905.0,1892.4000244140625,1894.300048828125,66157,0.0,0.0,COFORGE.NS
2025-11-27 12:30:00+05:30,1894.300048828125,1895.0,1890.800048828125,1894.300048828125,27997,0.0,0.0,COFORGE.NS
2025-11-27 12:45:00+05:30,1894.4000244140625,1898.300048828125,1890.0,1892.800048828125,85944,0.0,0.0,COFORGE.NS
2025-11-27 13:00:00+05:30,1892.699951171875,1895.0,1892.199951171875,1894.5999755859373,18492,0.0,0.0,COFORGE.NS
2025-11-27 13:15:00+05:30,1894.0,1895.0,1891.199951171875,1893.5999755859373,27347,0.0,0.0,COFORGE.NS
2025-11-27 13:30:00+05:30,1893.199951171875,1894.9000244140625,1891.0,1892.800048828125,19935,0.0,0.0,COFORGE.NS
2025-11-27 13:45:00+05:30,1892.800048828125,1902.5,1890.5999755859373,1901.5999755859373,51547,0.0,0.0,COFORGE.NS
2025-11-27 14:00:00+05:30,1902.0,1904.9000244140625,1902.0,1903.5999755859373,47112,0.0,0.0,COFORGE.NS
2025-11-27 14:15:00+05:30,1904.5,1909.4000244140625,1903.699951171875,1907.699951171875,45289,0.0,0.0,COFORGE.NS
2025-11-27 14:30:00+05:30,1907.699951171875,1910.5999755859373,1907.4000244140625,1909.5999755859373,32018,0.0,0.0,COFORGE.NS
2025-11-27 14:45:00+05:30,1909.5999755859373,1912.5,1909.300048828125,1911.0999755859373,61341,0.0,0.0,COFORGE.NS
2025-11-27 15:00:00+05:30,1911.0999755859373,1914.0,1910.0,1911.9000244140625,52611,0.0,0.0,COFORGE.NS
2025-11-27 15:15:00+05:30,1912.300048828125,1912.9000244140625,1905.5,1910.199951171875,96916,0.0,0.0,COFORGE.NS
2025-11-28 09:15:00+05:30,1917.0,1918.199951171875,1908.199951171875,1912.0,386425,0.0,0.0,COFORGE.NS
2025-11-28 09:30:00+05:30,1911.5999755859373,1913.199951171875,1901.0,1909.5999755859373,49102,0.0,0.0,COFORGE.NS
2025-11-28 09:45:00+05:30,1908.9000244140625,1920.0,1907.300048828125,1919.0,67065,0.0,0.0,COFORGE.NS
2025-11-28 10:00:00+05:30,1919.0999755859373,1932.4000244140625,1918.5999755859373,1930.9000244140625,109252,0.0,0.0,COFORGE.NS
2025-11-28 10:15:00+05:30,1930.300048828125,1931.699951171875,1923.199951171875,1923.5999755859373,59492,0.0,0.0,COFORGE.NS
2025-11-28 10:30:00+05:30,1923.5999755859373,1926.199951171875,1923.0,1924.9000244140625,15795,0.0,0.0,COFORGE.NS
2025-11-28 10:45:00+05:30,1924.199951171875,1924.9000244140625,1918.0999755859373,1918.9000244140625,32865,0.0,0.0,COFORGE.NS
2025-11-28 11:00:00+05:30,1918.9000244140625,1924.4000244140625,1918.300048828125,1924.4000244140625,15385,0.0,0.0,COFORGE.NS
2025-11-28 11:15:00+05:30,1925.0,1928.300048828125,1922.300048828125,1923.5,22201,0.0,0.0,COFORGE.NS
2025-11-28 11:30:00+05:30,1923.0999755859373,1924.0,1918.5,1922.0,22120,0.0,0.0,COFORGE.NS
2025-11-28 11:45:00+05:30,1921.300048828125,1922.800048828125,1915.5999755859373,1915.699951171875,15635,0.0,0.0,COFORGE.NS
2025-11-28 12:00:00+05:30,1915.800048828125,1919.300048828125,1915.5999755859373,1918.4000244140625,15026,0.0,0.0,COFORGE.NS
2025-11-28 12:15:00+05:30,1917.4000244140625,1919.699951171875,1911.300048828125,1915.300048828125,39568,0.0,0.0,COFORGE.NS
2025-11-28 12:30:00+05:30,1915.300048828125,1915.699951171875,1911.199951171875,1912.199951171875,15766,0.0,0.0,COFORGE.NS
2025-11-28 12:45:00+05:30,1911.4000244140625,1912.4000244140625,1905.0,1912.4000244140625,26330,0.0,0.0,COFORGE.NS
2025-11-28 13:00:00+05:30,1911.5,1913.0,1908.0,1909.699951171875,17199,0.0,0.0,COFORGE.NS
2025-11-28 13:15:00+05:30,1908.9000244140625,1910.800048828125,1906.5,1908.800048828125,18284,0.0,0.0,COFORGE.NS
2025-11-28 13:30:00+05:30,1908.0,1914.699951171875,1908.0,1911.5,19211,0.0,0.0,COFORGE.NS
2025-11-28 13:45:00+05:30,1910.300048828125,1914.5,1910.199951171875,1913.4000244140625,13762,0.0,0.0,COFORGE.NS
2025-11-28 14:00:00+05:30,1913.300048828125,1916.0,1911.0,1912.800048828125,23201,0.0,0.0,COFORGE.NS
2025-11-28 14:15:00+05:30,1912.199951171875,1912.699951171875,1906.0999755859373,1907.4000244140625,20778,0.0,0.0,COFORGE.NS
2025-11-28 14:30:00+05:30,1907.4000244140625,1911.699951171875,1907.4000244140625,1910.5,26261,0.0,0.0,COFORGE.NS
2025-11-28 14:45:00+05:30,1909.699951171875,1913.0,1909.699951171875,1912.0,36406,0.0,0.0,COFORGE.NS
2025-11-28 15:00:00+05:30,1911.5999755859373,1911.800048828125,1905.300048828125,1908.4000244140625,89101,0.0,0.0,COFORGE.NS
2025-11-28 15:15:00+05:30,1908.4000244140625,1910.5,1906.5,1910.4000244140625,87896,0.0,0.0,COFORGE.NS
2025-12-01 09:15:00+05:30,1920.0,1929.0,1913.0,1920.9000244140625,43539,0.0,0.0,COFORGE.NS
2025-12-01 09:30:00+05:30,1920.699951171875,1924.9000244140625,1918.0999755859373,1924.800048828125,37336,0.0,0.0,COFORGE.NS
2025-12-01 09:45:00+05:30,1924.0999755859373,1928.4000244140625,1921.0999755859373,1922.0,31173,0.0,0.0,COFORGE.NS
2025-12-01 10:00:00+05:30,1922.800048828125,1926.199951171875,1921.300048828125,1923.9000244140625,29046,0.0,0.0,COFORGE.NS
2025-12-01 10:15:00+05:30,1924.0999755859373,1925.4000244140625,1922.699951171875,1924.199951171875,15880,0.0,0.0,COFORGE.NS
2025-12-01 10:30:00+05:30,1924.300048828125,1928.199951171875,1922.0,1923.4000244140625,49190,0.0,0.0,COFORGE.NS
2025-12-01 10:45:00+05:30,1923.4000244140625,1927.199951171875,1920.0999755859373,1921.0,20632,0.0,0.0,COFORGE.NS
2025-12-01 11:00:00+05:30,1920.0,1921.9000244140625,1918.0999755859373,1921.0,35227,0.0,0.0,COFORGE.NS
2025-12-01 11:15:00+05:30,1921.0,1927.0,1921.0,1925.800048828125,16328,0.0,0.0,COFORGE.NS
2025-12-01 11:30:00+05:30,1925.0,1926.9000244140625,1920.699951171875,1921.5999755859373,77015,0.0,0.0,COFORGE.NS
2025-12-01 11:45:00+05:30,1920.800048828125,1933.0,1914.0,1932.5,88443,0.0,0.0,COFORGE.NS
2025-12-01 12:00:00+05:30,1932.0,1935.4000244140625,1920.0999755859373,1921.9000244140625,77296,0.0,0.0,COFORGE.NS
2025-12-01 12:15:00+05:30,1921.0,1922.300048828125,1915.4000244140625,1918.300048828125,28565,0.0,0.0,COFORGE.NS
2025-12-01 12:30:00+05:30,1917.9000244140625,1918.0,1911.0,1913.800048828125,28744,0.0,0.0,COFORGE.NS
2025-12-01 12:45:00+05:30,1913.699951171875,1916.699951171875,1910.0999755859373,1916.699951171875,18343,0.0,0.0,COFORGE.NS
2025-12-01 13:00:00+05:30,1916.199951171875,1916.300048828125,1914.0,1915.300048828125,10894,0.0,0.0,COFORGE.NS
2025-12-01 13:15:00+05:30,1915.0,1917.699951171875,1912.4000244140625,1912.4000244140625,15656,0.0,0.0,COFORGE.NS
2025-12-01 13:30:00+05:30,1912.4000244140625,1918.0,1912.4000244140625,1917.0,19160,0.0,0.0,COFORGE.NS
2025-12-01 13:45:00+05:30,1917.9000244140625,1918.0,1912.699951171875,1912.699951171875,15949,0.0,0.0,COFORGE.NS
2025-12-01 14:00:00+05:30,1912.699951171875,1913.800048828125,1905.699951171875,1908.0,31450,0.0,0.0,COFORGE.NS
2025-12-01 14:15:00+05:30,1907.699951171875,1909.300048828125,1905.300048828125,1907.5,16102,0.0,0.0,COFORGE.NS
2025-12-01 14:30:00+05:30,1907.5999755859373,1908.4000244140625,1903.4000244140625,1905.5999755859373,23596,0.0,0.0,COFORGE.NS
2025-12-01 14:45:00+05:30,1905.5,1906.0,1898.199951171875,1899.300048828125,29715,0.0,0.0,COFORGE.NS
2025-12-01 15:00:00+05:30,1900.4000244140625,1906.0999755859373,1899.199951171875,1903.9000244140625,67799,0.0,0.0,COFORGE.NS
2025-12-01 15:15:00+05:30,1903.199951171875,1910.0,1901.0999755859373,1902.5999755859373,76815,0.0,0.0,COFORGE.NS
2025-12-02 09:15:00+05:30,1909.800048828125,1927.199951171875,1903.699951171875,1920.9000244140625,25078,0.0,0.0,COFORGE.NS
2025-12-02 09:30:00+05:30,1920.5,1922.0,1913.4000244140625,1915.0,35405,0.0,0.0,COFORGE.NS
2025-12-02 09:45:00+05:30,1914.300048828125,1918.5,1909.5,1915.4000244140625,47716,0.0,0.0,COFORGE.NS
2025-12-02 10:00:00+05:30,1915.5999755859373,1919.5999755859373,1915.0,1915.800048828125,25336,0.0,0.0,COFORGE.NS
2025-12-02 10:15:00+05:30,1915.4000244140625,1917.9000244140625,1912.5,1914.9000244140625,32282,0.0,0.0,COFORGE.NS
2025-12-02 10:30:00+05:30,1914.4000244140625,1917.0,1912.699951171875,1914.300048828125,11280,0.0,0.0,COFORGE.NS
2025-12-02 10:45:00+05:30,1915.300048828125,1917.0,1911.5,1913.5,15598,0.0,0.0,COFORGE.NS
2025-12-02 11:00:00+05:30,1914.5,1918.300048828125,1913.5,1917.300048828125,14157,0.0,0.0,COFORGE.NS
2025-12-02 11:15:00+05:30,1917.300048828125,1918.0,1913.5999755859373,1914.5999755859373,28797,0.0,0.0,COFORGE.NS
2025-12-02 11:30:00+05:30,1914.5999755859373,1917.0,1913.0999755859373,1914.9000244140625,12821,0.0,0.0,COFORGE.NS
2025-12-02 11:45:00+05:30,1914.9000244140625,1914.9000244140625,1909.199951171875,1911.300048828125,30398,0.0,0.0,COFORGE.NS
2025-12-02 12:00:00+05:30,1910.300048828125,1913.300048828125,1909.5,1911.5,7857,0.0,0.0,COFORGE.NS
2025-12-02 12:15:00+05:30,1911.199951171875,1914.199951171875,1911.0999755859373,1913.199951171875,5514,0.0,0.0,COFORGE.NS
2025-12-02 12:30:00+05:30,1914.0,1915.800048828125,1912.5999755859373,1915.0999755859373,10911,0.0,0.0,COFORGE.NS
2025-12-02 12:45:00+05:30,1915.0999755859373,1915.5,1911.300048828125,1913.0,16492,0.0,0.0,COFORGE.NS
2025-12-02 13:00:00+05:30,1912.0,1914.5999755859373,1906.0,1906.9000244140625,42718,0.0,0.0,COFORGE.NS
2025-12-02 13:15:00+05:30,1907.199951171875,1908.9000244140625,1904.0,1904.0,19684,0.0,0.0,COFORGE.NS
2025-12-02 13:30:00+05:30,1904.5999755859373,1905.199951171875,1903.0,1904.5999755859373,6289,0.0,0.0,COFORGE.NS
2025-12-02 13:45:00+05:30,1904.5999755859373,1911.199951171875,1903.4000244140625,1910.9000244140625,39225,0.0,0.0,COFORGE.NS
2025-12-02 14:00:00+05:30,1910.9000244140625,1913.0,1909.0999755859373,1910.9000244140625,7075,0.0,0.0,COFORGE.NS
2025-12-02 14:15:00+05:30,1910.800048828125,1914.199951171875,1909.699951171875,1914.199951171875,14493,0.0,0.0,COFORGE.NS
2025-12-02 14:30:00+05:30,1914.199951171875,1915.0,1909.9000244140625,1911.5,27529,0.0,0.0,COFORGE.NS
2025-12-02 14:45:00+05:30,1911.5,1913.0999755859373,1904.800048828125,1908.5,36984,0.0,0.0,COFORGE.NS
2025-12-02 15:00:00+05:30,1909.0999755859373,1916.9000244140625,1909.0999755859373,1913.4000244140625,81826,0.0,0.0,COFORGE.NS
2025-12-02 15:15:00+05:30,1913.4000244140625,1917.699951171875,1910.300048828125,1913.9000244140625,97477,0.0,0.0,COFORGE.NS
2025-12-03 09:15:00+05:30,1923.800048828125,1933.9000244140625,1919.699951171875,1928.0,61750,0.0,0.0,COFORGE.NS
2025-12-03 09:30:00+05:30,1928.199951171875,1930.5999755859373,1913.300048828125,1914.4000244140625,68328,0.0,0.0,COFORGE.NS
2025-12-03 09:45:00+05:30,1914.4000244140625,1916.300048828125,1908.0999755859373,1910.0,33382,0.0,0.0,COFORGE.NS
2025-12-03 10:00:00+05:30,1910.800048828125,1910.800048828125,1900.300048828125,1901.800048828125,41950,0.0,0.0,COFORGE.NS
2025-12-03 10:15:00+05:30,1901.5999755859373,1906.300048828125,1895.4000244140625,1902.800048828125,40475,0.0,0.0,COFORGE.NS
2025-12-03 10:30:00+05:30,1902.800048828125,1902.800048828125,1895.5999755859373,1895.5999755859373,38434,0.0,0.0,COFORGE.NS
2025-12-03 10:45:00+05:30,1895.5999755859373,1903.0,1895.5999755859373,1902.800048828125,22154,0.0,0.0,COFORGE.NS
2025-12-03 11:00:00+05:30,1902.800048828125,1913.5,1902.0999755859373,1907.199951171875,47577,0.0,0.0,COFORGE.NS
2025-12-03 11:15:00+05:30,1907.199951171875,1926.0,1906.699951171875,1923.5999755859373,85029,0.0,0.0,COFORGE.NS
2025-12-03 11:30:00+05:30,1923.5999755859373,1924.0,1917.5,1920.5,44174,0.0,0.0,COFORGE.NS
2025-12-03 11:45:00+05:30,1921.199951171875,1922.0,1911.0999755859373,1913.0,25505,0.0,0.0,COFORGE.NS
2025-12-03 12:00:00+05:30,1912.5999755859373,1920.0,1912.5999755859373,1919.0999755859373,16877,0.0,0.0,COFORGE.NS
2025-12-03 12:15:00+05:30,1919.5,1920.0,1913.5,1914.199951171875,33957,0.0,0.0,COFORGE.NS
2025-12-03 12:30:00+05:30,1913.800048828125,1914.300048828125,1907.5,1911.199951171875,21764,0.0,0.0,COFORGE.NS
2025-12-03 12:45:00+05:30,1911.199951171875,1912.300048828125,1908.0999755859373,1911.300048828125,32134,0.0,0.0,COFORGE.NS
2025-12-03 13:00:00+05:30,1911.300048828125,1913.5999755859373,1908.4000244140625,1912.800048828125,79495,0.0,0.0,COFORGE.NS
2025-12-03 13:15:00+05:30,1913.800048828125,1913.800048828125,1910.4000244140625,1911.699951171875,7583,0.0,0.0,COFORGE.NS
2025-12-03 13:30:00+05:30,1911.5999755859373,1914.5,1909.699951171875,1914.5,18216,0.0,0.0,COFORGE.NS
2025-12-03 13:45:00+05:30,1914.5,1918.0,1911.199951171875,1915.5999755859373,35210,0.0,0.0,COFORGE.NS
2025-12-03 14:00:00+05:30,1915.5999755859373,1918.300048828125,1910.0,1913.0,43391,0.0,0.0,COFORGE.NS
2025-12-03 14:15:00+05:30,1913.0,1913.0,1906.0,1909.5999755859373,21785,0.0,0.0,COFORGE.NS
2025-12-03 14:30:00+05:30,1909.4000244140625,1911.699951171875,1907.199951171875,1910.300048828125,19926,0.0,0.0,COFORGE.NS
2025-12-03 14:45:00+05:30,1911.0,1911.5,1908.5999755859373,1909.800048828125,19199,0.0,0.0,COFORGE.NS
2025-12-03 15:00:00+05:30,1909.800048828125,1913.199951171875,1909.800048828125,1912.800048828125,49484,0.0,0.0,COFORGE.NS
2025-12-03 15:15:00+05:30,1912.5,1918.9000244140625,1910.0,1918.9000244140625,73634,0.0,0.0,COFORGE.NS
2025-12-04 09:15:00+05:30,1922.0,1948.699951171875,1921.5,1945.300048828125,250549,0.0,0.0,COFORGE.NS
2025-12-04 09:30:00+05:30,1945.9000244140625,1946.0,1935.699951171875,1940.0,187554,0.0,0.0,COFORGE.NS
2025-12-04 09:45:00+05:30,1939.4000244140625,1952.0999755859373,1938.4000244140625,1949.9000244140625,184238,0.0,0.0,COFORGE.NS
2025-12-04 10:00:00+05:30,1950.300048828125,1953.800048828125,1949.0999755859373,1950.5,96717,0.0,0.0,COFORGE.NS
2025-12-04 10:15:00+05:30,1950.4000244140625,1952.300048828125,1942.199951171875,1942.5999755859373,79825,0.0,0.0,COFORGE.NS
2025-12-04 10:30:00+05:30,1943.0,1955.300048828125,1942.0,1953.9000244140625,106188,0.0,0.0,COFORGE.NS
2025-12-04 10:45:00+05:30,1953.699951171875,1961.0,1951.0999755859373,1959.300048828125,160705,0.0,0.0,COFORGE.NS
2025-12-04 11:00:00+05:30,1958.4000244140625,1961.0,1956.4000244140625,1960.199951171875,70165,0.0,0.0,COFORGE.NS
2025-12-04 11:15:00+05:30,1960.4000244140625,1968.699951171875,1960.0,1965.0,135692,0.0,0.0,COFORGE.NS
2025-12-04 11:30:00+05:30,1964.9000244140625,1967.300048828125,1959.699951171875,1959.800048828125,153493,0.0,0.0,COFORGE.NS
2025-12-04 11:45:00+05:30,1959.699951171875,1962.5,1957.9000244140625,1961.5,64337,0.0,0.0,COFORGE.NS
2025-12-04 12:00:00+05:30,1961.300048828125,1969.800048828125,1961.300048828125,1966.300048828125,123891,0.0,0.0,COFORGE.NS
2025-12-04 12:15:00+05:30,1967.199951171875,1975.9000244140625,1963.0999755859373,1974.199951171875,175218,0.0,0.0,COFORGE.NS
2025-12-04 12:30:00+05:30,1973.800048828125,1982.5,1971.0,1980.0999755859373,196300,0.0,0.0,COFORGE.NS
2025-12-04 12:45:00+05:30,1980.0999755859373,1983.5,1975.199951171875,1981.4000244140625,145465,0.0,0.0,COFORGE.NS
2025-12-04 13:00:00+05:30,1981.300048828125,1985.800048828125,1977.800048828125,1979.800048828125,98858,0.0,0.0,COFORGE.NS
2025-12-04 13:15:00+05:30,1979.800048828125,1983.5999755859373,1975.0,1976.699951171875,88578,0.0,0.0,COFORGE.NS
2025-12-04 13:30:00+05:30,1977.5,1978.5,1971.0,1971.699951171875,95539,0.0,0.0,COFORGE.NS
2025-12-04 13:45:00+05:30,1972.5,1976.5999755859373,1965.300048828125,1965.300048828125,84511,0.0,0.0,COFORGE.NS
2025-12-04 14:00:00+05:30,1965.4000244140625,1971.199951171875,1965.0,1969.0,46836,0.0,0.0,COFORGE.NS
2025-12-04 14:15:00+05:30,1968.5999755859373,1971.5,1966.5,1969.9000244140625,72277,0.0,0.0,COFORGE.NS
2025-12-04 14:30:00+05:30,1969.9000244140625,1972.300048828125,1965.800048828125,1970.199951171875,92780,0.0,0.0,COFORGE.NS
2025-12-04 14:45:00+05:30,1970.199951171875,1970.9000244140625,1962.300048828125,1964.0,100600,0.0,0.0,COFORGE.NS
2025-12-04 15:00:00+05:30,1964.0,1968.5,1963.0,1967.699951171875,89120,0.0,0.0,COFORGE.NS
2025-12-04 15:15:00+05:30,1967.300048828125,1968.0,1961.5999755859373,1965.0,133234,0.0,0.0,COFORGE.NS
2025-12-05 09:15:00+05:30,1973.9000244140625,1977.0,1958.5999755859373,1974.4000244140625,92453,0.0,0.0,COFORGE.NS
2025-12-05 09:30:00+05:30,1974.300048828125,1975.4000244140625,1968.0,1969.300048828125,80515,0.0,0.0,COFORGE.NS
2025-12-05 09:45:00+05:30,1968.9000244140625,1970.699951171875,1965.0999755859373,1965.699951171875,50348,0.0,0.0,COFORGE.NS
2025-12-05 10:00:00+05:30,1966.0,1972.4000244140625,1958.9000244140625,1959.300048828125,43812,0.0,0.0,COFORGE.NS
2025-12-05 10:15:00+05:30,1960.699951171875,1971.0,1957.199951171875,1964.0,97794,0.0,0.0,COFORGE.NS
2025-12-05 10:30:00+05:30,1963.0,1971.5999755859373,1961.0,1970.199951171875,47884,0.0,0.0,COFORGE.NS
2025-12-05 10:45:00+05:30,1970.0,1985.9000244140625,1967.0999755859373,1982.199951171875,166488,0.0,0.0,COFORGE.NS
2025-12-05 11:00:00+05:30,1981.9000244140625,1988.0999755859373,1980.5999755859373,1985.0,94079,0.0,0.0,COFORGE.NS
2025-12-05 11:15:00+05:30,1985.0999755859373,1986.699951171875,1980.5,1984.4000244140625,98768,0.0,0.0,COFORGE.NS
2025-12-05 11:30:00+05:30,1984.800048828125,1985.5999755859373,1980.0999755859373,1980.800048828125,64424,0.0,0.0,COFORGE.NS
2025-12-05 11:45:00+05:30,1980.800048828125,1985.5,1978.699951171875,1980.800048828125,62681,0.0,0.0,COFORGE.NS
2025-12-05 12:00:00+05:30,1980.800048828125,1985.5999755859373,1980.800048828125,1985.0,25767,0.0,0.0,COFORGE.NS
2025-12-05 12:15:00+05:30,1985.0,1986.9000244140625,1980.800048828125,1982.199951171875,35722,0.0,0.0,COFORGE.NS
2025-12-05 12:30:00+05:30,1981.4000244140625,1982.5999755859373,1977.0,1981.699951171875,52384,0.0,0.0,COFORGE.NS
2025-12-05 12:45:00+05:30,1981.699951171875,1986.4000244140625,1981.0999755859373,1985.699951171875,57558,0.0,0.0,COFORGE.NS
2025-12-05 13:00:00+05:30,1985.9000244140625,1987.0,1983.0,1983.0,36820,0.0,0.0,COFORGE.NS
2025-12-05 13:15:00+05:30,1984.5,1986.699951171875,1982.300048828125,1982.300048828125,52312,0.0,0.0,COFORGE.NS
2025-12-05 13:30:00+05:30,1982.699951171875,1985.800048828125,1982.699951171875,1984.0,29742,0.0,0.0,COFORGE.NS
2025-12-05 13:45:00+05:30,1984.699951171875,1985.5999755859373,1981.0,1983.4000244140625,36748,0.0,0.0,COFORGE.NS
2025-12-05 14:00:00+05:30,1983.0999755859373,1984.5,1978.0999755859373,1978.0999755859373,43202,0.0,0.0,COFORGE.NS
2025-12-05 14:15:00+05:30,1979.0,1983.300048828125,1977.199951171875,1981.0,60840,0.0,0.0,COFORGE.NS
2025-12-05 14:30:00+05:30,1981.0,1982.5,1970.5999755859373,1970.5999755859373,72994,0.0,0.0,COFORGE.NS
2025-12-05 14:45:00+05:30,1971.300048828125,1975.199951171875,1968.5,1974.4000244140625,78935,0.0,0.0,COFORGE.NS
2025-12-05 15:00:00+05:30,1974.4000244140625,1980.300048828125,1974.0,1979.5,99656,0.0,0.0,COFORGE.NS
2025-12-05 15:15:00+05:30,1979.9000244140625,1980.0,1972.199951171875,1977.9000244140625,142276,0.0,0.0,COFORGE.NS
2025-12-08 09:15:00+05:30,1981.0,1989.5,1966.5999755859373,1988.0,105262,0.0,0.0,COFORGE.NS
2025-12-08 09:30:00+05:30,1988.0,1988.5999755859373,1977.0,1978.9000244140625,90717,0.0,0.0,COFORGE.NS
2025-12-08 09:45:00+05:30,1978.9000244140625,1982.0,1973.199951171875,1981.800048828125,69609,0.0,0.0,COFORGE.NS
2025-12-08 10:00:00+05:30,1981.0999755859373,1981.800048828125,1966.800048828125,1970.5,89447,0.0,0.0,COFORGE.NS
2025-12-08 10:15:00+05:30,1970.300048828125,1971.5,1961.5,1965.0,41831,0.0,0.0,COFORGE.NS
2025-12-08 10:30:00+05:30,1964.0,1964.5999755859373,1947.800048828125,1957.5,81002,0.0,0.0,COFORGE.NS
2025-12-08 10:45:00+05:30,1957.5,1958.0999755859373,1952.0999755859373,1952.5999755859373,27254,0.0,0.0,COFORGE.NS
2025-12-08 11:00:00+05:30,1951.800048828125,1954.0999755859373,1949.0,1952.300048828125,28458,0.0,0.0,COFORGE.NS
2025-12-08 11:15:00+05:30,1951.5,1952.300048828125,1944.5,1948.0999755859373,40559,0.0,0.0,COFORGE.NS
2025-12-08 11:30:00+05:30,1949.0999755859373,1955.800048828125,1948.300048828125,1951.5999755859373,22495,0.0,0.0,COFORGE.NS
2025-12-08 11:45:00+05:30,1951.699951171875,1956.699951171875,1951.699951171875,1952.800048828125,22447,0.0,0.0,COFORGE.NS
2025-12-08 12:00:00+05:30,1952.800048828125,1953.699951171875,1944.0,1944.4000244140625,35433,0.0,0.0,COFORGE.NS
2025-12-08 12:15:00+05:30,1944.0999755859373,1945.5999755859373,1940.0999755859373,1943.0,21479,0.0,0.0,COFORGE.NS
2025-12-08 12:30:00+05:30,1943.4000244140625,1953.9000244140625,1942.0,1952.5,58234,0.0,0.0,COFORGE.NS
2025-12-08 12:45:00+05:30,1952.0,1953.699951171875,1946.0,1946.699951171875,49495,0.0,0.0,COFORGE.NS
2025-12-08 13:00:00+05:30,1946.699951171875,1950.0,1946.0,1949.4000244140625,33372,0.0,0.0,COFORGE.NS
2025-12-08 13:15:00+05:30,1949.0999755859373,1949.4000244140625,1944.0,1944.0,54934,0.0,0.0,COFORGE.NS
2025-12-08 13:30:00+05:30,1944.4000244140625,1944.4000244140625,1937.0999755859373,1940.5999755859373,53093,0.0,0.0,COFORGE.NS
2025-12-08 13:45:00+05:30,1939.300048828125,1945.0,1939.300048828125,1942.300048828125,40307,0.0,0.0,COFORGE.NS
2025-12-08 14:00:00+05:30,1942.4000244140625,1943.699951171875,1936.4000244140625,1939.4000244140625,61190,0.0,0.0,COFORGE.NS
2025-12-08 14:15:00+05:30,1939.0,1942.9000244140625,1937.0999755859373,1940.5,63070,0.0,0.0,COFORGE.NS
2025-12-08 14:30:00+05:30,1941.300048828125,1942.0,1932.9000244140625,1938.0,61443,0.0,0.0,COFORGE.NS
2025-12-08 14:45:00+05:30,1937.699951171875,1949.0,1937.4000244140625,1948.5,69905,0.0,0.0,COFORGE.NS
2025-12-08 15:00:00+05:30,1949.300048828125,1954.0,1948.5999755859373,1954.0,117225,0.0,0.0,COFORGE.NS
2025-12-08 15:15:00+05:30,1954.0,1954.0,1943.300048828125,1948.0,139291,0.0,0.0,COFORGE.NS
2025-12-09 09:15:00+05:30,1936.4000244140625,1937.300048828125,1882.199951171875,1883.0,330846,0.0,0.0,COFORGE.NS
2025-12-09 09:30:00+05:30,1883.4000244140625,1887.699951171875,1869.0999755859373,1872.5999755859373,166751,0.0,0.0,COFORGE.NS
2025-12-09 09:45:00+05:30,1872.5999755859373,1875.0,1865.5,1868.0,119709,0.0,0.0,COFORGE.NS
2025-12-09 10:00:00+05:30,1868.300048828125,1875.0,1867.0999755859373,1872.699951171875,130529,0.0,0.0,COFORGE.NS
2025-12-09 10:15:00+05:30,1872.5999755859373,1877.5,1870.4000244140625,1872.9000244140625,233862,0.0,0.0,COFORGE.NS
2025-12-09 10:30:00+05:30,1873.199951171875,1875.9000244140625,1861.0,1862.4000244140625,82990,0.0,0.0,COFORGE.NS
2025-12-09 10:45:00+05:30,1862.4000244140625,1866.5999755859373,1856.0999755859373,1862.800048828125,63117,0.0,0.0,COFORGE.NS
2025-12-09 11:00:00+05:30,1863.9000244140625,1877.0,1863.9000244140625,1873.5,94411,0.0,0.0,COFORGE.NS
2025-12-09 11:15:00+05:30,1873.0,1876.5,1870.800048828125,1872.0999755859373,56505,0.0,0.0,COFORGE.NS
2025-12-09 11:30:00+05:30,1872.5999755859373,1873.5999755859373,1868.199951171875,1871.300048828125,40599,0.0,0.0,COFORGE.NS
2025-12-09 11:45:00+05:30,1871.0,1876.199951171875,1870.300048828125,1875.5,24393,0.0,0.0,COFORGE.NS
2025-12-09 12:00:00+05:30,1875.5,1877.699951171875,1872.5999755859373,1875.0,139284,0.0,0.0,COFORGE.NS
2025-12-09 12:15:00+05:30,1875.0,1879.5,1871.5,1877.699951171875,127313,0.0,0.0,COFORGE.NS
2025-12-09 12:30:00+05:30,1878.0,1879.0,1870.5,1874.0,48702,0.0,0.0,COFORGE.NS
2025-12-09 12:45:00+05:30,1874.0,1875.699951171875,1867.800048828125,1871.199951171875,30776,0.0,0.0,COFORGE.NS
2025-12-09 13:00:00+05:30,1870.9000244140625,1874.699951171875,1868.0999755859373,1873.0999755859373,21931,0.0,0.0,COFORGE.NS
2025-12-09 13:15:00+05:30,1872.800048828125,1874.5999755859373,1868.0999755859373,1871.0,28334,0.0,0.0,COFORGE.NS
2025-12-09 13:30:00+05:30,1871.5999755859373,1873.0,1869.300048828125,1870.300048828125,27572,0.0,0.0,COFORGE.NS
2025-12-09 13:45:00+05:30,1870.300048828125,1882.800048828125,1869.9000244140625,1877.300048828125,41920,0.0,0.0,COFORGE.NS
2025-12-09 14:00:00+05:30,1877.4000244140625,1878.300048828125,1872.5,1874.5,24521,0.0,0.0,COFORGE.NS
2025-12-09 14:15:00+05:30,1874.699951171875,1875.199951171875,1870.0999755859373,1873.300048828125,28583,0.0,0.0,COFORGE.NS
2025-12-09 14:30:00+05:30,1951.300048828125,1951.300048828125,1868.699951171875,1870.0,36733,0.0,0.0,COFORGE.NS
2025-12-09 14:45:00+05:30,1870.0,1874.5,1868.0,1872.0,31856,0.0,0.0,COFORGE.NS
2025-12-09 15:00:00+05:30,1873.4000244140625,1879.699951171875,1871.4000244140625,1873.699951171875,136334,0.0,0.0,COFORGE.NS
2025-12-09 15:15:00+05:30,1873.0,1874.9000244140625,1869.0,1871.0999755859373,110825,0.0,0.0,COFORGE.NS
2025-12-10 09:15:00+05:30,1877.199951171875,1889.0,1873.5,1882.5999755859373,46936,0.0,0.0,COFORGE.NS
2025-12-10 09:30:00+05:30,1882.5999755859373,1884.0,1878.4000244140625,1880.300048828125,38383,0.0,0.0,COFORGE.NS
2025-12-10 09:45:00+05:30,1880.4000244140625,1881.300048828125,1870.0,1870.199951171875,39432,0.0,0.0,COFORGE.NS
2025-12-10 10:00:00+05:30,1870.699951171875,1876.4000244140625,1868.5999755859373,1876.0,21410,0.0,0.0,COFORGE.NS
2025-12-10 10:15:00+05:30,1875.800048828125,1879.699951171875,1871.4000244140625,1876.5,25496,0.0,0.0,COFORGE.NS
2025-12-10 10:30:00+05:30,1876.5,1876.9000244140625,1865.5999755859373,1865.5999755859373,20272,0.0,0.0,COFORGE.NS
2025-12-10 10:45:00+05:30,1865.5999755859373,1867.0,1851.300048828125,1851.5,52960,0.0,0.0,COFORGE.NS
2025-12-10 11:00:00+05:30,1851.5,1860.5,1849.9000244140625,1857.9000244140625,26740,0.0,0.0,COFORGE.NS
2025-12-10 11:15:00+05:30,1858.0,1865.0,1857.199951171875,1859.5999755859373,18059,0.0,0.0,COFORGE.NS
2025-12-10 11:30:00+05:30,1859.0,1860.5,1856.199951171875,1856.300048828125,9677,0.0,0.0,COFORGE.NS
2025-12-10 11:45:00+05:30,1856.300048828125,1856.300048828125,1845.5,1850.0999755859373,249469,0.0,0.0,COFORGE.NS
2025-12-10 12:00:00+05:30,1850.199951171875,1852.699951171875,1846.199951171875,1847.0999755859373,25698,0.0,0.0,COFORGE.NS
2025-12-10 12:15:00+05:30,1847.5999755859373,1847.5999755859373,1838.300048828125,1839.0,32953,0.0,0.0,COFORGE.NS
2025-12-10 12:30:00+05:30,1839.699951171875,1840.0,1834.9000244140625,1836.199951171875,29194,0.0,0.0,COFORGE.NS
2025-12-10 12:45:00+05:30,1836.0,1836.5,1834.5,1835.0,17110,0.0,0.0,COFORGE.NS
2025-12-10 13:00:00+05:30,1834.800048828125,1849.5999755859373,1834.300048828125,1848.0,66184,0.0,0.0,COFORGE.NS
2025-12-10 13:15:00+05:30,1847.9000244140625,1849.800048828125,1845.0,1848.0,17835,0.0,0.0,COFORGE.NS
2025-12-10 13:30:00+05:30,1849.0,1851.699951171875,1842.300048828125,1845.0999755859373,20964,0.0,0.0,COFORGE.NS
2025-12-10 13:45:00+05:30,1845.0999755859373,1845.0999755859373,1838.199951171875,1839.199951171875,14470,0.0,0.0,COFORGE.NS
2025-12-10 14:00:00+05:30,1839.800048828125,1843.5,1835.9000244140625,1840.800048828125,21749,0.0,0.0,COFORGE.NS
2025-12-10 14:15:00+05:30,1840.199951171875,1841.4000244140625,1826.0999755859373,1827.5999755859373,46588,0.0,0.0,COFORGE.NS
2025-12-10 14:30:00+05:30,1827.199951171875,1830.5,1819.0999755859373,1820.0,67070,0.0,0.0,COFORGE.NS
2025-12-10 14:45:00+05:30,1820.0,1824.699951171875,1816.5999755859373,1820.0,48058,0.0,0.0,COFORGE.NS
2025-12-10 15:00:00+05:30,1821.0,1825.699951171875,1817.0,1818.0999755859373,66792,0.0,0.0,COFORGE.NS
2025-12-10 15:15:00+05:30,1818.5999755859373,1823.5,1816.199951171875,1823.4000244140625,92683,0.0,0.0,COFORGE.NS
2025-12-11 09:15:00+05:30,1828.0,1863.300048828125,1823.9000244140625,1858.800048828125,134937,0.0,0.0,COFORGE.NS
2025-12-11 09:30:00+05:30,1858.800048828125,1862.199951171875,1835.5999755859373,1841.0,151993,0.0,0.0,COFORGE.NS
2025-12-11 09:45:00+05:30,1841.0,1843.699951171875,1827.0,1828.5,83359,0.0,0.0,COFORGE.NS
2025-12-11 10:00:00+05:30,1828.5,1846.5,1827.4000244140625,1846.0,72096,0.0,0.0,COFORGE.NS
2025-12-11 10:15:00+05:30,1846.199951171875,1851.0,1843.699951171875,1845.5,36633,0.0,0.0,COFORGE.NS
2025-12-11 10:30:00+05:30,1845.300048828125,1847.699951171875,1835.0,1836.0,26741,0.0,0.0,COFORGE.NS
2025-12-11 10:45:00+05:30,1836.0999755859373,1839.0,1830.0999755859373,1830.0999755859373,17829,0.0,0.0,COFORGE.NS
2025-12-11 11:00:00+05:30,1830.0999755859373,1834.0999755859373,1827.699951171875,1829.4000244140625,32918,0.0,0.0,COFORGE.NS
2025-12-11 11:15:00+05:30,1829.0,1834.699951171875,1828.5999755859373,1830.0999755859373,22714,0.0,0.0,COFORGE.NS
2025-12-11 11:30:00+05:30,1830.199951171875,1832.800048828125,1826.699951171875,1831.5,43581,0.0,0.0,COFORGE.NS
2025-12-11 11:45:00+05:30,1831.0999755859373,1837.0,1830.0,1833.4000244140625,19981,0.0,0.0,COFORGE.NS
2025-12-11 12:00:00+05:30,1833.4000244140625,1834.5,1830.0,1831.5999755859373,48518,0.0,0.0,COFORGE.NS
2025-12-11 12:15:00+05:30,1832.0999755859373,1833.5,1828.0,1830.0999755859373,36320,0.0,0.0,COFORGE.NS
2025-12-11 12:30:00+05:30,1830.0999755859373,1844.0,1829.199951171875,1843.9000244140625,80855,0.0,0.0,COFORGE.NS
2025-12-11 12:45:00+05:30,1843.5,1845.0,1835.199951171875,1835.5,25407,0.0,0.0,COFORGE.NS
2025-12-11 13:00:00+05:30,1835.4000244140625,1840.800048828125,1832.5999755859373,1835.800048828125,23537,0.0,0.0,COFORGE.NS
2025-12-11 13:15:00+05:30,1835.9000244140625,1840.0,1835.9000244140625,1836.699951171875,12751,0.0,0.0,COFORGE.NS
2025-12-11 13:30:00+05:30,1836.9000244140625,1842.5999755859373,1836.9000244140625,1839.0999755859373,16304,0.0,0.0,COFORGE.NS
2025-12-11 13:45:00+05:30,1839.0,1841.0,1837.800048828125,1838.9000244140625,19376,0.0,0.0,COFORGE.NS
2025-12-11 14:00:00+05:30,1838.5,1840.5,1835.0,1835.800048828125,16121,0.0,0.0,COFORGE.NS
2025-12-11 14:15:00+05:30,1836.9000244140625,1840.800048828125,1836.300048828125,1839.4000244140625,16440,0.0,0.0,COFORGE.NS
2025-12-11 14:30:00+05:30,1839.199951171875,1840.0,1832.300048828125,1833.0,26671,0.0,0.0,COFORGE.NS
2025-12-11 14:45:00+05:30,1833.0,1838.300048828125,1832.4000244140625,1838.0999755859373,47254,0.0,0.0,COFORGE.NS
2025-12-11 15:00:00+05:30,1840.699951171875,1846.5,1839.0999755859373,1840.199951171875,108469,0.0,0.0,COFORGE.NS
2025-12-11 15:15:00+05:30,1840.199951171875,1841.5999755859373,1838.5,1841.0,136162,0.0,0.0,COFORGE.NS
2025-12-12 09:15:00+05:30,1850.9000244140625,1850.9000244140625,1827.0,1837.5,37241,0.0,0.0,COFORGE.NS
2025-12-12 09:30:00+05:30,1838.0,1841.0,1832.0999755859373,1837.5999755859373,30010,0.0,0.0,COFORGE.NS
2025-12-12 09:45:00+05:30,1838.0,1841.699951171875,1835.0,1836.5,19880,0.0,0.0,COFORGE.NS
2025-12-12 10:00:00+05:30,1836.5,1836.5,1829.0,1833.199951171875,24857,0.0,0.0,COFORGE.NS
2025-12-12 10:15:00+05:30,1833.5999755859373,1834.9000244140625,1825.800048828125,1831.0,33849,0.0,0.0,COFORGE.NS
2025-12-12 10:30:00+05:30,1831.0,1836.0,1828.0999755859373,1831.699951171875,34353,0.0,0.0,COFORGE.NS
2025-12-12 10:45:00+05:30,1831.5999755859373,1834.9000244140625,1830.699951171875,1831.699951171875,17767,0.0,0.0,COFORGE.NS
2025-12-12 11:00:00+05:30,1831.699951171875,1841.9000244140625,1831.699951171875,1840.199951171875,40024,0.0,0.0,COFORGE.NS
2025-12-12 11:15:00+05:30,1840.800048828125,1843.9000244140625,1838.0,1843.800048828125,31468,0.0,0.0,COFORGE.NS
2025-12-12 11:30:00+05:30,1843.9000244140625,1847.5999755859373,1840.0999755859373,1840.0999755859373,31572,0.0,0.0,COFORGE.NS
2025-12-12 11:45:00+05:30,1840.0999755859373,1840.9000244140625,1837.0999755859373,1839.199951171875,9841,0.0,0.0,COFORGE.NS
2025-12-12 12:00:00+05:30,1839.4000244140625,1842.699951171875,1834.0,1836.5999755859373,105829,0.0,0.0,COFORGE.NS
2025-12-12 12:15:00+05:30,1836.5999755859373,1836.5999755859373,1833.5,1834.800048828125,59988,0.0,0.0,COFORGE.NS
2025-12-12 12:30:00+05:30,1834.9000244140625,1836.0,1832.0,1833.5,29957,0.0,0.0,COFORGE.NS
2025-12-12 12:45:00+05:30,1833.699951171875,1835.0,1830.5,1831.300048828125,48020,0.0,0.0,COFORGE.NS
2025-12-12 13:00:00+05:30,1830.9000244140625,1836.9000244140625,1827.199951171875,1835.9000244140625,91349,0.0,0.0,COFORGE.NS
2025-12-12 13:15:00+05:30,1836.0,1837.0,1832.4000244140625,1832.4000244140625,74705,0.0,0.0,COFORGE.NS
2025-12-12 13:30:00+05:30,1832.4000244140625,1836.5999755859373,1831.5,1836.0,33612,0.0,0.0,COFORGE.NS
2025-12-12 13:45:00+05:30,1836.0,1842.5999755859373,1835.699951171875,1839.5999755859373,61025,0.0,0.0,COFORGE.NS
2025-12-12 14:00:00+05:30,1839.5999755859373,1847.0,1839.300048828125,1846.199951171875,51370,0.0,0.0,COFORGE.NS
2025-12-12 14:15:00+05:30,1846.0999755859373,1849.699951171875,1845.0,1845.699951171875,62579,0.0,0.0,COFORGE.NS
2025-12-12 14:30:00+05:30,1845.199951171875,1846.5,1845.0,1845.699951171875,39473,0.0,0.0,COFORGE.NS
2025-12-12 14:45:00+05:30,1845.699951171875,1851.4000244140625,1845.0,1850.699951171875,43063,0.0,0.0,COFORGE.NS
2025-12-12 15:00:00+05:30,1850.699951171875,1853.0999755859373,1846.800048828125,1852.0999755859373,143048,0.0,0.0,COFORGE.NS
2025-12-12 15:15:00+05:30,1852.0,1854.4000244140625,1849.4000244140625,1852.199951171875,149870,0.0,0.0,COFORGE.NS
2025-12-15 09:15:00+05:30,1864.0999755859373,1864.0999755859373,1845.0,1851.199951171875,16820,0.0,0.0,COFORGE.NS
2025-12-15 09:30:00+05:30,1851.0999755859373,1853.0,1838.5,1839.0,26875,0.0,0.0,COFORGE.NS
2025-12-15 09:45:00+05:30,1837.5,1850.199951171875,1835.5,1848.699951171875,21017,0.0,0.0,COFORGE.NS
2025-12-15 10:00:00+05:30,1849.5,1849.9000244140625,1845.5,1848.800048828125,15443,0.0,0.0,COFORGE.NS
2025-12-15 10:15:00+05:30,1848.300048828125,1855.0,1846.5999755859373,1855.0,22258,0.0,0.0,COFORGE.NS
2025-12-15 10:30:00+05:30,1854.9000244140625,1861.5,1852.800048828125,1856.0999755859373,21688,0.0,0.0,COFORGE.NS
2025-12-15 10:45:00+05:30,1856.300048828125,1872.0999755859373,1856.199951171875,1868.0,95401,0.0,0.0,COFORGE.NS
2025-12-15 11:00:00+05:30,1867.9000244140625,1871.0,1862.300048828125,1865.5,28173,0.0,0.0,COFORGE.NS
2025-12-15 11:15:00+05:30,1864.9000244140625,1867.199951171875,1862.300048828125,1865.5999755859373,18368,0.0,0.0,COFORGE.NS
2025-12-15 11:30:00+05:30,1864.800048828125,1865.0,1852.0,1853.9000244140625,39018,0.0,0.0,COFORGE.NS
2025-12-15 11:45:00+05:30,1853.9000244140625,1860.300048828125,1853.699951171875,1860.300048828125,46869,0.0,0.0,COFORGE.NS
2025-12-15 12:00:00+05:30,1860.9000244140625,1867.0,1860.0999755859373,1866.699951171875,25849,0.0,0.0,COFORGE.NS
2025-12-15 12:15:00+05:30,1866.800048828125,1874.9000244140625,1866.800048828125,1868.5,72611,0.0,0.0,COFORGE.NS
2025-12-15 12:30:00+05:30,1868.5,1871.0,1867.5999755859373,1867.800048828125,9012,0.0,0.0,COFORGE.NS
2025-12-15 12:45:00+05:30,1868.199951171875,1869.5999755859373,1864.0999755859373,1864.699951171875,9346,0.0,0.0,COFORGE.NS
2025-12-15 13:00:00+05:30,1864.300048828125,1867.800048828125,1864.300048828125,1867.5999755859373,6057,0.0,0.0,COFORGE.NS
2025-12-15 13:15:00+05:30,1867.5999755859373,1868.0,1865.5,1866.0,8129,0.0,0.0,COFORGE.NS
2025-12-15 13:30:00+05:30,1865.800048828125,1867.0,1865.300048828125,1865.4000244140625,5903,0.0,0.0,COFORGE.NS
2025-12-15 13:45:00+05:30,1865.5,1866.4000244140625,1860.0,1860.699951171875,10616,0.0,0.0,COFORGE.NS
2025-12-15 14:00:00+05:30,1860.699951171875,1868.300048828125,1860.5,1864.300048828125,54363,0.0,0.0,COFORGE.NS
2025-12-15 14:15:00+05:30,1864.300048828125,1865.199951171875,1861.800048828125,1862.4000244140625,8398,0.0,0.0,COFORGE.NS
2025-12-15 14:30:00+05:30,1862.9000244140625,1866.9000244140625,1862.199951171875,1866.300048828125,20403,0.0,0.0,COFORGE.NS
2025-12-15 14:45:00+05:30,1866.0,1874.4000244140625,1866.0,1871.699951171875,56465,0.0,0.0,COFORGE.NS
2025-12-15 15:00:00+05:30,1871.9000244140625,1871.9000244140625,1867.0999755859373,1869.199951171875,33960,0.0,0.0,COFORGE.NS
2025-12-15 15:15:00+05:30,1869.0999755859373,1873.300048828125,1867.5999755859373,1870.0,71664,0.0,0.0,COFORGE.NS
2025-12-16 09:15:00+05:30,1867.199951171875,1871.199951171875,1841.9000244140625,1847.199951171875,34665,0.0,0.0,COFORGE.NS
2025-12-16 09:30:00+05:30,1846.699951171875,1858.199951171875,1845.199951171875,1854.800048828125,34446,0.0,0.0,COFORGE.NS
2025-12-16 09:45:00+05:30,1854.800048828125,1859.9000244140625,1852.5999755859373,1855.199951171875,23847,0.0,0.0,COFORGE.NS
2025-12-16 10:00:00+05:30,1855.300048828125,1857.5999755859373,1852.0999755859373,1857.5999755859373,20632,0.0,0.0,COFORGE.NS
2025-12-16 10:15:00+05:30,1856.5,1863.300048828125,1855.5,1860.699951171875,26552,0.0,0.0,COFORGE.NS
2025-12-16 10:30:00+05:30,1860.5,1861.0,1851.300048828125,1851.300048828125,17894,0.0,0.0,COFORGE.NS
2025-12-16 10:45:00+05:30,1851.300048828125,1856.300048828125,1849.199951171875,1854.0,19618,0.0,0.0,COFORGE.NS
2025-12-16 11:00:00+05:30,1854.0,1858.5,1852.0999755859373,1852.5,18944,0.0,0.0,COFORGE.NS
2025-12-16 11:15:00+05:30,1852.0,1856.4000244140625,1851.4000244140625,1855.0,10415,0.0,0.0,COFORGE.NS
2025-12-16 11:30:00+05:30,1855.0,1857.5999755859373,1853.0999755859373,1853.199951171875,10261,0.0,0.0,COFORGE.NS
2025-12-16 11:45:00+05:30,1853.199951171875,1855.0999755859373,1851.199951171875,1851.4000244140625,9952,0.0,0.0,COFORGE.NS
2025-12-16 12:00:00+05:30,1851.4000244140625,1856.0999755859373,1850.0999755859373,1856.0,9731,0.0,0.0,COFORGE.NS
2025-12-16 12:15:00+05:30,1856.199951171875,1860.0,1854.300048828125,1858.5,14795,0.0,0.0,COFORGE.NS
2025-12-16 12:30:00+05:30,1858.5,1859.199951171875,1854.199951171875,1856.5,7137,0.0,0.0,COFORGE.NS
2025-12-16 12:45:00+05:30,1856.4000244140625,1857.300048828125,1853.0,1855.5,7131,0.0,0.0,COFORGE.NS
2025-12-16 13:00:00+05:30,1855.0999755859373,1856.0999755859373,1852.5999755859373,1853.5999755859373,7922,0.0,0.0,COFORGE.NS
2025-12-16 13:15:00+05:30,1853.800048828125,1853.800048828125,1850.5,1851.0,12394,0.0,0.0,COFORGE.NS
2025-12-16 13:30:00+05:30,1851.0,1855.0999755859373,1851.0,1853.699951171875,8847,0.0,0.0,COFORGE.NS
2025-12-16 13:45:00+05:30,1853.300048828125,1855.9000244140625,1850.800048828125,1850.800048828125,14578,0.0,0.0,COFORGE.NS
2025-12-16 14:00:00+05:30,1850.699951171875,1853.699951171875,1850.0,1850.699951171875,17472,0.0,0.0,COFORGE.NS
2025-12-16 14:15:00+05:30,1850.5,1852.0,1848.5,1852.0,16075,0.0,0.0,COFORGE.NS
2025-12-16 14:30:00+05:30,1851.4000244140625,1853.9000244140625,1850.5999755859373,1853.4000244140625,13194,0.0,0.0,COFORGE.NS
2025-12-16 14:45:00+05:30,1853.5,1858.300048828125,1851.800048828125,1857.199951171875,16170,0.0,0.0,COFORGE.NS
2025-12-16 15:00:00+05:30,1861.0,1870.9000244140625,1860.0999755859373,1865.0999755859373,241227,0.0,0.0,COFORGE.NS
2025-12-16 15:15:00+05:30,1865.199951171875,1868.5,1859.4000244140625,1866.800048828125,119381,0.0,0.0,COFORGE.NS
2025-12-17 09:15:00+05:30,1866.199951171875,1886.300048828125,1865.5,1883.0999755859373,70806,0.0,0.0,COFORGE.NS
2025-12-17 09:30:00+05:30,1883.4000244140625,1887.300048828125,1875.199951171875,1877.0,49332,0.0,0.0,COFORGE.NS
2025-12-17 09:45:00+05:30,1876.699951171875,1883.5,1876.0,1880.0,49861,0.0,0.0,COFORGE.NS
2025-12-17 10:00:00+05:30,1880.0,1880.699951171875,1868.0,1869.0999755859373,32301,0.0,0.0,COFORGE.NS
2025-12-17 10:15:00+05:30,1868.0999755859373,1873.5,1864.199951171875,1867.199951171875,37655,0.0,0.0,COFORGE.NS
2025-12-17 10:30:00+05:30,1867.300048828125,1872.4000244140625,1861.5999755859373,1864.4000244140625,27131,0.0,0.0,COFORGE.NS
2025-12-17 10:45:00+05:30,1864.199951171875,1864.199951171875,1854.199951171875,1856.300048828125,26098,0.0,0.0,COFORGE.NS
2025-12-17 11:00:00+05:30,1856.699951171875,1863.9000244140625,1856.0999755859373,1862.0999755859373,17497,0.0,0.0,COFORGE.NS
2025-12-17 11:15:00+05:30,1862.699951171875,1862.800048828125,1855.199951171875,1857.0999755859373,16939,0.0,0.0,COFORGE.NS
2025-12-17 11:30:00+05:30,1857.4000244140625,1859.0,1855.5999755859373,1856.9000244140625,11833,0.0,0.0,COFORGE.NS
2025-12-17 11:45:00+05:30,1857.5999755859373,1860.800048828125,1856.9000244140625,1858.4000244140625,9220,0.0,0.0,COFORGE.NS
2025-12-17 12:00:00+05:30,1857.9000244140625,1857.9000244140625,1851.199951171875,1853.300048828125,19466,0.0,0.0,COFORGE.NS
2025-12-17 12:15:00+05:30,1853.5,1853.5,1845.9000244140625,1846.5999755859373,22361,0.0,0.0,COFORGE.NS
2025-12-17 12:30:00+05:30,1846.0999755859373,1852.0999755859373,1845.300048828125,1850.5999755859373,22468,0.0,0.0,COFORGE.NS
2025-12-17 12:45:00+05:30,1850.5999755859373,1857.300048828125,1847.4000244140625,1855.800048828125,21093,0.0,0.0,COFORGE.NS
2025-12-17 13:00:00+05:30,1855.800048828125,1856.5,1854.0,1854.699951171875,16577,0.0,0.0,COFORGE.NS
2025-12-17 13:15:00+05:30,1854.5,1857.800048828125,1853.0,1856.9000244140625,10685,0.0,0.0,COFORGE.NS
2025-12-17 13:30:00+05:30,1856.9000244140625,1856.9000244140625,1851.0999755859373,1852.0,6555,0.0,0.0,COFORGE.NS
2025-12-17 13:45:00+05:30,1852.0,1854.800048828125,1850.4000244140625,1853.5999755859373,8815,0.0,0.0,COFORGE.NS
2025-12-17 14:00:00+05:30,1854.4000244140625,1854.4000244140625,1848.0999755859373,1850.199951171875,12527,0.0,0.0,COFORGE.NS
2025-12-17 14:15:00+05:30,1850.699951171875,1852.0,1847.0,1847.5,15753,0.0,0.0,COFORGE.NS
2025-12-17 14:30:00+05:30,1847.699951171875,1849.9000244140625,1845.0,1847.300048828125,26200,0.0,0.0,COFORGE.NS
2025-12-17 14:45:00+05:30,1847.199951171875,1851.0,1845.9000244140625,1849.0,20106,0.0,0.0,COFORGE.NS
2025-12-17 15:00:00+05:30,1850.0,1852.300048828125,1842.5999755859373,1843.5999755859373,56553,0.0,0.0,COFORGE.NS
2025-12-17 15:15:00+05:30,1844.0,1847.0,1841.5,1846.5999755859373,82131,0.0,0.0,COFORGE.NS
2025-12-18 09:15:00+05:30,1855.5999755859373,1869.699951171875,1853.199951171875,1864.0,130316,0.0,0.0,COFORGE.NS
2025-12-18 09:30:00+05:30,1863.300048828125,1864.300048828125,1841.0999755859373,1841.800048828125,81015,0.0,0.0,COFORGE.NS
2025-12-18 09:45:00+05:30,1841.699951171875,1841.699951171875,1828.0,1831.5999755859373,60230,0.0,0.0,COFORGE.NS
2025-12-18 10:00:00+05:30,1831.300048828125,1841.800048828125,1828.5,1841.800048828125,37681,0.0,0.0,COFORGE.NS
2025-12-18 10:15:00+05:30,1841.5999755859373,1848.300048828125,1839.9000244140625,1839.9000244140625,34013,0.0,0.0,COFORGE.NS
2025-12-18 10:30:00+05:30,1839.5,1845.9000244140625,1838.699951171875,1845.0,21273,0.0,0.0,COFORGE.NS
2025-12-18 10:45:00+05:30,1845.199951171875,1848.9000244140625,1842.4000244140625,1843.5,19719,0.0,0.0,COFORGE.NS
2025-12-18 11:00:00+05:30,1844.0999755859373,1844.0999755859373,1840.0,1840.9000244140625,12051,0.0,0.0,COFORGE.NS
2025-12-18 11:15:00+05:30,1840.9000244140625,1845.0,1838.4000244140625,1843.5999755859373,13609,0.0,0.0,COFORGE.NS
2025-12-18 11:30:00+05:30,1844.300048828125,1846.699951171875,1841.0999755859373,1842.300048828125,15677,0.0,0.0,COFORGE.NS
2025-12-18 11:45:00+05:30,1841.5999755859373,1850.5999755859373,1841.0999755859373,1850.0,60156,0.0,0.0,COFORGE.NS
2025-12-18 12:00:00+05:30,1850.0,1850.0999755859373,1845.4000244140625,1850.0999755859373,18285,0.0,0.0,COFORGE.NS
2025-12-18 12:15:00+05:30,1850.199951171875,1850.699951171875,1842.5999755859373,1843.199951171875,15712,0.0,0.0,COFORGE.NS
2025-12-18 12:30:00+05:30,1843.5,1845.0,1841.5,1843.5,17867,0.0,0.0,COFORGE.NS
2025-12-18 12:45:00+05:30,1843.9000244140625,1847.5,1843.800048828125,1843.800048828125,11295,0.0,0.0,COFORGE.NS
2025-12-18 13:00:00+05:30,1843.5999755859373,1846.9000244140625,1841.5,1842.4000244140625,11803,0.0,0.0,COFORGE.NS
2025-12-18 13:15:00+05:30,1842.4000244140625,1843.9000244140625,1841.5999755859373,1841.699951171875,9153,0.0,0.0,COFORGE.NS
2025-12-18 13:30:00+05:30,1841.199951171875,1851.199951171875,1840.0,1850.0,35374,0.0,0.0,COFORGE.NS
2025-12-18 13:45:00+05:30,1849.300048828125,1850.0,1845.5,1846.699951171875,31096,0.0,0.0,COFORGE.NS
2025-12-18 14:00:00+05:30,1846.0999755859373,1847.0,1843.199951171875,1844.699951171875,30122,0.0,0.0,COFORGE.NS
2025-12-18 14:15:00+05:30,1844.699951171875,1844.9000244140625,1840.0,1843.0999755859373,35588,0.0,0.0,COFORGE.NS
2025-12-18 14:30:00+05:30,1843.0,1849.300048828125,1842.699951171875,1847.699951171875,45061,0.0,0.0,COFORGE.NS
2025-12-18 14:45:00+05:30,1847.699951171875,1858.0,1847.5999755859373,1854.0,53413,0.0,0.0,COFORGE.NS
2025-12-18 15:00:00+05:30,1853.699951171875,1857.0,1850.800048828125,1855.5,102479,0.0,0.0,COFORGE.NS
2025-12-18 15:15:00+05:30,1855.5999755859373,1857.199951171875,1850.0,1854.800048828125,79965,0.0,0.0,COFORGE.NS
2025-12-19 09:15:00+05:30,1869.0,1871.199951171875,1844.5,1847.4000244140625,113577,0.0,0.0,COFORGE.NS
2025-12-19 09:30:00+05:30,1848.0,1856.800048828125,1846.4000244140625,1853.699951171875,80523,0.0,0.0,COFORGE.NS
2025-12-19 09:45:00+05:30,1853.0999755859373,1854.0999755859373,1844.199951171875,1845.800048828125,57109,0.0,0.0,COFORGE.NS
2025-12-19 10:00:00+05:30,1845.800048828125,1848.9000244140625,1843.5999755859373,1844.5999755859373,50051,0.0,0.0,COFORGE.NS
2025-12-19 10:15:00+05:30,1844.0999755859373,1858.800048828125,1844.0999755859373,1856.5,65528,0.0,0.0,COFORGE.NS
2025-12-19 10:30:00+05:30,1857.0,1859.4000244140625,1854.199951171875,1857.5,30030,0.0,0.0,COFORGE.NS
2025-12-19 10:45:00+05:30,1858.0,1858.0,1852.5,1853.4000244140625,23734,0.0,0.0,COFORGE.NS
2025-12-19 11:00:00+05:30,1853.4000244140625,1856.0,1849.300048828125,1852.5999755859373,36425,0.0,0.0,COFORGE.NS
2025-12-19 11:15:00+05:30,1853.0999755859373,1854.0,1848.0,1848.199951171875,22265,0.0,0.0,COFORGE.NS
2025-12-19 11:30:00+05:30,1848.0,1849.0999755859373,1845.199951171875,1847.300048828125,61542,0.0,0.0,COFORGE.NS
2025-12-19 11:45:00+05:30,1847.5,1847.5,1841.800048828125,1844.300048828125,33162,0.0,0.0,COFORGE.NS
2025-12-19 12:00:00+05:30,1844.4000244140625,1847.699951171875,1840.199951171875,1842.5999755859373,37366,0.0,0.0,COFORGE.NS
2025-12-19 12:15:00+05:30,1843.0,1845.300048828125,1838.4000244140625,1839.0,34339,0.0,0.0,COFORGE.NS
2025-12-19 12:30:00+05:30,1838.800048828125,1847.4000244140625,1838.5999755859373,1844.0999755859373,32027,0.0,0.0,COFORGE.NS
2025-12-19 12:45:00+05:30,1843.5999755859373,1844.0,1840.0,1842.0999755859373,27561,0.0,0.0,COFORGE.NS
2025-12-19 13:00:00+05:30,1842.0999755859373,1844.5,1838.9000244140625,1843.199951171875,129156,0.0,0.0,COFORGE.NS
2025-12-19 13:15:00+05:30,1843.199951171875,1847.300048828125,1843.0,1846.199951171875,48414,0.0,0.0,COFORGE.NS
2025-12-19 13:30:00+05:30,1846.199951171875,1848.0,1841.9000244140625,1842.0999755859373,113072,0.0,0.0,COFORGE.NS
2025-12-19 13:45:00+05:30,1842.300048828125,1843.5999755859373,1840.0,1843.0,35259,0.0,0.0,COFORGE.NS
2025-12-19 14:00:00+05:30,1843.0999755859373,1846.699951171875,1840.9000244140625,1846.699951171875,30426,0.0,0.0,COFORGE.NS
2025-12-19 14:15:00+05:30,1846.5999755859373,1847.0,1843.5,1843.699951171875,23623,0.0,0.0,COFORGE.NS
2025-12-19 14:30:00+05:30,1843.699951171875,1846.300048828125,1843.0,1846.0,30396,0.0,0.0,COFORGE.NS
2025-12-19 14:45:00+05:30,1846.0,1849.9000244140625,1842.0999755859373,1843.699951171875,78534,0.0,0.0,COFORGE.NS
2025-12-19 15:00:00+05:30,1843.699951171875,1848.0,1841.9000244140625,1845.699951171875,327758,0.0,0.0,COFORGE.NS
2025-12-19 15:15:00+05:30,1845.300048828125,1847.0,1837.0,1845.4000244140625,351713,0.0,0.0,COFORGE.NS
2025-12-22 09:15:00+05:30,1850.0999755859373,1860.4000244140625,1848.0999755859373,1859.300048828125,53069,0.0,0.0,COFORGE.NS
2025-12-22 09:30:00+05:30,1858.0999755859373,1859.5,1851.699951171875,1856.300048828125,26155,0.0,0.0,COFORGE.NS
2025-12-22 09:45:00+05:30,1855.0,1858.9000244140625,1852.0999755859373,1858.300048828125,25813,0.0,0.0,COFORGE.NS
2025-12-22 10:00:00+05:30,1858.5,1867.800048828125,1858.0,1865.699951171875,66552,0.0,0.0,COFORGE.NS
2025-12-22 10:15:00+05:30,1865.5,1870.0,1865.0999755859373,1868.300048828125,28861,0.0,0.0,COFORGE.NS
2025-12-22 10:30:00+05:30,1868.300048828125,1868.9000244140625,1864.199951171875,1868.800048828125,15450,0.0,0.0,COFORGE.NS
2025-12-22 10:45:00+05:30,1868.5,1869.199951171875,1867.0999755859373,1869.199951171875,14639,0.0,0.0,COFORGE.NS
2025-12-22 11:00:00+05:30,1869.199951171875,1872.0,1867.5,1871.199951171875,23385,0.0,0.0,COFORGE.NS
2025-12-22 11:15:00+05:30,1871.0,1874.800048828125,1870.699951171875,1874.800048828125,36108,0.0,0.0,COFORGE.NS
2025-12-22 11:30:00+05:30,1874.9000244140625,1874.9000244140625,1870.0,1870.0999755859373,19034,0.0,0.0,COFORGE.NS
2025-12-22 11:45:00+05:30,1870.5999755859373,1875.0,1870.0,1875.0,14052,0.0,0.0,COFORGE.NS
2025-12-22 12:00:00+05:30,1874.5999755859373,1882.0,1871.0999755859373,1873.0999755859373,51901,0.0,0.0,COFORGE.NS
2025-12-22 12:15:00+05:30,1873.0999755859373,1876.9000244140625,1871.4000244140625,1873.9000244140625,18474,0.0,0.0,COFORGE.NS
2025-12-22 12:30:00+05:30,1873.9000244140625,1874.0999755859373,1867.0999755859373,1868.699951171875,30085,0.0,0.0,COFORGE.NS
2025-12-22 12:45:00+05:30,1868.800048828125,1871.5,1867.0,1867.9000244140625,29784,0.0,0.0,COFORGE.NS
2025-12-22 13:00:00+05:30,1867.800048828125,1872.699951171875,1866.0,1870.800048828125,19676,0.0,0.0,COFORGE.NS
2025-12-22 13:15:00+05:30,1870.5999755859373,1873.699951171875,1869.4000244140625,1869.800048828125,15033,0.0,0.0,COFORGE.NS
2025-12-22 13:30:00+05:30,1869.800048828125,1870.800048828125,1862.0999755859373,1863.5999755859373,21410,0.0,0.0,COFORGE.NS
2025-12-22 13:45:00+05:30,1863.699951171875,1867.300048828125,1862.4000244140625,1867.0,18724,0.0,0.0,COFORGE.NS
2025-12-22 14:00:00+05:30,1867.300048828125,1868.199951171875,1865.9000244140625,1867.199951171875,15354,0.0,0.0,COFORGE.NS
2025-12-22 14:15:00+05:30,1867.199951171875,1868.199951171875,1864.0,1866.5,21087,0.0,0.0,COFORGE.NS
2025-12-22 14:30:00+05:30,1867.0999755859373,1869.800048828125,1866.300048828125,1868.800048828125,25248,0.0,0.0,COFORGE.NS
2025-12-22 14:45:00+05:30,1868.9000244140625,1869.0999755859373,1865.800048828125,1868.5999755859373,25550,0.0,0.0,COFORGE.NS
2025-12-22 15:00:00+05:30,1868.699951171875,1872.0,1868.5,1869.800048828125,41798,0.0,0.0,COFORGE.NS
2025-12-22 15:15:00+05:30,1869.5999755859373,1870.5,1864.0,1868.699951171875,119122,0.0,0.0,COFORGE.NS
2025-12-23 09:15:00+05:30,1832.800048828125,1832.800048828125,1742.9000244140625,1780.0999755859375,243028,0.0,0.0,COFORGE.NS
2025-12-23 09:30:00+05:30,1779.4000244140625,1798.0,1774.9000244140625,1792.9000244140625,478488,0.0,0.0,COFORGE.NS
2025-12-23 09:45:00+05:30,1792.0,1796.0,1787.199951171875,1788.0999755859375,125820,0.0,0.0,COFORGE.NS
2025-12-23 10:00:00+05:30,1788.0999755859375,1799.300048828125,1785.699951171875,1798.0,170158,0.0,0.0,COFORGE.NS
2025-12-23 10:15:00+05:30,1797.5,1799.0,1787.5,1788.699951171875,137693,0.0,0.0,COFORGE.NS
2025-12-23 10:30:00+05:30,1788.5,1789.800048828125,1781.4000244140625,1782.5,190389,0.0,0.0,COFORGE.NS
2025-12-23 10:45:00+05:30,1782.4000244140625,1784.5,1772.0999755859375,1773.5,217987,0.0,0.0,COFORGE.NS
2025-12-23 11:00:00+05:30,1772.5,1779.0,1771.5,1776.699951171875,125005,0.0,0.0,COFORGE.NS
2025-12-23 11:15:00+05:30,1776.699951171875,1777.5,1770.0999755859375,1771.300048828125,114152,0.0,0.0,COFORGE.NS
2025-12-23 11:30:00+05:30,1771.300048828125,1775.199951171875,1765.5999755859375,1768.9000244140625,135889,0.0,0.0,COFORGE.NS
2025-12-23 11:45:00+05:30,1769.0999755859375,1778.5,1768.5,1775.300048828125,73638,0.0,0.0,COFORGE.NS
2025-12-23 12:00:00+05:30,1775.300048828125,1777.5,1772.199951171875,1775.0,49804,0.0,0.0,COFORGE.NS
2025-12-23 12:15:00+05:30,1775.0,1775.0,1771.0,1771.0,35470,0.0,0.0,COFORGE.NS
2025-12-23 12:30:00+05:30,1771.9000244140625,1781.9000244140625,1771.0999755859375,1779.0,73252,0.0,0.0,COFORGE.NS
2025-12-23 12:45:00+05:30,1779.0,1782.0,1778.0,1781.9000244140625,47849,0.0,0.0,COFORGE.NS
2025-12-23 13:00:00+05:30,1781.9000244140625,1787.4000244140625,1779.699951171875,1784.9000244140625,117665,0.0,0.0,COFORGE.NS
2025-12-23 13:15:00+05:30,1784.9000244140625,1791.0,1783.4000244140625,1786.0,101683,0.0,0.0,COFORGE.NS
2025-12-23 13:30:00+05:30,1785.300048828125,1789.9000244140625,1785.300048828125,1787.5999755859375,65241,0.0,0.0,COFORGE.NS
2025-12-23 13:45:00+05:30,1786.800048828125,1791.0,1786.4000244140625,1787.0999755859375,68103,0.0,0.0,COFORGE.NS
2025-12-23 14:00:00+05:30,1787.300048828125,1789.199951171875,1783.9000244140625,1787.4000244140625,49209,0.0,0.0,COFORGE.NS
2025-12-23 14:15:00+05:30,1787.5,1787.699951171875,1784.5999755859375,1785.0999755859375,37071,0.0,0.0,COFORGE.NS
2025-12-23 14:30:00+05:30,1785.199951171875,1786.199951171875,1776.300048828125,1777.0999755859375,103069,0.0,0.0,COFORGE.NS
2025-12-23 14:45:00+05:30,1776.699951171875,1786.0,1775.0999755859375,1785.0,126546,0.0,0.0,COFORGE.NS
2025-12-23 15:00:00+05:30,1785.699951171875,1790.0,1779.5999755859375,1780.0,201265,0.0,0.0,COFORGE.NS
2025-12-23 15:15:00+05:30,1779.699951171875,1780.0,1772.0,1778.0,257877,0.0,0.0,COFORGE.NS
2025-12-24 09:15:00+05:30,1780.199951171875,1781.0,1758.699951171875,1760.300048828125,128701,0.0,0.0,COFORGE.NS
2025-12-24 09:30:00+05:30,1761.0,1762.300048828125,1748.4000244140625,1750.0,231537,0.0,0.0,COFORGE.NS
2025-12-24 09:45:00+05:30,1750.300048828125,1758.0,1740.0999755859375,1757.5,235324,0.0,0.0,COFORGE.NS
2025-12-24 10:00:00+05:30,1757.5,1764.9000244140625,1752.0999755859375,1759.0,175113,0.0,0.0,COFORGE.NS
2025-12-24 10:15:00+05:30,1758.699951171875,1762.199951171875,1753.0,1755.4000244140625,79136,0.0,0.0,COFORGE.NS
2025-12-24 10:30:00+05:30,1755.4000244140625,1761.0,1754.800048828125,1759.800048828125,51153,0.0,0.0,COFORGE.NS
2025-12-24 10:45:00+05:30,1759.800048828125,1764.4000244140625,1758.199951171875,1761.5,50202,0.0,0.0,COFORGE.NS
2025-12-24 11:00:00+05:30,1761.5,1766.9000244140625,1758.5999755859375,1759.0999755859375,54982,0.0,0.0,COFORGE.NS
2025-12-24 11:15:00+05:30,1759.699951171875,1760.0,1751.5999755859375,1755.0999755859375,59070,0.0,0.0,COFORGE.NS
2025-12-24 11:30:00+05:30,1755.0999755859375,1756.300048828125,1750.0,1750.5999755859375,47764,0.0,0.0,COFORGE.NS
2025-12-24 11:45:00+05:30,1750.5,1750.9000244140625,1745.5999755859375,1748.699951171875,84147,0.0,0.0,COFORGE.NS
2025-12-24 12:00:00+05:30,1748.699951171875,1752.699951171875,1746.699951171875,1752.300048828125,36093,0.0,0.0,COFORGE.NS
2025-12-24 12:15:00+05:30,1752.699951171875,1755.0,1751.300048828125,1754.199951171875,31530,0.0,0.0,COFORGE.NS
2025-12-24 12:30:00+05:30,1754.199951171875,1761.9000244140625,1754.199951171875,1758.5999755859375,44464,0.0,0.0,COFORGE.NS
2025-12-24 12:45:00+05:30,1758.5,1763.5,1757.300048828125,1762.9000244140625,50106,0.0,0.0,COFORGE.NS
2025-12-24 13:00:00+05:30,1763.5,1763.800048828125,1756.800048828125,1759.5,45696,0.0,0.0,COFORGE.NS
2025-12-24 13:15:00+05:30,1759.0999755859375,1759.4000244140625,1751.0999755859375,1752.0,28504,0.0,0.0,COFORGE.NS
2025-12-24 13:30:00+05:30,1752.4000244140625,1752.4000244140625,1742.0,1744.699951171875,144701,0.0,0.0,COFORGE.NS
2025-12-24 13:45:00+05:30,1745.0,1745.0,1739.199951171875,1740.0,72749,0.0,0.0,COFORGE.NS
2025-12-24 14:00:00+05:30,1740.0,1744.199951171875,1732.4000244140625,1742.0999755859375,125749,0.0,0.0,COFORGE.NS
2025-12-24 14:15:00+05:30,1742.0999755859375,1742.5999755859375,1738.5,1740.0,101770,0.0,0.0,COFORGE.NS
2025-12-24 14:30:00+05:30,1740.0999755859375,1741.0,1735.0,1739.4000244140625,144334,0.0,0.0,COFORGE.NS
2025-12-24 14:45:00+05:30,1739.300048828125,1741.4000244140625,1738.5999755859375,1740.0999755859375,162171,0.0,0.0,COFORGE.NS
2025-12-24 15:00:00+05:30,1741.0,1741.0,1735.5999755859375,1738.0999755859375,124803,0.0,0.0,COFORGE.NS
2025-12-24 15:15:00+05:30,1738.5,1740.0999755859375,1735.199951171875,1737.0,212442,0.0,0.0,COFORGE.NS
2025-12-26 09:15:00+05:30,1722.0,1744.4000244140625,1711.0,1740.699951171875,106636,0.0,0.0,COFORGE.NS
2025-12-26 09:30:00+05:30,1740.4000244140625,1743.9000244140625,1723.199951171875,1725.9000244140625,119097,0.0,0.0,COFORGE.NS
2025-12-26 09:45:00+05:30,1725.300048828125,1726.0,1716.699951171875,1717.300048828125,78219,0.0,0.0,COFORGE.NS
2025-12-26 10:00:00+05:30,1716.9000244140625,1718.4000244140625,1712.0,1714.0,93245,0.0,0.0,COFORGE.NS
2025-12-26 10:15:00+05:30,1714.0,1714.9000244140625,1709.0,1711.9000244140625,103595,0.0,0.0,COFORGE.NS
2025-12-26 10:30:00+05:30,1711.9000244140625,1711.9000244140625,1706.800048828125,1707.9000244140625,62726,0.0,0.0,COFORGE.NS
2025-12-26 10:45:00+05:30,1706.199951171875,1708.5999755859375,1703.0,1704.4000244140625,87530,0.0,0.0,COFORGE.NS
2025-12-26 11:00:00+05:30,1704.5,1706.0,1691.4000244140625,1693.5999755859375,172986,0.0,0.0,COFORGE.NS
2025-12-26 11:15:00+05:30,1693.9000244140625,1696.0,1686.0,1689.699951171875,176530,0.0,0.0,COFORGE.NS
2025-12-26 11:30:00+05:30,1689.800048828125,1692.5,1686.800048828125,1689.699951171875,217569,0.0,0.0,COFORGE.NS
2025-12-26 11:45:00+05:30,1689.699951171875,1690.800048828125,1682.0,1689.199951171875,229797,0.0,0.0,COFORGE.NS
2025-12-26 12:00:00+05:30,1689.199951171875,1690.199951171875,1683.199951171875,1684.699951171875,96340,0.0,0.0,COFORGE.NS
2025-12-26 12:15:00+05:30,1684.300048828125,1686.0,1678.5,1680.0,111315,0.0,0.0,COFORGE.NS
2025-12-26 12:30:00+05:30,1680.0,1681.199951171875,1677.0999755859375,1678.199951171875,134238,0.0,0.0,COFORGE.NS
2025-12-26 12:45:00+05:30,1678.300048828125,1679.800048828125,1674.0,1676.199951171875,136476,0.0,0.0,COFORGE.NS
2025-12-26 13:00:00+05:30,1676.0,1679.800048828125,1674.5999755859375,1678.9000244140625,68915,0.0,0.0,COFORGE.NS
2025-12-26 13:15:00+05:30,1678.199951171875,1680.0,1675.199951171875,1676.0,90013,0.0,0.0,COFORGE.NS
2025-12-26 13:30:00+05:30,1675.199951171875,1675.800048828125,1669.699951171875,1672.5,238560,0.0,0.0,COFORGE.NS
2025-12-26 13:45:00+05:30,1672.5,1678.0,1670.800048828125,1677.300048828125,165862,0.0,0.0,COFORGE.NS
2025-12-26 14:00:00+05:30,1677.4000244140625,1677.5,1667.0,1669.699951171875,201147,0.0,0.0,COFORGE.NS
2025-12-26 14:15:00+05:30,1669.0999755859375,1669.699951171875,1659.0,1663.800048828125,313080,0.0,0.0,COFORGE.NS
2025-12-26 14:30:00+05:30,1663.800048828125,1673.5,1662.199951171875,1668.5,278672,0.0,0.0,COFORGE.NS
2025-12-26 14:45:00+05:30,1668.5999755859375,1668.9000244140625,1663.4000244140625,1668.199951171875,179766,0.0,0.0,COFORGE.NS
2025-12-26 15:00:00+05:30,1668.9000244140625,1677.0,1666.800048828125,1675.9000244140625,247112,0.0,0.0,COFORGE.NS
2025-12-26 15:15:00+05:30,1675.9000244140625,1678.4000244140625,1670.0999755859375,1672.0,339529,0.0,0.0,COFORGE.NS
2025-12-29 09:15:00+05:30,1704.5999755859375,1704.5999755859375,1638.0,1666.4000244140625,752309,0.0,0.0,COFORGE.NS
2025-12-29 09:30:00+05:30,1666.0999755859375,1707.9000244140625,1665.0999755859375,1701.199951171875,1216842,0.0,0.0,COFORGE.NS
2025-12-29 09:45:00+05:30,1701.4000244140625,1714.4000244140625,1699.5,1700.0,649844,0.0,0.0,COFORGE.NS
2025-12-29 10:00:00+05:30,1699.199951171875,1699.199951171875,1686.5,1691.0,407574,0.0,0.0,COFORGE.NS
2025-12-29 10:15:00+05:30,1691.0,1692.300048828125,1682.0,1685.0,318164,0.0,0.0,COFORGE.NS
2025-12-29 10:30:00+05:30,1685.0,1688.199951171875,1677.699951171875,1678.9000244140625,230362,0.0,0.0,COFORGE.NS
2025-12-29 10:45:00+05:30,1679.0,1680.0,1673.5,1674.699951171875,200727,0.0,0.0,COFORGE.NS
2025-12-29 11:00:00+05:30,1674.699951171875,1675.0,1655.9000244140625,1662.300048828125,352507,0.0,0.0,COFORGE.NS
2025-12-29 11:15:00+05:30,1661.800048828125,1666.199951171875,1653.0999755859375,1660.0,199456,0.0,0.0,COFORGE.NS
2025-12-29 11:30:00+05:30,1660.0,1668.800048828125,1658.5,1667.300048828125,130806,0.0,0.0,COFORGE.NS
2025-12-29 11:45:00+05:30,1667.0,1669.0,1658.9000244140625,1663.0,131531,0.0,0.0,COFORGE.NS
2025-12-29 12:00:00+05:30,1663.0,1674.0,1659.199951171875,1673.300048828125,159398,0.0,0.0,COFORGE.NS
2025-12-29 12:15:00+05:30,1673.300048828125,1679.800048828125,1670.0,1670.5999755859375,192065,0.0,0.0,COFORGE.NS
2025-12-29 12:30:00+05:30,1670.5,1673.9000244140625,1668.5,1670.9000244140625,100056,0.0,0.0,COFORGE.NS
2025-12-29 12:45:00+05:30,1670.9000244140625,1675.5,1670.0,1672.300048828125,87543,0.0,0.0,COFORGE.NS
2025-12-29 13:00:00+05:30,1672.199951171875,1676.5999755859375,1670.0,1671.0999755859375,74631,0.0,0.0,COFORGE.NS
2025-12-29 13:15:00+05:30,1671.0999755859375,1676.9000244140625,1669.0,1673.800048828125,103508,0.0,0.0,COFORGE.NS
2025-12-29 13:30:00+05:30,1673.5999755859375,1681.4000244140625,1672.699951171875,1678.4000244140625,172276,0.0,0.0,COFORGE.NS
2025-12-29 13:45:00+05:30,1678.5,1682.0,1676.199951171875,1680.300048828125,130841,0.0,0.0,COFORGE.NS
2025-12-29 14:00:00+05:30,1680.199951171875,1686.4000244140625,1677.5999755859375,1685.0,224711,0.0,0.0,COFORGE.NS
2025-12-29 14:15:00+05:30,1685.0,1690.0,1682.5999755859375,1686.300048828125,190179,0.0,0.0,COFORGE.NS
2025-12-29 14:30:00+05:30,1686.300048828125,1692.5999755859375,1685.199951171875,1688.199951171875,231693,0.0,0.0,COFORGE.NS
2025-12-29 14:45:00+05:30,1688.199951171875,1692.5,1685.5999755859375,1687.800048828125,228330,0.0,0.0,COFORGE.NS
2025-12-29 15:00:00+05:30,1688.0,1691.800048828125,1682.0999755859375,1684.9000244140625,312649,0.0,0.0,COFORGE.NS
2025-12-29 15:15:00+05:30,1685.0,1685.0,1675.199951171875,1677.0,319875,0.0,0.0,COFORGE.NS
2025-12-30 09:15:00+05:30,1684.0,1684.800048828125,1662.4000244140625,1671.0,155168,0.0,0.0,COFORGE.NS
2025-12-30 09:30:00+05:30,1670.699951171875,1674.699951171875,1666.9000244140625,1671.199951171875,158130,0.0,0.0,COFORGE.NS
2025-12-30 09:45:00+05:30,1671.300048828125,1671.300048828125,1660.199951171875,1665.0,141336,0.0,0.0,COFORGE.NS
2025-12-30 10:00:00+05:30,1664.5999755859375,1665.199951171875,1660.300048828125,1662.800048828125,148285,0.0,0.0,COFORGE.NS
2025-12-30 10:15:00+05:30,1662.699951171875,1669.9000244140625,1661.5,1663.300048828125,133154,0.0,0.0,COFORGE.NS
2025-12-30 10:30:00+05:30,1663.9000244140625,1667.5999755859375,1661.0,1661.199951171875,156368,0.0,0.0,COFORGE.NS
2025-12-30 10:45:00+05:30,1661.199951171875,1664.300048828125,1660.0,1661.300048828125,228393,0.0,0.0,COFORGE.NS
2025-12-30 11:00:00+05:30,1661.199951171875,1662.5999755859375,1647.0,1647.199951171875,337938,0.0,0.0,COFORGE.NS
2025-12-30 11:15:00+05:30,1647.699951171875,1648.199951171875,1637.5999755859375,1643.0,362126,0.0,0.0,COFORGE.NS
2025-12-30 11:30:00+05:30,1643.0,1643.0999755859375,1637.800048828125,1638.0999755859375,207819,0.0,0.0,COFORGE.NS
2025-12-30 11:45:00+05:30,1638.4000244140625,1640.5,1636.5,1640.0999755859375,248036,0.0,0.0,COFORGE.NS
2025-12-30 12:00:00+05:30,1640.5,1641.0,1633.300048828125,1636.5,181734,0.0,0.0,COFORGE.NS
2025-12-30 12:15:00+05:30,1636.5999755859375,1638.0,1634.199951171875,1636.0999755859375,152426,0.0,0.0,COFORGE.NS
2025-12-30 12:30:00+05:30,1636.0,1640.0999755859375,1635.800048828125,1638.4000244140625,204910,0.0,0.0,COFORGE.NS
2025-12-30 12:45:00+05:30,1638.300048828125,1640.0,1635.9000244140625,1640.0,270275,0.0,0.0,COFORGE.NS
2025-12-30 13:00:00+05:30,1639.9000244140625,1648.699951171875,1639.5,1641.5999755859375,233022,0.0,0.0,COFORGE.NS
2025-12-30 13:15:00+05:30,1641.0,1647.800048828125,1641.0,1646.699951171875,161946,0.0,0.0,COFORGE.NS
2025-12-30 13:30:00+05:30,1646.800048828125,1651.0,1645.5999755859375,1647.4000244140625,248292,0.0,0.0,COFORGE.NS
2025-12-30 13:45:00+05:30,1647.300048828125,1652.699951171875,1646.9000244140625,1652.0,214731,0.0,0.0,COFORGE.NS
2025-12-30 14:00:00+05:30,1651.699951171875,1655.699951171875,1651.0,1654.699951171875,188685,0.0,0.0,COFORGE.NS
2025-12-30 14:15:00+05:30,1654.699951171875,1661.5,1651.9000244140625,1658.4000244140625,244506,0.0,0.0,COFORGE.NS
2025-12-30 14:30:00+05:30,1658.300048828125,1659.199951171875,1654.300048828125,1655.0999755859375,179969,0.0,0.0,COFORGE.NS
2025-12-30 14:45:00+05:30,1655.0999755859375,1656.0999755859375,1651.0,1653.5,412479,0.0,0.0,COFORGE.NS
2025-12-30 15:00:00+05:30,1652.800048828125,1657.5,1646.5999755859375,1650.5,1679974,0.0,0.0,COFORGE.NS
2025-12-30 15:15:00+05:30,1650.5,1675.0,1649.199951171875,1665.0,1438147,0.0,0.0,COFORGE.NS
2025-12-31 09:15:00+05:30,1670.9000244140625,1676.699951171875,1663.0,1666.300048828125,126663,0.0,0.0,COFORGE.NS
2025-12-31 09:30:00+05:30,1665.699951171875,1667.4000244140625,1659.0,1659.0999755859375,126516,0.0,0.0,COFORGE.NS
2025-12-31 09:45:00+05:30,1659.0999755859375,1664.0,1657.300048828125,1659.300048828125,105604,0.0,0.0,COFORGE.NS
2025-12-31 10:00:00+05:30,1659.300048828125,1660.5,1653.0999755859375,1655.5,76329,0.0,0.0,COFORGE.NS
2025-12-31 10:15:00+05:30,1655.4000244140625,1667.800048828125,1655.4000244140625,1666.800048828125,81737,0.0,0.0,COFORGE.NS
2025-12-31 10:30:00+05:30,1666.0999755859375,1667.5,1661.300048828125,1664.5,97550,0.0,0.0,COFORGE.NS
2025-12-31 10:45:00+05:30,1664.9000244140625,1666.4000244140625,1661.0999755859375,1662.800048828125,68635,0.0,0.0,COFORGE.NS
2025-12-31 11:00:00+05:30,1662.4000244140625,1665.5,1659.0,1660.5999755859375,83792,0.0,0.0,COFORGE.NS
2025-12-31 11:15:00+05:30,1660.300048828125,1663.0,1658.199951171875,1661.5,55616,0.0,0.0,COFORGE.NS
2025-12-31 11:30:00+05:30,1660.800048828125,1662.0,1653.5999755859375,1655.0,70409,0.0,0.0,COFORGE.NS
2025-12-31 11:45:00+05:30,1655.0,1656.199951171875,1646.699951171875,1649.800048828125,132544,0.0,0.0,COFORGE.NS
2025-12-31 12:00:00+05:30,1649.9000244140625,1658.5,1648.699951171875,1656.199951171875,77183,0.0,0.0,COFORGE.NS
2025-12-31 12:15:00+05:30,1657.0,1657.0,1652.9000244140625,1654.5,71795,0.0,0.0,COFORGE.NS
2025-12-31 12:30:00+05:30,1654.699951171875,1664.199951171875,1654.0999755859375,1663.0,86991,0.0,0.0,COFORGE.NS
2025-12-31 12:45:00+05:30,1662.699951171875,1663.300048828125,1661.0,1662.0999755859375,48707,0.0,0.0,COFORGE.NS
2025-12-31 13:00:00+05:30,1662.0999755859375,1663.0,1660.300048828125,1660.5999755859375,47728,0.0,0.0,COFORGE.NS
2025-12-31 13:15:00+05:30,1660.5999755859375,1662.199951171875,1659.0,1661.0999755859375,55391,0.0,0.0,COFORGE.NS
2025-12-31 13:30:00+05:30,1661.0999755859375,1661.4000244140625,1655.199951171875,1655.9000244140625,61681,0.0,0.0,COFORGE.NS
2025-12-31 13:45:00+05:30,1655.5999755859375,1661.0999755859375,1655.0,1660.0999755859375,85851,0.0,0.0,COFORGE.NS
2025-12-31 14:00:00+05:30,1660.0,1662.4000244140625,1659.300048828125,1662.0999755859375,146518,0.0,0.0,COFORGE.NS
2025-12-31 14:15:00+05:30,1662.0999755859375,1662.800048828125,1658.5999755859375,1660.0,177114,0.0,0.0,COFORGE.NS
2025-12-31 14:30:00+05:30,1660.0,1664.0,1659.5999755859375,1663.800048828125,84722,0.0,0.0,COFORGE.NS
2025-12-31 14:45:00+05:30,1663.9000244140625,1664.0,1660.5999755859375,1664.0,163750,0.0,0.0,COFORGE.NS
2025-12-31 15:00:00+05:30,1664.4000244140625,1664.5999755859375,1660.0,1664.0,197553,0.0,0.0,COFORGE.NS
2025-12-31 15:15:00+05:30,1664.0,1665.5999755859375,1662.9000244140625,1664.0,220825,0.0,0.0,COFORGE.NS
2026-01-01 09:15:00+05:30,1670.699951171875,1670.699951171875,1662.199951171875,1665.5999755859375,30297,0.0,0.0,COFORGE.NS
2026-01-01 09:30:00+05:30,1664.199951171875,1665.699951171875,1659.9000244140625,1660.9000244140625,46792,0.0,0.0,COFORGE.NS
2026-01-01 09:45:00+05:30,1661.5999755859375,1664.5999755859375,1659.4000244140625,1661.5,22833,0.0,0.0,COFORGE.NS
2026-01-01 10:00:00+05:30,1661.5,1663.0,1660.0,1661.5,14568,0.0,0.0,COFORGE.NS
2026-01-01 10:15:00+05:30,1661.5,1663.0,1660.0,1663.0,11907,0.0,0.0,COFORGE.NS
2026-01-01 10:30:00+05:30,1662.800048828125,1664.4000244140625,1661.5,1662.5,11416,0.0,0.0,COFORGE.NS
2026-01-01 10:45:00+05:30,1662.5,1664.0,1661.0,1661.5,10193,0.0,0.0,COFORGE.NS
2026-01-01 11:00:00+05:30,1661.5,1663.9000244140625,1659.300048828125,1663.800048828125,21174,0.0,0.0,COFORGE.NS
2026-01-01 11:15:00+05:30,1663.9000244140625,1669.4000244140625,1662.800048828125,1669.0,38151,0.0,0.0,COFORGE.NS
2026-01-01 11:30:00+05:30,1668.800048828125,1671.0,1666.199951171875,1666.699951171875,37308,0.0,0.0,COFORGE.NS
2026-01-01 11:45:00+05:30,1666.699951171875,1669.699951171875,1665.300048828125,1669.699951171875,22224,0.0,0.0,COFORGE.NS
2026-01-01 12:00:00+05:30,1669.0,1672.0,1667.0999755859375,1667.5999755859375,43365,0.0,0.0,COFORGE.NS
2026-01-01 12:15:00+05:30,1667.5999755859375,1667.5999755859375,1663.5,1664.800048828125,28239,0.0,0.0,COFORGE.NS
2026-01-01 12:30:00+05:30,1665.0999755859375,1666.699951171875,1662.0,1664.0,32061,0.0,0.0,COFORGE.NS
2026-01-01 12:45:00+05:30,1663.5,1666.4000244140625,1661.300048828125,1662.5,27831,0.0,0.0,COFORGE.NS
2026-01-01 13:00:00+05:30,1662.9000244140625,1663.5,1661.0999755859375,1661.9000244140625,14735,0.0,0.0,COFORGE.NS
2026-01-01 13:15:00+05:30,1661.9000244140625,1664.5999755859375,1660.0999755859375,1663.800048828125,27526,0.0,0.0,COFORGE.NS
2026-01-01 13:30:00+05:30,1664.4000244140625,1664.5999755859375,1660.5,1660.699951171875,10713,0.0,0.0,COFORGE.NS
2026-01-01 13:45:00+05:30,1660.5,1661.5,1660.0,1661.0,20179,0.0,0.0,COFORGE.NS
2026-01-01 14:00:00+05:30,1660.5999755859375,1662.199951171875,1660.5,1662.0,8680,0.0,0.0,COFORGE.NS
2026-01-01 14:15:00+05:30,1662.0,1662.5,1656.4000244140625,1657.5,74685,0.0,0.0,COFORGE.NS
2026-01-01 14:30:00+05:30,1657.5,1658.199951171875,1656.4000244140625,1657.0,49410,0.0,0.0,COFORGE.NS
2026-01-01 14:45:00+05:30,1657.199951171875,1659.9000244140625,1653.0999755859375,1658.5,71539,0.0,0.0,COFORGE.NS
2026-01-01 15:00:00+05:30,1659.0999755859375,1660.5999755859375,1653.0,1660.199951171875,223765,0.0,0.0,COFORGE.NS
2026-01-01 15:15:00+05:30,1660.4000244140625,1660.4000244140625,1653.9000244140625,1657.0,76060,0.0,0.0,COFORGE.NS
2026-01-02 09:15:00+05:30,1662.0,1662.0,1644.5,1651.0999755859375,83143,0.0,0.0,COFORGE.NS
2026-01-02 09:30:00+05:30,1650.4000244140625,1651.5,1642.0,1643.300048828125,54961,0.0,0.0,COFORGE.NS
2026-01-02 09:45:00+05:30,1643.4000244140625,1643.9000244140625,1639.0999755859375,1640.0999755859375,62008,0.0,0.0,COFORGE.NS
2026-01-02 10:00:00+05:30,1640.0999755859375,1645.199951171875,1638.5999755859375,1639.4000244140625,76958,0.0,0.0,COFORGE.NS
2026-01-02 10:15:00+05:30,1639.4000244140625,1640.0999755859375,1635.5,1638.0,56522,0.0,0.0,COFORGE.NS
2026-01-02 10:30:00+05:30,1638.300048828125,1642.4000244140625,1637.699951171875,1640.0,136868,0.0,0.0,COFORGE.NS
2026-01-02 10:45:00+05:30,1640.0,1640.9000244140625,1631.9000244140625,1633.0,124937,0.0,0.0,COFORGE.NS
2026-01-02 11:00:00+05:30,1633.0,1638.0,1628.5,1636.5999755859375,132276,0.0,0.0,COFORGE.NS
2026-01-02 11:15:00+05:30,1636.0,1636.5,1631.0,1633.199951171875,95002,0.0,0.0,COFORGE.NS
2026-01-02 11:30:00+05:30,1633.5,1634.300048828125,1628.699951171875,1630.5,118199,0.0,0.0,COFORGE.NS
2026-01-02 11:45:00+05:30,1631.199951171875,1631.9000244140625,1629.300048828125,1630.0999755859375,98090,0.0,0.0,COFORGE.NS
2026-01-02 12:00:00+05:30,1630.0,1635.0,1630.0,1634.199951171875,78832,0.0,0.0,COFORGE.NS
2026-01-02 12:15:00+05:30,1634.199951171875,1638.199951171875,1634.199951171875,1635.5,80517,0.0,0.0,COFORGE.NS
2026-01-02 12:30:00+05:30,1635.300048828125,1642.699951171875,1635.300048828125,1641.800048828125,113390,0.0,0.0,COFORGE.NS
2026-01-02 12:45:00+05:30,1641.699951171875,1642.300048828125,1638.9000244140625,1639.4000244140625,124058,0.0,0.0,COFORGE.NS
2026-01-02 13:00:00+05:30,1639.4000244140625,1642.800048828125,1639.199951171875,1642.0,55055,0.0,0.0,COFORGE.NS
2026-01-02 13:15:00+05:30,1642.0,1644.300048828125,1641.300048828125,1641.5999755859375,55652,0.0,0.0,COFORGE.NS
2026-01-02 13:30:00+05:30,1642.199951171875,1643.5999755859375,1641.0999755859375,1642.199951171875,48430,0.0,0.0,COFORGE.NS
2026-01-02 13:45:00+05:30,1642.300048828125,1643.0,1637.0999755859375,1639.4000244140625,48485,0.0,0.0,COFORGE.NS
2026-01-02 14:00:00+05:30,1639.199951171875,1640.5,1638.199951171875,1639.9000244140625,37999,0.0,0.0,COFORGE.NS
2026-01-02 14:15:00+05:30,1640.0,1642.5,1639.199951171875,1641.699951171875,70166,0.0,0.0,COFORGE.NS
2026-01-02 14:30:00+05:30,1641.699951171875,1642.800048828125,1638.199951171875,1639.699951171875,70688,0.0,0.0,COFORGE.NS
2026-01-02 14:45:00+05:30,1639.5,1643.4000244140625,1638.800048828125,1643.4000244140625,72611,0.0,0.0,COFORGE.NS
2026-01-02 15:00:00+05:30,1643.5,1653.5999755859375,1643.199951171875,1652.199951171875,234621,0.0,0.0,COFORGE.NS
2026-01-02 15:15:00+05:30,1652.5,1656.5999755859375,1650.0,1652.0,170572,0.0,0.0,COFORGE.NS
2026-01-05 09:15:00+05:30,1660.0,1660.0,1641.0999755859375,1641.199951171875,75251,0.0,0.0,COFORGE.NS
2026-01-05 09:30:00+05:30,1640.0999755859375,1643.699951171875,1636.5,1641.5999755859375,70275,0.0,0.0,COFORGE.NS
2026-01-05 09:45:00+05:30,1641.800048828125,1642.9000244140625,1632.199951171875,1633.699951171875,100279,0.0,0.0,COFORGE.NS
2026-01-05 10:00:00+05:30,1633.800048828125,1643.5999755859375,1632.4000244140625,1642.800048828125,64132,0.0,0.0,COFORGE.NS
2026-01-05 10:15:00+05:30,1642.9000244140625,1645.4000244140625,1640.0,1643.5,33273,0.0,0.0,COFORGE.NS
2026-01-05 10:30:00+05:30,1643.5,1643.5,1637.300048828125,1639.4000244140625,32415,0.0,0.0,COFORGE.NS
2026-01-05 10:45:00+05:30,1639.300048828125,1648.800048828125,1639.0999755859375,1646.0,62276,0.0,0.0,COFORGE.NS
2026-01-05 11:00:00+05:30,1646.0,1656.0,1646.0,1654.300048828125,86770,0.0,0.0,COFORGE.NS
2026-01-05 11:15:00+05:30,1655.5,1657.0,1650.9000244140625,1651.199951171875,53239,0.0,0.0,COFORGE.NS
2026-01-05 11:30:00+05:30,1651.199951171875,1652.5,1648.9000244140625,1650.4000244140625,29830,0.0,0.0,COFORGE.NS
2026-01-05 11:45:00+05:30,1650.699951171875,1651.800048828125,1648.199951171875,1649.5,21704,0.0,0.0,COFORGE.NS
2026-01-05 12:00:00+05:30,1649.9000244140625,1651.9000244140625,1648.300048828125,1650.699951171875,13365,0.0,0.0,COFORGE.NS
2026-01-05 12:15:00+05:30,1650.5999755859375,1652.0,1649.9000244140625,1650.800048828125,12076,0.0,0.0,COFORGE.NS
2026-01-05 12:30:00+05:30,1651.0,1652.0,1648.199951171875,1648.9000244140625,10300,0.0,0.0,COFORGE.NS
2026-01-05 12:45:00+05:30,1648.5,1651.5999755859375,1648.300048828125,1648.300048828125,14117,0.0,0.0,COFORGE.NS
2026-01-05 13:00:00+05:30,1648.300048828125,1650.0999755859375,1645.5999755859375,1646.199951171875,135348,0.0,0.0,COFORGE.NS
2026-01-05 13:15:00+05:30,1646.0,1647.0,1643.0,1643.5999755859375,34811,0.0,0.0,COFORGE.NS
2026-01-05 13:30:00+05:30,1643.800048828125,1643.800048828125,1640.0,1640.5999755859375,50444,0.0,0.0,COFORGE.NS
2026-01-05 13:45:00+05:30,1640.699951171875,1640.699951171875,1634.0,1635.300048828125,54547,0.0,0.0,COFORGE.NS
2026-01-05 14:00:00+05:30,1635.300048828125,1635.4000244140625,1630.0,1632.0,65365,0.0,0.0,COFORGE.NS
2026-01-05 14:15:00+05:30,1632.0,1633.699951171875,1630.5,1632.300048828125,43442,0.0,0.0,COFORGE.NS
2026-01-05 14:30:00+05:30,1632.300048828125,1640.0,1631.800048828125,1639.4000244140625,59285,0.0,0.0,COFORGE.NS
2026-01-05 14:45:00+05:30,1639.4000244140625,1644.800048828125,1638.5999755859375,1644.300048828125,133891,0.0,0.0,COFORGE.NS
2026-01-05 15:00:00+05:30,1644.4000244140625,1645.5999755859375,1640.9000244140625,1641.4000244140625,111607,0.0,0.0,COFORGE.NS
2026-01-05 15:15:00+05:30,1641.5999755859375,1642.9000244140625,1640.0,1642.199951171875,220227,0.0,0.0,COFORGE.NS
2026-01-06 09:15:00+05:30,1646.5,1650.0,1639.5999755859375,1640.0,20854,0.0,0.0,COFORGE.NS
2026-01-06 09:30:00+05:30,1639.0,1643.300048828125,1635.0,1637.199951171875,36539,0.0,0.0,COFORGE.NS
2026-01-06 09:45:00+05:30,1637.199951171875,1648.0,1636.0999755859375,1648.0,48081,0.0,0.0,COFORGE.NS
2026-01-06 10:00:00+05:30,1648.0,1648.9000244140625,1639.0999755859375,1640.699951171875,28870,0.0,0.0,COFORGE.NS
2026-01-06 10:15:00+05:30,1640.199951171875,1640.5,1634.4000244140625,1638.0,41439,0.0,0.0,COFORGE.NS
2026-01-06 10:30:00+05:30,1638.0999755859375,1651.5999755859375,1638.0,1650.0,84704,0.0,0.0,COFORGE.NS
2026-01-06 10:45:00+05:30,1650.199951171875,1654.9000244140625,1648.0999755859375,1650.0999755859375,84250,0.0,0.0,COFORGE.NS
2026-01-06 11:00:00+05:30,1650.0999755859375,1662.4000244140625,1650.0,1656.300048828125,98105,0.0,0.0,COFORGE.NS
2026-01-06 11:15:00+05:30,1656.4000244140625,1656.800048828125,1647.0999755859375,1649.199951171875,57678,0.0,0.0,COFORGE.NS
2026-01-06 11:30:00+05:30,1649.5999755859375,1651.0999755859375,1648.0,1650.5999755859375,40742,0.0,0.0,COFORGE.NS
2026-01-06 11:45:00+05:30,1650.5999755859375,1655.4000244140625,1649.5,1654.0,52736,0.0,0.0,COFORGE.NS
2026-01-06 12:00:00+05:30,1654.0999755859375,1657.0999755859375,1653.5,1654.5,60031,0.0,0.0,COFORGE.NS
2026-01-06 12:15:00+05:30,1654.5,1656.0999755859375,1652.0999755859375,1653.300048828125,37436,0.0,0.0,COFORGE.NS
2026-01-06 12:30:00+05:30,1653.300048828125,1655.300048828125,1653.0,1654.800048828125,31074,0.0,0.0,COFORGE.NS
2026-01-06 12:45:00+05:30,1654.800048828125,1655.4000244140625,1652.5,1654.5,29814,0.0,0.0,COFORGE.NS
2026-01-06 13:00:00+05:30,1654.4000244140625,1656.0,1652.9000244140625,1652.9000244140625,39016,0.0,0.0,COFORGE.NS
2026-01-06 13:15:00+05:30,1653.199951171875,1653.5999755859375,1648.0,1649.0,60955,0.0,0.0,COFORGE.NS
2026-01-06 13:30:00+05:30,1649.0999755859375,1652.0,1648.199951171875,1652.0,119728,0.0,0.0,COFORGE.NS
2026-01-06 13:45:00+05:30,1652.0999755859375,1652.0999755859375,1648.0,1649.5,33752,0.0,0.0,COFORGE.NS
2026-01-06 14:00:00+05:30,1649.300048828125,1649.300048828125,1642.4000244140625,1645.5999755859375,46479,0.0,0.0,COFORGE.NS
2026-01-06 14:15:00+05:30,1645.300048828125,1648.0999755859375,1643.300048828125,1648.0999755859375,84546,0.0,0.0,COFORGE.NS
2026-01-06 14:30:00+05:30,1648.0999755859375,1653.4000244140625,1647.5,1652.0,65113,0.0,0.0,COFORGE.NS
2026-01-06 14:45:00+05:30,1651.800048828125,1657.5,1651.4000244140625,1657.4000244140625,41564,0.0,0.0,COFORGE.NS
2026-01-06 15:00:00+05:30,1658.5,1660.199951171875,1656.199951171875,1656.199951171875,58142,0.0,0.0,COFORGE.NS
2026-01-06 15:15:00+05:30,1656.300048828125,1656.9000244140625,1654.0,1655.800048828125,50959,0.0,0.0,COFORGE.NS
2026-01-07 09:15:00+05:30,1651.300048828125,1687.0999755859375,1651.300048828125,1679.0,152760,0.0,0.0,COFORGE.NS
2026-01-07 09:30:00+05:30,1679.9000244140625,1689.4000244140625,1673.9000244140625,1675.0,119242,0.0,0.0,COFORGE.NS
2026-01-07 09:45:00+05:30,1675.0,1686.5999755859375,1674.9000244140625,1684.699951171875,50269,0.0,0.0,COFORGE.NS
2026-01-07 10:00:00+05:30,1685.300048828125,1694.699951171875,1685.300048828125,1693.9000244140625,112913,0.0,0.0,COFORGE.NS
2026-01-07 10:15:00+05:30,1693.9000244140625,1694.5999755859375,1686.0,1688.199951171875,56499,0.0,0.0,COFORGE.NS
2026-01-07 10:30:00+05:30,1688.300048828125,1688.9000244140625,1685.0,1685.800048828125,21313,0.0,0.0,COFORGE.NS
2026-01-07 10:45:00+05:30,1685.9000244140625,1690.4000244140625,1683.9000244140625,1687.800048828125,32351,0.0,0.0,COFORGE.NS
2026-01-07 11:00:00+05:30,1687.800048828125,1694.0,1687.800048828125,1691.199951171875,47239,0.0,0.0,COFORGE.NS
2026-01-07 11:15:00+05:30,1691.300048828125,1692.0,1687.199951171875,1687.5,30075,0.0,0.0,COFORGE.NS
2026-01-07 11:30:00+05:30,1687.9000244140625,1693.9000244140625,1687.0,1687.0,46431,0.0,0.0,COFORGE.NS
2026-01-07 11:45:00+05:30,1685.9000244140625,1685.9000244140625,1681.5,1682.0,35164,0.0,0.0,COFORGE.NS
2026-01-07 12:00:00+05:30,1681.800048828125,1686.300048828125,1681.5,1686.300048828125,40191,0.0,0.0,COFORGE.NS
2026-01-07 12:15:00+05:30,1686.5,1686.5,1681.300048828125,1681.800048828125,13560,0.0,0.0,COFORGE.NS
2026-01-07 12:30:00+05:30,1681.699951171875,1682.699951171875,1677.0,1677.5999755859375,29647,0.0,0.0,COFORGE.NS
2026-01-07 12:45:00+05:30,1677.5,1682.5,1676.0,1682.199951171875,25317,0.0,0.0,COFORGE.NS
2026-01-07 13:00:00+05:30,1682.199951171875,1691.0999755859375,1681.4000244140625,1689.0,38595,0.0,0.0,COFORGE.NS
2026-01-07 13:15:00+05:30,1689.300048828125,1690.800048828125,1682.199951171875,1682.699951171875,28342,0.0,0.0,COFORGE.NS
2026-01-07 13:30:00+05:30,1683.300048828125,1687.4000244140625,1683.199951171875,1686.5999755859375,15988,0.0,0.0,COFORGE.NS
2026-01-07 13:45:00+05:30,1686.4000244140625,1690.0999755859375,1685.4000244140625,1689.300048828125,22632,0.0,0.0,COFORGE.NS
2026-01-07 14:00:00+05:30,1689.800048828125,1692.5,1689.300048828125,1692.199951171875,35598,0.0,0.0,COFORGE.NS
2026-01-07 14:15:00+05:30,1692.199951171875,1694.199951171875,1691.0,1692.0999755859375,48855,0.0,0.0,COFORGE.NS
2026-01-07 14:30:00+05:30,1692.0999755859375,1699.9000244140625,1691.300048828125,1699.0,116714,0.0,0.0,COFORGE.NS
2026-01-07 14:45:00+05:30,1699.0999755859375,1702.5999755859375,1699.0999755859375,1701.5,106188,0.0,0.0,COFORGE.NS
2026-01-07 15:00:00+05:30,1702.0,1703.800048828125,1696.0,1703.0999755859375,179841,0.0,0.0,COFORGE.NS
2026-01-07 15:15:00+05:30,1703.5999755859375,1704.0,1700.0,1702.800048828125,373173,0.0,0.0,COFORGE.NS
2026-01-08 09:15:00+05:30,1700.0,1707.5999755859375,1690.699951171875,1692.0,100270,0.0,0.0,COFORGE.NS
2026-01-08 09:30:00+05:30,1691.800048828125,1699.0,1686.5,1693.0,57951,0.0,0.0,COFORGE.NS
2026-01-08 09:45:00+05:30,1691.9000244140625,1695.699951171875,1689.0999755859375,1695.5,39162,0.0,0.0,COFORGE.NS
2026-01-08 10:00:00+05:30,1695.5,1695.5,1683.699951171875,1689.800048828125,40466,0.0,0.0,COFORGE.NS
2026-01-08 10:15:00+05:30,1689.699951171875,1689.699951171875,1683.199951171875,1688.5999755859375,39654,0.0,0.0,COFORGE.NS
2026-01-08 10:30:00+05:30,1688.300048828125,1688.300048828125,1682.9000244140625,1686.5,30157,0.0,0.0,COFORGE.NS
2026-01-08 10:45:00+05:30,1686.5,1687.0,1676.199951171875,1677.800048828125,54899,0.0,0.0,COFORGE.NS
2026-01-08 11:00:00+05:30,1677.800048828125,1679.699951171875,1675.300048828125,1678.199951171875,64121,0.0,0.0,COFORGE.NS
2026-01-08 11:15:00+05:30,1678.4000244140625,1680.300048828125,1672.0,1672.5999755859375,65314,0.0,0.0,COFORGE.NS
2026-01-08 11:30:00+05:30,1672.5,1674.699951171875,1670.4000244140625,1670.699951171875,54318,0.0,0.0,COFORGE.NS
2026-01-08 11:45:00+05:30,1670.4000244140625,1674.699951171875,1667.800048828125,1668.4000244140625,43677,0.0,0.0,COFORGE.NS
2026-01-08 12:00:00+05:30,1668.4000244140625,1673.199951171875,1665.199951171875,1672.0,40671,0.0,0.0,COFORGE.NS
2026-01-08 12:15:00+05:30,1672.0999755859375,1675.4000244140625,1670.5,1673.4000244140625,25923,0.0,0.0,COFORGE.NS
2026-01-08 12:30:00+05:30,1673.5,1673.9000244140625,1665.699951171875,1669.5999755859375,34624,0.0,0.0,COFORGE.NS
2026-01-08 12:45:00+05:30,1669.5999755859375,1669.9000244140625,1666.0,1666.800048828125,22057,0.0,0.0,COFORGE.NS
2026-01-08 13:00:00+05:30,1666.800048828125,1672.9000244140625,1665.300048828125,1671.199951171875,33636,0.0,0.0,COFORGE.NS
2026-01-08 13:15:00+05:30,1671.5,1671.5,1660.5,1661.199951171875,54017,0.0,0.0,COFORGE.NS
2026-01-08 13:30:00+05:30,1661.300048828125,1662.0,1651.300048828125,1653.4000244140625,65176,0.0,0.0,COFORGE.NS
2026-01-08 13:45:00+05:30,1653.0999755859375,1656.5999755859375,1651.0999755859375,1651.5,40518,0.0,0.0,COFORGE.NS
2026-01-08 14:00:00+05:30,1651.5,1653.5,1648.4000244140625,1649.4000244140625,51523,0.0,0.0,COFORGE.NS
2026-01-08 14:15:00+05:30,1649.5,1656.0,1648.0,1649.5,84328,0.0,0.0,COFORGE.NS
2026-01-08 14:30:00+05:30,1650.300048828125,1655.9000244140625,1649.699951171875,1654.9000244140625,45712,0.0,0.0,COFORGE.NS
2026-01-08 14:45:00+05:30,1655.300048828125,1659.0,1652.4000244140625,1656.800048828125,83893,0.0,0.0,COFORGE.NS
2026-01-08 15:00:00+05:30,1656.4000244140625,1657.0,1645.9000244140625,1648.5,101985,0.0,0.0,COFORGE.NS
2026-01-08 15:15:00+05:30,1648.4000244140625,1648.699951171875,1643.699951171875,1647.0,145886,0.0,0.0,COFORGE.NS
2026-01-09 09:15:00+05:30,1650.199951171875,1670.699951171875,1650.0,1655.9000244140625,54593,0.0,0.0,COFORGE.NS
2026-01-09 09:30:00+05:30,1655.300048828125,1666.4000244140625,1654.5,1666.4000244140625,48834,0.0,0.0,COFORGE.NS
2026-01-09 09:45:00+05:30,1667.0,1677.4000244140625,1665.9000244140625,1668.0,69585,0.0,0.0,COFORGE.NS
2026-01-09 10:00:00+05:30,1667.9000244140625,1680.0,1667.5999755859375,1670.800048828125,84040,0.0,0.0,COFORGE.NS
2026-01-09 10:15:00+05:30,1670.699951171875,1677.0,1670.5,1671.4000244140625,41724,0.0,0.0,COFORGE.NS
2026-01-09 10:30:00+05:30,1671.5,1675.0,1664.800048828125,1674.0999755859375,38416,0.0,0.0,COFORGE.NS
2026-01-09 10:45:00+05:30,1673.9000244140625,1677.800048828125,1670.0,1673.5999755859375,37599,0.0,0.0,COFORGE.NS
2026-01-09 11:00:00+05:30,1672.9000244140625,1679.300048828125,1671.199951171875,1675.800048828125,34396,0.0,0.0,COFORGE.NS
2026-01-09 11:15:00+05:30,1675.5,1677.199951171875,1668.4000244140625,1675.4000244140625,52788,0.0,0.0,COFORGE.NS
2026-01-09 11:30:00+05:30,1675.199951171875,1676.5999755859375,1669.4000244140625,1671.800048828125,51410,0.0,0.0,COFORGE.NS
2026-01-09 11:45:00+05:30,1671.0,1672.0,1667.0,1671.199951171875,69047,0.0,0.0,COFORGE.NS
2026-01-09 12:00:00+05:30,1671.0,1676.0,1668.5,1675.5,45770,0.0,0.0,COFORGE.NS
2026-01-09 12:15:00+05:30,1675.4000244140625,1679.9000244140625,1675.4000244140625,1676.0,37443,0.0,0.0,COFORGE.NS
2026-01-09 12:30:00+05:30,1676.300048828125,1678.800048828125,1673.800048828125,1676.0,33601,0.0,0.0,COFORGE.NS
2026-01-09 12:45:00+05:30,1676.5,1677.0,1671.5999755859375,1675.300048828125,25066,0.0,0.0,COFORGE.NS
2026-01-09 13:00:00+05:30,1675.199951171875,1678.5999755859375,1674.699951171875,1675.699951171875,30166,0.0,0.0,COFORGE.NS
2026-01-09 13:15:00+05:30,1675.199951171875,1676.199951171875,1667.9000244140625,1671.699951171875,87730,0.0,0.0,COFORGE.NS
2026-01-09 13:30:00+05:30,1672.0999755859375,1680.0,1670.699951171875,1678.0999755859375,48869,0.0,0.0,COFORGE.NS
2026-01-09 13:45:00+05:30,1677.5999755859375,1679.9000244140625,1673.5,1679.300048828125,54006,0.0,0.0,COFORGE.NS
2026-01-09 14:00:00+05:30,1679.5,1682.800048828125,1677.4000244140625,1682.0999755859375,113974,0.0,0.0,COFORGE.NS
2026-01-09 14:15:00+05:30,1682.0999755859375,1683.0999755859375,1672.699951171875,1673.300048828125,162679,0.0,0.0,COFORGE.NS
2026-01-09 14:30:00+05:30,1673.300048828125,1678.800048828125,1671.199951171875,1678.300048828125,92798,0.0,0.0,COFORGE.NS
2026-01-09 14:45:00+05:30,1678.4000244140625,1684.4000244140625,1677.800048828125,1682.5999755859375,64731,0.0,0.0,COFORGE.NS
2026-01-09 15:00:00+05:30,1682.5999755859375,1683.300048828125,1678.199951171875,1682.0999755859375,104928,0.0,0.0,COFORGE.NS
2026-01-09 15:15:00+05:30,1682.0999755859375,1684.300048828125,1678.5999755859375,1681.5999755859375,149856,0.0,0.0,COFORGE.NS
2026-01-12 09:15:00+05:30,1685.0,1685.0,1669.300048828125,1670.0,66536,0.0,0.0,COFORGE.NS
2026-01-12 09:30:00+05:30,1669.4000244140625,1689.800048828125,1669.4000244140625,1688.5,110219,0.0,0.0,COFORGE.NS
2026-01-12 09:45:00+05:30,1688.699951171875,1698.300048828125,1683.5,1689.5999755859375,105017,0.0,0.0,COFORGE.NS
2026-01-12 10:00:00+05:30,1689.300048828125,1695.5999755859375,1681.699951171875,1682.5999755859375,38171,0.0,0.0,COFORGE.NS
2026-01-12 10:15:00+05:30,1682.5999755859375,1688.4000244140625,1679.9000244140625,1685.0,67692,0.0,0.0,COFORGE.NS
2026-01-12 10:30:00+05:30,1684.800048828125,1687.5999755859375,1679.5999755859375,1681.0999755859375,40991,0.0,0.0,COFORGE.NS
2026-01-12 10:45:00+05:30,1681.0999755859375,1682.800048828125,1675.800048828125,1677.5999755859375,42514,0.0,0.0,COFORGE.NS
2026-01-12 11:00:00+05:30,1677.0,1682.0999755859375,1674.199951171875,1679.0999755859375,74600,0.0,0.0,COFORGE.NS
2026-01-12 11:15:00+05:30,1679.699951171875,1683.300048828125,1678.0,1679.4000244140625,96258,0.0,0.0,COFORGE.NS
2026-01-12 11:30:00+05:30,1679.699951171875,1679.699951171875,1672.800048828125,1675.5,81234,0.0,0.0,COFORGE.NS
2026-01-12 11:45:00+05:30,1674.5999755859375,1683.199951171875,1674.4000244140625,1682.5999755859375,58827,0.0,0.0,COFORGE.NS
2026-01-12 12:00:00+05:30,1682.5999755859375,1687.800048828125,1680.9000244140625,1687.800048828125,38874,0.0,0.0,COFORGE.NS
2026-01-12 12:15:00+05:30,1688.800048828125,1695.0,1686.4000244140625,1691.4000244140625,83605,0.0,0.0,COFORGE.NS
2026-01-12 12:30:00+05:30,1690.800048828125,1702.199951171875,1690.199951171875,1700.300048828125,78135,0.0,0.0,COFORGE.NS
2026-01-12 12:45:00+05:30,1700.5,1702.0,1693.0,1693.5999755859375,59803,0.0,0.0,COFORGE.NS
2026-01-12 13:00:00+05:30,1693.800048828125,1695.0,1689.5,1694.5,38820,0.0,0.0,COFORGE.NS
2026-01-12 13:15:00+05:30,1694.699951171875,1695.0,1688.800048828125,1688.800048828125,27454,0.0,0.0,COFORGE.NS
2026-01-12 13:30:00+05:30,1689.199951171875,1696.5999755859375,1688.9000244140625,1693.5,21412,0.0,0.0,COFORGE.NS
2026-01-12 13:45:00+05:30,1693.4000244140625,1697.0,1693.4000244140625,1696.0,14410,0.0,0.0,COFORGE.NS
2026-01-12 14:00:00+05:30,1696.0,1698.199951171875,1693.0999755859375,1694.800048828125,25791,0.0,0.0,COFORGE.NS
2026-01-12 14:15:00+05:30,1694.800048828125,1697.9000244140625,1694.0,1695.0999755859375,20624,0.0,0.0,COFORGE.NS
2026-01-12 14:30:00+05:30,1695.0,1695.0,1686.9000244140625,1693.0,35358,0.0,0.0,COFORGE.NS
2026-01-12 14:45:00+05:30,1692.9000244140625,1701.800048828125,1691.699951171875,1700.800048828125,43206,0.0,0.0,COFORGE.NS
2026-01-12 15:00:00+05:30,1699.300048828125,1699.800048828125,1694.0,1697.300048828125,73863,0.0,0.0,COFORGE.NS
2026-01-12 15:15:00+05:30,1697.300048828125,1698.800048828125,1691.0,1697.0999755859375,80620,0.0,0.0,COFORGE.NS
2026-01-13 09:15:00+05:30,1705.5999755859375,1716.9000244140625,1697.9000244140625,1700.800048828125,37358,0.0,0.0,COFORGE.NS
2026-01-13 09:30:00+05:30,1700.0,1703.800048828125,1690.5999755859375,1691.800048828125,35405,0.0,0.0,COFORGE.NS
2026-01-13 09:45:00+05:30,1693.4000244140625,1696.800048828125,1684.0,1687.0999755859375,45392,0.0,0.0,COFORGE.NS
2026-01-13 10:00:00+05:30,1687.0999755859375,1697.4000244140625,1686.300048828125,1690.699951171875,84291,0.0,0.0,COFORGE.NS
2026-01-13 10:15:00+05:30,1690.0999755859375,1711.300048828125,1689.5,1708.699951171875,252687,0.0,0.0,COFORGE.NS
2026-01-13 10:30:00+05:30,1708.699951171875,1714.5999755859375,1703.4000244140625,1706.5999755859375,186502,0.0,0.0,COFORGE.NS
2026-01-13 10:45:00+05:30,1706.4000244140625,1709.5,1704.0,1704.699951171875,32169,0.0,0.0,COFORGE.NS
2026-01-13 11:00:00+05:30,1705.0999755859375,1715.0,1701.0,1709.9000244140625,202293,0.0,0.0,COFORGE.NS
2026-01-13 11:15:00+05:30,1709.800048828125,1714.9000244140625,1708.0,1712.5,112047,0.0,0.0,COFORGE.NS
2026-01-13 11:30:00+05:30,1712.5,1715.0,1710.199951171875,1713.0,149854,0.0,0.0,COFORGE.NS
2026-01-13 11:45:00+05:30,1713.0,1713.4000244140625,1709.800048828125,1710.199951171875,7067,0.0,0.0,COFORGE.NS
2026-01-13 12:00:00+05:30,1698.0,1700.800048828125,1691.0,1696.9000244140625,350517,0.0,0.0,COFORGE.NS
2026-01-13 12:15:00+05:30,1697.300048828125,1704.0999755859375,1696.0999755859375,1703.5999755859375,44041,0.0,0.0,COFORGE.NS
2026-01-13 12:30:00+05:30,1703.5999755859375,1703.5999755859375,1696.5,1701.5999755859375,60703,0.0,0.0,COFORGE.NS
2026-01-13 12:45:00+05:30,1701.5999755859375,1702.0999755859375,1696.5,1696.9000244140625,55789,0.0,0.0,COFORGE.NS
2026-01-13 13:00:00+05:30,1697.800048828125,1702.300048828125,1695.800048828125,1700.9000244140625,62462,0.0,0.0,COFORGE.NS
2026-01-13 13:15:00+05:30,1700.9000244140625,1704.0,1697.0,1698.699951171875,39035,0.0,0.0,COFORGE.NS
2026-01-13 13:30:00+05:30,1698.5999755859375,1700.199951171875,1696.199951171875,1699.800048828125,26944,0.0,0.0,COFORGE.NS
2026-01-13 13:45:00+05:30,1699.0999755859375,1702.699951171875,1697.800048828125,1700.9000244140625,21035,0.0,0.0,COFORGE.NS
2026-01-13 14:00:00+05:30,1701.0,1704.0,1699.300048828125,1701.9000244140625,35255,0.0,0.0,COFORGE.NS
2026-01-13 14:15:00+05:30,1701.9000244140625,1703.0,1692.5999755859375,1695.300048828125,90223,0.0,0.0,COFORGE.NS
2026-01-13 14:30:00+05:30,1695.0999755859375,1704.800048828125,1693.9000244140625,1704.5,68327,0.0,0.0,COFORGE.NS
2026-01-13 14:45:00+05:30,1704.5999755859375,1708.0,1702.800048828125,1706.5,136520,0.0,0.0,COFORGE.NS
2026-01-13 15:00:00+05:30,1707.199951171875,1710.4000244140625,1706.0999755859375,1710.0999755859375,74988,0.0,0.0,COFORGE.NS
2026-01-13 15:15:00+05:30,1708.9000244140625,1710.199951171875,1707.0999755859375,1707.5,115525,0.0,0.0,COFORGE.NS
2026-01-14 09:15:00+05:30,1708.800048828125,1728.9000244140625,1708.800048828125,1715.199951171875,56241,0.0,0.0,COFORGE.NS
2026-01-14 09:30:00+05:30,1714.5,1716.0999755859375,1702.5999755859375,1704.199951171875,72232,0.0,0.0,COFORGE.NS
2026-01-14 09:45:00+05:30,1704.199951171875,1713.9000244140625,1703.9000244140625,1706.9000244140625,35515,0.0,0.0,COFORGE.NS
2026-01-14 10:00:00+05:30,1707.199951171875,1707.199951171875,1696.199951171875,1696.199951171875,45947,0.0,0.0,COFORGE.NS
2026-01-14 10:15:00+05:30,1696.5999755859375,1705.9000244140625,1692.5,1704.5,88807,0.0,0.0,COFORGE.NS
2026-01-14 10:30:00+05:30,1704.5,1704.5,1697.4000244140625,1701.5,50465,0.0,0.0,COFORGE.NS
2026-01-14 10:45:00+05:30,1702.4000244140625,1708.699951171875,1700.5,1705.5,88569,0.0,0.0,COFORGE.NS
2026-01-14 11:00:00+05:30,1705.300048828125,1706.300048828125,1698.5,1699.800048828125,35169,0.0,0.0,COFORGE.NS
2026-01-14 11:15:00+05:30,1699.4000244140625,1708.9000244140625,1698.800048828125,1707.300048828125,24136,0.0,0.0,COFORGE.NS
2026-01-14 11:30:00+05:30,1707.300048828125,1708.5999755859375,1704.300048828125,1704.4000244140625,24088,0.0,0.0,COFORGE.NS
2026-01-14 11:45:00+05:30,1704.4000244140625,1705.9000244140625,1701.0,1701.5999755859375,25486,0.0,0.0,COFORGE.NS
2026-01-14 12:00:00+05:30,1701.5999755859375,1703.4000244140625,1698.9000244140625,1699.0,36712,0.0,0.0,COFORGE.NS
2026-01-14 12:15:00+05:30,1699.0,1702.199951171875,1697.5,1702.199951171875,33191,0.0,0.0,COFORGE.NS
2026-01-14 12:30:00+05:30,1702.199951171875,1703.0,1699.800048828125,1701.0999755859375,37746,0.0,0.0,COFORGE.NS
2026-01-14 12:45:00+05:30,1700.699951171875,1702.300048828125,1692.800048828125,1694.699951171875,57769,0.0,0.0,COFORGE.NS
2026-01-14 13:00:00+05:30,1694.699951171875,1701.0,1691.5,1699.199951171875,91589,0.0,0.0,COFORGE.NS
2026-01-14 13:15:00+05:30,1699.199951171875,1699.300048828125,1692.699951171875,1693.5,47270,0.0,0.0,COFORGE.NS
2026-01-14 13:30:00+05:30,1693.5,1694.800048828125,1688.199951171875,1689.0999755859375,107414,0.0,0.0,COFORGE.NS
2026-01-14 13:45:00+05:30,1689.300048828125,1690.300048828125,1685.4000244140625,1688.4000244140625,78662,0.0,0.0,COFORGE.NS
2026-01-14 14:00:00+05:30,1688.300048828125,1689.300048828125,1675.0,1682.9000244140625,74653,0.0,0.0,COFORGE.NS
2026-01-14 14:15:00+05:30,1682.300048828125,1683.800048828125,1673.4000244140625,1673.800048828125,73247,0.0,0.0,COFORGE.NS
2026-01-14 14:30:00+05:30,1674.4000244140625,1685.5999755859375,1674.0999755859375,1683.5999755859375,60987,0.0,0.0,COFORGE.NS
2026-01-14 14:45:00+05:30,1684.4000244140625,1688.4000244140625,1683.4000244140625,1683.9000244140625,83786,0.0,0.0,COFORGE.NS
2026-01-14 15:00:00+05:30,1682.4000244140625,1685.300048828125,1677.0999755859375,1680.699951171875,222279,0.0,0.0,COFORGE.NS
2026-01-14 15:15:00+05:30,1680.699951171875,1686.9000244140625,1678.800048828125,1681.5999755859375,148485,0.0,0.0,COFORGE.NS
2026-01-16 09:15:00+05:30,1701.0,1724.9000244140625,1701.0,1723.699951171875,199068,0.0,0.0,COFORGE.NS
2026-01-16 09:30:00+05:30,1723.0,1726.800048828125,1717.199951171875,1719.5,238872,0.0,0.0,COFORGE.NS
2026-01-16 09:45:00+05:30,1719.5,1724.0,1715.9000244140625,1722.699951171875,116076,0.0,0.0,COFORGE.NS
2026-01-16 10:00:00+05:30,1722.5999755859375,1727.699951171875,1721.4000244140625,1725.0,150917,0.0,0.0,COFORGE.NS
2026-01-16 10:15:00+05:30,1725.0,1729.0,1722.9000244140625,1728.199951171875,189241,0.0,0.0,COFORGE.NS
2026-01-16 10:30:00+05:30,1728.0,1730.800048828125,1725.0999755859375,1726.199951171875,122459,0.0,0.0,COFORGE.NS
2026-01-16 10:45:00+05:30,1726.199951171875,1729.300048828125,1721.0999755859375,1722.0999755859375,134685,0.0,0.0,COFORGE.NS
2026-01-16 11:00:00+05:30,1722.0999755859375,1723.5,1718.9000244140625,1720.800048828125,107569,0.0,0.0,COFORGE.NS
2026-01-16 11:15:00+05:30,1720.800048828125,1721.4000244140625,1717.199951171875,1719.4000244140625,55058,0.0,0.0,COFORGE.NS
2026-01-16 11:30:00+05:30,1719.5,1724.9000244140625,1719.5,1723.199951171875,97417,0.0,0.0,COFORGE.NS
2026-01-16 11:45:00+05:30,1723.699951171875,1730.300048828125,1720.0,1720.5,118313,0.0,0.0,COFORGE.NS
2026-01-16 12:00:00+05:30,1720.5,1726.0,1719.0999755859375,1724.800048828125,80361,0.0,0.0,COFORGE.NS
2026-01-16 12:15:00+05:30,1724.800048828125,1726.4000244140625,1720.800048828125,1722.5,88087,0.0,0.0,COFORGE.NS
2026-01-16 12:30:00+05:30,1722.4000244140625,1725.699951171875,1720.300048828125,1725.0,77136,0.0,0.0,COFORGE.NS
2026-01-16 12:45:00+05:30,1725.0,1726.0,1722.699951171875,1723.199951171875,65013,0.0,0.0,COFORGE.NS
2026-01-16 13:00:00+05:30,1723.800048828125,1725.0999755859375,1722.0,1722.5999755859375,54630,0.0,0.0,COFORGE.NS
2026-01-16 13:15:00+05:30,1722.5,1724.800048828125,1719.0,1723.699951171875,87544,0.0,0.0,COFORGE.NS
2026-01-16 13:30:00+05:30,1723.800048828125,1725.0,1722.0,1723.800048828125,60537,0.0,0.0,COFORGE.NS
2026-01-16 13:45:00+05:30,1723.800048828125,1732.9000244140625,1723.800048828125,1731.199951171875,213408,0.0,0.0,COFORGE.NS
2026-01-16 14:00:00+05:30,1731.199951171875,1735.0,1728.5999755859375,1732.300048828125,94856,0.0,0.0,COFORGE.NS
2026-01-16 14:15:00+05:30,1732.300048828125,1732.5,1728.0999755859375,1729.699951171875,117769,0.0,0.0,COFORGE.NS
2026-01-16 14:30:00+05:30,1729.9000244140625,1734.800048828125,1728.0,1733.5,109861,0.0,0.0,COFORGE.NS
2026-01-16 14:45:00+05:30,1731.699951171875,1735.800048828125,1731.199951171875,1735.4000244140625,113134,0.0,0.0,COFORGE.NS
2026-01-16 15:00:00+05:30,1732.699951171875,1734.800048828125,1729.699951171875,1732.5999755859375,255074,0.0,0.0,COFORGE.NS
2026-01-16 15:15:00+05:30,1733.199951171875,1734.300048828125,1730.0,1732.300048828125,355170,0.0,0.0,COFORGE.NS
2026-01-19 09:15:00+05:30,1738.199951171875,1740.800048828125,1724.699951171875,1724.699951171875,79584,0.0,0.0,COFORGE.NS
2026-01-19 09:30:00+05:30,1724.199951171875,1728.5,1716.5999755859375,1727.0,57675,0.0,0.0,COFORGE.NS
2026-01-19 09:45:00+05:30,1727.699951171875,1733.0,1721.0999755859375,1723.4000244140625,51366,0.0,0.0,COFORGE.NS
2026-01-19 10:00:00+05:30,1723.4000244140625,1739.800048828125,1722.800048828125,1739.5,70011,0.0,0.0,COFORGE.NS
2026-01-19 10:15:00+05:30,1739.199951171875,1741.9000244140625,1731.0,1732.199951171875,44696,0.0,0.0,COFORGE.NS
2026-01-19 10:30:00+05:30,1732.199951171875,1737.0,1731.800048828125,1737.0,24559,0.0,0.0,COFORGE.NS
2026-01-19 10:45:00+05:30,1736.699951171875,1741.800048828125,1736.699951171875,1741.0,48065,0.0,0.0,COFORGE.NS
2026-01-19 11:00:00+05:30,1740.5999755859375,1740.5999755859375,1733.0,1733.800048828125,25435,0.0,0.0,COFORGE.NS
2026-01-19 11:15:00+05:30,1732.300048828125,1734.699951171875,1731.0999755859375,1733.0,26096,0.0,0.0,COFORGE.NS
2026-01-19 11:30:00+05:30,1733.0,1737.0,1733.0,1734.800048828125,23871,0.0,0.0,COFORGE.NS
2026-01-19 11:45:00+05:30,1734.800048828125,1735.5,1728.4000244140625,1728.699951171875,23358,0.0,0.0,COFORGE.NS
2026-01-19 12:00:00+05:30,1728.5999755859375,1731.5999755859375,1725.0999755859375,1731.5999755859375,23652,0.0,0.0,COFORGE.NS
2026-01-19 12:15:00+05:30,1732.0999755859375,1733.0,1728.199951171875,1730.5999755859375,15696,0.0,0.0,COFORGE.NS
2026-01-19 12:30:00+05:30,1730.5999755859375,1730.9000244140625,1728.0999755859375,1729.0999755859375,23791,0.0,0.0,COFORGE.NS
2026-01-19 12:45:00+05:30,1729.0999755859375,1733.0,1729.0,1732.5999755859375,25368,0.0,0.0,COFORGE.NS
2026-01-19 13:00:00+05:30,1732.5999755859375,1733.5999755859375,1729.0,1729.4000244140625,19274,0.0,0.0,COFORGE.NS
2026-01-19 13:15:00+05:30,1729.699951171875,1731.5,1725.0,1725.0,41630,0.0,0.0,COFORGE.NS
2026-01-19 13:30:00+05:30,1725.0,1731.0,1724.0999755859375,1729.0,31468,0.0,0.0,COFORGE.NS
2026-01-19 13:45:00+05:30,1729.0,1733.0,1728.9000244140625,1730.0999755859375,35276,0.0,0.0,COFORGE.NS
2026-01-19 14:00:00+05:30,1729.9000244140625,1731.5999755859375,1728.5999755859375,1729.0999755859375,43916,0.0,0.0,COFORGE.NS
2026-01-19 14:15:00+05:30,1729.0,1733.0,1729.0,1730.4000244140625,71814,0.0,0.0,COFORGE.NS
2026-01-19 14:30:00+05:30,1730.5,1731.4000244140625,1725.5,1728.800048828125,29345,0.0,0.0,COFORGE.NS
2026-01-19 14:45:00+05:30,1728.9000244140625,1733.0,1728.9000244140625,1732.699951171875,66234,0.0,0.0,COFORGE.NS
2026-01-19 15:00:00+05:30,1732.300048828125,1732.699951171875,1730.0999755859375,1730.0999755859375,80588,0.0,0.0,COFORGE.NS
2026-01-19 15:15:00+05:30,1730.0999755859375,1730.199951171875,1723.300048828125,1725.9000244140625,167503,0.0,0.0,COFORGE.NS
2026-01-20 09:15:00+05:30,1728.0999755859375,1728.9000244140625,1700.300048828125,1702.9000244140625,62211,0.0,0.0,COFORGE.NS
2026-01-20 09:30:00+05:30,1703.300048828125,1712.199951171875,1692.4000244140625,1699.199951171875,117012,0.0,0.0,COFORGE.NS
2026-01-20 09:45:00+05:30,1698.5,1707.5,1694.0999755859375,1707.300048828125,117884,0.0,0.0,COFORGE.NS
2026-01-20 10:00:00+05:30,1706.4000244140625,1710.699951171875,1702.9000244140625,1708.9000244140625,59224,0.0,0.0,COFORGE.NS
2026-01-20 10:15:00+05:30,1707.199951171875,1713.9000244140625,1705.300048828125,1707.5,30818,0.0,0.0,COFORGE.NS
2026-01-20 10:30:00+05:30,1707.300048828125,1712.5,1706.0999755859375,1709.9000244140625,31937,0.0,0.0,COFORGE.NS
2026-01-20 10:45:00+05:30,1710.5,1711.699951171875,1706.0,1707.199951171875,32344,0.0,0.0,COFORGE.NS
2026-01-20 11:00:00+05:30,1707.199951171875,1709.0,1705.199951171875,1705.5999755859375,33978,0.0,0.0,COFORGE.NS
2026-01-20 11:15:00+05:30,1705.5999755859375,1710.9000244140625,1702.4000244140625,1704.199951171875,45284,0.0,0.0,COFORGE.NS
2026-01-20 11:30:00+05:30,1704.199951171875,1704.800048828125,1700.0,1702.4000244140625,70082,0.0,0.0,COFORGE.NS
2026-01-20 11:45:00+05:30,1702.0999755859375,1708.0999755859375,1700.199951171875,1707.300048828125,58499,0.0,0.0,COFORGE.NS
2026-01-20 12:00:00+05:30,1707.0999755859375,1708.199951171875,1698.0,1700.9000244140625,42718,0.0,0.0,COFORGE.NS
2026-01-20 12:15:00+05:30,1700.4000244140625,1704.0999755859375,1698.5999755859375,1702.199951171875,30701,0.0,0.0,COFORGE.NS
2026-01-20 12:30:00+05:30,1702.0999755859375,1705.0,1702.0,1702.9000244140625,15951,0.0,0.0,COFORGE.NS
2026-01-20 12:45:00+05:30,1703.199951171875,1705.0999755859375,1698.4000244140625,1699.300048828125,62036,0.0,0.0,COFORGE.NS
2026-01-20 13:00:00+05:30,1699.9000244140625,1702.800048828125,1694.9000244140625,1699.800048828125,63141,0.0,0.0,COFORGE.NS
2026-01-20 13:15:00+05:30,1700.0999755859375,1703.300048828125,1694.0,1696.0,26476,0.0,0.0,COFORGE.NS
2026-01-20 13:30:00+05:30,1696.4000244140625,1698.5,1692.5999755859375,1693.699951171875,46775,0.0,0.0,COFORGE.NS
2026-01-20 13:45:00+05:30,1693.5999755859375,1694.800048828125,1690.5,1693.699951171875,26737,0.0,0.0,COFORGE.NS
2026-01-20 14:00:00+05:30,1693.699951171875,1698.0,1686.4000244140625,1689.0999755859375,84653,0.0,0.0,COFORGE.NS
2026-01-20 14:15:00+05:30,1689.0999755859375,1694.0,1687.0999755859375,1692.9000244140625,39936,0.0,0.0,COFORGE.NS
2026-01-20 14:30:00+05:30,1692.5,1696.5999755859375,1691.199951171875,1696.4000244140625,115846,0.0,0.0,COFORGE.NS
2026-01-20 14:45:00+05:30,1696.4000244140625,1703.0,1693.5,1698.0,86420,0.0,0.0,COFORGE.NS
2026-01-20 15:00:00+05:30,1698.0,1698.800048828125,1692.300048828125,1695.9000244140625,182254,0.0,0.0,COFORGE.NS
2026-01-20 15:15:00+05:30,1696.0,1699.0999755859375,1686.699951171875,1693.699951171875,193838,0.0,0.0,COFORGE.NS
2026-01-21 09:15:00+05:30,1688.4000244140625,1694.5,1628.9000244140625,1630.5999755859375,212537,0.0,0.0,COFORGE.NS
2026-01-21 09:30:00+05:30,1630.300048828125,1632.5999755859375,1611.5,1620.0999755859375,524225,0.0,0.0,COFORGE.NS
2026-01-21 09:45:00+05:30,1618.9000244140625,1630.0999755859375,1615.699951171875,1617.300048828125,283252,0.0,0.0,COFORGE.NS
2026-01-21 10:00:00+05:30,1617.199951171875,1640.0,1613.800048828125,1627.199951171875,179268,0.0,0.0,COFORGE.NS
2026-01-21 10:15:00+05:30,1626.5999755859375,1629.199951171875,1611.0,1615.9000244140625,208162,0.0,0.0,COFORGE.NS
2026-01-21 10:30:00+05:30,1615.699951171875,1626.0999755859375,1610.0999755859375,1611.4000244140625,297283,0.0,0.0,COFORGE.NS
2026-01-21 10:45:00+05:30,1611.0,1614.9000244140625,1593.0,1598.5999755859375,362102,0.0,0.0,COFORGE.NS
2026-01-21 11:00:00+05:30,1598.0,1620.9000244140625,1598.0,1618.199951171875,120259,0.0,0.0,COFORGE.NS
2026-01-21 11:15:00+05:30,1618.800048828125,1628.4000244140625,1612.9000244140625,1612.9000244140625,364281,0.0,0.0,COFORGE.NS
2026-01-21 11:30:00+05:30,1613.0,1620.5,1611.199951171875,1613.0,106006,0.0,0.0,COFORGE.NS
2026-01-21 11:45:00+05:30,1612.5,1615.0,1608.800048828125,1613.0999755859375,45903,0.0,0.0,COFORGE.NS
2026-01-21 12:00:00+05:30,1613.199951171875,1627.9000244140625,1612.0,1627.9000244140625,105120,0.0,0.0,COFORGE.NS
2026-01-21 12:15:00+05:30,1628.5,1633.0,1624.5999755859375,1626.9000244140625,80969,0.0,0.0,COFORGE.NS
2026-01-21 12:30:00+05:30,1626.199951171875,1642.800048828125,1626.199951171875,1639.0,71088,0.0,0.0,COFORGE.NS
2026-01-21 12:45:00+05:30,1639.0,1646.5,1638.199951171875,1644.4000244140625,49650,0.0,0.0,COFORGE.NS
2026-01-21 13:00:00+05:30,1644.800048828125,1650.0,1643.699951171875,1647.5,54515,0.0,0.0,COFORGE.NS
2026-01-21 13:15:00+05:30,1647.699951171875,1648.800048828125,1642.300048828125,1647.9000244140625,53065,0.0,0.0,COFORGE.NS
2026-01-21 13:30:00+05:30,1647.9000244140625,1653.699951171875,1638.300048828125,1640.9000244140625,58605,0.0,0.0,COFORGE.NS
2026-01-21 13:45:00+05:30,1641.5999755859375,1648.0,1640.5999755859375,1645.5999755859375,69525,0.0,0.0,COFORGE.NS
2026-01-21 14:00:00+05:30,1645.9000244140625,1647.4000244140625,1639.199951171875,1640.5,39083,0.0,0.0,COFORGE.NS
2026-01-21 14:15:00+05:30,1640.5999755859375,1656.5999755859375,1640.5999755859375,1650.5,83196,0.0,0.0,COFORGE.NS
2026-01-21 14:30:00+05:30,1650.5999755859375,1658.5999755859375,1648.699951171875,1656.699951171875,61633,0.0,0.0,COFORGE.NS
2026-01-21 14:45:00+05:30,1657.0999755859375,1664.5999755859375,1653.5,1663.4000244140625,73141,0.0,0.0,COFORGE.NS
2026-01-21 15:00:00+05:30,1661.9000244140625,1672.0,1661.0999755859375,1669.5,131806,0.0,0.0,COFORGE.NS
2026-01-21 15:15:00+05:30,1670.300048828125,1674.5,1665.300048828125,1665.300048828125,145224,0.0,0.0,COFORGE.NS
2026-01-22 09:15:00+05:30,1689.699951171875,1731.800048828125,1689.699951171875,1731.0999755859375,131396,0.0,0.0,COFORGE.NS
2026-01-22 09:30:00+05:30,1731.4000244140625,1740.0,1721.0,1723.0999755859375,96487,0.0,0.0,COFORGE.NS
2026-01-22 09:45:00+05:30,1723.300048828125,1731.9000244140625,1722.5,1728.4000244140625,38596,0.0,0.0,COFORGE.NS
2026-01-22 10:00:00+05:30,1728.699951171875,1729.5,1713.699951171875,1714.800048828125,43170,0.0,0.0,COFORGE.NS
2026-01-22 10:15:00+05:30,1714.5,1718.5,1700.0999755859375,1704.4000244140625,60669,0.0,0.0,COFORGE.NS
2026-01-22 10:30:00+05:30,1704.4000244140625,1710.0,1699.800048828125,1706.800048828125,47890,0.0,0.0,COFORGE.NS
2026-01-22 10:45:00+05:30,1706.800048828125,1708.9000244140625,1699.5,1702.4000244140625,51035,0.0,0.0,COFORGE.NS
2026-01-22 11:00:00+05:30,1702.0,1705.5,1699.199951171875,1702.0,45355,0.0,0.0,COFORGE.NS
2026-01-22 11:15:00+05:30,1702.0999755859375,1706.199951171875,1699.0,1701.199951171875,49545,0.0,0.0,COFORGE.NS
2026-01-22 11:30:00+05:30,1701.5,1702.300048828125,1682.699951171875,1683.5999755859375,108432,0.0,0.0,COFORGE.NS
2026-01-22 11:45:00+05:30,1683.0999755859375,1683.4000244140625,1675.0999755859375,1675.300048828125,84769,0.0,0.0,COFORGE.NS
2026-01-22 12:00:00+05:30,1675.300048828125,1684.9000244140625,1674.5,1680.0,127153,0.0,0.0,COFORGE.NS
2026-01-22 12:15:00+05:30,1680.0,1691.800048828125,1678.4000244140625,1688.9000244140625,102026,0.0,0.0,COFORGE.NS
2026-01-22 12:30:00+05:30,1688.9000244140625,1689.0,1680.5,1684.0,36941,0.0,0.0,COFORGE.NS
2026-01-22 12:45:00+05:30,1684.199951171875,1688.199951171875,1677.5999755859375,1678.5,92067,0.0,0.0,COFORGE.NS
2026-01-22 13:00:00+05:30,1678.5,1685.0999755859375,1675.300048828125,1680.9000244140625,50966,0.0,0.0,COFORGE.NS
2026-01-22 13:15:00+05:30,1680.9000244140625,1685.0,1678.0,1682.9000244140625,36083,0.0,0.0,COFORGE.NS
2026-01-22 13:30:00+05:30,1682.9000244140625,1687.699951171875,1681.5,1686.300048828125,58565,0.0,0.0,COFORGE.NS
2026-01-22 13:45:00+05:30,1686.300048828125,1694.9000244140625,1683.800048828125,1688.300048828125,102235,0.0,0.0,COFORGE.NS
2026-01-22 14:00:00+05:30,1688.300048828125,1690.0,1682.4000244140625,1684.199951171875,35199,0.0,0.0,COFORGE.NS
2026-01-22 14:15:00+05:30,1684.0,1690.800048828125,1679.199951171875,1689.5999755859375,99275,0.0,0.0,COFORGE.NS
2026-01-22 14:30:00+05:30,1689.199951171875,1693.0,1685.300048828125,1687.4000244140625,101825,0.0,0.0,COFORGE.NS
2026-01-22 14:45:00+05:30,1687.0999755859375,1692.800048828125,1686.9000244140625,1691.5,78551,0.0,0.0,COFORGE.NS
2026-01-22 15:00:00+05:30,1691.300048828125,1691.300048828125,1682.0,1688.199951171875,129246,0.0,0.0,COFORGE.NS
2026-01-22 15:15:00+05:30,1687.5999755859375,1694.9000244140625,1684.0999755859375,1687.699951171875,210274,0.0,0.0,COFORGE.NS
2026-01-23 09:15:00+05:30,1673.0999755859375,1691.5999755859375,1662.4000244140625,1687.0999755859375,166501,0.0,0.0,COFORGE.NS
2026-01-23 09:30:00+05:30,1686.9000244140625,1693.4000244140625,1676.800048828125,1681.199951171875,257872,0.0,0.0,COFORGE.NS
2026-01-23 09:45:00+05:30,1681.199951171875,1688.0,1670.199951171875,1670.199951171875,188970,0.0,0.0,COFORGE.NS
2026-01-23 10:00:00+05:30,1671.199951171875,1672.800048828125,1647.699951171875,1650.4000244140625,241728,0.0,0.0,COFORGE.NS
2026-01-23 10:15:00+05:30,1650.0,1651.0,1642.199951171875,1649.199951171875,126777,0.0,0.0,COFORGE.NS
2026-01-23 10:30:00+05:30,1648.800048828125,1656.9000244140625,1647.9000244140625,1652.699951171875,99487,0.0,0.0,COFORGE.NS
2026-01-23 10:45:00+05:30,1653.199951171875,1653.4000244140625,1636.0,1640.0999755859375,121053,0.0,0.0,COFORGE.NS
2026-01-23 11:00:00+05:30,1640.800048828125,1640.9000244140625,1629.4000244140625,1631.0,92975,0.0,0.0,COFORGE.NS
2026-01-23 11:15:00+05:30,1630.199951171875,1640.9000244140625,1630.199951171875,1639.5,100833,0.0,0.0,COFORGE.NS
2026-01-23 11:30:00+05:30,1640.5999755859375,1642.0,1630.0,1632.0,86501,0.0,0.0,COFORGE.NS
2026-01-23 11:45:00+05:30,1632.199951171875,1636.5,1631.0,1635.300048828125,73038,0.0,0.0,COFORGE.NS
2026-01-23 12:00:00+05:30,1635.0,1638.199951171875,1634.0,1635.0999755859375,88539,0.0,0.0,COFORGE.NS
2026-01-23 12:15:00+05:30,1634.800048828125,1640.300048828125,1634.699951171875,1638.5,70693,0.0,0.0,COFORGE.NS
2026-01-23 12:30:00+05:30,1638.699951171875,1653.0,1638.5,1650.0999755859375,157065,0.0,0.0,COFORGE.NS
2026-01-23 12:45:00+05:30,1650.5999755859375,1654.199951171875,1647.4000244140625,1648.699951171875,95336,0.0,0.0,COFORGE.NS
2026-01-23 13:00:00+05:30,1649.0,1653.699951171875,1646.5999755859375,1653.0,61598,0.0,0.0,COFORGE.NS
2026-01-23 13:15:00+05:30,1653.0,1653.300048828125,1643.0,1644.9000244140625,189651,0.0,0.0,COFORGE.NS
2026-01-23 13:30:00+05:30,1644.699951171875,1649.800048828125,1643.800048828125,1646.300048828125,208648,0.0,0.0,COFORGE.NS
2026-01-23 13:45:00+05:30,1646.300048828125,1648.300048828125,1644.699951171875,1646.800048828125,27149,0.0,0.0,COFORGE.NS
2026-01-23 14:00:00+05:30,1646.800048828125,1649.5999755859375,1633.5999755859375,1633.800048828125,285427,0.0,0.0,COFORGE.NS
2026-01-23 14:15:00+05:30,1634.199951171875,1642.5,1632.199951171875,1639.9000244140625,73605,0.0,0.0,COFORGE.NS
2026-01-23 14:30:00+05:30,1640.0,1647.0,1640.0,1642.300048828125,77556,0.0,0.0,COFORGE.NS
2026-01-23 14:45:00+05:30,1644.0999755859375,1645.0999755859375,1639.5,1639.9000244140625,75191,0.0,0.0,COFORGE.NS
2026-01-23 15:00:00+05:30,1640.300048828125,1642.699951171875,1634.0,1635.300048828125,123367,0.0,0.0,COFORGE.NS
2026-01-23 15:15:00+05:30,1635.199951171875,1644.0999755859375,1631.0,1636.4000244140625,183328,0.0,0.0,COFORGE.NS
2026-01-27 09:15:00+05:30,1641.5999755859375,1651.300048828125,1633.5999755859375,1644.4000244140625,116268,0.0,0.0,COFORGE.NS
2026-01-27 09:30:00+05:30,1644.800048828125,1674.800048828125,1643.800048828125,1674.800048828125,151248,0.0,0.0,COFORGE.NS
2026-01-27 09:45:00+05:30,1674.9000244140625,1684.4000244140625,1668.0999755859375,1668.0999755859375,89056,0.0,0.0,COFORGE.NS
2026-01-27 10:00:00+05:30,1669.0999755859375,1673.5,1666.0999755859375,1666.5,47898,0.0,0.0,COFORGE.NS
2026-01-27 10:15:00+05:30,1666.4000244140625,1668.4000244140625,1663.0999755859375,1663.199951171875,43294,0.0,0.0,COFORGE.NS
2026-01-27 10:30:00+05:30,1663.0,1664.4000244140625,1652.0,1652.5,59738,0.0,0.0,COFORGE.NS
2026-01-27 10:45:00+05:30,1653.0,1653.199951171875,1650.300048828125,1650.9000244140625,35281,0.0,0.0,COFORGE.NS
2026-01-27 11:00:00+05:30,1650.9000244140625,1657.0,1650.9000244140625,1653.0999755859375,35467,0.0,0.0,COFORGE.NS
2026-01-27 11:15:00+05:30,1653.300048828125,1655.5999755859375,1650.0999755859375,1652.800048828125,521700,0.0,0.0,COFORGE.NS
2026-01-27 11:30:00+05:30,1652.800048828125,1655.5,1652.0,1655.5,526070,0.0,0.0,COFORGE.NS
2026-01-27 11:45:00+05:30,1656.5,1660.0,1654.4000244140625,1656.699951171875,46529,0.0,0.0,COFORGE.NS
2026-01-27 12:00:00+05:30,1656.800048828125,1664.0,1653.800048828125,1661.0,105301,0.0,0.0,COFORGE.NS
2026-01-27 12:15:00+05:30,1661.300048828125,1665.5,1658.5999755859375,1661.5999755859375,48328,0.0,0.0,COFORGE.NS
2026-01-27 12:30:00+05:30,1661.5999755859375,1662.199951171875,1657.300048828125,1660.199951171875,38947,0.0,0.0,COFORGE.NS
2026-01-27 12:45:00+05:30,1660.0,1664.0999755859375,1658.300048828125,1662.800048828125,45397,0.0,0.0,COFORGE.NS
2026-01-27 13:00:00+05:30,1663.0,1663.0,1652.5999755859375,1653.0,112746,0.0,0.0,COFORGE.NS
2026-01-27 13:15:00+05:30,1653.199951171875,1658.199951171875,1652.300048828125,1657.5999755859375,34962,0.0,0.0,COFORGE.NS
2026-01-27 13:30:00+05:30,1657.699951171875,1658.0999755859375,1652.0999755859375,1653.699951171875,35726,0.0,0.0,COFORGE.NS
2026-01-27 13:45:00+05:30,1653.800048828125,1653.9000244140625,1650.9000244140625,1652.199951171875,44260,0.0,0.0,COFORGE.NS
2026-01-27 14:00:00+05:30,1652.300048828125,1657.4000244140625,1650.800048828125,1656.699951171875,41183,0.0,0.0,COFORGE.NS
2026-01-27 14:15:00+05:30,1656.5,1657.0999755859375,1653.5,1655.800048828125,48299,0.0,0.0,COFORGE.NS
2026-01-27 14:30:00+05:30,1655.9000244140625,1659.5,1654.5,1656.699951171875,133084,0.0,0.0,COFORGE.NS
2026-01-27 14:45:00+05:30,1656.699951171875,1670.300048828125,1655.5999755859375,1668.199951171875,157583,0.0,0.0,COFORGE.NS
2026-01-27 15:00:00+05:30,1667.699951171875,1668.800048828125,1661.5,1662.699951171875,153081,0.0,0.0,COFORGE.NS
2026-01-27 15:15:00+05:30,1662.800048828125,1670.5,1661.699951171875,1668.0999755859375,183691,0.0,0.0,COFORGE.NS
2026-01-28 09:15:00+05:30,1670.0,1690.0,1670.0,1685.0,147449,0.0,0.0,COFORGE.NS
2026-01-28 09:30:00+05:30,1685.0,1687.199951171875,1682.199951171875,1686.0,62325,0.0,0.0,COFORGE.NS
2026-01-28 09:45:00+05:30,1686.199951171875,1690.0,1684.199951171875,1687.800048828125,51357,0.0,0.0,COFORGE.NS
2026-01-28 10:00:00+05:30,1688.699951171875,1688.9000244140625,1679.4000244140625,1682.300048828125,52096,0.0,0.0,COFORGE.NS
2026-01-28 10:15:00+05:30,1682.5,1683.5,1670.699951171875,1675.5,44606,0.0,0.0,COFORGE.NS
2026-01-28 10:30:00+05:30,1674.300048828125,1679.699951171875,1674.199951171875,1675.5999755859375,20598,0.0,0.0,COFORGE.NS
2026-01-28 10:45:00+05:30,1676.5,1677.300048828125,1673.0,1675.5999755859375,33758,0.0,0.0,COFORGE.NS
2026-01-28 11:00:00+05:30,1676.0,1677.4000244140625,1671.5,1674.9000244140625,57003,0.0,0.0,COFORGE.NS
2026-01-28 11:15:00+05:30,1674.9000244140625,1677.699951171875,1674.0,1677.5999755859375,26918,0.0,0.0,COFORGE.NS
2026-01-28 11:30:00+05:30,1677.0,1678.0,1671.0999755859375,1674.5999755859375,32638,0.0,0.0,COFORGE.NS
2026-01-28 11:45:00+05:30,1674.5999755859375,1680.9000244140625,1674.5999755859375,1680.0,21613,0.0,0.0,COFORGE.NS
2026-01-28 12:00:00+05:30,1680.0,1682.0,1677.800048828125,1678.0999755859375,15600,0.0,0.0,COFORGE.NS
2026-01-28 12:15:00+05:30,1678.0,1678.0999755859375,1673.4000244140625,1675.0,28719,0.0,0.0,COFORGE.NS
2026-01-28 12:30:00+05:30,1675.0,1677.0999755859375,1672.9000244140625,1676.0,56810,0.0,0.0,COFORGE.NS
2026-01-28 12:45:00+05:30,1676.0,1676.800048828125,1674.0999755859375,1674.699951171875,54079,0.0,0.0,COFORGE.NS
2026-01-28 13:00:00+05:30,1674.300048828125,1676.699951171875,1673.0,1676.199951171875,32015,0.0,0.0,COFORGE.NS
2026-01-28 13:15:00+05:30,1676.199951171875,1680.5,1673.699951171875,1676.699951171875,23251,0.0,0.0,COFORGE.NS
2026-01-28 13:30:00+05:30,1676.699951171875,1680.0,1674.9000244140625,1675.5999755859375,38222,0.0,0.0,COFORGE.NS
2026-01-28 13:45:00+05:30,1675.0999755859375,1682.5,1674.199951171875,1681.199951171875,49355,0.0,0.0,COFORGE.NS
2026-01-28 14:00:00+05:30,1682.0,1688.199951171875,1681.4000244140625,1688.0999755859375,54496,0.0,0.0,COFORGE.NS
2026-01-28 14:15:00+05:30,1688.0,1688.0,1684.5,1686.4000244140625,23218,0.0,0.0,COFORGE.NS
2026-01-28 14:30:00+05:30,1686.4000244140625,1688.0999755859375,1683.699951171875,1686.5,42288,0.0,0.0,COFORGE.NS
2026-01-28 14:45:00+05:30,1686.5,1694.0999755859375,1685.0,1694.0,98141,0.0,0.0,COFORGE.NS
2026-01-28 15:00:00+05:30,1694.0,1696.0,1690.300048828125,1695.4000244140625,134131,0.0,0.0,COFORGE.NS
2026-01-28 15:15:00+05:30,1695.9000244140625,1696.0999755859375,1685.0,1685.0,110889,0.0,0.0,COFORGE.NS
2026-01-29 09:15:00+05:30,1681.5,1681.5,1663.0,1670.0999755859375,364058,0.0,0.0,COFORGE.NS
2026-01-29 09:30:00+05:30,1670.0,1678.0999755859375,1666.0,1671.0999755859375,113934,0.0,0.0,COFORGE.NS
2026-01-29 09:45:00+05:30,1671.5999755859375,1675.5,1666.0999755859375,1666.0999755859375,106974,0.0,0.0,COFORGE.NS
2026-01-29 10:00:00+05:30,1666.0999755859375,1666.0999755859375,1660.5999755859375,1664.199951171875,87721,0.0,0.0,COFORGE.NS
2026-01-29 10:15:00+05:30,1664.5,1669.9000244140625,1660.199951171875,1664.0,154889,0.0,0.0,COFORGE.NS
2026-01-29 10:30:00+05:30,1664.300048828125,1669.199951171875,1663.0,1667.0,82611,0.0,0.0,COFORGE.NS
2026-01-29 10:45:00+05:30,1667.5999755859375,1671.699951171875,1661.5,1668.5,69395,0.0,0.0,COFORGE.NS
2026-01-29 11:00:00+05:30,1669.0999755859375,1671.4000244140625,1666.5,1668.4000244140625,37202,0.0,0.0,COFORGE.NS
2026-01-29 11:15:00+05:30,1668.800048828125,1671.0999755859375,1666.300048828125,1667.9000244140625,48469,0.0,0.0,COFORGE.NS
2026-01-29 11:30:00+05:30,1667.5999755859375,1671.0999755859375,1667.5999755859375,1670.0,43513,0.0,0.0,COFORGE.NS
2026-01-29 11:45:00+05:30,1670.0,1672.199951171875,1667.800048828125,1671.0,51514,0.0,0.0,COFORGE.NS
2026-01-29 12:00:00+05:30,1670.5999755859375,1674.5,1665.0,1668.0999755859375,44115,0.0,0.0,COFORGE.NS
2026-01-29 12:15:00+05:30,1667.4000244140625,1667.5999755859375,1663.5999755859375,1664.300048828125,40991,0.0,0.0,COFORGE.NS
2026-01-29 12:30:00+05:30,1664.300048828125,1666.9000244140625,1662.800048828125,1664.300048828125,30701,0.0,0.0,COFORGE.NS
2026-01-29 12:45:00+05:30,1664.300048828125,1671.699951171875,1662.699951171875,1667.9000244140625,32990,0.0,0.0,COFORGE.NS
2026-01-29 13:00:00+05:30,1667.9000244140625,1673.9000244140625,1666.699951171875,1671.800048828125,24341,0.0,0.0,COFORGE.NS
2026-01-29 13:15:00+05:30,1671.800048828125,1671.800048828125,1668.0999755859375,1668.800048828125,24075,0.0,0.0,COFORGE.NS
2026-01-29 13:30:00+05:30,1668.9000244140625,1672.199951171875,1668.9000244140625,1670.4000244140625,21766,0.0,0.0,COFORGE.NS
2026-01-29 13:45:00+05:30,1670.4000244140625,1671.9000244140625,1668.699951171875,1671.800048828125,22704,0.0,0.0,COFORGE.NS
2026-01-29 14:00:00+05:30,1672.0,1673.800048828125,1669.0999755859375,1672.199951171875,28116,0.0,0.0,COFORGE.NS
2026-01-29 14:15:00+05:30,1671.0999755859375,1673.800048828125,1669.5999755859375,1672.800048828125,23935,0.0,0.0,COFORGE.NS
2026-01-29 14:30:00+05:30,1672.800048828125,1677.300048828125,1672.800048828125,1675.0,35433,0.0,0.0,COFORGE.NS
2026-01-29 14:45:00+05:30,1675.0,1677.300048828125,1674.5999755859375,1676.300048828125,24046,0.0,0.0,COFORGE.NS
2026-01-29 15:00:00+05:30,1676.0999755859375,1680.4000244140625,1676.0999755859375,1678.5999755859375,60488,0.0,0.0,COFORGE.NS
2026-01-29 15:15:00+05:30,1678.5999755859375,1678.699951171875,1676.4000244140625,1678.0999755859375,68939,0.0,0.0,COFORGE.NS
2026-01-30 09:15:00+05:30,1657.9000244140625,1661.300048828125,1644.699951171875,1658.5,170359,4.0,0.0,COFORGE.NS
2026-01-30 09:30:00+05:30,1658.5999755859375,1666.0,1657.5,1663.5,93179,0.0,0.0,COFORGE.NS
2026-01-30 09:45:00+05:30,1663.5999755859375,1665.0,1660.0,1665.0,68929,0.0,0.0,COFORGE.NS
2026-01-30 10:00:00+05:30,1664.9000244140625,1667.5999755859375,1657.300048828125,1664.0,75425,0.0,0.0,COFORGE.NS
2026-01-30 10:15:00+05:30,1663.9000244140625,1664.0,1657.800048828125,1661.4000244140625,31826,0.0,0.0,COFORGE.NS
2026-01-30 10:30:00+05:30,1660.5999755859375,1667.800048828125,1660.5,1667.0999755859375,28034,0.0,0.0,COFORGE.NS
2026-01-30 10:45:00+05:30,1666.9000244140625,1668.0999755859375,1664.800048828125,1666.0999755859375,21300,0.0,0.0,COFORGE.NS
2026-01-30 11:00:00+05:30,1666.0999755859375,1668.0,1662.5999755859375,1664.300048828125,26186,0.0,0.0,COFORGE.NS
2026-01-30 11:15:00+05:30,1663.9000244140625,1666.199951171875,1661.5999755859375,1662.0,38703,0.0,0.0,COFORGE.NS
2026-01-30 11:30:00+05:30,1662.0,1665.5999755859375,1660.0,1663.9000244140625,29785,0.0,0.0,COFORGE.NS
2026-01-30 11:45:00+05:30,1664.0,1666.5,1661.0,1663.199951171875,27986,0.0,0.0,COFORGE.NS
2026-01-30 12:00:00+05:30,1663.199951171875,1664.300048828125,1661.5999755859375,1663.9000244140625,19064,0.0,0.0,COFORGE.NS
2026-01-30 12:15:00+05:30,1663.9000244140625,1663.9000244140625,1660.5,1660.699951171875,54829,0.0,0.0,COFORGE.NS
2026-01-30 12:30:00+05:30,1661.4000244140625,1663.9000244140625,1661.0,1662.0999755859375,36155,0.0,0.0,COFORGE.NS
2026-01-30 12:45:00+05:30,1662.0,1663.800048828125,1661.199951171875,1663.4000244140625,33439,0.0,0.0,COFORGE.NS
2026-01-30 13:00:00+05:30,1663.199951171875,1663.4000244140625,1658.4000244140625,1659.0,38329,0.0,0.0,COFORGE.NS
2026-01-30 13:15:00+05:30,1659.0,1660.800048828125,1658.800048828125,1660.0,100000,0.0,0.0,COFORGE.NS
2026-01-30 13:30:00+05:30,1659.9000244140625,1662.300048828125,1655.699951171875,1660.0999755859375,36006,0.0,0.0,COFORGE.NS
2026-01-30 13:45:00+05:30,1660.0999755859375,1661.800048828125,1658.5,1660.0,21378,0.0,0.0,COFORGE.NS
2026-01-30 14:00:00+05:30,1660.0,1678.0999755859375,1657.800048828125,1663.800048828125,101718,0.0,0.0,COFORGE.NS
2026-01-30 14:15:00+05:30,1662.699951171875,1664.300048828125,1660.0,1661.699951171875,33471,0.0,0.0,COFORGE.NS
2026-01-30 14:30:00+05:30,1661.699951171875,1663.0,1658.0,1658.9000244140625,26912,0.0,0.0,COFORGE.NS
2026-01-30 14:45:00+05:30,1658.9000244140625,1661.0,1656.0,1659.800048828125,32544,0.0,0.0,COFORGE.NS
2026-01-30 15:00:00+05:30,1660.4000244140625,1660.4000244140625,1653.199951171875,1653.5999755859375,123359,0.0,0.0,COFORGE.NS
2026-01-30 15:15:00+05:30,1652.800048828125,1658.300048828125,1647.9000244140625,1653.0,218753,0.0,0.0,COFORGE.NS
2026-02-02 15:15:00+05:30,1668.199951171875,1668.199951171875,1668.199951171875,1668.199951171875,0,0.0,0.0,COFORGE.NS
2026-02-03 09:15:00+05:30,1759.0,1759.0,1715.300048828125,1716.699951171875,286977,0.0,0.0,COFORGE.NS
2026-02-03 09:30:00+05:30,1716.300048828125,1723.300048828125,1710.0,1710.199951171875,88707,0.0,0.0,COFORGE.NS
2026-02-03 09:45:00+05:30,1709.5,1719.5,1703.300048828125,1715.5999755859375,54716,0.0,0.0,COFORGE.NS
2026-02-03 10:00:00+05:30,1715.5999755859375,1717.699951171875,1705.300048828125,1706.699951171875,32334,0.0,0.0,COFORGE.NS
2026-02-03 10:15:00+05:30,1707.300048828125,1719.9000244140625,1707.300048828125,1716.0,52752,0.0,0.0,COFORGE.NS
2026-02-03 10:30:00+05:30,1715.9000244140625,1728.800048828125,1712.0,1725.9000244140625,96756,0.0,0.0,COFORGE.NS
2026-02-03 10:45:00+05:30,1725.5,1728.800048828125,1724.5999755859375,1727.0,75958,0.0,0.0,COFORGE.NS
2026-02-03 11:00:00+05:30,1726.800048828125,1728.800048828125,1725.4000244140625,1725.4000244140625,17119,0.0,0.0,COFORGE.NS
2026-02-03 11:15:00+05:30,1725.9000244140625,1730.5,1725.0999755859375,1730.5,17328,0.0,0.0,COFORGE.NS
2026-02-03 11:30:00+05:30,1730.5,1737.699951171875,1725.0999755859375,1736.199951171875,55592,0.0,0.0,COFORGE.NS
2026-02-03 11:45:00+05:30,1735.300048828125,1736.800048828125,1727.5,1728.699951171875,21929,0.0,0.0,COFORGE.NS
2026-02-03 12:00:00+05:30,1728.699951171875,1729.0,1724.699951171875,1725.0,24439,0.0,0.0,COFORGE.NS
2026-02-03 12:15:00+05:30,1725.5,1726.800048828125,1724.5,1725.0999755859375,24036,0.0,0.0,COFORGE.NS
2026-02-03 12:30:00+05:30,1725.5,1727.4000244140625,1716.5999755859375,1717.800048828125,28689,0.0,0.0,COFORGE.NS
2026-02-03 12:45:00+05:30,1717.5999755859375,1718.0,1715.0,1716.300048828125,13414,0.0,0.0,COFORGE.NS
2026-02-03 13:00:00+05:30,1716.300048828125,1718.5,1715.699951171875,1718.0999755859375,7906,0.0,0.0,COFORGE.NS
2026-02-03 13:15:00+05:30,1718.0,1719.0,1714.199951171875,1717.0,18076,0.0,0.0,COFORGE.NS
2026-02-03 13:30:00+05:30,1717.0,1717.800048828125,1709.4000244140625,1714.5999755859375,24048,0.0,0.0,COFORGE.NS
2026-02-03 13:45:00+05:30,1714.9000244140625,1718.800048828125,1714.0,1716.4000244140625,22705,0.0,0.0,COFORGE.NS
2026-02-03 14:00:00+05:30,1715.9000244140625,1719.0,1713.5999755859375,1718.199951171875,10658,0.0,0.0,COFORGE.NS
2026-02-03 14:15:00+05:30,1718.5,1719.0,1717.0,1718.9000244140625,20107,0.0,0.0,COFORGE.NS
2026-02-03 14:30:00+05:30,1718.9000244140625,1719.0,1713.300048828125,1714.9000244140625,37192,0.0,0.0,COFORGE.NS
2026-02-03 14:45:00+05:30,1714.199951171875,1718.199951171875,1714.0,1717.4000244140625,37141,0.0,0.0,COFORGE.NS
2026-02-03 15:00:00+05:30,1717.800048828125,1718.9000244140625,1710.199951171875,1711.5,87716,0.0,0.0,COFORGE.NS
2026-02-03 15:15:00+05:30,1711.5,1713.199951171875,1707.800048828125,1708.0999755859375,103170,0.0,0.0,COFORGE.NS
2026-02-04 09:15:00+05:30,1614.5,1620.0999755859375,1599.9000244140625,1607.0999755859375,224156,0.0,0.0,COFORGE.NS
2026-02-04 09:30:00+05:30,1607.0,1618.0,1603.9000244140625,1615.0999755859375,165354,0.0,0.0,COFORGE.NS
2026-02-04 09:45:00+05:30,1615.5999755859375,1618.5,1611.5999755859375,1615.4000244140625,99422,0.0,0.0,COFORGE.NS
2026-02-04 10:00:00+05:30,1615.699951171875,1619.5999755859375,1607.9000244140625,1607.9000244140625,99494,0.0,0.0,COFORGE.NS
2026-02-04 10:15:00+05:30,1608.0999755859375,1610.5,1599.5999755859375,1602.699951171875,163309,0.0,0.0,COFORGE.NS
2026-02-04 10:30:00+05:30,1603.4000244140625,1604.0,1595.0,1601.199951171875,115159,0.0,0.0,COFORGE.NS
2026-02-04 10:45:00+05:30,1601.0,1602.0,1590.0,1592.199951171875,127544,0.0,0.0,COFORGE.NS
2026-02-04 11:00:00+05:30,1591.9000244140625,1596.5,1587.300048828125,1590.5999755859375,152840,0.0,0.0,COFORGE.NS
2026-02-04 11:15:00+05:30,1590.5999755859375,1596.4000244140625,1577.4000244140625,1582.5,204980,0.0,0.0,COFORGE.NS
2026-02-04 11:30:00+05:30,1582.300048828125,1588.0,1578.9000244140625,1584.4000244140625,113694,0.0,0.0,COFORGE.NS
2026-02-04 11:45:00+05:30,1584.5999755859375,1585.0,1578.4000244140625,1581.9000244140625,68477,0.0,0.0,COFORGE.NS
2026-02-04 12:00:00+05:30,1580.800048828125,1586.699951171875,1577.0,1580.800048828125,99090,0.0,0.0,COFORGE.NS
2026-02-04 12:15:00+05:30,1580.800048828125,1581.199951171875,1570.0999755859375,1571.800048828125,143564,0.0,0.0,COFORGE.NS
2026-02-04 12:30:00+05:30,1571.4000244140625,1576.0,1565.9000244140625,1575.0,152251,0.0,0.0,COFORGE.NS
2026-02-04 12:45:00+05:30,1574.199951171875,1575.4000244140625,1565.0,1565.0,123765,0.0,0.0,COFORGE.NS
2026-02-04 13:00:00+05:30,1565.0,1578.0,1564.800048828125,1576.199951171875,140414,0.0,0.0,COFORGE.NS
2026-02-04 13:15:00+05:30,1576.800048828125,1582.800048828125,1575.0,1581.300048828125,122594,0.0,0.0,COFORGE.NS
2026-02-04 13:30:00+05:30,1581.800048828125,1594.0,1580.199951171875,1591.800048828125,353112,0.0,0.0,COFORGE.NS
2026-02-04 13:45:00+05:30,1591.199951171875,1599.800048828125,1589.699951171875,1598.5999755859375,231412,0.0,0.0,COFORGE.NS
2026-02-04 14:00:00+05:30,1597.9000244140625,1602.9000244140625,1594.0999755859375,1601.5,281648,0.0,0.0,COFORGE.NS
2026-02-04 14:15:00+05:30,1601.0999755859375,1607.0,1601.0999755859375,1603.5999755859375,206270,0.0,0.0,COFORGE.NS
2026-02-04 14:30:00+05:30,1604.0999755859375,1609.5,1603.0,1607.4000244140625,199478,0.0,0.0,COFORGE.NS
2026-02-04 14:45:00+05:30,1607.5,1622.0,1606.800048828125,1613.0,365793,0.0,0.0,COFORGE.NS
2026-02-04 15:00:00+05:30,1614.5999755859375,1615.800048828125,1611.4000244140625,1615.699951171875,180077,0.0,0.0,COFORGE.NS
2026-02-04 15:15:00+05:30,1615.800048828125,1617.0,1609.0,1613.9000244140625,216592,0.0,0.0,COFORGE.NS
2026-02-05 09:15:00+05:30,1598.0,1608.4000244140625,1590.5,1604.199951171875,89576,0.0,0.0,COFORGE.NS
2026-02-05 09:30:00+05:30,1604.0999755859375,1606.0999755859375,1594.0,1594.699951171875,130778,0.0,0.0,COFORGE.NS
2026-02-05 09:45:00+05:30,1594.0999755859375,1604.199951171875,1593.9000244140625,1604.199951171875,58835,0.0,0.0,COFORGE.NS
2026-02-05 10:00:00+05:30,1604.199951171875,1606.0,1598.0999755859375,1604.0,69169,0.0,0.0,COFORGE.NS
2026-02-05 10:15:00+05:30,1603.9000244140625,1618.5999755859375,1602.0,1612.199951171875,101676,0.0,0.0,COFORGE.NS
2026-02-05 10:30:00+05:30,1612.0,1620.0,1611.300048828125,1612.0,82408,0.0,0.0,COFORGE.NS
2026-02-05 10:45:00+05:30,1611.5,1611.5,1602.4000244140625,1605.4000244140625,104383,0.0,0.0,COFORGE.NS
2026-02-05 11:00:00+05:30,1605.199951171875,1607.199951171875,1603.5,1607.0,31086,0.0,0.0,COFORGE.NS
2026-02-05 11:15:00+05:30,1606.9000244140625,1606.9000244140625,1600.699951171875,1604.0,35262,0.0,0.0,COFORGE.NS
2026-02-05 11:30:00+05:30,1604.300048828125,1606.4000244140625,1601.0,1603.199951171875,28272,0.0,0.0,COFORGE.NS
2026-02-05 11:45:00+05:30,1603.199951171875,1603.199951171875,1596.0999755859375,1598.9000244140625,33606,0.0,0.0,COFORGE.NS
2026-02-05 12:00:00+05:30,1599.0,1599.0999755859375,1595.5999755859375,1597.4000244140625,29615,0.0,0.0,COFORGE.NS
2026-02-05 12:15:00+05:30,1597.699951171875,1600.300048828125,1595.5,1600.300048828125,42800,0.0,0.0,COFORGE.NS
2026-02-05 12:30:00+05:30,1599.4000244140625,1600.300048828125,1594.0,1594.5999755859375,31303,0.0,0.0,COFORGE.NS
2026-02-05 12:45:00+05:30,1596.0999755859375,1598.4000244140625,1593.5999755859375,1595.800048828125,33016,0.0,0.0,COFORGE.NS
2026-02-05 13:00:00+05:30,1595.800048828125,1599.9000244140625,1595.199951171875,1598.800048828125,33672,0.0,0.0,COFORGE.NS
2026-02-05 13:15:00+05:30,1598.9000244140625,1599.9000244140625,1597.0,1597.199951171875,31250,0.0,0.0,COFORGE.NS
2026-02-05 13:30:00+05:30,1597.199951171875,1601.5,1597.0,1601.5,22598,0.0,0.0,COFORGE.NS
2026-02-05 13:45:00+05:30,1601.5,1604.0,1599.4000244140625,1600.9000244140625,36409,0.0,0.0,COFORGE.NS
2026-02-05 14:00:00+05:30,1600.5,1600.9000244140625,1597.0,1598.300048828125,56818,0.0,0.0,COFORGE.NS
2026-02-05 14:15:00+05:30,1598.300048828125,1602.699951171875,1597.5,1602.4000244140625,58426,0.0,0.0,COFORGE.NS
2026-02-05 14:30:00+05:30,1602.199951171875,1604.5,1601.5,1602.199951171875,57483,0.0,0.0,COFORGE.NS
2026-02-05 14:45:00+05:30,1601.699951171875,1608.0,1601.0,1607.5999755859375,82974,0.0,0.0,COFORGE.NS
2026-02-05 15:00:00+05:30,1607.5,1607.5,1597.4000244140625,1598.800048828125,131365,0.0,0.0,COFORGE.NS
2026-02-05 15:15:00+05:30,1598.800048828125,1601.9000244140625,1596.9000244140625,1601.5,167369,0.0,0.0,COFORGE.NS
2026-02-06 09:15:00+05:30,1591.5999755859375,1591.5999755859375,1537.9000244140625,1540.0999755859375,272925,0.0,0.0,COFORGE.NS
2026-02-06 09:30:00+05:30,1541.199951171875,1541.5,1533.0,1535.0,263024,0.0,0.0,COFORGE.NS
2026-02-06 09:45:00+05:30,1534.5999755859375,1544.0,1532.0,1536.9000244140625,172521,0.0,0.0,COFORGE.NS
2026-02-06 10:00:00+05:30,1536.5,1545.0,1535.0,1542.0999755859375,76950,0.0,0.0,COFORGE.NS
2026-02-06 10:15:00+05:30,1541.5999755859375,1551.5999755859375,1539.0999755859375,1539.0999755859375,142923,0.0,0.0,COFORGE.NS
2026-02-06 10:30:00+05:30,1539.0999755859375,1544.300048828125,1538.0999755859375,1541.300048828125,50122,0.0,0.0,COFORGE.NS
2026-02-06 10:45:00+05:30,1541.5999755859375,1542.0,1537.0,1540.300048828125,39678,0.0,0.0,COFORGE.NS
2026-02-06 11:00:00+05:30,1540.4000244140625,1540.800048828125,1532.4000244140625,1534.5,159027,0.0,0.0,COFORGE.NS
2026-02-06 11:15:00+05:30,1534.5,1546.699951171875,1534.5,1546.4000244140625,97513,0.0,0.0,COFORGE.NS
2026-02-06 11:30:00+05:30,1546.800048828125,1550.0,1544.0,1545.0999755859375,55145,0.0,0.0,COFORGE.NS
2026-02-06 11:45:00+05:30,1545.0999755859375,1550.0999755859375,1544.800048828125,1550.0,48944,0.0,0.0,COFORGE.NS
2026-02-06 12:00:00+05:30,1549.9000244140625,1558.0,1548.9000244140625,1552.0,143129,0.0,0.0,COFORGE.NS
2026-02-06 12:15:00+05:30,1552.5,1552.5,1542.699951171875,1545.0,54423,0.0,0.0,COFORGE.NS
2026-02-06 12:30:00+05:30,1544.699951171875,1547.4000244140625,1541.0,1542.0,45542,0.0,0.0,COFORGE.NS
2026-02-06 12:45:00+05:30,1542.0,1542.9000244140625,1539.0,1540.199951171875,41347,0.0,0.0,COFORGE.NS
2026-02-06 13:00:00+05:30,1540.199951171875,1544.4000244140625,1539.4000244140625,1543.0,39230,0.0,0.0,COFORGE.NS
2026-02-06 13:15:00+05:30,1543.0999755859375,1546.699951171875,1543.0,1543.699951171875,29003,0.0,0.0,COFORGE.NS
2026-02-06 13:30:00+05:30,1544.699951171875,1546.9000244140625,1543.199951171875,1543.5999755859375,47294,0.0,0.0,COFORGE.NS
2026-02-06 13:45:00+05:30,1544.0,1547.0999755859375,1541.699951171875,1546.300048828125,72676,0.0,0.0,COFORGE.NS
2026-02-06 14:00:00+05:30,1546.4000244140625,1548.5,1540.800048828125,1543.0,69838,0.0,0.0,COFORGE.NS
2026-02-06 14:15:00+05:30,1543.5999755859375,1543.800048828125,1541.0,1541.4000244140625,49801,0.0,0.0,COFORGE.NS
2026-02-06 14:30:00+05:30,1541.4000244140625,1544.0,1540.0999755859375,1541.0999755859375,73096,0.0,0.0,COFORGE.NS
2026-02-06 14:45:00+05:30,1541.4000244140625,1546.800048828125,1540.9000244140625,1545.0,112435,0.0,0.0,COFORGE.NS
2026-02-06 15:00:00+05:30,1546.0999755859375,1547.800048828125,1543.5999755859375,1545.800048828125,195975,0.0,0.0,COFORGE.NS
2026-02-06 15:15:00+05:30,1546.0,1549.0,1543.0,1543.0,286520,0.0,0.0,COFORGE.NS
2026-02-09 09:15:00+05:30,1556.5,1572.4000244140625,1554.300048828125,1559.5999755859375,72606,0.0,0.0,COFORGE.NS
2026-02-09 09:30:00+05:30,1559.4000244140625,1561.0,1544.199951171875,1544.699951171875,97214,0.0,0.0,COFORGE.NS
2026-02-09 09:45:00+05:30,1545.0999755859375,1545.4000244140625,1540.5999755859375,1541.9000244140625,60210,0.0,0.0,COFORGE.NS
2026-02-09 10:00:00+05:30,1541.9000244140625,1545.5999755859375,1538.300048828125,1540.0,82869,0.0,0.0,COFORGE.NS
2026-02-09 10:15:00+05:30,1540.0,1541.300048828125,1538.4000244140625,1539.5,43960,0.0,0.0,COFORGE.NS
2026-02-09 10:30:00+05:30,1539.5999755859375,1547.5999755859375,1539.5999755859375,1544.9000244140625,59014,0.0,0.0,COFORGE.NS
2026-02-09 10:45:00+05:30,1544.5999755859375,1551.9000244140625,1544.5999755859375,1550.5,62838,0.0,0.0,COFORGE.NS
2026-02-09 11:00:00+05:30,1550.800048828125,1557.199951171875,1550.0999755859375,1554.699951171875,63070,0.0,0.0,COFORGE.NS
2026-02-09 11:15:00+05:30,1554.300048828125,1554.800048828125,1551.0,1551.5,32023,0.0,0.0,COFORGE.NS
2026-02-09 11:30:00+05:30,1551.5999755859375,1557.9000244140625,1550.0,1555.4000244140625,47241,0.0,0.0,COFORGE.NS
2026-02-09 11:45:00+05:30,1555.5999755859375,1556.800048828125,1552.0,1555.199951171875,30131,0.0,0.0,COFORGE.NS
2026-02-09 12:00:00+05:30,1555.199951171875,1559.5,1555.199951171875,1558.800048828125,45873,0.0,0.0,COFORGE.NS
2026-02-09 12:15:00+05:30,1559.0999755859375,1561.199951171875,1558.199951171875,1559.4000244140625,52739,0.0,0.0,COFORGE.NS
2026-02-09 12:30:00+05:30,1559.9000244140625,1560.0999755859375,1552.4000244140625,1553.699951171875,197696,0.0,0.0,COFORGE.NS
2026-02-09 12:45:00+05:30,1553.0,1553.699951171875,1545.0999755859375,1545.699951171875,105189,0.0,0.0,COFORGE.NS
2026-02-09 13:00:00+05:30,1546.199951171875,1554.0,1544.5999755859375,1553.699951171875,51623,0.0,0.0,COFORGE.NS
2026-02-09 13:15:00+05:30,1553.0999755859375,1554.199951171875,1550.0,1550.0,20718,0.0,0.0,COFORGE.NS
2026-02-09 13:30:00+05:30,1550.5,1554.0,1549.300048828125,1552.5,25904,0.0,0.0,COFORGE.NS
2026-02-09 13:45:00+05:30,1552.5,1554.5999755859375,1550.0,1551.5999755859375,28962,0.0,0.0,COFORGE.NS
2026-02-09 14:00:00+05:30,1551.300048828125,1551.800048828125,1546.0,1546.699951171875,26524,0.0,0.0,COFORGE.NS
2026-02-09 14:15:00+05:30,1546.800048828125,1550.0,1545.5999755859375,1549.9000244140625,25088,0.0,0.0,COFORGE.NS
2026-02-09 14:30:00+05:30,1549.800048828125,1552.0,1549.0,1549.4000244140625,42611,0.0,0.0,COFORGE.NS
2026-02-09 14:45:00+05:30,1549.5999755859375,1550.0999755859375,1547.0999755859375,1548.9000244140625,35094,0.0,0.0,COFORGE.NS
2026-02-09 15:00:00+05:30,1549.9000244140625,1551.0999755859375,1547.4000244140625,1547.5,56410,0.0,0.0,COFORGE.NS
2026-02-09 15:15:00+05:30,1549.300048828125,1551.0,1547.300048828125,1549.300048828125,96062,0.0,0.0,COFORGE.NS
2026-02-10 09:15:00+05:30,1558.9000244140625,1558.9000244140625,1542.800048828125,1555.699951171875,54475,0.0,0.0,COFORGE.NS
2026-02-10 09:30:00+05:30,1555.199951171875,1567.5999755859375,1553.699951171875,1563.0999755859375,120978,0.0,0.0,COFORGE.NS
2026-02-10 09:45:00+05:30,1563.5999755859375,1567.300048828125,1559.300048828125,1560.9000244140625,93960,0.0,0.0,COFORGE.NS
2026-02-10 10:00:00+05:30,1560.9000244140625,1567.4000244140625,1555.0,1557.0,86168,0.0,0.0,COFORGE.NS
2026-02-10 10:15:00+05:30,1556.300048828125,1564.300048828125,1555.5999755859375,1558.4000244140625,293738,0.0,0.0,COFORGE.NS
2026-02-10 10:30:00+05:30,1558.300048828125,1562.5,1554.4000244140625,1556.699951171875,70488,0.0,0.0,COFORGE.NS
2026-02-10 10:45:00+05:30,1557.199951171875,1562.800048828125,1556.4000244140625,1557.300048828125,61675,0.0,0.0,COFORGE.NS
2026-02-10 11:00:00+05:30,1557.199951171875,1562.0,1555.800048828125,1556.300048828125,41322,0.0,0.0,COFORGE.NS
2026-02-10 11:15:00+05:30,1556.300048828125,1558.0,1550.699951171875,1555.699951171875,1204088,0.0,0.0,COFORGE.NS
2026-02-10 11:30:00+05:30,1555.5999755859375,1565.5999755859375,1554.800048828125,1563.0,75145,0.0,0.0,COFORGE.NS
2026-02-10 11:45:00+05:30,1563.0,1574.0999755859375,1562.0,1573.0,89831,0.0,0.0,COFORGE.NS
2026-02-10 12:00:00+05:30,1573.5999755859375,1577.699951171875,1569.800048828125,1573.0,116071,0.0,0.0,COFORGE.NS
2026-02-10 12:15:00+05:30,1573.9000244140625,1574.300048828125,1569.0,1571.0,53470,0.0,0.0,COFORGE.NS
2026-02-10 12:30:00+05:30,1571.699951171875,1574.0,1568.4000244140625,1571.5,47136,0.0,0.0,COFORGE.NS
2026-02-10 12:45:00+05:30,1571.0,1577.0999755859375,1571.0,1577.0999755859375,54243,0.0,0.0,COFORGE.NS
2026-02-10 13:00:00+05:30,1577.199951171875,1577.5,1572.4000244140625,1573.5,39566,0.0,0.0,COFORGE.NS
2026-02-10 13:15:00+05:30,1573.5,1573.800048828125,1565.5,1565.699951171875,48509,0.0,0.0,COFORGE.NS
2026-02-10 13:30:00+05:30,1565.9000244140625,1567.800048828125,1563.4000244140625,1566.5,45045,0.0,0.0,COFORGE.NS
2026-02-10 13:45:00+05:30,1566.5,1566.9000244140625,1561.0,1561.9000244140625,36390,0.0,0.0,COFORGE.NS
2026-02-10 14:00:00+05:30,1562.199951171875,1564.0999755859375,1558.5,1558.800048828125,36567,0.0,0.0,COFORGE.NS
2026-02-10 14:15:00+05:30,1558.800048828125,1559.4000244140625,1552.0,1552.5,66885,0.0,0.0,COFORGE.NS
2026-02-10 14:30:00+05:30,1552.300048828125,1554.800048828125,1549.9000244140625,1551.5,78390,0.0,0.0,COFORGE.NS
2026-02-10 14:45:00+05:30,1551.5,1555.0,1551.0,1554.0,57005,0.0,0.0,COFORGE.NS
2026-02-10 15:00:00+05:30,1556.5,1556.5,1547.4000244140625,1548.5,97765,0.0,0.0,COFORGE.NS
2026-02-10 15:15:00+05:30,1548.5,1555.699951171875,1548.0,1555.0,115757,0.0,0.0,COFORGE.NS
2026-02-11 09:15:00+05:30,1557.800048828125,1560.0,1551.5,1554.0,49476,0.0,0.0,COFORGE.NS
2026-02-11 09:30:00+05:30,1554.0,1554.300048828125,1542.4000244140625,1542.5,64414,0.0,0.0,COFORGE.NS
2026-02-11 09:45:00+05:30,1542.800048828125,1544.5999755859375,1534.699951171875,1543.4000244140625,93080,0.0,0.0,COFORGE.NS
2026-02-11 10:00:00+05:30,1543.199951171875,1543.199951171875,1530.0,1534.0999755859375,92191,0.0,0.0,COFORGE.NS
2026-02-11 10:15:00+05:30,1534.0,1540.5,1531.0999755859375,1533.5,67669,0.0,0.0,COFORGE.NS
2026-02-11 10:30:00+05:30,1533.699951171875,1537.199951171875,1531.4000244140625,1535.5,39808,0.0,0.0,COFORGE.NS
2026-02-11 10:45:00+05:30,1536.0,1541.9000244140625,1534.0999755859375,1538.199951171875,58026,0.0,0.0,COFORGE.NS
2026-02-11 11:00:00+05:30,1538.300048828125,1540.4000244140625,1534.0,1536.5999755859375,48391,0.0,0.0,COFORGE.NS
2026-02-11 11:15:00+05:30,1536.5999755859375,1537.4000244140625,1533.0999755859375,1536.199951171875,32957,0.0,0.0,COFORGE.NS
2026-02-11 11:30:00+05:30,1536.199951171875,1539.0,1535.699951171875,1536.0,27111,0.0,0.0,COFORGE.NS
2026-02-11 11:45:00+05:30,1536.0,1537.9000244140625,1535.0,1535.9000244140625,37417,0.0,0.0,COFORGE.NS
2026-02-11 12:00:00+05:30,1535.9000244140625,1535.9000244140625,1531.199951171875,1533.0,43777,0.0,0.0,COFORGE.NS
2026-02-11 12:15:00+05:30,1533.4000244140625,1533.4000244140625,1526.0,1527.199951171875,74792,0.0,0.0,COFORGE.NS
2026-02-11 12:30:00+05:30,1527.199951171875,1529.4000244140625,1520.300048828125,1522.800048828125,90083,0.0,0.0,COFORGE.NS
2026-02-11 12:45:00+05:30,1522.800048828125,1527.0,1521.0,1526.699951171875,57407,0.0,0.0,COFORGE.NS
2026-02-11 13:00:00+05:30,1526.699951171875,1526.699951171875,1518.5,1519.5,68009,0.0,0.0,COFORGE.NS
2026-02-11 13:15:00+05:30,1519.5,1523.300048828125,1517.5999755859375,1523.199951171875,49077,0.0,0.0,COFORGE.NS
2026-02-11 13:30:00+05:30,1523.4000244140625,1524.800048828125,1520.300048828125,1522.5999755859375,36016,0.0,0.0,COFORGE.NS
2026-02-11 13:45:00+05:30,1522.4000244140625,1522.9000244140625,1519.5999755859375,1521.0,35507,0.0,0.0,COFORGE.NS
2026-02-11 14:00:00+05:30,1521.0,1529.5,1521.0,1529.5,43661,0.0,0.0,COFORGE.NS
2026-02-11 14:15:00+05:30,1529.4000244140625,1531.0,1526.4000244140625,1526.699951171875,55622,0.0,0.0,COFORGE.NS
2026-02-11 14:30:00+05:30,1525.9000244140625,1528.0,1525.0,1525.699951171875,50247,0.0,0.0,COFORGE.NS
2026-02-11 14:45:00+05:30,1525.4000244140625,1526.800048828125,1520.0999755859375,1523.0,116515,0.0,0.0,COFORGE.NS
2026-02-11 15:00:00+05:30,1523.199951171875,1524.300048828125,1521.0,1523.0999755859375,134175,0.0,0.0,COFORGE.NS
2026-02-11 15:15:00+05:30,1523.199951171875,1523.5,1513.0,1517.5999755859375,178974,0.0,0.0,COFORGE.NS
2026-02-12 09:15:00+05:30,1499.0,1499.0,1444.0,1445.5,386484,0.0,0.0,COFORGE.NS
2026-02-12 09:30:00+05:30,1446.199951171875,1449.800048828125,1436.699951171875,1447.5999755859375,536267,0.0,0.0,COFORGE.NS
2026-02-12 09:45:00+05:30,1448.0,1448.0,1435.199951171875,1443.699951171875,325693,0.0,0.0,COFORGE.NS
2026-02-12 10:00:00+05:30,1443.4000244140625,1452.0,1440.0,1449.699951171875,270969,0.0,0.0,COFORGE.NS
2026-02-12 10:15:00+05:30,1449.800048828125,1452.0,1439.300048828125,1440.0,189932,0.0,0.0,COFORGE.NS
2026-02-12 10:30:00+05:30,1439.5999755859375,1442.4000244140625,1433.0,1440.0,168133,0.0,0.0,COFORGE.NS
2026-02-12 10:45:00+05:30,1440.300048828125,1440.300048828125,1433.5,1437.0,166348,0.0,0.0,COFORGE.NS
2026-02-12 11:00:00+05:30,1436.5999755859375,1437.9000244140625,1433.5999755859375,1436.5,85839,0.0,0.0,COFORGE.NS
2026-02-12 11:15:00+05:30,1436.0,1437.4000244140625,1431.5999755859375,1435.699951171875,91855,0.0,0.0,COFORGE.NS
2026-02-12 11:30:00+05:30,1435.4000244140625,1436.199951171875,1432.0,1435.300048828125,82432,0.0,0.0,COFORGE.NS
2026-02-12 11:45:00+05:30,1435.699951171875,1437.0,1427.300048828125,1429.699951171875,171746,0.0,0.0,COFORGE.NS
2026-02-12 12:00:00+05:30,1429.5999755859375,1429.800048828125,1426.9000244140625,1427.0,76622,0.0,0.0,COFORGE.NS
2026-02-12 12:15:00+05:30,1427.0999755859375,1432.800048828125,1427.0999755859375,1427.800048828125,155481,0.0,0.0,COFORGE.NS
2026-02-12 12:30:00+05:30,1428.0,1428.800048828125,1421.800048828125,1421.800048828125,144942,0.0,0.0,COFORGE.NS
2026-02-12 12:45:00+05:30,1422.0,1423.800048828125,1420.800048828125,1421.4000244140625,140047,0.0,0.0,COFORGE.NS
2026-02-12 13:00:00+05:30,1421.0999755859375,1423.0,1416.0999755859375,1417.199951171875,134011,0.0,0.0,COFORGE.NS
2026-02-12 13:15:00+05:30,1417.199951171875,1421.5,1416.0,1417.0,145039,0.0,0.0,COFORGE.NS
2026-02-12 13:30:00+05:30,1417.0,1419.4000244140625,1412.4000244140625,1415.5999755859375,158603,0.0,0.0,COFORGE.NS
2026-02-12 13:45:00+05:30,1415.5999755859375,1428.0,1415.0,1427.0,231732,0.0,0.0,COFORGE.NS
2026-02-12 14:00:00+05:30,1427.0,1427.5,1418.4000244140625,1424.0999755859375,126854,0.0,0.0,COFORGE.NS
2026-02-12 14:15:00+05:30,1424.0999755859375,1426.9000244140625,1419.0,1425.300048828125,104916,0.0,0.0,COFORGE.NS
2026-02-12 14:30:00+05:30,1425.300048828125,1427.800048828125,1422.5,1426.800048828125,135853,0.0,0.0,COFORGE.NS
2026-02-12 14:45:00+05:30,1426.800048828125,1426.800048828125,1422.0,1423.0999755859375,154706,0.0,0.0,COFORGE.NS
2026-02-12 15:00:00+05:30,1423.5999755859375,1424.4000244140625,1420.300048828125,1421.9000244140625,350230,0.0,0.0,COFORGE.NS
2026-02-12 15:15:00+05:30,1422.0,1424.4000244140625,1417.5999755859375,1420.0,411308,0.0,0.0,COFORGE.NS
2026-02-13 09:15:00+05:30,1357.9000244140625,1378.0999755859375,1345.699951171875,1349.300048828125,918872,0.0,0.0,COFORGE.NS
2026-02-13 09:30:00+05:30,1349.4000244140625,1351.5,1341.0,1348.0,370974,0.0,0.0,COFORGE.NS
2026-02-13 09:45:00+05:30,1348.0,1349.699951171875,1335.0,1335.0999755859375,255562,0.0,0.0,COFORGE.NS
2026-02-13 10:00:00+05:30,1335.0,1346.4000244140625,1334.0999755859375,1343.199951171875,202269,0.0,0.0,COFORGE.NS
2026-02-13 10:15:00+05:30,1343.5,1361.699951171875,1338.0,1352.699951171875,518973,0.0,0.0,COFORGE.NS
2026-02-13 10:30:00+05:30,1352.699951171875,1364.199951171875,1352.699951171875,1361.5,621171,0.0,0.0,COFORGE.NS
2026-02-13 10:45:00+05:30,1361.800048828125,1366.800048828125,1356.0,1356.300048828125,491876,0.0,0.0,COFORGE.NS
2026-02-13 11:00:00+05:30,1356.199951171875,1368.9000244140625,1345.5,1367.5999755859375,442659,0.0,0.0,COFORGE.NS
2026-02-13 11:15:00+05:30,1367.800048828125,1368.5,1358.0,1363.800048828125,489039,0.0,0.0,COFORGE.NS
2026-02-13 11:30:00+05:30,1363.800048828125,1371.0999755859375,1355.300048828125,1370.0,367321,0.0,0.0,COFORGE.NS
2026-02-13 11:45:00+05:30,1369.0,1379.5999755859375,1368.300048828125,1376.4000244140625,403178,0.0,0.0,COFORGE.NS
2026-02-13 12:00:00+05:30,1376.9000244140625,1392.300048828125,1373.300048828125,1379.4000244140625,462089,0.0,0.0,COFORGE.NS
2026-02-13 12:15:00+05:30,1379.5999755859375,1383.5999755859375,1367.0999755859375,1374.0,763955,0.0,0.0,COFORGE.NS
2026-02-13 12:30:00+05:30,1374.300048828125,1376.699951171875,1364.5,1367.199951171875,671818,0.0,0.0,COFORGE.NS
2026-02-13 12:45:00+05:30,1367.0999755859375,1371.0,1351.5,1352.9000244140625,440873,0.0,0.0,COFORGE.NS
2026-02-13 13:00:00+05:30,1353.300048828125,1363.4000244140625,1351.5,1361.0,372396,0.0,0.0,COFORGE.NS
2026-02-13 13:15:00+05:30,1361.0,1367.699951171875,1356.699951171875,1360.300048828125,484339,0.0,0.0,COFORGE.NS
2026-02-13 13:30:00+05:30,1360.4000244140625,1363.5999755859375,1349.0,1350.0,449380,0.0,0.0,COFORGE.NS
2026-02-13 13:45:00+05:30,1350.5999755859375,1360.800048828125,1347.4000244140625,1360.800048828125,388815,0.0,0.0,COFORGE.NS
2026-02-13 14:00:00+05:30,1361.300048828125,1363.0999755859375,1352.9000244140625,1353.5,570446,0.0,0.0,COFORGE.NS
2026-02-13 14:15:00+05:30,1354.0,1358.5999755859375,1349.5,1354.5,1115583,0.0,0.0,COFORGE.NS
2026-02-13 14:30:00+05:30,1354.4000244140625,1375.800048828125,1349.300048828125,1365.9000244140625,771375,0.0,0.0,COFORGE.NS
2026-02-13 14:45:00+05:30,1365.5,1369.5999755859375,1362.199951171875,1369.0,109458,0.0,0.0,COFORGE.NS
2026-02-13 15:00:00+05:30,1369.0999755859375,1370.699951171875,1361.0,1361.199951171875,339859,0.0,0.0,COFORGE.NS
2026-02-13 15:15:00+05:30,1361.300048828125,1363.300048828125,1355.5999755859375,1361.800048828125,481250,0.0,0.0,COFORGE.NS
2026-02-16 09:15:00+05:30,1354.800048828125,1365.5999755859375,1345.0999755859375,1346.0999755859375,369241,0.0,0.0,COFORGE.NS
2026-02-16 09:30:00+05:30,1345.5999755859375,1353.5,1343.5,1349.0999755859375,374000,0.0,0.0,COFORGE.NS
2026-02-16 09:45:00+05:30,1349.0999755859375,1349.800048828125,1335.0,1349.800048828125,139437,0.0,0.0,COFORGE.NS
2026-02-16 10:00:00+05:30,1349.699951171875,1372.199951171875,1349.5999755859375,1367.9000244140625,548111,0.0,0.0,COFORGE.NS
2026-02-16 10:15:00+05:30,1367.5,1369.800048828125,1358.5999755859375,1361.800048828125,1486650,0.0,0.0,COFORGE.NS
2026-02-16 10:30:00+05:30,1361.9000244140625,1371.0,1361.199951171875,1365.4000244140625,54839,0.0,0.0,COFORGE.NS
2026-02-16 10:45:00+05:30,1366.0999755859375,1368.800048828125,1358.0,1360.699951171875,71480,0.0,0.0,COFORGE.NS
2026-02-16 11:00:00+05:30,1360.699951171875,1365.0,1359.300048828125,1363.5999755859375,55621,0.0,0.0,COFORGE.NS
2026-02-16 11:15:00+05:30,1363.5,1373.699951171875,1362.300048828125,1369.800048828125,56464,0.0,0.0,COFORGE.NS
2026-02-16 11:30:00+05:30,1369.800048828125,1373.800048828125,1362.199951171875,1364.0999755859375,69588,0.0,0.0,COFORGE.NS
2026-02-16 11:45:00+05:30,1364.4000244140625,1368.5,1360.199951171875,1365.800048828125,35870,0.0,0.0,COFORGE.NS
2026-02-16 12:00:00+05:30,1366.0999755859375,1371.9000244140625,1366.0,1368.5,34861,0.0,0.0,COFORGE.NS
2026-02-16 12:15:00+05:30,1368.5,1371.199951171875,1367.300048828125,1370.9000244140625,25251,0.0,0.0,COFORGE.NS
2026-02-16 12:30:00+05:30,1371.699951171875,1371.699951171875,1363.699951171875,1365.800048828125,33765,0.0,0.0,COFORGE.NS
2026-02-16 12:45:00+05:30,1366.0,1366.0,1360.199951171875,1361.300048828125,42280,0.0,0.0,COFORGE.NS
2026-02-16 13:00:00+05:30,1361.199951171875,1366.5999755859375,1361.199951171875,1364.800048828125,31279,0.0,0.0,COFORGE.NS
2026-02-16 13:15:00+05:30,1364.800048828125,1369.9000244140625,1364.800048828125,1367.800048828125,27649,0.0,0.0,COFORGE.NS
2026-02-16 13:30:00+05:30,1367.4000244140625,1368.0,1363.5999755859375,1367.4000244140625,22668,0.0,0.0,COFORGE.NS
2026-02-16 13:45:00+05:30,1366.9000244140625,1369.0,1362.5999755859375,1363.699951171875,22467,0.0,0.0,COFORGE.NS
2026-02-16 14:00:00+05:30,1363.199951171875,1372.9000244140625,1363.199951171875,1370.5,56861,0.0,0.0,COFORGE.NS
2026-02-16 14:15:00+05:30,1370.5,1380.4000244140625,1370.0,1379.9000244140625,419545,0.0,0.0,COFORGE.NS
2026-02-16 14:30:00+05:30,1379.9000244140625,1386.4000244140625,1378.5,1385.9000244140625,126209,0.0,0.0,COFORGE.NS
2026-02-16 14:45:00+05:30,1386.5999755859375,1389.0999755859375,1381.4000244140625,1386.5,99680,0.0,0.0,COFORGE.NS
2026-02-16 15:00:00+05:30,1386.5,1395.800048828125,1383.0999755859375,1392.9000244140625,230597,0.0,0.0,COFORGE.NS
2026-02-16 15:15:00+05:30,1392.5,1399.0,1391.0999755859375,1392.5,292876,0.0,0.0,COFORGE.NS
2026-02-17 09:15:00+05:30,1391.800048828125,1420.800048828125,1382.5999755859375,1413.0999755859375,108050,0.0,0.0,COFORGE.NS
2026-02-17 09:30:00+05:30,1413.199951171875,1431.9000244140625,1411.0,1424.800048828125,417715,0.0,0.0,COFORGE.NS
2026-02-17 09:45:00+05:30,1424.699951171875,1432.800048828125,1421.0999755859375,1431.300048828125,135347,0.0,0.0,COFORGE.NS
2026-02-17 10:00:00+05:30,1430.9000244140625,1431.5999755859375,1422.4000244140625,1425.800048828125,70597,0.0,0.0,COFORGE.NS
2026-02-17 10:15:00+05:30,1425.5999755859375,1425.699951171875,1415.0999755859375,1418.4000244140625,101487,0.0,0.0,COFORGE.NS
2026-02-17 10:30:00+05:30,1418.4000244140625,1421.0,1403.0,1403.300048828125,87873,0.0,0.0,COFORGE.NS
2026-02-17 10:45:00+05:30,1402.9000244140625,1406.9000244140625,1399.699951171875,1400.5999755859375,66814,0.0,0.0,COFORGE.NS
2026-02-17 11:00:00+05:30,1401.199951171875,1406.5999755859375,1398.0,1404.4000244140625,56850,0.0,0.0,COFORGE.NS
2026-02-17 11:15:00+05:30,1405.199951171875,1409.5999755859375,1402.800048828125,1409.0,78596,0.0,0.0,COFORGE.NS
2026-02-17 11:30:00+05:30,1409.0,1417.5,1408.199951171875,1411.4000244140625,116728,0.0,0.0,COFORGE.NS
2026-02-17 11:45:00+05:30,1411.300048828125,1418.0,1410.4000244140625,1415.5,886952,0.0,0.0,COFORGE.NS
2026-02-17 12:00:00+05:30,1415.300048828125,1417.0,1413.5,1414.0,56303,0.0,0.0,COFORGE.NS
2026-02-17 12:15:00+05:30,1415.0,1417.9000244140625,1411.300048828125,1412.0,73360,0.0,0.0,COFORGE.NS
2026-02-17 12:30:00+05:30,1412.0,1412.0,1403.0,1404.800048828125,48468,0.0,0.0,COFORGE.NS
2026-02-17 12:45:00+05:30,1404.4000244140625,1409.4000244140625,1403.9000244140625,1406.699951171875,30127,0.0,0.0,COFORGE.NS
2026-02-17 13:00:00+05:30,1405.800048828125,1408.199951171875,1403.0,1406.5999755859375,49972,0.0,0.0,COFORGE.NS
2026-02-17 13:15:00+05:30,1406.0999755859375,1407.0999755859375,1403.0,1405.800048828125,45604,0.0,0.0,COFORGE.NS
2026-02-17 13:30:00+05:30,1407.0,1408.5,1399.5999755859375,1402.0,47993,0.0,0.0,COFORGE.NS
2026-02-17 13:45:00+05:30,1401.300048828125,1402.0,1395.0999755859375,1395.699951171875,72001,0.0,0.0,COFORGE.NS
2026-02-17 14:00:00+05:30,1396.300048828125,1401.4000244140625,1390.199951171875,1390.199951171875,58478,0.0,0.0,COFORGE.NS
2026-02-17 14:15:00+05:30,1390.0,1393.699951171875,1380.4000244140625,1380.9000244140625,112609,0.0,0.0,COFORGE.NS
2026-02-17 14:30:00+05:30,1380.4000244140625,1386.800048828125,1379.199951171875,1382.300048828125,95302,0.0,0.0,COFORGE.NS
2026-02-17 14:45:00+05:30,1382.4000244140625,1384.4000244140625,1376.0999755859375,1383.699951171875,113935,0.0,0.0,COFORGE.NS
2026-02-17 15:00:00+05:30,1382.9000244140625,1386.9000244140625,1380.300048828125,1381.9000244140625,97462,0.0,0.0,COFORGE.NS
2026-02-17 15:15:00+05:30,1381.9000244140625,1384.0,1370.0,1378.800048828125,317814,0.0,0.0,COFORGE.NS
2026-02-18 09:15:00+05:30,1361.699951171875,1376.0,1361.699951171875,1364.300048828125,228720,0.0,0.0,COFORGE.NS
2026-02-18 09:30:00+05:30,1364.0,1364.0,1347.300048828125,1351.9000244140625,280162,0.0,0.0,COFORGE.NS
2026-02-18 09:45:00+05:30,1351.800048828125,1351.9000244140625,1340.300048828125,1342.5,238700,0.0,0.0,COFORGE.NS
2026-02-18 10:00:00+05:30,1342.9000244140625,1347.9000244140625,1339.0,1345.0999755859375,113859,0.0,0.0,COFORGE.NS
2026-02-18 10:15:00+05:30,1345.0999755859375,1349.699951171875,1344.800048828125,1348.199951171875,64124,0.0,0.0,COFORGE.NS
2026-02-18 10:30:00+05:30,1348.5,1361.5,1346.9000244140625,1356.0999755859375,181335,0.0,0.0,COFORGE.NS
2026-02-18 10:45:00+05:30,1357.0,1358.699951171875,1355.199951171875,1357.4000244140625,38089,0.0,0.0,COFORGE.NS
2026-02-18 11:00:00+05:30,1357.4000244140625,1359.800048828125,1352.0,1354.4000244140625,55430,0.0,0.0,COFORGE.NS
2026-02-18 11:15:00+05:30,1355.0,1356.5999755859375,1353.0,1355.800048828125,30682,0.0,0.0,COFORGE.NS
2026-02-18 11:30:00+05:30,1355.800048828125,1362.800048828125,1354.5999755859375,1358.199951171875,66608,0.0,0.0,COFORGE.NS
2026-02-18 11:45:00+05:30,1358.199951171875,1360.5999755859375,1356.0,1356.4000244140625,36375,0.0,0.0,COFORGE.NS
2026-02-18 12:00:00+05:30,1356.9000244140625,1357.4000244140625,1351.0,1352.0,114264,0.0,0.0,COFORGE.NS
2026-02-18 12:15:00+05:30,1352.0,1359.0,1351.5,1356.0,76482,0.0,0.0,COFORGE.NS
2026-02-18 12:30:00+05:30,1355.800048828125,1363.0,1354.9000244140625,1361.800048828125,49912,0.0,0.0,COFORGE.NS
2026-02-18 12:45:00+05:30,1362.0,1363.0,1359.4000244140625,1361.0999755859375,24292,0.0,0.0,COFORGE.NS
2026-02-18 13:00:00+05:30,1361.5,1362.699951171875,1359.0,1362.699951171875,36990,0.0,0.0,COFORGE.NS
2026-02-18 13:15:00+05:30,1362.699951171875,1363.699951171875,1359.5,1360.0,26501,0.0,0.0,COFORGE.NS
2026-02-18 13:30:00+05:30,1360.4000244140625,1360.5999755859375,1357.4000244140625,1359.300048828125,31491,0.0,0.0,COFORGE.NS
2026-02-18 13:45:00+05:30,1358.699951171875,1361.699951171875,1356.0999755859375,1358.0,25739,0.0,0.0,COFORGE.NS
2026-02-18 14:00:00+05:30,1357.9000244140625,1366.4000244140625,1357.699951171875,1364.5,41776,0.0,0.0,COFORGE.NS
2026-02-18 14:15:00+05:30,1364.0999755859375,1369.0,1364.0999755859375,1366.4000244140625,78831,0.0,0.0,COFORGE.NS
2026-02-18 14:30:00+05:30,1366.199951171875,1369.4000244140625,1364.699951171875,1366.699951171875,39135,0.0,0.0,COFORGE.NS
2026-02-18 14:45:00+05:30,1367.0,1371.199951171875,1365.5,1368.300048828125,52854,0.0,0.0,COFORGE.NS
2026-02-18 15:00:00+05:30,1369.199951171875,1374.9000244140625,1369.199951171875,1372.0999755859375,95518,0.0,0.0,COFORGE.NS
2026-02-18 15:15:00+05:30,1372.699951171875,1374.9000244140625,1367.0,1372.800048828125,145690,0.0,0.0,COFORGE.NS
2026-02-19 09:15:00+05:30,1400.9000244140625,1417.0,1384.5,1394.5999755859375,211975,0.0,0.0,COFORGE.NS
2026-02-19 09:30:00+05:30,1394.0,1394.0,1380.0,1384.0999755859375,228692,0.0,0.0,COFORGE.NS
2026-02-19 09:45:00+05:30,1384.0999755859375,1397.699951171875,1384.0999755859375,1392.0,178734,0.0,0.0,COFORGE.NS
2026-02-19 10:00:00+05:30,1392.300048828125,1403.9000244140625,1391.5999755859375,1397.800048828125,190958,0.0,0.0,COFORGE.NS
2026-02-19 10:15:00+05:30,1397.699951171875,1398.9000244140625,1390.199951171875,1393.9000244140625,124728,0.0,0.0,COFORGE.NS
2026-02-19 10:30:00+05:30,1393.800048828125,1397.4000244140625,1390.0999755859375,1392.300048828125,77914,0.0,0.0,COFORGE.NS
2026-02-19 10:45:00+05:30,1392.199951171875,1393.800048828125,1389.0,1392.0,66289,0.0,0.0,COFORGE.NS
2026-02-19 11:00:00+05:30,1392.0,1396.0,1389.9000244140625,1390.300048828125,73314,0.0,0.0,COFORGE.NS
2026-02-19 11:15:00+05:30,1390.699951171875,1392.0,1386.699951171875,1388.800048828125,62536,0.0,0.0,COFORGE.NS
2026-02-19 11:30:00+05:30,1388.4000244140625,1390.9000244140625,1385.9000244140625,1387.199951171875,44144,0.0,0.0,COFORGE.NS
2026-02-19 11:45:00+05:30,1387.5,1389.300048828125,1384.0999755859375,1387.800048828125,58959,0.0,0.0,COFORGE.NS
2026-02-19 12:00:00+05:30,1387.5999755859375,1390.9000244140625,1382.800048828125,1384.0,103525,0.0,0.0,COFORGE.NS
2026-02-19 12:15:00+05:30,1383.4000244140625,1383.699951171875,1377.199951171875,1382.5,105467,0.0,0.0,COFORGE.NS
2026-02-19 12:30:00+05:30,1382.5,1384.300048828125,1376.800048828125,1378.800048828125,51380,0.0,0.0,COFORGE.NS
2026-02-19 12:45:00+05:30,1378.699951171875,1382.699951171875,1376.4000244140625,1382.5,51517,0.0,0.0,COFORGE.NS
2026-02-19 13:00:00+05:30,1382.199951171875,1385.699951171875,1380.5999755859375,1382.9000244140625,42361,0.0,0.0,COFORGE.NS
2026-02-19 13:15:00+05:30,1382.5,1384.699951171875,1380.5999755859375,1383.0,58455,0.0,0.0,COFORGE.NS
2026-02-19 13:30:00+05:30,1383.0,1384.0999755859375,1379.5999755859375,1383.5999755859375,34522,0.0,0.0,COFORGE.NS
2026-02-19 13:45:00+05:30,1383.5,1384.5999755859375,1380.300048828125,1383.300048828125,32614,0.0,0.0,COFORGE.NS
2026-02-19 14:00:00+05:30,1383.4000244140625,1384.0,1379.199951171875,1383.0999755859375,40378,0.0,0.0,COFORGE.NS
2026-02-19 14:15:00+05:30,1382.4000244140625,1386.9000244140625,1379.800048828125,1380.0,62518,0.0,0.0,COFORGE.NS
2026-02-19 14:30:00+05:30,1380.0,1386.300048828125,1375.5999755859375,1376.0,134001,0.0,0.0,COFORGE.NS
2026-02-19 14:45:00+05:30,1375.5999755859375,1376.5,1366.199951171875,1372.5,192094,0.0,0.0,COFORGE.NS
2026-02-19 15:00:00+05:30,1371.699951171875,1371.9000244140625,1360.5999755859375,1361.4000244140625,194095,0.0,0.0,COFORGE.NS
2026-02-19 15:15:00+05:30,1361.0999755859375,1363.300048828125,1355.0,1357.0,260973,0.0,0.0,COFORGE.NS
2026-02-20 09:15:00+05:30,1340.5,1347.800048828125,1319.0,1339.699951171875,270815,0.0,0.0,COFORGE.NS
2026-02-20 09:30:00+05:30,1339.9000244140625,1363.5999755859375,1339.0,1363.0999755859375,226736,0.0,0.0,COFORGE.NS
2026-02-20 09:45:00+05:30,1363.5999755859375,1367.800048828125,1357.800048828125,1364.0,148451,0.0,0.0,COFORGE.NS
2026-02-20 10:00:00+05:30,1363.800048828125,1364.699951171875,1354.300048828125,1356.800048828125,87508,0.0,0.0,COFORGE.NS
2026-02-20 10:15:00+05:30,1356.800048828125,1365.800048828125,1356.0999755859375,1362.0999755859375,73406,0.0,0.0,COFORGE.NS
2026-02-20 10:30:00+05:30,1362.699951171875,1369.4000244140625,1362.5999755859375,1366.300048828125,86371,0.0,0.0,COFORGE.NS
2026-02-20 10:45:00+05:30,1366.300048828125,1372.0,1365.0,1366.699951171875,47980,0.0,0.0,COFORGE.NS
2026-02-20 11:00:00+05:30,1367.4000244140625,1367.699951171875,1358.5999755859375,1360.699951171875,48072,0.0,0.0,COFORGE.NS
2026-02-20 11:15:00+05:30,1360.699951171875,1361.800048828125,1357.0,1359.9000244140625,25844,0.0,0.0,COFORGE.NS
2026-02-20 11:30:00+05:30,1359.9000244140625,1361.0999755859375,1353.699951171875,1356.0999755859375,23109,0.0,0.0,COFORGE.NS
2026-02-20 11:45:00+05:30,1356.199951171875,1357.5999755859375,1352.199951171875,1355.5999755859375,36589,0.0,0.0,COFORGE.NS
2026-02-20 12:00:00+05:30,1354.9000244140625,1355.800048828125,1351.9000244140625,1354.300048828125,26711,0.0,0.0,COFORGE.NS
2026-02-20 12:15:00+05:30,1354.5,1359.0,1354.0,1357.0999755859375,38802,0.0,0.0,COFORGE.NS
2026-02-20 12:30:00+05:30,1357.300048828125,1358.5999755859375,1346.4000244140625,1347.4000244140625,77766,0.0,0.0,COFORGE.NS
2026-02-20 12:45:00+05:30,1347.0,1349.4000244140625,1345.9000244140625,1347.5999755859375,44127,0.0,0.0,COFORGE.NS
2026-02-20 13:00:00+05:30,1347.4000244140625,1349.5999755859375,1341.4000244140625,1342.199951171875,40830,0.0,0.0,COFORGE.NS
2026-02-20 13:15:00+05:30,1342.0,1345.800048828125,1337.800048828125,1345.5,79438,0.0,0.0,COFORGE.NS
2026-02-20 13:30:00+05:30,1345.4000244140625,1349.9000244140625,1345.0999755859375,1348.9000244140625,43137,0.0,0.0,COFORGE.NS
2026-02-20 13:45:00+05:30,1349.0,1351.0,1345.4000244140625,1351.0,39621,0.0,0.0,COFORGE.NS
2026-02-20 14:00:00+05:30,1351.300048828125,1358.0,1350.0,1350.699951171875,102329,0.0,0.0,COFORGE.NS
2026-02-20 14:15:00+05:30,1350.699951171875,1354.199951171875,1344.0,1345.0,74885,0.0,0.0,COFORGE.NS
2026-02-20 14:30:00+05:30,1345.0999755859375,1349.4000244140625,1344.4000244140625,1348.300048828125,113371,0.0,0.0,COFORGE.NS
2026-02-20 14:45:00+05:30,1349.0,1353.5999755859375,1348.0,1350.800048828125,131924,0.0,0.0,COFORGE.NS
2026-02-20 15:00:00+05:30,1351.5999755859375,1352.199951171875,1340.300048828125,1341.4000244140625,198577,0.0,0.0,COFORGE.NS
2026-02-20 15:15:00+05:30,1341.300048828125,1342.4000244140625,1333.0,1338.800048828125,201424,0.0,0.0,COFORGE.NS
2026-02-23 09:15:00+05:30,1340.9000244140625,1340.9000244140625,1320.0,1331.5999755859375,139256,0.0,0.0,COFORGE.NS
2026-02-23 09:30:00+05:30,1331.800048828125,1333.0,1319.5999755859375,1322.0999755859375,212173,0.0,0.0,COFORGE.NS
2026-02-23 09:45:00+05:30,1322.0,1322.9000244140625,1309.0,1312.9000244140625,180371,0.0,0.0,COFORGE.NS
2026-02-23 10:00:00+05:30,1312.9000244140625,1314.800048828125,1305.0,1306.5,264921,0.0,0.0,COFORGE.NS
2026-02-23 10:15:00+05:30,1306.4000244140625,1310.800048828125,1300.4000244140625,1304.0999755859375,264405,0.0,0.0,COFORGE.NS
2026-02-23 10:30:00+05:30,1303.9000244140625,1304.300048828125,1290.5,1291.800048828125,433337,0.0,0.0,COFORGE.NS
2026-02-23 10:45:00+05:30,1291.5999755859375,1293.5,1285.0999755859375,1287.800048828125,310842,0.0,0.0,COFORGE.NS
2026-02-23 11:00:00+05:30,1287.5999755859375,1298.5,1286.800048828125,1297.0999755859375,175133,0.0,0.0,COFORGE.NS
2026-02-23 11:15:00+05:30,1297.5999755859375,1297.699951171875,1290.5999755859375,1294.0999755859375,99825,0.0,0.0,COFORGE.NS
2026-02-23 11:30:00+05:30,1294.0,1301.4000244140625,1291.800048828125,1301.0,206435,0.0,0.0,COFORGE.NS
2026-02-23 11:45:00+05:30,1299.800048828125,1308.800048828125,1298.0,1306.800048828125,230632,0.0,0.0,COFORGE.NS
2026-02-23 12:00:00+05:30,1306.800048828125,1307.699951171875,1301.0999755859375,1301.199951171875,125049,0.0,0.0,COFORGE.NS
2026-02-23 12:15:00+05:30,1301.9000244140625,1304.4000244140625,1297.199951171875,1299.800048828125,118147,0.0,0.0,COFORGE.NS
2026-02-23 12:30:00+05:30,1299.9000244140625,1300.4000244140625,1296.4000244140625,1298.5999755859375,58700,0.0,0.0,COFORGE.NS
2026-02-23 12:45:00+05:30,1298.5999755859375,1298.5999755859375,1292.5,1292.5,70290,0.0,0.0,COFORGE.NS
2026-02-23 13:00:00+05:30,1292.4000244140625,1293.5,1290.0999755859375,1292.199951171875,55903,0.0,0.0,COFORGE.NS
2026-02-23 13:15:00+05:30,1292.0,1293.699951171875,1290.699951171875,1291.300048828125,47440,0.0,0.0,COFORGE.NS
2026-02-23 13:30:00+05:30,1291.199951171875,1292.300048828125,1287.699951171875,1290.5999755859375,120544,0.0,0.0,COFORGE.NS
2026-02-23 13:45:00+05:30,1290.699951171875,1292.4000244140625,1285.0999755859375,1285.300048828125,99058,0.0,0.0,COFORGE.NS
2026-02-23 14:00:00+05:30,1285.0,1286.0999755859375,1283.0,1283.699951171875,115710,0.0,0.0,COFORGE.NS
2026-02-23 14:15:00+05:30,1283.9000244140625,1285.0999755859375,1278.0,1285.0,187882,0.0,0.0,COFORGE.NS
2026-02-23 14:30:00+05:30,1284.5,1290.699951171875,1283.800048828125,1284.0999755859375,190964,0.0,0.0,COFORGE.NS
2026-02-23 14:45:00+05:30,1284.4000244140625,1291.5999755859375,1283.800048828125,1291.4000244140625,203897,0.0,0.0,COFORGE.NS
2026-02-23 15:00:00+05:30,1293.5,1294.9000244140625,1287.0,1288.9000244140625,272104,0.0,0.0,COFORGE.NS
2026-02-23 15:15:00+05:30,1288.9000244140625,1290.0,1284.800048828125,1288.0,333038,0.0,0.0,COFORGE.NS
2026-02-24 09:15:00+05:30,1273.300048828125,1279.9000244140625,1247.4000244140625,1247.5999755859375,538758,0.0,0.0,COFORGE.NS
2026-02-24 09:30:00+05:30,1246.0,1246.5999755859375,1235.0,1240.0,1348278,0.0,0.0,COFORGE.NS
2026-02-24 09:45:00+05:30,1240.5,1240.5,1224.199951171875,1225.4000244140625,738804,0.0,0.0,COFORGE.NS
2026-02-24 10:00:00+05:30,1225.699951171875,1230.5999755859375,1218.0,1218.0999755859375,447514,0.0,0.0,COFORGE.NS
2026-02-24 10:15:00+05:30,1218.0999755859375,1225.0,1208.5,1223.0,689664,0.0,0.0,COFORGE.NS
2026-02-24 10:30:00+05:30,1223.0,1228.5,1221.5999755859375,1222.5,261469,0.0,0.0,COFORGE.NS
2026-02-24 10:45:00+05:30,1222.4000244140625,1222.9000244140625,1217.5,1218.800048828125,236363,0.0,0.0,COFORGE.NS
2026-02-24 11:00:00+05:30,1218.800048828125,1225.0,1218.5999755859375,1223.300048828125,142807,0.0,0.0,COFORGE.NS
2026-02-24 11:15:00+05:30,1223.0999755859375,1227.5,1220.300048828125,1224.9000244140625,222228,0.0,0.0,COFORGE.NS
2026-02-24 11:30:00+05:30,1225.0,1225.0,1217.300048828125,1217.800048828125,180126,0.0,0.0,COFORGE.NS
2026-02-24 11:45:00+05:30,1218.0999755859375,1221.5,1211.0,1211.5999755859375,248543,0.0,0.0,COFORGE.NS
2026-02-24 12:00:00+05:30,1212.0,1212.199951171875,1200.5,1205.0999755859375,507456,0.0,0.0,COFORGE.NS
2026-02-24 12:15:00+05:30,1205.199951171875,1209.9000244140625,1199.9000244140625,1207.9000244140625,311149,0.0,0.0,COFORGE.NS
2026-02-24 12:30:00+05:30,1208.0,1208.699951171875,1201.300048828125,1202.5999755859375,152564,0.0,0.0,COFORGE.NS
2026-02-24 12:45:00+05:30,1202.5999755859375,1206.5999755859375,1201.5,1206.199951171875,141937,0.0,0.0,COFORGE.NS
2026-02-24 13:00:00+05:30,1206.0,1210.0,1205.0999755859375,1207.699951171875,130834,0.0,0.0,COFORGE.NS
2026-02-24 13:15:00+05:30,1207.5,1207.800048828125,1201.199951171875,1204.300048828125,302349,0.0,0.0,COFORGE.NS
2026-02-24 13:30:00+05:30,1204.0999755859375,1208.300048828125,1199.5999755859375,1206.0,295083,0.0,0.0,COFORGE.NS
2026-02-24 13:45:00+05:30,1206.0,1209.699951171875,1204.300048828125,1209.0999755859375,232906,0.0,0.0,COFORGE.NS
2026-02-24 14:00:00+05:30,1209.199951171875,1212.4000244140625,1204.0999755859375,1208.0999755859375,360079,0.0,0.0,COFORGE.NS
2026-02-24 14:15:00+05:30,1208.0999755859375,1210.4000244140625,1202.5,1204.0,242672,0.0,0.0,COFORGE.NS
2026-02-24 14:30:00+05:30,1203.5999755859375,1208.300048828125,1201.199951171875,1207.4000244140625,185385,0.0,0.0,COFORGE.NS
2026-02-24 14:45:00+05:30,1207.4000244140625,1208.4000244140625,1203.699951171875,1204.5,744315,0.0,0.0,COFORGE.NS
2026-02-24 15:00:00+05:30,1204.300048828125,1214.0,1204.300048828125,1212.300048828125,627622,0.0,0.0,COFORGE.NS
2026-02-24 15:15:00+05:30,1212.4000244140625,1223.0,1211.300048828125,1221.5,635961,0.0,0.0,COFORGE.NS
2026-02-25 09:15:00+05:30,1238.9000244140625,1265.0,1237.300048828125,1240.9000244140625,349483,0.0,0.0,COFORGE.NS
2026-02-25 09:30:00+05:30,1240.5,1243.5,1232.0,1234.4000244140625,396998,0.0,0.0,COFORGE.NS
2026-02-25 09:45:00+05:30,1234.5,1244.300048828125,1234.0,1240.0999755859375,284218,0.0,0.0,COFORGE.NS
2026-02-25 10:00:00+05:30,1240.800048828125,1246.4000244140625,1239.300048828125,1241.699951171875,316177,0.0,0.0,COFORGE.NS
2026-02-25 10:15:00+05:30,1241.9000244140625,1243.9000244140625,1232.0,1233.5,170637,0.0,0.0,COFORGE.NS
2026-02-25 10:30:00+05:30,1233.300048828125,1235.199951171875,1228.0,1229.0,93612,0.0,0.0,COFORGE.NS
2026-02-25 10:45:00+05:30,1228.699951171875,1233.699951171875,1225.5,1232.5,138817,0.0,0.0,COFORGE.NS
2026-02-25 11:00:00+05:30,1233.0,1241.800048828125,1232.300048828125,1238.5999755859375,115447,0.0,0.0,COFORGE.NS
2026-02-25 11:15:00+05:30,1237.9000244140625,1243.0,1233.4000244140625,1238.0,188048,0.0,0.0,COFORGE.NS
2026-02-25 11:30:00+05:30,1237.5999755859375,1239.5,1233.0999755859375,1236.5,78282,0.0,0.0,COFORGE.NS
2026-02-25 11:45:00+05:30,1236.4000244140625,1239.300048828125,1233.0999755859375,1234.0999755859375,110826,0.0,0.0,COFORGE.NS
2026-02-25 12:00:00+05:30,1234.0,1234.0,1224.800048828125,1228.300048828125,257701,0.0,0.0,COFORGE.NS
2026-02-25 12:15:00+05:30,1228.0,1230.9000244140625,1223.800048828125,1224.699951171875,281899,0.0,0.0,COFORGE.NS
2026-02-25 12:30:00+05:30,1224.800048828125,1227.0999755859375,1217.0,1217.0,287806,0.0,0.0,COFORGE.NS
2026-02-25 12:45:00+05:30,1217.0,1218.699951171875,1211.699951171875,1213.5,162504,0.0,0.0,COFORGE.NS
2026-02-25 13:00:00+05:30,1213.0,1217.199951171875,1210.5,1215.5,128466,0.0,0.0,COFORGE.NS
2026-02-25 13:15:00+05:30,1215.300048828125,1217.300048828125,1214.0999755859375,1214.699951171875,90217,0.0,0.0,COFORGE.NS
2026-02-25 13:30:00+05:30,1214.9000244140625,1218.9000244140625,1214.5999755859375,1217.699951171875,96326,0.0,0.0,COFORGE.NS
2026-02-25 13:45:00+05:30,1217.800048828125,1219.800048828125,1216.4000244140625,1217.199951171875,77750,0.0,0.0,COFORGE.NS
2026-02-25 14:00:00+05:30,1217.0999755859375,1219.5999755859375,1215.0,1218.0999755859375,84977,0.0,0.0,COFORGE.NS
2026-02-25 14:15:00+05:30,1218.0,1219.800048828125,1214.9000244140625,1215.199951171875,92883,0.0,0.0,COFORGE.NS
2026-02-25 14:30:00+05:30,1214.800048828125,1219.0999755859375,1212.199951171875,1219.0999755859375,151516,0.0,0.0,COFORGE.NS
2026-02-25 14:45:00+05:30,1219.800048828125,1219.800048828125,1210.300048828125,1215.800048828125,323967,0.0,0.0,COFORGE.NS
2026-02-25 15:00:00+05:30,1216.9000244140625,1218.0,1209.5999755859375,1212.4000244140625,322347,0.0,0.0,COFORGE.NS
2026-02-25 15:15:00+05:30,1212.4000244140625,1214.0,1209.9000244140625,1211.5999755859375,254122,0.0,0.0,COFORGE.NS
2026-02-26 09:15:00+05:30,1227.0,1238.699951171875,1217.9000244140625,1219.5999755859375,302181,0.0,0.0,COFORGE.NS
2026-02-26 09:30:00+05:30,1220.0,1237.699951171875,1213.300048828125,1235.800048828125,589429,0.0,0.0,COFORGE.NS
2026-02-26 09:45:00+05:30,1236.0,1239.0,1221.199951171875,1222.9000244140625,576261,0.0,0.0,COFORGE.NS
2026-02-26 10:00:00+05:30,1222.5,1230.199951171875,1220.800048828125,1228.0,539441,0.0,0.0,COFORGE.NS
2026-02-26 10:15:00+05:30,1228.0,1230.5,1225.0,1225.4000244140625,490251,0.0,0.0,COFORGE.NS
2026-02-26 10:30:00+05:30,1225.0,1228.800048828125,1222.199951171875,1227.4000244140625,145121,0.0,0.0,COFORGE.NS
2026-02-26 10:45:00+05:30,1227.0,1228.0,1216.0,1218.0999755859375,159025,0.0,0.0,COFORGE.NS
2026-02-26 11:00:00+05:30,1218.0,1222.0,1215.199951171875,1220.0999755859375,105550,0.0,0.0,COFORGE.NS
2026-02-26 11:15:00+05:30,1220.5,1222.800048828125,1218.699951171875,1218.699951171875,84004,0.0,0.0,COFORGE.NS
2026-02-26 11:30:00+05:30,1219.0999755859375,1219.0999755859375,1209.5999755859375,1211.199951171875,184323,0.0,0.0,COFORGE.NS
2026-02-26 11:45:00+05:30,1211.0999755859375,1214.5999755859375,1210.0,1210.0,113301,0.0,0.0,COFORGE.NS
2026-02-26 12:00:00+05:30,1210.5999755859375,1213.800048828125,1208.4000244140625,1209.300048828125,104151,0.0,0.0,COFORGE.NS
2026-02-26 12:15:00+05:30,1208.9000244140625,1211.699951171875,1205.4000244140625,1205.5,121275,0.0,0.0,COFORGE.NS
2026-02-26 12:30:00+05:30,1205.699951171875,1208.300048828125,1203.199951171875,1207.5999755859375,169192,0.0,0.0,COFORGE.NS
2026-02-26 12:45:00+05:30,1207.699951171875,1210.0,1200.0999755859375,1200.5999755859375,215133,0.0,0.0,COFORGE.NS
2026-02-26 13:00:00+05:30,1200.4000244140625,1203.5999755859375,1199.4000244140625,1200.0,161369,0.0,0.0,COFORGE.NS
2026-02-26 13:15:00+05:30,1200.5,1204.9000244140625,1198.5999755859375,1203.300048828125,110350,0.0,0.0,COFORGE.NS
2026-02-26 13:30:00+05:30,1203.300048828125,1205.5,1202.199951171875,1205.0,96058,0.0,0.0,COFORGE.NS
2026-02-26 13:45:00+05:30,1205.0,1205.4000244140625,1202.699951171875,1204.4000244140625,87818,0.0,0.0,COFORGE.NS
2026-02-26 14:00:00+05:30,1204.5999755859375,1205.300048828125,1200.4000244140625,1203.800048828125,119320,0.0,0.0,COFORGE.NS
2026-02-26 14:15:00+05:30,1203.4000244140625,1204.9000244140625,1200.5999755859375,1204.5999755859375,73978,0.0,0.0,COFORGE.NS
2026-02-26 14:30:00+05:30,1204.9000244140625,1205.0999755859375,1202.5999755859375,1203.800048828125,311331,0.0,0.0,COFORGE.NS
2026-02-26 14:45:00+05:30,1203.800048828125,1205.0,1202.300048828125,1204.5999755859375,131376,0.0,0.0,COFORGE.NS
2026-02-26 15:00:00+05:30,1204.199951171875,1205.0,1199.0,1200.699951171875,287358,0.0,0.0,COFORGE.NS
2026-02-26 15:15:00+05:30,1200.0999755859375,1202.0,1196.4000244140625,1200.0,304329,0.0,0.0,COFORGE.NS
2026-02-27 09:15:00+05:30,1232.0,1234.4000244140625,1216.0,1216.4000244140625,238134,0.0,0.0,COFORGE.NS
2026-02-27 09:30:00+05:30,1216.5,1219.0,1211.0,1211.0,219570,0.0,0.0,COFORGE.NS
2026-02-27 09:45:00+05:30,1211.4000244140625,1212.4000244140625,1203.0999755859375,1205.699951171875,153436,0.0,0.0,COFORGE.NS
2026-02-27 10:00:00+05:30,1205.699951171875,1207.9000244140625,1202.0999755859375,1205.4000244140625,114341,0.0,0.0,COFORGE.NS
2026-02-27 10:15:00+05:30,1205.4000244140625,1209.5999755859375,1201.5999755859375,1203.5999755859375,132334,0.0,0.0,COFORGE.NS
2026-02-27 10:30:00+05:30,1203.300048828125,1207.199951171875,1201.800048828125,1203.4000244140625,64504,0.0,0.0,COFORGE.NS
2026-02-27 10:45:00+05:30,1203.9000244140625,1204.5,1199.5999755859375,1201.199951171875,67327,0.0,0.0,COFORGE.NS
2026-02-27 11:00:00+05:30,1200.9000244140625,1207.4000244140625,1200.5,1205.300048828125,71402,0.0,0.0,COFORGE.NS
2026-02-27 11:15:00+05:30,1205.0,1209.5,1205.0,1207.300048828125,67257,0.0,0.0,COFORGE.NS
2026-02-27 11:30:00+05:30,1207.4000244140625,1208.800048828125,1204.0,1205.0,38243,0.0,0.0,COFORGE.NS
2026-02-27 11:45:00+05:30,1205.4000244140625,1206.4000244140625,1201.0,1202.4000244140625,45981,0.0,0.0,COFORGE.NS
2026-02-27 12:00:00+05:30,1202.4000244140625,1202.5999755859375,1198.9000244140625,1200.0,102342,0.0,0.0,COFORGE.NS
2026-02-27 12:15:00+05:30,1200.0,1200.199951171875,1197.0999755859375,1197.9000244140625,69352,0.0,0.0,COFORGE.NS
2026-02-27 12:30:00+05:30,1197.9000244140625,1197.9000244140625,1195.0,1195.5999755859375,66081,0.0,0.0,COFORGE.NS
2026-02-27 12:45:00+05:30,1195.5999755859375,1197.5999755859375,1191.5999755859375,1192.699951171875,91881,0.0,0.0,COFORGE.NS
2026-02-27 13:00:00+05:30,1192.9000244140625,1199.9000244140625,1192.9000244140625,1196.0999755859375,69115,0.0,0.0,COFORGE.NS
2026-02-27 13:15:00+05:30,1196.0999755859375,1197.9000244140625,1194.5,1196.800048828125,43117,0.0,0.0,COFORGE.NS
2026-02-27 13:30:00+05:30,1196.800048828125,1200.5,1195.0,1198.0,67489,0.0,0.0,COFORGE.NS
2026-02-27 13:45:00+05:30,1197.9000244140625,1199.800048828125,1194.800048828125,1197.300048828125,53799,0.0,0.0,COFORGE.NS
2026-02-27 14:00:00+05:30,1197.300048828125,1198.699951171875,1193.199951171875,1194.0,56796,0.0,0.0,COFORGE.NS
2026-02-27 14:15:00+05:30,1194.0,1194.9000244140625,1190.0999755859375,1190.9000244140625,132170,0.0,0.0,COFORGE.NS
2026-02-27 14:30:00+05:30,1190.800048828125,1193.0,1189.699951171875,1190.800048828125,103855,0.0,0.0,COFORGE.NS
2026-02-27 14:45:00+05:30,1190.5999755859375,1192.699951171875,1189.0,1191.699951171875,125763,0.0,0.0,COFORGE.NS
2026-02-27 15:00:00+05:30,1191.0999755859375,1191.4000244140625,1183.0,1185.9000244140625,353235,0.0,0.0,COFORGE.NS
2026-02-27 15:15:00+05:30,1185.4000244140625,1187.4000244140625,1183.199951171875,1186.0,286083,0.0,0.0,COFORGE.NS
2026-03-02 09:15:00+05:30,1141.800048828125,1172.300048828125,1141.800048828125,1170.199951171875,182714,0.0,0.0,COFORGE.NS
2026-03-02 09:30:00+05:30,1170.4000244140625,1191.0,1170.4000244140625,1187.9000244140625,241438,0.0,0.0,COFORGE.NS
2026-03-02 09:45:00+05:30,1187.9000244140625,1195.9000244140625,1187.9000244140625,1195.300048828125,123586,0.0,0.0,COFORGE.NS
2026-03-02 10:00:00+05:30,1195.300048828125,1196.0,1190.699951171875,1194.0,68560,0.0,0.0,COFORGE.NS
2026-03-02 10:15:00+05:30,1194.0,1195.5,1188.300048828125,1188.4000244140625,65507,0.0,0.0,COFORGE.NS
2026-03-02 10:30:00+05:30,1188.0999755859375,1191.199951171875,1186.5,1186.800048828125,39969,0.0,0.0,COFORGE.NS
2026-03-02 10:45:00+05:30,1186.199951171875,1188.9000244140625,1185.0,1188.5,52368,0.0,0.0,COFORGE.NS
2026-03-02 11:00:00+05:30,1188.9000244140625,1189.699951171875,1177.0,1177.5999755859375,94215,0.0,0.0,COFORGE.NS
2026-03-02 11:15:00+05:30,1177.9000244140625,1178.199951171875,1168.5999755859375,1168.5999755859375,64039,0.0,0.0,COFORGE.NS
2026-03-02 11:30:00+05:30,1169.5,1171.699951171875,1165.699951171875,1171.199951171875,65909,0.0,0.0,COFORGE.NS
2026-03-02 11:45:00+05:30,1171.5999755859375,1173.199951171875,1165.0999755859375,1165.9000244140625,53309,0.0,0.0,COFORGE.NS
2026-03-02 12:00:00+05:30,1165.9000244140625,1168.0,1164.0999755859375,1165.199951171875,57671,0.0,0.0,COFORGE.NS
2026-03-02 12:15:00+05:30,1165.0999755859375,1165.5,1162.0999755859375,1163.5999755859375,70366,0.0,0.0,COFORGE.NS
2026-03-02 12:30:00+05:30,1163.300048828125,1163.300048828125,1159.5,1160.0999755859375,44880,0.0,0.0,COFORGE.NS
2026-03-02 12:45:00+05:30,1160.0999755859375,1162.5,1159.0,1161.0,43533,0.0,0.0,COFORGE.NS
2026-03-02 13:00:00+05:30,1161.5,1163.4000244140625,1160.0999755859375,1161.199951171875,40392,0.0,0.0,COFORGE.NS
2026-03-02 13:15:00+05:30,1161.0,1163.199951171875,1159.0999755859375,1159.5999755859375,31239,0.0,0.0,COFORGE.NS
2026-03-02 13:30:00+05:30,1159.800048828125,1160.5999755859375,1156.4000244140625,1160.5,44253,0.0,0.0,COFORGE.NS
2026-03-02 13:45:00+05:30,1160.0999755859375,1161.0999755859375,1155.199951171875,1155.5999755859375,56331,0.0,0.0,COFORGE.NS
2026-03-02 14:00:00+05:30,1155.5999755859375,1168.5,1155.0,1167.4000244140625,89069,0.0,0.0,COFORGE.NS
2026-03-02 14:15:00+05:30,1167.0999755859375,1167.4000244140625,1161.5999755859375,1161.5999755859375,58035,0.0,0.0,COFORGE.NS
2026-03-02 14:30:00+05:30,1163.0999755859375,1167.9000244140625,1160.0999755859375,1163.9000244140625,88864,0.0,0.0,COFORGE.NS
2026-03-02 14:45:00+05:30,1164.0,1164.699951171875,1159.0,1159.0,85545,0.0,0.0,COFORGE.NS
2026-03-02 15:00:00+05:30,1159.0999755859375,1164.300048828125,1157.699951171875,1163.699951171875,145781,0.0,0.0,COFORGE.NS
2026-03-02 15:15:00+05:30,1163.5999755859375,1167.4000244140625,1162.4000244140625,1166.9000244140625,221493,0.0,0.0,COFORGE.NS
2026-03-04 09:15:00+05:30,1140.699951171875,1174.5999755859375,1140.0,1160.300048828125,145943,0.0,0.0,COFORGE.NS
2026-03-04 09:30:00+05:30,1161.0999755859375,1170.0,1155.0,1170.0,203194,0.0,0.0,COFORGE.NS
2026-03-04 09:45:00+05:30,1169.5,1173.9000244140625,1162.0999755859375,1163.5999755859375,103459,0.0,0.0,COFORGE.NS
2026-03-04 10:00:00+05:30,1163.5,1168.0,1162.300048828125,1166.800048828125,65855,0.0,0.0,COFORGE.NS
2026-03-04 10:15:00+05:30,1167.5,1167.5,1160.300048828125,1161.300048828125,65134,0.0,0.0,COFORGE.NS
2026-03-04 10:30:00+05:30,1161.4000244140625,1161.4000244140625,1150.4000244140625,1152.0,61565,0.0,0.0,COFORGE.NS
2026-03-04 10:45:00+05:30,1152.0,1154.5999755859375,1148.5999755859375,1149.5999755859375,79355,0.0,0.0,COFORGE.NS
2026-03-04 11:00:00+05:30,1150.0,1158.5,1149.0999755859375,1155.0,56835,0.0,0.0,COFORGE.NS
2026-03-04 11:15:00+05:30,1155.5999755859375,1157.199951171875,1148.800048828125,1148.800048828125,85582,0.0,0.0,COFORGE.NS
2026-03-04 11:30:00+05:30,1148.9000244140625,1150.9000244140625,1148.0,1148.800048828125,54623,0.0,0.0,COFORGE.NS
2026-03-04 11:45:00+05:30,1148.800048828125,1159.9000244140625,1148.199951171875,1157.9000244140625,45115,0.0,0.0,COFORGE.NS
2026-03-04 12:00:00+05:30,1158.0,1159.0,1155.300048828125,1155.699951171875,26282,0.0,0.0,COFORGE.NS
2026-03-04 12:15:00+05:30,1155.800048828125,1156.5,1153.199951171875,1155.0,54494,0.0,0.0,COFORGE.NS
2026-03-04 12:30:00+05:30,1155.0,1156.699951171875,1153.5,1155.5999755859375,24013,0.0,0.0,COFORGE.NS
2026-03-04 12:45:00+05:30,1156.5999755859375,1158.9000244140625,1155.199951171875,1158.199951171875,50956,0.0,0.0,COFORGE.NS
2026-03-04 13:00:00+05:30,1158.300048828125,1160.0999755859375,1156.0,1159.9000244140625,45172,0.0,0.0,COFORGE.NS
2026-03-04 13:15:00+05:30,1159.800048828125,1164.0,1156.9000244140625,1158.0,91935,0.0,0.0,COFORGE.NS
2026-03-04 13:30:00+05:30,1158.0,1159.300048828125,1154.4000244140625,1158.699951171875,25302,0.0,0.0,COFORGE.NS
2026-03-04 13:45:00+05:30,1158.699951171875,1164.0,1157.0999755859375,1163.9000244140625,146658,0.0,0.0,COFORGE.NS
2026-03-04 14:00:00+05:30,1163.9000244140625,1170.5,1163.0999755859375,1169.5,62303,0.0,0.0,COFORGE.NS
2026-03-04 14:15:00+05:30,1170.0,1175.699951171875,1167.699951171875,1170.300048828125,411622,0.0,0.0,COFORGE.NS
2026-03-04 14:30:00+05:30,1170.300048828125,1173.699951171875,1169.5999755859375,1172.800048828125,84286,0.0,0.0,COFORGE.NS
2026-03-04 14:45:00+05:30,1172.5,1173.4000244140625,1164.0999755859375,1171.9000244140625,207246,0.0,0.0,COFORGE.NS
2026-03-04 15:00:00+05:30,1170.5999755859375,1172.4000244140625,1167.5999755859375,1171.5,274725,0.0,0.0,COFORGE.NS
2026-03-04 15:15:00+05:30,1171.300048828125,1172.4000244140625,1166.699951171875,1169.0,366988,0.0,0.0,COFORGE.NS
2026-03-05 09:15:00+05:30,1183.5999755859375,1186.699951171875,1169.0999755859375,1172.800048828125,92932,0.0,0.0,COFORGE.NS
2026-03-05 09:30:00+05:30,1172.5,1172.699951171875,1163.0,1166.9000244140625,119824,0.0,0.0,COFORGE.NS
2026-03-05 09:45:00+05:30,1166.9000244140625,1173.5,1165.9000244140625,1171.199951171875,91359,0.0,0.0,COFORGE.NS
2026-03-05 10:00:00+05:30,1171.199951171875,1172.5,1166.0,1166.0,65286,0.0,0.0,COFORGE.NS
2026-03-05 10:15:00+05:30,1164.800048828125,1172.9000244140625,1164.800048828125,1170.300048828125,125057,0.0,0.0,COFORGE.NS
2026-03-05 10:30:00+05:30,1170.0,1170.0,1163.800048828125,1164.5999755859375,83468,0.0,0.0,COFORGE.NS
2026-03-05 10:45:00+05:30,1164.300048828125,1164.300048828125,1158.0,1159.800048828125,123470,0.0,0.0,COFORGE.NS
2026-03-05 11:00:00+05:30,1159.5999755859375,1160.699951171875,1156.5999755859375,1158.9000244140625,58693,0.0,0.0,COFORGE.NS
2026-03-05 11:15:00+05:30,1158.5,1163.0,1146.0999755859375,1146.5,173051,0.0,0.0,COFORGE.NS
2026-03-05 11:30:00+05:30,1146.4000244140625,1147.5,1139.4000244140625,1140.4000244140625,128698,0.0,0.0,COFORGE.NS
2026-03-05 11:45:00+05:30,1141.0,1146.5,1140.5,1144.5999755859375,101017,0.0,0.0,COFORGE.NS
2026-03-05 12:00:00+05:30,1144.5,1149.9000244140625,1143.300048828125,1148.5999755859375,99680,0.0,0.0,COFORGE.NS
2026-03-05 12:15:00+05:30,1148.4000244140625,1149.9000244140625,1144.199951171875,1147.5999755859375,71151,0.0,0.0,COFORGE.NS
2026-03-05 12:30:00+05:30,1149.0999755859375,1149.699951171875,1144.800048828125,1147.5999755859375,74790,0.0,0.0,COFORGE.NS
2026-03-05 12:45:00+05:30,1147.699951171875,1148.4000244140625,1144.0,1147.9000244140625,113486,0.0,0.0,COFORGE.NS
2026-03-05 13:00:00+05:30,1148.0999755859375,1148.699951171875,1142.5,1143.0999755859375,71763,0.0,0.0,COFORGE.NS
2026-03-05 13:15:00+05:30,1143.199951171875,1146.5,1140.199951171875,1146.5,107815,0.0,0.0,COFORGE.NS
2026-03-05 13:30:00+05:30,1146.9000244140625,1147.699951171875,1142.699951171875,1143.699951171875,74194,0.0,0.0,COFORGE.NS
2026-03-05 13:45:00+05:30,1143.9000244140625,1146.0,1140.199951171875,1140.300048828125,82335,0.0,0.0,COFORGE.NS
2026-03-05 14:00:00+05:30,1140.300048828125,1141.5999755859375,1138.199951171875,1139.199951171875,68461,0.0,0.0,COFORGE.NS
2026-03-05 14:15:00+05:30,1139.300048828125,1142.0,1137.800048828125,1141.199951171875,93572,0.0,0.0,COFORGE.NS
2026-03-05 14:30:00+05:30,1141.699951171875,1153.5,1138.9000244140625,1152.4000244140625,270716,0.0,0.0,COFORGE.NS
2026-03-05 14:45:00+05:30,1152.300048828125,1159.0,1150.5,1155.5,250557,0.0,0.0,COFORGE.NS
2026-03-05 15:00:00+05:30,1156.300048828125,1156.9000244140625,1150.0,1150.0,207677,0.0,0.0,COFORGE.NS
2026-03-05 15:15:00+05:30,1149.699951171875,1156.699951171875,1149.300048828125,1152.699951171875,234700,0.0,0.0,COFORGE.NS
2026-03-06 09:15:00+05:30,1154.9000244140625,1181.699951171875,1151.0,1180.699951171875,152173,0.0,0.0,COFORGE.NS
2026-03-06 09:30:00+05:30,1180.5999755859375,1180.9000244140625,1172.4000244140625,1173.0,112316,0.0,0.0,COFORGE.NS
2026-03-06 09:45:00+05:30,1173.0,1175.800048828125,1169.0,1169.699951171875,109863,0.0,0.0,COFORGE.NS
2026-03-06 10:00:00+05:30,1169.9000244140625,1170.5999755859375,1161.5999755859375,1165.0,144116,0.0,0.0,COFORGE.NS
2026-03-06 10:15:00+05:30,1165.0,1165.4000244140625,1161.699951171875,1162.5999755859375,41401,0.0,0.0,COFORGE.NS
2026-03-06 10:30:00+05:30,1162.699951171875,1162.800048828125,1158.5999755859375,1158.699951171875,41498,0.0,0.0,COFORGE.NS
2026-03-06 10:45:00+05:30,1158.699951171875,1159.0999755859375,1153.0999755859375,1154.199951171875,88791,0.0,0.0,COFORGE.NS
2026-03-06 11:00:00+05:30,1154.5,1159.0,1153.699951171875,1154.5,29201,0.0,0.0,COFORGE.NS
2026-03-06 11:15:00+05:30,1154.4000244140625,1155.699951171875,1152.199951171875,1153.699951171875,20766,0.0,0.0,COFORGE.NS
2026-03-06 11:30:00+05:30,1153.5999755859375,1155.5999755859375,1150.4000244140625,1151.199951171875,64963,0.0,0.0,COFORGE.NS
2026-03-06 11:45:00+05:30,1151.0,1154.199951171875,1151.0,1152.4000244140625,20848,0.0,0.0,COFORGE.NS
2026-03-06 12:00:00+05:30,1152.4000244140625,1154.0999755859375,1150.300048828125,1151.800048828125,16857,0.0,0.0,COFORGE.NS
2026-03-06 12:15:00+05:30,1151.800048828125,1153.5999755859375,1148.5,1149.0,38351,0.0,0.0,COFORGE.NS
2026-03-06 12:30:00+05:30,1149.0,1153.5,1149.0,1153.5,21727,0.0,0.0,COFORGE.NS
2026-03-06 12:45:00+05:30,1153.4000244140625,1154.300048828125,1151.5,1153.199951171875,28901,0.0,0.0,COFORGE.NS
2026-03-06 13:00:00+05:30,1153.199951171875,1153.5,1150.0999755859375,1150.800048828125,19957,0.0,0.0,COFORGE.NS
2026-03-06 13:15:00+05:30,1150.800048828125,1153.5,1149.9000244140625,1152.0,26589,0.0,0.0,COFORGE.NS
2026-03-06 13:30:00+05:30,1152.0,1154.0,1150.0,1151.5999755859375,28638,0.0,0.0,COFORGE.NS
2026-03-06 13:45:00+05:30,1151.9000244140625,1155.199951171875,1150.800048828125,1151.199951171875,29964,0.0,0.0,COFORGE.NS
2026-03-06 14:00:00+05:30,1151.0,1154.699951171875,1150.4000244140625,1152.9000244140625,27888,0.0,0.0,COFORGE.NS
2026-03-06 14:15:00+05:30,1153.0999755859375,1157.699951171875,1153.0999755859375,1154.0,37755,0.0,0.0,COFORGE.NS
2026-03-06 14:30:00+05:30,1154.0,1167.199951171875,1154.0,1162.9000244140625,122625,0.0,0.0,COFORGE.NS
2026-03-06 14:45:00+05:30,1162.4000244140625,1165.5999755859375,1161.0,1162.0999755859375,103966,0.0,0.0,COFORGE.NS
2026-03-06 15:00:00+05:30,1162.199951171875,1164.5999755859375,1159.0999755859375,1164.300048828125,137831,0.0,0.0,COFORGE.NS
2026-03-06 15:15:00+05:30,1164.300048828125,1166.300048828125,1162.300048828125,1165.0,189295,0.0,0.0,COFORGE.NS
2026-03-09 09:15:00+05:30,1139.5,1142.0,1117.699951171875,1130.5999755859375,119293,0.0,0.0,COFORGE.NS
2026-03-09 09:30:00+05:30,1130.5999755859375,1144.4000244140625,1130.5999755859375,1137.5999755859375,176342,0.0,0.0,COFORGE.NS
2026-03-09 09:45:00+05:30,1137.0,1144.199951171875,1135.699951171875,1142.300048828125,75407,0.0,0.0,COFORGE.NS
2026-03-09 10:00:00+05:30,1142.699951171875,1149.4000244140625,1138.9000244140625,1148.0,91601,0.0,0.0,COFORGE.NS
2026-03-09 10:15:00+05:30,1146.9000244140625,1152.0999755859375,1143.199951171875,1148.800048828125,103645,0.0,0.0,COFORGE.NS
2026-03-09 10:30:00+05:30,1148.0999755859375,1148.0999755859375,1142.0999755859375,1145.0999755859375,40468,0.0,0.0,COFORGE.NS
2026-03-09 10:45:00+05:30,1145.5999755859375,1154.0,1143.0,1152.0,58219,0.0,0.0,COFORGE.NS
2026-03-09 11:00:00+05:30,1152.199951171875,1156.4000244140625,1148.699951171875,1156.4000244140625,49994,0.0,0.0,COFORGE.NS
2026-03-09 11:15:00+05:30,1156.300048828125,1167.199951171875,1153.5999755859375,1165.800048828125,80105,0.0,0.0,COFORGE.NS
2026-03-09 11:30:00+05:30,1165.699951171875,1172.9000244140625,1165.5999755859375,1169.0,99956,0.0,0.0,COFORGE.NS
2026-03-09 11:45:00+05:30,1168.5999755859375,1170.9000244140625,1164.5999755859375,1167.300048828125,61157,0.0,0.0,COFORGE.NS
2026-03-09 12:00:00+05:30,1167.4000244140625,1167.4000244140625,1158.800048828125,1162.5999755859375,57824,0.0,0.0,COFORGE.NS
2026-03-09 12:15:00+05:30,1162.5999755859375,1167.0,1157.4000244140625,1165.199951171875,48972,0.0,0.0,COFORGE.NS
2026-03-09 12:30:00+05:30,1165.5,1168.800048828125,1165.0,1167.699951171875,53705,0.0,0.0,COFORGE.NS
2026-03-09 12:45:00+05:30,1167.699951171875,1167.800048828125,1161.9000244140625,1163.800048828125,95241,0.0,0.0,COFORGE.NS
2026-03-09 13:00:00+05:30,1163.800048828125,1164.0,1158.4000244140625,1159.4000244140625,36196,0.0,0.0,COFORGE.NS
2026-03-09 13:15:00+05:30,1159.800048828125,1161.0,1156.199951171875,1158.199951171875,32950,0.0,0.0,COFORGE.NS
2026-03-09 13:30:00+05:30,1158.800048828125,1170.5999755859375,1158.300048828125,1170.0,118624,0.0,0.0,COFORGE.NS
2026-03-09 13:45:00+05:30,1169.4000244140625,1169.5,1165.0,1166.0,61539,0.0,0.0,COFORGE.NS
2026-03-09 14:00:00+05:30,1165.5,1170.0999755859375,1162.0,1163.4000244140625,84302,0.0,0.0,COFORGE.NS
2026-03-09 14:15:00+05:30,1163.5999755859375,1167.0,1160.0999755859375,1166.199951171875,52929,0.0,0.0,COFORGE.NS
2026-03-09 14:30:00+05:30,1166.0,1168.0,1163.5,1164.5999755859375,64668,0.0,0.0,COFORGE.NS
2026-03-09 14:45:00+05:30,1165.199951171875,1170.4000244140625,1164.199951171875,1170.0999755859375,56595,0.0,0.0,COFORGE.NS
2026-03-09 15:00:00+05:30,1169.5999755859375,1174.199951171875,1165.300048828125,1169.800048828125,142054,0.0,0.0,COFORGE.NS
2026-03-09 15:15:00+05:30,1170.0,1171.5999755859375,1164.699951171875,1167.9000244140625,153915,0.0,0.0,COFORGE.NS
2026-03-10 09:15:00+05:30,1174.800048828125,1174.800048828125,1148.300048828125,1153.5,216244,0.0,0.0,COFORGE.NS
2026-03-10 09:30:00+05:30,1153.0,1154.0999755859375,1144.199951171875,1151.300048828125,252142,0.0,0.0,COFORGE.NS
2026-03-10 09:45:00+05:30,1151.0999755859375,1151.0999755859375,1145.300048828125,1146.300048828125,94111,0.0,0.0,COFORGE.NS
2026-03-10 10:00:00+05:30,1146.300048828125,1157.4000244140625,1146.0,1155.5999755859375,124038,0.0,0.0,COFORGE.NS
2026-03-10 10:15:00+05:30,1156.0,1161.0999755859375,1155.800048828125,1160.699951171875,124158,0.0,0.0,COFORGE.NS
2026-03-10 10:30:00+05:30,1160.5,1161.9000244140625,1158.0,1160.5999755859375,74142,0.0,0.0,COFORGE.NS
2026-03-10 10:45:00+05:30,1160.5999755859375,1162.0,1157.0,1157.5,36508,0.0,0.0,COFORGE.NS
2026-03-10 11:00:00+05:30,1157.0,1161.199951171875,1156.300048828125,1158.300048828125,38795,0.0,0.0,COFORGE.NS
2026-03-10 11:15:00+05:30,1158.300048828125,1158.9000244140625,1150.5999755859375,1150.5999755859375,66417,0.0,0.0,COFORGE.NS
2026-03-10 11:30:00+05:30,1151.0999755859375,1153.4000244140625,1149.5999755859375,1149.5999755859375,60538,0.0,0.0,COFORGE.NS
2026-03-10 11:45:00+05:30,1149.5999755859375,1149.5999755859375,1142.199951171875,1144.300048828125,85209,0.0,0.0,COFORGE.NS
2026-03-10 12:00:00+05:30,1144.300048828125,1145.0,1140.0999755859375,1140.9000244140625,64573,0.0,0.0,COFORGE.NS
2026-03-10 12:15:00+05:30,1140.699951171875,1141.800048828125,1138.0,1141.5,79899,0.0,0.0,COFORGE.NS
2026-03-10 12:30:00+05:30,1141.800048828125,1143.4000244140625,1138.0,1138.199951171875,122316,0.0,0.0,COFORGE.NS
2026-03-10 12:45:00+05:30,1138.199951171875,1144.5999755859375,1137.5,1144.199951171875,109992,0.0,0.0,COFORGE.NS
2026-03-10 13:00:00+05:30,1144.5999755859375,1148.9000244140625,1141.9000244140625,1141.9000244140625,92743,0.0,0.0,COFORGE.NS
2026-03-10 13:15:00+05:30,1141.5999755859375,1144.800048828125,1141.0999755859375,1142.300048828125,43059,0.0,0.0,COFORGE.NS
2026-03-10 13:30:00+05:30,1142.699951171875,1144.800048828125,1140.9000244140625,1141.5999755859375,46971,0.0,0.0,COFORGE.NS
2026-03-10 13:45:00+05:30,1141.0,1142.9000244140625,1140.0,1141.800048828125,30450,0.0,0.0,COFORGE.NS
2026-03-10 14:00:00+05:30,1141.800048828125,1142.5,1140.0,1141.199951171875,40084,0.0,0.0,COFORGE.NS
2026-03-10 14:15:00+05:30,1141.4000244140625,1141.9000244140625,1137.0,1138.4000244140625,69770,0.0,0.0,COFORGE.NS
2026-03-10 14:30:00+05:30,1138.300048828125,1140.5,1137.5,1139.5,47427,0.0,0.0,COFORGE.NS
2026-03-10 14:45:00+05:30,1139.300048828125,1141.5,1137.4000244140625,1140.699951171875,70168,0.0,0.0,COFORGE.NS
2026-03-10 15:00:00+05:30,1140.0,1140.800048828125,1138.300048828125,1140.199951171875,128449,0.0,0.0,COFORGE.NS
2026-03-10 15:15:00+05:30,1140.199951171875,1141.5,1137.300048828125,1139.199951171875,229446,0.0,0.0,COFORGE.NS
2026-03-11 09:15:00+05:30,1148.5,1159.0,1147.0,1152.5999755859375,213636,0.0,0.0,COFORGE.NS
2026-03-11 09:30:00+05:30,1152.0999755859375,1155.300048828125,1144.5999755859375,1144.5999755859375,121426,0.0,0.0,COFORGE.NS
2026-03-11 09:45:00+05:30,1145.5,1147.5,1132.0,1132.0,143192,0.0,0.0,COFORGE.NS
2026-03-11 10:00:00+05:30,1132.0999755859375,1133.300048828125,1125.5999755859375,1126.0,164564,0.0,0.0,COFORGE.NS
2026-03-11 10:15:00+05:30,1126.199951171875,1132.800048828125,1126.0,1129.699951171875,128035,0.0,0.0,COFORGE.NS
2026-03-11 10:30:00+05:30,1129.9000244140625,1132.4000244140625,1124.0,1125.5,97191,0.0,0.0,COFORGE.NS
2026-03-11 10:45:00+05:30,1125.0,1125.0,1120.0,1124.0999755859375,104854,0.0,0.0,COFORGE.NS
2026-03-11 11:00:00+05:30,1123.5999755859375,1125.199951171875,1122.5,1123.4000244140625,60107,0.0,0.0,COFORGE.NS
2026-03-11 11:15:00+05:30,1123.4000244140625,1123.4000244140625,1120.300048828125,1123.300048828125,53619,0.0,0.0,COFORGE.NS
2026-03-11 11:30:00+05:30,1123.0999755859375,1124.0,1119.9000244140625,1121.199951171875,104854,0.0,0.0,COFORGE.NS
2026-03-11 11:45:00+05:30,1121.5999755859375,1122.4000244140625,1118.199951171875,1119.300048828125,60355,0.0,0.0,COFORGE.NS
2026-03-11 12:00:00+05:30,1119.300048828125,1125.800048828125,1118.5,1125.300048828125,72808,0.0,0.0,COFORGE.NS
2026-03-11 12:15:00+05:30,1125.199951171875,1126.0,1123.0,1125.800048828125,94783,0.0,0.0,COFORGE.NS
2026-03-11 12:30:00+05:30,1125.5,1128.0999755859375,1123.5,1127.9000244140625,80290,0.0,0.0,COFORGE.NS
2026-03-11 12:45:00+05:30,1127.9000244140625,1127.9000244140625,1124.5999755859375,1124.5999755859375,70356,0.0,0.0,COFORGE.NS
2026-03-11 13:00:00+05:30,1124.5,1126.0,1118.699951171875,1119.0999755859375,112465,0.0,0.0,COFORGE.NS
2026-03-11 13:15:00+05:30,1119.800048828125,1120.4000244140625,1118.0,1118.5999755859375,32181,0.0,0.0,COFORGE.NS
2026-03-11 13:30:00+05:30,1118.699951171875,1119.5,1115.0,1115.0999755859375,87769,0.0,0.0,COFORGE.NS
2026-03-11 13:45:00+05:30,1115.0999755859375,1118.699951171875,1114.300048828125,1117.300048828125,69838,0.0,0.0,COFORGE.NS
2026-03-11 14:00:00+05:30,1117.0,1117.5,1115.0,1116.0,74023,0.0,0.0,COFORGE.NS
2026-03-11 14:15:00+05:30,1115.9000244140625,1121.800048828125,1114.9000244140625,1121.199951171875,141693,0.0,0.0,COFORGE.NS
2026-03-11 14:30:00+05:30,1121.300048828125,1121.5999755859375,1115.9000244140625,1116.0,117802,0.0,0.0,COFORGE.NS
2026-03-11 14:45:00+05:30,1115.199951171875,1116.5999755859375,1111.300048828125,1111.800048828125,131711,0.0,0.0,COFORGE.NS
2026-03-11 15:00:00+05:30,1112.0999755859375,1114.9000244140625,1105.4000244140625,1105.800048828125,208952,0.0,0.0,COFORGE.NS
2026-03-11 15:15:00+05:30,1105.4000244140625,1111.300048828125,1105.4000244140625,1111.0,332786,0.0,0.0,COFORGE.NS
2026-03-12 09:15:00+05:30,1099.800048828125,1100.9000244140625,1090.0999755859375,1095.0,132418,0.0,0.0,COFORGE.NS
2026-03-12 09:30:00+05:30,1094.199951171875,1099.300048828125,1090.5999755859375,1095.0,170979,0.0,0.0,COFORGE.NS
2026-03-12 09:45:00+05:30,1095.0,1098.699951171875,1092.699951171875,1097.5,124329,0.0,0.0,COFORGE.NS
2026-03-12 10:00:00+05:30,1097.199951171875,1097.800048828125,1083.0999755859375,1083.5,140717,0.0,0.0,COFORGE.NS
2026-03-12 10:15:00+05:30,1084.0999755859375,1090.300048828125,1078.5999755859375,1086.5999755859375,276182,0.0,0.0,COFORGE.NS
2026-03-12 10:30:00+05:30,1086.699951171875,1092.0999755859375,1085.300048828125,1090.9000244140625,108750,0.0,0.0,COFORGE.NS
2026-03-12 10:45:00+05:30,1090.5999755859375,1101.199951171875,1090.4000244140625,1100.699951171875,157867,0.0,0.0,COFORGE.NS
2026-03-12 11:00:00+05:30,1100.5999755859375,1110.199951171875,1100.300048828125,1109.0999755859375,189509,0.0,0.0,COFORGE.NS
2026-03-12 11:15:00+05:30,1109.0,1112.0999755859375,1104.4000244140625,1111.5,149127,0.0,0.0,COFORGE.NS
2026-03-12 11:30:00+05:30,1111.300048828125,1115.5,1108.300048828125,1115.5,72328,0.0,0.0,COFORGE.NS
2026-03-12 11:45:00+05:30,1115.5,1117.300048828125,1113.0,1116.4000244140625,87914,0.0,0.0,COFORGE.NS
2026-03-12 12:00:00+05:30,1116.9000244140625,1116.9000244140625,1109.5,1111.4000244140625,74748,0.0,0.0,COFORGE.NS
2026-03-12 12:15:00+05:30,1111.0999755859375,1115.5,1105.0,1113.699951171875,111289,0.0,0.0,COFORGE.NS
2026-03-12 12:30:00+05:30,1113.199951171875,1114.0999755859375,1106.699951171875,1109.800048828125,97944,0.0,0.0,COFORGE.NS
2026-03-12 12:45:00+05:30,1109.300048828125,1118.5999755859375,1105.800048828125,1117.9000244140625,689893,0.0,0.0,COFORGE.NS
2026-03-12 13:00:00+05:30,1118.300048828125,1122.5,1117.699951171875,1121.800048828125,136701,0.0,0.0,COFORGE.NS
2026-03-12 13:15:00+05:30,1121.300048828125,1127.800048828125,1118.9000244140625,1125.699951171875,154580,0.0,0.0,COFORGE.NS
2026-03-12 13:30:00+05:30,1125.9000244140625,1127.300048828125,1120.0,1120.699951171875,102849,0.0,0.0,COFORGE.NS
2026-03-12 13:45:00+05:30,1120.800048828125,1121.5999755859375,1116.4000244140625,1117.5,83712,0.0,0.0,COFORGE.NS
2026-03-12 14:00:00+05:30,1117.0,1119.4000244140625,1112.800048828125,1114.800048828125,87443,0.0,0.0,COFORGE.NS
2026-03-12 14:15:00+05:30,1114.300048828125,1115.9000244140625,1108.0,1108.5999755859375,97132,0.0,0.0,COFORGE.NS
2026-03-12 14:30:00+05:30,1108.199951171875,1110.0,1105.0,1105.800048828125,99316,0.0,0.0,COFORGE.NS
2026-03-12 14:45:00+05:30,1105.0,1106.5,1100.4000244140625,1103.199951171875,129567,0.0,0.0,COFORGE.NS
2026-03-12 15:00:00+05:30,1104.300048828125,1109.5,1104.199951171875,1107.300048828125,173272,0.0,0.0,COFORGE.NS
2026-03-12 15:15:00+05:30,1108.0,1111.5,1106.199951171875,1107.9000244140625,339759,0.0,0.0,COFORGE.NS
2026-03-13 09:15:00+05:30,1094.5,1094.5,1080.9000244140625,1086.5,130852,0.0,0.0,COFORGE.NS
2026-03-13 09:30:00+05:30,1086.0999755859375,1089.5,1083.0,1084.0,105109,0.0,0.0,COFORGE.NS
2026-03-13 09:45:00+05:30,1083.4000244140625,1083.800048828125,1080.0999755859375,1082.0,67066,0.0,0.0,COFORGE.NS
2026-03-13 10:00:00+05:30,1082.5,1086.199951171875,1081.199951171875,1082.0,62124,0.0,0.0,COFORGE.NS
2026-03-13 10:15:00+05:30,1082.4000244140625,1087.199951171875,1081.5999755859375,1087.199951171875,65286,0.0,0.0,COFORGE.NS
2026-03-13 10:30:00+05:30,1087.9000244140625,1092.699951171875,1086.5,1092.0,124059,0.0,0.0,COFORGE.NS
2026-03-13 10:45:00+05:30,1092.800048828125,1093.5999755859375,1088.5,1089.699951171875,58251,0.0,0.0,COFORGE.NS
2026-03-13 11:00:00+05:30,1089.4000244140625,1089.5,1083.5,1084.800048828125,35018,0.0,0.0,COFORGE.NS
2026-03-13 11:15:00+05:30,1084.800048828125,1088.0999755859375,1082.699951171875,1088.0999755859375,39911,0.0,0.0,COFORGE.NS
2026-03-13 11:30:00+05:30,1088.199951171875,1088.199951171875,1082.5,1082.5,26379,0.0,0.0,COFORGE.NS
2026-03-13 11:45:00+05:30,1082.800048828125,1086.5999755859375,1080.199951171875,1080.199951171875,73453,0.0,0.0,COFORGE.NS
2026-03-13 12:00:00+05:30,1080.0,1086.0,1079.0999755859375,1085.699951171875,75524,0.0,0.0,COFORGE.NS
2026-03-13 12:15:00+05:30,1085.5999755859375,1086.699951171875,1080.0,1084.300048828125,45517,0.0,0.0,COFORGE.NS
2026-03-13 12:30:00+05:30,1084.300048828125,1084.5,1081.0,1081.9000244140625,66837,0.0,0.0,COFORGE.NS
2026-03-13 12:45:00+05:30,1081.4000244140625,1084.5,1081.0,1081.800048828125,37620,0.0,0.0,COFORGE.NS
2026-03-13 13:00:00+05:30,1081.300048828125,1082.0,1076.5,1078.0,405495,0.0,0.0,COFORGE.NS
2026-03-13 13:15:00+05:30,1078.0,1079.4000244140625,1075.0,1077.199951171875,55268,0.0,0.0,COFORGE.NS
2026-03-13 13:30:00+05:30,1077.4000244140625,1078.5,1075.300048828125,1076.800048828125,84792,0.0,0.0,COFORGE.NS
2026-03-13 13:45:00+05:30,1077.4000244140625,1077.5999755859375,1073.0,1073.300048828125,71673,0.0,0.0,COFORGE.NS
2026-03-13 14:00:00+05:30,1073.300048828125,1079.5,1073.300048828125,1078.800048828125,48256,0.0,0.0,COFORGE.NS
2026-03-13 14:15:00+05:30,1078.5,1085.4000244140625,1077.0,1084.4000244140625,166977,0.0,0.0,COFORGE.NS
2026-03-13 14:30:00+05:30,1083.800048828125,1088.699951171875,1083.0,1087.699951171875,72157,0.0,0.0,COFORGE.NS
2026-03-13 14:45:00+05:30,1087.5999755859375,1091.699951171875,1087.0,1091.5999755859375,347176,0.0,0.0,COFORGE.NS
2026-03-13 15:00:00+05:30,1090.199951171875,1091.9000244140625,1088.0999755859375,1089.5999755859375,135749,0.0,0.0,COFORGE.NS
2026-03-13 15:15:00+05:30,1089.5999755859375,1092.0,1088.0,1092.0,145070,0.0,0.0,COFORGE.NS
2026-03-16 09:15:00+05:30,1082.9000244140625,1092.4000244140625,1080.4000244140625,1082.300048828125,226284,0.0,0.0,COFORGE.NS
2026-03-16 09:30:00+05:30,1083.699951171875,1099.800048828125,1081.800048828125,1089.4000244140625,315197,0.0,0.0,COFORGE.NS
2026-03-16 09:45:00+05:30,1089.0,1100.9000244140625,1088.5999755859375,1091.199951171875,170041,0.0,0.0,COFORGE.NS
2026-03-16 10:00:00+05:30,1091.5999755859375,1096.5,1090.5999755859375,1091.5999755859375,134171,0.0,0.0,COFORGE.NS
2026-03-16 10:15:00+05:30,1090.5999755859375,1092.0,1078.300048828125,1079.0,164442,0.0,0.0,COFORGE.NS
2026-03-16 10:30:00+05:30,1079.0,1084.199951171875,1079.0,1082.300048828125,82458,0.0,0.0,COFORGE.NS
2026-03-16 10:45:00+05:30,1082.199951171875,1089.0999755859375,1078.300048828125,1089.0,116806,0.0,0.0,COFORGE.NS
2026-03-16 11:00:00+05:30,1089.0,1091.0999755859375,1085.699951171875,1086.5,105445,0.0,0.0,COFORGE.NS
2026-03-16 11:15:00+05:30,1086.9000244140625,1094.800048828125,1086.800048828125,1088.9000244140625,79595,0.0,0.0,COFORGE.NS
2026-03-16 11:30:00+05:30,1089.199951171875,1091.199951171875,1081.699951171875,1082.0999755859375,69148,0.0,0.0,COFORGE.NS
2026-03-16 11:45:00+05:30,1081.699951171875,1083.199951171875,1078.4000244140625,1079.199951171875,103111,0.0,0.0,COFORGE.NS
2026-03-16 12:00:00+05:30,1079.5999755859375,1083.699951171875,1078.800048828125,1079.199951171875,67759,0.0,0.0,COFORGE.NS
2026-03-16 12:15:00+05:30,1079.199951171875,1081.699951171875,1078.699951171875,1079.5,63266,0.0,0.0,COFORGE.NS
2026-03-16 12:30:00+05:30,1079.4000244140625,1079.4000244140625,1072.9000244140625,1073.0,121440,0.0,0.0,COFORGE.NS
2026-03-16 12:45:00+05:30,1072.199951171875,1074.0999755859375,1070.699951171875,1073.5,78812,0.0,0.0,COFORGE.NS
2026-03-16 13:00:00+05:30,1073.9000244140625,1077.4000244140625,1072.800048828125,1073.199951171875,106056,0.0,0.0,COFORGE.NS
2026-03-16 13:15:00+05:30,1072.699951171875,1077.199951171875,1072.699951171875,1074.800048828125,68426,0.0,0.0,COFORGE.NS
2026-03-16 13:30:00+05:30,1074.199951171875,1076.5999755859375,1073.0,1073.300048828125,66135,0.0,0.0,COFORGE.NS
2026-03-16 13:45:00+05:30,1073.0,1075.199951171875,1071.5,1073.0,80771,0.0,0.0,COFORGE.NS
2026-03-16 14:00:00+05:30,1073.0,1074.800048828125,1071.0,1071.5,82927,0.0,0.0,COFORGE.NS
2026-03-16 14:15:00+05:30,1071.699951171875,1083.5999755859375,1071.0999755859375,1082.5,144386,0.0,0.0,COFORGE.NS
2026-03-16 14:30:00+05:30,1083.0999755859375,1087.9000244140625,1081.4000244140625,1087.0,137478,0.0,0.0,COFORGE.NS
2026-03-16 14:45:00+05:30,1087.0,1091.800048828125,1085.5,1086.9000244140625,179389,0.0,0.0,COFORGE.NS
2026-03-16 15:00:00+05:30,1086.0,1086.0,1080.9000244140625,1081.800048828125,252363,0.0,0.0,COFORGE.NS
2026-03-16 15:15:00+05:30,1081.5,1081.699951171875,1075.699951171875,1078.800048828125,315532,0.0,0.0,COFORGE.NS
2026-03-17 09:15:00+05:30,1067.300048828125,1067.300048828125,1028.699951171875,1031.0999755859375,574735,0.0,0.0,COFORGE.NS
2026-03-17 09:30:00+05:30,1030.5999755859375,1032.699951171875,1008.4000244140624,1027.5999755859375,1070746,0.0,0.0,COFORGE.NS
2026-03-17 09:45:00+05:30,1026.699951171875,1033.5,1024.0,1031.699951171875,569887,0.0,0.0,COFORGE.NS
2026-03-17 10:00:00+05:30,1031.9000244140625,1046.0,1026.800048828125,1042.0,447782,0.0,0.0,COFORGE.NS
2026-03-17 10:15:00+05:30,1042.4000244140625,1046.5999755859375,1040.800048828125,1045.0,342288,0.0,0.0,COFORGE.NS
2026-03-17 10:30:00+05:30,1044.699951171875,1051.0999755859375,1041.9000244140625,1051.0999755859375,258829,0.0,0.0,COFORGE.NS
2026-03-17 10:45:00+05:30,1050.5,1063.0,1050.5,1061.9000244140625,269969,0.0,0.0,COFORGE.NS
2026-03-17 11:00:00+05:30,1061.699951171875,1065.699951171875,1056.199951171875,1059.5,235503,0.0,0.0,COFORGE.NS
2026-03-17 11:15:00+05:30,1059.5,1060.5999755859375,1049.5,1052.4000244140625,240959,0.0,0.0,COFORGE.NS
2026-03-17 11:30:00+05:30,1052.5,1057.699951171875,1049.5,1056.0,203712,0.0,0.0,COFORGE.NS
2026-03-17 11:45:00+05:30,1056.0,1058.0,1053.5999755859375,1055.9000244140625,48540,0.0,0.0,COFORGE.NS
2026-03-17 12:00:00+05:30,1055.9000244140625,1060.4000244140625,1055.0,1059.199951171875,43451,0.0,0.0,COFORGE.NS
2026-03-17 12:15:00+05:30,1058.800048828125,1061.5999755859375,1054.9000244140625,1061.5999755859375,69591,0.0,0.0,COFORGE.NS
2026-03-17 12:30:00+05:30,1061.0,1067.300048828125,1058.5,1067.0,94968,0.0,0.0,COFORGE.NS
2026-03-17 12:45:00+05:30,1067.0,1073.4000244140625,1066.4000244140625,1073.4000244140625,162962,0.0,0.0,COFORGE.NS
2026-03-17 13:00:00+05:30,1073.4000244140625,1075.5999755859375,1069.5,1074.9000244140625,98825,0.0,0.0,COFORGE.NS
2026-03-17 13:15:00+05:30,1075.0,1076.800048828125,1071.9000244140625,1072.5999755859375,88337,0.0,0.0,COFORGE.NS
2026-03-17 13:30:00+05:30,1072.5999755859375,1074.800048828125,1069.0,1070.199951171875,103195,0.0,0.0,COFORGE.NS
2026-03-17 13:45:00+05:30,1070.0999755859375,1073.5999755859375,1069.4000244140625,1069.4000244140625,67105,0.0,0.0,COFORGE.NS
2026-03-17 14:00:00+05:30,1069.0999755859375,1072.0,1065.800048828125,1069.4000244140625,111736,0.0,0.0,COFORGE.NS
2026-03-17 14:15:00+05:30,1069.0,1070.0,1064.800048828125,1066.0,104840,0.0,0.0,COFORGE.NS
2026-03-17 14:30:00+05:30,1066.300048828125,1073.300048828125,1066.300048828125,1072.0,100116,0.0,0.0,COFORGE.NS
2026-03-17 14:45:00+05:30,1071.699951171875,1080.0999755859375,1070.0999755859375,1079.5,161987,0.0,0.0,COFORGE.NS
2026-03-17 15:00:00+05:30,1079.0,1079.0,1071.800048828125,1075.699951171875,179567,0.0,0.0,COFORGE.NS
2026-03-17 15:15:00+05:30,1075.5,1077.0,1070.5999755859375,1077.0,237119,0.0,0.0,COFORGE.NS
2026-03-18 09:15:00+05:30,1083.300048828125,1113.699951171875,1083.300048828125,1113.699951171875,406570,0.0,0.0,COFORGE.NS
2026-03-18 09:30:00+05:30,1113.800048828125,1117.800048828125,1108.0999755859375,1115.800048828125,468198,0.0,0.0,COFORGE.NS
2026-03-18 09:45:00+05:30,1115.800048828125,1122.0,1112.4000244140625,1122.0,457923,0.0,0.0,COFORGE.NS
2026-03-18 10:00:00+05:30,1121.800048828125,1126.0999755859375,1118.5999755859375,1124.699951171875,338912,0.0,0.0,COFORGE.NS
2026-03-18 10:15:00+05:30,1124.5999755859375,1131.0999755859375,1123.199951171875,1124.699951171875,294051,0.0,0.0,COFORGE.NS
2026-03-18 10:30:00+05:30,1124.9000244140625,1134.0,1122.300048828125,1131.5999755859375,267480,0.0,0.0,COFORGE.NS
2026-03-18 10:45:00+05:30,1131.9000244140625,1136.0,1130.0,1136.0,187931,0.0,0.0,COFORGE.NS
2026-03-18 11:00:00+05:30,1136.5999755859375,1139.9000244140625,1133.0,1137.300048828125,282949,0.0,0.0,COFORGE.NS
2026-03-18 11:15:00+05:30,1137.4000244140625,1145.199951171875,1136.0999755859375,1143.800048828125,362879,0.0,0.0,COFORGE.NS
2026-03-18 11:30:00+05:30,1143.300048828125,1148.199951171875,1141.5,1145.5999755859375,260855,0.0,0.0,COFORGE.NS
2026-03-18 11:45:00+05:30,1145.800048828125,1145.800048828125,1137.5999755859375,1140.5999755859375,303492,0.0,0.0,COFORGE.NS
2026-03-18 12:00:00+05:30,1140.5999755859375,1140.800048828125,1136.0,1138.0,166653,0.0,0.0,COFORGE.NS
2026-03-18 12:15:00+05:30,1138.4000244140625,1141.0,1136.5999755859375,1139.0,155057,0.0,0.0,COFORGE.NS
2026-03-18 12:30:00+05:30,1139.0,1141.0,1134.5999755859375,1139.5,187560,0.0,0.0,COFORGE.NS
2026-03-18 12:45:00+05:30,1139.5,1140.699951171875,1135.0,1136.300048828125,164490,0.0,0.0,COFORGE.NS
2026-03-18 13:00:00+05:30,1136.199951171875,1139.199951171875,1136.199951171875,1139.0,73784,0.0,0.0,COFORGE.NS
2026-03-18 13:15:00+05:30,1139.199951171875,1143.5999755859375,1137.4000244140625,1142.0,257408,0.0,0.0,COFORGE.NS
2026-03-18 13:30:00+05:30,1141.9000244140625,1143.0,1140.0,1141.0,106251,0.0,0.0,COFORGE.NS
2026-03-18 13:45:00+05:30,1140.5,1141.5,1139.300048828125,1140.0,163099,0.0,0.0,COFORGE.NS
2026-03-18 14:00:00+05:30,1140.0,1141.800048828125,1139.0,1140.0,200696,0.0,0.0,COFORGE.NS
2026-03-18 14:15:00+05:30,1140.0,1143.4000244140625,1139.199951171875,1141.199951171875,184580,0.0,0.0,COFORGE.NS
2026-03-18 14:30:00+05:30,1140.9000244140625,1141.300048828125,1130.300048828125,1132.0999755859375,486759,0.0,0.0,COFORGE.NS
2026-03-18 14:45:00+05:30,1132.5999755859375,1136.699951171875,1131.0,1135.5999755859375,214755,0.0,0.0,COFORGE.NS
2026-03-18 15:00:00+05:30,1136.300048828125,1136.5,1132.0,1133.800048828125,259489,0.0,0.0,COFORGE.NS
2026-03-18 15:15:00+05:30,1133.800048828125,1135.0,1127.300048828125,1129.0,278888,0.0,0.0,COFORGE.NS
2026-03-19 09:15:00+05:30,1106.9000244140625,1117.300048828125,1099.0,1117.300048828125,178736,0.0,0.0,COFORGE.NS
2026-03-19 09:30:00+05:30,1116.800048828125,1120.800048828125,1114.0999755859375,1116.4000244140625,179080,0.0,0.0,COFORGE.NS
2026-03-19 09:45:00+05:30,1117.9000244140625,1117.9000244140625,1111.9000244140625,1113.800048828125,123090,0.0,0.0,COFORGE.NS
2026-03-19 10:00:00+05:30,1113.300048828125,1114.5,1111.0,1112.0,76443,0.0,0.0,COFORGE.NS
2026-03-19 10:15:00+05:30,1111.699951171875,1115.9000244140625,1104.0999755859375,1104.0999755859375,95510,0.0,0.0,COFORGE.NS
2026-03-19 10:30:00+05:30,1104.199951171875,1106.199951171875,1102.4000244140625,1104.4000244140625,82005,0.0,0.0,COFORGE.NS
2026-03-19 10:45:00+05:30,1104.199951171875,1104.300048828125,1098.199951171875,1099.800048828125,88566,0.0,0.0,COFORGE.NS
2026-03-19 11:00:00+05:30,1099.800048828125,1102.4000244140625,1098.0,1100.0,147927,0.0,0.0,COFORGE.NS
2026-03-19 11:15:00+05:30,1100.0,1101.5,1095.0999755859375,1095.5999755859375,75722,0.0,0.0,COFORGE.NS
2026-03-19 11:30:00+05:30,1095.5,1101.699951171875,1095.5,1100.199951171875,45171,0.0,0.0,COFORGE.NS
2026-03-19 11:45:00+05:30,1100.0,1102.0999755859375,1098.800048828125,1099.800048828125,75519,0.0,0.0,COFORGE.NS
2026-03-19 12:00:00+05:30,1100.0,1101.5999755859375,1099.199951171875,1101.0,34682,0.0,0.0,COFORGE.NS
2026-03-19 12:15:00+05:30,1100.800048828125,1101.5999755859375,1099.0999755859375,1101.5999755859375,55775,0.0,0.0,COFORGE.NS
2026-03-19 12:30:00+05:30,1102.0,1107.699951171875,1100.0,1100.5,95244,0.0,0.0,COFORGE.NS
2026-03-19 12:45:00+05:30,1100.800048828125,1102.5999755859375,1100.0,1101.5,28331,0.0,0.0,COFORGE.NS
2026-03-19 13:00:00+05:30,1101.699951171875,1101.699951171875,1094.0999755859375,1094.300048828125,87355,0.0,0.0,COFORGE.NS
2026-03-19 13:15:00+05:30,1094.4000244140625,1094.5999755859375,1091.300048828125,1092.0,48316,0.0,0.0,COFORGE.NS
2026-03-19 13:30:00+05:30,1092.0999755859375,1097.699951171875,1092.0,1095.0,150844,0.0,0.0,COFORGE.NS
2026-03-19 13:45:00+05:30,1095.5,1097.9000244140625,1094.0999755859375,1094.0999755859375,32222,0.0,0.0,COFORGE.NS
2026-03-19 14:00:00+05:30,1094.5999755859375,1095.699951171875,1088.0999755859375,1090.9000244140625,73313,0.0,0.0,COFORGE.NS
2026-03-19 14:15:00+05:30,1091.300048828125,1094.699951171875,1091.300048828125,1093.5,80429,0.0,0.0,COFORGE.NS
2026-03-19 14:30:00+05:30,1093.5,1096.5,1092.5,1095.199951171875,97324,0.0,0.0,COFORGE.NS
2026-03-19 14:45:00+05:30,1094.699951171875,1096.0,1088.199951171875,1089.0,129095,0.0,0.0,COFORGE.NS
2026-03-19 15:00:00+05:30,1089.0,1094.0,1087.9000244140625,1090.699951171875,182355,0.0,0.0,COFORGE.NS
2026-03-19 15:15:00+05:30,1091.4000244140625,1098.300048828125,1090.5999755859375,1096.9000244140625,190464,0.0,0.0,COFORGE.NS
2026-03-20 09:15:00+05:30,1116.800048828125,1130.0999755859375,1116.800048828125,1119.699951171875,205237,0.0,0.0,COFORGE.NS
2026-03-20 09:30:00+05:30,1119.5999755859375,1120.4000244140625,1102.4000244140625,1106.4000244140625,181284,0.0,0.0,COFORGE.NS
2026-03-20 09:45:00+05:30,1106.5,1107.4000244140625,1099.5,1104.300048828125,104240,0.0,0.0,COFORGE.NS
2026-03-20 10:00:00+05:30,1104.4000244140625,1104.5,1098.0999755859375,1099.4000244140625,88208,0.0,0.0,COFORGE.NS
2026-03-20 10:15:00+05:30,1099.800048828125,1108.199951171875,1098.300048828125,1108.199951171875,74493,0.0,0.0,COFORGE.NS
2026-03-20 10:30:00+05:30,1107.5,1109.5,1104.0,1109.300048828125,56741,0.0,0.0,COFORGE.NS
2026-03-20 10:45:00+05:30,1108.699951171875,1109.5999755859375,1102.5999755859375,1103.5999755859375,38029,0.0,0.0,COFORGE.NS
2026-03-20 11:00:00+05:30,1104.4000244140625,1104.4000244140625,1100.9000244140625,1103.0,32703,0.0,0.0,COFORGE.NS
2026-03-20 11:15:00+05:30,1103.300048828125,1107.800048828125,1103.199951171875,1104.0,30758,0.0,0.0,COFORGE.NS
2026-03-20 11:30:00+05:30,1104.699951171875,1106.5,1100.5999755859375,1101.800048828125,26858,0.0,0.0,COFORGE.NS
2026-03-20 11:45:00+05:30,1101.300048828125,1102.5,1094.0,1097.0,78935,0.0,0.0,COFORGE.NS
2026-03-20 12:00:00+05:30,1097.0,1098.5999755859375,1093.9000244140625,1097.5999755859375,33871,0.0,0.0,COFORGE.NS
2026-03-20 12:15:00+05:30,1097.5,1097.5,1090.800048828125,1091.0999755859375,43285,0.0,0.0,COFORGE.NS
2026-03-20 12:30:00+05:30,1091.0999755859375,1092.300048828125,1087.5999755859375,1091.9000244140625,53040,0.0,0.0,COFORGE.NS
2026-03-20 12:45:00+05:30,1091.800048828125,1093.4000244140625,1089.0999755859375,1089.5999755859375,42005,0.0,0.0,COFORGE.NS
2026-03-20 13:00:00+05:30,1089.5999755859375,1091.300048828125,1089.0,1090.800048828125,27625,0.0,0.0,COFORGE.NS
2026-03-20 13:15:00+05:30,1091.199951171875,1094.0,1088.9000244140625,1093.0,33753,0.0,0.0,COFORGE.NS
2026-03-20 13:30:00+05:30,1093.5999755859375,1094.5999755859375,1091.0,1091.800048828125,22496,0.0,0.0,COFORGE.NS
2026-03-20 13:45:00+05:30,1091.5999755859375,1094.4000244140625,1090.199951171875,1092.5,25670,0.0,0.0,COFORGE.NS
2026-03-20 14:00:00+05:30,1092.4000244140625,1095.699951171875,1091.0999755859375,1091.5999755859375,80522,0.0,0.0,COFORGE.NS
2026-03-20 14:15:00+05:30,1091.0,1092.300048828125,1089.0999755859375,1090.0,28079,0.0,0.0,COFORGE.NS
2026-03-20 14:30:00+05:30,1089.9000244140625,1091.0,1080.0999755859375,1081.0,111222,0.0,0.0,COFORGE.NS
2026-03-20 14:45:00+05:30,1080.800048828125,1083.0,1077.4000244140625,1082.0999755859375,124960,0.0,0.0,COFORGE.NS
2026-03-20 15:00:00+05:30,1081.9000244140625,1088.9000244140625,1080.4000244140625,1084.5999755859375,370106,0.0,0.0,COFORGE.NS
2026-03-20 15:15:00+05:30,1084.4000244140625,1098.199951171875,1083.9000244140625,1089.300048828125,569460,0.0,0.0,COFORGE.NS
2026-03-23 09:15:00+05:30,1073.4000244140625,1079.4000244140625,1065.5,1077.9000244140625,96268,0.0,0.0,COFORGE.NS
2026-03-23 09:30:00+05:30,1077.699951171875,1093.300048828125,1077.0999755859375,1093.300048828125,199689,0.0,0.0,COFORGE.NS
2026-03-23 09:45:00+05:30,1092.9000244140625,1092.9000244140625,1079.699951171875,1081.4000244140625,217849,0.0,0.0,COFORGE.NS
2026-03-23 10:00:00+05:30,1081.0999755859375,1084.199951171875,1079.300048828125,1081.5,105770,0.0,0.0,COFORGE.NS
2026-03-23 10:15:00+05:30,1081.5,1082.9000244140625,1077.300048828125,1077.5999755859375,76643,0.0,0.0,COFORGE.NS
2026-03-23 10:30:00+05:30,1077.4000244140625,1090.199951171875,1077.4000244140625,1087.5,156438,0.0,0.0,COFORGE.NS
2026-03-23 10:45:00+05:30,1088.0,1088.5,1083.699951171875,1087.0999755859375,59632,0.0,0.0,COFORGE.NS
2026-03-23 11:00:00+05:30,1087.0999755859375,1093.9000244140625,1082.5999755859375,1089.199951171875,82911,0.0,0.0,COFORGE.NS
2026-03-23 11:15:00+05:30,1089.199951171875,1091.5,1088.199951171875,1090.4000244140625,63433,0.0,0.0,COFORGE.NS
2026-03-23 11:30:00+05:30,1090.5999755859375,1092.800048828125,1088.800048828125,1088.800048828125,50721,0.0,0.0,COFORGE.NS
2026-03-23 11:45:00+05:30,1088.9000244140625,1094.5999755859375,1088.5999755859375,1093.5999755859375,157613,0.0,0.0,COFORGE.NS
2026-03-23 12:00:00+05:30,1094.5,1101.0,1092.0,1099.9000244140625,106788,0.0,0.0,COFORGE.NS
2026-03-23 12:15:00+05:30,1099.300048828125,1099.9000244140625,1091.5999755859375,1096.699951171875,231951,0.0,0.0,COFORGE.NS
2026-03-23 12:30:00+05:30,1096.5999755859375,1101.5999755859375,1095.199951171875,1096.0,170185,0.0,0.0,COFORGE.NS
2026-03-23 12:45:00+05:30,1096.300048828125,1098.5,1093.5,1094.4000244140625,96708,0.0,0.0,COFORGE.NS
2026-03-23 13:00:00+05:30,1094.699951171875,1096.5999755859375,1092.300048828125,1094.699951171875,117361,0.0,0.0,COFORGE.NS
2026-03-23 13:15:00+05:30,1095.4000244140625,1099.0,1093.9000244140625,1094.0,77360,0.0,0.0,COFORGE.NS
2026-03-23 13:30:00+05:30,1094.0,1098.0,1093.800048828125,1096.699951171875,61890,0.0,0.0,COFORGE.NS
2026-03-23 13:45:00+05:30,1097.0,1102.0,1095.0,1100.300048828125,95259,0.0,0.0,COFORGE.NS
2026-03-23 14:00:00+05:30,1099.9000244140625,1104.9000244140625,1099.300048828125,1101.5999755859375,126295,0.0,0.0,COFORGE.NS
2026-03-23 14:15:00+05:30,1101.800048828125,1106.699951171875,1101.0,1105.5999755859375,135877,0.0,0.0,COFORGE.NS
2026-03-23 14:30:00+05:30,1106.0,1107.5,1095.0,1099.699951171875,255707,0.0,0.0,COFORGE.NS
2026-03-23 14:45:00+05:30,1100.0,1102.699951171875,1099.300048828125,1101.5,148831,0.0,0.0,COFORGE.NS
2026-03-23 15:00:00+05:30,1101.199951171875,1102.800048828125,1097.4000244140625,1102.5,315348,0.0,0.0,COFORGE.NS
2026-03-23 15:15:00+05:30,1102.699951171875,1103.5999755859375,1095.699951171875,1097.0999755859375,291266,0.0,0.0,COFORGE.NS
2026-03-24 09:15:00+05:30,1119.0999755859375,1119.0999755859375,1093.9000244140625,1107.0999755859375,144685,0.0,0.0,COFORGE.NS
2026-03-24 09:30:00+05:30,1106.699951171875,1107.699951171875,1100.199951171875,1101.4000244140625,116109,0.0,0.0,COFORGE.NS
2026-03-24 09:45:00+05:30,1101.300048828125,1101.300048828125,1096.0,1096.9000244140625,66784,0.0,0.0,COFORGE.NS
2026-03-24 10:00:00+05:30,1096.9000244140625,1097.5,1090.4000244140625,1090.9000244140625,96322,0.0,0.0,COFORGE.NS
2026-03-24 10:15:00+05:30,1090.9000244140625,1094.0999755859375,1090.0,1092.300048828125,51739,0.0,0.0,COFORGE.NS
2026-03-24 10:30:00+05:30,1092.0,1092.0,1086.0999755859375,1087.9000244140625,56967,0.0,0.0,COFORGE.NS
2026-03-24 10:45:00+05:30,1087.9000244140625,1091.4000244140625,1083.5,1085.0,41720,0.0,0.0,COFORGE.NS
2026-03-24 11:00:00+05:30,1084.800048828125,1090.0,1084.800048828125,1087.0999755859375,22566,0.0,0.0,COFORGE.NS
2026-03-24 11:15:00+05:30,1087.199951171875,1102.300048828125,1087.199951171875,1101.0,131828,0.0,0.0,COFORGE.NS
2026-03-24 11:30:00+05:30,1102.199951171875,1109.5,1100.4000244140625,1104.5,111372,0.0,0.0,COFORGE.NS
2026-03-24 11:45:00+05:30,1104.5,1115.0,1104.5,1114.9000244140625,130950,0.0,0.0,COFORGE.NS
2026-03-24 12:00:00+05:30,1114.9000244140625,1116.300048828125,1108.0,1109.0,120101,0.0,0.0,COFORGE.NS
2026-03-24 12:15:00+05:30,1109.300048828125,1115.9000244140625,1106.0999755859375,1109.699951171875,104652,0.0,0.0,COFORGE.NS
2026-03-24 12:30:00+05:30,1109.5999755859375,1120.800048828125,1109.300048828125,1120.800048828125,339889,0.0,0.0,COFORGE.NS
2026-03-24 12:45:00+05:30,1121.4000244140625,1124.9000244140625,1118.4000244140625,1124.0,113272,0.0,0.0,COFORGE.NS
2026-03-24 13:00:00+05:30,1124.0,1124.4000244140625,1119.0,1122.4000244140625,171136,0.0,0.0,COFORGE.NS
2026-03-24 13:15:00+05:30,1122.300048828125,1125.300048828125,1120.0,1122.300048828125,169171,0.0,0.0,COFORGE.NS
2026-03-24 13:30:00+05:30,1121.5,1123.199951171875,1119.9000244140625,1122.699951171875,127909,0.0,0.0,COFORGE.NS
2026-03-24 13:45:00+05:30,1123.5,1125.0,1122.0,1123.5999755859375,89660,0.0,0.0,COFORGE.NS
2026-03-24 14:00:00+05:30,1123.9000244140625,1124.0999755859375,1120.0999755859375,1122.300048828125,94108,0.0,0.0,COFORGE.NS
2026-03-24 14:15:00+05:30,1121.9000244140625,1124.4000244140625,1119.300048828125,1119.9000244140625,127714,0.0,0.0,COFORGE.NS
2026-03-24 14:30:00+05:30,1119.699951171875,1119.699951171875,1111.699951171875,1112.199951171875,101696,0.0,0.0,COFORGE.NS
2026-03-24 14:45:00+05:30,1112.5,1113.5,1109.4000244140625,1112.4000244140625,53559,0.0,0.0,COFORGE.NS
2026-03-24 15:00:00+05:30,1111.199951171875,1111.9000244140625,1108.5999755859375,1108.5999755859375,145464,0.0,0.0,COFORGE.NS
2026-03-24 15:15:00+05:30,1108.5999755859375,1111.9000244140625,1106.4000244140625,1110.0999755859375,161539,0.0,0.0,COFORGE.NS
2026-03-25 09:15:00+05:30,1131.4000244140625,1131.4000244140625,1114.4000244140625,1118.0999755859375,77613,0.0,0.0,COFORGE.NS
2026-03-25 09:30:00+05:30,1117.699951171875,1120.699951171875,1110.5,1115.300048828125,124070,0.0,0.0,COFORGE.NS
2026-03-25 09:45:00+05:30,1115.0,1124.5999755859375,1114.0999755859375,1124.5999755859375,138545,0.0,0.0,COFORGE.NS
2026-03-25 10:00:00+05:30,1125.0,1128.0,1121.0999755859375,1127.5999755859375,107469,0.0,0.0,COFORGE.NS
2026-03-25 10:15:00+05:30,1127.699951171875,1128.5999755859375,1125.0999755859375,1126.800048828125,79579,0.0,0.0,COFORGE.NS
2026-03-25 10:30:00+05:30,1126.699951171875,1140.699951171875,1125.5999755859375,1139.699951171875,133551,0.0,0.0,COFORGE.NS
2026-03-25 10:45:00+05:30,1140.0,1145.5,1137.5999755859375,1138.199951171875,184536,0.0,0.0,COFORGE.NS
2026-03-25 11:00:00+05:30,1138.4000244140625,1145.5999755859375,1138.199951171875,1144.800048828125,88085,0.0,0.0,COFORGE.NS
2026-03-25 11:15:00+05:30,1145.5999755859375,1150.699951171875,1143.4000244140625,1146.9000244140625,348892,0.0,0.0,COFORGE.NS
2026-03-25 11:30:00+05:30,1146.9000244140625,1147.0999755859375,1142.4000244140625,1142.9000244140625,74789,0.0,0.0,COFORGE.NS
2026-03-25 11:45:00+05:30,1142.9000244140625,1148.0,1141.0,1142.0,194706,0.0,0.0,COFORGE.NS
2026-03-25 12:00:00+05:30,1142.0,1145.0,1140.5,1145.0,64927,0.0,0.0,COFORGE.NS
2026-03-25 12:15:00+05:30,1145.0,1152.699951171875,1144.300048828125,1151.0,153414,0.0,0.0,COFORGE.NS
2026-03-25 12:30:00+05:30,1151.0,1154.9000244140625,1150.0,1152.199951171875,69170,0.0,0.0,COFORGE.NS
2026-03-25 12:45:00+05:30,1152.199951171875,1155.4000244140625,1150.699951171875,1154.9000244140625,320730,0.0,0.0,COFORGE.NS
2026-03-25 13:00:00+05:30,1154.300048828125,1157.300048828125,1152.0,1154.0999755859375,143414,0.0,0.0,COFORGE.NS
2026-03-25 13:15:00+05:30,1154.0999755859375,1155.0999755859375,1153.199951171875,1154.199951171875,205658,0.0,0.0,COFORGE.NS
2026-03-25 13:30:00+05:30,1154.199951171875,1156.0999755859375,1152.800048828125,1156.0999755859375,92553,0.0,0.0,COFORGE.NS
2026-03-25 13:45:00+05:30,1156.0999755859375,1156.9000244140625,1152.199951171875,1154.9000244140625,91624,0.0,0.0,COFORGE.NS
2026-03-25 14:00:00+05:30,1154.800048828125,1160.800048828125,1154.5,1159.9000244140625,286973,0.0,0.0,COFORGE.NS
2026-03-25 14:15:00+05:30,1159.800048828125,1161.9000244140625,1156.5999755859375,1159.9000244140625,266777,0.0,0.0,COFORGE.NS
2026-03-25 14:30:00+05:30,1158.0999755859375,1162.699951171875,1157.0999755859375,1161.5999755859375,205204,0.0,0.0,COFORGE.NS
2026-03-25 14:45:00+05:30,1161.699951171875,1164.699951171875,1160.9000244140625,1163.800048828125,238649,0.0,0.0,COFORGE.NS
2026-03-25 15:00:00+05:30,1163.4000244140625,1164.800048828125,1161.9000244140625,1164.199951171875,263617,0.0,0.0,COFORGE.NS
2026-03-25 15:15:00+05:30,1164.300048828125,1165.0,1160.5999755859375,1162.0,292266,0.0,0.0,COFORGE.NS
2026-03-27 09:15:00+05:30,1156.4000244140625,1179.0999755859375,1153.0,1175.699951171875,391107,0.0,0.0,COFORGE.NS
2026-03-27 09:30:00+05:30,1176.199951171875,1180.0999755859375,1167.800048828125,1169.300048828125,240105,0.0,0.0,COFORGE.NS
2026-03-27 09:45:00+05:30,1169.0,1169.0,1161.0,1161.199951171875,114180,0.0,0.0,COFORGE.NS
2026-03-27 10:00:00+05:30,1160.800048828125,1164.4000244140625,1156.5999755859375,1158.0,101740,0.0,0.0,COFORGE.NS
2026-03-27 10:15:00+05:30,1158.0999755859375,1160.800048828125,1154.9000244140625,1157.0,61952,0.0,0.0,COFORGE.NS
2026-03-27 10:30:00+05:30,1156.9000244140625,1167.800048828125,1156.5999755859375,1163.699951171875,184986,0.0,0.0,COFORGE.NS
2026-03-27 10:45:00+05:30,1163.300048828125,1163.800048828125,1160.300048828125,1161.5999755859375,75229,0.0,0.0,COFORGE.NS
2026-03-27 11:00:00+05:30,1162.0,1165.0,1158.0999755859375,1164.0,129748,0.0,0.0,COFORGE.NS
2026-03-27 11:15:00+05:30,1164.0,1166.699951171875,1157.0999755859375,1160.300048828125,123974,0.0,0.0,COFORGE.NS
2026-03-27 11:30:00+05:30,1160.300048828125,1166.5999755859375,1160.300048828125,1164.800048828125,86462,0.0,0.0,COFORGE.NS
2026-03-27 11:45:00+05:30,1164.9000244140625,1167.0,1162.9000244140625,1165.4000244140625,76058,0.0,0.0,COFORGE.NS
2026-03-27 12:00:00+05:30,1164.800048828125,1165.300048828125,1160.5,1161.9000244140625,55814,0.0,0.0,COFORGE.NS
2026-03-27 12:15:00+05:30,1162.0999755859375,1163.199951171875,1157.800048828125,1163.0,87598,0.0,0.0,COFORGE.NS
2026-03-27 12:30:00+05:30,1163.0,1163.4000244140625,1155.0999755859375,1158.300048828125,80081,0.0,0.0,COFORGE.NS
2026-03-27 12:45:00+05:30,1158.5999755859375,1159.4000244140625,1154.9000244140625,1158.0,54417,0.0,0.0,COFORGE.NS
2026-03-27 13:00:00+05:30,1158.0,1158.699951171875,1155.0,1157.5,37168,0.0,0.0,COFORGE.NS
2026-03-27 13:15:00+05:30,1157.5,1160.699951171875,1153.4000244140625,1153.4000244140625,58215,0.0,0.0,COFORGE.NS
2026-03-27 13:30:00+05:30,1154.0,1157.4000244140625,1153.699951171875,1156.5999755859375,39431,0.0,0.0,COFORGE.NS
2026-03-27 13:45:00+05:30,1156.5999755859375,1157.300048828125,1152.0,1152.5999755859375,50675,0.0,0.0,COFORGE.NS
2026-03-27 14:00:00+05:30,1153.199951171875,1154.300048828125,1147.4000244140625,1148.0999755859375,85109,0.0,0.0,COFORGE.NS
2026-03-27 14:15:00+05:30,1148.0999755859375,1150.199951171875,1146.9000244140625,1146.9000244140625,58949,0.0,0.0,COFORGE.NS
2026-03-27 14:30:00+05:30,1147.0,1147.300048828125,1142.5,1144.4000244140625,94399,0.0,0.0,COFORGE.NS
2026-03-27 14:45:00+05:30,1144.800048828125,1145.5999755859375,1142.300048828125,1143.0999755859375,84540,0.0,0.0,COFORGE.NS
2026-03-27 15:00:00+05:30,1141.9000244140625,1146.9000244140625,1140.5999755859375,1146.5,202223,0.0,0.0,COFORGE.NS
2026-03-27 15:15:00+05:30,1146.699951171875,1147.0,1143.199951171875,1144.5999755859375,266455,0.0,0.0,COFORGE.NS
2026-03-30 09:15:00+05:30,1134.699951171875,1134.699951171875,1120.9000244140625,1130.0,117551,0.0,0.0,COFORGE.NS
2026-03-30 09:30:00+05:30,1130.199951171875,1132.0,1127.0,1127.199951171875,99131,0.0,0.0,COFORGE.NS
2026-03-30 09:45:00+05:30,1127.4000244140625,1131.800048828125,1121.699951171875,1121.800048828125,60681,0.0,0.0,COFORGE.NS
2026-03-30 10:00:00+05:30,1121.9000244140625,1125.199951171875,1118.0999755859375,1120.5999755859375,51363,0.0,0.0,COFORGE.NS
2026-03-30 10:15:00+05:30,1120.5999755859375,1121.0,1117.4000244140625,1118.5999755859375,43280,0.0,0.0,COFORGE.NS
2026-03-30 10:30:00+05:30,1118.5,1121.699951171875,1115.5999755859375,1116.199951171875,38354,0.0,0.0,COFORGE.NS
2026-03-30 10:45:00+05:30,1116.5,1120.199951171875,1115.9000244140625,1119.0,26210,0.0,0.0,COFORGE.NS
2026-03-30 11:00:00+05:30,1118.5,1122.5,1118.0999755859375,1122.5,33674,0.0,0.0,COFORGE.NS
2026-03-30 11:15:00+05:30,1122.199951171875,1125.9000244140625,1122.199951171875,1125.0,89073,0.0,0.0,COFORGE.NS
2026-03-30 11:30:00+05:30,1125.0,1127.300048828125,1119.800048828125,1120.0,34923,0.0,0.0,COFORGE.NS
2026-03-30 11:45:00+05:30,1120.5,1123.800048828125,1118.0,1121.300048828125,60438,0.0,0.0,COFORGE.NS
2026-03-30 12:00:00+05:30,1121.4000244140625,1130.300048828125,1121.0,1128.0999755859375,48375,0.0,0.0,COFORGE.NS
2026-03-30 12:15:00+05:30,1127.5999755859375,1132.0,1126.199951171875,1128.4000244140625,45363,0.0,0.0,COFORGE.NS
2026-03-30 12:30:00+05:30,1128.800048828125,1131.800048828125,1127.800048828125,1130.5,25145,0.0,0.0,COFORGE.NS
2026-03-30 12:45:00+05:30,1130.800048828125,1130.800048828125,1123.800048828125,1125.0,24767,0.0,0.0,COFORGE.NS
2026-03-30 13:00:00+05:30,1124.800048828125,1127.0,1123.0999755859375,1126.5999755859375,26194,0.0,0.0,COFORGE.NS
2026-03-30 13:15:00+05:30,1126.199951171875,1128.9000244140625,1124.0999755859375,1128.9000244140625,26829,0.0,0.0,COFORGE.NS
2026-03-30 13:30:00+05:30,1128.4000244140625,1132.5,1125.0,1126.0,40987,0.0,0.0,COFORGE.NS
2026-03-30 13:45:00+05:30,1125.199951171875,1127.0999755859375,1119.5999755859375,1120.0,51188,0.0,0.0,COFORGE.NS
2026-03-30 14:00:00+05:30,1119.9000244140625,1126.0,1119.800048828125,1122.300048828125,37697,0.0,0.0,COFORGE.NS
2026-03-30 14:15:00+05:30,1122.300048828125,1123.0,1119.0999755859375,1119.9000244140625,43181,0.0,0.0,COFORGE.NS
2026-03-30 14:30:00+05:30,1120.0999755859375,1122.5,1118.800048828125,1121.0,57390,0.0,0.0,COFORGE.NS
2026-03-30 14:45:00+05:30,1121.0999755859375,1121.699951171875,1117.800048828125,1119.4000244140625,63359,0.0,0.0,COFORGE.NS
2026-03-30 15:00:00+05:30,1118.0,1118.199951171875,1115.0,1116.800048828125,98327,0.0,0.0,COFORGE.NS
2026-03-30 15:15:00+05:30,1115.4000244140625,1115.4000244140625,1111.5,1114.0999755859375,217916,0.0,0.0,COFORGE.NS
2026-04-01 09:15:00+05:30,1150.9000244140625,1162.699951171875,1148.4000244140625,1157.9000244140625,149645,0.0,0.0,COFORGE.NS
2026-04-01 09:30:00+05:30,1158.699951171875,1168.699951171875,1155.699951171875,1168.5999755859375,146796,0.0,0.0,COFORGE.NS
2026-04-01 09:45:00+05:30,1168.0999755859375,1183.9000244140625,1165.699951171875,1183.300048828125,185015,0.0,0.0,COFORGE.NS
2026-04-01 10:00:00+05:30,1183.0999755859375,1187.0,1178.0999755859375,1181.699951171875,148924,0.0,0.0,COFORGE.NS
2026-04-01 10:15:00+05:30,1182.199951171875,1186.800048828125,1180.0999755859375,1182.5999755859375,111141,0.0,0.0,COFORGE.NS
2026-04-01 10:30:00+05:30,1183.4000244140625,1183.4000244140625,1177.5,1178.9000244140625,69490,0.0,0.0,COFORGE.NS
2026-04-01 10:45:00+05:30,1178.4000244140625,1179.0,1169.199951171875,1170.800048828125,108664,0.0,0.0,COFORGE.NS
2026-04-01 11:00:00+05:30,1170.699951171875,1172.9000244140625,1168.0,1170.5,42424,0.0,0.0,COFORGE.NS
2026-04-01 11:15:00+05:30,1170.5,1173.5,1168.5,1171.199951171875,34461,0.0,0.0,COFORGE.NS
2026-04-01 11:30:00+05:30,1171.199951171875,1173.5999755859375,1166.800048828125,1168.199951171875,60932,0.0,0.0,COFORGE.NS
2026-04-01 11:45:00+05:30,1167.300048828125,1169.5999755859375,1165.0999755859375,1168.5999755859375,25796,0.0,0.0,COFORGE.NS
2026-04-01 12:00:00+05:30,1169.199951171875,1175.4000244140625,1168.5999755859375,1171.800048828125,52881,0.0,0.0,COFORGE.NS
2026-04-01 12:15:00+05:30,1171.800048828125,1173.300048828125,1168.199951171875,1168.9000244140625,26923,0.0,0.0,COFORGE.NS
2026-04-01 12:30:00+05:30,1169.0,1170.0,1165.0,1165.699951171875,32040,0.0,0.0,COFORGE.NS
2026-04-01 12:45:00+05:30,1165.699951171875,1169.4000244140625,1163.9000244140625,1165.5999755859375,33744,0.0,0.0,COFORGE.NS
2026-04-01 13:00:00+05:30,1165.800048828125,1169.0,1164.4000244140625,1169.0,25908,0.0,0.0,COFORGE.NS
2026-04-01 13:15:00+05:30,1169.0,1170.0,1162.0,1165.0,46897,0.0,0.0,COFORGE.NS
2026-04-01 13:30:00+05:30,1164.699951171875,1164.699951171875,1151.800048828125,1154.199951171875,120003,0.0,0.0,COFORGE.NS
2026-04-01 13:45:00+05:30,1154.0,1158.800048828125,1153.0,1155.0,30344,0.0,0.0,COFORGE.NS
2026-04-01 14:00:00+05:30,1155.199951171875,1158.699951171875,1153.699951171875,1158.699951171875,18713,0.0,0.0,COFORGE.NS
2026-04-01 14:15:00+05:30,1158.800048828125,1159.199951171875,1152.5999755859375,1154.0999755859375,33809,0.0,0.0,COFORGE.NS
2026-04-01 14:30:00+05:30,1154.0,1156.4000244140625,1150.199951171875,1152.199951171875,35215,0.0,0.0,COFORGE.NS
2026-04-01 14:45:00+05:30,1152.300048828125,1152.5,1146.0999755859375,1147.5,45126,0.0,0.0,COFORGE.NS
2026-04-01 15:00:00+05:30,1148.5,1157.0999755859375,1148.5,1153.9000244140625,111332,0.0,0.0,COFORGE.NS
2026-04-01 15:15:00+05:30,1154.0,1155.9000244140625,1151.699951171875,1154.699951171875,93306,0.0,0.0,COFORGE.NS
2026-04-02 09:15:00+05:30,1141.300048828125,1158.9000244140625,1130.0,1158.9000244140625,241522,0.0,0.0,COFORGE.NS
2026-04-02 09:30:00+05:30,1159.0999755859375,1165.4000244140625,1151.0999755859375,1163.199951171875,266908,0.0,0.0,COFORGE.NS
2026-04-02 09:45:00+05:30,1163.4000244140625,1164.0,1153.5,1154.699951171875,223537,0.0,0.0,COFORGE.NS
2026-04-02 10:00:00+05:30,1154.699951171875,1159.300048828125,1152.5,1156.4000244140625,120693,0.0,0.0,COFORGE.NS
2026-04-02 10:15:00+05:30,1155.4000244140625,1161.9000244140625,1154.5,1159.9000244140625,139955,0.0,0.0,COFORGE.NS
2026-04-02 10:30:00+05:30,1159.800048828125,1170.199951171875,1159.300048828125,1168.5,211679,0.0,0.0,COFORGE.NS
2026-04-02 10:45:00+05:30,1168.300048828125,1178.5,1167.0999755859375,1178.4000244140625,153392,0.0,0.0,COFORGE.NS
2026-04-02 11:00:00+05:30,1178.300048828125,1181.0999755859375,1174.5,1175.0999755859375,227990,0.0,0.0,COFORGE.NS
2026-04-02 11:15:00+05:30,1174.9000244140625,1177.699951171875,1170.300048828125,1176.699951171875,123886,0.0,0.0,COFORGE.NS
2026-04-02 11:30:00+05:30,1177.199951171875,1182.9000244140625,1175.300048828125,1178.0,185003,0.0,0.0,COFORGE.NS
2026-04-02 11:45:00+05:30,1177.800048828125,1183.9000244140625,1177.199951171875,1179.9000244140625,114367,0.0,0.0,COFORGE.NS
2026-04-02 12:00:00+05:30,1179.800048828125,1184.300048828125,1176.9000244140625,1182.699951171875,125324,0.0,0.0,COFORGE.NS
2026-04-02 12:15:00+05:30,1182.800048828125,1185.699951171875,1177.5999755859375,1185.199951171875,171579,0.0,0.0,COFORGE.NS
2026-04-02 12:30:00+05:30,1185.199951171875,1185.800048828125,1182.0,1183.5,99226,0.0,0.0,COFORGE.NS
2026-04-02 12:45:00+05:30,1183.699951171875,1185.5999755859375,1182.5999755859375,1185.199951171875,79467,0.0,0.0,COFORGE.NS
2026-04-02 13:00:00+05:30,1185.199951171875,1194.5,1185.199951171875,1193.9000244140625,273019,0.0,0.0,COFORGE.NS
2026-04-02 13:15:00+05:30,1193.9000244140625,1204.0999755859375,1193.4000244140625,1203.699951171875,367401,0.0,0.0,COFORGE.NS
2026-04-02 13:30:00+05:30,1203.4000244140625,1214.800048828125,1201.5999755859375,1212.0999755859375,369100,0.0,0.0,COFORGE.NS
2026-04-02 13:45:00+05:30,1212.300048828125,1219.5,1205.0999755859375,1217.0,454087,0.0,0.0,COFORGE.NS
2026-04-02 14:00:00+05:30,1216.699951171875,1226.0,1216.0,1224.800048828125,315812,0.0,0.0,COFORGE.NS
2026-04-02 14:15:00+05:30,1224.5,1234.5,1222.0999755859375,1232.0999755859375,344387,0.0,0.0,COFORGE.NS
2026-04-02 14:30:00+05:30,1232.0999755859375,1234.9000244140625,1218.199951171875,1220.4000244140625,596178,0.0,0.0,COFORGE.NS
2026-04-02 14:45:00+05:30,1220.0,1224.0999755859375,1216.800048828125,1217.5,266208,0.0,0.0,COFORGE.NS
2026-04-02 15:00:00+05:30,1217.5,1221.800048828125,1211.5999755859375,1215.0,423961,0.0,0.0,COFORGE.NS
2026-04-02 15:15:00+05:30,1215.0,1215.0,1206.5999755859375,1213.4000244140625,373354,0.0,0.0,COFORGE.NS
2026-04-06 09:15:00+05:30,1215.199951171875,1219.800048828125,1200.0999755859375,1202.9000244140625,184921,0.0,0.0,COFORGE.NS
2026-04-06 09:30:00+05:30,1205.199951171875,1212.4000244140625,1201.5,1211.0,176841,0.0,0.0,COFORGE.NS
2026-04-06 09:45:00+05:30,1212.0,1213.800048828125,1201.800048828125,1204.5,102432,0.0,0.0,COFORGE.NS
2026-04-06 10:00:00+05:30,1204.800048828125,1209.800048828125,1202.0,1208.5999755859375,58990,0.0,0.0,COFORGE.NS
2026-04-06 10:15:00+05:30,1209.699951171875,1213.800048828125,1203.800048828125,1206.5999755859375,140014,0.0,0.0,COFORGE.NS
2026-04-06 10:30:00+05:30,1206.4000244140625,1208.300048828125,1202.199951171875,1208.199951171875,190850,0.0,0.0,COFORGE.NS
2026-04-06 10:45:00+05:30,1208.199951171875,1213.699951171875,1207.0,1213.5999755859375,69191,0.0,0.0,COFORGE.NS
2026-04-06 11:00:00+05:30,1214.199951171875,1217.800048828125,1212.9000244140625,1215.199951171875,143251,0.0,0.0,COFORGE.NS
2026-04-06 11:15:00+05:30,1215.800048828125,1224.699951171875,1214.0,1219.0,119114,0.0,0.0,COFORGE.NS
2026-04-06 11:30:00+05:30,1218.800048828125,1222.5,1212.4000244140625,1220.9000244140625,63524,0.0,0.0,COFORGE.NS
2026-04-06 11:45:00+05:30,1220.9000244140625,1227.9000244140625,1220.5,1225.0,88837,0.0,0.0,COFORGE.NS
2026-04-06 12:00:00+05:30,1225.0,1226.9000244140625,1222.800048828125,1223.4000244140625,102037,0.0,0.0,COFORGE.NS
2026-04-06 12:15:00+05:30,1223.5,1225.300048828125,1216.800048828125,1216.800048828125,129043,0.0,0.0,COFORGE.NS
2026-04-06 12:30:00+05:30,1216.300048828125,1220.5999755859375,1215.0,1216.4000244140625,70968,0.0,0.0,COFORGE.NS
2026-04-06 12:45:00+05:30,1216.300048828125,1223.0,1216.300048828125,1222.4000244140625,63029,0.0,0.0,COFORGE.NS
2026-04-06 13:00:00+05:30,1222.699951171875,1222.699951171875,1220.0,1222.199951171875,58619,0.0,0.0,COFORGE.NS
2026-04-06 13:15:00+05:30,1222.0,1222.0,1216.9000244140625,1217.0999755859375,37065,0.0,0.0,COFORGE.NS
2026-04-06 13:30:00+05:30,1217.0999755859375,1221.0,1215.4000244140625,1215.5,51724,0.0,0.0,COFORGE.NS
2026-04-06 13:45:00+05:30,1215.699951171875,1218.9000244140625,1212.0999755859375,1212.300048828125,50293,0.0,0.0,COFORGE.NS
2026-04-06 14:00:00+05:30,1212.300048828125,1218.0,1211.9000244140625,1214.0999755859375,99847,0.0,0.0,COFORGE.NS
2026-04-06 14:15:00+05:30,1214.300048828125,1217.199951171875,1212.300048828125,1214.800048828125,202771,0.0,0.0,COFORGE.NS
2026-04-06 14:30:00+05:30,1214.5999755859375,1218.800048828125,1214.300048828125,1218.300048828125,89815,0.0,0.0,COFORGE.NS
2026-04-06 14:45:00+05:30,1217.5999755859375,1221.0,1215.5,1218.0,142213,0.0,0.0,COFORGE.NS
2026-04-06 15:00:00+05:30,1218.0999755859375,1222.5,1217.699951171875,1221.0,155093,0.0,0.0,COFORGE.NS
2026-04-06 15:15:00+05:30,1221.0999755859375,1221.0999755859375,1217.199951171875,1220.0,200927,0.0,0.0,COFORGE.NS
2026-04-07 09:15:00+05:30,1207.0,1236.0,1202.0,1232.0999755859375,299809,0.0,0.0,COFORGE.NS
2026-04-07 09:30:00+05:30,1232.0,1236.800048828125,1212.5999755859375,1213.0,276529,0.0,0.0,COFORGE.NS
2026-04-07 09:45:00+05:30,1212.699951171875,1222.800048828125,1212.699951171875,1222.0,154068,0.0,0.0,COFORGE.NS
2026-04-07 10:00:00+05:30,1222.0999755859375,1226.199951171875,1219.4000244140625,1222.199951171875,106354,0.0,0.0,COFORGE.NS
2026-04-07 10:15:00+05:30,1221.9000244140625,1228.4000244140625,1221.699951171875,1226.699951171875,101975,0.0,0.0,COFORGE.NS
2026-04-07 10:30:00+05:30,1226.9000244140625,1233.0,1222.300048828125,1232.0,135787,0.0,0.0,COFORGE.NS
2026-04-07 10:45:00+05:30,1231.699951171875,1233.699951171875,1227.0,1229.9000244140625,163553,0.0,0.0,COFORGE.NS
2026-04-07 11:00:00+05:30,1230.5,1236.5999755859375,1230.0,1232.800048828125,147675,0.0,0.0,COFORGE.NS
2026-04-07 11:15:00+05:30,1233.199951171875,1239.9000244140625,1232.5,1235.0,205423,0.0,0.0,COFORGE.NS
2026-04-07 11:30:00+05:30,1235.0999755859375,1244.0999755859375,1233.4000244140625,1241.0,190280,0.0,0.0,COFORGE.NS
2026-04-07 11:45:00+05:30,1241.0,1241.5,1236.199951171875,1240.0,79449,0.0,0.0,COFORGE.NS
2026-04-07 12:00:00+05:30,1239.9000244140625,1239.9000244140625,1235.5999755859375,1236.800048828125,57501,0.0,0.0,COFORGE.NS
2026-04-07 12:15:00+05:30,1236.699951171875,1237.0,1229.199951171875,1230.5999755859375,69395,0.0,0.0,COFORGE.NS
2026-04-07 12:30:00+05:30,1230.5999755859375,1237.0999755859375,1229.5999755859375,1231.4000244140625,54121,0.0,0.0,COFORGE.NS
2026-04-07 12:45:00+05:30,1231.4000244140625,1232.0999755859375,1227.800048828125,1227.800048828125,48692,0.0,0.0,COFORGE.NS
2026-04-07 13:00:00+05:30,1227.699951171875,1233.4000244140625,1225.199951171875,1232.4000244140625,72494,0.0,0.0,COFORGE.NS
2026-04-07 13:15:00+05:30,1232.0999755859375,1235.800048828125,1230.699951171875,1231.699951171875,219997,0.0,0.0,COFORGE.NS
2026-04-07 13:30:00+05:30,1232.0,1233.300048828125,1230.699951171875,1231.5999755859375,32980,0.0,0.0,COFORGE.NS
2026-04-07 13:45:00+05:30,1231.5999755859375,1232.800048828125,1226.5,1231.800048828125,75424,0.0,0.0,COFORGE.NS
2026-04-07 14:00:00+05:30,1231.699951171875,1235.0,1230.699951171875,1232.199951171875,50049,0.0,0.0,COFORGE.NS
2026-04-07 14:15:00+05:30,1232.0999755859375,1232.9000244140625,1227.0,1228.800048828125,59092,0.0,0.0,COFORGE.NS
2026-04-07 14:30:00+05:30,1228.699951171875,1229.300048828125,1226.0,1227.800048828125,62056,0.0,0.0,COFORGE.NS
2026-04-07 14:45:00+05:30,1227.699951171875,1231.0999755859375,1227.199951171875,1230.300048828125,59384,0.0,0.0,COFORGE.NS
2026-04-07 15:00:00+05:30,1230.199951171875,1232.199951171875,1228.0,1230.199951171875,124338,0.0,0.0,COFORGE.NS
2026-04-07 15:15:00+05:30,1230.0,1235.0,1228.9000244140625,1230.5999755859375,209855,0.0,0.0,COFORGE.NS
2026-04-08 09:15:00+05:30,1273.9000244140625,1273.9000244140625,1226.199951171875,1227.5,535447,0.0,0.0,COFORGE.NS
2026-04-08 09:30:00+05:30,1228.0,1236.5,1227.4000244140625,1231.699951171875,241281,0.0,0.0,COFORGE.NS
2026-04-08 09:45:00+05:30,1233.699951171875,1240.5,1230.5,1236.0,245611,0.0,0.0,COFORGE.NS
2026-04-08 10:00:00+05:30,1236.5999755859375,1238.5999755859375,1230.199951171875,1233.0,157489,0.0,0.0,COFORGE.NS
2026-04-08 10:15:00+05:30,1232.800048828125,1236.5999755859375,1230.5999755859375,1232.0999755859375,78810,0.0,0.0,COFORGE.NS
2026-04-08 10:30:00+05:30,1232.699951171875,1248.300048828125,1232.5999755859375,1248.199951171875,188775,0.0,0.0,COFORGE.NS
2026-04-08 10:45:00+05:30,1248.300048828125,1249.5,1243.5999755859375,1247.4000244140625,141077,0.0,0.0,COFORGE.NS
2026-04-08 11:00:00+05:30,1247.699951171875,1249.199951171875,1244.5999755859375,1245.4000244140625,78045,0.0,0.0,COFORGE.NS
2026-04-08 11:15:00+05:30,1245.800048828125,1251.800048828125,1245.0,1251.199951171875,78445,0.0,0.0,COFORGE.NS
2026-04-08 11:30:00+05:30,1250.9000244140625,1254.800048828125,1249.5999755859375,1252.9000244140625,121556,0.0,0.0,COFORGE.NS
2026-04-08 11:45:00+05:30,1252.800048828125,1256.800048828125,1246.5,1249.4000244140625,199719,0.0,0.0,COFORGE.NS
2026-04-08 12:00:00+05:30,1249.300048828125,1252.5,1248.4000244140625,1252.0,94333,0.0,0.0,COFORGE.NS
2026-04-08 12:15:00+05:30,1252.199951171875,1260.4000244140625,1251.300048828125,1258.5999755859375,141480,0.0,0.0,COFORGE.NS
2026-04-08 12:30:00+05:30,1258.300048828125,1262.199951171875,1257.699951171875,1261.300048828125,174842,0.0,0.0,COFORGE.NS
2026-04-08 12:45:00+05:30,1261.300048828125,1262.5,1260.0999755859375,1260.5999755859375,67465,0.0,0.0,COFORGE.NS
2026-04-08 13:00:00+05:30,1260.199951171875,1264.5999755859375,1259.0999755859375,1264.5,68846,0.0,0.0,COFORGE.NS
2026-04-08 13:15:00+05:30,1264.5,1266.800048828125,1263.0999755859375,1263.9000244140625,50238,0.0,0.0,COFORGE.NS
2026-04-08 13:30:00+05:30,1263.9000244140625,1266.9000244140625,1261.5999755859375,1262.5,72246,0.0,0.0,COFORGE.NS
2026-04-08 13:45:00+05:30,1262.5,1269.0,1261.9000244140625,1267.699951171875,66584,0.0,0.0,COFORGE.NS
2026-04-08 14:00:00+05:30,1267.5999755859375,1269.5,1265.800048828125,1266.699951171875,148250,0.0,0.0,COFORGE.NS
2026-04-08 14:15:00+05:30,1266.5,1270.300048828125,1266.0,1269.5999755859375,162729,0.0,0.0,COFORGE.NS
2026-04-08 14:30:00+05:30,1269.9000244140625,1275.0,1269.300048828125,1274.0,141374,0.0,0.0,COFORGE.NS
2026-04-08 14:45:00+05:30,1274.0,1274.0,1269.0,1272.5,115682,0.0,0.0,COFORGE.NS
2026-04-08 15:00:00+05:30,1271.4000244140625,1272.5,1269.0999755859375,1271.0,224766,0.0,0.0,COFORGE.NS
2026-04-08 15:15:00+05:30,1270.699951171875,1272.0,1267.699951171875,1270.0,203512,0.0,0.0,COFORGE.NS
2026-04-09 09:15:00+05:30,1263.300048828125,1280.0,1255.300048828125,1279.0,349871,0.0,0.0,COFORGE.NS
2026-04-09 09:30:00+05:30,1279.699951171875,1279.800048828125,1253.5999755859375,1254.0,296139,0.0,0.0,COFORGE.NS
2026-04-09 09:45:00+05:30,1254.0999755859375,1254.300048828125,1240.0,1242.699951171875,258061,0.0,0.0,COFORGE.NS
2026-04-09 10:00:00+05:30,1242.4000244140625,1246.199951171875,1239.800048828125,1242.0999755859375,167467,0.0,0.0,COFORGE.NS
2026-04-09 10:15:00+05:30,1242.300048828125,1248.699951171875,1238.5999755859375,1240.300048828125,262275,0.0,0.0,COFORGE.NS
2026-04-09 10:30:00+05:30,1240.199951171875,1245.0,1238.5999755859375,1240.0,210722,0.0,0.0,COFORGE.NS
2026-04-09 10:45:00+05:30,1240.699951171875,1245.199951171875,1238.0,1243.5999755859375,115350,0.0,0.0,COFORGE.NS
2026-04-09 11:00:00+05:30,1243.5,1248.5,1242.4000244140625,1247.4000244140625,105085,0.0,0.0,COFORGE.NS
2026-04-09 11:15:00+05:30,1247.0,1251.699951171875,1242.699951171875,1247.699951171875,200316,0.0,0.0,COFORGE.NS
2026-04-09 11:30:00+05:30,1247.699951171875,1253.0,1247.5,1252.5,125773,0.0,0.0,COFORGE.NS
2026-04-09 11:45:00+05:30,1253.0,1260.4000244140625,1252.4000244140625,1260.0,572560,0.0,0.0,COFORGE.NS
2026-04-09 12:00:00+05:30,1259.800048828125,1262.0999755859375,1257.0,1261.199951171875,106586,0.0,0.0,COFORGE.NS
2026-04-09 12:15:00+05:30,1261.199951171875,1264.5999755859375,1258.800048828125,1264.199951171875,79758,0.0,0.0,COFORGE.NS
2026-04-09 12:30:00+05:30,1263.5999755859375,1266.0,1261.699951171875,1264.199951171875,73765,0.0,0.0,COFORGE.NS
2026-04-09 12:45:00+05:30,1264.300048828125,1269.5999755859375,1261.5,1267.800048828125,99601,0.0,0.0,COFORGE.NS
2026-04-09 13:00:00+05:30,1267.9000244140625,1270.0,1266.199951171875,1269.5999755859375,85753,0.0,0.0,COFORGE.NS
2026-04-09 13:15:00+05:30,1269.5999755859375,1270.0,1262.4000244140625,1263.0,81454,0.0,0.0,COFORGE.NS
2026-04-09 13:30:00+05:30,1263.0,1267.699951171875,1263.0,1264.5,78437,0.0,0.0,COFORGE.NS
2026-04-09 13:45:00+05:30,1264.4000244140625,1267.300048828125,1260.300048828125,1263.5,157481,0.0,0.0,COFORGE.NS
2026-04-09 14:00:00+05:30,1263.4000244140625,1264.4000244140625,1260.0999755859375,1263.5,94719,0.0,0.0,COFORGE.NS
2026-04-09 14:15:00+05:30,1263.300048828125,1264.5,1261.800048828125,1262.199951171875,109985,0.0,0.0,COFORGE.NS
2026-04-09 14:30:00+05:30,1261.9000244140625,1263.4000244140625,1257.0,1262.5,81965,0.0,0.0,COFORGE.NS
2026-04-09 14:45:00+05:30,1262.699951171875,1264.300048828125,1262.0,1263.5,74455,0.0,0.0,COFORGE.NS
2026-04-09 15:00:00+05:30,1264.0,1269.0999755859375,1263.5999755859375,1266.199951171875,173933,0.0,0.0,COFORGE.NS
2026-04-09 15:15:00+05:30,1266.300048828125,1266.699951171875,1261.0999755859375,1264.0999755859375,173861,0.0,0.0,COFORGE.NS
2026-04-10 09:15:00+05:30,1261.300048828125,1261.300048828125,1239.5,1249.300048828125,202052,0.0,0.0,COFORGE.NS
2026-04-10 09:30:00+05:30,1249.800048828125,1252.0,1231.0,1231.5,266336,0.0,0.0,COFORGE.NS
2026-04-10 09:45:00+05:30,1231.199951171875,1238.800048828125,1223.800048828125,1236.9000244140625,350976,0.0,0.0,COFORGE.NS
2026-04-10 10:00:00+05:30,1236.9000244140625,1238.199951171875,1215.5,1227.300048828125,436358,0.0,0.0,COFORGE.NS
2026-04-10 10:15:00+05:30,1227.0,1229.0999755859375,1219.4000244140625,1223.5,268126,0.0,0.0,COFORGE.NS
2026-04-10 10:30:00+05:30,1223.9000244140625,1226.800048828125,1220.199951171875,1224.4000244140625,140620,0.0,0.0,COFORGE.NS
2026-04-10 10:45:00+05:30,1224.300048828125,1225.199951171875,1221.0999755859375,1224.0,71167,0.0,0.0,COFORGE.NS
2026-04-10 11:00:00+05:30,1223.800048828125,1224.199951171875,1220.0,1220.5999755859375,128136,0.0,0.0,COFORGE.NS
2026-04-10 11:15:00+05:30,1220.9000244140625,1222.199951171875,1216.4000244140625,1216.4000244140625,148373,0.0,0.0,COFORGE.NS
2026-04-10 11:30:00+05:30,1215.699951171875,1220.0999755859375,1215.699951171875,1218.300048828125,88323,0.0,0.0,COFORGE.NS
2026-04-10 11:45:00+05:30,1218.300048828125,1220.0,1213.0,1214.300048828125,138116,0.0,0.0,COFORGE.NS
2026-04-10 12:00:00+05:30,1214.0,1218.800048828125,1213.300048828125,1218.300048828125,77250,0.0,0.0,COFORGE.NS
2026-04-10 12:15:00+05:30,1218.300048828125,1219.5999755859375,1216.5,1216.800048828125,49787,0.0,0.0,COFORGE.NS
2026-04-10 12:30:00+05:30,1216.9000244140625,1220.5999755859375,1216.0,1218.699951171875,82672,0.0,0.0,COFORGE.NS
2026-04-10 12:45:00+05:30,1218.800048828125,1227.800048828125,1218.800048828125,1226.5999755859375,269595,0.0,0.0,COFORGE.NS
2026-04-10 13:00:00+05:30,1226.5,1227.699951171875,1222.9000244140625,1225.300048828125,117851,0.0,0.0,COFORGE.NS
2026-04-10 13:15:00+05:30,1225.0999755859375,1227.4000244140625,1224.300048828125,1225.800048828125,44591,0.0,0.0,COFORGE.NS
2026-04-10 13:30:00+05:30,1225.800048828125,1227.800048828125,1222.5,1225.0,98024,0.0,0.0,COFORGE.NS
2026-04-10 13:45:00+05:30,1225.0,1225.0,1221.5999755859375,1223.300048828125,59914,0.0,0.0,COFORGE.NS
2026-04-10 14:00:00+05:30,1223.300048828125,1223.5999755859375,1220.5,1221.9000244140625,57152,0.0,0.0,COFORGE.NS
2026-04-10 14:15:00+05:30,1221.9000244140625,1222.0,1217.199951171875,1220.9000244140625,107299,0.0,0.0,COFORGE.NS
2026-04-10 14:30:00+05:30,1220.4000244140625,1223.800048828125,1218.0999755859375,1223.4000244140625,101302,0.0,0.0,COFORGE.NS
2026-04-10 14:45:00+05:30,1223.4000244140625,1226.0,1222.0,1225.0,95388,0.0,0.0,COFORGE.NS
2026-04-10 15:00:00+05:30,1225.0999755859375,1227.0,1224.9000244140625,1225.5999755859375,158077,0.0,0.0,COFORGE.NS
2026-04-10 15:15:00+05:30,1226.0,1226.0,1220.699951171875,1223.0,228020,0.0,0.0,COFORGE.NS
2026-04-13 09:15:00+05:30,1213.0999755859375,1213.0999755859375,1200.0999755859375,1212.0,113774,0.0,0.0,COFORGE.NS
2026-04-13 09:30:00+05:30,1208.800048828125,1210.0,1200.300048828125,1206.5999755859375,204385,0.0,0.0,COFORGE.NS
2026-04-13 09:45:00+05:30,1207.0,1218.9000244140625,1206.0999755859375,1217.699951171875,152735,0.0,0.0,COFORGE.NS
2026-04-13 10:00:00+05:30,1218.199951171875,1222.0,1213.800048828125,1217.0,85238,0.0,0.0,COFORGE.NS
2026-04-13 10:15:00+05:30,1216.5,1222.0,1213.9000244140625,1221.4000244140625,72706,0.0,0.0,COFORGE.NS
2026-04-13 10:30:00+05:30,1221.5,1222.5999755859375,1217.800048828125,1220.4000244140625,57387,0.0,0.0,COFORGE.NS
2026-04-13 10:45:00+05:30,1220.0,1229.199951171875,1220.0,1227.300048828125,92664,0.0,0.0,COFORGE.NS
2026-04-13 11:00:00+05:30,1227.199951171875,1231.300048828125,1225.800048828125,1228.199951171875,67677,0.0,0.0,COFORGE.NS
2026-04-13 11:15:00+05:30,1228.0,1233.5,1226.0,1231.5,70346,0.0,0.0,COFORGE.NS
2026-04-13 11:30:00+05:30,1231.5999755859375,1232.0,1230.0,1231.5999755859375,43380,0.0,0.0,COFORGE.NS
2026-04-13 11:45:00+05:30,1231.699951171875,1233.4000244140625,1230.5999755859375,1231.199951171875,42656,0.0,0.0,COFORGE.NS
2026-04-13 12:00:00+05:30,1231.199951171875,1232.5,1230.0,1231.0,26825,0.0,0.0,COFORGE.NS
2026-04-13 12:15:00+05:30,1231.300048828125,1231.9000244140625,1228.5,1229.699951171875,30569,0.0,0.0,COFORGE.NS
2026-04-13 12:30:00+05:30,1229.699951171875,1231.699951171875,1228.5,1231.0,25094,0.0,0.0,COFORGE.NS
2026-04-13 12:45:00+05:30,1231.0999755859375,1231.4000244140625,1225.699951171875,1227.5999755859375,50070,0.0,0.0,COFORGE.NS
2026-04-13 13:00:00+05:30,1227.5,1229.699951171875,1225.5,1229.0,46940,0.0,0.0,COFORGE.NS
2026-04-13 13:15:00+05:30,1229.0999755859375,1230.300048828125,1228.0999755859375,1229.4000244140625,28918,0.0,0.0,COFORGE.NS
2026-04-13 13:30:00+05:30,1229.5,1230.800048828125,1228.0,1230.5,35483,0.0,0.0,COFORGE.NS
2026-04-13 13:45:00+05:30,1230.5,1237.300048828125,1229.5,1236.800048828125,74960,0.0,0.0,COFORGE.NS
2026-04-13 14:00:00+05:30,1236.4000244140625,1238.300048828125,1230.800048828125,1232.4000244140625,56454,0.0,0.0,COFORGE.NS
2026-04-13 14:15:00+05:30,1233.0999755859375,1238.0,1231.199951171875,1234.9000244140625,58504,0.0,0.0,COFORGE.NS
2026-04-13 14:30:00+05:30,1234.9000244140625,1237.0,1234.0999755859375,1235.5999755859375,61822,0.0,0.0,COFORGE.NS
2026-04-13 14:45:00+05:30,1235.5999755859375,1237.9000244140625,1234.5,1234.9000244140625,64285,0.0,0.0,COFORGE.NS
2026-04-13 15:00:00+05:30,1234.800048828125,1234.800048828125,1229.300048828125,1232.4000244140625,103606,0.0,0.0,COFORGE.NS
2026-04-13 15:15:00+05:30,1232.5,1232.5999755859375,1229.199951171875,1231.300048828125,114839,0.0,0.0,COFORGE.NS
2026-04-15 09:15:00+05:30,1249.9000244140625,1270.4000244140625,1249.9000244140625,1261.699951171875,182376,0.0,0.0,COFORGE.NS
2026-04-15 09:30:00+05:30,1261.800048828125,1261.800048828125,1249.0,1256.800048828125,150091,0.0,0.0,COFORGE.NS
2026-04-15 09:45:00+05:30,1256.9000244140625,1258.0,1252.0,1252.9000244140625,62125,0.0,0.0,COFORGE.NS
2026-04-15 10:00:00+05:30,1252.5999755859375,1259.9000244140625,1250.9000244140625,1256.9000244140625,63469,0.0,0.0,COFORGE.NS
2026-04-15 10:15:00+05:30,1257.0,1258.5,1251.0,1251.0,44691,0.0,0.0,COFORGE.NS
2026-04-15 10:30:00+05:30,1250.800048828125,1253.5999755859375,1250.199951171875,1251.5999755859375,48636,0.0,0.0,COFORGE.NS
2026-04-15 10:45:00+05:30,1252.0999755859375,1253.0,1247.699951171875,1252.699951171875,57048,0.0,0.0,COFORGE.NS
2026-04-15 11:00:00+05:30,1252.4000244140625,1259.9000244140625,1251.699951171875,1258.199951171875,87443,0.0,0.0,COFORGE.NS
2026-04-15 11:15:00+05:30,1258.199951171875,1261.800048828125,1257.800048828125,1260.800048828125,75738,0.0,0.0,COFORGE.NS
2026-04-15 11:30:00+05:30,1260.5999755859375,1265.199951171875,1259.5,1264.9000244140625,82744,0.0,0.0,COFORGE.NS
2026-04-15 11:45:00+05:30,1265.0,1267.699951171875,1263.0,1267.5999755859375,56847,0.0,0.0,COFORGE.NS
2026-04-15 12:00:00+05:30,1267.300048828125,1269.0,1265.300048828125,1268.0,60223,0.0,0.0,COFORGE.NS
2026-04-15 12:15:00+05:30,1268.0,1269.9000244140625,1267.0999755859375,1269.4000244140625,39500,0.0,0.0,COFORGE.NS
2026-04-15 12:30:00+05:30,1269.300048828125,1278.699951171875,1268.800048828125,1277.4000244140625,185931,0.0,0.0,COFORGE.NS
2026-04-15 12:45:00+05:30,1277.800048828125,1278.5,1268.5999755859375,1269.0999755859375,68075,0.0,0.0,COFORGE.NS
2026-04-15 13:00:00+05:30,1269.0,1270.699951171875,1268.0,1269.300048828125,33508,0.0,0.0,COFORGE.NS
2026-04-15 13:15:00+05:30,1269.4000244140625,1277.199951171875,1268.800048828125,1276.199951171875,139602,0.0,0.0,COFORGE.NS
2026-04-15 13:30:00+05:30,1275.699951171875,1282.0,1275.0,1281.699951171875,105852,0.0,0.0,COFORGE.NS
2026-04-15 13:45:00+05:30,1281.199951171875,1284.5999755859375,1279.5,1282.800048828125,199278,0.0,0.0,COFORGE.NS
2026-04-15 14:00:00+05:30,1282.800048828125,1286.5,1281.5,1285.5,122382,0.0,0.0,COFORGE.NS
2026-04-15 14:15:00+05:30,1286.0,1287.0999755859375,1282.199951171875,1283.699951171875,147097,0.0,0.0,COFORGE.NS
2026-04-15 14:30:00+05:30,1283.800048828125,1284.4000244140625,1282.0,1283.0999755859375,55046,0.0,0.0,COFORGE.NS
2026-04-15 14:45:00+05:30,1283.300048828125,1286.0999755859375,1282.4000244140625,1285.0,98371,0.0,0.0,COFORGE.NS
2026-04-15 15:00:00+05:30,1285.0,1285.199951171875,1281.5999755859375,1282.199951171875,119430,0.0,0.0,COFORGE.NS
2026-04-15 15:15:00+05:30,1282.4000244140625,1283.9000244140625,1282.0,1282.699951171875,139749,0.0,0.0,COFORGE.NS
2026-04-16 09:15:00+05:30,1296.5,1334.9000244140625,1291.300048828125,1319.4000244140625,564373,0.0,0.0,COFORGE.NS
2026-04-16 09:30:00+05:30,1319.0,1325.0,1313.5,1317.5,349192,0.0,0.0,COFORGE.NS
2026-04-16 09:45:00+05:30,1317.5,1318.9000244140625,1310.4000244140625,1312.0999755859375,266053,0.0,0.0,COFORGE.NS
2026-04-16 10:00:00+05:30,1312.5999755859375,1315.5,1304.5,1308.199951171875,199628,0.0,0.0,COFORGE.NS
2026-04-16 10:15:00+05:30,1308.0,1311.199951171875,1300.5,1304.699951171875,161202,0.0,0.0,COFORGE.NS
2026-04-16 10:30:00+05:30,1304.699951171875,1306.5,1303.0,1305.300048828125,80269,0.0,0.0,COFORGE.NS
2026-04-16 10:45:00+05:30,1305.5,1306.300048828125,1300.0999755859375,1302.300048828125,105365,0.0,0.0,COFORGE.NS
2026-04-16 11:00:00+05:30,1302.0999755859375,1310.9000244140625,1301.0,1310.4000244140625,132345,0.0,0.0,COFORGE.NS
2026-04-16 11:15:00+05:30,1310.199951171875,1315.5999755859375,1307.5,1315.4000244140625,140764,0.0,0.0,COFORGE.NS
2026-04-16 11:30:00+05:30,1315.0999755859375,1319.0,1314.4000244140625,1316.5999755859375,124579,0.0,0.0,COFORGE.NS
2026-04-16 11:45:00+05:30,1317.199951171875,1317.5,1312.0999755859375,1313.5999755859375,113649,0.0,0.0,COFORGE.NS
2026-04-16 12:00:00+05:30,1313.199951171875,1314.0,1310.0,1313.4000244140625,98840,0.0,0.0,COFORGE.NS
2026-04-16 12:15:00+05:30,1313.4000244140625,1315.5,1312.199951171875,1313.0,48310,0.0,0.0,COFORGE.NS
2026-04-16 12:30:00+05:30,1312.5,1315.300048828125,1310.5,1312.800048828125,76335,0.0,0.0,COFORGE.NS
2026-04-16 12:45:00+05:30,1312.9000244140625,1314.300048828125,1311.0,1313.4000244140625,60141,0.0,0.0,COFORGE.NS
2026-04-16 13:00:00+05:30,1313.300048828125,1313.5999755859375,1310.300048828125,1311.9000244140625,57326,0.0,0.0,COFORGE.NS
2026-04-16 13:15:00+05:30,1311.9000244140625,1316.699951171875,1311.9000244140625,1316.0,83685,0.0,0.0,COFORGE.NS
2026-04-16 13:30:00+05:30,1316.0999755859375,1318.0,1315.699951171875,1317.0999755859375,52253,0.0,0.0,COFORGE.NS
2026-04-16 13:45:00+05:30,1317.300048828125,1321.0,1317.0999755859375,1318.699951171875,106407,0.0,0.0,COFORGE.NS
2026-04-16 14:00:00+05:30,1319.0,1320.0999755859375,1317.5999755859375,1319.5999755859375,90810,0.0,0.0,COFORGE.NS
2026-04-16 14:15:00+05:30,1319.5,1320.199951171875,1309.300048828125,1310.5,100430,0.0,0.0,COFORGE.NS
2026-04-16 14:30:00+05:30,1310.5,1315.300048828125,1308.0,1315.0999755859375,110884,0.0,0.0,COFORGE.NS
2026-04-16 14:45:00+05:30,1315.4000244140625,1317.9000244140625,1315.0999755859375,1316.9000244140625,70367,0.0,0.0,COFORGE.NS
2026-04-16 15:00:00+05:30,1316.800048828125,1316.800048828125,1311.5,1314.300048828125,123696,0.0,0.0,COFORGE.NS
2026-04-16 15:15:00+05:30,1314.4000244140625,1314.4000244140625,1310.0,1313.199951171875,116675,0.0,0.0,COFORGE.NS
2026-04-17 09:15:00+05:30,1309.5,1328.699951171875,1294.300048828125,1326.699951171875,206395,0.0,0.0,COFORGE.NS
2026-04-17 09:30:00+05:30,1326.199951171875,1326.800048828125,1303.699951171875,1306.300048828125,240960,0.0,0.0,COFORGE.NS
2026-04-17 09:45:00+05:30,1306.5,1313.699951171875,1304.199951171875,1313.699951171875,89328,0.0,0.0,COFORGE.NS
2026-04-17 10:00:00+05:30,1313.5,1321.4000244140625,1310.699951171875,1321.0,135843,0.0,0.0,COFORGE.NS
2026-04-17 10:15:00+05:30,1321.5999755859375,1322.0,1316.199951171875,1318.9000244140625,52605,0.0,0.0,COFORGE.NS
2026-04-17 10:30:00+05:30,1318.9000244140625,1319.5999755859375,1312.0,1318.199951171875,72077,0.0,0.0,COFORGE.NS
2026-04-17 10:45:00+05:30,1317.9000244140625,1318.300048828125,1314.5999755859375,1315.5999755859375,40161,0.0,0.0,COFORGE.NS
2026-04-17 11:00:00+05:30,1315.5999755859375,1317.5,1312.0,1314.9000244140625,135445,0.0,0.0,COFORGE.NS
2026-04-17 11:15:00+05:30,1314.9000244140625,1319.800048828125,1310.0,1311.5999755859375,303272,0.0,0.0,COFORGE.NS
2026-04-17 11:30:00+05:30,1311.5999755859375,1313.0,1308.5,1311.0999755859375,70977,0.0,0.0,COFORGE.NS
2026-04-17 11:45:00+05:30,1311.199951171875,1313.5999755859375,1309.4000244140625,1312.5,68043,0.0,0.0,COFORGE.NS
2026-04-17 12:00:00+05:30,1312.5,1315.5,1311.0999755859375,1312.0999755859375,47433,0.0,0.0,COFORGE.NS
2026-04-17 12:15:00+05:30,1312.0,1312.9000244140625,1307.0,1308.5,80996,0.0,0.0,COFORGE.NS
2026-04-17 12:30:00+05:30,1308.5999755859375,1309.199951171875,1302.5,1303.0,146935,0.0,0.0,COFORGE.NS
2026-04-17 12:45:00+05:30,1303.0,1305.0,1300.800048828125,1304.699951171875,95077,0.0,0.0,COFORGE.NS
2026-04-17 13:00:00+05:30,1304.699951171875,1309.0,1304.199951171875,1308.800048828125,44689,0.0,0.0,COFORGE.NS
2026-04-17 13:15:00+05:30,1308.800048828125,1309.0,1306.0999755859375,1308.199951171875,36178,0.0,0.0,COFORGE.NS
2026-04-17 13:30:00+05:30,1308.4000244140625,1308.800048828125,1306.0,1307.199951171875,41886,0.0,0.0,COFORGE.NS
2026-04-17 13:45:00+05:30,1307.5999755859375,1313.300048828125,1306.800048828125,1312.4000244140625,78536,0.0,0.0,COFORGE.NS
2026-04-17 14:00:00+05:30,1312.5999755859375,1315.0,1310.0,1311.199951171875,85379,0.0,0.0,COFORGE.NS
2026-04-17 14:15:00+05:30,1311.199951171875,1312.0,1305.800048828125,1306.0999755859375,61045,0.0,0.0,COFORGE.NS
2026-04-17 14:30:00+05:30,1306.5999755859375,1313.9000244140625,1306.4000244140625,1313.5,54833,0.0,0.0,COFORGE.NS
2026-04-17 14:45:00+05:30,1314.0,1316.5,1313.5999755859375,1314.699951171875,97915,0.0,0.0,COFORGE.NS
2026-04-17 15:00:00+05:30,1315.300048828125,1318.0,1312.4000244140625,1317.699951171875,208677,0.0,0.0,COFORGE.NS
2026-04-17 15:15:00+05:30,1317.9000244140625,1318.5,1316.0,1316.800048828125,150107,0.0,0.0,COFORGE.NS
2026-04-20 09:15:00+05:30,1316.699951171875,1319.0999755859375,1295.199951171875,1301.0,165071,0.0,0.0,COFORGE.NS
2026-04-20 09:30:00+05:30,1299.5,1305.0,1296.0,1298.300048828125,138898,0.0,0.0,COFORGE.NS
2026-04-20 09:45:00+05:30,1297.5,1302.5999755859375,1297.300048828125,1298.0,92204,0.0,0.0,COFORGE.NS
2026-04-20 10:00:00+05:30,1298.4000244140625,1301.5,1297.300048828125,1301.0,35042,0.0,0.0,COFORGE.NS
2026-04-20 15:00:00+05:30,1316.800048828125,1316.800048828125,1290.9000244140625,1291.199951171875,1263964,0.0,0.0,COFORGE.NS
2026-04-20 15:15:00+05:30,1290.0999755859375,1290.0999755859375,1280.5999755859375,1283.0,153117,0.0,0.0,COFORGE.NS
2026-04-21 09:15:00+05:30,1290.0999755859375,1292.0,1280.0,1283.9000244140625,52627,0.0,0.0,COFORGE.NS
2026-04-21 09:30:00+05:30,1283.300048828125,1286.0999755859375,1280.699951171875,1285.800048828125,114203,0.0,0.0,COFORGE.NS
2026-04-21 09:45:00+05:30,1284.0,1292.5999755859375,1284.0,1291.199951171875,96115,0.0,0.0,COFORGE.NS
2026-04-21 10:00:00+05:30,1291.5,1295.0,1290.5999755859375,1294.5,43557,0.0,0.0,COFORGE.NS
2026-04-21 10:15:00+05:30,1294.5,1294.5,1288.199951171875,1290.5,61033,0.0,0.0,COFORGE.NS
2026-04-21 10:30:00+05:30,1290.699951171875,1292.199951171875,1288.0999755859375,1291.0999755859375,31846,0.0,0.0,COFORGE.NS
2026-04-21 10:45:00+05:30,1291.0,1295.699951171875,1290.0,1293.0,264780,0.0,0.0,COFORGE.NS
2026-04-21 11:00:00+05:30,1293.300048828125,1300.300048828125,1292.0,1300.0,86181,0.0,0.0,COFORGE.NS
2026-04-21 11:15:00+05:30,1299.199951171875,1301.0,1297.0999755859375,1297.199951171875,49340,0.0,0.0,COFORGE.NS
2026-04-21 11:30:00+05:30,1297.699951171875,1297.800048828125,1294.5,1296.300048828125,21624,0.0,0.0,COFORGE.NS
2026-04-21 11:45:00+05:30,1295.800048828125,1301.800048828125,1295.800048828125,1300.0999755859375,50063,0.0,0.0,COFORGE.NS
2026-04-21 12:00:00+05:30,1300.0999755859375,1300.4000244140625,1288.0999755859375,1299.9000244140625,18591,0.0,0.0,COFORGE.NS
2026-04-21 12:15:00+05:30,1299.4000244140625,1300.0,1296.5999755859375,1298.300048828125,26717,0.0,0.0,COFORGE.NS
2026-04-21 12:30:00+05:30,1298.5,1303.5,1297.300048828125,1303.5,52068,0.0,0.0,COFORGE.NS
2026-04-21 12:45:00+05:30,1303.5,1303.5,1296.9000244140625,1299.5,51913,0.0,0.0,COFORGE.NS
2026-04-21 13:00:00+05:30,1299.5999755859375,1300.0999755859375,1297.5,1297.699951171875,99789,0.0,0.0,COFORGE.NS
2026-04-21 13:15:00+05:30,1298.0,1300.0,1297.5999755859375,1299.0,7732,0.0,0.0,COFORGE.NS
2026-04-21 13:30:00+05:30,1298.699951171875,1299.4000244140625,1296.0999755859375,1298.0,20752,0.0,0.0,COFORGE.NS
2026-04-21 13:45:00+05:30,1297.800048828125,1299.0999755859375,1297.300048828125,1298.800048828125,14609,0.0,0.0,COFORGE.NS
2026-04-21 14:00:00+05:30,1298.5,1298.5,1291.5999755859375,1292.0,48678,0.0,0.0,COFORGE.NS
2026-04-21 14:15:00+05:30,1292.0,1294.0999755859375,1291.199951171875,1291.800048828125,28573,0.0,0.0,COFORGE.NS
2026-04-21 14:30:00+05:30,1291.800048828125,1292.0,1285.9000244140625,1288.0,74061,0.0,0.0,COFORGE.NS
2026-04-21 14:45:00+05:30,1288.0,1294.800048828125,1287.800048828125,1293.5999755859375,44658,0.0,0.0,COFORGE.NS
2026-04-21 15:00:00+05:30,1293.9000244140625,1294.800048828125,1291.0,1292.0,68358,0.0,0.0,COFORGE.NS
2026-04-21 15:15:00+05:30,1291.699951171875,1294.5,1290.0,1292.800048828125,73189,0.0,0.0,COFORGE.NS
2026-04-22 09:15:00+05:30,1270.0999755859375,1270.0999755859375,1241.199951171875,1248.699951171875,260499,0.0,0.0,COFORGE.NS
2026-04-22 09:30:00+05:30,1248.4000244140625,1261.699951171875,1244.199951171875,1258.0999755859375,425122,0.0,0.0,COFORGE.NS
2026-04-22 09:45:00+05:30,1258.0999755859375,1263.5999755859375,1251.0,1251.4000244140625,222001,0.0,0.0,COFORGE.NS
2026-04-22 10:00:00+05:30,1251.4000244140625,1252.9000244140625,1240.0,1240.0999755859375,334498,0.0,0.0,COFORGE.NS
2026-04-22 10:15:00+05:30,1240.300048828125,1242.9000244140625,1237.0,1237.0,347048,0.0,0.0,COFORGE.NS
2026-04-22 10:30:00+05:30,1237.0,1238.4000244140625,1233.4000244140625,1235.4000244140625,196681,0.0,0.0,COFORGE.NS
2026-04-22 10:45:00+05:30,1235.4000244140625,1238.5,1234.0,1237.5,110962,0.0,0.0,COFORGE.NS
2026-04-22 11:00:00+05:30,1237.4000244140625,1238.9000244140625,1226.0999755859375,1227.9000244140625,283540,0.0,0.0,COFORGE.NS
2026-04-22 11:15:00+05:30,1228.0,1228.0999755859375,1222.0,1225.0,267115,0.0,0.0,COFORGE.NS
2026-04-22 11:30:00+05:30,1225.0999755859375,1225.0999755859375,1222.0999755859375,1223.4000244140625,174244,0.0,0.0,COFORGE.NS
2026-04-22 11:45:00+05:30,1223.300048828125,1225.199951171875,1221.9000244140625,1224.5999755859375,93384,0.0,0.0,COFORGE.NS
2026-04-22 12:00:00+05:30,1224.699951171875,1224.9000244140625,1219.300048828125,1220.0,197518,0.0,0.0,COFORGE.NS
2026-04-22 12:15:00+05:30,1220.0,1220.0999755859375,1215.199951171875,1218.199951171875,191427,0.0,0.0,COFORGE.NS
2026-04-22 12:30:00+05:30,1218.0999755859375,1219.5,1216.5999755859375,1218.0,146166,0.0,0.0,COFORGE.NS
2026-04-22 12:45:00+05:30,1218.199951171875,1218.199951171875,1209.0,1213.699951171875,460572,0.0,0.0,COFORGE.NS
2026-04-22 13:00:00+05:30,1214.0999755859375,1225.800048828125,1214.0999755859375,1222.0,319416,0.0,0.0,COFORGE.NS
2026-04-22 13:15:00+05:30,1222.0999755859375,1224.199951171875,1221.300048828125,1222.0999755859375,105974,0.0,0.0,COFORGE.NS
2026-04-22 13:30:00+05:30,1222.4000244140625,1224.9000244140625,1220.4000244140625,1222.699951171875,197477,0.0,0.0,COFORGE.NS
2026-04-22 13:45:00+05:30,1222.800048828125,1242.0,1221.0,1241.0,601591,0.0,0.0,COFORGE.NS
2026-04-22 14:00:00+05:30,1242.199951171875,1243.5999755859375,1237.0,1238.800048828125,238212,0.0,0.0,COFORGE.NS
2026-04-22 14:15:00+05:30,1239.0,1239.5999755859375,1235.199951171875,1235.800048828125,67718,0.0,0.0,COFORGE.NS
2026-04-22 14:30:00+05:30,1235.199951171875,1241.199951171875,1235.199951171875,1239.5,92473,0.0,0.0,COFORGE.NS
2026-04-22 14:45:00+05:30,1239.699951171875,1242.5,1237.800048828125,1241.5999755859375,96198,0.0,0.0,COFORGE.NS
2026-04-22 15:00:00+05:30,1240.5,1240.5,1232.199951171875,1234.4000244140625,202654,0.0,0.0,COFORGE.NS
2026-04-22 15:15:00+05:30,1234.4000244140625,1239.5999755859375,1233.5999755859375,1237.699951171875,284166,0.0,0.0,COFORGE.NS
2026-04-23 09:15:00+05:30,1221.5,1243.0,1221.5,1230.800048828125,128744,0.0,0.0,COFORGE.NS
2026-04-23 09:30:00+05:30,1230.800048828125,1237.9000244140625,1227.0999755859375,1232.9000244140625,102616,0.0,0.0,COFORGE.NS
2026-04-23 09:45:00+05:30,1232.9000244140625,1239.800048828125,1231.699951171875,1236.300048828125,59549,0.0,0.0,COFORGE.NS
2026-04-23 10:00:00+05:30,1236.800048828125,1241.800048828125,1234.5,1239.0,88430,0.0,0.0,COFORGE.NS
2026-04-23 10:15:00+05:30,1238.800048828125,1239.699951171875,1236.9000244140625,1236.9000244140625,36006,0.0,0.0,COFORGE.NS
2026-04-23 10:30:00+05:30,1237.0,1237.0,1229.0,1229.199951171875,66847,0.0,0.0,COFORGE.NS
2026-04-23 10:45:00+05:30,1229.4000244140625,1236.800048828125,1229.300048828125,1236.699951171875,32124,0.0,0.0,COFORGE.NS
2026-04-23 11:00:00+05:30,1236.199951171875,1242.4000244140625,1236.199951171875,1237.699951171875,82061,0.0,0.0,COFORGE.NS
2026-04-23 11:15:00+05:30,1237.0,1238.4000244140625,1231.5,1235.0,98660,0.0,0.0,COFORGE.NS
2026-04-23 11:30:00+05:30,1234.5999755859375,1236.300048828125,1234.0,1236.0,66476,0.0,0.0,COFORGE.NS
2026-04-23 11:45:00+05:30,1236.0,1236.300048828125,1233.699951171875,1235.199951171875,28655,0.0,0.0,COFORGE.NS
2026-04-23 12:00:00+05:30,1235.199951171875,1240.5,1235.199951171875,1237.699951171875,48758,0.0,0.0,COFORGE.NS
2026-04-23 12:15:00+05:30,1237.699951171875,1238.699951171875,1231.800048828125,1231.800048828125,39632,0.0,0.0,COFORGE.NS
2026-04-23 12:30:00+05:30,1232.300048828125,1234.9000244140625,1230.800048828125,1234.5,30330,0.0,0.0,COFORGE.NS
2026-04-23 12:45:00+05:30,1234.9000244140625,1235.9000244140625,1232.300048828125,1232.300048828125,77536,0.0,0.0,COFORGE.NS
2026-04-23 13:00:00+05:30,1232.300048828125,1237.9000244140625,1230.4000244140625,1237.300048828125,51651,0.0,0.0,COFORGE.NS
2026-04-23 13:15:00+05:30,1237.5,1238.0,1234.5,1236.5,264195,0.0,0.0,COFORGE.NS
2026-04-23 13:30:00+05:30,1237.0,1237.5,1225.0999755859375,1226.0,75437,0.0,0.0,COFORGE.NS
2026-04-23 13:45:00+05:30,1225.699951171875,1226.0,1220.699951171875,1222.5999755859375,107831,0.0,0.0,COFORGE.NS
2026-04-23 14:00:00+05:30,1222.800048828125,1225.5999755859375,1222.4000244140625,1223.300048828125,37676,0.0,0.0,COFORGE.NS
2026-04-23 14:15:00+05:30,1222.5999755859375,1224.0999755859375,1222.0,1222.5999755859375,40926,0.0,0.0,COFORGE.NS
2026-04-23 14:30:00+05:30,1222.5,1224.0999755859375,1220.800048828125,1222.199951171875,66702,0.0,0.0,COFORGE.NS
2026-04-23 14:45:00+05:30,1221.5999755859375,1226.0999755859375,1221.5999755859375,1223.5999755859375,58546,0.0,0.0,COFORGE.NS
2026-04-23 15:00:00+05:30,1223.9000244140625,1225.800048828125,1222.9000244140625,1222.9000244140625,72644,0.0,0.0,COFORGE.NS
2026-04-23 15:15:00+05:30,1223.199951171875,1223.300048828125,1216.5,1218.800048828125,183337,0.0,0.0,COFORGE.NS
2026-04-24 09:15:00+05:30,1201.199951171875,1211.0999755859375,1194.199951171875,1197.199951171875,244075,0.0,0.0,COFORGE.NS
2026-04-24 09:30:00+05:30,1197.9000244140625,1200.800048828125,1183.5,1185.0,297882,0.0,0.0,COFORGE.NS
2026-04-24 09:45:00+05:30,1184.4000244140625,1184.5,1177.0,1181.0,237967,0.0,0.0,COFORGE.NS
2026-04-24 10:00:00+05:30,1181.199951171875,1183.0,1174.4000244140625,1180.5,247073,0.0,0.0,COFORGE.NS
2026-04-24 10:15:00+05:30,1180.0,1181.800048828125,1177.0,1177.4000244140625,104908,0.0,0.0,COFORGE.NS
2026-04-24 10:30:00+05:30,1177.0999755859375,1177.199951171875,1163.0999755859375,1163.0999755859375,439163,0.0,0.0,COFORGE.NS
2026-04-24 10:45:00+05:30,1163.0999755859375,1164.9000244140625,1157.199951171875,1158.0,235019,0.0,0.0,COFORGE.NS
2026-04-24 11:00:00+05:30,1158.0,1161.4000244140625,1155.0,1158.5,185764,0.0,0.0,COFORGE.NS
2026-04-24 11:15:00+05:30,1158.5,1158.5,1152.0,1153.0999755859375,203249,0.0,0.0,COFORGE.NS
2026-04-24 11:30:00+05:30,1153.699951171875,1156.5,1150.0999755859375,1150.9000244140625,128657,0.0,0.0,COFORGE.NS
2026-04-24 11:45:00+05:30,1151.0,1151.699951171875,1144.5999755859375,1144.9000244140625,252128,0.0,0.0,COFORGE.NS
2026-04-24 12:00:00+05:30,1144.9000244140625,1148.5999755859375,1144.0,1147.699951171875,157916,0.0,0.0,COFORGE.NS
2026-04-24 12:15:00+05:30,1148.199951171875,1149.5999755859375,1144.0,1144.699951171875,122273,0.0,0.0,COFORGE.NS
2026-04-24 12:30:00+05:30,1144.699951171875,1151.199951171875,1144.5,1146.5,159775,0.0,0.0,COFORGE.NS
2026-04-24 12:45:00+05:30,1146.5,1147.800048828125,1145.0,1145.699951171875,116000,0.0,0.0,COFORGE.NS
2026-04-24 13:00:00+05:30,1145.5999755859375,1145.699951171875,1140.0999755859375,1142.9000244140625,137282,0.0,0.0,COFORGE.NS
2026-04-24 13:15:00+05:30,1142.300048828125,1145.800048828125,1140.4000244140625,1144.4000244140625,143194,0.0,0.0,COFORGE.NS
2026-04-24 13:30:00+05:30,1144.4000244140625,1144.4000244140625,1140.0999755859375,1140.5,107125,0.0,0.0,COFORGE.NS
2026-04-24 13:45:00+05:30,1140.4000244140625,1145.0,1140.199951171875,1143.4000244140625,128937,0.0,0.0,COFORGE.NS
2026-04-24 14:00:00+05:30,1144.0,1146.300048828125,1138.5999755859375,1140.9000244140625,359942,0.0,0.0,COFORGE.NS
2026-04-24 14:15:00+05:30,1140.800048828125,1149.5,1140.5,1147.5999755859375,180273,0.0,0.0,COFORGE.NS
2026-04-24 14:30:00+05:30,1147.5999755859375,1156.300048828125,1145.800048828125,1155.699951171875,241664,0.0,0.0,COFORGE.NS
2026-04-24 14:45:00+05:30,1156.0999755859375,1158.0,1151.300048828125,1151.5,179413,0.0,0.0,COFORGE.NS
2026-04-24 15:00:00+05:30,1151.699951171875,1153.800048828125,1148.0,1151.300048828125,200234,0.0,0.0,COFORGE.NS
2026-04-24 15:15:00+05:30,1151.199951171875,1152.5,1148.800048828125,1151.0,247669,0.0,0.0,COFORGE.NS
2026-04-27 09:15:00+05:30,1165.199951171875,1179.4000244140625,1163.0999755859375,1174.0,159655,0.0,0.0,COFORGE.NS
2026-04-27 09:30:00+05:30,1174.0,1182.9000244140625,1172.199951171875,1182.9000244140625,95872,0.0,0.0,COFORGE.NS
2026-04-27 09:45:00+05:30,1184.4000244140625,1190.699951171875,1184.4000244140625,1186.800048828125,124049,0.0,0.0,COFORGE.NS
2026-04-27 10:00:00+05:30,1187.199951171875,1188.5,1184.0,1186.5,62272,0.0,0.0,COFORGE.NS
2026-04-27 10:15:00+05:30,1187.9000244140625,1189.800048828125,1187.4000244140625,1188.199951171875,66853,0.0,0.0,COFORGE.NS
2026-04-27 10:30:00+05:30,1188.199951171875,1188.199951171875,1182.199951171875,1183.9000244140625,52268,0.0,0.0,COFORGE.NS
2026-04-27 10:45:00+05:30,1184.0,1186.0,1181.9000244140625,1184.0,26327,0.0,0.0,COFORGE.NS
2026-04-27 11:00:00+05:30,1184.199951171875,1186.300048828125,1180.800048828125,1185.9000244140625,40969,0.0,0.0,COFORGE.NS
2026-04-27 11:15:00+05:30,1185.4000244140625,1186.4000244140625,1181.199951171875,1182.300048828125,45757,0.0,0.0,COFORGE.NS
2026-04-27 11:30:00+05:30,1182.5,1183.5999755859375,1180.5,1183.5999755859375,46991,0.0,0.0,COFORGE.NS
2026-04-27 11:45:00+05:30,1183.800048828125,1186.699951171875,1181.0,1186.699951171875,46824,0.0,0.0,COFORGE.NS
2026-04-27 12:00:00+05:30,1186.5999755859375,1190.4000244140625,1184.199951171875,1188.5999755859375,50887,0.0,0.0,COFORGE.NS
2026-04-27 12:15:00+05:30,1189.0,1192.699951171875,1186.800048828125,1187.5999755859375,47731,0.0,0.0,COFORGE.NS
2026-04-27 12:30:00+05:30,1187.0,1188.300048828125,1185.699951171875,1187.4000244140625,32579,0.0,0.0,COFORGE.NS
2026-04-27 12:45:00+05:30,1187.5,1188.0,1185.5,1186.5999755859375,14926,0.0,0.0,COFORGE.NS
2026-04-27 13:00:00+05:30,1186.4000244140625,1187.9000244140625,1186.0999755859375,1186.800048828125,10310,0.0,0.0,COFORGE.NS
2026-04-27 13:15:00+05:30,1187.300048828125,1187.300048828125,1184.5999755859375,1185.0,13005,0.0,0.0,COFORGE.NS
2026-04-27 13:30:00+05:30,1185.0,1194.9000244140625,1184.199951171875,1194.0,86891,0.0,0.0,COFORGE.NS
2026-04-27 13:45:00+05:30,1194.0,1196.4000244140625,1191.5,1194.0,59459,0.0,0.0,COFORGE.NS
2026-04-27 14:00:00+05:30,1194.0,1202.5,1193.5,1201.800048828125,79038,0.0,0.0,COFORGE.NS
2026-04-27 14:15:00+05:30,1201.800048828125,1202.300048828125,1198.800048828125,1201.300048828125,55827,0.0,0.0,COFORGE.NS
2026-04-27 14:30:00+05:30,1200.800048828125,1202.300048828125,1198.4000244140625,1201.800048828125,37809,0.0,0.0,COFORGE.NS
2026-04-27 14:45:00+05:30,1201.800048828125,1202.699951171875,1200.5999755859375,1202.0,36653,0.0,0.0,COFORGE.NS
2026-04-27 15:00:00+05:30,1201.699951171875,1205.800048828125,1201.0,1204.199951171875,90806,0.0,0.0,COFORGE.NS
2026-04-27 15:15:00+05:30,1204.300048828125,1205.300048828125,1200.0999755859375,1202.9000244140625,177871,0.0,0.0,COFORGE.NS
2026-04-28 09:15:00+05:30,1204.0,1205.699951171875,1192.800048828125,1197.5,63871,0.0,0.0,COFORGE.NS
2026-04-28 09:30:00+05:30,1196.4000244140625,1198.0,1193.4000244140625,1195.199951171875,57255,0.0,0.0,COFORGE.NS
2026-04-28 09:45:00+05:30,1195.9000244140625,1198.0,1192.300048828125,1197.9000244140625,52775,0.0,0.0,COFORGE.NS
2026-04-28 10:00:00+05:30,1197.300048828125,1204.699951171875,1196.699951171875,1202.300048828125,52561,0.0,0.0,COFORGE.NS
2026-04-28 10:15:00+05:30,1202.199951171875,1205.5,1200.800048828125,1201.4000244140625,23505,0.0,0.0,COFORGE.NS
2026-04-28 10:30:00+05:30,1201.4000244140625,1201.5,1194.5999755859375,1195.5,72787,0.0,0.0,COFORGE.NS
2026-04-28 10:45:00+05:30,1195.5999755859375,1198.800048828125,1195.300048828125,1197.699951171875,16049,0.0,0.0,COFORGE.NS
2026-04-28 11:00:00+05:30,1199.0,1202.699951171875,1198.4000244140625,1202.699951171875,77123,0.0,0.0,COFORGE.NS
2026-04-28 11:15:00+05:30,1202.0,1204.9000244140625,1200.4000244140625,1202.0999755859375,54214,0.0,0.0,COFORGE.NS
2026-04-28 11:30:00+05:30,1203.0,1207.800048828125,1202.300048828125,1207.5,46069,0.0,0.0,COFORGE.NS
2026-04-28 11:45:00+05:30,1207.0999755859375,1209.9000244140625,1206.199951171875,1206.5,36437,0.0,0.0,COFORGE.NS
2026-04-28 12:00:00+05:30,1206.5,1209.699951171875,1204.300048828125,1209.5,41690,0.0,0.0,COFORGE.NS
2026-04-28 12:15:00+05:30,1209.5,1213.5999755859375,1208.199951171875,1208.199951171875,107338,0.0,0.0,COFORGE.NS
2026-04-28 12:30:00+05:30,1208.199951171875,1208.5,1201.0,1203.4000244140625,49203,0.0,0.0,COFORGE.NS
2026-04-28 12:45:00+05:30,1203.0,1206.0,1203.0,1205.5,34695,0.0,0.0,COFORGE.NS
2026-04-28 13:00:00+05:30,1205.300048828125,1207.5999755859375,1203.5,1205.800048828125,42857,0.0,0.0,COFORGE.NS
2026-04-28 13:15:00+05:30,1206.0,1207.5,1204.199951171875,1205.5999755859375,37616,0.0,0.0,COFORGE.NS
2026-04-28 13:30:00+05:30,1205.9000244140625,1208.4000244140625,1204.199951171875,1207.4000244140625,19269,0.0,0.0,COFORGE.NS
2026-04-28 13:45:00+05:30,1207.5,1207.9000244140625,1205.5999755859375,1206.4000244140625,26979,0.0,0.0,COFORGE.NS
2026-04-28 14:00:00+05:30,1206.4000244140625,1207.199951171875,1202.300048828125,1202.300048828125,25819,0.0,0.0,COFORGE.NS
2026-04-28 14:15:00+05:30,1202.300048828125,1203.9000244140625,1199.5,1202.9000244140625,39283,0.0,0.0,COFORGE.NS
2026-04-28 14:30:00+05:30,1203.9000244140625,1206.5999755859375,1203.0999755859375,1204.4000244140625,31690,0.0,0.0,COFORGE.NS
2026-04-28 14:45:00+05:30,1204.4000244140625,1206.0,1202.4000244140625,1205.199951171875,29605,0.0,0.0,COFORGE.NS
2026-04-28 15:00:00+05:30,1205.699951171875,1205.9000244140625,1198.0999755859375,1198.5999755859375,76203,0.0,0.0,COFORGE.NS
2026-04-28 15:15:00+05:30,1198.5999755859375,1208.699951171875,1196.4000244140625,1200.9000244140625,148334,0.0,0.0,COFORGE.NS
2026-04-29 09:15:00+05:30,1208.9000244140625,1213.699951171875,1202.4000244140625,1209.0999755859375,54670,0.0,0.0,COFORGE.NS
2026-04-29 09:30:00+05:30,1209.0999755859375,1212.800048828125,1204.5999755859375,1211.5999755859375,56964,0.0,0.0,COFORGE.NS
2026-04-29 09:45:00+05:30,1210.0999755859375,1229.9000244140625,1209.699951171875,1219.800048828125,206659,0.0,0.0,COFORGE.NS
2026-04-29 10:00:00+05:30,1219.199951171875,1223.0,1218.0,1222.300048828125,63641,0.0,0.0,COFORGE.NS
2026-04-29 10:15:00+05:30,1222.5999755859375,1222.699951171875,1218.5,1219.199951171875,46402,0.0,0.0,COFORGE.NS
2026-04-29 10:30:00+05:30,1219.800048828125,1220.0,1214.0999755859375,1214.0999755859375,68874,0.0,0.0,COFORGE.NS
2026-04-29 10:45:00+05:30,1214.0999755859375,1214.5,1207.5,1211.0,99849,0.0,0.0,COFORGE.NS
2026-04-29 11:00:00+05:30,1211.300048828125,1215.300048828125,1210.800048828125,1214.5999755859375,74578,0.0,0.0,COFORGE.NS
2026-04-29 11:15:00+05:30,1214.5,1214.5,1209.199951171875,1211.0999755859375,26943,0.0,0.0,COFORGE.NS
2026-04-29 11:30:00+05:30,1211.5999755859375,1211.699951171875,1208.0999755859375,1209.0,18986,0.0,0.0,COFORGE.NS
2026-04-29 11:45:00+05:30,1209.300048828125,1214.0,1208.699951171875,1213.5,14541,0.0,0.0,COFORGE.NS
2026-04-29 12:00:00+05:30,1213.0999755859375,1214.0,1211.5999755859375,1212.300048828125,14384,0.0,0.0,COFORGE.NS
2026-04-29 12:15:00+05:30,1212.5,1214.5,1208.4000244140625,1210.5999755859375,30011,0.0,0.0,COFORGE.NS
2026-04-29 12:30:00+05:30,1211.0999755859375,1212.0,1210.0999755859375,1211.800048828125,9239,0.0,0.0,COFORGE.NS
2026-04-29 12:45:00+05:30,1211.5,1212.4000244140625,1210.5,1211.0999755859375,9901,0.0,0.0,COFORGE.NS
2026-04-29 13:00:00+05:30,1210.699951171875,1213.4000244140625,1210.5999755859375,1211.800048828125,11885,0.0,0.0,COFORGE.NS
2026-04-29 13:15:00+05:30,1211.800048828125,1213.0999755859375,1210.5999755859375,1211.699951171875,18072,0.0,0.0,COFORGE.NS
2026-04-29 13:30:00+05:30,1212.5,1212.5999755859375,1206.5999755859375,1207.300048828125,30991,0.0,0.0,COFORGE.NS
2026-04-29 13:45:00+05:30,1208.0,1211.699951171875,1207.5999755859375,1210.0,15264,0.0,0.0,COFORGE.NS
2026-04-29 14:00:00+05:30,1210.0,1210.5,1204.4000244140625,1207.0999755859375,30619,0.0,0.0,COFORGE.NS
2026-04-29 14:15:00+05:30,1207.199951171875,1208.300048828125,1205.0,1205.5999755859375,17410,0.0,0.0,COFORGE.NS
2026-04-29 14:30:00+05:30,1205.4000244140625,1209.5999755859375,1204.5999755859375,1209.300048828125,31657,0.0,0.0,COFORGE.NS
2026-04-29 14:45:00+05:30,1209.4000244140625,1209.800048828125,1204.300048828125,1205.699951171875,23976,0.0,0.0,COFORGE.NS
2026-04-29 15:00:00+05:30,1206.0,1209.9000244140625,1204.0999755859375,1204.0999755859375,56196,0.0,0.0,COFORGE.NS
2026-04-29 15:15:00+05:30,1204.4000244140625,1204.4000244140625,1200.300048828125,1202.0,79373,0.0,0.0,COFORGE.NS
2026-04-30 09:15:00+05:30,1196.800048828125,1206.9000244140625,1178.0999755859375,1181.0999755859375,138461,0.0,0.0,COFORGE.NS
2026-04-30 09:30:00+05:30,1181.800048828125,1206.699951171875,1180.5999755859375,1195.5,147198,0.0,0.0,COFORGE.NS
2026-04-30 09:45:00+05:30,1196.0999755859375,1203.0,1195.0999755859375,1198.699951171875,55225,0.0,0.0,COFORGE.NS
2026-04-30 10:00:00+05:30,1197.800048828125,1198.300048828125,1193.800048828125,1195.800048828125,25963,0.0,0.0,COFORGE.NS
2026-04-30 10:15:00+05:30,1196.0,1198.0,1193.0,1193.0,23542,0.0,0.0,COFORGE.NS
2026-04-30 10:30:00+05:30,1192.300048828125,1200.4000244140625,1191.5999755859375,1200.0,39929,0.0,0.0,COFORGE.NS
2026-04-30 10:45:00+05:30,1200.300048828125,1200.300048828125,1191.199951171875,1193.5,44489,0.0,0.0,COFORGE.NS
2026-04-30 11:00:00+05:30,1193.5,1194.4000244140625,1190.9000244140625,1191.0,16958,0.0,0.0,COFORGE.NS
2026-04-30 11:15:00+05:30,1191.0,1192.699951171875,1190.5,1191.5,18375,0.0,0.0,COFORGE.NS
2026-04-30 11:30:00+05:30,1191.4000244140625,1197.800048828125,1191.199951171875,1195.0,115309,0.0,0.0,COFORGE.NS
2026-04-30 11:45:00+05:30,1195.0,1201.800048828125,1194.0999755859375,1199.0999755859375,46136,0.0,0.0,COFORGE.NS
2026-04-30 12:00:00+05:30,1198.800048828125,1203.5999755859375,1198.5,1200.4000244140625,32027,0.0,0.0,COFORGE.NS
2026-04-30 12:15:00+05:30,1200.800048828125,1202.5,1198.5,1199.0,20429,0.0,0.0,COFORGE.NS
2026-04-30 12:30:00+05:30,1199.0,1206.4000244140625,1198.300048828125,1205.699951171875,37116,0.0,0.0,COFORGE.NS
2026-04-30 12:45:00+05:30,1205.699951171875,1205.800048828125,1201.300048828125,1202.0,22123,0.0,0.0,COFORGE.NS
2026-04-30 13:00:00+05:30,1201.5,1202.9000244140625,1198.4000244140625,1198.9000244140625,26089,0.0,0.0,COFORGE.NS
2026-04-30 13:15:00+05:30,1198.699951171875,1199.300048828125,1196.0,1196.5,19917,0.0,0.0,COFORGE.NS
2026-04-30 13:30:00+05:30,1196.300048828125,1201.9000244140625,1196.0999755859375,1201.0,13228,0.0,0.0,COFORGE.NS
2026-04-30 13:45:00+05:30,1201.300048828125,1201.300048828125,1197.4000244140625,1198.800048828125,16120,0.0,0.0,COFORGE.NS
2026-04-30 14:00:00+05:30,1198.800048828125,1201.300048828125,1196.800048828125,1198.800048828125,28257,0.0,0.0,COFORGE.NS
2026-04-30 14:15:00+05:30,1198.5,1199.5,1196.199951171875,1197.699951171875,22615,0.0,0.0,COFORGE.NS
2026-04-30 14:30:00+05:30,1197.5,1203.699951171875,1196.5,1202.800048828125,42215,0.0,0.0,COFORGE.NS
2026-04-30 14:45:00+05:30,1202.5999755859375,1203.300048828125,1199.5,1200.9000244140625,52291,0.0,0.0,COFORGE.NS
2026-04-30 15:00:00+05:30,1201.0999755859375,1201.0999755859375,1192.0,1193.800048828125,171585,0.0,0.0,COFORGE.NS
2026-04-30 15:15:00+05:30,1194.300048828125,1198.5,1194.0,1195.0999755859375,126383,0.0,0.0,COFORGE.NS
2026-05-04 09:15:00+05:30,1207.0,1209.5,1184.300048828125,1189.300048828125,60450,0.0,0.0,COFORGE.NS
2026-05-04 09:30:00+05:30,1189.0,1198.300048828125,1183.699951171875,1189.4000244140625,86053,0.0,0.0,COFORGE.NS
2026-05-04 09:45:00+05:30,1190.0,1190.199951171875,1185.0999755859375,1187.9000244140625,337684,0.0,0.0,COFORGE.NS
2026-05-04 10:00:00+05:30,1188.5999755859375,1188.5999755859375,1171.0999755859375,1172.0999755859375,114874,0.0,0.0,COFORGE.NS
2026-05-04 10:15:00+05:30,1171.5999755859375,1174.699951171875,1164.0,1166.699951171875,115299,0.0,0.0,COFORGE.NS
2026-05-04 10:30:00+05:30,1167.0,1169.4000244140625,1165.5,1167.0999755859375,50189,0.0,0.0,COFORGE.NS
2026-05-04 10:45:00+05:30,1167.5,1168.699951171875,1166.0999755859375,1166.300048828125,32338,0.0,0.0,COFORGE.NS
2026-05-04 11:00:00+05:30,1166.0999755859375,1172.0,1166.0999755859375,1172.0,54128,0.0,0.0,COFORGE.NS
2026-05-04 11:15:00+05:30,1171.5999755859375,1172.800048828125,1167.4000244140625,1168.0,53327,0.0,0.0,COFORGE.NS
2026-05-04 11:30:00+05:30,1168.300048828125,1168.5999755859375,1164.4000244140625,1165.300048828125,50559,0.0,0.0,COFORGE.NS
2026-05-04 11:45:00+05:30,1165.0,1169.4000244140625,1164.5,1166.0,26689,0.0,0.0,COFORGE.NS
2026-05-04 12:00:00+05:30,1166.0,1166.5,1160.0,1160.5,69133,0.0,0.0,COFORGE.NS
2026-05-04 12:15:00+05:30,1160.5,1163.5,1160.0,1162.5,37209,0.0,0.0,COFORGE.NS
2026-05-04 12:30:00+05:30,1162.4000244140625,1162.9000244140625,1160.0999755859375,1160.4000244140625,21583,0.0,0.0,COFORGE.NS
2026-05-04 12:45:00+05:30,1160.699951171875,1160.800048828125,1156.9000244140625,1157.800048828125,66491,0.0,0.0,COFORGE.NS
2026-05-04 13:00:00+05:30,1157.800048828125,1159.800048828125,1157.5,1158.300048828125,24148,0.0,0.0,COFORGE.NS
2026-05-04 13:15:00+05:30,1158.5,1159.199951171875,1155.0,1155.199951171875,44205,0.0,0.0,COFORGE.NS
2026-05-04 13:30:00+05:30,1155.0,1155.4000244140625,1150.800048828125,1153.5,79256,0.0,0.0,COFORGE.NS
2026-05-04 13:45:00+05:30,1154.0,1154.800048828125,1148.300048828125,1151.4000244140625,83150,0.0,0.0,COFORGE.NS
2026-05-04 14:00:00+05:30,1151.800048828125,1156.5,1150.800048828125,1155.4000244140625,99971,0.0,0.0,COFORGE.NS
2026-05-04 14:15:00+05:30,1155.5,1158.300048828125,1151.5999755859375,1152.0999755859375,92259,0.0,0.0,COFORGE.NS
2026-05-04 14:30:00+05:30,1152.5999755859375,1153.800048828125,1148.5999755859375,1150.199951171875,69191,0.0,0.0,COFORGE.NS
2026-05-04 14:45:00+05:30,1150.199951171875,1150.9000244140625,1147.4000244140625,1150.199951171875,74719,0.0,0.0,COFORGE.NS
2026-05-04 15:00:00+05:30,1149.4000244140625,1151.800048828125,1148.4000244140625,1151.5999755859375,116939,0.0,0.0,COFORGE.NS
2026-05-04 15:15:00+05:30,1151.300048828125,1154.4000244140625,1150.699951171875,1153.800048828125,200197,0.0,0.0,COFORGE.NS
2026-05-05 09:15:00+05:30,1159.9000244140625,1180.5999755859375,1148.199951171875,1166.9000244140625,263471,0.0,0.0,COFORGE.NS
2026-05-05 09:30:00+05:30,1166.4000244140625,1169.5999755859375,1161.800048828125,1163.199951171875,65663,0.0,0.0,COFORGE.NS
2026-05-05 09:45:00+05:30,1162.800048828125,1173.199951171875,1160.5999755859375,1168.800048828125,107796,0.0,0.0,COFORGE.NS
2026-05-05 10:00:00+05:30,1168.4000244140625,1169.699951171875,1162.699951171875,1165.199951171875,53440,0.0,0.0,COFORGE.NS
2026-05-05 10:15:00+05:30,1165.300048828125,1168.0999755859375,1162.199951171875,1162.9000244140625,38288,0.0,0.0,COFORGE.NS
2026-05-05 10:30:00+05:30,1163.0999755859375,1166.5,1160.0,1160.4000244140625,36448,0.0,0.0,COFORGE.NS
2026-05-05 10:45:00+05:30,1160.4000244140625,1161.5999755859375,1156.5999755859375,1158.5999755859375,42069,0.0,0.0,COFORGE.NS
2026-05-05 11:00:00+05:30,1158.4000244140625,1161.9000244140625,1157.0999755859375,1159.0999755859375,38044,0.0,0.0,COFORGE.NS
2026-05-05 11:15:00+05:30,1158.800048828125,1160.9000244140625,1158.199951171875,1160.5,18038,0.0,0.0,COFORGE.NS
2026-05-05 11:30:00+05:30,1160.4000244140625,1165.0,1157.699951171875,1157.699951171875,51782,0.0,0.0,COFORGE.NS
2026-05-05 11:45:00+05:30,1157.800048828125,1161.9000244140625,1156.5,1158.300048828125,24513,0.0,0.0,COFORGE.NS
2026-05-05 12:00:00+05:30,1157.9000244140625,1158.0,1155.0,1156.800048828125,64516,0.0,0.0,COFORGE.NS
2026-05-05 12:15:00+05:30,1157.0,1160.9000244140625,1156.9000244140625,1160.199951171875,25871,0.0,0.0,COFORGE.NS
2026-05-05 12:30:00+05:30,1159.800048828125,1161.800048828125,1157.800048828125,1160.5999755859375,20237,0.0,0.0,COFORGE.NS
2026-05-05 12:45:00+05:30,1161.199951171875,1167.699951171875,1160.199951171875,1167.300048828125,52018,0.0,0.0,COFORGE.NS
2026-05-05 13:00:00+05:30,1167.300048828125,1167.9000244140625,1163.699951171875,1165.9000244140625,54754,0.0,0.0,COFORGE.NS
2026-05-05 13:15:00+05:30,1165.800048828125,1167.0,1164.5,1164.800048828125,28116,0.0,0.0,COFORGE.NS
2026-05-05 13:30:00+05:30,1164.4000244140625,1169.5,1164.4000244140625,1169.5,50027,0.0,0.0,COFORGE.NS
2026-05-05 13:45:00+05:30,1169.4000244140625,1169.9000244140625,1165.5999755859375,1165.5999755859375,26041,0.0,0.0,COFORGE.NS
2026-05-05 14:00:00+05:30,1165.300048828125,1169.0,1164.699951171875,1168.0,55040,0.0,0.0,COFORGE.NS
2026-05-05 14:15:00+05:30,1168.0999755859375,1172.699951171875,1167.699951171875,1169.4000244140625,77595,0.0,0.0,COFORGE.NS
2026-05-05 14:30:00+05:30,1169.0999755859375,1171.0,1168.0999755859375,1169.699951171875,29649,0.0,0.0,COFORGE.NS
2026-05-05 14:45:00+05:30,1169.699951171875,1169.9000244140625,1164.0999755859375,1164.5999755859375,46785,0.0,0.0,COFORGE.NS
2026-05-05 15:00:00+05:30,1164.699951171875,1169.199951171875,1163.800048828125,1168.800048828125,49013,0.0,0.0,COFORGE.NS
2026-05-05 15:15:00+05:30,1169.0999755859375,1171.0,1167.0,1168.800048828125,150958,0.0,0.0,COFORGE.NS
2026-05-06 09:15:00+05:30,1266.800048828125,1285.5999755859375,1255.9000244140625,1285.199951171875,7268894,0.0,0.0,COFORGE.NS
2026-05-06 09:30:00+05:30,1285.5999755859375,1294.4000244140625,1261.0,1264.5,3068246,0.0,0.0,COFORGE.NS
2026-05-06 09:45:00+05:30,1264.800048828125,1271.0,1259.0,1262.9000244140625,1037386,0.0,0.0,COFORGE.NS
2026-05-06 10:00:00+05:30,1262.0,1267.699951171875,1261.0,1263.5999755859375,412831,0.0,0.0,COFORGE.NS
2026-05-06 10:15:00+05:30,1264.0,1267.5999755859375,1256.0999755859375,1259.199951171875,1070973,0.0,0.0,COFORGE.NS
2026-05-06 10:30:00+05:30,1259.0,1259.0,1246.9000244140625,1255.300048828125,1019497,0.0,0.0,COFORGE.NS
2026-05-06 10:45:00+05:30,1255.300048828125,1267.699951171875,1254.9000244140625,1267.0,811380,0.0,0.0,COFORGE.NS
2026-05-06 11:00:00+05:30,1267.0,1273.4000244140625,1264.9000244140625,1272.4000244140625,786358,0.0,0.0,COFORGE.NS
2026-05-06 11:15:00+05:30,1272.4000244140625,1283.699951171875,1272.0,1279.0,902405,0.0,0.0,COFORGE.NS
2026-05-06 11:30:00+05:30,1279.0,1282.4000244140625,1276.4000244140625,1279.5999755859375,477190,0.0,0.0,COFORGE.NS
2026-05-06 11:45:00+05:30,1279.300048828125,1287.699951171875,1278.4000244140625,1285.800048828125,1087652,0.0,0.0,COFORGE.NS
2026-05-06 12:00:00+05:30,1285.800048828125,1294.9000244140625,1285.5,1287.5,916769,0.0,0.0,COFORGE.NS
2026-05-06 12:15:00+05:30,1287.300048828125,1287.300048828125,1276.199951171875,1278.300048828125,554515,0.0,0.0,COFORGE.NS
2026-05-06 12:30:00+05:30,1278.199951171875,1278.300048828125,1273.199951171875,1274.0,313541,0.0,0.0,COFORGE.NS
2026-05-06 12:45:00+05:30,1274.9000244140625,1274.9000244140625,1267.5,1271.800048828125,466864,0.0,0.0,COFORGE.NS
2026-05-06 13:00:00+05:30,1271.9000244140625,1276.0,1270.199951171875,1275.5,283873,0.0,0.0,COFORGE.NS
2026-05-06 13:15:00+05:30,1275.5,1284.0999755859375,1275.0999755859375,1282.800048828125,315473,0.0,0.0,COFORGE.NS
2026-05-06 13:30:00+05:30,1283.0,1284.9000244140625,1278.699951171875,1284.4000244140625,244252,0.0,0.0,COFORGE.NS
2026-05-06 13:45:00+05:30,1284.0,1285.800048828125,1274.9000244140625,1276.300048828125,328606,0.0,0.0,COFORGE.NS
2026-05-06 14:00:00+05:30,1276.5,1276.800048828125,1272.0999755859375,1275.0,273955,0.0,0.0,COFORGE.NS
2026-05-06 14:15:00+05:30,1274.699951171875,1279.5999755859375,1274.699951171875,1277.9000244140625,239534,0.0,0.0,COFORGE.NS
2026-05-06 14:30:00+05:30,1278.300048828125,1285.4000244140625,1276.300048828125,1282.800048828125,391043,0.0,0.0,COFORGE.NS
2026-05-06 14:45:00+05:30,1282.5999755859375,1288.0,1282.0999755859375,1285.0,416124,0.0,0.0,COFORGE.NS
2026-05-06 15:00:00+05:30,1284.699951171875,1285.4000244140625,1280.0999755859375,1281.300048828125,443610,0.0,0.0,COFORGE.NS
2026-05-06 15:15:00+05:30,1281.5,1282.0,1277.0,1280.0,755064,0.0,0.0,COFORGE.NS
2026-05-07 09:15:00+05:30,1293.4000244140625,1311.4000244140625,1287.0,1301.699951171875,358020,0.0,0.0,COFORGE.NS
2026-05-07 09:30:00+05:30,1302.4000244140625,1311.0,1294.0,1310.5,1251108,0.0,0.0,COFORGE.NS
2026-05-07 09:45:00+05:30,1311.5999755859375,1311.5999755859375,1300.199951171875,1301.800048828125,382763,0.0,0.0,COFORGE.NS
2026-05-07 10:00:00+05:30,1301.5999755859375,1302.0,1291.5,1291.5999755859375,312781,0.0,0.0,COFORGE.NS
2026-05-07 10:15:00+05:30,1291.5999755859375,1297.199951171875,1287.5,1288.9000244140625,308497,0.0,0.0,COFORGE.NS
2026-05-07 10:30:00+05:30,1289.0,1291.5999755859375,1285.800048828125,1286.5999755859375,326532,0.0,0.0,COFORGE.NS
2026-05-07 10:45:00+05:30,1286.300048828125,1288.9000244140625,1286.300048828125,1288.300048828125,114614,0.0,0.0,COFORGE.NS
2026-05-07 11:00:00+05:30,1288.4000244140625,1288.4000244140625,1280.0999755859375,1280.5,224983,0.0,0.0,COFORGE.NS
2026-05-07 11:15:00+05:30,1281.0999755859375,1281.199951171875,1278.0,1279.9000244140625,162340,0.0,0.0,COFORGE.NS
2026-05-07 11:30:00+05:30,1279.5,1285.800048828125,1279.300048828125,1284.9000244140625,209716,0.0,0.0,COFORGE.NS
2026-05-07 11:45:00+05:30,1284.0,1286.5999755859375,1281.9000244140625,1285.0999755859375,89793,0.0,0.0,COFORGE.NS
2026-05-07 12:00:00+05:30,1285.199951171875,1285.5999755859375,1278.0999755859375,1279.5999755859375,91455,0.0,0.0,COFORGE.NS
2026-05-07 12:15:00+05:30,1279.5999755859375,1283.5,1279.0999755859375,1282.0,55371,0.0,0.0,COFORGE.NS
2026-05-07 12:30:00+05:30,1282.300048828125,1284.4000244140625,1281.0,1284.199951171875,81363,0.0,0.0,COFORGE.NS
2026-05-07 12:45:00+05:30,1284.4000244140625,1291.699951171875,1283.9000244140625,1291.300048828125,131904,0.0,0.0,COFORGE.NS
2026-05-07 13:00:00+05:30,1291.300048828125,1292.199951171875,1288.9000244140625,1290.4000244140625,96698,0.0,0.0,COFORGE.NS
2026-05-07 13:15:00+05:30,1290.0,1291.0,1288.0,1288.0,60235,0.0,0.0,COFORGE.NS
2026-05-07 13:30:00+05:30,1288.0999755859375,1290.0,1287.199951171875,1290.0,61909,0.0,0.0,COFORGE.NS
2026-05-07 13:45:00+05:30,1289.699951171875,1293.800048828125,1288.800048828125,1293.199951171875,87157,0.0,0.0,COFORGE.NS
2026-05-07 14:00:00+05:30,1293.300048828125,1293.5999755859375,1290.0,1290.5999755859375,68983,0.0,0.0,COFORGE.NS
2026-05-07 14:15:00+05:30,1290.4000244140625,1291.0,1286.0,1287.9000244140625,87754,0.0,0.0,COFORGE.NS
2026-05-07 14:30:00+05:30,1287.5,1289.800048828125,1287.0999755859375,1289.0,111120,0.0,0.0,COFORGE.NS
2026-05-07 14:45:00+05:30,1289.0,1289.5999755859375,1286.0,1286.5999755859375,125901,0.0,0.0,COFORGE.NS
2026-05-07 15:00:00+05:30,1286.5999755859375,1287.199951171875,1285.0,1286.0,178297,0.0,0.0,COFORGE.NS
2026-05-07 15:15:00+05:30,1286.0999755859375,1286.5999755859375,1283.0,1285.0,228266,0.0,0.0,COFORGE.NS
2026-05-08 09:15:00+05:30,1276.0,1331.9000244140625,1276.0,1329.9000244140625,750701,0.0,0.0,COFORGE.NS
2026-05-08 09:30:00+05:30,1329.9000244140625,1331.9000244140625,1320.0999755859375,1330.699951171875,632693,0.0,0.0,COFORGE.NS
2026-05-08 09:45:00+05:30,1330.0,1337.9000244140625,1327.0999755859375,1333.300048828125,641001,0.0,0.0,COFORGE.NS
2026-05-08 10:00:00+05:30,1334.0,1338.0,1330.5999755859375,1337.0,405484,0.0,0.0,COFORGE.NS
2026-05-08 10:15:00+05:30,1336.699951171875,1350.699951171875,1336.699951171875,1350.699951171875,729360,0.0,0.0,COFORGE.NS
2026-05-08 10:30:00+05:30,1350.800048828125,1359.300048828125,1340.0,1345.199951171875,650139,0.0,0.0,COFORGE.NS
2026-05-08 10:45:00+05:30,1345.199951171875,1352.4000244140625,1342.5999755859375,1350.800048828125,254942,0.0,0.0,COFORGE.NS
2026-05-08 11:00:00+05:30,1351.5999755859375,1351.699951171875,1345.199951171875,1346.0,190823,0.0,0.0,COFORGE.NS
2026-05-08 11:15:00+05:30,1346.5,1349.800048828125,1345.0,1347.5999755859375,147055,0.0,0.0,COFORGE.NS
2026-05-08 11:30:00+05:30,1347.5999755859375,1348.699951171875,1340.4000244140625,1341.300048828125,149749,0.0,0.0,COFORGE.NS
2026-05-08 11:45:00+05:30,1340.800048828125,1348.0999755859375,1340.4000244140625,1342.800048828125,179598,0.0,0.0,COFORGE.NS
2026-05-08 12:00:00+05:30,1342.199951171875,1346.300048828125,1341.4000244140625,1343.800048828125,110628,0.0,0.0,COFORGE.NS
2026-05-08 12:15:00+05:30,1343.800048828125,1363.0,1340.800048828125,1360.5999755859375,434180,0.0,0.0,COFORGE.NS
2026-05-08 12:30:00+05:30,1360.300048828125,1368.0999755859375,1357.699951171875,1364.0,534634,0.0,0.0,COFORGE.NS
2026-05-08 12:45:00+05:30,1364.5,1364.5,1358.5999755859375,1363.0,251137,0.0,0.0,COFORGE.NS
2026-05-08 13:00:00+05:30,1362.5999755859375,1367.0,1362.4000244140625,1365.9000244140625,206034,0.0,0.0,COFORGE.NS
2026-05-08 13:15:00+05:30,1365.5,1369.699951171875,1365.5,1368.9000244140625,287623,0.0,0.0,COFORGE.NS
2026-05-08 13:30:00+05:30,1368.699951171875,1369.5,1360.199951171875,1360.300048828125,243294,0.0,0.0,COFORGE.NS
2026-05-08 13:45:00+05:30,1360.300048828125,1360.9000244140625,1355.9000244140625,1358.5999755859375,237781,0.0,0.0,COFORGE.NS
2026-05-08 14:00:00+05:30,1359.199951171875,1364.699951171875,1357.300048828125,1361.800048828125,172369,0.0,0.0,COFORGE.NS
2026-05-08 14:15:00+05:30,1361.199951171875,1367.0999755859375,1358.5,1366.199951171875,233131,0.0,0.0,COFORGE.NS
2026-05-08 14:30:00+05:30,1366.199951171875,1368.5,1363.699951171875,1367.5,200496,0.0,0.0,COFORGE.NS
2026-05-08 14:45:00+05:30,1367.300048828125,1373.699951171875,1366.300048828125,1368.5,367438,0.0,0.0,COFORGE.NS
2026-05-08 15:00:00+05:30,1368.5,1370.5,1366.5,1369.4000244140625,334121,0.0,0.0,COFORGE.NS
2026-05-08 15:15:00+05:30,1369.4000244140625,1371.4000244140625,1365.0,1368.0999755859375,619410,0.0,0.0,COFORGE.NS
2026-05-11 09:15:00+05:30,1373.699951171875,1385.0,1359.5999755859375,1380.0,767511,0.0,0.0,COFORGE.NS
2026-05-11 09:30:00+05:30,1380.300048828125,1384.699951171875,1374.9000244140625,1374.9000244140625,483745,0.0,0.0,COFORGE.NS
2026-05-11 09:45:00+05:30,1374.9000244140625,1387.0,1372.0,1381.699951171875,424311,0.0,0.0,COFORGE.NS
2026-05-11 10:00:00+05:30,1381.699951171875,1387.5999755859375,1377.0,1384.9000244140625,307361,0.0,0.0,COFORGE.NS
2026-05-11 10:15:00+05:30,1384.9000244140625,1386.4000244140625,1373.0,1376.699951171875,180404,0.0,0.0,COFORGE.NS
2026-05-11 10:30:00+05:30,1376.5,1380.0,1374.9000244140625,1376.9000244140625,103231,0.0,0.0,COFORGE.NS
2026-05-11 10:45:00+05:30,1376.699951171875,1386.0,1375.699951171875,1385.0,135231,0.0,0.0,COFORGE.NS
2026-05-11 11:00:00+05:30,1384.9000244140625,1387.0,1381.800048828125,1381.9000244140625,107957,0.0,0.0,COFORGE.NS
2026-05-11 11:15:00+05:30,1381.5999755859375,1381.5999755859375,1371.199951171875,1372.5,199978,0.0,0.0,COFORGE.NS
2026-05-11 11:30:00+05:30,1373.0,1377.800048828125,1371.0,1377.800048828125,111287,0.0,0.0,COFORGE.NS
2026-05-11 11:45:00+05:30,1377.800048828125,1378.9000244140625,1376.4000244140625,1377.0999755859375,71237,0.0,0.0,COFORGE.NS
2026-05-11 12:00:00+05:30,1377.300048828125,1381.0,1377.0,1379.5,101413,0.0,0.0,COFORGE.NS
2026-05-11 12:15:00+05:30,1379.9000244140625,1380.0,1374.5999755859375,1375.5,82132,0.0,0.0,COFORGE.NS
2026-05-11 12:30:00+05:30,1375.5,1384.199951171875,1375.0,1381.5,112587,0.0,0.0,COFORGE.NS
2026-05-11 12:45:00+05:30,1382.199951171875,1385.800048828125,1380.0999755859375,1384.4000244140625,166094,0.0,0.0,COFORGE.NS
2026-05-11 13:00:00+05:30,1384.5,1386.5,1382.0,1382.0999755859375,120284,0.0,0.0,COFORGE.NS
2026-05-11 13:15:00+05:30,1382.199951171875,1386.800048828125,1377.0,1385.0,142914,0.0,0.0,COFORGE.NS
2026-05-11 13:30:00+05:30,1385.5,1385.5,1383.0999755859375,1384.800048828125,54555,0.0,0.0,COFORGE.NS
2026-05-11 13:45:00+05:30,1384.800048828125,1385.9000244140625,1380.5,1383.199951171875,91533,0.0,0.0,COFORGE.NS
2026-05-11 14:00:00+05:30,1383.300048828125,1384.300048828125,1376.5999755859375,1379.300048828125,210962,0.0,0.0,COFORGE.NS
2026-05-11 14:15:00+05:30,1379.699951171875,1382.4000244140625,1379.0,1380.0999755859375,122613,0.0,0.0,COFORGE.NS
2026-05-11 14:30:00+05:30,1380.0,1383.5,1377.199951171875,1379.0,135038,0.0,0.0,COFORGE.NS
2026-05-11 14:45:00+05:30,1379.0999755859375,1380.4000244140625,1375.9000244140625,1378.199951171875,146160,0.0,0.0,COFORGE.NS
2026-05-11 15:00:00+05:30,1378.199951171875,1378.4000244140625,1373.300048828125,1375.699951171875,328379,0.0,0.0,COFORGE.NS
2026-05-11 15:15:00+05:30,1375.9000244140625,1377.4000244140625,1371.0999755859375,1375.199951171875,321786,0.0,0.0,COFORGE.NS
2026-05-12 09:15:00+05:30,1340.9000244140625,1353.0,1323.0,1327.0,466207,0.0,0.0,COFORGE.NS
2026-05-12 09:30:00+05:30,1329.0,1343.800048828125,1323.5,1337.5,564998,0.0,0.0,COFORGE.NS
2026-05-12 09:45:00+05:30,1337.5999755859375,1339.300048828125,1332.0999755859375,1337.300048828125,237352,0.0,0.0,COFORGE.NS
2026-05-12 10:00:00+05:30,1338.0,1341.5,1330.0,1331.5999755859375,307758,0.0,0.0,COFORGE.NS
2026-05-12 10:15:00+05:30,1333.4000244140625,1347.300048828125,1333.300048828125,1344.699951171875,172997,0.0,0.0,COFORGE.NS
2026-05-12 10:30:00+05:30,1344.800048828125,1345.800048828125,1340.0,1341.199951171875,152369,0.0,0.0,COFORGE.NS
2026-05-12 10:45:00+05:30,1341.800048828125,1342.5,1337.0,1342.5,131766,0.0,0.0,COFORGE.NS
2026-05-12 11:00:00+05:30,1342.800048828125,1347.0,1338.0,1338.5,110061,0.0,0.0,COFORGE.NS
2026-05-12 11:15:00+05:30,1338.5999755859375,1343.800048828125,1333.699951171875,1334.0,81747,0.0,0.0,COFORGE.NS
2026-05-12 11:30:00+05:30,1334.4000244140625,1339.5,1333.0999755859375,1338.199951171875,57492,0.0,0.0,COFORGE.NS
2026-05-12 11:45:00+05:30,1338.5,1342.199951171875,1336.300048828125,1341.0,90818,0.0,0.0,COFORGE.NS
2026-05-12 12:00:00+05:30,1341.0,1342.199951171875,1328.4000244140625,1329.0,101557,0.0,0.0,COFORGE.NS
2026-05-12 12:15:00+05:30,1329.300048828125,1334.699951171875,1325.699951171875,1331.9000244140625,213342,0.0,0.0,COFORGE.NS
2026-05-12 12:30:00+05:30,1332.300048828125,1333.5999755859375,1328.0,1330.699951171875,62266,0.0,0.0,COFORGE.NS
2026-05-12 12:45:00+05:30,1330.699951171875,1335.4000244140625,1330.0,1332.699951171875,83221,0.0,0.0,COFORGE.NS
2026-05-12 13:00:00+05:30,1332.4000244140625,1335.0,1330.0,1335.0,28247,0.0,0.0,COFORGE.NS
2026-05-12 13:15:00+05:30,1336.0,1336.5999755859375,1331.0999755859375,1331.699951171875,45675,0.0,0.0,COFORGE.NS
2026-05-12 13:30:00+05:30,1331.9000244140625,1333.0999755859375,1329.4000244140625,1331.800048828125,239349,0.0,0.0,COFORGE.NS
2026-05-12 13:45:00+05:30,1331.800048828125,1339.5999755859375,1331.5999755859375,1332.300048828125,105164,0.0,0.0,COFORGE.NS
2026-05-12 14:00:00+05:30,1332.300048828125,1333.0999755859375,1323.5999755859375,1328.0,177704,0.0,0.0,COFORGE.NS
2026-05-12 14:15:00+05:30,1328.0,1330.699951171875,1326.0,1326.699951171875,96848,0.0,0.0,COFORGE.NS
2026-05-12 14:30:00+05:30,1326.5,1327.800048828125,1325.699951171875,1326.300048828125,148780,0.0,0.0,COFORGE.NS
2026-05-12 14:45:00+05:30,1326.4000244140625,1327.300048828125,1319.0,1320.4000244140625,149382,0.0,0.0,COFORGE.NS
2026-05-12 15:00:00+05:30,1320.800048828125,1322.800048828125,1318.0,1320.0999755859375,186796,0.0,0.0,COFORGE.NS
2026-05-12 15:15:00+05:30,1320.4000244140625,1325.0,1317.0999755859375,1323.9000244140625,219612,0.0,0.0,COFORGE.NS
2026-05-13 09:15:00+05:30,1325.199951171875,1327.800048828125,1307.5999755859375,1311.4000244140625,228703,0.0,0.0,COFORGE.NS
2026-05-13 09:30:00+05:30,1312.0999755859375,1316.9000244140625,1308.0,1311.9000244140625,124571,0.0,0.0,COFORGE.NS
2026-05-13 09:45:00+05:30,1311.5,1325.0,1310.800048828125,1320.300048828125,148332,0.0,0.0,COFORGE.NS
2026-05-13 10:00:00+05:30,1320.0,1324.199951171875,1317.300048828125,1318.5999755859375,70547,0.0,0.0,COFORGE.NS
2026-05-13 10:15:00+05:30,1318.5,1323.9000244140625,1318.0,1318.5,61305,0.0,0.0,COFORGE.NS
2026-05-13 10:30:00+05:30,1318.5,1319.5,1314.4000244140625,1318.5999755859375,64051,0.0,0.0,COFORGE.NS
2026-05-13 10:45:00+05:30,1319.0,1322.5,1313.5999755859375,1313.5999755859375,50791,0.0,0.0,COFORGE.NS
2026-05-13 11:00:00+05:30,1313.199951171875,1316.199951171875,1312.300048828125,1316.0,46609,0.0,0.0,COFORGE.NS
2026-05-13 11:15:00+05:30,1315.5,1318.0,1312.5,1314.5,27718,0.0,0.0,COFORGE.NS
2026-05-13 11:30:00+05:30,1314.5,1320.199951171875,1312.5,1314.0,79825,0.0,0.0,COFORGE.NS
2026-05-13 11:45:00+05:30,1314.0,1314.0,1308.4000244140625,1310.300048828125,86163,0.0,0.0,COFORGE.NS
2026-05-13 12:00:00+05:30,1310.5,1319.5,1310.300048828125,1318.4000244140625,44892,0.0,0.0,COFORGE.NS
2026-05-13 12:15:00+05:30,1318.4000244140625,1321.0,1315.199951171875,1316.800048828125,45827,0.0,0.0,COFORGE.NS
2026-05-13 12:30:00+05:30,1316.800048828125,1319.4000244140625,1316.0,1316.0,51499,0.0,0.0,COFORGE.NS
2026-05-13 12:45:00+05:30,1316.0,1320.5,1315.4000244140625,1319.4000244140625,48152,0.0,0.0,COFORGE.NS
2026-05-13 13:00:00+05:30,1319.4000244140625,1319.5,1310.300048828125,1311.699951171875,87125,0.0,0.0,COFORGE.NS
2026-05-13 13:15:00+05:30,1312.0,1312.300048828125,1307.0999755859375,1310.5,102254,0.0,0.0,COFORGE.NS
2026-05-13 13:30:00+05:30,1311.0999755859375,1314.4000244140625,1309.4000244140625,1313.5,52103,0.0,0.0,COFORGE.NS
2026-05-13 13:45:00+05:30,1312.699951171875,1314.0,1308.5999755859375,1314.0,110954,0.0,0.0,COFORGE.NS
2026-05-13 14:00:00+05:30,1313.4000244140625,1315.0,1312.5,1315.0,31003,0.0,0.0,COFORGE.NS
2026-05-13 14:15:00+05:30,1314.9000244140625,1315.699951171875,1310.0999755859375,1313.9000244140625,44153,0.0,0.0,COFORGE.NS
2026-05-13 14:30:00+05:30,1313.800048828125,1315.4000244140625,1312.800048828125,1313.300048828125,24466,0.0,0.0,COFORGE.NS
2026-05-13 14:45:00+05:30,1313.800048828125,1313.800048828125,1309.199951171875,1309.800048828125,68964,0.0,0.0,COFORGE.NS
2026-05-13 15:00:00+05:30,1309.5999755859375,1309.5999755859375,1294.5999755859375,1295.5999755859375,138558,0.0,0.0,COFORGE.NS
2026-05-13 15:15:00+05:30,1294.9000244140625,1297.300048828125,1291.699951171875,1297.0999755859375,118298,0.0,0.0,COFORGE.NS
2026-05-14 09:15:00+05:30,1286.0999755859375,1287.300048828125,1265.199951171875,1274.5,211076,0.0,0.0,COFORGE.NS
2026-05-14 09:30:00+05:30,1274.4000244140625,1275.800048828125,1252.0,1257.199951171875,255190,0.0,0.0,COFORGE.NS
2026-05-14 09:45:00+05:30,1256.9000244140625,1261.699951171875,1251.5999755859375,1261.300048828125,134002,0.0,0.0,COFORGE.NS
2026-05-14 10:00:00+05:30,1261.4000244140625,1272.9000244140625,1259.199951171875,1266.9000244140625,142528,0.0,0.0,COFORGE.NS
2026-05-14 10:15:00+05:30,1266.300048828125,1272.0,1263.300048828125,1269.9000244140625,85552,0.0,0.0,COFORGE.NS
2026-05-14 10:30:00+05:30,1270.4000244140625,1272.199951171875,1263.300048828125,1264.199951171875,42230,0.0,0.0,COFORGE.NS
2026-05-14 10:45:00+05:30,1264.4000244140625,1264.800048828125,1256.0,1256.0,96515,0.0,0.0,COFORGE.NS
2026-05-14 11:00:00+05:30,1256.0,1258.0,1252.0,1254.699951171875,112473,0.0,0.0,COFORGE.NS
2026-05-14 11:15:00+05:30,1254.4000244140625,1263.800048828125,1252.5,1261.0,63893,0.0,0.0,COFORGE.NS
2026-05-14 11:30:00+05:30,1260.800048828125,1268.0,1259.5,1268.0,100094,0.0,0.0,COFORGE.NS
2026-05-14 11:45:00+05:30,1268.5999755859375,1270.300048828125,1262.300048828125,1263.199951171875,70528,0.0,0.0,COFORGE.NS
2026-05-14 12:00:00+05:30,1262.5999755859375,1263.0999755859375,1255.699951171875,1258.0999755859375,116015,0.0,0.0,COFORGE.NS
2026-05-14 12:15:00+05:30,1258.300048828125,1263.5999755859375,1257.4000244140625,1257.4000244140625,40102,0.0,0.0,COFORGE.NS
2026-05-14 12:30:00+05:30,1257.0999755859375,1257.0999755859375,1250.0999755859375,1255.699951171875,107924,0.0,0.0,COFORGE.NS
2026-05-14 12:45:00+05:30,1255.4000244140625,1257.4000244140625,1253.4000244140625,1256.5999755859375,52539,0.0,0.0,COFORGE.NS
2026-05-14 13:00:00+05:30,1257.0,1267.5,1257.0,1267.0,66699,0.0,0.0,COFORGE.NS
2026-05-14 13:15:00+05:30,1266.9000244140625,1274.4000244140625,1266.9000244140625,1268.800048828125,77545,0.0,0.0,COFORGE.NS
2026-05-14 13:30:00+05:30,1268.300048828125,1272.699951171875,1267.199951171875,1268.9000244140625,58337,0.0,0.0,COFORGE.NS
2026-05-14 13:45:00+05:30,1269.699951171875,1276.0,1268.800048828125,1272.699951171875,97529,0.0,0.0,COFORGE.NS
2026-05-14 14:00:00+05:30,1272.800048828125,1276.0,1272.800048828125,1273.199951171875,78035,0.0,0.0,COFORGE.NS
2026-05-14 14:15:00+05:30,1273.300048828125,1276.800048828125,1270.0999755859375,1271.4000244140625,69125,0.0,0.0,COFORGE.NS
2026-05-14 14:30:00+05:30,1271.300048828125,1274.4000244140625,1266.300048828125,1266.300048828125,42104,0.0,0.0,COFORGE.NS
2026-05-14 14:45:00+05:30,1266.699951171875,1269.800048828125,1264.199951171875,1268.699951171875,60166,0.0,0.0,COFORGE.NS
2026-05-14 15:00:00+05:30,1268.0,1276.5999755859375,1268.0,1276.0999755859375,348469,0.0,0.0,COFORGE.NS
2026-05-14 15:15:00+05:30,1276.0999755859375,1276.300048828125,1274.0999755859375,1276.0,235360,0.0,0.0,COFORGE.NS
2026-05-15 09:15:00+05:30,1284.0,1313.4000244140625,1282.0,1302.699951171875,442074,0.0,0.0,COFORGE.NS
2026-05-15 09:30:00+05:30,1303.4000244140625,1303.4000244140625,1290.699951171875,1300.5,327123,0.0,0.0,COFORGE.NS
2026-05-15 09:45:00+05:30,1300.300048828125,1304.5,1295.699951171875,1295.699951171875,175340,0.0,0.0,COFORGE.NS
2026-05-15 10:00:00+05:30,1296.300048828125,1300.199951171875,1289.800048828125,1295.0,106795,0.0,0.0,COFORGE.NS
2026-05-15 10:15:00+05:30,1295.0,1296.9000244140625,1293.199951171875,1293.199951171875,40885,0.0,0.0,COFORGE.NS
2026-05-15 10:30:00+05:30,1292.800048828125,1292.800048828125,1285.4000244140625,1288.4000244140625,76946,0.0,0.0,COFORGE.NS
2026-05-15 10:45:00+05:30,1288.0999755859375,1293.199951171875,1287.4000244140625,1290.5999755859375,43330,0.0,0.0,COFORGE.NS
2026-05-15 11:00:00+05:30,1291.0,1291.0,1281.5,1282.5,68131,0.0,0.0,COFORGE.NS
2026-05-15 11:15:00+05:30,1282.5999755859375,1285.0,1281.0999755859375,1283.5999755859375,37360,0.0,0.0,COFORGE.NS
2026-05-15 11:30:00+05:30,1283.4000244140625,1283.4000244140625,1279.4000244140625,1282.0,60192,0.0,0.0,COFORGE.NS
2026-05-15 11:45:00+05:30,1282.0,1286.4000244140625,1281.0,1286.0999755859375,24189,0.0,0.0,COFORGE.NS
2026-05-15 12:00:00+05:30,1286.0,1292.800048828125,1285.5,1292.4000244140625,98388,0.0,0.0,COFORGE.NS
2026-05-15 12:15:00+05:30,1292.5,1293.9000244140625,1289.4000244140625,1290.5999755859375,40219,0.0,0.0,COFORGE.NS
2026-05-15 12:30:00+05:30,1290.9000244140625,1294.0999755859375,1290.5999755859375,1293.5,24172,0.0,0.0,COFORGE.NS
2026-05-15 12:45:00+05:30,1293.300048828125,1294.0,1291.300048828125,1291.4000244140625,14565,0.0,0.0,COFORGE.NS
2026-05-15 13:00:00+05:30,1291.5,1293.0,1290.0999755859375,1292.5999755859375,17389,0.0,0.0,COFORGE.NS
2026-05-15 13:15:00+05:30,1292.5999755859375,1293.300048828125,1291.0,1293.0,18400,0.0,0.0,COFORGE.NS
2026-05-15 13:30:00+05:30,1293.300048828125,1295.699951171875,1289.5999755859375,1293.0,907443,0.0,0.0,COFORGE.NS
2026-05-15 13:45:00+05:30,1292.5999755859375,1293.800048828125,1282.699951171875,1283.9000244140625,48343,0.0,0.0,COFORGE.NS
2026-05-15 14:00:00+05:30,1283.5,1283.9000244140625,1279.5,1280.300048828125,59985,0.0,0.0,COFORGE.NS
2026-05-15 14:15:00+05:30,1280.5999755859375,1284.9000244140625,1279.199951171875,1284.9000244140625,73405,0.0,0.0,COFORGE.NS
2026-05-15 14:30:00+05:30,1284.800048828125,1287.4000244140625,1282.800048828125,1285.0,51545,0.0,0.0,COFORGE.NS
2026-05-15 14:45:00+05:30,1285.300048828125,1286.4000244140625,1281.5999755859375,1285.0,74222,0.0,0.0,COFORGE.NS
2026-05-15 15:00:00+05:30,1285.0,1288.0,1282.699951171875,1284.5,140294,0.0,0.0,COFORGE.NS
2026-05-15 15:15:00+05:30,1282.800048828125,1282.800048828125,1275.4000244140625,1275.699951171875,243361,0.0,0.0,COFORGE.NS
2026-05-18 09:15:00+05:30,1281.0999755859375,1294.300048828125,1275.0,1289.0999755859375,249370,0.0,0.0,COFORGE.NS
2026-05-18 09:30:00+05:30,1288.300048828125,1299.0,1284.699951171875,1294.699951171875,133576,0.0,0.0,COFORGE.NS
2026-05-18 09:45:00+05:30,1294.0,1297.9000244140625,1291.0999755859375,1292.9000244140625,66570,0.0,0.0,COFORGE.NS
2026-05-18 10:00:00+05:30,1293.800048828125,1295.0,1288.0999755859375,1290.300048828125,59072,0.0,0.0,COFORGE.NS
2026-05-18 10:15:00+05:30,1290.300048828125,1295.300048828125,1288.0,1289.0999755859375,74757,0.0,0.0,COFORGE.NS
2026-05-18 10:30:00+05:30,1289.0,1302.9000244140625,1289.0,1298.300048828125,147969,0.0,0.0,COFORGE.NS
2026-05-18 10:45:00+05:30,1297.5999755859375,1309.4000244140625,1296.5999755859375,1307.9000244140625,152696,0.0,0.0,COFORGE.NS
2026-05-18 11:00:00+05:30,1308.800048828125,1317.199951171875,1305.699951171875,1307.800048828125,184202,0.0,0.0,COFORGE.NS
2026-05-18 11:15:00+05:30,1307.0999755859375,1319.4000244140625,1307.0,1319.4000244140625,103936,0.0,0.0,COFORGE.NS
2026-05-18 11:30:00+05:30,1320.9000244140625,1325.5,1317.800048828125,1321.4000244140625,309998,0.0,0.0,COFORGE.NS
2026-05-18 11:45:00+05:30,1321.300048828125,1322.9000244140625,1314.199951171875,1322.300048828125,105872,0.0,0.0,COFORGE.NS
2026-05-18 12:00:00+05:30,1321.9000244140625,1330.9000244140625,1321.9000244140625,1330.4000244140625,229616,0.0,0.0,COFORGE.NS
2026-05-18 12:15:00+05:30,1330.0,1342.199951171875,1329.5999755859375,1340.0,291243,0.0,0.0,COFORGE.NS
2026-05-18 12:30:00+05:30,1340.199951171875,1348.0,1340.0,1341.0,420254,0.0,0.0,COFORGE.NS
2026-05-18 12:45:00+05:30,1341.0,1342.9000244140625,1340.0,1342.5999755859375,174405,0.0,0.0,COFORGE.NS
2026-05-18 13:00:00+05:30,1342.199951171875,1345.800048828125,1341.0999755859375,1342.5,86869,0.0,0.0,COFORGE.NS
2026-05-18 13:15:00+05:30,1342.5,1344.699951171875,1340.300048828125,1342.0,85101,0.0,0.0,COFORGE.NS
2026-05-18 13:30:00+05:30,1342.199951171875,1342.5999755859375,1340.0,1340.5,122959,0.0,0.0,COFORGE.NS
2026-05-18 13:45:00+05:30,1340.5,1340.800048828125,1335.199951171875,1338.5,169572,0.0,0.0,COFORGE.NS
2026-05-18 14:00:00+05:30,1339.0,1341.9000244140625,1337.0,1341.4000244140625,75165,0.0,0.0,COFORGE.NS
2026-05-18 14:15:00+05:30,1341.0999755859375,1341.9000244140625,1335.699951171875,1339.5999755859375,152789,0.0,0.0,COFORGE.NS
2026-05-18 14:30:00+05:30,1339.5,1345.0,1338.5,1343.0,116487,0.0,0.0,COFORGE.NS
2026-05-18 14:45:00+05:30,1343.0,1345.800048828125,1340.9000244140625,1341.300048828125,162704,0.0,0.0,COFORGE.NS
2026-05-18 15:00:00+05:30,1342.0,1351.0999755859375,1342.0,1347.5999755859375,317052,0.0,0.0,COFORGE.NS
2026-05-18 15:15:00+05:30,1347.5999755859375,1351.800048828125,1344.5999755859375,1348.0999755859375,302463,0.0,0.0,COFORGE.NS
2026-05-19 09:15:00+05:30,1376.5,1420.0,1376.5,1409.199951171875,1004744,0.0,0.0,COFORGE.NS
2026-05-19 09:30:00+05:30,1409.5,1410.699951171875,1395.9000244140625,1408.199951171875,533049,0.0,0.0,COFORGE.NS
2026-05-19 09:45:00+05:30,1407.9000244140625,1413.9000244140625,1401.4000244140625,1413.199951171875,305783,0.0,0.0,COFORGE.NS
2026-05-19 10:00:00+05:30,1413.0,1417.0,1408.5,1412.800048828125,414333,0.0,0.0,COFORGE.NS
2026-05-19 10:15:00+05:30,1413.199951171875,1419.9000244140625,1411.0,1419.9000244140625,261893,0.0,0.0,COFORGE.NS
2026-05-19 10:30:00+05:30,1419.5,1435.800048828125,1419.0,1435.4000244140625,548177,0.0,0.0,COFORGE.NS
2026-05-19 10:45:00+05:30,1435.4000244140625,1435.800048828125,1422.0999755859375,1428.0,353321,0.0,0.0,COFORGE.NS
2026-05-19 11:00:00+05:30,1428.800048828125,1441.0,1426.0,1439.0,359205,0.0,0.0,COFORGE.NS
2026-05-19 11:15:00+05:30,1438.699951171875,1447.0,1438.300048828125,1442.0,453947,0.0,0.0,COFORGE.NS
2026-05-19 11:30:00+05:30,1441.699951171875,1444.699951171875,1435.300048828125,1438.9000244140625,379557,0.0,0.0,COFORGE.NS
2026-05-19 11:45:00+05:30,1439.300048828125,1442.0,1433.0,1435.0999755859375,277008,0.0,0.0,COFORGE.NS
2026-05-19 12:00:00+05:30,1435.5,1439.4000244140625,1433.0999755859375,1436.9000244140625,197141,0.0,0.0,COFORGE.NS
2026-05-19 12:15:00+05:30,1436.9000244140625,1439.9000244140625,1434.300048828125,1436.5999755859375,186787,0.0,0.0,COFORGE.NS
2026-05-19 12:30:00+05:30,1436.5,1438.5,1426.0,1428.699951171875,289178,0.0,0.0,COFORGE.NS
2026-05-19 12:45:00+05:30,1429.5999755859375,1432.0,1421.5999755859375,1425.4000244140625,230180,0.0,0.0,COFORGE.NS
2026-05-19 13:00:00+05:30,1425.199951171875,1429.800048828125,1425.199951171875,1427.300048828125,139087,0.0,0.0,COFORGE.NS
2026-05-19 13:15:00+05:30,1427.4000244140625,1434.0,1427.4000244140625,1430.5,175875,0.0,0.0,COFORGE.NS
2026-05-19 13:30:00+05:30,1430.199951171875,1432.0,1418.9000244140625,1420.0,218821,0.0,0.0,COFORGE.NS
2026-05-19 13:45:00+05:30,1420.0,1421.800048828125,1416.5,1420.0,161959,0.0,0.0,COFORGE.NS
2026-05-19 14:00:00+05:30,1419.699951171875,1421.300048828125,1418.0,1419.5,97527,0.0,0.0,COFORGE.NS
2026-05-19 14:15:00+05:30,1419.0,1420.0,1412.199951171875,1416.5,163942,0.0,0.0,COFORGE.NS
2026-05-19 14:30:00+05:30,1416.800048828125,1417.0,1411.5,1413.0,145054,0.0,0.0,COFORGE.NS
2026-05-19 14:45:00+05:30,1412.699951171875,1415.9000244140625,1412.0999755859375,1413.9000244140625,126622,0.0,0.0,COFORGE.NS
2026-05-19 15:00:00+05:30,1413.4000244140625,1416.800048828125,1408.9000244140625,1409.300048828125,311644,0.0,0.0,COFORGE.NS
2026-05-19 15:15:00+05:30,1409.699951171875,1414.0,1407.5999755859375,1413.0,269829,0.0,0.0,COFORGE.NS
2026-05-20 09:15:00+05:30,1410.4000244140625,1436.9000244140625,1401.199951171875,1433.699951171875,789891,0.0,0.0,COFORGE.NS
2026-05-20 09:30:00+05:30,1433.699951171875,1444.4000244140625,1432.199951171875,1438.5,591768,0.0,0.0,COFORGE.NS
2026-05-20 09:45:00+05:30,1438.5999755859375,1442.0,1432.0,1432.800048828125,360342,0.0,0.0,COFORGE.NS
2026-05-20 10:00:00+05:30,1432.199951171875,1437.0,1425.300048828125,1429.5,283346,0.0,0.0,COFORGE.NS
2026-05-20 10:15:00+05:30,1429.0999755859375,1432.0999755859375,1423.9000244140625,1429.9000244140625,167123,0.0,0.0,COFORGE.NS
2026-05-20 10:30:00+05:30,1430.0,1431.0,1426.0,1427.0999755859375,136310,0.0,0.0,COFORGE.NS
2026-05-20 10:45:00+05:30,1427.0999755859375,1429.4000244140625,1423.300048828125,1427.0,146814,0.0,0.0,COFORGE.NS
2026-05-20 11:00:00+05:30,1427.0999755859375,1427.199951171875,1420.0,1420.0,135730,0.0,0.0,COFORGE.NS
2026-05-20 11:15:00+05:30,1420.0,1422.5,1416.0,1422.0,172566,0.0,0.0,COFORGE.NS
2026-05-20 11:30:00+05:30,1422.0,1430.5,1419.5,1427.699951171875,156118,0.0,0.0,COFORGE.NS
2026-05-20 11:45:00+05:30,1427.5999755859375,1430.699951171875,1425.699951171875,1427.5,108254,0.0,0.0,COFORGE.NS
2026-05-20 12:00:00+05:30,1427.9000244140625,1428.300048828125,1424.300048828125,1426.199951171875,80446,0.0,0.0,COFORGE.NS
2026-05-20 12:15:00+05:30,1426.199951171875,1427.800048828125,1425.199951171875,1426.0999755859375,72632,0.0,0.0,COFORGE.NS
2026-05-20 12:30:00+05:30,1425.800048828125,1426.800048828125,1422.300048828125,1424.0,93856,0.0,0.0,COFORGE.NS
2026-05-20 12:45:00+05:30,1424.0,1426.9000244140625,1422.4000244140625,1426.0999755859375,76643,0.0,0.0,COFORGE.NS
2026-05-20 13:00:00+05:30,1426.0,1426.0,1421.0999755859375,1422.0999755859375,73448,0.0,0.0,COFORGE.NS
2026-05-20 13:15:00+05:30,1421.9000244140625,1426.800048828125,1420.0,1426.800048828125,128983,0.0,0.0,COFORGE.NS
2026-05-20 13:30:00+05:30,1426.699951171875,1427.5,1422.4000244140625,1422.800048828125,117309,0.0,0.0,COFORGE.NS
2026-05-20 13:45:00+05:30,1423.0,1423.0,1417.300048828125,1419.5,80549,0.0,0.0,COFORGE.NS
2026-05-20 14:00:00+05:30,1420.0999755859375,1422.5999755859375,1418.5,1420.0999755859375,62849,0.0,0.0,COFORGE.NS
2026-05-20 14:15:00+05:30,1420.0999755859375,1420.199951171875,1414.300048828125,1417.699951171875,99245,0.0,0.0,COFORGE.NS
2026-05-20 14:30:00+05:30,1417.699951171875,1418.199951171875,1409.0,1411.199951171875,111776,0.0,0.0,COFORGE.NS
2026-05-20 14:45:00+05:30,1411.800048828125,1412.9000244140625,1410.0,1410.300048828125,81314,0.0,0.0,COFORGE.NS
2026-05-20 15:00:00+05:30,1410.0999755859375,1410.0999755859375,1402.5,1404.0,232528,0.0,0.0,COFORGE.NS
2026-05-20 15:15:00+05:30,1404.0,1405.4000244140625,1393.800048828125,1398.0,269645,0.0,0.0,COFORGE.NS
2026-05-21 09:15:00+05:30,1406.800048828125,1422.800048828125,1406.699951171875,1416.300048828125,125810,0.0,0.0,COFORGE.NS
2026-05-21 09:30:00+05:30,1416.9000244140625,1417.4000244140625,1405.800048828125,1408.0,125125,0.0,0.0,COFORGE.NS
2026-05-21 09:45:00+05:30,1408.0,1411.0999755859375,1406.5,1406.5,77464,0.0,0.0,COFORGE.NS
2026-05-21 10:00:00+05:30,1406.699951171875,1409.5,1400.5999755859375,1400.5999755859375,94566,0.0,0.0,COFORGE.NS
2026-05-21 10:15:00+05:30,1400.199951171875,1404.5999755859375,1393.0999755859375,1393.800048828125,137384,0.0,0.0,COFORGE.NS
2026-05-21 10:30:00+05:30,1393.800048828125,1395.5,1383.0999755859375,1393.800048828125,179246,0.0,0.0,COFORGE.NS
2026-05-21 10:45:00+05:30,1394.300048828125,1394.300048828125,1390.0,1392.199951171875,85180,0.0,0.0,COFORGE.NS
2026-05-21 11:00:00+05:30,1391.699951171875,1396.4000244140625,1389.199951171875,1391.199951171875,62389,0.0,0.0,COFORGE.NS
2026-05-21 11:15:00+05:30,1391.0999755859375,1392.5,1387.5999755859375,1390.5,53333,0.0,0.0,COFORGE.NS
2026-05-21 11:30:00+05:30,1390.9000244140625,1390.9000244140625,1385.300048828125,1387.699951171875,50607,0.0,0.0,COFORGE.NS
2026-05-21 11:45:00+05:30,1388.0,1388.800048828125,1385.5,1385.699951171875,40953,0.0,0.0,COFORGE.NS
2026-05-21 12:00:00+05:30,1386.199951171875,1389.0,1385.0,1386.199951171875,37964,0.0,0.0,COFORGE.NS
2026-05-21 12:15:00+05:30,1386.199951171875,1386.9000244140625,1383.0,1383.0,64558,0.0,0.0,COFORGE.NS
2026-05-21 12:30:00+05:30,1382.9000244140625,1383.300048828125,1376.0999755859375,1379.5,101124,0.0,0.0,COFORGE.NS
2026-05-21 12:45:00+05:30,1378.0,1381.199951171875,1377.0999755859375,1377.699951171875,73867,0.0,0.0,COFORGE.NS
2026-05-21 13:00:00+05:30,1377.800048828125,1377.9000244140625,1374.0,1375.0999755859375,57863,0.0,0.0,COFORGE.NS
2026-05-21 13:15:00+05:30,1375.0,1376.0,1372.699951171875,1374.199951171875,42045,0.0,0.0,COFORGE.NS
2026-05-21 13:30:00+05:30,1373.5,1375.800048828125,1370.0,1370.800048828125,53329,0.0,0.0,COFORGE.NS
2026-05-21 13:45:00+05:30,1370.699951171875,1373.800048828125,1368.300048828125,1372.699951171875,106391,0.0,0.0,COFORGE.NS
2026-05-21 14:00:00+05:30,1372.699951171875,1373.199951171875,1369.300048828125,1369.5,45930,0.0,0.0,COFORGE.NS
2026-05-21 14:15:00+05:30,1369.9000244140625,1374.699951171875,1369.5,1371.0999755859375,41926,0.0,0.0,COFORGE.NS
2026-05-21 14:30:00+05:30,1371.699951171875,1373.9000244140625,1369.0,1370.0,39275,0.0,0.0,COFORGE.NS
2026-05-21 14:45:00+05:30,1369.5,1370.9000244140625,1366.5,1370.0,49143,0.0,0.0,COFORGE.NS
2026-05-21 15:00:00+05:30,1369.5999755859375,1379.800048828125,1369.5999755859375,1378.0,157613,0.0,0.0,COFORGE.NS
2026-05-21 15:15:00+05:30,1377.699951171875,1381.800048828125,1375.0999755859375,1377.0,157186,0.0,0.0,COFORGE.NS
2026-05-22 09:15:00+05:30,1389.300048828125,1394.199951171875,1376.5999755859375,1381.300048828125,146714,0.0,0.0,COFORGE.NS
2026-05-22 09:30:00+05:30,1382.0,1390.0,1378.9000244140625,1383.5,151032,0.0,0.0,COFORGE.NS
2026-05-22 09:45:00+05:30,1382.9000244140625,1383.4000244140625,1374.0999755859375,1378.9000244140625,124699,0.0,0.0,COFORGE.NS
2026-05-22 10:00:00+05:30,1378.9000244140625,1381.800048828125,1370.800048828125,1370.800048828125,64782,0.0,0.0,COFORGE.NS
2026-05-22 10:15:00+05:30,1370.199951171875,1396.699951171875,1369.699951171875,1395.800048828125,154513,0.0,0.0,COFORGE.NS
2026-05-22 10:30:00+05:30,1396.0,1401.9000244140625,1394.4000244140625,1397.5999755859375,140440,0.0,0.0,COFORGE.NS
2026-05-22 10:45:00+05:30,1397.699951171875,1400.0,1395.0,1395.199951171875,98919,0.0,0.0,COFORGE.NS
2026-05-22 11:00:00+05:30,1395.199951171875,1398.5,1395.0,1396.300048828125,50720,0.0,0.0,COFORGE.NS
2026-05-22 11:15:00+05:30,1396.300048828125,1396.800048828125,1391.4000244140625,1395.0,55185,0.0,0.0,COFORGE.NS
2026-05-22 11:30:00+05:30,1395.0,1395.5,1389.5,1392.5999755859375,301060,0.0,0.0,COFORGE.NS
2026-05-22 11:45:00+05:30,1392.5,1395.5999755859375,1392.300048828125,1393.800048828125,47123,0.0,0.0,COFORGE.NS
2026-05-22 12:00:00+05:30,1393.5,1394.0,1390.800048828125,1393.0999755859375,25466,0.0,0.0,COFORGE.NS
2026-05-22 12:15:00+05:30,1393.300048828125,1393.300048828125,1382.4000244140625,1385.0999755859375,133862,0.0,0.0,COFORGE.NS
2026-05-22 12:30:00+05:30,1385.0,1388.0,1383.0,1383.4000244140625,137779,0.0,0.0,COFORGE.NS
2026-05-22 12:45:00+05:30,1384.0999755859375,1386.800048828125,1383.5999755859375,1385.300048828125,75350,0.0,0.0,COFORGE.NS
2026-05-22 13:00:00+05:30,1385.0,1386.800048828125,1381.0,1382.800048828125,40868,0.0,0.0,COFORGE.NS
2026-05-22 13:15:00+05:30,1382.4000244140625,1391.0,1382.4000244140625,1390.5,58114,0.0,0.0,COFORGE.NS
2026-05-22 13:30:00+05:30,1389.699951171875,1390.5999755859375,1385.5,1386.800048828125,26949,0.0,0.0,COFORGE.NS
2026-05-22 13:45:00+05:30,1386.800048828125,1389.0,1385.0999755859375,1387.300048828125,31226,0.0,0.0,COFORGE.NS
2026-05-22 14:00:00+05:30,1387.199951171875,1390.9000244140625,1385.4000244140625,1389.0,30690,0.0,0.0,COFORGE.NS
2026-05-22 14:15:00+05:30,1389.0,1390.0,1387.199951171875,1388.0999755859375,32544,0.0,0.0,COFORGE.NS
2026-05-22 14:30:00+05:30,1387.0,1389.300048828125,1386.0,1386.5999755859375,55522,0.0,0.0,COFORGE.NS
2026-05-22 14:45:00+05:30,1386.199951171875,1392.0,1386.199951171875,1388.9000244140625,91999,0.0,0.0,COFORGE.NS
2026-05-22 15:00:00+05:30,1388.5,1390.4000244140625,1386.0,1388.0,109129,0.0,0.0,COFORGE.NS
2026-05-22 15:15:00+05:30,1388.5,1389.199951171875,1381.5,1383.0,142130,0.0,0.0,COFORGE.NS
2026-05-25 09:15:00+05:30,1398.0,1398.0,1376.5999755859375,1387.0999755859375,104453,0.0,0.0,COFORGE.NS
2026-05-25 09:30:00+05:30,1387.0,1387.0,1381.0999755859375,1384.0,56734,0.0,0.0,COFORGE.NS
2026-05-25 09:45:00+05:30,1384.5,1397.0,1382.5,1394.699951171875,63824,0.0,0.0,COFORGE.NS
2026-05-25 10:00:00+05:30,1394.300048828125,1396.800048828125,1387.9000244140625,1396.0999755859375,61810,0.0,0.0,COFORGE.NS
2026-05-25 10:15:00+05:30,1397.5999755859375,1399.9000244140625,1395.199951171875,1396.199951171875,61548,0.0,0.0,COFORGE.NS
2026-05-25 10:30:00+05:30,1395.699951171875,1406.300048828125,1395.5,1405.0,68379,0.0,0.0,COFORGE.NS
2026-05-25 10:45:00+05:30,1405.4000244140625,1406.5999755859375,1401.9000244140625,1403.800048828125,51867,0.0,0.0,COFORGE.NS
2026-05-25 11:00:00+05:30,1403.0999755859375,1413.9000244140625,1402.9000244140625,1413.9000244140625,94921,0.0,0.0,COFORGE.NS
2026-05-25 11:15:00+05:30,1414.0999755859375,1415.0,1408.300048828125,1409.0,81091,0.0,0.0,COFORGE.NS
2026-05-25 11:30:00+05:30,1409.5,1409.9000244140625,1404.5,1404.5,74448,0.0,0.0,COFORGE.NS
2026-05-25 11:45:00+05:30,1404.5,1404.9000244140625,1400.800048828125,1400.9000244140625,35605,0.0,0.0,COFORGE.NS
2026-05-25 12:00:00+05:30,1400.5999755859375,1402.0999755859375,1398.199951171875,1399.0,34479,0.0,0.0,COFORGE.NS
2026-05-25 12:15:00+05:30,1398.4000244140625,1402.199951171875,1397.5,1397.5999755859375,56140,0.0,0.0,COFORGE.NS
2026-05-25 12:30:00+05:30,1397.699951171875,1399.800048828125,1396.0,1398.5999755859375,36642,0.0,0.0,COFORGE.NS
2026-05-25 12:45:00+05:30,1398.0999755859375,1398.699951171875,1393.0,1393.5999755859375,44599,0.0,0.0,COFORGE.NS
2026-05-25 13:00:00+05:30,1393.5999755859375,1397.800048828125,1393.5,1394.5,48593,0.0,0.0,COFORGE.NS
2026-05-25 13:15:00+05:30,1394.199951171875,1398.0,1393.5999755859375,1398.0,12868,0.0,0.0,COFORGE.NS
2026-05-25 13:30:00+05:30,1397.0,1400.0,1395.0999755859375,1395.5,12104,0.0,0.0,COFORGE.NS
2026-05-25 13:45:00+05:30,1395.199951171875,1398.800048828125,1395.0,1396.300048828125,12853,0.0,0.0,COFORGE.NS
2026-05-25 14:00:00+05:30,1396.0,1397.699951171875,1395.0,1395.9000244140625,14883,0.0,0.0,COFORGE.NS
2026-05-25 14:15:00+05:30,1395.199951171875,1398.9000244140625,1395.199951171875,1398.5999755859375,22507,0.0,0.0,COFORGE.NS
2026-05-25 14:30:00+05:30,1398.800048828125,1399.199951171875,1396.800048828125,1398.0999755859375,25248,0.0,0.0,COFORGE.NS
2026-05-25 14:45:00+05:30,1397.5999755859375,1400.0,1396.9000244140625,1399.199951171875,32735,0.0,0.0,COFORGE.NS
2026-05-25 15:00:00+05:30,1399.0,1399.699951171875,1397.5999755859375,1397.9000244140625,54011,0.0,0.0,COFORGE.NS
2026-05-25 15:15:00+05:30,1398.300048828125,1398.5,1396.300048828125,1398.0,92038,0.0,0.0,COFORGE.NS
2026-05-26 09:15:00+05:30,1400.0,1409.300048828125,1396.199951171875,1403.800048828125,72281,0.0,0.0,COFORGE.NS
2026-05-26 09:30:00+05:30,1404.0,1405.0,1397.0999755859375,1404.0,67153,0.0,0.0,COFORGE.NS
2026-05-26 09:45:00+05:30,1404.0999755859375,1404.9000244140625,1397.0999755859375,1398.0,29961,0.0,0.0,COFORGE.NS
2026-05-26 10:00:00+05:30,1398.800048828125,1403.300048828125,1396.0999755859375,1402.699951171875,47324,0.0,0.0,COFORGE.NS
2026-05-26 10:15:00+05:30,1402.5999755859375,1406.4000244140625,1402.0,1405.4000244140625,38079,0.0,0.0,COFORGE.NS
2026-05-26 10:30:00+05:30,1405.0,1408.0,1403.699951171875,1406.0,50003,0.0,0.0,COFORGE.NS
2026-05-26 10:45:00+05:30,1405.9000244140625,1408.0,1404.699951171875,1406.5,23037,0.0,0.0,COFORGE.NS
2026-05-26 11:00:00+05:30,1406.699951171875,1408.800048828125,1406.5999755859375,1407.9000244140625,19435,0.0,0.0,COFORGE.NS
2026-05-26 11:15:00+05:30,1407.9000244140625,1409.199951171875,1406.0,1406.300048828125,19466,0.0,0.0,COFORGE.NS
2026-05-26 11:30:00+05:30,1406.300048828125,1408.0,1405.5999755859375,1406.199951171875,15348,0.0,0.0,COFORGE.NS
2026-05-26 11:45:00+05:30,1406.300048828125,1406.699951171875,1404.9000244140625,1404.9000244140625,15045,0.0,0.0,COFORGE.NS
2026-05-26 12:00:00+05:30,1405.0999755859375,1410.9000244140625,1404.0999755859375,1408.5999755859375,36301,0.0,0.0,COFORGE.NS
2026-05-26 12:15:00+05:30,1408.5999755859375,1412.0,1405.300048828125,1411.0,37975,0.0,0.0,COFORGE.NS
2026-05-26 12:30:00+05:30,1411.199951171875,1413.0,1411.0,1411.5999755859375,22315,0.0,0.0,COFORGE.NS
2026-05-26 12:45:00+05:30,1411.9000244140625,1416.9000244140625,1410.5,1414.199951171875,47410,0.0,0.0,COFORGE.NS
2026-05-26 13:00:00+05:30,1413.9000244140625,1415.5,1411.699951171875,1415.5,36761,0.0,0.0,COFORGE.NS
2026-05-26 13:15:00+05:30,1415.5,1419.0,1413.5999755859375,1417.300048828125,66160,0.0,0.0,COFORGE.NS
2026-05-26 13:30:00+05:30,1417.5999755859375,1421.300048828125,1417.5999755859375,1420.4000244140625,79927,0.0,0.0,COFORGE.NS
2026-05-26 13:45:00+05:30,1420.699951171875,1421.199951171875,1420.0999755859375,1420.5,57792,0.0,0.0,COFORGE.NS
2026-05-26 14:00:00+05:30,1420.5,1426.0,1420.0,1425.800048828125,147366,0.0,0.0,COFORGE.NS
2026-05-26 14:15:00+05:30,1425.800048828125,1428.0999755859375,1420.4000244140625,1424.4000244140625,171860,0.0,0.0,COFORGE.NS
2026-05-26 14:30:00+05:30,1425.0,1426.0,1421.5,1422.5999755859375,119647,0.0,0.0,COFORGE.NS
2026-05-26 14:45:00+05:30,1422.0999755859375,1424.5,1420.0,1422.5,102738,0.0,0.0,COFORGE.NS
2026-05-26 15:00:00+05:30,1422.800048828125,1426.5,1420.800048828125,1422.0,257781,0.0,0.0,COFORGE.NS
2026-05-26 15:15:00+05:30,1422.0,1422.800048828125,1419.300048828125,1422.800048828125,134750,0.0,0.0,COFORGE.NS
2026-05-27 09:15:00+05:30,1423.9000244140625,1433.0,1416.800048828125,1420.0999755859375,64676,0.0,0.0,COFORGE.NS
2026-05-27 09:30:00+05:30,1418.300048828125,1425.800048828125,1417.0,1420.699951171875,49547,0.0,0.0,COFORGE.NS
2026-05-27 09:45:00+05:30,1421.199951171875,1421.199951171875,1412.300048828125,1413.0999755859375,58021,0.0,0.0,COFORGE.NS
2026-05-27 10:00:00+05:30,1412.9000244140625,1416.0999755859375,1412.0999755859375,1414.9000244140625,35390,0.0,0.0,COFORGE.NS
2026-05-27 10:15:00+05:30,1414.800048828125,1424.0999755859375,1414.0,1417.0,38407,0.0,0.0,COFORGE.NS
2026-05-27 10:30:00+05:30,1417.0,1417.9000244140625,1414.4000244140625,1417.0,15694,0.0,0.0,COFORGE.NS
2026-05-27 10:45:00+05:30,1416.5999755859375,1418.4000244140625,1414.4000244140625,1418.4000244140625,15410,0.0,0.0,COFORGE.NS
2026-05-27 11:00:00+05:30,1418.199951171875,1420.0,1413.5,1414.5,24459,0.0,0.0,COFORGE.NS
2026-05-27 11:15:00+05:30,1414.4000244140625,1416.5,1412.0999755859375,1416.5,21677,0.0,0.0,COFORGE.NS
2026-05-27 11:30:00+05:30,1416.5,1419.4000244140625,1413.5999755859375,1419.0,26598,0.0,0.0,COFORGE.NS
2026-05-27 11:45:00+05:30,1418.5999755859375,1420.5999755859375,1414.0999755859375,1414.199951171875,17800,0.0,0.0,COFORGE.NS
2026-05-27 12:00:00+05:30,1414.699951171875,1417.5,1413.199951171875,1415.699951171875,16831,0.0,0.0,COFORGE.NS
2026-05-27 12:15:00+05:30,1415.4000244140625,1415.4000244140625,1408.0999755859375,1409.0,27103,0.0,0.0,COFORGE.NS
2026-05-27 12:30:00+05:30,1409.0,1413.4000244140625,1408.4000244140625,1412.0,22381,0.0,0.0,COFORGE.NS
2026-05-27 12:45:00+05:30,1412.0,1412.199951171875,1404.0999755859375,1404.0999755859375,44581,0.0,0.0,COFORGE.NS
2026-05-27 13:00:00+05:30,1404.0999755859375,1404.199951171875,1396.699951171875,1399.0,289769,0.0,0.0,COFORGE.NS
2026-05-27 13:15:00+05:30,1398.9000244140625,1398.9000244140625,1394.199951171875,1394.800048828125,112357,0.0,0.0,COFORGE.NS
2026-05-27 13:30:00+05:30,1394.5,1397.5999755859375,1389.199951171875,1389.800048828125,47623,0.0,0.0,COFORGE.NS
2026-05-27 13:45:00+05:30,1389.5999755859375,1391.4000244140625,1388.0999755859375,1389.800048828125,63421,0.0,0.0,COFORGE.NS
2026-05-27 14:00:00+05:30,1389.5999755859375,1390.800048828125,1386.699951171875,1387.300048828125,50625,0.0,0.0,COFORGE.NS
2026-05-27 14:15:00+05:30,1387.5,1389.699951171875,1386.800048828125,1387.5999755859375,29607,0.0,0.0,COFORGE.NS
2026-05-27 14:30:00+05:30,1387.699951171875,1388.9000244140625,1384.0999755859375,1384.199951171875,41159,0.0,0.0,COFORGE.NS
2026-05-27 14:45:00+05:30,1384.0999755859375,1386.699951171875,1383.5,1384.0,35897,0.0,0.0,COFORGE.NS
2026-05-27 15:00:00+05:30,1384.4000244140625,1389.9000244140625,1382.5,1389.300048828125,177340,0.0,0.0,COFORGE.NS
2026-05-27 15:15:00+05:30,1389.5999755859375,1392.0,1387.4000244140625,1391.0,289234,0.0,0.0,COFORGE.NS
2026-05-29 09:15:00+05:30,1410.800048828125,1432.199951171875,1410.800048828125,1414.800048828125,152167,0.0,0.0,COFORGE.NS
2026-05-29 09:30:00+05:30,1413.5999755859375,1426.9000244140625,1410.5999755859375,1423.5,140972,0.0,0.0,COFORGE.NS
2026-05-29 09:45:00+05:30,1421.5,1433.9000244140625,1421.5,1429.5,176350,0.0,0.0,COFORGE.NS
2026-05-29 10:00:00+05:30,1429.199951171875,1443.0,1429.199951171875,1438.0,363773,0.0,0.0,COFORGE.NS
2026-05-29 10:15:00+05:30,1438.199951171875,1444.699951171875,1437.699951171875,1441.5,151074,0.0,0.0,COFORGE.NS
2026-05-29 10:30:00+05:30,1441.5,1442.0,1437.0999755859375,1441.5999755859375,90693,0.0,0.0,COFORGE.NS
2026-05-29 10:45:00+05:30,1441.0999755859375,1441.9000244140625,1437.5,1439.800048828125,62681,0.0,0.0,COFORGE.NS
2026-05-29 11:00:00+05:30,1439.0,1440.0999755859375,1435.800048828125,1437.300048828125,78782,0.0,0.0,COFORGE.NS
2026-05-29 11:15:00+05:30,1437.199951171875,1441.300048828125,1437.0,1440.0,59940,0.0,0.0,COFORGE.NS
2026-05-29 11:30:00+05:30,1440.0,1442.0,1440.0,1440.0,56414,0.0,0.0,COFORGE.NS
2026-05-29 11:45:00+05:30,1440.0,1443.4000244140625,1439.5,1440.300048828125,72525,0.0,0.0,COFORGE.NS
2026-05-29 12:00:00+05:30,1440.800048828125,1441.300048828125,1437.800048828125,1438.300048828125,84549,0.0,0.0,COFORGE.NS
2026-05-29 12:15:00+05:30,1438.199951171875,1445.0,1436.5,1439.199951171875,94821,0.0,0.0,COFORGE.NS
2026-05-29 12:30:00+05:30,1439.699951171875,1441.199951171875,1438.0,1438.5,38574,0.0,0.0,COFORGE.NS
2026-05-29 12:45:00+05:30,1438.9000244140625,1440.300048828125,1437.800048828125,1439.4000244140625,53997,0.0,0.0,COFORGE.NS
2026-05-29 13:00:00+05:30,1439.199951171875,1440.0,1435.0999755859375,1435.0999755859375,47359,0.0,0.0,COFORGE.NS
2026-05-29 13:15:00+05:30,1435.199951171875,1440.0,1433.4000244140625,1438.9000244140625,109669,0.0,0.0,COFORGE.NS
2026-05-29 13:30:00+05:30,1438.300048828125,1441.0999755859375,1437.9000244140625,1438.800048828125,47588,0.0,0.0,COFORGE.NS
2026-05-29 13:45:00+05:30,1438.800048828125,1439.4000244140625,1435.0,1436.699951171875,50981,0.0,0.0,COFORGE.NS
2026-05-29 14:00:00+05:30,1436.699951171875,1438.4000244140625,1436.0,1438.0,26214,0.0,0.0,COFORGE.NS
2026-05-29 14:15:00+05:30,1437.800048828125,1449.699951171875,1437.800048828125,1442.0999755859375,210326,0.0,0.0,COFORGE.NS
2026-05-29 14:30:00+05:30,1442.5,1447.0,1442.199951171875,1443.5,66932,0.0,0.0,COFORGE.NS
2026-05-29 14:45:00+05:30,1443.5999755859375,1444.5999755859375,1438.699951171875,1440.4000244140625,79676,0.0,0.0,COFORGE.NS
2026-05-29 15:00:00+05:30,1440.0,1440.0,1415.4000244140625,1421.0999755859375,536357,0.0,0.0,COFORGE.NS
2026-05-29 15:15:00+05:30,1423.800048828125,1427.0999755859375,1415.5999755859375,1417.0,479017,0.0,0.0,COFORGE.NS
2026-06-01 09:15:00+05:30,1448.0999755859375,1466.800048828125,1441.800048828125,1454.300048828125,370758,0.0,0.0,COFORGE.NS
2026-06-01 09:30:00+05:30,1454.300048828125,1465.800048828125,1450.4000244140625,1463.5999755859375,332329,0.0,0.0,COFORGE.NS
2026-06-01 09:45:00+05:30,1464.9000244140625,1474.800048828125,1463.199951171875,1469.699951171875,479847,0.0,0.0,COFORGE.NS
2026-06-01 10:00:00+05:30,1469.699951171875,1477.0,1463.0,1469.0,319886,0.0,0.0,COFORGE.NS
2026-06-01 10:15:00+05:30,1468.800048828125,1477.4000244140625,1465.800048828125,1476.9000244140625,166282,0.0,0.0,COFORGE.NS
2026-06-01 10:30:00+05:30,1475.5,1476.800048828125,1470.199951171875,1474.300048828125,249787,0.0,0.0,COFORGE.NS
2026-06-01 10:45:00+05:30,1474.199951171875,1486.699951171875,1473.9000244140625,1481.0999755859375,320944,0.0,0.0,COFORGE.NS
2026-06-01 11:00:00+05:30,1482.0,1487.0,1481.0999755859375,1486.5,186131,0.0,0.0,COFORGE.NS
2026-06-01 11:15:00+05:30,1486.5,1489.0,1482.5,1486.699951171875,196951,0.0,0.0,COFORGE.NS
2026-06-01 11:30:00+05:30,1486.199951171875,1493.5,1485.5,1492.5,306209,0.0,0.0,COFORGE.NS
2026-06-01 11:45:00+05:30,1492.9000244140625,1493.9000244140625,1490.0,1491.300048828125,163642,0.0,0.0,COFORGE.NS
2026-06-01 12:00:00+05:30,1491.300048828125,1496.5999755859375,1487.5,1495.5,213130,0.0,0.0,COFORGE.NS
2026-06-01 12:15:00+05:30,1495.5,1497.300048828125,1494.0,1496.5999755859375,141182,0.0,0.0,COFORGE.NS
2026-06-01 12:30:00+05:30,1496.300048828125,1498.0,1491.0,1491.800048828125,445404,0.0,0.0,COFORGE.NS
2026-06-01 12:45:00+05:30,1491.9000244140625,1493.699951171875,1488.5,1489.5,147057,0.0,0.0,COFORGE.NS
2026-06-01 13:00:00+05:30,1489.5,1491.300048828125,1484.0999755859375,1484.4000244140625,136254,0.0,0.0,COFORGE.NS
2026-06-01 13:15:00+05:30,1484.5999755859375,1487.199951171875,1482.0,1484.5999755859375,111683,0.0,0.0,COFORGE.NS
2026-06-01 13:30:00+05:30,1484.5,1484.699951171875,1479.0999755859375,1480.0999755859375,138827,0.0,0.0,COFORGE.NS
2026-06-01 13:45:00+05:30,1480.0999755859375,1482.5,1479.699951171875,1481.800048828125,99176,0.0,0.0,COFORGE.NS
2026-06-01 14:00:00+05:30,1482.5999755859375,1483.0999755859375,1474.0,1475.199951171875,183479,0.0,0.0,COFORGE.NS
2026-06-01 14:15:00+05:30,1475.199951171875,1476.0,1469.0999755859375,1471.5,151190,0.0,0.0,COFORGE.NS
2026-06-01 14:30:00+05:30,1471.5999755859375,1473.5999755859375,1469.0,1470.0,122610,0.0,0.0,COFORGE.NS
2026-06-01 14:45:00+05:30,1470.0999755859375,1471.5,1466.699951171875,1466.699951171875,153684,0.0,0.0,COFORGE.NS
2026-06-01 15:00:00+05:30,1466.699951171875,1469.0,1460.0999755859375,1460.5999755859375,240222,0.0,0.0,COFORGE.NS
2026-06-01 15:15:00+05:30,1460.5999755859375,1462.5,1456.4000244140625,1459.5999755859375,269950,0.0,0.0,COFORGE.NS
2026-06-02 09:15:00+05:30,1475.5,1490.0,1462.0999755859375,1482.800048828125,575207,0.0,0.0,COFORGE.NS
2026-06-02 09:30:00+05:30,1482.699951171875,1497.699951171875,1480.0,1491.699951171875,616257,0.0,0.0,COFORGE.NS
2026-06-02 09:45:00+05:30,1491.800048828125,1509.0,1490.199951171875,1504.0,450601,0.0,0.0,COFORGE.NS
2026-06-02 10:00:00+05:30,1503.699951171875,1517.5,1500.0999755859375,1517.199951171875,479018,0.0,0.0,COFORGE.NS
2026-06-02 10:15:00+05:30,1517.0,1523.9000244140625,1515.0,1523.9000244140625,378391,0.0,0.0,COFORGE.NS
2026-06-02 10:30:00+05:30,1524.199951171875,1547.699951171875,1521.800048828125,1542.0,1028706,0.0,0.0,COFORGE.NS
2026-06-02 10:45:00+05:30,1541.800048828125,1546.199951171875,1531.0,1534.4000244140625,818579,0.0,0.0,COFORGE.NS
2026-06-02 11:00:00+05:30,1534.4000244140625,1546.699951171875,1528.4000244140625,1543.0999755859375,632120,0.0,0.0,COFORGE.NS
2026-06-02 11:15:00+05:30,1543.199951171875,1553.5,1543.0,1552.0,583729,0.0,0.0,COFORGE.NS
2026-06-02 11:30:00+05:30,1552.0,1553.199951171875,1536.0999755859375,1536.0999755859375,410708,0.0,0.0,COFORGE.NS
2026-06-02 11:45:00+05:30,1536.5,1536.9000244140625,1517.5,1526.0,712443,0.0,0.0,COFORGE.NS
2026-06-02 12:00:00+05:30,1526.5,1527.9000244140625,1513.4000244140625,1514.699951171875,241210,0.0,0.0,COFORGE.NS
2026-06-02 12:15:00+05:30,1515.0,1519.9000244140625,1510.5999755859375,1518.9000244140625,276682,0.0,0.0,COFORGE.NS
2026-06-02 12:30:00+05:30,1519.0,1524.800048828125,1517.300048828125,1520.300048828125,209393,0.0,0.0,COFORGE.NS
2026-06-02 12:45:00+05:30,1520.0999755859375,1526.699951171875,1519.699951171875,1525.9000244140625,153668,0.0,0.0,COFORGE.NS
2026-06-02 13:00:00+05:30,1525.800048828125,1529.5999755859375,1525.0,1528.699951171875,160935,0.0,0.0,COFORGE.NS
2026-06-02 13:15:00+05:30,1528.699951171875,1531.5,1520.0,1520.5999755859375,200250,0.0,0.0,COFORGE.NS
2026-06-02 13:30:00+05:30,1520.5999755859375,1521.5999755859375,1515.199951171875,1519.300048828125,117420,0.0,0.0,COFORGE.NS
2026-06-02 13:45:00+05:30,1519.4000244140625,1524.699951171875,1518.800048828125,1521.5,71655,0.0,0.0,COFORGE.NS
2026-06-02 14:00:00+05:30,1521.0,1526.800048828125,1517.0,1524.5,346675,0.0,0.0,COFORGE.NS
2026-06-02 14:15:00+05:30,1524.699951171875,1525.0,1521.699951171875,1523.9000244140625,74707,0.0,0.0,COFORGE.NS
2026-06-02 14:30:00+05:30,1523.800048828125,1527.4000244140625,1523.199951171875,1525.0,137713,0.0,0.0,COFORGE.NS
2026-06-02 14:45:00+05:30,1524.9000244140625,1530.9000244140625,1522.0,1526.4000244140625,246165,0.0,0.0,COFORGE.NS
2026-06-02 15:00:00+05:30,1526.9000244140625,1536.4000244140625,1519.9000244140625,1520.699951171875,590738,0.0,0.0,COFORGE.NS
2026-06-02 15:15:00+05:30,1520.300048828125,1525.199951171875,1503.699951171875,1519.5,675124,0.0,0.0,COFORGE.NS
2026-06-03 09:15:00+05:30,1485.699951171875,1485.699951171875,1448.0,1471.5,503395,0.0,0.0,COFORGE.NS
2026-06-03 09:30:00+05:30,1471.5,1477.0999755859375,1463.0999755859375,1463.0999755859375,415460,0.0,0.0,COFORGE.NS
2026-06-03 09:45:00+05:30,1463.4000244140625,1463.4000244140625,1455.199951171875,1457.0,270403,0.0,0.0,COFORGE.NS
2026-06-03 10:00:00+05:30,1457.4000244140625,1458.5999755859375,1452.199951171875,1452.199951171875,179156,0.0,0.0,COFORGE.NS
2026-06-03 10:15:00+05:30,1453.0,1453.0,1443.0999755859375,1445.300048828125,247656,0.0,0.0,COFORGE.NS
2026-06-03 10:30:00+05:30,1445.5999755859375,1449.699951171875,1442.9000244140625,1447.0,161531,0.0,0.0,COFORGE.NS
2026-06-03 10:45:00+05:30,1447.0,1456.0999755859375,1446.4000244140625,1453.199951171875,159663,0.0,0.0,COFORGE.NS
2026-06-03 11:00:00+05:30,1453.199951171875,1453.300048828125,1441.0999755859375,1444.0999755859375,143747,0.0,0.0,COFORGE.NS
2026-06-03 11:15:00+05:30,1444.0999755859375,1447.300048828125,1442.0,1443.4000244140625,97320,0.0,0.0,COFORGE.NS
2026-06-03 11:30:00+05:30,1442.800048828125,1443.5,1431.199951171875,1434.0,177514,0.0,0.0,COFORGE.NS
2026-06-03 11:45:00+05:30,1434.0,1438.0,1426.0,1427.0,121517,0.0,0.0,COFORGE.NS
2026-06-03 12:00:00+05:30,1426.800048828125,1431.199951171875,1425.0,1430.0999755859375,143678,0.0,0.0,COFORGE.NS
2026-06-03 12:15:00+05:30,1430.699951171875,1430.699951171875,1422.0,1430.300048828125,116884,0.0,0.0,COFORGE.NS
2026-06-03 12:30:00+05:30,1430.300048828125,1434.300048828125,1429.0,1432.0,126386,0.0,0.0,COFORGE.NS
2026-06-03 12:45:00+05:30,1432.0,1432.800048828125,1427.199951171875,1430.199951171875,109320,0.0,0.0,COFORGE.NS
2026-06-03 13:00:00+05:30,1429.9000244140625,1429.9000244140625,1425.0999755859375,1428.300048828125,82765,0.0,0.0,COFORGE.NS
2026-06-03 13:15:00+05:30,1429.5,1432.800048828125,1427.5999755859375,1430.199951171875,77994,0.0,0.0,COFORGE.NS
2026-06-03 13:30:00+05:30,1430.5999755859375,1430.699951171875,1428.0999755859375,1429.0999755859375,57562,0.0,0.0,COFORGE.NS
2026-06-03 13:45:00+05:30,1429.0999755859375,1436.5999755859375,1429.0,1430.699951171875,111385,0.0,0.0,COFORGE.NS
2026-06-03 14:00:00+05:30,1430.9000244140625,1432.300048828125,1424.0,1425.0,148576,0.0,0.0,COFORGE.NS
2026-06-03 14:15:00+05:30,1425.199951171875,1431.5,1424.0,1428.4000244140625,96536,0.0,0.0,COFORGE.NS
2026-06-03 14:30:00+05:30,1428.300048828125,1430.0,1423.0999755859375,1424.5,95623,0.0,0.0,COFORGE.NS
2026-06-03 14:45:00+05:30,1424.5,1427.5,1423.5,1423.5,104890,0.0,0.0,COFORGE.NS
2026-06-03 15:00:00+05:30,1424.4000244140625,1425.300048828125,1419.9000244140625,1421.0,276961,0.0,0.0,COFORGE.NS
2026-06-03 15:15:00+05:30,1421.5,1423.5999755859375,1417.0,1419.0,268808,0.0,0.0,COFORGE.NS
2026-06-04 09:15:00+05:30,1412.5,1430.0,1391.4000244140625,1415.800048828125,260873,0.0,0.0,COFORGE.NS
2026-06-04 09:30:00+05:30,1415.9000244140625,1419.5999755859375,1410.5999755859375,1417.4000244140625,117239,0.0,0.0,COFORGE.NS
2026-06-04 09:45:00+05:30,1418.5,1425.0999755859375,1416.5,1423.9000244140625,100546,0.0,0.0,COFORGE.NS
2026-06-04 10:00:00+05:30,1424.199951171875,1433.0,1423.199951171875,1430.5,104585,0.0,0.0,COFORGE.NS
2026-06-04 10:15:00+05:30,1430.5999755859375,1434.0,1425.9000244140625,1427.5999755859375,102582,0.0,0.0,COFORGE.NS
2026-06-04 10:30:00+05:30,1427.800048828125,1431.0999755859375,1426.0,1428.9000244140625,52334,0.0,0.0,COFORGE.NS
2026-06-04 10:45:00+05:30,1428.5999755859375,1440.0,1428.0,1438.800048828125,92477,0.0,0.0,COFORGE.NS
2026-06-04 11:00:00+05:30,1438.9000244140625,1439.0,1428.9000244140625,1432.300048828125,56504,0.0,0.0,COFORGE.NS
2026-06-04 11:15:00+05:30,1432.300048828125,1437.0,1430.0999755859375,1431.699951171875,58543,0.0,0.0,COFORGE.NS
2026-06-04 11:30:00+05:30,1431.0,1436.9000244140625,1428.0,1435.300048828125,59938,0.0,0.0,COFORGE.NS
2026-06-04 11:45:00+05:30,1435.300048828125,1436.5,1433.5,1435.0999755859375,37608,0.0,0.0,COFORGE.NS
2026-06-04 12:00:00+05:30,1435.0999755859375,1437.699951171875,1434.0,1436.0999755859375,31090,0.0,0.0,COFORGE.NS
2026-06-04 12:15:00+05:30,1436.699951171875,1438.300048828125,1431.0,1435.0,44340,0.0,0.0,COFORGE.NS
2026-06-04 12:30:00+05:30,1435.0,1436.0999755859375,1432.300048828125,1434.9000244140625,21211,0.0,0.0,COFORGE.NS
2026-06-04 12:45:00+05:30,1435.5999755859375,1443.0,1434.800048828125,1442.0,85648,0.0,0.0,COFORGE.NS
2026-06-04 13:00:00+05:30,1442.0999755859375,1443.0,1432.0999755859375,1432.0999755859375,76648,0.0,0.0,COFORGE.NS
2026-06-04 13:15:00+05:30,1432.0999755859375,1436.4000244140625,1430.5999755859375,1435.0,36621,0.0,0.0,COFORGE.NS
2026-06-04 13:30:00+05:30,1434.9000244140625,1436.699951171875,1431.9000244140625,1433.5999755859375,25075,0.0,0.0,COFORGE.NS
2026-06-04 13:45:00+05:30,1433.0999755859375,1434.0,1430.800048828125,1431.699951171875,30930,0.0,0.0,COFORGE.NS
2026-06-04 14:00:00+05:30,1432.0,1434.699951171875,1432.0,1433.699951171875,25402,0.0,0.0,COFORGE.NS
2026-06-04 14:15:00+05:30,1433.9000244140625,1434.4000244140625,1431.199951171875,1432.0999755859375,24642,0.0,0.0,COFORGE.NS
2026-06-04 14:30:00+05:30,1432.0999755859375,1434.800048828125,1430.0,1431.0999755859375,50170,0.0,0.0,COFORGE.NS
2026-06-04 14:45:00+05:30,1431.5999755859375,1432.9000244140625,1429.300048828125,1432.9000244140625,45967,0.0,0.0,COFORGE.NS
2026-06-04 15:00:00+05:30,1432.199951171875,1438.5,1431.800048828125,1438.0999755859375,165253,0.0,0.0,COFORGE.NS
2026-06-04 15:15:00+05:30,1437.699951171875,1440.0,1432.199951171875,1436.5,195502,0.0,0.0,COFORGE.NS
2026-06-05 09:15:00+05:30,1452.5999755859375,1472.800048828125,1450.199951171875,1458.4000244140625,213692,0.0,0.0,COFORGE.NS
2026-06-05 09:30:00+05:30,1457.9000244140625,1458.800048828125,1438.0,1442.699951171875,248552,0.0,0.0,COFORGE.NS
2026-06-05 09:45:00+05:30,1442.800048828125,1447.9000244140625,1440.5,1443.0,88689,0.0,0.0,COFORGE.NS
2026-06-05 10:00:00+05:30,1442.0,1452.5999755859375,1441.0999755859375,1451.300048828125,87396,0.0,0.0,COFORGE.NS
2026-06-05 10:15:00+05:30,1451.4000244140625,1452.0,1445.5,1449.199951171875,67817,0.0,0.0,COFORGE.NS
2026-06-05 10:30:00+05:30,1448.699951171875,1449.800048828125,1432.4000244140625,1439.199951171875,153567,0.0,0.0,COFORGE.NS
2026-06-05 10:45:00+05:30,1439.9000244140625,1443.0,1436.300048828125,1442.199951171875,64447,0.0,0.0,COFORGE.NS
2026-06-05 11:00:00+05:30,1442.4000244140625,1447.5,1439.9000244140625,1441.300048828125,61108,0.0,0.0,COFORGE.NS
2026-06-05 11:15:00+05:30,1441.300048828125,1444.800048828125,1440.5,1444.4000244140625,45702,0.0,0.0,COFORGE.NS
2026-06-05 11:30:00+05:30,1444.4000244140625,1448.5,1444.4000244140625,1448.0999755859375,43022,0.0,0.0,COFORGE.NS
2026-06-05 11:45:00+05:30,1448.0,1448.0999755859375,1444.0999755859375,1444.5999755859375,46268,0.0,0.0,COFORGE.NS
2026-06-05 12:00:00+05:30,1444.800048828125,1446.0,1442.0,1445.9000244140625,39701,0.0,0.0,COFORGE.NS
2026-06-05 12:15:00+05:30,1445.300048828125,1446.4000244140625,1443.0,1444.5,29834,0.0,0.0,COFORGE.NS
2026-06-05 12:30:00+05:30,1444.0999755859375,1445.5999755859375,1441.0999755859375,1441.699951171875,46593,0.0,0.0,COFORGE.NS
2026-06-05 12:45:00+05:30,1441.4000244140625,1442.800048828125,1428.5,1429.0,91876,0.0,0.0,COFORGE.NS
2026-06-05 13:00:00+05:30,1429.5999755859375,1431.5999755859375,1427.5,1429.199951171875,56705,0.0,0.0,COFORGE.NS
2026-06-05 13:15:00+05:30,1428.699951171875,1433.0999755859375,1425.0,1426.5,64950,0.0,0.0,COFORGE.NS
2026-06-05 13:30:00+05:30,1426.5999755859375,1430.5999755859375,1425.9000244140625,1429.300048828125,28494,0.0,0.0,COFORGE.NS
2026-06-05 13:45:00+05:30,1428.5,1431.5,1428.0,1429.300048828125,25844,0.0,0.0,COFORGE.NS
2026-06-05 14:00:00+05:30,1429.800048828125,1432.800048828125,1429.0,1430.0999755859375,27816,0.0,0.0,COFORGE.NS
2026-06-05 14:15:00+05:30,1430.199951171875,1437.300048828125,1429.699951171875,1436.5999755859375,42400,0.0,0.0,COFORGE.NS
2026-06-05 14:30:00+05:30,1436.5999755859375,1439.5,1432.300048828125,1437.0,50331,0.0,0.0,COFORGE.NS
2026-06-05 14:45:00+05:30,1436.699951171875,1439.199951171875,1433.0999755859375,1438.199951171875,73634,0.0,0.0,COFORGE.NS
2026-06-05 15:00:00+05:30,1436.5999755859375,1438.699951171875,1432.5,1438.0999755859375,177319,0.0,0.0,COFORGE.NS
2026-06-05 15:15:00+05:30,1437.800048828125,1438.300048828125,1428.199951171875,1430.9000244140625,196481,0.0,0.0,COFORGE.NS
2026-06-08 09:15:00+05:30,1409.300048828125,1426.5999755859375,1405.699951171875,1422.300048828125,97506,0.0,0.0,COFORGE.NS
2026-06-08 09:30:00+05:30,1422.300048828125,1425.5,1406.5,1409.0,120237,0.0,0.0,COFORGE.NS
2026-06-08 09:45:00+05:30,1409.5,1420.0,1407.5,1420.0,83073,0.0,0.0,COFORGE.NS
2026-06-08 10:00:00+05:30,1419.800048828125,1429.5,1417.199951171875,1426.800048828125,139216,0.0,0.0,COFORGE.NS
2026-06-08 10:15:00+05:30,1427.0,1433.699951171875,1425.199951171875,1431.699951171875,77068,0.0,0.0,COFORGE.NS
2026-06-08 10:30:00+05:30,1431.800048828125,1446.699951171875,1430.9000244140625,1445.0,99909,0.0,0.0,COFORGE.NS
2026-06-08 10:45:00+05:30,1444.699951171875,1444.699951171875,1436.5999755859375,1440.0999755859375,61445,0.0,0.0,COFORGE.NS
2026-06-08 11:00:00+05:30,1441.699951171875,1441.699951171875,1435.5,1438.800048828125,319268,0.0,0.0,COFORGE.NS
2026-06-08 11:15:00+05:30,1438.5999755859375,1440.4000244140625,1436.0,1437.5999755859375,54528,0.0,0.0,COFORGE.NS
2026-06-08 11:30:00+05:30,1437.5999755859375,1440.0,1436.0,1438.199951171875,44303,0.0,0.0,COFORGE.NS
2026-06-08 11:45:00+05:30,1438.300048828125,1440.0,1428.5999755859375,1429.0,40608,0.0,0.0,COFORGE.NS
2026-06-08 12:00:00+05:30,1429.199951171875,1432.9000244140625,1426.199951171875,1429.199951171875,39582,0.0,0.0,COFORGE.NS
2026-06-08 12:15:00+05:30,1429.199951171875,1429.699951171875,1428.0,1428.0,21303,0.0,0.0,COFORGE.NS
2026-06-08 12:30:00+05:30,1428.0,1429.699951171875,1426.0,1429.4000244140625,21720,0.0,0.0,COFORGE.NS
2026-06-08 12:45:00+05:30,1429.5999755859375,1436.0,1429.5,1430.0,272870,0.0,0.0,COFORGE.NS
2026-06-08 13:00:00+05:30,1430.0,1430.0,1426.5999755859375,1429.0999755859375,33400,0.0,0.0,COFORGE.NS
2026-06-08 13:15:00+05:30,1429.0999755859375,1429.5,1423.0,1425.800048828125,33242,0.0,0.0,COFORGE.NS
2026-06-08 13:30:00+05:30,1426.0999755859375,1426.199951171875,1421.4000244140625,1421.5999755859375,34631,0.0,0.0,COFORGE.NS
2026-06-08 13:45:00+05:30,1421.5,1424.699951171875,1420.4000244140625,1423.9000244140625,36697,0.0,0.0,COFORGE.NS
2026-06-08 14:00:00+05:30,1424.0,1426.300048828125,1423.5,1424.0,24911,0.0,0.0,COFORGE.NS
2026-06-08 14:15:00+05:30,1423.9000244140625,1425.199951171875,1422.0,1422.199951171875,37640,0.0,0.0,COFORGE.NS
2026-06-08 14:30:00+05:30,1422.199951171875,1425.5,1422.199951171875,1423.4000244140625,48094,0.0,0.0,COFORGE.NS
2026-06-08 14:45:00+05:30,1423.800048828125,1427.4000244140625,1423.0999755859375,1425.699951171875,42586,0.0,0.0,COFORGE.NS
2026-06-08 15:00:00+05:30,1425.699951171875,1425.699951171875,1418.699951171875,1424.0999755859375,83263,0.0,0.0,COFORGE.NS
2026-06-08 15:15:00+05:30,1424.800048828125,1424.800048828125,1417.0,1421.0,142913,0.0,0.0,COFORGE.NS
2026-06-09 09:15:00+05:30,1439.0999755859375,1439.0999755859375,1417.0,1423.199951171875,89411,0.0,0.0,COFORGE.NS
2026-06-09 09:30:00+05:30,1422.300048828125,1432.5999755859375,1418.699951171875,1418.699951171875,101343,0.0,0.0,COFORGE.NS
2026-06-09 09:45:00+05:30,1418.699951171875,1424.9000244140625,1417.5999755859375,1419.0,73969,0.0,0.0,COFORGE.NS
2026-06-09 10:00:00+05:30,1420.800048828125,1423.0,1414.300048828125,1416.199951171875,59041,0.0,0.0,COFORGE.NS
2026-06-09 10:15:00+05:30,1416.199951171875,1421.199951171875,1414.0,1420.0,43106,0.0,0.0,COFORGE.NS
2026-06-09 10:30:00+05:30,1420.199951171875,1423.199951171875,1419.199951171875,1422.0999755859375,35964,0.0,0.0,COFORGE.NS
2026-06-09 10:45:00+05:30,1422.199951171875,1427.199951171875,1420.4000244140625,1424.300048828125,37229,0.0,0.0,COFORGE.NS
2026-06-09 11:00:00+05:30,1425.0,1426.9000244140625,1422.4000244140625,1425.5999755859375,31620,0.0,0.0,COFORGE.NS
2026-06-09 11:15:00+05:30,1426.0,1427.0,1419.4000244140625,1423.0,26415,0.0,0.0,COFORGE.NS
2026-06-09 11:30:00+05:30,1423.0,1425.5,1421.5999755859375,1424.300048828125,15617,0.0,0.0,COFORGE.NS
2026-06-09 11:45:00+05:30,1424.4000244140625,1428.4000244140625,1424.300048828125,1426.5,27111,0.0,0.0,COFORGE.NS
2026-06-09 12:00:00+05:30,1426.5,1428.5,1426.0,1426.0,16118,0.0,0.0,COFORGE.NS
2026-06-09 12:15:00+05:30,1425.9000244140625,1426.699951171875,1424.0999755859375,1425.9000244140625,23227,0.0,0.0,COFORGE.NS
2026-06-09 12:30:00+05:30,1425.9000244140625,1426.5,1414.0,1414.300048828125,58591,0.0,0.0,COFORGE.NS
2026-06-09 12:45:00+05:30,1414.800048828125,1417.9000244140625,1413.0,1413.5,42883,0.0,0.0,COFORGE.NS
2026-06-09 13:00:00+05:30,1413.5999755859375,1414.9000244140625,1410.0,1410.0,40578,0.0,0.0,COFORGE.NS
2026-06-09 13:15:00+05:30,1410.0,1411.0,1398.0,1399.0999755859375,111876,0.0,0.0,COFORGE.NS
2026-06-09 13:30:00+05:30,1399.0999755859375,1400.0,1395.0,1397.5999755859375,93494,0.0,0.0,COFORGE.NS
2026-06-09 13:45:00+05:30,1397.5999755859375,1399.199951171875,1395.4000244140625,1396.199951171875,39027,0.0,0.0,COFORGE.NS
2026-06-09 14:00:00+05:30,1396.5,1397.199951171875,1393.699951171875,1396.0,50650,0.0,0.0,COFORGE.NS
2026-06-09 14:15:00+05:30,1396.0,1401.699951171875,1395.4000244140625,1401.0999755859375,178252,0.0,0.0,COFORGE.NS
2026-06-09 14:30:00+05:30,1401.0999755859375,1403.199951171875,1400.0,1403.0,56875,0.0,0.0,COFORGE.NS
2026-06-09 14:45:00+05:30,1403.0,1410.0,1402.5999755859375,1408.5999755859375,115396,0.0,0.0,COFORGE.NS
2026-06-09 15:00:00+05:30,1408.0,1417.5,1403.300048828125,1412.5,175663,0.0,0.0,COFORGE.NS
2026-06-09 15:15:00+05:30,1412.0999755859375,1414.0,1409.300048828125,1410.0,127787,0.0,0.0,COFORGE.NS
2026-06-10 09:15:00+05:30,1414.0999755859375,1415.300048828125,1402.699951171875,1411.4000244140625,83061,0.0,0.0,COFORGE.NS
2026-06-10 09:30:00+05:30,1411.5,1418.4000244140625,1410.699951171875,1416.699951171875,90098,0.0,0.0,COFORGE.NS
2026-06-10 09:45:00+05:30,1417.0,1434.5,1415.0999755859375,1426.0,154299,0.0,0.0,COFORGE.NS
2026-06-10 10:00:00+05:30,1426.300048828125,1427.0999755859375,1413.300048828125,1414.4000244140625,61801,0.0,0.0,COFORGE.NS
2026-06-10 10:15:00+05:30,1414.300048828125,1418.0,1413.199951171875,1414.4000244140625,31080,0.0,0.0,COFORGE.NS
2026-06-10 10:30:00+05:30,1414.5,1417.5,1412.9000244140625,1417.0999755859375,35140,0.0,0.0,COFORGE.NS
2026-06-10 10:45:00+05:30,1417.199951171875,1417.9000244140625,1414.0999755859375,1415.0,26103,0.0,0.0,COFORGE.NS
2026-06-10 11:00:00+05:30,1416.800048828125,1417.0,1413.199951171875,1414.199951171875,18350,0.0,0.0,COFORGE.NS
2026-06-10 11:15:00+05:30,1413.699951171875,1415.9000244140625,1410.699951171875,1415.4000244140625,32058,0.0,0.0,COFORGE.NS
2026-06-10 11:30:00+05:30,1415.0,1415.0,1411.4000244140625,1412.0999755859375,28949,0.0,0.0,COFORGE.NS
2026-06-10 11:45:00+05:30,1412.699951171875,1413.0999755859375,1408.5999755859375,1412.800048828125,24633,0.0,0.0,COFORGE.NS
2026-06-10 12:00:00+05:30,1412.9000244140625,1412.9000244140625,1410.0,1411.800048828125,12091,0.0,0.0,COFORGE.NS
2026-06-10 12:15:00+05:30,1412.0,1412.4000244140625,1407.0,1408.5999755859375,60149,0.0,0.0,COFORGE.NS
2026-06-10 12:30:00+05:30,1408.800048828125,1411.800048828125,1408.0999755859375,1410.5999755859375,32267,0.0,0.0,COFORGE.NS
2026-06-10 12:45:00+05:30,1410.4000244140625,1412.0,1409.0,1411.699951171875,13836,0.0,0.0,COFORGE.NS
2026-06-10 13:00:00+05:30,1411.699951171875,1413.199951171875,1408.0,1409.0,25970,0.0,0.0,COFORGE.NS
2026-06-10 13:15:00+05:30,1409.0,1409.5,1404.5999755859375,1409.0999755859375,37945,0.0,0.0,COFORGE.NS
2026-06-10 13:30:00+05:30,1409.0999755859375,1413.300048828125,1409.0999755859375,1410.0,29276,0.0,0.0,COFORGE.NS
2026-06-10 13:45:00+05:30,1410.0,1411.0999755859375,1408.5,1409.800048828125,12525,0.0,0.0,COFORGE.NS
2026-06-10 14:00:00+05:30,1409.0999755859375,1412.4000244140625,1408.5999755859375,1410.0,22131,0.0,0.0,COFORGE.NS
2026-06-10 14:15:00+05:30,1409.199951171875,1415.300048828125,1409.0999755859375,1413.0,24304,0.0,0.0,COFORGE.NS
2026-06-10 14:30:00+05:30,1413.0,1414.0,1408.699951171875,1410.300048828125,20777,0.0,0.0,COFORGE.NS
2026-06-10 14:45:00+05:30,1410.199951171875,1411.0,1406.199951171875,1408.0999755859375,33137,0.0,0.0,COFORGE.NS
2026-06-10 15:00:00+05:30,1407.4000244140625,1407.4000244140625,1401.0999755859375,1401.0999755859375,78781,0.0,0.0,COFORGE.NS
2026-06-10 15:15:00+05:30,1402.0,1403.9000244140625,1399.5999755859375,1400.800048828125,117427,0.0,0.0,COFORGE.NS
2026-06-11 09:15:00+05:30,1384.800048828125,1386.199951171875,1356.699951171875,1370.699951171875,93321,0.0,0.0,COFORGE.NS
2026-06-11 09:30:00+05:30,1370.5999755859375,1380.300048828125,1362.300048828125,1378.0999755859375,169206,0.0,0.0,COFORGE.NS
2026-06-11 09:45:00+05:30,1378.0999755859375,1382.5,1372.300048828125,1373.5999755859375,98513,0.0,0.0,COFORGE.NS
2026-06-11 10:00:00+05:30,1373.0999755859375,1384.9000244140625,1373.0,1380.800048828125,64765,0.0,0.0,COFORGE.NS
2026-06-11 10:15:00+05:30,1380.9000244140625,1392.4000244140625,1379.0,1390.0,63169,0.0,0.0,COFORGE.NS
2026-06-11 10:30:00+05:30,1390.4000244140625,1395.5,1389.699951171875,1393.9000244140625,44402,0.0,0.0,COFORGE.NS
2026-06-11 10:45:00+05:30,1393.300048828125,1397.0,1389.0,1390.5,67723,0.0,0.0,COFORGE.NS
2026-06-11 11:00:00+05:30,1390.800048828125,1395.800048828125,1389.5999755859375,1392.5999755859375,36633,0.0,0.0,COFORGE.NS
2026-06-11 11:15:00+05:30,1393.0,1395.9000244140625,1390.300048828125,1393.0,42951,0.0,0.0,COFORGE.NS
2026-06-11 11:30:00+05:30,1392.699951171875,1409.199951171875,1392.0,1401.0,124528,0.0,0.0,COFORGE.NS
2026-06-11 11:45:00+05:30,1400.5,1404.0,1396.5999755859375,1397.300048828125,48782,0.0,0.0,COFORGE.NS
2026-06-11 12:00:00+05:30,1396.9000244140625,1399.0999755859375,1392.0999755859375,1393.0,38960,0.0,0.0,COFORGE.NS
2026-06-11 12:15:00+05:30,1393.5,1397.0,1390.5,1394.0999755859375,43485,0.0,0.0,COFORGE.NS
2026-06-11 12:30:00+05:30,1393.800048828125,1397.5,1392.9000244140625,1393.9000244140625,35570,0.0,0.0,COFORGE.NS
2026-06-11 12:45:00+05:30,1393.4000244140625,1395.0,1389.800048828125,1394.4000244140625,45031,0.0,0.0,COFORGE.NS
2026-06-11 13:00:00+05:30,1395.0,1396.5,1394.0,1395.699951171875,23865,0.0,0.0,COFORGE.NS
2026-06-11 13:15:00+05:30,1395.5999755859375,1397.5999755859375,1391.800048828125,1393.5,25937,0.0,0.0,COFORGE.NS
2026-06-11 13:30:00+05:30,1393.5,1395.0,1391.5,1391.699951171875,17102,0.0,0.0,COFORGE.NS
2026-06-11 13:45:00+05:30,1392.0999755859375,1394.9000244140625,1391.0999755859375,1392.800048828125,30039,0.0,0.0,COFORGE.NS
2026-06-11 14:00:00+05:30,1393.0,1394.5,1387.0,1389.4000244140625,45674,0.0,0.0,COFORGE.NS
2026-06-11 14:15:00+05:30,1389.0999755859375,1393.199951171875,1388.5,1391.800048828125,29242,0.0,0.0,COFORGE.NS
2026-06-11 14:30:00+05:30,1391.5999755859375,1394.699951171875,1389.0,1389.4000244140625,26237,0.0,0.0,COFORGE.NS
2026-06-11 14:45:00+05:30,1389.9000244140625,1391.0999755859375,1387.0,1388.5999755859375,43944,0.0,0.0,COFORGE.NS
2026-06-11 15:00:00+05:30,1389.199951171875,1396.199951171875,1387.199951171875,1395.699951171875,108787,0.0,0.0,COFORGE.NS
2026-06-11 15:15:00+05:30,1395.5999755859375,1398.0999755859375,1393.800048828125,1393.800048828125,129334,0.0,0.0,COFORGE.NS
2026-06-12 09:15:00+05:30,1410.0,1410.0,1386.800048828125,1386.800048828125,122551,0.0,0.0,COFORGE.NS
2026-06-12 09:30:00+05:30,1386.4000244140625,1392.0999755859375,1383.5999755859375,1385.0,123342,0.0,0.0,COFORGE.NS
2026-06-12 09:45:00+05:30,1384.9000244140625,1384.9000244140625,1376.300048828125,1379.0,131568,0.0,0.0,COFORGE.NS
2026-06-12 10:00:00+05:30,1379.0999755859375,1379.800048828125,1375.5,1378.699951171875,77764,0.0,0.0,COFORGE.NS
2026-06-12 10:15:00+05:30,1379.4000244140625,1388.4000244140625,1377.4000244140625,1385.0,76183,0.0,0.0,COFORGE.NS
2026-06-12 10:30:00+05:30,1384.5,1395.0,1382.5999755859375,1393.5,65397,0.0,0.0,COFORGE.NS
2026-06-12 10:45:00+05:30,1393.0999755859375,1393.300048828125,1390.0999755859375,1392.0,37802,0.0,0.0,COFORGE.NS
2026-06-12 11:00:00+05:30,1392.0999755859375,1402.4000244140625,1391.5,1398.300048828125,80398,0.0,0.0,COFORGE.NS
2026-06-12 11:15:00+05:30,1398.0999755859375,1403.300048828125,1396.5,1396.5,37286,0.0,0.0,COFORGE.NS
2026-06-12 11:30:00+05:30,1396.699951171875,1398.9000244140625,1390.5999755859375,1391.4000244140625,116585,0.0,0.0,COFORGE.NS
2026-06-12 11:45:00+05:30,1391.699951171875,1393.800048828125,1389.300048828125,1389.5,75417,0.0,0.0,COFORGE.NS
2026-06-12 12:00:00+05:30,1389.5,1390.5,1385.0999755859375,1386.800048828125,36352,0.0,0.0,COFORGE.NS
2026-06-12 12:15:00+05:30,1386.0,1388.699951171875,1381.5,1381.5,82002,0.0,0.0,COFORGE.NS
2026-06-12 12:30:00+05:30,1381.5,1382.0,1370.5999755859375,1371.5,114649,0.0,0.0,COFORGE.NS
2026-06-12 12:45:00+05:30,1371.5,1372.0999755859375,1367.0,1368.300048828125,61993,0.0,0.0,COFORGE.NS
2026-06-12 13:00:00+05:30,1368.0,1370.699951171875,1366.5,1367.5999755859375,56073,0.0,0.0,COFORGE.NS
2026-06-12 13:15:00+05:30,1367.5,1373.699951171875,1366.300048828125,1370.4000244140625,60940,0.0,0.0,COFORGE.NS
2026-06-12 13:30:00+05:30,1371.0,1380.5,1370.5999755859375,1375.199951171875,116088,0.0,0.0,COFORGE.NS
2026-06-12 13:45:00+05:30,1376.0,1377.0,1367.0,1367.300048828125,135654,0.0,0.0,COFORGE.NS
2026-06-12 14:00:00+05:30,1367.5,1369.699951171875,1367.0,1368.0,67238,0.0,0.0,COFORGE.NS
2026-06-12 14:15:00+05:30,1368.0,1369.9000244140625,1364.0,1366.300048828125,96441,0.0,0.0,COFORGE.NS
2026-06-12 14:30:00+05:30,1366.5,1369.9000244140625,1366.0,1366.5999755859375,89149,0.0,0.0,COFORGE.NS
2026-06-12 14:45:00+05:30,1366.5999755859375,1368.5999755859375,1365.0,1367.4000244140625,66494,0.0,0.0,COFORGE.NS
2026-06-12 15:00:00+05:30,1367.0,1371.5,1365.0,1366.300048828125,183330,0.0,0.0,COFORGE.NS
2026-06-12 15:15:00+05:30,1366.0,1371.300048828125,1366.0,1367.199951171875,287442,0.0,0.0,COFORGE.NS
2026-06-15 09:15:00+05:30,1385.199951171875,1401.5999755859375,1380.699951171875,1388.699951171875,116292,0.0,0.0,COFORGE.NS
2026-06-15 09:30:00+05:30,1390.5999755859375,1391.0,1378.800048828125,1382.4000244140625,101733,0.0,0.0,COFORGE.NS
2026-06-15 09:45:00+05:30,1382.5,1390.0,1381.699951171875,1384.5999755859375,115193,0.0,0.0,COFORGE.NS
2026-06-15 10:00:00+05:30,1384.300048828125,1388.0,1383.0,1386.5,61628,0.0,0.0,COFORGE.NS
2026-06-15 10:15:00+05:30,1386.0,1390.5,1384.0,1389.5,74275,0.0,0.0,COFORGE.NS
2026-06-15 10:30:00+05:30,1389.9000244140625,1393.699951171875,1385.5999755859375,1392.5999755859375,74600,0.0,0.0,COFORGE.NS
2026-06-15 10:45:00+05:30,1392.5999755859375,1412.0,1391.4000244140625,1408.800048828125,264261,0.0,0.0,COFORGE.NS
2026-06-15 11:00:00+05:30,1409.0,1415.0,1405.0999755859375,1409.0,173792,0.0,0.0,COFORGE.NS
2026-06-15 11:15:00+05:30,1409.0,1412.9000244140625,1406.800048828125,1409.800048828125,105358,0.0,0.0,COFORGE.NS
2026-06-15 11:30:00+05:30,1409.699951171875,1411.4000244140625,1406.0999755859375,1407.800048828125,91507,0.0,0.0,COFORGE.NS
2026-06-15 11:45:00+05:30,1408.0,1411.300048828125,1404.300048828125,1407.800048828125,78297,0.0,0.0,COFORGE.NS
2026-06-15 12:00:00+05:30,1408.0,1408.5,1404.199951171875,1407.699951171875,63922,0.0,0.0,COFORGE.NS
2026-06-15 12:15:00+05:30,1408.0,1409.0,1404.800048828125,1405.5999755859375,47520,0.0,0.0,COFORGE.NS
2026-06-15 12:30:00+05:30,1405.5,1409.800048828125,1404.5999755859375,1409.0,56531,0.0,0.0,COFORGE.NS
2026-06-15 12:45:00+05:30,1408.9000244140625,1409.699951171875,1405.800048828125,1406.4000244140625,32058,0.0,0.0,COFORGE.NS
2026-06-15 13:00:00+05:30,1407.0999755859375,1409.9000244140625,1406.0999755859375,1407.199951171875,43551,0.0,0.0,COFORGE.NS
2026-06-15 13:15:00+05:30,1407.199951171875,1408.0,1404.5999755859375,1406.0,43685,0.0,0.0,COFORGE.NS
2026-06-15 13:30:00+05:30,1406.0,1408.800048828125,1405.199951171875,1405.699951171875,33995,0.0,0.0,COFORGE.NS
2026-06-15 13:45:00+05:30,1405.699951171875,1409.9000244140625,1405.0,1408.5,26558,0.0,0.0,COFORGE.NS
2026-06-15 14:00:00+05:30,1408.4000244140625,1409.300048828125,1404.5,1404.9000244140625,62658,0.0,0.0,COFORGE.NS
2026-06-15 14:15:00+05:30,1404.699951171875,1405.0999755859375,1402.699951171875,1403.300048828125,29961,0.0,0.0,COFORGE.NS
2026-06-15 14:30:00+05:30,1403.800048828125,1406.300048828125,1403.4000244140625,1405.0,37193,0.0,0.0,COFORGE.NS
2026-06-15 14:45:00+05:30,1404.800048828125,1405.9000244140625,1401.9000244140625,1403.800048828125,57048,0.0,0.0,COFORGE.NS
2026-06-15 15:00:00+05:30,1403.800048828125,1405.5999755859375,1398.5999755859375,1402.5999755859375,102536,0.0,0.0,COFORGE.NS
2026-06-15 15:15:00+05:30,1402.5999755859375,1405.0999755859375,1402.5999755859375,1403.0,112197,0.0,0.0,COFORGE.NS
2026-06-16 09:15:00+05:30,1416.5999755859375,1419.0,1405.0999755859375,1416.4000244140625,99083,0.0,0.0,COFORGE.NS
2026-06-16 09:30:00+05:30,1417.699951171875,1432.699951171875,1416.300048828125,1430.5999755859375,371750,0.0,0.0,COFORGE.NS
2026-06-16 09:45:00+05:30,1430.5,1436.9000244140625,1428.0,1435.4000244140625,286879,0.0,0.0,COFORGE.NS
2026-06-16 10:00:00+05:30,1435.4000244140625,1444.5999755859375,1433.0,1443.4000244140625,334696,0.0,0.0,COFORGE.NS
2026-06-16 10:15:00+05:30,1444.0,1448.5,1440.9000244140625,1441.0,252547,0.0,0.0,COFORGE.NS
2026-06-16 10:30:00+05:30,1440.5,1446.0,1435.5,1438.5999755859375,132486,0.0,0.0,COFORGE.NS
2026-06-16 10:45:00+05:30,1438.5999755859375,1443.199951171875,1435.9000244140625,1435.9000244140625,55925,0.0,0.0,COFORGE.NS
2026-06-16 11:00:00+05:30,1436.300048828125,1437.699951171875,1433.300048828125,1435.5,64985,0.0,0.0,COFORGE.NS
2026-06-16 11:15:00+05:30,1434.0,1437.0,1434.0,1434.9000244140625,53371,0.0,0.0,COFORGE.NS
2026-06-16 11:30:00+05:30,1434.9000244140625,1435.0,1427.699951171875,1427.699951171875,78194,0.0,0.0,COFORGE.NS
2026-06-16 11:45:00+05:30,1427.699951171875,1430.0,1426.5999755859375,1429.300048828125,79716,0.0,0.0,COFORGE.NS
2026-06-16 12:00:00+05:30,1429.300048828125,1429.300048828125,1423.0999755859375,1427.5999755859375,80217,0.0,0.0,COFORGE.NS
2026-06-16 12:15:00+05:30,1427.5999755859375,1438.9000244140625,1426.199951171875,1437.0,80847,0.0,0.0,COFORGE.NS
2026-06-16 12:30:00+05:30,1436.800048828125,1454.300048828125,1435.5,1451.0,417635,0.0,0.0,COFORGE.NS
2026-06-16 12:45:00+05:30,1451.0999755859375,1452.0,1444.800048828125,1447.0,112222,0.0,0.0,COFORGE.NS
2026-06-16 13:00:00+05:30,1446.9000244140625,1450.5,1443.300048828125,1448.0999755859375,80181,0.0,0.0,COFORGE.NS
2026-06-16 13:15:00+05:30,1448.5,1450.0,1446.300048828125,1447.199951171875,39958,0.0,0.0,COFORGE.NS
2026-06-16 13:30:00+05:30,1447.300048828125,1451.0,1445.5999755859375,1449.5999755859375,60006,0.0,0.0,COFORGE.NS
2026-06-16 13:45:00+05:30,1449.5,1455.5999755859375,1449.5,1454.199951171875,184310,0.0,0.0,COFORGE.NS
2026-06-16 14:00:00+05:30,1454.199951171875,1455.0,1450.300048828125,1453.699951171875,82852,0.0,0.0,COFORGE.NS
2026-06-16 14:15:00+05:30,1453.5,1454.9000244140625,1451.0999755859375,1452.300048828125,59601,0.0,0.0,COFORGE.NS
2026-06-16 14:30:00+05:30,1452.5999755859375,1461.300048828125,1452.300048828125,1457.5,196494,0.0,0.0,COFORGE.NS
2026-06-16 14:45:00+05:30,1457.9000244140625,1463.5,1457.199951171875,1461.9000244140625,129372,0.0,0.0,COFORGE.NS
2026-06-16 15:00:00+05:30,1462.699951171875,1466.800048828125,1459.0,1466.0,278370,0.0,0.0,COFORGE.NS
2026-06-16 15:15:00+05:30,1465.800048828125,1468.0999755859375,1464.199951171875,1467.0,284126,0.0,0.0,COFORGE.NS
2026-06-17 09:15:00+05:30,1492.300048828125,1493.0,1470.9000244140625,1489.0999755859375,530120,0.0,0.0,COFORGE.NS
2026-06-17 09:30:00+05:30,1489.0,1496.800048828125,1488.199951171875,1490.0,601039,0.0,0.0,COFORGE.NS
2026-06-17 09:45:00+05:30,1489.9000244140625,1492.0,1476.0999755859375,1479.0,354852,0.0,0.0,COFORGE.NS
2026-06-17 10:00:00+05:30,1478.300048828125,1479.0,1453.5999755859375,1454.9000244140625,479807,0.0,0.0,COFORGE.NS
2026-06-17 10:15:00+05:30,1454.699951171875,1463.800048828125,1454.0999755859375,1463.800048828125,246194,0.0,0.0,COFORGE.NS
2026-06-17 10:30:00+05:30,1463.300048828125,1463.5999755859375,1458.699951171875,1459.800048828125,120856,0.0,0.0,COFORGE.NS
2026-06-17 10:45:00+05:30,1460.0999755859375,1468.5,1459.800048828125,1466.4000244140625,133398,0.0,0.0,COFORGE.NS
2026-06-17 11:00:00+05:30,1466.0,1469.5,1462.5999755859375,1467.699951171875,106280,0.0,0.0,COFORGE.NS
2026-06-17 11:15:00+05:30,1467.0999755859375,1469.9000244140625,1466.0999755859375,1467.199951171875,80427,0.0,0.0,COFORGE.NS
2026-06-17 11:30:00+05:30,1467.4000244140625,1469.300048828125,1466.5999755859375,1469.300048828125,47973,0.0,0.0,COFORGE.NS
2026-06-17 11:45:00+05:30,1468.800048828125,1469.9000244140625,1466.4000244140625,1469.5,43635,0.0,0.0,COFORGE.NS
2026-06-17 12:00:00+05:30,1469.5,1469.5,1467.0,1469.0999755859375,42002,0.0,0.0,COFORGE.NS
2026-06-17 12:15:00+05:30,1469.0,1470.0999755859375,1460.4000244140625,1461.699951171875,99554,0.0,0.0,COFORGE.NS
2026-06-17 12:30:00+05:30,1461.5999755859375,1463.0,1459.5999755859375,1461.9000244140625,53542,0.0,0.0,COFORGE.NS
2026-06-17 12:45:00+05:30,1462.0,1465.800048828125,1460.0999755859375,1464.800048828125,63504,0.0,0.0,COFORGE.NS
2026-06-17 13:00:00+05:30,1465.0,1465.5,1460.300048828125,1461.300048828125,42307,0.0,0.0,COFORGE.NS
2026-06-17 13:15:00+05:30,1461.300048828125,1466.9000244140625,1461.0,1466.4000244140625,43352,0.0,0.0,COFORGE.NS
2026-06-17 13:30:00+05:30,1466.9000244140625,1467.800048828125,1465.0999755859375,1465.699951171875,45924,0.0,0.0,COFORGE.NS
2026-06-17 13:45:00+05:30,1465.800048828125,1466.5,1462.0,1462.5,63260,0.0,0.0,COFORGE.NS
2026-06-17 14:00:00+05:30,1462.0,1465.0,1461.800048828125,1462.0999755859375,37203,0.0,0.0,COFORGE.NS
2026-06-17 14:15:00+05:30,1462.9000244140625,1466.800048828125,1462.300048828125,1463.5999755859375,51226,0.0,0.0,COFORGE.NS
2026-06-17 14:30:00+05:30,1463.5999755859375,1464.800048828125,1462.0999755859375,1463.5999755859375,32203,0.0,0.0,COFORGE.NS
2026-06-17 14:45:00+05:30,1464.300048828125,1464.300048828125,1460.800048828125,1464.0,89746,0.0,0.0,COFORGE.NS
2026-06-17 15:00:00+05:30,1463.800048828125,1466.9000244140625,1463.300048828125,1465.0,209958,0.0,0.0,COFORGE.NS
2026-06-17 15:15:00+05:30,1465.4000244140625,1469.0,1464.300048828125,1468.0999755859375,338033,0.0,0.0,COFORGE.NS
2026-06-18 09:15:00+05:30,1455.0999755859375,1455.0999755859375,1436.0999755859375,1451.0,297295,0.0,0.0,COFORGE.NS
2026-06-18 09:30:00+05:30,1450.0999755859375,1457.9000244140625,1446.0999755859375,1456.0999755859375,252932,0.0,0.0,COFORGE.NS
2026-06-18 09:45:00+05:30,1456.0999755859375,1466.4000244140625,1455.0,1466.0999755859375,186017,0.0,0.0,COFORGE.NS
2026-06-18 10:00:00+05:30,1466.0999755859375,1482.5999755859375,1464.0,1477.800048828125,263579,0.0,0.0,COFORGE.NS
2026-06-18 10:15:00+05:30,1477.800048828125,1482.699951171875,1473.199951171875,1480.4000244140625,191469,0.0,0.0,COFORGE.NS
2026-06-18 10:30:00+05:30,1480.699951171875,1482.4000244140625,1476.800048828125,1479.9000244140625,107001,0.0,0.0,COFORGE.NS
2026-06-18 10:45:00+05:30,1480.4000244140625,1485.300048828125,1479.699951171875,1481.5999755859375,261487,0.0,0.0,COFORGE.NS
2026-06-18 11:00:00+05:30,1481.5999755859375,1488.0,1480.0999755859375,1480.699951171875,88403,0.0,0.0,COFORGE.NS
2026-06-18 11:15:00+05:30,1481.0,1483.699951171875,1476.199951171875,1477.4000244140625,227542,0.0,0.0,COFORGE.NS
2026-06-18 11:30:00+05:30,1477.0999755859375,1482.5,1477.0999755859375,1482.5,65148,0.0,0.0,COFORGE.NS
2026-06-18 11:45:00+05:30,1482.0999755859375,1482.4000244140625,1479.0999755859375,1480.800048828125,42066,0.0,0.0,COFORGE.NS
2026-06-18 12:00:00+05:30,1479.800048828125,1485.800048828125,1477.5999755859375,1484.5999755859375,619082,0.0,0.0,COFORGE.NS
2026-06-18 12:15:00+05:30,1484.5999755859375,1493.5,1484.0999755859375,1489.4000244140625,192539,0.0,0.0,COFORGE.NS
2026-06-18 12:30:00+05:30,1489.300048828125,1490.0,1486.9000244140625,1487.4000244140625,67076,0.0,0.0,COFORGE.NS
2026-06-18 12:45:00+05:30,1487.5,1489.5,1485.300048828125,1489.300048828125,65786,0.0,0.0,COFORGE.NS
2026-06-18 13:00:00+05:30,1489.0,1491.9000244140625,1485.0,1491.699951171875,108339,0.0,0.0,COFORGE.NS
2026-06-18 13:15:00+05:30,1491.9000244140625,1494.4000244140625,1490.199951171875,1494.0,65576,0.0,0.0,COFORGE.NS
2026-06-18 13:30:00+05:30,1494.0,1494.0,1489.800048828125,1492.0,263432,0.0,0.0,COFORGE.NS
2026-06-18 13:45:00+05:30,1492.0,1492.800048828125,1490.4000244140625,1490.699951171875,46542,0.0,0.0,COFORGE.NS
2026-06-18 14:00:00+05:30,1490.800048828125,1493.300048828125,1490.0,1490.199951171875,184227,0.0,0.0,COFORGE.NS
2026-06-18 14:15:00+05:30,1490.0,1490.0999755859375,1482.300048828125,1485.699951171875,239000,0.0,0.0,COFORGE.NS
2026-06-18 14:30:00+05:30,1485.699951171875,1488.9000244140625,1484.9000244140625,1486.699951171875,117372,0.0,0.0,COFORGE.NS
2026-06-18 14:45:00+05:30,1486.4000244140625,1486.5999755859375,1483.5999755859375,1485.5,128597,0.0,0.0,COFORGE.NS
2026-06-18 15:00:00+05:30,1484.5,1490.199951171875,1483.0,1483.5,266801,0.0,0.0,COFORGE.NS
2026-06-18 15:15:00+05:30,1483.300048828125,1483.699951171875,1474.0,1483.0,225857,0.0,0.0,COFORGE.NS
2026-06-19 09:15:00+05:30,1403.0,1424.699951171875,1399.9000244140625,1416.0999755859375,596166,0.0,0.0,COFORGE.NS
2026-06-19 09:30:00+05:30,1416.0999755859375,1439.5999755859375,1414.300048828125,1439.5999755859375,734459,0.0,0.0,COFORGE.NS
2026-06-19 09:45:00+05:30,1439.4000244140625,1444.0,1436.199951171875,1438.800048828125,640066,0.0,0.0,COFORGE.NS
2026-06-19 10:00:00+05:30,1438.4000244140625,1443.0,1432.0999755859375,1441.0,613383,0.0,0.0,COFORGE.NS
2026-06-19 10:15:00+05:30,1441.0999755859375,1441.0999755859375,1425.0,1427.4000244140625,409721,0.0,0.0,COFORGE.NS
2026-06-19 10:30:00+05:30,1427.800048828125,1433.5999755859375,1426.5,1433.199951171875,126743,0.0,0.0,COFORGE.NS
2026-06-19 10:45:00+05:30,1433.199951171875,1435.9000244140625,1426.199951171875,1427.300048828125,161474,0.0,0.0,COFORGE.NS
2026-06-19 11:00:00+05:30,1427.9000244140625,1435.5999755859375,1425.0,1434.699951171875,145483,0.0,0.0,COFORGE.NS
2026-06-19 11:15:00+05:30,1434.5999755859375,1443.5,1434.300048828125,1441.5,219934,0.0,0.0,COFORGE.NS
2026-06-19 11:30:00+05:30,1442.199951171875,1450.5,1442.0999755859375,1447.9000244140625,408884,0.0,0.0,COFORGE.NS
2026-06-19 11:45:00+05:30,1448.0,1448.0,1441.300048828125,1443.5999755859375,120272,0.0,0.0,COFORGE.NS
2026-06-19 12:00:00+05:30,1443.5,1449.0,1443.4000244140625,1446.5,95463,0.0,0.0,COFORGE.NS
2026-06-19 12:15:00+05:30,1446.5,1450.0,1445.0,1448.0999755859375,141322,0.0,0.0,COFORGE.NS
2026-06-19 12:30:00+05:30,1448.0999755859375,1448.0999755859375,1440.5,1443.0,111181,0.0,0.0,COFORGE.NS
2026-06-19 12:45:00+05:30,1443.5,1447.5,1443.5,1446.5,99514,0.0,0.0,COFORGE.NS
2026-06-19 13:00:00+05:30,1446.699951171875,1446.800048828125,1444.5,1446.300048828125,81199,0.0,0.0,COFORGE.NS
2026-06-19 13:15:00+05:30,1446.5,1449.0,1442.699951171875,1448.5999755859375,121186,0.0,0.0,COFORGE.NS
2026-06-19 13:30:00+05:30,1448.800048828125,1454.0,1448.0999755859375,1453.0999755859375,152373,0.0,0.0,COFORGE.NS
2026-06-19 13:45:00+05:30,1453.0999755859375,1459.5999755859375,1451.699951171875,1455.0,191901,0.0,0.0,COFORGE.NS
2026-06-19 14:00:00+05:30,1455.0,1455.0999755859375,1449.300048828125,1450.5,103929,0.0,0.0,COFORGE.NS
2026-06-19 14:15:00+05:30,1450.800048828125,1454.0999755859375,1449.5999755859375,1453.199951171875,115435,0.0,0.0,COFORGE.NS
2026-06-19 14:30:00+05:30,1453.0999755859375,1461.0,1453.0999755859375,1460.300048828125,174988,0.0,0.0,COFORGE.NS
2026-06-19 14:45:00+05:30,1460.5,1463.0,1450.4000244140625,1455.5999755859375,334482,0.0,0.0,COFORGE.NS
2026-06-19 15:00:00+05:30,1455.5999755859375,1464.4000244140625,1454.5999755859375,1463.199951171875,756218,0.0,0.0,COFORGE.NS
2026-06-19 15:15:00+05:30,1463.0,1468.800048828125,1461.0,1466.0,803869,0.0,0.0,COFORGE.NS
2026-06-22 09:15:00+05:30,1481.699951171875,1496.5,1481.5,1490.5,185067,0.0,0.0,COFORGE.NS
2026-06-22 09:30:00+05:30,1490.9000244140625,1500.0,1487.699951171875,1488.199951171875,382304,0.0,0.0,COFORGE.NS
2026-06-22 09:45:00+05:30,1488.199951171875,1505.0,1485.4000244140625,1500.0999755859375,460150,0.0,0.0,COFORGE.NS
2026-06-22 10:00:00+05:30,1500.800048828125,1502.0,1489.9000244140625,1494.800048828125,274997,0.0,0.0,COFORGE.NS
2026-06-22 10:15:00+05:30,1494.699951171875,1495.699951171875,1481.0,1483.800048828125,237192,0.0,0.0,COFORGE.NS
2026-06-22 10:30:00+05:30,1484.300048828125,1484.699951171875,1475.0,1484.699951171875,234123,0.0,0.0,COFORGE.NS
2026-06-22 10:45:00+05:30,1484.800048828125,1491.9000244140625,1483.5,1491.9000244140625,140829,0.0,0.0,COFORGE.NS
2026-06-22 11:00:00+05:30,1491.9000244140625,1502.0,1490.0,1500.0999755859375,209836,0.0,0.0,COFORGE.NS
2026-06-22 11:15:00+05:30,1500.4000244140625,1501.300048828125,1494.300048828125,1498.800048828125,134360,0.0,0.0,COFORGE.NS
2026-06-22 11:30:00+05:30,1498.0,1498.800048828125,1495.5999755859375,1497.800048828125,86446,0.0,0.0,COFORGE.NS
2026-06-22 11:45:00+05:30,1497.800048828125,1497.9000244140625,1494.199951171875,1494.800048828125,68823,0.0,0.0,COFORGE.NS
2026-06-22 12:00:00+05:30,1495.9000244140625,1497.9000244140625,1494.0,1496.9000244140625,63614,0.0,0.0,COFORGE.NS
2026-06-22 12:15:00+05:30,1496.699951171875,1498.699951171875,1495.199951171875,1496.699951171875,70822,0.0,0.0,COFORGE.NS
2026-06-22 12:30:00+05:30,1496.5,1498.0,1494.199951171875,1495.5,47020,0.0,0.0,COFORGE.NS
2026-06-22 12:45:00+05:30,1495.5,1496.5,1493.0999755859375,1495.0,48738,0.0,0.0,COFORGE.NS
2026-06-22 13:00:00+05:30,1495.0999755859375,1495.699951171875,1492.0999755859375,1492.4000244140625,49105,0.0,0.0,COFORGE.NS
2026-06-22 13:15:00+05:30,1492.5,1495.0,1491.4000244140625,1494.0,54270,0.0,0.0,COFORGE.NS
2026-06-22 13:30:00+05:30,1494.5,1495.4000244140625,1491.9000244140625,1493.4000244140625,37343,0.0,0.0,COFORGE.NS
2026-06-22 13:45:00+05:30,1493.199951171875,1493.300048828125,1480.5,1483.699951171875,114378,0.0,0.0,COFORGE.NS
2026-06-22 14:00:00+05:30,1483.800048828125,1484.0999755859375,1481.5,1482.199951171875,66303,0.0,0.0,COFORGE.NS
2026-06-22 14:15:00+05:30,1481.9000244140625,1487.199951171875,1481.0,1487.0,70302,0.0,0.0,COFORGE.NS
2026-06-22 14:30:00+05:30,1487.0999755859375,1488.699951171875,1481.199951171875,1485.9000244140625,93650,0.0,0.0,COFORGE.NS
2026-06-22 14:45:00+05:30,1486.300048828125,1488.0,1482.5,1483.199951171875,135471,0.0,0.0,COFORGE.NS
2026-06-22 15:00:00+05:30,1485.0999755859375,1485.0999755859375,1482.0999755859375,1482.5,211819,0.0,0.0,COFORGE.NS
2026-06-22 15:15:00+05:30,1482.800048828125,1485.800048828125,1482.5999755859375,1485.800048828125,217250,0.0,0.0,COFORGE.NS
2026-06-23 09:15:00+05:30,1477.0,1490.9000244140625,1471.5,1482.0,194710,0.0,0.0,COFORGE.NS
2026-06-23 09:30:00+05:30,1482.0,1486.0,1477.0,1478.5,175948,0.0,0.0,COFORGE.NS
2026-06-23 09:45:00+05:30,1478.5,1490.800048828125,1477.0,1486.0,166347,0.0,0.0,COFORGE.NS
2026-06-23 10:00:00+05:30,1486.5,1490.5,1485.0999755859375,1487.0999755859375,71912,0.0,0.0,COFORGE.NS
2026-06-23 10:15:00+05:30,1486.699951171875,1487.0999755859375,1481.0999755859375,1481.9000244140625,50867,0.0,0.0,COFORGE.NS
2026-06-23 10:30:00+05:30,1481.5,1483.0,1477.699951171875,1481.9000244140625,81352,0.0,0.0,COFORGE.NS
2026-06-23 10:45:00+05:30,1481.9000244140625,1482.5,1477.0,1480.5999755859375,95453,0.0,0.0,COFORGE.NS
2026-06-23 11:00:00+05:30,1480.5999755859375,1481.0,1474.0,1475.300048828125,180833,0.0,0.0,COFORGE.NS
2026-06-23 11:15:00+05:30,1475.0999755859375,1480.300048828125,1474.9000244140625,1476.300048828125,39650,0.0,0.0,COFORGE.NS
2026-06-23 11:30:00+05:30,1476.800048828125,1479.300048828125,1471.4000244140625,1472.0,90432,0.0,0.0,COFORGE.NS
2026-06-23 11:45:00+05:30,1472.4000244140625,1478.5,1471.4000244140625,1473.5,103800,0.0,0.0,COFORGE.NS
2026-06-23 12:00:00+05:30,1473.199951171875,1478.9000244140625,1472.5,1473.699951171875,142640,0.0,0.0,COFORGE.NS
2026-06-23 12:15:00+05:30,1473.699951171875,1480.9000244140625,1473.699951171875,1478.800048828125,59043,0.0,0.0,COFORGE.NS
2026-06-23 12:30:00+05:30,1478.699951171875,1479.300048828125,1475.0,1475.0,26377,0.0,0.0,COFORGE.NS
2026-06-23 12:45:00+05:30,1475.0,1478.0,1473.0,1476.699951171875,58668,0.0,0.0,COFORGE.NS
2026-06-23 13:00:00+05:30,1476.699951171875,1476.699951171875,1472.0,1472.0999755859375,51753,0.0,0.0,COFORGE.NS
2026-06-23 13:15:00+05:30,1472.0,1474.4000244140625,1471.199951171875,1472.5999755859375,48163,0.0,0.0,COFORGE.NS
2026-06-23 13:30:00+05:30,1473.199951171875,1477.800048828125,1470.4000244140625,1476.5999755859375,93042,0.0,0.0,COFORGE.NS
2026-06-23 13:45:00+05:30,1476.5999755859375,1478.199951171875,1474.699951171875,1475.300048828125,57381,0.0,0.0,COFORGE.NS
2026-06-23 14:00:00+05:30,1475.300048828125,1476.9000244140625,1472.800048828125,1474.699951171875,29873,0.0,0.0,COFORGE.NS
2026-06-23 14:15:00+05:30,1474.5,1483.0,1473.9000244140625,1481.5999755859375,52950,0.0,0.0,COFORGE.NS
2026-06-23 14:30:00+05:30,1481.5,1483.199951171875,1480.0,1481.4000244140625,50385,0.0,0.0,COFORGE.NS
2026-06-23 14:45:00+05:30,1482.0,1485.5,1480.5999755859375,1483.9000244140625,85568,0.0,0.0,COFORGE.NS
2026-06-23 15:00:00+05:30,1484.0,1484.699951171875,1480.0,1481.300048828125,203242,0.0,0.0,COFORGE.NS
2026-06-23 15:15:00+05:30,1481.5999755859375,1482.0999755859375,1479.300048828125,1480.0,178032,0.0,0.0,COFORGE.NS
2026-06-24 09:15:00+05:30,1478.0999755859375,1504.0,1478.0999755859375,1492.4000244140625,147355,0.0,0.0,COFORGE.NS
2026-06-24 09:30:00+05:30,1492.5999755859375,1495.0,1484.4000244140625,1491.300048828125,201694,0.0,0.0,COFORGE.NS
2026-06-24 09:45:00+05:30,1492.0999755859375,1494.300048828125,1486.0,1489.300048828125,92347,0.0,0.0,COFORGE.NS
2026-06-24 10:00:00+05:30,1489.699951171875,1493.5999755859375,1489.0,1491.300048828125,60979,0.0,0.0,COFORGE.NS
2026-06-24 10:15:00+05:30,1491.0,1498.0,1487.800048828125,1495.5,122758,0.0,0.0,COFORGE.NS
2026-06-24 10:30:00+05:30,1496.0,1497.0999755859375,1493.199951171875,1495.300048828125,77656,0.0,0.0,COFORGE.NS
2026-06-24 10:45:00+05:30,1495.5,1496.5,1487.199951171875,1487.5,71328,0.0,0.0,COFORGE.NS
2026-06-24 11:00:00+05:30,1488.0,1489.800048828125,1483.0,1489.0,71913,0.0,0.0,COFORGE.NS
2026-06-24 11:15:00+05:30,1489.0,1490.9000244140625,1484.0,1484.4000244140625,57013,0.0,0.0,COFORGE.NS
2026-06-24 11:30:00+05:30,1484.4000244140625,1490.800048828125,1482.9000244140625,1490.0999755859375,42501,0.0,0.0,COFORGE.NS
2026-06-24 11:45:00+05:30,1491.4000244140625,1495.9000244140625,1490.699951171875,1493.5,71699,0.0,0.0,COFORGE.NS
2026-06-24 12:00:00+05:30,1493.5,1495.0,1487.0,1488.4000244140625,58752,0.0,0.0,COFORGE.NS
2026-06-24 12:15:00+05:30,1488.0,1489.9000244140625,1485.699951171875,1488.300048828125,15146,0.0,0.0,COFORGE.NS
2026-06-24 12:30:00+05:30,1487.5999755859375,1490.800048828125,1485.5999755859375,1489.5,14711,0.0,0.0,COFORGE.NS
2026-06-24 12:45:00+05:30,1489.5,1493.5999755859375,1489.0,1491.5,29038,0.0,0.0,COFORGE.NS
2026-06-24 13:00:00+05:30,1491.0999755859375,1496.699951171875,1491.0999755859375,1495.0,87451,0.0,0.0,COFORGE.NS
2026-06-24 13:15:00+05:30,1495.199951171875,1495.800048828125,1490.300048828125,1491.5,42532,0.0,0.0,COFORGE.NS
2026-06-24 13:30:00+05:30,1491.5,1495.0,1491.0,1494.9000244140625,23940,0.0,0.0,COFORGE.NS
2026-06-24 13:45:00+05:30,1494.300048828125,1496.9000244140625,1493.9000244140625,1495.5999755859375,57216,0.0,0.0,COFORGE.NS
2026-06-24 14:00:00+05:30,1495.5999755859375,1499.9000244140625,1494.5999755859375,1499.9000244140625,81747,0.0,0.0,COFORGE.NS
2026-06-24 14:15:00+05:30,1499.9000244140625,1504.0,1499.5,1503.199951171875,184557,0.0,0.0,COFORGE.NS
2026-06-24 14:30:00+05:30,1503.0,1503.0,1496.9000244140625,1501.800048828125,88923,0.0,0.0,COFORGE.NS
2026-06-24 14:45:00+05:30,1501.699951171875,1502.0,1498.699951171875,1498.800048828125,77283,0.0,0.0,COFORGE.NS
2026-06-24 15:00:00+05:30,1497.5999755859375,1499.9000244140625,1496.0999755859375,1499.0,101314,0.0,0.0,COFORGE.NS
2026-06-24 15:15:00+05:30,1498.9000244140625,1498.9000244140625,1496.199951171875,1497.4000244140625,198678,0.0,0.0,COFORGE.NS
2026-06-25 09:15:00+05:30,1513.5999755859375,1520.0,1504.0999755859375,1508.199951171875,105226,0.0,0.0,COFORGE.NS
2026-06-25 09:30:00+05:30,1508.5999755859375,1513.300048828125,1505.0,1511.5999755859375,160772,0.0,0.0,COFORGE.NS
2026-06-25 09:45:00+05:30,1511.9000244140625,1516.199951171875,1510.5,1514.199951171875,160270,0.0,0.0,COFORGE.NS
2026-06-25 10:00:00+05:30,1514.199951171875,1521.5,1513.0,1515.0,215077,0.0,0.0,COFORGE.NS
2026-06-25 10:15:00+05:30,1515.0999755859375,1515.0999755859375,1506.0,1506.5999755859375,97859,0.0,0.0,COFORGE.NS
2026-06-25 10:30:00+05:30,1506.9000244140625,1511.0,1505.699951171875,1509.5,108284,0.0,0.0,COFORGE.NS
2026-06-25 10:45:00+05:30,1509.199951171875,1509.5999755859375,1505.300048828125,1507.699951171875,84763,0.0,0.0,COFORGE.NS
2026-06-25 11:00:00+05:30,1507.699951171875,1507.699951171875,1494.5,1495.800048828125,122137,0.0,0.0,COFORGE.NS
2026-06-25 11:15:00+05:30,1495.300048828125,1495.9000244140625,1485.5999755859375,1486.800048828125,172299,0.0,0.0,COFORGE.NS
2026-06-25 11:30:00+05:30,1486.9000244140625,1497.5,1486.800048828125,1496.300048828125,93249,0.0,0.0,COFORGE.NS
2026-06-25 11:45:00+05:30,1496.0999755859375,1498.9000244140625,1495.5,1496.699951171875,102513,0.0,0.0,COFORGE.NS
2026-06-25 12:00:00+05:30,1496.699951171875,1501.0,1494.199951171875,1499.9000244140625,89549,0.0,0.0,COFORGE.NS
2026-06-25 12:15:00+05:30,1499.5,1500.5999755859375,1495.800048828125,1497.5,61348,0.0,0.0,COFORGE.NS
2026-06-25 12:30:00+05:30,1497.5,1497.5,1491.0999755859375,1492.800048828125,72178,0.0,0.0,COFORGE.NS
2026-06-25 12:45:00+05:30,1492.800048828125,1496.199951171875,1492.4000244140625,1493.0999755859375,56863,0.0,0.0,COFORGE.NS
2026-06-25 13:00:00+05:30,1493.4000244140625,1495.5999755859375,1490.5,1494.300048828125,48403,0.0,0.0,COFORGE.NS
2026-06-25 13:15:00+05:30,1494.4000244140625,1500.0,1493.9000244140625,1497.9000244140625,73441,0.0,0.0,COFORGE.NS
2026-06-25 13:30:00+05:30,1497.5999755859375,1504.699951171875,1496.699951171875,1501.699951171875,175533,0.0,0.0,COFORGE.NS
2026-06-25 13:45:00+05:30,1501.4000244140625,1502.800048828125,1499.4000244140625,1500.199951171875,67682,0.0,0.0,COFORGE.NS
2026-06-25 14:00:00+05:30,1500.5,1501.5999755859375,1498.0,1498.0,70294,0.0,0.0,COFORGE.NS
2026-06-25 14:15:00+05:30,1498.4000244140625,1498.4000244140625,1494.5999755859375,1495.0,70478,0.0,0.0,COFORGE.NS
2026-06-25 14:30:00+05:30,1495.199951171875,1501.800048828125,1495.0,1496.800048828125,109693,0.0,0.0,COFORGE.NS
2026-06-25 14:45:00+05:30,1496.5999755859375,1498.0,1494.0,1495.5,69681,0.0,0.0,COFORGE.NS
2026-06-25 15:00:00+05:30,1495.4000244140625,1495.4000244140625,1491.300048828125,1493.300048828125,140929,0.0,0.0,COFORGE.NS
2026-06-25 15:15:00+05:30,1493.300048828125,1494.9000244140625,1492.0,1493.0,204025,0.0,0.0,COFORGE.NS
2026-06-29 09:15:00+05:30,1494.9000244140625,1523.4000244140625,1494.9000244140625,1503.0,198729,0.0,0.0,COFORGE.NS
2026-06-29 09:30:00+05:30,1502.5999755859375,1503.800048828125,1493.199951171875,1495.4000244140625,211206,0.0,0.0,COFORGE.NS
2026-06-29 09:45:00+05:30,1495.0,1506.4000244140625,1487.199951171875,1506.4000244140625,243702,0.0,0.0,COFORGE.NS
2026-06-29 10:00:00+05:30,1507.0,1510.699951171875,1501.9000244140625,1504.800048828125,127869,0.0,0.0,COFORGE.NS
2026-06-29 10:15:00+05:30,1506.0,1522.699951171875,1501.0,1520.4000244140625,264196,0.0,0.0,COFORGE.NS
2026-06-29 10:30:00+05:30,1520.0999755859375,1523.0,1510.199951171875,1514.300048828125,137696,0.0,0.0,COFORGE.NS
2026-06-29 10:45:00+05:30,1513.9000244140625,1514.4000244140625,1505.0999755859375,1506.4000244140625,79268,0.0,0.0,COFORGE.NS
2026-06-29 11:00:00+05:30,1506.5,1512.300048828125,1506.300048828125,1508.0,96024,0.0,0.0,COFORGE.NS
2026-06-29 11:15:00+05:30,1508.0999755859375,1509.800048828125,1504.199951171875,1505.4000244140625,90909,0.0,0.0,COFORGE.NS
2026-06-29 11:30:00+05:30,1505.0999755859375,1508.5,1497.199951171875,1501.0999755859375,111117,0.0,0.0,COFORGE.NS
2026-06-29 11:45:00+05:30,1500.5999755859375,1504.5,1498.9000244140625,1500.9000244140625,101763,0.0,0.0,COFORGE.NS
2026-06-29 12:00:00+05:30,1500.5999755859375,1504.9000244140625,1498.5,1500.199951171875,142504,0.0,0.0,COFORGE.NS
2026-06-29 12:15:00+05:30,1500.5,1501.5999755859375,1497.5999755859375,1498.5,118882,0.0,0.0,COFORGE.NS
2026-06-29 12:30:00+05:30,1498.699951171875,1499.9000244140625,1496.9000244140625,1499.0,115136,0.0,0.0,COFORGE.NS
2026-06-29 12:45:00+05:30,1499.4000244140625,1503.0999755859375,1498.0,1500.4000244140625,224509,0.0,0.0,COFORGE.NS
2026-06-29 13:00:00+05:30,1501.4000244140625,1504.800048828125,1500.800048828125,1503.0,99280,0.0,0.0,COFORGE.NS
2026-06-29 13:15:00+05:30,1503.0,1503.800048828125,1498.800048828125,1501.4000244140625,177332,0.0,0.0,COFORGE.NS
2026-06-29 13:30:00+05:30,1501.0,1502.5,1497.9000244140625,1499.4000244140625,103006,0.0,0.0,COFORGE.NS
2026-06-29 13:45:00+05:30,1498.699951171875,1503.0,1498.5,1501.800048828125,108861,0.0,0.0,COFORGE.NS
2026-06-29 14:00:00+05:30,1501.699951171875,1504.300048828125,1499.0,1503.5999755859375,123339,0.0,0.0,COFORGE.NS
2026-06-29 14:15:00+05:30,1503.9000244140625,1503.9000244140625,1498.699951171875,1501.5999755859375,118722,0.0,0.0,COFORGE.NS
2026-06-29 14:30:00+05:30,1501.0999755859375,1504.800048828125,1498.800048828125,1504.199951171875,95638,0.0,0.0,COFORGE.NS
2026-06-29 14:45:00+05:30,1503.5999755859375,1504.4000244140625,1498.0,1499.9000244140625,287553,0.0,0.0,COFORGE.NS
2026-06-29 15:00:00+05:30,1499.0,1500.0999755859375,1490.199951171875,1493.199951171875,1357129,0.0,0.0,COFORGE.NS
2026-06-29 15:15:00+05:30,1493.0999755859375,1500.800048828125,1483.0,1500.0,1261069,0.0,0.0,COFORGE.NS
2026-06-30 09:15:00+05:30,1496.5999755859375,1500.0,1483.0,1486.199951171875,98938,0.0,0.0,COFORGE.NS
2026-06-30 09:30:00+05:30,1486.300048828125,1489.0,1481.5,1481.9000244140625,203539,0.0,0.0,COFORGE.NS
2026-06-30 09:45:00+05:30,1482.0,1488.9000244140625,1472.800048828125,1486.800048828125,211980,0.0,0.0,COFORGE.NS
2026-06-30 10:00:00+05:30,1487.0,1499.5,1486.300048828125,1488.0999755859375,125524,0.0,0.0,COFORGE.NS
2026-06-30 10:15:00+05:30,1487.800048828125,1498.0,1486.5,1493.5999755859375,58422,0.0,0.0,COFORGE.NS
2026-06-30 10:30:00+05:30,1494.0,1494.0,1486.199951171875,1488.0,183238,0.0,0.0,COFORGE.NS
2026-06-30 10:45:00+05:30,1489.5,1491.699951171875,1486.4000244140625,1489.0999755859375,88508,0.0,0.0,COFORGE.NS
2026-06-30 11:00:00+05:30,1489.0,1490.0999755859375,1486.5999755859375,1488.300048828125,43828,0.0,0.0,COFORGE.NS
2026-06-30 11:15:00+05:30,1489.5,1490.300048828125,1485.800048828125,1487.0999755859375,78239,0.0,0.0,COFORGE.NS
2026-06-30 11:30:00+05:30,1487.0999755859375,1489.9000244140625,1484.0999755859375,1488.800048828125,131152,0.0,0.0,COFORGE.NS
2026-06-30 11:45:00+05:30,1489.5999755859375,1489.5999755859375,1483.4000244140625,1484.0999755859375,116716,0.0,0.0,COFORGE.NS
2026-06-30 12:00:00+05:30,1484.699951171875,1489.0,1482.699951171875,1483.9000244140625,137199,0.0,0.0,COFORGE.NS
2026-06-30 12:15:00+05:30,1483.9000244140625,1488.0,1483.0999755859375,1487.699951171875,121574,0.0,0.0,COFORGE.NS
2026-06-30 12:30:00+05:30,1487.800048828125,1489.300048828125,1485.0999755859375,1485.5,158531,0.0,0.0,COFORGE.NS
2026-06-30 12:45:00+05:30,1485.699951171875,1487.0,1480.0,1480.5999755859375,125904,0.0,0.0,COFORGE.NS
2026-06-30 13:00:00+05:30,1480.5999755859375,1481.9000244140625,1476.5,1477.5,136975,0.0,0.0,COFORGE.NS
2026-06-30 13:15:00+05:30,1477.300048828125,1481.5,1477.199951171875,1481.4000244140625,55835,0.0,0.0,COFORGE.NS
2026-06-30 13:30:00+05:30,1481.4000244140625,1483.5999755859375,1480.0,1482.4000244140625,78237,0.0,0.0,COFORGE.NS
2026-06-30 13:45:00+05:30,1482.800048828125,1484.5,1481.800048828125,1484.0999755859375,120629,0.0,0.0,COFORGE.NS
2026-06-30 14:00:00+05:30,1484.699951171875,1489.9000244140625,1481.800048828125,1482.199951171875,307992,0.0,0.0,COFORGE.NS
2026-06-30 14:15:00+05:30,1483.0,1484.0,1471.0,1472.5,616114,0.0,0.0,COFORGE.NS
2026-06-30 14:30:00+05:30,1473.199951171875,1476.0,1466.5999755859375,1467.300048828125,357685,0.0,0.0,COFORGE.NS
2026-06-30 14:45:00+05:30,1467.4000244140625,1474.0,1462.5999755859375,1464.800048828125,260379,0.0,0.0,COFORGE.NS
2026-06-30 15:00:00+05:30,1464.800048828125,1466.5,1457.699951171875,1465.4000244140625,376008,0.0,0.0,COFORGE.NS
2026-06-30 15:15:00+05:30,1465.199951171875,1475.800048828125,1465.199951171875,1470.0,222950,0.0,0.0,COFORGE.NS
2026-07-01 09:15:00+05:30,1465.9000244140625,1468.199951171875,1460.0,1466.300048828125,52144,0.0,0.0,COFORGE.NS
2026-07-01 09:30:00+05:30,1464.699951171875,1466.0,1448.800048828125,1451.5,101835,0.0,0.0,COFORGE.NS
2026-07-01 09:45:00+05:30,1452.4000244140625,1459.4000244140625,1440.9000244140625,1442.5999755859375,109379,0.0,0.0,COFORGE.NS
2026-07-01 10:00:00+05:30,1442.5,1444.5999755859375,1425.0,1429.0999755859375,183055,0.0,0.0,COFORGE.NS
2026-07-01 10:15:00+05:30,1429.0999755859375,1429.4000244140625,1406.300048828125,1407.199951171875,179931,0.0,0.0,COFORGE.NS
2026-07-01 10:30:00+05:30,1407.300048828125,1418.699951171875,1407.300048828125,1412.5999755859375,145057,0.0,0.0,COFORGE.NS
2026-07-01 10:45:00+05:30,1412.5,1418.9000244140625,1411.0999755859375,1414.4000244140625,70213,0.0,0.0,COFORGE.NS
2026-07-01 11:00:00+05:30,1414.5,1415.800048828125,1409.0999755859375,1412.699951171875,56053,0.0,0.0,COFORGE.NS
2026-07-01 11:15:00+05:30,1412.699951171875,1414.699951171875,1406.699951171875,1408.9000244140625,103142,0.0,0.0,COFORGE.NS
2026-07-01 11:30:00+05:30,1408.800048828125,1409.0999755859375,1398.300048828125,1404.0,180208,0.0,0.0,COFORGE.NS
2026-07-01 11:45:00+05:30,1404.4000244140625,1416.0,1402.0999755859375,1416.0,195012,0.0,0.0,COFORGE.NS
2026-07-01 12:00:00+05:30,1416.0,1421.0,1414.800048828125,1418.199951171875,315253,0.0,0.0,COFORGE.NS
2026-07-01 12:15:00+05:30,1418.300048828125,1418.800048828125,1411.0,1411.5,86726,0.0,0.0,COFORGE.NS
2026-07-01 12:30:00+05:30,1412.5999755859375,1418.4000244140625,1412.5999755859375,1417.0,225297,0.0,0.0,COFORGE.NS
2026-07-01 12:45:00+05:30,1416.5,1417.800048828125,1405.5,1407.9000244140625,206657,0.0,0.0,COFORGE.NS
2026-07-01 13:00:00+05:30,1407.9000244140625,1411.0,1403.199951171875,1409.5999755859375,81800,0.0,0.0,COFORGE.NS
2026-07-01 13:15:00+05:30,1409.5999755859375,1410.300048828125,1403.0,1403.699951171875,66425,0.0,0.0,COFORGE.NS
2026-07-01 13:30:00+05:30,1403.699951171875,1405.5,1401.0,1404.5,71227,0.0,0.0,COFORGE.NS
2026-07-01 13:45:00+05:30,1404.699951171875,1406.0999755859375,1401.0,1401.699951171875,56930,0.0,0.0,COFORGE.NS
2026-07-01 14:00:00+05:30,1401.4000244140625,1403.699951171875,1398.0,1398.9000244140625,106611,0.0,0.0,COFORGE.NS
2026-07-01 14:15:00+05:30,1399.199951171875,1401.0,1393.5,1393.5999755859375,104075,0.0,0.0,COFORGE.NS
2026-07-01 14:30:00+05:30,1393.5,1395.5999755859375,1387.0,1388.0,147114,0.0,0.0,COFORGE.NS
2026-07-01 14:45:00+05:30,1388.5,1391.199951171875,1382.0,1384.0,189195,0.0,0.0,COFORGE.NS
2026-07-01 15:00:00+05:30,1386.0,1387.800048828125,1370.0999755859375,1370.800048828125,636091,0.0,0.0,COFORGE.NS
2026-07-01 15:15:00+05:30,1370.5,1372.5,1362.5,1368.0,908405,0.0,0.0,COFORGE.NS
2026-07-02 09:15:00+05:30,1397.0,1436.9000244140625,1396.800048828125,1434.0,698503,0.0,0.0,COFORGE.NS
2026-07-02 09:30:00+05:30,1433.9000244140625,1439.9000244140625,1430.0,1438.4000244140625,467840,0.0,0.0,COFORGE.NS
2026-07-02 09:45:00+05:30,1438.0,1443.5999755859375,1431.5,1438.5999755859375,400163,0.0,0.0,COFORGE.NS
2026-07-02 10:00:00+05:30,1439.0,1446.9000244140625,1430.800048828125,1435.800048828125,352555,0.0,0.0,COFORGE.NS
2026-07-02 10:15:00+05:30,1435.800048828125,1445.9000244140625,1435.0,1437.0,268594,0.0,0.0,COFORGE.NS
2026-07-02 10:30:00+05:30,1437.0,1438.699951171875,1430.0,1432.0,141542,0.0,0.0,COFORGE.NS
2026-07-02 10:45:00+05:30,1431.699951171875,1437.0,1431.0999755859375,1434.699951171875,87807,0.0,0.0,COFORGE.NS
2026-07-02 11:00:00+05:30,1434.5999755859375,1445.0,1432.0999755859375,1444.0,162653,0.0,0.0,COFORGE.NS
2026-07-02 11:15:00+05:30,1444.0,1452.800048828125,1443.5,1447.0,254521,0.0,0.0,COFORGE.NS
2026-07-02 11:30:00+05:30,1447.9000244140625,1449.0,1444.0,1445.9000244140625,109701,0.0,0.0,COFORGE.NS
2026-07-02 11:45:00+05:30,1445.9000244140625,1454.699951171875,1445.9000244140625,1450.5,174633,0.0,0.0,COFORGE.NS
2026-07-02 12:00:00+05:30,1450.300048828125,1457.4000244140625,1449.199951171875,1451.300048828125,167200,0.0,0.0,COFORGE.NS
2026-07-02 12:15:00+05:30,1451.0,1454.800048828125,1449.0999755859375,1453.0999755859375,72989,0.0,0.0,COFORGE.NS
2026-07-02 12:30:00+05:30,1453.0999755859375,1454.9000244140625,1446.4000244140625,1446.5999755859375,95059,0.0,0.0,COFORGE.NS
2026-07-02 12:45:00+05:30,1446.5999755859375,1452.699951171875,1444.699951171875,1445.0,121653,0.0,0.0,COFORGE.NS
2026-07-02 13:00:00+05:30,1445.0,1448.5,1440.9000244140625,1440.9000244140625,103669,0.0,0.0,COFORGE.NS
2026-07-02 13:15:00+05:30,1441.0,1446.0999755859375,1440.0,1444.699951171875,151239,0.0,0.0,COFORGE.NS
2026-07-02 13:30:00+05:30,1444.699951171875,1445.699951171875,1440.800048828125,1442.699951171875,76252,0.0,0.0,COFORGE.NS
2026-07-02 13:45:00+05:30,1442.699951171875,1447.5,1442.0999755859375,1444.0,93454,0.0,0.0,COFORGE.NS
2026-07-02 14:00:00+05:30,1444.5999755859375,1446.0,1444.0999755859375,1445.0999755859375,63881,0.0,0.0,COFORGE.NS
2026-07-02 14:15:00+05:30,1445.0,1446.0,1442.0,1444.4000244140625,128096,0.0,0.0,COFORGE.NS
2026-07-02 14:30:00+05:30,1444.4000244140625,1452.0,1444.199951171875,1450.0,133429,0.0,0.0,COFORGE.NS
2026-07-02 14:45:00+05:30,1450.0,1451.9000244140625,1448.5,1449.300048828125,125756,0.0,0.0,COFORGE.NS
2026-07-02 15:00:00+05:30,1448.5999755859375,1450.0,1442.0,1443.0999755859375,269661,0.0,0.0,COFORGE.NS
2026-07-02 15:15:00+05:30,1443.300048828125,1444.699951171875,1437.0,1441.9000244140625,514647,0.0,0.0,COFORGE.NS
2026-07-03 09:15:00+05:30,1460.5,1480.4000244140625,1460.5,1471.300048828125,136047,0.0,0.0,COFORGE.NS
2026-07-03 09:30:00+05:30,1471.199951171875,1473.699951171875,1451.699951171875,1451.699951171875,341430,0.0,0.0,COFORGE.NS
2026-07-03 09:45:00+05:30,1452.0,1474.4000244140625,1451.0999755859375,1470.5999755859375,226660,0.0,0.0,COFORGE.NS
2026-07-03 10:00:00+05:30,1470.0999755859375,1475.0,1464.0,1469.0999755859375,150655,0.0,0.0,COFORGE.NS
2026-07-03 10:15:00+05:30,1469.0,1469.0,1462.5,1464.0999755859375,91284,0.0,0.0,COFORGE.NS
2026-07-03 10:30:00+05:30,1464.0999755859375,1470.699951171875,1463.300048828125,1467.800048828125,111179,0.0,0.0,COFORGE.NS
2026-07-03 10:45:00+05:30,1468.0999755859375,1474.699951171875,1468.0999755859375,1472.5,97972,0.0,0.0,COFORGE.NS
2026-07-03 11:00:00+05:30,1472.199951171875,1479.0,1471.9000244140625,1473.800048828125,194912,0.0,0.0,COFORGE.NS
2026-07-03 11:15:00+05:30,1473.0999755859375,1487.5999755859375,1471.0,1481.0,254805,0.0,0.0,COFORGE.NS
2026-07-03 11:30:00+05:30,1481.199951171875,1487.0,1479.5999755859375,1483.5999755859375,116825,0.0,0.0,COFORGE.NS
2026-07-03 11:45:00+05:30,1483.300048828125,1490.9000244140625,1481.199951171875,1481.699951171875,140508,0.0,0.0,COFORGE.NS
2026-07-03 12:00:00+05:30,1481.699951171875,1490.0,1480.199951171875,1489.699951171875,85555,0.0,0.0,COFORGE.NS
2026-07-03 12:15:00+05:30,1489.699951171875,1491.0999755859375,1485.9000244140625,1489.199951171875,101530,0.0,0.0,COFORGE.NS
2026-07-03 12:30:00+05:30,1489.199951171875,1492.800048828125,1488.199951171875,1491.699951171875,96461,0.0,0.0,COFORGE.NS
2026-07-03 12:45:00+05:30,1491.5,1492.0,1487.0,1490.4000244140625,61602,0.0,0.0,COFORGE.NS
2026-07-03 13:00:00+05:30,1489.9000244140625,1489.9000244140625,1482.199951171875,1484.5999755859375,125492,0.0,0.0,COFORGE.NS
2026-07-03 13:15:00+05:30,1484.4000244140625,1486.0,1480.699951171875,1481.300048828125,125811,0.0,0.0,COFORGE.NS
2026-07-03 13:30:00+05:30,1481.4000244140625,1481.5999755859375,1475.5999755859375,1476.800048828125,88828,0.0,0.0,COFORGE.NS
2026-07-03 13:45:00+05:30,1477.0,1477.5,1473.800048828125,1474.4000244140625,55252,0.0,0.0,COFORGE.NS
2026-07-03 14:00:00+05:30,1474.4000244140625,1476.800048828125,1472.699951171875,1475.5,72287,0.0,0.0,COFORGE.NS
2026-07-03 14:15:00+05:30,1475.5,1476.9000244140625,1473.199951171875,1475.0,77634,0.0,0.0,COFORGE.NS
2026-07-03 14:30:00+05:30,1474.9000244140625,1476.699951171875,1471.0999755859375,1471.699951171875,70921,0.0,0.0,COFORGE.NS
2026-07-03 14:45:00+05:30,1472.0,1472.699951171875,1465.300048828125,1466.5,119929,0.0,0.0,COFORGE.NS
2026-07-03 15:00:00+05:30,1466.5,1470.0,1461.9000244140625,1463.0,411487,0.0,0.0,COFORGE.NS
2026-07-03 15:15:00+05:30,1463.199951171875,1467.5999755859375,1461.699951171875,1464.0,430709,0.0,0.0,COFORGE.NS
2026-07-06 09:15:00+05:30,1464.0,1490.4000244140625,1462.5999755859375,1488.0,132073,0.0,0.0,COFORGE.NS
2026-07-06 09:30:00+05:30,1487.9000244140625,1489.800048828125,1482.4000244140625,1486.5,142814,0.0,0.0,COFORGE.NS
2026-07-06 09:45:00+05:30,1485.800048828125,1486.5999755859375,1474.4000244140625,1475.9000244140625,65029,0.0,0.0,COFORGE.NS
2026-07-06 10:00:00+05:30,1475.4000244140625,1475.5999755859375,1468.300048828125,1469.5,66514,0.0,0.0,COFORGE.NS
2026-07-06 10:15:00+05:30,1469.800048828125,1481.0,1469.199951171875,1479.199951171875,79681,0.0,0.0,COFORGE.NS
2026-07-06 10:30:00+05:30,1479.0999755859375,1484.800048828125,1466.4000244140625,1468.5999755859375,59205,0.0,0.0,COFORGE.NS
2026-07-06 10:45:00+05:30,1468.5999755859375,1477.9000244140625,1468.5999755859375,1475.800048828125,31701,0.0,0.0,COFORGE.NS
2026-07-06 11:00:00+05:30,1476.0,1477.0999755859375,1470.300048828125,1476.0,272878,0.0,0.0,COFORGE.NS
2026-07-06 11:15:00+05:30,1476.0,1479.0,1474.699951171875,1478.5,20899,0.0,0.0,COFORGE.NS
2026-07-06 11:30:00+05:30,1478.5,1481.0,1477.199951171875,1479.5999755859375,24103,0.0,0.0,COFORGE.NS
2026-07-06 11:45:00+05:30,1480.0,1480.4000244140625,1477.0999755859375,1478.0,15127,0.0,0.0,COFORGE.NS
2026-07-06 12:00:00+05:30,1478.0,1478.9000244140625,1473.800048828125,1475.5999755859375,19044,0.0,0.0,COFORGE.NS
2026-07-06 12:15:00+05:30,1475.800048828125,1477.9000244140625,1475.0,1476.699951171875,19072,0.0,0.0,COFORGE.NS
2026-07-06 12:30:00+05:30,1476.800048828125,1479.5999755859375,1476.4000244140625,1479.5,8000,0.0,0.0,COFORGE.NS
2026-07-06 12:45:00+05:30,1479.5,1480.0,1476.5,1478.300048828125,27331,0.0,0.0,COFORGE.NS
2026-07-06 13:00:00+05:30,1478.300048828125,1479.0,1475.9000244140625,1477.4000244140625,18121,0.0,0.0,COFORGE.NS
2026-07-06 13:15:00+05:30,1477.4000244140625,1478.9000244140625,1475.800048828125,1478.9000244140625,10779,0.0,0.0,COFORGE.NS
2026-07-06 13:30:00+05:30,1478.9000244140625,1484.199951171875,1478.5999755859375,1481.800048828125,23619,0.0,0.0,COFORGE.NS
2026-07-06 13:45:00+05:30,1481.5999755859375,1481.699951171875,1478.199951171875,1479.699951171875,14673,0.0,0.0,COFORGE.NS
2026-07-06 14:00:00+05:30,1479.699951171875,1481.199951171875,1477.199951171875,1480.4000244140625,22939,0.0,0.0,COFORGE.NS
2026-07-06 14:15:00+05:30,1480.300048828125,1481.0,1474.0,1475.5999755859375,37945,0.0,0.0,COFORGE.NS
2026-07-06 14:30:00+05:30,1475.5999755859375,1476.199951171875,1473.0999755859375,1474.199951171875,38995,0.0,0.0,COFORGE.NS
2026-07-06 14:45:00+05:30,1474.199951171875,1479.4000244140625,1472.699951171875,1477.9000244140625,92105,0.0,0.0,COFORGE.NS
2026-07-06 15:00:00+05:30,1478.9000244140625,1484.0999755859375,1478.199951171875,1482.5999755859375,79306,0.0,0.0,COFORGE.NS
2026-07-06 15:15:00+05:30,1482.5999755859375,1484.0,1479.800048828125,1481.9000244140625,101562,0.0,0.0,COFORGE.NS
2026-07-07 09:15:00+05:30,1483.0,1509.0,1483.0,1502.5999755859375,248915,0.0,0.0,COFORGE.NS
2026-07-07 09:30:00+05:30,1501.800048828125,1507.800048828125,1496.0999755859375,1506.300048828125,154888,0.0,0.0,COFORGE.NS
2026-07-07 09:45:00+05:30,1506.5,1509.9000244140625,1500.800048828125,1503.0,183891,0.0,0.0,COFORGE.NS
2026-07-07 10:00:00+05:30,1503.300048828125,1508.9000244140625,1500.4000244140625,1504.300048828125,170519,0.0,0.0,COFORGE.NS
2026-07-07 10:15:00+05:30,1504.0,1504.0,1496.5999755859375,1496.5999755859375,165074,0.0,0.0,COFORGE.NS
2026-07-07 10:30:00+05:30,1496.4000244140625,1498.699951171875,1493.4000244140625,1494.0999755859375,99906,0.0,0.0,COFORGE.NS
2026-07-07 10:45:00+05:30,1494.0999755859375,1500.800048828125,1491.0999755859375,1500.0,132939,0.0,0.0,COFORGE.NS
2026-07-07 11:00:00+05:30,1500.0,1509.199951171875,1500.0,1503.5999755859375,306877,0.0,0.0,COFORGE.NS
2026-07-07 11:15:00+05:30,1504.199951171875,1508.9000244140625,1503.0,1505.0,97771,0.0,0.0,COFORGE.NS
2026-07-07 11:30:00+05:30,1504.5999755859375,1508.9000244140625,1502.300048828125,1508.5,81068,0.0,0.0,COFORGE.NS
2026-07-07 11:45:00+05:30,1508.5,1511.300048828125,1507.5999755859375,1509.800048828125,127130,0.0,0.0,COFORGE.NS
2026-07-07 12:00:00+05:30,1509.800048828125,1512.0,1507.9000244140625,1508.4000244140625,94180,0.0,0.0,COFORGE.NS
2026-07-07 12:15:00+05:30,1508.5,1511.0,1501.0,1501.0,110435,0.0,0.0,COFORGE.NS
2026-07-07 12:30:00+05:30,1502.800048828125,1505.0,1497.4000244140625,1504.5,104501,0.0,0.0,COFORGE.NS
2026-07-07 12:45:00+05:30,1504.0,1508.4000244140625,1500.699951171875,1506.4000244140625,79889,0.0,0.0,COFORGE.NS
2026-07-07 13:00:00+05:30,1506.300048828125,1508.0,1504.5999755859375,1507.5999755859375,60092,0.0,0.0,COFORGE.NS
2026-07-07 13:15:00+05:30,1507.4000244140625,1508.0,1506.0,1507.800048828125,52312,0.0,0.0,COFORGE.NS
2026-07-07 13:30:00+05:30,1507.800048828125,1509.5999755859375,1505.699951171875,1509.199951171875,52394,0.0,0.0,COFORGE.NS
2026-07-07 13:45:00+05:30,1508.9000244140625,1518.0,1508.0999755859375,1514.300048828125,184056,0.0,0.0,COFORGE.NS
2026-07-07 14:00:00+05:30,1514.5,1522.4000244140625,1511.699951171875,1520.4000244140625,170686,0.0,0.0,COFORGE.NS
2026-07-07 14:15:00+05:30,1520.5999755859375,1522.300048828125,1518.0,1519.0,75636,0.0,0.0,COFORGE.NS
2026-07-07 14:30:00+05:30,1518.5999755859375,1522.0,1518.0,1519.300048828125,81967,0.0,0.0,COFORGE.NS
2026-07-07 14:45:00+05:30,1519.0,1519.5999755859375,1516.199951171875,1518.0999755859375,122323,0.0,0.0,COFORGE.NS
2026-07-07 15:00:00+05:30,1518.699951171875,1518.9000244140625,1515.0999755859375,1517.800048828125,124866,0.0,0.0,COFORGE.NS
2026-07-07 15:15:00+05:30,1518.300048828125,1518.699951171875,1510.0,1512.0,217364,0.0,0.0,COFORGE.NS
2026-07-08 09:15:00+05:30,1511.300048828125,1512.5,1503.5,1511.0999755859375,127383,0.0,0.0,COFORGE.NS
2026-07-08 09:30:00+05:30,1511.5,1511.5999755859375,1490.800048828125,1491.4000244140625,247623,0.0,0.0,COFORGE.NS
2026-07-08 09:45:00+05:30,1491.5,1493.4000244140625,1480.5999755859375,1486.0999755859375,139969,0.0,0.0,COFORGE.NS
2026-07-08 10:00:00+05:30,1485.800048828125,1487.5,1479.0999755859375,1482.9000244140625,108982,0.0,0.0,COFORGE.NS
2026-07-08 10:15:00+05:30,1482.800048828125,1488.9000244140625,1480.0999755859375,1481.9000244140625,73441,0.0,0.0,COFORGE.NS
2026-07-08 10:30:00+05:30,1482.0999755859375,1483.0999755859375,1477.0999755859375,1480.0999755859375,105875,0.0,0.0,COFORGE.NS
2026-07-08 10:45:00+05:30,1480.0,1480.9000244140625,1474.0999755859375,1478.0999755859375,107594,0.0,0.0,COFORGE.NS
2026-07-08 11:00:00+05:30,1478.199951171875,1479.5,1474.0999755859375,1475.0999755859375,53241,0.0,0.0,COFORGE.NS
2026-07-08 11:15:00+05:30,1475.0999755859375,1482.5,1473.0999755859375,1473.800048828125,64801,0.0,0.0,COFORGE.NS
2026-07-08 11:30:00+05:30,1473.9000244140625,1474.9000244140625,1470.0,1471.5999755859375,84276,0.0,0.0,COFORGE.NS
2026-07-08 11:45:00+05:30,1471.5,1474.0,1469.699951171875,1474.0,46161,0.0,0.0,COFORGE.NS
2026-07-08 12:00:00+05:30,1474.300048828125,1474.300048828125,1471.5,1473.0,42913,0.0,0.0,COFORGE.NS
2026-07-08 12:15:00+05:30,1473.0,1473.0,1468.9000244140625,1470.4000244140625,53770,0.0,0.0,COFORGE.NS
2026-07-08 12:30:00+05:30,1470.300048828125,1471.0,1466.800048828125,1467.699951171875,41514,0.0,0.0,COFORGE.NS
2026-07-08 12:45:00+05:30,1467.800048828125,1468.0999755859375,1460.0999755859375,1462.5999755859375,116012,0.0,0.0,COFORGE.NS
2026-07-08 13:00:00+05:30,1462.5999755859375,1462.800048828125,1457.4000244140625,1457.9000244140625,70390,0.0,0.0,COFORGE.NS
2026-07-08 13:15:00+05:30,1457.800048828125,1468.9000244140625,1457.5,1466.0,135190,0.0,0.0,COFORGE.NS
2026-07-08 13:30:00+05:30,1466.199951171875,1469.5,1465.0,1467.699951171875,86718,0.0,0.0,COFORGE.NS
2026-07-08 13:45:00+05:30,1467.800048828125,1467.800048828125,1453.0999755859375,1453.0999755859375,117193,0.0,0.0,COFORGE.NS
2026-07-08 14:00:00+05:30,1452.9000244140625,1453.199951171875,1441.199951171875,1441.300048828125,132550,0.0,0.0,COFORGE.NS
2026-07-08 14:15:00+05:30,1441.4000244140625,1445.0,1437.0,1437.4000244140625,97196,0.0,0.0,COFORGE.NS
2026-07-08 14:30:00+05:30,1437.199951171875,1441.0,1436.0,1438.9000244140625,94483,0.0,0.0,COFORGE.NS
2026-07-08 14:45:00+05:30,1438.699951171875,1438.9000244140625,1434.699951171875,1438.0999755859375,114258,0.0,0.0,COFORGE.NS
2026-07-08 15:00:00+05:30,1438.4000244140625,1451.699951171875,1438.4000244140625,1447.800048828125,209169,0.0,0.0,COFORGE.NS
2026-07-08 15:15:00+05:30,1448.199951171875,1449.0,1442.0,1444.0,177655,0.0,0.0,COFORGE.NS
2026-07-09 09:15:00+05:30,1447.0,1449.699951171875,1428.300048828125,1443.199951171875,105243,0.0,0.0,COFORGE.NS
2026-07-09 09:30:00+05:30,1443.9000244140625,1464.0,1443.5,1460.9000244140625,155438,0.0,0.0,COFORGE.NS
2026-07-09 09:45:00+05:30,1461.4000244140625,1465.9000244140625,1454.0,1459.4000244140625,123444,0.0,0.0,COFORGE.NS
2026-07-09 10:00:00+05:30,1459.9000244140625,1465.0,1458.0,1459.699951171875,67922,0.0,0.0,COFORGE.NS
2026-07-09 10:15:00+05:30,1460.5,1462.300048828125,1457.5,1460.0,29220,0.0,0.0,COFORGE.NS
2026-07-09 10:30:00+05:30,1459.4000244140625,1466.9000244140625,1457.0999755859375,1462.300048828125,70108,0.0,0.0,COFORGE.NS
2026-07-09 10:45:00+05:30,1462.300048828125,1467.0999755859375,1459.0999755859375,1460.699951171875,66371,0.0,0.0,COFORGE.NS
2026-07-09 11:00:00+05:30,1460.9000244140625,1466.5,1459.0999755859375,1463.4000244140625,124040,0.0,0.0,COFORGE.NS
2026-07-09 11:15:00+05:30,1463.9000244140625,1465.0,1462.0,1462.9000244140625,29396,0.0,0.0,COFORGE.NS
2026-07-09 11:30:00+05:30,1463.0,1468.5,1463.0,1468.5,52684,0.0,0.0,COFORGE.NS
2026-07-09 11:45:00+05:30,1468.699951171875,1477.0,1468.5999755859375,1472.9000244140625,81228,0.0,0.0,COFORGE.NS
2026-07-09 12:00:00+05:30,1472.9000244140625,1477.0,1470.0999755859375,1470.5999755859375,74826,0.0,0.0,COFORGE.NS
2026-07-09 12:15:00+05:30,1471.0,1472.5,1465.5999755859375,1469.5999755859375,44254,0.0,0.0,COFORGE.NS
2026-07-09 12:30:00+05:30,1469.5999755859375,1471.0,1468.0,1468.4000244140625,18907,0.0,0.0,COFORGE.NS
2026-07-09 12:45:00+05:30,1468.4000244140625,1475.0,1468.300048828125,1472.699951171875,48837,0.0,0.0,COFORGE.NS
2026-07-09 13:00:00+05:30,1472.5,1475.0999755859375,1472.0,1473.5999755859375,26967,0.0,0.0,COFORGE.NS
2026-07-09 13:15:00+05:30,1474.0,1476.5999755859375,1473.199951171875,1473.800048828125,29502,0.0,0.0,COFORGE.NS
2026-07-09 13:30:00+05:30,1473.800048828125,1474.9000244140625,1472.0999755859375,1474.0999755859375,18214,0.0,0.0,COFORGE.NS
2026-07-09 13:45:00+05:30,1474.0999755859375,1474.9000244140625,1472.699951171875,1473.5,14990,0.0,0.0,COFORGE.NS
2026-07-09 14:00:00+05:30,1474.0,1474.9000244140625,1469.300048828125,1471.9000244140625,20292,0.0,0.0,COFORGE.NS
2026-07-09 14:15:00+05:30,1472.300048828125,1472.699951171875,1469.199951171875,1471.0999755859375,25286,0.0,0.0,COFORGE.NS
2026-07-09 14:30:00+05:30,1471.0999755859375,1475.0,1470.199951171875,1472.5999755859375,45953,0.0,0.0,COFORGE.NS
2026-07-09 14:45:00+05:30,1472.199951171875,1472.5,1470.0999755859375,1470.9000244140625,23449,0.0,0.0,COFORGE.NS
2026-07-09 15:00:00+05:30,1470.5,1470.5,1465.5,1466.4000244140625,99479,0.0,0.0,COFORGE.NS
2026-07-09 15:15:00+05:30,1466.5999755859375,1473.4000244140625,1465.699951171875,1471.9000244140625,130174,0.0,0.0,COFORGE.NS
2026-07-10 09:15:00+05:30,1504.199951171875,1522.5999755859375,1494.4000244140625,1498.0999755859375,321752,0.0,0.0,COFORGE.NS
2026-07-10 09:30:00+05:30,1498.0999755859375,1503.699951171875,1490.0,1500.699951171875,195910,0.0,0.0,COFORGE.NS
2026-07-10 09:45:00+05:30,1500.699951171875,1505.5,1500.300048828125,1505.0,81700,0.0,0.0,COFORGE.NS
2026-07-10 10:00:00+05:30,1504.9000244140625,1509.800048828125,1502.5999755859375,1507.4000244140625,106433,0.0,0.0,COFORGE.NS
2026-07-10 10:15:00+05:30,1507.4000244140625,1513.800048828125,1506.300048828125,1512.9000244140625,93776,0.0,0.0,COFORGE.NS
2026-07-10 10:30:00+05:30,1512.300048828125,1513.699951171875,1507.800048828125,1509.199951171875,78288,0.0,0.0,COFORGE.NS
2026-07-10 10:45:00+05:30,1509.199951171875,1512.9000244140625,1507.5,1510.9000244140625,150493,0.0,0.0,COFORGE.NS
2026-07-10 11:00:00+05:30,1510.4000244140625,1511.9000244140625,1508.0,1510.300048828125,65234,0.0,0.0,COFORGE.NS
2026-07-10 11:15:00+05:30,1510.5999755859375,1512.300048828125,1508.0,1508.800048828125,57503,0.0,0.0,COFORGE.NS
2026-07-10 11:30:00+05:30,1508.5999755859375,1510.5999755859375,1504.199951171875,1506.4000244140625,76804,0.0,0.0,COFORGE.NS
2026-07-10 11:45:00+05:30,1506.5,1507.300048828125,1497.199951171875,1498.0,120388,0.0,0.0,COFORGE.NS
2026-07-10 12:00:00+05:30,1497.5999755859375,1507.9000244140625,1496.5999755859375,1507.9000244140625,61746,0.0,0.0,COFORGE.NS
2026-07-10 12:15:00+05:30,1507.9000244140625,1509.300048828125,1507.4000244140625,1508.4000244140625,44713,0.0,0.0,COFORGE.NS
2026-07-10 12:30:00+05:30,1508.4000244140625,1508.5,1505.0999755859375,1506.300048828125,34960,0.0,0.0,COFORGE.NS
2026-07-10 12:45:00+05:30,1506.300048828125,1506.5,1502.5,1504.0,49392,0.0,0.0,COFORGE.NS
2026-07-10 13:00:00+05:30,1504.199951171875,1507.300048828125,1503.5999755859375,1504.800048828125,58685,0.0,0.0,COFORGE.NS
2026-07-10 13:15:00+05:30,1504.9000244140625,1508.699951171875,1504.300048828125,1505.199951171875,91352,0.0,0.0,COFORGE.NS
2026-07-10 13:30:00+05:30,1505.199951171875,1506.199951171875,1503.300048828125,1505.9000244140625,45110,0.0,0.0,COFORGE.NS
2026-07-10 13:45:00+05:30,1505.800048828125,1506.300048828125,1504.699951171875,1506.300048828125,40212,0.0,0.0,COFORGE.NS
2026-07-10 14:00:00+05:30,1506.0,1506.0,1502.0,1503.800048828125,36697,0.0,0.0,COFORGE.NS
2026-07-10 14:15:00+05:30,1503.4000244140625,1504.800048828125,1499.4000244140625,1503.4000244140625,72014,0.0,0.0,COFORGE.NS
2026-07-10 14:30:00+05:30,1503.300048828125,1504.5999755859375,1500.5,1501.800048828125,40092,0.0,0.0,COFORGE.NS
2026-07-10 14:45:00+05:30,1501.5,1505.0,1501.4000244140625,1505.0,59017,0.0,0.0,COFORGE.NS
2026-07-10 15:00:00+05:30,1505.0,1506.5999755859375,1501.800048828125,1504.199951171875,140840,0.0,0.0,COFORGE.NS
2026-07-10 15:15:00+05:30,1504.5,1504.9000244140625,1502.0,1503.800048828125,184382,0.0,0.0,COFORGE.NS
2026-07-13 09:15:00+05:30,1493.0,1493.0,1470.699951171875,1477.0999755859375,165229,0.0,0.0,COFORGE.NS
2026-07-13 09:30:00+05:30,1477.5,1490.0,1475.0,1486.300048828125,135848,0.0,0.0,COFORGE.NS
2026-07-13 09:45:00+05:30,1486.0,1494.9000244140625,1485.0,1490.0,124953,0.0,0.0,COFORGE.NS
2026-07-13 10:00:00+05:30,1490.0,1490.800048828125,1480.699951171875,1481.9000244140625,69546,0.0,0.0,COFORGE.NS
2026-07-13 10:15:00+05:30,1482.0,1487.300048828125,1481.0,1487.300048828125,100978,0.0,0.0,COFORGE.NS
2026-07-13 10:30:00+05:30,1486.699951171875,1494.9000244140625,1486.0,1491.699951171875,110225,0.0,0.0,COFORGE.NS
2026-07-13 10:45:00+05:30,1491.9000244140625,1512.9000244140625,1491.9000244140625,1511.800048828125,256893,0.0,0.0,COFORGE.NS
2026-07-13 11:00:00+05:30,1511.5999755859375,1520.300048828125,1510.0,1518.0,179024,0.0,0.0,COFORGE.NS
2026-07-13 11:15:00+05:30,1518.0,1518.199951171875,1508.699951171875,1510.5999755859375,300846,0.0,0.0,COFORGE.NS
2026-07-13 11:30:00+05:30,1510.5999755859375,1517.0,1509.5999755859375,1514.4000244140625,172701,0.0,0.0,COFORGE.NS
2026-07-13 11:45:00+05:30,1514.300048828125,1529.9000244140625,1513.9000244140625,1528.5,284851,0.0,0.0,COFORGE.NS
2026-07-13 12:00:00+05:30,1528.5,1532.0,1523.199951171875,1527.4000244140625,546689,0.0,0.0,COFORGE.NS
2026-07-13 12:15:00+05:30,1527.800048828125,1527.800048828125,1515.0,1521.0,184882,0.0,0.0,COFORGE.NS
2026-07-13 12:30:00+05:30,1520.9000244140625,1535.0,1520.9000244140625,1535.0,291104,0.0,0.0,COFORGE.NS
2026-07-13 12:45:00+05:30,1534.699951171875,1536.4000244140625,1532.0,1533.800048828125,220595,0.0,0.0,COFORGE.NS
2026-07-13 13:00:00+05:30,1533.4000244140625,1540.0,1528.0,1538.800048828125,286695,0.0,0.0,COFORGE.NS
2026-07-13 13:15:00+05:30,1538.9000244140625,1538.9000244140625,1530.4000244140625,1533.0,122602,0.0,0.0,COFORGE.NS
2026-07-13 13:30:00+05:30,1532.699951171875,1543.800048828125,1532.199951171875,1537.5999755859375,187323,0.0,0.0,COFORGE.NS
2026-07-13 13:45:00+05:30,1537.0999755859375,1539.0,1535.699951171875,1536.5,61675,0.0,0.0,COFORGE.NS
2026-07-13 14:00:00+05:30,1537.0,1543.0,1536.5,1542.699951171875,119276,0.0,0.0,COFORGE.NS
2026-07-13 14:15:00+05:30,1542.5,1547.699951171875,1539.0,1541.199951171875,200516,0.0,0.0,COFORGE.NS
2026-07-13 14:30:00+05:30,1541.199951171875,1542.300048828125,1537.300048828125,1540.9000244140625,100279,0.0,0.0,COFORGE.NS
2026-07-13 14:45:00+05:30,1541.300048828125,1546.699951171875,1539.300048828125,1543.199951171875,168385,0.0,0.0,COFORGE.NS
2026-07-13 15:00:00+05:30,1543.0999755859375,1543.0999755859375,1538.0,1539.5,253899,0.0,0.0,COFORGE.NS
2026-07-13 15:15:00+05:30,1539.5999755859375,1545.9000244140625,1538.5,1540.9000244140625,310877,0.0,0.0,COFORGE.NS
2026-07-14 09:15:00+05:30,1547.0,1568.699951171875,1545.0999755859375,1567.5,389086,0.0,0.0,COFORGE.NS
2026-07-14 09:30:00+05:30,1567.5,1568.9000244140625,1558.800048828125,1559.4000244140625,350513,0.0,0.0,COFORGE.NS
2026-07-14 09:45:00+05:30,1559.4000244140625,1560.0,1544.300048828125,1546.199951171875,283119,0.0,0.0,COFORGE.NS
2026-07-14 10:00:00+05:30,1545.699951171875,1549.800048828125,1542.199951171875,1547.5999755859375,118960,0.0,0.0,COFORGE.NS
2026-07-14 10:15:00+05:30,1547.5999755859375,1556.699951171875,1544.0,1555.9000244140625,122248,0.0,0.0,COFORGE.NS
2026-07-14 10:30:00+05:30,1556.199951171875,1558.0,1550.0999755859375,1551.0,81597,0.0,0.0,COFORGE.NS
2026-07-14 10:45:00+05:30,1551.699951171875,1553.9000244140625,1550.0,1551.5999755859375,51421,0.0,0.0,COFORGE.NS
2026-07-14 11:00:00+05:30,1551.5,1554.9000244140625,1548.0,1554.699951171875,69531,0.0,0.0,COFORGE.NS
2026-07-14 11:15:00+05:30,1554.0,1556.5999755859375,1553.199951171875,1556.0,55232,0.0,0.0,COFORGE.NS
2026-07-14 11:30:00+05:30,1556.5999755859375,1556.5999755859375,1549.0999755859375,1551.0,41032,0.0,0.0,COFORGE.NS
2026-07-14 11:45:00+05:30,1551.5,1554.0,1548.5,1549.4000244140625,53054,0.0,0.0,COFORGE.NS
2026-07-14 12:00:00+05:30,1549.0999755859375,1549.300048828125,1542.0,1542.9000244140625,75100,0.0,0.0,COFORGE.NS
2026-07-14 12:15:00+05:30,1542.5999755859375,1546.699951171875,1539.0999755859375,1541.5999755859375,66360,0.0,0.0,COFORGE.NS
2026-07-14 12:30:00+05:30,1541.0999755859375,1544.0,1539.0999755859375,1541.300048828125,61340,0.0,0.0,COFORGE.NS
2026-07-14 12:45:00+05:30,1541.0999755859375,1545.9000244140625,1540.4000244140625,1543.5999755859375,37500,0.0,0.0,COFORGE.NS
2026-07-14 13:00:00+05:30,1543.5999755859375,1543.5999755859375,1537.5,1539.5,59534,0.0,0.0,COFORGE.NS
2026-07-14 13:15:00+05:30,1539.5,1543.199951171875,1536.5,1537.699951171875,55586,0.0,0.0,COFORGE.NS
2026-07-14 13:30:00+05:30,1537.699951171875,1538.0,1535.4000244140625,1536.0,33118,0.0,0.0,COFORGE.NS
2026-07-14 13:45:00+05:30,1536.0999755859375,1539.5,1535.300048828125,1538.4000244140625,25577,0.0,0.0,COFORGE.NS
2026-07-14 14:00:00+05:30,1538.4000244140625,1540.800048828125,1536.0,1539.5999755859375,27386,0.0,0.0,COFORGE.NS
2026-07-14 14:15:00+05:30,1539.9000244140625,1541.4000244140625,1537.0,1537.800048828125,23107,0.0,0.0,COFORGE.NS
2026-07-14 14:30:00+05:30,1537.5,1539.5999755859375,1535.4000244140625,1535.800048828125,33366,0.0,0.0,COFORGE.NS
2026-07-14 14:45:00+05:30,1536.4000244140625,1538.199951171875,1532.199951171875,1532.199951171875,71831,0.0,0.0,COFORGE.NS
2026-07-14 15:00:00+05:30,1533.5,1539.0,1532.0,1534.0,117741,0.0,0.0,COFORGE.NS
2026-07-14 15:15:00+05:30,1534.0,1534.9000244140625,1531.9000244140625,1534.0,121822,0.0,0.0,COFORGE.NS
2026-07-15 09:15:00+05:30,1518.699951171875,1551.5,1506.0999755859375,1548.4000244140625,207501,0.0,0.0,COFORGE.NS
2026-07-15 09:30:00+05:30,1547.5999755859375,1559.199951171875,1543.0999755859375,1556.699951171875,346180,0.0,0.0,COFORGE.NS
2026-07-15 09:45:00+05:30,1556.0999755859375,1558.800048828125,1542.300048828125,1545.0,371458,0.0,0.0,COFORGE.NS
2026-07-15 10:00:00+05:30,1545.0999755859375,1549.800048828125,1540.9000244140625,1548.0,88390,0.0,0.0,COFORGE.NS
2026-07-15 10:15:00+05:30,1548.0,1549.0999755859375,1545.300048828125,1545.699951171875,45986,0.0,0.0,COFORGE.NS
2026-07-15 10:30:00+05:30,1545.800048828125,1548.0,1539.5,1546.699951171875,238432,0.0,0.0,COFORGE.NS
2026-07-15 10:45:00+05:30,1546.5999755859375,1547.4000244140625,1541.0,1545.0,121048,0.0,0.0,COFORGE.NS
2026-07-15 11:00:00+05:30,1545.199951171875,1548.0,1540.699951171875,1543.300048828125,115886,0.0,0.0,COFORGE.NS
2026-07-15 11:15:00+05:30,1543.300048828125,1545.699951171875,1540.0999755859375,1542.699951171875,72427,0.0,0.0,COFORGE.NS
2026-07-15 11:30:00+05:30,1543.0,1547.699951171875,1541.0999755859375,1544.800048828125,51911,0.0,0.0,COFORGE.NS
2026-07-15 11:45:00+05:30,1544.699951171875,1551.9000244140625,1544.699951171875,1550.0,84958,0.0,0.0,COFORGE.NS
2026-07-15 12:00:00+05:30,1550.199951171875,1551.0,1549.199951171875,1550.800048828125,51637,0.0,0.0,COFORGE.NS
2026-07-15 12:15:00+05:30,1550.699951171875,1550.800048828125,1547.5999755859375,1549.0,49288,0.0,0.0,COFORGE.NS
2026-07-15 12:30:00+05:30,1548.9000244140625,1549.0,1543.5,1544.5999755859375,35789,0.0,0.0,COFORGE.NS
2026-07-15 12:45:00+05:30,1544.5999755859375,1545.699951171875,1538.0,1540.0,67608,0.0,0.0,COFORGE.NS
2026-07-15 13:00:00+05:30,1539.5999755859375,1542.4000244140625,1538.800048828125,1541.0,46243,0.0,0.0,COFORGE.NS
2026-07-15 13:15:00+05:30,1540.800048828125,1543.9000244140625,1540.0,1542.199951171875,96196,0.0,0.0,COFORGE.NS
2026-07-15 13:30:00+05:30,1542.5,1543.9000244140625,1540.0999755859375,1543.0999755859375,35652,0.0,0.0,COFORGE.NS
2026-07-15 13:45:00+05:30,1543.300048828125,1548.199951171875,1541.0,1547.5,39926,0.0,0.0,COFORGE.NS
2026-07-15 14:00:00+05:30,1547.5999755859375,1548.9000244140625,1541.5,1543.800048828125,65254,0.0,0.0,COFORGE.NS
2026-07-15 14:15:00+05:30,1544.4000244140625,1545.4000244140625,1536.199951171875,1537.0999755859375,65279,0.0,0.0,COFORGE.NS
2026-07-15 14:30:00+05:30,1537.0999755859375,1538.300048828125,1535.0,1537.0,49167,0.0,0.0,COFORGE.NS
2026-07-15 14:45:00+05:30,1537.0999755859375,1537.5999755859375,1530.5999755859375,1531.5,66685,0.0,0.0,COFORGE.NS
2026-07-15 15:00:00+05:30,1532.199951171875,1536.5999755859375,1531.699951171875,1532.699951171875,172023,0.0,0.0,COFORGE.NS
2026-07-15 15:15:00+05:30,1532.699951171875,1535.9000244140625,1530.0,1533.199951171875,115838,0.0,0.0,COFORGE.NS
2026-07-16 09:15:00+05:30,1538.0,1556.800048828125,1538.0,1550.0,279862,0.0,0.0,COFORGE.NS
2026-07-16 09:30:00+05:30,1548.800048828125,1551.4000244140625,1542.4000244140625,1546.0,144642,0.0,0.0,COFORGE.NS
2026-07-16 09:45:00+05:30,1545.5999755859375,1551.0,1540.4000244140625,1549.0,86929,0.0,0.0,COFORGE.NS
2026-07-16 10:00:00+05:30,1548.5999755859375,1551.5,1544.199951171875,1551.5,57501,0.0,0.0,COFORGE.NS
2026-07-16 10:15:00+05:30,1551.199951171875,1554.9000244140625,1544.5,1549.5,102979,0.0,0.0,COFORGE.NS
2026-07-16 10:30:00+05:30,1549.300048828125,1553.5999755859375,1547.0999755859375,1547.800048828125,64519,0.0,0.0,COFORGE.NS
2026-07-16 10:45:00+05:30,1547.4000244140625,1549.699951171875,1546.0,1547.9000244140625,106176,0.0,0.0,COFORGE.NS
2026-07-16 11:00:00+05:30,1547.9000244140625,1550.4000244140625,1542.800048828125,1543.300048828125,108152,0.0,0.0,COFORGE.NS
2026-07-16 11:15:00+05:30,1543.199951171875,1543.199951171875,1538.0999755859375,1540.0,51305,0.0,0.0,COFORGE.NS
2026-07-16 11:30:00+05:30,1540.5999755859375,1542.0,1538.0,1541.5,51210,0.0,0.0,COFORGE.NS
2026-07-16 11:45:00+05:30,1541.5,1544.0,1538.0,1540.0999755859375,47875,0.0,0.0,COFORGE.NS
2026-07-16 12:00:00+05:30,1540.0,1540.300048828125,1535.0,1535.0999755859375,51782,0.0,0.0,COFORGE.NS
2026-07-16 12:15:00+05:30,1535.300048828125,1538.0,1534.4000244140625,1537.199951171875,35216,0.0,0.0,COFORGE.NS
2026-07-16 12:30:00+05:30,1537.0999755859375,1540.0,1536.9000244140625,1538.5999755859375,37432,0.0,0.0,COFORGE.NS
2026-07-16 12:45:00+05:30,1539.0,1539.0,1530.4000244140625,1534.5,50747,0.0,0.0,COFORGE.NS
2026-07-16 13:00:00+05:30,1534.300048828125,1535.800048828125,1530.5,1534.199951171875,36591,0.0,0.0,COFORGE.NS
2026-07-16 13:15:00+05:30,1533.800048828125,1536.300048828125,1532.4000244140625,1533.0,39168,0.0,0.0,COFORGE.NS
2026-07-16 13:30:00+05:30,1533.300048828125,1535.800048828125,1532.5999755859375,1534.800048828125,32764,0.0,0.0,COFORGE.NS
2026-07-16 13:45:00+05:30,1534.800048828125,1536.5,1531.300048828125,1535.5999755859375,38591,0.0,0.0,COFORGE.NS
2026-07-16 14:00:00+05:30,1535.5999755859375,1536.699951171875,1534.0,1534.300048828125,33548,0.0,0.0,COFORGE.NS
2026-07-16 14:15:00+05:30,1534.300048828125,1536.4000244140625,1533.5,1536.199951171875,40566,0.0,0.0,COFORGE.NS
2026-07-16 14:30:00+05:30,1536.0,1536.800048828125,1533.9000244140625,1534.5999755859375,37861,0.0,0.0,COFORGE.NS
2026-07-16 14:45:00+05:30,1534.0,1534.5999755859375,1531.699951171875,1532.0999755859375,45224,0.0,0.0,COFORGE.NS
2026-07-16 15:00:00+05:30,1532.199951171875,1533.5,1527.800048828125,1528.5,82271,0.0,0.0,COFORGE.NS
2026-07-16 15:15:00+05:30,1528.9000244140625,1533.9000244140625,1527.9000244140625,1533.9000244140625,140328,0.0,0.0,COFORGE.NS
2026-07-17 09:15:00+05:30,1549.0,1559.5,1541.4000244140625,1544.0999755859375,93784,0.0,0.0,COFORGE.NS
2026-07-17 09:30:00+05:30,1544.5999755859375,1546.0,1530.9000244140625,1530.9000244140625,311704,0.0,0.0,COFORGE.NS
2026-07-17 09:45:00+05:30,1531.0999755859375,1531.0999755859375,1515.4000244140625,1517.0999755859375,158993,0.0,0.0,COFORGE.NS
2026-07-17 10:00:00+05:30,1517.0999755859375,1518.9000244140625,1513.0,1516.199951171875,135958,0.0,0.0,COFORGE.NS
2026-07-17 10:15:00+05:30,1516.199951171875,1523.199951171875,1510.5,1513.699951171875,84918,0.0,0.0,COFORGE.NS
2026-07-17 10:30:00+05:30,1513.9000244140625,1519.800048828125,1510.0999755859375,1515.0,56636,0.0,0.0,COFORGE.NS
2026-07-17 10:45:00+05:30,1515.199951171875,1515.5999755859375,1507.4000244140625,1513.5,121341,0.0,0.0,COFORGE.NS
2026-07-17 11:00:00+05:30,1513.0999755859375,1515.4000244140625,1508.0999755859375,1509.300048828125,69903,0.0,0.0,COFORGE.NS
2026-07-17 11:15:00+05:30,1509.300048828125,1510.800048828125,1503.5,1503.5999755859375,71825,0.0,0.0,COFORGE.NS
2026-07-17 11:30:00+05:30,1503.699951171875,1515.0999755859375,1503.0999755859375,1511.0,76594,0.0,0.0,COFORGE.NS
2026-07-17 11:45:00+05:30,1511.0,1512.800048828125,1510.5,1510.5,55079,0.0,0.0,COFORGE.NS
2026-07-17 12:00:00+05:30,1510.5,1510.9000244140625,1504.0999755859375,1506.0,101373,0.0,0.0,COFORGE.NS
2026-07-17 12:15:00+05:30,1505.800048828125,1506.0999755859375,1495.199951171875,1503.4000244140625,77113,0.0,0.0,COFORGE.NS
2026-07-17 12:30:00+05:30,1504.199951171875,1510.4000244140625,1501.5,1508.5999755859375,97401,0.0,0.0,COFORGE.NS
2026-07-17 12:45:00+05:30,1508.0999755859375,1512.300048828125,1505.0,1512.300048828125,37965,0.0,0.0,COFORGE.NS
2026-07-17 13:00:00+05:30,1511.4000244140625,1511.9000244140625,1506.800048828125,1508.0999755859375,37853,0.0,0.0,COFORGE.NS
2026-07-17 13:15:00+05:30,1507.9000244140625,1511.0,1506.5999755859375,1510.5,52962,0.0,0.0,COFORGE.NS
2026-07-17 13:30:00+05:30,1510.0,1511.199951171875,1508.0999755859375,1510.5999755859375,46705,0.0,0.0,COFORGE.NS
2026-07-17 13:45:00+05:30,1510.199951171875,1518.0,1509.0,1516.0,96893,0.0,0.0,COFORGE.NS
2026-07-17 14:00:00+05:30,1515.5999755859375,1516.0,1510.5999755859375,1511.0999755859375,37125,0.0,0.0,COFORGE.NS
2026-07-17 14:15:00+05:30,1511.199951171875,1519.800048828125,1507.300048828125,1507.9000244140625,196274,0.0,0.0,COFORGE.NS
2026-07-17 14:30:00+05:30,1508.0,1510.5999755859375,1507.5999755859375,1509.9000244140625,46146,0.0,0.0,COFORGE.NS
2026-07-17 14:45:00+05:30,1510.0,1510.699951171875,1507.9000244140625,1509.5999755859375,81738,0.0,0.0,COFORGE.NS
2026-07-17 15:00:00+05:30,1509.0999755859375,1510.0999755859375,1505.5,1506.9000244140625,101660,0.0,0.0,COFORGE.NS
2026-07-17 15:15:00+05:30,1507.199951171875,1515.4000244140625,1501.5999755859375,1508.4000244140625,519200,0.0,0.0,COFORGE.NS
2026-07-20 09:15:00+05:30,1503.5999755859375,1530.0,1498.0,1501.0,94413,0.0,0.0,COFORGE.NS
2026-07-20 09:30:00+05:30,1500.800048828125,1504.800048828125,1495.0999755859375,1503.800048828125,77923,0.0,0.0,COFORGE.NS
2026-07-20 09:45:00+05:30,1504.300048828125,1511.4000244140625,1500.5,1507.0999755859375,40531,0.0,0.0,COFORGE.NS
2026-07-20 10:00:00+05:30,1507.699951171875,1511.0,1506.4000244140625,1507.699951171875,32861,0.0,0.0,COFORGE.NS
2026-07-20 10:15:00+05:30,1506.9000244140625,1515.0,1506.0,1509.0999755859375,34292,0.0,0.0,COFORGE.NS
2026-07-20 10:30:00+05:30,1509.0,1511.300048828125,1503.199951171875,1505.0,28422,0.0,0.0,COFORGE.NS
2026-07-20 10:45:00+05:30,1505.0,1505.4000244140625,1499.800048828125,1503.0999755859375,32187,0.0,0.0,COFORGE.NS
2026-07-20 11:00:00+05:30,1503.0999755859375,1505.4000244140625,1499.0999755859375,1501.5,88439,0.0,0.0,COFORGE.NS
2026-07-20 11:15:00+05:30,1501.5999755859375,1504.199951171875,1500.0,1500.0,25166,0.0,0.0,COFORGE.NS
2026-07-20 11:30:00+05:30,1500.0,1501.300048828125,1499.0,1499.0999755859375,19715,0.0,0.0,COFORGE.NS
2026-07-20 11:45:00+05:30,1499.0999755859375,1500.0,1494.5999755859375,1496.5,27224,0.0,0.0,COFORGE.NS
2026-07-20 12:00:00+05:30,1496.5999755859375,1499.0999755859375,1491.0,1491.0,30985,0.0,0.0,COFORGE.NS
2026-07-20 12:15:00+05:30,1491.0,1494.800048828125,1491.0,1494.300048828125,18631,0.0,0.0,COFORGE.NS
2026-07-20 12:30:00+05:30,1494.300048828125,1499.5999755859375,1494.0,1496.300048828125,35817,0.0,0.0,COFORGE.NS
2026-07-20 12:45:00+05:30,1496.699951171875,1500.4000244140625,1494.0999755859375,1499.0999755859375,36795,0.0,0.0,COFORGE.NS
2026-07-20 13:00:00+05:30,1499.0999755859375,1505.0,1497.199951171875,1504.800048828125,45974,0.0,0.0,COFORGE.NS
2026-07-20 13:15:00+05:30,1504.4000244140625,1506.800048828125,1501.199951171875,1503.4000244140625,81227,0.0,0.0,COFORGE.NS
2026-07-20 13:30:00+05:30,1503.4000244140625,1505.0,1503.0999755859375,1503.5999755859375,12975,0.0,0.0,COFORGE.NS
2026-07-20 13:45:00+05:30,1504.0,1505.0,1503.0999755859375,1505.0,16017,0.0,0.0,COFORGE.NS
2026-07-20 14:00:00+05:30,1504.5,1507.300048828125,1504.0,1507.300048828125,17184,0.0,0.0,COFORGE.NS
2026-07-20 14:15:00+05:30,1507.9000244140625,1513.0,1506.9000244140625,1510.4000244140625,64640,0.0,0.0,COFORGE.NS
2026-07-20 14:30:00+05:30,1510.4000244140625,1512.0,1508.5999755859375,1510.0999755859375,41958,0.0,0.0,COFORGE.NS
2026-07-20 14:45:00+05:30,1510.0999755859375,1511.699951171875,1509.0,1509.0999755859375,30262,0.0,0.0,COFORGE.NS
2026-07-20 15:00:00+05:30,1509.300048828125,1509.800048828125,1505.0,1505.9000244140625,53635,0.0,0.0,COFORGE.NS
2026-07-20 15:15:00+05:30,1507.199951171875,1510.5,1505.5999755859375,1507.4000244140625,99876,0.0,0.0,COFORGE.NS
2026-07-21 09:15:00+05:30,1505.5999755859375,1527.5999755859375,1505.5999755859375,1526.9000244140625,72389,0.0,0.0,COFORGE.NS
2026-07-21 09:30:00+05:30,1525.9000244140625,1529.0,1518.0,1521.0999755859375,86924,0.0,0.0,COFORGE.NS
2026-07-21 09:45:00+05:30,1520.800048828125,1527.5,1518.699951171875,1523.300048828125,61344,0.0,0.0,COFORGE.NS
2026-07-21 10:00:00+05:30,1523.0,1530.800048828125,1523.0,1529.0,96940,0.0,0.0,COFORGE.NS
2026-07-21 10:15:00+05:30,1531.800048828125,1531.800048828125,1516.0,1518.300048828125,135496,0.0,0.0,COFORGE.NS
2026-07-21 10:30:00+05:30,1517.9000244140625,1519.699951171875,1515.199951171875,1519.300048828125,78746,0.0,0.0,COFORGE.NS
2026-07-21 10:45:00+05:30,1519.300048828125,1519.5999755859375,1511.0,1511.800048828125,121491,0.0,0.0,COFORGE.NS
2026-07-21 11:00:00+05:30,1512.0,1512.300048828125,1507.199951171875,1508.4000244140625,49810,0.0,0.0,COFORGE.NS
2026-07-21 11:15:00+05:30,1508.300048828125,1511.5,1505.9000244140625,1506.300048828125,36870,0.0,0.0,COFORGE.NS
2026-07-21 11:30:00+05:30,1506.300048828125,1513.0,1506.300048828125,1510.5999755859375,20061,0.0,0.0,COFORGE.NS
2026-07-21 11:45:00+05:30,1510.800048828125,1514.0,1509.699951171875,1513.199951171875,25703,0.0,0.0,COFORGE.NS
2026-07-21 12:00:00+05:30,1513.800048828125,1515.800048828125,1509.0999755859375,1509.0999755859375,38283,0.0,0.0,COFORGE.NS
2026-07-21 12:15:00+05:30,1509.0,1509.800048828125,1504.300048828125,1507.5,43773,0.0,0.0,COFORGE.NS
2026-07-21 12:30:00+05:30,1506.5,1506.9000244140625,1501.300048828125,1502.0,33214,0.0,0.0,COFORGE.NS
2026-07-21 12:45:00+05:30,1502.0,1503.0999755859375,1497.9000244140625,1500.4000244140625,56735,0.0,0.0,COFORGE.NS
2026-07-21 13:00:00+05:30,1500.800048828125,1501.300048828125,1498.0999755859375,1498.199951171875,31429,0.0,0.0,COFORGE.NS
2026-07-21 13:15:00+05:30,1498.0,1498.9000244140625,1497.0,1497.9000244140625,23073,0.0,0.0,COFORGE.NS
2026-07-21 13:30:00+05:30,1497.9000244140625,1504.0,1497.0,1501.0999755859375,40866,0.0,0.0,COFORGE.NS
2026-07-21 13:45:00+05:30,1501.0999755859375,1501.5,1499.4000244140625,1500.0,26950,0.0,0.0,COFORGE.NS
2026-07-21 14:00:00+05:30,1500.5999755859375,1504.0,1500.199951171875,1502.300048828125,21249,0.0,0.0,COFORGE.NS
2026-07-21 14:15:00+05:30,1502.9000244140625,1504.0,1498.5999755859375,1498.5999755859375,30958,0.0,0.0,COFORGE.NS
2026-07-21 14:30:00+05:30,1498.300048828125,1500.4000244140625,1496.699951171875,1498.199951171875,43466,0.0,0.0,COFORGE.NS
2026-07-21 14:45:00+05:30,1499.300048828125,1500.0,1496.0999755859375,1498.0999755859375,34058,0.0,0.0,COFORGE.NS
2026-07-21 15:00:00+05:30,1497.4000244140625,1498.4000244140625,1493.0,1493.0,60569,0.0,0.0,COFORGE.NS
2026-07-21 15:15:00+05:30,1493.0,1495.0,1491.5999755859375,1494.0,105696,0.0,0.0,COFORGE.NS
2026-07-22 09:15:00+05:30,1493.0,1494.199951171875,1480.5999755859375,1485.699951171875,58290,0.0,0.0,COFORGE.NS
2026-07-22 09:30:00+05:30,1485.199951171875,1485.699951171875,1480.4000244140625,1482.5999755859375,35445,0.0,0.0,COFORGE.NS
2026-07-22 09:45:00+05:30,1483.800048828125,1485.300048828125,1477.0,1480.0,45048,0.0,0.0,COFORGE.NS
2026-07-22 10:00:00+05:30,1480.199951171875,1494.0,1478.199951171875,1484.699951171875,58975,0.0,0.0,COFORGE.NS
2026-07-22 10:15:00+05:30,1484.800048828125,1485.0,1475.300048828125,1478.699951171875,36970,0.0,0.0,COFORGE.NS
2026-07-22 10:30:00+05:30,1478.5,1478.5999755859375,1474.0,1475.0,29783,0.0,0.0,COFORGE.NS
2026-07-22 10:45:00+05:30,1475.0999755859375,1479.0,1474.699951171875,1478.0999755859375,20690,0.0,0.0,COFORGE.NS
2026-07-22 11:00:00+05:30,1478.0999755859375,1481.199951171875,1475.4000244140625,1478.9000244140625,30626,0.0,0.0,COFORGE.NS
2026-07-22 11:15:00+05:30,1478.199951171875,1485.9000244140625,1477.0999755859375,1484.0999755859375,54180,0.0,0.0,COFORGE.NS
2026-07-22 11:30:00+05:30,1484.0999755859375,1486.9000244140625,1483.0,1485.0999755859375,15836,0.0,0.0,COFORGE.NS
2026-07-22 11:45:00+05:30,1485.800048828125,1486.199951171875,1482.0,1483.0,27888,0.0,0.0,COFORGE.NS
2026-07-22 12:00:00+05:30,1482.9000244140625,1485.0,1481.9000244140625,1484.800048828125,16707,0.0,0.0,COFORGE.NS
2026-07-22 12:15:00+05:30,1484.800048828125,1486.0,1477.0,1478.5999755859375,34584,0.0,0.0,COFORGE.NS
2026-07-22 12:30:00+05:30,1478.5999755859375,1479.4000244140625,1472.9000244140625,1474.5,29910,0.0,0.0,COFORGE.NS
2026-07-22 12:45:00+05:30,1474.5,1478.0999755859375,1474.199951171875,1476.5,27165,0.0,0.0,COFORGE.NS
2026-07-22 13:00:00+05:30,1476.5,1476.800048828125,1471.199951171875,1471.5,38337,0.0,0.0,COFORGE.NS
2026-07-22 13:15:00+05:30,1471.5,1475.300048828125,1471.300048828125,1472.800048828125,22024,0.0,0.0,COFORGE.NS
2026-07-22 13:30:00+05:30,1472.199951171875,1475.800048828125,1472.0999755859375,1475.300048828125,22822,0.0,0.0,COFORGE.NS
2026-07-22 13:45:00+05:30,1475.0,1475.0,1470.699951171875,1471.9000244140625,25672,0.0,0.0,COFORGE.NS
2026-07-22 14:00:00+05:30,1471.0,1474.0,1470.5999755859375,1471.199951171875,22801,0.0,0.0,COFORGE.NS
2026-07-22 14:15:00+05:30,1471.5999755859375,1473.5999755859375,1468.800048828125,1469.0,34179,0.0,0.0,COFORGE.NS
2026-07-22 14:30:00+05:30,1469.0,1474.800048828125,1469.0,1472.199951171875,36311,0.0,0.0,COFORGE.NS
2026-07-22 14:45:00+05:30,1472.5,1473.4000244140625,1470.5,1471.199951171875,25637,0.0,0.0,COFORGE.NS
2026-07-22 15:00:00+05:30,1471.300048828125,1474.4000244140625,1468.0,1473.199951171875,92047,0.0,0.0,COFORGE.NS
2026-07-22 15:15:00+05:30,1473.4000244140625,1474.0,1469.4000244140625,1471.4000244140625,93096,0.0,0.0,COFORGE.NS
2026-07-23 09:15:00+05:30,1470.5,1470.5,1453.0,1456.800048828125,51823,0.0,0.0,COFORGE.NS
2026-07-23 09:30:00+05:30,1457.5,1467.0,1457.300048828125,1459.9000244140625,63130,0.0,0.0,COFORGE.NS
2026-07-23 09:45:00+05:30,1459.9000244140625,1465.5999755859375,1459.199951171875,1463.5999755859375,29863,0.0,0.0,COFORGE.NS
2026-07-23 10:00:00+05:30,1464.0,1469.4000244140625,1463.4000244140625,1466.300048828125,34416,0.0,0.0,COFORGE.NS
2026-07-23 10:15:00+05:30,1466.0999755859375,1469.800048828125,1462.199951171875,1468.0,28010,0.0,0.0,COFORGE.NS
2026-07-23 10:30:00+05:30,1468.0999755859375,1468.5,1464.0999755859375,1468.4000244140625,22220,0.0,0.0,COFORGE.NS
2026-07-23 10:45:00+05:30,1468.5999755859375,1472.5,1465.0,1466.800048828125,29535,0.0,0.0,COFORGE.NS
2026-07-23 11:00:00+05:30,1466.699951171875,1467.0,1462.0999755859375,1464.5999755859375,21278,0.0,0.0,COFORGE.NS
2026-07-23 11:15:00+05:30,1464.5999755859375,1464.699951171875,1452.0999755859375,1453.300048828125,45233,0.0,0.0,COFORGE.NS
2026-07-23 11:30:00+05:30,1451.300048828125,1458.4000244140625,1450.699951171875,1457.5,32521,0.0,0.0,COFORGE.NS
2026-07-23 11:45:00+05:30,1457.0999755859375,1461.5999755859375,1456.5999755859375,1460.5,21216,0.0,0.0,COFORGE.NS
2026-07-23 12:00:00+05:30,1461.699951171875,1469.0,1461.300048828125,1466.0,29608,0.0,0.0,COFORGE.NS
2026-07-23 12:15:00+05:30,1466.0,1466.0,1454.5,1456.0,33594,0.0,0.0,COFORGE.NS
2026-07-23 12:30:00+05:30,1456.0,1456.0999755859375,1450.0,1452.0,42090,0.0,0.0,COFORGE.NS
2026-07-23 12:45:00+05:30,1451.0999755859375,1452.0999755859375,1446.300048828125,1446.5,31023,0.0,0.0,COFORGE.NS
2026-07-23 13:00:00+05:30,1446.0999755859375,1446.0999755859375,1440.0,1441.0,35146,0.0,0.0,COFORGE.NS
2026-07-23 13:15:00+05:30,1441.0,1444.800048828125,1440.0,1440.300048828125,21027,0.0,0.0,COFORGE.NS
2026-07-23 13:30:00+05:30,1440.4000244140625,1448.0,1439.9000244140625,1447.9000244140625,29911,0.0,0.0,COFORGE.NS
2026-07-23 13:45:00+05:30,1447.800048828125,1449.699951171875,1445.800048828125,1447.800048828125,20801,0.0,0.0,COFORGE.NS
2026-07-23 14:00:00+05:30,1447.699951171875,1448.5,1446.199951171875,1446.199951171875,9318,0.0,0.0,COFORGE.NS
2026-07-23 14:15:00+05:30,1446.5999755859375,1449.800048828125,1445.800048828125,1447.0999755859375,33444,0.0,0.0,COFORGE.NS
2026-07-23 14:30:00+05:30,1447.300048828125,1455.5999755859375,1446.0,1448.5999755859375,86339,0.0,0.0,COFORGE.NS
2026-07-23 14:45:00+05:30,1448.5999755859375,1449.0999755859375,1444.800048828125,1445.5999755859375,70211,0.0,0.0,COFORGE.NS
2026-07-23 15:00:00+05:30,1445.199951171875,1445.9000244140625,1440.199951171875,1441.4000244140625,72805,0.0,0.0,COFORGE.NS
2026-07-23 15:15:00+05:30,1441.4000244140625,1444.0,1435.0999755859375,1444.0,129218,0.0,0.0,COFORGE.NS
2026-07-24 09:15:00+05:30,1433.300048828125,1466.0,1433.300048828125,1456.5999755859375,185981,0.0,0.0,COFORGE.NS
2026-07-24 09:30:00+05:30,1455.9000244140625,1461.300048828125,1449.699951171875,1455.699951171875,84937,0.0,0.0,COFORGE.NS
2026-07-24 09:45:00+05:30,1454.5,1461.4000244140625,1449.0999755859375,1449.0999755859375,90489,0.0,0.0,COFORGE.NS
2026-07-24 10:00:00+05:30,1448.0,1451.9000244140625,1446.5,1449.0999755859375,41362,0.0,0.0,COFORGE.NS
2026-07-24 10:15:00+05:30,1449.199951171875,1461.5999755859375,1448.5,1458.0,172214,0.0,0.0,COFORGE.NS
2026-07-24 10:30:00+05:30,1457.699951171875,1465.300048828125,1453.9000244140625,1462.4000244140625,104190,0.0,0.0,COFORGE.NS
2026-07-24 10:45:00+05:30,1463.0,1463.199951171875,1455.5999755859375,1458.300048828125,69752,0.0,0.0,COFORGE.NS
2026-07-24 11:00:00+05:30,1457.5999755859375,1459.9000244140625,1457.0,1458.699951171875,46461,0.0,0.0,COFORGE.NS
2026-07-24 11:15:00+05:30,1457.5999755859375,1463.0999755859375,1453.5999755859375,1454.0,48779,0.0,0.0,COFORGE.NS
2026-07-24 11:30:00+05:30,1454.0,1454.9000244140625,1448.4000244140625,1450.199951171875,90432,0.0,0.0,COFORGE.NS
2026-07-24 11:45:00+05:30,1450.5,1451.9000244140625,1446.5999755859375,1449.9000244140625,66783,0.0,0.0,COFORGE.NS
2026-07-24 12:00:00+05:30,1450.0,1451.699951171875,1448.0999755859375,1450.300048828125,78446,0.0,0.0,COFORGE.NS
2026-07-24 12:15:00+05:30,1448.699951171875,1461.0,1448.699951171875,1457.800048828125,83748,0.0,0.0,COFORGE.NS
2026-07-24 12:30:00+05:30,1457.9000244140625,1461.5,1455.300048828125,1461.0999755859375,57749,0.0,0.0,COFORGE.NS
2026-07-24 12:45:00+05:30,1461.0999755859375,1462.5,1457.0,1461.0999755859375,59609,0.0,0.0,COFORGE.NS
2026-07-24 13:00:00+05:30,1460.5999755859375,1461.5,1457.4000244140625,1459.300048828125,44096,0.0,0.0,COFORGE.NS
2026-07-24 13:15:00+05:30,1458.5999755859375,1462.4000244140625,1455.9000244140625,1459.800048828125,53581,0.0,0.0,COFORGE.NS
2026-07-24 13:30:00+05:30,1460.0,1462.5,1455.300048828125,1460.5,78496,0.0,0.0,COFORGE.NS
2026-07-24 13:45:00+05:30,1460.5999755859375,1472.4000244140625,1460.300048828125,1470.5,80445,0.0,0.0,COFORGE.NS
2026-07-24 14:00:00+05:30,1470.800048828125,1481.9000244140625,1470.0,1480.199951171875,1099909,0.0,0.0,COFORGE.NS
2026-07-24 14:15:00+05:30,1480.5999755859375,1484.9000244140625,1474.0,1475.5,150946,0.0,0.0,COFORGE.NS
2026-07-24 14:30:00+05:30,1475.5,1480.0,1474.300048828125,1478.4000244140625,72642,0.0,0.0,COFORGE.NS
2026-07-24 14:45:00+05:30,1478.199951171875,1481.800048828125,1477.4000244140625,1480.5,62827,0.0,0.0,COFORGE.NS
2026-07-24 15:00:00+05:30,1480.699951171875,1486.0,1477.699951171875,1485.699951171875,193698,0.0,0.0,COFORGE.NS
2026-07-24 15:15:00+05:30,1485.199951171875,1487.699951171875,1484.5,1484.699951171875,230334,0.0,0.0,COFORGE.NS
2026-07-27 09:15:00+05:30,1499.9000244140625,1511.0999755859375,1490.0,1506.199951171875,178331,0.0,0.0,COFORGE.NS
2026-07-27 09:30:00+05:30,1507.0,1524.0,1504.300048828125,1523.4000244140625,222993,0.0,0.0,COFORGE.NS
2026-07-27 09:45:00+05:30,1523.800048828125,1531.699951171875,1521.5,1528.800048828125,209696,0.0,0.0,COFORGE.NS
2026-07-27 10:00:00+05:30,1528.800048828125,1530.0,1522.300048828125,1524.199951171875,101006,0.0,0.0,COFORGE.NS
2026-07-27 10:15:00+05:30,1524.699951171875,1524.800048828125,1521.300048828125,1524.800048828125,46468,0.0,0.0,COFORGE.NS
2026-07-27 10:30:00+05:30,1525.0,1531.5,1515.800048828125,1517.300048828125,141791,0.0,0.0,COFORGE.NS
2026-07-27 10:45:00+05:30,1517.0999755859375,1527.0,1515.0,1526.0,1241130,0.0,0.0,COFORGE.NS
2026-07-27 11:00:00+05:30,1527.0,1529.5,1522.0,1524.800048828125,72567,0.0,0.0,COFORGE.NS
2026-07-27 11:15:00+05:30,1524.800048828125,1530.5,1523.199951171875,1529.0,53427,0.0,0.0,COFORGE.NS
2026-07-27 11:30:00+05:30,1528.0,1533.9000244140625,1527.0,1528.800048828125,72079,0.0,0.0,COFORGE.NS
2026-07-27 11:45:00+05:30,1528.800048828125,1530.0,1524.0999755859375,1525.5,45141,0.0,0.0,COFORGE.NS
2026-07-27 12:00:00+05:30,1525.199951171875,1526.0,1521.0,1523.199951171875,42968,0.0,0.0,COFORGE.NS
2026-07-27 12:15:00+05:30,1522.5,1523.4000244140625,1521.199951171875,1522.0,41481,0.0,0.0,COFORGE.NS
2026-07-27 12:30:00+05:30,1521.0,1525.5999755859375,1520.699951171875,1523.800048828125,39446,0.0,0.0,COFORGE.NS
2026-07-27 12:45:00+05:30,1524.5,1525.300048828125,1523.0,1524.5,22226,0.0,0.0,COFORGE.NS
2026-07-27 13:00:00+05:30,1524.699951171875,1528.5999755859375,1523.9000244140625,1523.9000244140625,29999,0.0,0.0,COFORGE.NS
2026-07-27 13:15:00+05:30,1524.300048828125,1524.5,1522.199951171875,1524.5,55220,0.0,0.0,COFORGE.NS
2026-07-27 13:30:00+05:30,1524.0,1527.5,1523.5,1527.300048828125,41764,0.0,0.0,COFORGE.NS
2026-07-27 13:45:00+05:30,1527.300048828125,1527.300048828125,1524.0999755859375,1526.0,33034,0.0,0.0,COFORGE.NS
2026-07-27 14:00:00+05:30,1526.0,1531.699951171875,1526.0,1529.199951171875,58118,0.0,0.0,COFORGE.NS
2026-07-27 14:15:00+05:30,1529.199951171875,1537.9000244140625,1529.199951171875,1535.0999755859375,157181,0.0,0.0,COFORGE.NS
2026-07-27 14:30:00+05:30,1535.0,1535.0,1530.699951171875,1532.5,45297,0.0,0.0,COFORGE.NS
2026-07-27 14:45:00+05:30,1532.5999755859375,1533.4000244140625,1526.0999755859375,1526.4000244140625,109894,0.0,0.0,COFORGE.NS
2026-07-27 15:00:00+05:30,1526.5,1528.300048828125,1525.199951171875,1526.4000244140625,123336,0.0,0.0,COFORGE.NS
2026-07-27 15:15:00+05:30,1526.5,1532.0,1524.0999755859375,1528.4000244140625,291940,0.0,0.0,COFORGE.NS
2026-07-28 09:15:00+05:30,1574.9000244140625,1642.0999755859375,1574.9000244140625,1640.9000244140625,1331271,0.0,0.0,COFORGE.NS
2026-07-28 09:30:00+05:30,1640.9000244140625,1674.4000244140625,1640.9000244140625,1671.0,2210557,0.0,0.0,COFORGE.NS
2026-07-28 09:45:00+05:30,1671.0,1673.9000244140625,1660.0,1670.9000244140625,864774,0.0,0.0,COFORGE.NS
2026-07-28 10:00:00+05:30,1671.0,1677.800048828125,1663.5,1674.199951171875,1133066,0.0,0.0,COFORGE.NS
2026-07-28 10:15:00+05:30,1674.199951171875,1677.5,1660.800048828125,1672.0999755859375,802871,0.0,0.0,COFORGE.NS
2026-07-28 10:30:00+05:30,1673.0,1679.0999755859375,1663.5999755859375,1670.9000244140625,1077408,0.0,0.0,COFORGE.NS
2026-07-28 10:45:00+05:30,1670.0999755859375,1678.300048828125,1670.0999755859375,1671.300048828125,482095,0.0,0.0,COFORGE.NS
2026-07-28 11:00:00+05:30,1671.199951171875,1675.9000244140625,1671.199951171875,1672.4000244140625,180035,0.0,0.0,COFORGE.NS
2026-07-28 11:15:00+05:30,1672.4000244140625,1679.699951171875,1671.0999755859375,1676.5,474698,0.0,0.0,COFORGE.NS
2026-07-28 11:30:00+05:30,1676.5,1679.5999755859375,1666.199951171875,1669.699951171875,412150,0.0,0.0,COFORGE.NS
2026-07-28 11:45:00+05:30,1669.4000244140625,1679.4000244140625,1669.0999755859375,1677.0,340545,0.0,0.0,COFORGE.NS
2026-07-28 12:00:00+05:30,1676.699951171875,1677.0,1663.4000244140625,1671.4000244140625,516419,0.0,0.0,COFORGE.NS
2026-07-28 12:15:00+05:30,1671.5,1675.0,1670.4000244140625,1674.5999755859375,248972,0.0,0.0,COFORGE.NS
2026-07-28 12:30:00+05:30,1674.5,1674.9000244140625,1668.5,1670.199951171875,157868,0.0,0.0,COFORGE.NS
2026-07-28 12:45:00+05:30,1670.199951171875,1674.0,1668.5999755859375,1671.800048828125,223058,0.0,0.0,COFORGE.NS
2026-07-28 13:00:00+05:30,1671.800048828125,1681.9000244140625,1670.800048828125,1678.0,455094,0.0,0.0,COFORGE.NS
2026-07-28 13:15:00+05:30,1678.0,1685.9000244140625,1677.0,1679.699951171875,311674,0.0,0.0,COFORGE.NS
2026-07-28 13:30:00+05:30,1678.699951171875,1683.9000244140625,1678.0999755859375,1681.199951171875,193530,0.0,0.0,COFORGE.NS
2026-07-28 13:45:00+05:30,1681.0999755859375,1684.0,1678.5,1683.5999755859375,171361,0.0,0.0,COFORGE.NS
2026-07-28 14:00:00+05:30,1683.0,1687.800048828125,1678.5,1681.9000244140625,350929,0.0,0.0,COFORGE.NS
2026-07-28 14:15:00+05:30,1681.4000244140625,1682.0,1678.0999755859375,1678.5,180639,0.0,0.0,COFORGE.NS
2026-07-28 14:30:00+05:30,1678.5,1688.0,1676.300048828125,1684.0999755859375,376489,0.0,0.0,COFORGE.NS
2026-07-28 14:45:00+05:30,1684.9000244140625,1686.699951171875,1682.699951171875,1684.0999755859375,221208,0.0,0.0,COFORGE.NS
2026-07-28 15:00:00+05:30,1683.9000244140625,1692.0,1680.300048828125,1688.5999755859375,616644,0.0,0.0,COFORGE.NS
2026-07-28 15:15:00+05:30,1689.4000244140625,1691.300048828125,1678.0,1683.199951171875,832314,0.0,0.0,COFORGE.NS
2026-07-29 09:15:00+05:30,1718.5,1747.199951171875,1713.199951171875,1739.5,664493,0.0,0.0,COFORGE.NS
2026-07-29 09:30:00+05:30,1740.0,1764.9000244140625,1739.199951171875,1755.5,1267035,0.0,0.0,COFORGE.NS
2026-07-29 09:45:00+05:30,1755.300048828125,1764.0,1752.0,1760.199951171875,579310,0.0,0.0,COFORGE.NS
2026-07-29 10:00:00+05:30,1760.0,1761.300048828125,1743.5999755859375,1744.699951171875,550897,0.0,0.0,COFORGE.NS
2026-07-29 10:15:00+05:30,1744.0,1747.699951171875,1732.4000244140625,1734.199951171875,562891,0.0,0.0,COFORGE.NS
2026-07-29 10:30:00+05:30,1734.0999755859375,1748.0,1728.300048828125,1739.800048828125,558330,0.0,0.0,COFORGE.NS
2026-07-29 10:45:00+05:30,1739.800048828125,1752.9000244140625,1739.0,1739.5999755859375,437542,0.0,0.0,COFORGE.NS
2026-07-29 11:00:00+05:30,1739.800048828125,1743.199951171875,1733.800048828125,1736.199951171875,171108,0.0,0.0,COFORGE.NS
2026-07-29 11:15:00+05:30,1736.5999755859375,1736.800048828125,1720.9000244140625,1724.5,309630,0.0,0.0,COFORGE.NS
2026-07-29 11:30:00+05:30,1724.5999755859375,1725.199951171875,1718.4000244140625,1724.5999755859375,240803,0.0,0.0,COFORGE.NS
2026-07-29 11:45:00+05:30,1724.0,1724.5999755859375,1718.800048828125,1722.5,95431,0.0,0.0,COFORGE.NS
2026-07-29 12:00:00+05:30,1722.5,1723.300048828125,1720.0,1721.0,65125,0.0,0.0,COFORGE.NS
2026-07-29 12:15:00+05:30,1720.800048828125,1722.5,1715.9000244140625,1719.9000244140625,95256,0.0,0.0,COFORGE.NS
2026-07-29 12:30:00+05:30,1720.0,1722.0999755859375,1713.0999755859375,1720.0,167810,0.0,0.0,COFORGE.NS
2026-07-29 12:45:00+05:30,1720.0999755859375,1723.0,1720.0,1721.5999755859375,65262,0.0,0.0,COFORGE.NS
2026-07-29 13:00:00+05:30,1721.5999755859375,1725.0,1716.5999755859375,1717.0999755859375,94257,0.0,0.0,COFORGE.NS
2026-07-29 13:15:00+05:30,1717.300048828125,1725.0,1717.0999755859375,1717.9000244140625,96549,0.0,0.0,COFORGE.NS
2026-07-29 13:30:00+05:30,1717.5,1726.5999755859375,1717.5,1721.5999755859375,137340,0.0,0.0,COFORGE.NS
2026-07-29 13:45:00+05:30,1721.5999755859375,1723.0,1717.5999755859375,1720.199951171875,62281,0.0,0.0,COFORGE.NS
2026-07-29 14:00:00+05:30,1720.4000244140625,1723.5,1718.5999755859375,1722.9000244140625,87280,0.0,0.0,COFORGE.NS
2026-07-29 14:15:00+05:30,1722.9000244140625,1724.0,1719.5,1723.300048828125,90894,0.0,0.0,COFORGE.NS
2026-07-29 14:30:00+05:30,1723.300048828125,1725.0,1715.0,1717.800048828125,117882,0.0,0.0,COFORGE.NS
2026-07-29 14:45:00+05:30,1718.0999755859375,1721.199951171875,1717.5999755859375,1720.0,92332,0.0,0.0,COFORGE.NS
2026-07-29 15:00:00+05:30,1720.0,1724.4000244140625,1715.300048828125,1715.800048828125,303440,0.0,0.0,COFORGE.NS
2026-07-29 15:15:00+05:30,1716.0,1716.199951171875,1705.5999755859375,1710.0,344935,0.0,0.0,COFORGE.NS
2026-07-30 09:15:00+05:30,1702.4000244140625,1750.5999755859375,1702.4000244140625,1742.800048828125,332566,0.0,0.0,COFORGE.NS
2026-07-30 09:30:00+05:30,1740.5,1746.5,1738.199951171875,1743.0,308874,0.0,0.0,COFORGE.NS
2026-07-30 09:45:00+05:30,1743.300048828125,1751.699951171875,1742.0,1747.0,257629,0.0,0.0,COFORGE.NS
2026-07-30 10:00:00+05:30,1747.5,1762.199951171875,1745.9000244140625,1755.5,374216,0.0,0.0,COFORGE.NS
2026-07-30 10:15:00+05:30,1755.5999755859375,1760.0,1751.0,1758.9000244140625,147589,0.0,0.0,COFORGE.NS
2026-07-30 10:30:00+05:30,1758.699951171875,1760.9000244140625,1755.4000244140625,1757.800048828125,140891,0.0,0.0,COFORGE.NS
2026-07-30 10:45:00+05:30,1757.800048828125,1759.4000244140625,1749.4000244140625,1752.199951171875,284351,0.0,0.0,COFORGE.NS
2026-07-30 11:00:00+05:30,1752.5999755859375,1756.699951171875,1748.800048828125,1754.5999755859375,122404,0.0,0.0,COFORGE.NS
2026-07-30 11:15:00+05:30,1755.0,1758.300048828125,1751.5,1756.4000244140625,77108,0.0,0.0,COFORGE.NS
2026-07-30 11:30:00+05:30,1756.5,1758.199951171875,1754.300048828125,1755.300048828125,75676,0.0,0.0,COFORGE.NS
2026-07-30 11:45:00+05:30,1755.5999755859375,1760.0,1752.0999755859375,1759.300048828125,104062,0.0,0.0,COFORGE.NS
2026-07-30 12:00:00+05:30,1759.199951171875,1762.199951171875,1751.5,1752.199951171875,172794,0.0,0.0,COFORGE.NS
2026-07-30 12:15:00+05:30,1752.5,1761.0,1751.5,1760.0,246177,0.0,0.0,COFORGE.NS
2026-07-30 12:30:00+05:30,1760.5,1763.9000244140625,1757.0,1759.0,135597,0.0,0.0,COFORGE.NS
2026-07-30 12:45:00+05:30,1759.0,1759.0,1754.699951171875,1757.4000244140625,96668,0.0,0.0,COFORGE.NS
2026-07-30 13:00:00+05:30,1757.699951171875,1757.9000244140625,1751.5999755859375,1753.0,106280,0.0,0.0,COFORGE.NS
2026-07-30 13:15:00+05:30,1752.800048828125,1755.0,1748.0999755859375,1748.0999755859375,117899,0.0,0.0,COFORGE.NS
2026-07-30 13:30:00+05:30,1748.4000244140625,1749.9000244140625,1742.199951171875,1743.300048828125,144042,0.0,0.0,COFORGE.NS
2026-07-30 13:45:00+05:30,1742.4000244140625,1745.800048828125,1736.199951171875,1741.4000244140625,145757,0.0,0.0,COFORGE.NS
2026-07-30 14:00:00+05:30,1741.4000244140625,1747.300048828125,1739.199951171875,1744.0999755859375,82622,0.0,0.0,COFORGE.NS
2026-07-30 14:15:00+05:30,1744.4000244140625,1744.5,1733.300048828125,1737.699951171875,166559,0.0,0.0,COFORGE.NS
2026-07-30 14:30:00+05:30,1737.5,1741.9000244140625,1735.5999755859375,1737.0,141382,0.0,0.0,COFORGE.NS
2026-07-30 14:45:00+05:30,1737.0,1739.699951171875,1735.0,1737.0,107710,0.0,0.0,COFORGE.NS
2026-07-30 15:00:00+05:30,1737.0999755859375,1751.9000244140625,1737.0999755859375,1748.0,710788,0.0,0.0,COFORGE.NS
2026-07-30 15:15:00+05:30,1748.0999755859375,1749.0,1741.0,1741.0,703774,0.0,0.0,COFORGE.NS
2026-07-31 09:15:00+05:30,1700.5999755859375,1723.800048828125,1685.5999755859375,1718.699951171875,406444,4.0,0.0,COFORGE.NS
2026-07-31 09:30:00+05:30,1719.0999755859375,1730.0,1715.5999755859375,1729.0,284351,0.0,0.0,COFORGE.NS
2026-07-31 09:45:00+05:30,1727.5999755859375,1738.300048828125,1724.699951171875,1725.0999755859375,176852,0.0,0.0,COFORGE.NS
2026-07-31 10:00:00+05:30,1725.0999755859375,1730.5999755859375,1723.5,1726.5,87644,0.0,0.0,COFORGE.NS
2026-07-31 10:15:00+05:30,1726.0,1727.0,1713.199951171875,1713.5,294428,0.0,0.0,COFORGE.NS
2026-07-31 10:30:00+05:30,1714.0999755859375,1725.300048828125,1712.5,1721.199951171875,153199,0.0,0.0,COFORGE.NS
2026-07-31 10:45:00+05:30,1721.0999755859375,1722.199951171875,1714.4000244140625,1720.9000244140625,97491,0.0,0.0,COFORGE.NS
2026-07-31 11:00:00+05:30,1721.199951171875,1725.4000244140625,1719.5999755859375,1724.0,59303,0.0,0.0,COFORGE.NS
2026-07-31 11:15:00+05:30,1726.0,1726.0,1720.5,1725.5999755859375,52685,0.0,0.0,COFORGE.NS
2026-07-31 11:30:00+05:30,1725.4000244140625,1725.9000244140625,1719.5,1721.0,42050,0.0,0.0,COFORGE.NS
2026-07-31 11:45:00+05:30,1721.0999755859375,1727.800048828125,1717.0999755859375,1721.5999755859375,114659,0.0,0.0,COFORGE.NS
2026-07-31 12:00:00+05:30,1721.199951171875,1726.9000244140625,1717.4000244140625,1719.699951171875,49206,0.0,0.0,COFORGE.NS
2026-07-31 12:15:00+05:30,1719.800048828125,1723.9000244140625,1715.0,1716.5,73449,0.0,0.0,COFORGE.NS
2026-07-31 12:30:00+05:30,1717.199951171875,1718.800048828125,1716.0,1716.0,33907,0.0,0.0,COFORGE.NS
2026-07-31 12:45:00+05:30,1716.0999755859375,1718.300048828125,1715.0,1717.4000244140625,40123,0.0,0.0,COFORGE.NS
2026-07-31 13:00:00+05:30,1717.5999755859375,1718.199951171875,1713.0999755859375,1717.0999755859375,65013,0.0,0.0,COFORGE.NS
2026-07-31 13:15:00+05:30,1717.0,1718.0999755859375,1708.800048828125,1711.199951171875,78418,0.0,0.0,COFORGE.NS
2026-07-31 13:30:00+05:30,1711.199951171875,1712.199951171875,1707.0,1710.699951171875,68613,0.0,0.0,COFORGE.NS
2026-07-31 13:45:00+05:30,1710.0,1711.300048828125,1708.5999755859375,1709.9000244140625,34722,0.0,0.0,COFORGE.NS
2026-07-31 14:00:00+05:30,1710.0,1710.800048828125,1706.0999755859375,1708.9000244140625,58694,0.0,0.0,COFORGE.NS
2026-07-31 14:15:00+05:30,1708.800048828125,1714.699951171875,1707.0,1713.9000244140625,95330,0.0,0.0,COFORGE.NS
2026-07-31 14:30:00+05:30,1713.4000244140625,1720.0,1712.5,1714.0999755859375,125363,0.0,0.0,COFORGE.NS
2026-07-31 14:45:00+05:30,1714.0999755859375,1718.0,1714.0,1716.9000244140625,107297,0.0,0.0,COFORGE.NS
2026-07-31 15:00:00+05:30,1716.4000244140625,1722.9000244140625,1716.300048828125,1720.199951171875,165086,0.0,0.0,COFORGE.NS
2026-07-31 15:15:00+05:30,1720.5999755859375,1723.800048828125,1719.5,1720.4000244140625,181673,0.0,0.0,COFORGE.NS
2026-08-03 09:15:00+05:30,1738.9000244140625,1746.0,1722.5999755859375,1724.800048828125,94079,4.0,0.0,COFORGE.NS
2026-08-03 09:30:00+05:30,1723.5,1727.0,1721.0999755859375,1722.800048828125,65031,0.0,0.0,COFORGE.NS
2026-08-03 09:45:00+05:30,1722.4000244140625,1727.800048828125,1720.0,1723.5,63477,0.0,0.0,COFORGE.NS
2026-08-03 10:00:00+05:30,1723.0,1734.0999755859375,1722.199951171875,1734.0999755859375,64889,0.0,0.0,COFORGE.NS
2026-08-03 10:15:00+05:30,1733.800048828125,1735.0,1728.800048828125,1729.0999755859375,63661,0.0,0.0,COFORGE.NS
2026-08-03 10:30:00+05:30,1729.800048828125,1730.5,1725.5,1727.5,28958,0.0,0.0,COFORGE.NS
2026-08-03 10:45:00+05:30,1727.5,1728.300048828125,1725.5,1726.5999755859375,17727,0.0,0.0,COFORGE.NS
2026-08-03 11:00:00+05:30,1726.5999755859375,1734.5999755859375,1726.0,1734.5999755859375,43332,0.0,0.0,COFORGE.NS
2026-08-03 11:15:00+05:30,1733.9000244140625,1734.9000244140625,1729.300048828125,1729.300048828125,51277,0.0,0.0,COFORGE.NS
2026-08-03 11:30:00+05:30,1729.9000244140625,1731.9000244140625,1726.0,1730.4000244140625,42974,0.0,0.0,COFORGE.NS
2026-08-03 11:45:00+05:30,1730.4000244140625,1731.0,1727.5,1729.0,21566,0.0,0.0,COFORGE.NS
2026-08-03 12:00:00+05:30,1728.800048828125,1739.0,1726.800048828125,1735.9000244140625,114176,0.0,0.0,COFORGE.NS
2026-08-03 12:15:00+05:30,1735.800048828125,1740.5999755859375,1735.5,1740.0,67514,0.0,0.0,COFORGE.NS
2026-08-03 12:30:00+05:30,1740.5,1742.9000244140625,1738.5999755859375,1741.0,45745,0.0,0.0,COFORGE.NS
2026-08-03 12:45:00+05:30,1741.4000244140625,1743.0999755859375,1736.0,1742.9000244140625,71866,0.0,0.0,COFORGE.NS
2026-08-03 13:00:00+05:30,1742.9000244140625,1743.0,1739.199951171875,1741.199951171875,42503,0.0,0.0,COFORGE.NS
2026-08-03 13:15:00+05:30,1741.300048828125,1742.9000244140625,1739.199951171875,1741.0,34604,0.0,0.0,COFORGE.NS
2026-08-03 13:30:00+05:30,1741.0,1742.5999755859375,1737.0999755859375,1739.699951171875,39531,0.0,0.0,COFORGE.NS
2026-08-03 13:45:00+05:30,1739.5999755859375,1747.0,1738.699951171875,1746.800048828125,69625,0.0,0.0,COFORGE.NS
2026-08-03 14:00:00+05:30,1747.0,1752.0,1746.199951171875,1750.4000244140625,122139,0.0,0.0,COFORGE.NS
2026-08-03 14:15:00+05:30,1750.4000244140625,1750.5999755859375,1747.0,1748.5,83234,0.0,0.0,COFORGE.NS
2026-08-03 14:30:00+05:30,1748.0,1759.800048828125,1747.4000244140625,1757.4000244140625,220491,0.0,0.0,COFORGE.NS
2026-08-03 14:45:00+05:30,1757.300048828125,1767.9000244140625,1757.199951171875,1767.9000244140625,505793,0.0,0.0,COFORGE.NS
2026-08-03 15:00:00+05:30,1768.199951171875,1770.4000244140625,1765.0,1766.4000244140625,245911,0.0,0.0,COFORGE.NS
2026-08-03 15:15:00+05:30,1767.0,1768.0,1767.0,1768.0,23063,0.0,0.0,COFORGE.NS
2026-08-04 09:15:00+05:30,1771.5999755859375,1771.5999755859375,1741.9000244140625,1749.0999755859375,97359,0.0,0.0,COFORGE.NS
2026-08-04 09:30:00+05:30,1749.4000244140625,1752.0,1745.699951171875,1748.0,49711,0.0,0.0,COFORGE.NS
2026-08-04 09:45:00+05:30,1748.5,1751.699951171875,1744.0999755859375,1750.0,52256,0.0,0.0,COFORGE.NS
2026-08-04 10:00:00+05:30,1750.0,1750.0,1744.5,1748.5,36068,0.0,0.0,COFORGE.NS
2026-08-04 10:15:00+05:30,1748.5,1750.800048828125,1747.800048828125,1749.4000244140625,25510,0.0,0.0,COFORGE.NS
2026-08-04 10:30:00+05:30,1749.5,1750.800048828125,1745.0,1747.5,32454,0.0,0.0,COFORGE.NS
2026-08-04 10:45:00+05:30,1747.5999755859375,1748.9000244140625,1745.199951171875,1746.199951171875,29976,0.0,0.0,COFORGE.NS
2026-08-04 11:00:00+05:30,1746.4000244140625,1749.9000244140625,1745.0,1747.9000244140625,29466,0.0,0.0,COFORGE.NS
2026-08-04 11:15:00+05:30,1747.5999755859375,1751.699951171875,1747.199951171875,1749.0999755859375,27101,0.0,0.0,COFORGE.NS
2026-08-04 11:30:00+05:30,1748.800048828125,1749.5999755859375,1746.5999755859375,1747.0,18376,0.0,0.0,COFORGE.NS
2026-08-04 11:45:00+05:30,1747.199951171875,1748.0,1741.0,1743.0,75349,0.0,0.0,COFORGE.NS
2026-08-04 12:00:00+05:30,1743.5,1745.699951171875,1739.0,1741.0999755859375,65250,0.0,0.0,COFORGE.NS
2026-08-04 12:15:00+05:30,1741.5999755859375,1744.4000244140625,1738.5,1743.199951171875,32926,0.0,0.0,COFORGE.NS
2026-08-04 12:30:00+05:30,1743.199951171875,1745.5,1739.5,1739.5,47609,0.0,0.0,COFORGE.NS
2026-08-04 12:45:00+05:30,1740.0,1741.0,1738.300048828125,1740.0,25696,0.0,0.0,COFORGE.NS
2026-08-04 13:00:00+05:30,1739.0,1742.0,1739.0,1740.699951171875,12276,0.0,0.0,COFORGE.NS
2026-08-04 13:15:00+05:30,1740.5999755859375,1743.4000244140625,1738.0999755859375,1739.800048828125,29802,0.0,0.0,COFORGE.NS
2026-08-04 13:30:00+05:30,1738.300048828125,1741.5,1738.0,1741.0,23141,0.0,0.0,COFORGE.NS
2026-08-04 13:45:00+05:30,1740.9000244140625,1742.0999755859375,1739.0,1741.0999755859375,21443,0.0,0.0,COFORGE.NS
2026-08-04 14:00:00+05:30,1742.0,1742.0999755859375,1739.5,1741.300048828125,16950,0.0,0.0,COFORGE.NS
2026-08-04 14:15:00+05:30,1741.300048828125,1741.699951171875,1738.300048828125,1739.199951171875,23612,0.0,0.0,COFORGE.NS
2026-08-04 14:30:00+05:30,1739.0,1740.5999755859375,1736.0,1738.5,42450,0.0,0.0,COFORGE.NS
2026-08-04 14:45:00+05:30,1738.300048828125,1740.5999755859375,1738.0999755859375,1740.300048828125,23093,0.0,0.0,COFORGE.NS
2026-08-04 15:00:00+05:30,1740.199951171875,1741.5,1734.5,1734.5,97334,0.0,0.0,COFORGE.NS
2026-08-04 15:15:00+05:30,1734.0,1749.9000244140625,1734.0,1749.9000244140625,91910,0.0,0.0,COFORGE.NS
2026-08-05 09:15:00+05:30,1748.4000244140625,1765.9000244140625,1746.699951171875,1759.5,114034,0.0,0.0,COFORGE.NS
2026-08-05 09:30:00+05:30,1760.5,1761.0,1753.800048828125,1758.199951171875,72548,0.0,0.0,COFORGE.NS
2026-08-05 09:45:00+05:30,1758.0,1758.0999755859375,1754.4000244140625,1756.199951171875,51932,0.0,0.0,COFORGE.NS
2026-08-05 10:00:00+05:30,1756.699951171875,1763.0,1751.9000244140625,1762.9000244140625,454749,0.0,0.0,COFORGE.NS
2026-08-05 10:15:00+05:30,1763.5,1768.0999755859375,1762.199951171875,1764.5999755859375,68324,0.0,0.0,COFORGE.NS
2026-08-05 10:30:00+05:30,1764.0,1772.0,1761.4000244140625,1769.699951171875,89819,0.0,0.0,COFORGE.NS
2026-08-05 10:45:00+05:30,1769.699951171875,1782.0,1769.5,1779.9000244140625,115146,0.0,0.0,COFORGE.NS
2026-08-05 11:00:00+05:30,1779.699951171875,1783.300048828125,1776.800048828125,1781.0,85956,0.0,0.0,COFORGE.NS
2026-08-05 11:15:00+05:30,1780.4000244140625,1783.0,1778.0,1780.0,64756,0.0,0.0,COFORGE.NS
2026-08-05 11:30:00+05:30,1780.300048828125,1788.0,1779.5,1783.0,126415,0.0,0.0,COFORGE.NS
2026-08-05 11:45:00+05:30,1783.0999755859375,1783.0999755859375,1775.5999755859375,1780.0,95891,0.0,0.0,COFORGE.NS
2026-08-05 12:00:00+05:30,1779.9000244140625,1784.5,1779.9000244140625,1780.0,39563,0.0,0.0,COFORGE.NS
2026-08-05 12:15:00+05:30,1780.0,1784.0,1779.300048828125,1780.9000244140625,59955,0.0,0.0,COFORGE.NS
2026-08-05 12:30:00+05:30,1781.699951171875,1783.9000244140625,1779.5,1782.0,28199,0.0,0.0,COFORGE.NS
2026-08-05 12:45:00+05:30,1782.0,1783.0,1777.0,1777.300048828125,48636,0.0,0.0,COFORGE.NS
2026-08-05 13:00:00+05:30,1777.4000244140625,1785.5999755859375,1777.0,1784.0999755859375,52575,0.0,0.0,COFORGE.NS
2026-08-05 13:15:00+05:30,1784.0,1784.199951171875,1780.0,1780.0999755859375,62730,0.0,0.0,COFORGE.NS
2026-08-05 13:30:00+05:30,1780.199951171875,1782.0,1771.9000244140625,1773.0999755859375,56378,0.0,0.0,COFORGE.NS
2026-08-05 13:45:00+05:30,1773.0,1775.5,1771.199951171875,1772.199951171875,36467,0.0,0.0,COFORGE.NS
2026-08-05 14:00:00+05:30,1772.699951171875,1775.9000244140625,1772.300048828125,1775.0,38097,0.0,0.0,COFORGE.NS
2026-08-05 14:15:00+05:30,1774.5,1777.9000244140625,1773.0999755859375,1777.9000244140625,45063,0.0,0.0,COFORGE.NS
2026-08-05 14:30:00+05:30,1776.9000244140625,1778.5999755859375,1772.0,1773.0999755859375,86233,0.0,0.0,COFORGE.NS
2026-08-05 14:45:00+05:30,1773.0,1773.0999755859375,1769.0999755859375,1771.5999755859375,102568,0.0,0.0,COFORGE.NS
2026-08-05 15:00:00+05:30,1771.4000244140625,1771.4000244140625,1762.300048828125,1765.0,163350,0.0,0.0,COFORGE.NS
2026-08-05 15:15:00+05:30,1763.0999755859375,1777.0,1763.0999755859375,1777.0,55596,0.0,0.0,COFORGE.NS
2026-08-06 09:15:00+05:30,1792.699951171875,1800.300048828125,1758.699951171875,1768.0999755859375,195540,0.0,0.0,COFORGE.NS
2026-08-06 09:30:00+05:30,1768.0999755859375,1785.0,1768.0,1783.5,148867,0.0,0.0,COFORGE.NS
2026-08-06 09:45:00+05:30,1783.5,1785.5,1780.199951171875,1783.4000244140625,68713,0.0,0.0,COFORGE.NS
2026-08-06 10:00:00+05:30,1782.9000244140625,1785.0,1775.800048828125,1784.9000244140625,104405,0.0,0.0,COFORGE.NS
2026-08-06 10:15:00+05:30,1784.9000244140625,1784.9000244140625,1779.0,1780.9000244140625,43533,0.0,0.0,COFORGE.NS
2026-08-06 10:30:00+05:30,1781.0,1783.0,1777.699951171875,1780.300048828125,40096,0.0,0.0,COFORGE.NS
2026-08-06 10:45:00+05:30,1780.5,1786.699951171875,1780.199951171875,1780.800048828125,61350,0.0,0.0,COFORGE.NS
2026-08-06 11:00:00+05:30,1780.199951171875,1782.800048828125,1780.199951171875,1780.199951171875,19264,0.0,0.0,COFORGE.NS
2026-08-06 11:15:00+05:30,1780.300048828125,1783.9000244140625,1778.800048828125,1782.4000244140625,34345,0.0,0.0,COFORGE.NS
2026-08-06 11:30:00+05:30,1782.800048828125,1782.800048828125,1776.800048828125,1779.199951171875,38373,0.0,0.0,COFORGE.NS
2026-08-06 11:45:00+05:30,1779.0,1782.5999755859375,1778.5,1781.4000244140625,23175,0.0,0.0,COFORGE.NS
2026-08-06 12:00:00+05:30,1781.300048828125,1781.4000244140625,1777.0,1777.0,31942,0.0,0.0,COFORGE.NS
2026-08-06 12:15:00+05:30,1777.0,1781.800048828125,1776.199951171875,1779.0,23225,0.0,0.0,COFORGE.NS
2026-08-06 12:30:00+05:30,1779.0,1780.4000244140625,1776.0999755859375,1776.800048828125,23818,0.0,0.0,COFORGE.NS
2026-08-06 12:45:00+05:30,1777.199951171875,1779.4000244140625,1772.9000244140625,1774.5,28758,0.0,0.0,COFORGE.NS
2026-08-06 13:00:00+05:30,1774.5999755859375,1775.9000244140625,1773.5999755859375,1774.4000244140625,22421,0.0,0.0,COFORGE.NS
2026-08-06 13:15:00+05:30,1774.0,1777.800048828125,1771.800048828125,1772.5,37770,0.0,0.0,COFORGE.NS
2026-08-06 13:30:00+05:30,1772.199951171875,1776.300048828125,1772.0,1772.0,23465,0.0,0.0,COFORGE.NS
2026-08-06 13:45:00+05:30,1772.300048828125,1779.0999755859375,1770.5,1777.9000244140625,44777,0.0,0.0,COFORGE.NS
2026-08-06 14:00:00+05:30,1778.199951171875,1779.4000244140625,1774.5999755859375,1775.5999755859375,21371,0.0,0.0,COFORGE.NS
2026-08-06 14:15:00+05:30,1775.4000244140625,1783.0999755859375,1775.4000244140625,1780.699951171875,61124,0.0,0.0,COFORGE.NS
2026-08-06 14:30:00+05:30,1780.800048828125,1781.4000244140625,1778.800048828125,1779.5,48065,0.0,0.0,COFORGE.NS
2026-08-06 14:45:00+05:30,1779.5,1780.5,1777.0999755859375,1777.5999755859375,51666,0.0,0.0,COFORGE.NS
2026-08-06 15:00:00+05:30,1778.5999755859375,1781.5,1778.0,1778.0,169312,0.0,0.0,COFORGE.NS
2026-08-06 15:15:00+05:30,1778.0,1778.0,1772.800048828125,1772.800048828125,0,0.0,0.0,COFORGE.NS
2026-08-07 09:15:00+05:30,1773.199951171875,1798.0999755859375,1772.800048828125,1794.199951171875,131955,0.0,0.0,COFORGE.NS
2026-08-07 09:30:00+05:30,1793.0999755859375,1809.0,1790.9000244140625,1807.9000244140625,312468,0.0,0.0,COFORGE.NS
2026-08-07 09:45:00+05:30,1808.199951171875,1808.5,1796.5999755859375,1804.0999755859373,445265,0.0,0.0,COFORGE.NS
2026-08-07 10:00:00+05:30,1804.0999755859373,1807.5999755859373,1800.0999755859375,1802.5,105129,0.0,0.0,COFORGE.NS
2026-08-07 10:15:00+05:30,1801.9000244140625,1802.800048828125,1787.5,1789.300048828125,136575,0.0,0.0,COFORGE.NS
2026-08-07 10:30:00+05:30,1789.4000244140625,1793.9000244140625,1781.5,1782.800048828125,175126,0.0,0.0,COFORGE.NS
2026-08-07 10:45:00+05:30,1782.699951171875,1788.300048828125,1782.699951171875,1786.0999755859375,71275,0.0,0.0,COFORGE.NS
2026-08-07 11:00:00+05:30,1785.5999755859375,1786.5,1783.199951171875,1785.4000244140625,48015,0.0,0.0,COFORGE.NS
2026-08-07 11:15:00+05:30,1784.9000244140625,1786.0999755859375,1775.699951171875,1779.5,155075,0.0,0.0,COFORGE.NS
2026-08-07 11:30:00+05:30,1779.5,1780.0,1777.4000244140625,1778.5,52107,0.0,0.0,COFORGE.NS
2026-08-07 11:45:00+05:30,1778.5,1783.4000244140625,1777.4000244140625,1780.199951171875,192416,0.0,0.0,COFORGE.NS
2026-08-07 12:00:00+05:30,1780.699951171875,1780.699951171875,1769.300048828125,1770.199951171875,106426,0.0,0.0,COFORGE.NS
2026-08-07 12:15:00+05:30,1770.300048828125,1771.4000244140625,1767.800048828125,1769.300048828125,36443,0.0,0.0,COFORGE.NS
2026-08-07 12:30:00+05:30,1768.5999755859375,1772.0,1765.9000244140625,1768.5999755859375,44766,0.0,0.0,COFORGE.NS
2026-08-07 12:45:00+05:30,1768.9000244140625,1773.0,1767.300048828125,1768.800048828125,39476,0.0,0.0,COFORGE.NS
2026-08-07 13:00:00+05:30,1769.0,1774.800048828125,1767.5,1770.0999755859375,81532,0.0,0.0,COFORGE.NS
2026-08-07 13:15:00+05:30,1770.5,1776.0,1770.5,1773.300048828125,42605,0.0,0.0,COFORGE.NS
2026-08-07 13:30:00+05:30,1773.199951171875,1782.699951171875,1771.800048828125,1780.300048828125,55331,0.0,0.0,COFORGE.NS
2026-08-07 13:45:00+05:30,1780.5,1780.9000244140625,1778.0,1780.800048828125,41459,0.0,0.0,COFORGE.NS
2026-08-07 14:00:00+05:30,1780.9000244140625,1781.0999755859375,1773.800048828125,1775.5999755859375,31505,0.0,0.0,COFORGE.NS
2026-08-07 14:15:00+05:30,1775.4000244140625,1776.0999755859375,1773.4000244140625,1775.0,28997,0.0,0.0,COFORGE.NS
2026-08-07 14:30:00+05:30,1775.0999755859375,1775.0999755859375,1771.5,1774.5999755859375,34427,0.0,0.0,COFORGE.NS
2026-08-07 14:45:00+05:30,1774.800048828125,1778.0,1773.5,1778.0,53100,0.0,0.0,COFORGE.NS
2026-08-07 15:00:00+05:30,1778.9000244140625,1781.699951171875,1776.300048828125,1780.699951171875,154439,0.0,0.0,COFORGE.NS
2026-08-07 15:15:00+05:30,1780.0,1780.0,1776.0,1776.0,23564,0.0,0.0,COFORGE.NS
2026-08-10 09:15:00+05:30,1785.9000244140625,1816.800048828125,1785.9000244140625,1809.0,171458,0.0,0.0,COFORGE.NS
2026-08-10 09:30:00+05:30,1809.0,1814.300048828125,1794.699951171875,1795.9000244140625,128413,0.0,0.0,COFORGE.NS
2026-08-10 09:45:00+05:30,1795.300048828125,1811.0,1794.5,1809.9000244140625,85692,0.0,0.0,COFORGE.NS
2026-08-10 10:00:00+05:30,1809.300048828125,1810.0,1804.5,1806.300048828125,48162,0.0,0.0,COFORGE.NS
2026-08-10 10:15:00+05:30,1806.4000244140625,1822.5,1804.5,1816.5,272023,0.0,0.0,COFORGE.NS
2026-08-10 10:30:00+05:30,1816.699951171875,1819.5999755859373,1811.199951171875,1812.300048828125,113062,0.0,0.0,COFORGE.NS
2026-08-10 10:45:00+05:30,1812.300048828125,1815.699951171875,1809.0,1810.5,81618,0.0,0.0,COFORGE.NS
2026-08-10 11:00:00+05:30,1810.5,1817.0,1809.5999755859373,1816.199951171875,42469,0.0,0.0,COFORGE.NS
2026-08-10 11:15:00+05:30,1816.199951171875,1816.4000244140625,1812.4000244140625,1812.4000244140625,30598,0.0,0.0,COFORGE.NS
2026-08-10 11:30:00+05:30,1813.0,1813.0,1805.9000244140625,1807.699951171875,235168,0.0,0.0,COFORGE.NS
2026-08-10 11:45:00+05:30,1807.699951171875,1807.699951171875,1800.199951171875,1800.5,196911,0.0,0.0,COFORGE.NS
2026-08-10 12:00:00+05:30,1800.5,1806.5999755859373,1800.5,1806.0,87248,0.0,0.0,COFORGE.NS
2026-08-10 12:15:00+05:30,1806.0999755859373,1806.0999755859373,1799.4000244140625,1799.699951171875,37842,0.0,0.0,COFORGE.NS
2026-08-10 12:30:00+05:30,1799.9000244140625,1802.5,1799.5999755859375,1800.300048828125,77883,0.0,0.0,COFORGE.NS
2026-08-10 12:45:00+05:30,1800.300048828125,1812.199951171875,1800.0,1809.9000244140625,87783,0.0,0.0,COFORGE.NS
2026-08-10 13:00:00+05:30,1810.0999755859373,1811.0,1808.699951171875,1810.0,27626,0.0,0.0,COFORGE.NS
2026-08-10 13:15:00+05:30,1810.0999755859373,1811.0,1808.0,1810.699951171875,69507,0.0,0.0,COFORGE.NS
2026-08-10 13:30:00+05:30,1810.699951171875,1814.4000244140625,1810.0999755859373,1813.5999755859373,34383,0.0,0.0,COFORGE.NS
2026-08-10 13:45:00+05:30,1813.5999755859373,1814.0,1810.699951171875,1811.0,29484,0.0,0.0,COFORGE.NS
2026-08-10 14:00:00+05:30,1810.9000244140625,1811.699951171875,1805.0,1807.0999755859373,62897,0.0,0.0,COFORGE.NS
2026-08-10 14:15:00+05:30,1806.9000244140625,1811.0999755859373,1802.699951171875,1809.5,148240,0.0,0.0,COFORGE.NS
2026-08-10 14:30:00+05:30,1809.0,1810.4000244140625,1802.5,1805.9000244140625,67953,0.0,0.0,COFORGE.NS
2026-08-10 14:45:00+05:30,1806.5999755859373,1807.300048828125,1805.0,1806.0,44810,0.0,0.0,COFORGE.NS
2026-08-10 15:00:00+05:30,1805.0999755859373,1814.5,1805.0,1810.0,247632,0.0,0.0,COFORGE.NS
2026-08-10 15:15:00+05:30,1810.0,1810.0,1810.0,1810.0,6535,0.0,0.0,COFORGE.NS
2026-08-11 09:15:00+05:30,1824.0,1835.199951171875,1822.0,1826.800048828125,112840,0.0,0.0,COFORGE.NS
2026-08-11 09:30:00+05:30,1826.800048828125,1829.9000244140625,1822.300048828125,1826.4000244140625,94253,0.0,0.0,COFORGE.NS
2026-08-11 09:45:00+05:30,1827.0,1828.800048828125,1820.0,1824.0,92781,0.0,0.0,COFORGE.NS
2026-08-11 10:00:00+05:30,1824.800048828125,1825.5,1818.699951171875,1820.0,78193,0.0,0.0,COFORGE.NS
2026-08-11 10:15:00+05:30,1819.699951171875,1823.5999755859373,1810.0999755859373,1817.4000244140625,112235,0.0,0.0,COFORGE.NS
2026-08-11 10:30:00+05:30,1817.4000244140625,1821.4000244140625,1816.199951171875,1819.4000244140625,34701,0.0,0.0,COFORGE.NS
2026-08-11 10:45:00+05:30,1819.4000244140625,1824.5999755859373,1818.5999755859373,1824.5,39034,0.0,0.0,COFORGE.NS
2026-08-11 11:00:00+05:30,1824.5,1824.9000244140625,1817.0999755859373,1822.199951171875,70820,0.0,0.0,COFORGE.NS
2026-08-11 11:15:00+05:30,1822.199951171875,1823.0999755859373,1821.199951171875,1822.0999755859373,50354,0.0,0.0,COFORGE.NS
2026-08-11 11:30:00+05:30,1822.0,1833.199951171875,1821.9000244140625,1829.699951171875,168547,0.0,0.0,COFORGE.NS
2026-08-11 11:45:00+05:30,1829.699951171875,1830.0,1823.9000244140625,1824.0,42913,0.0,0.0,COFORGE.NS
2026-08-11 12:00:00+05:30,1824.0999755859373,1827.5,1822.5999755859373,1827.0,46386,0.0,0.0,COFORGE.NS
2026-08-11 12:15:00+05:30,1826.5999755859373,1827.0,1823.0999755859373,1823.9000244140625,40728,0.0,0.0,COFORGE.NS
2026-08-11 12:30:00+05:30,1823.9000244140625,1826.300048828125,1823.5,1826.199951171875,27311,0.0,0.0,COFORGE.NS
2026-08-11 12:45:00+05:30,1826.4000244140625,1826.4000244140625,1817.5999755859373,1818.0,49691,0.0,0.0,COFORGE.NS
2026-08-11 13:00:00+05:30,1818.9000244140625,1822.5,1818.0,1821.699951171875,44797,0.0,0.0,COFORGE.NS
2026-08-11 13:15:00+05:30,1821.699951171875,1825.199951171875,1821.699951171875,1822.0,33375,0.0,0.0,COFORGE.NS
2026-08-11 13:30:00+05:30,1822.0,1822.4000244140625,1818.9000244140625,1818.9000244140625,17665,0.0,0.0,COFORGE.NS
2026-08-11 13:45:00+05:30,1818.9000244140625,1819.4000244140625,1817.0,1817.0,21783,0.0,0.0,COFORGE.NS
2026-08-11 14:00:00+05:30,1817.300048828125,1818.0,1813.199951171875,1816.300048828125,33372,0.0,0.0,COFORGE.NS
2026-08-11 14:15:00+05:30,1816.300048828125,1817.199951171875,1812.800048828125,1814.0,29644,0.0,0.0,COFORGE.NS
2026-08-11 14:30:00+05:30,1814.4000244140625,1814.5,1810.800048828125,1813.800048828125,77137,0.0,0.0,COFORGE.NS
2026-08-11 14:45:00+05:30,1814.0,1819.5999755859373,1813.9000244140625,1819.0,62691,0.0,0.0,COFORGE.NS
2026-08-11 15:00:00+05:30,1819.0,1820.0,1815.0,1817.0,121724,0.0,0.0,COFORGE.NS
2026-08-11 15:15:00+05:30,1816.0,1819.0,1816.0,1819.0,17963,0.0,0.0,COFORGE.NS
2026-08-12 09:15:00+05:30,1814.5,1814.5,1801.5999755859373,1806.0,59298,0.0,0.0,COFORGE.NS
2026-08-12 09:30:00+05:30,1806.0,1812.0,1800.699951171875,1802.699951171875,96948,0.0,0.0,COFORGE.NS
2026-08-12 09:45:00+05:30,1802.4000244140625,1803.9000244140625,1799.300048828125,1800.9000244140625,58781,0.0,0.0,COFORGE.NS
2026-08-12 10:00:00+05:30,1801.199951171875,1804.4000244140625,1796.9000244140625,1801.0,102852,0.0,0.0,COFORGE.NS
2026-08-12 10:15:00+05:30,1800.800048828125,1801.699951171875,1795.800048828125,1798.0,52217,0.0,0.0,COFORGE.NS
2026-08-12 10:30:00+05:30,1798.0999755859375,1801.0,1794.4000244140625,1796.5999755859375,44438,0.0,0.0,COFORGE.NS
2026-08-12 10:45:00+05:30,1796.5,1797.5,1785.0,1788.0,55971,0.0,0.0,COFORGE.NS
2026-08-12 11:00:00+05:30,1787.4000244140625,1798.5,1780.4000244140625,1792.5999755859375,90597,0.0,0.0,COFORGE.NS
2026-08-12 11:15:00+05:30,1792.199951171875,1799.5,1792.0999755859375,1797.5999755859375,31573,0.0,0.0,COFORGE.NS
2026-08-12 11:30:00+05:30,1797.5999755859375,1801.0,1795.4000244140625,1798.0,109415,0.0,0.0,COFORGE.NS
2026-08-12 11:45:00+05:30,1798.0,1805.0,1798.0,1801.4000244140625,107495,0.0,0.0,COFORGE.NS
2026-08-12 12:00:00+05:30,1800.0,1808.0999755859373,1797.699951171875,1805.699951171875,84316,0.0,0.0,COFORGE.NS
2026-08-12 12:15:00+05:30,1805.5,1807.5,1803.5999755859373,1803.5999755859373,72294,0.0,0.0,COFORGE.NS
2026-08-12 12:30:00+05:30,1804.0,1805.0,1800.4000244140625,1801.5,39721,0.0,0.0,COFORGE.NS
2026-08-12 12:45:00+05:30,1801.5,1806.0,1798.199951171875,1798.800048828125,80991,0.0,0.0,COFORGE.NS
2026-08-12 13:00:00+05:30,1798.699951171875,1805.4000244140625,1797.0999755859375,1803.0,28237,0.0,0.0,COFORGE.NS
2026-08-12 13:15:00+05:30,1803.4000244140625,1809.4000244140625,1803.4000244140625,1807.5,35158,0.0,0.0,COFORGE.NS
2026-08-12 13:30:00+05:30,1807.5,1807.9000244140625,1801.5999755859373,1802.0999755859373,25523,0.0,0.0,COFORGE.NS
2026-08-12 13:45:00+05:30,1802.0,1803.0999755859373,1800.0,1800.0,25985,0.0,0.0,COFORGE.NS
2026-08-12 14:00:00+05:30,1800.0,1803.199951171875,1800.0,1802.0,19610,0.0,0.0,COFORGE.NS
2026-08-12 14:15:00+05:30,1801.699951171875,1804.0999755859373,1800.800048828125,1802.199951171875,28049,0.0,0.0,COFORGE.NS
2026-08-12 14:30:00+05:30,1802.5,1805.699951171875,1801.0999755859375,1801.5,37376,0.0,0.0,COFORGE.NS
2026-08-12 14:45:00+05:30,1802.199951171875,1805.0,1800.0999755859375,1801.4000244140625,54395,0.0,0.0,COFORGE.NS
2026-08-12 15:00:00+05:30,1801.4000244140625,1803.800048828125,1797.0,1799.0,145971,0.0,0.0,COFORGE.NS
2026-08-12 15:15:00+05:30,1798.0,1801.5,1798.0,1801.5,40094,0.0,0.0,COFORGE.NS
2026-08-13 09:15:00+05:30,1793.4000244140625,1812.800048828125,1791.699951171875,1812.199951171875,81969,0.0,0.0,COFORGE.NS
2026-08-13 09:30:00+05:30,1812.9000244140625,1815.800048828125,1809.800048828125,1812.699951171875,94548,0.0,0.0,COFORGE.NS
2026-08-13 09:45:00+05:30,1812.699951171875,1814.0,1807.0,1809.9000244140625,50877,0.0,0.0,COFORGE.NS
2026-08-13 10:00:00+05:30,1810.0,1813.699951171875,1807.699951171875,1813.5,43267,0.0,0.0,COFORGE.NS
2026-08-13 10:15:00+05:30,1813.0999755859373,1813.0999755859373,1804.0,1804.0,81049,0.0,0.0,COFORGE.NS
2026-08-13 10:30:00+05:30,1804.0,1812.0,1803.800048828125,1809.0,93844,0.0,0.0,COFORGE.NS
2026-08-13 10:45:00+05:30,1809.5,1809.800048828125,1805.9000244140625,1808.199951171875,70035,0.0,0.0,COFORGE.NS
2026-08-13 11:00:00+05:30,1809.199951171875,1810.0,1801.5999755859373,1803.800048828125,208803,0.0,0.0,COFORGE.NS
2026-08-13 11:15:00+05:30,1804.0,1805.0,1802.699951171875,1804.5,140292,0.0,0.0,COFORGE.NS
2026-08-13 11:30:00+05:30,1804.300048828125,1810.5,1801.5,1809.800048828125,88381,0.0,0.0,COFORGE.NS
2026-08-13 11:45:00+05:30,1809.4000244140625,1818.0,1808.5,1816.199951171875,72364,0.0,0.0,COFORGE.NS
2026-08-13 12:00:00+05:30,1816.5999755859373,1826.9000244140625,1816.300048828125,1826.4000244140625,92798,0.0,0.0,COFORGE.NS
2026-08-13 12:15:00+05:30,1825.199951171875,1825.800048828125,1820.0,1824.800048828125,43661,0.0,0.0,COFORGE.NS
2026-08-13 12:30:00+05:30,1824.4000244140625,1825.0,1822.0,1822.699951171875,31153,0.0,0.0,COFORGE.NS
2026-08-13 12:45:00+05:30,1822.0999755859373,1823.5999755859373,1817.5,1820.5,79163,0.0,0.0,COFORGE.NS
2026-08-13 13:00:00+05:30,1820.5,1821.0,1816.0999755859373,1818.4000244140625,24329,0.0,0.0,COFORGE.NS
2026-08-13 13:15:00+05:30,1818.4000244140625,1819.300048828125,1814.5999755859373,1815.4000244140625,25173,0.0,0.0,COFORGE.NS
2026-08-13 13:30:00+05:30,1815.4000244140625,1824.5999755859373,1815.4000244140625,1823.0999755859373,37629,0.0,0.0,COFORGE.NS
2026-08-13 13:45:00+05:30,1823.0,1823.300048828125,1820.800048828125,1821.0,23599,0.0,0.0,COFORGE.NS
2026-08-13 14:00:00+05:30,1821.0,1827.9000244140625,1820.4000244140625,1824.5999755859373,58545,0.0,0.0,COFORGE.NS
2026-08-13 14:15:00+05:30,1824.300048828125,1827.800048828125,1823.800048828125,1826.199951171875,107112,0.0,0.0,COFORGE.NS
2026-08-13 14:30:00+05:30,1827.0,1829.800048828125,1826.0,1826.0999755859373,45853,0.0,0.0,COFORGE.NS
2026-08-13 14:45:00+05:30,1826.199951171875,1826.199951171875,1820.5,1821.199951171875,71451,0.0,0.0,COFORGE.NS
2026-08-13 15:00:00+05:30,1820.4000244140625,1827.0,1820.4000244140625,1825.0,129470,0.0,0.0,COFORGE.NS
2026-08-13 15:15:00+05:30,1825.0,1829.0,1825.0,1829.0,13396,0.0,0.0,COFORGE.NS
2026-08-14 09:15:00+05:30,1826.0999755859373,1836.0999755859373,1812.0999755859373,1816.199951171875,72013,0.0,0.0,COFORGE.NS
2026-08-14 09:30:00+05:30,1816.5,1829.9000244140625,1816.4000244140625,1821.199951171875,117426,0.0,0.0,COFORGE.NS
2026-08-14 09:45:00+05:30,1822.5,1822.9000244140625,1816.5999755859373,1819.9000244140625,86551,0.0,0.0,COFORGE.NS
2026-08-14 10:00:00+05:30,1819.9000244140625,1823.5999755859373,1819.0,1820.9000244140625,56764,0.0,0.0,COFORGE.NS
2026-08-14 10:15:00+05:30,1821.199951171875,1829.800048828125,1818.199951171875,1829.0,72970,0.0,0.0,COFORGE.NS
2026-08-14 10:30:00+05:30,1829.0,1830.4000244140625,1819.800048828125,1822.5999755859373,60413,0.0,0.0,COFORGE.NS
2026-08-14 10:45:00+05:30,1822.9000244140625,1822.9000244140625,1806.4000244140625,1807.300048828125,121281,0.0,0.0,COFORGE.NS
2026-08-14 11:00:00+05:30,1807.199951171875,1815.0,1807.199951171875,1815.0,71051,0.0,0.0,COFORGE.NS
2026-08-14 11:15:00+05:30,1815.0,1818.4000244140625,1810.0,1811.5,86516,0.0,0.0,COFORGE.NS
2026-08-14 11:30:00+05:30,1811.4000244140625,1813.800048828125,1809.0999755859373,1813.800048828125,28028,0.0,0.0,COFORGE.NS
2026-08-14 11:45:00+05:30,1812.5999755859373,1814.300048828125,1811.4000244140625,1813.800048828125,23543,0.0,0.0,COFORGE.NS
2026-08-14 12:00:00+05:30,1813.5999755859373,1815.9000244140625,1810.0,1812.9000244140625,82552,0.0,0.0,COFORGE.NS
2026-08-14 12:15:00+05:30,1812.800048828125,1813.300048828125,1810.0,1812.0,18626,0.0,0.0,COFORGE.NS
2026-08-14 12:30:00+05:30,1812.199951171875,1813.5,1811.800048828125,1812.800048828125,20527,0.0,0.0,COFORGE.NS
2026-08-14 12:45:00+05:30,1812.300048828125,1818.5999755859373,1812.0,1816.0,45887,0.0,0.0,COFORGE.NS
2026-08-14 13:00:00+05:30,1815.800048828125,1817.800048828125,1813.300048828125,1813.300048828125,22416,0.0,0.0,COFORGE.NS
2026-08-14 13:15:00+05:30,1813.800048828125,1818.0,1813.0999755859373,1818.0,21128,0.0,0.0,COFORGE.NS
2026-08-14 13:30:00+05:30,1816.5,1818.5,1815.699951171875,1817.699951171875,24922,0.0,0.0,COFORGE.NS
2026-08-14 13:45:00+05:30,1817.699951171875,1818.699951171875,1811.0,1812.0,63989,0.0,0.0,COFORGE.NS
2026-08-14 14:00:00+05:30,1812.5,1813.0,1810.199951171875,1810.699951171875,37613,0.0,0.0,COFORGE.NS
2026-08-14 14:15:00+05:30,1812.300048828125,1812.4000244140625,1809.4000244140625,1810.5999755859373,38078,0.0,0.0,COFORGE.NS
2026-08-14 14:30:00+05:30,1811.199951171875,1812.199951171875,1805.300048828125,1805.300048828125,110431,0.0,0.0,COFORGE.NS
2026-08-14 14:45:00+05:30,1805.199951171875,1814.800048828125,1805.0999755859373,1812.5999755859373,89509,0.0,0.0,COFORGE.NS
2026-08-14 15:00:00+05:30,1812.5999755859373,1816.0,1811.0999755859373,1814.5,108019,0.0,0.0,COFORGE.NS
2026-08-14 15:15:00+05:30,1813.0,1813.0,1812.0,1812.0,35369,0.0,0.0,COFORGE.NS
2026-08-17 09:15:00+05:30,1810.199951171875,1819.4000244140625,1801.0,1801.800048828125,48642,0.0,0.0,COFORGE.NS
2026-08-17 09:30:00+05:30,1802.0999755859373,1816.800048828125,1802.0999755859373,1812.5999755859373,76185,0.0,0.0,COFORGE.NS
2026-08-17 09:45:00+05:30,1812.5999755859373,1815.5,1808.5,1808.9000244140625,49296,0.0,0.0,COFORGE.NS
2026-08-17 10:00:00+05:30,1808.800048828125,1814.4000244140625,1802.800048828125,1805.699951171875,52234,0.0,0.0,COFORGE.NS
2026-08-17 10:15:00+05:30,1805.699951171875,1808.699951171875,1805.0,1806.5999755859373,79692,0.0,0.0,COFORGE.NS
2026-08-17 10:30:00+05:30,1806.5999755859373,1808.5999755859373,1802.199951171875,1802.699951171875,24902,0.0,0.0,COFORGE.NS
2026-08-17 10:45:00+05:30,1803.4000244140625,1814.5,1799.5999755859375,1814.5,101022,0.0,0.0,COFORGE.NS
2026-08-17 11:00:00+05:30,1814.0,1815.800048828125,1812.300048828125,1812.300048828125,26038,0.0,0.0,COFORGE.NS
2026-08-17 11:15:00+05:30,1812.300048828125,1813.699951171875,1810.0,1810.199951171875,17834,0.0,0.0,COFORGE.NS
2026-08-17 11:30:00+05:30,1810.5999755859373,1811.0999755859373,1808.0999755859373,1808.9000244140625,15553,0.0,0.0,COFORGE.NS
2026-08-17 11:45:00+05:30,1808.5,1811.0999755859373,1808.5,1809.5999755859373,19326,0.0,0.0,COFORGE.NS
2026-08-17 12:00:00+05:30,1809.5999755859373,1811.800048828125,1809.199951171875,1810.4000244140625,25968,0.0,0.0,COFORGE.NS
2026-08-17 12:15:00+05:30,1810.199951171875,1814.0,1808.9000244140625,1810.300048828125,24632,0.0,0.0,COFORGE.NS
2026-08-17 12:30:00+05:30,1810.5,1810.800048828125,1807.5,1808.0999755859373,17745,0.0,0.0,COFORGE.NS
2026-08-17 12:45:00+05:30,1807.800048828125,1809.0999755859373,1807.199951171875,1808.0999755859373,16210,0.0,0.0,COFORGE.NS
2026-08-17 13:00:00+05:30,1807.0,1807.9000244140625,1805.699951171875,1806.800048828125,20740,0.0,0.0,COFORGE.NS
2026-08-17 13:15:00+05:30,1806.699951171875,1807.0999755859373,1806.0,1806.4000244140625,21462,0.0,0.0,COFORGE.NS
2026-08-17 13:30:00+05:30,1807.0,1808.4000244140625,1806.4000244140625,1807.5999755859373,32990,0.0,0.0,COFORGE.NS
2026-08-17 13:45:00+05:30,1807.800048828125,1809.800048828125,1807.5999755859373,1808.9000244140625,16676,0.0,0.0,COFORGE.NS
2026-08-17 14:00:00+05:30,1808.800048828125,1809.4000244140625,1804.5999755859373,1805.800048828125,27951,0.0,0.0,COFORGE.NS
2026-08-17 14:15:00+05:30,1805.0999755859373,1806.0999755859373,1802.800048828125,1803.0,49072,0.0,0.0,COFORGE.NS
2026-08-17 14:30:00+05:30,1803.0,1805.0,1801.199951171875,1803.0,47792,0.0,0.0,COFORGE.NS
2026-08-17 14:45:00+05:30,1803.0,1807.199951171875,1801.0,1804.9000244140625,86009,0.0,0.0,COFORGE.NS
2026-08-17 15:00:00+05:30,1804.5,1805.800048828125,1801.4000244140625,1801.9000244140625,104288,0.0,0.0,COFORGE.NS
2026-08-17 15:15:00+05:30,1802.0,1806.0,1802.0,1806.0,13878,0.0,0.0,COFORGE.NS
2026-08-18 09:15:00+05:30,1787.800048828125,1791.199951171875,1777.0999755859375,1783.0999755859375,77856,0.0,0.0,COFORGE.NS
2026-08-18 09:30:00+05:30,1782.699951171875,1786.5999755859375,1778.4000244140625,1782.300048828125,77666,0.0,0.0,COFORGE.NS
2026-08-18 09:45:00+05:30,1783.199951171875,1783.699951171875,1777.300048828125,1780.0,57430,0.0,0.0,COFORGE.NS
2026-08-18 10:00:00+05:30,1780.9000244140625,1782.4000244140625,1778.0,1779.300048828125,34018,0.0,0.0,COFORGE.NS
2026-08-18 10:15:00+05:30,1779.699951171875,1782.0,1777.800048828125,1781.199951171875,40981,0.0,0.0,COFORGE.NS
2026-08-18 10:30:00+05:30,1781.0999755859375,1790.0,1781.0999755859375,1785.699951171875,73429,0.0,0.0,COFORGE.NS
2026-08-18 10:45:00+05:30,1785.4000244140625,1788.0,1779.0999755859375,1781.199951171875,53960,0.0,0.0,COFORGE.NS
2026-08-18 11:00:00+05:30,1781.0999755859375,1781.699951171875,1777.5,1778.300048828125,32479,0.0,0.0,COFORGE.NS
2026-08-18 11:15:00+05:30,1778.4000244140625,1778.5,1769.9000244140625,1771.0,100034,0.0,0.0,COFORGE.NS
2026-08-18 11:30:00+05:30,1771.0,1774.4000244140625,1770.5,1773.0,30948,0.0,0.0,COFORGE.NS
2026-08-18 11:45:00+05:30,1773.0999755859375,1773.300048828125,1770.800048828125,1771.9000244140625,30250,0.0,0.0,COFORGE.NS
2026-08-18 12:00:00+05:30,1771.4000244140625,1772.9000244140625,1771.0,1772.0999755859375,33251,0.0,0.0,COFORGE.NS
2026-08-18 12:15:00+05:30,1772.199951171875,1772.5,1768.0,1769.0999755859375,35571,0.0,0.0,COFORGE.NS
2026-08-18 12:30:00+05:30,1769.0999755859375,1769.5,1765.0,1765.0,72306,0.0,0.0,COFORGE.NS
2026-08-18 12:45:00+05:30,1764.5999755859375,1766.5,1763.0999755859375,1763.800048828125,50783,0.0,0.0,COFORGE.NS
2026-08-18 13:00:00+05:30,1763.800048828125,1768.9000244140625,1762.5999755859375,1768.5999755859375,46266,0.0,0.0,COFORGE.NS
2026-08-18 13:15:00+05:30,1768.5999755859375,1768.9000244140625,1765.0999755859375,1767.5999755859375,28351,0.0,0.0,COFORGE.NS
2026-08-18 13:30:00+05:30,1767.699951171875,1768.800048828125,1765.199951171875,1765.800048828125,40620,0.0,0.0,COFORGE.NS
2026-08-18 13:45:00+05:30,1765.9000244140625,1769.5,1765.199951171875,1767.5,54442,0.0,0.0,COFORGE.NS
2026-08-18 14:00:00+05:30,1767.5,1769.5,1766.0,1766.800048828125,61830,0.0,0.0,COFORGE.NS
2026-08-18 14:15:00+05:30,1766.5999755859375,1769.4000244140625,1765.9000244140625,1766.5999755859375,73033,0.0,0.0,COFORGE.NS
2026-08-18 14:30:00+05:30,1767.699951171875,1771.4000244140625,1766.300048828125,1768.5999755859375,106222,0.0,0.0,COFORGE.NS
2026-08-18 14:45:00+05:30,1768.5999755859375,1771.5999755859375,1767.4000244140625,1769.9000244140625,89144,0.0,0.0,COFORGE.NS
2026-08-18 15:00:00+05:30,1769.4000244140625,1772.0,1766.199951171875,1769.0999755859375,163850,0.0,0.0,COFORGE.NS
2026-08-18 15:15:00+05:30,1766.0,1773.0,1766.0,1773.0,28295,0.0,0.0,COFORGE.NS
2026-08-19 09:15:00+05:30,1796.0,1811.699951171875,1790.300048828125,1808.5,219004,0.0,0.0,COFORGE.NS
2026-08-19 09:30:00+05:30,1808.0,1809.5,1796.300048828125,1808.0999755859373,174063,0.0,0.0,COFORGE.NS
2026-08-19 09:45:00+05:30,1808.0999755859373,1810.800048828125,1805.300048828125,1810.0,142480,0.0,0.0,COFORGE.NS
2026-08-19 10:00:00+05:30,1810.0,1814.0,1802.0999755859373,1803.9000244140625,121116,0.0,0.0,COFORGE.NS
2026-08-19 10:15:00+05:30,1803.9000244140625,1805.699951171875,1800.800048828125,1805.0,60744,0.0,0.0,COFORGE.NS
2026-08-19 10:30:00+05:30,1805.5,1811.5,1802.4000244140625,1810.0,91295,0.0,0.0,COFORGE.NS
2026-08-19 10:45:00+05:30,1809.9000244140625,1817.5,1800.0,1802.5999755859373,332835,0.0,0.0,COFORGE.NS
2026-08-19 11:00:00+05:30,1802.0,1802.5999755859373,1797.0,1802.199951171875,100934,0.0,0.0,COFORGE.NS
2026-08-19 11:15:00+05:30,1802.199951171875,1804.800048828125,1800.300048828125,1804.300048828125,143064,0.0,0.0,COFORGE.NS
2026-08-19 11:30:00+05:30,1804.5,1813.699951171875,1803.199951171875,1812.0,91970,0.0,0.0,COFORGE.NS
2026-08-19 11:45:00+05:30,1812.0,1813.0,1809.0999755859373,1810.5999755859373,110282,0.0,0.0,COFORGE.NS
2026-08-19 12:00:00+05:30,1810.300048828125,1815.300048828125,1809.4000244140625,1811.4000244140625,67170,0.0,0.0,COFORGE.NS
2026-08-19 12:15:00+05:30,1811.199951171875,1813.800048828125,1811.0999755859373,1812.300048828125,33640,0.0,0.0,COFORGE.NS
2026-08-19 12:30:00+05:30,1812.0,1815.9000244140625,1808.5999755859373,1814.800048828125,51401,0.0,0.0,COFORGE.NS
2026-08-19 12:45:00+05:30,1814.699951171875,1816.800048828125,1810.0999755859373,1811.0,52100,0.0,0.0,COFORGE.NS
2026-08-19 13:00:00+05:30,1811.0,1814.0,1810.0,1813.4000244140625,27272,0.0,0.0,COFORGE.NS
2026-08-19 13:15:00+05:30,1813.4000244140625,1814.9000244140625,1812.300048828125,1813.5999755859373,26743,0.0,0.0,COFORGE.NS
2026-08-19 13:30:00+05:30,1813.300048828125,1815.0,1812.699951171875,1812.800048828125,24188,0.0,0.0,COFORGE.NS
2026-08-19 13:45:00+05:30,1812.699951171875,1815.0,1811.5999755859373,1814.5,25885,0.0,0.0,COFORGE.NS
2026-08-19 14:00:00+05:30,1814.5999755859373,1816.800048828125,1812.9000244140625,1812.9000244140625,55480,0.0,0.0,COFORGE.NS
2026-08-19 14:15:00+05:30,1813.0,1813.0999755859373,1806.800048828125,1808.0,51917,0.0,0.0,COFORGE.NS
2026-08-19 14:30:00+05:30,1808.0,1813.0,1808.0,1812.9000244140625,39138,0.0,0.0,COFORGE.NS
2026-08-19 14:45:00+05:30,1813.0,1814.0,1811.5999755859373,1812.0999755859373,79521,0.0,0.0,COFORGE.NS
2026-08-19 15:00:00+05:30,1812.300048828125,1817.699951171875,1812.0,1816.699951171875,194092,0.0,0.0,COFORGE.NS
2026-08-19 15:15:00+05:30,1816.199951171875,1816.199951171875,1813.0999755859373,1813.0999755859373,49931,0.0,0.0,COFORGE.NS
2026-08-20 09:15:00+05:30,1839.5,1842.5999755859373,1826.5,1830.300048828125,64798,0.0,0.0,COFORGE.NS
2026-08-20 09:30:00+05:30,1828.5,1873.9000244140625,1828.5,1872.5,518240,0.0,0.0,COFORGE.NS
2026-08-20 09:45:00+05:30,1873.800048828125,1876.5,1866.800048828125,1872.0999755859373,223819,0.0,0.0,COFORGE.NS
2026-08-20 10:00:00+05:30,1872.4000244140625,1882.699951171875,1868.0,1871.5,258317,0.0,0.0,COFORGE.NS
2026-08-20 10:15:00+05:30,1871.699951171875,1873.9000244140625,1866.4000244140625,1873.699951171875,89469,0.0,0.0,COFORGE.NS
2026-08-20 10:30:00+05:30,1873.699951171875,1876.300048828125,1871.5,1873.0999755859373,62945,0.0,0.0,COFORGE.NS
2026-08-20 10:45:00+05:30,1872.300048828125,1883.9000244140625,1865.9000244140625,1883.9000244140625,232679,0.0,0.0,COFORGE.NS
2026-08-20 11:00:00+05:30,1883.9000244140625,1888.5,1879.199951171875,1879.4000244140625,395319,0.0,0.0,COFORGE.NS
2026-08-20 11:15:00+05:30,1879.0999755859373,1885.800048828125,1874.300048828125,1876.9000244140625,343828,0.0,0.0,COFORGE.NS
2026-08-20 11:30:00+05:30,1877.5,1878.300048828125,1870.699951171875,1872.5999755859373,124693,0.0,0.0,COFORGE.NS
2026-08-20 11:45:00+05:30,1872.0,1873.5,1868.199951171875,1869.4000244140625,70227,0.0,0.0,COFORGE.NS
2026-08-20 12:00:00+05:30,1870.0,1873.5,1868.4000244140625,1871.300048828125,90678,0.0,0.0,COFORGE.NS
2026-08-20 12:15:00+05:30,1871.199951171875,1875.300048828125,1871.0,1872.4000244140625,55717,0.0,0.0,COFORGE.NS
2026-08-20 12:30:00+05:30,1872.4000244140625,1875.9000244140625,1871.5999755859373,1873.0,76504,0.0,0.0,COFORGE.NS
2026-08-20 12:45:00+05:30,1872.699951171875,1873.699951171875,1869.5999755859373,1870.5999755859373,65770,0.0,0.0,COFORGE.NS
2026-08-20 13:00:00+05:30,1870.5999755859373,1871.0999755859373,1867.9000244140625,1869.9000244140625,61619,0.0,0.0,COFORGE.NS
2026-08-20 13:15:00+05:30,1870.4000244140625,1876.5,1869.0999755859373,1876.199951171875,96298,0.0,0.0,COFORGE.NS
2026-08-20 13:30:00+05:30,1876.5,1880.9000244140625,1874.0999755859373,1874.5999755859373,137614,0.0,0.0,COFORGE.NS
2026-08-20 13:45:00+05:30,1874.4000244140625,1878.800048828125,1874.4000244140625,1877.4000244140625,61437,0.0,0.0,COFORGE.NS
2026-08-20 14:00:00+05:30,1877.9000244140625,1879.9000244140625,1876.0,1876.0999755859373,68190,0.0,0.0,COFORGE.NS
2026-08-20 14:15:00+05:30,1876.0999755859373,1884.5,1874.699951171875,1880.5,131053,0.0,0.0,COFORGE.NS
2026-08-20 14:30:00+05:30,1880.5,1881.800048828125,1877.5999755859373,1880.5,126333,0.0,0.0,COFORGE.NS
2026-08-20 14:45:00+05:30,1880.199951171875,1881.5,1878.5999755859373,1879.0,164356,0.0,0.0,COFORGE.NS
2026-08-20 15:00:00+05:30,1879.0,1882.0,1875.0,1882.0,288466,0.0,0.0,COFORGE.NS
2026-08-21 09:15:00+05:30,1885.0999755859373,1885.300048828125,1857.0,1859.5,114911,0.0,0.0,COFORGE.NS
2026-08-21 09:30:00+05:30,1859.0,1860.0,1851.800048828125,1855.0,111404,0.0,0.0,COFORGE.NS
2026-08-21 09:45:00+05:30,1854.5,1864.699951171875,1853.0999755859373,1861.0,92734,0.0,0.0,COFORGE.NS
2026-08-21 10:00:00+05:30,1861.0,1864.9000244140625,1859.4000244140625,1863.5,37258,0.0,0.0,COFORGE.NS
2026-08-21 10:15:00+05:30,1863.300048828125,1864.5999755859373,1861.0999755859373,1862.300048828125,23854,0.0,0.0,COFORGE.NS
2026-08-21 10:30:00+05:30,1862.0999755859373,1863.5,1856.699951171875,1859.300048828125,40691,0.0,0.0,COFORGE.NS
2026-08-21 10:45:00+05:30,1858.699951171875,1867.5,1858.0999755859373,1867.5,42122,0.0,0.0,COFORGE.NS
2026-08-21 11:00:00+05:30,1867.800048828125,1877.0,1867.800048828125,1877.0,111922,0.0,0.0,COFORGE.NS
2026-08-21 11:15:00+05:30,1877.0,1882.0,1875.4000244140625,1880.0999755859373,94099,0.0,0.0,COFORGE.NS
2026-08-21 11:30:00+05:30,1880.4000244140625,1884.699951171875,1878.199951171875,1880.300048828125,123528,0.0,0.0,COFORGE.NS
2026-08-21 11:45:00+05:30,1880.0999755859373,1881.300048828125,1875.699951171875,1878.300048828125,55996,0.0,0.0,COFORGE.NS
2026-08-21 12:00:00+05:30,1878.300048828125,1882.300048828125,1877.800048828125,1881.4000244140625,66827,0.0,0.0,COFORGE.NS
2026-08-21 12:15:00+05:30,1881.4000244140625,1883.9000244140625,1879.199951171875,1881.0,58389,0.0,0.0,COFORGE.NS
2026-08-21 12:30:00+05:30,1881.9000244140625,1884.9000244140625,1880.199951171875,1882.0999755859373,72248,0.0,0.0,COFORGE.NS
2026-08-21 12:45:00+05:30,1881.5999755859373,1883.0999755859373,1877.5999755859373,1880.0,70797,0.0,0.0,COFORGE.NS
2026-08-21 13:00:00+05:30,1879.800048828125,1884.800048828125,1879.800048828125,1882.0999755859373,54569,0.0,0.0,COFORGE.NS
2026-08-21 13:15:00+05:30,1882.5,1890.0,1882.0,1888.199951171875,104761,0.0,0.0,COFORGE.NS
2026-08-21 13:30:00+05:30,1888.0999755859373,1888.9000244140625,1879.4000244140625,1880.0,71739,0.0,0.0,COFORGE.NS
2026-08-21 13:45:00+05:30,1880.300048828125,1883.300048828125,1879.800048828125,1881.699951171875,51291,0.0,0.0,COFORGE.NS
2026-08-21 14:00:00+05:30,1881.0,1882.699951171875,1876.5,1879.4000244140625,61688,0.0,0.0,COFORGE.NS
2026-08-21 14:15:00+05:30,1879.300048828125,1881.0,1876.0,1880.0,69981,0.0,0.0,COFORGE.NS
2026-08-21 14:30:00+05:30,1880.0,1882.0999755859373,1879.4000244140625,1880.800048828125,57903,0.0,0.0,COFORGE.NS
2026-08-21 14:45:00+05:30,1881.0,1882.9000244140625,1879.5,1880.4000244140625,83401,0.0,0.0,COFORGE.NS
2026-08-21 15:00:00+05:30,1880.699951171875,1881.0,1875.0,1875.0,125960,0.0,0.0,COFORGE.NS
2026-08-21 15:15:00+05:30,1881.800048828125,1891.699951171875,1881.800048828125,1891.699951171875,91645,0.0,0.0,COFORGE.NS
2026-08-24 09:15:00+05:30,1890.5,1893.0,1878.0,1882.300048828125,87313,0.0,0.0,COFORGE.NS
2026-08-24 09:30:00+05:30,1883.0,1890.0,1882.0,1886.5,77941,0.0,0.0,COFORGE.NS
2026-08-24 09:45:00+05:30,1886.0999755859373,1886.0999755859373,1879.699951171875,1884.0,63147,0.0,0.0,COFORGE.NS
2026-08-24 10:00:00+05:30,1883.699951171875,1886.4000244140625,1882.0,1884.0,43609,0.0,0.0,COFORGE.NS
2026-08-24 10:15:00+05:30,1884.0999755859373,1886.699951171875,1882.199951171875,1885.300048828125,44777,0.0,0.0,COFORGE.NS
2026-08-24 10:30:00+05:30,1885.300048828125,1890.9000244140625,1884.199951171875,1889.5999755859373,49305,0.0,0.0,COFORGE.NS
2026-08-24 10:45:00+05:30,1889.0999755859373,1889.5,1886.0,1887.699951171875,43530,0.0,0.0,COFORGE.NS
2026-08-24 11:00:00+05:30,1887.300048828125,1900.0,1887.0,1890.0,98588,0.0,0.0,COFORGE.NS
2026-08-24 11:15:00+05:30,1889.5,1893.300048828125,1887.300048828125,1887.300048828125,71274,0.0,0.0,COFORGE.NS
2026-08-24 11:30:00+05:30,1887.0,1890.300048828125,1886.300048828125,1887.0,79494,0.0,0.0,COFORGE.NS
2026-08-24 11:45:00+05:30,1887.0,1887.300048828125,1880.5999755859373,1881.0999755859373,76886,0.0,0.0,COFORGE.NS
2026-08-24 12:00:00+05:30,1881.0,1881.4000244140625,1876.300048828125,1879.0999755859373,74291,0.0,0.0,COFORGE.NS
2026-08-24 12:15:00+05:30,1879.0999755859373,1882.0,1878.0,1878.300048828125,55158,0.0,0.0,COFORGE.NS
2026-08-24 12:30:00+05:30,1878.199951171875,1879.0999755859373,1874.800048828125,1875.699951171875,32204,0.0,0.0,COFORGE.NS
2026-08-24 12:45:00+05:30,1875.800048828125,1876.9000244140625,1873.300048828125,1874.0,46463,0.0,0.0,COFORGE.NS
2026-08-24 13:00:00+05:30,1873.9000244140625,1876.0,1873.0999755859373,1875.9000244140625,33496,0.0,0.0,COFORGE.NS
2026-08-24 13:15:00+05:30,1875.9000244140625,1878.5999755859373,1874.0,1874.4000244140625,50923,0.0,0.0,COFORGE.NS
2026-08-24 13:30:00+05:30,1874.9000244140625,1875.300048828125,1871.199951171875,1873.0,37945,0.0,0.0,COFORGE.NS
2026-08-24 13:45:00+05:30,1872.9000244140625,1875.9000244140625,1869.699951171875,1873.5,58968,0.0,0.0,COFORGE.NS
2026-08-24 14:00:00+05:30,1873.5,1876.0999755859373,1873.5,1874.4000244140625,56679,0.0,0.0,COFORGE.NS
2026-08-24 14:15:00+05:30,1874.4000244140625,1875.4000244140625,1872.5,1872.800048828125,43839,0.0,0.0,COFORGE.NS
2026-08-24 14:30:00+05:30,1872.9000244140625,1877.0,1872.9000244140625,1875.199951171875,47411,0.0,0.0,COFORGE.NS
2026-08-24 14:45:00+05:30,1875.0999755859373,1875.0999755859373,1873.0,1874.300048828125,33312,0.0,0.0,COFORGE.NS
2026-08-24 15:00:00+05:30,1874.300048828125,1876.0,1872.5999755859373,1873.0,147990,0.0,0.0,COFORGE.NS
2026-08-25 09:15:00+05:30,1887.300048828125,1893.0,1878.800048828125,1880.5,63036,0.0,0.0,COFORGE.NS
2026-08-25 09:30:00+05:30,1880.5,1882.5,1876.300048828125,1876.300048828125,61488,0.0,0.0,COFORGE.NS
2026-08-25 09:45:00+05:30,1876.300048828125,1882.4000244140625,1875.4000244140625,1880.0,44915,0.0,0.0,COFORGE.NS
2026-08-25 10:00:00+05:30,1880.0,1883.4000244140625,1878.5,1882.0,28460,0.0,0.0,COFORGE.NS
2026-08-25 10:15:00+05:30,1881.5,1882.0,1876.4000244140625,1879.5,43835,0.0,0.0,COFORGE.NS
2026-08-25 10:30:00+05:30,1878.5999755859373,1885.800048828125,1877.0999755859373,1879.199951171875,41280,0.0,0.0,COFORGE.NS
2026-08-25 10:45:00+05:30,1879.5,1881.699951171875,1877.5999755859373,1879.5999755859373,25254,0.0,0.0,COFORGE.NS
2026-08-25 11:00:00+05:30,1879.5999755859373,1884.4000244140625,1879.0,1882.9000244140625,25923,0.0,0.0,COFORGE.NS
2026-08-25 11:15:00+05:30,1883.0999755859373,1886.0,1882.199951171875,1883.5,56033,0.0,0.0,COFORGE.NS
2026-08-25 11:30:00+05:30,1883.300048828125,1884.800048828125,1878.300048828125,1879.0999755859373,49368,0.0,0.0,COFORGE.NS
2026-08-25 11:45:00+05:30,1878.4000244140625,1880.5999755859373,1878.199951171875,1879.800048828125,29057,0.0,0.0,COFORGE.NS
2026-08-25 12:00:00+05:30,1879.5999755859373,1880.0,1875.199951171875,1875.300048828125,31315,0.0,0.0,COFORGE.NS
2026-08-25 12:15:00+05:30,1875.199951171875,1877.0,1874.699951171875,1876.5,32182,0.0,0.0,COFORGE.NS
2026-08-25 12:30:00+05:30,1875.5,1876.4000244140625,1870.9000244140625,1872.800048828125,38905,0.0,0.0,COFORGE.NS
2026-08-25 12:45:00+05:30,1872.5,1878.300048828125,1872.5,1878.0,34651,0.0,0.0,COFORGE.NS
2026-08-25 13:00:00+05:30,1877.5999755859373,1879.0,1876.5,1877.699951171875,36244,0.0,0.0,COFORGE.NS
2026-08-25 13:15:00+05:30,1877.699951171875,1878.4000244140625,1875.5999755859373,1875.5999755859373,24698,0.0,0.0,COFORGE.NS
2026-08-25 13:30:00+05:30,1875.5999755859373,1879.699951171875,1875.300048828125,1878.0,61712,0.0,0.0,COFORGE.NS
2026-08-25 13:45:00+05:30,1877.5,1887.5999755859373,1877.199951171875,1886.9000244140625,81891,0.0,0.0,COFORGE.NS
2026-08-25 14:00:00+05:30,1886.0999755859373,1888.0,1885.300048828125,1886.300048828125,36831,0.0,0.0,COFORGE.NS
2026-08-25 14:15:00+05:30,1887.5,1892.0,1886.4000244140625,1892.0,63655,0.0,0.0,COFORGE.NS
2026-08-25 14:30:00+05:30,1892.0,1896.0999755859373,1890.0999755859373,1894.9000244140625,84486,0.0,0.0,COFORGE.NS
2026-08-25 14:45:00+05:30,1895.0,1899.4000244140625,1893.5,1897.9000244140625,103440,0.0,0.0,COFORGE.NS
2026-08-25 15:00:00+05:30,1897.9000244140625,1899.699951171875,1890.0,1892.699951171875,93496,0.0,0.0,COFORGE.NS
2026-08-25 15:15:00+05:30,1889.0999755859373,1892.800048828125,1889.0999755859373,1892.800048828125,13489,0.0,0.0,COFORGE.NS
2026-08-26 09:15:00+05:30,1905.9000244140625,1937.0,1900.0,1917.9000244140625,283919,0.0,0.0,COFORGE.NS
2026-08-26 09:30:00+05:30,1916.4000244140625,1918.800048828125,1905.0,1913.0,217604,0.0,0.0,COFORGE.NS
2026-08-26 09:45:00+05:30,1913.0,1916.9000244140625,1912.199951171875,1916.4000244140625,58835,0.0,0.0,COFORGE.NS
2026-08-26 10:00:00+05:30,1916.4000244140625,1918.0,1913.800048828125,1918.0,49293,0.0,0.0,COFORGE.NS
2026-08-26 10:15:00+05:30,1918.0,1918.0,1910.9000244140625,1911.4000244140625,50898,0.0,0.0,COFORGE.NS
2026-08-26 10:30:00+05:30,1910.800048828125,1916.699951171875,1909.199951171875,1913.300048828125,90117,0.0,0.0,COFORGE.NS
2026-08-26 10:45:00+05:30,1913.4000244140625,1914.300048828125,1905.0999755859373,1905.0999755859373,53244,0.0,0.0,COFORGE.NS
2026-08-26 11:00:00+05:30,1905.0,1905.0999755859373,1896.199951171875,1897.5999755859373,70805,0.0,0.0,COFORGE.NS
2026-08-26 11:15:00+05:30,1897.5999755859373,1898.0,1889.5999755859373,1890.199951171875,69770,0.0,0.0,COFORGE.NS
2026-08-26 11:30:00+05:30,1890.4000244140625,1893.0,1888.5999755859373,1891.0,41139,0.0,0.0,COFORGE.NS
2026-08-26 11:45:00+05:30,1891.0,1891.9000244140625,1887.5999755859373,1888.4000244140625,37430,0.0,0.0,COFORGE.NS
2026-08-26 12:00:00+05:30,1888.199951171875,1889.5,1886.4000244140625,1887.800048828125,40561,0.0,0.0,COFORGE.NS
2026-08-26 12:15:00+05:30,1887.9000244140625,1889.199951171875,1886.5999755859373,1887.4000244140625,30910,0.0,0.0,COFORGE.NS
2026-08-26 12:30:00+05:30,1887.0,1888.9000244140625,1886.4000244140625,1888.5,33517,0.0,0.0,COFORGE.NS
2026-08-26 12:45:00+05:30,1888.800048828125,1888.800048828125,1886.5999755859373,1886.5999755859373,19596,0.0,0.0,COFORGE.NS
2026-08-26 13:00:00+05:30,1886.5999755859373,1890.5,1886.5999755859373,1890.4000244140625,27408,0.0,0.0,COFORGE.NS
2026-08-26 13:15:00+05:30,1890.4000244140625,1890.800048828125,1886.4000244140625,1887.199951171875,31251,0.0,0.0,COFORGE.NS
2026-08-26 13:30:00+05:30,1884.699951171875,1890.5,1884.699951171875,1887.0999755859373,44832,0.0,0.0,COFORGE.NS
2026-08-26 13:45:00+05:30,1887.0,1888.300048828125,1884.699951171875,1885.300048828125,33296,0.0,0.0,COFORGE.NS
2026-08-26 14:00:00+05:30,1885.199951171875,1889.800048828125,1885.0,1888.800048828125,27502,0.0,0.0,COFORGE.NS
2026-08-26 14:15:00+05:30,1888.5999755859373,1890.800048828125,1887.4000244140625,1890.5999755859373,40774,0.0,0.0,COFORGE.NS
2026-08-26 14:30:00+05:30,1890.300048828125,1891.699951171875,1886.5,1886.9000244140625,32595,0.0,0.0,COFORGE.NS
2026-08-26 14:45:00+05:30,1887.199951171875,1888.800048828125,1884.0999755859373,1884.4000244140625,51016,0.0,0.0,COFORGE.NS
2026-08-26 15:00:00+05:30,1884.199951171875,1885.0,1880.0,1884.800048828125,112974,0.0,0.0,COFORGE.NS
2026-08-26 15:15:00+05:30,1880.0,1880.0,1880.0,1880.0,14430,0.0,0.0,COFORGE.NS
2026-08-27 09:15:00+05:30,1885.300048828125,1907.199951171875,1885.300048828125,1901.699951171875,115041,0.0,0.0,COFORGE.NS
2026-08-27 09:30:00+05:30,1903.0,1904.5999755859373,1897.800048828125,1903.5,74676,0.0,0.0,COFORGE.NS
2026-08-27 09:45:00+05:30,1904.199951171875,1905.9000244140625,1903.0,1903.4000244140625,69286,0.0,0.0,COFORGE.NS
2026-08-27 10:00:00+05:30,1904.300048828125,1909.0999755859373,1900.800048828125,1902.0,121280,0.0,0.0,COFORGE.NS
2026-08-27 10:15:00+05:30,1902.699951171875,1905.5999755859373,1900.300048828125,1900.4000244140625,72130,0.0,0.0,COFORGE.NS
2026-08-27 10:30:00+05:30,1900.4000244140625,1901.9000244140625,1896.0,1897.300048828125,67618,0.0,0.0,COFORGE.NS
2026-08-27 10:45:00+05:30,1897.300048828125,1898.800048828125,1893.9000244140625,1895.699951171875,63350,0.0,0.0,COFORGE.NS
2026-08-27 11:00:00+05:30,1895.9000244140625,1898.9000244140625,1892.9000244140625,1895.9000244140625,58153,0.0,0.0,COFORGE.NS
2026-08-27 11:15:00+05:30,1896.4000244140625,1899.800048828125,1893.800048828125,1899.199951171875,48542,0.0,0.0,COFORGE.NS
2026-08-27 11:30:00+05:30,1899.9000244140625,1899.9000244140625,1885.300048828125,1885.300048828125,63765,0.0,0.0,COFORGE.NS
2026-08-27 11:45:00+05:30,1885.4000244140625,1885.9000244140625,1881.4000244140625,1884.4000244140625,52677,0.0,0.0,COFORGE.NS
2026-08-27 12:00:00+05:30,1884.5999755859373,1885.5,1883.0,1884.5,37750,0.0,0.0,COFORGE.NS
2026-08-27 12:15:00+05:30,1885.0,1885.0,1882.5,1884.300048828125,34192,0.0,0.0,COFORGE.NS
2026-08-27 12:30:00+05:30,1884.300048828125,1889.0,1883.199951171875,1888.0999755859373,66562,0.0,0.0,COFORGE.NS
2026-08-27 12:45:00+05:30,1888.5999755859373,1892.5999755859373,1888.0,1888.199951171875,38449,0.0,0.0,COFORGE.NS
2026-08-27 13:00:00+05:30,1888.9000244140625,1899.300048828125,1888.0,1896.0999755859373,146334,0.0,0.0,COFORGE.NS
2026-08-27 13:15:00+05:30,1896.4000244140625,1897.199951171875,1893.199951171875,1893.5,33295,0.0,0.0,COFORGE.NS
2026-08-27 13:30:00+05:30,1893.199951171875,1904.5,1893.199951171875,1903.800048828125,115628,0.0,0.0,COFORGE.NS
2026-08-27 13:45:00+05:30,1903.699951171875,1904.300048828125,1901.199951171875,1902.699951171875,45725,0.0,0.0,COFORGE.NS
2026-08-27 14:00:00+05:30,1902.5999755859373,1905.5,1901.699951171875,1903.5,52282,0.0,0.0,COFORGE.NS
2026-08-27 14:15:00+05:30,1903.5,1905.699951171875,1897.800048828125,1901.9000244140625,89149,0.0,0.0,COFORGE.NS
2026-08-27 14:30:00+05:30,1901.9000244140625,1904.0999755859373,1900.300048828125,1901.9000244140625,49421,0.0,0.0,COFORGE.NS
2026-08-27 14:45:00+05:30,1901.9000244140625,1903.699951171875,1899.9000244140625,1900.300048828125,57899,0.0,0.0,COFORGE.NS
2026-08-27 15:00:00+05:30,1900.300048828125,1902.800048828125,1899.199951171875,1901.800048828125,114378,0.0,0.0,COFORGE.NS
2026-08-27 15:15:00+05:30,1900.0,1901.800048828125,1900.0,1901.800048828125,7018,0.0,0.0,COFORGE.NS
2026-08-28 09:15:00+05:30,1917.0,1967.0,1916.4000244140625,1966.5,352477,0.0,0.0,COFORGE.NS
2026-08-28 09:30:00+05:30,1967.0,1978.0,1958.300048828125,1963.0999755859373,568945,0.0,0.0,COFORGE.NS
2026-08-28 09:45:00+05:30,1963.0999755859373,1970.0,1954.9000244140625,1960.300048828125,229995,0.0,0.0,COFORGE.NS
2026-08-28 10:00:00+05:30,1960.4000244140625,1964.9000244140625,1957.0,1960.5,110851,0.0,0.0,COFORGE.NS
2026-08-28 10:15:00+05:30,1962.0999755859373,1967.0,1955.4000244140625,1965.199951171875,119193,0.0,0.0,COFORGE.NS
2026-08-28 10:30:00+05:30,1964.5,1968.800048828125,1961.0,1964.5,112387,0.0,0.0,COFORGE.NS
2026-08-28 10:45:00+05:30,1963.9000244140625,1972.800048828125,1963.0,1972.699951171875,170535,0.0,0.0,COFORGE.NS
2026-08-28 11:00:00+05:30,1972.0,1983.199951171875,1971.0,1973.300048828125,275373,0.0,0.0,COFORGE.NS
2026-08-28 11:15:00+05:30,1973.5999755859373,1975.800048828125,1968.300048828125,1968.5999755859373,93560,0.0,0.0,COFORGE.NS
2026-08-28 11:30:00+05:30,1969.300048828125,1970.0,1965.5,1968.0999755859373,93409,0.0,0.0,COFORGE.NS
2026-08-28 11:45:00+05:30,1968.0999755859373,1970.9000244140625,1964.5999755859373,1966.0,146544,0.0,0.0,COFORGE.NS
2026-08-28 12:00:00+05:30,1965.9000244140625,1977.800048828125,1964.699951171875,1976.5999755859373,252791,0.0,0.0,COFORGE.NS
2026-08-28 12:15:00+05:30,1976.5999755859373,1992.300048828125,1973.199951171875,1988.4000244140625,383447,0.0,0.0,COFORGE.NS
2026-08-28 12:30:00+05:30,1989.5,1998.9000244140625,1987.0,1993.0,339105,0.0,0.0,COFORGE.NS
2026-08-28 12:45:00+05:30,1993.800048828125,1998.5999755859373,1992.5,1997.0,160611,0.0,0.0,COFORGE.NS
2026-08-28 13:00:00+05:30,1998.0,2005.0,1995.0,2000.199951171875,211990,0.0,0.0,COFORGE.NS
2026-08-28 13:15:00+05:30,2000.199951171875,2003.0,1998.0,2000.5,95693,0.0,0.0,COFORGE.NS
2026-08-28 13:30:00+05:30,2000.300048828125,2007.800048828125,1998.9000244140625,2005.800048828125,134642,0.0,0.0,COFORGE.NS
2026-08-28 13:45:00+05:30,2005.800048828125,2015.800048828125,2004.699951171875,2011.300048828125,297193,0.0,0.0,COFORGE.NS
2026-08-28 14:00:00+05:30,2011.9000244140625,2015.0,2005.9000244140625,2008.0,214059,0.0,0.0,COFORGE.NS
2026-08-28 14:15:00+05:30,2008.0,2011.0,2003.300048828125,2005.0,129276,0.0,0.0,COFORGE.NS
2026-08-28 14:30:00+05:30,2004.9000244140625,2005.300048828125,2001.0999755859373,2004.5999755859373,151444,0.0,0.0,COFORGE.NS
2026-08-28 14:45:00+05:30,2004.4000244140625,2007.800048828125,2000.5,2003.0,176795,0.0,0.0,COFORGE.NS
2026-08-28 15:00:00+05:30,2002.300048828125,2014.4000244140625,2000.5999755859373,2013.0,407181,0.0,0.0,COFORGE.NS
2026-08-28 15:15:00+05:30,2014.9000244140625,2014.9000244140625,2014.5999755859373,2014.5999755859373,20958,0.0,0.0,COFORGE.NS
2026-08-31 09:15:00+05:30,2020.699951171875,2020.699951171875,1984.199951171875,1999.699951171875,136274,0.0,0.0,COFORGE.NS
2026-08-31 09:30:00+05:30,1999.0,1999.0,1974.0,1978.4000244140625,185165,0.0,0.0,COFORGE.NS
2026-08-31 09:45:00+05:30,1978.4000244140625,1981.5999755859373,1972.0999755859373,1981.0,96761,0.0,0.0,COFORGE.NS
2026-08-31 10:00:00+05:30,1980.199951171875,1984.800048828125,1974.300048828125,1977.4000244140625,60882,0.0,0.0,COFORGE.NS
2026-08-31 10:15:00+05:30,1978.0,1986.4000244140625,1977.0999755859373,1986.0,60951,0.0,0.0,COFORGE.NS
2026-08-31 10:30:00+05:30,1986.0,1987.199951171875,1977.5,1980.300048828125,59455,0.0,0.0,COFORGE.NS
2026-08-31 10:45:00+05:30,1980.0,1986.800048828125,1975.0999755859373,1975.5999755859373,95702,0.0,0.0,COFORGE.NS
2026-08-31 11:00:00+05:30,1975.0999755859373,1983.300048828125,1972.699951171875,1982.0999755859373,74240,0.0,0.0,COFORGE.NS
2026-08-31 11:15:00+05:30,1982.0999755859373,1984.0,1976.699951171875,1979.699951171875,100586,0.0,0.0,COFORGE.NS
2026-08-31 11:30:00+05:30,1980.0,1983.5999755859373,1979.4000244140625,1979.9000244140625,30865,0.0,0.0,COFORGE.NS
2026-08-31 11:45:00+05:30,1979.9000244140625,1984.5999755859373,1979.5,1983.0999755859373,56707,0.0,0.0,COFORGE.NS
2026-08-31 12:00:00+05:30,1983.0999755859373,1983.800048828125,1977.5,1980.5999755859373,94329,0.0,0.0,COFORGE.NS
2026-08-31 12:15:00+05:30,1979.0999755859373,1982.199951171875,1979.0999755859373,1981.0,22940,0.0,0.0,COFORGE.NS
2026-08-31 12:30:00+05:30,1980.199951171875,1984.699951171875,1978.5,1982.5,33327,0.0,0.0,COFORGE.NS
2026-08-31 12:45:00+05:30,1982.5,1987.0,1980.0,1987.0,74211,0.0,0.0,COFORGE.NS
2026-08-31 13:00:00+05:30,1986.4000244140625,1987.9000244140625,1981.4000244140625,1984.199951171875,42236,0.0,0.0,COFORGE.NS
2026-08-31 13:15:00+05:30,1983.4000244140625,1985.4000244140625,1982.199951171875,1985.0,28412,0.0,0.0,COFORGE.NS
2026-08-31 13:30:00+05:30,1985.0,1987.300048828125,1985.0,1986.0999755859373,30479,0.0,0.0,COFORGE.NS
2026-08-31 13:45:00+05:30,1985.4000244140625,1986.4000244140625,1981.0,1983.5,44977,0.0,0.0,COFORGE.NS
2026-08-31 14:00:00+05:30,1982.300048828125,1984.5,1982.0,1984.5,20189,0.0,0.0,COFORGE.NS
2026-08-31 14:15:00+05:30,1984.199951171875,1985.0,1981.5999755859373,1983.4000244140625,36529,0.0,0.0,COFORGE.NS
2026-08-31 14:30:00+05:30,1983.4000244140625,1990.0,1982.5999755859373,1986.0,85925,0.0,0.0,COFORGE.NS
2026-08-31 14:45:00+05:30,1986.699951171875,1990.5,1982.300048828125,1984.0,112300,0.0,0.0,COFORGE.NS
2026-08-31 15:00:00+05:30,1983.0,1986.0,1975.4000244140625,1986.0,243238,0.0,0.0,COFORGE.NS
2026-08-31 15:15:00+05:30,1984.0,1985.300048828125,1984.0,1985.300048828125,72253,0.0,0.0,COFORGE.NS
2026-09-01 09:15:00+05:30,1987.5999755859373,1987.5999755859373,1965.0,1982.9000244140625,88303,0.0,0.0,COFORGE.NS
2026-09-01 09:30:00+05:30,1982.9000244140625,1993.0,1981.199951171875,1981.5,125174,0.0,0.0,COFORGE.NS
2026-09-01 09:45:00+05:30,1982.0,1984.4000244140625,1980.5,1982.0999755859373,41071,0.0,0.0,COFORGE.NS
2026-09-01 10:00:00+05:30,1981.800048828125,1986.300048828125,1976.5999755859373,1978.199951171875,54257,0.0,0.0,COFORGE.NS
2026-09-01 10:15:00+05:30,1978.5,1985.699951171875,1978.0,1979.699951171875,73205,0.0,0.0,COFORGE.NS
2026-09-01 10:30:00+05:30,1979.699951171875,1980.0,1975.0,1979.0999755859373,48035,0.0,0.0,COFORGE.NS
2026-09-01 10:45:00+05:30,1979.199951171875,1981.0999755859373,1976.0999755859373,1977.0,79450,0.0,0.0,COFORGE.NS
2026-09-01 11:00:00+05:30,1977.0,1979.0999755859373,1976.0,1976.300048828125,66507,0.0,0.0,COFORGE.NS
2026-09-01 11:15:00+05:30,1976.199951171875,1976.9000244140625,1967.0,1972.5999755859373,104871,0.0,0.0,COFORGE.NS
2026-09-01 11:30:00+05:30,1973.0999755859373,1974.0,1968.0,1972.5999755859373,92796,0.0,0.0,COFORGE.NS
2026-09-01 11:45:00+05:30,1972.699951171875,1984.9000244140625,1972.699951171875,1977.0,178435,0.0,0.0,COFORGE.NS
2026-09-01 12:00:00+05:30,1977.0999755859373,1979.4000244140625,1976.0,1978.9000244140625,33804,0.0,0.0,COFORGE.NS
2026-09-01 12:15:00+05:30,1979.5,1983.0999755859373,1978.4000244140625,1981.5,43224,0.0,0.0,COFORGE.NS
2026-09-01 12:30:00+05:30,1981.199951171875,1983.699951171875,1980.0,1981.9000244140625,30161,0.0,0.0,COFORGE.NS
2026-09-01 12:45:00+05:30,1981.800048828125,1986.0999755859373,1981.699951171875,1984.0999755859373,70455,0.0,0.0,COFORGE.NS
2026-09-01 13:00:00+05:30,1983.5999755859373,1994.199951171875,1981.0999755859373,1988.4000244140625,114223,0.0,0.0,COFORGE.NS
2026-09-01 13:15:00+05:30,1988.300048828125,1991.0,1985.0,1986.199951171875,101772,0.0,0.0,COFORGE.NS
2026-09-01 13:30:00+05:30,1986.199951171875,1988.199951171875,1982.199951171875,1983.4000244140625,61467,0.0,0.0,COFORGE.NS
2026-09-01 13:45:00+05:30,1983.4000244140625,1983.4000244140625,1970.4000244140625,1970.4000244140625,68394,0.0,0.0,COFORGE.NS
2026-09-01 14:00:00+05:30,1970.0,1970.199951171875,1962.5,1964.4000244140625,49149,0.0,0.0,COFORGE.NS
2026-09-01 14:15:00+05:30,1964.0,1967.4000244140625,1961.300048828125,1967.0,73829,0.0,0.0,COFORGE.NS
2026-09-01 14:30:00+05:30,1967.300048828125,1969.9000244140625,1965.9000244140625,1968.0999755859373,72984,0.0,0.0,COFORGE.NS
2026-09-01 14:45:00+05:30,1967.9000244140625,1971.4000244140625,1966.5,1969.4000244140625,120457,0.0,0.0,COFORGE.NS
2026-09-01 15:00:00+05:30,1971.0,1984.9000244140625,1969.300048828125,1984.0999755859373,158977,0.0,0.0,COFORGE.NS
2026-09-01 15:15:00+05:30,1971.5,1988.9000244140625,1971.5,1988.9000244140625,17192,0.0,0.0,COFORGE.NS
2026-09-02 09:15:00+05:30,1970.9000244140625,1972.800048828125,1942.5,1954.0,68479,0.0,0.0,COFORGE.NS
2026-09-02 09:30:00+05:30,1953.699951171875,1972.5999755859375,1953.699951171875,1970.199951171875,146094,0.0,0.0,COFORGE.NS
2026-09-02 09:45:00+05:30,1970.199951171875,1972.5999755859375,1961.699951171875,1972.5999755859375,79821,0.0,0.0,COFORGE.NS
2026-09-02 10:00:00+05:30,1971.5999755859375,1975.0,1964.199951171875,1965.300048828125,101538,0.0,0.0,COFORGE.NS
2026-09-02 10:15:00+05:30,1965.0999755859375,1966.300048828125,1955.5999755859375,1957.699951171875,52617,0.0,0.0,COFORGE.NS
2026-09-02 10:30:00+05:30,1958.0,1964.0,1953.0,1956.800048828125,118482,0.0,0.0,COFORGE.NS
2026-09-02 10:45:00+05:30,1956.0999755859375,1960.0,1954.0,1959.0,62074,0.0,0.0,COFORGE.NS
2026-09-02 11:00:00+05:30,1958.300048828125,1959.0,1949.5,1952.5999755859375,50502,0.0,0.0,COFORGE.NS
2026-09-02 11:15:00+05:30,1951.800048828125,1957.199951171875,1947.5,1956.4000244140625,44553,0.0,0.0,COFORGE.NS
2026-09-02 11:30:00+05:30,1956.5,1968.699951171875,1956.5,1966.0,156230,0.0,0.0,COFORGE.NS
2026-09-02 11:45:00+05:30,1966.0,1968.699951171875,1965.4000244140625,1967.4000244140625,33300,0.0,0.0,COFORGE.NS
2026-09-02 12:00:00+05:30,1967.0999755859375,1968.300048828125,1964.0999755859375,1967.800048828125,34500,0.0,0.0,COFORGE.NS
2026-09-02 12:15:00+05:30,1967.0999755859375,1969.0,1964.0,1965.0999755859375,36369,0.0,0.0,COFORGE.NS
2026-09-02 12:30:00+05:30,1965.9000244140625,1966.5999755859375,1963.9000244140625,1964.4000244140625,30222,0.0,0.0,COFORGE.NS
2026-09-02 12:45:00+05:30,1964.5,1966.800048828125,1962.5999755859375,1966.0,38864,0.0,0.0,COFORGE.NS
2026-09-02 13:00:00+05:30,1966.0999755859375,1967.800048828125,1964.199951171875,1965.9000244140625,34404,0.0,0.0,COFORGE.NS
2026-09-02 13:15:00+05:30,1965.699951171875,1969.800048828125,1964.800048828125,1967.4000244140625,45355,0.0,0.0,COFORGE.NS
2026-09-02 13:30:00+05:30,1966.699951171875,1968.199951171875,1963.300048828125,1965.800048828125,32149,0.0,0.0,COFORGE.NS
2026-09-02 13:45:00+05:30,1966.0999755859375,1967.4000244140625,1964.4000244140625,1966.699951171875,34188,0.0,0.0,COFORGE.NS
2026-09-02 14:00:00+05:30,1966.5999755859375,1967.800048828125,1965.0,1965.5,32941,0.0,0.0,COFORGE.NS
2026-09-02 14:15:00+05:30,1965.4000244140625,1966.5,1962.199951171875,1965.5999755859375,43373,0.0,0.0,COFORGE.NS
2026-09-02 14:30:00+05:30,1965.4000244140625,1967.0,1964.0,1965.699951171875,48925,0.0,0.0,COFORGE.NS
2026-09-02 14:45:00+05:30,1965.300048828125,1966.300048828125,1959.0,1962.5,96342,0.0,0.0,COFORGE.NS
2026-09-02 15:00:00+05:30,1961.800048828125,1965.0,1958.9000244140625,1959.5999755859375,115053,0.0,0.0,COFORGE.NS
2026-09-02 15:15:00+05:30,1964.300048828125,1965.699951171875,1964.300048828125,1965.699951171875,23432,0.0,0.0,COFORGE.NS
