Datetime,Open,High,Low,Close,Volume,Dividends,Stock Splits,Symbol
2025-11-20 09:15:00+05:30,1950.0,1968.5,1943.0,1949.5999755859373,614,0.0,0.0,METROPOLIS.NS
2025-11-20 09:30:00+05:30,1948.0999755859373,1948.0999755859373,1941.0999755859373,1944.0,515,0.0,0.0,METROPOLIS.NS
2025-11-20 09:45:00+05:30,1947.0999755859373,1952.4000244140625,1946.300048828125,1952.199951171875,488,0.0,0.0,METROPOLIS.NS
2025-11-20 10:00:00+05:30,1952.9000244140625,1952.9000244140625,1943.9000244140625,1946.9000244140625,323,0.0,0.0,METROPOLIS.NS
2025-11-20 10:15:00+05:30,1949.800048828125,1953.0,1949.800048828125,1952.0,200,0.0,0.0,METROPOLIS.NS
2025-11-20 10:30:00+05:30,1952.0,1952.0,1951.0,1951.0,100,0.0,0.0,METROPOLIS.NS
2025-11-20 10:45:00+05:30,1951.0,1952.0,1946.9000244140625,1952.0,423,0.0,0.0,METROPOLIS.NS
2025-11-20 11:00:00+05:30,1952.0,1954.0,1930.5999755859373,1942.199951171875,2023,0.0,0.0,METROPOLIS.NS
2025-11-20 11:15:00+05:30,1945.699951171875,1951.800048828125,1945.699951171875,1948.5,372,0.0,0.0,METROPOLIS.NS
2025-11-20 11:30:00+05:30,1946.300048828125,1949.800048828125,1946.300048828125,1946.9000244140625,60,0.0,0.0,METROPOLIS.NS
2025-11-20 11:45:00+05:30,1945.800048828125,1951.9000244140625,1936.800048828125,1951.800048828125,1548,0.0,0.0,METROPOLIS.NS
2025-11-20 12:00:00+05:30,1952.0,1952.0,1946.4000244140625,1948.4000244140625,180,0.0,0.0,METROPOLIS.NS
2025-11-20 12:15:00+05:30,1949.9000244140625,1950.0,1946.0999755859373,1950.0,59,0.0,0.0,METROPOLIS.NS
2025-11-20 12:30:00+05:30,1951.0,1951.0,1945.4000244140625,1949.0,78,0.0,0.0,METROPOLIS.NS
2025-11-20 12:45:00+05:30,1948.699951171875,1948.699951171875,1946.9000244140625,1946.9000244140625,27,0.0,0.0,METROPOLIS.NS
2025-11-20 13:00:00+05:30,1947.0999755859373,1948.0999755859373,1943.4000244140625,1945.4000244140625,57,0.0,0.0,METROPOLIS.NS
2025-11-20 13:15:00+05:30,1947.5999755859373,1948.0,1940.0,1943.0999755859373,3598,0.0,0.0,METROPOLIS.NS
2025-11-20 13:30:00+05:30,1944.9000244140625,1946.0,1920.0,1938.4000244140625,17778,0.0,0.0,METROPOLIS.NS
2025-11-20 13:45:00+05:30,1937.9000244140625,1941.800048828125,1914.5,1939.0,25110,0.0,0.0,METROPOLIS.NS
2025-11-20 14:00:00+05:30,1939.9000244140625,1944.5,1935.0,1944.5,22612,0.0,0.0,METROPOLIS.NS
2025-11-20 14:15:00+05:30,1942.9000244140625,1944.800048828125,1939.9000244140625,1940.0,26023,0.0,0.0,METROPOLIS.NS
2025-11-20 14:30:00+05:30,1940.0,1951.9000244140625,1940.0,1949.0,974,0.0,0.0,METROPOLIS.NS
2025-11-20 14:45:00+05:30,1949.4000244140625,1960.0,1947.5999755859373,1957.5,740,0.0,0.0,METROPOLIS.NS
2025-11-20 15:00:00+05:30,1958.800048828125,1965.0,1956.0,1958.0,1009,0.0,0.0,METROPOLIS.NS
2025-11-20 15:15:00+05:30,1958.0,1961.0,1953.5,1956.5,2336,0.0,0.0,METROPOLIS.NS
2025-11-21 09:15:00+05:30,1959.0,1961.0999755859373,1952.300048828125,1958.9000244140625,405,0.0,0.0,METROPOLIS.NS
2025-11-21 09:30:00+05:30,1960.0,1964.699951171875,1958.0,1958.0,433,0.0,0.0,METROPOLIS.NS
2025-11-21 09:45:00+05:30,1957.699951171875,1957.699951171875,1947.4000244140625,1948.9000244140625,531,0.0,0.0,METROPOLIS.NS
2025-11-21 10:00:00+05:30,1950.800048828125,1950.9000244140625,1946.4000244140625,1949.699951171875,106,0.0,0.0,METROPOLIS.NS
2025-11-21 10:15:00+05:30,1949.699951171875,1950.699951171875,1944.699951171875,1946.5,513,0.0,0.0,METROPOLIS.NS
2025-11-21 10:30:00+05:30,1946.5,1946.9000244140625,1940.199951171875,1944.5999755859373,677,0.0,0.0,METROPOLIS.NS
2025-11-21 10:45:00+05:30,1944.5999755859373,1959.4000244140625,1940.199951171875,1958.800048828125,1493,0.0,0.0,METROPOLIS.NS
2025-11-21 11:00:00+05:30,1957.699951171875,1978.4000244140625,1957.699951171875,1966.5,2379,0.0,0.0,METROPOLIS.NS
2025-11-21 11:15:00+05:30,1967.800048828125,1972.5,1966.0,1972.199951171875,1160,0.0,0.0,METROPOLIS.NS
2025-11-21 11:30:00+05:30,1972.0,1975.0,1965.300048828125,1972.199951171875,527,0.0,0.0,METROPOLIS.NS
2025-11-21 11:45:00+05:30,1970.0,1971.300048828125,1966.0,1968.9000244140625,117,0.0,0.0,METROPOLIS.NS
2025-11-21 12:00:00+05:30,1968.9000244140625,1970.699951171875,1964.199951171875,1969.800048828125,228,0.0,0.0,METROPOLIS.NS
2025-11-21 12:15:00+05:30,1970.699951171875,1974.0,1970.699951171875,1973.199951171875,113,0.0,0.0,METROPOLIS.NS
2025-11-21 12:30:00+05:30,1971.4000244140625,1971.4000244140625,1964.0,1967.300048828125,457,0.0,0.0,METROPOLIS.NS
2025-11-21 12:45:00+05:30,1967.300048828125,1968.4000244140625,1966.0999755859373,1966.4000244140625,244,0.0,0.0,METROPOLIS.NS
2025-11-21 13:00:00+05:30,1966.4000244140625,1966.4000244140625,1962.0,1962.0,119,0.0,0.0,METROPOLIS.NS
2025-11-21 13:15:00+05:30,1961.4000244140625,1963.9000244140625,1960.0,1962.9000244140625,615,0.0,0.0,METROPOLIS.NS
2025-11-21 13:30:00+05:30,1960.699951171875,1964.300048828125,1960.699951171875,1964.199951171875,117,0.0,0.0,METROPOLIS.NS
2025-11-21 13:45:00+05:30,1964.199951171875,1964.300048828125,1962.5,1963.699951171875,44,0.0,0.0,METROPOLIS.NS
2025-11-21 14:00:00+05:30,1963.699951171875,1964.0,1958.0999755859373,1960.0999755859373,143,0.0,0.0,METROPOLIS.NS
2025-11-21 14:15:00+05:30,1961.699951171875,1968.0,1961.699951171875,1963.0,1061,0.0,0.0,METROPOLIS.NS
2025-11-21 14:30:00+05:30,1963.9000244140625,1966.199951171875,1962.5999755859373,1962.5999755859373,76,0.0,0.0,METROPOLIS.NS
2025-11-21 14:45:00+05:30,1965.5,1966.0,1962.9000244140625,1962.9000244140625,488,0.0,0.0,METROPOLIS.NS
2025-11-21 15:00:00+05:30,1962.4000244140625,1964.9000244140625,1956.0999755859373,1962.5999755859373,1244,0.0,0.0,METROPOLIS.NS
2025-11-21 15:15:00+05:30,1962.199951171875,1962.199951171875,1945.0,1945.0,2388,0.0,0.0,METROPOLIS.NS
2025-11-24 09:15:00+05:30,1956.199951171875,1968.199951171875,1951.0,1963.0999755859373,549,0.0,0.0,METROPOLIS.NS
2025-11-24 09:30:00+05:30,1963.9000244140625,1964.0,1951.5,1952.5999755859373,448,0.0,0.0,METROPOLIS.NS
2025-11-24 09:45:00+05:30,1952.5999755859373,1953.199951171875,1947.0999755859373,1947.0999755859373,803,0.0,0.0,METROPOLIS.NS
2025-11-24 10:00:00+05:30,1947.0,1952.5,1947.0,1950.0999755859373,316,0.0,0.0,METROPOLIS.NS
2025-11-24 10:15:00+05:30,1950.0999755859373,1951.9000244140625,1945.5,1946.300048828125,406,0.0,0.0,METROPOLIS.NS
2025-11-24 10:30:00+05:30,1946.800048828125,1953.0,1945.0,1952.800048828125,250,0.0,0.0,METROPOLIS.NS
2025-11-24 10:45:00+05:30,1952.9000244140625,1957.4000244140625,1947.800048828125,1947.800048828125,419,0.0,0.0,METROPOLIS.NS
2025-11-24 11:00:00+05:30,1947.699951171875,1948.4000244140625,1945.0,1946.800048828125,325,0.0,0.0,METROPOLIS.NS
2025-11-24 11:15:00+05:30,1945.5999755859373,1953.0999755859373,1943.5,1950.5999755859373,564,0.0,0.0,METROPOLIS.NS
2025-11-24 11:30:00+05:30,1947.0999755859373,1952.0999755859373,1943.199951171875,1944.300048828125,297,0.0,0.0,METROPOLIS.NS
2025-11-24 11:45:00+05:30,1943.199951171875,1945.0999755859373,1940.4000244140625,1942.9000244140625,194,0.0,0.0,METROPOLIS.NS
2025-11-24 12:00:00+05:30,1942.5,1944.0999755859373,1936.300048828125,1941.699951171875,351,0.0,0.0,METROPOLIS.NS
2025-11-24 12:15:00+05:30,1940.9000244140625,1940.9000244140625,1933.300048828125,1936.5,561,0.0,0.0,METROPOLIS.NS
2025-11-24 12:30:00+05:30,1936.5,1936.5,1930.5999755859373,1933.5999755859373,543,0.0,0.0,METROPOLIS.NS
2025-11-24 12:45:00+05:30,1930.5999755859373,1936.0999755859373,1930.5999755859373,1933.300048828125,300,0.0,0.0,METROPOLIS.NS
2025-11-24 13:00:00+05:30,1935.300048828125,1935.300048828125,1934.800048828125,1934.800048828125,129,0.0,0.0,METROPOLIS.NS
2025-11-24 13:15:00+05:30,1934.9000244140625,1943.4000244140625,1934.9000244140625,1937.300048828125,1389,0.0,0.0,METROPOLIS.NS
2025-11-24 13:30:00+05:30,1938.300048828125,1944.5,1938.300048828125,1943.199951171875,449,0.0,0.0,METROPOLIS.NS
2025-11-24 13:45:00+05:30,1944.0,1944.5999755859373,1938.5,1939.9000244140625,10962,0.0,0.0,METROPOLIS.NS
2025-11-24 14:00:00+05:30,1938.5,1945.0,1938.5,1941.5,666,0.0,0.0,METROPOLIS.NS
2025-11-24 14:15:00+05:30,1941.199951171875,1942.5999755859373,1940.0,1940.0,42,0.0,0.0,METROPOLIS.NS
2025-11-24 14:30:00+05:30,1940.699951171875,1948.5,1940.0,1948.4000244140625,1053,0.0,0.0,METROPOLIS.NS
2025-11-24 14:45:00+05:30,1947.5999755859373,1947.5999755859373,1942.300048828125,1945.0,720,0.0,0.0,METROPOLIS.NS
2025-11-24 15:00:00+05:30,1945.5999755859373,1949.0,1939.699951171875,1940.300048828125,4608,0.0,0.0,METROPOLIS.NS
2025-11-24 15:15:00+05:30,1940.300048828125,1950.0,1940.0,1941.0999755859373,5522,0.0,0.0,METROPOLIS.NS
2025-11-25 09:15:00+05:30,1964.9000244140625,1964.9000244140625,1939.5999755859373,1943.4000244140625,265,0.0,0.0,METROPOLIS.NS
2025-11-25 09:30:00+05:30,1944.0999755859373,1944.0999755859373,1933.0999755859373,1934.4000244140625,1066,0.0,0.0,METROPOLIS.NS
2025-11-25 09:45:00+05:30,1935.0,1948.300048828125,1935.0,1946.699951171875,133,0.0,0.0,METROPOLIS.NS
2025-11-25 10:00:00+05:30,1948.699951171875,1950.199951171875,1941.4000244140625,1948.9000244140625,646,0.0,0.0,METROPOLIS.NS
2025-11-25 10:15:00+05:30,1946.0999755859373,1948.0,1945.5999755859373,1945.800048828125,44,0.0,0.0,METROPOLIS.NS
2025-11-25 10:30:00+05:30,1946.0999755859373,1948.300048828125,1945.0999755859373,1948.300048828125,94,0.0,0.0,METROPOLIS.NS
2025-11-25 10:45:00+05:30,1948.300048828125,1948.300048828125,1945.0999755859373,1945.0999755859373,37,0.0,0.0,METROPOLIS.NS
2025-11-25 11:00:00+05:30,1945.5,1945.5,1941.0,1942.0,198,0.0,0.0,METROPOLIS.NS
2025-11-25 11:15:00+05:30,1941.300048828125,1945.5,1941.300048828125,1945.5,242,0.0,0.0,METROPOLIS.NS
2025-11-25 11:30:00+05:30,1945.5,1948.0,1945.5,1947.800048828125,40,0.0,0.0,METROPOLIS.NS
2025-11-25 11:45:00+05:30,1947.5,1954.9000244140625,1939.0999755859373,1941.300048828125,1306,0.0,0.0,METROPOLIS.NS
2025-11-25 12:00:00+05:30,1938.9000244140625,1950.0,1937.0999755859373,1946.800048828125,1007,0.0,0.0,METROPOLIS.NS
2025-11-25 12:15:00+05:30,1946.4000244140625,1946.4000244140625,1939.800048828125,1943.0999755859373,254,0.0,0.0,METROPOLIS.NS
2025-11-25 12:30:00+05:30,1943.699951171875,1945.4000244140625,1939.199951171875,1945.199951171875,368,0.0,0.0,METROPOLIS.NS
2025-11-25 12:45:00+05:30,1945.0,1945.0,1944.0999755859373,1944.0999755859373,46,0.0,0.0,METROPOLIS.NS
2025-11-25 13:00:00+05:30,1944.199951171875,1945.199951171875,1942.4000244140625,1944.5999755859373,64,0.0,0.0,METROPOLIS.NS
2025-11-25 13:15:00+05:30,1945.5,1948.4000244140625,1940.300048828125,1948.4000244140625,155,0.0,0.0,METROPOLIS.NS
2025-11-25 13:30:00+05:30,1947.9000244140625,1950.199951171875,1947.0999755859373,1950.199951171875,83,0.0,0.0,METROPOLIS.NS
2025-11-25 13:45:00+05:30,1950.199951171875,1962.0,1946.0999755859373,1962.0,612,0.0,0.0,METROPOLIS.NS
2025-11-25 14:00:00+05:30,1963.0,1965.0,1961.9000244140625,1964.9000244140625,290,0.0,0.0,METROPOLIS.NS
2025-11-25 14:15:00+05:30,1963.800048828125,1966.800048828125,1963.0,1965.0,122,0.0,0.0,METROPOLIS.NS
2025-11-25 14:30:00+05:30,1964.699951171875,1965.699951171875,1961.699951171875,1962.0,263,0.0,0.0,METROPOLIS.NS
2025-11-25 14:45:00+05:30,1962.0,1963.0,1955.199951171875,1957.0999755859373,316,0.0,0.0,METROPOLIS.NS
2025-11-25 15:00:00+05:30,1956.9000244140625,1960.699951171875,1952.199951171875,1952.199951171875,609,0.0,0.0,METROPOLIS.NS
2025-11-25 15:15:00+05:30,1955.199951171875,1958.0,1939.5,1952.0999755859373,2190,0.0,0.0,METROPOLIS.NS
2025-11-26 09:15:00+05:30,1943.0999755859373,1958.4000244140625,1942.4000244140625,1956.0999755859373,420,0.0,0.0,METROPOLIS.NS
2025-11-26 09:30:00+05:30,1955.300048828125,1955.300048828125,1937.0,1943.699951171875,986,0.0,0.0,METROPOLIS.NS
2025-11-26 09:45:00+05:30,1945.5,1947.4000244140625,1943.199951171875,1943.199951171875,371,0.0,0.0,METROPOLIS.NS
2025-11-26 10:00:00+05:30,1943.300048828125,1946.4000244140625,1943.0,1945.300048828125,114,0.0,0.0,METROPOLIS.NS
2025-11-26 10:15:00+05:30,1945.5999755859373,1947.5999755859373,1943.0999755859373,1947.0,224,0.0,0.0,METROPOLIS.NS
2025-11-26 10:30:00+05:30,1945.300048828125,1948.699951171875,1943.199951171875,1943.199951171875,230,0.0,0.0,METROPOLIS.NS
2025-11-26 10:45:00+05:30,1943.199951171875,1948.199951171875,1943.0999755859373,1944.5,558,0.0,0.0,METROPOLIS.NS
2025-11-26 11:00:00+05:30,1944.5,1946.5,1944.4000244140625,1945.5,67,0.0,0.0,METROPOLIS.NS
2025-11-26 11:15:00+05:30,1945.5,1945.5,1942.9000244140625,1943.5999755859373,60,0.0,0.0,METROPOLIS.NS
2025-11-26 11:30:00+05:30,1944.5,1947.199951171875,1943.300048828125,1944.0999755859373,103,0.0,0.0,METROPOLIS.NS
2025-11-26 11:45:00+05:30,1945.300048828125,1951.199951171875,1943.0,1944.5999755859373,773,0.0,0.0,METROPOLIS.NS
2025-11-26 12:00:00+05:30,1944.0999755859373,1945.800048828125,1942.199951171875,1945.800048828125,5,0.0,0.0,METROPOLIS.NS
2025-11-26 12:15:00+05:30,1946.199951171875,1946.199951171875,1942.800048828125,1946.0999755859373,70,0.0,0.0,METROPOLIS.NS
2025-11-26 12:30:00+05:30,1946.199951171875,1946.199951171875,1943.5,1943.5,69,0.0,0.0,METROPOLIS.NS
2025-11-26 12:45:00+05:30,1943.5,1943.5,1941.0999755859373,1943.199951171875,138,0.0,0.0,METROPOLIS.NS
2025-11-26 13:00:00+05:30,1943.0,1943.0999755859373,1935.0,1939.199951171875,381,0.0,0.0,METROPOLIS.NS
2025-11-26 13:15:00+05:30,1938.800048828125,1939.5,1936.0,1938.300048828125,145,0.0,0.0,METROPOLIS.NS
2025-11-26 13:30:00+05:30,1938.300048828125,1940.0999755859373,1936.800048828125,1939.5999755859373,318,0.0,0.0,METROPOLIS.NS
2025-11-26 13:45:00+05:30,1937.699951171875,1941.4000244140625,1937.699951171875,1941.4000244140625,65,0.0,0.0,METROPOLIS.NS
2025-11-26 14:00:00+05:30,1941.199951171875,1941.5999755859373,1939.0,1940.5,56,0.0,0.0,METROPOLIS.NS
2025-11-26 14:15:00+05:30,1941.4000244140625,1941.4000244140625,1937.0,1940.5,96,0.0,0.0,METROPOLIS.NS
2025-11-26 14:30:00+05:30,1940.4000244140625,1940.9000244140625,1937.4000244140625,1940.0,120,0.0,0.0,METROPOLIS.NS
2025-11-26 14:45:00+05:30,1937.9000244140625,1941.0999755859373,1937.0,1939.0,222,0.0,0.0,METROPOLIS.NS
2025-11-26 15:00:00+05:30,1937.0,1949.0,1937.0,1949.0,271,0.0,0.0,METROPOLIS.NS
2025-11-26 15:15:00+05:30,1948.9000244140625,1948.9000244140625,1936.5,1941.0,997,0.0,0.0,METROPOLIS.NS
2025-11-27 09:15:00+05:30,1937.0999755859373,1953.699951171875,1937.0999755859373,1945.0,150,0.0,0.0,METROPOLIS.NS
2025-11-27 09:30:00+05:30,1940.0999755859373,1941.5,1930.0999755859373,1933.300048828125,525,0.0,0.0,METROPOLIS.NS
2025-11-27 09:45:00+05:30,1933.300048828125,1938.0,1932.0,1935.0999755859373,782,0.0,0.0,METROPOLIS.NS
2025-11-27 10:00:00+05:30,1935.199951171875,1935.199951171875,1931.0999755859373,1931.0999755859373,767,0.0,0.0,METROPOLIS.NS
2025-11-27 10:15:00+05:30,1931.0,1936.699951171875,1931.0,1933.0999755859373,451,0.0,0.0,METROPOLIS.NS
2025-11-27 10:30:00+05:30,1928.5999755859373,1931.4000244140625,1928.5999755859373,1929.0999755859373,470,0.0,0.0,METROPOLIS.NS
2025-11-27 10:45:00+05:30,1929.0999755859373,1933.199951171875,1928.0,1932.199951171875,345,0.0,0.0,METROPOLIS.NS
2025-11-27 11:00:00+05:30,1930.0999755859373,1933.199951171875,1930.0999755859373,1933.0999755859373,131,0.0,0.0,METROPOLIS.NS
2025-11-27 11:15:00+05:30,1933.0999755859373,1935.0,1932.0,1933.5,155,0.0,0.0,METROPOLIS.NS
2025-11-27 11:30:00+05:30,1932.0,1934.4000244140625,1932.0,1933.4000244140625,97,0.0,0.0,METROPOLIS.NS
2025-11-27 11:45:00+05:30,1932.0999755859373,1935.0999755859373,1932.0999755859373,1933.4000244140625,141,0.0,0.0,METROPOLIS.NS
2025-11-27 12:00:00+05:30,1933.300048828125,1933.300048828125,1932.0999755859373,1932.9000244140625,49,0.0,0.0,METROPOLIS.NS
2025-11-27 12:15:00+05:30,1932.699951171875,1932.9000244140625,1932.0999755859373,1932.199951171875,73,0.0,0.0,METROPOLIS.NS
2025-11-27 12:30:00+05:30,1931.5,1941.0,1931.5,1935.9000244140625,417,0.0,0.0,METROPOLIS.NS
2025-11-27 12:45:00+05:30,1936.800048828125,1937.300048828125,1932.5999755859373,1934.0999755859373,91,0.0,0.0,METROPOLIS.NS
2025-11-27 13:00:00+05:30,1935.300048828125,1936.199951171875,1934.0,1934.4000244140625,68,0.0,0.0,METROPOLIS.NS
2025-11-27 13:15:00+05:30,1932.0,1934.5999755859373,1932.0,1932.199951171875,86,0.0,0.0,METROPOLIS.NS
2025-11-27 13:30:00+05:30,1932.0,1934.699951171875,1930.5,1930.5,404,0.0,0.0,METROPOLIS.NS
2025-11-27 13:45:00+05:30,1932.0,1934.199951171875,1932.0,1934.199951171875,193,0.0,0.0,METROPOLIS.NS
2025-11-27 14:00:00+05:30,1933.4000244140625,1934.199951171875,1932.0,1934.199951171875,61,0.0,0.0,METROPOLIS.NS
2025-11-27 14:15:00+05:30,1934.0999755859373,1934.0999755859373,1932.0,1933.0,293,0.0,0.0,METROPOLIS.NS
2025-11-27 14:30:00+05:30,1933.0,1933.0,1932.0,1932.0,607,0.0,0.0,METROPOLIS.NS
2025-11-27 14:45:00+05:30,1933.9000244140625,1934.9000244140625,1933.5,1934.199951171875,12,0.0,0.0,METROPOLIS.NS
2025-11-27 15:00:00+05:30,1934.699951171875,1939.0999755859373,1932.0,1937.800048828125,836,0.0,0.0,METROPOLIS.NS
2025-11-27 15:15:00+05:30,1937.5999755859373,1940.0,1932.0,1934.0999755859373,1011,0.0,0.0,METROPOLIS.NS
2025-11-28 09:15:00+05:30,1929.5999755859373,1935.9000244140625,1928.800048828125,1929.199951171875,101,0.0,0.0,METROPOLIS.NS
2025-11-28 09:30:00+05:30,1928.0,1935.4000244140625,1928.0,1931.9000244140625,134,0.0,0.0,METROPOLIS.NS
2025-11-28 09:45:00+05:30,1931.9000244140625,1938.699951171875,1930.0,1930.0,124,0.0,0.0,METROPOLIS.NS
2025-11-28 10:00:00+05:30,1930.199951171875,1935.4000244140625,1926.0,1931.5999755859373,1402,0.0,0.0,METROPOLIS.NS
2025-11-28 10:15:00+05:30,1933.9000244140625,1933.9000244140625,1929.4000244140625,1932.300048828125,167,0.0,0.0,METROPOLIS.NS
2025-11-28 10:30:00+05:30,1932.300048828125,1935.699951171875,1929.9000244140625,1932.800048828125,97,0.0,0.0,METROPOLIS.NS
2025-11-28 10:45:00+05:30,1932.800048828125,1934.800048828125,1929.4000244140625,1929.5,111,0.0,0.0,METROPOLIS.NS
2025-11-28 11:00:00+05:30,1927.5999755859373,1938.0,1925.5999755859373,1935.5,852,0.0,0.0,METROPOLIS.NS
2025-11-28 11:15:00+05:30,1937.5999755859373,1937.9000244140625,1933.5999755859373,1935.800048828125,77,0.0,0.0,METROPOLIS.NS
2025-11-28 11:30:00+05:30,1935.800048828125,1937.5,1933.699951171875,1933.699951171875,74,0.0,0.0,METROPOLIS.NS
2025-11-28 11:45:00+05:30,1935.0999755859373,1936.5999755859373,1933.699951171875,1935.0999755859373,125,0.0,0.0,METROPOLIS.NS
2025-11-28 12:00:00+05:30,1935.0999755859373,1946.199951171875,1931.0999755859373,1934.0,1095,0.0,0.0,METROPOLIS.NS
2025-11-28 12:15:00+05:30,1932.0999755859373,1934.199951171875,1931.0,1933.5,72,0.0,0.0,METROPOLIS.NS
2025-11-28 12:30:00+05:30,1933.5,1935.0,1931.300048828125,1934.5999755859373,50,0.0,0.0,METROPOLIS.NS
2025-11-28 12:45:00+05:30,1934.5999755859373,1934.5999755859373,1930.0,1931.699951171875,572,0.0,0.0,METROPOLIS.NS
2025-11-28 13:00:00+05:30,1931.699951171875,1932.0,1930.0,1931.9000244140625,110,0.0,0.0,METROPOLIS.NS
2025-11-28 13:15:00+05:30,1931.9000244140625,1931.9000244140625,1929.0999755859373,1930.300048828125,105,0.0,0.0,METROPOLIS.NS
2025-11-28 13:30:00+05:30,1931.800048828125,1933.699951171875,1930.0999755859373,1931.800048828125,36,0.0,0.0,METROPOLIS.NS
2025-11-28 13:45:00+05:30,1933.5,1933.5,1930.0,1931.800048828125,119,0.0,0.0,METROPOLIS.NS
2025-11-28 14:00:00+05:30,1930.0,1931.300048828125,1928.5,1930.9000244140625,97,0.0,0.0,METROPOLIS.NS
2025-11-28 14:15:00+05:30,1930.0,1931.4000244140625,1928.4000244140625,1930.0,402,0.0,0.0,METROPOLIS.NS
2025-11-28 14:30:00+05:30,1930.699951171875,1934.199951171875,1927.0999755859373,1931.5,669,0.0,0.0,METROPOLIS.NS
2025-11-28 14:45:00+05:30,1930.0999755859373,1933.9000244140625,1929.9000244140625,1932.0,178,0.0,0.0,METROPOLIS.NS
2025-11-28 15:00:00+05:30,1932.0,1933.5,1929.0999755859373,1931.5,172,0.0,0.0,METROPOLIS.NS
2025-11-28 15:15:00+05:30,1932.0999755859373,1936.199951171875,1925.0999755859373,1925.5999755859373,2004,0.0,0.0,METROPOLIS.NS
2025-12-01 09:15:00+05:30,1931.0,1942.800048828125,1925.0,1926.5999755859373,429,0.0,0.0,METROPOLIS.NS
2025-12-01 09:30:00+05:30,1925.0,1926.5,1920.4000244140625,1923.0,418,0.0,0.0,METROPOLIS.NS
2025-12-01 09:45:00+05:30,1929.300048828125,1929.5,1924.4000244140625,1927.4000244140625,898,0.0,0.0,METROPOLIS.NS
2025-12-01 10:00:00+05:30,1927.4000244140625,1929.5,1923.5999755859373,1928.800048828125,924,0.0,0.0,METROPOLIS.NS
2025-12-01 10:15:00+05:30,1929.4000244140625,1930.0,1926.0,1927.300048828125,610,0.0,0.0,METROPOLIS.NS
2025-12-01 10:30:00+05:30,1929.800048828125,1932.699951171875,1926.0,1926.0,296,0.0,0.0,METROPOLIS.NS
2025-12-01 10:45:00+05:30,1928.300048828125,1929.5999755859373,1928.199951171875,1928.199951171875,8,0.0,0.0,METROPOLIS.NS
2025-12-01 11:00:00+05:30,1928.300048828125,1930.0,1926.0,1930.0,114,0.0,0.0,METROPOLIS.NS
2025-12-01 11:15:00+05:30,1929.5999755859373,1935.0,1926.199951171875,1929.800048828125,146,0.0,0.0,METROPOLIS.NS
2025-12-01 11:30:00+05:30,1929.4000244140625,1932.5999755859373,1928.0999755859373,1932.4000244140625,137,0.0,0.0,METROPOLIS.NS
2025-12-01 11:45:00+05:30,1931.699951171875,1938.5999755859373,1927.199951171875,1935.5,340,0.0,0.0,METROPOLIS.NS
2025-12-01 12:00:00+05:30,1933.0,1933.699951171875,1930.0999755859373,1932.4000244140625,34,0.0,0.0,METROPOLIS.NS
2025-12-01 12:15:00+05:30,1931.300048828125,1931.300048828125,1926.0999755859373,1928.0999755859373,82,0.0,0.0,METROPOLIS.NS
2025-12-01 12:30:00+05:30,1928.0999755859373,1928.0999755859373,1926.5,1928.0,15,0.0,0.0,METROPOLIS.NS
2025-12-01 12:45:00+05:30,1926.0,1928.0,1926.0,1928.0,40,0.0,0.0,METROPOLIS.NS
2025-12-01 13:00:00+05:30,1923.5999755859373,1969.0,1923.5999755859373,1952.300048828125,8819,0.0,0.0,METROPOLIS.NS
2025-12-01 13:15:00+05:30,1955.5999755859373,1955.5999755859373,1944.5999755859373,1945.9000244140625,4327,0.0,0.0,METROPOLIS.NS
2025-12-01 13:30:00+05:30,1945.0,1967.0,1943.5,1967.0,2209,0.0,0.0,METROPOLIS.NS
2025-12-01 13:45:00+05:30,1961.0,1965.0,1953.699951171875,1960.5,4003,0.0,0.0,METROPOLIS.NS
2025-12-01 14:00:00+05:30,1965.0,1966.199951171875,1958.5,1960.0,2657,0.0,0.0,METROPOLIS.NS
2025-12-01 14:15:00+05:30,1962.0,1966.4000244140625,1958.0,1958.0,2220,0.0,0.0,METROPOLIS.NS
2025-12-01 14:30:00+05:30,1966.0999755859373,1966.0999755859373,1945.5999755859373,1945.5999755859373,1364,0.0,0.0,METROPOLIS.NS
2025-12-01 14:45:00+05:30,1944.5,1950.9000244140625,1944.5,1946.699951171875,396,0.0,0.0,METROPOLIS.NS
2025-12-01 15:00:00+05:30,1948.300048828125,1964.4000244140625,1948.300048828125,1958.699951171875,1767,0.0,0.0,METROPOLIS.NS
2025-12-01 15:15:00+05:30,1959.0999755859373,1965.0,1946.0,1955.800048828125,2872,0.0,0.0,METROPOLIS.NS
2025-12-02 09:15:00+05:30,1953.800048828125,1953.9000244140625,1936.300048828125,1941.0999755859373,537,0.0,0.0,METROPOLIS.NS
2025-12-02 09:30:00+05:30,1941.0,1941.9000244140625,1934.800048828125,1937.699951171875,255,0.0,0.0,METROPOLIS.NS
2025-12-02 09:45:00+05:30,1937.199951171875,1942.5999755859373,1929.5999755859373,1936.5,1145,0.0,0.0,METROPOLIS.NS
2025-12-02 10:00:00+05:30,1934.300048828125,1940.699951171875,1934.0,1934.0,236,0.0,0.0,METROPOLIS.NS
2025-12-02 10:15:00+05:30,1935.5999755859373,1935.699951171875,1934.0999755859373,1935.5999755859373,15,0.0,0.0,METROPOLIS.NS
2025-12-02 10:30:00+05:30,1935.5,1935.699951171875,1934.0,1934.0,175,0.0,0.0,METROPOLIS.NS
2025-12-02 10:45:00+05:30,1934.0,1955.0,1932.800048828125,1951.0999755859373,2532,0.0,0.0,METROPOLIS.NS
2025-12-02 11:00:00+05:30,1950.199951171875,1951.800048828125,1941.800048828125,1951.5,1113,0.0,0.0,METROPOLIS.NS
2025-12-02 11:15:00+05:30,1948.199951171875,1951.5999755859373,1941.0,1948.5,1177,0.0,0.0,METROPOLIS.NS
2025-12-02 11:30:00+05:30,1946.9000244140625,1953.0,1944.0999755859373,1947.0999755859373,1110,0.0,0.0,METROPOLIS.NS
2025-12-02 11:45:00+05:30,1950.9000244140625,1951.5999755859373,1941.199951171875,1944.5,180,0.0,0.0,METROPOLIS.NS
2025-12-02 12:00:00+05:30,1942.9000244140625,1947.300048828125,1941.800048828125,1944.9000244140625,115,0.0,0.0,METROPOLIS.NS
2025-12-02 12:15:00+05:30,1941.800048828125,1949.0,1941.0,1947.4000244140625,467,0.0,0.0,METROPOLIS.NS
2025-12-02 12:30:00+05:30,1947.4000244140625,1948.5999755859373,1941.199951171875,1944.0,135,0.0,0.0,METROPOLIS.NS
2025-12-02 12:45:00+05:30,1944.4000244140625,1944.4000244140625,1941.0,1941.0,342,0.0,0.0,METROPOLIS.NS
2025-12-02 13:00:00+05:30,1944.9000244140625,1945.5999755859373,1941.0,1943.199951171875,261,0.0,0.0,METROPOLIS.NS
2025-12-02 13:15:00+05:30,1943.0999755859373,1943.0999755859373,1941.0,1941.199951171875,133,0.0,0.0,METROPOLIS.NS
2025-12-02 13:30:00+05:30,1941.199951171875,1943.300048828125,1941.0,1941.0,534,0.0,0.0,METROPOLIS.NS
2025-12-02 13:45:00+05:30,1941.0,1941.0999755859373,1941.0,1941.0,375,0.0,0.0,METROPOLIS.NS
2025-12-02 14:00:00+05:30,1943.4000244140625,1943.4000244140625,1940.5,1941.0,603,0.0,0.0,METROPOLIS.NS
2025-12-02 14:15:00+05:30,1941.0,1941.800048828125,1940.5,1941.0,512,0.0,0.0,METROPOLIS.NS
2025-12-02 14:30:00+05:30,1941.300048828125,1942.0,1939.5999755859373,1942.0,143,0.0,0.0,METROPOLIS.NS
2025-12-02 14:45:00+05:30,1941.0,1941.0,1941.0,1941.0,90,0.0,0.0,METROPOLIS.NS
2025-12-02 15:00:00+05:30,1941.0,1948.0999755859373,1941.0,1941.0,4051,0.0,0.0,METROPOLIS.NS
2025-12-02 15:15:00+05:30,1941.0,1945.9000244140625,1941.0,1941.0,1761,0.0,0.0,METROPOLIS.NS
2025-12-03 09:15:00+05:30,1938.0999755859373,1938.0999755859373,1906.5,1906.5,1419,0.0,0.0,METROPOLIS.NS
2025-12-03 09:30:00+05:30,1906.5,1928.0,1906.5,1924.300048828125,1339,0.0,0.0,METROPOLIS.NS
2025-12-03 09:45:00+05:30,1924.9000244140625,1928.5,1923.199951171875,1925.5999755859373,510,0.0,0.0,METROPOLIS.NS
2025-12-03 10:00:00+05:30,1925.0,1927.0999755859373,1924.5999755859373,1925.0,98,0.0,0.0,METROPOLIS.NS
2025-12-03 10:15:00+05:30,1928.0,1930.0,1923.300048828125,1930.0,9148,0.0,0.0,METROPOLIS.NS
2025-12-03 10:30:00+05:30,1929.0999755859373,1936.300048828125,1928.0,1930.300048828125,8597,0.0,0.0,METROPOLIS.NS
2025-12-03 10:45:00+05:30,1930.0999755859373,1934.199951171875,1930.0,1930.0,123,0.0,0.0,METROPOLIS.NS
2025-12-03 11:00:00+05:30,1932.0,1933.699951171875,1930.0999755859373,1930.199951171875,157,0.0,0.0,METROPOLIS.NS
2025-12-03 11:15:00+05:30,1932.0,1933.4000244140625,1930.199951171875,1933.199951171875,128,0.0,0.0,METROPOLIS.NS
2025-12-03 11:30:00+05:30,1933.300048828125,1933.300048828125,1930.0,1931.699951171875,146,0.0,0.0,METROPOLIS.NS
2025-12-03 11:45:00+05:30,1931.699951171875,1931.800048828125,1930.0,1931.0999755859373,168,0.0,0.0,METROPOLIS.NS
2025-12-03 12:00:00+05:30,1931.0,1932.300048828125,1931.0,1932.300048828125,72,0.0,0.0,METROPOLIS.NS
2025-12-03 12:15:00+05:30,1932.4000244140625,1940.5,1932.4000244140625,1936.699951171875,554,0.0,0.0,METROPOLIS.NS
2025-12-03 12:30:00+05:30,1932.699951171875,1936.9000244140625,1931.699951171875,1936.199951171875,142,0.0,0.0,METROPOLIS.NS
2025-12-03 12:45:00+05:30,1937.0,1937.699951171875,1931.5999755859373,1931.5999755859373,145,0.0,0.0,METROPOLIS.NS
2025-12-03 13:00:00+05:30,1930.0999755859373,1954.0,1930.0999755859373,1950.0,1542,0.0,0.0,METROPOLIS.NS
2025-12-03 13:15:00+05:30,1948.199951171875,1953.5,1948.199951171875,1953.5,1371,0.0,0.0,METROPOLIS.NS
2025-12-03 13:30:00+05:30,1953.0,1953.0,1946.5999755859373,1948.0,81,0.0,0.0,METROPOLIS.NS
2025-12-03 13:45:00+05:30,1947.0999755859373,1947.0999755859373,1935.5999755859373,1936.0,336,0.0,0.0,METROPOLIS.NS
2025-12-03 14:00:00+05:30,1932.5999755859373,1938.800048828125,1932.5999755859373,1938.800048828125,137,0.0,0.0,METROPOLIS.NS
2025-12-03 14:15:00+05:30,1938.800048828125,1938.800048828125,1933.9000244140625,1936.4000244140625,278,0.0,0.0,METROPOLIS.NS
2025-12-03 14:30:00+05:30,1933.800048828125,1940.5999755859373,1933.800048828125,1940.5999755859373,293,0.0,0.0,METROPOLIS.NS
2025-12-03 14:45:00+05:30,1941.300048828125,1942.0,1937.0,1938.300048828125,168,0.0,0.0,METROPOLIS.NS
2025-12-03 15:00:00+05:30,1939.800048828125,1956.5999755859373,1939.800048828125,1955.4000244140625,2160,0.0,0.0,METROPOLIS.NS
2025-12-03 15:15:00+05:30,1952.9000244140625,1954.5,1930.0,1945.699951171875,2128,0.0,0.0,METROPOLIS.NS
2025-12-04 09:15:00+05:30,1945.699951171875,1945.699951171875,1916.5,1925.300048828125,977,0.0,0.0,METROPOLIS.NS
2025-12-04 09:30:00+05:30,1924.0999755859373,1927.5999755859373,1920.5,1924.300048828125,448,0.0,0.0,METROPOLIS.NS
2025-12-04 09:45:00+05:30,1924.0999755859373,1924.9000244140625,1920.800048828125,1923.0,262,0.0,0.0,METROPOLIS.NS
2025-12-04 10:00:00+05:30,1921.199951171875,1928.800048828125,1921.199951171875,1926.800048828125,103,0.0,0.0,METROPOLIS.NS
2025-12-04 10:15:00+05:30,1926.0,1940.0,1926.0,1940.0,585,0.0,0.0,METROPOLIS.NS
2025-12-04 10:30:00+05:30,1940.0,1945.699951171875,1935.800048828125,1944.5,1554,0.0,0.0,METROPOLIS.NS
2025-12-04 10:45:00+05:30,1944.5,1952.199951171875,1944.5,1950.4000244140625,1370,0.0,0.0,METROPOLIS.NS
2025-12-04 11:00:00+05:30,1951.300048828125,1951.300048828125,1950.0,1950.0999755859373,260,0.0,0.0,METROPOLIS.NS
2025-12-04 11:15:00+05:30,1950.0,1950.0999755859373,1943.9000244140625,1946.9000244140625,154,0.0,0.0,METROPOLIS.NS
2025-12-04 11:30:00+05:30,1947.0999755859373,1953.5999755859373,1945.0999755859373,1949.699951171875,560,0.0,0.0,METROPOLIS.NS
2025-12-04 11:45:00+05:30,1948.5,1951.0999755859373,1945.199951171875,1950.4000244140625,491,0.0,0.0,METROPOLIS.NS
2025-12-04 12:00:00+05:30,1950.4000244140625,1954.800048828125,1950.4000244140625,1953.699951171875,228,0.0,0.0,METROPOLIS.NS
2025-12-04 12:15:00+05:30,1955.300048828125,1957.199951171875,1950.0,1953.0,224,0.0,0.0,METROPOLIS.NS
2025-12-04 12:30:00+05:30,1953.699951171875,1953.800048828125,1952.0999755859373,1953.4000244140625,49,0.0,0.0,METROPOLIS.NS
2025-12-04 12:45:00+05:30,1953.800048828125,1955.4000244140625,1948.0,1948.0,217,0.0,0.0,METROPOLIS.NS
2025-12-04 13:00:00+05:30,1945.0999755859373,1949.300048828125,1904.9000244140625,1928.0,35627,0.0,0.0,METROPOLIS.NS
2025-12-04 13:15:00+05:30,1928.0,1939.5999755859373,1927.0999755859373,1931.0,3295,0.0,0.0,METROPOLIS.NS
2025-12-04 13:30:00+05:30,1931.0,1934.300048828125,1926.4000244140625,1927.9000244140625,994,0.0,0.0,METROPOLIS.NS
2025-12-04 13:45:00+05:30,1922.9000244140625,1928.0,1921.0999755859373,1925.5,909,0.0,0.0,METROPOLIS.NS
2025-12-04 14:00:00+05:30,1924.0,1925.699951171875,1920.800048828125,1924.0,2097,0.0,0.0,METROPOLIS.NS
2025-12-04 14:15:00+05:30,1924.0,1925.4000244140625,1922.5999755859373,1924.4000244140625,3629,0.0,0.0,METROPOLIS.NS
2025-12-04 14:30:00+05:30,1924.300048828125,1926.699951171875,1917.0999755859373,1924.0999755859373,4960,0.0,0.0,METROPOLIS.NS
2025-12-04 14:45:00+05:30,1925.0,1932.300048828125,1923.5,1932.199951171875,614,0.0,0.0,METROPOLIS.NS
2025-12-04 15:00:00+05:30,1931.0,1938.0,1928.5,1933.5,7454,0.0,0.0,METROPOLIS.NS
2025-12-04 15:15:00+05:30,1933.5,1939.0,1925.0,1931.0999755859373,8023,0.0,0.0,METROPOLIS.NS
2025-12-05 09:15:00+05:30,1940.0,1940.0,1915.0999755859373,1927.300048828125,125,0.0,0.0,METROPOLIS.NS
2025-12-05 09:30:00+05:30,1927.0999755859373,1931.0,1920.0999755859373,1920.0999755859373,505,0.0,0.0,METROPOLIS.NS
2025-12-05 09:45:00+05:30,1923.300048828125,1925.9000244140625,1920.0999755859373,1924.199951171875,186,0.0,0.0,METROPOLIS.NS
2025-12-05 10:00:00+05:30,1924.199951171875,1930.0,1923.800048828125,1928.0,132,0.0,0.0,METROPOLIS.NS
2025-12-05 10:15:00+05:30,1925.5999755859373,1927.0999755859373,1923.0,1923.699951171875,95,0.0,0.0,METROPOLIS.NS
2025-12-05 10:30:00+05:30,1926.0,1926.0,1922.0,1923.0,170,0.0,0.0,METROPOLIS.NS
2025-12-05 10:45:00+05:30,1923.0,1926.4000244140625,1921.0,1925.0,162,0.0,0.0,METROPOLIS.NS
2025-12-05 11:00:00+05:30,1924.199951171875,1925.5999755859373,1920.0,1923.9000244140625,257,0.0,0.0,METROPOLIS.NS
2025-12-05 11:15:00+05:30,1923.9000244140625,1926.4000244140625,1920.300048828125,1926.4000244140625,289,0.0,0.0,METROPOLIS.NS
2025-12-05 11:30:00+05:30,1926.4000244140625,1926.4000244140625,1922.199951171875,1924.9000244140625,135,0.0,0.0,METROPOLIS.NS
2025-12-05 11:45:00+05:30,1924.9000244140625,1928.800048828125,1921.5999755859373,1924.199951171875,277,0.0,0.0,METROPOLIS.NS
2025-12-05 12:00:00+05:30,1924.0999755859373,1925.199951171875,1923.199951171875,1923.199951171875,183,0.0,0.0,METROPOLIS.NS
2025-12-05 12:15:00+05:30,1923.199951171875,1924.800048828125,1920.0999755859373,1923.5,212,0.0,0.0,METROPOLIS.NS
2025-12-05 12:30:00+05:30,1923.4000244140625,1925.699951171875,1921.300048828125,1925.5999755859373,468,0.0,0.0,METROPOLIS.NS
2025-12-05 12:45:00+05:30,1925.5999755859373,1926.199951171875,1924.800048828125,1926.0,105,0.0,0.0,METROPOLIS.NS
2025-12-05 13:00:00+05:30,1926.0,1926.0,1922.800048828125,1923.0,608,0.0,0.0,METROPOLIS.NS
2025-12-05 13:15:00+05:30,1923.0,1925.699951171875,1922.800048828125,1924.699951171875,280,0.0,0.0,METROPOLIS.NS
2025-12-05 13:30:00+05:30,1924.699951171875,1924.699951171875,1922.800048828125,1922.800048828125,183,0.0,0.0,METROPOLIS.NS
2025-12-05 13:45:00+05:30,1922.800048828125,1923.9000244140625,1922.800048828125,1922.800048828125,75,0.0,0.0,METROPOLIS.NS
2025-12-05 14:00:00+05:30,1922.9000244140625,1923.0999755859373,1922.9000244140625,1923.0,203,0.0,0.0,METROPOLIS.NS
2025-12-05 14:15:00+05:30,1924.800048828125,1924.800048828125,1923.300048828125,1923.300048828125,38,0.0,0.0,METROPOLIS.NS
2025-12-05 14:30:00+05:30,1923.199951171875,1923.199951171875,1919.0,1921.0,507,0.0,0.0,METROPOLIS.NS
2025-12-05 14:45:00+05:30,1920.0,1920.0,1909.0,1914.0,1271,0.0,0.0,METROPOLIS.NS
2025-12-05 15:00:00+05:30,1912.5,1934.5,1912.5,1917.4000244140625,2934,0.0,0.0,METROPOLIS.NS
2025-12-05 15:15:00+05:30,1917.4000244140625,1929.800048828125,1908.9000244140625,1924.199951171875,3490,0.0,0.0,METROPOLIS.NS
2025-12-08 09:15:00+05:30,1919.9000244140625,1924.9000244140625,1916.9000244140625,1918.5999755859373,600,0.0,0.0,METROPOLIS.NS
2025-12-08 09:30:00+05:30,1918.300048828125,1919.800048828125,1908.0999755859373,1917.5999755859373,754,0.0,0.0,METROPOLIS.NS
2025-12-08 09:45:00+05:30,1913.4000244140625,1919.0,1909.5,1916.300048828125,620,0.0,0.0,METROPOLIS.NS
2025-12-08 10:00:00+05:30,1916.300048828125,1924.5999755859373,1915.0,1920.699951171875,1413,0.0,0.0,METROPOLIS.NS
2025-12-08 10:15:00+05:30,1920.699951171875,1923.0,1920.300048828125,1923.0,141,0.0,0.0,METROPOLIS.NS
2025-12-08 10:30:00+05:30,1923.5,1927.0,1922.199951171875,1926.0,335,0.0,0.0,METROPOLIS.NS
2025-12-08 10:45:00+05:30,1923.0999755859373,1929.5,1923.0999755859373,1925.0999755859373,574,0.0,0.0,METROPOLIS.NS
2025-12-08 11:00:00+05:30,1925.0999755859373,1927.0,1920.0,1925.699951171875,724,0.0,0.0,METROPOLIS.NS
2025-12-08 11:15:00+05:30,1923.4000244140625,1927.0,1920.0,1927.0,267,0.0,0.0,METROPOLIS.NS
2025-12-08 11:30:00+05:30,1925.0999755859373,1927.0,1920.0,1924.4000244140625,943,0.0,0.0,METROPOLIS.NS
2025-12-08 11:45:00+05:30,1925.0999755859373,1929.0,1922.5999755859373,1923.699951171875,1008,0.0,0.0,METROPOLIS.NS
2025-12-08 12:00:00+05:30,1924.5999755859373,1928.4000244140625,1923.699951171875,1924.800048828125,312,0.0,0.0,METROPOLIS.NS
2025-12-08 12:15:00+05:30,1924.0,1926.699951171875,1920.0,1920.0999755859373,812,0.0,0.0,METROPOLIS.NS
2025-12-08 12:30:00+05:30,1920.0999755859373,1921.699951171875,1920.0999755859373,1920.800048828125,236,0.0,0.0,METROPOLIS.NS
2025-12-08 12:45:00+05:30,1921.0,1924.9000244140625,1920.0999755859373,1920.0999755859373,106,0.0,0.0,METROPOLIS.NS
2025-12-08 13:00:00+05:30,1920.0,1925.0,1920.0,1920.300048828125,703,0.0,0.0,METROPOLIS.NS
2025-12-08 13:15:00+05:30,1920.199951171875,1921.199951171875,1916.300048828125,1920.300048828125,587,0.0,0.0,METROPOLIS.NS
2025-12-08 13:30:00+05:30,1920.0999755859373,1921.800048828125,1916.5,1921.800048828125,803,0.0,0.0,METROPOLIS.NS
2025-12-08 13:45:00+05:30,1922.800048828125,1924.0,1920.0,1920.0,464,0.0,0.0,METROPOLIS.NS
2025-12-08 14:00:00+05:30,1920.0,1922.800048828125,1918.4000244140625,1922.800048828125,397,0.0,0.0,METROPOLIS.NS
2025-12-08 14:15:00+05:30,1923.5,1924.300048828125,1920.0,1920.0,479,0.0,0.0,METROPOLIS.NS
2025-12-08 14:30:00+05:30,1920.0,1920.800048828125,1919.800048828125,1920.0999755859373,1097,0.0,0.0,METROPOLIS.NS
2025-12-08 14:45:00+05:30,1920.0999755859373,1925.9000244140625,1919.5,1920.0,1066,0.0,0.0,METROPOLIS.NS
2025-12-08 15:00:00+05:30,1920.0999755859373,1925.0,1920.0,1921.0999755859373,591,0.0,0.0,METROPOLIS.NS
2025-12-08 15:15:00+05:30,1921.0999755859373,1922.300048828125,1919.9000244140625,1920.9000244140625,3780,0.0,0.0,METROPOLIS.NS
2025-12-09 09:15:00+05:30,1901.0999755859373,1912.0,1900.199951171875,1904.199951171875,1445,0.0,0.0,METROPOLIS.NS
2025-12-09 09:30:00+05:30,1900.0,1910.4000244140625,1891.199951171875,1900.0,2593,0.0,0.0,METROPOLIS.NS
2025-12-09 09:45:00+05:30,1902.0,1903.9000244140625,1898.0,1902.4000244140625,1093,0.0,0.0,METROPOLIS.NS
2025-12-09 10:00:00+05:30,1902.0,1915.699951171875,1901.0,1912.0,2026,0.0,0.0,METROPOLIS.NS
2025-12-09 10:15:00+05:30,1912.0,1919.699951171875,1911.699951171875,1918.0,1979,0.0,0.0,METROPOLIS.NS
2025-12-09 10:30:00+05:30,1918.5,1918.5,1911.5999755859373,1912.199951171875,145,0.0,0.0,METROPOLIS.NS
2025-12-09 10:45:00+05:30,1913.699951171875,1913.699951171875,1911.0,1912.5999755859373,247,0.0,0.0,METROPOLIS.NS
2025-12-09 11:00:00+05:30,1912.5999755859373,1915.699951171875,1910.0,1915.699951171875,150,0.0,0.0,METROPOLIS.NS
2025-12-09 11:15:00+05:30,1915.0,1915.800048828125,1913.5,1913.800048828125,29,0.0,0.0,METROPOLIS.NS
2025-12-09 11:30:00+05:30,1910.0999755859373,1915.699951171875,1910.0999755859373,1915.5,94,0.0,0.0,METROPOLIS.NS
2025-12-09 11:45:00+05:30,1913.0,1916.0,1913.0,1916.0,51,0.0,0.0,METROPOLIS.NS
2025-12-09 12:00:00+05:30,1915.5999755859373,1919.5,1915.5999755859373,1919.0,163,0.0,0.0,METROPOLIS.NS
2025-12-09 12:15:00+05:30,1919.0,1919.9000244140625,1919.0,1919.9000244140625,15,0.0,0.0,METROPOLIS.NS
2025-12-09 12:30:00+05:30,1919.9000244140625,1919.9000244140625,1916.199951171875,1918.4000244140625,139,0.0,0.0,METROPOLIS.NS
2025-12-09 12:45:00+05:30,1915.699951171875,1918.4000244140625,1915.199951171875,1917.5999755859373,52,0.0,0.0,METROPOLIS.NS
2025-12-09 13:00:00+05:30,1917.800048828125,1917.800048828125,1912.5,1914.699951171875,164,0.0,0.0,METROPOLIS.NS
2025-12-09 13:15:00+05:30,1915.0,1919.5,1912.5,1917.4000244140625,664,0.0,0.0,METROPOLIS.NS
2025-12-09 13:30:00+05:30,1918.699951171875,1919.5,1916.9000244140625,1919.5,131,0.0,0.0,METROPOLIS.NS
2025-12-09 13:45:00+05:30,1919.199951171875,1919.5,1915.5999755859373,1917.4000244140625,77,0.0,0.0,METROPOLIS.NS
2025-12-09 14:00:00+05:30,1915.9000244140625,1919.5999755859373,1915.4000244140625,1919.199951171875,22,0.0,0.0,METROPOLIS.NS
2025-12-09 14:15:00+05:30,1917.0,1920.199951171875,1913.9000244140625,1920.199951171875,67,0.0,0.0,METROPOLIS.NS
2025-12-09 14:30:00+05:30,1916.800048828125,1916.800048828125,1912.300048828125,1915.699951171875,64,0.0,0.0,METROPOLIS.NS
2025-12-09 14:45:00+05:30,1915.9000244140625,1921.5,1914.4000244140625,1921.5,247,0.0,0.0,METROPOLIS.NS
2025-12-09 15:00:00+05:30,1921.800048828125,1929.0,1921.199951171875,1929.0,890,0.0,0.0,METROPOLIS.NS
2025-12-09 15:15:00+05:30,1928.5999755859373,1928.9000244140625,1915.0999755859373,1920.0,2499,0.0,0.0,METROPOLIS.NS
2025-12-10 09:15:00+05:30,1929.0,1929.0,1916.0,1925.0,94,0.0,0.0,METROPOLIS.NS
2025-12-10 09:30:00+05:30,1925.0,1925.0,1920.0,1923.199951171875,725,0.0,0.0,METROPOLIS.NS
2025-12-10 09:45:00+05:30,1924.300048828125,1939.9000244140625,1923.300048828125,1935.0,3449,0.0,0.0,METROPOLIS.NS
2025-12-10 10:00:00+05:30,1935.0999755859373,1943.5,1925.300048828125,1933.800048828125,709,0.0,0.0,METROPOLIS.NS
2025-12-10 10:15:00+05:30,1933.0999755859373,1936.0,1932.199951171875,1933.4000244140625,52,0.0,0.0,METROPOLIS.NS
2025-12-10 10:30:00+05:30,1932.0999755859373,1932.0999755859373,1930.0,1931.800048828125,102,0.0,0.0,METROPOLIS.NS
2025-12-10 10:45:00+05:30,1930.0,1930.0,1925.0,1926.5999755859373,225,0.0,0.0,METROPOLIS.NS
2025-12-10 11:00:00+05:30,1928.199951171875,1928.300048828125,1925.0,1925.0,345,0.0,0.0,METROPOLIS.NS
2025-12-10 11:15:00+05:30,1925.0,1925.0,1922.300048828125,1923.0,330,0.0,0.0,METROPOLIS.NS
2025-12-10 11:30:00+05:30,1923.0,1924.5999755859373,1923.0,1923.0,59,0.0,0.0,METROPOLIS.NS
2025-12-10 11:45:00+05:30,1924.9000244140625,1928.300048828125,1924.800048828125,1928.300048828125,445,0.0,0.0,METROPOLIS.NS
2025-12-10 12:00:00+05:30,1928.300048828125,1931.0,1926.199951171875,1928.5999755859373,125,0.0,0.0,METROPOLIS.NS
2025-12-10 12:15:00+05:30,1926.4000244140625,1927.800048828125,1924.4000244140625,1927.800048828125,46,0.0,0.0,METROPOLIS.NS
2025-12-10 12:30:00+05:30,1926.9000244140625,1927.699951171875,1925.699951171875,1927.699951171875,80,0.0,0.0,METROPOLIS.NS
2025-12-10 12:45:00+05:30,1925.699951171875,1927.4000244140625,1923.0,1923.0,284,0.0,0.0,METROPOLIS.NS
2025-12-10 13:00:00+05:30,1923.0,1923.5,1922.5,1923.5,292,0.0,0.0,METROPOLIS.NS
2025-12-10 13:15:00+05:30,1923.0999755859373,1923.199951171875,1923.0,1923.0999755859373,34,0.0,0.0,METROPOLIS.NS
2025-12-10 13:30:00+05:30,1926.199951171875,1926.199951171875,1926.199951171875,1926.199951171875,1,0.0,0.0,METROPOLIS.NS
2025-12-10 13:45:00+05:30,1923.0999755859373,1925.0999755859373,1921.4000244140625,1925.0999755859373,269,0.0,0.0,METROPOLIS.NS
2025-12-10 14:00:00+05:30,1927.5,1927.5,1927.5,1927.5,3,0.0,0.0,METROPOLIS.NS
2025-12-10 14:15:00+05:30,1928.199951171875,1928.199951171875,1925.0,1925.0,61,0.0,0.0,METROPOLIS.NS
2025-12-10 14:30:00+05:30,1925.0,1927.5,1920.0,1922.5,1490,0.0,0.0,METROPOLIS.NS
2025-12-10 14:45:00+05:30,1925.0,1927.199951171875,1924.0,1927.0,269,0.0,0.0,METROPOLIS.NS
2025-12-10 15:00:00+05:30,1926.9000244140625,1930.0,1925.0,1926.699951171875,260,0.0,0.0,METROPOLIS.NS
2025-12-10 15:15:00+05:30,1926.699951171875,1927.800048828125,1912.5,1924.0,3366,0.0,0.0,METROPOLIS.NS
2025-12-11 09:15:00+05:30,1915.0,1920.0,1905.5,1917.300048828125,510,0.0,0.0,METROPOLIS.NS
2025-12-11 09:30:00+05:30,1918.0,1922.199951171875,1915.0,1918.800048828125,394,0.0,0.0,METROPOLIS.NS
2025-12-11 09:45:00+05:30,1919.4000244140625,1920.4000244140625,1917.300048828125,1919.9000244140625,327,0.0,0.0,METROPOLIS.NS
2025-12-11 10:00:00+05:30,1920.0,1921.0,1918.800048828125,1920.0999755859373,87,0.0,0.0,METROPOLIS.NS
2025-12-11 10:15:00+05:30,1920.0,1921.0,1915.300048828125,1920.300048828125,142,0.0,0.0,METROPOLIS.NS
2025-12-11 10:30:00+05:30,1920.300048828125,1921.0,1916.699951171875,1919.0999755859373,211,0.0,0.0,METROPOLIS.NS
2025-12-11 10:45:00+05:30,1919.0,1920.9000244140625,1913.199951171875,1920.0,301,0.0,0.0,METROPOLIS.NS
2025-12-11 11:00:00+05:30,1920.800048828125,1924.9000244140625,1917.0,1924.9000244140625,271,0.0,0.0,METROPOLIS.NS
2025-12-11 11:15:00+05:30,1924.800048828125,1924.800048828125,1920.0999755859373,1922.5999755859373,29,0.0,0.0,METROPOLIS.NS
2025-12-11 11:30:00+05:30,1922.5999755859373,1923.699951171875,1920.0,1922.0999755859373,59,0.0,0.0,METROPOLIS.NS
2025-12-11 11:45:00+05:30,1920.0,1921.9000244140625,1913.5,1914.199951171875,582,0.0,0.0,METROPOLIS.NS
2025-12-11 12:00:00+05:30,1914.199951171875,1915.5,1914.0,1915.5,102,0.0,0.0,METROPOLIS.NS
2025-12-11 12:15:00+05:30,1914.0,1916.0999755859373,1906.199951171875,1907.0,305,0.0,0.0,METROPOLIS.NS
2025-12-11 12:30:00+05:30,1909.0,1917.300048828125,1909.0,1916.800048828125,475,0.0,0.0,METROPOLIS.NS
2025-12-11 12:45:00+05:30,1914.699951171875,1914.800048828125,1910.199951171875,1910.699951171875,56,0.0,0.0,METROPOLIS.NS
2025-12-11 13:00:00+05:30,1912.4000244140625,1914.4000244140625,1910.0,1910.0,517,0.0,0.0,METROPOLIS.NS
2025-12-11 13:15:00+05:30,1910.300048828125,1910.5,1910.0,1910.5,183,0.0,0.0,METROPOLIS.NS
2025-12-11 13:30:00+05:30,1910.4000244140625,1912.300048828125,1910.0999755859373,1910.4000244140625,136,0.0,0.0,METROPOLIS.NS
2025-12-11 13:45:00+05:30,1910.0999755859373,1910.4000244140625,1910.0999755859373,1910.4000244140625,41,0.0,0.0,METROPOLIS.NS
2025-12-11 14:00:00+05:30,1910.300048828125,1912.0,1910.0999755859373,1911.5999755859373,30,0.0,0.0,METROPOLIS.NS
2025-12-11 14:15:00+05:30,1910.0999755859373,1911.5,1910.0999755859373,1911.0,23,0.0,0.0,METROPOLIS.NS
2025-12-11 14:30:00+05:30,1910.0999755859373,1916.0,1910.0,1916.0,287,0.0,0.0,METROPOLIS.NS
2025-12-11 14:45:00+05:30,1915.0,1923.0,1915.0,1920.699951171875,1629,0.0,0.0,METROPOLIS.NS
2025-12-11 15:00:00+05:30,1920.699951171875,1924.9000244140625,1920.0,1923.9000244140625,352,0.0,0.0,METROPOLIS.NS
2025-12-11 15:15:00+05:30,1923.9000244140625,1939.800048828125,1912.0,1912.0,6892,0.0,0.0,METROPOLIS.NS
2025-12-12 09:15:00+05:30,1924.0,1924.0,1911.5999755859373,1913.0,223,0.0,0.0,METROPOLIS.NS
2025-12-12 09:30:00+05:30,1914.5999755859373,1914.9000244140625,1911.0,1913.0,457,0.0,0.0,METROPOLIS.NS
2025-12-12 09:45:00+05:30,1915.699951171875,1916.199951171875,1913.0,1914.0,271,0.0,0.0,METROPOLIS.NS
2025-12-12 10:00:00+05:30,1916.5999755859373,1916.699951171875,1913.0,1914.0999755859373,226,0.0,0.0,METROPOLIS.NS
2025-12-12 10:15:00+05:30,1914.0999755859373,1918.0,1910.0999755859373,1911.300048828125,898,0.0,0.0,METROPOLIS.NS
2025-12-12 10:30:00+05:30,1911.9000244140625,1913.9000244140625,1910.0,1911.0,242,0.0,0.0,METROPOLIS.NS
2025-12-12 10:45:00+05:30,1911.0,1913.300048828125,1911.0,1911.4000244140625,96,0.0,0.0,METROPOLIS.NS
2025-12-12 11:00:00+05:30,1911.300048828125,1911.4000244140625,1911.0,1911.0,61,0.0,0.0,METROPOLIS.NS
2025-12-12 11:15:00+05:30,1911.0,1911.5,1910.0,1910.699951171875,215,0.0,0.0,METROPOLIS.NS
2025-12-12 11:30:00+05:30,1910.699951171875,1915.0,1909.0,1913.0999755859373,1239,0.0,0.0,METROPOLIS.NS
2025-12-12 11:45:00+05:30,1913.4000244140625,1915.0,1910.0999755859373,1912.300048828125,731,0.0,0.0,METROPOLIS.NS
2025-12-12 12:00:00+05:30,1912.0999755859373,1914.800048828125,1912.0999755859373,1912.800048828125,55,0.0,0.0,METROPOLIS.NS
2025-12-12 12:15:00+05:30,1912.800048828125,1914.0,1912.0,1912.0,443,0.0,0.0,METROPOLIS.NS
2025-12-12 12:30:00+05:30,1912.0,1912.0999755859373,1912.0,1912.0999755859373,120,0.0,0.0,METROPOLIS.NS
2025-12-12 12:45:00+05:30,1912.0,1912.9000244140625,1910.5999755859373,1911.4000244140625,79,0.0,0.0,METROPOLIS.NS
2025-12-12 13:00:00+05:30,1910.0999755859373,1913.5,1910.0999755859373,1911.0999755859373,144,0.0,0.0,METROPOLIS.NS
2025-12-12 13:15:00+05:30,1912.199951171875,1912.199951171875,1909.199951171875,1910.0,205,0.0,0.0,METROPOLIS.NS
2025-12-12 13:30:00+05:30,1910.0,1912.0999755859373,1909.5,1910.0,284,0.0,0.0,METROPOLIS.NS
2025-12-12 13:45:00+05:30,1909.5,1910.9000244140625,1909.5,1910.300048828125,93,0.0,0.0,METROPOLIS.NS
2025-12-12 14:00:00+05:30,1910.0,1914.5,1910.0,1911.0999755859373,112,0.0,0.0,METROPOLIS.NS
2025-12-12 14:15:00+05:30,1911.0999755859373,1915.0,1911.0999755859373,1914.0,204,0.0,0.0,METROPOLIS.NS
2025-12-12 14:30:00+05:30,1913.0,1915.5999755859373,1912.300048828125,1912.9000244140625,106,0.0,0.0,METROPOLIS.NS
2025-12-12 14:45:00+05:30,1912.800048828125,1920.800048828125,1912.0,1920.0,15354,0.0,0.0,METROPOLIS.NS
2025-12-12 15:00:00+05:30,1920.5999755859373,1920.5999755859373,1910.0,1914.0999755859373,4582,0.0,0.0,METROPOLIS.NS
2025-12-12 15:15:00+05:30,1913.5999755859373,1914.0,1909.0,1909.699951171875,2887,0.0,0.0,METROPOLIS.NS
2025-12-15 09:15:00+05:30,1924.0,1924.0,1900.0,1900.0999755859373,1327,0.0,0.0,METROPOLIS.NS
2025-12-15 09:30:00+05:30,1900.0999755859373,1903.5,1900.0,1902.0,304,0.0,0.0,METROPOLIS.NS
2025-12-15 09:45:00+05:30,1902.0,1902.0,1895.0,1899.4000244140625,2143,0.0,0.0,METROPOLIS.NS
2025-12-15 10:00:00+05:30,1899.4000244140625,1912.0,1899.4000244140625,1910.0,1912,0.0,0.0,METROPOLIS.NS
2025-12-15 10:15:00+05:30,1910.0,1912.5,1910.0,1910.0,353,0.0,0.0,METROPOLIS.NS
2025-12-15 10:30:00+05:30,1910.0,1913.300048828125,1910.0,1910.0,470,0.0,0.0,METROPOLIS.NS
2025-12-15 10:45:00+05:30,1910.0,1913.4000244140625,1910.0,1912.9000244140625,232,0.0,0.0,METROPOLIS.NS
2025-12-15 11:00:00+05:30,1912.9000244140625,1912.9000244140625,1910.0,1911.0999755859373,750,0.0,0.0,METROPOLIS.NS
2025-12-15 11:15:00+05:30,1910.5999755859373,1912.4000244140625,1910.0,1910.0,381,0.0,0.0,METROPOLIS.NS
2025-12-15 11:30:00+05:30,1910.0,1910.0,1910.0,1910.0,169,0.0,0.0,METROPOLIS.NS
2025-12-15 11:45:00+05:30,1910.0,1910.199951171875,1910.0,1910.199951171875,501,0.0,0.0,METROPOLIS.NS
2025-12-15 12:00:00+05:30,1910.199951171875,1910.199951171875,1910.0,1910.0,66,0.0,0.0,METROPOLIS.NS
2025-12-15 12:15:00+05:30,1910.0,1910.199951171875,1910.0,1910.0,261,0.0,0.0,METROPOLIS.NS
2025-12-15 12:30:00+05:30,1910.0,1910.0,1910.0,1910.0,153,0.0,0.0,METROPOLIS.NS
2025-12-15 12:45:00+05:30,1910.0,1910.5,1910.0,1910.5,600,0.0,0.0,METROPOLIS.NS
2025-12-15 13:00:00+05:30,1910.5,1911.9000244140625,1909.5,1910.5,104,0.0,0.0,METROPOLIS.NS
2025-12-15 13:15:00+05:30,1910.5,1911.0,1910.5,1910.5,150,0.0,0.0,METROPOLIS.NS
2025-12-15 13:30:00+05:30,1910.5,1911.699951171875,1910.5,1911.0999755859373,130,0.0,0.0,METROPOLIS.NS
2025-12-15 13:45:00+05:30,1911.800048828125,1913.9000244140625,1911.0999755859373,1912.0999755859373,153,0.0,0.0,METROPOLIS.NS
2025-12-15 14:00:00+05:30,1912.0999755859373,1916.9000244140625,1912.0,1916.800048828125,909,0.0,0.0,METROPOLIS.NS
2025-12-15 14:15:00+05:30,1916.800048828125,1917.300048828125,1915.0,1916.699951171875,359,0.0,0.0,METROPOLIS.NS
2025-12-15 14:30:00+05:30,1916.5999755859373,1917.0999755859373,1914.0,1914.0,80,0.0,0.0,METROPOLIS.NS
2025-12-15 14:45:00+05:30,1914.9000244140625,1915.0,1914.0,1914.9000244140625,347,0.0,0.0,METROPOLIS.NS
2025-12-15 15:00:00+05:30,1914.9000244140625,1920.0,1914.0,1915.0,17228,0.0,0.0,METROPOLIS.NS
2025-12-15 15:15:00+05:30,1915.0,1917.0,1914.0,1914.0,957,0.0,0.0,METROPOLIS.NS
2025-12-16 09:15:00+05:30,1895.300048828125,1920.699951171875,1895.300048828125,1919.4000244140625,5129,0.0,0.0,METROPOLIS.NS
2025-12-16 09:30:00+05:30,1919.4000244140625,1919.9000244140625,1919.4000244140625,1919.4000244140625,846,0.0,0.0,METROPOLIS.NS
2025-12-16 09:45:00+05:30,1919.4000244140625,1919.9000244140625,1915.4000244140625,1915.4000244140625,681,0.0,0.0,METROPOLIS.NS
2025-12-16 10:00:00+05:30,1915.0,1915.0,1905.5,1912.5999755859373,712,0.0,0.0,METROPOLIS.NS
2025-12-16 10:15:00+05:30,1912.5,1915.199951171875,1907.4000244140625,1914.0999755859373,949,0.0,0.0,METROPOLIS.NS
2025-12-16 10:30:00+05:30,1913.0,1917.5999755859373,1910.0,1913.5999755859373,343,0.0,0.0,METROPOLIS.NS
2025-12-16 10:45:00+05:30,1913.9000244140625,1916.0999755859373,1910.9000244140625,1910.9000244140625,814,0.0,0.0,METROPOLIS.NS
2025-12-16 11:00:00+05:30,1910.9000244140625,1914.300048828125,1910.9000244140625,1912.800048828125,322,0.0,0.0,METROPOLIS.NS
2025-12-16 11:15:00+05:30,1913.0999755859373,1920.0,1911.300048828125,1912.199951171875,14180,0.0,0.0,METROPOLIS.NS
2025-12-16 11:30:00+05:30,1912.5,1917.5,1911.4000244140625,1913.800048828125,338,0.0,0.0,METROPOLIS.NS
2025-12-16 11:45:00+05:30,1913.800048828125,1917.5999755859373,1913.4000244140625,1916.199951171875,284,0.0,0.0,METROPOLIS.NS
2025-12-16 12:00:00+05:30,1916.0,1917.5999755859373,1911.5,1912.199951171875,401,0.0,0.0,METROPOLIS.NS
2025-12-16 12:15:00+05:30,1912.5,1913.4000244140625,1910.0,1910.0,1016,0.0,0.0,METROPOLIS.NS
2025-12-16 12:30:00+05:30,1910.0,1913.4000244140625,1910.0,1910.9000244140625,364,0.0,0.0,METROPOLIS.NS
2025-12-16 12:45:00+05:30,1911.199951171875,1913.5999755859373,1910.0,1910.4000244140625,543,0.0,0.0,METROPOLIS.NS
2025-12-16 13:00:00+05:30,1910.4000244140625,1911.9000244140625,1910.0999755859373,1911.5999755859373,524,0.0,0.0,METROPOLIS.NS
2025-12-16 13:15:00+05:30,1911.800048828125,1912.5,1909.9000244140625,1910.9000244140625,395,0.0,0.0,METROPOLIS.NS
2025-12-16 13:30:00+05:30,1910.9000244140625,1912.5,1910.5999755859373,1910.5999755859373,456,0.0,0.0,METROPOLIS.NS
2025-12-16 13:45:00+05:30,1910.5999755859373,1912.4000244140625,1910.199951171875,1910.9000244140625,481,0.0,0.0,METROPOLIS.NS
2025-12-16 14:00:00+05:30,1910.9000244140625,1911.0,1910.9000244140625,1910.9000244140625,529,0.0,0.0,METROPOLIS.NS
2025-12-16 14:15:00+05:30,1910.9000244140625,1913.4000244140625,1910.0999755859373,1912.199951171875,1031,0.0,0.0,METROPOLIS.NS
2025-12-16 14:30:00+05:30,1912.0999755859373,1916.800048828125,1911.0,1916.5,540,0.0,0.0,METROPOLIS.NS
2025-12-16 14:45:00+05:30,1912.0999755859373,1915.0999755859373,1911.0999755859373,1911.0999755859373,837,0.0,0.0,METROPOLIS.NS
2025-12-16 15:00:00+05:30,1911.0,1915.0,1911.0,1911.0999755859373,2888,0.0,0.0,METROPOLIS.NS
2025-12-16 15:15:00+05:30,1911.199951171875,1911.9000244140625,1911.0,1911.9000244140625,2125,0.0,0.0,METROPOLIS.NS
2025-12-17 09:15:00+05:30,1906.0999755859373,1913.800048828125,1904.0999755859373,1905.5,1998,0.0,0.0,METROPOLIS.NS
2025-12-17 09:30:00+05:30,1905.5,1907.699951171875,1903.0,1905.300048828125,559,0.0,0.0,METROPOLIS.NS
2025-12-17 09:45:00+05:30,1905.199951171875,1909.0,1903.0,1909.0,294,0.0,0.0,METROPOLIS.NS
2025-12-17 10:00:00+05:30,1909.5,1910.5,1909.5,1910.0,12444,0.0,0.0,METROPOLIS.NS
2025-12-17 10:15:00+05:30,1911.0,1912.0,1910.0,1910.0,471,0.0,0.0,METROPOLIS.NS
2025-12-17 10:30:00+05:30,1910.0,1911.800048828125,1910.0,1910.0999755859373,36,0.0,0.0,METROPOLIS.NS
2025-12-17 10:45:00+05:30,1908.199951171875,1911.5999755859373,1908.199951171875,1910.0,153,0.0,0.0,METROPOLIS.NS
2025-12-17 11:00:00+05:30,1910.0,1911.5,1910.0,1910.0999755859373,21,0.0,0.0,METROPOLIS.NS
2025-12-17 11:15:00+05:30,1910.0,1911.5,1910.0,1910.0,81,0.0,0.0,METROPOLIS.NS
2025-12-17 11:30:00+05:30,1910.0,1911.5999755859373,1910.0,1911.0999755859373,262,0.0,0.0,METROPOLIS.NS
2025-12-17 11:45:00+05:30,1910.199951171875,1910.199951171875,1905.0,1906.0999755859373,3987,0.0,0.0,METROPOLIS.NS
2025-12-17 12:00:00+05:30,1905.199951171875,1905.199951171875,1905.0999755859373,1905.0999755859373,6,0.0,0.0,METROPOLIS.NS
2025-12-17 12:15:00+05:30,1905.300048828125,1906.0,1905.300048828125,1906.0,8,0.0,0.0,METROPOLIS.NS
2025-12-17 12:30:00+05:30,1906.4000244140625,1906.4000244140625,1901.0,1901.5,539,0.0,0.0,METROPOLIS.NS
2025-12-17 12:45:00+05:30,1902.9000244140625,1903.5,1901.0999755859373,1901.5999755859373,85,0.0,0.0,METROPOLIS.NS
2025-12-17 13:00:00+05:30,1901.0999755859373,1902.0,1900.0999755859373,1901.800048828125,31,0.0,0.0,METROPOLIS.NS
2025-12-17 13:15:00+05:30,1901.800048828125,1903.800048828125,1900.0999755859373,1901.4000244140625,308,0.0,0.0,METROPOLIS.NS
2025-12-17 13:30:00+05:30,1901.5,1902.0,1895.5,1895.5,403,0.0,0.0,METROPOLIS.NS
2025-12-17 13:45:00+05:30,1895.4000244140625,1897.5,1895.0,1895.699951171875,181,0.0,0.0,METROPOLIS.NS
2025-12-17 14:00:00+05:30,1896.0,1897.0,1888.0,1891.0,1022,0.0,0.0,METROPOLIS.NS
2025-12-17 14:15:00+05:30,1891.0,1892.699951171875,1891.0,1892.699951171875,188,0.0,0.0,METROPOLIS.NS
2025-12-17 14:30:00+05:30,1892.5,1893.4000244140625,1889.0999755859373,1889.300048828125,342,0.0,0.0,METROPOLIS.NS
2025-12-17 14:45:00+05:30,1891.0,1892.300048828125,1889.0999755859373,1892.0,219,0.0,0.0,METROPOLIS.NS
2025-12-17 15:00:00+05:30,1890.199951171875,1895.300048828125,1888.0,1889.199951171875,1599,0.0,0.0,METROPOLIS.NS
2025-12-17 15:15:00+05:30,1888.0,1905.0,1885.5,1898.800048828125,2997,0.0,0.0,METROPOLIS.NS
2025-12-18 09:15:00+05:30,1885.0,1888.0,1880.0,1883.699951171875,3902,0.0,0.0,METROPOLIS.NS
2025-12-18 09:30:00+05:30,1883.300048828125,1888.5,1880.0,1884.5999755859373,2206,0.0,0.0,METROPOLIS.NS
2025-12-18 09:45:00+05:30,1887.199951171875,1889.300048828125,1872.800048828125,1872.800048828125,4553,0.0,0.0,METROPOLIS.NS
2025-12-18 10:00:00+05:30,1873.5,1879.9000244140625,1873.5,1879.0999755859373,609,0.0,0.0,METROPOLIS.NS
2025-12-18 10:15:00+05:30,1881.800048828125,1888.0,1877.5999755859373,1886.800048828125,2050,0.0,0.0,METROPOLIS.NS
2025-12-18 10:30:00+05:30,1886.699951171875,1886.699951171875,1883.699951171875,1886.300048828125,91,0.0,0.0,METROPOLIS.NS
2025-12-18 10:45:00+05:30,1886.199951171875,1886.300048828125,1882.4000244140625,1883.800048828125,11,0.0,0.0,METROPOLIS.NS
2025-12-18 11:00:00+05:30,1885.199951171875,1886.0999755859373,1882.5999755859373,1885.300048828125,38,0.0,0.0,METROPOLIS.NS
2025-12-18 11:15:00+05:30,1885.699951171875,1887.5999755859373,1879.0,1880.9000244140625,1235,0.0,0.0,METROPOLIS.NS
2025-12-18 11:30:00+05:30,1881.0999755859373,1882.199951171875,1876.0999755859373,1879.5999755859373,458,0.0,0.0,METROPOLIS.NS
2025-12-18 11:45:00+05:30,1879.300048828125,1879.9000244140625,1875.4000244140625,1878.699951171875,194,0.0,0.0,METROPOLIS.NS
2025-12-18 12:00:00+05:30,1878.699951171875,1886.0,1877.0999755859373,1882.5999755859373,5340,0.0,0.0,METROPOLIS.NS
2025-12-18 12:15:00+05:30,1880.5999755859373,1881.699951171875,1879.5999755859373,1881.199951171875,33,0.0,0.0,METROPOLIS.NS
2025-12-18 12:30:00+05:30,1881.199951171875,1881.199951171875,1879.5,1881.199951171875,15,0.0,0.0,METROPOLIS.NS
2025-12-18 12:45:00+05:30,1881.199951171875,1882.699951171875,1881.0,1882.300048828125,175,0.0,0.0,METROPOLIS.NS
2025-12-18 13:00:00+05:30,1882.300048828125,1882.300048828125,1879.0,1881.9000244140625,155,0.0,0.0,METROPOLIS.NS
2025-12-18 13:15:00+05:30,1881.9000244140625,1881.9000244140625,1879.9000244140625,1881.5999755859373,10,0.0,0.0,METROPOLIS.NS
2025-12-18 13:30:00+05:30,1879.699951171875,1879.699951171875,1875.199951171875,1876.5999755859373,378,0.0,0.0,METROPOLIS.NS
2025-12-18 13:45:00+05:30,1876.5,1877.800048828125,1875.300048828125,1877.699951171875,50,0.0,0.0,METROPOLIS.NS
2025-12-18 14:00:00+05:30,1878.5,1878.5,1875.199951171875,1875.199951171875,80,0.0,0.0,METROPOLIS.NS
2025-12-18 14:15:00+05:30,1875.300048828125,1877.0999755859373,1867.0,1869.800048828125,1161,0.0,0.0,METROPOLIS.NS
2025-12-18 14:30:00+05:30,1869.800048828125,1870.0,1869.800048828125,1869.800048828125,105,0.0,0.0,METROPOLIS.NS
2025-12-18 14:45:00+05:30,1869.800048828125,1870.0,1866.699951171875,1869.9000244140625,317,0.0,0.0,METROPOLIS.NS
2025-12-18 15:00:00+05:30,1869.9000244140625,1870.0,1865.699951171875,1868.300048828125,2481,0.0,0.0,METROPOLIS.NS
2025-12-18 15:15:00+05:30,1868.300048828125,1887.0,1862.0,1869.300048828125,11698,0.0,0.0,METROPOLIS.NS
2025-12-19 09:15:00+05:30,1880.699951171875,1882.4000244140625,1863.699951171875,1880.699951171875,873,0.0,0.0,METROPOLIS.NS
2025-12-19 09:30:00+05:30,1883.699951171875,1883.699951171875,1875.0999755859373,1878.300048828125,453,0.0,0.0,METROPOLIS.NS
2025-12-19 09:45:00+05:30,1878.0,1891.699951171875,1872.699951171875,1875.0999755859373,1930,0.0,0.0,METROPOLIS.NS
2025-12-19 10:00:00+05:30,1874.199951171875,1885.0,1871.699951171875,1884.9000244140625,2385,0.0,0.0,METROPOLIS.NS
2025-12-19 10:15:00+05:30,1884.800048828125,1885.0,1882.0999755859373,1884.0,142,0.0,0.0,METROPOLIS.NS
2025-12-19 10:30:00+05:30,1883.9000244140625,1884.0,1881.5,1881.5,31,0.0,0.0,METROPOLIS.NS
2025-12-19 10:45:00+05:30,1883.199951171875,1883.199951171875,1878.5,1878.5,16,0.0,0.0,METROPOLIS.NS
2025-12-19 11:00:00+05:30,1879.9000244140625,1893.0999755859373,1878.5999755859373,1889.9000244140625,2228,0.0,0.0,METROPOLIS.NS
2025-12-19 11:15:00+05:30,1886.699951171875,1889.800048828125,1885.699951171875,1888.199951171875,501,0.0,0.0,METROPOLIS.NS
2025-12-19 11:30:00+05:30,1885.0999755859373,1885.800048828125,1881.199951171875,1881.300048828125,528,0.0,0.0,METROPOLIS.NS
2025-12-19 11:45:00+05:30,1881.4000244140625,1886.699951171875,1881.4000244140625,1885.0,315,0.0,0.0,METROPOLIS.NS
2025-12-19 12:00:00+05:30,1885.0,1886.9000244140625,1883.4000244140625,1883.800048828125,240,0.0,0.0,METROPOLIS.NS
2025-12-19 12:15:00+05:30,1883.800048828125,1883.800048828125,1882.9000244140625,1883.199951171875,31,0.0,0.0,METROPOLIS.NS
2025-12-19 12:30:00+05:30,1883.300048828125,1885.4000244140625,1883.0999755859373,1885.4000244140625,1211,0.0,0.0,METROPOLIS.NS
2025-12-19 12:45:00+05:30,1885.4000244140625,1885.4000244140625,1884.0999755859373,1885.4000244140625,418,0.0,0.0,METROPOLIS.NS
2025-12-19 13:00:00+05:30,1885.4000244140625,1885.4000244140625,1885.4000244140625,1885.4000244140625,373,0.0,0.0,METROPOLIS.NS
2025-12-19 13:15:00+05:30,1885.4000244140625,1885.4000244140625,1884.9000244140625,1884.9000244140625,4,0.0,0.0,METROPOLIS.NS
2025-12-19 13:30:00+05:30,1884.9000244140625,1890.5999755859373,1884.5,1885.9000244140625,2047,0.0,0.0,METROPOLIS.NS
2025-12-19 13:45:00+05:30,1885.9000244140625,1886.4000244140625,1885.0,1885.0,403,0.0,0.0,METROPOLIS.NS
2025-12-19 14:00:00+05:30,1885.0999755859373,1885.800048828125,1884.9000244140625,1885.0,133,0.0,0.0,METROPOLIS.NS
2025-12-19 14:15:00+05:30,1885.0999755859373,1886.4000244140625,1884.9000244140625,1884.9000244140625,372,0.0,0.0,METROPOLIS.NS
2025-12-19 14:30:00+05:30,1883.0,1884.0,1882.0,1882.9000244140625,144,0.0,0.0,METROPOLIS.NS
2025-12-19 14:45:00+05:30,1884.0,1886.4000244140625,1883.300048828125,1886.4000244140625,188,0.0,0.0,METROPOLIS.NS
2025-12-19 15:00:00+05:30,1884.5999755859373,1887.5,1882.5999755859373,1885.5999755859373,4356,0.0,0.0,METROPOLIS.NS
2025-12-19 15:15:00+05:30,1886.0999755859373,1886.699951171875,1884.199951171875,1885.0,14588,0.0,0.0,METROPOLIS.NS
2025-12-22 09:15:00+05:30,1877.0999755859373,1888.0999755859373,1875.0,1882.800048828125,542,0.0,0.0,METROPOLIS.NS
2025-12-22 09:30:00+05:30,1883.9000244140625,1887.9000244140625,1882.0,1885.800048828125,257,0.0,0.0,METROPOLIS.NS
2025-12-22 09:45:00+05:30,1887.5999755859373,1888.699951171875,1881.199951171875,1881.4000244140625,746,0.0,0.0,METROPOLIS.NS
2025-12-22 10:00:00+05:30,1883.4000244140625,1888.0,1883.4000244140625,1886.5999755859373,461,0.0,0.0,METROPOLIS.NS
2025-12-22 10:15:00+05:30,1885.699951171875,1887.199951171875,1885.0,1886.0,186,0.0,0.0,METROPOLIS.NS
2025-12-22 10:30:00+05:30,1888.4000244140625,1888.4000244140625,1885.0,1887.0,236,0.0,0.0,METROPOLIS.NS
2025-12-22 10:45:00+05:30,1885.300048828125,1888.0999755859373,1883.5,1885.5999755859373,2685,0.0,0.0,METROPOLIS.NS
2025-12-22 11:00:00+05:30,1885.5999755859373,1888.800048828125,1884.0999755859373,1886.0999755859373,125,0.0,0.0,METROPOLIS.NS
2025-12-22 11:15:00+05:30,1887.5999755859373,1887.5999755859373,1885.5,1885.5,655,0.0,0.0,METROPOLIS.NS
2025-12-22 11:30:00+05:30,1886.5,1888.9000244140625,1883.5,1884.0,3319,0.0,0.0,METROPOLIS.NS
2025-12-22 11:45:00+05:30,1883.9000244140625,1889.0,1882.199951171875,1888.0,253,0.0,0.0,METROPOLIS.NS
2025-12-22 12:00:00+05:30,1888.300048828125,1892.699951171875,1888.0,1889.0,727,0.0,0.0,METROPOLIS.NS
2025-12-22 12:15:00+05:30,1888.800048828125,1896.9000244140625,1888.0999755859373,1892.0,805,0.0,0.0,METROPOLIS.NS
2025-12-22 12:30:00+05:30,1890.300048828125,1899.800048828125,1890.199951171875,1896.699951171875,793,0.0,0.0,METROPOLIS.NS
2025-12-22 12:45:00+05:30,1897.4000244140625,1899.199951171875,1895.0,1895.699951171875,440,0.0,0.0,METROPOLIS.NS
2025-12-22 13:00:00+05:30,1895.0999755859373,1899.300048828125,1895.0,1896.0999755859373,388,0.0,0.0,METROPOLIS.NS
2025-12-22 13:15:00+05:30,1895.199951171875,1899.800048828125,1890.5999755859373,1891.300048828125,517,0.0,0.0,METROPOLIS.NS
2025-12-22 13:30:00+05:30,1891.0999755859373,1893.699951171875,1888.0,1890.699951171875,501,0.0,0.0,METROPOLIS.NS
2025-12-22 13:45:00+05:30,1888.9000244140625,1893.9000244140625,1888.0999755859373,1893.5,550,0.0,0.0,METROPOLIS.NS
2025-12-22 14:00:00+05:30,1892.4000244140625,1894.4000244140625,1889.9000244140625,1891.0,405,0.0,0.0,METROPOLIS.NS
2025-12-22 14:15:00+05:30,1891.0,1892.199951171875,1887.0,1888.0,870,0.0,0.0,METROPOLIS.NS
2025-12-22 14:30:00+05:30,1887.699951171875,1887.9000244140625,1882.800048828125,1885.0,750,0.0,0.0,METROPOLIS.NS
2025-12-22 14:45:00+05:30,1884.0,1885.0,1881.0,1882.199951171875,936,0.0,0.0,METROPOLIS.NS
2025-12-22 15:00:00+05:30,1884.800048828125,1897.9000244140625,1884.800048828125,1890.9000244140625,4193,0.0,0.0,METROPOLIS.NS
2025-12-22 15:15:00+05:30,1890.0,1915.300048828125,1887.0,1915.300048828125,6060,0.0,0.0,METROPOLIS.NS
2025-12-23 09:15:00+05:30,1880.0,1902.4000244140625,1880.0,1901.9000244140625,399,0.0,0.0,METROPOLIS.NS
2025-12-23 09:30:00+05:30,1899.699951171875,1899.9000244140625,1898.0999755859373,1898.300048828125,59,0.0,0.0,METROPOLIS.NS
2025-12-23 09:45:00+05:30,1898.300048828125,1909.0,1897.199951171875,1900.300048828125,798,0.0,0.0,METROPOLIS.NS
2025-12-23 10:00:00+05:30,1897.5,1901.0,1897.199951171875,1897.5999755859373,155,0.0,0.0,METROPOLIS.NS
2025-12-23 10:15:00+05:30,1896.699951171875,1896.699951171875,1888.0,1889.0999755859373,254,0.0,0.0,METROPOLIS.NS
2025-12-23 10:30:00+05:30,1888.699951171875,1890.4000244140625,1887.800048828125,1889.699951171875,280,0.0,0.0,METROPOLIS.NS
2025-12-23 10:45:00+05:30,1889.0,1889.0,1887.0,1887.5,835,0.0,0.0,METROPOLIS.NS
2025-12-23 11:00:00+05:30,1888.0,1890.199951171875,1887.5,1889.4000244140625,239,0.0,0.0,METROPOLIS.NS
2025-12-23 11:15:00+05:30,1888.199951171875,1892.699951171875,1887.4000244140625,1889.0,787,0.0,0.0,METROPOLIS.NS
2025-12-23 11:30:00+05:30,1889.0,1891.699951171875,1886.699951171875,1888.0,107,0.0,0.0,METROPOLIS.NS
2025-12-23 11:45:00+05:30,1888.9000244140625,1889.800048828125,1886.5999755859373,1888.199951171875,75,0.0,0.0,METROPOLIS.NS
2025-12-23 12:00:00+05:30,1886.9000244140625,1892.5999755859373,1886.9000244140625,1890.4000244140625,401,0.0,0.0,METROPOLIS.NS
2025-12-23 12:15:00+05:30,1890.4000244140625,1893.800048828125,1888.0,1891.800048828125,153,0.0,0.0,METROPOLIS.NS
2025-12-23 12:30:00+05:30,1889.9000244140625,1895.0,1888.0,1888.5,305,0.0,0.0,METROPOLIS.NS
2025-12-23 12:45:00+05:30,1890.800048828125,1892.300048828125,1888.699951171875,1892.0999755859373,169,0.0,0.0,METROPOLIS.NS
2025-12-23 13:00:00+05:30,1890.0999755859373,1890.5999755859373,1886.699951171875,1886.699951171875,59,0.0,0.0,METROPOLIS.NS
2025-12-23 13:15:00+05:30,1887.5999755859373,1891.0,1885.0999755859373,1887.800048828125,142,0.0,0.0,METROPOLIS.NS
2025-12-23 13:30:00+05:30,1887.5999755859373,1890.300048828125,1887.4000244140625,1887.4000244140625,160,0.0,0.0,METROPOLIS.NS
2025-12-23 13:45:00+05:30,1888.9000244140625,1889.0999755859373,1886.0,1887.9000244140625,112,0.0,0.0,METROPOLIS.NS
2025-12-23 14:00:00+05:30,1886.0,1889.800048828125,1886.0,1886.0999755859373,108,0.0,0.0,METROPOLIS.NS
2025-12-23 14:15:00+05:30,1887.5,1890.300048828125,1886.0999755859373,1886.300048828125,125,0.0,0.0,METROPOLIS.NS
2025-12-23 14:30:00+05:30,1887.5,1889.800048828125,1886.199951171875,1886.199951171875,113,0.0,0.0,METROPOLIS.NS
2025-12-23 14:45:00+05:30,1887.199951171875,1892.0999755859373,1885.9000244140625,1892.0999755859373,236,0.0,0.0,METROPOLIS.NS
2025-12-23 15:00:00+05:30,1892.300048828125,1917.0,1892.199951171875,1917.0,6250,0.0,0.0,METROPOLIS.NS
2025-12-23 15:15:00+05:30,1916.800048828125,1917.0,1886.199951171875,1893.0999755859373,8604,0.0,0.0,METROPOLIS.NS
2025-12-24 09:15:00+05:30,1899.9000244140625,1899.9000244140625,1893.0,1896.5999755859373,409,0.0,0.0,METROPOLIS.NS
2025-12-24 09:30:00+05:30,1895.300048828125,1895.4000244140625,1891.800048828125,1893.5999755859373,351,0.0,0.0,METROPOLIS.NS
2025-12-24 09:45:00+05:30,1891.0999755859373,1893.300048828125,1889.0999755859373,1893.199951171875,178,0.0,0.0,METROPOLIS.NS
2025-12-24 10:00:00+05:30,1892.0,1893.300048828125,1891.0,1893.300048828125,245,0.0,0.0,METROPOLIS.NS
2025-12-24 10:15:00+05:30,1893.300048828125,1893.300048828125,1889.300048828125,1889.300048828125,134,0.0,0.0,METROPOLIS.NS
2025-12-24 10:30:00+05:30,1892.699951171875,1893.800048828125,1889.5999755859373,1892.699951171875,194,0.0,0.0,METROPOLIS.NS
2025-12-24 10:45:00+05:30,1890.300048828125,1891.5,1890.300048828125,1891.5,72,0.0,0.0,METROPOLIS.NS
2025-12-24 11:00:00+05:30,1892.0,1892.0,1889.0,1891.0,87,0.0,0.0,METROPOLIS.NS
2025-12-24 11:15:00+05:30,1891.0999755859373,1892.300048828125,1889.0999755859373,1892.300048828125,103,0.0,0.0,METROPOLIS.NS
2025-12-24 11:30:00+05:30,1893.0999755859373,1895.300048828125,1889.0999755859373,1889.0999755859373,386,0.0,0.0,METROPOLIS.NS
2025-12-24 11:45:00+05:30,1889.199951171875,1892.0,1889.199951171875,1892.0,19,0.0,0.0,METROPOLIS.NS
2025-12-24 12:00:00+05:30,1892.0,1894.5,1892.0,1892.300048828125,199,0.0,0.0,METROPOLIS.NS
2025-12-24 12:15:00+05:30,1891.5,1893.199951171875,1890.0999755859373,1890.699951171875,138,0.0,0.0,METROPOLIS.NS
2025-12-24 12:30:00+05:30,1894.0,1897.4000244140625,1891.199951171875,1894.699951171875,404,0.0,0.0,METROPOLIS.NS
2025-12-24 12:45:00+05:30,1894.0999755859373,1894.0999755859373,1892.199951171875,1892.199951171875,24,0.0,0.0,METROPOLIS.NS
2025-12-24 13:00:00+05:30,1892.5,1893.4000244140625,1892.5,1893.4000244140625,3,0.0,0.0,METROPOLIS.NS
2025-12-24 13:15:00+05:30,1894.0999755859373,1894.0999755859373,1892.0,1892.0,190,0.0,0.0,METROPOLIS.NS
2025-12-24 13:30:00+05:30,1892.0,1892.0,1890.699951171875,1891.0,6,0.0,0.0,METROPOLIS.NS
2025-12-24 13:45:00+05:30,1892.699951171875,1892.699951171875,1890.0,1891.800048828125,171,0.0,0.0,METROPOLIS.NS
2025-12-24 14:00:00+05:30,1891.0,1891.0,1890.0,1890.0,77,0.0,0.0,METROPOLIS.NS
2025-12-24 14:15:00+05:30,1890.0,1891.0,1890.0,1891.0,78,0.0,0.0,METROPOLIS.NS
2025-12-24 14:30:00+05:30,1890.0,1892.800048828125,1885.0,1885.300048828125,468,0.0,0.0,METROPOLIS.NS
2025-12-24 14:45:00+05:30,1885.9000244140625,1889.4000244140625,1885.0999755859373,1889.4000244140625,370,0.0,0.0,METROPOLIS.NS
2025-12-24 15:00:00+05:30,1889.300048828125,1891.800048828125,1884.0999755859373,1888.9000244140625,2794,0.0,0.0,METROPOLIS.NS
2025-12-24 15:15:00+05:30,1886.300048828125,1891.199951171875,1885.699951171875,1888.0,3516,0.0,0.0,METROPOLIS.NS
2025-12-26 09:15:00+05:30,1878.0,1895.5999755859373,1878.0,1889.199951171875,249,0.0,0.0,METROPOLIS.NS
2025-12-26 09:30:00+05:30,1891.5,1903.199951171875,1890.0,1903.199951171875,413,0.0,0.0,METROPOLIS.NS
2025-12-26 09:45:00+05:30,1903.199951171875,1904.699951171875,1896.5999755859373,1903.0,342,0.0,0.0,METROPOLIS.NS
2025-12-26 10:00:00+05:30,1904.0999755859373,1905.0,1900.199951171875,1903.0999755859373,128,0.0,0.0,METROPOLIS.NS
2025-12-26 10:15:00+05:30,1902.4000244140625,1902.4000244140625,1898.0999755859373,1900.0,189,0.0,0.0,METROPOLIS.NS
2025-12-26 10:30:00+05:30,1901.9000244140625,1902.800048828125,1898.0,1898.0,74,0.0,0.0,METROPOLIS.NS
2025-12-26 10:45:00+05:30,1899.300048828125,1903.699951171875,1899.300048828125,1901.199951171875,345,0.0,0.0,METROPOLIS.NS
2025-12-26 11:00:00+05:30,1902.800048828125,1904.0,1902.800048828125,1903.0,78,0.0,0.0,METROPOLIS.NS
2025-12-26 11:15:00+05:30,1904.0,1904.0,1903.0,1903.0,108,0.0,0.0,METROPOLIS.NS
2025-12-26 11:30:00+05:30,1904.9000244140625,1904.9000244140625,1900.800048828125,1900.800048828125,165,0.0,0.0,METROPOLIS.NS
2025-12-26 11:45:00+05:30,1903.0,1912.5,1903.0,1912.5,492,0.0,0.0,METROPOLIS.NS
2025-12-26 12:00:00+05:30,1912.5,1913.4000244140625,1909.4000244140625,1910.0,956,0.0,0.0,METROPOLIS.NS
2025-12-26 12:15:00+05:30,1908.9000244140625,1913.199951171875,1906.5,1913.199951171875,785,0.0,0.0,METROPOLIS.NS
2025-12-26 12:30:00+05:30,1911.0,1914.199951171875,1908.4000244140625,1911.0,753,0.0,0.0,METROPOLIS.NS
2025-12-26 12:45:00+05:30,1912.9000244140625,1913.199951171875,1910.0999755859373,1910.0999755859373,70,0.0,0.0,METROPOLIS.NS
2025-12-26 13:00:00+05:30,1911.699951171875,1913.800048828125,1910.0,1913.800048828125,71,0.0,0.0,METROPOLIS.NS
2025-12-26 13:15:00+05:30,1912.9000244140625,1912.9000244140625,1910.699951171875,1912.9000244140625,137,0.0,0.0,METROPOLIS.NS
2025-12-26 13:30:00+05:30,1912.699951171875,1912.699951171875,1911.300048828125,1911.5999755859373,59,0.0,0.0,METROPOLIS.NS
2025-12-26 13:45:00+05:30,1910.0,1912.0,1906.800048828125,1912.0,139,0.0,0.0,METROPOLIS.NS
2025-12-26 14:00:00+05:30,1912.0,1925.0,1912.0,1923.699951171875,2269,0.0,0.0,METROPOLIS.NS
2025-12-26 14:15:00+05:30,1921.199951171875,1925.0999755859373,1920.0999755859373,1924.9000244140625,830,0.0,0.0,METROPOLIS.NS
2025-12-26 14:30:00+05:30,1923.0,1927.0,1922.5,1925.0,490,0.0,0.0,METROPOLIS.NS
2025-12-26 14:45:00+05:30,1923.0,1925.0,1912.5,1921.4000244140625,1953,0.0,0.0,METROPOLIS.NS
2025-12-26 15:00:00+05:30,1923.4000244140625,1923.4000244140625,1920.0,1920.4000244140625,514,0.0,0.0,METROPOLIS.NS
2025-12-26 15:15:00+05:30,1920.4000244140625,1921.0,1909.199951171875,1918.5,7774,0.0,0.0,METROPOLIS.NS
2025-12-29 09:15:00+05:30,1913.9000244140625,1914.0,1892.5,1897.0,271,0.0,0.0,METROPOLIS.NS
2025-12-29 09:30:00+05:30,1897.0,1902.4000244140625,1892.4000244140625,1896.4000244140625,1524,0.0,0.0,METROPOLIS.NS
2025-12-29 09:45:00+05:30,1895.5,1895.5,1889.0999755859373,1890.9000244140625,2115,0.0,0.0,METROPOLIS.NS
2025-12-29 10:00:00+05:30,1889.0999755859373,1890.4000244140625,1889.0,1890.300048828125,300,0.0,0.0,METROPOLIS.NS
2025-12-29 10:15:00+05:30,1890.9000244140625,1892.4000244140625,1883.4000244140625,1888.0999755859373,1450,0.0,0.0,METROPOLIS.NS
2025-12-29 10:30:00+05:30,1887.5,1890.4000244140625,1886.800048828125,1889.4000244140625,208,0.0,0.0,METROPOLIS.NS
2025-12-29 10:45:00+05:30,1891.0,1895.5,1890.699951171875,1895.0999755859373,576,0.0,0.0,METROPOLIS.NS
2025-12-29 11:00:00+05:30,1895.9000244140625,1895.9000244140625,1886.9000244140625,1888.800048828125,570,0.0,0.0,METROPOLIS.NS
2025-12-29 11:15:00+05:30,1888.800048828125,1893.699951171875,1883.9000244140625,1888.0999755859373,1810,0.0,0.0,METROPOLIS.NS
2025-12-29 11:30:00+05:30,1889.699951171875,1896.800048828125,1889.699951171875,1896.199951171875,358,0.0,0.0,METROPOLIS.NS
2025-12-29 11:45:00+05:30,1896.199951171875,1896.199951171875,1892.800048828125,1895.800048828125,186,0.0,0.0,METROPOLIS.NS
2025-12-29 12:00:00+05:30,1896.0,1896.0,1892.9000244140625,1892.9000244140625,79,0.0,0.0,METROPOLIS.NS
2025-12-29 12:15:00+05:30,1893.5,1893.5,1890.0999755859373,1891.9000244140625,99,0.0,0.0,METROPOLIS.NS
2025-12-29 12:30:00+05:30,1891.9000244140625,1891.9000244140625,1890.0,1890.0999755859373,304,0.0,0.0,METROPOLIS.NS
2025-12-29 12:45:00+05:30,1890.0,1892.699951171875,1888.199951171875,1892.5999755859373,299,0.0,0.0,METROPOLIS.NS
2025-12-29 13:00:00+05:30,1891.5999755859373,1895.800048828125,1888.300048828125,1890.0999755859373,237,0.0,0.0,METROPOLIS.NS
2025-12-29 13:15:00+05:30,1890.0999755859373,1891.699951171875,1890.0999755859373,1890.9000244140625,23,0.0,0.0,METROPOLIS.NS
2025-12-29 13:30:00+05:30,1888.9000244140625,1893.5,1888.9000244140625,1893.5,17,0.0,0.0,METROPOLIS.NS
2025-12-29 13:45:00+05:30,1892.0999755859373,1894.5,1888.0,1890.0,1122,0.0,0.0,METROPOLIS.NS
2025-12-29 14:00:00+05:30,1890.0,1890.0,1881.0999755859373,1881.9000244140625,4110,0.0,0.0,METROPOLIS.NS
2025-12-29 14:15:00+05:30,1881.5,1893.800048828125,1876.0,1890.0999755859373,9736,0.0,0.0,METROPOLIS.NS
2025-12-29 14:30:00+05:30,1890.0,1891.0,1885.0,1889.9000244140625,3598,0.0,0.0,METROPOLIS.NS
2025-12-29 14:45:00+05:30,1890.0999755859373,1891.5,1885.800048828125,1889.300048828125,3668,0.0,0.0,METROPOLIS.NS
2025-12-29 15:00:00+05:30,1890.5,1892.9000244140625,1888.0999755859373,1890.199951171875,2793,0.0,0.0,METROPOLIS.NS
2025-12-29 15:15:00+05:30,1889.5,1914.800048828125,1888.0,1889.800048828125,5452,0.0,0.0,METROPOLIS.NS
2025-12-30 09:15:00+05:30,1894.0,1894.0,1882.5,1890.0,194,0.0,0.0,METROPOLIS.NS
2025-12-30 09:30:00+05:30,1890.0,1890.800048828125,1888.0,1888.0,66,0.0,0.0,METROPOLIS.NS
2025-12-30 09:45:00+05:30,1889.0,1892.300048828125,1887.5999755859373,1892.300048828125,399,0.0,0.0,METROPOLIS.NS
2025-12-30 10:00:00+05:30,1890.199951171875,1894.0,1890.0999755859373,1891.9000244140625,81,0.0,0.0,METROPOLIS.NS
2025-12-30 10:15:00+05:30,1893.9000244140625,1895.5999755859373,1893.9000244140625,1895.0999755859373,255,0.0,0.0,METROPOLIS.NS
2025-12-30 10:30:00+05:30,1895.5999755859373,1909.699951171875,1894.5999755859373,1905.5,597,0.0,0.0,METROPOLIS.NS
2025-12-30 10:45:00+05:30,1906.9000244140625,1906.9000244140625,1886.5,1888.5999755859373,1597,0.0,0.0,METROPOLIS.NS
2025-12-30 11:00:00+05:30,1889.699951171875,1891.0,1882.300048828125,1885.0999755859373,995,0.0,0.0,METROPOLIS.NS
2025-12-30 11:15:00+05:30,1886.699951171875,1890.0,1881.0,1884.199951171875,1044,0.0,0.0,METROPOLIS.NS
2025-12-30 11:30:00+05:30,1885.199951171875,1887.5,1881.0,1883.9000244140625,772,0.0,0.0,METROPOLIS.NS
2025-12-30 11:45:00+05:30,1883.9000244140625,1885.5,1868.0,1868.699951171875,1722,0.0,0.0,METROPOLIS.NS
2025-12-30 12:00:00+05:30,1867.9000244140625,1871.0,1867.699951171875,1868.699951171875,530,0.0,0.0,METROPOLIS.NS
2025-12-30 12:15:00+05:30,1868.699951171875,1874.199951171875,1867.699951171875,1870.5999755859373,1199,0.0,0.0,METROPOLIS.NS
2025-12-30 12:30:00+05:30,1870.300048828125,1872.800048828125,1868.4000244140625,1868.699951171875,547,0.0,0.0,METROPOLIS.NS
2025-12-30 12:45:00+05:30,1868.699951171875,1871.699951171875,1862.699951171875,1871.0999755859373,1378,0.0,0.0,METROPOLIS.NS
2025-12-30 13:00:00+05:30,1871.0999755859373,1871.5999755859373,1866.800048828125,1868.9000244140625,911,0.0,0.0,METROPOLIS.NS
2025-12-30 13:15:00+05:30,1869.300048828125,1871.699951171875,1864.0999755859373,1869.9000244140625,1070,0.0,0.0,METROPOLIS.NS
2025-12-30 13:30:00+05:30,1868.699951171875,1873.0,1864.699951171875,1870.300048828125,1151,0.0,0.0,METROPOLIS.NS
2025-12-30 13:45:00+05:30,1869.300048828125,1872.9000244140625,1867.5,1869.5,999,0.0,0.0,METROPOLIS.NS
2025-12-30 14:00:00+05:30,1870.300048828125,1897.0,1870.300048828125,1889.9000244140625,2563,0.0,0.0,METROPOLIS.NS
2025-12-30 14:15:00+05:30,1890.0,1892.0,1886.5999755859373,1890.0,2381,0.0,0.0,METROPOLIS.NS
2025-12-30 14:30:00+05:30,1889.699951171875,1891.199951171875,1885.0999755859373,1890.9000244140625,3417,0.0,0.0,METROPOLIS.NS
2025-12-30 14:45:00+05:30,1889.0,1891.5,1859.0,1860.800048828125,5228,0.0,0.0,METROPOLIS.NS
2025-12-30 15:00:00+05:30,1864.5,1867.800048828125,1856.0999755859373,1864.0,9858,0.0,0.0,METROPOLIS.NS
2025-12-30 15:15:00+05:30,1864.300048828125,1871.300048828125,1841.0,1845.0,10940,0.0,0.0,METROPOLIS.NS
2025-12-31 09:15:00+05:30,1860.9000244140625,1876.0,1858.0999755859373,1876.0,149,0.0,0.0,METROPOLIS.NS
2025-12-31 09:30:00+05:30,1875.699951171875,1876.9000244140625,1871.5999755859373,1871.5999755859373,120,0.0,0.0,METROPOLIS.NS
2025-12-31 09:45:00+05:30,1870.5999755859373,1872.0999755859373,1868.9000244140625,1869.800048828125,60,0.0,0.0,METROPOLIS.NS
2025-12-31 10:00:00+05:30,1868.699951171875,1874.699951171875,1868.699951171875,1874.699951171875,90,0.0,0.0,METROPOLIS.NS
2025-12-31 10:15:00+05:30,1877.0,1886.0,1875.0999755859373,1884.800048828125,642,0.0,0.0,METROPOLIS.NS
2025-12-31 10:30:00+05:30,1884.699951171875,1888.300048828125,1881.699951171875,1887.5999755859373,305,0.0,0.0,METROPOLIS.NS
2025-12-31 10:45:00+05:30,1886.800048828125,1888.800048828125,1886.0,1888.0,53,0.0,0.0,METROPOLIS.NS
2025-12-31 11:00:00+05:30,1888.0,1888.0,1886.0,1887.5999755859373,45,0.0,0.0,METROPOLIS.NS
2025-12-31 11:15:00+05:30,1887.699951171875,1889.4000244140625,1886.0,1888.800048828125,233,0.0,0.0,METROPOLIS.NS
2025-12-31 11:30:00+05:30,1888.4000244140625,1889.9000244140625,1887.199951171875,1889.9000244140625,168,0.0,0.0,METROPOLIS.NS
2025-12-31 11:45:00+05:30,1890.0,1892.9000244140625,1890.0,1892.9000244140625,134,0.0,0.0,METROPOLIS.NS
2025-12-31 12:00:00+05:30,1895.4000244140625,1895.4000244140625,1889.0999755859373,1892.800048828125,964,0.0,0.0,METROPOLIS.NS
2025-12-31 12:15:00+05:30,1892.5999755859373,1895.0,1891.300048828125,1894.199951171875,64,0.0,0.0,METROPOLIS.NS
2025-12-31 12:30:00+05:30,1891.0,1895.4000244140625,1890.5999755859373,1892.5,239,0.0,0.0,METROPOLIS.NS
2025-12-31 12:45:00+05:30,1890.5999755859373,1894.5,1889.199951171875,1889.199951171875,258,0.0,0.0,METROPOLIS.NS
2025-12-31 13:00:00+05:30,1892.9000244140625,1897.0,1892.0,1895.0,323,0.0,0.0,METROPOLIS.NS
2025-12-31 13:15:00+05:30,1893.4000244140625,1904.5,1892.800048828125,1896.0999755859373,1769,0.0,0.0,METROPOLIS.NS
2025-12-31 13:30:00+05:30,1895.0,1904.0,1890.5,1902.300048828125,1501,0.0,0.0,METROPOLIS.NS
2025-12-31 13:45:00+05:30,1901.0,1909.0,1897.5,1907.0,1160,0.0,0.0,METROPOLIS.NS
2025-12-31 14:00:00+05:30,1905.800048828125,1911.800048828125,1902.800048828125,1908.300048828125,820,0.0,0.0,METROPOLIS.NS
2025-12-31 14:15:00+05:30,1907.300048828125,1912.0,1907.300048828125,1911.9000244140625,836,0.0,0.0,METROPOLIS.NS
2025-12-31 14:30:00+05:30,1911.9000244140625,1917.0,1911.4000244140625,1916.5,855,0.0,0.0,METROPOLIS.NS
2025-12-31 14:45:00+05:30,1916.5,1930.0,1914.800048828125,1929.199951171875,3885,0.0,0.0,METROPOLIS.NS
2025-12-31 15:00:00+05:30,1929.0999755859373,1932.199951171875,1923.699951171875,1925.0999755859373,5399,0.0,0.0,METROPOLIS.NS
2025-12-31 15:15:00+05:30,1925.0999755859373,1932.0,1919.9000244140625,1928.9000244140625,4518,0.0,0.0,METROPOLIS.NS
2026-01-01 09:15:00+05:30,1938.199951171875,1938.199951171875,1916.4000244140625,1917.0,607,0.0,0.0,METROPOLIS.NS
2026-01-01 09:30:00+05:30,1919.699951171875,1920.699951171875,1916.300048828125,1916.699951171875,187,0.0,0.0,METROPOLIS.NS
2026-01-01 09:45:00+05:30,1918.9000244140625,1919.300048828125,1916.800048828125,1918.300048828125,244,0.0,0.0,METROPOLIS.NS
2026-01-01 10:00:00+05:30,1916.5,1916.5,1912.5999755859373,1913.300048828125,559,0.0,0.0,METROPOLIS.NS
2026-01-01 10:15:00+05:30,1913.9000244140625,1914.9000244140625,1906.199951171875,1911.300048828125,805,0.0,0.0,METROPOLIS.NS
2026-01-01 10:30:00+05:30,1911.199951171875,1911.800048828125,1909.4000244140625,1911.0,12,0.0,0.0,METROPOLIS.NS
2026-01-01 10:45:00+05:30,1906.300048828125,1911.300048828125,1905.5999755859373,1911.300048828125,114,0.0,0.0,METROPOLIS.NS
2026-01-01 11:00:00+05:30,1911.0,1911.5,1908.800048828125,1908.800048828125,43,0.0,0.0,METROPOLIS.NS
2026-01-01 11:15:00+05:30,1909.0999755859373,1910.9000244140625,1908.0,1908.0,165,0.0,0.0,METROPOLIS.NS
2026-01-01 11:30:00+05:30,1908.0,1910.300048828125,1908.0,1908.199951171875,31,0.0,0.0,METROPOLIS.NS
2026-01-01 11:45:00+05:30,1906.800048828125,1908.9000244140625,1905.4000244140625,1907.5,137,0.0,0.0,METROPOLIS.NS
2026-01-01 12:00:00+05:30,1907.800048828125,1907.800048828125,1905.0,1907.0999755859373,23,0.0,0.0,METROPOLIS.NS
2026-01-01 12:15:00+05:30,1906.699951171875,1906.699951171875,1904.4000244140625,1906.5999755859373,44,0.0,0.0,METROPOLIS.NS
2026-01-01 12:30:00+05:30,1907.0,1907.0,1905.0,1905.0,79,0.0,0.0,METROPOLIS.NS
2026-01-01 12:45:00+05:30,1906.0,1906.0,1905.0999755859373,1905.0999755859373,24,0.0,0.0,METROPOLIS.NS
2026-01-01 13:00:00+05:30,1903.5,1905.0,1902.5999755859373,1905.0,46,0.0,0.0,METROPOLIS.NS
2026-01-01 13:15:00+05:30,1905.0,1908.9000244140625,1902.199951171875,1907.4000244140625,503,0.0,0.0,METROPOLIS.NS
2026-01-01 13:30:00+05:30,1908.800048828125,1908.9000244140625,1902.300048828125,1902.300048828125,174,0.0,0.0,METROPOLIS.NS
2026-01-01 13:45:00+05:30,1905.199951171875,1905.5,1902.199951171875,1905.5,95,0.0,0.0,METROPOLIS.NS
2026-01-01 14:00:00+05:30,1903.0,1905.0999755859373,1901.5999755859373,1902.300048828125,105,0.0,0.0,METROPOLIS.NS
2026-01-01 14:15:00+05:30,1902.199951171875,1902.199951171875,1902.199951171875,1902.199951171875,90,0.0,0.0,METROPOLIS.NS
2026-01-01 14:30:00+05:30,1904.4000244140625,1904.4000244140625,1902.199951171875,1904.300048828125,22,0.0,0.0,METROPOLIS.NS
2026-01-01 14:45:00+05:30,1904.300048828125,1905.9000244140625,1904.300048828125,1904.5,109,0.0,0.0,METROPOLIS.NS
2026-01-01 15:00:00+05:30,1904.5,1906.0,1900.699951171875,1902.9000244140625,497,0.0,0.0,METROPOLIS.NS
2026-01-01 15:15:00+05:30,1903.0,1903.0,1885.0,1896.800048828125,2026,0.0,0.0,METROPOLIS.NS
2026-01-02 09:15:00+05:30,1885.0999755859373,1889.199951171875,1861.0,1861.0,2505,0.0,0.0,METROPOLIS.NS
2026-01-02 09:30:00+05:30,1862.9000244140625,1866.800048828125,1860.199951171875,1861.0999755859373,2037,0.0,0.0,METROPOLIS.NS
2026-01-02 09:45:00+05:30,1862.300048828125,1866.800048828125,1862.300048828125,1866.5,397,0.0,0.0,METROPOLIS.NS
2026-01-02 10:00:00+05:30,1866.699951171875,1886.699951171875,1863.0,1885.800048828125,1717,0.0,0.0,METROPOLIS.NS
2026-01-02 10:15:00+05:30,1885.9000244140625,1890.0999755859373,1880.0,1883.0,956,0.0,0.0,METROPOLIS.NS
2026-01-02 10:30:00+05:30,1882.199951171875,1892.0,1882.199951171875,1888.300048828125,1652,0.0,0.0,METROPOLIS.NS
2026-01-02 10:45:00+05:30,1890.800048828125,1890.800048828125,1884.699951171875,1887.699951171875,445,0.0,0.0,METROPOLIS.NS
2026-01-02 11:00:00+05:30,1886.800048828125,1891.5999755859373,1884.199951171875,1890.0,787,0.0,0.0,METROPOLIS.NS
2026-01-02 11:15:00+05:30,1890.5999755859373,1900.5,1890.5999755859373,1900.0,3273,0.0,0.0,METROPOLIS.NS
2026-01-02 11:30:00+05:30,1900.0,1904.5,1898.0999755859373,1900.199951171875,874,0.0,0.0,METROPOLIS.NS
2026-01-02 11:45:00+05:30,1900.0,1903.4000244140625,1900.0,1900.0,240,0.0,0.0,METROPOLIS.NS
2026-01-02 12:00:00+05:30,1901.0,1908.9000244140625,1900.0,1905.0,749,0.0,0.0,METROPOLIS.NS
2026-01-02 12:15:00+05:30,1904.300048828125,1906.4000244140625,1898.0,1901.300048828125,434,0.0,0.0,METROPOLIS.NS
2026-01-02 12:30:00+05:30,1900.0,1903.5999755859373,1900.0,1900.800048828125,260,0.0,0.0,METROPOLIS.NS
2026-01-02 12:45:00+05:30,1900.0,1902.0,1898.0,1901.199951171875,200,0.0,0.0,METROPOLIS.NS
2026-01-02 13:00:00+05:30,1900.0,1901.199951171875,1900.0,1901.199951171875,21,0.0,0.0,METROPOLIS.NS
2026-01-02 13:15:00+05:30,1901.199951171875,1901.199951171875,1900.0999755859373,1900.300048828125,23,0.0,0.0,METROPOLIS.NS
2026-01-02 13:30:00+05:30,1900.300048828125,1902.800048828125,1900.0,1900.0,639,0.0,0.0,METROPOLIS.NS
2026-01-02 13:45:00+05:30,1901.199951171875,1902.800048828125,1900.0,1900.0,836,0.0,0.0,METROPOLIS.NS
2026-01-02 14:00:00+05:30,1900.0999755859373,1901.4000244140625,1900.0,1901.0,86,0.0,0.0,METROPOLIS.NS
2026-01-02 14:15:00+05:30,1900.0,1901.300048828125,1900.0,1900.800048828125,164,0.0,0.0,METROPOLIS.NS
2026-01-02 14:30:00+05:30,1901.699951171875,1906.800048828125,1901.699951171875,1902.0999755859373,640,0.0,0.0,METROPOLIS.NS
2026-01-02 14:45:00+05:30,1904.0,1920.300048828125,1904.0,1916.4000244140625,5388,0.0,0.0,METROPOLIS.NS
2026-01-02 15:00:00+05:30,1917.699951171875,1936.300048828125,1916.199951171875,1931.0999755859373,4795,0.0,0.0,METROPOLIS.NS
2026-01-02 15:15:00+05:30,1933.0,1950.0,1930.0,1933.300048828125,15049,0.0,0.0,METROPOLIS.NS
2026-01-05 09:15:00+05:30,1962.0,1985.199951171875,1954.9000244140625,1955.0,6581,0.0,0.0,METROPOLIS.NS
2026-01-05 09:30:00+05:30,1954.9000244140625,1971.5999755859373,1954.0,1963.0,4922,0.0,0.0,METROPOLIS.NS
2026-01-05 09:45:00+05:30,1963.0,1974.4000244140625,1955.800048828125,1973.9000244140625,5137,0.0,0.0,METROPOLIS.NS
2026-01-05 10:00:00+05:30,1975.0,1988.199951171875,1973.5999755859373,1988.199951171875,3546,0.0,0.0,METROPOLIS.NS
2026-01-05 10:15:00+05:30,1988.199951171875,1997.800048828125,1985.0999755859373,1997.699951171875,6951,0.0,0.0,METROPOLIS.NS
2026-01-05 10:30:00+05:30,1998.300048828125,2019.0,1997.0,2014.0,13377,0.0,0.0,METROPOLIS.NS
2026-01-05 10:45:00+05:30,2014.0,2014.4000244140625,2010.5,2014.4000244140625,4728,0.0,0.0,METROPOLIS.NS
2026-01-05 11:00:00+05:30,2014.4000244140625,2050.0,2012.5999755859373,2044.9000244140625,28084,0.0,0.0,METROPOLIS.NS
2026-01-05 11:15:00+05:30,2041.9000244140625,2046.0,2025.199951171875,2031.5,19133,0.0,0.0,METROPOLIS.NS
2026-01-05 11:30:00+05:30,2031.5999755859373,2036.5999755859373,2012.0,2016.4000244140625,11523,0.0,0.0,METROPOLIS.NS
2026-01-05 11:45:00+05:30,2019.4000244140625,2025.5,2014.5999755859373,2017.699951171875,5275,0.0,0.0,METROPOLIS.NS
2026-01-05 12:00:00+05:30,2016.0,2028.800048828125,2016.0,2021.4000244140625,5694,0.0,0.0,METROPOLIS.NS
2026-01-05 12:15:00+05:30,2021.4000244140625,2032.5,2017.800048828125,2030.9000244140625,5235,0.0,0.0,METROPOLIS.NS
2026-01-05 12:30:00+05:30,2029.5999755859373,2031.300048828125,1997.0,2006.5999755859373,11492,0.0,0.0,METROPOLIS.NS
2026-01-05 12:45:00+05:30,2005.800048828125,2018.300048828125,2004.5,2017.4000244140625,5596,0.0,0.0,METROPOLIS.NS
2026-01-05 13:00:00+05:30,2018.0,2023.0,2012.699951171875,2020.300048828125,4360,0.0,0.0,METROPOLIS.NS
2026-01-05 13:15:00+05:30,2017.199951171875,2020.4000244140625,2014.4000244140625,2017.800048828125,3105,0.0,0.0,METROPOLIS.NS
2026-01-05 13:30:00+05:30,2017.199951171875,2020.0,2010.800048828125,2018.9000244140625,3308,0.0,0.0,METROPOLIS.NS
2026-01-05 13:45:00+05:30,2016.300048828125,2031.199951171875,2015.699951171875,2022.4000244140625,5120,0.0,0.0,METROPOLIS.NS
2026-01-05 14:00:00+05:30,2022.199951171875,2026.199951171875,2015.0999755859373,2017.800048828125,5398,0.0,0.0,METROPOLIS.NS
2026-01-05 14:15:00+05:30,2018.9000244140625,2027.0,2017.199951171875,2023.9000244140625,6160,0.0,0.0,METROPOLIS.NS
2026-01-05 14:30:00+05:30,2022.5,2034.5,2022.5,2032.9000244140625,10526,0.0,0.0,METROPOLIS.NS
2026-01-05 14:45:00+05:30,2029.9000244140625,2042.5,2029.9000244140625,2040.300048828125,11335,0.0,0.0,METROPOLIS.NS
2026-01-05 15:00:00+05:30,2040.800048828125,2059.89990234375,2037.9000244140625,2043.699951171875,21823,0.0,0.0,METROPOLIS.NS
2026-01-05 15:15:00+05:30,2044.0999755859373,2060.0,2042.5,2050.300048828125,22854,0.0,0.0,METROPOLIS.NS
2026-01-06 09:15:00+05:30,2032.9000244140625,2047.800048828125,2028.0999755859373,2035.0999755859373,5068,0.0,0.0,METROPOLIS.NS
2026-01-06 09:30:00+05:30,2033.0,2033.0,2024.0999755859373,2024.0999755859373,1759,0.0,0.0,METROPOLIS.NS
2026-01-06 09:45:00+05:30,2024.0999755859373,2037.800048828125,2024.0999755859373,2033.199951171875,1651,0.0,0.0,METROPOLIS.NS
2026-01-06 10:00:00+05:30,2034.0,2040.199951171875,2027.5999755859373,2031.800048828125,1139,0.0,0.0,METROPOLIS.NS
2026-01-06 10:15:00+05:30,2030.0999755859373,2034.199951171875,2022.300048828125,2023.800048828125,784,0.0,0.0,METROPOLIS.NS
2026-01-06 10:30:00+05:30,2024.0,2029.199951171875,2024.0,2024.0,327,0.0,0.0,METROPOLIS.NS
2026-01-06 10:45:00+05:30,2025.0,2030.699951171875,2024.0,2024.800048828125,325,0.0,0.0,METROPOLIS.NS
2026-01-06 11:00:00+05:30,2024.800048828125,2027.699951171875,2024.800048828125,2025.0,406,0.0,0.0,METROPOLIS.NS
2026-01-06 11:15:00+05:30,2025.0,2025.199951171875,2014.5999755859373,2019.5,1251,0.0,0.0,METROPOLIS.NS
2026-01-06 11:30:00+05:30,2019.800048828125,2049.300048828125,2016.0,2045.0,2597,0.0,0.0,METROPOLIS.NS
2026-01-06 11:45:00+05:30,2046.9000244140625,2047.199951171875,2033.699951171875,2035.199951171875,1664,0.0,0.0,METROPOLIS.NS
2026-01-06 12:00:00+05:30,2036.300048828125,2040.5999755859373,2032.5,2037.699951171875,2788,0.0,0.0,METROPOLIS.NS
2026-01-06 12:15:00+05:30,2039.4000244140625,2040.300048828125,2037.5,2040.0,1728,0.0,0.0,METROPOLIS.NS
2026-01-06 12:30:00+05:30,2039.699951171875,2040.9000244140625,2030.9000244140625,2039.9000244140625,3175,0.0,0.0,METROPOLIS.NS
2026-01-06 12:45:00+05:30,2038.9000244140625,2040.0,2036.300048828125,2040.0,3158,0.0,0.0,METROPOLIS.NS
2026-01-06 13:00:00+05:30,2040.0,2040.0,2030.0999755859373,2038.5,1953,0.0,0.0,METROPOLIS.NS
2026-01-06 13:15:00+05:30,2036.699951171875,2040.0,2035.0,2035.0,1541,0.0,0.0,METROPOLIS.NS
2026-01-06 13:30:00+05:30,2035.0,2040.0,2035.0,2039.699951171875,1890,0.0,0.0,METROPOLIS.NS
2026-01-06 13:45:00+05:30,2040.0,2040.0,2036.199951171875,2036.4000244140625,497,0.0,0.0,METROPOLIS.NS
2026-01-06 14:00:00+05:30,2038.4000244140625,2039.9000244140625,2035.0999755859373,2036.800048828125,652,0.0,0.0,METROPOLIS.NS
2026-01-06 14:15:00+05:30,2038.4000244140625,2038.9000244140625,2035.0,2036.0,507,0.0,0.0,METROPOLIS.NS
2026-01-06 14:30:00+05:30,2037.5,2038.4000244140625,2035.0999755859373,2036.300048828125,502,0.0,0.0,METROPOLIS.NS
2026-01-06 14:45:00+05:30,2036.0999755859373,2040.0,2036.0999755859373,2040.0,4958,0.0,0.0,METROPOLIS.NS
2026-01-06 15:00:00+05:30,2038.699951171875,2040.0,2020.800048828125,2022.699951171875,2135,0.0,0.0,METROPOLIS.NS
2026-01-06 15:15:00+05:30,2023.5999755859373,2040.0,2017.199951171875,2020.0,4926,0.0,0.0,METROPOLIS.NS
2026-01-07 09:15:00+05:30,2005.0999755859373,2009.5,1972.0,1982.0,9977,0.0,0.0,METROPOLIS.NS
2026-01-07 09:30:00+05:30,1981.9000244140625,1981.9000244140625,1965.0999755859373,1965.0999755859373,4755,0.0,0.0,METROPOLIS.NS
2026-01-07 09:45:00+05:30,1967.4000244140625,1987.0999755859373,1965.9000244140625,1980.0,4033,0.0,0.0,METROPOLIS.NS
2026-01-07 10:00:00+05:30,1978.0,1994.0,1978.0,1992.699951171875,3297,0.0,0.0,METROPOLIS.NS
2026-01-07 10:15:00+05:30,1992.699951171875,2000.0999755859373,1988.699951171875,1989.800048828125,3145,0.0,0.0,METROPOLIS.NS
2026-01-07 10:30:00+05:30,1989.800048828125,1994.5,1988.0999755859373,1989.0,439,0.0,0.0,METROPOLIS.NS
2026-01-07 10:45:00+05:30,1989.9000244140625,1992.5999755859373,1981.5,1988.0,2963,0.0,0.0,METROPOLIS.NS
2026-01-07 11:00:00+05:30,1988.199951171875,1989.199951171875,1985.0,1985.5,535,0.0,0.0,METROPOLIS.NS
2026-01-07 11:15:00+05:30,1985.5,1990.0999755859373,1980.699951171875,1988.199951171875,1943,0.0,0.0,METROPOLIS.NS
2026-01-07 11:30:00+05:30,1988.199951171875,1988.199951171875,1979.0,1979.0999755859373,585,0.0,0.0,METROPOLIS.NS
2026-01-07 11:45:00+05:30,1979.0999755859373,1980.300048828125,1972.5999755859373,1980.0,1976,0.0,0.0,METROPOLIS.NS
2026-01-07 12:00:00+05:30,1980.0,1982.5999755859373,1976.699951171875,1980.0999755859373,179,0.0,0.0,METROPOLIS.NS
2026-01-07 12:15:00+05:30,1980.0999755859373,1981.5,1978.4000244140625,1979.0,152,0.0,0.0,METROPOLIS.NS
2026-01-07 12:30:00+05:30,1979.0,1990.0999755859373,1975.199951171875,1985.4000244140625,2097,0.0,0.0,METROPOLIS.NS
2026-01-07 12:45:00+05:30,1985.4000244140625,1997.699951171875,1983.5,1996.9000244140625,751,0.0,0.0,METROPOLIS.NS
2026-01-07 13:00:00+05:30,1995.800048828125,2010.0,1995.0,2000.199951171875,3010,0.0,0.0,METROPOLIS.NS
2026-01-07 13:15:00+05:30,2001.300048828125,2006.199951171875,1994.0999755859373,1997.300048828125,1301,0.0,0.0,METROPOLIS.NS
2026-01-07 13:30:00+05:30,1997.0,2004.800048828125,1994.0,2004.800048828125,537,0.0,0.0,METROPOLIS.NS
2026-01-07 13:45:00+05:30,2004.800048828125,2004.800048828125,1993.0,1993.0,2166,0.0,0.0,METROPOLIS.NS
2026-01-07 14:00:00+05:30,1992.0999755859373,1992.800048828125,1985.0999755859373,1985.5,232,0.0,0.0,METROPOLIS.NS
2026-01-07 14:15:00+05:30,1985.9000244140625,1990.5999755859373,1985.5,1988.4000244140625,312,0.0,0.0,METROPOLIS.NS
2026-01-07 14:30:00+05:30,1988.199951171875,1989.5999755859373,1985.800048828125,1987.9000244140625,273,0.0,0.0,METROPOLIS.NS
2026-01-07 14:45:00+05:30,1987.300048828125,1990.9000244140625,1986.0999755859373,1989.300048828125,488,0.0,0.0,METROPOLIS.NS
2026-01-07 15:00:00+05:30,1988.5,1992.4000244140625,1983.0999755859373,1987.4000244140625,1964,0.0,0.0,METROPOLIS.NS
2026-01-07 15:15:00+05:30,1987.5,2005.0,1986.0,1988.5,3986,0.0,0.0,METROPOLIS.NS
2026-01-08 09:15:00+05:30,1980.0,1987.300048828125,1975.5,1983.800048828125,111,0.0,0.0,METROPOLIS.NS
2026-01-08 09:30:00+05:30,1983.800048828125,1983.800048828125,1976.0999755859373,1982.5999755859373,489,0.0,0.0,METROPOLIS.NS
2026-01-08 09:45:00+05:30,1980.199951171875,1994.4000244140625,1980.0999755859373,1994.4000244140625,741,0.0,0.0,METROPOLIS.NS
2026-01-08 10:00:00+05:30,1992.5999755859373,1994.5999755859373,1991.4000244140625,1993.0,438,0.0,0.0,METROPOLIS.NS
2026-01-08 10:15:00+05:30,1993.699951171875,1993.699951171875,1986.0,1986.800048828125,679,0.0,0.0,METROPOLIS.NS
2026-01-08 10:30:00+05:30,1986.800048828125,1991.5,1986.0999755859373,1988.9000244140625,468,0.0,0.0,METROPOLIS.NS
2026-01-08 10:45:00+05:30,1988.9000244140625,1994.800048828125,1988.9000244140625,1990.0999755859373,555,0.0,0.0,METROPOLIS.NS
2026-01-08 11:00:00+05:30,1989.0,1990.800048828125,1983.9000244140625,1983.9000244140625,285,0.0,0.0,METROPOLIS.NS
2026-01-08 11:15:00+05:30,1980.800048828125,1982.4000244140625,1970.5999755859373,1971.0999755859373,691,0.0,0.0,METROPOLIS.NS
2026-01-08 11:30:00+05:30,1972.199951171875,1972.199951171875,1967.4000244140625,1968.4000244140625,684,0.0,0.0,METROPOLIS.NS
2026-01-08 11:45:00+05:30,1968.9000244140625,1970.0,1961.0,1964.699951171875,833,0.0,0.0,METROPOLIS.NS
2026-01-08 12:00:00+05:30,1962.0,1962.0,1957.0999755859373,1958.699951171875,811,0.0,0.0,METROPOLIS.NS
2026-01-08 12:15:00+05:30,1958.699951171875,1963.5,1958.5,1963.5,113,0.0,0.0,METROPOLIS.NS
2026-01-08 12:30:00+05:30,1963.5999755859373,1963.800048828125,1958.9000244140625,1959.4000244140625,159,0.0,0.0,METROPOLIS.NS
2026-01-08 12:45:00+05:30,1959.5,1961.0,1959.4000244140625,1961.0,101,0.0,0.0,METROPOLIS.NS
2026-01-08 13:00:00+05:30,1959.5,1962.9000244140625,1959.5,1960.199951171875,205,0.0,0.0,METROPOLIS.NS
2026-01-08 13:15:00+05:30,1960.5999755859373,1960.699951171875,1955.0,1957.5,467,0.0,0.0,METROPOLIS.NS
2026-01-08 13:30:00+05:30,1956.800048828125,1959.9000244140625,1955.0,1956.9000244140625,165,0.0,0.0,METROPOLIS.NS
2026-01-08 13:45:00+05:30,1956.4000244140625,1961.800048828125,1956.4000244140625,1961.800048828125,149,0.0,0.0,METROPOLIS.NS
2026-01-08 14:00:00+05:30,1960.0999755859373,1964.300048828125,1960.0,1962.5,255,0.0,0.0,METROPOLIS.NS
2026-01-08 14:15:00+05:30,1964.5,1966.0,1962.4000244140625,1962.4000244140625,385,0.0,0.0,METROPOLIS.NS
2026-01-08 14:30:00+05:30,1962.0,1966.0,1958.5999755859373,1966.0,211,0.0,0.0,METROPOLIS.NS
2026-01-08 14:45:00+05:30,1965.9000244140625,1968.300048828125,1941.5999755859373,1942.9000244140625,1744,0.0,0.0,METROPOLIS.NS
2026-01-08 15:00:00+05:30,1943.4000244140625,1944.9000244140625,1930.0999755859373,1930.0999755859373,2345,0.0,0.0,METROPOLIS.NS
2026-01-08 15:15:00+05:30,1930.0,1930.0,1905.0,1925.0,11657,0.0,0.0,METROPOLIS.NS
2026-01-09 09:15:00+05:30,1930.0,1930.0,1882.699951171875,1885.199951171875,2835,0.0,0.0,METROPOLIS.NS
2026-01-09 09:30:00+05:30,1885.0,1887.0,1874.4000244140625,1885.699951171875,1726,0.0,0.0,METROPOLIS.NS
2026-01-09 09:45:00+05:30,1886.4000244140625,1906.0,1886.4000244140625,1895.4000244140625,1379,0.0,0.0,METROPOLIS.NS
2026-01-09 10:00:00+05:30,1895.0,1901.199951171875,1891.699951171875,1894.0,1397,0.0,0.0,METROPOLIS.NS
2026-01-09 10:15:00+05:30,1896.0999755859373,1902.0,1895.9000244140625,1900.199951171875,206,0.0,0.0,METROPOLIS.NS
2026-01-09 10:30:00+05:30,1900.0999755859373,1900.0999755859373,1895.9000244140625,1897.699951171875,262,0.0,0.0,METROPOLIS.NS
2026-01-09 10:45:00+05:30,1897.699951171875,1903.9000244140625,1890.199951171875,1894.9000244140625,1661,0.0,0.0,METROPOLIS.NS
2026-01-09 11:00:00+05:30,1894.0999755859373,1895.4000244140625,1890.5,1892.199951171875,541,0.0,0.0,METROPOLIS.NS
2026-01-09 11:15:00+05:30,1892.199951171875,1905.300048828125,1892.199951171875,1903.4000244140625,1018,0.0,0.0,METROPOLIS.NS
2026-01-09 11:30:00+05:30,1902.199951171875,1906.4000244140625,1901.199951171875,1902.199951171875,370,0.0,0.0,METROPOLIS.NS
2026-01-09 11:45:00+05:30,1902.199951171875,1907.0,1897.5999755859373,1898.300048828125,384,0.0,0.0,METROPOLIS.NS
2026-01-09 12:00:00+05:30,1898.300048828125,1903.0,1898.300048828125,1900.5999755859373,1435,0.0,0.0,METROPOLIS.NS
2026-01-09 12:15:00+05:30,1900.5999755859373,1908.5,1899.4000244140625,1900.0,7672,0.0,0.0,METROPOLIS.NS
2026-01-09 12:30:00+05:30,1900.0,1917.800048828125,1900.0,1916.199951171875,8227,0.0,0.0,METROPOLIS.NS
2026-01-09 12:45:00+05:30,1915.0,1919.0,1911.5999755859373,1919.0,405,0.0,0.0,METROPOLIS.NS
2026-01-09 13:00:00+05:30,1919.9000244140625,1919.9000244140625,1913.800048828125,1916.0,623,0.0,0.0,METROPOLIS.NS
2026-01-09 13:15:00+05:30,1916.300048828125,1918.800048828125,1914.0,1915.4000244140625,261,0.0,0.0,METROPOLIS.NS
2026-01-09 13:30:00+05:30,1915.4000244140625,1917.5999755859373,1911.199951171875,1911.199951171875,598,0.0,0.0,METROPOLIS.NS
2026-01-09 13:45:00+05:30,1913.800048828125,1914.800048828125,1911.0,1912.9000244140625,284,0.0,0.0,METROPOLIS.NS
2026-01-09 14:00:00+05:30,1913.5,1914.699951171875,1909.0999755859373,1912.199951171875,126,0.0,0.0,METROPOLIS.NS
2026-01-09 14:15:00+05:30,1912.5,1916.0,1910.199951171875,1913.4000244140625,820,0.0,0.0,METROPOLIS.NS
2026-01-09 14:30:00+05:30,1915.0,1915.4000244140625,1912.699951171875,1915.4000244140625,137,0.0,0.0,METROPOLIS.NS
2026-01-09 14:45:00+05:30,1915.4000244140625,1926.5999755859373,1915.4000244140625,1923.300048828125,906,0.0,0.0,METROPOLIS.NS
2026-01-09 15:00:00+05:30,1922.0999755859373,1924.9000244140625,1914.0,1915.5999755859373,1603,0.0,0.0,METROPOLIS.NS
2026-01-09 15:15:00+05:30,1917.199951171875,1950.9000244140625,1908.199951171875,1927.4000244140625,5591,0.0,0.0,METROPOLIS.NS
2026-01-12 09:15:00+05:30,1905.0,1905.0,1859.199951171875,1873.300048828125,3345,0.0,0.0,METROPOLIS.NS
2026-01-12 09:30:00+05:30,1875.800048828125,1880.699951171875,1872.0,1875.800048828125,878,0.0,0.0,METROPOLIS.NS
2026-01-12 09:45:00+05:30,1873.0,1876.699951171875,1870.0,1873.5999755859373,466,0.0,0.0,METROPOLIS.NS
2026-01-12 10:00:00+05:30,1872.0999755859373,1887.199951171875,1872.0999755859373,1880.199951171875,1282,0.0,0.0,METROPOLIS.NS
2026-01-12 10:15:00+05:30,1880.199951171875,1883.199951171875,1877.0,1879.0,617,0.0,0.0,METROPOLIS.NS
2026-01-12 10:30:00+05:30,1879.0999755859373,1881.300048828125,1874.5999755859373,1877.800048828125,1137,0.0,0.0,METROPOLIS.NS
2026-01-12 10:45:00+05:30,1877.800048828125,1878.9000244140625,1870.0,1871.699951171875,899,0.0,0.0,METROPOLIS.NS
2026-01-12 11:00:00+05:30,1871.699951171875,1873.699951171875,1870.0,1872.5999755859373,489,0.0,0.0,METROPOLIS.NS
2026-01-12 11:15:00+05:30,1871.699951171875,1875.0,1870.0,1870.0,1577,0.0,0.0,METROPOLIS.NS
2026-01-12 11:30:00+05:30,1870.0,1872.4000244140625,1870.0,1870.0999755859373,2959,0.0,0.0,METROPOLIS.NS
2026-01-12 11:45:00+05:30,1870.0,1873.0999755859373,1870.0,1871.5999755859373,3834,0.0,0.0,METROPOLIS.NS
2026-01-12 12:00:00+05:30,1871.5999755859373,1873.9000244140625,1870.0,1873.9000244140625,1563,0.0,0.0,METROPOLIS.NS
2026-01-12 12:15:00+05:30,1872.4000244140625,1874.4000244140625,1870.0,1870.300048828125,1600,0.0,0.0,METROPOLIS.NS
2026-01-12 12:30:00+05:30,1870.0999755859373,1875.199951171875,1870.0,1871.0,1873,0.0,0.0,METROPOLIS.NS
2026-01-12 12:45:00+05:30,1871.199951171875,1878.300048828125,1870.0,1873.0999755859373,1750,0.0,0.0,METROPOLIS.NS
2026-01-12 13:00:00+05:30,1874.4000244140625,1879.5999755859373,1873.9000244140625,1878.0,395,0.0,0.0,METROPOLIS.NS
2026-01-12 13:15:00+05:30,1876.0999755859373,1876.0999755859373,1873.5999755859373,1874.5999755859373,312,0.0,0.0,METROPOLIS.NS
2026-01-12 13:30:00+05:30,1874.4000244140625,1877.699951171875,1874.4000244140625,1877.699951171875,104,0.0,0.0,METROPOLIS.NS
2026-01-12 13:45:00+05:30,1877.5999755859373,1877.5999755859373,1873.0,1874.0,500,0.0,0.0,METROPOLIS.NS
2026-01-12 14:00:00+05:30,1876.0999755859373,1876.0999755859373,1873.0,1875.5,352,0.0,0.0,METROPOLIS.NS
2026-01-12 14:15:00+05:30,1875.5,1879.699951171875,1875.0,1876.4000244140625,249,0.0,0.0,METROPOLIS.NS
2026-01-12 14:30:00+05:30,1876.4000244140625,1891.9000244140625,1873.9000244140625,1881.800048828125,999,0.0,0.0,METROPOLIS.NS
2026-01-12 14:45:00+05:30,1880.0999755859373,1880.0999755859373,1873.699951171875,1878.4000244140625,243,0.0,0.0,METROPOLIS.NS
2026-01-12 15:00:00+05:30,1876.0999755859373,1878.4000244140625,1872.0,1873.5999755859373,1039,0.0,0.0,METROPOLIS.NS
2026-01-12 15:15:00+05:30,1873.5999755859373,1886.699951171875,1870.0,1870.0,3081,0.0,0.0,METROPOLIS.NS
2026-01-13 09:15:00+05:30,1885.0,1886.199951171875,1864.0999755859373,1873.5999755859373,1375,0.0,0.0,METROPOLIS.NS
2026-01-13 09:30:00+05:30,1873.0,1874.0,1850.0,1853.0,3878,0.0,0.0,METROPOLIS.NS
2026-01-13 09:45:00+05:30,1854.0,1861.9000244140625,1853.0,1853.5,1818,0.0,0.0,METROPOLIS.NS
2026-01-13 10:00:00+05:30,1854.5,1862.9000244140625,1854.300048828125,1859.5,595,0.0,0.0,METROPOLIS.NS
2026-01-13 10:15:00+05:30,1859.800048828125,1865.0,1859.699951171875,1860.800048828125,534,0.0,0.0,METROPOLIS.NS
2026-01-13 10:30:00+05:30,1861.800048828125,1865.0,1860.0,1863.300048828125,442,0.0,0.0,METROPOLIS.NS
2026-01-13 10:45:00+05:30,1862.0999755859373,1864.5,1860.0,1861.9000244140625,1181,0.0,0.0,METROPOLIS.NS
2026-01-13 11:00:00+05:30,1861.4000244140625,1863.5999755859373,1861.300048828125,1863.0,478,0.0,0.0,METROPOLIS.NS
2026-01-13 11:15:00+05:30,1863.9000244140625,1876.199951171875,1863.9000244140625,1874.5,2248,0.0,0.0,METROPOLIS.NS
2026-01-13 11:30:00+05:30,1875.800048828125,1879.199951171875,1868.0999755859373,1873.300048828125,9677,0.0,0.0,METROPOLIS.NS
2026-01-13 11:45:00+05:30,1873.199951171875,1874.9000244140625,1873.0,1873.199951171875,56,0.0,0.0,METROPOLIS.NS
2026-01-13 12:00:00+05:30,1875.0,1880.5,1875.0,1880.5,4475,0.0,0.0,METROPOLIS.NS
2026-01-13 12:15:00+05:30,1880.0,1895.699951171875,1879.699951171875,1890.5,7853,0.0,0.0,METROPOLIS.NS
2026-01-13 12:30:00+05:30,1893.0,1893.4000244140625,1890.0,1890.0,570,0.0,0.0,METROPOLIS.NS
2026-01-13 12:45:00+05:30,1891.300048828125,1893.0,1890.0,1890.0,5330,0.0,0.0,METROPOLIS.NS
2026-01-13 13:00:00+05:30,1890.0,1893.9000244140625,1890.0,1893.4000244140625,188,0.0,0.0,METROPOLIS.NS
2026-01-13 13:15:00+05:30,1890.0,1898.4000244140625,1883.800048828125,1897.9000244140625,11098,0.0,0.0,METROPOLIS.NS
2026-01-13 13:30:00+05:30,1898.0,1908.300048828125,1898.0,1898.0,1513,0.0,0.0,METROPOLIS.NS
2026-01-13 13:45:00+05:30,1898.0999755859373,1906.5999755859373,1897.9000244140625,1900.5999755859373,544,0.0,0.0,METROPOLIS.NS
2026-01-13 14:00:00+05:30,1902.0,1902.0,1894.800048828125,1899.0,275,0.0,0.0,METROPOLIS.NS
2026-01-13 14:15:00+05:30,1897.800048828125,1897.800048828125,1894.0999755859373,1897.4000244140625,479,0.0,0.0,METROPOLIS.NS
2026-01-13 14:30:00+05:30,1896.300048828125,1906.300048828125,1896.300048828125,1906.0,515,0.0,0.0,METROPOLIS.NS
2026-01-13 14:45:00+05:30,1904.9000244140625,1915.0,1904.9000244140625,1912.5999755859373,789,0.0,0.0,METROPOLIS.NS
2026-01-13 15:00:00+05:30,1912.4000244140625,1912.800048828125,1901.800048828125,1907.5999755859373,900,0.0,0.0,METROPOLIS.NS
2026-01-13 15:15:00+05:30,1904.0999755859373,1914.800048828125,1895.0,1906.800048828125,3298,0.0,0.0,METROPOLIS.NS
2026-01-14 09:15:00+05:30,1911.5999755859373,1988.4000244140625,1910.4000244140625,1981.0,18494,0.0,0.0,METROPOLIS.NS
2026-01-14 09:30:00+05:30,1978.199951171875,1980.0,1931.800048828125,1937.9000244140625,30026,0.0,0.0,METROPOLIS.NS
2026-01-14 09:45:00+05:30,1938.0,1944.9000244140625,1917.0999755859373,1922.0,7491,0.0,0.0,METROPOLIS.NS
2026-01-14 10:00:00+05:30,1923.0,1934.5999755859373,1915.0,1933.5,7268,0.0,0.0,METROPOLIS.NS
2026-01-14 10:15:00+05:30,1932.300048828125,1933.9000244140625,1925.9000244140625,1926.5,3614,0.0,0.0,METROPOLIS.NS
2026-01-14 10:30:00+05:30,1926.0,1928.5999755859373,1918.0,1922.9000244140625,4811,0.0,0.0,METROPOLIS.NS
2026-01-14 10:45:00+05:30,1923.5999755859373,1927.9000244140625,1918.199951171875,1923.300048828125,2389,0.0,0.0,METROPOLIS.NS
2026-01-14 11:00:00+05:30,1923.0,1924.199951171875,1920.4000244140625,1920.5,1850,0.0,0.0,METROPOLIS.NS
2026-01-14 11:15:00+05:30,1921.5,1925.9000244140625,1920.699951171875,1924.300048828125,1935,0.0,0.0,METROPOLIS.NS
2026-01-14 11:30:00+05:30,1924.300048828125,1928.5999755859373,1924.0,1924.199951171875,1534,0.0,0.0,METROPOLIS.NS
2026-01-14 11:45:00+05:30,1924.300048828125,1927.4000244140625,1895.0,1902.4000244140625,7441,0.0,0.0,METROPOLIS.NS
2026-01-14 12:00:00+05:30,1900.4000244140625,1907.5,1896.0,1903.5999755859373,2350,0.0,0.0,METROPOLIS.NS
2026-01-14 12:15:00+05:30,1904.5999755859373,1909.0,1900.0,1900.5999755859373,2130,0.0,0.0,METROPOLIS.NS
2026-01-14 12:30:00+05:30,1900.5999755859373,1905.9000244140625,1899.0,1903.699951171875,1446,0.0,0.0,METROPOLIS.NS
2026-01-14 12:45:00+05:30,1904.199951171875,1905.5999755859373,1896.5999755859373,1898.0999755859373,1569,0.0,0.0,METROPOLIS.NS
2026-01-14 13:00:00+05:30,1897.800048828125,1902.0,1896.300048828125,1898.800048828125,1536,0.0,0.0,METROPOLIS.NS
2026-01-14 13:15:00+05:30,1898.4000244140625,1900.800048828125,1896.800048828125,1898.5,2549,0.0,0.0,METROPOLIS.NS
2026-01-14 13:30:00+05:30,1898.800048828125,1899.9000244140625,1896.5999755859373,1898.5,795,0.0,0.0,METROPOLIS.NS
2026-01-14 13:45:00+05:30,1898.5,1900.300048828125,1896.199951171875,1900.0999755859373,1770,0.0,0.0,METROPOLIS.NS
2026-01-14 14:00:00+05:30,1900.0,1900.4000244140625,1896.0,1898.9000244140625,1731,0.0,0.0,METROPOLIS.NS
2026-01-14 14:15:00+05:30,1898.0,1908.9000244140625,1897.5,1907.5,2310,0.0,0.0,METROPOLIS.NS
2026-01-14 14:30:00+05:30,1907.5,1922.9000244140625,1900.800048828125,1906.0999755859373,5431,0.0,0.0,METROPOLIS.NS
2026-01-14 14:45:00+05:30,1907.5999755859373,1909.300048828125,1900.0,1900.0999755859373,3958,0.0,0.0,METROPOLIS.NS
2026-01-14 15:00:00+05:30,1900.0999755859373,1900.0999755859373,1883.4000244140625,1888.199951171875,7084,0.0,0.0,METROPOLIS.NS
2026-01-14 15:15:00+05:30,1885.0,1886.4000244140625,1875.0,1875.0,9076,0.0,0.0,METROPOLIS.NS
2026-01-16 09:15:00+05:30,1899.0,1899.0,1875.800048828125,1888.199951171875,1482,0.0,0.0,METROPOLIS.NS
2026-01-16 09:30:00+05:30,1886.300048828125,1891.699951171875,1883.199951171875,1891.699951171875,206,0.0,0.0,METROPOLIS.NS
2026-01-16 09:45:00+05:30,1891.699951171875,1894.800048828125,1889.5,1892.9000244140625,189,0.0,0.0,METROPOLIS.NS
2026-01-16 10:00:00+05:30,1892.9000244140625,1896.300048828125,1890.9000244140625,1894.5999755859373,451,0.0,0.0,METROPOLIS.NS
2026-01-16 10:15:00+05:30,1896.0,1901.699951171875,1894.800048828125,1898.9000244140625,670,0.0,0.0,METROPOLIS.NS
2026-01-16 10:30:00+05:30,1897.0999755859373,1898.0999755859373,1895.699951171875,1898.0999755859373,73,0.0,0.0,METROPOLIS.NS
2026-01-16 10:45:00+05:30,1897.699951171875,1903.5,1896.5,1901.4000244140625,1160,0.0,0.0,METROPOLIS.NS
2026-01-16 11:00:00+05:30,1904.699951171875,1906.699951171875,1897.199951171875,1897.199951171875,407,0.0,0.0,METROPOLIS.NS
2026-01-16 11:15:00+05:30,1897.199951171875,1902.9000244140625,1891.699951171875,1898.800048828125,1736,0.0,0.0,METROPOLIS.NS
2026-01-16 11:30:00+05:30,1901.9000244140625,1921.800048828125,1900.699951171875,1914.4000244140625,1660,0.0,0.0,METROPOLIS.NS
2026-01-16 11:45:00+05:30,1914.4000244140625,1917.699951171875,1910.800048828125,1913.9000244140625,762,0.0,0.0,METROPOLIS.NS
2026-01-16 12:00:00+05:30,1915.300048828125,1917.800048828125,1912.800048828125,1915.0999755859373,410,0.0,0.0,METROPOLIS.NS
2026-01-16 12:15:00+05:30,1915.0999755859373,1917.800048828125,1913.0999755859373,1915.4000244140625,279,0.0,0.0,METROPOLIS.NS
2026-01-16 12:30:00+05:30,1914.0999755859373,1919.4000244140625,1914.0999755859373,1916.199951171875,260,0.0,0.0,METROPOLIS.NS
2026-01-16 12:45:00+05:30,1916.9000244140625,1916.9000244140625,1913.5,1915.0,80,0.0,0.0,METROPOLIS.NS
2026-01-16 13:00:00+05:30,1915.0,1917.800048828125,1913.4000244140625,1915.0,287,0.0,0.0,METROPOLIS.NS
2026-01-16 13:15:00+05:30,1914.9000244140625,1917.5,1912.0,1917.199951171875,532,0.0,0.0,METROPOLIS.NS
2026-01-16 13:30:00+05:30,1915.0,1920.199951171875,1915.0,1916.199951171875,749,0.0,0.0,METROPOLIS.NS
2026-01-16 13:45:00+05:30,1918.0999755859373,1921.9000244140625,1913.800048828125,1920.5,1692,0.0,0.0,METROPOLIS.NS
2026-01-16 14:00:00+05:30,1920.5,1928.800048828125,1915.4000244140625,1924.699951171875,1469,0.0,0.0,METROPOLIS.NS
2026-01-16 14:15:00+05:30,1924.5,1925.5999755859373,1918.4000244140625,1924.0999755859373,669,0.0,0.0,METROPOLIS.NS
2026-01-16 14:30:00+05:30,1923.9000244140625,1928.0,1921.0,1927.699951171875,747,0.0,0.0,METROPOLIS.NS
2026-01-16 14:45:00+05:30,1926.5,1926.5,1909.0,1912.699951171875,1514,0.0,0.0,METROPOLIS.NS
2026-01-16 15:00:00+05:30,1911.5,1911.5,1900.0,1902.5,1797,0.0,0.0,METROPOLIS.NS
2026-01-16 15:15:00+05:30,1901.0,1915.5,1895.0,1903.4000244140625,9778,0.0,0.0,METROPOLIS.NS
2026-01-19 09:15:00+05:30,1896.0,1899.800048828125,1889.4000244140625,1896.699951171875,250,0.0,0.0,METROPOLIS.NS
2026-01-19 09:30:00+05:30,1896.5,1896.699951171875,1888.0999755859373,1889.0,382,0.0,0.0,METROPOLIS.NS
2026-01-19 09:45:00+05:30,1888.300048828125,1889.0,1886.0999755859373,1888.0,258,0.0,0.0,METROPOLIS.NS
2026-01-19 10:00:00+05:30,1888.800048828125,1892.300048828125,1888.800048828125,1890.699951171875,78,0.0,0.0,METROPOLIS.NS
2026-01-19 10:15:00+05:30,1890.5999755859373,1893.4000244140625,1887.199951171875,1889.0999755859373,131,0.0,0.0,METROPOLIS.NS
2026-01-19 10:30:00+05:30,1889.0999755859373,1909.4000244140625,1889.0,1909.4000244140625,795,0.0,0.0,METROPOLIS.NS
2026-01-19 10:45:00+05:30,1908.5,1908.9000244140625,1905.9000244140625,1906.0,141,0.0,0.0,METROPOLIS.NS
2026-01-19 11:00:00+05:30,1905.9000244140625,1906.0,1903.0,1906.0,120,0.0,0.0,METROPOLIS.NS
2026-01-19 11:15:00+05:30,1903.4000244140625,1913.5999755859373,1903.4000244140625,1910.0999755859373,615,0.0,0.0,METROPOLIS.NS
2026-01-19 11:30:00+05:30,1907.300048828125,1915.0,1907.300048828125,1912.199951171875,119,0.0,0.0,METROPOLIS.NS
2026-01-19 11:45:00+05:30,1913.800048828125,1913.800048828125,1910.9000244140625,1912.800048828125,6,0.0,0.0,METROPOLIS.NS
2026-01-19 12:00:00+05:30,1910.9000244140625,1910.9000244140625,1903.4000244140625,1903.4000244140625,192,0.0,0.0,METROPOLIS.NS
2026-01-19 12:15:00+05:30,1905.4000244140625,1905.699951171875,1903.4000244140625,1905.4000244140625,15,0.0,0.0,METROPOLIS.NS
2026-01-19 12:30:00+05:30,1905.4000244140625,1905.4000244140625,1903.4000244140625,1904.5,78,0.0,0.0,METROPOLIS.NS
2026-01-19 12:45:00+05:30,1904.5,1904.699951171875,1903.4000244140625,1904.199951171875,56,0.0,0.0,METROPOLIS.NS
2026-01-19 13:00:00+05:30,1904.199951171875,1904.199951171875,1903.4000244140625,1904.199951171875,9,0.0,0.0,METROPOLIS.NS
2026-01-19 13:15:00+05:30,1904.199951171875,1908.5999755859373,1903.4000244140625,1903.4000244140625,1073,0.0,0.0,METROPOLIS.NS
2026-01-19 13:30:00+05:30,1903.4000244140625,1905.0,1903.4000244140625,1903.4000244140625,43,0.0,0.0,METROPOLIS.NS
2026-01-19 13:45:00+05:30,1903.4000244140625,1905.699951171875,1903.4000244140625,1904.0,51,0.0,0.0,METROPOLIS.NS
2026-01-19 14:00:00+05:30,1904.0,1906.300048828125,1903.4000244140625,1903.4000244140625,77,0.0,0.0,METROPOLIS.NS
2026-01-19 14:15:00+05:30,1903.4000244140625,1905.5999755859373,1903.4000244140625,1903.4000244140625,59,0.0,0.0,METROPOLIS.NS
2026-01-19 14:30:00+05:30,1903.4000244140625,1909.699951171875,1903.4000244140625,1909.699951171875,126,0.0,0.0,METROPOLIS.NS
2026-01-19 14:45:00+05:30,1907.300048828125,1907.5999755859373,1904.699951171875,1906.0,75,0.0,0.0,METROPOLIS.NS
2026-01-19 15:00:00+05:30,1905.0,1905.4000244140625,1903.4000244140625,1904.5,447,0.0,0.0,METROPOLIS.NS
2026-01-19 15:15:00+05:30,1903.5,1924.0,1903.4000244140625,1903.4000244140625,1226,0.0,0.0,METROPOLIS.NS
2026-01-20 09:15:00+05:30,1905.0,1905.0,1882.5,1885.199951171875,749,0.0,0.0,METROPOLIS.NS
2026-01-20 09:30:00+05:30,1882.4000244140625,1899.5,1881.5,1881.5,952,0.0,0.0,METROPOLIS.NS
2026-01-20 09:45:00+05:30,1883.0999755859373,1893.5999755859373,1881.9000244140625,1888.800048828125,558,0.0,0.0,METROPOLIS.NS
2026-01-20 10:00:00+05:30,1888.5999755859373,1908.800048828125,1885.0999755859373,1905.0,1043,0.0,0.0,METROPOLIS.NS
2026-01-20 10:15:00+05:30,1905.300048828125,1910.4000244140625,1899.199951171875,1910.300048828125,1426,0.0,0.0,METROPOLIS.NS
2026-01-20 10:30:00+05:30,1910.4000244140625,1915.199951171875,1906.5,1910.0,1038,0.0,0.0,METROPOLIS.NS
2026-01-20 10:45:00+05:30,1909.9000244140625,1911.9000244140625,1907.800048828125,1911.9000244140625,357,0.0,0.0,METROPOLIS.NS
2026-01-20 11:00:00+05:30,1911.9000244140625,1911.9000244140625,1900.0,1905.0,979,0.0,0.0,METROPOLIS.NS
2026-01-20 11:15:00+05:30,1904.4000244140625,1911.9000244140625,1902.0,1910.699951171875,392,0.0,0.0,METROPOLIS.NS
2026-01-20 11:30:00+05:30,1910.5999755859373,1919.4000244140625,1910.300048828125,1910.5,1123,0.0,0.0,METROPOLIS.NS
2026-01-20 11:45:00+05:30,1910.5,1915.699951171875,1910.0,1913.4000244140625,412,0.0,0.0,METROPOLIS.NS
2026-01-20 12:00:00+05:30,1913.4000244140625,1915.9000244140625,1911.5,1913.0999755859373,259,0.0,0.0,METROPOLIS.NS
2026-01-20 12:15:00+05:30,1913.4000244140625,1919.9000244140625,1910.0,1916.800048828125,1058,0.0,0.0,METROPOLIS.NS
2026-01-20 12:30:00+05:30,1918.300048828125,1918.300048828125,1912.5999755859373,1912.800048828125,185,0.0,0.0,METROPOLIS.NS
2026-01-20 12:45:00+05:30,1912.699951171875,1917.0,1912.699951171875,1915.0999755859373,165,0.0,0.0,METROPOLIS.NS
2026-01-20 13:00:00+05:30,1915.0,1916.0,1915.0,1916.0,47,0.0,0.0,METROPOLIS.NS
2026-01-20 13:15:00+05:30,1916.0,1918.699951171875,1913.800048828125,1915.4000244140625,183,0.0,0.0,METROPOLIS.NS
2026-01-20 13:30:00+05:30,1915.5,1919.9000244140625,1913.9000244140625,1919.300048828125,524,0.0,0.0,METROPOLIS.NS
2026-01-20 13:45:00+05:30,1919.300048828125,1919.300048828125,1915.300048828125,1917.0999755859373,264,0.0,0.0,METROPOLIS.NS
2026-01-20 14:00:00+05:30,1917.0999755859373,1918.4000244140625,1914.300048828125,1914.300048828125,375,0.0,0.0,METROPOLIS.NS
2026-01-20 14:15:00+05:30,1912.800048828125,1919.9000244140625,1912.699951171875,1918.5,618,0.0,0.0,METROPOLIS.NS
2026-01-20 14:30:00+05:30,1919.9000244140625,1923.199951171875,1919.9000244140625,1923.199951171875,960,0.0,0.0,METROPOLIS.NS
2026-01-20 14:45:00+05:30,1923.199951171875,1933.0999755859373,1923.199951171875,1930.199951171875,1658,0.0,0.0,METROPOLIS.NS
2026-01-20 15:00:00+05:30,1930.5,1930.5,1917.0999755859373,1924.5999755859373,1992,0.0,0.0,METROPOLIS.NS
2026-01-20 15:15:00+05:30,1928.5999755859373,1928.5999755859373,1881.0,1909.5,3655,0.0,0.0,METROPOLIS.NS
2026-01-21 09:15:00+05:30,1875.0,1893.199951171875,1875.0,1886.199951171875,694,0.0,0.0,METROPOLIS.NS
2026-01-21 09:30:00+05:30,1885.0,1891.800048828125,1883.0,1890.699951171875,1033,0.0,0.0,METROPOLIS.NS
2026-01-21 09:45:00+05:30,1888.699951171875,1895.9000244140625,1884.800048828125,1890.5999755859373,1255,0.0,0.0,METROPOLIS.NS
2026-01-21 10:00:00+05:30,1890.5999755859373,1893.9000244140625,1886.300048828125,1890.9000244140625,375,0.0,0.0,METROPOLIS.NS
2026-01-21 10:15:00+05:30,1890.4000244140625,1893.800048828125,1884.800048828125,1885.0,391,0.0,0.0,METROPOLIS.NS
2026-01-21 10:30:00+05:30,1885.0,1885.0,1875.0999755859373,1875.4000244140625,1046,0.0,0.0,METROPOLIS.NS
2026-01-21 10:45:00+05:30,1875.5999755859373,1879.699951171875,1870.0999755859373,1875.699951171875,810,0.0,0.0,METROPOLIS.NS
2026-01-21 11:00:00+05:30,1874.5999755859373,1899.699951171875,1874.5999755859373,1889.699951171875,1059,0.0,0.0,METROPOLIS.NS
2026-01-21 11:15:00+05:30,1887.5,1892.800048828125,1882.199951171875,1889.0,607,0.0,0.0,METROPOLIS.NS
2026-01-21 11:30:00+05:30,1890.0999755859373,1895.800048828125,1885.699951171875,1890.699951171875,278,0.0,0.0,METROPOLIS.NS
2026-01-21 11:45:00+05:30,1889.0999755859373,1894.0,1885.5999755859373,1892.300048828125,294,0.0,0.0,METROPOLIS.NS
2026-01-21 12:00:00+05:30,1890.0999755859373,1908.800048828125,1889.4000244140625,1906.5,356,0.0,0.0,METROPOLIS.NS
2026-01-21 12:15:00+05:30,1906.4000244140625,1907.0,1898.800048828125,1901.800048828125,274,0.0,0.0,METROPOLIS.NS
2026-01-21 12:30:00+05:30,1901.699951171875,1908.800048828125,1899.300048828125,1908.5,194,0.0,0.0,METROPOLIS.NS
2026-01-21 12:45:00+05:30,1906.4000244140625,1910.0,1904.4000244140625,1906.5999755859373,708,0.0,0.0,METROPOLIS.NS
2026-01-21 13:00:00+05:30,1906.5999755859373,1918.0,1906.5999755859373,1910.199951171875,383,0.0,0.0,METROPOLIS.NS
2026-01-21 13:15:00+05:30,1908.5,1914.5,1904.5,1912.5999755859373,1131,0.0,0.0,METROPOLIS.NS
2026-01-21 13:30:00+05:30,1912.5,1913.699951171875,1907.300048828125,1909.4000244140625,215,0.0,0.0,METROPOLIS.NS
2026-01-21 13:45:00+05:30,1909.300048828125,1911.5,1906.800048828125,1909.300048828125,271,0.0,0.0,METROPOLIS.NS
2026-01-21 14:00:00+05:30,1909.300048828125,1910.800048828125,1904.0,1908.699951171875,207,0.0,0.0,METROPOLIS.NS
2026-01-21 14:15:00+05:30,1908.9000244140625,1910.5999755859373,1903.699951171875,1904.9000244140625,563,0.0,0.0,METROPOLIS.NS
2026-01-21 14:30:00+05:30,1906.199951171875,1922.0,1903.699951171875,1922.0,697,0.0,0.0,METROPOLIS.NS
2026-01-21 14:45:00+05:30,1922.0,1922.0,1918.0999755859373,1919.5999755859373,326,0.0,0.0,METROPOLIS.NS
2026-01-21 15:00:00+05:30,1915.800048828125,1949.9000244140625,1906.0,1915.9000244140625,5745,0.0,0.0,METROPOLIS.NS
2026-01-21 15:15:00+05:30,1918.5999755859373,1940.0,1915.800048828125,1927.0,5018,0.0,0.0,METROPOLIS.NS
2026-01-22 09:15:00+05:30,1922.5999755859373,1933.199951171875,1900.199951171875,1908.0999755859373,922,0.0,0.0,METROPOLIS.NS
2026-01-22 09:30:00+05:30,1909.5,1912.0,1906.4000244140625,1908.300048828125,753,0.0,0.0,METROPOLIS.NS
2026-01-22 09:45:00+05:30,1908.199951171875,1909.199951171875,1906.9000244140625,1908.800048828125,228,0.0,0.0,METROPOLIS.NS
2026-01-22 10:00:00+05:30,1908.800048828125,1908.800048828125,1893.0999755859373,1894.0,1190,0.0,0.0,METROPOLIS.NS
2026-01-22 10:15:00+05:30,1894.0,1895.0,1888.5,1888.5,1123,0.0,0.0,METROPOLIS.NS
2026-01-22 10:30:00+05:30,1890.0,1895.0,1887.9000244140625,1892.0,604,0.0,0.0,METROPOLIS.NS
2026-01-22 10:45:00+05:30,1892.0,1893.9000244140625,1889.0,1890.0,629,0.0,0.0,METROPOLIS.NS
2026-01-22 11:00:00+05:30,1890.4000244140625,1896.0,1890.199951171875,1896.0,2573,0.0,0.0,METROPOLIS.NS
2026-01-22 11:15:00+05:30,1894.5999755859373,1895.9000244140625,1886.800048828125,1886.800048828125,1135,0.0,0.0,METROPOLIS.NS
2026-01-22 11:30:00+05:30,1885.0,1891.300048828125,1884.5999755859373,1885.699951171875,1527,0.0,0.0,METROPOLIS.NS
2026-01-22 11:45:00+05:30,1884.5999755859373,1885.199951171875,1876.699951171875,1876.699951171875,1141,0.0,0.0,METROPOLIS.NS
2026-01-22 12:00:00+05:30,1878.800048828125,1878.800048828125,1873.0999755859373,1873.0999755859373,1761,0.0,0.0,METROPOLIS.NS
2026-01-22 12:15:00+05:30,1873.800048828125,1882.0,1873.800048828125,1880.5,977,0.0,0.0,METROPOLIS.NS
2026-01-22 12:30:00+05:30,1881.5999755859373,1887.4000244140625,1876.5999755859373,1885.5999755859373,779,0.0,0.0,METROPOLIS.NS
2026-01-22 12:45:00+05:30,1885.9000244140625,1887.4000244140625,1882.4000244140625,1883.4000244140625,559,0.0,0.0,METROPOLIS.NS
2026-01-22 13:00:00+05:30,1881.5,1900.199951171875,1881.5,1899.4000244140625,905,0.0,0.0,METROPOLIS.NS
2026-01-22 13:15:00+05:30,1900.0,1900.199951171875,1888.5,1889.5999755859373,974,0.0,0.0,METROPOLIS.NS
2026-01-22 13:30:00+05:30,1888.5,1889.699951171875,1882.4000244140625,1882.5999755859373,1024,0.0,0.0,METROPOLIS.NS
2026-01-22 13:45:00+05:30,1883.5,1885.699951171875,1883.0999755859373,1883.5999755859373,765,0.0,0.0,METROPOLIS.NS
2026-01-22 14:00:00+05:30,1882.5999755859373,1886.800048828125,1882.5999755859373,1882.699951171875,486,0.0,0.0,METROPOLIS.NS
2026-01-22 14:15:00+05:30,1882.699951171875,1885.0,1881.0,1884.0,769,0.0,0.0,METROPOLIS.NS
2026-01-22 14:30:00+05:30,1882.800048828125,1886.199951171875,1881.5,1883.699951171875,727,0.0,0.0,METROPOLIS.NS
2026-01-22 14:45:00+05:30,1883.699951171875,1892.9000244140625,1883.699951171875,1892.9000244140625,449,0.0,0.0,METROPOLIS.NS
2026-01-22 15:00:00+05:30,1893.5999755859373,1895.4000244140625,1883.0,1883.300048828125,2698,0.0,0.0,METROPOLIS.NS
2026-01-22 15:15:00+05:30,1883.300048828125,1890.0,1877.5,1885.300048828125,4741,0.0,0.0,METROPOLIS.NS
2026-01-23 09:15:00+05:30,1885.199951171875,1901.9000244140625,1865.0,1869.5,1244,0.0,0.0,METROPOLIS.NS
2026-01-23 09:30:00+05:30,1869.4000244140625,1872.699951171875,1867.0,1867.699951171875,328,0.0,0.0,METROPOLIS.NS
2026-01-23 09:45:00+05:30,1866.0,1866.4000244140625,1863.0,1863.0,684,0.0,0.0,METROPOLIS.NS
2026-01-23 10:00:00+05:30,1863.0,1863.0,1857.9000244140625,1860.0,1971,0.0,0.0,METROPOLIS.NS
2026-01-23 10:15:00+05:30,1860.0,1860.0,1851.0,1851.0999755859373,1700,0.0,0.0,METROPOLIS.NS
2026-01-23 10:30:00+05:30,1851.800048828125,1854.199951171875,1851.199951171875,1852.0,627,0.0,0.0,METROPOLIS.NS
2026-01-23 10:45:00+05:30,1852.0,1852.9000244140625,1852.0,1852.0,509,0.0,0.0,METROPOLIS.NS
2026-01-23 11:00:00+05:30,1852.0,1856.0,1851.199951171875,1851.5,662,0.0,0.0,METROPOLIS.NS
2026-01-23 11:15:00+05:30,1853.4000244140625,1854.699951171875,1851.300048828125,1853.199951171875,332,0.0,0.0,METROPOLIS.NS
2026-01-23 11:30:00+05:30,1852.800048828125,1853.300048828125,1842.699951171875,1844.5,2148,0.0,0.0,METROPOLIS.NS
2026-01-23 11:45:00+05:30,1842.4000244140625,1844.0,1838.0,1842.4000244140625,1150,0.0,0.0,METROPOLIS.NS
2026-01-23 12:00:00+05:30,1842.0,1844.699951171875,1838.0,1838.0,1026,0.0,0.0,METROPOLIS.NS
2026-01-23 12:15:00+05:30,1838.0,1839.0,1835.0999755859373,1835.0999755859373,334,0.0,0.0,METROPOLIS.NS
2026-01-23 12:30:00+05:30,1835.0999755859373,1836.5999755859373,1835.0999755859373,1835.4000244140625,178,0.0,0.0,METROPOLIS.NS
2026-01-23 12:45:00+05:30,1835.4000244140625,1837.9000244140625,1835.199951171875,1835.199951171875,504,0.0,0.0,METROPOLIS.NS
2026-01-23 13:00:00+05:30,1835.199951171875,1838.800048828125,1822.0,1824.4000244140625,1936,0.0,0.0,METROPOLIS.NS
2026-01-23 13:15:00+05:30,1825.0,1825.4000244140625,1811.0,1811.0,2338,0.0,0.0,METROPOLIS.NS
2026-01-23 13:30:00+05:30,1811.0,1811.0,1805.0,1806.5,770,0.0,0.0,METROPOLIS.NS
2026-01-23 13:45:00+05:30,1806.5,1809.9000244140625,1805.0,1809.0,638,0.0,0.0,METROPOLIS.NS
2026-01-23 14:00:00+05:30,1809.0,1838.800048828125,1808.199951171875,1837.5999755859373,8248,0.0,0.0,METROPOLIS.NS
2026-01-23 14:15:00+05:30,1837.5999755859373,1850.5,1837.5999755859373,1850.0,2916,0.0,0.0,METROPOLIS.NS
2026-01-23 14:30:00+05:30,1850.0,1858.0,1850.0,1855.4000244140625,1086,0.0,0.0,METROPOLIS.NS
2026-01-23 14:45:00+05:30,1856.699951171875,1859.300048828125,1854.0,1856.0,4742,0.0,0.0,METROPOLIS.NS
2026-01-23 15:00:00+05:30,1855.0,1858.4000244140625,1820.0,1820.0,2500,0.0,0.0,METROPOLIS.NS
2026-01-23 15:15:00+05:30,1820.0,1820.5999755859373,1791.0,1813.4000244140625,7474,0.0,0.0,METROPOLIS.NS
2026-01-27 09:15:00+05:30,1815.300048828125,1828.9000244140625,1800.0,1820.5,1295,0.0,0.0,METROPOLIS.NS
2026-01-27 09:30:00+05:30,1817.0999755859373,1826.0999755859373,1806.199951171875,1817.0,1183,0.0,0.0,METROPOLIS.NS
2026-01-27 09:45:00+05:30,1819.199951171875,1826.699951171875,1814.0999755859373,1817.9000244140625,803,0.0,0.0,METROPOLIS.NS
2026-01-27 10:00:00+05:30,1818.5,1820.4000244140625,1803.5999755859373,1820.4000244140625,1761,0.0,0.0,METROPOLIS.NS
2026-01-27 10:15:00+05:30,1819.0,1827.699951171875,1800.9000244140625,1800.9000244140625,6608,0.0,0.0,METROPOLIS.NS
2026-01-27 10:30:00+05:30,1803.300048828125,1803.300048828125,1797.300048828125,1798.5,1344,0.0,0.0,METROPOLIS.NS
2026-01-27 10:45:00+05:30,1795.699951171875,1803.9000244140625,1795.4000244140625,1798.0,885,0.0,0.0,METROPOLIS.NS
2026-01-27 11:00:00+05:30,1797.0,1803.699951171875,1797.0,1800.800048828125,588,0.0,0.0,METROPOLIS.NS
2026-01-27 11:15:00+05:30,1800.800048828125,1801.699951171875,1791.0,1791.0,1201,0.0,0.0,METROPOLIS.NS
2026-01-27 11:30:00+05:30,1791.5999755859375,1803.0,1791.5999755859375,1802.9000244140625,539,0.0,0.0,METROPOLIS.NS
2026-01-27 11:45:00+05:30,1801.800048828125,1802.199951171875,1796.5999755859375,1800.5,388,0.0,0.0,METROPOLIS.NS
2026-01-27 12:00:00+05:30,1800.699951171875,1804.5999755859373,1800.300048828125,1804.5999755859373,862,0.0,0.0,METROPOLIS.NS
2026-01-27 12:15:00+05:30,1803.5,1804.4000244140625,1800.0999755859375,1800.5,666,0.0,0.0,METROPOLIS.NS
2026-01-27 12:30:00+05:30,1800.800048828125,1812.9000244140625,1800.800048828125,1810.0,1840,0.0,0.0,METROPOLIS.NS
2026-01-27 12:45:00+05:30,1810.0,1815.5,1807.199951171875,1809.300048828125,661,0.0,0.0,METROPOLIS.NS
2026-01-27 13:00:00+05:30,1808.9000244140625,1812.0,1807.0,1810.699951171875,633,0.0,0.0,METROPOLIS.NS
2026-01-27 13:15:00+05:30,1810.699951171875,1811.800048828125,1810.0,1811.199951171875,266,0.0,0.0,METROPOLIS.NS
2026-01-27 13:30:00+05:30,1810.300048828125,1810.5999755859373,1806.5,1808.800048828125,1416,0.0,0.0,METROPOLIS.NS
2026-01-27 13:45:00+05:30,1811.199951171875,1811.4000244140625,1807.4000244140625,1811.4000244140625,804,0.0,0.0,METROPOLIS.NS
2026-01-27 14:00:00+05:30,1809.199951171875,1812.0,1805.199951171875,1807.4000244140625,837,0.0,0.0,METROPOLIS.NS
2026-01-27 14:15:00+05:30,1806.5,1812.0,1806.5,1812.0,936,0.0,0.0,METROPOLIS.NS
2026-01-27 14:30:00+05:30,1812.0,1816.5999755859373,1810.0,1814.0999755859373,2052,0.0,0.0,METROPOLIS.NS
2026-01-27 14:45:00+05:30,1814.0,1816.9000244140625,1810.0,1816.9000244140625,3152,0.0,0.0,METROPOLIS.NS
2026-01-27 15:00:00+05:30,1817.199951171875,1826.5,1815.0,1825.0,4064,0.0,0.0,METROPOLIS.NS
2026-01-27 15:15:00+05:30,1825.0,1835.4000244140625,1825.0,1825.800048828125,3140,0.0,0.0,METROPOLIS.NS
2026-01-28 09:15:00+05:30,1832.0,1832.0,1807.5,1810.9000244140625,1703,0.0,0.0,METROPOLIS.NS
2026-01-28 09:30:00+05:30,1811.9000244140625,1816.5,1806.800048828125,1806.9000244140625,2282,0.0,0.0,METROPOLIS.NS
2026-01-28 09:45:00+05:30,1806.9000244140625,1810.300048828125,1803.800048828125,1807.4000244140625,1464,0.0,0.0,METROPOLIS.NS
2026-01-28 10:00:00+05:30,1806.300048828125,1809.0,1803.0,1803.5,849,0.0,0.0,METROPOLIS.NS
2026-01-28 10:15:00+05:30,1805.0999755859373,1808.699951171875,1803.199951171875,1804.300048828125,967,0.0,0.0,METROPOLIS.NS
2026-01-28 10:30:00+05:30,1804.300048828125,1809.199951171875,1802.5,1808.199951171875,1368,0.0,0.0,METROPOLIS.NS
2026-01-28 10:45:00+05:30,1808.199951171875,1808.300048828125,1800.0,1800.5,1388,0.0,0.0,METROPOLIS.NS
2026-01-28 11:00:00+05:30,1803.9000244140625,1815.699951171875,1803.9000244140625,1811.800048828125,1414,0.0,0.0,METROPOLIS.NS
2026-01-28 11:15:00+05:30,1809.9000244140625,1817.199951171875,1808.300048828125,1816.0,957,0.0,0.0,METROPOLIS.NS
2026-01-28 11:30:00+05:30,1814.4000244140625,1819.300048828125,1813.5,1815.0,822,0.0,0.0,METROPOLIS.NS
2026-01-28 11:45:00+05:30,1815.0,1816.199951171875,1812.199951171875,1816.199951171875,417,0.0,0.0,METROPOLIS.NS
2026-01-28 12:00:00+05:30,1815.4000244140625,1817.300048828125,1813.5,1815.0999755859373,458,0.0,0.0,METROPOLIS.NS
2026-01-28 12:15:00+05:30,1813.699951171875,1816.300048828125,1810.0999755859373,1811.5999755859373,402,0.0,0.0,METROPOLIS.NS
2026-01-28 12:30:00+05:30,1810.0999755859373,1815.5,1810.0999755859373,1811.699951171875,473,0.0,0.0,METROPOLIS.NS
2026-01-28 12:45:00+05:30,1815.5,1824.5999755859373,1815.5,1823.800048828125,876,0.0,0.0,METROPOLIS.NS
2026-01-28 13:00:00+05:30,1822.9000244140625,1825.0,1821.9000244140625,1822.9000244140625,543,0.0,0.0,METROPOLIS.NS
2026-01-28 13:15:00+05:30,1822.9000244140625,1834.300048828125,1822.9000244140625,1826.300048828125,1034,0.0,0.0,METROPOLIS.NS
2026-01-28 13:30:00+05:30,1823.800048828125,1825.9000244140625,1822.5,1824.800048828125,181,0.0,0.0,METROPOLIS.NS
2026-01-28 13:45:00+05:30,1823.0,1826.9000244140625,1822.9000244140625,1826.5,400,0.0,0.0,METROPOLIS.NS
2026-01-28 14:00:00+05:30,1825.300048828125,1826.4000244140625,1823.199951171875,1824.9000244140625,403,0.0,0.0,METROPOLIS.NS
2026-01-28 14:15:00+05:30,1826.300048828125,1830.5999755859373,1824.9000244140625,1829.0,793,0.0,0.0,METROPOLIS.NS
2026-01-28 14:30:00+05:30,1828.9000244140625,1828.9000244140625,1825.699951171875,1826.800048828125,311,0.0,0.0,METROPOLIS.NS
2026-01-28 14:45:00+05:30,1826.300048828125,1829.699951171875,1826.300048828125,1828.4000244140625,683,0.0,0.0,METROPOLIS.NS
2026-01-28 15:00:00+05:30,1828.4000244140625,1834.800048828125,1826.5,1833.9000244140625,2075,0.0,0.0,METROPOLIS.NS
2026-01-28 15:15:00+05:30,1833.0,1835.0,1825.0,1830.800048828125,4411,0.0,0.0,METROPOLIS.NS
2026-01-29 09:15:00+05:30,1811.9000244140625,1829.199951171875,1805.0999755859373,1808.0,2179,0.0,0.0,METROPOLIS.NS
2026-01-29 09:30:00+05:30,1807.9000244140625,1812.699951171875,1795.0999755859375,1803.5,2390,0.0,0.0,METROPOLIS.NS
2026-01-29 09:45:00+05:30,1801.699951171875,1804.800048828125,1794.9000244140625,1797.0,982,0.0,0.0,METROPOLIS.NS
2026-01-29 10:00:00+05:30,1795.5,1797.5,1793.4000244140625,1794.0,329,0.0,0.0,METROPOLIS.NS
2026-01-29 10:15:00+05:30,1793.4000244140625,1795.9000244140625,1792.5,1792.5,548,0.0,0.0,METROPOLIS.NS
2026-01-29 10:30:00+05:30,1792.0,1792.5,1790.0999755859375,1790.800048828125,265,0.0,0.0,METROPOLIS.NS
2026-01-29 10:45:00+05:30,1790.0999755859375,1790.0999755859375,1786.0,1787.0999755859375,998,0.0,0.0,METROPOLIS.NS
2026-01-29 11:00:00+05:30,1787.0999755859375,1789.300048828125,1783.0999755859375,1785.0,1132,0.0,0.0,METROPOLIS.NS
2026-01-29 11:15:00+05:30,1786.800048828125,1788.5,1781.0,1781.0999755859375,936,0.0,0.0,METROPOLIS.NS
2026-01-29 11:30:00+05:30,1781.5,1782.0999755859375,1776.0,1776.9000244140625,940,0.0,0.0,METROPOLIS.NS
2026-01-29 11:45:00+05:30,1776.9000244140625,1779.300048828125,1775.0,1775.9000244140625,634,0.0,0.0,METROPOLIS.NS
2026-01-29 12:00:00+05:30,1775.0999755859375,1778.699951171875,1768.199951171875,1771.199951171875,5672,0.0,0.0,METROPOLIS.NS
2026-01-29 12:15:00+05:30,1771.199951171875,1771.5999755859375,1767.9000244140625,1771.5999755859375,230,0.0,0.0,METROPOLIS.NS
2026-01-29 12:30:00+05:30,1771.5999755859375,1771.5999755859375,1755.0999755859375,1756.0,2379,0.0,0.0,METROPOLIS.NS
2026-01-29 12:45:00+05:30,1754.9000244140625,1756.0,1751.5999755859375,1751.5999755859375,1947,0.0,0.0,METROPOLIS.NS
2026-01-29 13:00:00+05:30,1751.800048828125,1753.5999755859375,1749.5999755859375,1752.0,2357,0.0,0.0,METROPOLIS.NS
2026-01-29 13:15:00+05:30,1752.0,1755.9000244140625,1748.300048828125,1753.800048828125,1547,0.0,0.0,METROPOLIS.NS
2026-01-29 13:30:00+05:30,1753.4000244140625,1755.9000244140625,1750.300048828125,1755.0,544,0.0,0.0,METROPOLIS.NS
2026-01-29 13:45:00+05:30,1755.0,1788.0,1750.0,1785.0,7294,0.0,0.0,METROPOLIS.NS
2026-01-29 14:00:00+05:30,1785.0,1801.0,1781.0999755859375,1793.699951171875,11328,0.0,0.0,METROPOLIS.NS
2026-01-29 14:15:00+05:30,1793.5999755859375,1802.0,1792.0,1800.199951171875,1596,0.0,0.0,METROPOLIS.NS
2026-01-29 14:30:00+05:30,1800.0,1801.0,1794.9000244140625,1794.9000244140625,2563,0.0,0.0,METROPOLIS.NS
2026-01-29 14:45:00+05:30,1795.300048828125,1811.5,1795.300048828125,1811.0999755859373,4801,0.0,0.0,METROPOLIS.NS
2026-01-29 15:00:00+05:30,1811.5,1812.5,1796.0999755859375,1802.4000244140625,7623,0.0,0.0,METROPOLIS.NS
2026-01-29 15:15:00+05:30,1808.5,1810.699951171875,1800.0,1803.199951171875,3891,0.0,0.0,METROPOLIS.NS
2026-01-30 09:15:00+05:30,1809.0,1809.0,1773.800048828125,1780.0,1559,0.0,0.0,METROPOLIS.NS
2026-01-30 09:30:00+05:30,1780.0,1805.4000244140625,1780.0,1796.9000244140625,1550,0.0,0.0,METROPOLIS.NS
2026-01-30 09:45:00+05:30,1796.5999755859375,1807.800048828125,1793.800048828125,1799.0,956,0.0,0.0,METROPOLIS.NS
2026-01-30 10:00:00+05:30,1799.300048828125,1804.300048828125,1797.0,1801.699951171875,688,0.0,0.0,METROPOLIS.NS
2026-01-30 10:15:00+05:30,1804.0,1807.699951171875,1802.0,1807.699951171875,746,0.0,0.0,METROPOLIS.NS
2026-01-30 10:30:00+05:30,1807.9000244140625,1818.5,1807.9000244140625,1818.5,822,0.0,0.0,METROPOLIS.NS
2026-01-30 10:45:00+05:30,1818.4000244140625,1824.300048828125,1816.199951171875,1818.199951171875,572,0.0,0.0,METROPOLIS.NS
2026-01-30 11:00:00+05:30,1816.5999755859373,1818.5999755859373,1806.0,1812.5,1025,0.0,0.0,METROPOLIS.NS
2026-01-30 11:15:00+05:30,1815.0,1819.9000244140625,1812.4000244140625,1813.5,478,0.0,0.0,METROPOLIS.NS
2026-01-30 11:30:00+05:30,1816.4000244140625,1818.9000244140625,1811.5999755859373,1815.4000244140625,327,0.0,0.0,METROPOLIS.NS
2026-01-30 11:45:00+05:30,1815.5,1824.300048828125,1815.5,1820.800048828125,554,0.0,0.0,METROPOLIS.NS
2026-01-30 12:00:00+05:30,1819.699951171875,1822.199951171875,1818.0,1818.0,280,0.0,0.0,METROPOLIS.NS
2026-01-30 12:15:00+05:30,1819.800048828125,1823.9000244140625,1818.199951171875,1818.199951171875,320,0.0,0.0,METROPOLIS.NS
2026-01-30 12:30:00+05:30,1819.300048828125,1820.0,1817.9000244140625,1818.0,401,0.0,0.0,METROPOLIS.NS
2026-01-30 12:45:00+05:30,1817.199951171875,1820.0,1817.0999755859373,1818.300048828125,320,0.0,0.0,METROPOLIS.NS
2026-01-30 13:00:00+05:30,1818.0,1826.199951171875,1818.0,1825.0,887,0.0,0.0,METROPOLIS.NS
2026-01-30 13:15:00+05:30,1826.699951171875,1827.0,1818.0,1824.9000244140625,750,0.0,0.0,METROPOLIS.NS
2026-01-30 13:30:00+05:30,1824.699951171875,1826.199951171875,1820.5999755859373,1826.199951171875,362,0.0,0.0,METROPOLIS.NS
2026-01-30 13:45:00+05:30,1827.199951171875,1831.5,1826.0999755859373,1827.199951171875,382,0.0,0.0,METROPOLIS.NS
2026-01-30 14:00:00+05:30,1803.199951171875,1829.199951171875,1803.199951171875,1825.0999755859373,267,0.0,0.0,METROPOLIS.NS
2026-01-30 14:15:00+05:30,1827.9000244140625,1829.9000244140625,1823.199951171875,1823.199951171875,468,0.0,0.0,METROPOLIS.NS
2026-01-30 14:30:00+05:30,1824.0,1824.0,1813.0999755859373,1818.199951171875,1090,0.0,0.0,METROPOLIS.NS
2026-01-30 14:45:00+05:30,1818.199951171875,1837.699951171875,1818.199951171875,1836.0,1112,0.0,0.0,METROPOLIS.NS
2026-01-30 15:00:00+05:30,1836.4000244140625,1845.0,1822.5,1827.0,1833,0.0,0.0,METROPOLIS.NS
2026-01-30 15:15:00+05:30,1825.4000244140625,1922.5999755859373,1812.0,1873.0,13805,0.0,0.0,METROPOLIS.NS
2026-02-02 15:15:00+05:30,1906.9000244140625,1906.9000244140625,1906.9000244140625,1906.9000244140625,0,0.0,0.0,METROPOLIS.NS
2026-02-03 09:15:00+05:30,1940.9000244140625,1940.9000244140625,1890.0,1890.0,5643,0.0,0.0,METROPOLIS.NS
2026-02-03 09:30:00+05:30,1889.800048828125,1889.800048828125,1880.5999755859373,1885.0,1492,0.0,0.0,METROPOLIS.NS
2026-02-03 09:45:00+05:30,1883.4000244140625,1902.300048828125,1880.699951171875,1882.199951171875,2052,0.0,0.0,METROPOLIS.NS
2026-02-03 10:00:00+05:30,1882.0999755859373,1910.300048828125,1876.0999755859373,1906.9000244140625,6645,0.0,0.0,METROPOLIS.NS
2026-02-03 10:15:00+05:30,1906.9000244140625,1909.0999755859373,1894.0999755859373,1894.0999755859373,4581,0.0,0.0,METROPOLIS.NS
2026-02-03 10:30:00+05:30,1893.300048828125,1914.0999755859373,1893.300048828125,1907.4000244140625,2574,0.0,0.0,METROPOLIS.NS
2026-02-03 10:45:00+05:30,1908.4000244140625,1910.699951171875,1904.0,1907.0,618,0.0,0.0,METROPOLIS.NS
2026-02-03 11:00:00+05:30,1908.4000244140625,1920.0,1905.0,1909.300048828125,1597,0.0,0.0,METROPOLIS.NS
2026-02-03 11:15:00+05:30,1908.199951171875,1913.0,1908.199951171875,1912.5,608,0.0,0.0,METROPOLIS.NS
2026-02-03 11:30:00+05:30,1912.5,1915.0,1911.5999755859373,1915.0,305,0.0,0.0,METROPOLIS.NS
2026-02-03 11:45:00+05:30,1915.0,1915.0,1908.5999755859373,1909.4000244140625,1311,0.0,0.0,METROPOLIS.NS
2026-02-03 12:00:00+05:30,1907.4000244140625,1912.0,1902.9000244140625,1906.5,700,0.0,0.0,METROPOLIS.NS
2026-02-03 12:15:00+05:30,1906.300048828125,1906.4000244140625,1904.9000244140625,1905.0,226,0.0,0.0,METROPOLIS.NS
2026-02-03 12:30:00+05:30,1905.0,1907.0,1901.0,1907.0,395,0.0,0.0,METROPOLIS.NS
2026-02-03 12:45:00+05:30,1906.0999755859373,1907.0,1904.5,1904.5,225,0.0,0.0,METROPOLIS.NS
2026-02-03 13:00:00+05:30,1904.699951171875,1906.5999755859373,1902.0,1906.5999755859373,352,0.0,0.0,METROPOLIS.NS
2026-02-03 13:15:00+05:30,1906.699951171875,1915.0,1906.0,1913.5999755859373,1077,0.0,0.0,METROPOLIS.NS
2026-02-03 13:30:00+05:30,1913.0,1914.300048828125,1911.5999755859373,1912.0,222,0.0,0.0,METROPOLIS.NS
2026-02-03 13:45:00+05:30,1912.0,1912.0,1907.0,1909.0999755859373,460,0.0,0.0,METROPOLIS.NS
2026-02-03 14:00:00+05:30,1907.5,1907.5,1906.5,1907.0,99,0.0,0.0,METROPOLIS.NS
2026-02-03 14:15:00+05:30,1907.199951171875,1908.4000244140625,1905.0,1908.0,186,0.0,0.0,METROPOLIS.NS
2026-02-03 14:30:00+05:30,1908.800048828125,1910.9000244140625,1907.0999755859373,1910.0,499,0.0,0.0,METROPOLIS.NS
2026-02-03 14:45:00+05:30,1910.0,1910.9000244140625,1903.0999755859373,1909.5999755859373,2625,0.0,0.0,METROPOLIS.NS
2026-02-03 15:00:00+05:30,1909.5999755859373,1910.199951171875,1896.0999755859373,1903.199951171875,3930,0.0,0.0,METROPOLIS.NS
2026-02-03 15:15:00+05:30,1903.9000244140625,1910.9000244140625,1895.199951171875,1904.300048828125,3385,0.0,0.0,METROPOLIS.NS
2026-02-04 09:15:00+05:30,1898.5999755859373,1915.300048828125,1871.199951171875,1878.9000244140625,1130,0.0,0.0,METROPOLIS.NS
2026-02-04 09:30:00+05:30,1879.0999755859373,1882.699951171875,1878.800048828125,1881.300048828125,797,0.0,0.0,METROPOLIS.NS
2026-02-04 09:45:00+05:30,1879.4000244140625,1890.800048828125,1879.4000244140625,1887.800048828125,1022,0.0,0.0,METROPOLIS.NS
2026-02-04 10:00:00+05:30,1884.5999755859373,1885.0999755859373,1880.0,1881.9000244140625,1000,0.0,0.0,METROPOLIS.NS
2026-02-04 10:15:00+05:30,1882.0,1883.0999755859373,1876.5,1878.199951171875,914,0.0,0.0,METROPOLIS.NS
2026-02-04 10:30:00+05:30,1876.699951171875,1877.0,1871.0,1871.199951171875,713,0.0,0.0,METROPOLIS.NS
2026-02-04 10:45:00+05:30,1872.300048828125,1878.0,1870.5999755859373,1873.199951171875,835,0.0,0.0,METROPOLIS.NS
2026-02-04 11:00:00+05:30,1873.199951171875,1873.199951171875,1865.0,1865.0,922,0.0,0.0,METROPOLIS.NS
2026-02-04 11:15:00+05:30,1865.0,1867.5,1862.5999755859373,1866.0,383,0.0,0.0,METROPOLIS.NS
2026-02-04 11:30:00+05:30,1866.0,1870.5999755859373,1861.699951171875,1861.699951171875,973,0.0,0.0,METROPOLIS.NS
2026-02-04 11:45:00+05:30,1861.5,1862.9000244140625,1856.0,1857.699951171875,1324,0.0,0.0,METROPOLIS.NS
2026-02-04 12:00:00+05:30,1857.800048828125,1861.800048828125,1857.699951171875,1861.699951171875,1301,0.0,0.0,METROPOLIS.NS
2026-02-04 12:15:00+05:30,1860.5999755859373,1865.0,1860.5999755859373,1863.699951171875,153,0.0,0.0,METROPOLIS.NS
2026-02-04 12:30:00+05:30,1863.699951171875,1875.800048828125,1861.0,1871.0999755859373,1824,0.0,0.0,METROPOLIS.NS
2026-02-04 12:45:00+05:30,1872.0,1875.0,1865.0,1870.300048828125,1349,0.0,0.0,METROPOLIS.NS
2026-02-04 13:00:00+05:30,1869.9000244140625,1873.699951171875,1868.0,1873.699951171875,442,0.0,0.0,METROPOLIS.NS
2026-02-04 13:15:00+05:30,1874.0,1874.0,1862.199951171875,1865.4000244140625,1528,0.0,0.0,METROPOLIS.NS
2026-02-04 13:30:00+05:30,1866.199951171875,1870.9000244140625,1865.5999755859373,1868.800048828125,260,0.0,0.0,METROPOLIS.NS
2026-02-04 13:45:00+05:30,1868.800048828125,1869.0999755859373,1865.0,1865.0,364,0.0,0.0,METROPOLIS.NS
2026-02-04 14:00:00+05:30,1866.4000244140625,1870.199951171875,1855.0999755859373,1869.300048828125,2833,0.0,0.0,METROPOLIS.NS
2026-02-04 14:15:00+05:30,1876.5,1887.0999755859373,1869.699951171875,1875.9000244140625,2569,0.0,0.0,METROPOLIS.NS
2026-02-04 14:30:00+05:30,1875.0,1883.0,1875.0,1882.0999755859373,588,0.0,0.0,METROPOLIS.NS
2026-02-04 14:45:00+05:30,1881.0,1883.0999755859373,1878.0,1878.0,1788,0.0,0.0,METROPOLIS.NS
2026-02-04 15:00:00+05:30,1879.5999755859373,1895.0,1879.5999755859373,1891.0,7849,0.0,0.0,METROPOLIS.NS
2026-02-04 15:15:00+05:30,1888.0,1915.0,1888.0,1899.5999755859373,7434,0.0,0.0,METROPOLIS.NS
2026-02-05 09:15:00+05:30,1935.9000244140625,1973.5,1920.0,1928.5999755859373,29278,0.0,0.0,METROPOLIS.NS
2026-02-05 09:30:00+05:30,1928.5999755859373,1930.0,1910.0999755859373,1910.0999755859373,30748,0.0,0.0,METROPOLIS.NS
2026-02-05 09:45:00+05:30,1911.300048828125,1930.0,1909.0,1928.0,10081,0.0,0.0,METROPOLIS.NS
2026-02-05 10:00:00+05:30,1928.0,1928.0,1919.4000244140625,1923.0,3541,0.0,0.0,METROPOLIS.NS
2026-02-05 10:15:00+05:30,1923.0,1923.0,1916.0,1916.0999755859373,3666,0.0,0.0,METROPOLIS.NS
2026-02-05 10:30:00+05:30,1916.199951171875,1922.0,1915.5,1920.0999755859373,2082,0.0,0.0,METROPOLIS.NS
2026-02-05 10:45:00+05:30,1920.0999755859373,1928.5999755859373,1919.800048828125,1920.5999755859373,6104,0.0,0.0,METROPOLIS.NS
2026-02-05 11:00:00+05:30,1920.5999755859373,1923.0999755859373,1920.0,1921.0,2733,0.0,0.0,METROPOLIS.NS
2026-02-05 11:15:00+05:30,1921.0999755859373,1921.4000244140625,1916.300048828125,1921.4000244140625,2500,0.0,0.0,METROPOLIS.NS
2026-02-05 11:30:00+05:30,1921.300048828125,1921.800048828125,1918.0999755859373,1918.0999755859373,1171,0.0,0.0,METROPOLIS.NS
2026-02-05 11:45:00+05:30,1918.0999755859373,1920.5999755859373,1916.300048828125,1918.0,941,0.0,0.0,METROPOLIS.NS
2026-02-05 12:00:00+05:30,1917.5999755859373,1920.4000244140625,1916.9000244140625,1920.4000244140625,1022,0.0,0.0,METROPOLIS.NS
2026-02-05 12:15:00+05:30,1919.300048828125,1919.9000244140625,1916.9000244140625,1917.0,229,0.0,0.0,METROPOLIS.NS
2026-02-05 12:30:00+05:30,1918.199951171875,1923.0,1916.5999755859373,1920.199951171875,2648,0.0,0.0,METROPOLIS.NS
2026-02-05 12:45:00+05:30,1920.199951171875,1922.4000244140625,1919.0,1921.699951171875,907,0.0,0.0,METROPOLIS.NS
2026-02-05 13:00:00+05:30,1923.9000244140625,1924.0,1920.5,1922.0999755859373,2245,0.0,0.0,METROPOLIS.NS
2026-02-05 13:15:00+05:30,1922.0999755859373,1943.0,1922.0999755859373,1939.9000244140625,13800,0.0,0.0,METROPOLIS.NS
2026-02-05 13:30:00+05:30,1938.800048828125,1949.300048828125,1935.9000244140625,1946.9000244140625,10259,0.0,0.0,METROPOLIS.NS
2026-02-05 13:45:00+05:30,1947.0,1988.5,1947.0,1980.5,30581,0.0,0.0,METROPOLIS.NS
2026-02-05 14:00:00+05:30,1980.5,2035.699951171875,1960.0999755859373,2031.800048828125,46078,0.0,0.0,METROPOLIS.NS
2026-02-05 14:15:00+05:30,2032.0999755859373,2044.0,1994.9000244140625,1997.800048828125,90515,0.0,0.0,METROPOLIS.NS
2026-02-05 14:30:00+05:30,1998.9000244140625,2002.199951171875,1982.4000244140625,1992.5,23651,0.0,0.0,METROPOLIS.NS
2026-02-05 14:45:00+05:30,1993.9000244140625,2000.300048828125,1990.699951171875,1995.5999755859373,10953,0.0,0.0,METROPOLIS.NS
2026-02-05 15:00:00+05:30,1996.0999755859373,1996.0999755859373,1962.199951171875,1964.9000244140625,17288,0.0,0.0,METROPOLIS.NS
2026-02-05 15:15:00+05:30,1965.0,1982.9000244140625,1951.800048828125,1969.0,25757,0.0,0.0,METROPOLIS.NS
2026-02-06 09:15:00+05:30,1979.0999755859373,1994.0,1962.0999755859373,1988.4000244140625,6436,0.0,0.0,METROPOLIS.NS
2026-02-06 09:30:00+05:30,1986.0,1999.0,1983.0999755859373,1998.4000244140625,4968,0.0,0.0,METROPOLIS.NS
2026-02-06 09:45:00+05:30,1998.300048828125,2016.0,1998.300048828125,2007.4000244140625,9931,0.0,0.0,METROPOLIS.NS
2026-02-06 10:00:00+05:30,2007.5999755859373,2020.0,2002.199951171875,2013.199951171875,5047,0.0,0.0,METROPOLIS.NS
2026-02-06 10:15:00+05:30,2017.300048828125,2020.0,2012.300048828125,2013.5999755859373,3484,0.0,0.0,METROPOLIS.NS
2026-02-06 10:30:00+05:30,2013.5999755859373,2019.800048828125,2009.4000244140625,2013.4000244140625,2715,0.0,0.0,METROPOLIS.NS
2026-02-06 10:45:00+05:30,2011.0,2013.5,2003.5,2007.0,2289,0.0,0.0,METROPOLIS.NS
2026-02-06 11:00:00+05:30,2007.0,2008.0,2004.5,2006.0,1273,0.0,0.0,METROPOLIS.NS
2026-02-06 11:15:00+05:30,2006.0,2010.800048828125,2005.699951171875,2010.300048828125,973,0.0,0.0,METROPOLIS.NS
2026-02-06 11:30:00+05:30,2008.0,2012.199951171875,2008.0,2009.5,621,0.0,0.0,METROPOLIS.NS
2026-02-06 11:45:00+05:30,2009.4000244140625,2014.0,2009.0999755859373,2011.4000244140625,500,0.0,0.0,METROPOLIS.NS
2026-02-06 12:00:00+05:30,2011.9000244140625,2015.0,2010.0,2011.0,2140,0.0,0.0,METROPOLIS.NS
2026-02-06 12:15:00+05:30,2011.0,2020.0,2009.4000244140625,2017.199951171875,3446,0.0,0.0,METROPOLIS.NS
2026-02-06 12:30:00+05:30,2017.199951171875,2017.199951171875,2011.300048828125,2015.0,581,0.0,0.0,METROPOLIS.NS
2026-02-06 12:45:00+05:30,2016.5,2017.199951171875,2014.800048828125,2017.199951171875,493,0.0,0.0,METROPOLIS.NS
2026-02-06 13:00:00+05:30,2015.5,2017.0999755859373,2011.0,2012.199951171875,957,0.0,0.0,METROPOLIS.NS
2026-02-06 13:15:00+05:30,2011.5999755859373,2013.0,2003.0999755859373,2007.699951171875,2724,0.0,0.0,METROPOLIS.NS
2026-02-06 13:30:00+05:30,2005.0,2007.300048828125,2003.300048828125,2005.199951171875,751,0.0,0.0,METROPOLIS.NS
2026-02-06 13:45:00+05:30,2004.4000244140625,2012.9000244140625,2003.300048828125,2008.0,879,0.0,0.0,METROPOLIS.NS
2026-02-06 14:00:00+05:30,2008.0,2012.699951171875,2008.0,2010.0,805,0.0,0.0,METROPOLIS.NS
2026-02-06 14:15:00+05:30,2011.9000244140625,2015.5,2010.199951171875,2013.199951171875,1110,0.0,0.0,METROPOLIS.NS
2026-02-06 14:30:00+05:30,2011.0999755859373,2023.800048828125,2011.0999755859373,2020.4000244140625,2928,0.0,0.0,METROPOLIS.NS
2026-02-06 14:45:00+05:30,2020.4000244140625,2027.199951171875,1991.199951171875,1993.199951171875,6759,0.0,0.0,METROPOLIS.NS
2026-02-06 15:00:00+05:30,1992.800048828125,1998.4000244140625,1983.0,1992.800048828125,8748,0.0,0.0,METROPOLIS.NS
2026-02-06 15:15:00+05:30,1995.4000244140625,1999.199951171875,1980.0,1986.9000244140625,7089,0.0,0.0,METROPOLIS.NS
2026-02-09 09:15:00+05:30,2010.0,2015.0,1993.4000244140625,2011.800048828125,1417,0.0,0.0,METROPOLIS.NS
2026-02-09 09:30:00+05:30,2012.0,2012.0,1991.4000244140625,1995.0999755859373,2579,0.0,0.0,METROPOLIS.NS
2026-02-09 09:45:00+05:30,1995.4000244140625,1998.0,1987.300048828125,1997.800048828125,1325,0.0,0.0,METROPOLIS.NS
2026-02-09 10:00:00+05:30,1997.5,1997.699951171875,1993.0,1996.699951171875,956,0.0,0.0,METROPOLIS.NS
2026-02-09 10:15:00+05:30,1995.0999755859373,2000.0,1994.5999755859373,1998.0,375,0.0,0.0,METROPOLIS.NS
2026-02-09 10:30:00+05:30,1999.5999755859373,2000.0,1995.199951171875,1996.9000244140625,1126,0.0,0.0,METROPOLIS.NS
2026-02-09 10:45:00+05:30,1995.199951171875,1996.9000244140625,1990.0999755859373,1992.699951171875,356,0.0,0.0,METROPOLIS.NS
2026-02-09 11:00:00+05:30,1992.5,1995.0999755859373,1988.699951171875,1990.0,731,0.0,0.0,METROPOLIS.NS
2026-02-09 11:15:00+05:30,1990.0,1994.4000244140625,1988.699951171875,1994.4000244140625,264,0.0,0.0,METROPOLIS.NS
2026-02-09 11:30:00+05:30,1995.0,1995.0,1992.0,1994.9000244140625,255,0.0,0.0,METROPOLIS.NS
2026-02-09 11:45:00+05:30,1993.300048828125,2000.0,1992.0,2000.0,668,0.0,0.0,METROPOLIS.NS
2026-02-09 12:00:00+05:30,1998.699951171875,2000.0,1998.5,1998.5,151,0.0,0.0,METROPOLIS.NS
2026-02-09 12:15:00+05:30,1998.300048828125,2000.0,1997.5,1997.5,178,0.0,0.0,METROPOLIS.NS
2026-02-09 12:30:00+05:30,1999.4000244140625,1999.4000244140625,1972.0999755859373,1973.9000244140625,7338,0.0,0.0,METROPOLIS.NS
2026-02-09 12:45:00+05:30,1973.9000244140625,1984.4000244140625,1973.9000244140625,1982.800048828125,1351,0.0,0.0,METROPOLIS.NS
2026-02-09 13:00:00+05:30,1984.800048828125,1994.300048828125,1983.0999755859373,1988.0,978,0.0,0.0,METROPOLIS.NS
2026-02-09 13:15:00+05:30,1990.0,1990.0,1984.800048828125,1986.800048828125,1052,0.0,0.0,METROPOLIS.NS
2026-02-09 13:30:00+05:30,1986.800048828125,1987.300048828125,1983.699951171875,1985.5,911,0.0,0.0,METROPOLIS.NS
2026-02-09 13:45:00+05:30,1987.5,1992.699951171875,1983.300048828125,1990.300048828125,725,0.0,0.0,METROPOLIS.NS
2026-02-09 14:00:00+05:30,1996.0,1996.0,1983.199951171875,1983.199951171875,976,0.0,0.0,METROPOLIS.NS
2026-02-09 14:15:00+05:30,1983.0999755859373,1990.0999755859373,1983.0999755859373,1988.300048828125,334,0.0,0.0,METROPOLIS.NS
2026-02-09 14:30:00+05:30,1988.300048828125,1988.9000244140625,1987.0,1988.300048828125,951,0.0,0.0,METROPOLIS.NS
2026-02-09 14:45:00+05:30,1988.9000244140625,1994.800048828125,1988.0,1989.0,731,0.0,0.0,METROPOLIS.NS
2026-02-09 15:00:00+05:30,1990.5999755859373,2001.0,1988.5,2001.0,6334,0.0,0.0,METROPOLIS.NS
2026-02-09 15:15:00+05:30,2001.0,2001.0,1993.0,1999.4000244140625,7588,0.0,0.0,METROPOLIS.NS
2026-02-10 09:15:00+05:30,2000.0,2000.5,1993.5999755859373,1994.199951171875,357,0.0,0.0,METROPOLIS.NS
2026-02-10 09:30:00+05:30,1996.800048828125,2007.800048828125,1995.300048828125,2005.9000244140625,1223,0.0,0.0,METROPOLIS.NS
2026-02-10 09:45:00+05:30,2005.800048828125,2006.199951171875,2004.0,2005.199951171875,657,0.0,0.0,METROPOLIS.NS
2026-02-10 10:00:00+05:30,2005.0,2007.699951171875,1996.699951171875,1998.199951171875,864,0.0,0.0,METROPOLIS.NS
2026-02-10 10:15:00+05:30,1998.0999755859373,2002.0,1995.699951171875,2002.0,416,0.0,0.0,METROPOLIS.NS
2026-02-10 10:30:00+05:30,2000.699951171875,2001.9000244140625,2000.0999755859373,2000.0999755859373,153,0.0,0.0,METROPOLIS.NS
2026-02-10 10:45:00+05:30,2000.0,2015.0,2000.0,2012.0,1800,0.0,0.0,METROPOLIS.NS
2026-02-10 11:00:00+05:30,2012.0,2014.5999755859373,2012.0,2012.4000244140625,206,0.0,0.0,METROPOLIS.NS
2026-02-10 11:15:00+05:30,2012.4000244140625,2013.9000244140625,2008.0,2009.300048828125,291,0.0,0.0,METROPOLIS.NS
2026-02-10 11:30:00+05:30,2009.300048828125,2011.300048828125,1999.9000244140625,2000.800048828125,799,0.0,0.0,METROPOLIS.NS
2026-02-10 11:45:00+05:30,2000.800048828125,2005.5,2000.699951171875,2002.699951171875,241,0.0,0.0,METROPOLIS.NS
2026-02-10 12:00:00+05:30,2002.699951171875,2006.300048828125,1999.5,2000.0,223,0.0,0.0,METROPOLIS.NS
2026-02-10 12:15:00+05:30,2000.0,2002.5,1999.0999755859373,2000.300048828125,159,0.0,0.0,METROPOLIS.NS
2026-02-10 12:30:00+05:30,2001.9000244140625,2007.0,2001.9000244140625,2007.0,177,0.0,0.0,METROPOLIS.NS
2026-02-10 12:45:00+05:30,2005.300048828125,2010.0,2005.300048828125,2009.4000244140625,197,0.0,0.0,METROPOLIS.NS
2026-02-10 13:00:00+05:30,2009.9000244140625,2009.9000244140625,2006.199951171875,2008.0,215,0.0,0.0,METROPOLIS.NS
2026-02-10 13:15:00+05:30,2008.0,2008.0,2004.199951171875,2007.0999755859373,284,0.0,0.0,METROPOLIS.NS
2026-02-10 13:30:00+05:30,2007.0999755859373,2008.0,1999.5999755859373,2000.4000244140625,433,0.0,0.0,METROPOLIS.NS
2026-02-10 13:45:00+05:30,2000.4000244140625,2003.199951171875,2000.199951171875,2001.199951171875,163,0.0,0.0,METROPOLIS.NS
2026-02-10 14:00:00+05:30,2001.199951171875,2003.9000244140625,1998.5999755859373,1999.0,461,0.0,0.0,METROPOLIS.NS
2026-02-10 14:15:00+05:30,1999.4000244140625,2004.0,1999.300048828125,2000.0,352,0.0,0.0,METROPOLIS.NS
2026-02-10 14:30:00+05:30,2000.0,2002.5999755859373,1998.0999755859373,1998.9000244140625,252,0.0,0.0,METROPOLIS.NS
2026-02-10 14:45:00+05:30,1998.9000244140625,2004.0,1998.0999755859373,2002.5999755859373,377,0.0,0.0,METROPOLIS.NS
2026-02-10 15:00:00+05:30,2002.5,2013.5,2002.5,2010.0,2013,0.0,0.0,METROPOLIS.NS
2026-02-10 15:15:00+05:30,2011.699951171875,2013.0,1993.800048828125,1993.800048828125,2541,0.0,0.0,METROPOLIS.NS
2026-02-11 09:15:00+05:30,1995.0,2011.800048828125,1995.0,2001.0,843,0.0,0.0,METROPOLIS.NS
2026-02-11 09:30:00+05:30,2004.800048828125,2007.5999755859373,1998.5999755859373,2000.199951171875,514,0.0,0.0,METROPOLIS.NS
2026-02-11 09:45:00+05:30,2000.199951171875,2011.800048828125,2000.199951171875,2009.5,385,0.0,0.0,METROPOLIS.NS
2026-02-11 10:00:00+05:30,2009.4000244140625,2010.0,1999.0,2001.0,625,0.0,0.0,METROPOLIS.NS
2026-02-11 10:15:00+05:30,2001.0,2003.300048828125,1998.0999755859373,1998.0999755859373,515,0.0,0.0,METROPOLIS.NS
2026-02-11 10:30:00+05:30,1999.0,2002.9000244140625,1998.0999755859373,1998.0999755859373,262,0.0,0.0,METROPOLIS.NS
2026-02-11 10:45:00+05:30,1999.300048828125,2000.5,1996.5999755859373,2000.5,165,0.0,0.0,METROPOLIS.NS
2026-02-11 11:00:00+05:30,2000.4000244140625,2000.4000244140625,1997.4000244140625,1998.199951171875,165,0.0,0.0,METROPOLIS.NS
2026-02-11 11:15:00+05:30,1998.4000244140625,1998.800048828125,1996.0,1996.0,417,0.0,0.0,METROPOLIS.NS
2026-02-11 11:30:00+05:30,1996.0,1996.0,1992.0,1993.300048828125,297,0.0,0.0,METROPOLIS.NS
2026-02-11 11:45:00+05:30,1994.699951171875,1994.9000244140625,1993.0,1994.800048828125,156,0.0,0.0,METROPOLIS.NS
2026-02-11 12:00:00+05:30,1993.0,1994.800048828125,1988.5,1991.0999755859373,635,0.0,0.0,METROPOLIS.NS
2026-02-11 12:15:00+05:30,1991.0999755859373,1992.0,1987.9000244140625,1991.9000244140625,363,0.0,0.0,METROPOLIS.NS
2026-02-11 12:30:00+05:30,1992.800048828125,1993.4000244140625,1990.0,1992.199951171875,171,0.0,0.0,METROPOLIS.NS
2026-02-11 12:45:00+05:30,1991.9000244140625,1997.0,1990.0999755859373,1997.0,248,0.0,0.0,METROPOLIS.NS
2026-02-11 13:00:00+05:30,1997.5,1997.9000244140625,1995.5,1997.4000244140625,62,0.0,0.0,METROPOLIS.NS
2026-02-11 13:15:00+05:30,1997.4000244140625,2000.0,1995.800048828125,2000.0,300,0.0,0.0,METROPOLIS.NS
2026-02-11 13:30:00+05:30,2000.0,2005.0,1999.5999755859373,2005.0,340,0.0,0.0,METROPOLIS.NS
2026-02-11 13:45:00+05:30,2005.0,2008.0,2001.300048828125,2004.800048828125,573,0.0,0.0,METROPOLIS.NS
2026-02-11 14:00:00+05:30,2007.0,2007.0,1988.0,1993.800048828125,760,0.0,0.0,METROPOLIS.NS
2026-02-11 14:15:00+05:30,1996.0999755859373,1998.0,1991.5999755859373,1997.9000244140625,279,0.0,0.0,METROPOLIS.NS
2026-02-11 14:30:00+05:30,1998.0999755859373,1999.0,1994.0,1995.0,249,0.0,0.0,METROPOLIS.NS
2026-02-11 14:45:00+05:30,1995.699951171875,2003.0999755859373,1995.699951171875,2001.0999755859373,512,0.0,0.0,METROPOLIS.NS
2026-02-11 15:00:00+05:30,2001.5,2002.199951171875,1994.5999755859373,1999.5,1682,0.0,0.0,METROPOLIS.NS
2026-02-11 15:15:00+05:30,1999.0,2001.4000244140625,1993.699951171875,1999.0,1462,0.0,0.0,METROPOLIS.NS
2026-02-12 09:15:00+05:30,1990.0,2004.9000244140625,1973.300048828125,1980.800048828125,249,0.0,0.0,METROPOLIS.NS
2026-02-12 09:30:00+05:30,1980.800048828125,1986.5999755859373,1978.199951171875,1986.4000244140625,292,0.0,0.0,METROPOLIS.NS
2026-02-12 09:45:00+05:30,1988.0,1989.9000244140625,1985.800048828125,1988.4000244140625,408,0.0,0.0,METROPOLIS.NS
2026-02-12 10:00:00+05:30,1988.4000244140625,1988.4000244140625,1985.0999755859373,1987.5999755859373,138,0.0,0.0,METROPOLIS.NS
2026-02-12 10:15:00+05:30,1987.5999755859373,1990.0,1985.4000244140625,1987.199951171875,162,0.0,0.0,METROPOLIS.NS
2026-02-12 10:30:00+05:30,1988.800048828125,1993.0999755859373,1986.300048828125,1993.0999755859373,157,0.0,0.0,METROPOLIS.NS
2026-02-12 10:45:00+05:30,1988.0,1990.699951171875,1986.199951171875,1986.9000244140625,105,0.0,0.0,METROPOLIS.NS
2026-02-12 11:00:00+05:30,1989.4000244140625,1992.4000244140625,1987.0,1991.0,207,0.0,0.0,METROPOLIS.NS
2026-02-12 11:15:00+05:30,1988.5999755859373,1988.5999755859373,1982.4000244140625,1982.4000244140625,123,0.0,0.0,METROPOLIS.NS
2026-02-12 11:30:00+05:30,1984.5999755859373,1992.9000244140625,1984.5999755859373,1986.9000244140625,189,0.0,0.0,METROPOLIS.NS
2026-02-12 11:45:00+05:30,1986.5999755859373,1986.5999755859373,1983.5,1985.9000244140625,43,0.0,0.0,METROPOLIS.NS
2026-02-12 12:00:00+05:30,1985.0,1987.0,1984.5999755859373,1986.800048828125,99,0.0,0.0,METROPOLIS.NS
2026-02-12 12:15:00+05:30,1987.0999755859373,1988.0999755859373,1984.800048828125,1988.0999755859373,42,0.0,0.0,METROPOLIS.NS
2026-02-12 12:30:00+05:30,1989.0,1989.0,1985.5,1986.199951171875,105,0.0,0.0,METROPOLIS.NS
2026-02-12 12:45:00+05:30,1986.199951171875,1988.4000244140625,1983.199951171875,1983.199951171875,101,0.0,0.0,METROPOLIS.NS
2026-02-12 13:00:00+05:30,1982.300048828125,1989.300048828125,1980.5999755859373,1989.300048828125,231,0.0,0.0,METROPOLIS.NS
2026-02-12 13:15:00+05:30,1989.300048828125,2003.9000244140625,1985.5999755859373,2002.9000244140625,794,0.0,0.0,METROPOLIS.NS
2026-02-12 13:30:00+05:30,2002.800048828125,2005.0,2000.0,2005.0,859,0.0,0.0,METROPOLIS.NS
2026-02-12 13:45:00+05:30,2005.0,2005.0,1997.0,2000.9000244140625,869,0.0,0.0,METROPOLIS.NS
2026-02-12 14:00:00+05:30,1997.4000244140625,1999.699951171875,1996.5,1999.0,632,0.0,0.0,METROPOLIS.NS
2026-02-12 14:15:00+05:30,1999.0,1999.0,1990.5999755859373,1997.699951171875,1158,0.0,0.0,METROPOLIS.NS
2026-02-12 14:30:00+05:30,1995.0,1998.0,1989.4000244140625,1994.9000244140625,6448,0.0,0.0,METROPOLIS.NS
2026-02-12 14:45:00+05:30,1994.5,1994.5999755859373,1989.9000244140625,1989.9000244140625,286,0.0,0.0,METROPOLIS.NS
2026-02-12 15:00:00+05:30,1990.0,1995.5999755859373,1980.0999755859373,1980.0999755859373,3167,0.0,0.0,METROPOLIS.NS
2026-02-12 15:15:00+05:30,1983.4000244140625,1991.300048828125,1978.0,1984.199951171875,2069,0.0,0.0,METROPOLIS.NS
2026-02-13 09:15:00+05:30,1977.5999755859373,1978.699951171875,1969.9000244140625,1973.199951171875,1984,0.0,0.0,METROPOLIS.NS
2026-02-13 09:30:00+05:30,1973.0,1973.0,1963.4000244140625,1970.0999755859373,687,0.0,0.0,METROPOLIS.NS
2026-02-13 09:45:00+05:30,1971.0,1972.4000244140625,1965.0,1969.0,1364,0.0,0.0,METROPOLIS.NS
2026-02-13 10:00:00+05:30,1969.0,1969.800048828125,1934.0999755859373,1937.0,6967,0.0,0.0,METROPOLIS.NS
2026-02-13 10:15:00+05:30,1935.699951171875,1941.0,1935.699951171875,1939.0,1271,0.0,0.0,METROPOLIS.NS
2026-02-13 10:30:00+05:30,1939.0,1945.0,1937.0,1942.5999755859373,3872,0.0,0.0,METROPOLIS.NS
2026-02-13 10:45:00+05:30,1944.0999755859373,1944.0999755859373,1940.0,1940.0,557,0.0,0.0,METROPOLIS.NS
2026-02-13 11:00:00+05:30,1939.9000244140625,1940.0,1936.0999755859373,1939.4000244140625,649,0.0,0.0,METROPOLIS.NS
2026-02-13 11:15:00+05:30,1939.4000244140625,1939.699951171875,1937.0,1938.0,279,0.0,0.0,METROPOLIS.NS
2026-02-13 11:30:00+05:30,1938.0,1949.0999755859373,1937.5,1943.800048828125,5455,0.0,0.0,METROPOLIS.NS
2026-02-13 11:45:00+05:30,1944.5999755859373,1946.0,1941.0,1944.9000244140625,494,0.0,0.0,METROPOLIS.NS
2026-02-13 12:00:00+05:30,1944.9000244140625,1950.0,1941.0,1948.800048828125,2893,0.0,0.0,METROPOLIS.NS
2026-02-13 12:15:00+05:30,1949.800048828125,1949.800048828125,1944.0999755859373,1944.0999755859373,216,0.0,0.0,METROPOLIS.NS
2026-02-13 12:30:00+05:30,1946.800048828125,1948.5,1945.9000244140625,1946.0,370,0.0,0.0,METROPOLIS.NS
2026-02-13 12:45:00+05:30,1944.5,1948.0,1944.0999755859373,1947.5,258,0.0,0.0,METROPOLIS.NS
2026-02-13 13:00:00+05:30,1945.0,1948.0,1945.0,1948.0,93,0.0,0.0,METROPOLIS.NS
2026-02-13 13:15:00+05:30,1948.0,1948.0,1945.5999755859373,1945.5999755859373,220,0.0,0.0,METROPOLIS.NS
2026-02-13 13:30:00+05:30,1945.0,1947.300048828125,1936.5,1943.5,1063,0.0,0.0,METROPOLIS.NS
2026-02-13 13:45:00+05:30,1945.5,1948.0,1943.5,1948.0,1177,0.0,0.0,METROPOLIS.NS
2026-02-13 14:00:00+05:30,1948.0,1949.0,1947.300048828125,1949.0,246,0.0,0.0,METROPOLIS.NS
2026-02-13 14:15:00+05:30,1949.0,1950.0,1947.5,1950.0,503,0.0,0.0,METROPOLIS.NS
2026-02-13 14:30:00+05:30,1950.0,1950.0,1947.0,1949.0,611,0.0,0.0,METROPOLIS.NS
2026-02-13 14:45:00+05:30,1949.0,1949.0,1947.0,1947.0,1459,0.0,0.0,METROPOLIS.NS
2026-02-13 15:00:00+05:30,1947.0,1950.0,1947.0,1947.0,4972,0.0,0.0,METROPOLIS.NS
2026-02-13 15:15:00+05:30,1947.0999755859373,1949.300048828125,1941.0,1941.0,1815,0.0,0.0,METROPOLIS.NS
2026-02-16 09:15:00+05:30,1961.5,1963.300048828125,1936.300048828125,1947.5999755859373,465,0.0,0.0,METROPOLIS.NS
2026-02-16 09:30:00+05:30,1949.300048828125,1960.0,1949.300048828125,1952.5,337,0.0,0.0,METROPOLIS.NS
2026-02-16 09:45:00+05:30,1951.0,1952.5999755859373,1946.0,1949.699951171875,629,0.0,0.0,METROPOLIS.NS
2026-02-16 10:00:00+05:30,1947.0999755859373,1950.699951171875,1946.0999755859373,1950.5999755859373,452,0.0,0.0,METROPOLIS.NS
2026-02-16 10:15:00+05:30,1948.5,1949.9000244140625,1948.0999755859373,1948.0999755859373,36,0.0,0.0,METROPOLIS.NS
2026-02-16 10:30:00+05:30,1948.0999755859373,1949.199951171875,1937.9000244140625,1939.0,452,0.0,0.0,METROPOLIS.NS
2026-02-16 10:45:00+05:30,1939.199951171875,1940.0,1936.199951171875,1939.699951171875,115,0.0,0.0,METROPOLIS.NS
2026-02-16 11:00:00+05:30,1937.0,1940.0,1937.0,1940.0,121,0.0,0.0,METROPOLIS.NS
2026-02-16 11:15:00+05:30,1940.0,1942.5,1938.5,1938.5,168,0.0,0.0,METROPOLIS.NS
2026-02-16 11:30:00+05:30,1939.199951171875,1939.199951171875,1931.0,1931.0,816,0.0,0.0,METROPOLIS.NS
2026-02-16 11:45:00+05:30,1930.5999755859373,1930.9000244140625,1926.0,1926.199951171875,1220,0.0,0.0,METROPOLIS.NS
2026-02-16 12:00:00+05:30,1926.199951171875,1929.800048828125,1925.5,1926.0,3393,0.0,0.0,METROPOLIS.NS
2026-02-16 12:15:00+05:30,1924.9000244140625,1934.9000244140625,1920.5999755859373,1934.9000244140625,1470,0.0,0.0,METROPOLIS.NS
2026-02-16 12:30:00+05:30,1935.0,1935.0,1928.199951171875,1930.0,1084,0.0,0.0,METROPOLIS.NS
2026-02-16 12:45:00+05:30,1931.300048828125,1931.300048828125,1928.800048828125,1928.800048828125,146,0.0,0.0,METROPOLIS.NS
2026-02-16 13:00:00+05:30,1927.4000244140625,1930.0,1927.4000244140625,1929.800048828125,167,0.0,0.0,METROPOLIS.NS
2026-02-16 13:15:00+05:30,1929.9000244140625,1930.0,1929.9000244140625,1930.0,123,0.0,0.0,METROPOLIS.NS
2026-02-16 13:30:00+05:30,1929.800048828125,1931.9000244140625,1928.9000244140625,1929.199951171875,567,0.0,0.0,METROPOLIS.NS
2026-02-16 13:45:00+05:30,1929.0999755859373,1929.199951171875,1926.5999755859373,1927.699951171875,122,0.0,0.0,METROPOLIS.NS
2026-02-16 14:00:00+05:30,1927.9000244140625,1927.9000244140625,1924.199951171875,1925.5999755859373,31,0.0,0.0,METROPOLIS.NS
2026-02-16 14:15:00+05:30,1925.5999755859373,1928.5999755859373,1922.9000244140625,1928.5999755859373,101,0.0,0.0,METROPOLIS.NS
2026-02-16 14:30:00+05:30,1929.199951171875,1940.0,1926.5,1940.0,620,0.0,0.0,METROPOLIS.NS
2026-02-16 14:45:00+05:30,1940.0,1940.0,1935.800048828125,1935.800048828125,51,0.0,0.0,METROPOLIS.NS
2026-02-16 15:00:00+05:30,1935.699951171875,1940.0,1935.0,1938.0999755859373,2254,0.0,0.0,METROPOLIS.NS
2026-02-16 15:15:00+05:30,1938.0999755859373,1939.800048828125,1934.0,1937.5999755859373,3428,0.0,0.0,METROPOLIS.NS
2026-02-17 09:15:00+05:30,1936.0,1939.699951171875,1924.0999755859373,1934.300048828125,342,0.0,0.0,METROPOLIS.NS
2026-02-17 09:30:00+05:30,1934.0,1937.0,1932.300048828125,1936.199951171875,479,0.0,0.0,METROPOLIS.NS
2026-02-17 09:45:00+05:30,1934.5999755859373,1940.0,1934.5999755859373,1939.9000244140625,129,0.0,0.0,METROPOLIS.NS
2026-02-17 10:00:00+05:30,1939.9000244140625,1939.9000244140625,1936.199951171875,1939.5,166,0.0,0.0,METROPOLIS.NS
2026-02-17 10:15:00+05:30,1940.0,1940.0,1936.0999755859373,1937.0,149,0.0,0.0,METROPOLIS.NS
2026-02-17 10:30:00+05:30,1938.800048828125,1939.199951171875,1934.0999755859373,1934.0999755859373,248,0.0,0.0,METROPOLIS.NS
2026-02-17 10:45:00+05:30,1933.0,1934.5,1931.4000244140625,1933.4000244140625,120,0.0,0.0,METROPOLIS.NS
2026-02-17 11:00:00+05:30,1933.0,1933.0999755859373,1931.0999755859373,1932.300048828125,89,0.0,0.0,METROPOLIS.NS
2026-02-17 11:15:00+05:30,1934.0999755859373,1934.5,1933.0,1933.0999755859373,145,0.0,0.0,METROPOLIS.NS
2026-02-17 11:30:00+05:30,1932.699951171875,1936.300048828125,1931.800048828125,1932.800048828125,477,0.0,0.0,METROPOLIS.NS
2026-02-17 11:45:00+05:30,1935.800048828125,1938.9000244140625,1934.0999755859373,1934.0999755859373,231,0.0,0.0,METROPOLIS.NS
2026-02-17 12:00:00+05:30,1933.5999755859373,1933.5999755859373,1927.199951171875,1933.0999755859373,315,0.0,0.0,METROPOLIS.NS
2026-02-17 12:15:00+05:30,1933.300048828125,1935.5,1932.199951171875,1932.199951171875,104,0.0,0.0,METROPOLIS.NS
2026-02-17 12:30:00+05:30,1933.0,1935.0,1931.0999755859373,1935.0,445,0.0,0.0,METROPOLIS.NS
2026-02-17 12:45:00+05:30,1937.0,1940.0,1935.0999755859373,1937.800048828125,858,0.0,0.0,METROPOLIS.NS
2026-02-17 13:00:00+05:30,1939.800048828125,1940.0,1935.699951171875,1935.699951171875,134,0.0,0.0,METROPOLIS.NS
2026-02-17 13:15:00+05:30,1937.5999755859373,1939.5999755859373,1936.800048828125,1937.5999755859373,82,0.0,0.0,METROPOLIS.NS
2026-02-17 13:30:00+05:30,1936.199951171875,1939.800048828125,1935.5999755859373,1939.800048828125,144,0.0,0.0,METROPOLIS.NS
2026-02-17 13:45:00+05:30,1939.699951171875,1939.699951171875,1932.9000244140625,1933.5,289,0.0,0.0,METROPOLIS.NS
2026-02-17 14:00:00+05:30,1936.5,1936.5999755859373,1932.199951171875,1933.4000244140625,196,0.0,0.0,METROPOLIS.NS
2026-02-17 14:15:00+05:30,1933.5,1936.5,1932.0999755859373,1932.0999755859373,97,0.0,0.0,METROPOLIS.NS
2026-02-17 14:30:00+05:30,1932.199951171875,1933.9000244140625,1928.5,1933.5,330,0.0,0.0,METROPOLIS.NS
2026-02-17 14:45:00+05:30,1933.5,1933.5999755859373,1931.199951171875,1931.199951171875,157,0.0,0.0,METROPOLIS.NS
2026-02-17 15:00:00+05:30,1931.199951171875,1933.199951171875,1926.0999755859373,1930.0,1271,0.0,0.0,METROPOLIS.NS
2026-02-17 15:15:00+05:30,1931.800048828125,1937.0,1926.199951171875,1929.199951171875,938,0.0,0.0,METROPOLIS.NS
2026-02-18 09:15:00+05:30,1932.5,1940.0,1923.0999755859373,1923.0999755859373,474,0.0,0.0,METROPOLIS.NS
2026-02-18 09:30:00+05:30,1925.199951171875,1930.9000244140625,1922.5999755859373,1929.0,483,0.0,0.0,METROPOLIS.NS
2026-02-18 09:45:00+05:30,1926.0999755859373,1927.0,1922.4000244140625,1923.0,308,0.0,0.0,METROPOLIS.NS
2026-02-18 10:00:00+05:30,1924.300048828125,1924.9000244140625,1920.5999755859373,1924.0999755859373,213,0.0,0.0,METROPOLIS.NS
2026-02-18 10:15:00+05:30,1923.9000244140625,1923.9000244140625,1920.5999755859373,1920.5999755859373,114,0.0,0.0,METROPOLIS.NS
2026-02-18 10:30:00+05:30,1920.5999755859373,1922.5,1920.5999755859373,1922.5,42,0.0,0.0,METROPOLIS.NS
2026-02-18 10:45:00+05:30,1921.0,1924.0,1921.0,1924.0,36,0.0,0.0,METROPOLIS.NS
2026-02-18 11:00:00+05:30,1925.199951171875,1926.199951171875,1916.199951171875,1916.199951171875,1221,0.0,0.0,METROPOLIS.NS
2026-02-18 11:15:00+05:30,1916.5,1918.699951171875,1911.0,1912.9000244140625,438,0.0,0.0,METROPOLIS.NS
2026-02-18 11:30:00+05:30,1914.9000244140625,1919.9000244140625,1914.9000244140625,1915.300048828125,145,0.0,0.0,METROPOLIS.NS
2026-02-18 11:45:00+05:30,1916.199951171875,1916.9000244140625,1915.0,1916.800048828125,56,0.0,0.0,METROPOLIS.NS
2026-02-18 12:00:00+05:30,1915.0999755859373,1918.5,1915.0999755859373,1916.0999755859373,57,0.0,0.0,METROPOLIS.NS
2026-02-18 12:15:00+05:30,1918.0,1919.9000244140625,1916.0,1919.5,35,0.0,0.0,METROPOLIS.NS
2026-02-18 12:30:00+05:30,1917.199951171875,1919.5,1916.0999755859373,1916.0999755859373,116,0.0,0.0,METROPOLIS.NS
2026-02-18 12:45:00+05:30,1918.800048828125,1919.5,1914.4000244140625,1914.699951171875,140,0.0,0.0,METROPOLIS.NS
2026-02-18 13:00:00+05:30,1914.5999755859373,1918.800048828125,1913.800048828125,1918.699951171875,339,0.0,0.0,METROPOLIS.NS
2026-02-18 13:15:00+05:30,1916.5999755859373,1918.699951171875,1915.0999755859373,1916.0,116,0.0,0.0,METROPOLIS.NS
2026-02-18 13:30:00+05:30,1916.0,1916.5999755859373,1914.300048828125,1916.5,50,0.0,0.0,METROPOLIS.NS
2026-02-18 13:45:00+05:30,1916.4000244140625,1916.9000244140625,1911.5999755859373,1915.199951171875,215,0.0,0.0,METROPOLIS.NS
2026-02-18 14:00:00+05:30,1914.5999755859373,1916.699951171875,1912.0,1916.5999755859373,173,0.0,0.0,METROPOLIS.NS
2026-02-18 14:15:00+05:30,1916.5,1923.9000244140625,1913.0999755859373,1921.699951171875,692,0.0,0.0,METROPOLIS.NS
2026-02-18 14:30:00+05:30,1921.699951171875,1925.9000244140625,1920.0,1925.300048828125,151,0.0,0.0,METROPOLIS.NS
2026-02-18 14:45:00+05:30,1925.300048828125,1928.0999755859373,1925.0,1927.699951171875,108,0.0,0.0,METROPOLIS.NS
2026-02-18 15:00:00+05:30,1927.5999755859373,1927.699951171875,1924.300048828125,1925.0,303,0.0,0.0,METROPOLIS.NS
2026-02-18 15:15:00+05:30,1926.699951171875,1932.0,1925.0,1930.0,1862,0.0,0.0,METROPOLIS.NS
2026-02-19 09:15:00+05:30,1928.0,1933.0999755859373,1916.699951171875,1925.800048828125,230,0.0,0.0,METROPOLIS.NS
2026-02-19 09:30:00+05:30,1928.0999755859373,1928.0999755859373,1921.5,1922.0,95,0.0,0.0,METROPOLIS.NS
2026-02-19 09:45:00+05:30,1921.5,1926.5999755859373,1920.4000244140625,1926.5999755859373,73,0.0,0.0,METROPOLIS.NS
2026-02-19 10:00:00+05:30,1928.0999755859373,1930.699951171875,1924.0999755859373,1926.5999755859373,373,0.0,0.0,METROPOLIS.NS
2026-02-19 10:15:00+05:30,1926.699951171875,1929.0,1923.5999755859373,1929.0,256,0.0,0.0,METROPOLIS.NS
2026-02-19 10:30:00+05:30,1929.0,1937.4000244140625,1921.4000244140625,1928.800048828125,318,0.0,0.0,METROPOLIS.NS
2026-02-19 10:45:00+05:30,1928.800048828125,1930.800048828125,1926.4000244140625,1928.0999755859373,130,0.0,0.0,METROPOLIS.NS
2026-02-19 11:00:00+05:30,1926.9000244140625,1926.9000244140625,1922.0999755859373,1925.800048828125,142,0.0,0.0,METROPOLIS.NS
2026-02-19 11:15:00+05:30,1927.4000244140625,1927.4000244140625,1924.4000244140625,1927.0999755859373,21,0.0,0.0,METROPOLIS.NS
2026-02-19 11:30:00+05:30,1928.9000244140625,1928.9000244140625,1926.5999755859373,1926.5999755859373,346,0.0,0.0,METROPOLIS.NS
2026-02-19 11:45:00+05:30,1926.0,1926.0,1923.0,1924.699951171875,44,0.0,0.0,METROPOLIS.NS
2026-02-19 12:00:00+05:30,1923.0,1923.0,1918.0,1918.0,273,0.0,0.0,METROPOLIS.NS
2026-02-19 12:15:00+05:30,1916.0,1918.5999755859373,1912.699951171875,1918.5999755859373,560,0.0,0.0,METROPOLIS.NS
2026-02-19 12:30:00+05:30,1918.800048828125,1921.0999755859373,1916.199951171875,1916.199951171875,219,0.0,0.0,METROPOLIS.NS
2026-02-19 12:45:00+05:30,1916.199951171875,1916.199951171875,1916.199951171875,1916.199951171875,71,0.0,0.0,METROPOLIS.NS
2026-02-19 13:00:00+05:30,1917.5,1919.0,1916.199951171875,1916.199951171875,487,0.0,0.0,METROPOLIS.NS
2026-02-19 13:15:00+05:30,1915.699951171875,1915.699951171875,1913.300048828125,1913.5,63,0.0,0.0,METROPOLIS.NS
2026-02-19 13:30:00+05:30,1913.5,1913.5,1910.0999755859373,1912.300048828125,104,0.0,0.0,METROPOLIS.NS
2026-02-19 13:45:00+05:30,1915.800048828125,1916.699951171875,1910.800048828125,1910.800048828125,138,0.0,0.0,METROPOLIS.NS
2026-02-19 14:00:00+05:30,1912.699951171875,1919.5,1912.5999755859373,1919.5,375,0.0,0.0,METROPOLIS.NS
2026-02-19 14:15:00+05:30,1918.800048828125,1921.9000244140625,1915.0,1915.0,206,0.0,0.0,METROPOLIS.NS
2026-02-19 14:30:00+05:30,1913.9000244140625,1915.699951171875,1908.0999755859373,1908.300048828125,389,0.0,0.0,METROPOLIS.NS
2026-02-19 14:45:00+05:30,1908.300048828125,1912.300048828125,1908.300048828125,1908.4000244140625,413,0.0,0.0,METROPOLIS.NS
2026-02-19 15:00:00+05:30,1909.5999755859373,1909.5999755859373,1900.0,1900.0,2425,0.0,0.0,METROPOLIS.NS
2026-02-19 15:15:00+05:30,1900.0,1900.5999755859373,1890.5999755859373,1899.4000244140625,1913,0.0,0.0,METROPOLIS.NS
2026-02-20 09:15:00+05:30,1903.0,1903.0,1872.0,1876.300048828125,1705,0.0,0.0,METROPOLIS.NS
2026-02-20 09:30:00+05:30,1876.9000244140625,1888.800048828125,1876.5999755859373,1881.9000244140625,1235,0.0,0.0,METROPOLIS.NS
2026-02-20 09:45:00+05:30,1881.9000244140625,1886.0,1877.300048828125,1885.0999755859373,686,0.0,0.0,METROPOLIS.NS
2026-02-20 10:00:00+05:30,1885.0999755859373,1889.9000244140625,1879.0,1879.0,1360,0.0,0.0,METROPOLIS.NS
2026-02-20 10:15:00+05:30,1879.0,1887.0,1879.0,1887.0,471,0.0,0.0,METROPOLIS.NS
2026-02-20 10:30:00+05:30,1887.4000244140625,1888.0,1884.5,1885.5999755859373,552,0.0,0.0,METROPOLIS.NS
2026-02-20 10:45:00+05:30,1887.0,1899.9000244140625,1884.0999755859373,1884.0999755859373,320,0.0,0.0,METROPOLIS.NS
2026-02-20 11:00:00+05:30,1884.0999755859373,1886.300048828125,1883.0,1884.300048828125,184,0.0,0.0,METROPOLIS.NS
2026-02-20 11:15:00+05:30,1884.300048828125,1892.5,1884.300048828125,1892.5,281,0.0,0.0,METROPOLIS.NS
2026-02-20 11:30:00+05:30,1890.4000244140625,1895.0,1888.0,1889.5999755859373,619,0.0,0.0,METROPOLIS.NS
2026-02-20 11:45:00+05:30,1888.0999755859373,1890.800048828125,1886.9000244140625,1886.9000244140625,257,0.0,0.0,METROPOLIS.NS
2026-02-20 12:00:00+05:30,1886.9000244140625,1889.699951171875,1886.9000244140625,1887.9000244140625,125,0.0,0.0,METROPOLIS.NS
2026-02-20 12:15:00+05:30,1890.199951171875,1891.9000244140625,1888.0999755859373,1890.800048828125,114,0.0,0.0,METROPOLIS.NS
2026-02-20 12:30:00+05:30,1888.9000244140625,1893.0999755859373,1888.9000244140625,1890.300048828125,181,0.0,0.0,METROPOLIS.NS
2026-02-20 12:45:00+05:30,1890.300048828125,1890.4000244140625,1886.9000244140625,1887.5,348,0.0,0.0,METROPOLIS.NS
2026-02-20 13:00:00+05:30,1887.5,1888.699951171875,1880.0,1881.5,346,0.0,0.0,METROPOLIS.NS
2026-02-20 13:15:00+05:30,1881.5,1881.9000244140625,1876.0,1879.5,810,0.0,0.0,METROPOLIS.NS
2026-02-20 13:30:00+05:30,1879.5,1883.0999755859373,1877.5999755859373,1879.0999755859373,266,0.0,0.0,METROPOLIS.NS
2026-02-20 13:45:00+05:30,1877.5,1883.5,1877.5,1880.0,998,0.0,0.0,METROPOLIS.NS
2026-02-20 14:00:00+05:30,1878.800048828125,1880.5999755859373,1878.800048828125,1880.5999755859373,235,0.0,0.0,METROPOLIS.NS
2026-02-20 14:15:00+05:30,1879.4000244140625,1881.9000244140625,1879.4000244140625,1879.5999755859373,78,0.0,0.0,METROPOLIS.NS
2026-02-20 14:30:00+05:30,1880.0,1882.9000244140625,1880.0,1882.9000244140625,103,0.0,0.0,METROPOLIS.NS
2026-02-20 14:45:00+05:30,1882.9000244140625,1885.4000244140625,1880.0,1883.5,136,0.0,0.0,METROPOLIS.NS
2026-02-20 15:00:00+05:30,1883.5,1884.199951171875,1853.5999755859373,1857.5,5976,0.0,0.0,METROPOLIS.NS
2026-02-20 15:15:00+05:30,1856.800048828125,1868.300048828125,1855.300048828125,1860.0999755859373,8038,0.0,0.0,METROPOLIS.NS
2026-02-23 09:15:00+05:30,1873.0,1876.199951171875,1868.0,1876.199951171875,661,0.0,0.0,METROPOLIS.NS
2026-02-23 09:30:00+05:30,1876.4000244140625,1877.0999755859373,1867.300048828125,1867.300048828125,353,0.0,0.0,METROPOLIS.NS
2026-02-23 09:45:00+05:30,1867.9000244140625,1870.300048828125,1865.0,1865.0,373,0.0,0.0,METROPOLIS.NS
2026-02-23 10:00:00+05:30,1865.0,1867.5,1864.800048828125,1866.0,94,0.0,0.0,METROPOLIS.NS
2026-02-23 10:15:00+05:30,1866.0999755859373,1879.0999755859373,1866.0999755859373,1879.0999755859373,470,0.0,0.0,METROPOLIS.NS
2026-02-23 10:30:00+05:30,1879.0999755859373,1881.5999755859373,1873.0,1873.0,324,0.0,0.0,METROPOLIS.NS
2026-02-23 10:45:00+05:30,1872.800048828125,1874.9000244140625,1869.699951171875,1871.0,135,0.0,0.0,METROPOLIS.NS
2026-02-23 11:00:00+05:30,1872.5,1876.0,1871.0,1874.5999755859373,101,0.0,0.0,METROPOLIS.NS
2026-02-23 11:15:00+05:30,1874.4000244140625,1874.4000244140625,1872.0999755859373,1874.300048828125,60,0.0,0.0,METROPOLIS.NS
2026-02-23 11:30:00+05:30,1873.0,1876.5,1867.199951171875,1871.0,273,0.0,0.0,METROPOLIS.NS
2026-02-23 11:45:00+05:30,1870.9000244140625,1871.0,1867.199951171875,1867.199951171875,153,0.0,0.0,METROPOLIS.NS
2026-02-23 12:00:00+05:30,1865.0,1880.0,1865.0,1878.199951171875,358,0.0,0.0,METROPOLIS.NS
2026-02-23 12:15:00+05:30,1878.199951171875,1881.800048828125,1875.199951171875,1878.5,311,0.0,0.0,METROPOLIS.NS
2026-02-23 12:30:00+05:30,1878.5,1881.800048828125,1875.5999755859373,1879.300048828125,402,0.0,0.0,METROPOLIS.NS
2026-02-23 12:45:00+05:30,1879.300048828125,1892.4000244140625,1879.300048828125,1891.9000244140625,749,0.0,0.0,METROPOLIS.NS
2026-02-23 13:00:00+05:30,1891.9000244140625,1900.5999755859373,1888.199951171875,1898.0,1207,0.0,0.0,METROPOLIS.NS
2026-02-23 13:15:00+05:30,1898.300048828125,1905.0,1896.0,1901.9000244140625,856,0.0,0.0,METROPOLIS.NS
2026-02-23 13:30:00+05:30,1898.9000244140625,1898.9000244140625,1892.5999755859373,1895.4000244140625,340,0.0,0.0,METROPOLIS.NS
2026-02-23 13:45:00+05:30,1895.300048828125,1895.4000244140625,1883.9000244140625,1885.5999755859373,501,0.0,0.0,METROPOLIS.NS
2026-02-23 14:00:00+05:30,1886.9000244140625,1888.199951171875,1872.0999755859373,1880.0,480,0.0,0.0,METROPOLIS.NS
2026-02-23 14:15:00+05:30,1879.9000244140625,1880.0,1876.9000244140625,1876.9000244140625,91,0.0,0.0,METROPOLIS.NS
2026-02-23 14:30:00+05:30,1879.0,1888.5,1879.0,1882.4000244140625,1935,0.0,0.0,METROPOLIS.NS
2026-02-23 14:45:00+05:30,1880.5,1920.0,1879.199951171875,1917.5999755859373,3000,0.0,0.0,METROPOLIS.NS
2026-02-23 15:00:00+05:30,1923.9000244140625,1954.199951171875,1919.199951171875,1954.199951171875,16262,0.0,0.0,METROPOLIS.NS
2026-02-23 15:15:00+05:30,1955.199951171875,1958.5999755859373,1928.4000244140625,1955.0,25977,0.0,0.0,METROPOLIS.NS
2026-02-24 09:15:00+05:30,1937.0999755859373,1937.0999755859373,1902.5999755859373,1908.9000244140625,2531,0.0,0.0,METROPOLIS.NS
2026-02-24 09:30:00+05:30,1908.800048828125,1908.800048828125,1891.0,1892.699951171875,1503,0.0,0.0,METROPOLIS.NS
2026-02-24 09:45:00+05:30,1895.199951171875,1902.4000244140625,1893.0,1894.4000244140625,1139,0.0,0.0,METROPOLIS.NS
2026-02-24 10:00:00+05:30,1896.300048828125,1898.5,1890.0,1893.0999755859373,1410,0.0,0.0,METROPOLIS.NS
2026-02-24 10:15:00+05:30,1895.300048828125,1898.800048828125,1885.0,1888.0,2002,0.0,0.0,METROPOLIS.NS
2026-02-24 10:30:00+05:30,1889.5,1896.0,1886.800048828125,1892.300048828125,777,0.0,0.0,METROPOLIS.NS
2026-02-24 10:45:00+05:30,1892.300048828125,1892.300048828125,1881.0,1885.0,1030,0.0,0.0,METROPOLIS.NS
2026-02-24 11:00:00+05:30,1883.5999755859373,1887.9000244140625,1880.5999755859373,1887.9000244140625,590,0.0,0.0,METROPOLIS.NS
2026-02-24 11:15:00+05:30,1889.0,1889.0999755859373,1882.699951171875,1888.699951171875,517,0.0,0.0,METROPOLIS.NS
2026-02-24 11:30:00+05:30,1887.300048828125,1897.300048828125,1887.300048828125,1897.300048828125,436,0.0,0.0,METROPOLIS.NS
2026-02-24 11:45:00+05:30,1897.300048828125,1897.4000244140625,1887.800048828125,1888.0,457,0.0,0.0,METROPOLIS.NS
2026-02-24 12:00:00+05:30,1889.0999755859373,1894.800048828125,1887.300048828125,1894.800048828125,320,0.0,0.0,METROPOLIS.NS
2026-02-24 12:15:00+05:30,1896.0999755859373,1903.9000244140625,1895.199951171875,1901.5,1402,0.0,0.0,METROPOLIS.NS
2026-02-24 12:30:00+05:30,1902.199951171875,1902.199951171875,1894.0999755859373,1894.800048828125,292,0.0,0.0,METROPOLIS.NS
2026-02-24 12:45:00+05:30,1896.800048828125,1903.699951171875,1896.199951171875,1898.4000244140625,440,0.0,0.0,METROPOLIS.NS
2026-02-24 13:00:00+05:30,1896.199951171875,1898.0999755859373,1893.699951171875,1897.800048828125,428,0.0,0.0,METROPOLIS.NS
2026-02-24 13:15:00+05:30,1897.9000244140625,1904.5999755859373,1897.800048828125,1904.5999755859373,431,0.0,0.0,METROPOLIS.NS
2026-02-24 13:30:00+05:30,1904.5,1904.5,1900.199951171875,1901.0,122,0.0,0.0,METROPOLIS.NS
2026-02-24 13:45:00+05:30,1903.0,1904.4000244140625,1900.800048828125,1904.4000244140625,275,0.0,0.0,METROPOLIS.NS
2026-02-24 14:00:00+05:30,1901.199951171875,1909.0,1901.199951171875,1908.5999755859373,669,0.0,0.0,METROPOLIS.NS
2026-02-24 14:15:00+05:30,1907.300048828125,1908.699951171875,1900.699951171875,1903.199951171875,374,0.0,0.0,METROPOLIS.NS
2026-02-24 14:30:00+05:30,1903.199951171875,1903.199951171875,1900.0,1900.800048828125,90,0.0,0.0,METROPOLIS.NS
2026-02-24 14:45:00+05:30,1903.0,1906.699951171875,1895.5999755859373,1899.4000244140625,2454,0.0,0.0,METROPOLIS.NS
2026-02-24 15:00:00+05:30,1899.0,1899.0,1895.0,1898.5,1879,0.0,0.0,METROPOLIS.NS
2026-02-24 15:15:00+05:30,1899.0,1899.0,1890.0,1891.0,3296,0.0,0.0,METROPOLIS.NS
2026-02-25 09:15:00+05:30,1900.0,1910.5,1892.9000244140625,1904.0,504,0.0,0.0,METROPOLIS.NS
2026-02-25 09:30:00+05:30,1901.300048828125,1901.4000244140625,1898.0,1898.0,267,0.0,0.0,METROPOLIS.NS
2026-02-25 09:45:00+05:30,1896.0999755859373,1902.0,1895.4000244140625,1895.4000244140625,455,0.0,0.0,METROPOLIS.NS
2026-02-25 10:00:00+05:30,1898.0999755859373,1898.5,1893.0,1893.0,431,0.0,0.0,METROPOLIS.NS
2026-02-25 10:15:00+05:30,1895.9000244140625,1899.9000244140625,1894.9000244140625,1896.300048828125,478,0.0,0.0,METROPOLIS.NS
2026-02-25 10:30:00+05:30,1898.300048828125,1898.800048828125,1893.199951171875,1895.199951171875,1581,0.0,0.0,METROPOLIS.NS
2026-02-25 10:45:00+05:30,1896.699951171875,1898.699951171875,1896.0,1898.699951171875,104,0.0,0.0,METROPOLIS.NS
2026-02-25 11:00:00+05:30,1898.699951171875,1898.699951171875,1898.300048828125,1898.300048828125,90,0.0,0.0,METROPOLIS.NS
2026-02-25 11:15:00+05:30,1899.4000244140625,1899.800048828125,1895.9000244140625,1895.9000244140625,167,0.0,0.0,METROPOLIS.NS
2026-02-25 11:30:00+05:30,1892.0,1893.9000244140625,1890.800048828125,1892.800048828125,365,0.0,0.0,METROPOLIS.NS
2026-02-25 11:45:00+05:30,1891.0,1893.800048828125,1891.0,1893.300048828125,225,0.0,0.0,METROPOLIS.NS
2026-02-25 12:00:00+05:30,1893.699951171875,1893.800048828125,1890.199951171875,1890.199951171875,1668,0.0,0.0,METROPOLIS.NS
2026-02-25 12:15:00+05:30,1892.199951171875,1894.9000244140625,1892.199951171875,1894.9000244140625,418,0.0,0.0,METROPOLIS.NS
2026-02-25 12:30:00+05:30,1894.9000244140625,1895.0,1880.0,1887.0999755859373,642,0.0,0.0,METROPOLIS.NS
2026-02-25 12:45:00+05:30,1885.0999755859373,1888.800048828125,1885.0999755859373,1887.199951171875,119,0.0,0.0,METROPOLIS.NS
2026-02-25 13:00:00+05:30,1885.800048828125,1891.0999755859373,1885.699951171875,1887.300048828125,288,0.0,0.0,METROPOLIS.NS
2026-02-25 13:15:00+05:30,1889.5,1889.5999755859373,1887.699951171875,1889.0999755859373,49,0.0,0.0,METROPOLIS.NS
2026-02-25 13:30:00+05:30,1889.0999755859373,1889.199951171875,1888.0999755859373,1889.199951171875,33,0.0,0.0,METROPOLIS.NS
2026-02-25 13:45:00+05:30,1889.199951171875,1890.0,1889.0,1890.0,25,0.0,0.0,METROPOLIS.NS
2026-02-25 14:00:00+05:30,1890.0,1895.0,1889.199951171875,1892.0,634,0.0,0.0,METROPOLIS.NS
2026-02-25 14:15:00+05:30,1892.0,1892.0,1883.0,1883.0,526,0.0,0.0,METROPOLIS.NS
2026-02-25 14:30:00+05:30,1881.0,1889.9000244140625,1881.0,1885.9000244140625,635,0.0,0.0,METROPOLIS.NS
2026-02-25 14:45:00+05:30,1885.9000244140625,1886.0,1881.300048828125,1882.199951171875,293,0.0,0.0,METROPOLIS.NS
2026-02-25 15:00:00+05:30,1885.300048828125,1890.0,1883.300048828125,1884.0,977,0.0,0.0,METROPOLIS.NS
2026-02-25 15:15:00+05:30,1884.0,1889.699951171875,1880.0999755859373,1886.4000244140625,2230,0.0,0.0,METROPOLIS.NS
2026-02-26 09:15:00+05:30,1886.4000244140625,1899.5,1871.0999755859373,1873.199951171875,1327,0.0,0.0,METROPOLIS.NS
2026-02-26 09:30:00+05:30,1873.5999755859373,1882.9000244140625,1873.5999755859373,1882.9000244140625,299,0.0,0.0,METROPOLIS.NS
2026-02-26 09:45:00+05:30,1881.0,1885.800048828125,1880.5999755859373,1884.0999755859373,373,0.0,0.0,METROPOLIS.NS
2026-02-26 10:00:00+05:30,1885.699951171875,1892.699951171875,1883.0,1888.800048828125,587,0.0,0.0,METROPOLIS.NS
2026-02-26 10:15:00+05:30,1889.300048828125,1889.300048828125,1882.0,1882.0,144,0.0,0.0,METROPOLIS.NS
2026-02-26 10:30:00+05:30,1882.0,1887.5,1881.0,1886.0999755859373,243,0.0,0.0,METROPOLIS.NS
2026-02-26 10:45:00+05:30,1886.0999755859373,1888.699951171875,1881.0,1883.199951171875,303,0.0,0.0,METROPOLIS.NS
2026-02-26 11:00:00+05:30,1883.5999755859373,1883.699951171875,1880.0,1882.0999755859373,242,0.0,0.0,METROPOLIS.NS
2026-02-26 11:15:00+05:30,1882.0999755859373,1883.0999755859373,1879.300048828125,1880.0,152,0.0,0.0,METROPOLIS.NS
2026-02-26 11:30:00+05:30,1880.5999755859373,1881.800048828125,1877.699951171875,1878.800048828125,73,0.0,0.0,METROPOLIS.NS
2026-02-26 11:45:00+05:30,1877.5999755859373,1880.4000244140625,1875.0999755859373,1879.300048828125,109,0.0,0.0,METROPOLIS.NS
2026-02-26 12:00:00+05:30,1879.4000244140625,1881.699951171875,1879.0,1881.0,96,0.0,0.0,METROPOLIS.NS
2026-02-26 12:15:00+05:30,1881.0,1881.800048828125,1878.9000244140625,1879.0999755859373,75,0.0,0.0,METROPOLIS.NS
2026-02-26 12:30:00+05:30,1878.0,1881.0999755859373,1876.199951171875,1878.199951171875,161,0.0,0.0,METROPOLIS.NS
2026-02-26 12:45:00+05:30,1879.9000244140625,1881.5999755859373,1877.0,1878.300048828125,141,0.0,0.0,METROPOLIS.NS
2026-02-26 13:00:00+05:30,1878.4000244140625,1881.5999755859373,1878.4000244140625,1880.9000244140625,119,0.0,0.0,METROPOLIS.NS
2026-02-26 13:15:00+05:30,1880.9000244140625,1890.9000244140625,1880.300048828125,1885.300048828125,396,0.0,0.0,METROPOLIS.NS
2026-02-26 13:30:00+05:30,1884.0999755859373,1884.5999755859373,1882.199951171875,1882.199951171875,26,0.0,0.0,METROPOLIS.NS
2026-02-26 13:45:00+05:30,1885.9000244140625,1890.0,1880.300048828125,1886.0,323,0.0,0.0,METROPOLIS.NS
2026-02-26 14:00:00+05:30,1886.0,1890.0,1882.9000244140625,1890.0,334,0.0,0.0,METROPOLIS.NS
2026-02-26 14:15:00+05:30,1890.0,1890.0,1886.5,1888.0,57,0.0,0.0,METROPOLIS.NS
2026-02-26 14:30:00+05:30,1888.0,1894.5,1883.5,1892.4000244140625,2426,0.0,0.0,METROPOLIS.NS
2026-02-26 14:45:00+05:30,1891.199951171875,1891.300048828125,1886.9000244140625,1889.300048828125,351,0.0,0.0,METROPOLIS.NS
2026-02-26 15:00:00+05:30,1887.5999755859373,1895.0,1887.5999755859373,1895.0,887,0.0,0.0,METROPOLIS.NS
2026-02-26 15:15:00+05:30,1894.300048828125,1894.300048828125,1882.9000244140625,1890.5,1165,0.0,0.0,METROPOLIS.NS
2026-02-27 09:15:00+05:30,1889.9000244140625,1889.9000244140625,1874.0,1877.0999755859373,341,0.0,0.0,METROPOLIS.NS
2026-02-27 09:30:00+05:30,1876.5999755859373,1879.9000244140625,1875.0999755859373,1879.199951171875,329,0.0,0.0,METROPOLIS.NS
2026-02-27 09:45:00+05:30,1877.0999755859373,1879.0999755859373,1875.0,1875.0,375,0.0,0.0,METROPOLIS.NS
2026-02-27 10:00:00+05:30,1875.0,1885.199951171875,1875.0,1881.699951171875,218,0.0,0.0,METROPOLIS.NS
2026-02-27 10:15:00+05:30,1880.0999755859373,1886.5999755859373,1878.5999755859373,1886.5999755859373,309,0.0,0.0,METROPOLIS.NS
2026-02-27 10:30:00+05:30,1884.699951171875,1884.699951171875,1880.699951171875,1880.699951171875,97,0.0,0.0,METROPOLIS.NS
2026-02-27 10:45:00+05:30,1880.0,1881.800048828125,1878.4000244140625,1878.9000244140625,170,0.0,0.0,METROPOLIS.NS
2026-02-27 11:00:00+05:30,1876.800048828125,1882.699951171875,1876.800048828125,1882.699951171875,37,0.0,0.0,METROPOLIS.NS
2026-02-27 11:15:00+05:30,1881.199951171875,1881.300048828125,1881.199951171875,1881.300048828125,19,0.0,0.0,METROPOLIS.NS
2026-02-27 11:30:00+05:30,1878.800048828125,1879.5999755859373,1876.0,1876.0,189,0.0,0.0,METROPOLIS.NS
2026-02-27 11:45:00+05:30,1878.0,1881.699951171875,1876.0,1881.699951171875,38,0.0,0.0,METROPOLIS.NS
2026-02-27 12:00:00+05:30,1880.5999755859373,1882.4000244140625,1880.0999755859373,1880.0999755859373,64,0.0,0.0,METROPOLIS.NS
2026-02-27 12:15:00+05:30,1880.0,1882.0999755859373,1880.0,1881.4000244140625,14,0.0,0.0,METROPOLIS.NS
2026-02-27 12:30:00+05:30,1880.199951171875,1880.199951171875,1880.199951171875,1880.199951171875,3,0.0,0.0,METROPOLIS.NS
2026-02-27 12:45:00+05:30,1881.4000244140625,1881.4000244140625,1880.0,1880.0,13,0.0,0.0,METROPOLIS.NS
2026-02-27 13:00:00+05:30,1881.4000244140625,1893.800048828125,1881.4000244140625,1888.199951171875,1358,0.0,0.0,METROPOLIS.NS
2026-02-27 13:15:00+05:30,1887.9000244140625,1887.9000244140625,1882.5999755859373,1886.0999755859373,515,0.0,0.0,METROPOLIS.NS
2026-02-27 13:30:00+05:30,1886.800048828125,1886.800048828125,1881.699951171875,1881.699951171875,25,0.0,0.0,METROPOLIS.NS
2026-02-27 13:45:00+05:30,1881.699951171875,1884.0,1881.699951171875,1883.4000244140625,28,0.0,0.0,METROPOLIS.NS
2026-02-27 14:00:00+05:30,1883.0,1883.0,1877.199951171875,1879.199951171875,262,0.0,0.0,METROPOLIS.NS
2026-02-27 14:15:00+05:30,1883.0,1883.0,1875.0999755859373,1877.300048828125,588,0.0,0.0,METROPOLIS.NS
2026-02-27 14:30:00+05:30,1875.5999755859373,1881.0999755859373,1875.5999755859373,1880.699951171875,95,0.0,0.0,METROPOLIS.NS
2026-02-27 14:45:00+05:30,1879.0999755859373,1881.800048828125,1874.300048828125,1876.699951171875,1141,0.0,0.0,METROPOLIS.NS
2026-02-27 15:00:00+05:30,1882.800048828125,1929.0,1882.800048828125,1911.199951171875,5616,0.0,0.0,METROPOLIS.NS
2026-02-27 15:15:00+05:30,1905.0999755859373,1920.0,1859.9000244140625,1878.0,7832,0.0,0.0,METROPOLIS.NS
2026-03-02 09:15:00+05:30,1834.9000244140625,1852.5,1829.9000244140625,1850.0,969,0.0,0.0,METROPOLIS.NS
2026-03-02 09:30:00+05:30,1850.0,1861.0,1848.699951171875,1859.800048828125,1004,0.0,0.0,METROPOLIS.NS
2026-03-02 09:45:00+05:30,1863.4000244140625,1868.0999755859373,1858.0,1864.800048828125,658,0.0,0.0,METROPOLIS.NS
2026-03-02 10:00:00+05:30,1867.800048828125,1869.0,1863.4000244140625,1868.9000244140625,1255,0.0,0.0,METROPOLIS.NS
2026-03-02 10:15:00+05:30,1867.300048828125,1869.300048828125,1863.800048828125,1866.5,487,0.0,0.0,METROPOLIS.NS
2026-03-02 10:30:00+05:30,1866.5,1868.9000244140625,1864.9000244140625,1864.9000244140625,146,0.0,0.0,METROPOLIS.NS
2026-03-02 10:45:00+05:30,1864.699951171875,1869.5999755859373,1864.699951171875,1867.199951171875,173,0.0,0.0,METROPOLIS.NS
2026-03-02 11:00:00+05:30,1867.199951171875,1869.800048828125,1864.199951171875,1869.699951171875,359,0.0,0.0,METROPOLIS.NS
2026-03-02 11:15:00+05:30,1869.0999755859373,1869.0999755859373,1863.0,1863.0,278,0.0,0.0,METROPOLIS.NS
2026-03-02 11:30:00+05:30,1862.4000244140625,1862.4000244140625,1856.9000244140625,1858.4000244140625,473,0.0,0.0,METROPOLIS.NS
2026-03-02 11:45:00+05:30,1860.300048828125,1862.4000244140625,1853.0,1853.0,605,0.0,0.0,METROPOLIS.NS
2026-03-02 12:00:00+05:30,1855.0,1856.800048828125,1850.0999755859373,1852.9000244140625,419,0.0,0.0,METROPOLIS.NS
2026-03-02 12:15:00+05:30,1852.800048828125,1859.199951171875,1852.0,1855.9000244140625,339,0.0,0.0,METROPOLIS.NS
2026-03-02 12:30:00+05:30,1855.9000244140625,1868.699951171875,1853.9000244140625,1868.0,499,0.0,0.0,METROPOLIS.NS
2026-03-02 12:45:00+05:30,1868.0,1877.4000244140625,1868.0,1870.0999755859373,677,0.0,0.0,METROPOLIS.NS
2026-03-02 13:00:00+05:30,1870.0,1877.800048828125,1869.0,1870.699951171875,923,0.0,0.0,METROPOLIS.NS
2026-03-02 13:15:00+05:30,1869.699951171875,1870.5999755859373,1865.5999755859373,1866.5,287,0.0,0.0,METROPOLIS.NS
2026-03-02 13:30:00+05:30,1866.5,1871.9000244140625,1865.9000244140625,1867.5,565,0.0,0.0,METROPOLIS.NS
2026-03-02 13:45:00+05:30,1867.300048828125,1869.699951171875,1861.300048828125,1862.199951171875,512,0.0,0.0,METROPOLIS.NS
2026-03-02 14:00:00+05:30,1862.199951171875,1869.5,1855.4000244140625,1867.0999755859373,473,0.0,0.0,METROPOLIS.NS
2026-03-02 14:15:00+05:30,1866.699951171875,1871.0999755859373,1865.800048828125,1866.0,448,0.0,0.0,METROPOLIS.NS
2026-03-02 14:30:00+05:30,1866.0999755859373,1879.9000244140625,1860.0,1867.9000244140625,966,0.0,0.0,METROPOLIS.NS
2026-03-02 14:45:00+05:30,1869.0,1871.5,1853.699951171875,1855.199951171875,804,0.0,0.0,METROPOLIS.NS
2026-03-02 15:00:00+05:30,1855.5999755859373,1860.9000244140625,1852.0999755859373,1857.199951171875,3111,0.0,0.0,METROPOLIS.NS
2026-03-02 15:15:00+05:30,1857.0999755859373,1870.0,1855.199951171875,1855.199951171875,3514,0.0,0.0,METROPOLIS.NS
2026-03-04 09:15:00+05:30,1850.0,1851.0,1837.5,1844.0,933,0.0,0.0,METROPOLIS.NS
2026-03-04 09:30:00+05:30,1843.800048828125,1848.0999755859373,1841.0,1841.0999755859373,833,0.0,0.0,METROPOLIS.NS
2026-03-04 09:45:00+05:30,1841.5999755859373,1847.300048828125,1835.0,1837.0999755859373,547,0.0,0.0,METROPOLIS.NS
2026-03-04 10:00:00+05:30,1835.0999755859373,1845.4000244140625,1834.0999755859373,1843.4000244140625,337,0.0,0.0,METROPOLIS.NS
2026-03-04 10:15:00+05:30,1845.0999755859373,1850.4000244140625,1840.0,1846.300048828125,722,0.0,0.0,METROPOLIS.NS
2026-03-04 10:30:00+05:30,1847.0,1847.0,1840.0,1840.0999755859373,318,0.0,0.0,METROPOLIS.NS
2026-03-04 10:45:00+05:30,1840.0999755859373,1844.5999755859373,1840.0999755859373,1841.699951171875,284,0.0,0.0,METROPOLIS.NS
2026-03-04 11:00:00+05:30,1844.199951171875,1846.0,1840.0,1840.4000244140625,700,0.0,0.0,METROPOLIS.NS
2026-03-04 11:15:00+05:30,1840.4000244140625,1841.4000244140625,1840.0,1840.0,182,0.0,0.0,METROPOLIS.NS
2026-03-04 11:30:00+05:30,1840.0,1841.4000244140625,1835.0,1835.0,849,0.0,0.0,METROPOLIS.NS
2026-03-04 11:45:00+05:30,1835.0999755859373,1844.5999755859373,1835.0,1838.199951171875,470,0.0,0.0,METROPOLIS.NS
2026-03-04 12:00:00+05:30,1838.300048828125,1840.699951171875,1834.4000244140625,1835.199951171875,520,0.0,0.0,METROPOLIS.NS
2026-03-04 12:15:00+05:30,1835.199951171875,1836.300048828125,1830.199951171875,1830.199951171875,348,0.0,0.0,METROPOLIS.NS
2026-03-04 12:30:00+05:30,1830.4000244140625,1850.0999755859373,1830.0,1835.199951171875,2465,0.0,0.0,METROPOLIS.NS
2026-03-04 12:45:00+05:30,1835.199951171875,1837.199951171875,1831.9000244140625,1831.9000244140625,351,0.0,0.0,METROPOLIS.NS
2026-03-04 13:00:00+05:30,1831.9000244140625,1834.699951171875,1828.0,1830.0,375,0.0,0.0,METROPOLIS.NS
2026-03-04 13:15:00+05:30,1829.9000244140625,1834.9000244140625,1824.9000244140625,1831.5999755859373,1272,0.0,0.0,METROPOLIS.NS
2026-03-04 13:30:00+05:30,1831.699951171875,1840.5,1830.0,1833.199951171875,2077,0.0,0.0,METROPOLIS.NS
2026-03-04 13:45:00+05:30,1833.5999755859373,1836.300048828125,1830.4000244140625,1830.4000244140625,404,0.0,0.0,METROPOLIS.NS
2026-03-04 14:00:00+05:30,1830.9000244140625,1841.0999755859373,1830.0,1839.699951171875,310,0.0,0.0,METROPOLIS.NS
2026-03-04 14:15:00+05:30,1839.699951171875,1839.800048828125,1832.5,1835.199951171875,323,0.0,0.0,METROPOLIS.NS
2026-03-04 14:30:00+05:30,1835.199951171875,1839.5,1834.4000244140625,1838.5,323,0.0,0.0,METROPOLIS.NS
2026-03-04 14:45:00+05:30,1838.4000244140625,1845.5999755859373,1836.0,1841.0999755859373,841,0.0,0.0,METROPOLIS.NS
2026-03-04 15:00:00+05:30,1841.0999755859373,1849.9000244140625,1840.4000244140625,1847.5,834,0.0,0.0,METROPOLIS.NS
2026-03-04 15:15:00+05:30,1847.5,1859.9000244140625,1841.199951171875,1846.0,1408,0.0,0.0,METROPOLIS.NS
2026-03-05 09:15:00+05:30,1850.0,1855.300048828125,1829.5,1829.5,1123,0.0,0.0,METROPOLIS.NS
2026-03-05 09:30:00+05:30,1828.5,1830.9000244140625,1822.0,1822.199951171875,1074,0.0,0.0,METROPOLIS.NS
2026-03-05 09:45:00+05:30,1822.199951171875,1832.300048828125,1822.0,1825.5,904,0.0,0.0,METROPOLIS.NS
2026-03-05 10:00:00+05:30,1825.5,1828.800048828125,1821.0,1822.5999755859373,865,0.0,0.0,METROPOLIS.NS
2026-03-05 10:15:00+05:30,1822.5999755859373,1824.199951171875,1811.0,1811.0999755859373,993,0.0,0.0,METROPOLIS.NS
2026-03-05 10:30:00+05:30,1811.0999755859373,1814.5,1811.0,1811.199951171875,606,0.0,0.0,METROPOLIS.NS
2026-03-05 10:45:00+05:30,1811.199951171875,1812.0,1806.0,1807.699951171875,1827,0.0,0.0,METROPOLIS.NS
2026-03-05 11:00:00+05:30,1807.699951171875,1811.699951171875,1806.199951171875,1806.4000244140625,839,0.0,0.0,METROPOLIS.NS
2026-03-05 11:15:00+05:30,1806.4000244140625,1812.4000244140625,1804.199951171875,1805.0,1793,0.0,0.0,METROPOLIS.NS
2026-03-05 11:30:00+05:30,1805.0,1807.4000244140625,1801.0,1801.5999755859373,1164,0.0,0.0,METROPOLIS.NS
2026-03-05 11:45:00+05:30,1803.199951171875,1803.699951171875,1800.0,1800.800048828125,1412,0.0,0.0,METROPOLIS.NS
2026-03-05 12:00:00+05:30,1800.800048828125,1805.199951171875,1791.0,1800.0,1978,0.0,0.0,METROPOLIS.NS
2026-03-05 12:15:00+05:30,1801.9000244140625,1802.5999755859373,1798.5999755859375,1799.199951171875,1376,0.0,0.0,METROPOLIS.NS
2026-03-05 12:30:00+05:30,1799.199951171875,1803.5,1798.5999755859375,1799.5999755859375,1361,0.0,0.0,METROPOLIS.NS
2026-03-05 12:45:00+05:30,1799.5,1803.9000244140625,1799.0,1800.0,1387,0.0,0.0,METROPOLIS.NS
2026-03-05 13:00:00+05:30,1800.0,1800.4000244140625,1794.9000244140625,1799.0,2308,0.0,0.0,METROPOLIS.NS
2026-03-05 13:15:00+05:30,1798.9000244140625,1800.0999755859375,1795.9000244140625,1798.800048828125,1580,0.0,0.0,METROPOLIS.NS
2026-03-05 13:30:00+05:30,1798.800048828125,1800.0,1795.0,1796.800048828125,2245,0.0,0.0,METROPOLIS.NS
2026-03-05 13:45:00+05:30,1796.800048828125,1800.0,1795.800048828125,1798.0999755859375,2109,0.0,0.0,METROPOLIS.NS
2026-03-05 14:00:00+05:30,1798.0999755859375,1801.0,1795.0,1795.800048828125,3419,0.0,0.0,METROPOLIS.NS
2026-03-05 14:15:00+05:30,1795.5999755859375,1796.699951171875,1791.5,1793.5,2741,0.0,0.0,METROPOLIS.NS
2026-03-05 14:30:00+05:30,1793.5999755859375,1798.800048828125,1790.0,1794.800048828125,2658,0.0,0.0,METROPOLIS.NS
2026-03-05 14:45:00+05:30,1794.800048828125,1800.0,1791.199951171875,1792.699951171875,3912,0.0,0.0,METROPOLIS.NS
2026-03-05 15:00:00+05:30,1792.699951171875,1796.9000244140625,1784.199951171875,1784.199951171875,30725,0.0,0.0,METROPOLIS.NS
2026-03-05 15:15:00+05:30,1784.300048828125,1800.5999755859375,1783.0,1794.0,24342,0.0,0.0,METROPOLIS.NS
2026-03-06 09:15:00+05:30,1803.9000244140625,1808.800048828125,1787.699951171875,1800.0,1006,0.0,0.0,METROPOLIS.NS
2026-03-06 09:30:00+05:30,1800.0,1803.9000244140625,1799.0,1799.5,3628,0.0,0.0,METROPOLIS.NS
2026-03-06 09:45:00+05:30,1799.5,1802.0,1793.0999755859375,1798.0,6122,0.0,0.0,METROPOLIS.NS
2026-03-06 10:00:00+05:30,1798.300048828125,1798.300048828125,1794.0,1795.0,381,0.0,0.0,METROPOLIS.NS
2026-03-06 10:15:00+05:30,1795.0,1798.4000244140625,1794.0,1795.0999755859375,488,0.0,0.0,METROPOLIS.NS
2026-03-06 10:30:00+05:30,1795.0999755859375,1796.800048828125,1794.0,1794.0,198,0.0,0.0,METROPOLIS.NS
2026-03-06 10:45:00+05:30,1794.0,1797.9000244140625,1794.0,1796.5999755859375,410,0.0,0.0,METROPOLIS.NS
2026-03-06 11:00:00+05:30,1795.699951171875,1800.0,1795.699951171875,1796.0,903,0.0,0.0,METROPOLIS.NS
2026-03-06 11:15:00+05:30,1796.0,1800.300048828125,1796.0,1798.0999755859375,275,0.0,0.0,METROPOLIS.NS
2026-03-06 11:30:00+05:30,1798.0999755859375,1799.9000244140625,1795.0,1795.0,393,0.0,0.0,METROPOLIS.NS
2026-03-06 11:45:00+05:30,1795.0,1799.5,1795.0,1797.699951171875,293,0.0,0.0,METROPOLIS.NS
2026-03-06 12:00:00+05:30,1799.5999755859375,1799.5999755859375,1794.9000244140625,1794.9000244140625,401,0.0,0.0,METROPOLIS.NS
2026-03-06 12:15:00+05:30,1794.9000244140625,1797.300048828125,1791.0999755859375,1793.0999755859375,706,0.0,0.0,METROPOLIS.NS
2026-03-06 12:30:00+05:30,1792.0,1797.300048828125,1792.0,1792.0999755859375,325,0.0,0.0,METROPOLIS.NS
2026-03-06 12:45:00+05:30,1792.0999755859375,1794.4000244140625,1791.9000244140625,1792.0999755859375,267,0.0,0.0,METROPOLIS.NS
2026-03-06 13:00:00+05:30,1792.0,1794.5999755859375,1792.0,1792.300048828125,323,0.0,0.0,METROPOLIS.NS
2026-03-06 13:15:00+05:30,1792.5,1795.300048828125,1791.9000244140625,1794.0,365,0.0,0.0,METROPOLIS.NS
2026-03-06 13:30:00+05:30,1792.0,1796.199951171875,1792.0,1793.0999755859375,562,0.0,0.0,METROPOLIS.NS
2026-03-06 13:45:00+05:30,1793.0999755859375,1796.800048828125,1793.0999755859375,1794.0999755859375,242,0.0,0.0,METROPOLIS.NS
2026-03-06 14:00:00+05:30,1794.0999755859375,1796.5,1790.5,1791.9000244140625,644,0.0,0.0,METROPOLIS.NS
2026-03-06 14:15:00+05:30,1791.9000244140625,1793.0,1790.0,1792.0,512,0.0,0.0,METROPOLIS.NS
2026-03-06 14:30:00+05:30,1791.199951171875,1797.0,1791.0,1795.800048828125,896,0.0,0.0,METROPOLIS.NS
2026-03-06 14:45:00+05:30,1795.800048828125,1796.699951171875,1790.0,1790.0,1280,0.0,0.0,METROPOLIS.NS
2026-03-06 15:00:00+05:30,1791.4000244140625,1795.9000244140625,1787.5,1790.199951171875,2658,0.0,0.0,METROPOLIS.NS
2026-03-06 15:15:00+05:30,1793.5999755859375,1797.800048828125,1784.199951171875,1790.199951171875,2941,0.0,0.0,METROPOLIS.NS
2026-03-09 09:15:00+05:30,1778.9000244140625,1778.9000244140625,1736.4000244140625,1745.0999755859375,604,0.0,0.0,METROPOLIS.NS
2026-03-09 09:30:00+05:30,1743.0,1749.800048828125,1735.0999755859375,1739.800048828125,706,0.0,0.0,METROPOLIS.NS
2026-03-09 09:45:00+05:30,1736.199951171875,1743.800048828125,1735.5999755859375,1741.699951171875,1013,0.0,0.0,METROPOLIS.NS
2026-03-09 10:00:00+05:30,1741.699951171875,1751.9000244140625,1738.0,1746.5999755859375,1253,0.0,0.0,METROPOLIS.NS
2026-03-09 10:15:00+05:30,1751.5999755859375,1754.699951171875,1745.0,1749.800048828125,769,0.0,0.0,METROPOLIS.NS
2026-03-09 10:30:00+05:30,1749.800048828125,1753.699951171875,1749.4000244140625,1750.0,460,0.0,0.0,METROPOLIS.NS
2026-03-09 10:45:00+05:30,1750.4000244140625,1767.300048828125,1749.300048828125,1765.699951171875,989,0.0,0.0,METROPOLIS.NS
2026-03-09 11:00:00+05:30,1766.300048828125,1766.300048828125,1753.0,1754.9000244140625,396,0.0,0.0,METROPOLIS.NS
2026-03-09 11:15:00+05:30,1754.9000244140625,1760.0,1754.800048828125,1755.5999755859375,360,0.0,0.0,METROPOLIS.NS
2026-03-09 11:30:00+05:30,1755.5999755859375,1757.4000244140625,1749.699951171875,1749.699951171875,298,0.0,0.0,METROPOLIS.NS
2026-03-09 11:45:00+05:30,1749.199951171875,1757.300048828125,1749.199951171875,1755.0,443,0.0,0.0,METROPOLIS.NS
2026-03-09 12:00:00+05:30,1755.0,1758.800048828125,1752.300048828125,1755.0999755859375,804,0.0,0.0,METROPOLIS.NS
2026-03-09 12:15:00+05:30,1755.0,1758.199951171875,1755.0,1758.199951171875,540,0.0,0.0,METROPOLIS.NS
2026-03-09 12:30:00+05:30,1756.199951171875,1768.0999755859375,1755.5,1766.0,690,0.0,0.0,METROPOLIS.NS
2026-03-09 12:45:00+05:30,1765.300048828125,1770.5,1763.5,1766.699951171875,666,0.0,0.0,METROPOLIS.NS
2026-03-09 13:00:00+05:30,1766.4000244140625,1773.0,1766.4000244140625,1770.5,569,0.0,0.0,METROPOLIS.NS
2026-03-09 13:15:00+05:30,1770.9000244140625,1775.0,1770.0,1770.0999755859375,280,0.0,0.0,METROPOLIS.NS
2026-03-09 13:30:00+05:30,1770.300048828125,1775.0,1770.0,1770.300048828125,902,0.0,0.0,METROPOLIS.NS
2026-03-09 13:45:00+05:30,1773.199951171875,1774.4000244140625,1770.0,1773.5999755859375,1083,0.0,0.0,METROPOLIS.NS
2026-03-09 14:00:00+05:30,1771.699951171875,1774.800048828125,1770.5999755859375,1772.800048828125,340,0.0,0.0,METROPOLIS.NS
2026-03-09 14:15:00+05:30,1770.699951171875,1779.0,1770.0999755859375,1776.0,702,0.0,0.0,METROPOLIS.NS
2026-03-09 14:30:00+05:30,1775.0,1778.4000244140625,1770.0,1771.0,1162,0.0,0.0,METROPOLIS.NS
2026-03-09 14:45:00+05:30,1775.800048828125,1780.300048828125,1772.800048828125,1778.699951171875,1500,0.0,0.0,METROPOLIS.NS
2026-03-09 15:00:00+05:30,1779.5,1788.5999755859375,1776.0,1786.4000244140625,1914,0.0,0.0,METROPOLIS.NS
2026-03-09 15:15:00+05:30,1786.4000244140625,1796.0999755859375,1776.0999755859375,1786.0,2674,0.0,0.0,METROPOLIS.NS
2026-03-10 09:15:00+05:30,1785.0,1803.0,1785.0,1797.9000244140625,1475,0.0,0.0,METROPOLIS.NS
2026-03-10 09:30:00+05:30,1799.800048828125,1799.9000244140625,1788.199951171875,1792.9000244140625,452,0.0,0.0,METROPOLIS.NS
2026-03-10 09:45:00+05:30,1793.0,1801.9000244140625,1793.0,1800.0,681,0.0,0.0,METROPOLIS.NS
2026-03-10 10:00:00+05:30,1799.699951171875,1800.0,1796.0999755859375,1798.199951171875,140,0.0,0.0,METROPOLIS.NS
2026-03-10 10:15:00+05:30,1798.300048828125,1799.9000244140625,1792.4000244140625,1799.9000244140625,482,0.0,0.0,METROPOLIS.NS
2026-03-10 10:30:00+05:30,1798.0999755859375,1800.0,1780.800048828125,1781.5,1348,0.0,0.0,METROPOLIS.NS
2026-03-10 10:45:00+05:30,1786.800048828125,1788.699951171875,1780.0,1786.800048828125,667,0.0,0.0,METROPOLIS.NS
2026-03-10 11:00:00+05:30,1786.800048828125,1794.800048828125,1786.800048828125,1790.199951171875,565,0.0,0.0,METROPOLIS.NS
2026-03-10 11:15:00+05:30,1790.199951171875,1793.9000244140625,1786.0999755859375,1786.0999755859375,310,0.0,0.0,METROPOLIS.NS
2026-03-10 11:30:00+05:30,1786.0999755859375,1794.699951171875,1786.0,1791.4000244140625,469,0.0,0.0,METROPOLIS.NS
2026-03-10 11:45:00+05:30,1791.4000244140625,1818.800048828125,1791.4000244140625,1808.9000244140625,5156,0.0,0.0,METROPOLIS.NS
2026-03-10 12:00:00+05:30,1808.9000244140625,1813.0999755859373,1805.0999755859373,1811.199951171875,33174,0.0,0.0,METROPOLIS.NS
2026-03-10 12:15:00+05:30,1811.199951171875,1816.9000244140625,1809.0999755859373,1811.0999755859373,1495,0.0,0.0,METROPOLIS.NS
2026-03-10 12:30:00+05:30,1811.0999755859373,1823.0999755859373,1809.0999755859373,1820.4000244140625,1275,0.0,0.0,METROPOLIS.NS
2026-03-10 12:45:00+05:30,1820.4000244140625,1824.699951171875,1818.4000244140625,1822.5999755859373,797,0.0,0.0,METROPOLIS.NS
2026-03-10 13:00:00+05:30,1821.0999755859373,1822.9000244140625,1819.5999755859373,1820.5,178,0.0,0.0,METROPOLIS.NS
2026-03-10 13:15:00+05:30,1820.5,1822.800048828125,1810.199951171875,1811.0999755859373,344,0.0,0.0,METROPOLIS.NS
2026-03-10 13:30:00+05:30,1811.0999755859373,1818.699951171875,1810.5,1814.0999755859373,244,0.0,0.0,METROPOLIS.NS
2026-03-10 13:45:00+05:30,1814.0999755859373,1817.5,1812.0,1812.0999755859373,456,0.0,0.0,METROPOLIS.NS
2026-03-10 14:00:00+05:30,1812.4000244140625,1814.9000244140625,1812.4000244140625,1813.0,153,0.0,0.0,METROPOLIS.NS
2026-03-10 14:15:00+05:30,1814.9000244140625,1816.800048828125,1814.4000244140625,1815.0,213,0.0,0.0,METROPOLIS.NS
2026-03-10 14:30:00+05:30,1815.0,1816.5,1807.9000244140625,1810.300048828125,942,0.0,0.0,METROPOLIS.NS
2026-03-10 14:45:00+05:30,1810.300048828125,1819.0,1809.5,1817.0,484,0.0,0.0,METROPOLIS.NS
2026-03-10 15:00:00+05:30,1818.800048828125,1823.5999755859373,1811.0,1821.5999755859373,1343,0.0,0.0,METROPOLIS.NS
2026-03-10 15:15:00+05:30,1821.5999755859373,1825.0,1811.199951171875,1818.800048828125,2667,0.0,0.0,METROPOLIS.NS
2026-03-11 09:15:00+05:30,1835.0,1850.800048828125,1825.0999755859373,1843.5999755859373,3353,0.0,0.0,METROPOLIS.NS
2026-03-11 09:30:00+05:30,1848.0,1848.0,1835.0,1835.9000244140625,3016,0.0,0.0,METROPOLIS.NS
2026-03-11 09:45:00+05:30,1836.0999755859373,1842.0,1829.199951171875,1835.800048828125,3327,0.0,0.0,METROPOLIS.NS
2026-03-11 10:00:00+05:30,1836.9000244140625,1841.5,1831.800048828125,1838.0,771,0.0,0.0,METROPOLIS.NS
2026-03-11 10:15:00+05:30,1839.0,1840.9000244140625,1838.0,1840.5999755859373,745,0.0,0.0,METROPOLIS.NS
2026-03-11 10:30:00+05:30,1840.0999755859373,1840.9000244140625,1837.0,1838.5,527,0.0,0.0,METROPOLIS.NS
2026-03-11 10:45:00+05:30,1839.0999755859373,1842.9000244140625,1835.5999755859373,1840.0,1442,0.0,0.0,METROPOLIS.NS
2026-03-11 11:00:00+05:30,1840.0,1841.199951171875,1837.5999755859373,1840.699951171875,518,0.0,0.0,METROPOLIS.NS
2026-03-11 11:15:00+05:30,1840.699951171875,1840.699951171875,1839.0,1840.699951171875,120,0.0,0.0,METROPOLIS.NS
2026-03-11 11:30:00+05:30,1840.699951171875,1841.800048828125,1837.0,1838.9000244140625,334,0.0,0.0,METROPOLIS.NS
2026-03-11 11:45:00+05:30,1840.0,1842.4000244140625,1840.0,1841.5999755859373,278,0.0,0.0,METROPOLIS.NS
2026-03-11 12:00:00+05:30,1841.4000244140625,1841.4000244140625,1835.5,1839.0,400,0.0,0.0,METROPOLIS.NS
2026-03-11 12:15:00+05:30,1839.0,1839.0,1835.0999755859373,1838.9000244140625,1430,0.0,0.0,METROPOLIS.NS
2026-03-11 12:30:00+05:30,1839.0,1840.0,1837.0,1839.0,413,0.0,0.0,METROPOLIS.NS
2026-03-11 12:45:00+05:30,1839.0,1839.0,1836.0,1839.0,436,0.0,0.0,METROPOLIS.NS
2026-03-11 13:00:00+05:30,1839.0,1841.699951171875,1837.199951171875,1839.0,2588,0.0,0.0,METROPOLIS.NS
2026-03-11 13:15:00+05:30,1839.0,1847.0999755859373,1835.4000244140625,1839.0,4645,0.0,0.0,METROPOLIS.NS
2026-03-11 13:30:00+05:30,1839.199951171875,1842.5,1839.0,1839.199951171875,2844,0.0,0.0,METROPOLIS.NS
2026-03-11 13:45:00+05:30,1841.4000244140625,1841.800048828125,1838.699951171875,1841.800048828125,819,0.0,0.0,METROPOLIS.NS
2026-03-11 14:00:00+05:30,1839.0,1839.9000244140625,1837.5,1839.9000244140625,800,0.0,0.0,METROPOLIS.NS
2026-03-11 14:15:00+05:30,1838.4000244140625,1842.0,1838.0,1840.0999755859373,1443,0.0,0.0,METROPOLIS.NS
2026-03-11 14:30:00+05:30,1839.0,1842.4000244140625,1839.0,1839.0999755859373,1165,0.0,0.0,METROPOLIS.NS
2026-03-11 14:45:00+05:30,1839.0999755859373,1842.5,1838.0,1841.5,1352,0.0,0.0,METROPOLIS.NS
2026-03-11 15:00:00+05:30,1841.4000244140625,1841.4000244140625,1837.0,1838.699951171875,1910,0.0,0.0,METROPOLIS.NS
2026-03-11 15:15:00+05:30,1838.800048828125,1843.0,1830.699951171875,1837.0,8528,0.0,0.0,METROPOLIS.NS
2026-03-12 09:15:00+05:30,1840.0,1847.699951171875,1816.0999755859373,1825.0,1678,0.0,0.0,METROPOLIS.NS
2026-03-12 09:30:00+05:30,1825.0,1825.5999755859373,1800.0,1810.0999755859373,3433,0.0,0.0,METROPOLIS.NS
2026-03-12 09:45:00+05:30,1812.0,1829.0,1812.0,1824.5999755859373,1107,0.0,0.0,METROPOLIS.NS
2026-03-12 10:00:00+05:30,1827.9000244140625,1827.9000244140625,1820.0,1822.5,691,0.0,0.0,METROPOLIS.NS
2026-03-12 10:15:00+05:30,1822.5,1828.0,1820.9000244140625,1826.300048828125,356,0.0,0.0,METROPOLIS.NS
2026-03-12 10:30:00+05:30,1826.0999755859373,1829.5999755859373,1820.0,1826.800048828125,1707,0.0,0.0,METROPOLIS.NS
2026-03-12 10:45:00+05:30,1827.199951171875,1828.5999755859373,1822.4000244140625,1823.9000244140625,1439,0.0,0.0,METROPOLIS.NS
2026-03-12 11:00:00+05:30,1826.199951171875,1839.9000244140625,1826.199951171875,1838.0,762,0.0,0.0,METROPOLIS.NS
2026-03-12 11:15:00+05:30,1837.699951171875,1839.5,1825.300048828125,1825.300048828125,1438,0.0,0.0,METROPOLIS.NS
2026-03-12 11:30:00+05:30,1825.0,1841.199951171875,1825.0,1839.9000244140625,1372,0.0,0.0,METROPOLIS.NS
2026-03-12 11:45:00+05:30,1839.9000244140625,1842.0,1834.5,1842.0,459,0.0,0.0,METROPOLIS.NS
2026-03-12 12:00:00+05:30,1841.9000244140625,1842.0,1832.0,1836.9000244140625,703,0.0,0.0,METROPOLIS.NS
2026-03-12 12:15:00+05:30,1834.9000244140625,1839.199951171875,1834.0999755859373,1838.300048828125,355,0.0,0.0,METROPOLIS.NS
2026-03-12 12:30:00+05:30,1835.9000244140625,1837.800048828125,1830.0,1835.0999755859373,1104,0.0,0.0,METROPOLIS.NS
2026-03-12 12:45:00+05:30,1835.300048828125,1837.5999755859373,1826.0,1829.9000244140625,514,0.0,0.0,METROPOLIS.NS
2026-03-12 13:00:00+05:30,1829.9000244140625,1833.5,1826.0,1833.5,648,0.0,0.0,METROPOLIS.NS
2026-03-12 13:15:00+05:30,1833.4000244140625,1835.800048828125,1831.0,1833.9000244140625,153,0.0,0.0,METROPOLIS.NS
2026-03-12 13:30:00+05:30,1833.5999755859373,1836.0,1831.0,1833.0,386,0.0,0.0,METROPOLIS.NS
2026-03-12 13:45:00+05:30,1833.0,1837.0999755859373,1825.0999755859373,1829.0999755859373,841,0.0,0.0,METROPOLIS.NS
2026-03-12 14:00:00+05:30,1829.199951171875,1831.699951171875,1823.300048828125,1831.699951171875,798,0.0,0.0,METROPOLIS.NS
2026-03-12 14:15:00+05:30,1831.699951171875,1836.0,1827.0,1836.0,507,0.0,0.0,METROPOLIS.NS
2026-03-12 14:30:00+05:30,1835.699951171875,1840.0999755859373,1830.0999755859373,1830.9000244140625,1765,0.0,0.0,METROPOLIS.NS
2026-03-12 14:45:00+05:30,1830.0,1830.5999755859373,1825.0,1830.5999755859373,1035,0.0,0.0,METROPOLIS.NS
2026-03-12 15:00:00+05:30,1830.300048828125,1832.0,1820.0999755859373,1823.0,2085,0.0,0.0,METROPOLIS.NS
2026-03-12 15:15:00+05:30,1825.300048828125,1830.4000244140625,1813.0,1813.0999755859373,3931,0.0,0.0,METROPOLIS.NS
2026-03-13 09:15:00+05:30,1829.0,1835.0,1812.199951171875,1812.4000244140625,895,0.0,0.0,METROPOLIS.NS
2026-03-13 09:30:00+05:30,1815.699951171875,1817.0,1811.0999755859373,1811.0999755859373,657,0.0,0.0,METROPOLIS.NS
2026-03-13 09:45:00+05:30,1813.0,1814.199951171875,1805.5999755859373,1807.5999755859373,996,0.0,0.0,METROPOLIS.NS
2026-03-13 10:00:00+05:30,1807.5999755859373,1809.5,1805.0,1808.300048828125,688,0.0,0.0,METROPOLIS.NS
2026-03-13 10:15:00+05:30,1806.5,1810.800048828125,1805.300048828125,1807.300048828125,858,0.0,0.0,METROPOLIS.NS
2026-03-13 10:30:00+05:30,1810.800048828125,1811.199951171875,1807.300048828125,1807.300048828125,868,0.0,0.0,METROPOLIS.NS
2026-03-13 10:45:00+05:30,1807.5999755859373,1818.0,1807.5999755859373,1809.0999755859373,781,0.0,0.0,METROPOLIS.NS
2026-03-13 11:00:00+05:30,1809.0999755859373,1814.0,1808.5,1811.5,373,0.0,0.0,METROPOLIS.NS
2026-03-13 11:15:00+05:30,1810.5,1818.0,1810.5,1817.0,566,0.0,0.0,METROPOLIS.NS
2026-03-13 11:30:00+05:30,1817.0,1817.5999755859373,1814.0999755859373,1817.0,349,0.0,0.0,METROPOLIS.NS
2026-03-13 11:45:00+05:30,1814.5,1817.5,1812.0,1815.0,514,0.0,0.0,METROPOLIS.NS
2026-03-13 12:00:00+05:30,1815.0,1817.9000244140625,1810.9000244140625,1810.9000244140625,315,0.0,0.0,METROPOLIS.NS
2026-03-13 12:15:00+05:30,1813.800048828125,1815.0,1810.5,1810.5,437,0.0,0.0,METROPOLIS.NS
2026-03-13 12:30:00+05:30,1812.0999755859373,1814.0,1808.300048828125,1808.300048828125,21334,0.0,0.0,METROPOLIS.NS
2026-03-13 12:45:00+05:30,1808.300048828125,1809.5999755859373,1808.300048828125,1809.5999755859373,237,0.0,0.0,METROPOLIS.NS
2026-03-13 13:00:00+05:30,1809.5999755859373,1809.5999755859373,1808.0,1809.4000244140625,100722,0.0,0.0,METROPOLIS.NS
2026-03-13 13:15:00+05:30,1808.199951171875,1810.0999755859373,1808.0,1809.5999755859373,582,0.0,0.0,METROPOLIS.NS
2026-03-13 13:30:00+05:30,1809.5,1809.5,1808.0,1809.0,261,0.0,0.0,METROPOLIS.NS
2026-03-13 13:45:00+05:30,1809.0,1809.0,1807.0999755859373,1808.0,265,0.0,0.0,METROPOLIS.NS
2026-03-13 14:00:00+05:30,1808.0,1810.5,1807.699951171875,1809.0999755859373,1518,0.0,0.0,METROPOLIS.NS
2026-03-13 14:15:00+05:30,1809.0999755859373,1819.5,1808.9000244140625,1812.0999755859373,1437,0.0,0.0,METROPOLIS.NS
2026-03-13 14:30:00+05:30,1812.4000244140625,1815.5,1812.4000244140625,1814.4000244140625,364,0.0,0.0,METROPOLIS.NS
2026-03-13 14:45:00+05:30,1814.5,1820.0,1809.5,1809.5,1521,0.0,0.0,METROPOLIS.NS
2026-03-13 15:00:00+05:30,1811.5999755859373,1811.5999755859373,1806.0,1807.5,11727,0.0,0.0,METROPOLIS.NS
2026-03-13 15:15:00+05:30,1807.4000244140625,1810.0,1801.0,1810.0,3010,0.0,0.0,METROPOLIS.NS
2026-03-16 09:15:00+05:30,1824.0,1834.199951171875,1806.199951171875,1827.0,2020,0.0,0.0,METROPOLIS.NS
2026-03-16 09:30:00+05:30,1824.5,1839.0999755859373,1820.0,1837.0,3254,0.0,0.0,METROPOLIS.NS
2026-03-16 09:45:00+05:30,1835.199951171875,1912.800048828125,1834.800048828125,1838.5999755859373,25698,0.0,0.0,METROPOLIS.NS
2026-03-16 10:00:00+05:30,1840.800048828125,1845.199951171875,1820.699951171875,1835.199951171875,13018,0.0,0.0,METROPOLIS.NS
2026-03-16 10:15:00+05:30,1838.9000244140625,1838.9000244140625,1823.4000244140625,1825.699951171875,2605,0.0,0.0,METROPOLIS.NS
2026-03-16 10:30:00+05:30,1825.9000244140625,1845.800048828125,1825.9000244140625,1836.9000244140625,3334,0.0,0.0,METROPOLIS.NS
2026-03-16 10:45:00+05:30,1837.0,1837.0,1826.0999755859373,1834.800048828125,1576,0.0,0.0,METROPOLIS.NS
2026-03-16 11:00:00+05:30,1834.699951171875,1837.0,1829.199951171875,1830.9000244140625,1109,0.0,0.0,METROPOLIS.NS
2026-03-16 11:15:00+05:30,1830.4000244140625,1835.300048828125,1830.0,1831.0999755859373,446,0.0,0.0,METROPOLIS.NS
2026-03-16 11:30:00+05:30,1831.0999755859373,1835.5,1825.300048828125,1830.800048828125,1900,0.0,0.0,METROPOLIS.NS
2026-03-16 11:45:00+05:30,1830.0999755859373,1836.4000244140625,1827.699951171875,1836.199951171875,428,0.0,0.0,METROPOLIS.NS
2026-03-16 12:00:00+05:30,1834.800048828125,1838.0,1829.0,1833.4000244140625,1187,0.0,0.0,METROPOLIS.NS
2026-03-16 12:15:00+05:30,1831.4000244140625,1845.9000244140625,1826.4000244140625,1836.5999755859373,1080,0.0,0.0,METROPOLIS.NS
2026-03-16 12:30:00+05:30,1839.9000244140625,1846.800048828125,1837.800048828125,1839.699951171875,1102,0.0,0.0,METROPOLIS.NS
2026-03-16 12:45:00+05:30,1840.5999755859373,1841.5999755859373,1836.0,1839.4000244140625,961,0.0,0.0,METROPOLIS.NS
2026-03-16 13:00:00+05:30,1839.199951171875,1840.0,1830.0,1830.0,2075,0.0,0.0,METROPOLIS.NS
2026-03-16 13:15:00+05:30,1832.0,1838.0,1832.0,1838.0,532,0.0,0.0,METROPOLIS.NS
2026-03-16 13:30:00+05:30,1836.699951171875,1836.699951171875,1832.5999755859373,1834.800048828125,430,0.0,0.0,METROPOLIS.NS
2026-03-16 13:45:00+05:30,1834.699951171875,1839.0,1832.0,1838.0,1792,0.0,0.0,METROPOLIS.NS
2026-03-16 14:00:00+05:30,1838.0999755859373,1838.4000244140625,1833.5,1834.5999755859373,681,0.0,0.0,METROPOLIS.NS
2026-03-16 14:15:00+05:30,1834.4000244140625,1840.9000244140625,1832.0999755859373,1839.199951171875,594,0.0,0.0,METROPOLIS.NS
2026-03-16 14:30:00+05:30,1839.199951171875,1848.5,1837.5,1843.0,1333,0.0,0.0,METROPOLIS.NS
2026-03-16 14:45:00+05:30,1845.5999755859373,1850.0,1843.5,1846.9000244140625,2581,0.0,0.0,METROPOLIS.NS
2026-03-16 15:00:00+05:30,1847.0,1850.0,1830.9000244140625,1837.5,7495,0.0,0.0,METROPOLIS.NS
2026-03-16 15:15:00+05:30,1837.699951171875,1839.4000244140625,1827.9000244140625,1839.4000244140625,4149,0.0,0.0,METROPOLIS.NS
2026-03-17 09:15:00+05:30,1848.0,1848.0,1815.300048828125,1827.5,800,0.0,0.0,METROPOLIS.NS
2026-03-17 09:30:00+05:30,1827.9000244140625,1837.5,1827.9000244140625,1835.800048828125,761,0.0,0.0,METROPOLIS.NS
2026-03-17 09:45:00+05:30,1837.0999755859373,1841.300048828125,1835.9000244140625,1838.800048828125,1139,0.0,0.0,METROPOLIS.NS
2026-03-17 10:00:00+05:30,1840.0999755859373,1849.199951171875,1840.0999755859373,1841.4000244140625,1079,0.0,0.0,METROPOLIS.NS
2026-03-17 10:15:00+05:30,1844.4000244140625,1849.9000244140625,1841.0,1841.9000244140625,1750,0.0,0.0,METROPOLIS.NS
2026-03-17 10:30:00+05:30,1843.5,1844.699951171875,1841.800048828125,1842.800048828125,268,0.0,0.0,METROPOLIS.NS
2026-03-17 10:45:00+05:30,1843.800048828125,1850.0,1842.0,1847.800048828125,754,0.0,0.0,METROPOLIS.NS
2026-03-17 11:00:00+05:30,1846.9000244140625,1849.4000244140625,1845.5999755859373,1847.800048828125,483,0.0,0.0,METROPOLIS.NS
2026-03-17 11:15:00+05:30,1849.0,1849.4000244140625,1843.0,1844.9000244140625,632,0.0,0.0,METROPOLIS.NS
2026-03-17 11:30:00+05:30,1845.0,1849.300048828125,1843.199951171875,1848.0,234,0.0,0.0,METROPOLIS.NS
2026-03-17 11:45:00+05:30,1848.199951171875,1849.5,1841.199951171875,1841.199951171875,456,0.0,0.0,METROPOLIS.NS
2026-03-17 12:00:00+05:30,1841.199951171875,1843.0,1840.0,1842.300048828125,200,0.0,0.0,METROPOLIS.NS
2026-03-17 12:15:00+05:30,1842.800048828125,1847.699951171875,1837.699951171875,1844.5999755859373,3879,0.0,0.0,METROPOLIS.NS
2026-03-17 12:30:00+05:30,1844.5999755859373,1849.9000244140625,1844.199951171875,1848.9000244140625,247,0.0,0.0,METROPOLIS.NS
2026-03-17 12:45:00+05:30,1850.0,1851.5,1848.0,1849.4000244140625,524,0.0,0.0,METROPOLIS.NS
2026-03-17 13:00:00+05:30,1851.0,1852.699951171875,1845.5999755859373,1848.199951171875,2470,0.0,0.0,METROPOLIS.NS
2026-03-17 13:15:00+05:30,1849.5999755859373,1850.0,1843.4000244140625,1847.800048828125,872,0.0,0.0,METROPOLIS.NS
2026-03-17 13:30:00+05:30,1848.0,1850.4000244140625,1846.5,1849.4000244140625,232,0.0,0.0,METROPOLIS.NS
2026-03-17 13:45:00+05:30,1849.0,1852.0,1846.4000244140625,1851.699951171875,681,0.0,0.0,METROPOLIS.NS
2026-03-17 14:00:00+05:30,1851.199951171875,1855.0,1851.199951171875,1853.0999755859373,828,0.0,0.0,METROPOLIS.NS
2026-03-17 14:15:00+05:30,1855.0,1855.0,1852.199951171875,1854.0,639,0.0,0.0,METROPOLIS.NS
2026-03-17 14:30:00+05:30,1854.0,1855.0,1852.199951171875,1852.199951171875,735,0.0,0.0,METROPOLIS.NS
2026-03-17 14:45:00+05:30,1853.800048828125,1859.0999755859373,1852.0,1855.0,2101,0.0,0.0,METROPOLIS.NS
2026-03-17 15:00:00+05:30,1856.5999755859373,1860.0,1852.5,1858.0,2683,0.0,0.0,METROPOLIS.NS
2026-03-17 15:15:00+05:30,1858.4000244140625,1860.0,1852.5999755859373,1858.0,3667,0.0,0.0,METROPOLIS.NS
2026-03-18 09:15:00+05:30,467.5,471.5499877929688,466.25,468.75,2424,0.0,0.0,METROPOLIS.NS
2026-03-18 09:30:00+05:30,469.0,472.5,468.7749938964844,470.375,3992,0.0,0.0,METROPOLIS.NS
2026-03-18 09:45:00+05:30,470.4249877929688,470.9750061035156,468.25,469.0249938964844,3548,0.0,0.0,METROPOLIS.NS
2026-03-18 10:00:00+05:30,468.9249877929688,469.5249938964844,468.2999877929688,468.5249938964844,1614,0.0,0.0,METROPOLIS.NS
2026-03-18 10:15:00+05:30,468.75,470.375,468.5,469.25,1379,0.0,0.0,METROPOLIS.NS
2026-03-18 10:30:00+05:30,469.375,470.8250122070313,469.0,470.0,4252,0.0,0.0,METROPOLIS.NS
2026-03-18 10:45:00+05:30,470.0,471.3999938964844,468.875,468.875,2788,0.0,0.0,METROPOLIS.NS
2026-03-18 11:00:00+05:30,468.875,469.125,468.5249938964844,468.75,1990,0.0,0.0,METROPOLIS.NS
2026-03-18 11:15:00+05:30,468.5750122070313,469.25,468.25,468.75,2133,0.0,0.0,METROPOLIS.NS
2026-03-18 11:30:00+05:30,468.7749938964844,471.0750122070313,468.75,470.25,3718,0.0,0.0,METROPOLIS.NS
2026-03-18 11:45:00+05:30,470.0249938964844,471.25,469.75,469.9750061035156,4582,0.0,0.0,METROPOLIS.NS
2026-03-18 12:00:00+05:30,469.9750061035156,470.1499938964844,469.6499938964844,470.0,2098,0.0,0.0,METROPOLIS.NS
2026-03-18 12:15:00+05:30,470.0,470.0,468.8500061035156,469.625,974,0.0,0.0,METROPOLIS.NS
2026-03-18 12:30:00+05:30,469.5,469.8250122070313,468.8999938964844,469.1749877929688,2123,0.0,0.0,METROPOLIS.NS
2026-03-18 12:45:00+05:30,469.1499938964844,469.875,468.9750061035156,469.375,4737,0.0,0.0,METROPOLIS.NS
2026-03-18 13:00:00+05:30,469.7749938964844,471.1000061035156,469.125,470.7000122070313,1567,0.0,0.0,METROPOLIS.NS
2026-03-18 13:15:00+05:30,470.6499938964844,471.1499938964844,469.5,469.75,860,0.0,0.0,METROPOLIS.NS
2026-03-18 13:30:00+05:30,469.7749938964844,470.6000061035156,469.0249938964844,470.6000061035156,599,0.0,0.0,METROPOLIS.NS
2026-03-18 13:45:00+05:30,469.5249938964844,469.9500122070313,468.7999877929688,468.9750061035156,1741,0.0,0.0,METROPOLIS.NS
2026-03-18 14:00:00+05:30,468.7999877929688,469.7999877929688,468.7999877929688,469.2999877929688,3089,0.0,0.0,METROPOLIS.NS
2026-03-18 14:15:00+05:30,469.6000061035156,470.0750122070313,468.8999938964844,469.9249877929688,2172,0.0,0.0,METROPOLIS.NS
2026-03-18 14:30:00+05:30,469.9249877929688,470.375,464.0,466.625,11689,0.0,0.0,METROPOLIS.NS
2026-03-18 14:45:00+05:30,465.7999877929688,468.2250061035156,465.7999877929688,468.2250061035156,1270,0.0,0.0,METROPOLIS.NS
2026-03-18 15:00:00+05:30,468.2749938964844,468.625,464.3500061035156,466.0499877929688,3692,0.0,0.0,METROPOLIS.NS
2026-03-18 15:15:00+05:30,466.3500061035156,468.75,464.9500122070313,467.5,7415,0.0,0.0,METROPOLIS.NS
2026-03-19 09:15:00+05:30,463.0,463.0,456.25,456.6749877929688,2036,0.0,0.0,METROPOLIS.NS
2026-03-19 09:30:00+05:30,457.0,457.7250061035156,454.75,456.75,3219,0.0,0.0,METROPOLIS.NS
2026-03-19 09:45:00+05:30,457.0499877929688,458.2000122070313,456.75,457.75,1108,0.0,0.0,METROPOLIS.NS
2026-03-19 10:00:00+05:30,458.2000122070313,461.4750061035156,457.7999877929688,460.1749877929688,2898,0.0,0.0,METROPOLIS.NS
2026-03-19 10:15:00+05:30,460.7250061035156,460.7250061035156,458.75,458.75,578,0.0,0.0,METROPOLIS.NS
2026-03-19 10:30:00+05:30,458.75,459.5750122070313,458.0249938964844,459.3999938964844,2430,0.0,0.0,METROPOLIS.NS
2026-03-19 10:45:00+05:30,459.2999877929688,460.1000061035156,458.75,458.9249877929688,454,0.0,0.0,METROPOLIS.NS
2026-03-19 11:00:00+05:30,459.4249877929688,460.4750061035156,459.0499877929688,459.5,436,0.0,0.0,METROPOLIS.NS
2026-03-19 11:15:00+05:30,460.0249938964844,460.0249938964844,459.1000061035156,459.2749938964844,967,0.0,0.0,METROPOLIS.NS
2026-03-19 11:30:00+05:30,459.2749938964844,460.625,458.75,460.625,1066,0.0,0.0,METROPOLIS.NS
2026-03-19 11:45:00+05:30,460.1499938964844,460.9750061035156,460.0249938964844,460.7749938964844,545,0.0,0.0,METROPOLIS.NS
2026-03-19 12:00:00+05:30,460.2250061035156,460.75,460.2250061035156,460.375,133,0.0,0.0,METROPOLIS.NS
2026-03-19 12:15:00+05:30,460.25,460.7000122070313,459.0249938964844,459.375,1001,0.0,0.0,METROPOLIS.NS
2026-03-19 12:30:00+05:30,459.8250122070313,460.0249938964844,458.25,458.25,1489,0.0,0.0,METROPOLIS.NS
2026-03-19 12:45:00+05:30,458.25,459.3250122070313,458.0750122070313,459.25,837,0.0,0.0,METROPOLIS.NS
2026-03-19 13:00:00+05:30,459.25,459.25,458.875,458.9750061035156,365,0.0,0.0,METROPOLIS.NS
2026-03-19 13:15:00+05:30,458.875,459.6499938964844,458.4500122070313,459.3500061035156,2946,0.0,0.0,METROPOLIS.NS
2026-03-19 13:30:00+05:30,459.1499938964844,459.1499938964844,457.7250061035156,457.75,1154,0.0,0.0,METROPOLIS.NS
2026-03-19 13:45:00+05:30,457.75,459.0,457.5,457.75,3450,0.0,0.0,METROPOLIS.NS
2026-03-19 14:00:00+05:30,457.75,458.2250061035156,456.6749877929688,458.1749877929688,2201,0.0,0.0,METROPOLIS.NS
2026-03-19 14:15:00+05:30,458.1749877929688,458.625,457.625,458.0499877929688,1322,0.0,0.0,METROPOLIS.NS
2026-03-19 14:30:00+05:30,457.7749938964844,458.7749938964844,457.7749938964844,458.125,1409,0.0,0.0,METROPOLIS.NS
2026-03-19 14:45:00+05:30,458.1000061035156,458.3250122070313,457.3999938964844,457.3999938964844,2436,0.0,0.0,METROPOLIS.NS
2026-03-19 15:00:00+05:30,457.3500061035156,457.3500061035156,456.0,456.0,4581,0.0,0.0,METROPOLIS.NS
2026-03-19 15:15:00+05:30,455.2749938964844,459.625,455.0,455.7749938964844,8398,0.0,0.0,METROPOLIS.NS
2026-03-20 09:15:00+05:30,470.0,472.8999938964844,454.6000061035156,456.0,25037,0.0,4.0,METROPOLIS.NS
2026-03-20 09:30:00+05:30,456.5,456.5,446.1000061035156,446.1000061035156,31560,0.0,0.0,METROPOLIS.NS
2026-03-20 09:45:00+05:30,447.7999877929688,448.0,437.6000061035156,441.5,37055,0.0,0.0,METROPOLIS.NS
2026-03-20 10:00:00+05:30,441.2000122070313,441.7000122070313,438.8999938964844,440.3999938964844,12519,0.0,0.0,METROPOLIS.NS
2026-03-20 10:15:00+05:30,440.0,444.6000061035156,436.0,443.2999877929688,41262,0.0,0.0,METROPOLIS.NS
2026-03-20 10:30:00+05:30,443.0,446.5,440.2000122070313,442.7000122070313,19301,0.0,0.0,METROPOLIS.NS
2026-03-20 10:45:00+05:30,442.7000122070313,446.8999938964844,442.6000061035156,445.6000061035156,35681,0.0,0.0,METROPOLIS.NS
2026-03-20 11:00:00+05:30,445.6000061035156,447.0,440.5,441.1000061035156,13571,0.0,0.0,METROPOLIS.NS
2026-03-20 11:15:00+05:30,440.7999877929688,445.0,440.5,444.5,15187,0.0,0.0,METROPOLIS.NS
2026-03-20 11:30:00+05:30,445.0,447.8999938964844,443.3999938964844,446.3999938964844,13056,0.0,0.0,METROPOLIS.NS
2026-03-20 11:45:00+05:30,446.6000061035156,447.5,445.0,446.1000061035156,6988,0.0,0.0,METROPOLIS.NS
2026-03-20 12:00:00+05:30,446.6000061035156,446.6000061035156,445.0,445.1000061035156,4591,0.0,0.0,METROPOLIS.NS
2026-03-20 12:15:00+05:30,445.0,446.6000061035156,445.0,446.2000122070313,3810,0.0,0.0,METROPOLIS.NS
2026-03-20 12:30:00+05:30,446.2000122070313,446.5,444.6000061035156,446.3999938964844,5396,0.0,0.0,METROPOLIS.NS
2026-03-20 12:45:00+05:30,446.7000122070313,447.2999877929688,445.7999877929688,446.5,5437,0.0,0.0,METROPOLIS.NS
2026-03-20 13:00:00+05:30,446.7000122070313,449.7000122070313,445.2000122070313,448.2999877929688,9800,0.0,0.0,METROPOLIS.NS
2026-03-20 13:15:00+05:30,448.3999938964844,449.6000061035156,448.0,449.0,7408,0.0,0.0,METROPOLIS.NS
2026-03-20 13:30:00+05:30,448.5,450.8999938964844,448.1000061035156,450.7999877929688,11630,0.0,0.0,METROPOLIS.NS
2026-03-20 13:45:00+05:30,450.7999877929688,451.7999877929688,450.0,450.2999877929688,17766,0.0,0.0,METROPOLIS.NS
2026-03-20 14:00:00+05:30,450.0,450.0,448.0,449.0,10524,0.0,0.0,METROPOLIS.NS
2026-03-20 14:15:00+05:30,449.1000061035156,449.7999877929688,444.7999877929688,447.1000061035156,11833,0.0,0.0,METROPOLIS.NS
2026-03-20 14:30:00+05:30,447.0,447.0,443.7000122070313,443.8999938964844,7816,0.0,0.0,METROPOLIS.NS
2026-03-20 14:45:00+05:30,443.3999938964844,443.3999938964844,439.2000122070313,441.5,8285,0.0,0.0,METROPOLIS.NS
2026-03-20 15:00:00+05:30,441.2999877929688,441.7000122070313,437.2999877929688,438.6000061035156,24864,0.0,0.0,METROPOLIS.NS
2026-03-20 15:15:00+05:30,438.2000122070313,449.0,437.7000122070313,442.0,41385,0.0,0.0,METROPOLIS.NS
2026-03-23 09:15:00+05:30,436.0,436.5,426.0,426.5,6555,0.0,0.0,METROPOLIS.NS
2026-03-23 09:30:00+05:30,426.5,429.6000061035156,426.1000061035156,429.2000122070313,5498,0.0,0.0,METROPOLIS.NS
2026-03-23 09:45:00+05:30,429.2999877929688,429.6000061035156,426.1000061035156,426.5,4340,0.0,0.0,METROPOLIS.NS
2026-03-23 10:00:00+05:30,427.0,427.2000122070313,425.5,425.8999938964844,4263,0.0,0.0,METROPOLIS.NS
2026-03-23 10:15:00+05:30,426.0,426.0,424.7000122070313,425.0,3552,0.0,0.0,METROPOLIS.NS
2026-03-23 10:30:00+05:30,425.0,425.1000061035156,424.2000122070313,425.1000061035156,1101,0.0,0.0,METROPOLIS.NS
2026-03-23 10:45:00+05:30,425.1000061035156,425.1000061035156,424.5,424.7000122070313,693,0.0,0.0,METROPOLIS.NS
2026-03-23 11:00:00+05:30,424.3999938964844,425.0,421.6000061035156,422.8999938964844,3971,0.0,0.0,METROPOLIS.NS
2026-03-23 11:15:00+05:30,422.0,424.2000122070313,421.7000122070313,424.0,2367,0.0,0.0,METROPOLIS.NS
2026-03-23 11:30:00+05:30,424.0,426.0,424.0,425.3999938964844,4920,0.0,0.0,METROPOLIS.NS
2026-03-23 11:45:00+05:30,425.3999938964844,428.2999877929688,425.1000061035156,427.6000061035156,2792,0.0,0.0,METROPOLIS.NS
2026-03-23 12:00:00+05:30,427.3999938964844,427.7000122070313,427.0,427.2999877929688,536,0.0,0.0,METROPOLIS.NS
2026-03-23 12:15:00+05:30,427.2999877929688,428.0,427.0,428.0,1538,0.0,0.0,METROPOLIS.NS
2026-03-23 12:30:00+05:30,427.8999938964844,429.0,427.6000061035156,428.8999938964844,1831,0.0,0.0,METROPOLIS.NS
2026-03-23 12:45:00+05:30,429.0,432.0,429.0,431.8999938964844,4810,0.0,0.0,METROPOLIS.NS
2026-03-23 13:00:00+05:30,431.2999877929688,431.2999877929688,429.2000122070313,429.2000122070313,2438,0.0,0.0,METROPOLIS.NS
2026-03-23 13:15:00+05:30,429.2000122070313,429.6000061035156,428.8999938964844,429.6000061035156,851,0.0,0.0,METROPOLIS.NS
2026-03-23 13:30:00+05:30,429.5,429.6000061035156,428.5,428.7000122070313,442,0.0,0.0,METROPOLIS.NS
2026-03-23 13:45:00+05:30,428.7000122070313,430.0,428.6000061035156,430.0,1414,0.0,0.0,METROPOLIS.NS
2026-03-23 14:00:00+05:30,430.0,430.0,429.0,429.3999938964844,1410,0.0,0.0,METROPOLIS.NS
2026-03-23 14:15:00+05:30,429.3999938964844,430.0,429.0,429.8999938964844,5633,0.0,0.0,METROPOLIS.NS
2026-03-23 14:30:00+05:30,429.7999877929688,429.7999877929688,428.7000122070313,429.2000122070313,586,0.0,0.0,METROPOLIS.NS
2026-03-23 14:45:00+05:30,429.2000122070313,429.3999938964844,428.5,429.2999877929688,4153,0.0,0.0,METROPOLIS.NS
2026-03-23 15:00:00+05:30,429.2999877929688,429.7999877929688,427.5,428.3999938964844,7537,0.0,0.0,METROPOLIS.NS
2026-03-23 15:15:00+05:30,428.3999938964844,475.0,428.2999877929688,441.0,88378,0.0,0.0,METROPOLIS.NS
2026-03-24 09:15:00+05:30,447.3999938964844,447.3999938964844,433.7000122070313,442.8999938964844,38827,0.0,0.0,METROPOLIS.NS
2026-03-24 09:30:00+05:30,442.5,442.5,440.0,440.2000122070313,15891,0.0,0.0,METROPOLIS.NS
2026-03-24 09:45:00+05:30,440.7999877929688,443.6000061035156,440.0,442.3999938964844,19671,0.0,0.0,METROPOLIS.NS
2026-03-24 10:00:00+05:30,442.3999938964844,442.7000122070313,440.0,441.0,12274,0.0,0.0,METROPOLIS.NS
2026-03-24 10:15:00+05:30,441.1000061035156,442.2999877929688,438.1000061035156,438.3999938964844,7892,0.0,0.0,METROPOLIS.NS
2026-03-24 10:30:00+05:30,438.2000122070313,438.5,433.0,437.1000061035156,11032,0.0,0.0,METROPOLIS.NS
2026-03-24 10:45:00+05:30,437.2000122070313,437.8999938964844,432.7999877929688,437.2000122070313,9393,0.0,0.0,METROPOLIS.NS
2026-03-24 11:00:00+05:30,437.2000122070313,442.2000122070313,436.6000061035156,439.2999877929688,11448,0.0,0.0,METROPOLIS.NS
2026-03-24 11:15:00+05:30,439.5,440.6000061035156,438.8999938964844,439.3999938964844,1997,0.0,0.0,METROPOLIS.NS
2026-03-24 11:30:00+05:30,439.3999938964844,441.7999877929688,437.1000061035156,438.1000061035156,7343,0.0,0.0,METROPOLIS.NS
2026-03-24 11:45:00+05:30,438.0,440.3999938964844,438.0,439.7999877929688,4046,0.0,0.0,METROPOLIS.NS
2026-03-24 12:00:00+05:30,439.6000061035156,441.0,439.1000061035156,439.7000122070313,4119,0.0,0.0,METROPOLIS.NS
2026-03-24 12:15:00+05:30,439.6000061035156,440.7999877929688,437.1000061035156,437.6000061035156,6382,0.0,0.0,METROPOLIS.NS
2026-03-24 12:30:00+05:30,437.8999938964844,439.2000122070313,437.6000061035156,438.1000061035156,3921,0.0,0.0,METROPOLIS.NS
2026-03-24 12:45:00+05:30,438.0,441.2999877929688,438.0,439.3999938964844,3930,0.0,0.0,METROPOLIS.NS
2026-03-24 13:00:00+05:30,439.5,440.7999877929688,436.3999938964844,439.7000122070313,11282,0.0,0.0,METROPOLIS.NS
2026-03-24 13:15:00+05:30,439.7999877929688,440.2000122070313,437.7000122070313,437.7000122070313,5120,0.0,0.0,METROPOLIS.NS
2026-03-24 13:30:00+05:30,437.5,439.3999938964844,437.0,438.7000122070313,2830,0.0,0.0,METROPOLIS.NS
2026-03-24 13:45:00+05:30,439.2000122070313,439.5,438.1000061035156,438.6000061035156,1315,0.0,0.0,METROPOLIS.NS
2026-03-24 14:00:00+05:30,438.6000061035156,439.7000122070313,437.2999877929688,438.7999877929688,6325,0.0,0.0,METROPOLIS.NS
2026-03-24 14:15:00+05:30,438.3999938964844,439.3999938964844,438.2000122070313,438.2999877929688,3002,0.0,0.0,METROPOLIS.NS
2026-03-24 14:30:00+05:30,438.2999877929688,440.6000061035156,435.3999938964844,437.6000061035156,19324,0.0,0.0,METROPOLIS.NS
2026-03-24 14:45:00+05:30,437.2999877929688,439.6000061035156,433.6000061035156,439.6000061035156,17163,0.0,0.0,METROPOLIS.NS
2026-03-24 15:00:00+05:30,439.6000061035156,440.6000061035156,436.7999877929688,439.6000061035156,23242,0.0,0.0,METROPOLIS.NS
2026-03-24 15:15:00+05:30,440.7999877929688,466.7999877929688,436.1000061035156,443.0,60668,0.0,0.0,METROPOLIS.NS
2026-03-25 09:15:00+05:30,441.7999877929688,441.7999877929688,427.2000122070313,429.1000061035156,32168,0.0,0.0,METROPOLIS.NS
2026-03-25 09:30:00+05:30,429.2000122070313,434.6000061035156,429.2000122070313,433.0,268036,0.0,0.0,METROPOLIS.NS
2026-03-25 09:45:00+05:30,433.0,435.5,432.7000122070313,435.2999877929688,20533,0.0,0.0,METROPOLIS.NS
2026-03-25 10:00:00+05:30,435.2999877929688,435.7999877929688,430.3999938964844,433.8999938964844,15830,0.0,0.0,METROPOLIS.NS
2026-03-25 10:15:00+05:30,432.8999938964844,433.8999938964844,431.7999877929688,432.2000122070313,12743,0.0,0.0,METROPOLIS.NS
2026-03-25 10:30:00+05:30,432.7000122070313,433.7999877929688,432.2999877929688,433.0,5947,0.0,0.0,METROPOLIS.NS
2026-03-25 10:45:00+05:30,433.0,433.2999877929688,431.0,431.0,42253,0.0,0.0,METROPOLIS.NS
2026-03-25 11:00:00+05:30,430.2999877929688,433.6000061035156,429.2999877929688,430.8999938964844,51689,0.0,0.0,METROPOLIS.NS
2026-03-25 11:15:00+05:30,431.0,432.2999877929688,429.1000061035156,432.0,13630,0.0,0.0,METROPOLIS.NS
2026-03-25 11:30:00+05:30,432.0,434.8999938964844,431.8999938964844,432.5,21269,0.0,0.0,METROPOLIS.NS
2026-03-25 11:45:00+05:30,432.5,434.2000122070313,432.5,433.6000061035156,5444,0.0,0.0,METROPOLIS.NS
2026-03-25 12:00:00+05:30,433.7000122070313,434.2000122070313,432.3999938964844,434.1000061035156,13055,0.0,0.0,METROPOLIS.NS
2026-03-25 12:15:00+05:30,434.1000061035156,434.3999938964844,433.0,433.7000122070313,9619,0.0,0.0,METROPOLIS.NS
2026-03-25 12:30:00+05:30,433.7000122070313,434.2999877929688,433.2000122070313,433.5,10757,0.0,0.0,METROPOLIS.NS
2026-03-25 12:45:00+05:30,433.0,434.7000122070313,433.0,434.3999938964844,7246,0.0,0.0,METROPOLIS.NS
2026-03-25 13:00:00+05:30,433.7999877929688,434.5,432.5,432.5,6208,0.0,0.0,METROPOLIS.NS
2026-03-25 13:15:00+05:30,432.6000061035156,435.5,432.5,434.8999938964844,9874,0.0,0.0,METROPOLIS.NS
2026-03-25 13:30:00+05:30,435.0,435.3999938964844,434.6000061035156,435.0,3729,0.0,0.0,METROPOLIS.NS
2026-03-25 13:45:00+05:30,435.0,435.3999938964844,434.8999938964844,435.2999877929688,3964,0.0,0.0,METROPOLIS.NS
2026-03-25 14:00:00+05:30,435.0,435.3999938964844,433.5,434.2999877929688,13832,0.0,0.0,METROPOLIS.NS
2026-03-25 14:15:00+05:30,434.1000061035156,437.5,433.0,437.5,27341,0.0,0.0,METROPOLIS.NS
2026-03-25 14:30:00+05:30,437.3999938964844,440.8999938964844,437.2000122070313,439.3999938964844,33373,0.0,0.0,METROPOLIS.NS
2026-03-25 14:45:00+05:30,439.1000061035156,445.6000061035156,439.0,440.7000122070313,46870,0.0,0.0,METROPOLIS.NS
2026-03-25 15:00:00+05:30,441.2000122070313,441.2000122070313,437.7999877929688,438.8999938964844,63031,0.0,0.0,METROPOLIS.NS
2026-03-25 15:15:00+05:30,438.7999877929688,440.7999877929688,435.2999877929688,438.0,80261,0.0,0.0,METROPOLIS.NS
2026-03-27 09:15:00+05:30,433.0,438.1000061035156,431.0,433.8999938964844,23167,0.0,0.0,METROPOLIS.NS
2026-03-27 09:30:00+05:30,434.1000061035156,435.2000122070313,433.6000061035156,434.1000061035156,10149,0.0,0.0,METROPOLIS.NS
2026-03-27 09:45:00+05:30,433.8999938964844,434.3999938964844,433.6000061035156,433.7000122070313,5115,0.0,0.0,METROPOLIS.NS
2026-03-27 10:00:00+05:30,433.7000122070313,434.2999877929688,433.2999877929688,433.7000122070313,11040,0.0,0.0,METROPOLIS.NS
2026-03-27 10:15:00+05:30,433.7000122070313,434.0,432.5,432.7000122070313,8047,0.0,0.0,METROPOLIS.NS
2026-03-27 10:30:00+05:30,432.3999938964844,432.6000061035156,430.7000122070313,431.0,3781,0.0,0.0,METROPOLIS.NS
2026-03-27 10:45:00+05:30,431.2000122070313,432.7999877929688,430.7000122070313,432.3999938964844,184517,0.0,0.0,METROPOLIS.NS
2026-03-27 11:00:00+05:30,432.3999938964844,432.3999938964844,430.7999877929688,430.7999877929688,1902,0.0,0.0,METROPOLIS.NS
2026-03-27 11:15:00+05:30,430.7000122070313,432.7000122070313,430.6000061035156,431.7999877929688,3887,0.0,0.0,METROPOLIS.NS
2026-03-27 11:30:00+05:30,431.7999877929688,432.6000061035156,431.7999877929688,432.1000061035156,2744,0.0,0.0,METROPOLIS.NS
2026-03-27 11:45:00+05:30,432.1000061035156,433.6000061035156,432.1000061035156,432.5,2896,0.0,0.0,METROPOLIS.NS
2026-03-27 12:00:00+05:30,432.5,433.8999938964844,432.2999877929688,433.2000122070313,9899,0.0,0.0,METROPOLIS.NS
2026-03-27 12:15:00+05:30,433.2000122070313,433.6000061035156,432.7000122070313,433.3999938964844,3129,0.0,0.0,METROPOLIS.NS
2026-03-27 12:30:00+05:30,433.3999938964844,434.6000061035156,432.3999938964844,432.3999938964844,6653,0.0,0.0,METROPOLIS.NS
2026-03-27 12:45:00+05:30,432.3999938964844,433.0,431.8999938964844,432.0,5633,0.0,0.0,METROPOLIS.NS
2026-03-27 13:00:00+05:30,432.0,432.8999938964844,432.0,432.8999938964844,2547,0.0,0.0,METROPOLIS.NS
2026-03-27 13:15:00+05:30,432.8999938964844,433.7000122070313,432.2999877929688,433.2000122070313,3570,0.0,0.0,METROPOLIS.NS
2026-03-27 13:30:00+05:30,433.2000122070313,435.0,432.2999877929688,432.8999938964844,9321,0.0,0.0,METROPOLIS.NS
2026-03-27 13:45:00+05:30,432.8999938964844,433.3999938964844,432.3999938964844,432.8999938964844,1953,0.0,0.0,METROPOLIS.NS
2026-03-27 14:00:00+05:30,432.8999938964844,435.7000122070313,432.2999877929688,434.2000122070313,17989,0.0,0.0,METROPOLIS.NS
2026-03-27 14:15:00+05:30,434.3999938964844,434.3999938964844,432.8999938964844,433.2000122070313,54239,0.0,0.0,METROPOLIS.NS
2026-03-27 14:30:00+05:30,433.2000122070313,433.2000122070313,430.5,432.2999877929688,10605,0.0,0.0,METROPOLIS.NS
2026-03-27 14:45:00+05:30,432.6000061035156,434.7000122070313,427.8999938964844,430.7999877929688,35766,0.0,0.0,METROPOLIS.NS
2026-03-27 15:00:00+05:30,430.5,433.3999938964844,430.2000122070313,430.6000061035156,425211,0.0,0.0,METROPOLIS.NS
2026-03-27 15:15:00+05:30,430.5,433.2999877929688,429.7000122070313,430.7999877929688,364306,0.0,0.0,METROPOLIS.NS
2026-03-30 09:15:00+05:30,426.1000061035156,426.1000061035156,416.8999938964844,420.0,9569,0.0,0.0,METROPOLIS.NS
2026-03-30 09:30:00+05:30,421.7000122070313,424.0,420.5,422.2000122070313,13532,0.0,0.0,METROPOLIS.NS
2026-03-30 09:45:00+05:30,422.8999938964844,423.3999938964844,417.7000122070313,419.7000122070313,4975,0.0,0.0,METROPOLIS.NS
2026-03-30 10:00:00+05:30,419.6000061035156,420.0,416.5,417.5,7312,0.0,0.0,METROPOLIS.NS
2026-03-30 10:15:00+05:30,417.1000061035156,417.1000061035156,415.2999877929688,415.7000122070313,5258,0.0,0.0,METROPOLIS.NS
2026-03-30 10:30:00+05:30,415.5,417.2000122070313,414.5,415.5,8208,0.0,0.0,METROPOLIS.NS
2026-03-30 10:45:00+05:30,415.0,420.5,414.2000122070313,420.1000061035156,10864,0.0,0.0,METROPOLIS.NS
2026-03-30 11:00:00+05:30,420.1000061035156,423.7999877929688,420.0,423.0,9226,0.0,0.0,METROPOLIS.NS
2026-03-30 11:15:00+05:30,423.0,424.6000061035156,421.0,421.2999877929688,4080,0.0,0.0,METROPOLIS.NS
2026-03-30 11:30:00+05:30,421.0,422.5,420.5,421.1000061035156,2836,0.0,0.0,METROPOLIS.NS
2026-03-30 11:45:00+05:30,420.7999877929688,423.2999877929688,420.7999877929688,423.2999877929688,4462,0.0,0.0,METROPOLIS.NS
2026-03-30 12:00:00+05:30,423.2999877929688,427.3999938964844,422.6000061035156,426.7999877929688,11018,0.0,0.0,METROPOLIS.NS
2026-03-30 12:15:00+05:30,426.7999877929688,427.2999877929688,425.8999938964844,426.7999877929688,2467,0.0,0.0,METROPOLIS.NS
2026-03-30 12:30:00+05:30,426.8999938964844,433.2999877929688,426.6000061035156,433.2999877929688,19888,0.0,0.0,METROPOLIS.NS
2026-03-30 12:45:00+05:30,433.0,433.0,431.7999877929688,433.0,1637,0.0,0.0,METROPOLIS.NS
2026-03-30 13:00:00+05:30,432.8999938964844,435.5,432.2000122070313,432.6000061035156,6850,0.0,0.0,METROPOLIS.NS
2026-03-30 13:15:00+05:30,432.6000061035156,434.6000061035156,432.6000061035156,433.1000061035156,2347,0.0,0.0,METROPOLIS.NS
2026-03-30 13:30:00+05:30,433.2000122070313,435.0,431.7000122070313,432.2999877929688,5748,0.0,0.0,METROPOLIS.NS
2026-03-30 13:45:00+05:30,432.2999877929688,432.5,430.7999877929688,430.7999877929688,1178,0.0,0.0,METROPOLIS.NS
2026-03-30 14:00:00+05:30,431.2999877929688,435.0,430.7999877929688,434.7000122070313,19827,0.0,0.0,METROPOLIS.NS
2026-03-30 14:15:00+05:30,434.1000061035156,435.0,433.5,433.7999877929688,4866,0.0,0.0,METROPOLIS.NS
2026-03-30 14:30:00+05:30,433.6000061035156,435.0,433.5,434.1000061035156,14839,0.0,0.0,METROPOLIS.NS
2026-03-30 14:45:00+05:30,434.1000061035156,434.2000122070313,432.7000122070313,433.3999938964844,12019,0.0,0.0,METROPOLIS.NS
2026-03-30 15:00:00+05:30,433.8999938964844,435.0,431.1000061035156,434.7000122070313,19517,0.0,0.0,METROPOLIS.NS
2026-03-30 15:15:00+05:30,435.0,435.0,431.7000122070313,435.0,22757,0.0,0.0,METROPOLIS.NS
2026-04-01 09:15:00+05:30,443.0499877929688,443.0499877929688,432.0,439.3999938964844,6375,0.0,0.0,METROPOLIS.NS
2026-04-01 09:30:00+05:30,439.1499938964844,439.1499938964844,430.8500061035156,431.7000122070313,14258,0.0,0.0,METROPOLIS.NS
2026-04-01 09:45:00+05:30,431.6499938964844,436.1000061035156,430.2999877929688,432.25,15757,0.0,0.0,METROPOLIS.NS
2026-04-01 10:00:00+05:30,432.1000061035156,433.8500061035156,432.0,432.2999877929688,4539,0.0,0.0,METROPOLIS.NS
2026-04-01 10:15:00+05:30,432.25,432.9500122070313,427.25,427.25,11518,0.0,0.0,METROPOLIS.NS
2026-04-01 10:30:00+05:30,428.5,429.5499877929688,428.1499938964844,428.4500122070313,3257,0.0,0.0,METROPOLIS.NS
2026-04-01 10:45:00+05:30,428.3500061035156,428.8999938964844,427.5,427.5499877929688,4160,0.0,0.0,METROPOLIS.NS
2026-04-01 11:00:00+05:30,427.5,427.8999938964844,425.2999877929688,426.5,7615,0.0,0.0,METROPOLIS.NS
2026-04-01 11:15:00+05:30,425.8999938964844,426.6499938964844,424.2000122070313,424.2000122070313,7146,0.0,0.0,METROPOLIS.NS
2026-04-01 11:30:00+05:30,424.6499938964844,425.3999938964844,424.0,424.5,1754,0.0,0.0,METROPOLIS.NS
2026-04-01 11:45:00+05:30,424.75,425.5,421.5,422.3999938964844,5780,0.0,0.0,METROPOLIS.NS
2026-04-01 12:00:00+05:30,422.0499877929688,422.5,421.7999877929688,422.1000061035156,4399,0.0,0.0,METROPOLIS.NS
2026-04-01 12:15:00+05:30,422.2999877929688,424.2000122070313,422.1000061035156,423.25,5785,0.0,0.0,METROPOLIS.NS
2026-04-01 12:30:00+05:30,423.5499877929688,432.6499938964844,423.0,431.6499938964844,38640,0.0,0.0,METROPOLIS.NS
2026-04-01 12:45:00+05:30,431.6000061035156,434.6499938964844,430.6000061035156,430.6499938964844,12000,0.0,0.0,METROPOLIS.NS
2026-04-01 13:00:00+05:30,431.0,431.3999938964844,430.1000061035156,431.3500061035156,2265,0.0,0.0,METROPOLIS.NS
2026-04-01 13:15:00+05:30,431.3500061035156,431.7000122070313,426.7999877929688,428.8500061035156,13632,0.0,0.0,METROPOLIS.NS
2026-04-01 13:30:00+05:30,428.8500061035156,428.8500061035156,425.1000061035156,427.2999877929688,2607,0.0,0.0,METROPOLIS.NS
2026-04-01 13:45:00+05:30,427.3500061035156,429.9500122070313,426.75,429.0499877929688,6297,0.0,0.0,METROPOLIS.NS
2026-04-01 14:00:00+05:30,429.0499877929688,429.3999938964844,426.6499938964844,427.5499877929688,2468,0.0,0.0,METROPOLIS.NS
2026-04-01 14:15:00+05:30,427.5499877929688,427.5499877929688,425.8500061035156,426.5499877929688,2162,0.0,0.0,METROPOLIS.NS
2026-04-01 14:30:00+05:30,426.7000122070313,426.7000122070313,423.7999877929688,424.75,3954,0.0,0.0,METROPOLIS.NS
2026-04-01 14:45:00+05:30,424.7999877929688,427.7000122070313,424.25,426.1000061035156,14010,0.0,0.0,METROPOLIS.NS
2026-04-01 15:00:00+05:30,425.0499877929688,425.3500061035156,423.7999877929688,424.0499877929688,22019,0.0,0.0,METROPOLIS.NS
2026-04-01 15:15:00+05:30,424.0499877929688,425.25,422.0,422.0,28966,0.0,0.0,METROPOLIS.NS
2026-04-02 09:15:00+05:30,416.0499877929688,418.5499877929688,414.0,415.0,8147,0.0,0.0,METROPOLIS.NS
2026-04-02 09:30:00+05:30,415.1499938964844,415.5,412.7999877929688,414.0,212539,0.0,0.0,METROPOLIS.NS
2026-04-02 09:45:00+05:30,414.0499877929688,417.4500122070313,414.0,416.3500061035156,4577,0.0,0.0,METROPOLIS.NS
2026-04-02 10:00:00+05:30,416.8500061035156,416.8500061035156,414.3500061035156,415.5,3388,0.0,0.0,METROPOLIS.NS
2026-04-02 10:15:00+05:30,415.2000122070313,415.25,413.1499938964844,413.9500122070313,5847,0.0,0.0,METROPOLIS.NS
2026-04-02 10:30:00+05:30,413.7000122070313,415.3500061035156,413.2000122070313,413.75,2359,0.0,0.0,METROPOLIS.NS
2026-04-02 10:45:00+05:30,413.75,414.4500122070313,413.0499877929688,414.0,2764,0.0,0.0,METROPOLIS.NS
2026-04-02 11:00:00+05:30,414.0,414.8999938964844,413.0499877929688,413.7999877929688,2102,0.0,0.0,METROPOLIS.NS
2026-04-02 11:15:00+05:30,413.6000061035156,414.9500122070313,413.5,414.2999877929688,1927,0.0,0.0,METROPOLIS.NS
2026-04-02 11:30:00+05:30,414.7000122070313,415.8500061035156,414.5499877929688,415.6499938964844,1242,0.0,0.0,METROPOLIS.NS
2026-04-02 11:45:00+05:30,415.6499938964844,417.0,415.0499877929688,416.0,3738,0.0,0.0,METROPOLIS.NS
2026-04-02 12:00:00+05:30,416.3999938964844,417.3999938964844,416.0,417.2999877929688,3377,0.0,0.0,METROPOLIS.NS
2026-04-02 12:15:00+05:30,417.2999877929688,417.9500122070313,415.8999938964844,416.8999938964844,5922,0.0,0.0,METROPOLIS.NS
2026-04-02 12:30:00+05:30,416.8999938964844,424.7999877929688,416.8999938964844,424.2000122070313,26410,0.0,0.0,METROPOLIS.NS
2026-04-02 12:45:00+05:30,424.5,426.9500122070313,424.2000122070313,426.7000122070313,8350,0.0,0.0,METROPOLIS.NS
2026-04-02 13:00:00+05:30,426.7000122070313,426.9500122070313,424.0,424.6000061035156,11526,0.0,0.0,METROPOLIS.NS
2026-04-02 13:15:00+05:30,424.25,426.7000122070313,422.0,423.7999877929688,10253,0.0,0.0,METROPOLIS.NS
2026-04-02 13:30:00+05:30,423.7999877929688,425.2000122070313,422.6499938964844,425.1000061035156,3105,0.0,0.0,METROPOLIS.NS
2026-04-02 13:45:00+05:30,425.1000061035156,426.9500122070313,424.1499938964844,426.2999877929688,9725,0.0,0.0,METROPOLIS.NS
2026-04-02 14:00:00+05:30,426.75,430.6499938964844,426.2999877929688,429.4500122070313,13034,0.0,0.0,METROPOLIS.NS
2026-04-02 14:15:00+05:30,430.2999877929688,430.2999877929688,424.3500061035156,426.5499877929688,47197,0.0,0.0,METROPOLIS.NS
2026-04-02 14:30:00+05:30,426.6499938964844,426.7000122070313,424.5,424.6499938964844,15149,0.0,0.0,METROPOLIS.NS
2026-04-02 14:45:00+05:30,424.6499938964844,424.8999938964844,419.25,421.25,19660,0.0,0.0,METROPOLIS.NS
2026-04-02 15:00:00+05:30,421.7000122070313,425.0,419.7000122070313,424.7999877929688,52302,0.0,0.0,METROPOLIS.NS
2026-04-02 15:15:00+05:30,424.7999877929688,425.2999877929688,419.5,421.75,78353,0.0,0.0,METROPOLIS.NS
2026-04-06 09:15:00+05:30,432.7999877929688,432.7999877929688,425.2000122070313,427.1000061035156,84692,0.0,0.0,METROPOLIS.NS
2026-04-06 09:30:00+05:30,426.7000122070313,428.0,423.7000122070313,424.2999877929688,66618,0.0,0.0,METROPOLIS.NS
2026-04-06 09:45:00+05:30,424.4500122070313,425.75,422.0,425.0,63819,0.0,0.0,METROPOLIS.NS
2026-04-06 10:00:00+05:30,425.3500061035156,425.5,423.7999877929688,425.0,20129,0.0,0.0,METROPOLIS.NS
2026-04-06 10:15:00+05:30,425.2000122070313,426.2999877929688,424.6000061035156,425.2999877929688,7190,0.0,0.0,METROPOLIS.NS
2026-04-06 10:30:00+05:30,425.1499938964844,426.3999938964844,425.0,425.75,31953,0.0,0.0,METROPOLIS.NS
2026-04-06 10:45:00+05:30,425.7999877929688,426.3999938964844,425.1499938964844,426.0499877929688,12207,0.0,0.0,METROPOLIS.NS
2026-04-06 11:00:00+05:30,425.9500122070313,426.2000122070313,425.0,425.0,10069,0.0,0.0,METROPOLIS.NS
2026-04-06 11:15:00+05:30,425.0499877929688,427.7000122070313,425.0499877929688,426.8999938964844,15858,0.0,0.0,METROPOLIS.NS
2026-04-06 11:30:00+05:30,427.4500122070313,431.75,427.0499877929688,428.6499938964844,45237,0.0,0.0,METROPOLIS.NS
2026-04-06 11:45:00+05:30,428.8500061035156,432.5,427.7000122070313,431.8500061035156,26000,0.0,0.0,METROPOLIS.NS
2026-04-06 12:00:00+05:30,431.6499938964844,431.6499938964844,429.2000122070313,429.6000061035156,11617,0.0,0.0,METROPOLIS.NS
2026-04-06 12:15:00+05:30,429.75,430.6499938964844,429.1499938964844,430.6499938964844,4910,0.0,0.0,METROPOLIS.NS
2026-04-06 12:30:00+05:30,430.0,430.6000061035156,429.0,430.3999938964844,18973,0.0,0.0,METROPOLIS.NS
2026-04-06 12:45:00+05:30,430.0499877929688,437.7999877929688,430.0499877929688,435.0499877929688,59178,0.0,0.0,METROPOLIS.NS
2026-04-06 13:00:00+05:30,435.1499938964844,440.6499938964844,434.5499877929688,440.5499877929688,90975,0.0,0.0,METROPOLIS.NS
2026-04-06 13:15:00+05:30,440.0499877929688,441.5499877929688,435.8500061035156,437.0,107681,0.0,0.0,METROPOLIS.NS
2026-04-06 13:30:00+05:30,437.0,437.0,429.0,429.2000122070313,60177,0.0,0.0,METROPOLIS.NS
2026-04-06 13:45:00+05:30,429.1499938964844,430.0,428.2000122070313,429.5499877929688,47825,0.0,0.0,METROPOLIS.NS
2026-04-06 14:00:00+05:30,429.7000122070313,431.1000061035156,428.6499938964844,429.3500061035156,44271,0.0,0.0,METROPOLIS.NS
2026-04-06 14:15:00+05:30,429.4500122070313,431.2000122070313,428.0499877929688,429.0,36747,0.0,0.0,METROPOLIS.NS
2026-04-06 14:30:00+05:30,428.8500061035156,431.0,428.1499938964844,429.4500122070313,64514,0.0,0.0,METROPOLIS.NS
2026-04-06 14:45:00+05:30,429.2000122070313,432.7999877929688,428.25,431.1499938964844,66272,0.0,0.0,METROPOLIS.NS
2026-04-06 15:00:00+05:30,430.6000061035156,432.8500061035156,430.6000061035156,431.25,56688,0.0,0.0,METROPOLIS.NS
2026-04-06 15:15:00+05:30,430.8999938964844,431.3500061035156,429.1499938964844,430.0,70472,0.0,0.0,METROPOLIS.NS
2026-04-07 09:15:00+05:30,425.0499877929688,431.7000122070313,425.0499877929688,430.2000122070313,17881,0.0,0.0,METROPOLIS.NS
2026-04-07 09:30:00+05:30,430.3999938964844,430.7999877929688,428.0,428.0,5791,0.0,0.0,METROPOLIS.NS
2026-04-07 09:45:00+05:30,427.25,429.1000061035156,427.1499938964844,427.6499938964844,1285,0.0,0.0,METROPOLIS.NS
2026-04-07 10:00:00+05:30,428.2999877929688,429.7999877929688,428.0,429.6000061035156,3209,0.0,0.0,METROPOLIS.NS
2026-04-07 10:15:00+05:30,429.5499877929688,430.75,429.3999938964844,430.1000061035156,1838,0.0,0.0,METROPOLIS.NS
2026-04-07 10:30:00+05:30,430.3500061035156,431.9500122070313,429.3999938964844,431.2000122070313,2528,0.0,0.0,METROPOLIS.NS
2026-04-07 10:45:00+05:30,432.3999938964844,436.8999938964844,430.4500122070313,434.6000061035156,12293,0.0,0.0,METROPOLIS.NS
2026-04-07 11:00:00+05:30,433.9500122070313,435.4500122070313,432.2000122070313,434.4500122070313,2770,0.0,0.0,METROPOLIS.NS
2026-04-07 11:15:00+05:30,434.8999938964844,435.7000122070313,434.8500061035156,435.7000122070313,2646,0.0,0.0,METROPOLIS.NS
2026-04-07 11:30:00+05:30,435.3500061035156,435.8999938964844,434.2999877929688,434.9500122070313,2022,0.0,0.0,METROPOLIS.NS
2026-04-07 11:45:00+05:30,435.0499877929688,436.6000061035156,434.75,436.6000061035156,1590,0.0,0.0,METROPOLIS.NS
2026-04-07 12:00:00+05:30,435.5,435.5,432.5499877929688,432.9500122070313,2873,0.0,0.0,METROPOLIS.NS
2026-04-07 12:15:00+05:30,433.2999877929688,433.8999938964844,433.0,433.8999938964844,754,0.0,0.0,METROPOLIS.NS
2026-04-07 12:30:00+05:30,433.8999938964844,433.8999938964844,432.8500061035156,433.5,1996,0.0,0.0,METROPOLIS.NS
2026-04-07 12:45:00+05:30,433.5499877929688,433.6000061035156,432.5,432.5,1145,0.0,0.0,METROPOLIS.NS
2026-04-07 13:00:00+05:30,432.1000061035156,432.1000061035156,430.25,431.5,1977,0.0,0.0,METROPOLIS.NS
2026-04-07 13:15:00+05:30,431.3999938964844,431.7000122070313,430.5,431.1499938964844,292,0.0,0.0,METROPOLIS.NS
2026-04-07 13:30:00+05:30,431.1499938964844,431.7000122070313,430.75,431.2000122070313,134,0.0,0.0,METROPOLIS.NS
2026-04-07 13:45:00+05:30,431.2000122070313,431.5,430.1000061035156,430.3999938964844,1032,0.0,0.0,METROPOLIS.NS
2026-04-07 14:00:00+05:30,431.0,431.0,430.0,430.0,358,0.0,0.0,METROPOLIS.NS
2026-04-07 14:15:00+05:30,430.0,438.25,429.2999877929688,435.2000122070313,32789,0.0,0.0,METROPOLIS.NS
2026-04-07 14:30:00+05:30,435.3500061035156,435.75,433.8999938964844,435.0499877929688,17726,0.0,0.0,METROPOLIS.NS
2026-04-07 14:45:00+05:30,435.0499877929688,435.7000122070313,435.0,435.7000122070313,3015,0.0,0.0,METROPOLIS.NS
2026-04-07 15:00:00+05:30,435.4500122070313,437.25,435.0,437.25,9167,0.0,0.0,METROPOLIS.NS
2026-04-07 15:15:00+05:30,436.3999938964844,436.3999938964844,431.1000061035156,434.3999938964844,29012,0.0,0.0,METROPOLIS.NS
2026-04-08 09:15:00+05:30,443.1000061035156,443.1000061035156,429.1499938964844,436.75,9256,0.0,0.0,METROPOLIS.NS
2026-04-08 09:30:00+05:30,436.9500122070313,439.8999938964844,436.75,438.7999877929688,14949,0.0,0.0,METROPOLIS.NS
2026-04-08 09:45:00+05:30,438.7999877929688,440.0,437.5,437.5,7720,0.0,0.0,METROPOLIS.NS
2026-04-08 10:00:00+05:30,437.5,445.0499877929688,437.0,442.6000061035156,30049,0.0,0.0,METROPOLIS.NS
2026-04-08 10:15:00+05:30,442.3999938964844,445.7999877929688,440.25,445.0,77628,0.0,0.0,METROPOLIS.NS
2026-04-08 10:30:00+05:30,445.0,448.2000122070313,444.4500122070313,446.5,59859,0.0,0.0,METROPOLIS.NS
2026-04-08 10:45:00+05:30,446.5,446.7000122070313,446.0,446.5499877929688,3342,0.0,0.0,METROPOLIS.NS
2026-04-08 11:00:00+05:30,446.5499877929688,451.3999938964844,446.0,451.3999938964844,26974,0.0,0.0,METROPOLIS.NS
2026-04-08 11:15:00+05:30,451.3999938964844,453.9500122070313,450.8999938964844,452.1000061035156,20107,0.0,0.0,METROPOLIS.NS
2026-04-08 11:30:00+05:30,452.6499938964844,454.0,452.0,453.6499938964844,3843,0.0,0.0,METROPOLIS.NS
2026-04-08 11:45:00+05:30,453.6499938964844,453.9500122070313,452.1000061035156,452.8500061035156,9606,0.0,0.0,METROPOLIS.NS
2026-04-08 12:00:00+05:30,452.5499877929688,454.0,452.5499877929688,453.9500122070313,6396,0.0,0.0,METROPOLIS.NS
2026-04-08 12:15:00+05:30,454.0,454.5,452.3999938964844,453.8500061035156,5641,0.0,0.0,METROPOLIS.NS
2026-04-08 12:30:00+05:30,453.8500061035156,453.9500122070313,452.6499938964844,453.1499938964844,3594,0.0,0.0,METROPOLIS.NS
2026-04-08 12:45:00+05:30,453.0,453.8999938964844,452.7999877929688,453.8500061035156,1887,0.0,0.0,METROPOLIS.NS
2026-04-08 13:00:00+05:30,453.8500061035156,454.1499938964844,453.4500122070313,454.1499938964844,4760,0.0,0.0,METROPOLIS.NS
2026-04-08 13:15:00+05:30,453.8999938964844,454.6000061035156,453.7999877929688,454.6000061035156,2726,0.0,0.0,METROPOLIS.NS
2026-04-08 13:30:00+05:30,454.6000061035156,454.8999938964844,451.0,454.4500122070313,13837,0.0,0.0,METROPOLIS.NS
2026-04-08 13:45:00+05:30,454.3999938964844,454.3999938964844,451.6499938964844,452.3500061035156,3730,0.0,0.0,METROPOLIS.NS
2026-04-08 14:00:00+05:30,452.6499938964844,454.1499938964844,452.1499938964844,453.5,4349,0.0,0.0,METROPOLIS.NS
2026-04-08 14:15:00+05:30,453.5,454.8999938964844,453.3500061035156,454.8500061035156,5392,0.0,0.0,METROPOLIS.NS
2026-04-08 14:30:00+05:30,454.8999938964844,456.7999877929688,454.7000122070313,455.3999938964844,5315,0.0,0.0,METROPOLIS.NS
2026-04-08 14:45:00+05:30,455.4500122070313,457.3999938964844,455.4500122070313,457.2999877929688,12900,0.0,0.0,METROPOLIS.NS
2026-04-08 15:00:00+05:30,457.2999877929688,460.7999877929688,455.0,458.5499877929688,24049,0.0,0.0,METROPOLIS.NS
2026-04-08 15:15:00+05:30,458.4500122070313,458.4500122070313,452.1000061035156,455.2000122070313,36269,0.0,0.0,METROPOLIS.NS
2026-04-09 09:15:00+05:30,456.0,456.0,449.0,453.0,4012,0.0,0.0,METROPOLIS.NS
2026-04-09 09:30:00+05:30,453.6000061035156,455.25,450.0,450.0,8548,0.0,0.0,METROPOLIS.NS
2026-04-09 09:45:00+05:30,450.0,451.4500122070313,447.5,450.0499877929688,3197,0.0,0.0,METROPOLIS.NS
2026-04-09 10:00:00+05:30,449.75,450.4500122070313,449.3999938964844,449.7999877929688,701,0.0,0.0,METROPOLIS.NS
2026-04-09 10:15:00+05:30,449.5499877929688,452.0,449.1499938964844,449.75,1947,0.0,0.0,METROPOLIS.NS
2026-04-09 10:30:00+05:30,449.9500122070313,451.5,449.9500122070313,450.5,2086,0.0,0.0,METROPOLIS.NS
2026-04-09 10:45:00+05:30,451.0499877929688,453.4500122070313,451.0499877929688,452.25,476,0.0,0.0,METROPOLIS.NS
2026-04-09 11:00:00+05:30,452.3500061035156,453.1000061035156,451.5,452.7999877929688,1135,0.0,0.0,METROPOLIS.NS
2026-04-09 11:15:00+05:30,452.7999877929688,457.3500061035156,452.1499938964844,456.4500122070313,5878,0.0,0.0,METROPOLIS.NS
2026-04-09 11:30:00+05:30,456.4500122070313,457.5499877929688,455.4500122070313,455.9500122070313,2911,0.0,0.0,METROPOLIS.NS
2026-04-09 11:45:00+05:30,455.9500122070313,456.6000061035156,455.75,456.3500061035156,627,0.0,0.0,METROPOLIS.NS
2026-04-09 12:00:00+05:30,456.3500061035156,456.7000122070313,455.5,456.0,2415,0.0,0.0,METROPOLIS.NS
2026-04-09 12:15:00+05:30,456.0,457.0499877929688,456.0,457.0499877929688,1020,0.0,0.0,METROPOLIS.NS
2026-04-09 12:30:00+05:30,457.0,457.2999877929688,456.1499938964844,456.7999877929688,1032,0.0,0.0,METROPOLIS.NS
2026-04-09 12:45:00+05:30,456.8500061035156,456.8500061035156,454.7000122070313,455.0,1472,0.0,0.0,METROPOLIS.NS
2026-04-09 13:00:00+05:30,455.0,455.0,453.5499877929688,453.5499877929688,1460,0.0,0.0,METROPOLIS.NS
2026-04-09 13:15:00+05:30,453.5499877929688,453.8500061035156,453.0499877929688,453.7999877929688,1476,0.0,0.0,METROPOLIS.NS
2026-04-09 13:30:00+05:30,453.8500061035156,453.9500122070313,453.0,453.5499877929688,1357,0.0,0.0,METROPOLIS.NS
2026-04-09 13:45:00+05:30,453.8500061035156,456.9500122070313,453.6499938964844,456.8500061035156,5319,0.0,0.0,METROPOLIS.NS
2026-04-09 14:00:00+05:30,456.8500061035156,456.8999938964844,454.7999877929688,456.0,3305,0.0,0.0,METROPOLIS.NS
2026-04-09 14:15:00+05:30,456.0,458.25,454.25,454.75,2656,0.0,0.0,METROPOLIS.NS
2026-04-09 14:30:00+05:30,454.75,454.75,453.3500061035156,454.0,1362,0.0,0.0,METROPOLIS.NS
2026-04-09 14:45:00+05:30,454.0,456.1499938964844,453.4500122070313,455.7999877929688,2739,0.0,0.0,METROPOLIS.NS
2026-04-09 15:00:00+05:30,455.9500122070313,459.7000122070313,455.8500061035156,458.1000061035156,12578,0.0,0.0,METROPOLIS.NS
2026-04-09 15:15:00+05:30,457.9500122070313,457.9500122070313,453.25,457.0499877929688,8766,0.0,0.0,METROPOLIS.NS
2026-04-10 09:15:00+05:30,458.2000122070313,461.0,455.7000122070313,458.1499938964844,1209,0.0,0.0,METROPOLIS.NS
2026-04-10 09:30:00+05:30,457.2999877929688,463.0,457.0,461.2000122070313,11659,0.0,0.0,METROPOLIS.NS
2026-04-10 09:45:00+05:30,461.2000122070313,464.2999877929688,461.2000122070313,463.1499938964844,5688,0.0,0.0,METROPOLIS.NS
2026-04-10 10:00:00+05:30,463.1499938964844,463.1499938964844,458.6000061035156,458.9500122070313,3818,0.0,0.0,METROPOLIS.NS
2026-04-10 10:15:00+05:30,459.0,461.8999938964844,458.7000122070313,460.75,4169,0.0,0.0,METROPOLIS.NS
2026-04-10 10:30:00+05:30,460.7999877929688,461.4500122070313,460.0,461.4500122070313,1896,0.0,0.0,METROPOLIS.NS
2026-04-10 10:45:00+05:30,461.3500061035156,462.3500061035156,461.3500061035156,462.1499938964844,1793,0.0,0.0,METROPOLIS.NS
2026-04-10 11:00:00+05:30,462.1499938964844,462.6000061035156,461.5,462.3500061035156,1685,0.0,0.0,METROPOLIS.NS
2026-04-10 11:15:00+05:30,461.8500061035156,462.6000061035156,461.7999877929688,461.7999877929688,1151,0.0,0.0,METROPOLIS.NS
2026-04-10 11:30:00+05:30,461.75,462.0,460.8500061035156,462.0,2027,0.0,0.0,METROPOLIS.NS
2026-04-10 11:45:00+05:30,462.0,465.7999877929688,462.0,465.75,13455,0.0,0.0,METROPOLIS.NS
2026-04-10 12:00:00+05:30,465.75,465.75,463.3500061035156,463.7999877929688,2734,0.0,0.0,METROPOLIS.NS
2026-04-10 12:15:00+05:30,463.7999877929688,465.5,462.25,465.4500122070313,5879,0.0,0.0,METROPOLIS.NS
2026-04-10 12:30:00+05:30,465.4500122070313,465.5,465.0,465.5,2216,0.0,0.0,METROPOLIS.NS
2026-04-10 12:45:00+05:30,465.4500122070313,465.4500122070313,465.0,465.3999938964844,1045,0.0,0.0,METROPOLIS.NS
2026-04-10 13:00:00+05:30,465.3999938964844,465.5,465.0499877929688,465.1499938964844,2240,0.0,0.0,METROPOLIS.NS
2026-04-10 13:15:00+05:30,465.1499938964844,465.8999938964844,465.0,465.3999938964844,5483,0.0,0.0,METROPOLIS.NS
2026-04-10 13:30:00+05:30,465.6499938964844,465.75,465.1499938964844,465.5,1531,0.0,0.0,METROPOLIS.NS
2026-04-10 13:45:00+05:30,465.5,467.8500061035156,465.5,466.8500061035156,10392,0.0,0.0,METROPOLIS.NS
2026-04-10 14:00:00+05:30,466.8500061035156,467.0,465.2999877929688,466.1499938964844,2679,0.0,0.0,METROPOLIS.NS
2026-04-10 14:15:00+05:30,466.1499938964844,469.8999938964844,466.1499938964844,469.8500061035156,9194,0.0,0.0,METROPOLIS.NS
2026-04-10 14:30:00+05:30,469.7999877929688,470.8999938964844,469.3500061035156,470.6499938964844,9237,0.0,0.0,METROPOLIS.NS
2026-04-10 14:45:00+05:30,470.6499938964844,471.5,470.0,471.5,6864,0.0,0.0,METROPOLIS.NS
2026-04-10 15:00:00+05:30,471.5,471.7999877929688,465.1499938964844,465.5499877929688,24784,0.0,0.0,METROPOLIS.NS
2026-04-10 15:15:00+05:30,466.0,467.7000122070313,465.0,465.1499938964844,14031,0.0,0.0,METROPOLIS.NS
2026-04-13 09:15:00+05:30,457.9500122070313,461.6000061035156,452.3999938964844,461.6000061035156,9429,0.0,0.0,METROPOLIS.NS
2026-04-13 09:30:00+05:30,461.3999938964844,461.3999938964844,456.3500061035156,459.7999877929688,3051,0.0,0.0,METROPOLIS.NS
2026-04-13 09:45:00+05:30,459.7999877929688,461.6499938964844,457.6000061035156,460.5,6448,0.0,0.0,METROPOLIS.NS
2026-04-13 10:00:00+05:30,460.5,463.2999877929688,460.5,461.3500061035156,6189,0.0,0.0,METROPOLIS.NS
2026-04-13 10:15:00+05:30,461.3500061035156,462.3500061035156,459.6000061035156,462.3500061035156,2223,0.0,0.0,METROPOLIS.NS
2026-04-13 10:30:00+05:30,462.1000061035156,462.7999877929688,461.6499938964844,462.0,679,0.0,0.0,METROPOLIS.NS
2026-04-13 10:45:00+05:30,462.1499938964844,465.7000122070313,462.0,465.6000061035156,3145,0.0,0.0,METROPOLIS.NS
2026-04-13 11:00:00+05:30,465.6499938964844,470.0,464.0,464.5499877929688,14180,0.0,0.0,METROPOLIS.NS
2026-04-13 11:15:00+05:30,464.7999877929688,467.5,464.7999877929688,467.3500061035156,1539,0.0,0.0,METROPOLIS.NS
2026-04-13 11:30:00+05:30,467.2999877929688,467.2999877929688,465.2999877929688,465.6499938964844,155,0.0,0.0,METROPOLIS.NS
2026-04-13 11:45:00+05:30,465.6499938964844,466.7999877929688,465.0,465.0,428,0.0,0.0,METROPOLIS.NS
2026-04-13 12:00:00+05:30,465.25,466.2999877929688,461.7999877929688,461.8500061035156,5654,0.0,0.0,METROPOLIS.NS
2026-04-13 12:15:00+05:30,462.5,465.5,461.0,464.4500122070313,4997,0.0,0.0,METROPOLIS.NS
2026-04-13 12:30:00+05:30,464.4500122070313,464.4500122070313,463.0,463.5499877929688,664,0.0,0.0,METROPOLIS.NS
2026-04-13 12:45:00+05:30,463.5499877929688,463.5499877929688,460.3999938964844,461.2000122070313,954,0.0,0.0,METROPOLIS.NS
2026-04-13 13:00:00+05:30,461.2999877929688,461.5499877929688,460.2000122070313,460.7999877929688,808,0.0,0.0,METROPOLIS.NS
2026-04-13 13:15:00+05:30,460.4500122070313,461.4500122070313,460.4500122070313,460.6499938964844,1256,0.0,0.0,METROPOLIS.NS
2026-04-13 13:30:00+05:30,461.25,461.25,460.6000061035156,461.2000122070313,796,0.0,0.0,METROPOLIS.NS
2026-04-13 13:45:00+05:30,460.7000122070313,471.1000061035156,460.0499877929688,466.1000061035156,31538,0.0,0.0,METROPOLIS.NS
2026-04-13 14:00:00+05:30,465.8999938964844,466.3999938964844,463.2999877929688,463.5,3791,0.0,0.0,METROPOLIS.NS
2026-04-13 14:15:00+05:30,463.5,464.2000122070313,462.6000061035156,463.6000061035156,4899,0.0,0.0,METROPOLIS.NS
2026-04-13 14:30:00+05:30,463.6000061035156,463.6000061035156,462.6499938964844,463.1499938964844,1362,0.0,0.0,METROPOLIS.NS
2026-04-13 14:45:00+05:30,463.1499938964844,465.0,462.8999938964844,465.0,1687,0.0,0.0,METROPOLIS.NS
2026-04-13 15:00:00+05:30,463.2000122070313,463.2000122070313,460.0,462.8500061035156,8885,0.0,0.0,METROPOLIS.NS
2026-04-13 15:15:00+05:30,462.8500061035156,465.0,462.0,462.3500061035156,21183,0.0,0.0,METROPOLIS.NS
2026-04-15 09:15:00+05:30,468.7999877929688,468.7999877929688,460.2000122070313,465.25,15856,0.0,0.0,METROPOLIS.NS
2026-04-15 09:30:00+05:30,465.6000061035156,466.2000122070313,464.3999938964844,465.2000122070313,6695,0.0,0.0,METROPOLIS.NS
2026-04-15 09:45:00+05:30,465.2000122070313,469.5499877929688,465.1499938964844,467.3999938964844,6755,0.0,0.0,METROPOLIS.NS
2026-04-15 10:00:00+05:30,468.0499877929688,471.3999938964844,467.1499938964844,470.5499877929688,9082,0.0,0.0,METROPOLIS.NS
2026-04-15 10:15:00+05:30,470.2000122070313,471.8500061035156,469.2999877929688,470.3500061035156,13497,0.0,0.0,METROPOLIS.NS
2026-04-15 10:30:00+05:30,470.3500061035156,480.5499877929688,470.25,476.75,68014,0.0,0.0,METROPOLIS.NS
2026-04-15 10:45:00+05:30,476.7000122070313,478.7000122070313,474.1499938964844,475.8500061035156,16181,0.0,0.0,METROPOLIS.NS
2026-04-15 11:00:00+05:30,475.8500061035156,477.8999938964844,475.8500061035156,475.8500061035156,5482,0.0,0.0,METROPOLIS.NS
2026-04-15 11:15:00+05:30,475.8500061035156,476.8999938964844,474.1499938964844,475.3999938964844,5190,0.0,0.0,METROPOLIS.NS
2026-04-15 11:30:00+05:30,475.3999938964844,479.8500061035156,475.3999938964844,476.7999877929688,8975,0.0,0.0,METROPOLIS.NS
2026-04-15 11:45:00+05:30,476.9500122070313,477.1000061035156,475.7000122070313,477.1000061035156,2701,0.0,0.0,METROPOLIS.NS
2026-04-15 12:00:00+05:30,477.1000061035156,480.5,477.1000061035156,480.0,8026,0.0,0.0,METROPOLIS.NS
2026-04-15 12:15:00+05:30,481.25,483.0,479.7999877929688,480.0,5810,0.0,0.0,METROPOLIS.NS
2026-04-15 12:30:00+05:30,480.0,480.5,477.5,479.2000122070313,3465,0.0,0.0,METROPOLIS.NS
2026-04-15 12:45:00+05:30,479.7000122070313,479.7999877929688,478.9500122070313,479.7999877929688,1479,0.0,0.0,METROPOLIS.NS
2026-04-15 13:00:00+05:30,479.25,481.0,479.25,480.7000122070313,2931,0.0,0.0,METROPOLIS.NS
2026-04-15 13:15:00+05:30,480.8999938964844,481.5,479.8500061035156,481.2999877929688,2424,0.0,0.0,METROPOLIS.NS
2026-04-15 13:30:00+05:30,481.9500122070313,481.9500122070313,476.1499938964844,476.1499938964844,13187,0.0,0.0,METROPOLIS.NS
2026-04-15 13:45:00+05:30,475.7999877929688,477.0499877929688,475.1000061035156,475.8500061035156,4121,0.0,0.0,METROPOLIS.NS
2026-04-15 14:00:00+05:30,475.8500061035156,477.0,474.1000061035156,476.5,2546,0.0,0.0,METROPOLIS.NS
2026-04-15 14:15:00+05:30,476.7999877929688,478.0,476.0499877929688,477.3999938964844,2306,0.0,0.0,METROPOLIS.NS
2026-04-15 14:30:00+05:30,477.8999938964844,478.5,477.0,477.8999938964844,2432,0.0,0.0,METROPOLIS.NS
2026-04-15 14:45:00+05:30,477.3999938964844,479.5,477.0,478.0,2784,0.0,0.0,METROPOLIS.NS
2026-04-15 15:00:00+05:30,478.75,478.8500061035156,477.25,478.1499938964844,6703,0.0,0.0,METROPOLIS.NS
2026-04-15 15:15:00+05:30,478.2999877929688,478.9500122070313,475.0,477.5499877929688,7960,0.0,0.0,METROPOLIS.NS
2026-04-16 09:15:00+05:30,482.3500061035156,482.3500061035156,475.2000122070313,475.5499877929688,18095,0.0,0.0,METROPOLIS.NS
2026-04-16 09:30:00+05:30,475.8500061035156,476.1499938964844,473.7000122070313,474.2999877929688,4900,0.0,0.0,METROPOLIS.NS
2026-04-16 09:45:00+05:30,474.2999877929688,474.8500061035156,473.0499877929688,473.1499938964844,4021,0.0,0.0,METROPOLIS.NS
2026-04-16 10:00:00+05:30,473.1000061035156,474.2000122070313,473.1000061035156,474.1499938964844,2251,0.0,0.0,METROPOLIS.NS
2026-04-16 10:15:00+05:30,475.0,475.0,474.1499938964844,474.75,4143,0.0,0.0,METROPOLIS.NS
2026-04-16 10:30:00+05:30,474.3500061035156,475.0,473.7999877929688,474.2999877929688,1836,0.0,0.0,METROPOLIS.NS
2026-04-16 10:45:00+05:30,474.25,474.2999877929688,473.2999877929688,473.8500061035156,332,0.0,0.0,METROPOLIS.NS
2026-04-16 11:00:00+05:30,473.8500061035156,475.0,473.7999877929688,474.5,1935,0.0,0.0,METROPOLIS.NS
2026-04-16 11:15:00+05:30,474.8999938964844,474.8999938964844,474.2000122070313,474.6000061035156,1085,0.0,0.0,METROPOLIS.NS
2026-04-16 11:30:00+05:30,474.6000061035156,474.6000061035156,473.5,473.5,1848,0.0,0.0,METROPOLIS.NS
2026-04-16 11:45:00+05:30,473.3500061035156,474.2999877929688,472.1499938964844,472.7999877929688,3379,0.0,0.0,METROPOLIS.NS
2026-04-16 12:00:00+05:30,472.0499877929688,472.75,472.0,472.7000122070313,894,0.0,0.0,METROPOLIS.NS
2026-04-16 12:15:00+05:30,472.7000122070313,472.7000122070313,472.25,472.7000122070313,570,0.0,0.0,METROPOLIS.NS
2026-04-16 12:30:00+05:30,472.6499938964844,473.0499877929688,472.2999877929688,473.0499877929688,874,0.0,0.0,METROPOLIS.NS
2026-04-16 12:45:00+05:30,473.0499877929688,473.0499877929688,471.3500061035156,471.3500061035156,2105,0.0,0.0,METROPOLIS.NS
2026-04-16 13:00:00+05:30,471.75,472.3999938964844,471.5499877929688,472.0,1828,0.0,0.0,METROPOLIS.NS
2026-04-16 13:15:00+05:30,472.2999877929688,472.2999877929688,472.0,472.0,663,0.0,0.0,METROPOLIS.NS
2026-04-16 13:30:00+05:30,472.0,472.3500061035156,471.8500061035156,472.0,1476,0.0,0.0,METROPOLIS.NS
2026-04-16 13:45:00+05:30,472.3500061035156,473.1000061035156,472.0,472.1499938964844,676,0.0,0.0,METROPOLIS.NS
2026-04-16 14:00:00+05:30,472.1499938964844,473.25,472.0,473.25,642,0.0,0.0,METROPOLIS.NS
2026-04-16 14:15:00+05:30,473.2000122070313,474.25,472.1000061035156,472.6000061035156,1723,0.0,0.0,METROPOLIS.NS
2026-04-16 14:30:00+05:30,472.6499938964844,473.0,472.0499877929688,472.0499877929688,791,0.0,0.0,METROPOLIS.NS
2026-04-16 14:45:00+05:30,472.0,472.8500061035156,472.0,472.3500061035156,6495,0.0,0.0,METROPOLIS.NS
2026-04-16 15:00:00+05:30,472.8500061035156,473.0,472.5,472.5,2542,0.0,0.0,METROPOLIS.NS
2026-04-16 15:15:00+05:30,472.5,472.5,472.0,472.25,9741,0.0,0.0,METROPOLIS.NS
2026-04-17 09:15:00+05:30,473.2999877929688,473.2999877929688,465.2999877929688,469.6499938964844,5306,0.0,0.0,METROPOLIS.NS
2026-04-17 09:30:00+05:30,469.6499938964844,469.6499938964844,466.6499938964844,467.4500122070313,5641,0.0,0.0,METROPOLIS.NS
2026-04-17 09:45:00+05:30,468.0,471.1000061035156,467.25,470.3999938964844,2461,0.0,0.0,METROPOLIS.NS
2026-04-17 10:00:00+05:30,470.8999938964844,470.8999938964844,468.8999938964844,470.5499877929688,4579,0.0,0.0,METROPOLIS.NS
2026-04-17 10:15:00+05:30,470.8500061035156,470.8999938964844,470.0,470.1000061035156,2359,0.0,0.0,METROPOLIS.NS
2026-04-17 10:30:00+05:30,470.5499877929688,473.8500061035156,470.5499877929688,473.8500061035156,7691,0.0,0.0,METROPOLIS.NS
2026-04-17 10:45:00+05:30,473.6499938964844,473.8500061035156,471.8999938964844,472.2000122070313,4465,0.0,0.0,METROPOLIS.NS
2026-04-17 11:00:00+05:30,472.2000122070313,472.2000122070313,470.7000122070313,471.0,4907,0.0,0.0,METROPOLIS.NS
2026-04-17 11:15:00+05:30,471.0,471.5,470.5,470.5,3130,0.0,0.0,METROPOLIS.NS
2026-04-17 11:30:00+05:30,470.7999877929688,470.7999877929688,470.3500061035156,470.5499877929688,456,0.0,0.0,METROPOLIS.NS
2026-04-17 11:45:00+05:30,470.5499877929688,470.7999877929688,470.5499877929688,470.5499877929688,554,0.0,0.0,METROPOLIS.NS
2026-04-17 12:00:00+05:30,470.75,471.2999877929688,470.0499877929688,470.8500061035156,5104,0.0,0.0,METROPOLIS.NS
2026-04-17 12:15:00+05:30,471.0,471.5499877929688,471.0,471.5499877929688,792,0.0,0.0,METROPOLIS.NS
2026-04-17 12:30:00+05:30,471.5499877929688,471.5499877929688,471.1499938964844,471.5499877929688,508,0.0,0.0,METROPOLIS.NS
2026-04-17 12:45:00+05:30,471.5,472.2000122070313,471.5,472.1000061035156,704,0.0,0.0,METROPOLIS.NS
2026-04-17 13:00:00+05:30,472.0,472.2000122070313,472.0,472.1499938964844,600,0.0,0.0,METROPOLIS.NS
2026-04-17 13:15:00+05:30,472.2000122070313,472.2000122070313,472.0,472.0,336,0.0,0.0,METROPOLIS.NS
2026-04-17 13:30:00+05:30,472.2000122070313,472.2000122070313,472.1000061035156,472.1000061035156,90,0.0,0.0,METROPOLIS.NS
2026-04-17 13:45:00+05:30,472.2000122070313,472.2000122070313,472.1499938964844,472.1499938964844,658,0.0,0.0,METROPOLIS.NS
2026-04-17 14:00:00+05:30,472.2000122070313,472.2999877929688,472.0,472.0,11722,0.0,0.0,METROPOLIS.NS
2026-04-17 14:15:00+05:30,472.0,472.3500061035156,472.0,472.3500061035156,197,0.0,0.0,METROPOLIS.NS
2026-04-17 14:30:00+05:30,472.3500061035156,472.3500061035156,472.0,472.2999877929688,544,0.0,0.0,METROPOLIS.NS
2026-04-17 14:45:00+05:30,472.0,472.2999877929688,472.0,472.0499877929688,1239,0.0,0.0,METROPOLIS.NS
2026-04-17 15:00:00+05:30,472.2999877929688,472.2999877929688,472.0,472.1000061035156,7091,0.0,0.0,METROPOLIS.NS
2026-04-17 15:15:00+05:30,472.1000061035156,472.1000061035156,467.3500061035156,468.75,31261,0.0,0.0,METROPOLIS.NS
2026-04-20 09:15:00+05:30,470.3999938964844,470.3999938964844,464.0,465.7999877929688,17647,0.0,0.0,METROPOLIS.NS
2026-04-20 09:30:00+05:30,465.8999938964844,467.75,465.4500122070313,466.2000122070313,7469,0.0,0.0,METROPOLIS.NS
2026-04-20 09:45:00+05:30,465.7999877929688,468.7000122070313,465.7999877929688,468.3999938964844,7625,0.0,0.0,METROPOLIS.NS
2026-04-20 10:00:00+05:30,467.9500122070313,468.5,467.5,468.0,754,0.0,0.0,METROPOLIS.NS
2026-04-20 15:00:00+05:30,471.7000122070313,476.8500061035156,471.7000122070313,475.8999938964844,66809,0.0,0.0,METROPOLIS.NS
2026-04-20 15:15:00+05:30,476.2999877929688,476.7999877929688,472.0,475.3999938964844,7515,0.0,0.0,METROPOLIS.NS
2026-04-21 09:15:00+05:30,475.0,479.0,472.1000061035156,478.1499938964844,3514,0.0,0.0,METROPOLIS.NS
2026-04-21 09:30:00+05:30,477.8999938964844,479.75,476.3999938964844,479.25,2614,0.0,0.0,METROPOLIS.NS
2026-04-21 09:45:00+05:30,480.3999938964844,484.3500061035156,480.3999938964844,483.5499877929688,11486,0.0,0.0,METROPOLIS.NS
2026-04-21 10:00:00+05:30,482.8999938964844,487.0,482.2999877929688,486.5499877929688,10882,0.0,0.0,METROPOLIS.NS
2026-04-21 10:15:00+05:30,486.0,487.7999877929688,486.0,487.3500061035156,4157,0.0,0.0,METROPOLIS.NS
2026-04-21 10:30:00+05:30,487.3999938964844,488.75,480.25,482.0499877929688,10458,0.0,0.0,METROPOLIS.NS
2026-04-21 10:45:00+05:30,481.7000122070313,482.7999877929688,481.4500122070313,482.2999877929688,2393,0.0,0.0,METROPOLIS.NS
2026-04-21 11:00:00+05:30,482.2999877929688,484.8999938964844,482.0,484.8500061035156,3396,0.0,0.0,METROPOLIS.NS
2026-04-21 11:15:00+05:30,484.8500061035156,485.0,484.0,485.0,2080,0.0,0.0,METROPOLIS.NS
2026-04-21 11:30:00+05:30,485.0,486.0,484.8999938964844,486.0,1510,0.0,0.0,METROPOLIS.NS
2026-04-21 11:45:00+05:30,486.6499938964844,489.0,486.1499938964844,487.1499938964844,10192,0.0,0.0,METROPOLIS.NS
2026-04-21 12:00:00+05:30,487.7999877929688,487.8500061035156,475.3999938964844,487.2999877929688,1639,0.0,0.0,METROPOLIS.NS
2026-04-21 12:15:00+05:30,486.5499877929688,487.2999877929688,485.8500061035156,486.0,898,0.0,0.0,METROPOLIS.NS
2026-04-21 12:30:00+05:30,486.7000122070313,486.7000122070313,486.0,486.1000061035156,3591,0.0,0.0,METROPOLIS.NS
2026-04-21 12:45:00+05:30,486.1000061035156,487.2000122070313,486.0,486.9500122070313,1386,0.0,0.0,METROPOLIS.NS
2026-04-21 13:00:00+05:30,487.0499877929688,487.0499877929688,486.4500122070313,486.8999938964844,155,0.0,0.0,METROPOLIS.NS
2026-04-21 13:15:00+05:30,486.5,492.25,486.5,491.5,14266,0.0,0.0,METROPOLIS.NS
2026-04-21 13:30:00+05:30,491.3500061035156,492.75,490.3500061035156,492.3500061035156,5975,0.0,0.0,METROPOLIS.NS
2026-04-21 13:45:00+05:30,492.3500061035156,494.1000061035156,492.2000122070313,493.8500061035156,8932,0.0,0.0,METROPOLIS.NS
2026-04-21 14:00:00+05:30,493.9500122070313,493.9500122070313,488.3500061035156,489.5499877929688,6840,0.0,0.0,METROPOLIS.NS
2026-04-21 14:15:00+05:30,489.5499877929688,491.4500122070313,489.2999877929688,490.3999938964844,3520,0.0,0.0,METROPOLIS.NS
2026-04-21 14:30:00+05:30,490.3999938964844,490.3999938964844,484.8999938964844,484.8999938964844,12767,0.0,0.0,METROPOLIS.NS
2026-04-21 14:45:00+05:30,485.0,485.4500122070313,483.8999938964844,484.8999938964844,13454,0.0,0.0,METROPOLIS.NS
2026-04-21 15:00:00+05:30,485.1499938964844,485.1499938964844,484.7000122070313,484.9500122070313,4671,0.0,0.0,METROPOLIS.NS
2026-04-21 15:15:00+05:30,484.9500122070313,484.9500122070313,482.0,484.2999877929688,24062,0.0,0.0,METROPOLIS.NS
2026-04-22 09:15:00+05:30,484.0,487.0,481.1499938964844,481.25,1119,0.0,0.0,METROPOLIS.NS
2026-04-22 09:30:00+05:30,481.8500061035156,483.0,480.0,480.25,4905,0.0,0.0,METROPOLIS.NS
2026-04-22 09:45:00+05:30,480.0,480.6499938964844,479.2000122070313,480.5,2162,0.0,0.0,METROPOLIS.NS
2026-04-22 10:00:00+05:30,480.5,482.2000122070313,480.0,480.9500122070313,3093,0.0,0.0,METROPOLIS.NS
2026-04-22 10:15:00+05:30,480.9500122070313,481.3500061035156,479.8500061035156,479.8500061035156,917,0.0,0.0,METROPOLIS.NS
2026-04-22 10:30:00+05:30,479.8500061035156,480.4500122070313,479.5,479.7000122070313,702,0.0,0.0,METROPOLIS.NS
2026-04-22 10:45:00+05:30,480.25,480.25,479.0,479.25,871,0.0,0.0,METROPOLIS.NS
2026-04-22 11:00:00+05:30,479.25,479.8500061035156,478.1000061035156,478.75,972,0.0,0.0,METROPOLIS.NS
2026-04-22 11:15:00+05:30,478.75,479.0,478.2000122070313,478.8500061035156,651,0.0,0.0,METROPOLIS.NS
2026-04-22 11:30:00+05:30,478.8500061035156,479.4500122070313,478.75,479.2000122070313,1096,0.0,0.0,METROPOLIS.NS
2026-04-22 11:45:00+05:30,479.2000122070313,479.2000122070313,478.0499877929688,478.4500122070313,396,0.0,0.0,METROPOLIS.NS
2026-04-22 12:00:00+05:30,478.7999877929688,479.5499877929688,478.6000061035156,479.0,985,0.0,0.0,METROPOLIS.NS
2026-04-22 12:15:00+05:30,478.6000061035156,479.3999938964844,478.6000061035156,479.0499877929688,228,0.0,0.0,METROPOLIS.NS
2026-04-22 12:30:00+05:30,479.0499877929688,479.0499877929688,478.1000061035156,478.5,997,0.0,0.0,METROPOLIS.NS
2026-04-22 12:45:00+05:30,478.5,478.7999877929688,477.5,478.3500061035156,977,0.0,0.0,METROPOLIS.NS
2026-04-22 13:00:00+05:30,478.3500061035156,478.3500061035156,476.2999877929688,477.1499938964844,835,0.0,0.0,METROPOLIS.NS
2026-04-22 13:15:00+05:30,478.3999938964844,479.2000122070313,477.0499877929688,478.3500061035156,3902,0.0,0.0,METROPOLIS.NS
2026-04-22 13:30:00+05:30,478.1499938964844,478.5499877929688,477.2000122070313,477.6499938964844,2671,0.0,0.0,METROPOLIS.NS
2026-04-22 13:45:00+05:30,477.6499938964844,478.1499938964844,476.0,476.5,1974,0.0,0.0,METROPOLIS.NS
2026-04-22 14:00:00+05:30,476.5,476.8999938964844,476.0,476.0,1235,0.0,0.0,METROPOLIS.NS
2026-04-22 14:15:00+05:30,476.0,477.7000122070313,476.0,476.7000122070313,516,0.0,0.0,METROPOLIS.NS
2026-04-22 14:30:00+05:30,476.7000122070313,477.4500122070313,476.7000122070313,477.0,785,0.0,0.0,METROPOLIS.NS
2026-04-22 14:45:00+05:30,477.0,477.9500122070313,477.0,477.0499877929688,1121,0.0,0.0,METROPOLIS.NS
2026-04-22 15:00:00+05:30,477.4500122070313,477.8500061035156,476.1000061035156,476.6499938964844,7508,0.0,0.0,METROPOLIS.NS
2026-04-22 15:15:00+05:30,476.75,477.25,473.0,476.6499938964844,6469,0.0,0.0,METROPOLIS.NS
2026-04-23 09:15:00+05:30,476.0,476.0,471.75,473.1499938964844,1980,0.0,0.0,METROPOLIS.NS
2026-04-23 09:30:00+05:30,473.0,474.8500061035156,472.1499938964844,474.3500061035156,2877,0.0,0.0,METROPOLIS.NS
2026-04-23 09:45:00+05:30,474.7000122070313,475.1499938964844,474.0,474.1499938964844,1678,0.0,0.0,METROPOLIS.NS
2026-04-23 10:00:00+05:30,474.2000122070313,475.7000122070313,474.0,474.0,1243,0.0,0.0,METROPOLIS.NS
2026-04-23 10:15:00+05:30,474.7000122070313,477.75,474.5499877929688,474.9500122070313,3909,0.0,0.0,METROPOLIS.NS
2026-04-23 10:30:00+05:30,475.0,475.8999938964844,474.0,474.0,1031,0.0,0.0,METROPOLIS.NS
2026-04-23 10:45:00+05:30,474.0,475.2000122070313,472.8500061035156,475.2000122070313,848,0.0,0.0,METROPOLIS.NS
2026-04-23 11:00:00+05:30,475.1000061035156,475.8500061035156,474.75,475.2000122070313,802,0.0,0.0,METROPOLIS.NS
2026-04-23 11:15:00+05:30,475.0,475.1499938964844,474.1499938964844,474.3999938964844,909,0.0,0.0,METROPOLIS.NS
2026-04-23 11:30:00+05:30,474.6499938964844,475.2000122070313,472.0,473.25,1368,0.0,0.0,METROPOLIS.NS
2026-04-23 11:45:00+05:30,472.7999877929688,473.25,469.6499938964844,471.1499938964844,6467,0.0,0.0,METROPOLIS.NS
2026-04-23 12:00:00+05:30,470.7999877929688,472.8999938964844,470.7999877929688,472.7000122070313,1740,0.0,0.0,METROPOLIS.NS
2026-04-23 12:15:00+05:30,472.3999938964844,473.0,470.6499938964844,470.6499938964844,1066,0.0,0.0,METROPOLIS.NS
2026-04-23 12:30:00+05:30,470.2999877929688,471.0,470.2999877929688,470.8999938964844,406,0.0,0.0,METROPOLIS.NS
2026-04-23 12:45:00+05:30,470.9500122070313,471.2999877929688,470.9500122070313,471.2999877929688,253,0.0,0.0,METROPOLIS.NS
2026-04-23 13:00:00+05:30,470.9500122070313,471.2999877929688,470.5499877929688,471.1499938964844,925,0.0,0.0,METROPOLIS.NS
2026-04-23 13:15:00+05:30,471.6000061035156,471.6000061035156,471.2000122070313,471.3500061035156,392,0.0,0.0,METROPOLIS.NS
2026-04-23 13:30:00+05:30,471.6000061035156,471.6000061035156,469.5499877929688,470.0499877929688,1897,0.0,0.0,METROPOLIS.NS
2026-04-23 13:45:00+05:30,470.0,471.0499877929688,470.0,470.3500061035156,600,0.0,0.0,METROPOLIS.NS
2026-04-23 14:00:00+05:30,470.8500061035156,474.6499938964844,470.8500061035156,472.6000061035156,12963,0.0,0.0,METROPOLIS.NS
2026-04-23 14:15:00+05:30,472.6000061035156,472.8500061035156,471.5,472.0499877929688,625,0.0,0.0,METROPOLIS.NS
2026-04-23 14:30:00+05:30,471.6000061035156,472.2000122070313,470.1000061035156,470.7999877929688,669,0.0,0.0,METROPOLIS.NS
2026-04-23 14:45:00+05:30,471.2999877929688,471.2999877929688,470.0,470.6000061035156,2068,0.0,0.0,METROPOLIS.NS
2026-04-23 15:00:00+05:30,470.6000061035156,473.1000061035156,470.6000061035156,472.3500061035156,2812,0.0,0.0,METROPOLIS.NS
2026-04-23 15:15:00+05:30,472.3500061035156,474.1499938964844,470.5,472.2000122070313,6346,0.0,0.0,METROPOLIS.NS
2026-04-24 09:15:00+05:30,477.9500122070313,477.9500122070313,466.0,466.6499938964844,2361,0.0,0.0,METROPOLIS.NS
2026-04-24 09:30:00+05:30,466.2000122070313,468.25,465.0,466.0,2898,0.0,0.0,METROPOLIS.NS
2026-04-24 09:45:00+05:30,465.8500061035156,466.6499938964844,464.0499877929688,466.6499938964844,1686,0.0,0.0,METROPOLIS.NS
2026-04-24 10:00:00+05:30,466.8500061035156,469.7000122070313,466.8500061035156,467.8500061035156,1781,0.0,0.0,METROPOLIS.NS
2026-04-24 10:15:00+05:30,467.6000061035156,468.2000122070313,465.5,467.0,1092,0.0,0.0,METROPOLIS.NS
2026-04-24 10:30:00+05:30,467.0,468.9500122070313,467.0,468.0,1723,0.0,0.0,METROPOLIS.NS
2026-04-24 10:45:00+05:30,468.1000061035156,468.2000122070313,467.1499938964844,467.9500122070313,632,0.0,0.0,METROPOLIS.NS
2026-04-24 11:00:00+05:30,467.3999938964844,467.6499938964844,467.0,467.0,678,0.0,0.0,METROPOLIS.NS
2026-04-24 11:15:00+05:30,467.0,467.7000122070313,467.0,467.0,598,0.0,0.0,METROPOLIS.NS
2026-04-24 11:30:00+05:30,467.3999938964844,467.8500061035156,467.0,467.3500061035156,2191,0.0,0.0,METROPOLIS.NS
2026-04-24 11:45:00+05:30,467.2999877929688,467.2999877929688,466.1499938964844,467.0,1727,0.0,0.0,METROPOLIS.NS
2026-04-24 12:00:00+05:30,467.0,467.0,463.25,465.5499877929688,1494,0.0,0.0,METROPOLIS.NS
2026-04-24 12:15:00+05:30,466.0499877929688,466.5,464.4500122070313,466.5,659,0.0,0.0,METROPOLIS.NS
2026-04-24 12:30:00+05:30,466.7000122070313,468.1499938964844,466.2999877929688,467.1000061035156,1095,0.0,0.0,METROPOLIS.NS
2026-04-24 12:45:00+05:30,467.2000122070313,468.8500061035156,467.2000122070313,468.3500061035156,219,0.0,0.0,METROPOLIS.NS
2026-04-24 13:00:00+05:30,468.3500061035156,468.3500061035156,467.2000122070313,467.3500061035156,296,0.0,0.0,METROPOLIS.NS
2026-04-24 13:15:00+05:30,467.3500061035156,467.8999938964844,467.2999877929688,467.3999938964844,262,0.0,0.0,METROPOLIS.NS
2026-04-24 13:30:00+05:30,467.3500061035156,467.9500122070313,467.25,467.25,705,0.0,0.0,METROPOLIS.NS
2026-04-24 13:45:00+05:30,467.25,467.5499877929688,466.0,466.3999938964844,1903,0.0,0.0,METROPOLIS.NS
2026-04-24 14:00:00+05:30,466.3500061035156,468.0,466.0499877929688,467.0,521,0.0,0.0,METROPOLIS.NS
2026-04-24 14:15:00+05:30,467.0,469.2000122070313,466.4500122070313,467.2000122070313,1851,0.0,0.0,METROPOLIS.NS
2026-04-24 14:30:00+05:30,467.2000122070313,468.7000122070313,467.2000122070313,468.3999938964844,260,0.0,0.0,METROPOLIS.NS
2026-04-24 14:45:00+05:30,468.3500061035156,469.0,466.7999877929688,466.7999877929688,2093,0.0,0.0,METROPOLIS.NS
2026-04-24 15:00:00+05:30,467.3999938964844,467.7999877929688,466.3999938964844,467.2000122070313,1178,0.0,0.0,METROPOLIS.NS
2026-04-24 15:15:00+05:30,467.2000122070313,468.75,466.7999877929688,467.1000061035156,7469,0.0,0.0,METROPOLIS.NS
2026-04-27 09:15:00+05:30,463.0,473.1000061035156,463.0,470.75,3818,0.0,0.0,METROPOLIS.NS
2026-04-27 09:30:00+05:30,471.4500122070313,473.3999938964844,470.1499938964844,473.3999938964844,1845,0.0,0.0,METROPOLIS.NS
2026-04-27 09:45:00+05:30,474.7000122070313,477.7000122070313,474.7000122070313,475.1499938964844,5386,0.0,0.0,METROPOLIS.NS
2026-04-27 10:00:00+05:30,475.0499877929688,476.0499877929688,473.7999877929688,475.0,2701,0.0,0.0,METROPOLIS.NS
2026-04-27 10:15:00+05:30,475.4500122070313,477.0,474.3999938964844,475.5499877929688,2182,0.0,0.0,METROPOLIS.NS
2026-04-27 10:30:00+05:30,475.0,479.75,473.0,479.5,6944,0.0,0.0,METROPOLIS.NS
2026-04-27 10:45:00+05:30,479.5,479.5,476.9500122070313,477.7000122070313,1336,0.0,0.0,METROPOLIS.NS
2026-04-27 11:00:00+05:30,477.6499938964844,478.25,475.7999877929688,476.5499877929688,2635,0.0,0.0,METROPOLIS.NS
2026-04-27 11:15:00+05:30,476.5499877929688,478.3500061035156,473.25,473.3999938964844,5465,0.0,0.0,METROPOLIS.NS
2026-04-27 11:30:00+05:30,473.3999938964844,474.3500061035156,470.0499877929688,470.6000061035156,2418,0.0,0.0,METROPOLIS.NS
2026-04-27 11:45:00+05:30,470.6000061035156,472.4500122070313,470.0499877929688,472.25,4684,0.0,0.0,METROPOLIS.NS
2026-04-27 12:00:00+05:30,472.1499938964844,474.2000122070313,471.75,473.4500122070313,1788,0.0,0.0,METROPOLIS.NS
2026-04-27 12:15:00+05:30,473.75,474.9500122070313,473.2000122070313,474.2999877929688,1528,0.0,0.0,METROPOLIS.NS
2026-04-27 12:30:00+05:30,473.5,474.1000061035156,472.4500122070313,472.8999938964844,1276,0.0,0.0,METROPOLIS.NS
2026-04-27 12:45:00+05:30,473.0,473.7000122070313,472.0,472.0,1996,0.0,0.0,METROPOLIS.NS
2026-04-27 13:00:00+05:30,472.7999877929688,473.75,472.0,473.75,1930,0.0,0.0,METROPOLIS.NS
2026-04-27 13:15:00+05:30,473.2999877929688,474.25,472.0499877929688,473.4500122070313,4424,0.0,0.0,METROPOLIS.NS
2026-04-27 13:30:00+05:30,473.25,474.7000122070313,472.5499877929688,473.3500061035156,2620,0.0,0.0,METROPOLIS.NS
2026-04-27 13:45:00+05:30,473.6000061035156,474.7999877929688,472.6000061035156,474.3500061035156,1637,0.0,0.0,METROPOLIS.NS
2026-04-27 14:00:00+05:30,474.75,475.6499938964844,473.5499877929688,474.0499877929688,2594,0.0,0.0,METROPOLIS.NS
2026-04-27 14:15:00+05:30,474.1000061035156,474.6000061035156,473.5499877929688,474.1000061035156,1462,0.0,0.0,METROPOLIS.NS
2026-04-27 14:30:00+05:30,473.7999877929688,475.0,473.2000122070313,474.0499877929688,5015,0.0,0.0,METROPOLIS.NS
2026-04-27 14:45:00+05:30,474.1000061035156,474.9500122070313,473.3999938964844,474.5,5394,0.0,0.0,METROPOLIS.NS
2026-04-27 15:00:00+05:30,474.5,478.6000061035156,474.3999938964844,478.0,27245,0.0,0.0,METROPOLIS.NS
2026-04-27 15:15:00+05:30,477.8999938964844,479.1000061035156,477.8999938964844,479.0,6928,0.0,0.0,METROPOLIS.NS
2026-04-28 09:15:00+05:30,480.0,482.0,477.9500122070313,480.8500061035156,3150,0.0,0.0,METROPOLIS.NS
2026-04-28 09:30:00+05:30,480.8500061035156,480.8500061035156,479.2000122070313,479.2000122070313,4727,0.0,0.0,METROPOLIS.NS
2026-04-28 09:45:00+05:30,478.7999877929688,480.6499938964844,478.7999877929688,480.5,1364,0.0,0.0,METROPOLIS.NS
2026-04-28 10:00:00+05:30,480.5,481.7999877929688,480.5,481.3500061035156,1644,0.0,0.0,METROPOLIS.NS
2026-04-28 10:15:00+05:30,481.3500061035156,481.3500061035156,480.5,480.5,344,0.0,0.0,METROPOLIS.NS
2026-04-28 10:30:00+05:30,480.5,480.5,478.2999877929688,479.3500061035156,1495,0.0,0.0,METROPOLIS.NS
2026-04-28 10:45:00+05:30,479.3999938964844,481.0499877929688,479.3999938964844,481.0499877929688,959,0.0,0.0,METROPOLIS.NS
2026-04-28 11:00:00+05:30,481.3999938964844,482.0,481.3999938964844,481.9500122070313,1443,0.0,0.0,METROPOLIS.NS
2026-04-28 11:15:00+05:30,481.8999938964844,484.2999877929688,481.8999938964844,482.4500122070313,4090,0.0,0.0,METROPOLIS.NS
2026-04-28 11:30:00+05:30,482.4500122070313,483.4500122070313,482.3500061035156,483.4500122070313,894,0.0,0.0,METROPOLIS.NS
2026-04-28 11:45:00+05:30,483.8999938964844,483.8999938964844,481.8999938964844,482.2000122070313,889,0.0,0.0,METROPOLIS.NS
2026-04-28 12:00:00+05:30,482.0499877929688,482.2000122070313,481.75,481.75,992,0.0,0.0,METROPOLIS.NS
2026-04-28 12:15:00+05:30,481.75,485.8999938964844,481.2999877929688,484.5,4393,0.0,0.0,METROPOLIS.NS
2026-04-28 12:30:00+05:30,484.1000061035156,484.1000061035156,481.8500061035156,481.8500061035156,2287,0.0,0.0,METROPOLIS.NS
2026-04-28 12:45:00+05:30,481.8500061035156,481.8500061035156,478.1000061035156,478.1000061035156,2534,0.0,0.0,METROPOLIS.NS
2026-04-28 13:00:00+05:30,477.5499877929688,478.7000122070313,477.25,477.25,3547,0.0,0.0,METROPOLIS.NS
2026-04-28 13:15:00+05:30,477.25,477.25,474.7999877929688,476.1499938964844,2740,0.0,0.0,METROPOLIS.NS
2026-04-28 13:30:00+05:30,476.1499938964844,476.6499938964844,475.1000061035156,475.5,1582,0.0,0.0,METROPOLIS.NS
2026-04-28 13:45:00+05:30,476.0499877929688,476.8500061035156,475.5,476.5,1816,0.0,0.0,METROPOLIS.NS
2026-04-28 14:00:00+05:30,476.5,476.5,474.5,475.0,1911,0.0,0.0,METROPOLIS.NS
2026-04-28 14:15:00+05:30,475.5,478.7000122070313,475.0,476.8500061035156,2395,0.0,0.0,METROPOLIS.NS
2026-04-28 14:30:00+05:30,476.5499877929688,477.2999877929688,476.0499877929688,476.3500061035156,1782,0.0,0.0,METROPOLIS.NS
2026-04-28 14:45:00+05:30,476.3500061035156,480.5,476.0,480.0,4991,0.0,0.0,METROPOLIS.NS
2026-04-28 15:00:00+05:30,480.3999938964844,481.7999877929688,480.0,480.5,3657,0.0,0.0,METROPOLIS.NS
2026-04-28 15:15:00+05:30,480.5,482.0,480.0,480.8500061035156,6637,0.0,0.0,METROPOLIS.NS
2026-04-29 09:15:00+05:30,480.8500061035156,484.0,480.0,483.3500061035156,3439,0.0,0.0,METROPOLIS.NS
2026-04-29 09:30:00+05:30,483.7999877929688,485.2000122070313,481.1000061035156,481.9500122070313,7674,0.0,0.0,METROPOLIS.NS
2026-04-29 09:45:00+05:30,481.3500061035156,483.25,481.0499877929688,482.1000061035156,7613,0.0,0.0,METROPOLIS.NS
2026-04-29 10:00:00+05:30,482.8999938964844,484.1000061035156,482.2000122070313,483.1000061035156,4672,0.0,0.0,METROPOLIS.NS
2026-04-29 10:15:00+05:30,483.9500122070313,484.4500122070313,482.7999877929688,483.8999938964844,1820,0.0,0.0,METROPOLIS.NS
2026-04-29 10:30:00+05:30,484.25,485.0,483.8999938964844,484.3999938964844,4665,0.0,0.0,METROPOLIS.NS
2026-04-29 10:45:00+05:30,484.3999938964844,484.8999938964844,483.0,484.5,3460,0.0,0.0,METROPOLIS.NS
2026-04-29 11:00:00+05:30,484.7999877929688,485.0,483.8500061035156,484.6000061035156,1355,0.0,0.0,METROPOLIS.NS
2026-04-29 11:15:00+05:30,484.6000061035156,485.4500122070313,483.5,483.8999938964844,1580,0.0,0.0,METROPOLIS.NS
2026-04-29 11:30:00+05:30,484.0,484.9500122070313,483.8999938964844,484.9500122070313,680,0.0,0.0,METROPOLIS.NS
2026-04-29 11:45:00+05:30,484.3500061035156,484.7999877929688,484.2000122070313,484.2999877929688,177,0.0,0.0,METROPOLIS.NS
2026-04-29 12:00:00+05:30,484.3999938964844,484.8999938964844,484.3500061035156,484.3500061035156,201,0.0,0.0,METROPOLIS.NS
2026-04-29 12:15:00+05:30,484.3500061035156,484.8999938964844,484.3500061035156,484.4500122070313,522,0.0,0.0,METROPOLIS.NS
2026-04-29 12:30:00+05:30,484.3999938964844,484.8999938964844,484.0,484.0,667,0.0,0.0,METROPOLIS.NS
2026-04-29 12:45:00+05:30,484.0,484.1000061035156,483.1000061035156,483.8999938964844,790,0.0,0.0,METROPOLIS.NS
2026-04-29 13:00:00+05:30,483.8999938964844,484.2999877929688,483.2000122070313,484.0499877929688,1443,0.0,0.0,METROPOLIS.NS
2026-04-29 13:15:00+05:30,484.0499877929688,484.3500061035156,483.3500061035156,483.8500061035156,1266,0.0,0.0,METROPOLIS.NS
2026-04-29 13:30:00+05:30,483.3999938964844,484.2999877929688,482.7999877929688,483.3500061035156,5987,0.0,0.0,METROPOLIS.NS
2026-04-29 13:45:00+05:30,482.7999877929688,482.8500061035156,480.8999938964844,481.7000122070313,4070,0.0,0.0,METROPOLIS.NS
2026-04-29 14:00:00+05:30,481.7999877929688,481.7999877929688,480.4500122070313,481.2999877929688,2920,0.0,0.0,METROPOLIS.NS
2026-04-29 14:15:00+05:30,481.3999938964844,482.1499938964844,480.7999877929688,481.7999877929688,1360,0.0,0.0,METROPOLIS.NS
2026-04-29 14:30:00+05:30,481.2999877929688,481.8500061035156,480.7999877929688,481.3500061035156,465,0.0,0.0,METROPOLIS.NS
2026-04-29 14:45:00+05:30,481.3500061035156,483.0,481.2000122070313,482.4500122070313,2220,0.0,0.0,METROPOLIS.NS
2026-04-29 15:00:00+05:30,482.7999877929688,482.9500122070313,479.1499938964844,479.1499938964844,6926,0.0,0.0,METROPOLIS.NS
2026-04-29 15:15:00+05:30,479.6499938964844,479.6499938964844,475.0,478.7999877929688,13026,0.0,0.0,METROPOLIS.NS
2026-04-30 09:15:00+05:30,476.0,480.7000122070313,476.0,479.0499877929688,2906,0.0,0.0,METROPOLIS.NS
2026-04-30 09:30:00+05:30,479.0499877929688,479.6499938964844,476.6499938964844,478.75,1240,0.0,0.0,METROPOLIS.NS
2026-04-30 09:45:00+05:30,478.75,479.1000061035156,476.5,477.0,1153,0.0,0.0,METROPOLIS.NS
2026-04-30 10:00:00+05:30,477.0,477.0,473.0,473.0,1276,0.0,0.0,METROPOLIS.NS
2026-04-30 10:15:00+05:30,472.1499938964844,472.8999938964844,472.1499938964844,472.2000122070313,325,0.0,0.0,METROPOLIS.NS
2026-04-30 10:30:00+05:30,472.1499938964844,473.1000061035156,472.0499877929688,472.7999877929688,860,0.0,0.0,METROPOLIS.NS
2026-04-30 10:45:00+05:30,472.75,473.0,472.2000122070313,472.6000061035156,458,0.0,0.0,METROPOLIS.NS
2026-04-30 11:00:00+05:30,472.6000061035156,472.75,472.0499877929688,472.5,510,0.0,0.0,METROPOLIS.NS
2026-04-30 11:15:00+05:30,472.5,473.2000122070313,472.1499938964844,473.0499877929688,245,0.0,0.0,METROPOLIS.NS
2026-04-30 11:30:00+05:30,472.8500061035156,481.7000122070313,471.1499938964844,480.2999877929688,19019,0.0,0.0,METROPOLIS.NS
2026-04-30 11:45:00+05:30,480.75,481.2000122070313,478.2000122070313,479.7000122070313,4989,0.0,0.0,METROPOLIS.NS
2026-04-30 12:00:00+05:30,479.7000122070313,480.0,478.7999877929688,480.0,4151,0.0,0.0,METROPOLIS.NS
2026-04-30 12:15:00+05:30,479.7999877929688,480.0,478.7999877929688,479.8500061035156,2076,0.0,0.0,METROPOLIS.NS
2026-04-30 12:30:00+05:30,479.8500061035156,479.8500061035156,477.25,479.75,2385,0.0,0.0,METROPOLIS.NS
2026-04-30 12:45:00+05:30,479.7999877929688,480.0,479.3999938964844,480.0,1084,0.0,0.0,METROPOLIS.NS
2026-04-30 13:00:00+05:30,480.0,480.0,478.7999877929688,479.25,623,0.0,0.0,METROPOLIS.NS
2026-04-30 13:15:00+05:30,479.25,480.0,478.7999877929688,479.6499938964844,2072,0.0,0.0,METROPOLIS.NS
2026-04-30 13:30:00+05:30,479.7000122070313,479.8999938964844,479.2999877929688,479.8999938964844,233,0.0,0.0,METROPOLIS.NS
2026-04-30 13:45:00+05:30,479.8999938964844,479.8999938964844,479.1000061035156,479.6499938964844,221,0.0,0.0,METROPOLIS.NS
2026-04-30 14:00:00+05:30,479.8500061035156,480.0,478.7999877929688,479.2000122070313,608,0.0,0.0,METROPOLIS.NS
2026-04-30 14:15:00+05:30,479.2999877929688,479.3999938964844,478.7999877929688,479.0499877929688,1185,0.0,0.0,METROPOLIS.NS
2026-04-30 14:30:00+05:30,479.0499877929688,479.0499877929688,477.8500061035156,478.6000061035156,1639,0.0,0.0,METROPOLIS.NS
2026-04-30 14:45:00+05:30,478.6000061035156,478.6000061035156,475.0,475.5499877929688,1022,0.0,0.0,METROPOLIS.NS
2026-04-30 15:00:00+05:30,474.9500122070313,477.0,474.1499938964844,477.0,5471,0.0,0.0,METROPOLIS.NS
2026-04-30 15:15:00+05:30,476.8500061035156,478.5499877929688,475.1499938964844,476.8999938964844,7144,0.0,0.0,METROPOLIS.NS
2026-05-04 09:15:00+05:30,472.2000122070313,486.6499938964844,472.2000122070313,486.6499938964844,5635,0.0,0.0,METROPOLIS.NS
2026-05-04 09:30:00+05:30,486.2999877929688,489.5499877929688,486.2999877929688,488.2000122070313,7365,0.0,0.0,METROPOLIS.NS
2026-05-04 09:45:00+05:30,489.4500122070313,491.0,486.6499938964844,490.1000061035156,9520,0.0,0.0,METROPOLIS.NS
2026-05-04 10:00:00+05:30,490.8999938964844,490.9500122070313,486.7000122070313,486.7000122070313,10507,0.0,0.0,METROPOLIS.NS
2026-05-04 10:15:00+05:30,487.3500061035156,488.0,486.6000061035156,487.9500122070313,2862,0.0,0.0,METROPOLIS.NS
2026-05-04 10:30:00+05:30,488.0,488.0,487.2000122070313,488.0,1716,0.0,0.0,METROPOLIS.NS
2026-05-04 10:45:00+05:30,488.0,490.2999877929688,487.9500122070313,489.3999938964844,12332,0.0,0.0,METROPOLIS.NS
2026-05-04 11:00:00+05:30,489.5499877929688,491.0,489.4500122070313,490.0,22791,0.0,0.0,METROPOLIS.NS
2026-05-04 11:15:00+05:30,489.75,490.7999877929688,489.25,489.8500061035156,9013,0.0,0.0,METROPOLIS.NS
2026-05-04 11:30:00+05:30,489.7999877929688,490.4500122070313,486.5,487.7000122070313,4972,0.0,0.0,METROPOLIS.NS
2026-05-04 11:45:00+05:30,487.7000122070313,488.2000122070313,486.9500122070313,487.7999877929688,4356,0.0,0.0,METROPOLIS.NS
2026-05-04 12:00:00+05:30,487.8500061035156,488.25,486.2999877929688,487.5499877929688,6020,0.0,0.0,METROPOLIS.NS
2026-05-04 12:15:00+05:30,486.7999877929688,487.75,484.6499938964844,485.2000122070313,5508,0.0,0.0,METROPOLIS.NS
2026-05-04 12:30:00+05:30,485.2999877929688,490.0,485.2999877929688,489.2000122070313,10106,0.0,0.0,METROPOLIS.NS
2026-05-04 12:45:00+05:30,489.1000061035156,490.0,489.1000061035156,489.3500061035156,3200,0.0,0.0,METROPOLIS.NS
2026-05-04 13:00:00+05:30,489.1000061035156,490.0,488.7000122070313,489.4500122070313,3002,0.0,0.0,METROPOLIS.NS
2026-05-04 13:15:00+05:30,488.7999877929688,489.7000122070313,487.3500061035156,487.4500122070313,3659,0.0,0.0,METROPOLIS.NS
2026-05-04 13:30:00+05:30,487.8500061035156,489.1000061035156,487.2000122070313,488.25,4133,0.0,0.0,METROPOLIS.NS
2026-05-04 13:45:00+05:30,488.8500061035156,488.8500061035156,487.25,487.5,3095,0.0,0.0,METROPOLIS.NS
2026-05-04 14:00:00+05:30,487.5,489.1499938964844,487.0,487.8999938964844,4922,0.0,0.0,METROPOLIS.NS
2026-05-04 14:15:00+05:30,488.6499938964844,489.1000061035156,487.6000061035156,488.0499877929688,2063,0.0,0.0,METROPOLIS.NS
2026-05-04 14:30:00+05:30,488.0,488.4500122070313,485.25,487.8999938964844,4168,0.0,0.0,METROPOLIS.NS
2026-05-04 14:45:00+05:30,487.7000122070313,491.0,485.7000122070313,491.0,117739,0.0,0.0,METROPOLIS.NS
2026-05-04 15:00:00+05:30,490.9500122070313,493.0,489.5499877929688,492.25,15666,0.0,0.0,METROPOLIS.NS
2026-05-04 15:15:00+05:30,491.7999877929688,494.8500061035156,491.5,492.3999938964844,72701,0.0,0.0,METROPOLIS.NS
2026-05-05 09:15:00+05:30,495.9500122070313,514.0,494.2999877929688,513.5999755859375,99348,0.0,0.0,METROPOLIS.NS
2026-05-05 09:30:00+05:30,513.2999877929688,515.7999877929688,509.25,512.25,128357,0.0,0.0,METROPOLIS.NS
2026-05-05 09:45:00+05:30,512.25,513.4500122070312,509.2999877929688,510.4500122070313,52515,0.0,0.0,METROPOLIS.NS
2026-05-05 10:00:00+05:30,509.8999938964844,510.6000061035156,505.0,508.5,39709,0.0,0.0,METROPOLIS.NS
2026-05-05 10:15:00+05:30,508.4500122070313,508.5,505.1000061035156,505.2000122070313,19201,0.0,0.0,METROPOLIS.NS
2026-05-05 10:30:00+05:30,505.2000122070313,506.0499877929688,503.5,503.6000061035156,16159,0.0,0.0,METROPOLIS.NS
2026-05-05 10:45:00+05:30,503.6499938964844,504.6000061035156,503.2999877929688,504.2999877929688,8145,0.0,0.0,METROPOLIS.NS
2026-05-05 11:00:00+05:30,504.6000061035156,508.1000061035156,504.1499938964844,508.1000061035156,15370,0.0,0.0,METROPOLIS.NS
2026-05-05 11:15:00+05:30,507.6000061035156,508.5,505.9500122070313,507.5,12373,0.0,0.0,METROPOLIS.NS
2026-05-05 11:30:00+05:30,507.5,508.25,506.3500061035156,506.4500122070313,4606,0.0,0.0,METROPOLIS.NS
2026-05-05 11:45:00+05:30,506.5,507.8500061035156,506.2999877929688,506.7000122070313,5315,0.0,0.0,METROPOLIS.NS
2026-05-05 12:00:00+05:30,506.7000122070313,508.25,506.6499938964844,507.6499938964844,6508,0.0,0.0,METROPOLIS.NS
2026-05-05 12:15:00+05:30,507.6499938964844,508.1000061035156,506.0,506.8500061035156,4781,0.0,0.0,METROPOLIS.NS
2026-05-05 12:30:00+05:30,506.7999877929688,507.75,506.2000122070313,506.75,7060,0.0,0.0,METROPOLIS.NS
2026-05-05 12:45:00+05:30,506.8500061035156,507.8999938964844,506.75,507.1000061035156,6031,0.0,0.0,METROPOLIS.NS
2026-05-05 13:00:00+05:30,507.1000061035156,507.4500122070313,505.1000061035156,506.5499877929688,17036,0.0,0.0,METROPOLIS.NS
2026-05-05 13:15:00+05:30,507.5,507.75,505.75,506.0,6156,0.0,0.0,METROPOLIS.NS
2026-05-05 13:30:00+05:30,505.5,506.3500061035156,504.0,505.5,8443,0.0,0.0,METROPOLIS.NS
2026-05-05 13:45:00+05:30,505.7999877929688,506.0,504.5,505.3999938964844,4650,0.0,0.0,METROPOLIS.NS
2026-05-05 14:00:00+05:30,505.3999938964844,506.1499938964844,505.0,505.5,7450,0.0,0.0,METROPOLIS.NS
2026-05-05 14:15:00+05:30,505.5,507.9500122070313,505.1000061035156,506.0499877929688,10374,0.0,0.0,METROPOLIS.NS
2026-05-05 14:30:00+05:30,506.7000122070313,506.8500061035156,505.6000061035156,506.2000122070313,4988,0.0,0.0,METROPOLIS.NS
2026-05-05 14:45:00+05:30,506.3999938964844,507.2999877929688,505.0,506.1499938964844,21985,0.0,0.0,METROPOLIS.NS
2026-05-05 15:00:00+05:30,506.1499938964844,508.5,505.2000122070313,505.8500061035156,38598,0.0,0.0,METROPOLIS.NS
2026-05-05 15:15:00+05:30,505.6499938964844,506.9500122070313,505.0,506.2999877929688,41571,0.0,0.0,METROPOLIS.NS
2026-05-06 09:15:00+05:30,508.2999877929688,508.2999877929688,504.2000122070313,505.0,4609,0.0,0.0,METROPOLIS.NS
2026-05-06 09:30:00+05:30,505.1499938964844,507.9500122070313,505.0,506.0499877929688,7014,0.0,0.0,METROPOLIS.NS
2026-05-06 09:45:00+05:30,506.1499938964844,506.8999938964844,504.5499877929688,505.25,7093,0.0,0.0,METROPOLIS.NS
2026-05-06 10:00:00+05:30,505.1499938964844,505.7999877929688,504.3999938964844,505.2000122070313,3190,0.0,0.0,METROPOLIS.NS
2026-05-06 10:15:00+05:30,505.0,505.5,503.1000061035156,504.7000122070313,6334,0.0,0.0,METROPOLIS.NS
2026-05-06 10:30:00+05:30,505.25,505.6499938964844,504.5499877929688,505.2000122070313,4007,0.0,0.0,METROPOLIS.NS
2026-05-06 10:45:00+05:30,505.3500061035156,506.2000122070313,504.8999938964844,505.1499938964844,2105,0.0,0.0,METROPOLIS.NS
2026-05-06 11:00:00+05:30,505.0499877929688,505.6000061035156,503.8500061035156,504.8500061035156,4740,0.0,0.0,METROPOLIS.NS
2026-05-06 11:15:00+05:30,505.0,505.5499877929688,504.5499877929688,505.2999877929688,1438,0.0,0.0,METROPOLIS.NS
2026-05-06 11:30:00+05:30,505.3999938964844,508.0,505.2999877929688,507.1499938964844,15407,0.0,0.0,METROPOLIS.NS
2026-05-06 11:45:00+05:30,507.1499938964844,507.75,506.8999938964844,506.8999938964844,1625,0.0,0.0,METROPOLIS.NS
2026-05-06 12:00:00+05:30,506.8999938964844,507.5499877929688,505.0499877929688,505.2999877929688,3475,0.0,0.0,METROPOLIS.NS
2026-05-06 12:15:00+05:30,505.2999877929688,506.5,505.0,505.2999877929688,1840,0.0,0.0,METROPOLIS.NS
2026-05-06 12:30:00+05:30,505.25,505.8999938964844,505.0,505.0,1716,0.0,0.0,METROPOLIS.NS
2026-05-06 12:45:00+05:30,505.0,505.5,504.7999877929688,505.2000122070313,4278,0.0,0.0,METROPOLIS.NS
2026-05-06 13:00:00+05:30,505.1499938964844,505.7000122070313,505.0,505.4500122070313,2633,0.0,0.0,METROPOLIS.NS
2026-05-06 13:15:00+05:30,505.4500122070313,505.6000061035156,505.0,505.6000061035156,1729,0.0,0.0,METROPOLIS.NS
2026-05-06 13:30:00+05:30,505.6000061035156,505.6000061035156,504.8500061035156,505.0,1198,0.0,0.0,METROPOLIS.NS
2026-05-06 13:45:00+05:30,505.0,505.8500061035156,504.9500122070313,505.6000061035156,1706,0.0,0.0,METROPOLIS.NS
2026-05-06 14:00:00+05:30,505.6000061035156,505.7000122070313,504.8999938964844,505.0,4667,0.0,0.0,METROPOLIS.NS
2026-05-06 14:15:00+05:30,505.0,505.3500061035156,505.0,505.0499877929688,1623,0.0,0.0,METROPOLIS.NS
2026-05-06 14:30:00+05:30,505.1000061035156,506.3999938964844,505.0,505.4500122070313,8987,0.0,0.0,METROPOLIS.NS
2026-05-06 14:45:00+05:30,505.5,506.75,505.0,506.4500122070313,6835,0.0,0.0,METROPOLIS.NS
2026-05-06 15:00:00+05:30,506.75,506.75,505.0,505.0,7721,0.0,0.0,METROPOLIS.NS
2026-05-06 15:15:00+05:30,505.0,511.6000061035156,505.0,511.6000061035156,22440,0.0,0.0,METROPOLIS.NS
2026-05-07 09:15:00+05:30,506.5,514.4000244140625,506.5,510.5,7680,0.0,0.0,METROPOLIS.NS
2026-05-07 09:30:00+05:30,510.0,513.0,508.2000122070313,510.7999877929688,12132,0.0,0.0,METROPOLIS.NS
2026-05-07 09:45:00+05:30,510.1000061035156,511.3500061035156,508.0499877929688,510.3500061035156,6399,0.0,0.0,METROPOLIS.NS
2026-05-07 10:00:00+05:30,510.25,513.8499755859375,510.0499877929688,512.5,13708,0.0,0.0,METROPOLIS.NS
2026-05-07 10:15:00+05:30,512.2000122070312,512.2000122070312,508.6000061035156,509.1499938964844,8043,0.0,0.0,METROPOLIS.NS
2026-05-07 10:30:00+05:30,509.1499938964844,509.6499938964844,508.7999877929688,509.0499877929688,5483,0.0,0.0,METROPOLIS.NS
2026-05-07 10:45:00+05:30,509.0,509.6000061035156,508.1499938964844,508.8999938964844,2466,0.0,0.0,METROPOLIS.NS
2026-05-07 11:00:00+05:30,508.8999938964844,510.25,508.25,509.6499938964844,6485,0.0,0.0,METROPOLIS.NS
2026-05-07 11:15:00+05:30,509.6499938964844,510.4500122070313,508.2000122070313,509.25,4637,0.0,0.0,METROPOLIS.NS
2026-05-07 11:30:00+05:30,509.7000122070313,509.8999938964844,508.6499938964844,509.1000061035156,3351,0.0,0.0,METROPOLIS.NS
2026-05-07 11:45:00+05:30,509.0499877929688,510.75,508.75,508.75,7916,0.0,0.0,METROPOLIS.NS
2026-05-07 12:00:00+05:30,509.8999938964844,513.3499755859375,506.3999938964844,510.2999877929688,11520,0.0,0.0,METROPOLIS.NS
2026-05-07 12:15:00+05:30,510.1499938964844,512.4500122070312,510.1499938964844,511.2999877929688,2909,0.0,0.0,METROPOLIS.NS
2026-05-07 12:30:00+05:30,511.1499938964844,512.2999877929688,508.6000061035156,509.8500061035156,25674,0.0,0.0,METROPOLIS.NS
2026-05-07 12:45:00+05:30,509.8500061035156,511.25,509.4500122070313,510.7999877929688,19467,0.0,0.0,METROPOLIS.NS
2026-05-07 13:00:00+05:30,510.7999877929688,510.7999877929688,508.0499877929688,508.2000122070313,20919,0.0,0.0,METROPOLIS.NS
2026-05-07 13:15:00+05:30,508.1499938964844,509.0,504.4500122070313,507.2000122070313,21777,0.0,0.0,METROPOLIS.NS
2026-05-07 13:30:00+05:30,507.8999938964844,507.8999938964844,506.8500061035156,507.0,5169,0.0,0.0,METROPOLIS.NS
2026-05-07 13:45:00+05:30,507.0,507.4500122070313,505.0,505.0,7338,0.0,0.0,METROPOLIS.NS
2026-05-07 14:00:00+05:30,505.0,505.7000122070313,504.8999938964844,505.0,5272,0.0,0.0,METROPOLIS.NS
2026-05-07 14:15:00+05:30,505.0,505.3500061035156,505.0,505.0499877929688,4545,0.0,0.0,METROPOLIS.NS
2026-05-07 14:30:00+05:30,505.0499877929688,506.5,505.0,506.0,6001,0.0,0.0,METROPOLIS.NS
2026-05-07 14:45:00+05:30,506.0,507.2000122070313,506.0,506.8999938964844,5236,0.0,0.0,METROPOLIS.NS
2026-05-07 15:00:00+05:30,506.8999938964844,506.8999938964844,505.0,505.0,7703,0.0,0.0,METROPOLIS.NS
2026-05-07 15:15:00+05:30,505.0,507.8500061035156,504.9500122070313,506.7999877929688,19211,0.0,0.0,METROPOLIS.NS
2026-05-08 09:15:00+05:30,511.0,525.7999877929688,511.0,525.75,126114,0.0,0.0,METROPOLIS.NS
2026-05-08 09:30:00+05:30,525.9500122070312,530.4500122070312,524.0,528.9000244140625,146387,0.0,0.0,METROPOLIS.NS
2026-05-08 09:45:00+05:30,529.25,544.9500122070312,528.4000244140625,544.3499755859375,174704,0.0,0.0,METROPOLIS.NS
2026-05-08 10:00:00+05:30,544.3499755859375,544.7999877929688,533.2000122070312,535.0,217809,0.0,0.0,METROPOLIS.NS
2026-05-08 10:15:00+05:30,535.0,543.9000244140625,534.1500244140625,543.25,110234,0.0,0.0,METROPOLIS.NS
2026-05-08 10:30:00+05:30,543.2999877929688,544.5,537.4000244140625,542.0499877929688,185171,0.0,0.0,METROPOLIS.NS
2026-05-08 10:45:00+05:30,541.5999755859375,544.25,541.0499877929688,543.9000244140625,32573,0.0,0.0,METROPOLIS.NS
2026-05-08 11:00:00+05:30,544.2000122070312,544.75,538.9000244140625,539.8499755859375,57558,0.0,0.0,METROPOLIS.NS
2026-05-08 11:15:00+05:30,539.5999755859375,542.0,537.0,537.8499755859375,37208,0.0,0.0,METROPOLIS.NS
2026-05-08 11:30:00+05:30,538.7999877929688,544.3499755859375,538.3499755859375,543.7999877929688,40232,0.0,0.0,METROPOLIS.NS
2026-05-08 11:45:00+05:30,543.9000244140625,553.7000122070312,543.1500244140625,551.0,313651,0.0,0.0,METROPOLIS.NS
2026-05-08 12:00:00+05:30,551.1500244140625,562.0,548.4000244140625,557.5,400681,0.0,0.0,METROPOLIS.NS
2026-05-08 12:15:00+05:30,557.5,574.7999877929688,555.3499755859375,569.5,717024,0.0,0.0,METROPOLIS.NS
2026-05-08 12:30:00+05:30,569.5,569.9000244140625,552.75,560.7999877929688,771439,0.0,0.0,METROPOLIS.NS
2026-05-08 12:45:00+05:30,560.75,570.0,556.2999877929688,556.2999877929688,880904,0.0,0.0,METROPOLIS.NS
2026-05-08 13:00:00+05:30,556.3499755859375,563.0,551.0999755859375,560.4000244140625,764044,0.0,0.0,METROPOLIS.NS
2026-05-08 13:15:00+05:30,560.0999755859375,565.0,556.2000122070312,563.5,515389,0.0,0.0,METROPOLIS.NS
2026-05-08 13:30:00+05:30,563.5,565.5,559.0,561.0,546747,0.0,0.0,METROPOLIS.NS
2026-05-08 13:45:00+05:30,560.7999877929688,561.0999755859375,550.0,558.6500244140625,899847,0.0,0.0,METROPOLIS.NS
2026-05-08 14:00:00+05:30,559.0,560.2999877929688,553.0,555.3499755859375,493707,0.0,0.0,METROPOLIS.NS
2026-05-08 14:15:00+05:30,555.5999755859375,558.7000122070312,552.5499877929688,557.0,274999,0.0,0.0,METROPOLIS.NS
2026-05-08 14:30:00+05:30,557.0,558.25,553.0,557.9000244140625,261168,0.0,0.0,METROPOLIS.NS
2026-05-08 14:45:00+05:30,558.0,558.7000122070312,549.7999877929688,551.4000244140625,372205,0.0,0.0,METROPOLIS.NS
2026-05-08 15:00:00+05:30,551.4000244140625,556.3499755859375,549.2999877929688,552.0999755859375,325414,0.0,0.0,METROPOLIS.NS
2026-05-08 15:15:00+05:30,551.7000122070312,557.9000244140625,542.5499877929688,549.5,650348,0.0,0.0,METROPOLIS.NS
2026-05-11 09:15:00+05:30,544.9500122070312,558.4500122070312,544.9500122070312,549.25,49252,0.0,0.0,METROPOLIS.NS
2026-05-11 09:30:00+05:30,549.25,550.0,545.2000122070312,547.6500244140625,33404,0.0,0.0,METROPOLIS.NS
2026-05-11 09:45:00+05:30,548.2999877929688,548.2999877929688,544.0,545.0,19237,0.0,0.0,METROPOLIS.NS
2026-05-11 10:00:00+05:30,545.8499755859375,552.4000244140625,545.0499877929688,550.25,29538,0.0,0.0,METROPOLIS.NS
2026-05-11 10:15:00+05:30,548.75,550.5499877929688,547.7000122070312,550.0,15781,0.0,0.0,METROPOLIS.NS
2026-05-11 10:30:00+05:30,549.75,550.8499755859375,548.7000122070312,549.7999877929688,8761,0.0,0.0,METROPOLIS.NS
2026-05-11 10:45:00+05:30,549.5,552.5999755859375,547.5499877929688,551.5499877929688,15311,0.0,0.0,METROPOLIS.NS
2026-05-11 11:00:00+05:30,551.5,554.1500244140625,550.7999877929688,551.6500244140625,14377,0.0,0.0,METROPOLIS.NS
2026-05-11 11:15:00+05:30,551.6500244140625,553.9500122070312,551.0,553.0,9856,0.0,0.0,METROPOLIS.NS
2026-05-11 11:30:00+05:30,553.0,554.75,548.5999755859375,549.0499877929688,39853,0.0,0.0,METROPOLIS.NS
2026-05-11 11:45:00+05:30,548.8499755859375,551.5499877929688,548.2999877929688,551.0,32476,0.0,0.0,METROPOLIS.NS
2026-05-11 12:00:00+05:30,551.0,553.0,550.9500122070312,553.0,5353,0.0,0.0,METROPOLIS.NS
2026-05-11 12:15:00+05:30,553.0,554.8499755859375,551.4500122070312,553.7999877929688,13799,0.0,0.0,METROPOLIS.NS
2026-05-11 12:30:00+05:30,554.2000122070312,558.2000122070312,553.7000122070312,556.6500244140625,14301,0.0,0.0,METROPOLIS.NS
2026-05-11 12:45:00+05:30,555.9000244140625,556.9500122070312,554.2999877929688,556.4000244140625,9453,0.0,0.0,METROPOLIS.NS
2026-05-11 13:00:00+05:30,556.1500244140625,557.0,555.5,556.8499755859375,9040,0.0,0.0,METROPOLIS.NS
2026-05-11 13:15:00+05:30,556.9000244140625,557.0,555.0499877929688,555.7999877929688,6068,0.0,0.0,METROPOLIS.NS
2026-05-11 13:30:00+05:30,555.7999877929688,562.0,554.2000122070312,561.0,25525,0.0,0.0,METROPOLIS.NS
2026-05-11 13:45:00+05:30,561.4500122070312,562.0,559.75,561.8499755859375,13970,0.0,0.0,METROPOLIS.NS
2026-05-11 14:00:00+05:30,561.8499755859375,567.4000244140625,561.8499755859375,565.25,55265,0.0,0.0,METROPOLIS.NS
2026-05-11 14:15:00+05:30,565.0999755859375,568.8499755859375,565.0,566.5,53903,0.0,0.0,METROPOLIS.NS
2026-05-11 14:30:00+05:30,566.5,567.0,560.1500244140625,562.0,42151,0.0,0.0,METROPOLIS.NS
2026-05-11 14:45:00+05:30,561.7999877929688,564.9500122070312,561.5,564.9000244140625,33032,0.0,0.0,METROPOLIS.NS
2026-05-11 15:00:00+05:30,564.5499877929688,565.0,558.9500122070312,560.5,45916,0.0,0.0,METROPOLIS.NS
2026-05-11 15:15:00+05:30,560.0,560.0,554.5,559.9000244140625,51435,0.0,0.0,METROPOLIS.NS
