Datetime,Open,High,Low,Close,Volume,Dividends,Stock Splits,Symbol
2025-11-20 09:15:00+05:30,7700.0,7735.0,7684.5,7684.5,7514,0.0,0.0,POLYCAB.NS
2025-11-20 09:30:00+05:30,7686.5,7698.0,7686.5,7688.0,9286,0.0,0.0,POLYCAB.NS
2025-11-20 09:45:00+05:30,7686.5,7692.5,7679.0,7679.0,2770,0.0,0.0,POLYCAB.NS
2025-11-20 10:00:00+05:30,7679.0,7692.0,7678.5,7688.0,4042,0.0,0.0,POLYCAB.NS
2025-11-20 10:15:00+05:30,7688.0,7689.5,7653.0,7659.0,2602,0.0,0.0,POLYCAB.NS
2025-11-20 10:30:00+05:30,7656.5,7674.5,7653.0,7669.0,2402,0.0,0.0,POLYCAB.NS
2025-11-20 10:45:00+05:30,7665.0,7673.5,7663.0,7673.0,1039,0.0,0.0,POLYCAB.NS
2025-11-20 11:00:00+05:30,7669.5,7689.0,7665.5,7688.0,2047,0.0,0.0,POLYCAB.NS
2025-11-20 11:15:00+05:30,7687.0,7697.5,7681.0,7688.0,18573,0.0,0.0,POLYCAB.NS
2025-11-20 11:30:00+05:30,7691.0,7700.0,7682.5,7687.0,8499,0.0,0.0,POLYCAB.NS
2025-11-20 11:45:00+05:30,7684.0,7689.0,7675.0,7682.0,1364,0.0,0.0,POLYCAB.NS
2025-11-20 12:00:00+05:30,7682.5,7692.0,7670.0,7692.0,4759,0.0,0.0,POLYCAB.NS
2025-11-20 12:15:00+05:30,7691.5,7710.0,7686.0,7694.0,16129,0.0,0.0,POLYCAB.NS
2025-11-20 12:30:00+05:30,7693.0,7695.0,7679.5,7680.5,71641,0.0,0.0,POLYCAB.NS
2025-11-20 12:45:00+05:30,7683.5,7690.0,7680.0,7686.5,2339,0.0,0.0,POLYCAB.NS
2025-11-20 13:00:00+05:30,7689.5,7690.0,7681.0,7681.0,3201,0.0,0.0,POLYCAB.NS
2025-11-20 13:15:00+05:30,7682.0,7690.0,7680.0,7683.5,1071,0.0,0.0,POLYCAB.NS
2025-11-20 13:30:00+05:30,7684.0,7690.0,7681.0,7689.5,2276,0.0,0.0,POLYCAB.NS
2025-11-20 13:45:00+05:30,7689.5,7692.0,7682.5,7683.0,4822,0.0,0.0,POLYCAB.NS
2025-11-20 14:00:00+05:30,7685.5,7692.0,7682.5,7688.5,1736,0.0,0.0,POLYCAB.NS
2025-11-20 14:15:00+05:30,7691.5,7692.0,7681.0,7682.0,2990,0.0,0.0,POLYCAB.NS
2025-11-20 14:30:00+05:30,7682.0,7686.0,7664.5,7669.0,2251,0.0,0.0,POLYCAB.NS
2025-11-20 14:45:00+05:30,7669.0,7669.0,7656.0,7656.0,2207,0.0,0.0,POLYCAB.NS
2025-11-20 15:00:00+05:30,7659.0,7663.5,7643.5,7663.5,13395,0.0,0.0,POLYCAB.NS
2025-11-20 15:15:00+05:30,7664.0,7664.0,7633.0,7648.5,22940,0.0,0.0,POLYCAB.NS
2025-11-21 09:15:00+05:30,7640.0,7640.0,7520.0,7578.0,9620,0.0,0.0,POLYCAB.NS
2025-11-21 09:30:00+05:30,7581.0,7596.5,7552.0,7559.5,9207,0.0,0.0,POLYCAB.NS
2025-11-21 09:45:00+05:30,7559.5,7586.0,7555.0,7584.5,7708,0.0,0.0,POLYCAB.NS
2025-11-21 10:00:00+05:30,7583.5,7583.5,7559.5,7559.5,25032,0.0,0.0,POLYCAB.NS
2025-11-21 10:15:00+05:30,7559.5,7561.5,7527.0,7534.5,16337,0.0,0.0,POLYCAB.NS
2025-11-21 10:30:00+05:30,7535.5,7557.5,7530.0,7544.5,5854,0.0,0.0,POLYCAB.NS
2025-11-21 10:45:00+05:30,7543.5,7558.5,7530.0,7549.5,5549,0.0,0.0,POLYCAB.NS
2025-11-21 11:00:00+05:30,7549.5,7557.0,7528.0,7538.0,4928,0.0,0.0,POLYCAB.NS
2025-11-21 11:15:00+05:30,7538.5,7548.5,7518.0,7543.0,4979,0.0,0.0,POLYCAB.NS
2025-11-21 11:30:00+05:30,7544.0,7544.0,7526.5,7535.0,2471,0.0,0.0,POLYCAB.NS
2025-11-21 11:45:00+05:30,7536.5,7545.0,7530.0,7544.0,2629,0.0,0.0,POLYCAB.NS
2025-11-21 12:00:00+05:30,7543.5,7545.5,7525.5,7529.5,2766,0.0,0.0,POLYCAB.NS
2025-11-21 12:15:00+05:30,7527.0,7568.0,7527.0,7561.0,4657,0.0,0.0,POLYCAB.NS
2025-11-21 12:30:00+05:30,7561.0,7574.0,7560.0,7560.0,3429,0.0,0.0,POLYCAB.NS
2025-11-21 12:45:00+05:30,7560.5,7572.0,7553.5,7569.5,2317,0.0,0.0,POLYCAB.NS
2025-11-21 13:00:00+05:30,7570.0,7571.5,7546.0,7549.5,2075,0.0,0.0,POLYCAB.NS
2025-11-21 13:15:00+05:30,7553.0,7555.0,7529.0,7538.0,3680,0.0,0.0,POLYCAB.NS
2025-11-21 13:30:00+05:30,7541.5,7552.0,7532.0,7532.0,2635,0.0,0.0,POLYCAB.NS
2025-11-21 13:45:00+05:30,7533.5,7547.5,7530.0,7540.0,3408,0.0,0.0,POLYCAB.NS
2025-11-21 14:00:00+05:30,7544.5,7551.5,7531.5,7549.5,2849,0.0,0.0,POLYCAB.NS
2025-11-21 14:15:00+05:30,7551.5,7557.5,7543.0,7549.0,3352,0.0,0.0,POLYCAB.NS
2025-11-21 14:30:00+05:30,7551.5,7556.5,7541.5,7541.5,2117,0.0,0.0,POLYCAB.NS
2025-11-21 14:45:00+05:30,7542.5,7550.0,7507.0,7510.0,7924,0.0,0.0,POLYCAB.NS
2025-11-21 15:00:00+05:30,7508.0,7519.5,7507.0,7519.5,7253,0.0,0.0,POLYCAB.NS
2025-11-21 15:15:00+05:30,7524.0,7538.5,7514.0,7521.0,14388,0.0,0.0,POLYCAB.NS
2025-11-24 09:15:00+05:30,7519.0,7519.0,7453.5,7483.0,6500,0.0,0.0,POLYCAB.NS
2025-11-24 09:30:00+05:30,7483.0,7484.5,7452.0,7458.5,6687,0.0,0.0,POLYCAB.NS
2025-11-24 09:45:00+05:30,7458.0,7488.5,7427.5,7482.0,15096,0.0,0.0,POLYCAB.NS
2025-11-24 10:00:00+05:30,7482.5,7496.0,7476.0,7496.0,12261,0.0,0.0,POLYCAB.NS
2025-11-24 10:15:00+05:30,7496.0,7496.0,7477.5,7487.0,5676,0.0,0.0,POLYCAB.NS
2025-11-24 10:30:00+05:30,7488.5,7490.0,7478.5,7481.5,2934,0.0,0.0,POLYCAB.NS
2025-11-24 10:45:00+05:30,7481.0,7481.0,7461.0,7475.0,7029,0.0,0.0,POLYCAB.NS
2025-11-24 11:00:00+05:30,7474.0,7485.0,7461.5,7478.5,6693,0.0,0.0,POLYCAB.NS
2025-11-24 11:15:00+05:30,7478.0,7479.0,7464.0,7476.0,2188,0.0,0.0,POLYCAB.NS
2025-11-24 11:30:00+05:30,7473.5,7476.0,7461.0,7461.0,3510,0.0,0.0,POLYCAB.NS
2025-11-24 11:45:00+05:30,7461.0,7463.0,7435.0,7442.0,4877,0.0,0.0,POLYCAB.NS
2025-11-24 12:00:00+05:30,7440.0,7442.5,7425.0,7430.5,5149,0.0,0.0,POLYCAB.NS
2025-11-24 12:15:00+05:30,7431.5,7440.0,7426.0,7439.0,2695,0.0,0.0,POLYCAB.NS
2025-11-24 12:30:00+05:30,7438.0,7440.0,7433.0,7436.0,1798,0.0,0.0,POLYCAB.NS
2025-11-24 12:45:00+05:30,7436.0,7446.5,7435.0,7441.0,2580,0.0,0.0,POLYCAB.NS
2025-11-24 13:00:00+05:30,7441.0,7472.0,7438.5,7459.5,4325,0.0,0.0,POLYCAB.NS
2025-11-24 13:15:00+05:30,7460.0,7472.0,7452.5,7452.5,4809,0.0,0.0,POLYCAB.NS
2025-11-24 13:30:00+05:30,7455.5,7457.0,7449.5,7451.5,4818,0.0,0.0,POLYCAB.NS
2025-11-24 13:45:00+05:30,7453.0,7472.0,7451.0,7467.0,2978,0.0,0.0,POLYCAB.NS
2025-11-24 14:00:00+05:30,7466.0,7468.0,7430.5,7437.5,4026,0.0,0.0,POLYCAB.NS
2025-11-24 14:15:00+05:30,7436.0,7443.0,7425.0,7425.0,3131,0.0,0.0,POLYCAB.NS
2025-11-24 14:30:00+05:30,7425.0,7425.5,7415.0,7416.0,4015,0.0,0.0,POLYCAB.NS
2025-11-24 14:45:00+05:30,7415.5,7420.0,7391.5,7407.0,8095,0.0,0.0,POLYCAB.NS
2025-11-24 15:00:00+05:30,7407.0,7472.0,7407.0,7430.0,80465,0.0,0.0,POLYCAB.NS
2025-11-24 15:15:00+05:30,7429.5,7433.0,7398.5,7410.0,84366,0.0,0.0,POLYCAB.NS
2025-11-25 09:15:00+05:30,7406.5,7472.5,7406.5,7471.0,10753,0.0,0.0,POLYCAB.NS
2025-11-25 09:30:00+05:30,7472.0,7484.5,7462.0,7484.0,5415,0.0,0.0,POLYCAB.NS
2025-11-25 09:45:00+05:30,7484.5,7494.5,7484.5,7490.0,4968,0.0,0.0,POLYCAB.NS
2025-11-25 10:00:00+05:30,7490.5,7497.0,7475.0,7479.0,3777,0.0,0.0,POLYCAB.NS
2025-11-25 10:15:00+05:30,7479.5,7484.0,7467.5,7482.0,5108,0.0,0.0,POLYCAB.NS
2025-11-25 10:30:00+05:30,7482.5,7487.0,7469.5,7476.5,4182,0.0,0.0,POLYCAB.NS
2025-11-25 10:45:00+05:30,7479.5,7490.0,7470.5,7479.5,4091,0.0,0.0,POLYCAB.NS
2025-11-25 11:00:00+05:30,7477.5,7494.0,7477.5,7491.0,2551,0.0,0.0,POLYCAB.NS
2025-11-25 11:15:00+05:30,7492.5,7509.5,7488.5,7502.0,2901,0.0,0.0,POLYCAB.NS
2025-11-25 11:30:00+05:30,7500.5,7508.0,7492.5,7497.0,3902,0.0,0.0,POLYCAB.NS
2025-11-25 11:45:00+05:30,7495.5,7497.0,7488.5,7497.0,1490,0.0,0.0,POLYCAB.NS
2025-11-25 12:00:00+05:30,7497.0,7497.0,7485.5,7492.0,770,0.0,0.0,POLYCAB.NS
2025-11-25 12:15:00+05:30,7491.5,7493.5,7487.5,7492.5,809,0.0,0.0,POLYCAB.NS
2025-11-25 12:30:00+05:30,7494.0,7520.0,7489.0,7513.0,2526,0.0,0.0,POLYCAB.NS
2025-11-25 12:45:00+05:30,7511.0,7516.0,7495.5,7504.0,2403,0.0,0.0,POLYCAB.NS
2025-11-25 13:00:00+05:30,7501.5,7506.0,7495.0,7505.0,901,0.0,0.0,POLYCAB.NS
2025-11-25 13:15:00+05:30,7503.0,7508.0,7498.0,7502.5,660,0.0,0.0,POLYCAB.NS
2025-11-25 13:30:00+05:30,7502.5,7504.0,7487.0,7497.0,1555,0.0,0.0,POLYCAB.NS
2025-11-25 13:45:00+05:30,7497.0,7503.0,7493.5,7501.0,893,0.0,0.0,POLYCAB.NS
2025-11-25 14:00:00+05:30,7500.5,7508.0,7492.5,7499.0,1745,0.0,0.0,POLYCAB.NS
2025-11-25 14:15:00+05:30,7499.0,7508.0,7460.0,7471.5,27627,0.0,0.0,POLYCAB.NS
2025-11-25 14:30:00+05:30,7471.5,7484.0,7460.5,7465.0,3151,0.0,0.0,POLYCAB.NS
2025-11-25 14:45:00+05:30,7465.0,7482.0,7438.0,7440.0,5707,0.0,0.0,POLYCAB.NS
2025-11-25 15:00:00+05:30,7449.0,7460.0,7445.0,7451.0,8788,0.0,0.0,POLYCAB.NS
2025-11-25 15:15:00+05:30,7450.5,7459.5,7400.5,7439.0,18401,0.0,0.0,POLYCAB.NS
2025-11-26 09:15:00+05:30,7420.0,7501.5,7420.0,7500.0,6415,0.0,0.0,POLYCAB.NS
2025-11-26 09:30:00+05:30,7501.0,7539.5,7499.5,7525.5,13858,0.0,0.0,POLYCAB.NS
2025-11-26 09:45:00+05:30,7525.5,7559.0,7525.5,7545.0,11623,0.0,0.0,POLYCAB.NS
2025-11-26 10:00:00+05:30,7545.0,7568.5,7544.0,7550.0,5274,0.0,0.0,POLYCAB.NS
2025-11-26 10:15:00+05:30,7546.0,7553.0,7518.0,7530.0,7587,0.0,0.0,POLYCAB.NS
2025-11-26 10:30:00+05:30,7527.0,7535.0,7512.0,7514.0,4066,0.0,0.0,POLYCAB.NS
2025-11-26 10:45:00+05:30,7514.0,7547.5,7514.0,7546.5,3531,0.0,0.0,POLYCAB.NS
2025-11-26 11:00:00+05:30,7547.0,7560.0,7532.0,7535.0,7453,0.0,0.0,POLYCAB.NS
2025-11-26 11:15:00+05:30,7536.0,7553.0,7536.0,7546.5,2158,0.0,0.0,POLYCAB.NS
2025-11-26 11:30:00+05:30,7546.5,7551.0,7541.0,7545.5,1250,0.0,0.0,POLYCAB.NS
2025-11-26 11:45:00+05:30,7548.0,7549.0,7522.5,7532.0,6247,0.0,0.0,POLYCAB.NS
2025-11-26 12:00:00+05:30,7530.0,7537.5,7528.0,7531.5,2626,0.0,0.0,POLYCAB.NS
2025-11-26 12:15:00+05:30,7532.0,7536.5,7525.5,7531.5,2160,0.0,0.0,POLYCAB.NS
2025-11-26 12:30:00+05:30,7528.5,7534.5,7528.0,7531.5,847,0.0,0.0,POLYCAB.NS
2025-11-26 12:45:00+05:30,7531.5,7535.0,7520.5,7523.5,5176,0.0,0.0,POLYCAB.NS
2025-11-26 13:00:00+05:30,7525.0,7560.0,7525.0,7552.5,9915,0.0,0.0,POLYCAB.NS
2025-11-26 13:15:00+05:30,7553.0,7553.0,7523.0,7526.0,4788,0.0,0.0,POLYCAB.NS
2025-11-26 13:30:00+05:30,7528.5,7547.0,7526.0,7533.5,2460,0.0,0.0,POLYCAB.NS
2025-11-26 13:45:00+05:30,7533.5,7536.5,7529.5,7535.0,1283,0.0,0.0,POLYCAB.NS
2025-11-26 14:00:00+05:30,7532.5,7540.0,7526.0,7539.5,3039,0.0,0.0,POLYCAB.NS
2025-11-26 14:15:00+05:30,7536.0,7542.0,7530.0,7530.0,876,0.0,0.0,POLYCAB.NS
2025-11-26 14:30:00+05:30,7529.5,7533.5,7520.5,7525.0,3164,0.0,0.0,POLYCAB.NS
2025-11-26 14:45:00+05:30,7525.0,7539.5,7525.0,7538.5,2901,0.0,0.0,POLYCAB.NS
2025-11-26 15:00:00+05:30,7536.5,7546.5,7535.5,7543.0,6546,0.0,0.0,POLYCAB.NS
2025-11-26 15:15:00+05:30,7543.0,7545.0,7525.0,7545.0,10650,0.0,0.0,POLYCAB.NS
2025-11-27 09:15:00+05:30,7560.0,7560.0,7506.5,7517.0,5527,0.0,0.0,POLYCAB.NS
2025-11-27 09:30:00+05:30,7514.0,7520.0,7496.5,7504.5,6210,0.0,0.0,POLYCAB.NS
2025-11-27 09:45:00+05:30,7504.0,7510.0,7491.0,7509.0,4161,0.0,0.0,POLYCAB.NS
2025-11-27 10:00:00+05:30,7509.5,7517.5,7485.5,7493.0,5110,0.0,0.0,POLYCAB.NS
2025-11-27 10:15:00+05:30,7492.0,7498.5,7480.0,7494.0,5043,0.0,0.0,POLYCAB.NS
2025-11-27 10:30:00+05:30,7494.0,7497.0,7482.0,7482.0,6590,0.0,0.0,POLYCAB.NS
2025-11-27 10:45:00+05:30,7482.5,7495.0,7425.5,7453.5,14949,0.0,0.0,POLYCAB.NS
2025-11-27 11:00:00+05:30,7452.5,7464.0,7451.0,7453.5,6002,0.0,0.0,POLYCAB.NS
2025-11-27 11:15:00+05:30,7453.5,7460.0,7437.5,7442.5,4758,0.0,0.0,POLYCAB.NS
2025-11-27 11:30:00+05:30,7442.5,7451.5,7440.0,7449.5,4180,0.0,0.0,POLYCAB.NS
2025-11-27 11:45:00+05:30,7445.0,7449.0,7437.5,7440.0,5513,0.0,0.0,POLYCAB.NS
2025-11-27 12:00:00+05:30,7440.0,7446.5,7435.0,7439.5,3813,0.0,0.0,POLYCAB.NS
2025-11-27 12:15:00+05:30,7438.0,7454.0,7427.0,7449.5,5786,0.0,0.0,POLYCAB.NS
2025-11-27 12:30:00+05:30,7448.5,7454.5,7446.0,7452.0,4365,0.0,0.0,POLYCAB.NS
2025-11-27 12:45:00+05:30,7451.0,7456.0,7445.0,7450.5,3750,0.0,0.0,POLYCAB.NS
2025-11-27 13:00:00+05:30,7452.5,7455.0,7441.5,7453.5,5054,0.0,0.0,POLYCAB.NS
2025-11-27 13:15:00+05:30,7454.0,7462.5,7447.5,7457.5,7337,0.0,0.0,POLYCAB.NS
2025-11-27 13:30:00+05:30,7457.5,7462.0,7451.5,7455.5,4122,0.0,0.0,POLYCAB.NS
2025-11-27 13:45:00+05:30,7455.5,7466.0,7451.5,7460.5,4722,0.0,0.0,POLYCAB.NS
2025-11-27 14:00:00+05:30,7460.5,7473.5,7455.0,7464.0,17673,0.0,0.0,POLYCAB.NS
2025-11-27 14:15:00+05:30,7464.0,7471.5,7460.5,7464.0,4744,0.0,0.0,POLYCAB.NS
2025-11-27 14:30:00+05:30,7461.5,7474.0,7459.5,7465.5,6868,0.0,0.0,POLYCAB.NS
2025-11-27 14:45:00+05:30,7464.5,7465.5,7449.5,7460.5,4785,0.0,0.0,POLYCAB.NS
2025-11-27 15:00:00+05:30,7461.0,7475.0,7461.0,7472.0,11884,0.0,0.0,POLYCAB.NS
2025-11-27 15:15:00+05:30,7475.0,7499.0,7475.0,7479.0,14005,0.0,0.0,POLYCAB.NS
2025-11-28 09:15:00+05:30,7488.0,7508.0,7480.0,7495.5,5001,0.0,0.0,POLYCAB.NS
2025-11-28 09:30:00+05:30,7497.0,7520.0,7495.0,7496.0,44279,0.0,0.0,POLYCAB.NS
2025-11-28 09:45:00+05:30,7493.0,7500.0,7474.0,7492.5,60608,0.0,0.0,POLYCAB.NS
2025-11-28 10:00:00+05:30,7493.0,7501.0,7485.5,7485.5,6204,0.0,0.0,POLYCAB.NS
2025-11-28 10:15:00+05:30,7487.0,7489.0,7472.5,7478.5,6176,0.0,0.0,POLYCAB.NS
2025-11-28 10:30:00+05:30,7479.0,7496.5,7479.0,7489.5,3681,0.0,0.0,POLYCAB.NS
2025-11-28 10:45:00+05:30,7488.5,7499.5,7488.5,7494.0,2742,0.0,0.0,POLYCAB.NS
2025-11-28 11:00:00+05:30,7494.0,7494.5,7480.0,7481.5,3184,0.0,0.0,POLYCAB.NS
2025-11-28 11:15:00+05:30,7484.5,7488.5,7475.0,7475.5,3683,0.0,0.0,POLYCAB.NS
2025-11-28 11:30:00+05:30,7475.5,7476.0,7463.5,7475.0,3972,0.0,0.0,POLYCAB.NS
2025-11-28 11:45:00+05:30,7474.0,7485.0,7462.0,7464.0,3067,0.0,0.0,POLYCAB.NS
2025-11-28 12:00:00+05:30,7462.0,7473.5,7458.5,7468.0,4446,0.0,0.0,POLYCAB.NS
2025-11-28 12:15:00+05:30,7467.0,7468.0,7453.5,7461.0,4060,0.0,0.0,POLYCAB.NS
2025-11-28 12:30:00+05:30,7461.5,7484.0,7461.0,7483.5,3837,0.0,0.0,POLYCAB.NS
2025-11-28 12:45:00+05:30,7482.5,7493.5,7472.0,7488.5,6710,0.0,0.0,POLYCAB.NS
2025-11-28 13:00:00+05:30,7491.0,7495.0,7488.0,7492.0,3022,0.0,0.0,POLYCAB.NS
2025-11-28 13:15:00+05:30,7491.5,7496.0,7468.5,7489.5,6060,0.0,0.0,POLYCAB.NS
2025-11-28 13:30:00+05:30,7491.5,7491.5,7469.0,7471.0,4082,0.0,0.0,POLYCAB.NS
2025-11-28 13:45:00+05:30,7471.0,7476.5,7463.5,7473.5,3359,0.0,0.0,POLYCAB.NS
2025-11-28 14:00:00+05:30,7474.5,7477.0,7466.0,7469.0,2672,0.0,0.0,POLYCAB.NS
2025-11-28 14:15:00+05:30,7469.5,7471.0,7460.0,7466.5,3592,0.0,0.0,POLYCAB.NS
2025-11-28 14:30:00+05:30,7462.5,7475.0,7462.0,7465.0,3980,0.0,0.0,POLYCAB.NS
2025-11-28 14:45:00+05:30,7465.5,7477.0,7460.5,7472.0,5534,0.0,0.0,POLYCAB.NS
2025-11-28 15:00:00+05:30,7468.0,7477.0,7468.0,7469.5,12279,0.0,0.0,POLYCAB.NS
2025-11-28 15:15:00+05:30,7469.0,7470.5,7460.0,7470.0,12629,0.0,0.0,POLYCAB.NS
2025-12-01 09:15:00+05:30,7477.5,7518.5,7459.0,7509.0,5932,0.0,0.0,POLYCAB.NS
2025-12-01 09:30:00+05:30,7508.0,7530.0,7480.0,7484.5,20719,0.0,0.0,POLYCAB.NS
2025-12-01 09:45:00+05:30,7485.5,7489.5,7470.0,7472.5,8568,0.0,0.0,POLYCAB.NS
2025-12-01 10:00:00+05:30,7475.0,7486.0,7470.5,7477.0,1947,0.0,0.0,POLYCAB.NS
2025-12-01 10:15:00+05:30,7477.5,7490.0,7477.0,7488.0,1907,0.0,0.0,POLYCAB.NS
2025-12-01 10:30:00+05:30,7488.0,7489.5,7466.0,7467.0,3338,0.0,0.0,POLYCAB.NS
2025-12-01 10:45:00+05:30,7471.5,7471.5,7451.5,7455.0,3016,0.0,0.0,POLYCAB.NS
2025-12-01 11:00:00+05:30,7455.0,7459.0,7447.0,7454.0,2851,0.0,0.0,POLYCAB.NS
2025-12-01 11:15:00+05:30,7454.0,7458.0,7445.0,7446.0,2914,0.0,0.0,POLYCAB.NS
2025-12-01 11:30:00+05:30,7446.5,7453.0,7430.5,7431.0,35152,0.0,0.0,POLYCAB.NS
2025-12-01 11:45:00+05:30,7431.0,7434.0,7421.5,7425.5,3249,0.0,0.0,POLYCAB.NS
2025-12-01 12:00:00+05:30,7426.5,7428.0,7421.0,7423.0,3189,0.0,0.0,POLYCAB.NS
2025-12-01 12:15:00+05:30,7417.5,7430.0,7408.0,7428.5,5099,0.0,0.0,POLYCAB.NS
2025-12-01 12:30:00+05:30,7425.5,7427.5,7410.0,7423.0,1873,0.0,0.0,POLYCAB.NS
2025-12-01 12:45:00+05:30,7422.5,7429.0,7415.0,7428.5,1858,0.0,0.0,POLYCAB.NS
2025-12-01 13:00:00+05:30,7428.5,7429.5,7420.5,7425.5,2357,0.0,0.0,POLYCAB.NS
2025-12-01 13:15:00+05:30,7425.5,7429.5,7416.5,7419.5,2223,0.0,0.0,POLYCAB.NS
2025-12-01 13:30:00+05:30,7420.0,7426.0,7406.0,7424.5,4472,0.0,0.0,POLYCAB.NS
2025-12-01 13:45:00+05:30,7424.5,7429.0,7415.0,7425.5,2647,0.0,0.0,POLYCAB.NS
2025-12-01 14:00:00+05:30,7426.0,7432.5,7415.5,7425.0,4489,0.0,0.0,POLYCAB.NS
2025-12-01 14:15:00+05:30,7421.5,7430.0,7415.0,7420.5,2830,0.0,0.0,POLYCAB.NS
2025-12-01 14:30:00+05:30,7420.0,7425.0,7406.0,7410.0,27334,0.0,0.0,POLYCAB.NS
2025-12-01 14:45:00+05:30,7410.0,7411.5,7385.0,7389.5,8342,0.0,0.0,POLYCAB.NS
2025-12-01 15:00:00+05:30,7393.0,7400.5,7393.0,7400.0,19301,0.0,0.0,POLYCAB.NS
2025-12-01 15:15:00+05:30,7400.0,7417.0,7394.0,7399.0,19268,0.0,0.0,POLYCAB.NS
2025-12-02 09:15:00+05:30,7409.5,7431.5,7370.0,7415.0,4377,0.0,0.0,POLYCAB.NS
2025-12-02 09:30:00+05:30,7415.0,7422.5,7390.0,7390.0,3822,0.0,0.0,POLYCAB.NS
2025-12-02 09:45:00+05:30,7388.5,7388.5,7369.5,7375.0,6488,0.0,0.0,POLYCAB.NS
2025-12-02 10:00:00+05:30,7376.5,7384.5,7364.0,7384.0,6159,0.0,0.0,POLYCAB.NS
2025-12-02 10:15:00+05:30,7384.5,7418.0,7380.5,7418.0,9977,0.0,0.0,POLYCAB.NS
2025-12-02 10:30:00+05:30,7415.5,7439.5,7415.5,7438.5,5832,0.0,0.0,POLYCAB.NS
2025-12-02 10:45:00+05:30,7439.0,7462.5,7436.5,7448.5,6233,0.0,0.0,POLYCAB.NS
2025-12-02 11:00:00+05:30,7449.5,7450.0,7438.5,7445.0,3108,0.0,0.0,POLYCAB.NS
2025-12-02 11:15:00+05:30,7445.0,7447.5,7420.5,7425.0,4067,0.0,0.0,POLYCAB.NS
2025-12-02 11:30:00+05:30,7428.0,7430.0,7378.5,7380.5,7813,0.0,0.0,POLYCAB.NS
2025-12-02 11:45:00+05:30,7380.5,7384.0,7320.5,7330.5,15051,0.0,0.0,POLYCAB.NS
2025-12-02 12:00:00+05:30,7330.0,7330.0,7307.5,7314.5,10525,0.0,0.0,POLYCAB.NS
2025-12-02 12:15:00+05:30,7314.0,7317.5,7281.0,7302.0,15894,0.0,0.0,POLYCAB.NS
2025-12-02 12:30:00+05:30,7302.0,7353.5,7302.0,7349.5,13481,0.0,0.0,POLYCAB.NS
2025-12-02 12:45:00+05:30,7350.0,7360.0,7345.0,7359.0,2893,0.0,0.0,POLYCAB.NS
2025-12-02 13:00:00+05:30,7359.0,7359.0,7320.5,7327.0,3710,0.0,0.0,POLYCAB.NS
2025-12-02 13:15:00+05:30,7327.5,7328.0,7314.0,7323.0,1880,0.0,0.0,POLYCAB.NS
2025-12-02 13:30:00+05:30,7323.0,7325.0,7306.5,7310.0,2415,0.0,0.0,POLYCAB.NS
2025-12-02 13:45:00+05:30,7311.5,7324.0,7304.5,7320.0,3498,0.0,0.0,POLYCAB.NS
2025-12-02 14:00:00+05:30,7322.0,7331.5,7319.0,7327.0,4733,0.0,0.0,POLYCAB.NS
2025-12-02 14:15:00+05:30,7327.0,7329.0,7322.0,7326.5,5935,0.0,0.0,POLYCAB.NS
2025-12-02 14:30:00+05:30,7329.0,7336.0,7323.0,7327.0,4160,0.0,0.0,POLYCAB.NS
2025-12-02 14:45:00+05:30,7327.0,7350.5,7325.5,7344.0,8382,0.0,0.0,POLYCAB.NS
2025-12-02 15:00:00+05:30,7351.0,7359.5,7340.0,7349.0,12870,0.0,0.0,POLYCAB.NS
2025-12-02 15:15:00+05:30,7349.0,7351.5,7338.0,7347.0,17300,0.0,0.0,POLYCAB.NS
2025-12-03 09:15:00+05:30,7369.5,7369.5,7324.0,7336.0,3839,0.0,0.0,POLYCAB.NS
2025-12-03 09:30:00+05:30,7334.5,7339.5,7292.5,7296.0,9140,0.0,0.0,POLYCAB.NS
2025-12-03 09:45:00+05:30,7295.5,7298.0,7278.0,7291.0,8085,0.0,0.0,POLYCAB.NS
2025-12-03 10:00:00+05:30,7292.0,7307.0,7270.0,7295.0,7264,0.0,0.0,POLYCAB.NS
2025-12-03 10:15:00+05:30,7288.0,7290.0,7268.5,7272.0,6734,0.0,0.0,POLYCAB.NS
2025-12-03 10:30:00+05:30,7271.0,7277.5,7260.0,7260.0,8167,0.0,0.0,POLYCAB.NS
2025-12-03 10:45:00+05:30,7259.0,7270.5,7240.5,7251.0,12090,0.0,0.0,POLYCAB.NS
2025-12-03 11:00:00+05:30,7251.5,7252.5,7234.5,7234.5,11572,0.0,0.0,POLYCAB.NS
2025-12-03 11:15:00+05:30,7236.0,7250.0,7226.0,7246.0,38803,0.0,0.0,POLYCAB.NS
2025-12-03 11:30:00+05:30,7245.5,7249.0,7226.0,7230.0,32966,0.0,0.0,POLYCAB.NS
2025-12-03 11:45:00+05:30,7230.0,7240.5,7218.0,7218.0,25653,0.0,0.0,POLYCAB.NS
2025-12-03 12:00:00+05:30,7218.5,7247.0,7213.5,7246.5,31261,0.0,0.0,POLYCAB.NS
2025-12-03 12:15:00+05:30,7244.0,7249.5,7227.5,7240.0,7925,0.0,0.0,POLYCAB.NS
2025-12-03 12:30:00+05:30,7242.0,7267.0,7240.0,7257.0,9470,0.0,0.0,POLYCAB.NS
2025-12-03 12:45:00+05:30,7256.0,7260.0,7250.0,7256.5,2788,0.0,0.0,POLYCAB.NS
2025-12-03 13:00:00+05:30,7256.5,7265.5,7251.5,7262.0,2768,0.0,0.0,POLYCAB.NS
2025-12-03 13:15:00+05:30,7260.5,7262.5,7250.0,7259.0,1944,0.0,0.0,POLYCAB.NS
2025-12-03 13:30:00+05:30,7262.0,7264.5,7238.5,7241.0,3110,0.0,0.0,POLYCAB.NS
2025-12-03 13:45:00+05:30,7242.0,7242.0,7233.0,7236.0,2312,0.0,0.0,POLYCAB.NS
2025-12-03 14:00:00+05:30,7236.0,7239.5,7233.0,7237.5,2338,0.0,0.0,POLYCAB.NS
2025-12-03 14:15:00+05:30,7237.5,7238.0,7224.5,7224.5,3513,0.0,0.0,POLYCAB.NS
2025-12-03 14:30:00+05:30,7225.5,7225.5,7212.0,7220.5,4969,0.0,0.0,POLYCAB.NS
2025-12-03 14:45:00+05:30,7221.0,7222.0,7206.5,7213.0,5790,0.0,0.0,POLYCAB.NS
2025-12-03 15:00:00+05:30,7215.0,7236.5,7210.5,7229.5,14896,0.0,0.0,POLYCAB.NS
2025-12-03 15:15:00+05:30,7230.5,7240.0,7226.5,7230.0,19038,0.0,0.0,POLYCAB.NS
2025-12-04 09:15:00+05:30,7250.0,7304.5,7250.0,7292.0,10277,0.0,0.0,POLYCAB.NS
2025-12-04 09:30:00+05:30,7291.0,7315.0,7289.5,7301.0,5919,0.0,0.0,POLYCAB.NS
2025-12-04 09:45:00+05:30,7300.0,7310.0,7287.0,7306.5,5398,0.0,0.0,POLYCAB.NS
2025-12-04 10:00:00+05:30,7308.0,7345.0,7308.0,7337.5,13995,0.0,0.0,POLYCAB.NS
2025-12-04 10:15:00+05:30,7335.5,7352.0,7334.0,7348.5,5229,0.0,0.0,POLYCAB.NS
2025-12-04 10:30:00+05:30,7350.0,7377.5,7350.0,7364.0,9670,0.0,0.0,POLYCAB.NS
2025-12-04 10:45:00+05:30,7364.0,7365.0,7342.0,7356.0,3809,0.0,0.0,POLYCAB.NS
2025-12-04 11:00:00+05:30,7356.5,7378.0,7349.5,7352.5,4445,0.0,0.0,POLYCAB.NS
2025-12-04 11:15:00+05:30,7353.5,7359.5,7346.0,7346.0,3596,0.0,0.0,POLYCAB.NS
2025-12-04 11:30:00+05:30,7346.5,7355.0,7341.0,7341.5,3572,0.0,0.0,POLYCAB.NS
2025-12-04 11:45:00+05:30,7338.5,7352.5,7320.5,7326.5,5419,0.0,0.0,POLYCAB.NS
2025-12-04 12:00:00+05:30,7327.5,7345.0,7327.5,7340.5,3512,0.0,0.0,POLYCAB.NS
2025-12-04 12:15:00+05:30,7342.0,7342.0,7324.0,7334.0,5670,0.0,0.0,POLYCAB.NS
2025-12-04 12:30:00+05:30,7333.5,7357.0,7333.0,7339.5,10661,0.0,0.0,POLYCAB.NS
2025-12-04 12:45:00+05:30,7341.0,7341.5,7329.0,7331.5,2985,0.0,0.0,POLYCAB.NS
2025-12-04 13:00:00+05:30,7332.5,7340.0,7327.0,7333.0,3541,0.0,0.0,POLYCAB.NS
2025-12-04 13:15:00+05:30,7334.0,7338.0,7326.0,7327.5,2038,0.0,0.0,POLYCAB.NS
2025-12-04 13:30:00+05:30,7328.0,7332.5,7307.0,7313.5,4742,0.0,0.0,POLYCAB.NS
2025-12-04 13:45:00+05:30,7310.5,7327.0,7307.5,7323.5,3663,0.0,0.0,POLYCAB.NS
2025-12-04 14:00:00+05:30,7322.5,7353.5,7322.5,7349.5,9527,0.0,0.0,POLYCAB.NS
2025-12-04 14:15:00+05:30,7351.5,7378.0,7346.5,7376.5,13540,0.0,0.0,POLYCAB.NS
2025-12-04 14:30:00+05:30,7376.0,7381.5,7366.5,7374.0,7458,0.0,0.0,POLYCAB.NS
2025-12-04 14:45:00+05:30,7373.5,7377.0,7365.0,7371.5,7893,0.0,0.0,POLYCAB.NS
2025-12-04 15:00:00+05:30,7372.5,7375.0,7347.5,7349.5,12433,0.0,0.0,POLYCAB.NS
2025-12-04 15:15:00+05:30,7349.0,7350.0,7310.5,7348.5,14018,0.0,0.0,POLYCAB.NS
2025-12-05 09:15:00+05:30,7306.0,7336.0,7270.0,7276.5,16943,0.0,0.0,POLYCAB.NS
2025-12-05 09:30:00+05:30,7272.0,7299.0,7270.0,7274.0,8809,0.0,0.0,POLYCAB.NS
2025-12-05 09:45:00+05:30,7273.0,7280.0,7238.0,7241.5,8945,0.0,0.0,POLYCAB.NS
2025-12-05 10:00:00+05:30,7243.0,7272.0,7240.0,7270.0,5465,0.0,0.0,POLYCAB.NS
2025-12-05 10:15:00+05:30,7271.5,7271.5,7200.5,7210.5,8549,0.0,0.0,POLYCAB.NS
2025-12-05 10:30:00+05:30,7210.5,7236.5,7204.0,7233.5,5988,0.0,0.0,POLYCAB.NS
2025-12-05 10:45:00+05:30,7233.0,7262.0,7227.0,7242.0,3029,0.0,0.0,POLYCAB.NS
2025-12-05 11:00:00+05:30,7242.0,7251.0,7235.0,7248.0,2447,0.0,0.0,POLYCAB.NS
2025-12-05 11:15:00+05:30,7247.0,7248.0,7231.0,7235.0,1851,0.0,0.0,POLYCAB.NS
2025-12-05 11:30:00+05:30,7235.5,7237.5,7221.5,7223.5,1621,0.0,0.0,POLYCAB.NS
2025-12-05 11:45:00+05:30,7227.5,7231.0,7222.0,7224.5,1052,0.0,0.0,POLYCAB.NS
2025-12-05 12:00:00+05:30,7225.0,7233.0,7181.0,7187.5,8855,0.0,0.0,POLYCAB.NS
2025-12-05 12:15:00+05:30,7190.0,7205.0,7171.0,7198.5,6755,0.0,0.0,POLYCAB.NS
2025-12-05 12:30:00+05:30,7199.0,7218.0,7195.5,7210.0,7900,0.0,0.0,POLYCAB.NS
2025-12-05 12:45:00+05:30,7210.0,7236.0,7205.0,7218.5,8781,0.0,0.0,POLYCAB.NS
2025-12-05 13:00:00+05:30,7218.0,7228.5,7207.0,7210.0,6051,0.0,0.0,POLYCAB.NS
2025-12-05 13:15:00+05:30,7211.0,7219.5,7205.0,7210.5,6150,0.0,0.0,POLYCAB.NS
2025-12-05 13:30:00+05:30,7208.5,7232.5,7205.5,7227.0,8856,0.0,0.0,POLYCAB.NS
2025-12-05 13:45:00+05:30,7229.5,7230.5,7211.5,7214.5,6312,0.0,0.0,POLYCAB.NS
2025-12-05 14:00:00+05:30,7216.5,7234.5,7215.0,7225.0,6843,0.0,0.0,POLYCAB.NS
2025-12-05 14:15:00+05:30,7224.5,7276.0,7224.5,7257.5,15642,0.0,0.0,POLYCAB.NS
2025-12-05 14:30:00+05:30,7258.0,7263.0,7239.5,7239.5,6448,0.0,0.0,POLYCAB.NS
2025-12-05 14:45:00+05:30,7236.0,7236.0,7207.5,7218.5,5765,0.0,0.0,POLYCAB.NS
2025-12-05 15:00:00+05:30,7221.5,7270.0,7221.0,7268.5,15591,0.0,0.0,POLYCAB.NS
2025-12-05 15:15:00+05:30,7266.0,7270.0,7257.0,7257.0,13762,0.0,0.0,POLYCAB.NS
2025-12-08 09:15:00+05:30,7250.0,7252.5,7195.0,7202.0,8024,0.0,0.0,POLYCAB.NS
2025-12-08 09:30:00+05:30,7202.5,7214.0,7179.0,7186.0,7477,0.0,0.0,POLYCAB.NS
2025-12-08 09:45:00+05:30,7184.0,7199.5,7172.0,7185.0,10409,0.0,0.0,POLYCAB.NS
2025-12-08 10:00:00+05:30,7185.0,7186.0,7144.5,7145.5,12489,0.0,0.0,POLYCAB.NS
2025-12-08 10:15:00+05:30,7145.0,7158.5,7144.0,7153.0,4034,0.0,0.0,POLYCAB.NS
2025-12-08 10:30:00+05:30,7153.5,7163.0,7146.0,7155.5,3614,0.0,0.0,POLYCAB.NS
2025-12-08 10:45:00+05:30,7157.5,7175.0,7146.0,7148.5,3438,0.0,0.0,POLYCAB.NS
2025-12-08 11:00:00+05:30,7146.5,7164.5,7145.5,7160.0,4728,0.0,0.0,POLYCAB.NS
2025-12-08 11:15:00+05:30,7160.0,7160.5,7154.5,7157.5,4286,0.0,0.0,POLYCAB.NS
2025-12-08 11:30:00+05:30,7157.5,7157.5,7127.0,7127.5,4640,0.0,0.0,POLYCAB.NS
2025-12-08 11:45:00+05:30,7127.5,7135.0,7110.0,7114.0,8392,0.0,0.0,POLYCAB.NS
2025-12-08 12:00:00+05:30,7113.0,7118.0,7110.0,7112.0,2957,0.0,0.0,POLYCAB.NS
2025-12-08 12:15:00+05:30,7112.0,7115.0,7090.0,7095.5,6293,0.0,0.0,POLYCAB.NS
2025-12-08 12:30:00+05:30,7096.0,7101.5,7086.0,7087.0,5658,0.0,0.0,POLYCAB.NS
2025-12-08 12:45:00+05:30,7087.0,7093.5,7066.0,7066.0,7242,0.0,0.0,POLYCAB.NS
2025-12-08 13:00:00+05:30,7065.5,7067.5,7060.0,7061.0,5483,0.0,0.0,POLYCAB.NS
2025-12-08 13:15:00+05:30,7061.0,7063.0,7039.0,7043.0,5189,0.0,0.0,POLYCAB.NS
2025-12-08 13:30:00+05:30,7043.0,7049.0,7033.0,7043.5,4963,0.0,0.0,POLYCAB.NS
2025-12-08 13:45:00+05:30,7044.5,7055.5,7040.0,7045.5,7515,0.0,0.0,POLYCAB.NS
2025-12-08 14:00:00+05:30,7042.0,7044.5,7020.5,7024.0,6106,0.0,0.0,POLYCAB.NS
2025-12-08 14:15:00+05:30,7024.0,7040.5,7021.0,7031.5,9374,0.0,0.0,POLYCAB.NS
2025-12-08 14:30:00+05:30,7030.0,7032.5,7011.5,7020.0,8131,0.0,0.0,POLYCAB.NS
2025-12-08 14:45:00+05:30,7016.5,7038.5,7012.0,7019.0,9529,0.0,0.0,POLYCAB.NS
2025-12-08 15:00:00+05:30,7023.0,7047.0,7023.0,7026.0,23654,0.0,0.0,POLYCAB.NS
2025-12-08 15:15:00+05:30,7026.0,7034.0,7010.0,7027.0,37570,0.0,0.0,POLYCAB.NS
2025-12-09 09:15:00+05:30,7025.0,7061.0,6974.5,6984.0,12600,0.0,0.0,POLYCAB.NS
2025-12-09 09:30:00+05:30,6984.5,6993.5,6955.0,6955.0,12957,0.0,0.0,POLYCAB.NS
2025-12-09 09:45:00+05:30,6954.5,6962.0,6933.0,6936.0,13453,0.0,0.0,POLYCAB.NS
2025-12-09 10:00:00+05:30,6935.5,6999.0,6933.5,6996.5,25253,0.0,0.0,POLYCAB.NS
2025-12-09 10:15:00+05:30,6995.0,7095.0,6989.0,7088.0,31050,0.0,0.0,POLYCAB.NS
2025-12-09 10:30:00+05:30,7088.5,7089.5,7061.5,7070.5,4446,0.0,0.0,POLYCAB.NS
2025-12-09 10:45:00+05:30,7074.5,7087.0,7061.0,7079.0,3916,0.0,0.0,POLYCAB.NS
2025-12-09 11:00:00+05:30,7080.0,7097.0,7063.0,7097.0,5053,0.0,0.0,POLYCAB.NS
2025-12-09 11:15:00+05:30,7097.0,7113.0,7083.0,7111.0,5351,0.0,0.0,POLYCAB.NS
2025-12-09 11:30:00+05:30,7111.0,7111.0,7081.0,7081.0,4615,0.0,0.0,POLYCAB.NS
2025-12-09 11:45:00+05:30,7080.0,7086.5,7070.0,7081.5,2126,0.0,0.0,POLYCAB.NS
2025-12-09 12:00:00+05:30,7082.5,7111.5,7080.0,7107.0,5132,0.0,0.0,POLYCAB.NS
2025-12-09 12:15:00+05:30,7107.5,7124.5,7106.5,7114.5,4968,0.0,0.0,POLYCAB.NS
2025-12-09 12:30:00+05:30,7114.0,7126.0,7109.0,7121.5,3407,0.0,0.0,POLYCAB.NS
2025-12-09 12:45:00+05:30,7122.0,7131.5,7108.5,7116.0,3807,0.0,0.0,POLYCAB.NS
2025-12-09 13:00:00+05:30,7113.5,7138.5,7112.5,7134.5,3143,0.0,0.0,POLYCAB.NS
2025-12-09 13:15:00+05:30,7136.0,7173.5,7130.5,7165.0,7558,0.0,0.0,POLYCAB.NS
2025-12-09 13:30:00+05:30,7166.5,7185.0,7159.0,7177.5,3877,0.0,0.0,POLYCAB.NS
2025-12-09 13:45:00+05:30,7179.5,7186.0,7172.5,7186.0,6552,0.0,0.0,POLYCAB.NS
2025-12-09 14:00:00+05:30,7186.0,7194.0,7174.5,7191.5,4357,0.0,0.0,POLYCAB.NS
2025-12-09 14:15:00+05:30,7189.5,7197.0,7163.0,7174.0,4772,0.0,0.0,POLYCAB.NS
2025-12-09 14:30:00+05:30,7025.0,7170.5,7025.0,7154.0,3315,0.0,0.0,POLYCAB.NS
2025-12-09 14:45:00+05:30,7155.5,7163.0,7145.5,7163.0,3385,0.0,0.0,POLYCAB.NS
2025-12-09 15:00:00+05:30,7168.0,7214.0,7168.0,7199.5,14329,0.0,0.0,POLYCAB.NS
2025-12-09 15:15:00+05:30,7199.0,7207.5,7171.0,7194.0,24578,0.0,0.0,POLYCAB.NS
2025-12-10 09:15:00+05:30,7218.0,7218.0,7160.5,7193.5,5140,0.0,0.0,POLYCAB.NS
2025-12-10 09:30:00+05:30,7191.0,7265.5,7191.0,7238.0,10905,0.0,0.0,POLYCAB.NS
2025-12-10 09:45:00+05:30,7238.0,7250.0,7220.0,7226.5,5232,0.0,0.0,POLYCAB.NS
2025-12-10 10:00:00+05:30,7224.5,7257.0,7223.0,7249.0,4659,0.0,0.0,POLYCAB.NS
2025-12-10 10:15:00+05:30,7249.0,7263.0,7242.5,7251.5,3982,0.0,0.0,POLYCAB.NS
2025-12-10 10:30:00+05:30,7251.5,7268.5,7250.5,7256.0,3364,0.0,0.0,POLYCAB.NS
2025-12-10 10:45:00+05:30,7252.0,7260.5,7220.0,7220.0,5593,0.0,0.0,POLYCAB.NS
2025-12-10 11:00:00+05:30,7220.0,7243.0,7216.5,7239.0,2044,0.0,0.0,POLYCAB.NS
2025-12-10 11:15:00+05:30,7238.5,7240.0,7220.5,7229.0,2161,0.0,0.0,POLYCAB.NS
2025-12-10 11:30:00+05:30,7227.0,7252.0,7200.0,7245.5,15240,0.0,0.0,POLYCAB.NS
2025-12-10 11:45:00+05:30,7246.0,7246.0,7230.0,7230.0,2338,0.0,0.0,POLYCAB.NS
2025-12-10 12:00:00+05:30,7226.0,7238.0,7222.0,7229.5,1671,0.0,0.0,POLYCAB.NS
2025-12-10 12:15:00+05:30,7229.5,7235.0,7222.0,7222.0,2250,0.0,0.0,POLYCAB.NS
2025-12-10 12:30:00+05:30,7222.0,7222.5,7184.5,7185.0,4168,0.0,0.0,POLYCAB.NS
2025-12-10 12:45:00+05:30,7185.0,7193.0,7177.5,7178.5,1611,0.0,0.0,POLYCAB.NS
2025-12-10 13:00:00+05:30,7178.5,7239.5,7178.5,7201.0,11654,0.0,0.0,POLYCAB.NS
2025-12-10 13:15:00+05:30,7201.0,7209.0,7181.0,7192.5,1845,0.0,0.0,POLYCAB.NS
2025-12-10 13:30:00+05:30,7192.5,7197.5,7183.5,7186.0,2057,0.0,0.0,POLYCAB.NS
2025-12-10 13:45:00+05:30,7186.0,7186.0,7171.0,7177.0,1773,0.0,0.0,POLYCAB.NS
2025-12-10 14:00:00+05:30,7177.5,7179.5,7149.0,7159.5,4244,0.0,0.0,POLYCAB.NS
2025-12-10 14:15:00+05:30,7158.0,7162.0,7122.5,7125.0,3394,0.0,0.0,POLYCAB.NS
2025-12-10 14:30:00+05:30,7126.0,7139.0,7121.0,7121.5,3137,0.0,0.0,POLYCAB.NS
2025-12-10 14:45:00+05:30,7122.5,7131.5,7110.0,7126.0,2786,0.0,0.0,POLYCAB.NS
2025-12-10 15:00:00+05:30,7129.5,7153.5,7129.5,7145.5,6025,0.0,0.0,POLYCAB.NS
2025-12-10 15:15:00+05:30,7145.5,7150.5,7112.0,7139.0,9904,0.0,0.0,POLYCAB.NS
2025-12-11 09:15:00+05:30,7139.0,7259.0,7139.0,7255.5,29670,0.0,0.0,POLYCAB.NS
2025-12-11 09:30:00+05:30,7261.0,7272.0,7211.0,7237.0,29332,0.0,0.0,POLYCAB.NS
2025-12-11 09:45:00+05:30,7235.5,7307.0,7235.5,7255.0,27899,0.0,0.0,POLYCAB.NS
2025-12-11 10:00:00+05:30,7254.5,7263.0,7229.0,7243.0,13278,0.0,0.0,POLYCAB.NS
2025-12-11 10:15:00+05:30,7247.5,7256.5,7243.0,7245.0,6395,0.0,0.0,POLYCAB.NS
2025-12-11 10:30:00+05:30,7245.5,7257.5,7218.5,7220.0,5000,0.0,0.0,POLYCAB.NS
2025-12-11 10:45:00+05:30,7219.5,7230.5,7210.0,7210.0,3783,0.0,0.0,POLYCAB.NS
2025-12-11 11:00:00+05:30,7206.0,7219.5,7194.0,7200.0,10957,0.0,0.0,POLYCAB.NS
2025-12-11 11:15:00+05:30,7200.0,7219.5,7196.0,7207.0,7816,0.0,0.0,POLYCAB.NS
2025-12-11 11:30:00+05:30,7207.0,7219.5,7196.5,7207.0,6058,0.0,0.0,POLYCAB.NS
2025-12-11 11:45:00+05:30,7206.5,7210.5,7197.5,7202.5,2680,0.0,0.0,POLYCAB.NS
2025-12-11 12:00:00+05:30,7203.5,7223.0,7202.0,7217.0,7760,0.0,0.0,POLYCAB.NS
2025-12-11 12:15:00+05:30,7217.0,7222.0,7202.0,7206.5,2366,0.0,0.0,POLYCAB.NS
2025-12-11 12:30:00+05:30,7206.5,7232.0,7200.0,7232.0,6313,0.0,0.0,POLYCAB.NS
2025-12-11 12:45:00+05:30,7233.0,7241.5,7218.0,7218.0,6553,0.0,0.0,POLYCAB.NS
2025-12-11 13:00:00+05:30,7217.5,7223.0,7200.0,7203.0,2189,0.0,0.0,POLYCAB.NS
2025-12-11 13:15:00+05:30,7200.5,7219.5,7200.5,7211.0,2449,0.0,0.0,POLYCAB.NS
2025-12-11 13:30:00+05:30,7214.5,7226.5,7213.0,7215.5,2455,0.0,0.0,POLYCAB.NS
2025-12-11 13:45:00+05:30,7215.5,7221.5,7198.5,7200.0,8595,0.0,0.0,POLYCAB.NS
2025-12-11 14:00:00+05:30,7197.5,7222.0,7193.5,7213.0,13666,0.0,0.0,POLYCAB.NS
2025-12-11 14:15:00+05:30,7213.0,7224.5,7205.0,7209.5,15401,0.0,0.0,POLYCAB.NS
2025-12-11 14:30:00+05:30,7209.5,7224.0,7198.5,7202.0,10210,0.0,0.0,POLYCAB.NS
2025-12-11 14:45:00+05:30,7200.5,7207.0,7186.0,7190.0,20317,0.0,0.0,POLYCAB.NS
2025-12-11 15:00:00+05:30,7199.0,7229.5,7199.0,7217.0,23348,0.0,0.0,POLYCAB.NS
2025-12-11 15:15:00+05:30,7216.0,7234.0,7212.0,7218.5,26987,0.0,0.0,POLYCAB.NS
2025-12-12 09:15:00+05:30,7259.5,7259.5,7193.5,7195.5,5065,0.0,0.0,POLYCAB.NS
2025-12-12 09:30:00+05:30,7198.0,7235.5,7198.0,7235.5,7714,0.0,0.0,POLYCAB.NS
2025-12-12 09:45:00+05:30,7241.0,7244.0,7229.5,7229.5,4067,0.0,0.0,POLYCAB.NS
2025-12-12 10:00:00+05:30,7229.5,7236.5,7206.5,7207.5,2378,0.0,0.0,POLYCAB.NS
2025-12-12 10:15:00+05:30,7212.0,7225.5,7201.0,7209.0,7282,0.0,0.0,POLYCAB.NS
2025-12-12 10:30:00+05:30,7210.0,7224.5,7209.0,7217.5,2352,0.0,0.0,POLYCAB.NS
2025-12-12 10:45:00+05:30,7217.5,7225.5,7206.0,7206.0,1843,0.0,0.0,POLYCAB.NS
2025-12-12 11:00:00+05:30,7207.5,7230.0,7205.0,7225.5,2082,0.0,0.0,POLYCAB.NS
2025-12-12 11:15:00+05:30,7226.5,7239.0,7226.0,7228.5,3536,0.0,0.0,POLYCAB.NS
2025-12-12 11:30:00+05:30,7230.0,7238.0,7230.0,7235.0,2386,0.0,0.0,POLYCAB.NS
2025-12-12 11:45:00+05:30,7235.0,7239.0,7233.0,7234.5,1361,0.0,0.0,POLYCAB.NS
2025-12-12 12:00:00+05:30,7236.5,7237.0,7222.5,7229.0,1253,0.0,0.0,POLYCAB.NS
2025-12-12 12:15:00+05:30,7228.5,7247.5,7228.0,7244.0,3007,0.0,0.0,POLYCAB.NS
2025-12-12 12:30:00+05:30,7241.5,7244.0,7230.5,7239.0,2218,0.0,0.0,POLYCAB.NS
2025-12-12 12:45:00+05:30,7237.0,7249.0,7231.5,7246.5,1549,0.0,0.0,POLYCAB.NS
2025-12-12 13:00:00+05:30,7245.0,7246.5,7214.5,7226.5,2654,0.0,0.0,POLYCAB.NS
2025-12-12 13:15:00+05:30,7226.0,7230.0,7213.5,7220.0,4002,0.0,0.0,POLYCAB.NS
2025-12-12 13:30:00+05:30,7220.0,7222.0,7216.0,7219.5,1975,0.0,0.0,POLYCAB.NS
2025-12-12 13:45:00+05:30,7220.0,7235.0,7219.0,7230.0,21189,0.0,0.0,POLYCAB.NS
2025-12-12 14:00:00+05:30,7231.0,7256.5,7224.0,7243.0,10581,0.0,0.0,POLYCAB.NS
2025-12-12 14:15:00+05:30,7242.5,7252.0,7236.5,7240.0,6262,0.0,0.0,POLYCAB.NS
2025-12-12 14:30:00+05:30,7241.5,7264.5,7237.0,7242.0,7947,0.0,0.0,POLYCAB.NS
2025-12-12 14:45:00+05:30,7241.0,7247.5,7235.0,7240.5,6808,0.0,0.0,POLYCAB.NS
2025-12-12 15:00:00+05:30,7240.5,7274.5,7240.5,7274.5,14411,0.0,0.0,POLYCAB.NS
2025-12-12 15:15:00+05:30,7274.5,7296.5,7274.5,7291.0,28911,0.0,0.0,POLYCAB.NS
2025-12-15 09:15:00+05:30,7242.0,7263.0,7232.0,7249.0,3964,0.0,0.0,POLYCAB.NS
2025-12-15 09:30:00+05:30,7247.0,7261.0,7245.0,7248.0,2976,0.0,0.0,POLYCAB.NS
2025-12-15 09:45:00+05:30,7248.0,7265.5,7244.5,7253.0,3139,0.0,0.0,POLYCAB.NS
2025-12-15 10:00:00+05:30,7253.5,7310.0,7252.5,7303.5,8720,0.0,0.0,POLYCAB.NS
2025-12-15 10:15:00+05:30,7303.5,7345.0,7303.5,7331.0,11784,0.0,0.0,POLYCAB.NS
2025-12-15 10:30:00+05:30,7327.0,7331.0,7321.0,7326.0,3780,0.0,0.0,POLYCAB.NS
2025-12-15 10:45:00+05:30,7326.5,7335.0,7322.0,7330.0,4237,0.0,0.0,POLYCAB.NS
2025-12-15 11:00:00+05:30,7329.0,7353.0,7326.5,7328.5,10947,0.0,0.0,POLYCAB.NS
2025-12-15 11:15:00+05:30,7328.0,7331.5,7320.5,7323.0,1919,0.0,0.0,POLYCAB.NS
2025-12-15 11:30:00+05:30,7322.0,7324.5,7302.5,7306.5,3002,0.0,0.0,POLYCAB.NS
2025-12-15 11:45:00+05:30,7306.5,7320.0,7303.0,7307.0,2121,0.0,0.0,POLYCAB.NS
2025-12-15 12:00:00+05:30,7307.0,7319.5,7307.0,7313.5,1711,0.0,0.0,POLYCAB.NS
2025-12-15 12:15:00+05:30,7314.5,7334.0,7314.5,7321.0,4197,0.0,0.0,POLYCAB.NS
2025-12-15 12:30:00+05:30,7323.5,7328.5,7316.0,7317.0,1403,0.0,0.0,POLYCAB.NS
2025-12-15 12:45:00+05:30,7318.0,7339.0,7317.0,7330.0,2545,0.0,0.0,POLYCAB.NS
2025-12-15 13:00:00+05:30,7330.5,7335.5,7318.5,7334.5,3008,0.0,0.0,POLYCAB.NS
2025-12-15 13:15:00+05:30,7334.5,7337.0,7323.0,7329.5,1972,0.0,0.0,POLYCAB.NS
2025-12-15 13:30:00+05:30,7333.0,7345.0,7329.0,7329.0,1959,0.0,0.0,POLYCAB.NS
2025-12-15 13:45:00+05:30,7330.0,7335.0,7326.0,7329.5,1855,0.0,0.0,POLYCAB.NS
2025-12-15 14:00:00+05:30,7327.0,7334.0,7316.5,7322.0,2075,0.0,0.0,POLYCAB.NS
2025-12-15 14:15:00+05:30,7322.0,7325.0,7315.0,7318.5,1731,0.0,0.0,POLYCAB.NS
2025-12-15 14:30:00+05:30,7318.5,7331.5,7316.5,7330.0,5386,0.0,0.0,POLYCAB.NS
2025-12-15 14:45:00+05:30,7330.0,7336.0,7328.0,7336.0,4179,0.0,0.0,POLYCAB.NS
2025-12-15 15:00:00+05:30,7335.5,7345.5,7335.0,7341.0,13433,0.0,0.0,POLYCAB.NS
2025-12-15 15:15:00+05:30,7342.0,7344.5,7326.0,7339.5,17472,0.0,0.0,POLYCAB.NS
2025-12-16 09:15:00+05:30,7302.5,7315.0,7294.0,7294.0,3943,0.0,0.0,POLYCAB.NS
2025-12-16 09:30:00+05:30,7296.0,7319.0,7284.0,7315.0,8817,0.0,0.0,POLYCAB.NS
2025-12-16 09:45:00+05:30,7317.0,7333.0,7310.5,7310.5,6059,0.0,0.0,POLYCAB.NS
2025-12-16 10:00:00+05:30,7312.0,7315.0,7297.0,7314.5,6435,0.0,0.0,POLYCAB.NS
2025-12-16 10:15:00+05:30,7311.0,7318.0,7304.5,7307.0,3554,0.0,0.0,POLYCAB.NS
2025-12-16 10:30:00+05:30,7307.0,7312.5,7291.0,7297.5,3244,0.0,0.0,POLYCAB.NS
2025-12-16 10:45:00+05:30,7301.5,7309.5,7299.0,7304.0,2048,0.0,0.0,POLYCAB.NS
2025-12-16 11:00:00+05:30,7300.5,7316.5,7296.5,7311.5,2430,0.0,0.0,POLYCAB.NS
2025-12-16 11:15:00+05:30,7311.5,7312.5,7305.0,7310.0,855,0.0,0.0,POLYCAB.NS
2025-12-16 11:30:00+05:30,7310.0,7312.5,7303.0,7308.5,2486,0.0,0.0,POLYCAB.NS
2025-12-16 11:45:00+05:30,7310.5,7312.0,7305.5,7309.5,1326,0.0,0.0,POLYCAB.NS
2025-12-16 12:00:00+05:30,7306.5,7310.0,7299.0,7305.5,3050,0.0,0.0,POLYCAB.NS
2025-12-16 12:15:00+05:30,7308.0,7317.0,7304.0,7314.5,2926,0.0,0.0,POLYCAB.NS
2025-12-16 12:30:00+05:30,7312.5,7319.5,7302.5,7307.5,2177,0.0,0.0,POLYCAB.NS
2025-12-16 12:45:00+05:30,7309.5,7311.0,7303.0,7308.0,2111,0.0,0.0,POLYCAB.NS
2025-12-16 13:00:00+05:30,7307.0,7310.0,7302.0,7305.5,1999,0.0,0.0,POLYCAB.NS
2025-12-16 13:15:00+05:30,7305.0,7305.5,7290.0,7297.5,2647,0.0,0.0,POLYCAB.NS
2025-12-16 13:30:00+05:30,7294.5,7305.0,7291.0,7301.0,1600,0.0,0.0,POLYCAB.NS
2025-12-16 13:45:00+05:30,7300.0,7308.5,7294.0,7295.0,1828,0.0,0.0,POLYCAB.NS
2025-12-16 14:00:00+05:30,7296.0,7297.5,7270.5,7271.0,2686,0.0,0.0,POLYCAB.NS
2025-12-16 14:15:00+05:30,7270.0,7284.0,7264.5,7278.5,2020,0.0,0.0,POLYCAB.NS
2025-12-16 14:30:00+05:30,7280.0,7298.0,7278.0,7295.0,3163,0.0,0.0,POLYCAB.NS
2025-12-16 14:45:00+05:30,7293.0,7349.0,7290.5,7333.5,17054,0.0,0.0,POLYCAB.NS
2025-12-16 15:00:00+05:30,7344.0,7401.0,7325.5,7345.5,149315,0.0,0.0,POLYCAB.NS
2025-12-16 15:15:00+05:30,7344.0,7361.5,7295.0,7361.5,30016,0.0,0.0,POLYCAB.NS
2025-12-17 09:15:00+05:30,7192.5,7192.5,7032.5,7081.5,887224,0.0,0.0,POLYCAB.NS
2025-12-17 09:30:00+05:30,7082.5,7142.5,7071.0,7125.5,84224,0.0,0.0,POLYCAB.NS
2025-12-17 09:45:00+05:30,7124.0,7142.0,7104.0,7116.5,33966,0.0,0.0,POLYCAB.NS
2025-12-17 10:00:00+05:30,7113.5,7115.5,7083.5,7093.5,46207,0.0,0.0,POLYCAB.NS
2025-12-17 10:15:00+05:30,7093.5,7103.0,7072.0,7072.0,25155,0.0,0.0,POLYCAB.NS
2025-12-17 10:30:00+05:30,7073.5,7084.5,7064.0,7072.5,22063,0.0,0.0,POLYCAB.NS
2025-12-17 10:45:00+05:30,7072.5,7099.0,7063.5,7084.0,13427,0.0,0.0,POLYCAB.NS
2025-12-17 11:00:00+05:30,7089.5,7089.5,7067.0,7075.5,10699,0.0,0.0,POLYCAB.NS
2025-12-17 11:15:00+05:30,7075.5,7092.5,7071.5,7075.0,9373,0.0,0.0,POLYCAB.NS
2025-12-17 11:30:00+05:30,7075.0,7095.0,7063.0,7093.5,17641,0.0,0.0,POLYCAB.NS
2025-12-17 11:45:00+05:30,7090.0,7114.0,7087.0,7107.0,16139,0.0,0.0,POLYCAB.NS
2025-12-17 12:00:00+05:30,7106.0,7123.0,7095.5,7105.0,24105,0.0,0.0,POLYCAB.NS
2025-12-17 12:15:00+05:30,7108.0,7110.5,7096.0,7104.0,24051,0.0,0.0,POLYCAB.NS
2025-12-17 12:30:00+05:30,7102.0,7107.0,7094.0,7100.5,15558,0.0,0.0,POLYCAB.NS
2025-12-17 12:45:00+05:30,7100.5,7105.0,7081.0,7083.0,66854,0.0,0.0,POLYCAB.NS
2025-12-17 13:00:00+05:30,7083.0,7095.5,7082.5,7095.0,8590,0.0,0.0,POLYCAB.NS
2025-12-17 13:15:00+05:30,7095.0,7107.5,7092.0,7099.5,12714,0.0,0.0,POLYCAB.NS
2025-12-17 13:30:00+05:30,7099.5,7110.0,7098.0,7109.0,7549,0.0,0.0,POLYCAB.NS
2025-12-17 13:45:00+05:30,7108.0,7110.0,7091.5,7101.0,9883,0.0,0.0,POLYCAB.NS
2025-12-17 14:00:00+05:30,7101.0,7110.0,7095.0,7105.0,11000,0.0,0.0,POLYCAB.NS
2025-12-17 14:15:00+05:30,7105.0,7110.0,7096.0,7101.5,8210,0.0,0.0,POLYCAB.NS
2025-12-17 14:30:00+05:30,7101.5,7110.0,7086.0,7093.0,19259,0.0,0.0,POLYCAB.NS
2025-12-17 14:45:00+05:30,7093.5,7094.0,7065.5,7084.5,42570,0.0,0.0,POLYCAB.NS
2025-12-17 15:00:00+05:30,7086.5,7100.0,7081.5,7085.0,34054,0.0,0.0,POLYCAB.NS
2025-12-17 15:15:00+05:30,7085.0,7085.0,7060.0,7079.5,61603,0.0,0.0,POLYCAB.NS
2025-12-18 09:15:00+05:30,7054.5,7078.0,7024.0,7067.0,11788,0.0,0.0,POLYCAB.NS
2025-12-18 09:30:00+05:30,7064.0,7069.5,7023.5,7048.5,10438,0.0,0.0,POLYCAB.NS
2025-12-18 09:45:00+05:30,7045.5,7053.0,7031.5,7051.0,7283,0.0,0.0,POLYCAB.NS
2025-12-18 10:00:00+05:30,7052.0,7081.5,7048.0,7073.5,9250,0.0,0.0,POLYCAB.NS
2025-12-18 10:15:00+05:30,7073.0,7108.5,7067.5,7097.5,11236,0.0,0.0,POLYCAB.NS
2025-12-18 10:30:00+05:30,7097.5,7104.0,7090.0,7096.0,6678,0.0,0.0,POLYCAB.NS
2025-12-18 10:45:00+05:30,7098.0,7103.0,7095.5,7100.0,10490,0.0,0.0,POLYCAB.NS
2025-12-18 11:00:00+05:30,7100.0,7120.5,7099.5,7108.0,6522,0.0,0.0,POLYCAB.NS
2025-12-18 11:15:00+05:30,7108.0,7116.0,7096.5,7111.5,5519,0.0,0.0,POLYCAB.NS
2025-12-18 11:30:00+05:30,7114.0,7132.5,7111.5,7131.0,7943,0.0,0.0,POLYCAB.NS
2025-12-18 11:45:00+05:30,7132.5,7142.5,7126.0,7139.5,6124,0.0,0.0,POLYCAB.NS
2025-12-18 12:00:00+05:30,7138.0,7142.5,7133.0,7142.0,3208,0.0,0.0,POLYCAB.NS
2025-12-18 12:15:00+05:30,7142.0,7145.0,7133.0,7134.5,3316,0.0,0.0,POLYCAB.NS
2025-12-18 12:30:00+05:30,7134.5,7140.5,7133.0,7133.0,3338,0.0,0.0,POLYCAB.NS
2025-12-18 12:45:00+05:30,7133.0,7138.5,7119.0,7121.0,3813,0.0,0.0,POLYCAB.NS
2025-12-18 13:00:00+05:30,7121.0,7122.0,7102.5,7106.5,3677,0.0,0.0,POLYCAB.NS
2025-12-18 13:15:00+05:30,7106.0,7107.5,7091.5,7094.0,2505,0.0,0.0,POLYCAB.NS
2025-12-18 13:30:00+05:30,7093.5,7102.0,7091.0,7096.0,3221,0.0,0.0,POLYCAB.NS
2025-12-18 13:45:00+05:30,7096.0,7100.0,7090.0,7090.5,1572,0.0,0.0,POLYCAB.NS
2025-12-18 14:00:00+05:30,7092.5,7092.5,7071.5,7080.5,5300,0.0,0.0,POLYCAB.NS
2025-12-18 14:15:00+05:30,7080.5,7083.0,7070.5,7075.5,2091,0.0,0.0,POLYCAB.NS
2025-12-18 14:30:00+05:30,7073.0,7094.5,7072.5,7077.0,2159,0.0,0.0,POLYCAB.NS
2025-12-18 14:45:00+05:30,7074.5,7087.5,7072.5,7085.0,3841,0.0,0.0,POLYCAB.NS
2025-12-18 15:00:00+05:30,7099.0,7114.0,7094.0,7097.5,31470,0.0,0.0,POLYCAB.NS
2025-12-18 15:15:00+05:30,7097.5,7099.5,7086.5,7099.0,20518,0.0,0.0,POLYCAB.NS
2025-12-19 09:15:00+05:30,7113.5,7243.0,7113.5,7241.0,51866,0.0,0.0,POLYCAB.NS
2025-12-19 09:30:00+05:30,7238.0,7328.0,7234.5,7302.5,56691,0.0,0.0,POLYCAB.NS
2025-12-19 09:45:00+05:30,7302.5,7332.0,7290.0,7294.0,35344,0.0,0.0,POLYCAB.NS
2025-12-19 10:00:00+05:30,7293.5,7296.5,7260.5,7280.0,18934,0.0,0.0,POLYCAB.NS
2025-12-19 10:15:00+05:30,7277.5,7302.0,7276.5,7290.5,12060,0.0,0.0,POLYCAB.NS
2025-12-19 10:30:00+05:30,7290.5,7291.0,7250.5,7287.5,21617,0.0,0.0,POLYCAB.NS
2025-12-19 10:45:00+05:30,7285.0,7288.0,7265.0,7270.0,10304,0.0,0.0,POLYCAB.NS
2025-12-19 11:00:00+05:30,7270.0,7279.0,7265.5,7269.0,5963,0.0,0.0,POLYCAB.NS
2025-12-19 11:15:00+05:30,7268.5,7283.0,7250.5,7259.5,15419,0.0,0.0,POLYCAB.NS
2025-12-19 11:30:00+05:30,7260.0,7295.0,7255.0,7281.0,27078,0.0,0.0,POLYCAB.NS
2025-12-19 11:45:00+05:30,7282.5,7295.0,7279.5,7284.5,8469,0.0,0.0,POLYCAB.NS
2025-12-19 12:00:00+05:30,7282.5,7290.0,7271.0,7273.5,6587,0.0,0.0,POLYCAB.NS
2025-12-19 12:15:00+05:30,7272.5,7278.0,7265.0,7273.5,6469,0.0,0.0,POLYCAB.NS
2025-12-19 12:30:00+05:30,7273.5,7307.0,7268.5,7299.5,13964,0.0,0.0,POLYCAB.NS
2025-12-19 12:45:00+05:30,7300.0,7310.0,7292.0,7309.5,12527,0.0,0.0,POLYCAB.NS
2025-12-19 13:00:00+05:30,7310.0,7320.0,7300.5,7319.5,15392,0.0,0.0,POLYCAB.NS
2025-12-19 13:15:00+05:30,7320.0,7355.5,7319.0,7344.5,29391,0.0,0.0,POLYCAB.NS
2025-12-19 13:30:00+05:30,7346.5,7380.0,7343.0,7374.0,21600,0.0,0.0,POLYCAB.NS
2025-12-19 13:45:00+05:30,7374.0,7390.0,7362.0,7368.5,21612,0.0,0.0,POLYCAB.NS
2025-12-19 14:00:00+05:30,7368.5,7385.0,7366.5,7385.0,12365,0.0,0.0,POLYCAB.NS
2025-12-19 14:15:00+05:30,7384.5,7396.5,7366.5,7396.5,19451,0.0,0.0,POLYCAB.NS
2025-12-19 14:30:00+05:30,7393.0,7431.5,7392.5,7421.0,28942,0.0,0.0,POLYCAB.NS
2025-12-19 14:45:00+05:30,7423.0,7434.5,7406.0,7412.0,36642,0.0,0.0,POLYCAB.NS
2025-12-19 15:00:00+05:30,7409.0,7455.0,7409.0,7439.0,56370,0.0,0.0,POLYCAB.NS
2025-12-19 15:15:00+05:30,7436.0,7448.0,7417.5,7439.0,66200,0.0,0.0,POLYCAB.NS
2025-12-22 09:15:00+05:30,7460.0,7610.0,7460.0,7596.5,49141,0.0,0.0,POLYCAB.NS
2025-12-22 09:30:00+05:30,7595.0,7604.5,7565.0,7581.5,32250,0.0,0.0,POLYCAB.NS
2025-12-22 09:45:00+05:30,7577.5,7592.0,7576.0,7583.5,8864,0.0,0.0,POLYCAB.NS
2025-12-22 10:00:00+05:30,7582.5,7599.0,7578.5,7592.5,10698,0.0,0.0,POLYCAB.NS
2025-12-22 10:15:00+05:30,7593.0,7593.0,7580.0,7582.5,5785,0.0,0.0,POLYCAB.NS
2025-12-22 10:30:00+05:30,7585.0,7586.5,7570.0,7583.0,7085,0.0,0.0,POLYCAB.NS
2025-12-22 10:45:00+05:30,7582.5,7594.0,7571.5,7571.5,12662,0.0,0.0,POLYCAB.NS
2025-12-22 11:00:00+05:30,7571.5,7579.5,7558.5,7572.5,28546,0.0,0.0,POLYCAB.NS
2025-12-22 11:15:00+05:30,7573.0,7626.5,7573.0,7615.0,29806,0.0,0.0,POLYCAB.NS
2025-12-22 11:30:00+05:30,7615.0,7633.0,7602.5,7627.0,24915,0.0,0.0,POLYCAB.NS
2025-12-22 11:45:00+05:30,7627.0,7627.0,7593.5,7595.0,6654,0.0,0.0,POLYCAB.NS
2025-12-22 12:00:00+05:30,7595.0,7609.5,7590.5,7599.0,4764,0.0,0.0,POLYCAB.NS
2025-12-22 12:15:00+05:30,7599.0,7615.5,7595.0,7611.5,5655,0.0,0.0,POLYCAB.NS
2025-12-22 12:30:00+05:30,7610.0,7622.5,7606.5,7620.0,6389,0.0,0.0,POLYCAB.NS
2025-12-22 12:45:00+05:30,7622.0,7645.0,7620.0,7644.0,22538,0.0,0.0,POLYCAB.NS
2025-12-22 13:00:00+05:30,7643.5,7647.0,7636.0,7644.0,8901,0.0,0.0,POLYCAB.NS
2025-12-22 13:15:00+05:30,7645.5,7646.0,7630.0,7633.0,5359,0.0,0.0,POLYCAB.NS
2025-12-22 13:30:00+05:30,7632.0,7635.0,7616.0,7627.5,7718,0.0,0.0,POLYCAB.NS
2025-12-22 13:45:00+05:30,7627.5,7630.0,7617.5,7627.0,6973,0.0,0.0,POLYCAB.NS
2025-12-22 14:00:00+05:30,7627.0,7627.0,7612.0,7615.0,7567,0.0,0.0,POLYCAB.NS
2025-12-22 14:15:00+05:30,7615.5,7624.0,7610.0,7623.5,9465,0.0,0.0,POLYCAB.NS
2025-12-22 14:30:00+05:30,7623.5,7625.0,7611.0,7617.0,9127,0.0,0.0,POLYCAB.NS
2025-12-22 14:45:00+05:30,7617.0,7617.0,7595.0,7609.0,11784,0.0,0.0,POLYCAB.NS
2025-12-22 15:00:00+05:30,7611.0,7612.0,7599.5,7601.5,13598,0.0,0.0,POLYCAB.NS
2025-12-22 15:15:00+05:30,7600.0,7610.0,7590.0,7603.0,28563,0.0,0.0,POLYCAB.NS
2025-12-23 09:15:00+05:30,7620.0,7620.0,7583.5,7599.5,8625,0.0,0.0,POLYCAB.NS
2025-12-23 09:30:00+05:30,7597.0,7618.5,7595.5,7609.5,7367,0.0,0.0,POLYCAB.NS
2025-12-23 09:45:00+05:30,7609.5,7680.5,7605.0,7668.5,21795,0.0,0.0,POLYCAB.NS
2025-12-23 10:00:00+05:30,7669.5,7679.5,7654.5,7660.0,14490,0.0,0.0,POLYCAB.NS
2025-12-23 10:15:00+05:30,7659.5,7661.5,7640.0,7643.0,9707,0.0,0.0,POLYCAB.NS
2025-12-23 10:30:00+05:30,7643.0,7647.0,7638.0,7644.0,4386,0.0,0.0,POLYCAB.NS
2025-12-23 10:45:00+05:30,7642.5,7644.0,7626.0,7628.5,6596,0.0,0.0,POLYCAB.NS
2025-12-23 11:00:00+05:30,7628.5,7648.0,7621.5,7644.0,6452,0.0,0.0,POLYCAB.NS
2025-12-23 11:15:00+05:30,7644.5,7648.0,7626.0,7626.5,6707,0.0,0.0,POLYCAB.NS
2025-12-23 11:30:00+05:30,7627.5,7631.5,7611.0,7619.5,49410,0.0,0.0,POLYCAB.NS
2025-12-23 11:45:00+05:30,7619.0,7625.0,7618.5,7625.0,1818,0.0,0.0,POLYCAB.NS
2025-12-23 12:00:00+05:30,7625.0,7640.0,7624.5,7636.0,4451,0.0,0.0,POLYCAB.NS
2025-12-23 12:15:00+05:30,7635.5,7639.5,7634.0,7637.0,1853,0.0,0.0,POLYCAB.NS
2025-12-23 12:30:00+05:30,7637.0,7645.5,7632.5,7644.5,2826,0.0,0.0,POLYCAB.NS
2025-12-23 12:45:00+05:30,7644.0,7650.0,7639.0,7647.0,3063,0.0,0.0,POLYCAB.NS
2025-12-23 13:00:00+05:30,7647.0,7650.0,7647.0,7649.5,2045,0.0,0.0,POLYCAB.NS
2025-12-23 13:15:00+05:30,7649.5,7663.5,7648.5,7655.0,5593,0.0,0.0,POLYCAB.NS
2025-12-23 13:30:00+05:30,7659.0,7668.0,7654.5,7664.5,4194,0.0,0.0,POLYCAB.NS
2025-12-23 13:45:00+05:30,7664.5,7669.0,7658.0,7660.0,6731,0.0,0.0,POLYCAB.NS
2025-12-23 14:00:00+05:30,7660.0,7662.0,7641.5,7648.5,5700,0.0,0.0,POLYCAB.NS
2025-12-23 14:15:00+05:30,7648.0,7649.5,7642.0,7643.5,4259,0.0,0.0,POLYCAB.NS
2025-12-23 14:30:00+05:30,7643.5,7643.5,7627.0,7627.5,5988,0.0,0.0,POLYCAB.NS
2025-12-23 14:45:00+05:30,7627.0,7640.0,7625.0,7640.0,6782,0.0,0.0,POLYCAB.NS
2025-12-23 15:00:00+05:30,7643.0,7664.5,7643.0,7654.0,24277,0.0,0.0,POLYCAB.NS
2025-12-23 15:15:00+05:30,7651.0,7656.5,7630.5,7645.0,30666,0.0,0.0,POLYCAB.NS
2025-12-24 09:15:00+05:30,7630.5,7678.0,7623.0,7667.5,4650,0.0,0.0,POLYCAB.NS
2025-12-24 09:30:00+05:30,7665.5,7667.5,7653.0,7660.0,3421,0.0,0.0,POLYCAB.NS
2025-12-24 09:45:00+05:30,7667.5,7667.5,7643.5,7648.5,3623,0.0,0.0,POLYCAB.NS
2025-12-24 10:00:00+05:30,7650.0,7657.5,7646.0,7653.0,2507,0.0,0.0,POLYCAB.NS
2025-12-24 10:15:00+05:30,7653.0,7660.0,7644.0,7653.0,2966,0.0,0.0,POLYCAB.NS
2025-12-24 10:30:00+05:30,7655.0,7660.0,7637.0,7637.0,2778,0.0,0.0,POLYCAB.NS
2025-12-24 10:45:00+05:30,7637.0,7653.0,7635.0,7653.0,3041,0.0,0.0,POLYCAB.NS
2025-12-24 11:00:00+05:30,7655.5,7657.5,7640.5,7642.0,2285,0.0,0.0,POLYCAB.NS
2025-12-24 11:15:00+05:30,7644.5,7646.0,7625.0,7628.5,3585,0.0,0.0,POLYCAB.NS
2025-12-24 11:30:00+05:30,7632.5,7643.5,7626.0,7626.0,2075,0.0,0.0,POLYCAB.NS
2025-12-24 11:45:00+05:30,7628.5,7643.5,7620.0,7640.5,3203,0.0,0.0,POLYCAB.NS
2025-12-24 12:00:00+05:30,7642.0,7647.5,7631.0,7634.5,1728,0.0,0.0,POLYCAB.NS
2025-12-24 12:15:00+05:30,7634.0,7647.5,7632.0,7644.5,1876,0.0,0.0,POLYCAB.NS
2025-12-24 12:30:00+05:30,7646.5,7650.0,7634.0,7644.5,2586,0.0,0.0,POLYCAB.NS
2025-12-24 12:45:00+05:30,7647.5,7650.0,7640.0,7644.0,1879,0.0,0.0,POLYCAB.NS
2025-12-24 13:00:00+05:30,7647.5,7651.5,7638.0,7651.0,2664,0.0,0.0,POLYCAB.NS
2025-12-24 13:15:00+05:30,7651.5,7659.5,7648.0,7656.0,2991,0.0,0.0,POLYCAB.NS
2025-12-24 13:30:00+05:30,7657.0,7659.0,7645.0,7651.0,2701,0.0,0.0,POLYCAB.NS
2025-12-24 13:45:00+05:30,7651.0,7655.0,7643.0,7651.0,3566,0.0,0.0,POLYCAB.NS
2025-12-24 14:00:00+05:30,7650.0,7650.5,7637.0,7646.0,4995,0.0,0.0,POLYCAB.NS
2025-12-24 14:15:00+05:30,7647.0,7649.5,7627.0,7630.5,4991,0.0,0.0,POLYCAB.NS
2025-12-24 14:30:00+05:30,7630.5,7636.5,7620.5,7629.5,3917,0.0,0.0,POLYCAB.NS
2025-12-24 14:45:00+05:30,7632.5,7633.0,7619.0,7624.0,4616,0.0,0.0,POLYCAB.NS
2025-12-24 15:00:00+05:30,7627.0,7642.0,7622.0,7632.0,6290,0.0,0.0,POLYCAB.NS
2025-12-24 15:15:00+05:30,7632.0,7642.0,7618.5,7630.0,9098,0.0,0.0,POLYCAB.NS
2025-12-26 09:15:00+05:30,7611.5,7670.0,7611.5,7656.5,4459,0.0,0.0,POLYCAB.NS
2025-12-26 09:30:00+05:30,7657.5,7658.0,7635.5,7639.5,4183,0.0,0.0,POLYCAB.NS
2025-12-26 09:45:00+05:30,7640.0,7640.0,7580.0,7593.0,5676,0.0,0.0,POLYCAB.NS
2025-12-26 10:00:00+05:30,7591.0,7594.5,7575.5,7594.5,3997,0.0,0.0,POLYCAB.NS
2025-12-26 10:15:00+05:30,7588.5,7606.5,7584.5,7604.5,5688,0.0,0.0,POLYCAB.NS
2025-12-26 10:30:00+05:30,7604.5,7619.5,7597.0,7617.0,3291,0.0,0.0,POLYCAB.NS
2025-12-26 10:45:00+05:30,7612.5,7624.0,7608.5,7611.5,2209,0.0,0.0,POLYCAB.NS
2025-12-26 11:00:00+05:30,7613.0,7613.0,7580.0,7588.0,3070,0.0,0.0,POLYCAB.NS
2025-12-26 11:15:00+05:30,7587.0,7587.0,7560.0,7571.5,7656,0.0,0.0,POLYCAB.NS
2025-12-26 11:30:00+05:30,7571.0,7573.5,7551.0,7573.5,4036,0.0,0.0,POLYCAB.NS
2025-12-26 11:45:00+05:30,7573.5,7578.5,7561.5,7578.5,2074,0.0,0.0,POLYCAB.NS
2025-12-26 12:00:00+05:30,7576.0,7584.0,7569.0,7584.0,1441,0.0,0.0,POLYCAB.NS
2025-12-26 12:15:00+05:30,7584.0,7590.0,7577.5,7580.0,2810,0.0,0.0,POLYCAB.NS
2025-12-26 12:30:00+05:30,7584.0,7586.0,7561.5,7571.0,3493,0.0,0.0,POLYCAB.NS
2025-12-26 12:45:00+05:30,7572.5,7585.5,7569.5,7577.0,2286,0.0,0.0,POLYCAB.NS
2025-12-26 13:00:00+05:30,7578.5,7586.0,7570.5,7586.0,3733,0.0,0.0,POLYCAB.NS
2025-12-26 13:15:00+05:30,7584.5,7600.0,7584.5,7592.0,2903,0.0,0.0,POLYCAB.NS
2025-12-26 13:30:00+05:30,7592.0,7598.5,7591.0,7594.5,1189,0.0,0.0,POLYCAB.NS
2025-12-26 13:45:00+05:30,7595.0,7609.0,7592.0,7609.0,2702,0.0,0.0,POLYCAB.NS
2025-12-26 14:00:00+05:30,7609.0,7615.0,7592.0,7598.0,3035,0.0,0.0,POLYCAB.NS
2025-12-26 14:15:00+05:30,7596.0,7600.5,7575.0,7582.5,3760,0.0,0.0,POLYCAB.NS
2025-12-26 14:30:00+05:30,7583.5,7588.0,7575.0,7581.0,1816,0.0,0.0,POLYCAB.NS
2025-12-26 14:45:00+05:30,7579.0,7599.0,7567.5,7599.0,3257,0.0,0.0,POLYCAB.NS
2025-12-26 15:00:00+05:30,7590.5,7595.5,7576.0,7582.5,4307,0.0,0.0,POLYCAB.NS
2025-12-26 15:15:00+05:30,7582.0,7593.0,7531.5,7533.0,47626,0.0,0.0,POLYCAB.NS
2025-12-29 09:15:00+05:30,7533.0,7580.0,7533.0,7579.0,4107,0.0,0.0,POLYCAB.NS
2025-12-29 09:30:00+05:30,7580.0,7611.5,7565.0,7580.0,10224,0.0,0.0,POLYCAB.NS
2025-12-29 09:45:00+05:30,7579.0,7593.5,7571.5,7582.0,4627,0.0,0.0,POLYCAB.NS
2025-12-29 10:00:00+05:30,7583.0,7592.0,7568.5,7591.5,5594,0.0,0.0,POLYCAB.NS
2025-12-29 10:15:00+05:30,7589.0,7589.5,7565.0,7569.0,6656,0.0,0.0,POLYCAB.NS
2025-12-29 10:30:00+05:30,7566.5,7580.0,7558.0,7559.0,21726,0.0,0.0,POLYCAB.NS
2025-12-29 10:45:00+05:30,7557.0,7579.5,7557.0,7575.0,4298,0.0,0.0,POLYCAB.NS
2025-12-29 11:00:00+05:30,7573.0,7574.5,7545.5,7551.0,6921,0.0,0.0,POLYCAB.NS
2025-12-29 11:15:00+05:30,7551.5,7555.0,7538.0,7538.5,4423,0.0,0.0,POLYCAB.NS
2025-12-29 11:30:00+05:30,7541.0,7551.0,7532.5,7545.0,5488,0.0,0.0,POLYCAB.NS
2025-12-29 11:45:00+05:30,7545.5,7553.0,7534.5,7544.5,3912,0.0,0.0,POLYCAB.NS
2025-12-29 12:00:00+05:30,7541.5,7552.5,7534.0,7537.0,4264,0.0,0.0,POLYCAB.NS
2025-12-29 12:15:00+05:30,7537.5,7545.0,7523.0,7533.5,9929,0.0,0.0,POLYCAB.NS
2025-12-29 12:30:00+05:30,7528.5,7537.0,7504.0,7504.0,12743,0.0,0.0,POLYCAB.NS
2025-12-29 12:45:00+05:30,7505.0,7525.5,7501.5,7505.5,12405,0.0,0.0,POLYCAB.NS
2025-12-29 13:00:00+05:30,7507.0,7508.5,7483.5,7483.5,7740,0.0,0.0,POLYCAB.NS
2025-12-29 13:15:00+05:30,7482.5,7488.0,7469.0,7473.0,15865,0.0,0.0,POLYCAB.NS
2025-12-29 13:30:00+05:30,7471.0,7478.5,7462.0,7468.0,4168,0.0,0.0,POLYCAB.NS
2025-12-29 13:45:00+05:30,7468.0,7497.0,7464.5,7491.0,6940,0.0,0.0,POLYCAB.NS
2025-12-29 14:00:00+05:30,7488.0,7491.5,7470.0,7470.0,4396,0.0,0.0,POLYCAB.NS
2025-12-29 14:15:00+05:30,7473.0,7482.5,7468.0,7468.0,4830,0.0,0.0,POLYCAB.NS
2025-12-29 14:30:00+05:30,7470.0,7476.0,7465.5,7467.0,5911,0.0,0.0,POLYCAB.NS
2025-12-29 14:45:00+05:30,7467.0,7497.0,7464.0,7490.0,9439,0.0,0.0,POLYCAB.NS
2025-12-29 15:00:00+05:30,7499.5,7499.5,7482.0,7499.5,11126,0.0,0.0,POLYCAB.NS
2025-12-29 15:15:00+05:30,7497.0,7505.0,7483.5,7500.0,13868,0.0,0.0,POLYCAB.NS
2025-12-30 09:15:00+05:30,7505.0,7516.5,7489.0,7508.5,3149,0.0,0.0,POLYCAB.NS
2025-12-30 09:30:00+05:30,7510.0,7545.0,7508.5,7543.0,6210,0.0,0.0,POLYCAB.NS
2025-12-30 09:45:00+05:30,7545.0,7555.0,7537.0,7545.0,8504,0.0,0.0,POLYCAB.NS
2025-12-30 10:00:00+05:30,7543.0,7560.5,7540.0,7557.0,4921,0.0,0.0,POLYCAB.NS
2025-12-30 10:15:00+05:30,7557.0,7580.5,7557.0,7576.5,5195,0.0,0.0,POLYCAB.NS
2025-12-30 10:30:00+05:30,7579.0,7581.0,7565.0,7568.0,2887,0.0,0.0,POLYCAB.NS
2025-12-30 10:45:00+05:30,7567.0,7574.5,7561.0,7567.0,4440,0.0,0.0,POLYCAB.NS
2025-12-30 11:00:00+05:30,7567.0,7577.5,7565.5,7572.5,5832,0.0,0.0,POLYCAB.NS
2025-12-30 11:15:00+05:30,7573.0,7595.0,7569.5,7590.5,8441,0.0,0.0,POLYCAB.NS
2025-12-30 11:30:00+05:30,7588.0,7592.0,7583.0,7592.0,6863,0.0,0.0,POLYCAB.NS
2025-12-30 11:45:00+05:30,7592.0,7596.0,7570.5,7575.0,10973,0.0,0.0,POLYCAB.NS
2025-12-30 12:00:00+05:30,7575.0,7581.0,7565.0,7566.0,4357,0.0,0.0,POLYCAB.NS
2025-12-30 12:15:00+05:30,7569.5,7576.0,7565.5,7575.5,5135,0.0,0.0,POLYCAB.NS
2025-12-30 12:30:00+05:30,7576.0,7580.0,7540.0,7548.5,14806,0.0,0.0,POLYCAB.NS
2025-12-30 12:45:00+05:30,7548.0,7560.5,7543.0,7555.5,4042,0.0,0.0,POLYCAB.NS
2025-12-30 13:00:00+05:30,7551.0,7583.0,7547.0,7567.5,6068,0.0,0.0,POLYCAB.NS
2025-12-30 13:15:00+05:30,7565.5,7572.5,7502.5,7513.5,27108,0.0,0.0,POLYCAB.NS
2025-12-30 13:30:00+05:30,7515.0,7528.5,7511.0,7522.5,13290,0.0,0.0,POLYCAB.NS
2025-12-30 13:45:00+05:30,7524.5,7545.0,7510.0,7538.0,9981,0.0,0.0,POLYCAB.NS
2025-12-30 14:00:00+05:30,7534.0,7547.5,7525.5,7544.0,8091,0.0,0.0,POLYCAB.NS
2025-12-30 14:15:00+05:30,7544.0,7545.5,7499.5,7513.5,34900,0.0,0.0,POLYCAB.NS
2025-12-30 14:30:00+05:30,7511.0,7521.0,7497.0,7500.0,14808,0.0,0.0,POLYCAB.NS
2025-12-30 14:45:00+05:30,7499.5,7500.0,7492.0,7500.0,30222,0.0,0.0,POLYCAB.NS
2025-12-30 15:00:00+05:30,7500.0,7501.5,7484.5,7499.5,61795,0.0,0.0,POLYCAB.NS
2025-12-30 15:15:00+05:30,7498.5,7500.0,7490.0,7497.0,62262,0.0,0.0,POLYCAB.NS
2025-12-31 09:15:00+05:30,7520.0,7549.5,7512.5,7543.0,9236,0.0,0.0,POLYCAB.NS
2025-12-31 09:30:00+05:30,7543.0,7574.0,7543.0,7547.0,6293,0.0,0.0,POLYCAB.NS
2025-12-31 09:45:00+05:30,7547.0,7572.0,7543.0,7568.5,5976,0.0,0.0,POLYCAB.NS
2025-12-31 10:00:00+05:30,7568.0,7579.5,7561.5,7569.5,3300,0.0,0.0,POLYCAB.NS
2025-12-31 10:15:00+05:30,7575.0,7597.5,7565.0,7596.0,9209,0.0,0.0,POLYCAB.NS
2025-12-31 10:30:00+05:30,7595.5,7621.5,7588.0,7615.0,9760,0.0,0.0,POLYCAB.NS
2025-12-31 10:45:00+05:30,7615.0,7619.5,7592.0,7592.5,7066,0.0,0.0,POLYCAB.NS
2025-12-31 11:00:00+05:30,7593.5,7600.0,7587.5,7590.5,3204,0.0,0.0,POLYCAB.NS
2025-12-31 11:15:00+05:30,7591.5,7591.5,7565.0,7568.0,5175,0.0,0.0,POLYCAB.NS
2025-12-31 11:30:00+05:30,7568.5,7594.0,7565.0,7588.0,2690,0.0,0.0,POLYCAB.NS
2025-12-31 11:45:00+05:30,7590.5,7625.0,7588.0,7613.5,17323,0.0,0.0,POLYCAB.NS
2025-12-31 12:00:00+05:30,7613.5,7642.0,7611.0,7639.5,9024,0.0,0.0,POLYCAB.NS
2025-12-31 12:15:00+05:30,7639.5,7648.0,7635.5,7639.0,5487,0.0,0.0,POLYCAB.NS
2025-12-31 12:30:00+05:30,7636.5,7642.0,7632.0,7637.0,4141,0.0,0.0,POLYCAB.NS
2025-12-31 12:45:00+05:30,7637.0,7648.0,7634.0,7641.0,4009,0.0,0.0,POLYCAB.NS
2025-12-31 13:00:00+05:30,7641.0,7658.0,7637.0,7655.5,7755,0.0,0.0,POLYCAB.NS
2025-12-31 13:15:00+05:30,7656.0,7656.0,7644.0,7649.0,2472,0.0,0.0,POLYCAB.NS
2025-12-31 13:30:00+05:30,7645.5,7653.0,7641.0,7645.5,2044,0.0,0.0,POLYCAB.NS
2025-12-31 13:45:00+05:30,7645.5,7659.0,7643.0,7653.5,3104,0.0,0.0,POLYCAB.NS
2025-12-31 14:00:00+05:30,7653.5,7658.5,7644.5,7647.0,3556,0.0,0.0,POLYCAB.NS
2025-12-31 14:15:00+05:30,7646.0,7646.0,7629.0,7637.0,4205,0.0,0.0,POLYCAB.NS
2025-12-31 14:30:00+05:30,7637.0,7650.0,7636.5,7645.5,3614,0.0,0.0,POLYCAB.NS
2025-12-31 14:45:00+05:30,7645.0,7656.0,7639.0,7650.0,20704,0.0,0.0,POLYCAB.NS
2025-12-31 15:00:00+05:30,7656.5,7656.5,7625.0,7626.0,23663,0.0,0.0,POLYCAB.NS
2025-12-31 15:15:00+05:30,7627.5,7630.0,7595.0,7619.0,56024,0.0,0.0,POLYCAB.NS
2026-01-01 09:15:00+05:30,7600.0,7600.0,7562.0,7582.5,7543,0.0,0.0,POLYCAB.NS
2026-01-01 09:30:00+05:30,7583.5,7605.5,7570.0,7570.0,4765,0.0,0.0,POLYCAB.NS
2026-01-01 09:45:00+05:30,7570.5,7574.0,7558.0,7563.0,4547,0.0,0.0,POLYCAB.NS
2026-01-01 10:00:00+05:30,7563.5,7566.5,7545.0,7545.0,5429,0.0,0.0,POLYCAB.NS
2026-01-01 10:15:00+05:30,7545.0,7545.0,7520.0,7541.0,4914,0.0,0.0,POLYCAB.NS
2026-01-01 10:30:00+05:30,7541.0,7565.5,7540.0,7547.0,4535,0.0,0.0,POLYCAB.NS
2026-01-01 10:45:00+05:30,7547.0,7555.0,7533.5,7540.5,1964,0.0,0.0,POLYCAB.NS
2026-01-01 11:00:00+05:30,7538.5,7560.0,7535.5,7558.5,2438,0.0,0.0,POLYCAB.NS
2026-01-01 11:15:00+05:30,7558.5,7592.5,7556.0,7586.0,4144,0.0,0.0,POLYCAB.NS
2026-01-01 11:30:00+05:30,7585.0,7620.0,7580.5,7611.0,5484,0.0,0.0,POLYCAB.NS
2026-01-01 11:45:00+05:30,7609.0,7624.0,7602.5,7623.0,6961,0.0,0.0,POLYCAB.NS
2026-01-01 12:00:00+05:30,7623.0,7633.5,7607.0,7611.0,4517,0.0,0.0,POLYCAB.NS
2026-01-01 12:15:00+05:30,7610.5,7616.0,7600.5,7601.0,2101,0.0,0.0,POLYCAB.NS
2026-01-01 12:30:00+05:30,7604.0,7608.0,7599.5,7601.0,2450,0.0,0.0,POLYCAB.NS
2026-01-01 12:45:00+05:30,7599.5,7612.0,7599.5,7611.0,1592,0.0,0.0,POLYCAB.NS
2026-01-01 13:00:00+05:30,7611.5,7612.0,7594.0,7598.5,2237,0.0,0.0,POLYCAB.NS
2026-01-01 13:15:00+05:30,7599.5,7610.0,7597.0,7603.0,2447,0.0,0.0,POLYCAB.NS
2026-01-01 13:30:00+05:30,7603.0,7617.0,7602.0,7612.5,3284,0.0,0.0,POLYCAB.NS
2026-01-01 13:45:00+05:30,7613.5,7647.5,7610.0,7647.5,7516,0.0,0.0,POLYCAB.NS
2026-01-01 14:00:00+05:30,7645.0,7649.0,7630.5,7646.5,6770,0.0,0.0,POLYCAB.NS
2026-01-01 14:15:00+05:30,7646.0,7656.0,7644.5,7651.5,4520,0.0,0.0,POLYCAB.NS
2026-01-01 14:30:00+05:30,7651.0,7670.0,7646.0,7668.0,11125,0.0,0.0,POLYCAB.NS
2026-01-01 14:45:00+05:30,7669.0,7672.0,7645.0,7653.0,6760,0.0,0.0,POLYCAB.NS
2026-01-01 15:00:00+05:30,7653.0,7680.0,7653.0,7678.5,10719,0.0,0.0,POLYCAB.NS
2026-01-01 15:15:00+05:30,7678.5,7693.0,7665.0,7685.0,14431,0.0,0.0,POLYCAB.NS
2026-01-02 09:15:00+05:30,7673.0,7782.5,7673.0,7766.0,13748,0.0,0.0,POLYCAB.NS
2026-01-02 09:30:00+05:30,7766.0,7817.5,7754.0,7812.0,20633,0.0,0.0,POLYCAB.NS
2026-01-02 09:45:00+05:30,7810.0,7820.0,7790.0,7795.0,15420,0.0,0.0,POLYCAB.NS
2026-01-02 10:00:00+05:30,7794.5,7812.0,7790.0,7805.0,6963,0.0,0.0,POLYCAB.NS
2026-01-02 10:15:00+05:30,7804.0,7811.5,7790.0,7802.0,6529,0.0,0.0,POLYCAB.NS
2026-01-02 10:30:00+05:30,7802.0,7802.5,7792.0,7795.5,3899,0.0,0.0,POLYCAB.NS
2026-01-02 10:45:00+05:30,7795.0,7800.0,7766.5,7775.0,5644,0.0,0.0,POLYCAB.NS
2026-01-02 11:00:00+05:30,7771.5,7777.0,7761.0,7766.0,3430,0.0,0.0,POLYCAB.NS
2026-01-02 11:15:00+05:30,7767.0,7785.5,7764.0,7776.5,6962,0.0,0.0,POLYCAB.NS
2026-01-02 11:30:00+05:30,7773.0,7794.0,7770.5,7773.0,5702,0.0,0.0,POLYCAB.NS
2026-01-02 11:45:00+05:30,7773.0,7780.0,7771.0,7772.0,1698,0.0,0.0,POLYCAB.NS
2026-01-02 12:00:00+05:30,7771.5,7780.5,7761.0,7773.0,5761,0.0,0.0,POLYCAB.NS
2026-01-02 12:15:00+05:30,7773.0,7780.0,7769.5,7778.0,3505,0.0,0.0,POLYCAB.NS
2026-01-02 12:30:00+05:30,7778.0,7780.5,7771.0,7778.0,4121,0.0,0.0,POLYCAB.NS
2026-01-02 12:45:00+05:30,7779.0,7785.0,7772.5,7772.5,3733,0.0,0.0,POLYCAB.NS
2026-01-02 13:00:00+05:30,7772.5,7788.5,7772.5,7774.0,3742,0.0,0.0,POLYCAB.NS
2026-01-02 13:15:00+05:30,7775.0,7784.5,7770.0,7772.5,2957,0.0,0.0,POLYCAB.NS
2026-01-02 13:30:00+05:30,7772.5,7775.0,7768.0,7771.0,2257,0.0,0.0,POLYCAB.NS
2026-01-02 13:45:00+05:30,7770.5,7778.0,7770.0,7775.0,1656,0.0,0.0,POLYCAB.NS
2026-01-02 14:00:00+05:30,7775.0,7783.5,7768.0,7780.0,2758,0.0,0.0,POLYCAB.NS
2026-01-02 14:15:00+05:30,7780.0,7794.5,7769.0,7779.5,9018,0.0,0.0,POLYCAB.NS
2026-01-02 14:30:00+05:30,7779.5,7782.5,7770.0,7775.5,5092,0.0,0.0,POLYCAB.NS
2026-01-02 14:45:00+05:30,7777.0,7791.0,7771.0,7787.5,12206,0.0,0.0,POLYCAB.NS
2026-01-02 15:00:00+05:30,7795.0,7804.5,7793.5,7796.0,15843,0.0,0.0,POLYCAB.NS
2026-01-02 15:15:00+05:30,7793.5,7810.0,7787.5,7802.0,22695,0.0,0.0,POLYCAB.NS
2026-01-05 09:15:00+05:30,7745.0,7745.0,7587.5,7681.5,722352,0.0,0.0,POLYCAB.NS
2026-01-05 09:30:00+05:30,7684.0,7684.0,7646.0,7652.0,25091,0.0,0.0,POLYCAB.NS
2026-01-05 09:45:00+05:30,7652.0,7656.0,7626.0,7642.0,15818,0.0,0.0,POLYCAB.NS
2026-01-05 10:00:00+05:30,7641.0,7705.0,7626.0,7700.0,28825,0.0,0.0,POLYCAB.NS
2026-01-05 10:15:00+05:30,7702.5,7749.0,7686.0,7701.0,16785,0.0,0.0,POLYCAB.NS
2026-01-05 10:30:00+05:30,7701.0,7760.0,7696.5,7732.0,19166,0.0,0.0,POLYCAB.NS
2026-01-05 10:45:00+05:30,7732.5,7736.0,7718.5,7728.5,6820,0.0,0.0,POLYCAB.NS
2026-01-05 11:00:00+05:30,7729.5,7748.5,7723.5,7742.5,6220,0.0,0.0,POLYCAB.NS
2026-01-05 11:15:00+05:30,7744.0,7750.0,7711.5,7721.5,6331,0.0,0.0,POLYCAB.NS
2026-01-05 11:30:00+05:30,7718.5,7742.5,7711.0,7735.0,8457,0.0,0.0,POLYCAB.NS
2026-01-05 11:45:00+05:30,7734.5,7750.0,7734.0,7735.5,3980,0.0,0.0,POLYCAB.NS
2026-01-05 12:00:00+05:30,7737.0,7745.0,7731.0,7739.5,2789,0.0,0.0,POLYCAB.NS
2026-01-05 12:15:00+05:30,7739.5,7755.0,7739.0,7745.0,5405,0.0,0.0,POLYCAB.NS
2026-01-05 12:30:00+05:30,7745.0,7751.5,7734.0,7735.0,3163,0.0,0.0,POLYCAB.NS
2026-01-05 12:45:00+05:30,7735.0,7746.0,7734.0,7735.0,2373,0.0,0.0,POLYCAB.NS
2026-01-05 13:00:00+05:30,7736.5,7766.5,7730.5,7743.0,4686,0.0,0.0,POLYCAB.NS
2026-01-05 13:15:00+05:30,7743.0,7757.5,7740.0,7748.5,3177,0.0,0.0,POLYCAB.NS
2026-01-05 13:30:00+05:30,7751.5,7751.5,7731.5,7750.0,2740,0.0,0.0,POLYCAB.NS
2026-01-05 13:45:00+05:30,7748.5,7755.0,7730.0,7730.0,4626,0.0,0.0,POLYCAB.NS
2026-01-05 14:00:00+05:30,7730.5,7737.0,7716.5,7726.0,3718,0.0,0.0,POLYCAB.NS
2026-01-05 14:15:00+05:30,7726.0,7742.5,7725.5,7734.0,3171,0.0,0.0,POLYCAB.NS
2026-01-05 14:30:00+05:30,7729.5,7757.0,7729.5,7753.5,3443,0.0,0.0,POLYCAB.NS
2026-01-05 14:45:00+05:30,7756.5,7772.0,7751.5,7771.5,6457,0.0,0.0,POLYCAB.NS
2026-01-05 15:00:00+05:30,7773.0,7773.5,7759.0,7767.5,15914,0.0,0.0,POLYCAB.NS
2026-01-05 15:15:00+05:30,7765.0,7765.0,7742.0,7757.0,18764,0.0,0.0,POLYCAB.NS
2026-01-06 09:15:00+05:30,7752.5,7867.0,7752.0,7863.0,19265,0.0,0.0,POLYCAB.NS
2026-01-06 09:30:00+05:30,7858.0,7867.5,7813.0,7832.0,13223,0.0,0.0,POLYCAB.NS
2026-01-06 09:45:00+05:30,7828.5,7850.0,7811.5,7815.0,17826,0.0,0.0,POLYCAB.NS
2026-01-06 10:00:00+05:30,7814.5,7825.0,7808.5,7812.0,7448,0.0,0.0,POLYCAB.NS
2026-01-06 10:15:00+05:30,7813.0,7821.5,7805.5,7816.0,28919,0.0,0.0,POLYCAB.NS
2026-01-06 10:30:00+05:30,7816.5,7821.0,7789.0,7796.0,7028,0.0,0.0,POLYCAB.NS
2026-01-06 10:45:00+05:30,7796.0,7815.0,7795.0,7804.0,4404,0.0,0.0,POLYCAB.NS
2026-01-06 11:00:00+05:30,7805.0,7820.0,7802.5,7811.0,5840,0.0,0.0,POLYCAB.NS
2026-01-06 11:15:00+05:30,7814.0,7814.0,7785.0,7800.0,3619,0.0,0.0,POLYCAB.NS
2026-01-06 11:30:00+05:30,7801.0,7801.5,7779.0,7794.0,4442,0.0,0.0,POLYCAB.NS
2026-01-06 11:45:00+05:30,7795.0,7798.0,7788.0,7789.5,2803,0.0,0.0,POLYCAB.NS
2026-01-06 12:00:00+05:30,7790.0,7791.5,7773.0,7783.0,12256,0.0,0.0,POLYCAB.NS
2026-01-06 12:15:00+05:30,7783.5,7788.0,7773.0,7773.5,3559,0.0,0.0,POLYCAB.NS
2026-01-06 12:30:00+05:30,7774.5,7798.5,7770.5,7797.0,2693,0.0,0.0,POLYCAB.NS
2026-01-06 12:45:00+05:30,7797.5,7799.0,7790.0,7795.5,3487,0.0,0.0,POLYCAB.NS
2026-01-06 13:00:00+05:30,7796.0,7801.0,7791.0,7791.0,14153,0.0,0.0,POLYCAB.NS
2026-01-06 13:15:00+05:30,7791.5,7797.0,7789.0,7792.0,1701,0.0,0.0,POLYCAB.NS
2026-01-06 13:30:00+05:30,7792.5,7808.0,7786.5,7808.0,3916,0.0,0.0,POLYCAB.NS
2026-01-06 13:45:00+05:30,7810.0,7813.0,7785.0,7787.0,24441,0.0,0.0,POLYCAB.NS
2026-01-06 14:00:00+05:30,7786.5,7788.0,7749.5,7751.5,4876,0.0,0.0,POLYCAB.NS
2026-01-06 14:15:00+05:30,7752.5,7759.5,7745.0,7750.5,5463,0.0,0.0,POLYCAB.NS
2026-01-06 14:30:00+05:30,7751.0,7800.0,7745.0,7790.0,20574,0.0,0.0,POLYCAB.NS
2026-01-06 14:45:00+05:30,7793.5,7819.5,7789.0,7819.5,46799,0.0,0.0,POLYCAB.NS
2026-01-06 15:00:00+05:30,7821.5,7834.0,7789.0,7799.0,53078,0.0,0.0,POLYCAB.NS
2026-01-06 15:15:00+05:30,7799.5,7799.5,7780.0,7795.0,44515,0.0,0.0,POLYCAB.NS
2026-01-07 09:15:00+05:30,7769.5,7917.5,7769.5,7901.0,31439,0.0,0.0,POLYCAB.NS
2026-01-07 09:30:00+05:30,7903.5,7915.0,7866.5,7891.5,34826,0.0,0.0,POLYCAB.NS
2026-01-07 09:45:00+05:30,7897.5,7915.5,7855.0,7901.5,60929,0.0,0.0,POLYCAB.NS
2026-01-07 10:00:00+05:30,7903.0,7927.5,7882.0,7906.5,27393,0.0,0.0,POLYCAB.NS
2026-01-07 10:15:00+05:30,7916.0,7917.0,7896.0,7896.5,9660,0.0,0.0,POLYCAB.NS
2026-01-07 10:30:00+05:30,7897.5,7909.0,7875.0,7900.0,10016,0.0,0.0,POLYCAB.NS
2026-01-07 10:45:00+05:30,7902.5,7932.0,7896.5,7910.0,22261,0.0,0.0,POLYCAB.NS
2026-01-07 11:00:00+05:30,7910.0,7921.5,7890.5,7890.5,8434,0.0,0.0,POLYCAB.NS
2026-01-07 11:15:00+05:30,7891.5,7894.0,7868.0,7874.5,7032,0.0,0.0,POLYCAB.NS
2026-01-07 11:30:00+05:30,7873.0,7876.0,7864.5,7874.5,11111,0.0,0.0,POLYCAB.NS
2026-01-07 11:45:00+05:30,7874.5,7874.5,7854.5,7855.0,4556,0.0,0.0,POLYCAB.NS
2026-01-07 12:00:00+05:30,7854.0,7863.5,7852.0,7863.5,3943,0.0,0.0,POLYCAB.NS
2026-01-07 12:15:00+05:30,7863.5,7867.5,7850.0,7850.0,5109,0.0,0.0,POLYCAB.NS
2026-01-07 12:30:00+05:30,7851.0,7867.5,7845.0,7851.0,4233,0.0,0.0,POLYCAB.NS
2026-01-07 12:45:00+05:30,7848.5,7861.5,7848.0,7860.0,3133,0.0,0.0,POLYCAB.NS
2026-01-07 13:00:00+05:30,7860.0,7876.0,7855.5,7868.5,3259,0.0,0.0,POLYCAB.NS
2026-01-07 13:15:00+05:30,7869.5,7884.0,7864.0,7874.5,6187,0.0,0.0,POLYCAB.NS
2026-01-07 13:30:00+05:30,7874.0,7880.0,7865.0,7877.5,3856,0.0,0.0,POLYCAB.NS
2026-01-07 13:45:00+05:30,7877.0,7900.5,7874.5,7890.0,10994,0.0,0.0,POLYCAB.NS
2026-01-07 14:00:00+05:30,7890.0,7908.0,7883.5,7907.5,5069,0.0,0.0,POLYCAB.NS
2026-01-07 14:15:00+05:30,7908.5,7908.5,7894.0,7905.0,8331,0.0,0.0,POLYCAB.NS
2026-01-07 14:30:00+05:30,7904.0,7909.0,7890.5,7901.5,7461,0.0,0.0,POLYCAB.NS
2026-01-07 14:45:00+05:30,7901.0,7920.0,7893.0,7919.0,11277,0.0,0.0,POLYCAB.NS
2026-01-07 15:00:00+05:30,7920.5,7920.5,7892.5,7899.5,19435,0.0,0.0,POLYCAB.NS
2026-01-07 15:15:00+05:30,7899.5,7900.5,7885.0,7897.0,30922,0.0,0.0,POLYCAB.NS
2026-01-08 09:15:00+05:30,7872.0,7910.5,7849.0,7849.5,10543,0.0,0.0,POLYCAB.NS
2026-01-08 09:30:00+05:30,7851.0,7903.0,7811.0,7887.0,17142,0.0,0.0,POLYCAB.NS
2026-01-08 09:45:00+05:30,7887.0,7941.5,7872.5,7925.5,27576,0.0,0.0,POLYCAB.NS
2026-01-08 10:00:00+05:30,7925.5,7937.0,7874.5,7893.0,20114,0.0,0.0,POLYCAB.NS
2026-01-08 10:15:00+05:30,7891.0,7900.0,7867.5,7897.0,15565,0.0,0.0,POLYCAB.NS
2026-01-08 10:30:00+05:30,7894.0,7894.0,7865.0,7875.5,9357,0.0,0.0,POLYCAB.NS
2026-01-08 10:45:00+05:30,7876.0,7878.0,7845.0,7850.0,9033,0.0,0.0,POLYCAB.NS
2026-01-08 11:00:00+05:30,7850.0,7852.5,7838.0,7842.5,8147,0.0,0.0,POLYCAB.NS
2026-01-08 11:15:00+05:30,7842.5,7862.5,7826.0,7860.0,12582,0.0,0.0,POLYCAB.NS
2026-01-08 11:30:00+05:30,7860.0,7878.5,7850.0,7869.5,6506,0.0,0.0,POLYCAB.NS
2026-01-08 11:45:00+05:30,7870.0,7878.0,7840.0,7851.0,6400,0.0,0.0,POLYCAB.NS
2026-01-08 12:00:00+05:30,7851.5,7863.0,7846.0,7860.0,8475,0.0,0.0,POLYCAB.NS
2026-01-08 12:15:00+05:30,7857.5,7866.0,7840.0,7849.0,16925,0.0,0.0,POLYCAB.NS
2026-01-08 12:30:00+05:30,7849.0,7852.0,7815.5,7833.5,22082,0.0,0.0,POLYCAB.NS
2026-01-08 12:45:00+05:30,7833.0,7833.0,7815.0,7819.0,3750,0.0,0.0,POLYCAB.NS
2026-01-08 13:00:00+05:30,7819.0,7841.0,7811.0,7831.5,5205,0.0,0.0,POLYCAB.NS
2026-01-08 13:15:00+05:30,7831.0,7831.5,7803.0,7804.0,6367,0.0,0.0,POLYCAB.NS
2026-01-08 13:30:00+05:30,7806.0,7817.5,7802.5,7807.5,4696,0.0,0.0,POLYCAB.NS
2026-01-08 13:45:00+05:30,7807.5,7816.5,7802.0,7806.0,6621,0.0,0.0,POLYCAB.NS
2026-01-08 14:00:00+05:30,7807.5,7810.0,7790.0,7792.5,7262,0.0,0.0,POLYCAB.NS
2026-01-08 14:15:00+05:30,7792.0,7799.5,7757.0,7757.0,7343,0.0,0.0,POLYCAB.NS
2026-01-08 14:30:00+05:30,7760.5,7783.0,7750.0,7772.0,8597,0.0,0.0,POLYCAB.NS
2026-01-08 14:45:00+05:30,7777.5,7792.5,7768.0,7789.0,9348,0.0,0.0,POLYCAB.NS
2026-01-08 15:00:00+05:30,7794.0,7794.0,7723.0,7743.5,19996,0.0,0.0,POLYCAB.NS
2026-01-08 15:15:00+05:30,7746.5,7776.0,7727.0,7776.0,40923,0.0,0.0,POLYCAB.NS
2026-01-09 09:15:00+05:30,7715.0,7753.0,7690.0,7690.0,9489,0.0,0.0,POLYCAB.NS
2026-01-09 09:30:00+05:30,7686.0,7704.5,7651.0,7685.0,11312,0.0,0.0,POLYCAB.NS
2026-01-09 09:45:00+05:30,7685.5,7746.0,7682.5,7738.0,9056,0.0,0.0,POLYCAB.NS
2026-01-09 10:00:00+05:30,7738.0,7749.5,7707.0,7709.0,4533,0.0,0.0,POLYCAB.NS
2026-01-09 10:15:00+05:30,7710.0,7746.5,7709.5,7712.5,6798,0.0,0.0,POLYCAB.NS
2026-01-09 10:30:00+05:30,7710.0,7715.0,7666.0,7692.0,10396,0.0,0.0,POLYCAB.NS
2026-01-09 10:45:00+05:30,7689.5,7702.0,7657.0,7667.0,5785,0.0,0.0,POLYCAB.NS
2026-01-09 11:00:00+05:30,7666.5,7679.5,7653.0,7660.5,7189,0.0,0.0,POLYCAB.NS
2026-01-09 11:15:00+05:30,7656.0,7670.0,7642.5,7663.0,6066,0.0,0.0,POLYCAB.NS
2026-01-09 11:30:00+05:30,7667.0,7685.0,7660.0,7664.5,4194,0.0,0.0,POLYCAB.NS
2026-01-09 11:45:00+05:30,7665.5,7669.5,7648.0,7653.0,3701,0.0,0.0,POLYCAB.NS
2026-01-09 12:00:00+05:30,7652.5,7701.0,7629.5,7676.0,10722,0.0,0.0,POLYCAB.NS
2026-01-09 12:15:00+05:30,7676.0,7690.0,7664.5,7665.0,7843,0.0,0.0,POLYCAB.NS
2026-01-09 12:30:00+05:30,7664.0,7675.0,7655.0,7666.5,7654,0.0,0.0,POLYCAB.NS
2026-01-09 12:45:00+05:30,7671.5,7685.5,7645.0,7674.0,7490,0.0,0.0,POLYCAB.NS
2026-01-09 13:00:00+05:30,7677.0,7684.0,7660.0,7662.0,8034,0.0,0.0,POLYCAB.NS
2026-01-09 13:15:00+05:30,7660.5,7714.0,7651.0,7709.0,9878,0.0,0.0,POLYCAB.NS
2026-01-09 13:30:00+05:30,7712.0,7769.0,7707.0,7757.0,22753,0.0,0.0,POLYCAB.NS
2026-01-09 13:45:00+05:30,7754.5,7759.5,7711.5,7736.5,9619,0.0,0.0,POLYCAB.NS
2026-01-09 14:00:00+05:30,7736.0,7744.5,7679.0,7684.5,24054,0.0,0.0,POLYCAB.NS
2026-01-09 14:15:00+05:30,7680.5,7692.0,7663.5,7664.0,18129,0.0,0.0,POLYCAB.NS
2026-01-09 14:30:00+05:30,7668.5,7686.5,7648.0,7680.5,20158,0.0,0.0,POLYCAB.NS
2026-01-09 14:45:00+05:30,7683.5,7717.5,7680.5,7715.5,20642,0.0,0.0,POLYCAB.NS
2026-01-09 15:00:00+05:30,7723.5,7723.5,7671.0,7684.0,27007,0.0,0.0,POLYCAB.NS
2026-01-09 15:15:00+05:30,7685.5,7699.0,7669.5,7685.0,25178,0.0,0.0,POLYCAB.NS
2026-01-12 09:15:00+05:30,7684.0,7684.0,7618.0,7623.5,20760,0.0,0.0,POLYCAB.NS
2026-01-12 09:30:00+05:30,7622.0,7664.0,7621.0,7621.5,12922,0.0,0.0,POLYCAB.NS
2026-01-12 09:45:00+05:30,7621.0,7661.5,7609.5,7624.0,14460,0.0,0.0,POLYCAB.NS
2026-01-12 10:00:00+05:30,7624.5,7661.5,7613.0,7613.5,8387,0.0,0.0,POLYCAB.NS
2026-01-12 10:15:00+05:30,7616.5,7680.0,7614.5,7661.0,7970,0.0,0.0,POLYCAB.NS
2026-01-12 10:30:00+05:30,7657.0,7664.0,7634.0,7634.0,5567,0.0,0.0,POLYCAB.NS
2026-01-12 10:45:00+05:30,7632.5,7652.0,7622.0,7627.0,4989,0.0,0.0,POLYCAB.NS
2026-01-12 11:00:00+05:30,7626.5,7636.5,7621.5,7630.0,4844,0.0,0.0,POLYCAB.NS
2026-01-12 11:15:00+05:30,7632.5,7636.0,7613.0,7613.0,3746,0.0,0.0,POLYCAB.NS
2026-01-12 11:30:00+05:30,7613.0,7613.0,7587.0,7592.0,6515,0.0,0.0,POLYCAB.NS
2026-01-12 11:45:00+05:30,7592.0,7609.0,7576.5,7592.5,5419,0.0,0.0,POLYCAB.NS
2026-01-12 12:00:00+05:30,7591.5,7628.5,7580.5,7628.5,7592,0.0,0.0,POLYCAB.NS
2026-01-12 12:15:00+05:30,7625.0,7645.0,7610.0,7625.5,19180,0.0,0.0,POLYCAB.NS
2026-01-12 12:30:00+05:30,7626.0,7643.0,7617.0,7631.0,10344,0.0,0.0,POLYCAB.NS
2026-01-12 12:45:00+05:30,7632.0,7645.0,7625.5,7625.5,8361,0.0,0.0,POLYCAB.NS
2026-01-12 13:00:00+05:30,7625.5,7625.5,7594.0,7616.5,7741,0.0,0.0,POLYCAB.NS
2026-01-12 13:15:00+05:30,7617.5,7624.5,7595.5,7596.0,4310,0.0,0.0,POLYCAB.NS
2026-01-12 13:30:00+05:30,7596.5,7638.0,7595.5,7620.0,9191,0.0,0.0,POLYCAB.NS
2026-01-12 13:45:00+05:30,7620.0,7638.0,7620.0,7633.5,6620,0.0,0.0,POLYCAB.NS
2026-01-12 14:00:00+05:30,7633.0,7650.5,7627.0,7633.0,8836,0.0,0.0,POLYCAB.NS
2026-01-12 14:15:00+05:30,7634.5,7643.5,7627.0,7634.0,6284,0.0,0.0,POLYCAB.NS
2026-01-12 14:30:00+05:30,7632.0,7637.0,7605.5,7626.5,13079,0.0,0.0,POLYCAB.NS
2026-01-12 14:45:00+05:30,7624.5,7652.0,7617.5,7649.0,13808,0.0,0.0,POLYCAB.NS
2026-01-12 15:00:00+05:30,7643.5,7643.5,7622.0,7625.5,18572,0.0,0.0,POLYCAB.NS
2026-01-12 15:15:00+05:30,7624.0,7642.0,7615.5,7629.0,27836,0.0,0.0,POLYCAB.NS
2026-01-13 09:15:00+05:30,7633.0,7663.0,7561.0,7564.5,20019,0.0,0.0,POLYCAB.NS
2026-01-13 09:30:00+05:30,7564.5,7579.5,7525.0,7535.0,15882,0.0,0.0,POLYCAB.NS
2026-01-13 09:45:00+05:30,7546.0,7568.0,7526.0,7532.0,5868,0.0,0.0,POLYCAB.NS
2026-01-13 10:00:00+05:30,7532.0,7575.0,7532.0,7536.5,5336,0.0,0.0,POLYCAB.NS
2026-01-13 10:15:00+05:30,7535.0,7555.5,7522.0,7552.0,8364,0.0,0.0,POLYCAB.NS
2026-01-13 10:30:00+05:30,7552.0,7578.0,7537.5,7546.0,9306,0.0,0.0,POLYCAB.NS
2026-01-13 10:45:00+05:30,7548.5,7557.0,7535.0,7537.5,4272,0.0,0.0,POLYCAB.NS
2026-01-13 11:00:00+05:30,7538.0,7541.0,7521.0,7535.0,4526,0.0,0.0,POLYCAB.NS
2026-01-13 11:15:00+05:30,7537.0,7563.0,7535.0,7554.5,4143,0.0,0.0,POLYCAB.NS
2026-01-13 11:30:00+05:30,7554.5,7562.0,7537.0,7538.5,6350,0.0,0.0,POLYCAB.NS
2026-01-13 11:45:00+05:30,7539.0,7556.5,7537.0,7556.5,2397,0.0,0.0,POLYCAB.NS
2026-01-13 12:00:00+05:30,7540.0,7543.5,7527.0,7528.0,11433,0.0,0.0,POLYCAB.NS
2026-01-13 12:15:00+05:30,7528.0,7536.5,7521.0,7531.0,3984,0.0,0.0,POLYCAB.NS
2026-01-13 12:30:00+05:30,7534.5,7543.5,7512.0,7520.5,3531,0.0,0.0,POLYCAB.NS
2026-01-13 12:45:00+05:30,7520.0,7520.0,7493.0,7495.0,9282,0.0,0.0,POLYCAB.NS
2026-01-13 13:00:00+05:30,7493.0,7497.5,7477.0,7486.5,7928,0.0,0.0,POLYCAB.NS
2026-01-13 13:15:00+05:30,7487.0,7496.5,7473.5,7474.0,3104,0.0,0.0,POLYCAB.NS
2026-01-13 13:30:00+05:30,7472.0,7493.5,7465.5,7481.5,4509,0.0,0.0,POLYCAB.NS
2026-01-13 13:45:00+05:30,7479.0,7485.5,7460.0,7460.0,5359,0.0,0.0,POLYCAB.NS
2026-01-13 14:00:00+05:30,7460.0,7466.0,7411.5,7424.5,13327,0.0,0.0,POLYCAB.NS
2026-01-13 14:15:00+05:30,7423.5,7431.0,7402.0,7425.0,24724,0.0,0.0,POLYCAB.NS
2026-01-13 14:30:00+05:30,7430.0,7479.5,7428.0,7472.0,23255,0.0,0.0,POLYCAB.NS
2026-01-13 14:45:00+05:30,7476.5,7499.5,7474.0,7491.0,23650,0.0,0.0,POLYCAB.NS
2026-01-13 15:00:00+05:30,7494.0,7556.0,7489.0,7552.0,96115,0.0,0.0,POLYCAB.NS
2026-01-13 15:15:00+05:30,7552.0,7582.5,7495.0,7555.0,111590,0.0,0.0,POLYCAB.NS
2026-01-14 09:15:00+05:30,7350.0,7535.5,7349.5,7397.0,734748,0.0,0.0,POLYCAB.NS
2026-01-14 09:30:00+05:30,7397.0,7434.0,7367.5,7418.0,59687,0.0,0.0,POLYCAB.NS
2026-01-14 09:45:00+05:30,7415.0,7449.0,7402.0,7415.5,22707,0.0,0.0,POLYCAB.NS
2026-01-14 10:00:00+05:30,7415.5,7425.0,7390.5,7395.0,16215,0.0,0.0,POLYCAB.NS
2026-01-14 10:15:00+05:30,7397.0,7408.5,7380.0,7398.5,14105,0.0,0.0,POLYCAB.NS
2026-01-14 10:30:00+05:30,7401.0,7429.5,7371.0,7399.0,18734,0.0,0.0,POLYCAB.NS
2026-01-14 10:45:00+05:30,7397.0,7435.0,7391.5,7428.5,8608,0.0,0.0,POLYCAB.NS
2026-01-14 11:00:00+05:30,7431.5,7431.5,7377.0,7377.0,11655,0.0,0.0,POLYCAB.NS
2026-01-14 11:15:00+05:30,7374.5,7411.0,7374.5,7388.5,7825,0.0,0.0,POLYCAB.NS
2026-01-14 11:30:00+05:30,7386.5,7395.0,7377.5,7390.5,7945,0.0,0.0,POLYCAB.NS
2026-01-14 11:45:00+05:30,7388.5,7421.0,7371.0,7379.5,13717,0.0,0.0,POLYCAB.NS
2026-01-14 12:00:00+05:30,7383.0,7390.0,7361.5,7361.5,10705,0.0,0.0,POLYCAB.NS
2026-01-14 12:15:00+05:30,7364.5,7394.0,7351.0,7373.0,9469,0.0,0.0,POLYCAB.NS
2026-01-14 12:30:00+05:30,7372.0,7385.0,7363.5,7373.0,8263,0.0,0.0,POLYCAB.NS
2026-01-14 12:45:00+05:30,7372.0,7388.0,7370.0,7378.5,5460,0.0,0.0,POLYCAB.NS
2026-01-14 13:00:00+05:30,7380.0,7384.0,7356.0,7359.0,8792,0.0,0.0,POLYCAB.NS
2026-01-14 13:15:00+05:30,7359.0,7375.5,7342.0,7347.0,22300,0.0,0.0,POLYCAB.NS
2026-01-14 13:30:00+05:30,7345.0,7354.0,7337.0,7337.0,19641,0.0,0.0,POLYCAB.NS
2026-01-14 13:45:00+05:30,7336.5,7337.0,7305.5,7334.0,29330,0.0,0.0,POLYCAB.NS
2026-01-14 14:00:00+05:30,7333.0,7369.0,7318.0,7368.5,25197,0.0,0.0,POLYCAB.NS
2026-01-14 14:15:00+05:30,7368.5,7381.0,7351.5,7354.5,23247,0.0,0.0,POLYCAB.NS
2026-01-14 14:30:00+05:30,7353.0,7359.5,7342.0,7350.0,13171,0.0,0.0,POLYCAB.NS
2026-01-14 14:45:00+05:30,7350.0,7364.0,7337.5,7345.0,19915,0.0,0.0,POLYCAB.NS
2026-01-14 15:00:00+05:30,7344.0,7344.0,7318.0,7332.0,47552,0.0,0.0,POLYCAB.NS
2026-01-14 15:15:00+05:30,7332.0,7332.0,7308.0,7318.0,60387,0.0,0.0,POLYCAB.NS
2026-01-16 09:15:00+05:30,7275.0,7303.0,7226.0,7288.0,25881,0.0,0.0,POLYCAB.NS
2026-01-16 09:30:00+05:30,7289.5,7295.0,7227.5,7255.5,24648,0.0,0.0,POLYCAB.NS
2026-01-16 09:45:00+05:30,7255.0,7333.5,7255.0,7286.0,26861,0.0,0.0,POLYCAB.NS
2026-01-16 10:00:00+05:30,7284.0,7293.0,7258.0,7272.5,13133,0.0,0.0,POLYCAB.NS
2026-01-16 10:15:00+05:30,7274.5,7298.0,7255.5,7291.5,15474,0.0,0.0,POLYCAB.NS
2026-01-16 10:30:00+05:30,7296.0,7305.0,7270.5,7281.5,10015,0.0,0.0,POLYCAB.NS
2026-01-16 10:45:00+05:30,7282.0,7294.5,7280.5,7291.0,4645,0.0,0.0,POLYCAB.NS
2026-01-16 11:00:00+05:30,7288.5,7315.5,7288.5,7305.0,9338,0.0,0.0,POLYCAB.NS
2026-01-16 11:15:00+05:30,7304.0,7353.5,7300.0,7342.5,23706,0.0,0.0,POLYCAB.NS
2026-01-16 11:30:00+05:30,7343.5,7354.5,7327.0,7344.0,11136,0.0,0.0,POLYCAB.NS
2026-01-16 11:45:00+05:30,7345.5,7355.0,7321.0,7337.5,10120,0.0,0.0,POLYCAB.NS
2026-01-16 12:00:00+05:30,7337.0,7350.0,7323.0,7340.0,13775,0.0,0.0,POLYCAB.NS
2026-01-16 12:15:00+05:30,7339.5,7346.0,7300.0,7309.0,8849,0.0,0.0,POLYCAB.NS
2026-01-16 12:30:00+05:30,7306.0,7344.0,7305.5,7336.5,12301,0.0,0.0,POLYCAB.NS
2026-01-16 12:45:00+05:30,7336.5,7356.0,7329.5,7336.0,8233,0.0,0.0,POLYCAB.NS
2026-01-16 13:00:00+05:30,7336.0,7347.0,7316.0,7323.5,16223,0.0,0.0,POLYCAB.NS
2026-01-16 13:15:00+05:30,7322.5,7326.5,7250.5,7257.5,23260,0.0,0.0,POLYCAB.NS
2026-01-16 13:30:00+05:30,7258.5,7273.0,7245.0,7253.0,17592,0.0,0.0,POLYCAB.NS
2026-01-16 13:45:00+05:30,7253.0,7276.5,7252.5,7260.0,11328,0.0,0.0,POLYCAB.NS
2026-01-16 14:00:00+05:30,7259.5,7271.5,7252.0,7252.0,7499,0.0,0.0,POLYCAB.NS
2026-01-16 14:15:00+05:30,7256.5,7276.0,7228.5,7254.0,17271,0.0,0.0,POLYCAB.NS
2026-01-16 14:30:00+05:30,7256.0,7260.5,7229.0,7255.0,8537,0.0,0.0,POLYCAB.NS
2026-01-16 14:45:00+05:30,7255.5,7269.5,7252.0,7268.0,17364,0.0,0.0,POLYCAB.NS
2026-01-16 15:00:00+05:30,7266.0,7282.0,7173.0,7173.0,54655,0.0,0.0,POLYCAB.NS
2026-01-16 15:15:00+05:30,7178.5,7249.5,7027.5,7050.0,368434,0.0,0.0,POLYCAB.NS
2026-01-19 09:15:00+05:30,7191.0,7338.5,7191.0,7309.0,103184,0.0,0.0,POLYCAB.NS
2026-01-19 09:30:00+05:30,7309.5,7311.5,7202.0,7261.0,97275,0.0,0.0,POLYCAB.NS
2026-01-19 09:45:00+05:30,7260.5,7288.0,7246.5,7248.5,38453,0.0,0.0,POLYCAB.NS
2026-01-19 10:00:00+05:30,7247.0,7270.0,7233.5,7256.0,33120,0.0,0.0,POLYCAB.NS
2026-01-19 10:15:00+05:30,7258.0,7345.0,7258.0,7343.5,60316,0.0,0.0,POLYCAB.NS
2026-01-19 10:30:00+05:30,7340.0,7367.0,7321.5,7335.0,38497,0.0,0.0,POLYCAB.NS
2026-01-19 10:45:00+05:30,7340.5,7358.5,7330.5,7358.0,43088,0.0,0.0,POLYCAB.NS
2026-01-19 11:00:00+05:30,7358.0,7380.0,7347.0,7376.0,81756,0.0,0.0,POLYCAB.NS
2026-01-19 11:15:00+05:30,7121.5,7350.0,7121.5,7349.0,44496,0.0,0.0,POLYCAB.NS
2026-01-19 11:30:00+05:30,7349.5,7350.0,7327.5,7346.5,24475,0.0,0.0,POLYCAB.NS
2026-01-19 11:45:00+05:30,7345.5,7349.0,7314.5,7329.0,16665,0.0,0.0,POLYCAB.NS
2026-01-19 12:00:00+05:30,7330.0,7345.0,7321.0,7343.0,10846,0.0,0.0,POLYCAB.NS
2026-01-19 12:15:00+05:30,7342.0,7358.0,7342.0,7350.0,21880,0.0,0.0,POLYCAB.NS
2026-01-19 12:30:00+05:30,7348.5,7368.5,7342.5,7361.5,28312,0.0,0.0,POLYCAB.NS
2026-01-19 12:45:00+05:30,7364.0,7417.0,7360.0,7407.0,67238,0.0,0.0,POLYCAB.NS
2026-01-19 13:00:00+05:30,7407.5,7410.0,7392.5,7397.0,32896,0.0,0.0,POLYCAB.NS
2026-01-19 13:15:00+05:30,7397.0,7415.0,7387.5,7388.0,30362,0.0,0.0,POLYCAB.NS
2026-01-19 13:30:00+05:30,7389.0,7414.0,7386.0,7411.0,28028,0.0,0.0,POLYCAB.NS
2026-01-19 13:45:00+05:30,7411.0,7413.0,7384.0,7394.0,38249,0.0,0.0,POLYCAB.NS
2026-01-19 14:00:00+05:30,7394.0,7410.0,7390.5,7402.5,34879,0.0,0.0,POLYCAB.NS
2026-01-19 14:15:00+05:30,7402.5,7425.0,7390.5,7396.5,42726,0.0,0.0,POLYCAB.NS
2026-01-19 14:30:00+05:30,7396.5,7415.0,7387.0,7408.0,28146,0.0,0.0,POLYCAB.NS
2026-01-19 14:45:00+05:30,7408.0,7437.0,7405.5,7428.0,43830,0.0,0.0,POLYCAB.NS
2026-01-19 15:00:00+05:30,7429.0,7436.5,7410.0,7417.5,41169,0.0,0.0,POLYCAB.NS
2026-01-19 15:15:00+05:30,7417.5,7427.0,7402.0,7418.0,66696,0.0,0.0,POLYCAB.NS
2026-01-20 09:15:00+05:30,7427.5,7427.5,7275.5,7281.0,27769,0.0,0.0,POLYCAB.NS
2026-01-20 09:30:00+05:30,7280.5,7295.0,7253.5,7261.0,34468,0.0,0.0,POLYCAB.NS
2026-01-20 09:45:00+05:30,7261.0,7275.5,7244.0,7244.0,15602,0.0,0.0,POLYCAB.NS
2026-01-20 10:00:00+05:30,7247.5,7285.0,7247.5,7262.5,10884,0.0,0.0,POLYCAB.NS
2026-01-20 10:15:00+05:30,7261.0,7274.0,7236.5,7246.0,13803,0.0,0.0,POLYCAB.NS
2026-01-20 10:30:00+05:30,7248.0,7279.0,7244.0,7260.5,9744,0.0,0.0,POLYCAB.NS
2026-01-20 10:45:00+05:30,7263.0,7265.5,7224.5,7228.0,28121,0.0,0.0,POLYCAB.NS
2026-01-20 11:00:00+05:30,7231.0,7257.0,7227.0,7257.0,28257,0.0,0.0,POLYCAB.NS
2026-01-20 11:15:00+05:30,7257.0,7266.0,7214.0,7264.5,25107,0.0,0.0,POLYCAB.NS
2026-01-20 11:30:00+05:30,7265.0,7265.0,7242.0,7247.0,9831,0.0,0.0,POLYCAB.NS
2026-01-20 11:45:00+05:30,7246.5,7257.0,7223.0,7225.0,24634,0.0,0.0,POLYCAB.NS
2026-01-20 12:00:00+05:30,7225.0,7226.0,7186.0,7188.5,33881,0.0,0.0,POLYCAB.NS
2026-01-20 12:15:00+05:30,7193.0,7195.5,7175.5,7188.0,26372,0.0,0.0,POLYCAB.NS
2026-01-20 12:30:00+05:30,7186.0,7190.0,7120.5,7121.0,26751,0.0,0.0,POLYCAB.NS
2026-01-20 12:45:00+05:30,7124.0,7124.0,7101.0,7111.0,19409,0.0,0.0,POLYCAB.NS
2026-01-20 13:00:00+05:30,7112.5,7139.5,7100.5,7132.0,15365,0.0,0.0,POLYCAB.NS
2026-01-20 13:15:00+05:30,7130.5,7150.0,7123.0,7137.5,10239,0.0,0.0,POLYCAB.NS
2026-01-20 13:30:00+05:30,7137.5,7145.5,7117.5,7118.0,8124,0.0,0.0,POLYCAB.NS
2026-01-20 13:45:00+05:30,7116.5,7124.0,7107.5,7111.0,6704,0.0,0.0,POLYCAB.NS
2026-01-20 14:00:00+05:30,7113.0,7125.5,7080.0,7092.0,20361,0.0,0.0,POLYCAB.NS
2026-01-20 14:15:00+05:30,7093.0,7107.5,7078.0,7105.0,12170,0.0,0.0,POLYCAB.NS
2026-01-20 14:30:00+05:30,7104.0,7140.0,7101.0,7136.5,19757,0.0,0.0,POLYCAB.NS
2026-01-20 14:45:00+05:30,7140.0,7147.0,7116.0,7119.5,18626,0.0,0.0,POLYCAB.NS
2026-01-20 15:00:00+05:30,7118.0,7118.0,7066.0,7068.0,46844,0.0,0.0,POLYCAB.NS
2026-01-20 15:15:00+05:30,7066.0,7077.0,7050.0,7067.0,54129,0.0,0.0,POLYCAB.NS
2026-01-21 09:15:00+05:30,7008.0,7038.0,6952.0,6999.5,36588,0.0,0.0,POLYCAB.NS
2026-01-21 09:30:00+05:30,6995.5,7044.5,6980.0,6980.0,57931,0.0,0.0,POLYCAB.NS
2026-01-21 09:45:00+05:30,6981.0,6989.5,6940.5,6957.5,34014,0.0,0.0,POLYCAB.NS
2026-01-21 10:00:00+05:30,6954.5,6980.0,6946.5,6964.0,20305,0.0,0.0,POLYCAB.NS
2026-01-21 10:15:00+05:30,6964.0,6967.5,6904.0,6920.5,23522,0.0,0.0,POLYCAB.NS
2026-01-21 10:30:00+05:30,6921.0,6923.5,6876.5,6886.5,28735,0.0,0.0,POLYCAB.NS
2026-01-21 10:45:00+05:30,6883.5,6883.5,6810.0,6816.0,25241,0.0,0.0,POLYCAB.NS
2026-01-21 11:00:00+05:30,6819.5,6887.0,6814.5,6887.0,47156,0.0,0.0,POLYCAB.NS
2026-01-21 11:15:00+05:30,6881.5,6899.5,6845.5,6866.5,23937,0.0,0.0,POLYCAB.NS
2026-01-21 11:30:00+05:30,6866.0,6887.0,6855.0,6865.0,8377,0.0,0.0,POLYCAB.NS
2026-01-21 11:45:00+05:30,6867.0,6888.5,6850.5,6866.0,15709,0.0,0.0,POLYCAB.NS
2026-01-21 12:00:00+05:30,6866.0,6945.5,6862.5,6943.0,30316,0.0,0.0,POLYCAB.NS
2026-01-21 12:15:00+05:30,6942.5,6951.5,6908.5,6921.5,20167,0.0,0.0,POLYCAB.NS
2026-01-21 12:30:00+05:30,6923.5,7020.0,6922.5,7005.0,53890,0.0,0.0,POLYCAB.NS
2026-01-21 12:45:00+05:30,7005.5,7030.5,6985.0,6995.0,35145,0.0,0.0,POLYCAB.NS
2026-01-21 13:00:00+05:30,6994.5,7007.5,6957.0,6974.5,24515,0.0,0.0,POLYCAB.NS
2026-01-21 13:15:00+05:30,6975.0,6985.5,6967.0,6983.0,13749,0.0,0.0,POLYCAB.NS
2026-01-21 13:30:00+05:30,6982.5,6994.0,6933.0,6940.5,16817,0.0,0.0,POLYCAB.NS
2026-01-21 13:45:00+05:30,6940.0,6940.5,6893.5,6900.0,18733,0.0,0.0,POLYCAB.NS
2026-01-21 14:00:00+05:30,6904.0,6906.0,6860.0,6860.0,17786,0.0,0.0,POLYCAB.NS
2026-01-21 14:15:00+05:30,6861.0,6915.0,6861.0,6901.5,19015,0.0,0.0,POLYCAB.NS
2026-01-21 14:30:00+05:30,6904.0,6940.0,6900.0,6938.5,27255,0.0,0.0,POLYCAB.NS
2026-01-21 14:45:00+05:30,6936.0,6944.5,6925.0,6931.5,16843,0.0,0.0,POLYCAB.NS
2026-01-21 15:00:00+05:30,6927.5,6985.0,6927.5,6970.0,71064,0.0,0.0,POLYCAB.NS
2026-01-21 15:15:00+05:30,6970.0,6988.5,6950.0,6975.0,50109,0.0,0.0,POLYCAB.NS
2026-01-22 09:15:00+05:30,7038.0,7072.5,7017.0,7072.0,19474,0.0,0.0,POLYCAB.NS
2026-01-22 09:30:00+05:30,7072.0,7092.0,7067.0,7073.5,26109,0.0,0.0,POLYCAB.NS
2026-01-22 09:45:00+05:30,7074.0,7098.0,7061.5,7081.0,18717,0.0,0.0,POLYCAB.NS
2026-01-22 10:00:00+05:30,7081.0,7087.5,7039.0,7043.5,32527,0.0,0.0,POLYCAB.NS
2026-01-22 10:15:00+05:30,7043.0,7048.0,7000.0,7014.5,21279,0.0,0.0,POLYCAB.NS
2026-01-22 10:30:00+05:30,7014.5,7037.5,6996.5,7023.0,17515,0.0,0.0,POLYCAB.NS
2026-01-22 10:45:00+05:30,7023.5,7031.5,7009.0,7010.0,5827,0.0,0.0,POLYCAB.NS
2026-01-22 11:00:00+05:30,7012.0,7030.0,7005.0,7024.0,8783,0.0,0.0,POLYCAB.NS
2026-01-22 11:15:00+05:30,7021.5,7033.0,7016.5,7028.0,9504,0.0,0.0,POLYCAB.NS
2026-01-22 11:30:00+05:30,7024.5,7031.5,7001.0,7009.0,10502,0.0,0.0,POLYCAB.NS
2026-01-22 11:45:00+05:30,7009.0,7009.5,6998.0,7000.5,7032,0.0,0.0,POLYCAB.NS
2026-01-22 12:00:00+05:30,6999.0,7016.0,6996.5,7015.5,6834,0.0,0.0,POLYCAB.NS
2026-01-22 12:15:00+05:30,7015.5,7053.5,7010.5,7051.5,18697,0.0,0.0,POLYCAB.NS
2026-01-22 12:30:00+05:30,7051.5,7057.5,7037.5,7055.5,8050,0.0,0.0,POLYCAB.NS
2026-01-22 12:45:00+05:30,7056.5,7075.0,7045.5,7048.0,10368,0.0,0.0,POLYCAB.NS
2026-01-22 13:00:00+05:30,7048.0,7060.0,7033.5,7038.5,7678,0.0,0.0,POLYCAB.NS
2026-01-22 13:15:00+05:30,7039.5,7040.5,7025.0,7025.5,6549,0.0,0.0,POLYCAB.NS
2026-01-22 13:30:00+05:30,7025.0,7033.0,7021.5,7031.5,7496,0.0,0.0,POLYCAB.NS
2026-01-22 13:45:00+05:30,7032.5,7050.0,7028.0,7037.0,11339,0.0,0.0,POLYCAB.NS
2026-01-22 14:00:00+05:30,7038.0,7041.0,7014.5,7018.5,7403,0.0,0.0,POLYCAB.NS
2026-01-22 14:15:00+05:30,7017.5,7029.0,7013.0,7027.0,9924,0.0,0.0,POLYCAB.NS
2026-01-22 14:30:00+05:30,7027.0,7041.0,7016.0,7020.5,12420,0.0,0.0,POLYCAB.NS
2026-01-22 14:45:00+05:30,7020.5,7035.0,7011.0,7031.0,21357,0.0,0.0,POLYCAB.NS
2026-01-22 15:00:00+05:30,7032.0,7032.5,6991.5,6992.0,37773,0.0,0.0,POLYCAB.NS
2026-01-22 15:15:00+05:30,6991.5,7000.0,6980.5,6999.0,60340,0.0,0.0,POLYCAB.NS
2026-01-23 09:15:00+05:30,7022.5,7022.5,6970.0,7011.5,16820,0.0,0.0,POLYCAB.NS
2026-01-23 09:30:00+05:30,7008.0,7014.5,6965.5,6965.5,14182,0.0,0.0,POLYCAB.NS
2026-01-23 09:45:00+05:30,6971.5,6999.5,6963.0,6986.5,10787,0.0,0.0,POLYCAB.NS
2026-01-23 10:00:00+05:30,6985.0,6985.5,6965.0,6968.5,5226,0.0,0.0,POLYCAB.NS
2026-01-23 10:15:00+05:30,6965.0,6973.0,6933.0,6943.0,12786,0.0,0.0,POLYCAB.NS
2026-01-23 10:30:00+05:30,6946.0,6957.0,6934.0,6943.0,7243,0.0,0.0,POLYCAB.NS
2026-01-23 10:45:00+05:30,6945.0,6947.0,6906.5,6915.0,8707,0.0,0.0,POLYCAB.NS
2026-01-23 11:00:00+05:30,6915.0,6915.0,6885.0,6895.0,13361,0.0,0.0,POLYCAB.NS
2026-01-23 11:15:00+05:30,6904.0,6904.5,6881.5,6884.5,9868,0.0,0.0,POLYCAB.NS
2026-01-23 11:30:00+05:30,6882.0,6886.0,6853.0,6859.0,11024,0.0,0.0,POLYCAB.NS
2026-01-23 11:45:00+05:30,6859.0,6870.0,6853.0,6863.0,5902,0.0,0.0,POLYCAB.NS
2026-01-23 12:00:00+05:30,6863.0,6866.0,6817.0,6820.0,10319,0.0,0.0,POLYCAB.NS
2026-01-23 12:15:00+05:30,6817.5,6843.5,6817.5,6820.0,8273,0.0,0.0,POLYCAB.NS
2026-01-23 12:30:00+05:30,6819.0,6839.0,6813.0,6838.0,9027,0.0,0.0,POLYCAB.NS
2026-01-23 12:45:00+05:30,6834.5,6855.5,6790.0,6793.0,20213,0.0,0.0,POLYCAB.NS
2026-01-23 13:00:00+05:30,6795.0,6795.0,6760.0,6765.0,17922,0.0,0.0,POLYCAB.NS
2026-01-23 13:15:00+05:30,6764.0,6767.5,6733.0,6736.5,21936,0.0,0.0,POLYCAB.NS
2026-01-23 13:30:00+05:30,6735.5,6746.5,6726.5,6734.0,13278,0.0,0.0,POLYCAB.NS
2026-01-23 13:45:00+05:30,6733.5,6755.0,6730.0,6737.0,10165,0.0,0.0,POLYCAB.NS
2026-01-23 14:00:00+05:30,6730.0,6737.5,6710.0,6729.0,24182,0.0,0.0,POLYCAB.NS
2026-01-23 14:15:00+05:30,6731.5,6741.5,6711.5,6726.5,10382,0.0,0.0,POLYCAB.NS
2026-01-23 14:30:00+05:30,6728.0,6762.0,6719.5,6744.0,14805,0.0,0.0,POLYCAB.NS
2026-01-23 14:45:00+05:30,6745.5,6759.5,6727.5,6738.5,15298,0.0,0.0,POLYCAB.NS
2026-01-23 15:00:00+05:30,6738.5,6748.5,6718.0,6723.5,26024,0.0,0.0,POLYCAB.NS
2026-01-23 15:15:00+05:30,6721.0,6732.5,6706.5,6731.0,36732,0.0,0.0,POLYCAB.NS
2026-01-27 09:15:00+05:30,6767.0,6767.0,6665.0,6752.0,28463,0.0,0.0,POLYCAB.NS
2026-01-27 09:30:00+05:30,6752.0,6797.0,6738.5,6779.0,29596,0.0,0.0,POLYCAB.NS
2026-01-27 09:45:00+05:30,6778.0,6796.5,6771.5,6790.0,23520,0.0,0.0,POLYCAB.NS
2026-01-27 10:00:00+05:30,6790.0,6810.0,6777.0,6790.5,21723,0.0,0.0,POLYCAB.NS
2026-01-27 10:15:00+05:30,6791.0,6792.5,6761.0,6761.0,14081,0.0,0.0,POLYCAB.NS
2026-01-27 10:30:00+05:30,6760.0,6765.0,6731.5,6736.0,16078,0.0,0.0,POLYCAB.NS
2026-01-27 10:45:00+05:30,6734.0,6757.0,6734.0,6735.0,14403,0.0,0.0,POLYCAB.NS
2026-01-27 11:00:00+05:30,6734.5,6752.5,6731.0,6744.5,12887,0.0,0.0,POLYCAB.NS
2026-01-27 11:15:00+05:30,6744.0,6748.5,6724.0,6733.0,14196,0.0,0.0,POLYCAB.NS
2026-01-27 11:30:00+05:30,6732.0,6746.0,6721.5,6742.5,18412,0.0,0.0,POLYCAB.NS
2026-01-27 11:45:00+05:30,6745.5,6764.5,6743.0,6756.0,11061,0.0,0.0,POLYCAB.NS
2026-01-27 12:00:00+05:30,6756.0,6759.5,6737.5,6744.0,9400,0.0,0.0,POLYCAB.NS
2026-01-27 12:15:00+05:30,6742.5,6744.5,6721.5,6724.5,11910,0.0,0.0,POLYCAB.NS
2026-01-27 12:30:00+05:30,6724.5,6734.5,6691.5,6711.0,31228,0.0,0.0,POLYCAB.NS
2026-01-27 12:45:00+05:30,6711.5,6731.0,6708.5,6724.0,10073,0.0,0.0,POLYCAB.NS
2026-01-27 13:00:00+05:30,6724.0,6725.0,6704.5,6709.5,10473,0.0,0.0,POLYCAB.NS
2026-01-27 13:15:00+05:30,6711.5,6717.0,6705.5,6713.5,8996,0.0,0.0,POLYCAB.NS
2026-01-27 13:30:00+05:30,6715.5,6721.5,6702.0,6710.0,11101,0.0,0.0,POLYCAB.NS
2026-01-27 13:45:00+05:30,6712.0,6712.0,6698.5,6707.0,12152,0.0,0.0,POLYCAB.NS
2026-01-27 14:00:00+05:30,6707.0,6707.0,6689.0,6700.0,11602,0.0,0.0,POLYCAB.NS
2026-01-27 14:15:00+05:30,6700.0,6704.5,6686.0,6696.0,13998,0.0,0.0,POLYCAB.NS
2026-01-27 14:30:00+05:30,6695.5,6736.5,6693.0,6726.0,25910,0.0,0.0,POLYCAB.NS
2026-01-27 14:45:00+05:30,6728.5,6746.5,6725.0,6728.5,17958,0.0,0.0,POLYCAB.NS
2026-01-27 15:00:00+05:30,6727.0,6767.0,6720.0,6765.0,31838,0.0,0.0,POLYCAB.NS
2026-01-27 15:15:00+05:30,6767.5,6795.0,6749.5,6765.0,37207,0.0,0.0,POLYCAB.NS
2026-01-28 09:15:00+05:30,6820.0,6847.0,6809.5,6846.0,36675,0.0,0.0,POLYCAB.NS
2026-01-28 09:30:00+05:30,6846.0,6861.5,6836.0,6841.5,27611,0.0,0.0,POLYCAB.NS
2026-01-28 09:45:00+05:30,6841.5,6865.0,6840.0,6853.5,19266,0.0,0.0,POLYCAB.NS
2026-01-28 10:00:00+05:30,6856.0,6859.0,6840.0,6852.5,18691,0.0,0.0,POLYCAB.NS
2026-01-28 10:15:00+05:30,6855.0,6860.0,6840.0,6846.0,11225,0.0,0.0,POLYCAB.NS
2026-01-28 10:30:00+05:30,6843.5,6845.5,6812.0,6816.0,16571,0.0,0.0,POLYCAB.NS
2026-01-28 10:45:00+05:30,6816.0,6840.5,6814.0,6835.0,8286,0.0,0.0,POLYCAB.NS
2026-01-28 11:00:00+05:30,6836.5,6876.5,6832.0,6872.5,10741,0.0,0.0,POLYCAB.NS
2026-01-28 11:15:00+05:30,6871.0,6875.0,6850.0,6866.5,7323,0.0,0.0,POLYCAB.NS
2026-01-28 11:30:00+05:30,6867.0,6872.0,6840.0,6843.0,7016,0.0,0.0,POLYCAB.NS
2026-01-28 11:45:00+05:30,6843.0,6867.5,6840.5,6867.5,6032,0.0,0.0,POLYCAB.NS
2026-01-28 12:00:00+05:30,6871.0,6876.5,6844.0,6863.0,8744,0.0,0.0,POLYCAB.NS
2026-01-28 12:15:00+05:30,6863.5,6867.5,6844.0,6847.5,6878,0.0,0.0,POLYCAB.NS
2026-01-28 12:30:00+05:30,6848.0,6870.0,6836.5,6870.0,8909,0.0,0.0,POLYCAB.NS
2026-01-28 12:45:00+05:30,6870.0,6873.0,6863.5,6868.5,7264,0.0,0.0,POLYCAB.NS
2026-01-28 13:00:00+05:30,6868.5,6880.0,6864.0,6880.0,8493,0.0,0.0,POLYCAB.NS
2026-01-28 13:15:00+05:30,6880.0,6899.0,6879.0,6884.0,10332,0.0,0.0,POLYCAB.NS
2026-01-28 13:30:00+05:30,6883.5,6891.0,6875.5,6881.5,6810,0.0,0.0,POLYCAB.NS
2026-01-28 13:45:00+05:30,6881.5,6900.0,6876.5,6885.0,10602,0.0,0.0,POLYCAB.NS
2026-01-28 14:00:00+05:30,6886.5,6897.5,6879.0,6884.0,9621,0.0,0.0,POLYCAB.NS
2026-01-28 14:15:00+05:30,6885.0,6901.5,6880.5,6896.5,13096,0.0,0.0,POLYCAB.NS
2026-01-28 14:30:00+05:30,6896.5,6900.0,6880.0,6896.0,9552,0.0,0.0,POLYCAB.NS
2026-01-28 14:45:00+05:30,6896.0,6925.0,6896.0,6919.5,11689,0.0,0.0,POLYCAB.NS
2026-01-28 15:00:00+05:30,6926.5,6936.0,6919.5,6928.0,28292,0.0,0.0,POLYCAB.NS
2026-01-28 15:15:00+05:30,6927.5,6935.0,6864.5,6928.0,26435,0.0,0.0,POLYCAB.NS
2026-01-29 09:15:00+05:30,6878.0,6945.5,6878.0,6938.5,27620,0.0,0.0,POLYCAB.NS
2026-01-29 09:30:00+05:30,6941.5,6945.0,6906.5,6914.5,18831,0.0,0.0,POLYCAB.NS
2026-01-29 09:45:00+05:30,6919.5,6927.0,6892.0,6915.0,9790,0.0,0.0,POLYCAB.NS
2026-01-29 10:00:00+05:30,6915.0,6918.0,6885.5,6885.5,11888,0.0,0.0,POLYCAB.NS
2026-01-29 10:15:00+05:30,6884.5,6884.5,6850.0,6871.5,18586,0.0,0.0,POLYCAB.NS
2026-01-29 10:30:00+05:30,6872.0,6889.0,6865.5,6887.0,8034,0.0,0.0,POLYCAB.NS
2026-01-29 10:45:00+05:30,6884.5,6900.5,6871.5,6882.5,8320,0.0,0.0,POLYCAB.NS
2026-01-29 11:00:00+05:30,6882.5,6890.5,6869.5,6878.5,6966,0.0,0.0,POLYCAB.NS
2026-01-29 11:15:00+05:30,6878.5,6920.0,6878.5,6903.5,7726,0.0,0.0,POLYCAB.NS
2026-01-29 11:30:00+05:30,6902.0,6912.0,6888.0,6906.0,7000,0.0,0.0,POLYCAB.NS
2026-01-29 11:45:00+05:30,6903.5,6907.0,6890.5,6895.5,6020,0.0,0.0,POLYCAB.NS
2026-01-29 12:00:00+05:30,6896.0,6914.5,6894.5,6914.5,5024,0.0,0.0,POLYCAB.NS
2026-01-29 12:15:00+05:30,6915.0,6925.0,6910.5,6920.0,5625,0.0,0.0,POLYCAB.NS
2026-01-29 12:30:00+05:30,6920.0,6928.5,6905.5,6916.0,10289,0.0,0.0,POLYCAB.NS
2026-01-29 12:45:00+05:30,6918.0,6940.0,6916.0,6927.0,9866,0.0,0.0,POLYCAB.NS
2026-01-29 13:00:00+05:30,6927.0,6965.0,6926.5,6963.5,9879,0.0,0.0,POLYCAB.NS
2026-01-29 13:15:00+05:30,6964.0,7000.0,6960.0,6991.5,12905,0.0,0.0,POLYCAB.NS
2026-01-29 13:30:00+05:30,6991.5,7020.0,6991.5,7019.5,11075,0.0,0.0,POLYCAB.NS
2026-01-29 13:45:00+05:30,7018.0,7025.0,7002.5,7002.5,10720,0.0,0.0,POLYCAB.NS
2026-01-29 14:00:00+05:30,7002.5,7006.0,6995.0,6997.5,9647,0.0,0.0,POLYCAB.NS
2026-01-29 14:15:00+05:30,6998.5,7014.0,6996.5,7010.0,13350,0.0,0.0,POLYCAB.NS
2026-01-29 14:30:00+05:30,7010.0,7019.0,6998.0,7001.0,18103,0.0,0.0,POLYCAB.NS
2026-01-29 14:45:00+05:30,7000.0,7009.5,6990.0,6994.5,12691,0.0,0.0,POLYCAB.NS
2026-01-29 15:00:00+05:30,7002.5,7017.0,7001.5,7011.5,30773,0.0,0.0,POLYCAB.NS
2026-01-29 15:15:00+05:30,7011.5,7032.5,7000.5,7017.5,48627,0.0,0.0,POLYCAB.NS
2026-01-30 09:15:00+05:30,7000.0,7000.0,6946.0,6969.5,8003,0.0,0.0,POLYCAB.NS
2026-01-30 09:30:00+05:30,6964.0,6998.0,6959.0,6990.0,8595,0.0,0.0,POLYCAB.NS
2026-01-30 09:45:00+05:30,6989.5,6995.5,6960.0,6967.0,6787,0.0,0.0,POLYCAB.NS
2026-01-30 10:00:00+05:30,6968.5,6988.0,6965.0,6983.0,6777,0.0,0.0,POLYCAB.NS
2026-01-30 10:15:00+05:30,6984.0,6985.5,6965.0,6973.0,5474,0.0,0.0,POLYCAB.NS
2026-01-30 10:30:00+05:30,6973.0,7015.0,6973.0,7013.0,8208,0.0,0.0,POLYCAB.NS
2026-01-30 10:45:00+05:30,7012.5,7015.0,6995.0,7008.0,6328,0.0,0.0,POLYCAB.NS
2026-01-30 11:00:00+05:30,7009.0,7029.0,6999.0,7000.0,8586,0.0,0.0,POLYCAB.NS
2026-01-30 11:15:00+05:30,6999.0,7011.5,6987.5,7000.0,18393,0.0,0.0,POLYCAB.NS
2026-01-30 11:30:00+05:30,7002.0,7002.0,6967.0,6986.5,7619,0.0,0.0,POLYCAB.NS
2026-01-30 11:45:00+05:30,6985.0,6994.5,6973.0,6978.5,6537,0.0,0.0,POLYCAB.NS
2026-01-30 12:00:00+05:30,6976.0,6980.0,6950.0,6970.5,18725,0.0,0.0,POLYCAB.NS
2026-01-30 12:15:00+05:30,6971.0,6972.0,6945.5,6955.0,7431,0.0,0.0,POLYCAB.NS
2026-01-30 12:30:00+05:30,6956.0,6968.5,6951.5,6962.0,7323,0.0,0.0,POLYCAB.NS
2026-01-30 12:45:00+05:30,6964.5,6981.0,6962.5,6972.0,8073,0.0,0.0,POLYCAB.NS
2026-01-30 13:00:00+05:30,6972.5,6972.5,6930.0,6932.5,9558,0.0,0.0,POLYCAB.NS
2026-01-30 13:15:00+05:30,6932.5,6944.0,6915.0,6931.5,11372,0.0,0.0,POLYCAB.NS
2026-01-30 13:30:00+05:30,6931.0,6979.5,6931.0,6976.0,5336,0.0,0.0,POLYCAB.NS
2026-01-30 13:45:00+05:30,6976.0,6979.0,6966.0,6974.0,3932,0.0,0.0,POLYCAB.NS
2026-01-30 14:00:00+05:30,6974.0,7017.5,6973.0,6999.5,27962,0.0,0.0,POLYCAB.NS
2026-01-30 14:15:00+05:30,7000.0,7006.0,6996.5,7003.0,16612,0.0,0.0,POLYCAB.NS
2026-01-30 14:30:00+05:30,7002.5,7009.5,6985.0,7000.0,28705,0.0,0.0,POLYCAB.NS
2026-01-30 14:45:00+05:30,7000.5,7015.0,6993.0,7012.0,30532,0.0,0.0,POLYCAB.NS
2026-01-30 15:00:00+05:30,7013.5,7035.5,7001.5,7003.5,48854,0.0,0.0,POLYCAB.NS
2026-01-30 15:15:00+05:30,7002.5,7014.0,7000.0,7013.5,65715,0.0,0.0,POLYCAB.NS
2026-02-03 09:15:00+05:30,7487.5,7694.0,7470.5,7552.5,268436,0.0,0.0,POLYCAB.NS
2026-02-03 09:30:00+05:30,7552.0,7605.0,7534.5,7545.0,67176,0.0,0.0,POLYCAB.NS
2026-02-03 09:45:00+05:30,7547.0,7565.0,7472.5,7474.0,43543,0.0,0.0,POLYCAB.NS
2026-02-03 10:00:00+05:30,7476.5,7489.0,7428.0,7437.5,32409,0.0,0.0,POLYCAB.NS
2026-02-03 10:15:00+05:30,7437.5,7482.0,7435.5,7475.0,19860,0.0,0.0,POLYCAB.NS
2026-02-03 10:30:00+05:30,7473.5,7486.5,7451.0,7468.5,17547,0.0,0.0,POLYCAB.NS
2026-02-03 10:45:00+05:30,7468.5,7474.0,7444.0,7465.0,17599,0.0,0.0,POLYCAB.NS
2026-02-03 11:00:00+05:30,7462.5,7489.5,7460.5,7486.5,16833,0.0,0.0,POLYCAB.NS
2026-02-03 11:15:00+05:30,7488.0,7491.5,7466.0,7477.0,14357,0.0,0.0,POLYCAB.NS
2026-02-03 11:30:00+05:30,7478.5,7501.0,7475.0,7482.0,19491,0.0,0.0,POLYCAB.NS
2026-02-03 11:45:00+05:30,7482.0,7491.5,7450.0,7472.0,18372,0.0,0.0,POLYCAB.NS
2026-02-03 12:00:00+05:30,7471.5,7481.5,7461.5,7479.0,13162,0.0,0.0,POLYCAB.NS
2026-02-03 12:15:00+05:30,7475.0,7486.0,7471.0,7475.0,12617,0.0,0.0,POLYCAB.NS
2026-02-03 12:30:00+05:30,7473.0,7474.0,7438.5,7452.0,15661,0.0,0.0,POLYCAB.NS
2026-02-03 12:45:00+05:30,7450.0,7461.5,7440.0,7445.0,13057,0.0,0.0,POLYCAB.NS
2026-02-03 13:00:00+05:30,7444.5,7471.0,7435.5,7469.0,15714,0.0,0.0,POLYCAB.NS
2026-02-03 13:15:00+05:30,7470.0,7490.0,7466.0,7475.5,18524,0.0,0.0,POLYCAB.NS
2026-02-03 13:30:00+05:30,7476.5,7499.5,7468.5,7499.0,25052,0.0,0.0,POLYCAB.NS
2026-02-03 13:45:00+05:30,7500.0,7514.0,7493.0,7495.5,31742,0.0,0.0,POLYCAB.NS
2026-02-03 14:00:00+05:30,7493.5,7512.0,7487.0,7498.0,42330,0.0,0.0,POLYCAB.NS
2026-02-03 14:15:00+05:30,7498.0,7519.5,7498.0,7510.0,23077,0.0,0.0,POLYCAB.NS
2026-02-03 14:30:00+05:30,7510.0,7510.5,7484.5,7493.5,28031,0.0,0.0,POLYCAB.NS
2026-02-03 14:45:00+05:30,7490.0,7502.0,7486.0,7498.5,26934,0.0,0.0,POLYCAB.NS
2026-02-03 15:00:00+05:30,7497.0,7513.0,7491.0,7510.0,57748,0.0,0.0,POLYCAB.NS
2026-02-03 15:15:00+05:30,7509.5,7512.0,7487.0,7505.0,56948,0.0,0.0,POLYCAB.NS
2026-02-04 09:15:00+05:30,7504.0,7585.0,7490.0,7574.5,21747,0.0,0.0,POLYCAB.NS
2026-02-04 09:30:00+05:30,7575.0,7625.0,7571.0,7622.5,30015,0.0,0.0,POLYCAB.NS
2026-02-04 09:45:00+05:30,7624.5,7630.0,7598.0,7616.0,19803,0.0,0.0,POLYCAB.NS
2026-02-04 10:00:00+05:30,7616.0,7646.5,7612.0,7646.5,18834,0.0,0.0,POLYCAB.NS
2026-02-04 10:15:00+05:30,7646.0,7648.0,7615.5,7623.5,10230,0.0,0.0,POLYCAB.NS
2026-02-04 10:30:00+05:30,7625.0,7638.5,7600.0,7606.0,12750,0.0,0.0,POLYCAB.NS
2026-02-04 10:45:00+05:30,7606.0,7606.0,7587.0,7595.0,11419,0.0,0.0,POLYCAB.NS
2026-02-04 11:00:00+05:30,7596.5,7619.0,7590.5,7598.0,9320,0.0,0.0,POLYCAB.NS
2026-02-04 11:15:00+05:30,7600.5,7609.0,7586.5,7591.5,7458,0.0,0.0,POLYCAB.NS
2026-02-04 11:30:00+05:30,7594.0,7598.5,7569.5,7589.5,9688,0.0,0.0,POLYCAB.NS
2026-02-04 11:45:00+05:30,7592.5,7625.0,7584.0,7624.5,10375,0.0,0.0,POLYCAB.NS
2026-02-04 12:00:00+05:30,7624.5,7663.5,7614.5,7663.5,17071,0.0,0.0,POLYCAB.NS
2026-02-04 12:15:00+05:30,7664.5,7666.0,7644.5,7649.5,10650,0.0,0.0,POLYCAB.NS
2026-02-04 12:30:00+05:30,7649.0,7649.0,7630.0,7641.5,6676,0.0,0.0,POLYCAB.NS
2026-02-04 12:45:00+05:30,7639.0,7643.0,7623.0,7630.0,7415,0.0,0.0,POLYCAB.NS
2026-02-04 13:00:00+05:30,7628.0,7645.0,7626.5,7641.5,5664,0.0,0.0,POLYCAB.NS
2026-02-04 13:15:00+05:30,7640.5,7650.0,7631.5,7648.0,6142,0.0,0.0,POLYCAB.NS
2026-02-04 13:30:00+05:30,7648.5,7660.0,7644.0,7658.0,6727,0.0,0.0,POLYCAB.NS
2026-02-04 13:45:00+05:30,7658.0,7658.5,7624.0,7637.0,10879,0.0,0.0,POLYCAB.NS
2026-02-04 14:00:00+05:30,7637.0,7647.0,7628.0,7645.0,6272,0.0,0.0,POLYCAB.NS
2026-02-04 14:15:00+05:30,7644.0,7645.0,7632.5,7640.0,7860,0.0,0.0,POLYCAB.NS
2026-02-04 14:30:00+05:30,7641.5,7660.0,7628.5,7630.0,17872,0.0,0.0,POLYCAB.NS
2026-02-04 14:45:00+05:30,7630.0,7633.0,7612.0,7617.0,15305,0.0,0.0,POLYCAB.NS
2026-02-04 15:00:00+05:30,7619.0,7632.0,7615.5,7619.5,19052,0.0,0.0,POLYCAB.NS
2026-02-04 15:15:00+05:30,7620.0,7642.5,7613.0,7630.0,31347,0.0,0.0,POLYCAB.NS
2026-02-05 09:15:00+05:30,7600.0,7600.0,7540.5,7554.5,6295,0.0,0.0,POLYCAB.NS
2026-02-05 09:30:00+05:30,7560.0,7562.0,7519.0,7519.0,21454,0.0,0.0,POLYCAB.NS
2026-02-05 09:45:00+05:30,7519.5,7565.0,7518.0,7540.5,5170,0.0,0.0,POLYCAB.NS
2026-02-05 10:00:00+05:30,7539.5,7539.5,7522.0,7535.5,1990,0.0,0.0,POLYCAB.NS
2026-02-05 10:15:00+05:30,7538.5,7558.5,7532.0,7538.0,2522,0.0,0.0,POLYCAB.NS
2026-02-05 10:30:00+05:30,7534.0,7543.0,7527.0,7533.0,1818,0.0,0.0,POLYCAB.NS
2026-02-05 10:45:00+05:30,7532.5,7536.5,7517.5,7517.5,3191,0.0,0.0,POLYCAB.NS
2026-02-05 11:00:00+05:30,7518.0,7543.5,7503.0,7539.5,3499,0.0,0.0,POLYCAB.NS
2026-02-05 11:15:00+05:30,7539.5,7542.5,7515.0,7533.5,3004,0.0,0.0,POLYCAB.NS
2026-02-05 11:30:00+05:30,7535.5,7545.0,7525.0,7541.5,1519,0.0,0.0,POLYCAB.NS
2026-02-05 11:45:00+05:30,7541.5,7544.5,7528.0,7538.5,1574,0.0,0.0,POLYCAB.NS
2026-02-05 12:00:00+05:30,7538.5,7544.0,7529.5,7530.0,1936,0.0,0.0,POLYCAB.NS
2026-02-05 12:15:00+05:30,7529.0,7540.0,7523.5,7540.0,1498,0.0,0.0,POLYCAB.NS
2026-02-05 12:30:00+05:30,7540.0,7543.0,7530.0,7540.0,1761,0.0,0.0,POLYCAB.NS
2026-02-05 12:45:00+05:30,7539.5,7540.0,7533.5,7539.5,2034,0.0,0.0,POLYCAB.NS
2026-02-05 13:00:00+05:30,7539.5,7540.0,7535.0,7536.0,10416,0.0,0.0,POLYCAB.NS
2026-02-05 13:15:00+05:30,7537.0,7540.0,7525.0,7527.5,7361,0.0,0.0,POLYCAB.NS
2026-02-05 13:30:00+05:30,7528.0,7540.0,7522.0,7536.0,2153,0.0,0.0,POLYCAB.NS
2026-02-05 13:45:00+05:30,7536.0,7540.0,7531.0,7533.5,3464,0.0,0.0,POLYCAB.NS
2026-02-05 14:00:00+05:30,7533.5,7538.5,7523.0,7527.0,2092,0.0,0.0,POLYCAB.NS
2026-02-05 14:15:00+05:30,7527.0,7539.5,7525.5,7537.5,22303,0.0,0.0,POLYCAB.NS
2026-02-05 14:30:00+05:30,7539.0,7540.0,7531.5,7532.0,6959,0.0,0.0,POLYCAB.NS
2026-02-05 14:45:00+05:30,7532.5,7540.0,7528.0,7537.0,15197,0.0,0.0,POLYCAB.NS
2026-02-05 15:00:00+05:30,7548.0,7557.5,7531.5,7534.0,19853,0.0,0.0,POLYCAB.NS
2026-02-05 15:15:00+05:30,7534.5,7550.0,7526.0,7550.0,34385,0.0,0.0,POLYCAB.NS
2026-02-06 09:15:00+05:30,7539.0,7614.0,7539.0,7565.0,4937,0.0,0.0,POLYCAB.NS
2026-02-06 09:30:00+05:30,7563.5,7579.5,7525.0,7549.0,9678,0.0,0.0,POLYCAB.NS
2026-02-06 09:45:00+05:30,7553.5,7576.5,7545.0,7555.0,3333,0.0,0.0,POLYCAB.NS
2026-02-06 10:00:00+05:30,7560.0,7560.5,7545.5,7554.0,1943,0.0,0.0,POLYCAB.NS
2026-02-06 10:15:00+05:30,7553.0,7578.0,7545.0,7556.0,3616,0.0,0.0,POLYCAB.NS
2026-02-06 10:30:00+05:30,7555.0,7556.5,7547.5,7552.5,1382,0.0,0.0,POLYCAB.NS
2026-02-06 10:45:00+05:30,7547.5,7580.0,7542.5,7571.0,3312,0.0,0.0,POLYCAB.NS
2026-02-06 11:00:00+05:30,7572.5,7594.0,7571.0,7590.5,2248,0.0,0.0,POLYCAB.NS
2026-02-06 11:15:00+05:30,7589.5,7607.5,7584.0,7596.5,4256,0.0,0.0,POLYCAB.NS
2026-02-06 11:30:00+05:30,7600.0,7614.5,7596.0,7603.0,2569,0.0,0.0,POLYCAB.NS
2026-02-06 11:45:00+05:30,7601.0,7616.0,7601.0,7614.0,3036,0.0,0.0,POLYCAB.NS
2026-02-06 12:00:00+05:30,7615.0,7621.0,7601.5,7617.0,2729,0.0,0.0,POLYCAB.NS
2026-02-06 12:15:00+05:30,7617.0,7633.0,7600.0,7600.0,5637,0.0,0.0,POLYCAB.NS
2026-02-06 12:30:00+05:30,7598.0,7598.0,7572.0,7573.0,2748,0.0,0.0,POLYCAB.NS
2026-02-06 12:45:00+05:30,7575.0,7590.0,7570.0,7578.5,1498,0.0,0.0,POLYCAB.NS
2026-02-06 13:00:00+05:30,7578.5,7583.0,7570.5,7579.5,2122,0.0,0.0,POLYCAB.NS
2026-02-06 13:15:00+05:30,7579.0,7588.0,7578.0,7586.5,919,0.0,0.0,POLYCAB.NS
2026-02-06 13:30:00+05:30,7579.0,7597.0,7575.0,7596.5,2327,0.0,0.0,POLYCAB.NS
2026-02-06 13:45:00+05:30,7596.5,7610.0,7588.0,7606.0,2209,0.0,0.0,POLYCAB.NS
2026-02-06 14:00:00+05:30,7604.5,7612.0,7595.5,7599.0,2428,0.0,0.0,POLYCAB.NS
2026-02-06 14:15:00+05:30,7599.0,7600.0,7586.0,7590.0,3262,0.0,0.0,POLYCAB.NS
2026-02-06 14:30:00+05:30,7593.0,7618.0,7585.0,7612.5,14062,0.0,0.0,POLYCAB.NS
2026-02-06 14:45:00+05:30,7611.0,7630.5,7605.5,7626.0,16367,0.0,0.0,POLYCAB.NS
2026-02-06 15:00:00+05:30,7638.5,7642.5,7622.5,7625.5,16748,0.0,0.0,POLYCAB.NS
2026-02-06 15:15:00+05:30,7630.0,7635.0,7591.5,7623.5,22672,0.0,0.0,POLYCAB.NS
2026-02-09 09:15:00+05:30,7683.0,7766.0,7683.0,7766.0,12911,0.0,0.0,POLYCAB.NS
2026-02-09 09:30:00+05:30,7760.5,7801.5,7756.5,7799.0,23753,0.0,0.0,POLYCAB.NS
2026-02-09 09:45:00+05:30,7801.0,7825.0,7792.0,7810.0,26644,0.0,0.0,POLYCAB.NS
2026-02-09 10:00:00+05:30,7805.5,7830.0,7797.0,7810.5,12726,0.0,0.0,POLYCAB.NS
2026-02-09 10:15:00+05:30,7811.5,7835.0,7805.5,7825.5,9081,0.0,0.0,POLYCAB.NS
2026-02-09 10:30:00+05:30,7826.0,7839.5,7817.5,7836.0,9252,0.0,0.0,POLYCAB.NS
2026-02-09 10:45:00+05:30,7836.0,7842.5,7776.0,7810.0,23614,0.0,0.0,POLYCAB.NS
2026-02-09 11:00:00+05:30,7809.5,7819.0,7805.0,7813.5,5224,0.0,0.0,POLYCAB.NS
2026-02-09 11:15:00+05:30,7815.0,7825.0,7809.5,7816.0,7463,0.0,0.0,POLYCAB.NS
2026-02-09 11:30:00+05:30,7816.0,7822.5,7812.0,7814.0,3158,0.0,0.0,POLYCAB.NS
2026-02-09 11:45:00+05:30,7812.0,7819.5,7807.0,7814.0,2715,0.0,0.0,POLYCAB.NS
2026-02-09 12:00:00+05:30,7814.0,7819.5,7809.0,7813.0,2464,0.0,0.0,POLYCAB.NS
2026-02-09 12:15:00+05:30,7813.0,7814.0,7805.0,7810.0,4395,0.0,0.0,POLYCAB.NS
2026-02-09 12:30:00+05:30,7810.0,7814.5,7806.0,7809.0,3471,0.0,0.0,POLYCAB.NS
2026-02-09 12:45:00+05:30,7810.0,7812.5,7783.0,7793.5,10442,0.0,0.0,POLYCAB.NS
2026-02-09 13:00:00+05:30,7792.5,7805.0,7790.5,7794.0,7627,0.0,0.0,POLYCAB.NS
2026-02-09 13:15:00+05:30,7798.0,7798.0,7783.0,7788.0,6302,0.0,0.0,POLYCAB.NS
2026-02-09 13:30:00+05:30,7788.5,7803.5,7784.5,7801.5,4985,0.0,0.0,POLYCAB.NS
2026-02-09 13:45:00+05:30,7803.5,7808.0,7793.5,7799.0,5112,0.0,0.0,POLYCAB.NS
2026-02-09 14:00:00+05:30,7800.5,7808.5,7795.0,7800.5,4209,0.0,0.0,POLYCAB.NS
2026-02-09 14:15:00+05:30,7800.5,7810.0,7794.0,7808.0,5089,0.0,0.0,POLYCAB.NS
2026-02-09 14:30:00+05:30,7809.0,7810.0,7770.0,7774.5,18162,0.0,0.0,POLYCAB.NS
2026-02-09 14:45:00+05:30,7773.0,7801.5,7773.0,7799.0,9196,0.0,0.0,POLYCAB.NS
2026-02-09 15:00:00+05:30,7799.0,7801.5,7780.0,7790.0,9572,0.0,0.0,POLYCAB.NS
2026-02-09 15:15:00+05:30,7788.0,7792.0,7769.5,7788.0,14131,0.0,0.0,POLYCAB.NS
2026-02-10 09:15:00+05:30,7790.0,7790.0,7736.0,7740.0,5250,0.0,0.0,POLYCAB.NS
2026-02-10 09:30:00+05:30,7751.5,7758.0,7740.5,7750.0,4433,0.0,0.0,POLYCAB.NS
2026-02-10 09:45:00+05:30,7748.5,7763.0,7720.5,7725.5,6669,0.0,0.0,POLYCAB.NS
2026-02-10 10:00:00+05:30,7725.0,7739.0,7721.0,7727.5,2325,0.0,0.0,POLYCAB.NS
2026-02-10 10:15:00+05:30,7725.0,7752.5,7725.0,7751.0,3204,0.0,0.0,POLYCAB.NS
2026-02-10 10:30:00+05:30,7752.0,7756.5,7728.0,7731.5,3338,0.0,0.0,POLYCAB.NS
2026-02-10 10:45:00+05:30,7731.5,7755.5,7726.0,7749.0,2931,0.0,0.0,POLYCAB.NS
2026-02-10 11:00:00+05:30,7749.0,7764.0,7744.0,7764.0,3162,0.0,0.0,POLYCAB.NS
2026-02-10 11:15:00+05:30,7762.5,7765.5,7760.0,7761.0,1660,0.0,0.0,POLYCAB.NS
2026-02-10 11:30:00+05:30,7760.5,7764.5,7760.5,7761.5,1560,0.0,0.0,POLYCAB.NS
2026-02-10 11:45:00+05:30,7761.5,7762.5,7739.0,7746.5,2176,0.0,0.0,POLYCAB.NS
2026-02-10 12:00:00+05:30,7747.0,7749.0,7730.0,7733.5,3697,0.0,0.0,POLYCAB.NS
2026-02-10 12:15:00+05:30,7732.0,7733.5,7722.5,7726.5,2498,0.0,0.0,POLYCAB.NS
2026-02-10 12:30:00+05:30,7725.5,7727.0,7722.5,7723.0,2008,0.0,0.0,POLYCAB.NS
2026-02-10 12:45:00+05:30,7722.0,7737.5,7722.0,7734.0,2203,0.0,0.0,POLYCAB.NS
2026-02-10 13:00:00+05:30,7733.5,7735.5,7721.5,7731.5,1866,0.0,0.0,POLYCAB.NS
2026-02-10 13:15:00+05:30,7731.5,7736.0,7711.5,7715.0,5289,0.0,0.0,POLYCAB.NS
2026-02-10 13:30:00+05:30,7715.0,7715.5,7706.0,7715.5,2028,0.0,0.0,POLYCAB.NS
2026-02-10 13:45:00+05:30,7715.5,7724.0,7713.0,7713.0,2044,0.0,0.0,POLYCAB.NS
2026-02-10 14:00:00+05:30,7714.0,7719.5,7706.0,7710.5,3348,0.0,0.0,POLYCAB.NS
2026-02-10 14:15:00+05:30,7710.0,7724.0,7710.0,7720.0,4103,0.0,0.0,POLYCAB.NS
2026-02-10 14:30:00+05:30,7718.0,7737.0,7706.0,7734.5,17923,0.0,0.0,POLYCAB.NS
2026-02-10 14:45:00+05:30,7731.5,7752.0,7729.0,7744.0,7103,0.0,0.0,POLYCAB.NS
2026-02-10 15:00:00+05:30,7747.0,7749.5,7734.0,7746.0,12606,0.0,0.0,POLYCAB.NS
2026-02-10 15:15:00+05:30,7746.0,7750.0,7730.0,7742.5,16700,0.0,0.0,POLYCAB.NS
2026-02-11 09:15:00+05:30,7789.5,7816.5,7784.5,7786.0,3775,0.0,0.0,POLYCAB.NS
2026-02-11 09:30:00+05:30,7790.5,7793.0,7757.0,7763.5,4958,0.0,0.0,POLYCAB.NS
2026-02-11 09:45:00+05:30,7763.0,7779.0,7756.5,7774.0,2998,0.0,0.0,POLYCAB.NS
2026-02-11 10:00:00+05:30,7769.5,7781.0,7768.0,7771.5,2047,0.0,0.0,POLYCAB.NS
2026-02-11 10:15:00+05:30,7771.5,7795.0,7770.5,7780.5,6868,0.0,0.0,POLYCAB.NS
2026-02-11 10:30:00+05:30,7782.5,7790.0,7773.5,7787.5,2357,0.0,0.0,POLYCAB.NS
2026-02-11 10:45:00+05:30,7787.5,7798.0,7781.5,7793.0,3520,0.0,0.0,POLYCAB.NS
2026-02-11 11:00:00+05:30,7794.0,7794.0,7770.0,7777.5,2396,0.0,0.0,POLYCAB.NS
2026-02-11 11:15:00+05:30,7777.0,7783.5,7770.0,7779.5,1358,0.0,0.0,POLYCAB.NS
2026-02-11 11:30:00+05:30,7779.5,7797.0,7779.0,7797.0,2525,0.0,0.0,POLYCAB.NS
2026-02-11 11:45:00+05:30,7798.0,7810.0,7794.5,7801.0,6632,0.0,0.0,POLYCAB.NS
2026-02-11 12:00:00+05:30,7800.5,7810.0,7797.5,7808.5,4559,0.0,0.0,POLYCAB.NS
2026-02-11 12:15:00+05:30,7807.5,7815.0,7787.5,7811.5,5811,0.0,0.0,POLYCAB.NS
2026-02-11 12:30:00+05:30,7812.0,7815.0,7796.5,7801.5,4318,0.0,0.0,POLYCAB.NS
2026-02-11 12:45:00+05:30,7801.5,7809.0,7790.0,7804.5,4503,0.0,0.0,POLYCAB.NS
2026-02-11 13:00:00+05:30,7801.5,7810.0,7796.0,7798.5,5386,0.0,0.0,POLYCAB.NS
2026-02-11 13:15:00+05:30,7799.0,7812.0,7781.5,7795.5,3141,0.0,0.0,POLYCAB.NS
2026-02-11 13:30:00+05:30,7797.0,7809.0,7797.0,7801.5,1925,0.0,0.0,POLYCAB.NS
2026-02-11 13:45:00+05:30,7801.5,7806.0,7781.0,7786.0,2979,0.0,0.0,POLYCAB.NS
2026-02-11 14:00:00+05:30,7786.0,7796.0,7782.0,7796.0,3513,0.0,0.0,POLYCAB.NS
2026-02-11 14:15:00+05:30,7791.5,7800.0,7780.0,7799.5,3403,0.0,0.0,POLYCAB.NS
2026-02-11 14:30:00+05:30,7799.5,7810.5,7795.5,7806.5,4162,0.0,0.0,POLYCAB.NS
2026-02-11 14:45:00+05:30,7806.5,7818.5,7805.0,7811.0,4472,0.0,0.0,POLYCAB.NS
2026-02-11 15:00:00+05:30,7816.5,7822.0,7810.0,7812.5,10093,0.0,0.0,POLYCAB.NS
2026-02-11 15:15:00+05:30,7813.0,7818.5,7795.0,7814.0,14501,0.0,0.0,POLYCAB.NS
2026-02-12 09:15:00+05:30,7763.0,7776.5,7752.0,7756.5,4131,0.0,0.0,POLYCAB.NS
2026-02-12 09:30:00+05:30,7754.5,7799.0,7752.5,7783.0,5346,0.0,0.0,POLYCAB.NS
2026-02-12 09:45:00+05:30,7787.0,7796.5,7770.5,7787.0,3818,0.0,0.0,POLYCAB.NS
2026-02-12 10:00:00+05:30,7784.5,7793.0,7762.0,7771.0,2891,0.0,0.0,POLYCAB.NS
2026-02-12 10:15:00+05:30,7772.0,7775.0,7765.0,7769.5,2529,0.0,0.0,POLYCAB.NS
2026-02-12 10:30:00+05:30,7769.5,7772.5,7752.0,7756.0,4539,0.0,0.0,POLYCAB.NS
2026-02-12 10:45:00+05:30,7756.0,7759.0,7750.0,7753.0,2569,0.0,0.0,POLYCAB.NS
2026-02-12 11:00:00+05:30,7750.5,7768.5,7737.0,7759.5,5242,0.0,0.0,POLYCAB.NS
2026-02-12 11:15:00+05:30,7761.0,7762.0,7742.5,7749.0,4823,0.0,0.0,POLYCAB.NS
2026-02-12 11:30:00+05:30,7749.0,7749.0,7730.0,7735.5,6771,0.0,0.0,POLYCAB.NS
2026-02-12 11:45:00+05:30,7734.5,7735.5,7730.0,7730.0,2832,0.0,0.0,POLYCAB.NS
2026-02-12 12:00:00+05:30,7731.0,7757.0,7730.0,7750.0,6688,0.0,0.0,POLYCAB.NS
2026-02-12 12:15:00+05:30,7747.5,7760.5,7746.5,7758.0,3540,0.0,0.0,POLYCAB.NS
2026-02-12 12:30:00+05:30,7757.5,7761.5,7751.0,7752.0,3455,0.0,0.0,POLYCAB.NS
2026-02-12 12:45:00+05:30,7753.0,7773.5,7752.5,7772.0,4239,0.0,0.0,POLYCAB.NS
2026-02-12 13:00:00+05:30,7772.0,7775.0,7755.0,7760.0,3377,0.0,0.0,POLYCAB.NS
2026-02-12 13:15:00+05:30,7760.0,7773.5,7757.0,7759.0,3968,0.0,0.0,POLYCAB.NS
2026-02-12 13:30:00+05:30,7758.5,7769.0,7758.5,7764.0,3283,0.0,0.0,POLYCAB.NS
2026-02-12 13:45:00+05:30,7764.5,7765.0,7753.0,7755.5,2787,0.0,0.0,POLYCAB.NS
2026-02-12 14:00:00+05:30,7756.5,7773.5,7754.5,7769.5,5177,0.0,0.0,POLYCAB.NS
2026-02-12 14:15:00+05:30,7769.5,7778.0,7767.0,7775.0,5112,0.0,0.0,POLYCAB.NS
2026-02-12 14:30:00+05:30,7773.0,7774.0,7751.5,7751.5,4697,0.0,0.0,POLYCAB.NS
2026-02-12 14:45:00+05:30,7751.5,7768.5,7732.0,7766.5,9245,0.0,0.0,POLYCAB.NS
2026-02-12 15:00:00+05:30,7766.5,7794.5,7763.0,7764.0,19445,0.0,0.0,POLYCAB.NS
2026-02-12 15:15:00+05:30,7764.5,7768.5,7752.5,7764.0,21188,0.0,0.0,POLYCAB.NS
2026-02-13 09:15:00+05:30,7750.0,7750.0,7680.0,7690.0,5413,0.0,0.0,POLYCAB.NS
2026-02-13 09:30:00+05:30,7691.0,7704.5,7660.5,7703.5,8580,0.0,0.0,POLYCAB.NS
2026-02-13 09:45:00+05:30,7700.5,7702.0,7655.0,7661.5,5624,0.0,0.0,POLYCAB.NS
2026-02-13 10:00:00+05:30,7659.0,7666.5,7640.0,7652.5,5447,0.0,0.0,POLYCAB.NS
2026-02-13 10:15:00+05:30,7652.5,7674.0,7640.5,7668.0,4612,0.0,0.0,POLYCAB.NS
2026-02-13 10:30:00+05:30,7668.0,7712.0,7666.0,7690.0,6572,0.0,0.0,POLYCAB.NS
2026-02-13 10:45:00+05:30,7691.5,7691.5,7656.0,7657.5,2608,0.0,0.0,POLYCAB.NS
2026-02-13 11:00:00+05:30,7658.0,7659.0,7621.5,7633.0,5813,0.0,0.0,POLYCAB.NS
2026-02-13 11:15:00+05:30,7635.5,7642.0,7621.0,7634.0,3195,0.0,0.0,POLYCAB.NS
2026-02-13 11:30:00+05:30,7631.5,7642.0,7616.0,7642.0,2868,0.0,0.0,POLYCAB.NS
2026-02-13 11:45:00+05:30,7643.0,7674.5,7643.0,7669.5,4300,0.0,0.0,POLYCAB.NS
2026-02-13 12:00:00+05:30,7672.0,7673.0,7661.5,7669.0,2266,0.0,0.0,POLYCAB.NS
2026-02-13 12:15:00+05:30,7669.0,7680.0,7657.5,7673.5,3479,0.0,0.0,POLYCAB.NS
2026-02-13 12:30:00+05:30,7673.0,7679.5,7666.5,7669.0,3985,0.0,0.0,POLYCAB.NS
2026-02-13 12:45:00+05:30,7669.0,7673.5,7647.0,7647.0,3072,0.0,0.0,POLYCAB.NS
2026-02-13 13:00:00+05:30,7647.0,7655.0,7645.5,7653.5,3993,0.0,0.0,POLYCAB.NS
2026-02-13 13:15:00+05:30,7653.5,7666.0,7644.5,7661.5,13432,0.0,0.0,POLYCAB.NS
2026-02-13 13:30:00+05:30,7662.5,7674.0,7653.0,7671.5,4214,0.0,0.0,POLYCAB.NS
2026-02-13 13:45:00+05:30,7664.5,7668.5,7634.5,7636.5,4221,0.0,0.0,POLYCAB.NS
2026-02-13 14:00:00+05:30,7637.0,7641.0,7625.0,7635.5,3487,0.0,0.0,POLYCAB.NS
2026-02-13 14:15:00+05:30,7635.5,7648.5,7628.0,7634.0,3708,0.0,0.0,POLYCAB.NS
2026-02-13 14:30:00+05:30,7633.5,7638.0,7620.5,7621.5,3348,0.0,0.0,POLYCAB.NS
2026-02-13 14:45:00+05:30,7622.5,7626.0,7605.0,7620.5,7269,0.0,0.0,POLYCAB.NS
2026-02-13 15:00:00+05:30,7625.0,7625.0,7565.0,7570.0,16656,0.0,0.0,POLYCAB.NS
2026-02-13 15:15:00+05:30,7570.0,7600.5,7565.5,7587.5,26307,0.0,0.0,POLYCAB.NS
2026-02-16 09:15:00+05:30,7610.0,7625.0,7553.5,7615.0,4891,0.0,0.0,POLYCAB.NS
2026-02-16 09:30:00+05:30,7616.5,7647.0,7613.0,7615.0,4891,0.0,0.0,POLYCAB.NS
2026-02-16 09:45:00+05:30,7619.0,7632.0,7601.5,7628.0,3322,0.0,0.0,POLYCAB.NS
2026-02-16 10:00:00+05:30,7629.0,7664.0,7629.0,7656.0,4574,0.0,0.0,POLYCAB.NS
2026-02-16 10:15:00+05:30,7656.0,7662.5,7647.0,7650.0,1821,0.0,0.0,POLYCAB.NS
2026-02-16 10:30:00+05:30,7649.0,7672.0,7649.0,7662.0,2149,0.0,0.0,POLYCAB.NS
2026-02-16 10:45:00+05:30,7662.5,7665.0,7652.0,7657.0,1109,0.0,0.0,POLYCAB.NS
2026-02-16 11:00:00+05:30,7661.5,7666.5,7655.0,7655.0,1259,0.0,0.0,POLYCAB.NS
2026-02-16 11:15:00+05:30,7654.5,7664.0,7645.5,7654.0,3295,0.0,0.0,POLYCAB.NS
2026-02-16 11:30:00+05:30,7654.0,7661.0,7645.5,7651.5,1925,0.0,0.0,POLYCAB.NS
2026-02-16 11:45:00+05:30,7649.0,7662.0,7643.0,7662.0,1616,0.0,0.0,POLYCAB.NS
2026-02-16 12:00:00+05:30,7664.0,7667.5,7653.0,7655.0,929,0.0,0.0,POLYCAB.NS
2026-02-16 12:15:00+05:30,7656.5,7665.0,7655.5,7659.5,1559,0.0,0.0,POLYCAB.NS
2026-02-16 12:30:00+05:30,7662.0,7674.0,7655.0,7658.5,2832,0.0,0.0,POLYCAB.NS
2026-02-16 12:45:00+05:30,7658.5,7669.5,7648.0,7652.0,2245,0.0,0.0,POLYCAB.NS
2026-02-16 13:00:00+05:30,7652.5,7670.0,7652.5,7663.5,537,0.0,0.0,POLYCAB.NS
2026-02-16 13:15:00+05:30,7663.5,7670.0,7659.0,7670.0,3783,0.0,0.0,POLYCAB.NS
2026-02-16 13:30:00+05:30,7668.0,7668.0,7656.0,7662.0,752,0.0,0.0,POLYCAB.NS
2026-02-16 13:45:00+05:30,7661.0,7663.0,7635.0,7642.0,5294,0.0,0.0,POLYCAB.NS
2026-02-16 14:00:00+05:30,7644.5,7650.0,7637.0,7650.0,2860,0.0,0.0,POLYCAB.NS
2026-02-16 14:15:00+05:30,7650.0,7650.0,7638.0,7646.5,2927,0.0,0.0,POLYCAB.NS
2026-02-16 14:30:00+05:30,7646.0,7650.0,7641.0,7648.0,3775,0.0,0.0,POLYCAB.NS
2026-02-16 14:45:00+05:30,7648.0,7655.0,7642.0,7650.0,8623,0.0,0.0,POLYCAB.NS
2026-02-16 15:00:00+05:30,7650.0,7653.0,7625.0,7644.5,18002,0.0,0.0,POLYCAB.NS
2026-02-16 15:15:00+05:30,7645.0,7647.5,7613.5,7636.0,18237,0.0,0.0,POLYCAB.NS
2026-02-17 09:15:00+05:30,7649.0,7675.5,7625.5,7656.0,4301,0.0,0.0,POLYCAB.NS
2026-02-17 09:30:00+05:30,7660.0,7689.5,7646.0,7685.5,4045,0.0,0.0,POLYCAB.NS
2026-02-17 09:45:00+05:30,7685.0,7688.0,7671.0,7671.5,4020,0.0,0.0,POLYCAB.NS
2026-02-17 10:00:00+05:30,7670.0,7674.5,7659.0,7673.5,1685,0.0,0.0,POLYCAB.NS
2026-02-17 10:15:00+05:30,7673.5,7673.5,7658.5,7662.5,1228,0.0,0.0,POLYCAB.NS
2026-02-17 10:30:00+05:30,7664.5,7669.0,7650.0,7655.5,1421,0.0,0.0,POLYCAB.NS
2026-02-17 10:45:00+05:30,7655.0,7664.0,7652.0,7658.5,1243,0.0,0.0,POLYCAB.NS
2026-02-17 11:00:00+05:30,7658.5,7665.0,7651.5,7653.5,1043,0.0,0.0,POLYCAB.NS
2026-02-17 11:15:00+05:30,7653.5,7672.5,7653.5,7665.5,1721,0.0,0.0,POLYCAB.NS
2026-02-17 11:30:00+05:30,7667.5,7690.0,7665.5,7680.5,2712,0.0,0.0,POLYCAB.NS
2026-02-17 11:45:00+05:30,7682.0,7687.0,7673.5,7684.0,2277,0.0,0.0,POLYCAB.NS
2026-02-17 12:00:00+05:30,7687.0,7687.0,7673.5,7680.0,874,0.0,0.0,POLYCAB.NS
2026-02-17 12:15:00+05:30,7680.0,7700.0,7679.5,7698.0,3192,0.0,0.0,POLYCAB.NS
2026-02-17 12:30:00+05:30,7698.0,7719.0,7698.0,7718.5,3894,0.0,0.0,POLYCAB.NS
2026-02-17 12:45:00+05:30,7716.5,7724.0,7714.0,7718.0,2439,0.0,0.0,POLYCAB.NS
2026-02-17 13:00:00+05:30,7715.0,7732.0,7715.0,7727.0,3417,0.0,0.0,POLYCAB.NS
2026-02-17 13:15:00+05:30,7727.5,7737.0,7718.5,7720.0,3594,0.0,0.0,POLYCAB.NS
2026-02-17 13:30:00+05:30,7720.0,7735.5,7720.0,7733.0,3468,0.0,0.0,POLYCAB.NS
2026-02-17 13:45:00+05:30,7733.0,7736.0,7715.5,7718.5,3885,0.0,0.0,POLYCAB.NS
2026-02-17 14:00:00+05:30,7718.5,7732.5,7712.0,7716.5,3454,0.0,0.0,POLYCAB.NS
2026-02-17 14:15:00+05:30,7719.0,7727.5,7715.0,7717.0,2514,0.0,0.0,POLYCAB.NS
2026-02-17 14:30:00+05:30,7718.0,7735.0,7713.0,7726.5,3497,0.0,0.0,POLYCAB.NS
2026-02-17 14:45:00+05:30,7729.5,7736.0,7723.5,7735.5,5125,0.0,0.0,POLYCAB.NS
2026-02-17 15:00:00+05:30,7740.0,7753.0,7740.0,7745.0,12339,0.0,0.0,POLYCAB.NS
2026-02-17 15:15:00+05:30,7745.0,7746.0,7731.0,7734.0,9671,0.0,0.0,POLYCAB.NS
2026-02-18 09:15:00+05:30,7772.0,7834.0,7756.0,7833.0,8350,0.0,0.0,POLYCAB.NS
2026-02-18 09:30:00+05:30,7834.0,7836.0,7788.0,7798.5,11794,0.0,0.0,POLYCAB.NS
2026-02-18 09:45:00+05:30,7798.5,7803.5,7770.5,7774.5,7667,0.0,0.0,POLYCAB.NS
2026-02-18 10:00:00+05:30,7774.0,7795.0,7774.0,7786.0,4678,0.0,0.0,POLYCAB.NS
2026-02-18 10:15:00+05:30,7785.5,7814.5,7782.0,7803.0,7076,0.0,0.0,POLYCAB.NS
2026-02-18 10:30:00+05:30,7801.5,7815.0,7798.0,7806.5,3625,0.0,0.0,POLYCAB.NS
2026-02-18 10:45:00+05:30,7809.0,7827.5,7803.5,7825.0,3541,0.0,0.0,POLYCAB.NS
2026-02-18 11:00:00+05:30,7823.5,7829.0,7817.0,7827.5,3367,0.0,0.0,POLYCAB.NS
2026-02-18 11:15:00+05:30,7827.5,7830.0,7803.5,7809.5,5252,0.0,0.0,POLYCAB.NS
2026-02-18 11:30:00+05:30,7809.5,7819.0,7802.0,7815.0,2861,0.0,0.0,POLYCAB.NS
2026-02-18 11:45:00+05:30,7814.5,7818.5,7806.0,7813.5,2224,0.0,0.0,POLYCAB.NS
2026-02-18 12:00:00+05:30,7813.5,7838.5,7813.5,7830.0,5002,0.0,0.0,POLYCAB.NS
2026-02-18 12:15:00+05:30,7830.0,7835.0,7823.0,7827.0,2733,0.0,0.0,POLYCAB.NS
2026-02-18 12:30:00+05:30,7827.0,7828.0,7799.0,7805.0,4768,0.0,0.0,POLYCAB.NS
2026-02-18 12:45:00+05:30,7805.5,7814.0,7795.0,7812.0,3256,0.0,0.0,POLYCAB.NS
2026-02-18 13:00:00+05:30,7810.5,7820.0,7809.0,7816.5,3179,0.0,0.0,POLYCAB.NS
2026-02-18 13:15:00+05:30,7816.0,7819.0,7804.5,7811.5,3119,0.0,0.0,POLYCAB.NS
2026-02-18 13:30:00+05:30,7812.5,7816.5,7800.0,7806.5,2954,0.0,0.0,POLYCAB.NS
2026-02-18 13:45:00+05:30,7807.0,7818.0,7803.0,7809.5,2613,0.0,0.0,POLYCAB.NS
2026-02-18 14:00:00+05:30,7809.5,7818.0,7805.0,7812.0,4131,0.0,0.0,POLYCAB.NS
2026-02-18 14:15:00+05:30,7812.0,7824.5,7812.0,7818.0,2843,0.0,0.0,POLYCAB.NS
2026-02-18 14:30:00+05:30,7819.0,7825.0,7815.0,7819.0,4558,0.0,0.0,POLYCAB.NS
2026-02-18 14:45:00+05:30,7819.0,7824.0,7816.5,7822.5,6186,0.0,0.0,POLYCAB.NS
2026-02-18 15:00:00+05:30,7823.5,7837.0,7823.5,7837.0,14528,0.0,0.0,POLYCAB.NS
2026-02-18 15:15:00+05:30,7836.0,7836.0,7815.0,7823.5,29055,0.0,0.0,POLYCAB.NS
2026-02-19 09:15:00+05:30,7822.0,7824.0,7778.0,7784.0,6360,0.0,0.0,POLYCAB.NS
2026-02-19 09:30:00+05:30,7786.0,7788.0,7732.0,7732.0,30515,0.0,0.0,POLYCAB.NS
2026-02-19 09:45:00+05:30,7736.5,7761.0,7727.0,7760.0,5541,0.0,0.0,POLYCAB.NS
2026-02-19 10:00:00+05:30,7762.5,7769.5,7751.5,7753.5,3051,0.0,0.0,POLYCAB.NS
2026-02-19 10:15:00+05:30,7753.5,7761.0,7742.0,7757.0,2763,0.0,0.0,POLYCAB.NS
2026-02-19 10:30:00+05:30,7757.0,7765.0,7746.5,7756.0,1765,0.0,0.0,POLYCAB.NS
2026-02-19 10:45:00+05:30,7756.0,7767.0,7746.0,7765.5,4765,0.0,0.0,POLYCAB.NS
2026-02-19 11:00:00+05:30,7765.5,7788.5,7765.5,7787.0,4539,0.0,0.0,POLYCAB.NS
2026-02-19 11:15:00+05:30,7788.0,7806.0,7776.0,7800.0,3599,0.0,0.0,POLYCAB.NS
2026-02-19 11:30:00+05:30,7800.0,7811.0,7800.0,7811.0,2086,0.0,0.0,POLYCAB.NS
2026-02-19 11:45:00+05:30,7811.0,7849.0,7811.0,7834.0,9551,0.0,0.0,POLYCAB.NS
2026-02-19 12:00:00+05:30,7833.0,7837.0,7808.0,7811.0,9476,0.0,0.0,POLYCAB.NS
2026-02-19 12:15:00+05:30,7812.0,7831.0,7810.0,7827.0,14322,0.0,0.0,POLYCAB.NS
2026-02-19 12:30:00+05:30,7827.0,7834.0,7816.5,7827.5,7491,0.0,0.0,POLYCAB.NS
2026-02-19 12:45:00+05:30,7826.5,7878.0,7817.5,7863.0,13072,0.0,0.0,POLYCAB.NS
2026-02-19 13:00:00+05:30,7865.5,7878.5,7862.0,7878.0,8985,0.0,0.0,POLYCAB.NS
2026-02-19 13:15:00+05:30,7878.0,7897.0,7870.0,7888.0,13076,0.0,0.0,POLYCAB.NS
2026-02-19 13:30:00+05:30,7884.0,7896.5,7877.5,7886.5,7264,0.0,0.0,POLYCAB.NS
2026-02-19 13:45:00+05:30,7886.5,7890.5,7877.5,7885.0,7256,0.0,0.0,POLYCAB.NS
2026-02-19 14:00:00+05:30,7885.0,7890.0,7873.0,7890.0,8628,0.0,0.0,POLYCAB.NS
2026-02-19 14:15:00+05:30,7890.0,7898.5,7872.0,7872.5,8995,0.0,0.0,POLYCAB.NS
2026-02-19 14:30:00+05:30,7874.0,7883.5,7859.5,7862.0,10243,0.0,0.0,POLYCAB.NS
2026-02-19 14:45:00+05:30,7862.0,7869.5,7732.5,7808.0,45761,0.0,0.0,POLYCAB.NS
2026-02-19 15:00:00+05:30,7808.0,7808.0,7770.0,7773.0,15940,0.0,0.0,POLYCAB.NS
2026-02-19 15:15:00+05:30,7773.5,7782.5,7754.0,7778.0,15284,0.0,0.0,POLYCAB.NS
2026-02-20 09:15:00+05:30,7788.0,7826.5,7743.0,7743.0,14437,0.0,0.0,POLYCAB.NS
2026-02-20 09:30:00+05:30,7741.0,7798.0,7740.5,7777.0,4901,0.0,0.0,POLYCAB.NS
2026-02-20 09:45:00+05:30,7775.5,7799.0,7754.0,7760.0,4300,0.0,0.0,POLYCAB.NS
2026-02-20 10:00:00+05:30,7760.5,7760.5,7715.5,7723.5,9373,0.0,0.0,POLYCAB.NS
2026-02-20 10:15:00+05:30,7727.0,7753.0,7719.5,7723.5,19187,0.0,0.0,POLYCAB.NS
2026-02-20 10:30:00+05:30,7723.0,7740.5,7718.5,7726.5,5214,0.0,0.0,POLYCAB.NS
2026-02-20 10:45:00+05:30,7726.5,7744.0,7723.0,7726.5,11505,0.0,0.0,POLYCAB.NS
2026-02-20 11:00:00+05:30,7726.0,7733.0,7712.5,7720.5,12397,0.0,0.0,POLYCAB.NS
2026-02-20 11:15:00+05:30,7719.0,7760.0,7719.0,7760.0,17850,0.0,0.0,POLYCAB.NS
2026-02-20 11:30:00+05:30,7757.5,7781.0,7747.0,7772.5,13590,0.0,0.0,POLYCAB.NS
2026-02-20 11:45:00+05:30,7771.5,7815.0,7756.0,7805.0,13849,0.0,0.0,POLYCAB.NS
2026-02-20 12:00:00+05:30,7804.5,7835.0,7795.0,7825.5,10353,0.0,0.0,POLYCAB.NS
2026-02-20 12:15:00+05:30,7825.5,7840.5,7808.0,7812.5,5273,0.0,0.0,POLYCAB.NS
2026-02-20 12:30:00+05:30,7812.5,7822.5,7791.5,7794.0,4578,0.0,0.0,POLYCAB.NS
2026-02-20 12:45:00+05:30,7791.5,7809.5,7785.0,7803.0,4224,0.0,0.0,POLYCAB.NS
2026-02-20 13:00:00+05:30,7805.0,7822.0,7802.0,7822.0,11229,0.0,0.0,POLYCAB.NS
2026-02-20 13:15:00+05:30,7820.0,7843.0,7807.0,7838.5,3810,0.0,0.0,POLYCAB.NS
2026-02-20 13:30:00+05:30,7839.5,7857.0,7837.0,7855.5,7498,0.0,0.0,POLYCAB.NS
2026-02-20 13:45:00+05:30,7855.5,7885.5,7850.5,7884.5,8012,0.0,0.0,POLYCAB.NS
2026-02-20 14:00:00+05:30,7878.0,7930.5,7878.0,7925.0,27229,0.0,0.0,POLYCAB.NS
2026-02-20 14:15:00+05:30,7923.5,7930.0,7892.0,7900.0,7332,0.0,0.0,POLYCAB.NS
2026-02-20 14:30:00+05:30,7896.0,7906.5,7874.0,7906.5,57793,0.0,0.0,POLYCAB.NS
2026-02-20 14:45:00+05:30,7907.0,7910.0,7880.0,7893.5,27552,0.0,0.0,POLYCAB.NS
2026-02-20 15:00:00+05:30,7896.5,7897.0,7845.5,7845.5,65744,0.0,0.0,POLYCAB.NS
2026-02-20 15:15:00+05:30,7839.5,7869.0,7819.0,7869.0,24741,0.0,0.0,POLYCAB.NS
2026-02-23 09:15:00+05:30,7865.0,7939.5,7860.0,7888.5,12071,0.0,0.0,POLYCAB.NS
2026-02-23 09:30:00+05:30,7887.0,7903.0,7843.5,7900.5,14164,0.0,0.0,POLYCAB.NS
2026-02-23 09:45:00+05:30,7900.0,7900.0,7867.5,7883.5,7553,0.0,0.0,POLYCAB.NS
2026-02-23 10:00:00+05:30,7882.5,7900.0,7873.0,7895.5,6001,0.0,0.0,POLYCAB.NS
2026-02-23 10:15:00+05:30,7893.5,7909.0,7886.0,7906.0,6858,0.0,0.0,POLYCAB.NS
2026-02-23 10:30:00+05:30,7906.0,7910.0,7882.0,7883.5,3733,0.0,0.0,POLYCAB.NS
2026-02-23 10:45:00+05:30,7883.5,7892.5,7869.0,7887.5,7282,0.0,0.0,POLYCAB.NS
2026-02-23 11:00:00+05:30,7888.5,7907.0,7867.5,7904.0,10243,0.0,0.0,POLYCAB.NS
2026-02-23 11:15:00+05:30,7906.5,7946.0,7901.0,7929.0,27120,0.0,0.0,POLYCAB.NS
2026-02-23 11:30:00+05:30,7925.5,7926.0,7905.0,7912.0,4315,0.0,0.0,POLYCAB.NS
2026-02-23 11:45:00+05:30,7908.5,7924.0,7885.0,7917.0,9303,0.0,0.0,POLYCAB.NS
2026-02-23 12:00:00+05:30,7917.0,7984.0,7912.0,7955.5,21391,0.0,0.0,POLYCAB.NS
2026-02-23 12:15:00+05:30,7957.0,7991.0,7953.0,7982.5,15615,0.0,0.0,POLYCAB.NS
2026-02-23 12:30:00+05:30,7982.0,7985.0,7950.0,7958.5,10325,0.0,0.0,POLYCAB.NS
2026-02-23 12:45:00+05:30,7956.5,7967.0,7950.0,7952.5,6720,0.0,0.0,POLYCAB.NS
2026-02-23 13:00:00+05:30,7952.0,7959.0,7949.5,7953.5,5699,0.0,0.0,POLYCAB.NS
2026-02-23 13:15:00+05:30,7950.5,7957.0,7947.5,7956.0,6357,0.0,0.0,POLYCAB.NS
2026-02-23 13:30:00+05:30,7957.0,7987.5,7951.0,7986.0,12914,0.0,0.0,POLYCAB.NS
2026-02-23 13:45:00+05:30,7986.0,8001.5,7984.0,7984.0,25556,0.0,0.0,POLYCAB.NS
2026-02-23 14:00:00+05:30,7985.0,7993.5,7961.5,7973.0,13722,0.0,0.0,POLYCAB.NS
2026-02-23 14:15:00+05:30,7973.5,7987.5,7971.5,7986.0,10611,0.0,0.0,POLYCAB.NS
2026-02-23 14:30:00+05:30,7984.0,7995.5,7962.5,7971.5,15676,0.0,0.0,POLYCAB.NS
2026-02-23 14:45:00+05:30,7966.0,7987.0,7962.5,7979.0,13808,0.0,0.0,POLYCAB.NS
2026-02-23 15:00:00+05:30,7980.0,7990.0,7969.5,7969.5,13872,0.0,0.0,POLYCAB.NS
2026-02-23 15:15:00+05:30,7956.0,7992.0,7950.0,7974.0,24109,0.0,0.0,POLYCAB.NS
2026-02-24 09:15:00+05:30,7911.0,8039.0,7911.0,8036.5,27056,0.0,0.0,POLYCAB.NS
2026-02-24 09:30:00+05:30,8037.0,8056.5,8005.0,8051.0,57416,0.0,0.0,POLYCAB.NS
2026-02-24 09:45:00+05:30,8053.5,8125.0,8047.0,8111.5,105237,0.0,0.0,POLYCAB.NS
2026-02-24 10:00:00+05:30,8110.0,8129.0,8090.0,8096.0,44860,0.0,0.0,POLYCAB.NS
2026-02-24 10:15:00+05:30,8098.5,8110.0,8064.5,8071.5,58704,0.0,0.0,POLYCAB.NS
2026-02-24 10:30:00+05:30,8069.5,8100.0,8053.5,8094.0,24232,0.0,0.0,POLYCAB.NS
2026-02-24 10:45:00+05:30,8095.5,8128.0,8093.5,8124.0,32755,0.0,0.0,POLYCAB.NS
2026-02-24 11:00:00+05:30,8124.0,8134.0,8106.0,8119.0,21182,0.0,0.0,POLYCAB.NS
2026-02-24 11:15:00+05:30,8119.5,8124.5,8098.5,8117.0,21353,0.0,0.0,POLYCAB.NS
2026-02-24 11:30:00+05:30,8116.0,8127.0,8110.0,8119.5,12279,0.0,0.0,POLYCAB.NS
2026-02-24 11:45:00+05:30,8119.5,8124.5,8114.0,8120.0,13305,0.0,0.0,POLYCAB.NS
2026-02-24 12:00:00+05:30,8119.5,8145.5,8119.5,8138.0,23097,0.0,0.0,POLYCAB.NS
2026-02-24 12:15:00+05:30,8136.5,8138.0,8115.5,8128.0,22614,0.0,0.0,POLYCAB.NS
2026-02-24 12:30:00+05:30,8127.5,8137.0,8115.5,8118.0,16817,0.0,0.0,POLYCAB.NS
2026-02-24 12:45:00+05:30,8115.5,8119.5,8102.0,8111.0,16310,0.0,0.0,POLYCAB.NS
2026-02-24 13:00:00+05:30,8110.5,8120.0,8077.5,8119.5,26298,0.0,0.0,POLYCAB.NS
2026-02-24 13:15:00+05:30,8119.5,8119.5,8093.5,8096.5,12012,0.0,0.0,POLYCAB.NS
2026-02-24 13:30:00+05:30,8096.0,8096.0,8069.5,8073.0,44189,0.0,0.0,POLYCAB.NS
2026-02-24 13:45:00+05:30,8076.0,8098.0,8072.0,8097.0,13656,0.0,0.0,POLYCAB.NS
2026-02-24 14:00:00+05:30,8098.5,8101.0,8080.5,8089.5,19689,0.0,0.0,POLYCAB.NS
2026-02-24 14:15:00+05:30,8091.5,8092.0,8078.5,8085.0,12451,0.0,0.0,POLYCAB.NS
2026-02-24 14:30:00+05:30,8085.5,8096.0,8085.0,8086.5,16267,0.0,0.0,POLYCAB.NS
2026-02-24 14:45:00+05:30,8086.5,8122.5,8081.0,8120.5,28387,0.0,0.0,POLYCAB.NS
2026-02-24 15:00:00+05:30,8121.0,8121.5,8099.0,8121.0,64236,0.0,0.0,POLYCAB.NS
2026-02-24 15:15:00+05:30,8122.0,8138.0,8110.0,8120.5,99854,0.0,0.0,POLYCAB.NS
2026-02-25 09:15:00+05:30,8129.5,8168.0,8123.0,8158.0,12226,0.0,0.0,POLYCAB.NS
2026-02-25 09:30:00+05:30,8155.0,8198.0,8149.5,8182.0,23145,0.0,0.0,POLYCAB.NS
2026-02-25 09:45:00+05:30,8182.0,8220.0,8181.5,8218.0,18334,0.0,0.0,POLYCAB.NS
2026-02-25 10:00:00+05:30,8220.0,8240.0,8208.5,8235.0,15689,0.0,0.0,POLYCAB.NS
2026-02-25 10:15:00+05:30,8235.0,8259.5,8235.0,8259.5,23624,0.0,0.0,POLYCAB.NS
2026-02-25 10:30:00+05:30,8258.5,8265.0,8249.5,8254.0,12107,0.0,0.0,POLYCAB.NS
2026-02-25 10:45:00+05:30,8254.0,8295.5,8252.0,8282.0,18186,0.0,0.0,POLYCAB.NS
2026-02-25 11:00:00+05:30,8284.0,8308.0,8266.5,8308.0,21840,0.0,0.0,POLYCAB.NS
2026-02-25 11:15:00+05:30,8306.0,8338.0,8300.5,8323.5,46058,0.0,0.0,POLYCAB.NS
2026-02-25 11:30:00+05:30,8327.5,8355.0,8323.5,8337.0,24780,0.0,0.0,POLYCAB.NS
2026-02-25 11:45:00+05:30,8338.5,8346.0,8325.0,8341.0,16546,0.0,0.0,POLYCAB.NS
2026-02-25 12:00:00+05:30,8341.5,8378.0,8340.0,8362.0,37870,0.0,0.0,POLYCAB.NS
2026-02-25 12:15:00+05:30,8362.5,8407.5,8362.5,8390.0,40876,0.0,0.0,POLYCAB.NS
2026-02-25 12:30:00+05:30,8393.0,8400.0,8351.0,8365.0,57810,0.0,0.0,POLYCAB.NS
2026-02-25 12:45:00+05:30,8366.0,8366.5,8346.0,8354.5,26732,0.0,0.0,POLYCAB.NS
2026-02-25 13:00:00+05:30,8353.5,8363.5,8341.0,8353.5,25038,0.0,0.0,POLYCAB.NS
2026-02-25 13:15:00+05:30,8353.5,8353.5,8312.5,8331.0,33533,0.0,0.0,POLYCAB.NS
2026-02-25 13:30:00+05:30,8325.0,8332.0,8274.0,8297.0,87067,0.0,0.0,POLYCAB.NS
2026-02-25 13:45:00+05:30,8293.0,8315.0,8277.5,8309.5,20153,0.0,0.0,POLYCAB.NS
2026-02-25 14:00:00+05:30,8309.5,8325.5,8295.0,8312.0,27208,0.0,0.0,POLYCAB.NS
2026-02-25 14:15:00+05:30,8314.0,8330.0,8300.0,8300.0,27757,0.0,0.0,POLYCAB.NS
2026-02-25 14:30:00+05:30,8300.0,8321.0,8300.0,8320.5,33696,0.0,0.0,POLYCAB.NS
2026-02-25 14:45:00+05:30,8320.5,8345.5,8314.5,8337.5,44386,0.0,0.0,POLYCAB.NS
2026-02-25 15:00:00+05:30,8340.0,8363.0,8322.0,8357.0,79214,0.0,0.0,POLYCAB.NS
2026-02-25 15:15:00+05:30,8355.5,8362.0,8339.5,8348.0,89615,0.0,0.0,POLYCAB.NS
2026-02-26 09:15:00+05:30,8361.0,8475.0,8361.0,8448.0,48897,0.0,0.0,POLYCAB.NS
2026-02-26 09:30:00+05:30,8448.0,8448.0,8411.0,8411.0,32374,0.0,0.0,POLYCAB.NS
2026-02-26 09:45:00+05:30,8415.5,8424.0,8403.0,8424.0,17264,0.0,0.0,POLYCAB.NS
2026-02-26 10:00:00+05:30,8423.5,8449.0,8411.5,8435.0,10699,0.0,0.0,POLYCAB.NS
2026-02-26 10:15:00+05:30,8433.0,8443.5,8418.5,8433.0,12460,0.0,0.0,POLYCAB.NS
2026-02-26 10:30:00+05:30,8432.5,8440.0,8420.0,8436.5,7429,0.0,0.0,POLYCAB.NS
2026-02-26 10:45:00+05:30,8434.5,8450.0,8424.5,8435.5,8736,0.0,0.0,POLYCAB.NS
2026-02-26 11:00:00+05:30,8437.5,8445.0,8430.0,8439.0,5965,0.0,0.0,POLYCAB.NS
2026-02-26 11:15:00+05:30,8438.5,8450.0,8428.5,8428.5,10840,0.0,0.0,POLYCAB.NS
2026-02-26 11:30:00+05:30,8428.5,8447.5,8411.5,8444.0,20754,0.0,0.0,POLYCAB.NS
2026-02-26 11:45:00+05:30,8444.0,8451.5,8436.5,8441.5,14163,0.0,0.0,POLYCAB.NS
2026-02-26 12:00:00+05:30,8441.5,8463.0,8433.5,8441.5,22134,0.0,0.0,POLYCAB.NS
2026-02-26 12:15:00+05:30,8442.5,8451.5,8435.0,8440.0,14201,0.0,0.0,POLYCAB.NS
2026-02-26 12:30:00+05:30,8440.5,8444.0,8393.0,8441.5,148948,0.0,0.0,POLYCAB.NS
2026-02-26 12:45:00+05:30,8443.0,8455.0,8439.0,8445.0,9002,0.0,0.0,POLYCAB.NS
2026-02-26 13:00:00+05:30,8444.0,8475.0,8444.0,8458.0,24817,0.0,0.0,POLYCAB.NS
2026-02-26 13:15:00+05:30,8458.0,8469.0,8447.0,8466.0,14477,0.0,0.0,POLYCAB.NS
2026-02-26 13:30:00+05:30,8466.0,8467.5,8449.5,8459.0,14452,0.0,0.0,POLYCAB.NS
2026-02-26 13:45:00+05:30,8459.0,8465.0,8442.0,8450.0,12036,0.0,0.0,POLYCAB.NS
2026-02-26 14:00:00+05:30,8452.0,8461.5,8443.0,8460.0,8209,0.0,0.0,POLYCAB.NS
2026-02-26 14:15:00+05:30,8458.5,8460.0,8445.0,8455.0,9452,0.0,0.0,POLYCAB.NS
2026-02-26 14:30:00+05:30,8455.0,8499.0,8452.5,8494.0,19450,0.0,0.0,POLYCAB.NS
2026-02-26 14:45:00+05:30,8492.5,8493.0,8479.0,8486.0,22309,0.0,0.0,POLYCAB.NS
2026-02-26 15:00:00+05:30,8490.5,8525.5,8490.5,8497.0,60742,0.0,0.0,POLYCAB.NS
2026-02-26 15:15:00+05:30,8496.5,8506.0,8485.0,8504.0,43655,0.0,0.0,POLYCAB.NS
2026-02-27 09:15:00+05:30,8495.5,8554.5,8469.5,8542.0,28690,0.0,0.0,POLYCAB.NS
2026-02-27 09:30:00+05:30,8541.5,8561.5,8539.0,8542.5,30029,0.0,0.0,POLYCAB.NS
2026-02-27 09:45:00+05:30,8543.0,8543.0,8490.0,8497.0,42460,0.0,0.0,POLYCAB.NS
2026-02-27 10:00:00+05:30,8498.0,8555.0,8492.0,8549.0,29103,0.0,0.0,POLYCAB.NS
2026-02-27 10:15:00+05:30,8549.0,8584.0,8514.5,8583.5,43206,0.0,0.0,POLYCAB.NS
2026-02-27 10:30:00+05:30,8585.0,8606.0,8576.5,8601.5,46665,0.0,0.0,POLYCAB.NS
2026-02-27 10:45:00+05:30,8601.0,8601.0,8563.0,8584.5,44370,0.0,0.0,POLYCAB.NS
2026-02-27 11:00:00+05:30,8584.5,8618.0,8583.0,8617.0,19866,0.0,0.0,POLYCAB.NS
2026-02-27 11:15:00+05:30,8617.0,8618.0,8602.5,8610.0,9685,0.0,0.0,POLYCAB.NS
2026-02-27 11:30:00+05:30,8608.5,8614.0,8592.0,8609.5,13392,0.0,0.0,POLYCAB.NS
2026-02-27 11:45:00+05:30,8610.0,8669.0,8609.5,8657.5,37754,0.0,0.0,POLYCAB.NS
2026-02-27 12:00:00+05:30,8657.5,8679.0,8656.0,8668.5,15070,0.0,0.0,POLYCAB.NS
2026-02-27 12:15:00+05:30,8669.0,8679.0,8658.5,8665.0,19995,0.0,0.0,POLYCAB.NS
2026-02-27 12:30:00+05:30,8666.0,8676.0,8654.5,8667.0,17285,0.0,0.0,POLYCAB.NS
2026-02-27 12:45:00+05:30,8669.0,8678.5,8654.0,8672.5,12912,0.0,0.0,POLYCAB.NS
2026-02-27 13:00:00+05:30,8671.0,8698.0,8661.0,8690.0,29482,0.0,0.0,POLYCAB.NS
2026-02-27 13:15:00+05:30,8690.0,8722.0,8690.0,8710.0,32269,0.0,0.0,POLYCAB.NS
2026-02-27 13:30:00+05:30,8712.5,8714.0,8685.0,8688.0,29060,0.0,0.0,POLYCAB.NS
2026-02-27 13:45:00+05:30,8688.0,8700.0,8671.5,8681.5,24664,0.0,0.0,POLYCAB.NS
2026-02-27 14:00:00+05:30,8682.0,8695.0,8671.0,8684.5,17975,0.0,0.0,POLYCAB.NS
2026-02-27 14:15:00+05:30,8684.5,8691.5,8633.5,8639.5,25037,0.0,0.0,POLYCAB.NS
2026-02-27 14:30:00+05:30,8642.5,8659.0,8637.0,8647.0,27670,0.0,0.0,POLYCAB.NS
2026-02-27 14:45:00+05:30,8647.5,8650.0,8598.0,8616.0,60707,0.0,0.0,POLYCAB.NS
2026-02-27 15:00:00+05:30,8615.0,8617.5,8591.5,8616.0,144531,0.0,0.0,POLYCAB.NS
2026-02-27 15:15:00+05:30,8616.0,8641.5,8599.5,8599.5,103360,0.0,0.0,POLYCAB.NS
2026-03-02 09:15:00+05:30,8524.5,8693.5,8524.5,8636.0,41523,0.0,0.0,POLYCAB.NS
2026-03-02 09:30:00+05:30,8631.0,8658.5,8611.0,8611.0,54592,0.0,0.0,POLYCAB.NS
2026-03-02 09:45:00+05:30,8613.0,8626.0,8582.5,8620.0,33376,0.0,0.0,POLYCAB.NS
2026-03-02 10:00:00+05:30,8626.0,8654.0,8610.0,8614.5,10327,0.0,0.0,POLYCAB.NS
2026-03-02 10:15:00+05:30,8616.5,8625.0,8605.0,8613.0,9444,0.0,0.0,POLYCAB.NS
2026-03-02 10:30:00+05:30,8613.0,8650.0,8611.0,8623.0,13415,0.0,0.0,POLYCAB.NS
2026-03-02 10:45:00+05:30,8624.0,8629.5,8610.0,8618.0,15112,0.0,0.0,POLYCAB.NS
2026-03-02 11:00:00+05:30,8617.5,8624.5,8610.0,8624.0,10259,0.0,0.0,POLYCAB.NS
2026-03-02 11:15:00+05:30,8623.5,8623.5,8564.0,8585.5,37813,0.0,0.0,POLYCAB.NS
2026-03-02 11:30:00+05:30,8584.5,8596.5,8568.0,8590.5,17125,0.0,0.0,POLYCAB.NS
2026-03-02 11:45:00+05:30,8590.5,8595.5,8550.5,8559.5,24441,0.0,0.0,POLYCAB.NS
2026-03-02 12:00:00+05:30,8559.5,8560.0,8532.5,8544.5,16101,0.0,0.0,POLYCAB.NS
2026-03-02 12:15:00+05:30,8545.0,8545.0,8505.5,8520.5,29010,0.0,0.0,POLYCAB.NS
2026-03-02 12:30:00+05:30,8520.5,8540.5,8505.0,8509.0,18999,0.0,0.0,POLYCAB.NS
2026-03-02 12:45:00+05:30,8509.0,8548.5,8502.0,8533.0,18109,0.0,0.0,POLYCAB.NS
2026-03-02 13:00:00+05:30,8532.0,8572.0,8532.0,8569.0,24985,0.0,0.0,POLYCAB.NS
2026-03-02 13:15:00+05:30,8572.0,8580.0,8555.5,8566.0,17556,0.0,0.0,POLYCAB.NS
2026-03-02 13:30:00+05:30,8566.5,8572.5,8539.5,8547.5,19506,0.0,0.0,POLYCAB.NS
2026-03-02 13:45:00+05:30,8546.5,8559.5,8517.0,8535.0,20014,0.0,0.0,POLYCAB.NS
2026-03-02 14:00:00+05:30,8533.5,8615.5,8520.0,8611.5,36245,0.0,0.0,POLYCAB.NS
2026-03-02 14:15:00+05:30,8615.0,8615.0,8563.0,8567.5,24806,0.0,0.0,POLYCAB.NS
2026-03-02 14:30:00+05:30,8567.5,8600.0,8553.0,8584.5,19904,0.0,0.0,POLYCAB.NS
2026-03-02 14:45:00+05:30,8588.5,8600.0,8570.5,8570.5,13374,0.0,0.0,POLYCAB.NS
2026-03-02 15:00:00+05:30,8577.0,8577.5,8542.0,8555.5,29781,0.0,0.0,POLYCAB.NS
2026-03-02 15:15:00+05:30,8556.0,8556.0,8527.5,8548.5,37558,0.0,0.0,POLYCAB.NS
2026-03-04 09:15:00+05:30,8466.5,8473.0,8362.5,8367.0,24258,0.0,0.0,POLYCAB.NS
2026-03-04 09:30:00+05:30,8365.5,8424.0,8365.0,8398.0,47214,0.0,0.0,POLYCAB.NS
2026-03-04 09:45:00+05:30,8398.0,8407.0,8308.0,8337.0,34011,0.0,0.0,POLYCAB.NS
2026-03-04 10:00:00+05:30,8336.0,8388.0,8328.5,8384.0,11601,0.0,0.0,POLYCAB.NS
2026-03-04 10:15:00+05:30,8384.0,8384.0,8345.5,8375.0,10500,0.0,0.0,POLYCAB.NS
2026-03-04 10:30:00+05:30,8376.5,8376.5,8348.0,8366.0,7844,0.0,0.0,POLYCAB.NS
2026-03-04 10:45:00+05:30,8367.5,8379.0,8359.5,8363.5,9131,0.0,0.0,POLYCAB.NS
2026-03-04 11:00:00+05:30,8376.5,8382.0,8361.0,8361.0,6581,0.0,0.0,POLYCAB.NS
2026-03-04 11:15:00+05:30,8364.0,8372.0,8335.5,8338.5,11336,0.0,0.0,POLYCAB.NS
2026-03-04 11:30:00+05:30,8338.5,8353.5,8325.0,8333.0,7466,0.0,0.0,POLYCAB.NS
2026-03-04 11:45:00+05:30,8331.5,8350.0,8330.5,8349.5,6049,0.0,0.0,POLYCAB.NS
2026-03-04 12:00:00+05:30,8353.0,8354.5,8331.0,8332.0,9371,0.0,0.0,POLYCAB.NS
2026-03-04 12:15:00+05:30,8333.5,8334.0,8310.0,8310.0,10907,0.0,0.0,POLYCAB.NS
2026-03-04 12:30:00+05:30,8310.0,8311.0,8280.0,8300.0,17674,0.0,0.0,POLYCAB.NS
2026-03-04 12:45:00+05:30,8300.0,8343.0,8298.5,8334.5,10429,0.0,0.0,POLYCAB.NS
2026-03-04 13:00:00+05:30,8335.0,8350.0,8325.5,8347.5,13201,0.0,0.0,POLYCAB.NS
2026-03-04 13:15:00+05:30,8346.5,8381.5,8340.0,8354.0,16026,0.0,0.0,POLYCAB.NS
2026-03-04 13:30:00+05:30,8354.0,8355.5,8334.0,8343.0,13484,0.0,0.0,POLYCAB.NS
2026-03-04 13:45:00+05:30,8342.5,8346.5,8322.0,8339.0,9928,0.0,0.0,POLYCAB.NS
2026-03-04 14:00:00+05:30,8339.0,8355.5,8316.0,8355.5,13274,0.0,0.0,POLYCAB.NS
2026-03-04 14:15:00+05:30,8354.5,8371.0,8327.0,8330.5,10485,0.0,0.0,POLYCAB.NS
2026-03-04 14:30:00+05:30,8330.0,8335.0,8302.0,8331.0,38403,0.0,0.0,POLYCAB.NS
2026-03-04 14:45:00+05:30,8331.0,8351.0,8309.0,8316.0,40955,0.0,0.0,POLYCAB.NS
2026-03-04 15:00:00+05:30,8323.0,8323.0,8267.0,8279.5,27586,0.0,0.0,POLYCAB.NS
2026-03-04 15:15:00+05:30,8280.0,8297.0,8270.0,8284.0,31143,0.0,0.0,POLYCAB.NS
2026-03-05 09:15:00+05:30,8336.5,8368.0,8300.0,8303.0,12564,0.0,0.0,POLYCAB.NS
2026-03-05 09:30:00+05:30,8305.0,8313.5,8273.5,8275.5,16474,0.0,0.0,POLYCAB.NS
2026-03-05 09:45:00+05:30,8275.5,8316.0,8273.5,8303.5,19114,0.0,0.0,POLYCAB.NS
2026-03-05 10:00:00+05:30,8304.5,8327.5,8297.5,8320.5,11317,0.0,0.0,POLYCAB.NS
2026-03-05 10:15:00+05:30,8320.5,8350.0,8320.5,8338.0,17419,0.0,0.0,POLYCAB.NS
2026-03-05 10:30:00+05:30,8339.5,8400.0,8332.0,8390.0,11372,0.0,0.0,POLYCAB.NS
2026-03-05 10:45:00+05:30,8391.5,8420.0,8391.5,8419.5,8507,0.0,0.0,POLYCAB.NS
2026-03-05 11:00:00+05:30,8421.5,8422.0,8390.0,8395.5,7995,0.0,0.0,POLYCAB.NS
2026-03-05 11:15:00+05:30,8395.5,8409.5,8382.5,8390.0,7364,0.0,0.0,POLYCAB.NS
2026-03-05 11:30:00+05:30,8394.5,8395.5,8330.5,8335.0,11571,0.0,0.0,POLYCAB.NS
2026-03-05 11:45:00+05:30,8335.5,8359.5,8323.0,8345.5,22105,0.0,0.0,POLYCAB.NS
2026-03-05 12:00:00+05:30,8345.5,8386.5,8342.5,8384.5,8041,0.0,0.0,POLYCAB.NS
2026-03-05 12:15:00+05:30,8384.5,8400.0,8370.5,8398.0,7778,0.0,0.0,POLYCAB.NS
2026-03-05 12:30:00+05:30,8396.0,8425.0,8395.5,8407.0,12932,0.0,0.0,POLYCAB.NS
2026-03-05 12:45:00+05:30,8408.0,8424.5,8378.0,8424.5,12164,0.0,0.0,POLYCAB.NS
2026-03-05 13:00:00+05:30,8424.5,8425.0,8384.0,8391.0,12189,0.0,0.0,POLYCAB.NS
2026-03-05 13:15:00+05:30,8391.0,8402.0,8374.0,8400.0,7059,0.0,0.0,POLYCAB.NS
2026-03-05 13:30:00+05:30,8400.0,8449.0,8393.0,8433.5,12026,0.0,0.0,POLYCAB.NS
2026-03-05 13:45:00+05:30,8430.0,8443.0,8401.0,8416.0,36769,0.0,0.0,POLYCAB.NS
2026-03-05 14:00:00+05:30,8417.0,8432.5,8405.0,8422.0,31057,0.0,0.0,POLYCAB.NS
2026-03-05 14:15:00+05:30,8424.5,8465.0,8415.0,8457.0,29655,0.0,0.0,POLYCAB.NS
2026-03-05 14:30:00+05:30,8456.5,8510.5,8446.0,8509.5,21597,0.0,0.0,POLYCAB.NS
2026-03-05 14:45:00+05:30,8508.5,8572.5,8495.0,8566.5,38316,0.0,0.0,POLYCAB.NS
2026-03-05 15:00:00+05:30,8565.0,8585.0,8543.5,8548.5,51230,0.0,0.0,POLYCAB.NS
2026-03-05 15:15:00+05:30,8548.5,8575.5,8548.5,8564.0,61651,0.0,0.0,POLYCAB.NS
2026-03-06 09:15:00+05:30,8509.5,8625.0,8509.5,8618.0,23484,0.0,0.0,POLYCAB.NS
2026-03-06 09:30:00+05:30,8619.5,8622.0,8590.0,8596.0,17261,0.0,0.0,POLYCAB.NS
2026-03-06 09:45:00+05:30,8596.0,8609.0,8574.0,8588.0,14880,0.0,0.0,POLYCAB.NS
2026-03-06 10:00:00+05:30,8593.5,8594.0,8568.0,8591.5,8246,0.0,0.0,POLYCAB.NS
2026-03-06 10:15:00+05:30,8591.5,8627.0,8590.5,8607.5,11783,0.0,0.0,POLYCAB.NS
2026-03-06 10:30:00+05:30,8607.0,8627.5,8595.5,8623.0,6500,0.0,0.0,POLYCAB.NS
2026-03-06 10:45:00+05:30,8625.0,8626.5,8542.5,8552.5,16510,0.0,0.0,POLYCAB.NS
2026-03-06 11:00:00+05:30,8558.0,8594.0,8558.0,8568.5,9349,0.0,0.0,POLYCAB.NS
2026-03-06 11:15:00+05:30,8570.5,8605.5,8564.5,8605.5,9057,0.0,0.0,POLYCAB.NS
2026-03-06 11:30:00+05:30,8605.0,8621.0,8592.0,8593.5,9384,0.0,0.0,POLYCAB.NS
2026-03-06 11:45:00+05:30,8593.5,8620.5,8593.5,8618.0,7832,0.0,0.0,POLYCAB.NS
2026-03-06 12:00:00+05:30,8618.0,8618.0,8599.5,8603.5,5040,0.0,0.0,POLYCAB.NS
2026-03-06 12:15:00+05:30,8605.0,8619.5,8603.0,8607.5,6577,0.0,0.0,POLYCAB.NS
2026-03-06 12:30:00+05:30,8608.5,8608.5,8588.0,8591.0,5197,0.0,0.0,POLYCAB.NS
2026-03-06 12:45:00+05:30,8591.0,8604.0,8584.0,8592.0,5045,0.0,0.0,POLYCAB.NS
2026-03-06 13:00:00+05:30,8592.5,8606.0,8590.0,8597.0,3080,0.0,0.0,POLYCAB.NS
2026-03-06 13:15:00+05:30,8597.0,8614.5,8597.0,8606.5,2842,0.0,0.0,POLYCAB.NS
2026-03-06 13:30:00+05:30,8607.0,8607.0,8570.5,8592.0,7218,0.0,0.0,POLYCAB.NS
2026-03-06 13:45:00+05:30,8592.5,8610.0,8580.5,8591.0,6980,0.0,0.0,POLYCAB.NS
2026-03-06 14:00:00+05:30,8588.5,8599.0,8581.0,8593.5,5900,0.0,0.0,POLYCAB.NS
2026-03-06 14:15:00+05:30,8591.0,8605.0,8591.0,8594.0,5017,0.0,0.0,POLYCAB.NS
2026-03-06 14:30:00+05:30,8594.0,8596.5,8567.0,8571.0,8446,0.0,0.0,POLYCAB.NS
2026-03-06 14:45:00+05:30,8569.5,8581.0,8539.0,8539.0,23350,0.0,0.0,POLYCAB.NS
2026-03-06 15:00:00+05:30,8543.0,8562.0,8541.0,8554.5,24962,0.0,0.0,POLYCAB.NS
2026-03-06 15:15:00+05:30,8556.5,8573.0,8541.5,8562.0,23497,0.0,0.0,POLYCAB.NS
2026-03-09 09:15:00+05:30,8399.0,8414.0,8252.5,8281.0,20787,0.0,0.0,POLYCAB.NS
2026-03-09 09:30:00+05:30,8281.5,8319.0,8214.0,8232.0,34726,0.0,0.0,POLYCAB.NS
2026-03-09 09:45:00+05:30,8234.5,8237.5,8195.5,8226.5,28283,0.0,0.0,POLYCAB.NS
2026-03-09 10:00:00+05:30,8226.5,8232.0,8192.0,8223.5,33714,0.0,0.0,POLYCAB.NS
2026-03-09 10:15:00+05:30,8225.5,8256.0,8200.0,8226.5,25420,0.0,0.0,POLYCAB.NS
2026-03-09 10:30:00+05:30,8226.0,8264.5,8198.0,8247.5,42228,0.0,0.0,POLYCAB.NS
2026-03-09 10:45:00+05:30,8250.0,8289.0,8211.0,8278.0,18751,0.0,0.0,POLYCAB.NS
2026-03-09 11:00:00+05:30,8281.0,8283.0,8218.0,8234.5,11047,0.0,0.0,POLYCAB.NS
2026-03-09 11:15:00+05:30,8234.0,8247.0,8218.0,8241.0,8599,0.0,0.0,POLYCAB.NS
2026-03-09 11:30:00+05:30,8235.5,8273.5,8235.5,8258.5,5975,0.0,0.0,POLYCAB.NS
2026-03-09 11:45:00+05:30,8258.5,8262.5,8230.0,8237.0,5646,0.0,0.0,POLYCAB.NS
2026-03-09 12:00:00+05:30,8235.0,8250.0,8222.5,8250.0,7730,0.0,0.0,POLYCAB.NS
2026-03-09 12:15:00+05:30,8248.5,8248.5,8228.0,8242.5,5058,0.0,0.0,POLYCAB.NS
2026-03-09 12:30:00+05:30,8245.0,8270.0,8238.5,8266.5,4542,0.0,0.0,POLYCAB.NS
2026-03-09 12:45:00+05:30,8265.5,8277.0,8245.0,8271.0,5563,0.0,0.0,POLYCAB.NS
2026-03-09 13:00:00+05:30,8274.0,8274.0,8231.5,8238.0,5398,0.0,0.0,POLYCAB.NS
2026-03-09 13:15:00+05:30,8237.5,8251.0,8229.0,8245.5,4065,0.0,0.0,POLYCAB.NS
2026-03-09 13:30:00+05:30,8244.5,8266.0,8243.0,8253.0,5690,0.0,0.0,POLYCAB.NS
2026-03-09 13:45:00+05:30,8250.0,8252.0,8231.0,8235.0,6385,0.0,0.0,POLYCAB.NS
2026-03-09 14:00:00+05:30,8235.5,8239.0,8191.5,8200.0,36456,0.0,0.0,POLYCAB.NS
2026-03-09 14:15:00+05:30,8200.0,8203.5,8186.5,8190.0,13149,0.0,0.0,POLYCAB.NS
2026-03-09 14:30:00+05:30,8190.0,8235.0,8180.0,8230.0,23812,0.0,0.0,POLYCAB.NS
2026-03-09 14:45:00+05:30,8230.0,8252.5,8203.0,8226.0,37324,0.0,0.0,POLYCAB.NS
2026-03-09 15:00:00+05:30,8231.5,8249.0,8215.5,8229.0,35865,0.0,0.0,POLYCAB.NS
2026-03-09 15:15:00+05:30,8230.0,8245.0,8219.0,8232.0,41902,0.0,0.0,POLYCAB.NS
2026-03-10 09:15:00+05:30,8283.0,8283.0,8195.0,8233.0,17606,0.0,0.0,POLYCAB.NS
2026-03-10 09:30:00+05:30,8233.0,8233.0,8200.5,8213.0,11864,0.0,0.0,POLYCAB.NS
2026-03-10 09:45:00+05:30,8210.0,8213.0,8161.5,8165.5,16359,0.0,0.0,POLYCAB.NS
2026-03-10 10:00:00+05:30,8165.5,8167.0,8126.5,8160.0,15908,0.0,0.0,POLYCAB.NS
2026-03-10 10:15:00+05:30,8158.5,8178.0,8143.5,8145.5,9076,0.0,0.0,POLYCAB.NS
2026-03-10 10:30:00+05:30,8145.5,8152.5,8120.5,8152.5,12195,0.0,0.0,POLYCAB.NS
2026-03-10 10:45:00+05:30,8151.0,8179.5,8150.0,8164.5,11974,0.0,0.0,POLYCAB.NS
2026-03-10 11:00:00+05:30,8164.5,8195.0,8154.5,8166.5,7841,0.0,0.0,POLYCAB.NS
2026-03-10 11:15:00+05:30,8166.0,8171.5,8146.0,8150.0,8296,0.0,0.0,POLYCAB.NS
2026-03-10 11:30:00+05:30,8145.5,8155.0,8090.0,8100.0,22954,0.0,0.0,POLYCAB.NS
2026-03-10 11:45:00+05:30,8096.5,8096.5,7936.0,7943.0,85255,0.0,0.0,POLYCAB.NS
2026-03-10 12:00:00+05:30,7940.0,8012.5,7917.0,7956.5,71616,0.0,0.0,POLYCAB.NS
2026-03-10 12:15:00+05:30,7953.0,7980.5,7932.5,7967.0,35307,0.0,0.0,POLYCAB.NS
2026-03-10 12:30:00+05:30,7967.5,7999.5,7935.0,7975.5,24981,0.0,0.0,POLYCAB.NS
2026-03-10 12:45:00+05:30,7971.0,7975.0,7851.0,7877.5,51691,0.0,0.0,POLYCAB.NS
2026-03-10 13:00:00+05:30,7879.0,7896.5,7749.0,7750.0,73599,0.0,0.0,POLYCAB.NS
2026-03-10 13:15:00+05:30,7757.0,7789.0,7746.0,7761.5,49438,0.0,0.0,POLYCAB.NS
2026-03-10 13:30:00+05:30,7762.5,7794.5,7755.0,7790.5,41987,0.0,0.0,POLYCAB.NS
2026-03-10 13:45:00+05:30,7791.0,7831.5,7752.0,7755.0,51722,0.0,0.0,POLYCAB.NS
2026-03-10 14:00:00+05:30,7758.0,7787.5,7730.0,7773.0,44490,0.0,0.0,POLYCAB.NS
2026-03-10 14:15:00+05:30,7774.0,7810.0,7761.0,7765.5,56099,0.0,0.0,POLYCAB.NS
2026-03-10 14:30:00+05:30,7765.5,7765.5,7688.0,7688.0,77207,0.0,0.0,POLYCAB.NS
2026-03-10 14:45:00+05:30,7688.0,7754.5,7686.0,7752.0,55638,0.0,0.0,POLYCAB.NS
2026-03-10 15:00:00+05:30,7752.0,7752.0,7704.5,7719.0,72987,0.0,0.0,POLYCAB.NS
2026-03-10 15:15:00+05:30,7721.0,7740.0,7706.5,7723.0,108306,0.0,0.0,POLYCAB.NS
2026-03-11 09:15:00+05:30,7662.5,7707.0,7553.5,7622.0,71224,0.0,0.0,POLYCAB.NS
2026-03-11 09:30:00+05:30,7619.0,7661.0,7600.0,7621.5,80995,0.0,0.0,POLYCAB.NS
2026-03-11 09:45:00+05:30,7621.5,7644.0,7591.5,7599.5,51761,0.0,0.0,POLYCAB.NS
2026-03-11 10:00:00+05:30,7595.0,7607.0,7570.5,7585.5,30730,0.0,0.0,POLYCAB.NS
2026-03-11 10:15:00+05:30,7586.5,7592.5,7550.0,7566.0,29712,0.0,0.0,POLYCAB.NS
2026-03-11 10:30:00+05:30,7565.0,7575.0,7555.0,7557.0,14103,0.0,0.0,POLYCAB.NS
2026-03-11 10:45:00+05:30,7555.0,7613.0,7533.0,7603.0,55852,0.0,0.0,POLYCAB.NS
2026-03-11 11:00:00+05:30,7603.0,7607.5,7505.0,7507.5,36451,0.0,0.0,POLYCAB.NS
2026-03-11 11:15:00+05:30,7507.5,7524.5,7493.5,7493.5,25160,0.0,0.0,POLYCAB.NS
2026-03-11 11:30:00+05:30,7493.5,7497.5,7476.0,7479.0,26832,0.0,0.0,POLYCAB.NS
2026-03-11 11:45:00+05:30,7479.5,7493.0,7453.5,7457.5,22380,0.0,0.0,POLYCAB.NS
2026-03-11 12:00:00+05:30,7455.5,7480.0,7441.0,7448.0,22991,0.0,0.0,POLYCAB.NS
2026-03-11 12:15:00+05:30,7449.0,7463.0,7445.0,7450.0,17668,0.0,0.0,POLYCAB.NS
2026-03-11 12:30:00+05:30,7450.0,7473.5,7443.5,7458.5,18453,0.0,0.0,POLYCAB.NS
2026-03-11 12:45:00+05:30,7453.0,7453.0,7411.0,7411.0,29921,0.0,0.0,POLYCAB.NS
2026-03-11 13:00:00+05:30,7414.0,7421.0,7388.0,7398.5,34776,0.0,0.0,POLYCAB.NS
2026-03-11 13:15:00+05:30,7398.5,7476.0,7385.0,7472.0,76794,0.0,0.0,POLYCAB.NS
2026-03-11 13:30:00+05:30,7472.0,7499.0,7465.0,7469.0,34873,0.0,0.0,POLYCAB.NS
2026-03-11 13:45:00+05:30,7468.0,7472.0,7421.5,7424.0,56657,0.0,0.0,POLYCAB.NS
2026-03-11 14:00:00+05:30,7426.5,7429.5,7401.0,7422.5,62909,0.0,0.0,POLYCAB.NS
2026-03-11 14:15:00+05:30,7420.5,7455.0,7399.0,7452.0,22609,0.0,0.0,POLYCAB.NS
2026-03-11 14:30:00+05:30,7455.0,7464.0,7423.0,7430.5,36271,0.0,0.0,POLYCAB.NS
2026-03-11 14:45:00+05:30,7432.0,7450.5,7421.0,7443.0,32594,0.0,0.0,POLYCAB.NS
2026-03-11 15:00:00+05:30,7454.0,7474.0,7410.0,7413.0,45644,0.0,0.0,POLYCAB.NS
2026-03-11 15:15:00+05:30,7413.0,7430.0,7407.5,7430.0,73364,0.0,0.0,POLYCAB.NS
2026-03-12 09:15:00+05:30,7349.0,7400.0,7284.5,7350.0,20954,0.0,0.0,POLYCAB.NS
2026-03-12 09:30:00+05:30,7341.0,7348.0,7311.0,7327.5,19704,0.0,0.0,POLYCAB.NS
2026-03-12 09:45:00+05:30,7330.0,7427.0,7320.0,7404.0,28915,0.0,0.0,POLYCAB.NS
2026-03-12 10:00:00+05:30,7404.5,7405.5,7365.0,7366.0,17102,0.0,0.0,POLYCAB.NS
2026-03-12 10:15:00+05:30,7365.0,7388.0,7351.0,7385.0,12796,0.0,0.0,POLYCAB.NS
2026-03-12 10:30:00+05:30,7385.0,7395.5,7359.0,7378.0,14155,0.0,0.0,POLYCAB.NS
2026-03-12 10:45:00+05:30,7381.0,7387.5,7354.0,7384.5,8876,0.0,0.0,POLYCAB.NS
2026-03-12 11:00:00+05:30,7384.0,7408.5,7382.5,7402.0,11361,0.0,0.0,POLYCAB.NS
2026-03-12 11:15:00+05:30,7403.5,7448.0,7403.5,7441.0,20918,0.0,0.0,POLYCAB.NS
2026-03-12 11:30:00+05:30,7440.0,7479.0,7431.5,7452.0,19309,0.0,0.0,POLYCAB.NS
2026-03-12 11:45:00+05:30,7453.0,7532.5,7453.0,7521.5,31214,0.0,0.0,POLYCAB.NS
2026-03-12 12:00:00+05:30,7521.5,7536.0,7476.0,7526.0,28791,0.0,0.0,POLYCAB.NS
2026-03-12 12:15:00+05:30,7523.0,7526.5,7483.5,7494.0,12671,0.0,0.0,POLYCAB.NS
2026-03-12 12:30:00+05:30,7493.5,7500.0,7472.5,7478.5,12812,0.0,0.0,POLYCAB.NS
2026-03-12 12:45:00+05:30,7477.0,7495.0,7477.0,7485.0,7199,0.0,0.0,POLYCAB.NS
2026-03-12 13:00:00+05:30,7486.0,7497.5,7464.5,7497.5,12452,0.0,0.0,POLYCAB.NS
2026-03-12 13:15:00+05:30,7494.5,7504.5,7481.0,7503.0,5254,0.0,0.0,POLYCAB.NS
2026-03-12 13:30:00+05:30,7500.5,7511.5,7485.0,7490.5,8697,0.0,0.0,POLYCAB.NS
2026-03-12 13:45:00+05:30,7489.0,7492.5,7473.0,7483.0,9995,0.0,0.0,POLYCAB.NS
2026-03-12 14:00:00+05:30,7482.0,7492.5,7465.0,7472.5,20674,0.0,0.0,POLYCAB.NS
2026-03-12 14:15:00+05:30,7475.0,7488.5,7460.0,7463.5,10623,0.0,0.0,POLYCAB.NS
2026-03-12 14:30:00+05:30,7463.0,7475.0,7457.0,7457.0,17536,0.0,0.0,POLYCAB.NS
2026-03-12 14:45:00+05:30,7457.0,7470.0,7444.0,7469.5,22460,0.0,0.0,POLYCAB.NS
2026-03-12 15:00:00+05:30,7469.5,7476.5,7445.0,7447.5,49600,0.0,0.0,POLYCAB.NS
2026-03-12 15:15:00+05:30,7447.0,7455.0,7413.5,7455.0,39499,0.0,0.0,POLYCAB.NS
2026-03-13 09:15:00+05:30,7410.0,7410.0,7223.5,7265.0,39353,0.0,0.0,POLYCAB.NS
2026-03-13 09:30:00+05:30,7262.0,7280.5,7240.0,7245.0,30460,0.0,0.0,POLYCAB.NS
2026-03-13 09:45:00+05:30,7245.0,7246.0,7193.0,7193.0,44364,0.0,0.0,POLYCAB.NS
2026-03-13 10:00:00+05:30,7193.0,7201.0,7160.5,7164.5,31786,0.0,0.0,POLYCAB.NS
2026-03-13 10:15:00+05:30,7168.0,7173.0,7131.5,7170.0,23679,0.0,0.0,POLYCAB.NS
2026-03-13 10:30:00+05:30,7170.0,7178.5,7132.0,7143.0,17229,0.0,0.0,POLYCAB.NS
2026-03-13 10:45:00+05:30,7141.0,7168.0,7134.0,7140.0,13840,0.0,0.0,POLYCAB.NS
2026-03-13 11:00:00+05:30,7139.5,7169.0,7121.5,7163.0,20588,0.0,0.0,POLYCAB.NS
2026-03-13 11:15:00+05:30,7163.0,7226.0,7152.5,7213.0,30528,0.0,0.0,POLYCAB.NS
2026-03-13 11:30:00+05:30,7214.5,7222.5,7188.5,7205.0,16789,0.0,0.0,POLYCAB.NS
2026-03-13 11:45:00+05:30,7206.0,7224.5,7191.0,7209.5,16282,0.0,0.0,POLYCAB.NS
2026-03-13 12:00:00+05:30,7210.0,7231.5,7203.0,7222.0,22358,0.0,0.0,POLYCAB.NS
2026-03-13 12:15:00+05:30,7222.0,7230.0,7200.0,7218.0,18429,0.0,0.0,POLYCAB.NS
2026-03-13 12:30:00+05:30,7218.5,7223.5,7190.0,7198.5,18713,0.0,0.0,POLYCAB.NS
2026-03-13 12:45:00+05:30,7197.0,7212.0,7193.0,7197.0,11577,0.0,0.0,POLYCAB.NS
2026-03-13 13:00:00+05:30,7197.0,7225.0,7192.0,7212.5,25390,0.0,0.0,POLYCAB.NS
2026-03-13 13:15:00+05:30,7213.0,7219.0,7188.0,7219.0,10738,0.0,0.0,POLYCAB.NS
2026-03-13 13:30:00+05:30,7219.0,7224.0,7195.5,7205.0,9443,0.0,0.0,POLYCAB.NS
2026-03-13 13:45:00+05:30,7202.5,7205.0,7170.0,7170.0,11793,0.0,0.0,POLYCAB.NS
2026-03-13 14:00:00+05:30,7168.0,7205.0,7167.0,7205.0,15047,0.0,0.0,POLYCAB.NS
2026-03-13 14:15:00+05:30,7203.5,7217.5,7198.0,7208.0,12394,0.0,0.0,POLYCAB.NS
2026-03-13 14:30:00+05:30,7209.0,7240.0,7208.0,7218.0,18821,0.0,0.0,POLYCAB.NS
2026-03-13 14:45:00+05:30,7219.0,7219.5,7169.5,7182.0,21491,0.0,0.0,POLYCAB.NS
2026-03-13 15:00:00+05:30,7182.5,7210.0,7167.5,7204.0,48604,0.0,0.0,POLYCAB.NS
2026-03-13 15:15:00+05:30,7200.5,7214.0,7190.5,7205.0,69678,0.0,0.0,POLYCAB.NS
2026-03-16 09:15:00+05:30,7196.0,7215.0,7087.0,7149.0,24073,0.0,0.0,POLYCAB.NS
2026-03-16 09:30:00+05:30,7145.0,7201.5,7135.0,7185.5,18338,0.0,0.0,POLYCAB.NS
2026-03-16 09:45:00+05:30,7181.0,7221.5,7180.5,7185.0,13865,0.0,0.0,POLYCAB.NS
2026-03-16 10:00:00+05:30,7186.0,7200.5,7147.0,7153.0,12074,0.0,0.0,POLYCAB.NS
2026-03-16 10:15:00+05:30,7152.0,7152.0,7067.5,7068.5,17119,0.0,0.0,POLYCAB.NS
2026-03-16 10:30:00+05:30,7067.0,7088.0,7044.5,7055.0,24385,0.0,0.0,POLYCAB.NS
2026-03-16 10:45:00+05:30,7055.0,7067.0,7023.0,7056.0,15408,0.0,0.0,POLYCAB.NS
2026-03-16 11:00:00+05:30,7059.0,7079.0,7047.0,7063.0,11983,0.0,0.0,POLYCAB.NS
2026-03-16 11:15:00+05:30,7063.0,7108.0,7059.5,7086.5,14586,0.0,0.0,POLYCAB.NS
2026-03-16 11:30:00+05:30,7087.5,7123.0,7083.5,7091.0,7709,0.0,0.0,POLYCAB.NS
2026-03-16 11:45:00+05:30,7092.5,7107.0,7081.0,7081.0,7497,0.0,0.0,POLYCAB.NS
2026-03-16 12:00:00+05:30,7080.0,7098.0,7068.0,7069.0,6768,0.0,0.0,POLYCAB.NS
2026-03-16 12:15:00+05:30,7068.0,7073.5,7051.5,7058.5,9374,0.0,0.0,POLYCAB.NS
2026-03-16 12:30:00+05:30,7056.5,7057.0,7031.5,7040.5,9694,0.0,0.0,POLYCAB.NS
2026-03-16 12:45:00+05:30,7041.0,7054.0,7021.5,7036.0,9827,0.0,0.0,POLYCAB.NS
2026-03-16 13:00:00+05:30,7036.0,7059.5,7010.5,7029.5,16980,0.0,0.0,POLYCAB.NS
2026-03-16 13:15:00+05:30,7029.0,7072.5,7028.5,7064.5,10898,0.0,0.0,POLYCAB.NS
2026-03-16 13:30:00+05:30,7065.0,7104.0,7064.5,7078.5,17280,0.0,0.0,POLYCAB.NS
2026-03-16 13:45:00+05:30,7078.5,7094.0,7073.0,7084.5,12412,0.0,0.0,POLYCAB.NS
2026-03-16 14:00:00+05:30,7084.0,7106.5,7084.0,7097.5,16632,0.0,0.0,POLYCAB.NS
2026-03-16 14:15:00+05:30,7098.0,7147.0,7087.0,7132.5,30965,0.0,0.0,POLYCAB.NS
2026-03-16 14:30:00+05:30,7135.5,7176.0,7124.5,7171.0,36773,0.0,0.0,POLYCAB.NS
2026-03-16 14:45:00+05:30,7172.5,7189.5,7153.0,7153.0,25662,0.0,0.0,POLYCAB.NS
2026-03-16 15:00:00+05:30,7160.5,7160.5,7120.5,7122.0,39226,0.0,0.0,POLYCAB.NS
2026-03-16 15:15:00+05:30,7121.0,7134.0,7110.5,7119.0,37006,0.0,0.0,POLYCAB.NS
2026-03-17 09:15:00+05:30,7149.0,7168.0,7085.5,7091.0,19572,0.0,0.0,POLYCAB.NS
2026-03-17 09:30:00+05:30,7092.0,7118.0,7075.0,7113.5,16758,0.0,0.0,POLYCAB.NS
2026-03-17 09:45:00+05:30,7108.0,7120.0,7092.0,7100.5,16524,0.0,0.0,POLYCAB.NS
2026-03-17 10:00:00+05:30,7102.0,7134.5,7098.5,7132.0,9860,0.0,0.0,POLYCAB.NS
2026-03-17 10:15:00+05:30,7134.5,7174.0,7114.5,7114.5,16370,0.0,0.0,POLYCAB.NS
2026-03-17 10:30:00+05:30,7114.0,7123.0,7087.0,7093.0,11305,0.0,0.0,POLYCAB.NS
2026-03-17 10:45:00+05:30,7093.5,7108.0,7090.0,7097.5,7850,0.0,0.0,POLYCAB.NS
2026-03-17 11:00:00+05:30,7098.0,7111.0,7092.0,7103.5,5905,0.0,0.0,POLYCAB.NS
2026-03-17 11:15:00+05:30,7101.5,7107.0,7085.0,7094.5,5934,0.0,0.0,POLYCAB.NS
2026-03-17 11:30:00+05:30,7095.0,7101.5,7084.0,7085.0,4188,0.0,0.0,POLYCAB.NS
2026-03-17 11:45:00+05:30,7086.0,7095.5,7070.0,7083.5,10277,0.0,0.0,POLYCAB.NS
2026-03-17 12:00:00+05:30,7083.5,7083.5,7068.0,7072.0,6111,0.0,0.0,POLYCAB.NS
2026-03-17 12:15:00+05:30,7071.5,7075.5,7055.0,7070.0,8724,0.0,0.0,POLYCAB.NS
2026-03-17 12:30:00+05:30,7070.0,7077.0,7050.0,7061.5,10093,0.0,0.0,POLYCAB.NS
2026-03-17 12:45:00+05:30,7064.5,7075.0,7063.5,7074.0,8945,0.0,0.0,POLYCAB.NS
2026-03-17 13:00:00+05:30,7079.0,7090.0,7075.0,7086.0,8705,0.0,0.0,POLYCAB.NS
2026-03-17 13:15:00+05:30,7086.0,7103.5,7083.5,7089.0,8241,0.0,0.0,POLYCAB.NS
2026-03-17 13:30:00+05:30,7091.0,7116.5,7087.5,7098.0,13523,0.0,0.0,POLYCAB.NS
2026-03-17 13:45:00+05:30,7098.5,7113.5,7097.5,7104.0,9473,0.0,0.0,POLYCAB.NS
2026-03-17 14:00:00+05:30,7106.0,7124.5,7104.0,7119.0,14102,0.0,0.0,POLYCAB.NS
2026-03-17 14:15:00+05:30,7119.5,7125.0,7097.0,7118.0,10738,0.0,0.0,POLYCAB.NS
2026-03-17 14:30:00+05:30,7123.0,7179.5,7122.5,7165.0,22483,0.0,0.0,POLYCAB.NS
2026-03-17 14:45:00+05:30,7164.5,7193.0,7148.5,7188.5,35775,0.0,0.0,POLYCAB.NS
2026-03-17 15:00:00+05:30,7190.5,7190.5,7158.5,7172.5,34461,0.0,0.0,POLYCAB.NS
2026-03-17 15:15:00+05:30,7172.0,7175.0,7146.0,7170.5,26717,0.0,0.0,POLYCAB.NS
2026-03-18 09:15:00+05:30,7207.5,7277.5,7183.0,7268.0,12391,0.0,0.0,POLYCAB.NS
2026-03-18 09:30:00+05:30,7268.0,7313.0,7268.0,7289.5,22793,0.0,0.0,POLYCAB.NS
2026-03-18 09:45:00+05:30,7292.0,7292.0,7244.0,7255.0,20531,0.0,0.0,POLYCAB.NS
2026-03-18 10:00:00+05:30,7256.0,7265.0,7236.0,7244.0,12481,0.0,0.0,POLYCAB.NS
2026-03-18 10:15:00+05:30,7245.5,7317.0,7240.5,7301.5,31988,0.0,0.0,POLYCAB.NS
2026-03-18 10:30:00+05:30,7301.0,7324.0,7299.5,7321.0,25698,0.0,0.0,POLYCAB.NS
2026-03-18 10:45:00+05:30,7322.0,7346.5,7316.5,7343.5,19984,0.0,0.0,POLYCAB.NS
2026-03-18 11:00:00+05:30,7340.0,7358.5,7329.5,7350.0,17217,0.0,0.0,POLYCAB.NS
2026-03-18 11:15:00+05:30,7351.5,7397.0,7346.0,7393.0,24874,0.0,0.0,POLYCAB.NS
2026-03-18 11:30:00+05:30,7393.0,7397.0,7350.0,7352.0,19785,0.0,0.0,POLYCAB.NS
2026-03-18 11:45:00+05:30,7353.0,7361.5,7350.0,7350.0,7184,0.0,0.0,POLYCAB.NS
2026-03-18 12:00:00+05:30,7350.5,7357.0,7308.0,7318.0,113930,0.0,0.0,POLYCAB.NS
2026-03-18 12:15:00+05:30,7318.5,7338.5,7310.0,7322.0,12963,0.0,0.0,POLYCAB.NS
2026-03-18 12:30:00+05:30,7323.0,7355.0,7322.0,7354.5,11190,0.0,0.0,POLYCAB.NS
2026-03-18 12:45:00+05:30,7353.5,7358.0,7336.5,7348.0,26682,0.0,0.0,POLYCAB.NS
2026-03-18 13:00:00+05:30,7348.0,7364.0,7348.0,7361.5,10560,0.0,0.0,POLYCAB.NS
2026-03-18 13:15:00+05:30,7361.5,7402.0,7358.0,7366.5,27083,0.0,0.0,POLYCAB.NS
2026-03-18 13:30:00+05:30,7365.5,7404.5,7361.0,7384.5,104692,0.0,0.0,POLYCAB.NS
2026-03-18 13:45:00+05:30,7386.5,7399.0,7367.5,7396.0,15953,0.0,0.0,POLYCAB.NS
2026-03-18 14:00:00+05:30,7395.0,7400.5,7373.5,7377.5,13665,0.0,0.0,POLYCAB.NS
2026-03-18 14:15:00+05:30,7376.0,7404.5,7375.5,7380.0,22684,0.0,0.0,POLYCAB.NS
2026-03-18 14:30:00+05:30,7381.0,7393.0,7358.0,7364.0,14700,0.0,0.0,POLYCAB.NS
2026-03-18 14:45:00+05:30,7363.5,7384.0,7351.5,7379.5,19665,0.0,0.0,POLYCAB.NS
2026-03-18 15:00:00+05:30,7379.5,7382.5,7360.0,7376.5,27146,0.0,0.0,POLYCAB.NS
2026-03-18 15:15:00+05:30,7377.5,7380.0,7360.0,7374.5,36242,0.0,0.0,POLYCAB.NS
2026-03-19 09:15:00+05:30,7249.5,7284.0,7221.0,7275.0,24176,0.0,0.0,POLYCAB.NS
2026-03-19 09:30:00+05:30,7271.5,7280.0,7185.5,7190.5,33321,0.0,0.0,POLYCAB.NS
2026-03-19 09:45:00+05:30,7192.0,7192.0,7141.5,7169.5,37508,0.0,0.0,POLYCAB.NS
2026-03-19 10:00:00+05:30,7167.0,7167.0,7146.0,7156.0,18677,0.0,0.0,POLYCAB.NS
2026-03-19 10:15:00+05:30,7153.5,7178.0,7138.0,7167.0,21375,0.0,0.0,POLYCAB.NS
2026-03-19 10:30:00+05:30,7170.0,7190.0,7167.0,7182.0,21871,0.0,0.0,POLYCAB.NS
2026-03-19 10:45:00+05:30,7183.0,7188.0,7146.5,7147.0,21679,0.0,0.0,POLYCAB.NS
2026-03-19 11:00:00+05:30,7147.0,7158.0,7136.5,7144.5,20135,0.0,0.0,POLYCAB.NS
2026-03-19 11:15:00+05:30,7144.0,7155.5,7107.5,7120.0,31090,0.0,0.0,POLYCAB.NS
2026-03-19 11:30:00+05:30,7125.5,7167.0,7119.5,7165.0,9118,0.0,0.0,POLYCAB.NS
2026-03-19 11:45:00+05:30,7165.5,7175.0,7159.0,7170.5,15012,0.0,0.0,POLYCAB.NS
2026-03-19 12:00:00+05:30,7172.5,7186.5,7167.0,7185.0,10828,0.0,0.0,POLYCAB.NS
2026-03-19 12:15:00+05:30,7186.5,7210.0,7185.0,7197.5,17729,0.0,0.0,POLYCAB.NS
2026-03-19 12:30:00+05:30,7197.0,7206.5,7185.0,7188.0,8943,0.0,0.0,POLYCAB.NS
2026-03-19 12:45:00+05:30,7188.0,7208.0,7187.0,7193.0,5357,0.0,0.0,POLYCAB.NS
2026-03-19 13:00:00+05:30,7192.0,7192.5,7170.0,7175.5,12665,0.0,0.0,POLYCAB.NS
2026-03-19 13:15:00+05:30,7177.0,7177.0,7151.5,7164.5,25851,0.0,0.0,POLYCAB.NS
2026-03-19 13:30:00+05:30,7163.5,7182.5,7163.5,7168.5,7950,0.0,0.0,POLYCAB.NS
2026-03-19 13:45:00+05:30,7172.0,7177.0,7153.5,7158.0,8489,0.0,0.0,POLYCAB.NS
2026-03-19 14:00:00+05:30,7160.0,7170.0,7142.0,7147.0,10934,0.0,0.0,POLYCAB.NS
2026-03-19 14:15:00+05:30,7146.0,7166.5,7144.0,7145.0,9344,0.0,0.0,POLYCAB.NS
2026-03-19 14:30:00+05:30,7145.0,7162.0,7128.0,7160.0,23650,0.0,0.0,POLYCAB.NS
2026-03-19 14:45:00+05:30,7160.5,7170.0,7127.0,7129.0,31407,0.0,0.0,POLYCAB.NS
2026-03-19 15:00:00+05:30,7130.0,7185.0,7116.5,7182.5,88250,0.0,0.0,POLYCAB.NS
2026-03-19 15:15:00+05:30,7195.0,7208.5,7190.0,7205.0,105561,0.0,0.0,POLYCAB.NS
2026-03-20 09:15:00+05:30,7251.5,7344.0,7251.5,7311.0,12891,0.0,0.0,POLYCAB.NS
2026-03-20 09:30:00+05:30,7310.5,7323.0,7265.5,7270.0,12672,0.0,0.0,POLYCAB.NS
2026-03-20 09:45:00+05:30,7269.5,7284.0,7250.5,7260.5,9395,0.0,0.0,POLYCAB.NS
2026-03-20 10:00:00+05:30,7261.5,7274.0,7245.0,7250.5,7741,0.0,0.0,POLYCAB.NS
2026-03-20 10:15:00+05:30,7250.5,7263.5,7240.5,7252.0,9515,0.0,0.0,POLYCAB.NS
2026-03-20 10:30:00+05:30,7253.5,7257.5,7243.0,7255.0,6257,0.0,0.0,POLYCAB.NS
2026-03-20 10:45:00+05:30,7255.0,7263.0,7239.5,7243.0,8574,0.0,0.0,POLYCAB.NS
2026-03-20 11:00:00+05:30,7243.0,7244.0,7217.5,7225.0,9934,0.0,0.0,POLYCAB.NS
2026-03-20 11:15:00+05:30,7224.0,7270.0,7223.0,7250.0,9051,0.0,0.0,POLYCAB.NS
2026-03-20 11:30:00+05:30,7251.0,7254.0,7206.5,7211.0,10313,0.0,0.0,POLYCAB.NS
2026-03-20 11:45:00+05:30,7208.0,7226.0,7187.0,7197.0,14107,0.0,0.0,POLYCAB.NS
2026-03-20 12:00:00+05:30,7198.0,7199.5,7180.0,7187.5,12229,0.0,0.0,POLYCAB.NS
2026-03-20 12:15:00+05:30,7188.5,7202.0,7163.0,7172.0,17525,0.0,0.0,POLYCAB.NS
2026-03-20 12:30:00+05:30,7169.0,7189.0,7154.0,7182.0,13501,0.0,0.0,POLYCAB.NS
2026-03-20 12:45:00+05:30,7182.0,7189.0,7172.0,7172.0,10608,0.0,0.0,POLYCAB.NS
2026-03-20 13:00:00+05:30,7170.0,7184.5,7169.0,7174.5,9125,0.0,0.0,POLYCAB.NS
2026-03-20 13:15:00+05:30,7175.5,7209.5,7163.0,7204.5,22403,0.0,0.0,POLYCAB.NS
2026-03-20 13:30:00+05:30,7205.0,7205.0,7175.5,7176.5,12374,0.0,0.0,POLYCAB.NS
2026-03-20 13:45:00+05:30,7176.5,7179.5,7162.0,7162.0,10466,0.0,0.0,POLYCAB.NS
2026-03-20 14:00:00+05:30,7160.0,7172.0,7160.0,7165.0,9818,0.0,0.0,POLYCAB.NS
2026-03-20 14:15:00+05:30,7165.0,7181.0,7157.0,7176.0,15091,0.0,0.0,POLYCAB.NS
2026-03-20 14:30:00+05:30,7173.5,7187.5,7150.0,7152.0,15498,0.0,0.0,POLYCAB.NS
2026-03-20 14:45:00+05:30,7151.5,7162.5,7126.0,7138.0,43387,0.0,0.0,POLYCAB.NS
2026-03-20 15:00:00+05:30,7142.5,7185.0,7142.5,7178.0,71279,0.0,0.0,POLYCAB.NS
2026-03-20 15:15:00+05:30,7178.0,7184.0,7158.5,7170.0,63064,0.0,0.0,POLYCAB.NS
2026-03-23 09:15:00+05:30,7073.0,7073.0,6957.0,6972.5,32400,0.0,0.0,POLYCAB.NS
2026-03-23 09:30:00+05:30,6968.5,6984.5,6951.0,6954.0,29554,0.0,0.0,POLYCAB.NS
2026-03-23 09:45:00+05:30,6952.0,6954.0,6867.5,6868.5,54478,0.0,0.0,POLYCAB.NS
2026-03-23 10:00:00+05:30,6869.5,6872.0,6826.5,6833.5,33052,0.0,0.0,POLYCAB.NS
2026-03-23 10:15:00+05:30,6831.0,6853.5,6822.5,6824.0,30904,0.0,0.0,POLYCAB.NS
2026-03-23 10:30:00+05:30,6824.0,6847.0,6813.0,6817.5,26354,0.0,0.0,POLYCAB.NS
2026-03-23 10:45:00+05:30,6820.0,6836.5,6778.0,6778.5,21170,0.0,0.0,POLYCAB.NS
2026-03-23 11:00:00+05:30,6778.5,6819.5,6760.0,6804.0,24555,0.0,0.0,POLYCAB.NS
2026-03-23 11:15:00+05:30,6803.0,6845.0,6785.0,6839.0,16417,0.0,0.0,POLYCAB.NS
2026-03-23 11:30:00+05:30,6836.5,6849.5,6819.5,6829.5,16957,0.0,0.0,POLYCAB.NS
2026-03-23 11:45:00+05:30,6829.5,6835.0,6801.0,6803.5,12158,0.0,0.0,POLYCAB.NS
2026-03-23 12:00:00+05:30,6810.0,6810.0,6787.5,6798.5,12146,0.0,0.0,POLYCAB.NS
2026-03-23 12:15:00+05:30,6798.0,6798.0,6750.0,6766.0,32101,0.0,0.0,POLYCAB.NS
2026-03-23 12:30:00+05:30,6766.0,6785.0,6756.5,6784.0,14120,0.0,0.0,POLYCAB.NS
2026-03-23 12:45:00+05:30,6783.0,6790.5,6761.0,6762.0,12960,0.0,0.0,POLYCAB.NS
2026-03-23 13:00:00+05:30,6765.5,6772.5,6755.5,6762.0,19586,0.0,0.0,POLYCAB.NS
2026-03-23 13:15:00+05:30,6764.0,6784.0,6764.0,6772.5,15183,0.0,0.0,POLYCAB.NS
2026-03-23 13:30:00+05:30,6774.0,6831.0,6771.0,6825.5,25499,0.0,0.0,POLYCAB.NS
2026-03-23 13:45:00+05:30,6823.5,6846.5,6823.5,6830.0,20334,0.0,0.0,POLYCAB.NS
2026-03-23 14:00:00+05:30,6830.0,6849.0,6829.5,6838.5,16705,0.0,0.0,POLYCAB.NS
2026-03-23 14:15:00+05:30,6837.5,6843.0,6815.0,6816.5,12151,0.0,0.0,POLYCAB.NS
2026-03-23 14:30:00+05:30,6816.5,6835.0,6793.0,6820.5,27026,0.0,0.0,POLYCAB.NS
2026-03-23 14:45:00+05:30,6820.0,6832.5,6808.0,6828.0,27243,0.0,0.0,POLYCAB.NS
2026-03-23 15:00:00+05:30,6814.5,6816.5,6787.0,6795.5,41832,0.0,0.0,POLYCAB.NS
2026-03-23 15:15:00+05:30,6795.5,6802.5,6780.5,6800.0,51924,0.0,0.0,POLYCAB.NS
2026-03-24 09:15:00+05:30,6997.5,6997.5,6877.0,6890.0,43871,0.0,0.0,POLYCAB.NS
2026-03-24 09:30:00+05:30,6886.0,6927.0,6859.5,6882.0,42730,0.0,0.0,POLYCAB.NS
2026-03-24 09:45:00+05:30,6879.5,6901.5,6865.0,6888.0,28584,0.0,0.0,POLYCAB.NS
2026-03-24 10:00:00+05:30,6889.0,6889.0,6825.0,6832.0,21594,0.0,0.0,POLYCAB.NS
2026-03-24 10:15:00+05:30,6832.5,6876.5,6831.5,6853.5,23724,0.0,0.0,POLYCAB.NS
2026-03-24 10:30:00+05:30,6852.5,6868.5,6830.5,6857.5,13826,0.0,0.0,POLYCAB.NS
2026-03-24 10:45:00+05:30,6857.5,6870.5,6815.0,6821.0,17527,0.0,0.0,POLYCAB.NS
2026-03-24 11:00:00+05:30,6820.0,6830.0,6802.0,6807.5,14719,0.0,0.0,POLYCAB.NS
2026-03-24 11:15:00+05:30,6811.5,6825.5,6798.0,6802.0,13414,0.0,0.0,POLYCAB.NS
2026-03-24 11:30:00+05:30,6804.0,6839.5,6785.0,6836.0,25091,0.0,0.0,POLYCAB.NS
2026-03-24 11:45:00+05:30,6840.0,6936.0,6832.0,6931.0,31445,0.0,0.0,POLYCAB.NS
2026-03-24 12:00:00+05:30,6928.5,6934.5,6904.5,6910.0,21018,0.0,0.0,POLYCAB.NS
2026-03-24 12:15:00+05:30,6911.0,6992.5,6911.0,6983.0,33238,0.0,0.0,POLYCAB.NS
2026-03-24 12:30:00+05:30,6980.5,7051.0,6980.5,7040.5,45194,0.0,0.0,POLYCAB.NS
2026-03-24 12:45:00+05:30,7039.0,7077.0,7035.5,7057.0,33699,0.0,0.0,POLYCAB.NS
2026-03-24 13:00:00+05:30,7057.0,7077.0,7042.0,7066.5,37129,0.0,0.0,POLYCAB.NS
2026-03-24 13:15:00+05:30,7068.0,7108.0,7057.5,7108.0,44854,0.0,0.0,POLYCAB.NS
2026-03-24 13:30:00+05:30,7106.5,7141.0,7093.0,7103.0,41383,0.0,0.0,POLYCAB.NS
2026-03-24 13:45:00+05:30,7103.0,7116.0,7068.0,7090.0,42711,0.0,0.0,POLYCAB.NS
2026-03-24 14:00:00+05:30,7090.0,7107.0,7080.5,7099.0,34333,0.0,0.0,POLYCAB.NS
2026-03-24 14:15:00+05:30,7097.5,7113.0,7085.5,7099.0,34477,0.0,0.0,POLYCAB.NS
2026-03-24 14:30:00+05:30,7100.0,7111.0,7068.0,7079.5,33352,0.0,0.0,POLYCAB.NS
2026-03-24 14:45:00+05:30,7082.0,7102.5,7063.5,7088.5,53466,0.0,0.0,POLYCAB.NS
2026-03-24 15:00:00+05:30,7085.5,7085.5,7048.0,7050.5,76122,0.0,0.0,POLYCAB.NS
2026-03-24 15:15:00+05:30,7052.0,7075.0,7046.0,7070.0,68403,0.0,0.0,POLYCAB.NS
2026-03-25 09:15:00+05:30,7139.0,7245.0,7110.0,7240.5,40605,0.0,0.0,POLYCAB.NS
2026-03-25 09:30:00+05:30,7244.0,7255.5,7218.5,7220.5,23703,0.0,0.0,POLYCAB.NS
2026-03-25 09:45:00+05:30,7219.5,7229.5,7202.0,7219.0,15820,0.0,0.0,POLYCAB.NS
2026-03-25 10:00:00+05:30,7219.0,7240.0,7208.5,7239.5,16313,0.0,0.0,POLYCAB.NS
2026-03-25 10:15:00+05:30,7240.5,7241.5,7214.0,7226.5,11350,0.0,0.0,POLYCAB.NS
2026-03-25 10:30:00+05:30,7228.0,7246.5,7221.0,7246.5,9590,0.0,0.0,POLYCAB.NS
2026-03-25 10:45:00+05:30,7256.5,7259.5,7241.0,7248.0,11917,0.0,0.0,POLYCAB.NS
2026-03-25 11:00:00+05:30,7246.0,7271.0,7246.0,7270.5,12318,0.0,0.0,POLYCAB.NS
2026-03-25 11:15:00+05:30,7270.5,7270.5,7250.5,7250.5,11329,0.0,0.0,POLYCAB.NS
2026-03-25 11:30:00+05:30,7252.0,7254.5,7240.5,7249.0,13218,0.0,0.0,POLYCAB.NS
2026-03-25 11:45:00+05:30,7249.0,7259.5,7242.0,7242.0,7925,0.0,0.0,POLYCAB.NS
2026-03-25 12:00:00+05:30,7242.5,7260.0,7236.5,7250.5,10731,0.0,0.0,POLYCAB.NS
2026-03-25 12:15:00+05:30,7251.5,7254.0,7221.5,7230.5,12675,0.0,0.0,POLYCAB.NS
2026-03-25 12:30:00+05:30,7229.0,7235.0,7221.0,7231.0,10324,0.0,0.0,POLYCAB.NS
2026-03-25 12:45:00+05:30,7231.0,7235.5,7210.5,7215.5,13182,0.0,0.0,POLYCAB.NS
2026-03-25 13:00:00+05:30,7216.5,7235.5,7215.0,7230.0,11579,0.0,0.0,POLYCAB.NS
2026-03-25 13:15:00+05:30,7229.5,7245.5,7225.0,7239.0,8644,0.0,0.0,POLYCAB.NS
2026-03-25 13:30:00+05:30,7240.5,7242.0,7228.0,7237.5,8361,0.0,0.0,POLYCAB.NS
2026-03-25 13:45:00+05:30,7234.5,7247.5,7230.0,7240.0,9814,0.0,0.0,POLYCAB.NS
2026-03-25 14:00:00+05:30,7239.5,7260.0,7239.5,7252.0,15853,0.0,0.0,POLYCAB.NS
2026-03-25 14:15:00+05:30,7252.0,7257.0,7234.0,7239.0,19032,0.0,0.0,POLYCAB.NS
2026-03-25 14:30:00+05:30,7239.0,7244.5,7208.0,7212.0,30758,0.0,0.0,POLYCAB.NS
2026-03-25 14:45:00+05:30,7212.0,7212.0,7148.0,7156.0,54948,0.0,0.0,POLYCAB.NS
2026-03-25 15:00:00+05:30,7152.5,7156.5,7124.5,7154.0,48119,0.0,0.0,POLYCAB.NS
2026-03-25 15:15:00+05:30,7153.5,7193.0,7134.0,7163.5,42565,0.0,0.0,POLYCAB.NS
2026-03-27 09:15:00+05:30,7064.0,7095.5,7028.5,7065.0,20856,0.0,0.0,POLYCAB.NS
2026-03-27 09:30:00+05:30,7066.0,7074.0,7040.0,7062.5,14603,0.0,0.0,POLYCAB.NS
2026-03-27 09:45:00+05:30,7059.5,7061.0,7027.0,7038.0,8614,0.0,0.0,POLYCAB.NS
2026-03-27 10:00:00+05:30,7033.5,7033.5,6984.5,6985.0,16879,0.0,0.0,POLYCAB.NS
2026-03-27 10:15:00+05:30,6981.0,6984.5,6961.5,6969.5,8255,0.0,0.0,POLYCAB.NS
2026-03-27 10:30:00+05:30,6969.5,6983.0,6943.5,6949.0,16976,0.0,0.0,POLYCAB.NS
2026-03-27 10:45:00+05:30,6951.5,6960.0,6946.5,6956.5,5746,0.0,0.0,POLYCAB.NS
2026-03-27 11:00:00+05:30,6956.5,6964.5,6935.0,6955.5,11932,0.0,0.0,POLYCAB.NS
2026-03-27 11:15:00+05:30,6955.5,7000.0,6953.0,6994.0,19852,0.0,0.0,POLYCAB.NS
2026-03-27 11:30:00+05:30,6994.5,7014.5,6990.0,7002.5,12275,0.0,0.0,POLYCAB.NS
2026-03-27 11:45:00+05:30,7001.0,7018.0,7000.0,7003.5,8982,0.0,0.0,POLYCAB.NS
2026-03-27 12:00:00+05:30,7001.0,7009.5,6992.0,7005.5,9723,0.0,0.0,POLYCAB.NS
2026-03-27 12:15:00+05:30,7005.5,7049.5,6981.0,7045.0,18986,0.0,0.0,POLYCAB.NS
2026-03-27 12:30:00+05:30,7041.0,7053.5,7030.0,7044.0,17824,0.0,0.0,POLYCAB.NS
2026-03-27 12:45:00+05:30,7045.0,7088.5,7044.0,7073.0,28095,0.0,0.0,POLYCAB.NS
2026-03-27 13:00:00+05:30,7081.0,7099.0,7070.5,7093.0,20913,0.0,0.0,POLYCAB.NS
2026-03-27 13:15:00+05:30,7095.0,7107.0,7075.5,7075.5,18868,0.0,0.0,POLYCAB.NS
2026-03-27 13:30:00+05:30,7078.0,7089.0,7063.5,7085.5,19086,0.0,0.0,POLYCAB.NS
2026-03-27 13:45:00+05:30,7085.5,7090.0,7059.5,7065.0,17575,0.0,0.0,POLYCAB.NS
2026-03-27 14:00:00+05:30,7064.5,7067.0,7041.0,7057.0,32868,0.0,0.0,POLYCAB.NS
2026-03-27 14:15:00+05:30,7054.0,7065.5,7042.5,7061.0,23560,0.0,0.0,POLYCAB.NS
2026-03-27 14:30:00+05:30,7061.0,7067.5,7045.0,7056.5,18579,0.0,0.0,POLYCAB.NS
2026-03-27 14:45:00+05:30,7055.0,7059.0,7042.5,7047.0,16953,0.0,0.0,POLYCAB.NS
2026-03-27 15:00:00+05:30,7040.0,7074.0,7040.0,7064.0,81928,0.0,0.0,POLYCAB.NS
2026-03-27 15:15:00+05:30,7069.5,7099.0,7051.0,7055.0,87692,0.0,0.0,POLYCAB.NS
2026-03-30 09:15:00+05:30,6951.0,7015.0,6937.0,7006.5,21717,0.0,0.0,POLYCAB.NS
2026-03-30 09:30:00+05:30,7011.5,7014.0,6975.0,6999.0,20580,0.0,0.0,POLYCAB.NS
2026-03-30 09:45:00+05:30,6999.0,7011.0,6984.0,7001.5,12074,0.0,0.0,POLYCAB.NS
2026-03-30 10:00:00+05:30,7003.0,7009.0,6965.0,6972.0,12753,0.0,0.0,POLYCAB.NS
2026-03-30 10:15:00+05:30,6973.0,6979.5,6911.0,6911.0,21377,0.0,0.0,POLYCAB.NS
2026-03-30 10:30:00+05:30,6912.0,6939.0,6905.5,6930.0,11749,0.0,0.0,POLYCAB.NS
2026-03-30 10:45:00+05:30,6930.0,6939.5,6915.0,6925.5,12117,0.0,0.0,POLYCAB.NS
2026-03-30 11:00:00+05:30,6924.0,6928.0,6890.0,6893.5,15328,0.0,0.0,POLYCAB.NS
2026-03-30 11:15:00+05:30,6893.5,6897.5,6880.0,6888.5,9684,0.0,0.0,POLYCAB.NS
2026-03-30 11:30:00+05:30,6888.5,6918.5,6870.0,6870.5,18983,0.0,0.0,POLYCAB.NS
2026-03-30 11:45:00+05:30,6868.0,6868.0,6827.5,6843.5,15659,0.0,0.0,POLYCAB.NS
2026-03-30 12:00:00+05:30,6843.5,6878.0,6836.5,6848.5,20590,0.0,0.0,POLYCAB.NS
2026-03-30 12:15:00+05:30,6848.5,6853.5,6821.0,6823.0,17190,0.0,0.0,POLYCAB.NS
2026-03-30 12:30:00+05:30,6823.5,6849.0,6821.0,6840.5,13634,0.0,0.0,POLYCAB.NS
2026-03-30 12:45:00+05:30,6840.0,6848.0,6818.5,6848.0,15802,0.0,0.0,POLYCAB.NS
2026-03-30 13:00:00+05:30,6848.0,6878.0,6846.0,6861.0,17875,0.0,0.0,POLYCAB.NS
2026-03-30 13:15:00+05:30,6860.0,6876.5,6845.0,6847.0,10426,0.0,0.0,POLYCAB.NS
2026-03-30 13:30:00+05:30,6847.0,6885.0,6841.0,6859.0,18235,0.0,0.0,POLYCAB.NS
2026-03-30 13:45:00+05:30,6862.0,6873.5,6848.0,6856.5,8636,0.0,0.0,POLYCAB.NS
2026-03-30 14:00:00+05:30,6856.0,6897.5,6854.0,6873.5,14625,0.0,0.0,POLYCAB.NS
2026-03-30 14:15:00+05:30,6873.5,6882.5,6858.5,6870.0,11298,0.0,0.0,POLYCAB.NS
2026-03-30 14:30:00+05:30,6870.5,6879.0,6854.0,6858.5,17104,0.0,0.0,POLYCAB.NS
2026-03-30 14:45:00+05:30,6859.0,6871.0,6851.0,6862.5,21133,0.0,0.0,POLYCAB.NS
2026-03-30 15:00:00+05:30,6865.5,6865.5,6840.0,6842.5,78193,0.0,0.0,POLYCAB.NS
2026-03-30 15:15:00+05:30,6842.0,6853.5,6800.0,6830.5,86463,0.0,0.0,POLYCAB.NS
2026-04-01 09:15:00+05:30,7147.0,7147.0,7056.5,7130.5,21262,0.0,0.0,POLYCAB.NS
2026-04-01 09:30:00+05:30,7133.5,7142.0,7100.0,7100.0,28866,0.0,0.0,POLYCAB.NS
2026-04-01 09:45:00+05:30,7105.0,7128.0,7097.0,7111.5,8960,0.0,0.0,POLYCAB.NS
2026-04-01 10:00:00+05:30,7113.0,7118.0,7101.5,7112.0,9435,0.0,0.0,POLYCAB.NS
2026-04-01 10:15:00+05:30,7112.0,7185.5,7112.0,7153.5,25057,0.0,0.0,POLYCAB.NS
2026-04-01 10:30:00+05:30,7160.0,7160.0,7113.0,7113.0,31888,0.0,0.0,POLYCAB.NS
2026-04-01 10:45:00+05:30,7113.0,7120.0,7098.5,7100.0,7766,0.0,0.0,POLYCAB.NS
2026-04-01 11:00:00+05:30,7100.0,7102.0,7064.5,7078.0,12130,0.0,0.0,POLYCAB.NS
2026-04-01 11:15:00+05:30,7077.0,7110.0,7073.0,7086.0,6858,0.0,0.0,POLYCAB.NS
2026-04-01 11:30:00+05:30,7090.0,7092.0,7050.0,7056.0,9233,0.0,0.0,POLYCAB.NS
2026-04-01 11:45:00+05:30,7057.0,7057.0,7026.0,7039.5,9000,0.0,0.0,POLYCAB.NS
2026-04-01 12:00:00+05:30,7037.5,7064.0,7029.0,7056.0,14138,0.0,0.0,POLYCAB.NS
2026-04-01 12:15:00+05:30,7057.0,7057.0,7030.0,7035.5,8032,0.0,0.0,POLYCAB.NS
2026-04-01 12:30:00+05:30,7038.5,7050.0,7029.0,7032.5,10261,0.0,0.0,POLYCAB.NS
2026-04-01 12:45:00+05:30,7032.5,7053.5,7015.0,7028.5,11268,0.0,0.0,POLYCAB.NS
2026-04-01 13:00:00+05:30,7028.5,7057.0,7027.5,7053.5,8756,0.0,0.0,POLYCAB.NS
2026-04-01 13:15:00+05:30,7056.0,7068.0,7035.0,7046.5,10322,0.0,0.0,POLYCAB.NS
2026-04-01 13:30:00+05:30,7046.0,7047.0,6929.0,6942.5,24568,0.0,0.0,POLYCAB.NS
2026-04-01 13:45:00+05:30,6939.0,6968.0,6925.0,6931.5,17779,0.0,0.0,POLYCAB.NS
2026-04-01 14:00:00+05:30,6930.0,6940.5,6919.0,6936.0,10132,0.0,0.0,POLYCAB.NS
2026-04-01 14:15:00+05:30,6937.5,6940.5,6921.0,6930.0,13049,0.0,0.0,POLYCAB.NS
2026-04-01 14:30:00+05:30,6937.0,6945.0,6905.5,6914.5,12924,0.0,0.0,POLYCAB.NS
2026-04-01 14:45:00+05:30,6909.0,6912.0,6884.0,6895.0,19655,0.0,0.0,POLYCAB.NS
2026-04-01 15:00:00+05:30,6900.0,6935.5,6895.0,6930.5,27581,0.0,0.0,POLYCAB.NS
2026-04-01 15:15:00+05:30,6931.5,6947.5,6925.0,6925.0,25012,0.0,0.0,POLYCAB.NS
2026-04-02 09:15:00+05:30,6850.0,6850.0,6756.5,6782.0,22021,0.0,0.0,POLYCAB.NS
2026-04-02 09:30:00+05:30,6778.5,6803.0,6769.0,6774.5,12673,0.0,0.0,POLYCAB.NS
2026-04-02 09:45:00+05:30,6774.5,6777.0,6749.5,6749.5,16449,0.0,0.0,POLYCAB.NS
2026-04-02 10:00:00+05:30,6744.0,6771.5,6706.0,6769.5,19799,0.0,0.0,POLYCAB.NS
2026-04-02 10:15:00+05:30,6759.0,6769.5,6714.0,6717.0,13669,0.0,0.0,POLYCAB.NS
2026-04-02 10:30:00+05:30,6717.0,6752.0,6715.0,6746.5,5467,0.0,0.0,POLYCAB.NS
2026-04-02 10:45:00+05:30,6746.5,6748.0,6715.0,6733.0,6185,0.0,0.0,POLYCAB.NS
2026-04-02 11:00:00+05:30,6735.5,6748.5,6724.5,6728.5,5149,0.0,0.0,POLYCAB.NS
2026-04-02 11:15:00+05:30,6727.5,6735.0,6701.0,6701.0,10120,0.0,0.0,POLYCAB.NS
2026-04-02 11:30:00+05:30,6704.5,6719.0,6700.0,6712.5,14963,0.0,0.0,POLYCAB.NS
2026-04-02 11:45:00+05:30,6712.5,6759.5,6712.5,6736.5,16233,0.0,0.0,POLYCAB.NS
2026-04-02 12:00:00+05:30,6741.0,6752.0,6724.0,6752.0,12123,0.0,0.0,POLYCAB.NS
2026-04-02 12:15:00+05:30,6754.0,6761.5,6724.0,6752.5,16984,0.0,0.0,POLYCAB.NS
2026-04-02 12:30:00+05:30,6755.0,6809.5,6751.5,6809.5,18078,0.0,0.0,POLYCAB.NS
2026-04-02 12:45:00+05:30,6809.0,6817.5,6782.0,6815.5,6163,0.0,0.0,POLYCAB.NS
2026-04-02 13:00:00+05:30,6817.0,6828.0,6789.5,6800.5,7644,0.0,0.0,POLYCAB.NS
2026-04-02 13:15:00+05:30,6802.0,6832.0,6800.0,6831.0,6622,0.0,0.0,POLYCAB.NS
2026-04-02 13:30:00+05:30,6831.0,6836.5,6816.5,6832.0,7851,0.0,0.0,POLYCAB.NS
2026-04-02 13:45:00+05:30,6832.0,6872.0,6829.5,6872.0,15620,0.0,0.0,POLYCAB.NS
2026-04-02 14:00:00+05:30,6870.0,6902.5,6868.5,6900.0,10030,0.0,0.0,POLYCAB.NS
2026-04-02 14:15:00+05:30,6898.5,6906.0,6865.0,6871.0,9432,0.0,0.0,POLYCAB.NS
2026-04-02 14:30:00+05:30,6872.5,6891.5,6838.5,6840.0,27210,0.0,0.0,POLYCAB.NS
2026-04-02 14:45:00+05:30,6840.5,6862.5,6835.0,6858.0,15472,0.0,0.0,POLYCAB.NS
2026-04-02 15:00:00+05:30,6866.0,6900.5,6858.5,6886.0,40216,0.0,0.0,POLYCAB.NS
2026-04-02 15:15:00+05:30,6890.0,6894.5,6852.0,6875.0,36983,0.0,0.0,POLYCAB.NS
2026-04-06 09:15:00+05:30,6906.5,6928.5,6820.0,6881.5,15496,0.0,0.0,POLYCAB.NS
2026-04-06 09:30:00+05:30,6885.5,6978.5,6860.0,6952.0,27924,0.0,0.0,POLYCAB.NS
2026-04-06 09:45:00+05:30,6952.5,6969.0,6947.0,6956.0,12557,0.0,0.0,POLYCAB.NS
2026-04-06 10:00:00+05:30,6960.0,6977.5,6944.5,6977.5,13787,0.0,0.0,POLYCAB.NS
2026-04-06 10:15:00+05:30,6980.0,6990.5,6926.5,6936.0,16971,0.0,0.0,POLYCAB.NS
2026-04-06 10:30:00+05:30,6933.5,6947.5,6924.0,6946.0,4910,0.0,0.0,POLYCAB.NS
2026-04-06 10:45:00+05:30,6944.5,6964.0,6929.5,6933.0,9019,0.0,0.0,POLYCAB.NS
2026-04-06 11:00:00+05:30,6935.5,6940.0,6902.0,6913.0,16878,0.0,0.0,POLYCAB.NS
2026-04-06 11:15:00+05:30,6919.0,6930.5,6872.0,6930.5,7039,0.0,0.0,POLYCAB.NS
2026-04-06 11:30:00+05:30,6930.5,6970.5,6922.0,6958.0,7448,0.0,0.0,POLYCAB.NS
2026-04-06 11:45:00+05:30,6958.0,7004.0,6956.5,6972.5,25168,0.0,0.0,POLYCAB.NS
2026-04-06 12:00:00+05:30,6974.5,6984.0,6970.0,6973.5,11080,0.0,0.0,POLYCAB.NS
2026-04-06 12:15:00+05:30,6971.0,6994.0,6971.0,6990.0,6087,0.0,0.0,POLYCAB.NS
2026-04-06 12:30:00+05:30,6989.0,6993.0,6960.5,6983.5,7558,0.0,0.0,POLYCAB.NS
2026-04-06 12:45:00+05:30,6983.0,7010.0,6983.0,7008.5,14686,0.0,0.0,POLYCAB.NS
2026-04-06 13:00:00+05:30,7008.5,7013.5,6991.0,7008.5,8458,0.0,0.0,POLYCAB.NS
2026-04-06 13:15:00+05:30,7010.0,7021.0,7001.0,7006.0,7052,0.0,0.0,POLYCAB.NS
2026-04-06 13:30:00+05:30,7006.0,7023.0,7006.0,7008.0,8086,0.0,0.0,POLYCAB.NS
2026-04-06 13:45:00+05:30,7006.0,7028.5,7002.0,7019.5,8905,0.0,0.0,POLYCAB.NS
2026-04-06 14:00:00+05:30,7019.5,7041.5,7009.5,7040.5,14361,0.0,0.0,POLYCAB.NS
2026-04-06 14:15:00+05:30,7037.5,7053.0,7034.0,7045.0,15077,0.0,0.0,POLYCAB.NS
2026-04-06 14:30:00+05:30,7045.0,7046.5,7022.0,7025.5,5840,0.0,0.0,POLYCAB.NS
2026-04-06 14:45:00+05:30,7026.0,7033.5,7010.5,7022.0,5425,0.0,0.0,POLYCAB.NS
2026-04-06 15:00:00+05:30,7022.5,7074.5,7021.0,7053.5,27641,0.0,0.0,POLYCAB.NS
2026-04-06 15:15:00+05:30,7054.5,7058.0,7030.0,7040.0,19781,0.0,0.0,POLYCAB.NS
2026-04-07 09:15:00+05:30,6998.5,7008.0,6949.5,6999.5,11320,0.0,0.0,POLYCAB.NS
2026-04-07 09:30:00+05:30,6999.5,6999.5,6969.0,6969.0,8612,0.0,0.0,POLYCAB.NS
2026-04-07 09:45:00+05:30,6973.0,6984.0,6962.0,6980.0,6670,0.0,0.0,POLYCAB.NS
2026-04-07 10:00:00+05:30,6980.0,7038.5,6980.0,7037.0,12420,0.0,0.0,POLYCAB.NS
2026-04-07 10:15:00+05:30,7035.0,7104.5,7033.5,7104.0,18487,0.0,0.0,POLYCAB.NS
2026-04-07 10:30:00+05:30,7105.0,7143.5,7102.0,7130.0,17555,0.0,0.0,POLYCAB.NS
2026-04-07 10:45:00+05:30,7130.0,7140.0,7086.0,7086.0,11093,0.0,0.0,POLYCAB.NS
2026-04-07 11:00:00+05:30,7085.5,7103.5,7071.0,7071.0,8560,0.0,0.0,POLYCAB.NS
2026-04-07 11:15:00+05:30,7073.0,7138.0,7071.0,7136.5,10842,0.0,0.0,POLYCAB.NS
2026-04-07 11:30:00+05:30,7135.0,7178.0,7129.5,7175.0,16406,0.0,0.0,POLYCAB.NS
2026-04-07 11:45:00+05:30,7173.5,7195.0,7156.5,7185.5,14542,0.0,0.0,POLYCAB.NS
2026-04-07 12:00:00+05:30,7183.5,7212.0,7183.5,7212.0,16464,0.0,0.0,POLYCAB.NS
2026-04-07 12:15:00+05:30,7212.0,7222.0,7203.5,7207.5,10342,0.0,0.0,POLYCAB.NS
2026-04-07 12:30:00+05:30,7207.5,7229.0,7205.0,7220.0,18106,0.0,0.0,POLYCAB.NS
2026-04-07 12:45:00+05:30,7219.5,7219.5,7197.5,7197.5,8357,0.0,0.0,POLYCAB.NS
2026-04-07 13:00:00+05:30,7196.0,7199.5,7181.0,7190.5,11582,0.0,0.0,POLYCAB.NS
2026-04-07 13:15:00+05:30,7190.5,7203.0,7186.0,7196.5,4918,0.0,0.0,POLYCAB.NS
2026-04-07 13:30:00+05:30,7196.5,7220.0,7186.0,7214.5,14176,0.0,0.0,POLYCAB.NS
2026-04-07 13:45:00+05:30,7216.5,7217.0,7185.0,7190.0,9478,0.0,0.0,POLYCAB.NS
2026-04-07 14:00:00+05:30,7191.0,7206.5,7162.0,7174.0,17692,0.0,0.0,POLYCAB.NS
2026-04-07 14:15:00+05:30,7174.0,7200.0,7170.5,7195.0,15144,0.0,0.0,POLYCAB.NS
2026-04-07 14:30:00+05:30,7195.0,7220.0,7183.0,7217.5,16130,0.0,0.0,POLYCAB.NS
2026-04-07 14:45:00+05:30,7217.5,7239.5,7214.0,7234.5,14290,0.0,0.0,POLYCAB.NS
2026-04-07 15:00:00+05:30,7233.5,7237.5,7224.0,7234.0,10946,0.0,0.0,POLYCAB.NS
2026-04-07 15:15:00+05:30,7233.5,7236.0,7209.5,7230.0,30359,0.0,0.0,POLYCAB.NS
2026-04-08 09:15:00+05:30,7491.5,7636.5,7491.5,7544.0,37658,0.0,0.0,POLYCAB.NS
2026-04-08 09:30:00+05:30,7557.0,7582.0,7542.5,7563.5,32304,0.0,0.0,POLYCAB.NS
2026-04-08 09:45:00+05:30,7565.0,7610.0,7563.5,7588.0,89384,0.0,0.0,POLYCAB.NS
2026-04-08 10:00:00+05:30,7589.0,7592.0,7525.5,7540.0,24582,0.0,0.0,POLYCAB.NS
2026-04-08 10:15:00+05:30,7540.0,7589.5,7522.0,7587.0,16599,0.0,0.0,POLYCAB.NS
2026-04-08 10:30:00+05:30,7589.5,7592.5,7570.0,7589.0,9924,0.0,0.0,POLYCAB.NS
2026-04-08 10:45:00+05:30,7585.0,7594.0,7558.0,7590.0,9355,0.0,0.0,POLYCAB.NS
2026-04-08 11:00:00+05:30,7595.0,7599.0,7573.0,7575.0,9950,0.0,0.0,POLYCAB.NS
2026-04-08 11:15:00+05:30,7580.5,7597.0,7571.5,7591.5,7533,0.0,0.0,POLYCAB.NS
2026-04-08 11:30:00+05:30,7585.5,7590.5,7563.5,7577.0,9495,0.0,0.0,POLYCAB.NS
2026-04-08 11:45:00+05:30,7577.0,7582.0,7547.0,7568.5,8189,0.0,0.0,POLYCAB.NS
2026-04-08 12:00:00+05:30,7568.0,7583.0,7558.0,7583.0,8490,0.0,0.0,POLYCAB.NS
2026-04-08 12:15:00+05:30,7582.5,7597.5,7577.5,7588.0,19552,0.0,0.0,POLYCAB.NS
2026-04-08 12:30:00+05:30,7588.5,7590.0,7570.0,7581.0,27392,0.0,0.0,POLYCAB.NS
2026-04-08 12:45:00+05:30,7581.0,7596.5,7572.0,7589.0,27093,0.0,0.0,POLYCAB.NS
2026-04-08 13:00:00+05:30,7587.5,7598.0,7582.0,7589.5,26587,0.0,0.0,POLYCAB.NS
2026-04-08 13:15:00+05:30,7589.5,7612.5,7583.0,7604.0,41643,0.0,0.0,POLYCAB.NS
2026-04-08 13:30:00+05:30,7602.5,7609.5,7588.0,7595.5,24055,0.0,0.0,POLYCAB.NS
2026-04-08 13:45:00+05:30,7595.5,7600.0,7571.0,7588.5,32253,0.0,0.0,POLYCAB.NS
2026-04-08 14:00:00+05:30,7589.5,7598.5,7581.0,7589.0,24171,0.0,0.0,POLYCAB.NS
2026-04-08 14:15:00+05:30,7589.5,7598.0,7587.0,7597.5,23224,0.0,0.0,POLYCAB.NS
2026-04-08 14:30:00+05:30,7597.0,7605.0,7590.5,7603.5,24555,0.0,0.0,POLYCAB.NS
2026-04-08 14:45:00+05:30,7603.5,7608.5,7585.5,7603.5,27631,0.0,0.0,POLYCAB.NS
2026-04-08 15:00:00+05:30,7602.5,7604.5,7586.0,7600.5,35914,0.0,0.0,POLYCAB.NS
2026-04-08 15:15:00+05:30,7600.5,7610.0,7600.0,7604.0,53292,0.0,0.0,POLYCAB.NS
2026-04-09 09:15:00+05:30,7587.0,7657.5,7521.0,7646.5,29025,0.0,0.0,POLYCAB.NS
2026-04-09 09:30:00+05:30,7650.0,7654.0,7589.0,7589.0,20520,0.0,0.0,POLYCAB.NS
2026-04-09 09:45:00+05:30,7589.5,7592.0,7525.5,7546.5,21096,0.0,0.0,POLYCAB.NS
2026-04-09 10:00:00+05:30,7546.5,7566.5,7538.0,7558.0,31451,0.0,0.0,POLYCAB.NS
2026-04-09 10:15:00+05:30,7559.5,7566.0,7550.5,7564.0,20379,0.0,0.0,POLYCAB.NS
2026-04-09 10:30:00+05:30,7564.0,7565.0,7553.0,7560.0,25168,0.0,0.0,POLYCAB.NS
2026-04-09 10:45:00+05:30,7560.0,7568.5,7550.0,7550.0,9511,0.0,0.0,POLYCAB.NS
2026-04-09 11:00:00+05:30,7550.0,7565.0,7546.0,7555.0,5247,0.0,0.0,POLYCAB.NS
2026-04-09 11:15:00+05:30,7558.0,7564.0,7542.0,7561.0,5807,0.0,0.0,POLYCAB.NS
2026-04-09 11:30:00+05:30,7560.0,7568.0,7553.0,7565.0,7030,0.0,0.0,POLYCAB.NS
2026-04-09 11:45:00+05:30,7562.5,7568.0,7556.0,7557.0,36122,0.0,0.0,POLYCAB.NS
2026-04-09 12:00:00+05:30,7560.0,7584.0,7554.0,7572.5,6728,0.0,0.0,POLYCAB.NS
2026-04-09 12:15:00+05:30,7573.0,7583.5,7573.0,7580.0,21118,0.0,0.0,POLYCAB.NS
2026-04-09 12:30:00+05:30,7579.5,7583.5,7564.5,7573.5,6615,0.0,0.0,POLYCAB.NS
2026-04-09 12:45:00+05:30,7574.0,7606.5,7562.0,7604.0,8510,0.0,0.0,POLYCAB.NS
2026-04-09 13:00:00+05:30,7603.0,7608.0,7570.0,7573.5,7007,0.0,0.0,POLYCAB.NS
2026-04-09 13:15:00+05:30,7572.5,7598.5,7567.5,7576.5,10824,0.0,0.0,POLYCAB.NS
2026-04-09 13:30:00+05:30,7576.0,7596.0,7570.5,7579.5,9503,0.0,0.0,POLYCAB.NS
2026-04-09 13:45:00+05:30,7577.5,7595.0,7575.0,7586.5,6365,0.0,0.0,POLYCAB.NS
2026-04-09 14:00:00+05:30,7586.5,7595.0,7580.0,7586.5,8762,0.0,0.0,POLYCAB.NS
2026-04-09 14:15:00+05:30,7584.0,7588.5,7572.0,7577.0,11081,0.0,0.0,POLYCAB.NS
2026-04-09 14:30:00+05:30,7579.5,7605.0,7566.5,7605.0,23243,0.0,0.0,POLYCAB.NS
2026-04-09 14:45:00+05:30,7600.0,7603.5,7593.0,7602.0,11097,0.0,0.0,POLYCAB.NS
2026-04-09 15:00:00+05:30,7602.5,7620.0,7583.5,7617.0,22916,0.0,0.0,POLYCAB.NS
2026-04-09 15:15:00+05:30,7617.0,7619.5,7600.0,7612.5,22730,0.0,0.0,POLYCAB.NS
2026-04-10 09:15:00+05:30,7649.5,7793.5,7649.5,7719.5,30906,0.0,0.0,POLYCAB.NS
2026-04-10 09:30:00+05:30,7716.5,7725.0,7700.0,7701.5,24262,0.0,0.0,POLYCAB.NS
2026-04-10 09:45:00+05:30,7702.5,7732.5,7691.0,7699.0,23284,0.0,0.0,POLYCAB.NS
2026-04-10 10:00:00+05:30,7699.0,7715.0,7642.0,7709.5,32632,0.0,0.0,POLYCAB.NS
2026-04-10 10:15:00+05:30,7708.5,7732.0,7698.5,7715.0,13837,0.0,0.0,POLYCAB.NS
2026-04-10 10:30:00+05:30,7714.5,7724.0,7711.0,7717.0,8829,0.0,0.0,POLYCAB.NS
2026-04-10 10:45:00+05:30,7717.0,7718.5,7701.0,7714.0,8486,0.0,0.0,POLYCAB.NS
2026-04-10 11:00:00+05:30,7715.0,7722.0,7695.0,7714.5,8866,0.0,0.0,POLYCAB.NS
2026-04-10 11:15:00+05:30,7714.0,7716.5,7705.0,7714.5,7024,0.0,0.0,POLYCAB.NS
2026-04-10 11:30:00+05:30,7714.0,7725.5,7710.0,7712.5,9950,0.0,0.0,POLYCAB.NS
2026-04-10 11:45:00+05:30,7711.0,7729.0,7695.0,7729.0,11227,0.0,0.0,POLYCAB.NS
2026-04-10 12:00:00+05:30,7729.0,7751.0,7729.0,7738.0,13855,0.0,0.0,POLYCAB.NS
2026-04-10 12:15:00+05:30,7739.5,7749.0,7735.5,7743.0,9252,0.0,0.0,POLYCAB.NS
2026-04-10 12:30:00+05:30,7743.0,7770.0,7740.0,7767.0,10983,0.0,0.0,POLYCAB.NS
2026-04-10 12:45:00+05:30,7767.0,7782.5,7764.5,7770.5,12330,0.0,0.0,POLYCAB.NS
2026-04-10 13:00:00+05:30,7770.0,7779.0,7764.0,7774.0,9015,0.0,0.0,POLYCAB.NS
2026-04-10 13:15:00+05:30,7773.5,7779.0,7770.5,7776.0,11505,0.0,0.0,POLYCAB.NS
2026-04-10 13:30:00+05:30,7776.0,7794.0,7770.0,7776.0,18998,0.0,0.0,POLYCAB.NS
2026-04-10 13:45:00+05:30,7777.0,7780.5,7768.5,7776.5,11079,0.0,0.0,POLYCAB.NS
2026-04-10 14:00:00+05:30,7776.5,7803.0,7768.5,7786.0,22452,0.0,0.0,POLYCAB.NS
2026-04-10 14:15:00+05:30,7781.0,7781.0,7738.5,7754.5,31416,0.0,0.0,POLYCAB.NS
2026-04-10 14:30:00+05:30,7755.5,7765.0,7740.0,7760.0,16757,0.0,0.0,POLYCAB.NS
2026-04-10 14:45:00+05:30,7759.0,7776.0,7755.0,7757.0,13238,0.0,0.0,POLYCAB.NS
2026-04-10 15:00:00+05:30,7758.0,7775.0,7758.0,7762.5,24102,0.0,0.0,POLYCAB.NS
2026-04-10 15:15:00+05:30,7763.5,7763.5,7695.0,7695.0,73229,0.0,0.0,POLYCAB.NS
2026-04-13 09:15:00+05:30,7575.5,7601.0,7457.0,7595.0,33182,0.0,0.0,POLYCAB.NS
2026-04-13 09:30:00+05:30,7589.5,7598.5,7463.5,7466.0,46155,0.0,0.0,POLYCAB.NS
2026-04-13 09:45:00+05:30,7463.0,7495.0,7455.5,7490.0,29036,0.0,0.0,POLYCAB.NS
2026-04-13 10:00:00+05:30,7490.0,7490.0,7460.5,7461.0,17549,0.0,0.0,POLYCAB.NS
2026-04-13 10:15:00+05:30,7458.5,7477.0,7437.5,7475.5,22501,0.0,0.0,POLYCAB.NS
2026-04-13 10:30:00+05:30,7475.5,7490.0,7458.0,7484.0,16339,0.0,0.0,POLYCAB.NS
2026-04-13 10:45:00+05:30,7484.0,7527.5,7484.0,7520.0,22888,0.0,0.0,POLYCAB.NS
2026-04-13 11:00:00+05:30,7521.0,7525.0,7500.5,7507.5,10589,0.0,0.0,POLYCAB.NS
2026-04-13 11:15:00+05:30,7508.5,7554.0,7508.0,7539.0,23345,0.0,0.0,POLYCAB.NS
2026-04-13 11:30:00+05:30,7535.0,7553.5,7535.0,7546.0,9541,0.0,0.0,POLYCAB.NS
2026-04-13 11:45:00+05:30,7547.0,7590.5,7545.0,7572.0,19156,0.0,0.0,POLYCAB.NS
2026-04-13 12:00:00+05:30,7570.0,7576.5,7562.5,7570.0,8441,0.0,0.0,POLYCAB.NS
2026-04-13 12:15:00+05:30,7569.5,7572.0,7554.0,7561.5,7745,0.0,0.0,POLYCAB.NS
2026-04-13 12:30:00+05:30,7562.5,7571.5,7550.0,7564.0,10311,0.0,0.0,POLYCAB.NS
2026-04-13 12:45:00+05:30,7564.0,7566.5,7546.0,7554.5,8727,0.0,0.0,POLYCAB.NS
2026-04-13 13:00:00+05:30,7551.5,7567.5,7533.0,7556.5,9521,0.0,0.0,POLYCAB.NS
2026-04-13 13:15:00+05:30,7557.0,7560.5,7545.0,7549.5,7561,0.0,0.0,POLYCAB.NS
2026-04-13 13:30:00+05:30,7547.5,7555.0,7544.0,7545.5,7879,0.0,0.0,POLYCAB.NS
2026-04-13 13:45:00+05:30,7543.0,7593.5,7529.0,7585.0,23012,0.0,0.0,POLYCAB.NS
2026-04-13 14:00:00+05:30,7583.5,7585.0,7557.0,7567.0,12516,0.0,0.0,POLYCAB.NS
2026-04-13 14:15:00+05:30,7567.0,7588.5,7556.0,7584.0,13646,0.0,0.0,POLYCAB.NS
2026-04-13 14:30:00+05:30,7585.5,7600.5,7572.5,7582.0,19072,0.0,0.0,POLYCAB.NS
2026-04-13 14:45:00+05:30,7584.5,7584.5,7560.0,7560.0,17543,0.0,0.0,POLYCAB.NS
2026-04-13 15:00:00+05:30,7560.0,7563.5,7539.5,7550.0,29800,0.0,0.0,POLYCAB.NS
2026-04-13 15:15:00+05:30,7546.5,7557.0,7534.5,7545.5,35854,0.0,0.0,POLYCAB.NS
2026-04-15 09:15:00+05:30,7762.5,7762.5,7704.0,7734.5,22186,0.0,0.0,POLYCAB.NS
2026-04-15 09:30:00+05:30,7731.5,7749.5,7720.0,7742.5,26115,0.0,0.0,POLYCAB.NS
2026-04-15 09:45:00+05:30,7741.0,7760.0,7735.0,7754.0,20210,0.0,0.0,POLYCAB.NS
2026-04-15 10:00:00+05:30,7753.5,7769.0,7732.5,7768.5,21093,0.0,0.0,POLYCAB.NS
2026-04-15 10:15:00+05:30,7768.5,7778.0,7750.0,7770.0,14296,0.0,0.0,POLYCAB.NS
2026-04-15 10:30:00+05:30,7770.0,7775.0,7750.0,7750.0,11763,0.0,0.0,POLYCAB.NS
2026-04-15 10:45:00+05:30,7750.5,7755.5,7744.0,7754.0,19695,0.0,0.0,POLYCAB.NS
2026-04-15 11:00:00+05:30,7753.0,7766.0,7746.0,7759.0,8312,0.0,0.0,POLYCAB.NS
2026-04-15 11:15:00+05:30,7758.5,7771.0,7756.0,7766.5,7899,0.0,0.0,POLYCAB.NS
2026-04-15 11:30:00+05:30,7766.5,7775.0,7764.0,7770.5,6970,0.0,0.0,POLYCAB.NS
2026-04-15 11:45:00+05:30,7772.0,7825.0,7772.0,7820.5,22940,0.0,0.0,POLYCAB.NS
2026-04-15 12:00:00+05:30,7820.5,7852.5,7815.5,7840.5,22548,0.0,0.0,POLYCAB.NS
2026-04-15 12:15:00+05:30,7840.0,7845.5,7816.5,7821.0,12330,0.0,0.0,POLYCAB.NS
2026-04-15 12:30:00+05:30,7820.5,7830.0,7812.0,7825.0,9912,0.0,0.0,POLYCAB.NS
2026-04-15 12:45:00+05:30,7824.0,7835.0,7787.0,7787.0,13036,0.0,0.0,POLYCAB.NS
2026-04-15 13:00:00+05:30,7787.5,7791.5,7770.0,7780.0,12191,0.0,0.0,POLYCAB.NS
2026-04-15 13:15:00+05:30,7780.0,7802.5,7779.0,7799.5,10225,0.0,0.0,POLYCAB.NS
2026-04-15 13:30:00+05:30,7799.5,7829.0,7794.0,7828.5,12258,0.0,0.0,POLYCAB.NS
2026-04-15 13:45:00+05:30,7828.5,7828.5,7803.5,7824.0,26261,0.0,0.0,POLYCAB.NS
2026-04-15 14:00:00+05:30,7824.0,7827.0,7808.5,7815.0,13398,0.0,0.0,POLYCAB.NS
2026-04-15 14:15:00+05:30,7814.5,7820.0,7810.0,7811.5,11921,0.0,0.0,POLYCAB.NS
2026-04-15 14:30:00+05:30,7811.5,7829.0,7811.5,7824.5,23505,0.0,0.0,POLYCAB.NS
2026-04-15 14:45:00+05:30,7824.0,7830.0,7823.0,7826.5,24814,0.0,0.0,POLYCAB.NS
2026-04-15 15:00:00+05:30,7826.0,7826.0,7785.0,7788.0,43508,0.0,0.0,POLYCAB.NS
2026-04-15 15:15:00+05:30,7794.5,7794.5,7767.0,7785.0,47787,0.0,0.0,POLYCAB.NS
2026-04-16 09:15:00+05:30,7845.0,7873.5,7810.0,7849.0,11407,0.0,0.0,POLYCAB.NS
2026-04-16 09:30:00+05:30,7846.0,7864.5,7804.5,7808.5,12719,0.0,0.0,POLYCAB.NS
2026-04-16 09:45:00+05:30,7806.5,7852.0,7800.5,7809.0,14097,0.0,0.0,POLYCAB.NS
2026-04-16 10:00:00+05:30,7811.0,7848.5,7810.0,7833.0,9333,0.0,0.0,POLYCAB.NS
2026-04-16 10:15:00+05:30,7833.0,7836.5,7797.0,7825.5,6982,0.0,0.0,POLYCAB.NS
2026-04-16 10:30:00+05:30,7829.5,7857.5,7827.5,7847.0,5245,0.0,0.0,POLYCAB.NS
2026-04-16 10:45:00+05:30,7847.0,7849.5,7837.0,7845.0,2203,0.0,0.0,POLYCAB.NS
2026-04-16 11:00:00+05:30,7849.0,7860.0,7838.5,7853.0,4663,0.0,0.0,POLYCAB.NS
2026-04-16 11:15:00+05:30,7858.5,7874.5,7850.5,7869.5,6985,0.0,0.0,POLYCAB.NS
2026-04-16 11:30:00+05:30,7867.0,7872.5,7840.0,7840.0,13290,0.0,0.0,POLYCAB.NS
2026-04-16 11:45:00+05:30,7837.0,7844.5,7812.5,7821.0,15960,0.0,0.0,POLYCAB.NS
2026-04-16 12:00:00+05:30,7820.5,7835.0,7808.5,7832.0,8123,0.0,0.0,POLYCAB.NS
2026-04-16 12:15:00+05:30,7831.0,7835.0,7817.0,7820.5,3247,0.0,0.0,POLYCAB.NS
2026-04-16 12:30:00+05:30,7822.0,7831.0,7812.0,7826.0,6666,0.0,0.0,POLYCAB.NS
2026-04-16 12:45:00+05:30,7824.5,7829.5,7807.5,7821.5,2990,0.0,0.0,POLYCAB.NS
2026-04-16 13:00:00+05:30,7821.5,7824.0,7782.5,7783.0,7407,0.0,0.0,POLYCAB.NS
2026-04-16 13:15:00+05:30,7782.0,7794.5,7773.5,7789.0,14835,0.0,0.0,POLYCAB.NS
2026-04-16 13:30:00+05:30,7790.0,7799.0,7784.0,7797.0,4364,0.0,0.0,POLYCAB.NS
2026-04-16 13:45:00+05:30,7795.5,7833.5,7795.5,7827.0,5124,0.0,0.0,POLYCAB.NS
2026-04-16 14:00:00+05:30,7827.5,7832.5,7821.0,7825.0,4732,0.0,0.0,POLYCAB.NS
2026-04-16 14:15:00+05:30,7825.0,7840.0,7825.0,7836.0,14145,0.0,0.0,POLYCAB.NS
2026-04-16 14:30:00+05:30,7839.0,7874.0,7837.0,7867.0,12945,0.0,0.0,POLYCAB.NS
2026-04-16 14:45:00+05:30,7869.5,7906.0,7869.5,7903.0,30469,0.0,0.0,POLYCAB.NS
2026-04-16 15:00:00+05:30,7903.0,7903.0,7871.0,7895.5,16037,0.0,0.0,POLYCAB.NS
2026-04-16 15:15:00+05:30,7897.0,7929.5,7892.5,7926.0,20311,0.0,0.0,POLYCAB.NS
2026-04-17 09:15:00+05:30,7944.0,8083.0,7918.0,8075.0,46549,0.0,0.0,POLYCAB.NS
2026-04-17 09:30:00+05:30,8073.5,8090.5,8047.0,8060.0,30910,0.0,0.0,POLYCAB.NS
2026-04-17 09:45:00+05:30,8059.5,8128.0,8055.0,8127.0,30492,0.0,0.0,POLYCAB.NS
2026-04-17 10:00:00+05:30,8129.0,8174.5,8104.0,8168.0,85478,0.0,0.0,POLYCAB.NS
2026-04-17 10:15:00+05:30,8168.0,8188.0,8165.0,8168.5,22166,0.0,0.0,POLYCAB.NS
2026-04-17 10:30:00+05:30,8168.5,8174.5,8157.5,8168.0,15833,0.0,0.0,POLYCAB.NS
2026-04-17 10:45:00+05:30,8168.0,8177.0,8160.0,8174.5,9230,0.0,0.0,POLYCAB.NS
2026-04-17 11:00:00+05:30,8170.5,8179.5,8144.5,8175.5,13210,0.0,0.0,POLYCAB.NS
2026-04-17 11:15:00+05:30,8175.0,8204.5,8171.5,8204.5,23808,0.0,0.0,POLYCAB.NS
2026-04-17 11:30:00+05:30,8202.0,8224.5,8195.0,8224.0,19197,0.0,0.0,POLYCAB.NS
2026-04-17 11:45:00+05:30,8220.5,8223.5,8200.5,8202.5,16585,0.0,0.0,POLYCAB.NS
2026-04-17 12:00:00+05:30,8202.0,8204.5,8175.5,8189.0,24098,0.0,0.0,POLYCAB.NS
2026-04-17 12:15:00+05:30,8189.0,8217.0,8178.0,8205.0,13807,0.0,0.0,POLYCAB.NS
2026-04-17 12:30:00+05:30,8203.5,8204.0,8150.5,8156.0,28211,0.0,0.0,POLYCAB.NS
2026-04-17 12:45:00+05:30,8155.0,8163.5,8117.5,8131.0,27139,0.0,0.0,POLYCAB.NS
2026-04-17 13:00:00+05:30,8131.5,8137.5,8123.5,8128.0,13419,0.0,0.0,POLYCAB.NS
2026-04-17 13:15:00+05:30,8129.5,8146.0,8126.5,8139.5,10100,0.0,0.0,POLYCAB.NS
2026-04-17 13:30:00+05:30,8141.0,8141.0,8125.0,8132.0,7773,0.0,0.0,POLYCAB.NS
2026-04-17 13:45:00+05:30,8131.5,8135.5,8120.0,8125.0,8075,0.0,0.0,POLYCAB.NS
2026-04-17 14:00:00+05:30,8123.5,8148.0,8119.0,8135.5,12733,0.0,0.0,POLYCAB.NS
2026-04-17 14:15:00+05:30,8133.0,8140.0,8124.0,8124.0,9563,0.0,0.0,POLYCAB.NS
2026-04-17 14:30:00+05:30,8124.0,8176.0,8124.0,8174.0,14036,0.0,0.0,POLYCAB.NS
2026-04-17 14:45:00+05:30,8171.5,8177.0,8167.0,8170.0,23128,0.0,0.0,POLYCAB.NS
2026-04-17 15:00:00+05:30,8169.0,8187.0,8152.0,8181.0,68534,0.0,0.0,POLYCAB.NS
2026-04-17 15:15:00+05:30,8179.5,8198.5,8179.0,8191.0,78425,0.0,0.0,POLYCAB.NS
2026-04-20 09:15:00+05:30,8182.5,8283.0,8057.0,8226.0,33029,0.0,0.0,POLYCAB.NS
2026-04-20 09:30:00+05:30,8235.0,8236.5,8170.0,8170.0,17504,0.0,0.0,POLYCAB.NS
2026-04-20 09:45:00+05:30,8173.0,8211.5,8170.0,8181.5,14754,0.0,0.0,POLYCAB.NS
2026-04-20 10:00:00+05:30,8183.5,8218.0,8181.0,8218.0,5880,0.0,0.0,POLYCAB.NS
2026-04-20 15:00:00+05:30,8182.5,8211.0,8182.5,8195.5,254842,0.0,0.0,POLYCAB.NS
2026-04-20 15:15:00+05:30,8195.0,8235.0,8179.0,8220.0,49093,0.0,0.0,POLYCAB.NS
2026-04-21 09:15:00+05:30,8200.0,8301.5,8200.0,8281.5,12391,0.0,0.0,POLYCAB.NS
2026-04-21 09:30:00+05:30,8282.0,8286.0,8255.0,8267.0,10601,0.0,0.0,POLYCAB.NS
2026-04-21 09:45:00+05:30,8270.0,8270.0,8252.0,8262.5,8334,0.0,0.0,POLYCAB.NS
2026-04-21 10:00:00+05:30,8265.0,8282.0,8260.0,8263.0,5869,0.0,0.0,POLYCAB.NS
2026-04-21 10:15:00+05:30,8263.0,8264.0,8215.0,8220.0,8738,0.0,0.0,POLYCAB.NS
2026-04-21 10:30:00+05:30,8218.0,8228.0,8211.0,8219.0,6415,0.0,0.0,POLYCAB.NS
2026-04-21 10:45:00+05:30,8219.5,8234.0,8216.5,8225.0,4203,0.0,0.0,POLYCAB.NS
2026-04-21 11:00:00+05:30,8224.0,8244.0,8220.0,8234.5,12834,0.0,0.0,POLYCAB.NS
2026-04-21 11:15:00+05:30,8236.0,8247.0,8228.5,8235.0,2833,0.0,0.0,POLYCAB.NS
2026-04-21 11:30:00+05:30,8235.5,8235.5,8216.0,8216.5,3642,0.0,0.0,POLYCAB.NS
2026-04-21 11:45:00+05:30,8216.5,8219.5,8211.0,8215.0,4239,0.0,0.0,POLYCAB.NS
2026-04-21 12:00:00+05:30,8215.0,8227.0,8162.0,8162.0,10263,0.0,0.0,POLYCAB.NS
2026-04-21 12:15:00+05:30,8163.5,8163.5,8100.5,8101.0,20332,0.0,0.0,POLYCAB.NS
2026-04-21 12:30:00+05:30,8101.0,8101.0,7943.5,7968.0,80687,0.0,0.0,POLYCAB.NS
2026-04-21 12:45:00+05:30,7968.0,8000.0,7962.0,7982.5,25798,0.0,0.0,POLYCAB.NS
2026-04-21 13:00:00+05:30,7982.5,7988.0,7926.5,7967.5,24852,0.0,0.0,POLYCAB.NS
2026-04-21 13:15:00+05:30,7967.5,7993.0,7964.0,7990.0,14780,0.0,0.0,POLYCAB.NS
2026-04-21 13:30:00+05:30,7990.0,8012.0,7952.5,7997.0,31269,0.0,0.0,POLYCAB.NS
2026-04-21 13:45:00+05:30,7996.0,8001.0,7983.5,7994.5,12206,0.0,0.0,POLYCAB.NS
2026-04-21 14:00:00+05:30,7993.0,8001.0,7980.5,7989.5,10366,0.0,0.0,POLYCAB.NS
2026-04-21 14:15:00+05:30,7987.5,7997.0,7981.0,7991.5,11473,0.0,0.0,POLYCAB.NS
2026-04-21 14:30:00+05:30,7992.0,8000.0,7971.0,7980.5,23618,0.0,0.0,POLYCAB.NS
2026-04-21 14:45:00+05:30,7979.0,7982.5,7971.5,7974.5,11516,0.0,0.0,POLYCAB.NS
2026-04-21 15:00:00+05:30,7975.0,7976.5,7951.0,7955.0,32923,0.0,0.0,POLYCAB.NS
2026-04-21 15:15:00+05:30,7955.0,7959.5,7942.5,7953.0,35983,0.0,0.0,POLYCAB.NS
2026-04-22 09:15:00+05:30,7940.0,7959.5,7903.5,7928.5,16238,0.0,0.0,POLYCAB.NS
2026-04-22 09:30:00+05:30,7933.0,7940.0,7917.0,7927.5,14473,0.0,0.0,POLYCAB.NS
2026-04-22 09:45:00+05:30,7925.0,7956.0,7923.0,7943.5,15882,0.0,0.0,POLYCAB.NS
2026-04-22 10:00:00+05:30,7947.5,7947.5,7920.5,7922.0,11327,0.0,0.0,POLYCAB.NS
2026-04-22 10:15:00+05:30,7922.5,7996.0,7922.5,7994.0,22276,0.0,0.0,POLYCAB.NS
2026-04-22 10:30:00+05:30,7995.0,8020.0,7991.0,8003.5,17586,0.0,0.0,POLYCAB.NS
2026-04-22 10:45:00+05:30,8003.5,8039.5,8000.0,8020.0,24372,0.0,0.0,POLYCAB.NS
2026-04-22 11:00:00+05:30,8020.5,8044.5,8015.0,8044.0,10578,0.0,0.0,POLYCAB.NS
2026-04-22 11:15:00+05:30,8041.0,8050.0,8008.0,8009.0,19802,0.0,0.0,POLYCAB.NS
2026-04-22 11:30:00+05:30,8008.0,8020.0,8007.0,8015.5,5689,0.0,0.0,POLYCAB.NS
2026-04-22 11:45:00+05:30,8017.0,8034.0,8002.5,8034.0,7680,0.0,0.0,POLYCAB.NS
2026-04-22 12:00:00+05:30,8034.0,8049.0,8033.0,8046.5,39516,0.0,0.0,POLYCAB.NS
2026-04-22 12:15:00+05:30,8046.0,8075.0,8044.5,8065.5,26983,0.0,0.0,POLYCAB.NS
2026-04-22 12:30:00+05:30,8067.5,8070.0,8053.5,8059.5,8227,0.0,0.0,POLYCAB.NS
2026-04-22 12:45:00+05:30,8059.0,8060.0,8045.0,8055.0,9356,0.0,0.0,POLYCAB.NS
2026-04-22 13:00:00+05:30,8055.5,8058.0,8035.5,8041.0,7371,0.0,0.0,POLYCAB.NS
2026-04-22 13:15:00+05:30,8042.0,8044.5,8021.0,8040.0,9680,0.0,0.0,POLYCAB.NS
2026-04-22 13:30:00+05:30,8041.5,8057.0,8031.0,8048.0,11401,0.0,0.0,POLYCAB.NS
2026-04-22 13:45:00+05:30,8048.0,8048.0,8037.5,8043.5,5545,0.0,0.0,POLYCAB.NS
2026-04-22 14:00:00+05:30,8044.0,8044.0,8017.0,8026.5,10802,0.0,0.0,POLYCAB.NS
2026-04-22 14:15:00+05:30,8028.5,8028.5,8000.0,8007.5,8958,0.0,0.0,POLYCAB.NS
2026-04-22 14:30:00+05:30,8007.5,8043.0,7995.5,8043.0,23795,0.0,0.0,POLYCAB.NS
2026-04-22 14:45:00+05:30,8042.0,8103.0,8042.0,8080.5,51369,0.0,0.0,POLYCAB.NS
2026-04-22 15:00:00+05:30,8075.0,8079.5,8028.0,8028.0,23771,0.0,0.0,POLYCAB.NS
2026-04-22 15:15:00+05:30,8028.5,8045.0,8010.0,8038.0,41034,0.0,0.0,POLYCAB.NS
2026-04-23 09:15:00+05:30,8000.0,8085.0,7970.0,8022.0,19964,0.0,0.0,POLYCAB.NS
2026-04-23 09:30:00+05:30,8019.0,8040.5,8007.5,8040.5,12813,0.0,0.0,POLYCAB.NS
2026-04-23 09:45:00+05:30,8043.0,8115.0,8043.0,8100.0,25725,0.0,0.0,POLYCAB.NS
2026-04-23 10:00:00+05:30,8100.0,8125.0,8098.5,8098.5,20461,0.0,0.0,POLYCAB.NS
2026-04-23 10:15:00+05:30,8095.0,8113.0,8085.5,8085.5,8847,0.0,0.0,POLYCAB.NS
2026-04-23 10:30:00+05:30,8085.5,8087.5,8058.5,8058.5,16252,0.0,0.0,POLYCAB.NS
2026-04-23 10:45:00+05:30,8057.5,8075.0,8052.0,8075.0,10908,0.0,0.0,POLYCAB.NS
2026-04-23 11:00:00+05:30,8073.0,8090.0,8072.5,8087.5,5699,0.0,0.0,POLYCAB.NS
2026-04-23 11:15:00+05:30,8090.0,8094.0,8062.0,8083.5,7852,0.0,0.0,POLYCAB.NS
2026-04-23 11:30:00+05:30,8083.5,8088.0,8072.5,8078.0,4866,0.0,0.0,POLYCAB.NS
2026-04-23 11:45:00+05:30,8077.5,8100.0,8076.0,8097.0,10077,0.0,0.0,POLYCAB.NS
2026-04-23 12:00:00+05:30,8097.5,8118.0,8094.5,8106.0,15477,0.0,0.0,POLYCAB.NS
2026-04-23 12:15:00+05:30,8105.5,8113.5,8090.0,8090.0,10024,0.0,0.0,POLYCAB.NS
2026-04-23 12:30:00+05:30,8090.0,8105.0,8080.0,8087.0,11837,0.0,0.0,POLYCAB.NS
2026-04-23 12:45:00+05:30,8087.0,8093.0,8072.0,8083.5,12705,0.0,0.0,POLYCAB.NS
2026-04-23 13:00:00+05:30,8083.5,8104.0,8078.0,8091.5,38131,0.0,0.0,POLYCAB.NS
2026-04-23 13:15:00+05:30,8091.5,8097.0,8075.0,8087.0,11801,0.0,0.0,POLYCAB.NS
2026-04-23 13:30:00+05:30,8087.0,8087.5,8044.5,8049.5,18725,0.0,0.0,POLYCAB.NS
2026-04-23 13:45:00+05:30,8049.0,8052.0,8026.5,8029.0,24784,0.0,0.0,POLYCAB.NS
2026-04-23 14:00:00+05:30,8028.0,8028.5,8000.5,8000.5,23704,0.0,0.0,POLYCAB.NS
2026-04-23 14:15:00+05:30,8003.0,8019.5,8003.0,8003.0,20358,0.0,0.0,POLYCAB.NS
2026-04-23 14:30:00+05:30,8004.5,8005.0,7965.0,7974.5,15281,0.0,0.0,POLYCAB.NS
2026-04-23 14:45:00+05:30,7977.0,7994.0,7964.5,7971.5,22750,0.0,0.0,POLYCAB.NS
2026-04-23 15:00:00+05:30,7973.5,7983.0,7952.0,7953.0,44013,0.0,0.0,POLYCAB.NS
2026-04-23 15:15:00+05:30,7956.5,7969.5,7950.0,7959.0,54101,0.0,0.0,POLYCAB.NS
2026-04-24 09:15:00+05:30,7983.5,8084.5,7983.5,8026.5,31762,0.0,0.0,POLYCAB.NS
2026-04-24 09:30:00+05:30,8024.5,8033.0,7959.0,8000.0,34553,0.0,0.0,POLYCAB.NS
2026-04-24 09:45:00+05:30,8000.0,8021.0,7997.5,8016.0,20824,0.0,0.0,POLYCAB.NS
2026-04-24 10:00:00+05:30,8017.0,8059.0,8016.5,8050.0,22264,0.0,0.0,POLYCAB.NS
2026-04-24 10:15:00+05:30,8050.5,8057.5,8011.5,8019.0,18090,0.0,0.0,POLYCAB.NS
2026-04-24 10:30:00+05:30,8019.5,8019.5,7950.5,7958.0,20444,0.0,0.0,POLYCAB.NS
2026-04-24 10:45:00+05:30,7959.0,7979.0,7931.0,7931.5,19823,0.0,0.0,POLYCAB.NS
2026-04-24 11:00:00+05:30,7931.5,7933.0,7903.5,7904.0,16709,0.0,0.0,POLYCAB.NS
2026-04-24 11:15:00+05:30,7904.5,7922.0,7901.0,7918.0,15725,0.0,0.0,POLYCAB.NS
2026-04-24 11:30:00+05:30,7920.0,7953.0,7919.0,7937.5,23472,0.0,0.0,POLYCAB.NS
2026-04-24 11:45:00+05:30,7938.0,7938.5,7920.0,7938.5,14717,0.0,0.0,POLYCAB.NS
2026-04-24 12:00:00+05:30,7937.0,7969.0,7934.5,7966.5,23154,0.0,0.0,POLYCAB.NS
2026-04-24 12:15:00+05:30,7963.5,7973.0,7931.5,7935.0,20666,0.0,0.0,POLYCAB.NS
2026-04-24 12:30:00+05:30,7934.5,7952.5,7930.5,7942.0,13147,0.0,0.0,POLYCAB.NS
2026-04-24 12:45:00+05:30,7942.0,7968.0,7942.0,7951.0,15429,0.0,0.0,POLYCAB.NS
2026-04-24 13:00:00+05:30,7950.0,7950.0,7931.5,7937.0,15671,0.0,0.0,POLYCAB.NS
2026-04-24 13:15:00+05:30,7936.0,7940.5,7914.5,7928.5,17022,0.0,0.0,POLYCAB.NS
2026-04-24 13:30:00+05:30,7930.0,7938.5,7926.0,7928.0,16926,0.0,0.0,POLYCAB.NS
2026-04-24 13:45:00+05:30,7926.5,7948.5,7926.5,7939.0,20310,0.0,0.0,POLYCAB.NS
2026-04-24 14:00:00+05:30,7940.0,7945.0,7921.0,7939.5,20038,0.0,0.0,POLYCAB.NS
2026-04-24 14:15:00+05:30,7939.5,7948.5,7928.5,7941.5,19424,0.0,0.0,POLYCAB.NS
2026-04-24 14:30:00+05:30,7942.5,7984.5,7940.5,7983.5,33530,0.0,0.0,POLYCAB.NS
2026-04-24 14:45:00+05:30,7983.5,8014.0,7965.5,8012.5,35491,0.0,0.0,POLYCAB.NS
2026-04-24 15:00:00+05:30,8007.0,8035.0,7994.0,8033.5,56998,0.0,0.0,POLYCAB.NS
2026-04-24 15:15:00+05:30,8035.5,8063.5,8031.0,8041.5,45053,0.0,0.0,POLYCAB.NS
2026-04-27 09:15:00+05:30,8088.0,8134.5,8064.5,8072.5,14471,0.0,0.0,POLYCAB.NS
2026-04-27 09:30:00+05:30,8081.0,8097.0,8064.0,8081.5,12662,0.0,0.0,POLYCAB.NS
2026-04-27 09:45:00+05:30,8081.5,8145.0,8081.0,8138.0,16553,0.0,0.0,POLYCAB.NS
2026-04-27 10:00:00+05:30,8140.0,8140.0,8059.5,8062.0,15435,0.0,0.0,POLYCAB.NS
2026-04-27 10:15:00+05:30,8061.0,8093.0,8061.0,8080.0,6548,0.0,0.0,POLYCAB.NS
2026-04-27 10:30:00+05:30,8084.5,8085.0,8066.0,8077.0,3959,0.0,0.0,POLYCAB.NS
2026-04-27 10:45:00+05:30,8076.0,8099.5,8070.5,8075.0,4613,0.0,0.0,POLYCAB.NS
2026-04-27 11:00:00+05:30,8075.0,8075.0,8050.0,8075.0,6164,0.0,0.0,POLYCAB.NS
2026-04-27 11:15:00+05:30,8075.0,8085.5,8060.0,8062.0,3690,0.0,0.0,POLYCAB.NS
2026-04-27 11:30:00+05:30,8060.0,8078.5,8055.0,8077.0,4266,0.0,0.0,POLYCAB.NS
2026-04-27 11:45:00+05:30,8076.0,8096.5,8067.0,8080.0,5593,0.0,0.0,POLYCAB.NS
2026-04-27 12:00:00+05:30,8079.5,8079.5,8065.0,8073.5,3190,0.0,0.0,POLYCAB.NS
2026-04-27 12:15:00+05:30,8073.0,8082.0,8066.0,8068.5,1927,0.0,0.0,POLYCAB.NS
2026-04-27 12:30:00+05:30,8069.5,8093.5,8066.0,8090.5,3213,0.0,0.0,POLYCAB.NS
2026-04-27 12:45:00+05:30,8087.0,8093.0,8083.5,8093.0,3045,0.0,0.0,POLYCAB.NS
2026-04-27 13:00:00+05:30,8093.0,8097.0,8088.0,8093.0,3598,0.0,0.0,POLYCAB.NS
2026-04-27 13:15:00+05:30,8091.5,8108.0,8085.5,8092.5,4830,0.0,0.0,POLYCAB.NS
2026-04-27 13:30:00+05:30,8092.5,8120.0,8090.0,8120.0,5814,0.0,0.0,POLYCAB.NS
2026-04-27 13:45:00+05:30,8120.0,8136.0,8118.0,8123.0,9388,0.0,0.0,POLYCAB.NS
2026-04-27 14:00:00+05:30,8123.0,8126.0,8102.0,8109.5,11654,0.0,0.0,POLYCAB.NS
2026-04-27 14:15:00+05:30,8110.0,8117.5,8103.0,8112.0,3645,0.0,0.0,POLYCAB.NS
2026-04-27 14:30:00+05:30,8110.0,8114.0,8021.0,8103.0,51160,0.0,0.0,POLYCAB.NS
2026-04-27 14:45:00+05:30,8103.5,8115.0,8095.5,8103.5,13109,0.0,0.0,POLYCAB.NS
2026-04-27 15:00:00+05:30,8100.5,8100.5,8055.0,8062.5,32513,0.0,0.0,POLYCAB.NS
2026-04-27 15:15:00+05:30,8068.0,8072.0,8053.0,8058.5,33804,0.0,0.0,POLYCAB.NS
2026-04-28 09:15:00+05:30,8053.0,8184.5,8053.0,8141.5,20461,0.0,0.0,POLYCAB.NS
2026-04-28 09:30:00+05:30,8141.5,8172.0,8136.0,8160.5,13730,0.0,0.0,POLYCAB.NS
2026-04-28 09:45:00+05:30,8164.0,8175.0,8152.0,8163.5,12243,0.0,0.0,POLYCAB.NS
2026-04-28 10:00:00+05:30,8162.5,8170.0,8142.0,8142.0,11625,0.0,0.0,POLYCAB.NS
2026-04-28 10:15:00+05:30,8142.0,8156.5,8141.0,8142.5,9730,0.0,0.0,POLYCAB.NS
2026-04-28 10:30:00+05:30,8143.0,8172.5,8138.0,8162.0,16032,0.0,0.0,POLYCAB.NS
2026-04-28 10:45:00+05:30,8161.5,8179.5,8153.0,8174.5,8156,0.0,0.0,POLYCAB.NS
2026-04-28 11:00:00+05:30,8175.0,8180.0,8155.0,8165.5,13632,0.0,0.0,POLYCAB.NS
2026-04-28 11:15:00+05:30,8165.0,8166.0,8148.0,8156.5,5060,0.0,0.0,POLYCAB.NS
2026-04-28 11:30:00+05:30,8158.0,8185.0,8152.0,8185.0,9143,0.0,0.0,POLYCAB.NS
2026-04-28 11:45:00+05:30,8184.5,8187.5,8173.5,8175.5,6871,0.0,0.0,POLYCAB.NS
2026-04-28 12:00:00+05:30,8177.0,8177.5,8154.0,8158.5,11324,0.0,0.0,POLYCAB.NS
2026-04-28 12:15:00+05:30,8158.5,8161.0,8120.0,8148.5,18059,0.0,0.0,POLYCAB.NS
2026-04-28 12:30:00+05:30,8147.5,8174.0,8146.5,8174.0,5980,0.0,0.0,POLYCAB.NS
2026-04-28 12:45:00+05:30,8175.0,8183.0,8175.0,8182.0,10211,0.0,0.0,POLYCAB.NS
2026-04-28 13:00:00+05:30,8181.0,8198.0,8172.0,8190.5,14925,0.0,0.0,POLYCAB.NS
2026-04-28 13:15:00+05:30,8190.5,8214.0,8185.5,8201.0,20495,0.0,0.0,POLYCAB.NS
2026-04-28 13:30:00+05:30,8198.5,8202.0,8191.5,8201.5,5478,0.0,0.0,POLYCAB.NS
2026-04-28 13:45:00+05:30,8199.0,8208.5,8190.5,8192.5,5403,0.0,0.0,POLYCAB.NS
2026-04-28 14:00:00+05:30,8192.0,8200.0,8185.0,8189.0,4284,0.0,0.0,POLYCAB.NS
2026-04-28 14:15:00+05:30,8185.0,8223.5,8183.5,8213.5,12636,0.0,0.0,POLYCAB.NS
2026-04-28 14:30:00+05:30,8212.0,8269.0,8212.0,8258.0,26987,0.0,0.0,POLYCAB.NS
2026-04-28 14:45:00+05:30,8258.0,8270.0,8244.0,8250.0,15212,0.0,0.0,POLYCAB.NS
2026-04-28 15:00:00+05:30,8249.0,8249.0,8228.5,8242.0,29532,0.0,0.0,POLYCAB.NS
2026-04-28 15:15:00+05:30,8237.5,8280.5,8237.5,8274.0,47017,0.0,0.0,POLYCAB.NS
2026-04-29 09:15:00+05:30,8300.5,8335.0,8275.0,8317.0,13424,0.0,0.0,POLYCAB.NS
2026-04-29 09:30:00+05:30,8316.0,8316.5,8214.0,8242.5,44020,0.0,0.0,POLYCAB.NS
2026-04-29 09:45:00+05:30,8243.0,8252.0,8230.0,8241.5,6035,0.0,0.0,POLYCAB.NS
2026-04-29 10:00:00+05:30,8241.5,8250.0,8226.0,8239.0,8058,0.0,0.0,POLYCAB.NS
2026-04-29 10:15:00+05:30,8238.0,8265.5,8233.0,8260.5,8396,0.0,0.0,POLYCAB.NS
2026-04-29 10:30:00+05:30,8263.0,8263.0,8230.5,8251.5,6749,0.0,0.0,POLYCAB.NS
2026-04-29 10:45:00+05:30,8253.0,8264.0,8203.0,8203.0,11864,0.0,0.0,POLYCAB.NS
2026-04-29 11:00:00+05:30,8203.0,8218.0,8201.0,8218.0,5556,0.0,0.0,POLYCAB.NS
2026-04-29 11:15:00+05:30,8215.0,8223.0,8207.0,8212.5,3986,0.0,0.0,POLYCAB.NS
2026-04-29 11:30:00+05:30,8215.0,8215.0,8202.0,8204.0,3594,0.0,0.0,POLYCAB.NS
2026-04-29 11:45:00+05:30,8204.0,8226.5,8201.0,8213.5,6327,0.0,0.0,POLYCAB.NS
2026-04-29 12:00:00+05:30,8214.0,8225.0,8213.5,8221.0,3389,0.0,0.0,POLYCAB.NS
2026-04-29 12:15:00+05:30,8220.5,8246.0,8220.5,8236.0,7154,0.0,0.0,POLYCAB.NS
2026-04-29 12:30:00+05:30,8236.5,8247.5,8236.5,8247.0,1927,0.0,0.0,POLYCAB.NS
2026-04-29 12:45:00+05:30,8249.0,8253.0,8243.5,8245.5,3466,0.0,0.0,POLYCAB.NS
2026-04-29 13:00:00+05:30,8244.0,8244.0,8231.0,8235.5,3185,0.0,0.0,POLYCAB.NS
2026-04-29 13:15:00+05:30,8235.5,8235.5,8216.0,8216.0,2173,0.0,0.0,POLYCAB.NS
2026-04-29 13:30:00+05:30,8219.5,8227.0,8189.0,8189.0,9202,0.0,0.0,POLYCAB.NS
2026-04-29 13:45:00+05:30,8189.0,8203.5,8177.5,8181.0,5171,0.0,0.0,POLYCAB.NS
2026-04-29 14:00:00+05:30,8179.0,8179.5,8147.5,8154.0,12578,0.0,0.0,POLYCAB.NS
2026-04-29 14:15:00+05:30,8153.5,8162.0,8139.5,8148.0,4679,0.0,0.0,POLYCAB.NS
2026-04-29 14:30:00+05:30,8146.0,8171.5,8143.0,8171.5,4509,0.0,0.0,POLYCAB.NS
2026-04-29 14:45:00+05:30,8170.5,8170.5,8120.0,8123.0,10501,0.0,0.0,POLYCAB.NS
2026-04-29 15:00:00+05:30,8121.0,8169.0,8121.0,8152.5,35336,0.0,0.0,POLYCAB.NS
2026-04-29 15:15:00+05:30,8147.0,8156.5,8135.5,8145.0,24397,0.0,0.0,POLYCAB.NS
2026-04-30 09:15:00+05:30,8111.0,8111.0,8042.5,8059.5,12181,0.0,0.0,POLYCAB.NS
2026-04-30 09:30:00+05:30,8054.5,8077.0,8034.5,8077.0,18849,0.0,0.0,POLYCAB.NS
2026-04-30 09:45:00+05:30,8077.0,8077.0,8046.0,8046.0,13792,0.0,0.0,POLYCAB.NS
2026-04-30 10:00:00+05:30,8047.5,8049.0,8020.0,8020.0,8783,0.0,0.0,POLYCAB.NS
2026-04-30 10:15:00+05:30,8020.0,8023.5,7976.5,7979.0,12484,0.0,0.0,POLYCAB.NS
2026-04-30 10:30:00+05:30,7977.5,8020.0,7971.5,8015.5,10958,0.0,0.0,POLYCAB.NS
2026-04-30 10:45:00+05:30,8011.0,8015.5,8000.0,8004.0,4999,0.0,0.0,POLYCAB.NS
2026-04-30 11:00:00+05:30,8002.0,8003.5,7975.0,7991.5,12551,0.0,0.0,POLYCAB.NS
2026-04-30 11:15:00+05:30,7992.0,8023.0,7991.5,8015.0,11430,0.0,0.0,POLYCAB.NS
2026-04-30 11:30:00+05:30,8016.5,8022.5,8002.0,8011.5,9033,0.0,0.0,POLYCAB.NS
2026-04-30 11:45:00+05:30,8012.0,8018.5,8003.5,8012.5,6557,0.0,0.0,POLYCAB.NS
2026-04-30 12:00:00+05:30,8014.0,8022.5,8005.0,8010.0,8404,0.0,0.0,POLYCAB.NS
2026-04-30 12:15:00+05:30,8014.5,8029.5,8004.0,8022.0,8973,0.0,0.0,POLYCAB.NS
2026-04-30 12:30:00+05:30,8022.0,8027.0,8011.0,8017.5,6315,0.0,0.0,POLYCAB.NS
2026-04-30 12:45:00+05:30,8020.0,8047.0,8016.5,8045.5,10632,0.0,0.0,POLYCAB.NS
2026-04-30 13:00:00+05:30,8045.0,8050.0,8034.5,8039.0,8179,0.0,0.0,POLYCAB.NS
2026-04-30 13:15:00+05:30,8039.5,8046.0,8022.5,8036.5,8871,0.0,0.0,POLYCAB.NS
2026-04-30 13:30:00+05:30,8036.5,8098.0,8031.0,8098.0,18319,0.0,0.0,POLYCAB.NS
2026-04-30 13:45:00+05:30,8104.0,8104.0,8080.0,8098.0,14371,0.0,0.0,POLYCAB.NS
2026-04-30 14:00:00+05:30,8098.0,8102.0,8075.5,8086.5,13825,0.0,0.0,POLYCAB.NS
2026-04-30 14:15:00+05:30,8086.5,8093.5,8078.0,8087.0,21032,0.0,0.0,POLYCAB.NS
2026-04-30 14:30:00+05:30,8084.0,8144.0,8083.5,8136.0,33381,0.0,0.0,POLYCAB.NS
2026-04-30 14:45:00+05:30,8136.5,8163.0,8129.0,8144.0,31580,0.0,0.0,POLYCAB.NS
2026-04-30 15:00:00+05:30,8144.5,8144.5,8106.5,8107.5,45195,0.0,0.0,POLYCAB.NS
2026-04-30 15:15:00+05:30,8111.0,8112.5,8088.5,8091.5,49358,0.0,0.0,POLYCAB.NS
2026-05-04 09:15:00+05:30,8080.0,8185.0,8068.5,8179.5,29608,0.0,0.0,POLYCAB.NS
2026-05-04 09:30:00+05:30,8178.5,8188.5,8161.0,8180.0,15996,0.0,0.0,POLYCAB.NS
2026-05-04 09:45:00+05:30,8182.0,8203.5,8157.5,8203.5,12384,0.0,0.0,POLYCAB.NS
2026-05-04 10:00:00+05:30,8208.0,8222.0,8167.0,8175.0,10896,0.0,0.0,POLYCAB.NS
2026-05-04 10:15:00+05:30,8175.0,8177.0,8138.5,8161.5,11409,0.0,0.0,POLYCAB.NS
2026-05-04 10:30:00+05:30,8161.5,8181.0,8154.0,8162.0,5597,0.0,0.0,POLYCAB.NS
2026-05-04 10:45:00+05:30,8165.5,8166.0,8119.0,8132.0,6611,0.0,0.0,POLYCAB.NS
2026-05-04 11:00:00+05:30,8135.0,8154.0,8122.5,8154.0,7859,0.0,0.0,POLYCAB.NS
2026-05-04 11:15:00+05:30,8158.0,8197.5,8146.0,8195.5,8508,0.0,0.0,POLYCAB.NS
2026-05-04 11:30:00+05:30,8195.0,8222.0,8180.0,8218.0,16217,0.0,0.0,POLYCAB.NS
2026-05-04 11:45:00+05:30,8220.0,8241.5,8220.0,8233.5,9731,0.0,0.0,POLYCAB.NS
2026-05-04 12:00:00+05:30,8233.5,8236.0,8211.0,8214.5,7329,0.0,0.0,POLYCAB.NS
2026-05-04 12:15:00+05:30,8213.5,8264.0,8203.0,8254.5,16797,0.0,0.0,POLYCAB.NS
2026-05-04 12:30:00+05:30,8257.0,8257.0,8225.0,8238.5,14640,0.0,0.0,POLYCAB.NS
2026-05-04 12:45:00+05:30,8238.0,8245.0,8211.5,8243.0,8762,0.0,0.0,POLYCAB.NS
2026-05-04 13:00:00+05:30,8244.5,8262.5,8237.0,8261.0,10777,0.0,0.0,POLYCAB.NS
2026-05-04 13:15:00+05:30,8260.5,8267.0,8240.0,8243.0,9277,0.0,0.0,POLYCAB.NS
2026-05-04 13:30:00+05:30,8239.5,8280.0,8222.5,8279.0,16608,0.0,0.0,POLYCAB.NS
2026-05-04 13:45:00+05:30,8280.0,8290.0,8268.5,8281.5,15247,0.0,0.0,POLYCAB.NS
2026-05-04 14:00:00+05:30,8281.5,8339.5,8271.0,8337.0,28957,0.0,0.0,POLYCAB.NS
2026-05-04 14:15:00+05:30,8335.0,8363.0,8330.0,8340.0,24197,0.0,0.0,POLYCAB.NS
2026-05-04 14:30:00+05:30,8340.0,8346.0,8307.0,8323.0,40018,0.0,0.0,POLYCAB.NS
2026-05-04 14:45:00+05:30,8315.0,8339.5,8305.0,8339.5,21263,0.0,0.0,POLYCAB.NS
2026-05-04 15:00:00+05:30,8344.5,8355.0,8339.0,8343.5,28753,0.0,0.0,POLYCAB.NS
2026-05-04 15:15:00+05:30,8343.5,8356.5,8331.5,8344.5,36632,0.0,0.0,POLYCAB.NS
2026-05-05 09:15:00+05:30,8279.5,8280.0,8162.0,8269.0,38141,0.0,0.0,POLYCAB.NS
2026-05-05 09:30:00+05:30,8269.5,8279.0,8230.5,8249.5,16410,0.0,0.0,POLYCAB.NS
2026-05-05 09:45:00+05:30,8242.5,8324.5,8232.5,8306.0,18542,0.0,0.0,POLYCAB.NS
2026-05-05 10:00:00+05:30,8305.0,8310.0,8216.0,8219.0,22789,0.0,0.0,POLYCAB.NS
2026-05-05 10:15:00+05:30,8215.5,8219.0,8190.0,8198.5,15539,0.0,0.0,POLYCAB.NS
2026-05-05 10:30:00+05:30,8189.5,8193.5,8170.0,8178.5,14483,0.0,0.0,POLYCAB.NS
2026-05-05 10:45:00+05:30,8178.0,8194.5,8172.0,8180.0,15254,0.0,0.0,POLYCAB.NS
2026-05-05 11:00:00+05:30,8180.0,8195.0,8171.0,8189.5,8453,0.0,0.0,POLYCAB.NS
2026-05-05 11:15:00+05:30,8190.0,8216.0,8187.5,8202.5,9520,0.0,0.0,POLYCAB.NS
2026-05-05 11:30:00+05:30,8202.5,8217.5,8189.5,8205.0,7534,0.0,0.0,POLYCAB.NS
2026-05-05 11:45:00+05:30,8205.0,8220.0,8191.0,8192.5,9252,0.0,0.0,POLYCAB.NS
2026-05-05 12:00:00+05:30,8192.0,8220.0,8189.0,8220.0,7252,0.0,0.0,POLYCAB.NS
2026-05-05 12:15:00+05:30,8222.5,8336.0,8212.5,8275.5,42164,0.0,0.0,POLYCAB.NS
2026-05-05 12:30:00+05:30,8278.5,8288.0,8261.0,8287.5,14304,0.0,0.0,POLYCAB.NS
2026-05-05 12:45:00+05:30,8288.0,8305.5,8283.5,8298.0,9845,0.0,0.0,POLYCAB.NS
2026-05-05 13:00:00+05:30,8298.0,8320.0,8296.5,8320.0,11748,0.0,0.0,POLYCAB.NS
2026-05-05 13:15:00+05:30,8319.5,8323.0,8286.0,8288.5,14300,0.0,0.0,POLYCAB.NS
2026-05-05 13:30:00+05:30,8288.5,8330.0,8288.0,8327.5,29533,0.0,0.0,POLYCAB.NS
2026-05-05 13:45:00+05:30,8331.5,8334.0,8312.0,8325.0,11995,0.0,0.0,POLYCAB.NS
2026-05-05 14:00:00+05:30,8323.0,8325.5,8305.0,8312.5,10275,0.0,0.0,POLYCAB.NS
2026-05-05 14:15:00+05:30,8311.5,8330.5,8310.0,8324.0,11171,0.0,0.0,POLYCAB.NS
2026-05-05 14:30:00+05:30,8324.5,8332.0,8305.0,8326.0,11202,0.0,0.0,POLYCAB.NS
2026-05-05 14:45:00+05:30,8325.5,8327.5,8313.0,8325.0,14259,0.0,0.0,POLYCAB.NS
2026-05-05 15:00:00+05:30,8322.0,8344.0,8317.0,8336.0,28733,0.0,0.0,POLYCAB.NS
2026-05-05 15:15:00+05:30,8335.5,8372.0,8322.0,8350.0,35131,0.0,0.0,POLYCAB.NS
2026-05-06 09:15:00+05:30,8420.0,8475.0,8371.0,8375.5,32092,0.0,0.0,POLYCAB.NS
2026-05-06 09:30:00+05:30,8380.0,8426.0,8375.0,8385.0,17826,0.0,0.0,POLYCAB.NS
2026-05-06 09:45:00+05:30,8385.0,8444.0,8384.5,8444.0,17538,0.0,0.0,POLYCAB.NS
2026-05-06 10:00:00+05:30,8444.0,8444.0,8404.0,8435.0,14222,0.0,0.0,POLYCAB.NS
2026-05-06 10:15:00+05:30,8432.5,8435.0,8405.0,8411.0,10861,0.0,0.0,POLYCAB.NS
2026-05-06 10:30:00+05:30,8416.5,8452.0,8410.0,8420.0,12278,0.0,0.0,POLYCAB.NS
2026-05-06 10:45:00+05:30,8419.5,8442.5,8403.0,8424.5,123226,0.0,0.0,POLYCAB.NS
2026-05-06 11:00:00+05:30,8430.0,8442.5,8416.0,8420.0,88073,0.0,0.0,POLYCAB.NS
2026-05-06 11:15:00+05:30,8420.0,8470.0,8415.0,8453.0,53760,0.0,0.0,POLYCAB.NS
2026-05-06 11:30:00+05:30,8454.5,8462.5,8420.0,8430.0,47790,0.0,0.0,POLYCAB.NS
2026-05-06 11:45:00+05:30,8430.0,8448.0,8412.5,8420.0,29358,0.0,0.0,POLYCAB.NS
2026-05-06 12:00:00+05:30,8424.0,8446.0,8415.0,8430.5,15610,0.0,0.0,POLYCAB.NS
2026-05-06 12:15:00+05:30,8430.5,8452.5,8420.0,8442.0,13850,0.0,0.0,POLYCAB.NS
2026-05-06 12:30:00+05:30,8440.5,8441.0,8404.0,8411.0,11872,0.0,0.0,POLYCAB.NS
2026-05-06 12:45:00+05:30,8414.5,8420.0,8395.5,8415.0,10594,0.0,0.0,POLYCAB.NS
2026-05-06 13:00:00+05:30,8412.0,8433.0,8397.5,8431.0,14287,0.0,0.0,POLYCAB.NS
2026-05-06 13:15:00+05:30,8430.5,8435.0,8411.0,8418.0,18508,0.0,0.0,POLYCAB.NS
2026-05-06 13:30:00+05:30,8414.0,8420.0,8406.5,8418.0,7973,0.0,0.0,POLYCAB.NS
2026-05-06 13:45:00+05:30,8418.0,8422.5,8402.5,8414.5,9337,0.0,0.0,POLYCAB.NS
2026-05-06 14:00:00+05:30,8414.5,8437.0,8408.0,8432.5,12320,0.0,0.0,POLYCAB.NS
2026-05-06 14:15:00+05:30,8433.5,8475.0,8430.0,8456.0,49424,0.0,0.0,POLYCAB.NS
2026-05-06 14:30:00+05:30,8462.0,8525.0,8371.5,8432.5,263327,0.0,0.0,POLYCAB.NS
2026-05-06 14:45:00+05:30,8442.0,8442.0,8390.5,8436.5,71665,0.0,0.0,POLYCAB.NS
2026-05-06 15:00:00+05:30,8433.0,8435.5,8402.0,8417.0,29821,0.0,0.0,POLYCAB.NS
2026-05-06 15:15:00+05:30,8418.0,8435.0,8378.0,8415.5,76512,0.0,0.0,POLYCAB.NS
2026-05-07 09:15:00+05:30,8518.0,8939.0,8518.0,8896.5,206033,0.0,0.0,POLYCAB.NS
2026-05-07 09:30:00+05:30,8892.0,8894.0,8768.0,8806.0,174196,0.0,0.0,POLYCAB.NS
2026-05-07 09:45:00+05:30,8806.0,8829.5,8785.0,8810.5,64368,0.0,0.0,POLYCAB.NS
2026-05-07 10:00:00+05:30,8820.0,8850.0,8799.5,8836.5,62348,0.0,0.0,POLYCAB.NS
2026-05-07 10:15:00+05:30,8840.0,8906.5,8828.0,8888.5,79010,0.0,0.0,POLYCAB.NS
2026-05-07 10:30:00+05:30,8888.5,8990.0,8867.5,8945.0,128969,0.0,0.0,POLYCAB.NS
2026-05-07 10:45:00+05:30,8946.0,8966.5,8906.5,8956.0,81042,0.0,0.0,POLYCAB.NS
2026-05-07 11:00:00+05:30,8955.0,8977.0,8936.0,8968.5,69399,0.0,0.0,POLYCAB.NS
2026-05-07 11:15:00+05:30,8968.5,8972.0,8905.0,8919.0,48214,0.0,0.0,POLYCAB.NS
2026-05-07 11:30:00+05:30,8919.0,8945.5,8909.0,8930.0,41127,0.0,0.0,POLYCAB.NS
2026-05-07 11:45:00+05:30,8930.0,8960.0,8930.0,8933.0,31126,0.0,0.0,POLYCAB.NS
2026-05-07 12:00:00+05:30,8932.0,8967.0,8415.5,8963.0,22069,0.0,0.0,POLYCAB.NS
2026-05-07 12:15:00+05:30,8963.0,8981.5,8963.0,8970.0,36857,0.0,0.0,POLYCAB.NS
2026-05-07 12:30:00+05:30,8970.5,8986.0,8958.0,8959.0,36095,0.0,0.0,POLYCAB.NS
2026-05-07 12:45:00+05:30,8959.0,8985.0,8955.0,8968.5,28169,0.0,0.0,POLYCAB.NS
2026-05-07 13:00:00+05:30,8969.0,8974.5,8951.0,8957.0,26678,0.0,0.0,POLYCAB.NS
2026-05-07 13:15:00+05:30,8957.0,8979.0,8945.0,8962.5,24545,0.0,0.0,POLYCAB.NS
2026-05-07 13:30:00+05:30,8962.5,8987.0,8962.5,8979.0,35487,0.0,0.0,POLYCAB.NS
2026-05-07 13:45:00+05:30,8977.0,8977.0,8892.5,8916.0,100329,0.0,0.0,POLYCAB.NS
2026-05-07 14:00:00+05:30,8915.0,8945.0,8915.0,8929.5,46276,0.0,0.0,POLYCAB.NS
2026-05-07 14:15:00+05:30,8929.0,8957.0,8927.5,8957.0,35572,0.0,0.0,POLYCAB.NS
2026-05-07 14:30:00+05:30,8955.0,8968.5,8955.0,8959.0,43330,0.0,0.0,POLYCAB.NS
2026-05-07 14:45:00+05:30,8959.5,8975.0,8950.0,8970.5,45765,0.0,0.0,POLYCAB.NS
2026-05-07 15:00:00+05:30,8970.0,9000.0,8964.5,8996.0,95282,0.0,0.0,POLYCAB.NS
2026-05-07 15:15:00+05:30,8995.5,9048.5,8994.0,9033.0,129470,0.0,0.0,POLYCAB.NS
2026-05-08 09:15:00+05:30,8990.0,9136.5,8990.0,9125.0,74274,0.0,0.0,POLYCAB.NS
2026-05-08 09:30:00+05:30,9124.5,9142.5,9052.5,9129.5,55613,0.0,0.0,POLYCAB.NS
2026-05-08 09:45:00+05:30,9127.5,9155.5,9114.5,9133.0,53388,0.0,0.0,POLYCAB.NS
2026-05-08 10:00:00+05:30,9132.0,9135.0,9061.0,9098.5,37768,0.0,0.0,POLYCAB.NS
2026-05-08 10:15:00+05:30,9099.5,9116.0,9087.5,9108.0,18629,0.0,0.0,POLYCAB.NS
2026-05-08 10:30:00+05:30,9110.0,9113.5,9081.0,9111.0,14354,0.0,0.0,POLYCAB.NS
2026-05-08 10:45:00+05:30,9111.0,9115.0,9099.0,9099.0,5919,0.0,0.0,POLYCAB.NS
2026-05-08 11:00:00+05:30,9103.5,9118.5,9100.5,9104.0,7660,0.0,0.0,POLYCAB.NS
2026-05-08 11:15:00+05:30,9104.5,9128.0,9103.5,9116.5,13368,0.0,0.0,POLYCAB.NS
2026-05-08 11:30:00+05:30,9116.5,9139.0,9113.5,9138.0,8377,0.0,0.0,POLYCAB.NS
2026-05-08 11:45:00+05:30,9137.0,9140.0,9124.0,9140.0,10945,0.0,0.0,POLYCAB.NS
2026-05-08 12:00:00+05:30,9144.0,9157.0,9139.5,9150.5,16966,0.0,0.0,POLYCAB.NS
2026-05-08 12:15:00+05:30,9148.0,9151.0,9121.5,9130.0,14262,0.0,0.0,POLYCAB.NS
2026-05-08 12:30:00+05:30,9127.0,9130.0,9118.0,9118.5,10803,0.0,0.0,POLYCAB.NS
2026-05-08 12:45:00+05:30,9119.5,9129.5,9101.5,9117.0,13993,0.0,0.0,POLYCAB.NS
2026-05-08 13:00:00+05:30,9117.0,9124.5,9111.0,9114.0,10653,0.0,0.0,POLYCAB.NS
2026-05-08 13:15:00+05:30,9114.0,9127.5,9105.0,9126.5,9123,0.0,0.0,POLYCAB.NS
2026-05-08 13:30:00+05:30,9124.0,9125.0,9106.0,9121.5,10319,0.0,0.0,POLYCAB.NS
2026-05-08 13:45:00+05:30,9121.5,9130.0,9117.0,9119.5,4613,0.0,0.0,POLYCAB.NS
2026-05-08 14:00:00+05:30,9119.5,9123.5,9103.0,9113.5,19992,0.0,0.0,POLYCAB.NS
2026-05-08 14:15:00+05:30,9111.0,9118.0,9081.0,9096.0,19912,0.0,0.0,POLYCAB.NS
2026-05-08 14:30:00+05:30,9093.5,9135.0,9091.5,9122.5,24131,0.0,0.0,POLYCAB.NS
2026-05-08 14:45:00+05:30,9122.5,9129.0,9108.5,9112.5,22543,0.0,0.0,POLYCAB.NS
2026-05-08 15:00:00+05:30,9111.5,9111.5,9072.5,9075.0,36743,0.0,0.0,POLYCAB.NS
2026-05-08 15:15:00+05:30,9072.5,9095.0,9067.0,9083.0,49985,0.0,0.0,POLYCAB.NS
2026-05-11 09:15:00+05:30,9011.0,9133.5,9005.0,9091.0,25209,0.0,0.0,POLYCAB.NS
2026-05-11 09:30:00+05:30,9086.0,9109.5,9067.5,9081.5,14125,0.0,0.0,POLYCAB.NS
2026-05-11 09:45:00+05:30,9082.0,9082.0,9049.5,9059.0,10199,0.0,0.0,POLYCAB.NS
2026-05-11 10:00:00+05:30,9058.0,9117.5,9058.0,9099.0,10528,0.0,0.0,POLYCAB.NS
2026-05-11 10:15:00+05:30,9105.0,9112.0,9047.5,9072.0,12496,0.0,0.0,POLYCAB.NS
2026-05-11 10:30:00+05:30,9072.0,9072.0,9042.0,9046.0,5067,0.0,0.0,POLYCAB.NS
2026-05-11 10:45:00+05:30,9048.0,9083.0,9036.5,9079.0,6647,0.0,0.0,POLYCAB.NS
2026-05-11 11:00:00+05:30,9076.5,9098.0,9073.0,9084.5,11271,0.0,0.0,POLYCAB.NS
2026-05-11 11:15:00+05:30,9086.5,9092.0,9042.5,9053.0,6999,0.0,0.0,POLYCAB.NS
2026-05-11 11:30:00+05:30,9053.0,9065.0,9043.0,9055.0,5449,0.0,0.0,POLYCAB.NS
2026-05-11 11:45:00+05:30,9056.0,9075.0,9050.5,9065.0,4895,0.0,0.0,POLYCAB.NS
2026-05-11 12:00:00+05:30,9067.0,9079.0,9056.5,9070.5,3230,0.0,0.0,POLYCAB.NS
2026-05-11 12:15:00+05:30,9070.0,9071.0,9056.5,9058.5,5221,0.0,0.0,POLYCAB.NS
2026-05-11 12:30:00+05:30,9058.0,9070.0,9055.0,9070.0,3952,0.0,0.0,POLYCAB.NS
2026-05-11 12:45:00+05:30,9070.0,9075.0,9055.0,9062.0,4719,0.0,0.0,POLYCAB.NS
2026-05-11 13:00:00+05:30,9063.5,9068.0,9050.0,9065.0,2929,0.0,0.0,POLYCAB.NS
2026-05-11 13:15:00+05:30,9065.5,9066.0,9045.0,9050.5,3461,0.0,0.0,POLYCAB.NS
2026-05-11 13:30:00+05:30,9050.5,9070.0,9050.0,9062.0,3413,0.0,0.0,POLYCAB.NS
2026-05-11 13:45:00+05:30,9062.5,9082.0,9062.5,9070.0,5729,0.0,0.0,POLYCAB.NS
2026-05-11 14:00:00+05:30,9069.0,9082.0,9060.0,9060.0,4580,0.0,0.0,POLYCAB.NS
2026-05-11 14:15:00+05:30,9060.0,9097.0,9054.0,9097.0,24768,0.0,0.0,POLYCAB.NS
2026-05-11 14:30:00+05:30,9096.5,9118.0,9088.0,9104.0,9029,0.0,0.0,POLYCAB.NS
2026-05-11 14:45:00+05:30,9104.5,9104.5,9085.5,9086.5,8067,0.0,0.0,POLYCAB.NS
2026-05-11 15:00:00+05:30,9088.0,9088.5,9054.0,9058.0,16488,0.0,0.0,POLYCAB.NS
2026-05-11 15:15:00+05:30,9058.5,9081.0,9057.5,9062.5,19465,0.0,0.0,POLYCAB.NS
2026-05-12 09:15:00+05:30,9080.0,9154.5,9080.0,9121.5,27790,0.0,0.0,POLYCAB.NS
2026-05-12 09:30:00+05:30,9121.5,9130.0,9091.5,9130.0,33296,0.0,0.0,POLYCAB.NS
2026-05-12 09:45:00+05:30,9130.5,9186.0,9128.5,9161.5,36996,0.0,0.0,POLYCAB.NS
2026-05-12 10:00:00+05:30,9160.0,9168.0,9133.5,9168.0,21104,0.0,0.0,POLYCAB.NS
2026-05-12 10:15:00+05:30,9169.0,9197.0,9169.0,9185.0,27422,0.0,0.0,POLYCAB.NS
2026-05-12 10:30:00+05:30,9181.5,9185.0,9140.0,9170.0,25792,0.0,0.0,POLYCAB.NS
2026-05-12 10:45:00+05:30,9170.0,9172.0,9156.0,9163.0,11648,0.0,0.0,POLYCAB.NS
2026-05-12 11:00:00+05:30,9163.5,9165.0,9123.0,9130.0,30189,0.0,0.0,POLYCAB.NS
2026-05-12 11:15:00+05:30,9130.0,9148.0,9104.0,9141.5,28417,0.0,0.0,POLYCAB.NS
2026-05-12 11:30:00+05:30,9140.5,9157.0,9127.0,9148.5,14953,0.0,0.0,POLYCAB.NS
2026-05-12 11:45:00+05:30,9148.5,9187.0,9141.0,9185.0,19111,0.0,0.0,POLYCAB.NS
2026-05-12 12:00:00+05:30,9185.0,9214.5,9181.5,9192.0,34647,0.0,0.0,POLYCAB.NS
2026-05-12 12:15:00+05:30,9192.0,9208.0,9185.0,9193.0,16488,0.0,0.0,POLYCAB.NS
2026-05-12 12:30:00+05:30,9192.0,9195.0,9169.0,9187.5,25746,0.0,0.0,POLYCAB.NS
2026-05-12 12:45:00+05:30,9186.0,9190.5,9168.0,9183.5,18121,0.0,0.0,POLYCAB.NS
2026-05-12 13:00:00+05:30,9183.5,9186.0,9152.5,9167.5,22502,0.0,0.0,POLYCAB.NS
2026-05-12 13:15:00+05:30,9169.5,9184.5,9164.0,9178.0,14577,0.0,0.0,POLYCAB.NS
2026-05-12 13:30:00+05:30,9178.0,9180.0,9131.0,9140.0,22723,0.0,0.0,POLYCAB.NS
2026-05-12 13:45:00+05:30,9140.0,9165.0,9139.0,9140.0,17175,0.0,0.0,POLYCAB.NS
2026-05-12 14:00:00+05:30,9140.0,9147.5,9105.0,9110.0,21288,0.0,0.0,POLYCAB.NS
2026-05-12 14:15:00+05:30,9109.0,9137.5,9109.0,9127.5,13400,0.0,0.0,POLYCAB.NS
2026-05-12 14:30:00+05:30,9127.5,9130.0,9080.5,9087.0,20023,0.0,0.0,POLYCAB.NS
2026-05-12 14:45:00+05:30,9084.5,9092.0,9057.0,9060.0,16967,0.0,0.0,POLYCAB.NS
2026-05-12 15:00:00+05:30,9059.0,9059.0,9004.0,9014.5,29588,0.0,0.0,POLYCAB.NS
2026-05-12 15:15:00+05:30,9007.5,9050.0,8982.0,9021.5,43128,0.0,0.0,POLYCAB.NS
2026-05-13 09:15:00+05:30,8989.5,9070.0,8933.0,8968.5,17323,0.0,0.0,POLYCAB.NS
2026-05-13 09:30:00+05:30,8976.0,9021.0,8912.0,8940.0,22198,0.0,0.0,POLYCAB.NS
2026-05-13 09:45:00+05:30,8940.0,8985.0,8933.5,8973.0,10403,0.0,0.0,POLYCAB.NS
2026-05-13 10:00:00+05:30,8975.0,9012.0,8965.0,8986.0,9981,0.0,0.0,POLYCAB.NS
2026-05-13 10:15:00+05:30,8986.5,9030.5,8976.0,8985.0,13259,0.0,0.0,POLYCAB.NS
2026-05-13 10:30:00+05:30,8984.5,8990.0,8955.5,8970.5,16240,0.0,0.0,POLYCAB.NS
2026-05-13 10:45:00+05:30,8974.0,8975.5,8920.0,8921.0,16098,0.0,0.0,POLYCAB.NS
2026-05-13 11:00:00+05:30,8921.0,8935.0,8910.0,8924.0,8136,0.0,0.0,POLYCAB.NS
2026-05-13 11:15:00+05:30,8925.5,8938.0,8910.0,8915.0,9841,0.0,0.0,POLYCAB.NS
2026-05-13 11:30:00+05:30,8915.0,8987.5,8915.0,8987.0,22664,0.0,0.0,POLYCAB.NS
2026-05-13 11:45:00+05:30,8989.0,9011.0,8978.0,9005.5,10630,0.0,0.0,POLYCAB.NS
2026-05-13 12:00:00+05:30,9003.5,9011.5,8990.0,9007.5,6289,0.0,0.0,POLYCAB.NS
2026-05-13 12:15:00+05:30,9006.0,9029.0,9000.0,9018.5,11366,0.0,0.0,POLYCAB.NS
2026-05-13 12:30:00+05:30,9018.5,9020.5,8987.5,8988.0,7667,0.0,0.0,POLYCAB.NS
2026-05-13 12:45:00+05:30,8990.5,9045.0,8982.5,9029.5,11895,0.0,0.0,POLYCAB.NS
2026-05-13 13:00:00+05:30,9028.0,9028.0,8991.5,9002.0,6274,0.0,0.0,POLYCAB.NS
2026-05-13 13:15:00+05:30,9000.5,9010.5,8983.0,9004.5,8862,0.0,0.0,POLYCAB.NS
2026-05-13 13:30:00+05:30,9002.5,9026.5,8994.5,9007.0,8472,0.0,0.0,POLYCAB.NS
2026-05-13 13:45:00+05:30,9007.0,9017.5,8975.0,8978.0,8603,0.0,0.0,POLYCAB.NS
2026-05-13 14:00:00+05:30,8976.5,9018.0,8971.5,9011.5,5845,0.0,0.0,POLYCAB.NS
2026-05-13 14:15:00+05:30,9013.0,9015.5,8978.0,8982.5,5173,0.0,0.0,POLYCAB.NS
2026-05-13 14:30:00+05:30,8983.0,8993.5,8926.5,8931.5,23170,0.0,0.0,POLYCAB.NS
2026-05-13 14:45:00+05:30,8926.0,8934.0,8916.5,8932.0,33189,0.0,0.0,POLYCAB.NS
2026-05-13 15:00:00+05:30,8931.0,8932.0,8880.5,8884.0,47298,0.0,0.0,POLYCAB.NS
2026-05-13 15:15:00+05:30,8887.5,8921.0,8865.5,8900.0,60309,0.0,0.0,POLYCAB.NS
2026-05-14 09:15:00+05:30,8952.0,9021.5,8952.0,9000.0,10807,0.0,0.0,POLYCAB.NS
2026-05-14 09:30:00+05:30,9005.0,9014.5,8978.0,8982.0,18514,0.0,0.0,POLYCAB.NS
2026-05-14 09:45:00+05:30,8980.0,8996.0,8935.0,8943.5,18691,0.0,0.0,POLYCAB.NS
2026-05-14 10:00:00+05:30,8943.0,8996.5,8939.5,8991.0,9275,0.0,0.0,POLYCAB.NS
2026-05-14 10:15:00+05:30,8996.0,9017.0,8987.0,9009.0,15415,0.0,0.0,POLYCAB.NS
2026-05-14 10:30:00+05:30,9006.5,9029.0,9002.0,9013.0,12158,0.0,0.0,POLYCAB.NS
2026-05-14 10:45:00+05:30,9013.0,9028.0,8985.0,8990.0,14311,0.0,0.0,POLYCAB.NS
2026-05-14 11:00:00+05:30,8991.0,9002.0,8971.0,8989.5,18844,0.0,0.0,POLYCAB.NS
2026-05-14 11:15:00+05:30,8990.0,9028.0,8990.0,9016.0,8916,0.0,0.0,POLYCAB.NS
2026-05-14 11:30:00+05:30,9016.5,9074.5,9016.5,9074.5,11717,0.0,0.0,POLYCAB.NS
2026-05-14 11:45:00+05:30,9077.5,9120.0,9077.5,9107.5,17549,0.0,0.0,POLYCAB.NS
2026-05-14 12:00:00+05:30,9113.0,9113.5,9058.5,9099.0,13204,0.0,0.0,POLYCAB.NS
2026-05-14 12:15:00+05:30,9100.0,9115.0,9096.0,9113.5,8923,0.0,0.0,POLYCAB.NS
2026-05-14 12:30:00+05:30,9113.5,9136.0,9104.0,9132.0,9299,0.0,0.0,POLYCAB.NS
2026-05-14 12:45:00+05:30,9132.0,9138.0,9111.0,9119.5,6357,0.0,0.0,POLYCAB.NS
2026-05-14 13:00:00+05:30,9116.5,9126.5,9095.0,9096.5,8101,0.0,0.0,POLYCAB.NS
2026-05-14 13:15:00+05:30,9096.0,9106.5,9085.5,9101.5,6245,0.0,0.0,POLYCAB.NS
2026-05-14 13:30:00+05:30,9101.0,9136.0,9101.0,9136.0,5091,0.0,0.0,POLYCAB.NS
2026-05-14 13:45:00+05:30,9139.0,9153.0,9124.0,9152.0,14025,0.0,0.0,POLYCAB.NS
2026-05-14 14:00:00+05:30,9149.5,9159.0,9130.0,9154.5,12162,0.0,0.0,POLYCAB.NS
2026-05-14 14:15:00+05:30,9155.0,9165.5,9140.5,9158.5,7776,0.0,0.0,POLYCAB.NS
2026-05-14 14:30:00+05:30,9159.0,9189.0,9156.0,9184.5,14076,0.0,0.0,POLYCAB.NS
2026-05-14 14:45:00+05:30,9185.0,9216.0,9160.5,9197.5,20665,0.0,0.0,POLYCAB.NS
2026-05-14 15:00:00+05:30,9198.0,9215.0,9194.0,9213.0,24395,0.0,0.0,POLYCAB.NS
2026-05-14 15:15:00+05:30,9213.5,9238.5,9210.5,9229.5,41126,0.0,0.0,POLYCAB.NS
2026-05-15 09:15:00+05:30,9260.5,9264.0,9113.0,9113.0,20239,0.0,0.0,POLYCAB.NS
2026-05-15 09:30:00+05:30,9113.0,9181.5,9100.0,9177.5,22272,0.0,0.0,POLYCAB.NS
2026-05-15 09:45:00+05:30,9184.0,9184.0,9152.0,9161.5,7818,0.0,0.0,POLYCAB.NS
2026-05-15 10:00:00+05:30,9162.0,9162.0,9132.5,9144.0,5718,0.0,0.0,POLYCAB.NS
2026-05-15 10:15:00+05:30,9147.0,9173.5,9145.5,9155.5,7198,0.0,0.0,POLYCAB.NS
2026-05-15 10:30:00+05:30,9151.5,9170.0,9138.0,9170.0,6541,0.0,0.0,POLYCAB.NS
2026-05-15 10:45:00+05:30,9170.5,9189.5,9159.5,9189.0,4642,0.0,0.0,POLYCAB.NS
2026-05-15 11:00:00+05:30,9189.5,9189.5,9162.0,9162.0,5365,0.0,0.0,POLYCAB.NS
2026-05-15 11:15:00+05:30,9160.0,9165.0,9141.0,9144.0,6545,0.0,0.0,POLYCAB.NS
2026-05-15 11:30:00+05:30,9144.0,9147.5,9120.0,9136.0,8423,0.0,0.0,POLYCAB.NS
2026-05-15 11:45:00+05:30,9134.5,9156.5,9130.5,9156.5,3058,0.0,0.0,POLYCAB.NS
2026-05-15 12:00:00+05:30,9156.5,9186.0,9149.0,9164.5,5094,0.0,0.0,POLYCAB.NS
2026-05-15 12:15:00+05:30,9164.5,9172.5,9135.0,9143.5,5303,0.0,0.0,POLYCAB.NS
2026-05-15 12:30:00+05:30,9143.5,9183.0,9140.5,9176.5,2021,0.0,0.0,POLYCAB.NS
2026-05-15 12:45:00+05:30,9177.0,9182.5,9167.5,9171.0,4132,0.0,0.0,POLYCAB.NS
2026-05-15 13:00:00+05:30,9174.5,9194.5,9164.5,9188.0,4417,0.0,0.0,POLYCAB.NS
2026-05-15 13:15:00+05:30,9187.5,9199.0,9182.0,9198.0,3019,0.0,0.0,POLYCAB.NS
2026-05-15 13:30:00+05:30,9195.5,9212.0,9185.0,9203.0,6648,0.0,0.0,POLYCAB.NS
2026-05-15 13:45:00+05:30,9195.5,9208.0,9150.5,9166.0,5535,0.0,0.0,POLYCAB.NS
2026-05-15 14:00:00+05:30,9166.0,9179.5,9150.5,9175.0,2739,0.0,0.0,POLYCAB.NS
2026-05-15 14:15:00+05:30,9175.0,9175.0,9155.0,9167.5,3577,0.0,0.0,POLYCAB.NS
2026-05-15 14:30:00+05:30,9171.5,9176.0,9141.0,9161.0,3109,0.0,0.0,POLYCAB.NS
2026-05-15 14:45:00+05:30,9165.5,9165.5,9119.0,9138.5,5494,0.0,0.0,POLYCAB.NS
2026-05-15 15:00:00+05:30,9138.0,9163.0,9130.0,9159.0,9676,0.0,0.0,POLYCAB.NS
2026-05-15 15:15:00+05:30,9159.0,9168.0,9137.0,9165.0,16028,0.0,0.0,POLYCAB.NS
2026-05-18 09:15:00+05:30,9092.0,9092.0,8991.0,9013.5,17974,0.0,0.0,POLYCAB.NS
2026-05-18 09:30:00+05:30,9009.0,9030.0,8991.5,9006.0,12663,0.0,0.0,POLYCAB.NS
2026-05-18 09:45:00+05:30,9005.0,9016.0,8944.0,8965.0,12623,0.0,0.0,POLYCAB.NS
2026-05-18 10:00:00+05:30,8963.0,8981.0,8957.0,8975.5,8526,0.0,0.0,POLYCAB.NS
2026-05-18 10:15:00+05:30,8976.5,9004.0,8973.0,8986.0,20187,0.0,0.0,POLYCAB.NS
2026-05-18 10:30:00+05:30,8985.0,9010.0,8962.5,8991.0,8558,0.0,0.0,POLYCAB.NS
2026-05-18 10:45:00+05:30,8988.5,9025.0,8983.0,9025.0,6028,0.0,0.0,POLYCAB.NS
2026-05-18 11:00:00+05:30,9022.0,9064.0,9016.0,9053.0,9820,0.0,0.0,POLYCAB.NS
2026-05-18 11:15:00+05:30,9053.5,9060.0,9040.0,9049.0,10636,0.0,0.0,POLYCAB.NS
2026-05-18 11:30:00+05:30,9049.0,9070.0,9045.5,9064.5,5826,0.0,0.0,POLYCAB.NS
2026-05-18 11:45:00+05:30,9063.5,9068.0,9036.0,9036.0,5385,0.0,0.0,POLYCAB.NS
2026-05-18 12:00:00+05:30,9035.0,9064.0,9030.0,9064.0,5013,0.0,0.0,POLYCAB.NS
2026-05-18 12:15:00+05:30,9061.0,9088.0,9048.0,9087.5,7035,0.0,0.0,POLYCAB.NS
2026-05-18 12:30:00+05:30,9084.5,9136.5,9084.5,9115.0,11206,0.0,0.0,POLYCAB.NS
2026-05-18 12:45:00+05:30,9115.0,9134.0,9095.5,9132.5,9673,0.0,0.0,POLYCAB.NS
2026-05-18 13:00:00+05:30,9127.0,9154.5,9110.0,9126.0,11353,0.0,0.0,POLYCAB.NS
2026-05-18 13:15:00+05:30,9126.0,9140.0,9116.0,9126.5,8139,0.0,0.0,POLYCAB.NS
2026-05-18 13:30:00+05:30,9126.5,9140.0,9119.0,9135.0,9485,0.0,0.0,POLYCAB.NS
2026-05-18 13:45:00+05:30,9136.5,9150.0,9124.5,9147.0,11230,0.0,0.0,POLYCAB.NS
2026-05-18 14:00:00+05:30,9143.5,9147.0,9126.0,9144.5,9684,0.0,0.0,POLYCAB.NS
2026-05-18 14:15:00+05:30,9139.0,9140.0,9125.0,9136.5,6962,0.0,0.0,POLYCAB.NS
2026-05-18 14:30:00+05:30,9138.5,9157.0,9133.0,9152.5,9548,0.0,0.0,POLYCAB.NS
2026-05-18 14:45:00+05:30,9153.5,9154.5,9113.0,9123.5,13749,0.0,0.0,POLYCAB.NS
2026-05-18 15:00:00+05:30,9123.0,9170.0,9123.0,9143.5,23758,0.0,0.0,POLYCAB.NS
2026-05-18 15:15:00+05:30,9143.5,9170.0,9141.5,9151.0,20600,0.0,0.0,POLYCAB.NS
2026-05-19 09:15:00+05:30,9168.5,9168.5,9109.5,9124.0,7083,0.0,0.0,POLYCAB.NS
2026-05-19 09:30:00+05:30,9121.5,9168.0,9090.0,9154.5,13503,0.0,0.0,POLYCAB.NS
2026-05-19 09:45:00+05:30,9152.0,9215.0,9140.5,9193.0,17759,0.0,0.0,POLYCAB.NS
2026-05-19 10:00:00+05:30,9189.5,9223.5,9177.0,9221.0,11708,0.0,0.0,POLYCAB.NS
2026-05-19 10:15:00+05:30,9220.5,9223.0,9186.0,9198.0,6693,0.0,0.0,POLYCAB.NS
2026-05-19 10:30:00+05:30,9196.0,9203.0,9188.0,9198.0,4110,0.0,0.0,POLYCAB.NS
2026-05-19 10:45:00+05:30,9194.0,9220.0,9194.0,9218.0,5094,0.0,0.0,POLYCAB.NS
2026-05-19 11:00:00+05:30,9217.0,9231.5,9204.0,9208.5,7639,0.0,0.0,POLYCAB.NS
2026-05-19 11:15:00+05:30,9206.0,9214.0,9201.0,9212.0,3222,0.0,0.0,POLYCAB.NS
2026-05-19 11:30:00+05:30,9211.5,9248.0,9204.5,9245.0,10548,0.0,0.0,POLYCAB.NS
2026-05-19 11:45:00+05:30,9248.0,9248.0,9233.5,9234.5,8658,0.0,0.0,POLYCAB.NS
2026-05-19 12:00:00+05:30,9235.0,9278.0,9231.5,9270.0,10794,0.0,0.0,POLYCAB.NS
2026-05-19 12:15:00+05:30,9272.0,9293.0,9270.0,9290.0,27013,0.0,0.0,POLYCAB.NS
2026-05-19 12:30:00+05:30,9292.5,9292.5,9245.0,9245.0,20136,0.0,0.0,POLYCAB.NS
2026-05-19 12:45:00+05:30,9245.5,9252.5,9220.5,9225.0,10282,0.0,0.0,POLYCAB.NS
2026-05-19 13:00:00+05:30,9227.0,9234.0,9217.0,9217.0,10059,0.0,0.0,POLYCAB.NS
2026-05-19 13:15:00+05:30,9216.5,9226.5,9212.5,9224.5,9278,0.0,0.0,POLYCAB.NS
2026-05-19 13:30:00+05:30,9216.5,9219.0,9196.5,9209.5,8745,0.0,0.0,POLYCAB.NS
2026-05-19 13:45:00+05:30,9209.5,9220.0,9199.5,9208.5,7670,0.0,0.0,POLYCAB.NS
2026-05-19 14:00:00+05:30,9207.5,9235.0,9207.5,9224.5,34729,0.0,0.0,POLYCAB.NS
2026-05-19 14:15:00+05:30,9222.5,9256.0,9221.5,9248.0,11593,0.0,0.0,POLYCAB.NS
2026-05-19 14:30:00+05:30,9244.5,9244.5,9210.0,9211.5,20339,0.0,0.0,POLYCAB.NS
2026-05-19 14:45:00+05:30,9205.5,9207.0,9165.0,9174.0,21782,0.0,0.0,POLYCAB.NS
2026-05-19 15:00:00+05:30,9175.0,9177.5,9160.0,9173.0,15001,0.0,0.0,POLYCAB.NS
2026-05-19 15:15:00+05:30,9172.5,9175.0,9145.5,9162.5,22118,0.0,0.0,POLYCAB.NS
2026-05-20 09:15:00+05:30,9076.5,9096.0,9016.5,9037.5,14385,0.0,0.0,POLYCAB.NS
2026-05-20 09:30:00+05:30,9038.0,9080.0,9027.0,9057.0,14996,0.0,0.0,POLYCAB.NS
2026-05-20 09:45:00+05:30,9053.5,9130.0,9052.0,9122.0,20275,0.0,0.0,POLYCAB.NS
2026-05-20 10:00:00+05:30,9123.0,9165.5,9116.0,9123.5,25069,0.0,0.0,POLYCAB.NS
2026-05-20 10:15:00+05:30,9120.5,9154.0,9120.5,9151.5,11708,0.0,0.0,POLYCAB.NS
2026-05-20 10:30:00+05:30,9153.5,9189.0,9151.5,9179.5,11048,0.0,0.0,POLYCAB.NS
2026-05-20 10:45:00+05:30,9178.0,9210.0,9173.0,9204.5,9877,0.0,0.0,POLYCAB.NS
2026-05-20 11:00:00+05:30,9202.0,9206.0,9176.0,9186.0,5258,0.0,0.0,POLYCAB.NS
2026-05-20 11:15:00+05:30,9181.5,9198.0,9170.0,9193.0,4001,0.0,0.0,POLYCAB.NS
2026-05-20 11:30:00+05:30,9193.5,9199.0,9179.5,9196.5,5134,0.0,0.0,POLYCAB.NS
2026-05-20 11:45:00+05:30,9193.0,9217.0,9185.0,9192.0,13159,0.0,0.0,POLYCAB.NS
2026-05-20 12:00:00+05:30,9191.5,9199.5,9180.5,9190.0,6360,0.0,0.0,POLYCAB.NS
2026-05-20 12:15:00+05:30,9188.5,9211.5,9188.5,9202.5,11249,0.0,0.0,POLYCAB.NS
2026-05-20 12:30:00+05:30,9204.0,9219.0,9200.0,9212.5,5958,0.0,0.0,POLYCAB.NS
2026-05-20 12:45:00+05:30,9213.0,9236.0,9204.0,9218.5,9918,0.0,0.0,POLYCAB.NS
2026-05-20 13:00:00+05:30,9218.5,9221.0,9206.0,9213.0,5474,0.0,0.0,POLYCAB.NS
2026-05-20 13:15:00+05:30,9209.5,9213.5,9184.5,9194.5,12306,0.0,0.0,POLYCAB.NS
2026-05-20 13:30:00+05:30,9194.5,9224.0,9190.5,9204.0,5113,0.0,0.0,POLYCAB.NS
2026-05-20 13:45:00+05:30,9208.5,9230.0,9200.5,9226.0,7932,0.0,0.0,POLYCAB.NS
2026-05-20 14:00:00+05:30,9227.0,9235.0,9210.5,9222.5,7284,0.0,0.0,POLYCAB.NS
2026-05-20 14:15:00+05:30,9220.0,9225.0,9200.0,9214.0,11000,0.0,0.0,POLYCAB.NS
2026-05-20 14:30:00+05:30,9217.5,9225.5,9196.0,9199.0,10168,0.0,0.0,POLYCAB.NS
2026-05-20 14:45:00+05:30,9199.0,9226.5,9199.0,9208.0,13099,0.0,0.0,POLYCAB.NS
2026-05-20 15:00:00+05:30,9208.0,9208.0,9191.5,9194.5,35293,0.0,0.0,POLYCAB.NS
2026-05-20 15:15:00+05:30,9192.0,9207.5,9188.5,9198.0,29635,0.0,0.0,POLYCAB.NS
2026-05-21 09:15:00+05:30,9251.0,9309.0,9241.0,9261.5,19926,0.0,0.0,POLYCAB.NS
2026-05-21 09:30:00+05:30,9254.5,9297.5,9245.0,9285.5,14624,0.0,0.0,POLYCAB.NS
2026-05-21 09:45:00+05:30,9280.0,9285.0,9233.5,9237.0,9619,0.0,0.0,POLYCAB.NS
2026-05-21 10:00:00+05:30,9238.5,9247.0,9229.5,9233.0,8091,0.0,0.0,POLYCAB.NS
2026-05-21 10:15:00+05:30,9235.0,9244.0,9225.0,9237.0,7151,0.0,0.0,POLYCAB.NS
2026-05-21 10:30:00+05:30,9237.0,9242.0,9216.0,9239.0,9051,0.0,0.0,POLYCAB.NS
2026-05-21 10:45:00+05:30,9240.0,9245.5,9216.0,9216.0,4895,0.0,0.0,POLYCAB.NS
2026-05-21 11:00:00+05:30,9218.0,9229.0,9203.5,9219.0,5503,0.0,0.0,POLYCAB.NS
2026-05-21 11:15:00+05:30,9219.0,9225.0,9176.0,9225.0,5856,0.0,0.0,POLYCAB.NS
2026-05-21 11:30:00+05:30,9225.0,9225.0,9204.5,9218.0,3149,0.0,0.0,POLYCAB.NS
2026-05-21 11:45:00+05:30,9218.0,9218.5,9190.0,9190.5,3590,0.0,0.0,POLYCAB.NS
2026-05-21 12:00:00+05:30,9190.0,9211.5,9190.0,9211.5,4101,0.0,0.0,POLYCAB.NS
2026-05-21 12:15:00+05:30,9209.0,9246.5,9202.0,9216.0,16752,0.0,0.0,POLYCAB.NS
2026-05-21 12:30:00+05:30,9216.0,9221.0,9189.5,9208.0,8686,0.0,0.0,POLYCAB.NS
2026-05-21 12:45:00+05:30,9207.0,9225.5,9197.0,9220.0,3186,0.0,0.0,POLYCAB.NS
2026-05-21 13:00:00+05:30,9220.0,9220.0,9188.5,9204.0,4951,0.0,0.0,POLYCAB.NS
2026-05-21 13:15:00+05:30,9204.0,9206.0,9195.0,9197.5,2039,0.0,0.0,POLYCAB.NS
2026-05-21 13:30:00+05:30,9195.5,9250.0,9191.0,9241.5,10049,0.0,0.0,POLYCAB.NS
2026-05-21 13:45:00+05:30,9241.0,9253.5,9223.0,9249.0,10499,0.0,0.0,POLYCAB.NS
2026-05-21 14:00:00+05:30,9249.0,9249.0,9214.0,9215.0,5532,0.0,0.0,POLYCAB.NS
2026-05-21 14:15:00+05:30,9215.0,9221.0,9196.5,9197.0,5168,0.0,0.0,POLYCAB.NS
2026-05-21 14:30:00+05:30,9196.5,9212.0,9196.0,9200.0,6133,0.0,0.0,POLYCAB.NS
2026-05-21 14:45:00+05:30,9196.5,9200.5,9179.5,9180.5,6449,0.0,0.0,POLYCAB.NS
2026-05-21 15:00:00+05:30,9179.0,9214.0,9179.0,9195.5,15892,0.0,0.0,POLYCAB.NS
2026-05-21 15:15:00+05:30,9195.0,9199.5,9180.0,9193.5,21145,0.0,0.0,POLYCAB.NS
2026-05-22 09:15:00+05:30,9218.5,9248.5,9204.0,9230.0,5488,0.0,0.0,POLYCAB.NS
2026-05-22 09:30:00+05:30,9229.5,9258.0,9224.0,9244.0,7827,0.0,0.0,POLYCAB.NS
2026-05-22 09:45:00+05:30,9244.0,9250.0,9230.0,9231.5,3489,0.0,0.0,POLYCAB.NS
2026-05-22 10:00:00+05:30,9232.5,9244.0,9230.0,9240.0,1631,0.0,0.0,POLYCAB.NS
2026-05-22 10:15:00+05:30,9240.0,9257.0,9236.5,9248.0,6259,0.0,0.0,POLYCAB.NS
2026-05-22 10:30:00+05:30,9245.5,9264.5,9240.5,9257.5,3348,0.0,0.0,POLYCAB.NS
2026-05-22 10:45:00+05:30,9258.5,9264.5,9245.0,9256.0,2018,0.0,0.0,POLYCAB.NS
2026-05-22 11:00:00+05:30,9253.5,9256.5,9237.0,9243.0,2276,0.0,0.0,POLYCAB.NS
2026-05-22 11:15:00+05:30,9243.5,9247.5,9231.5,9237.5,2137,0.0,0.0,POLYCAB.NS
2026-05-22 11:30:00+05:30,9237.5,9244.0,9226.0,9241.5,1621,0.0,0.0,POLYCAB.NS
2026-05-22 11:45:00+05:30,9243.0,9255.0,9241.5,9253.0,6436,0.0,0.0,POLYCAB.NS
2026-05-22 12:00:00+05:30,9252.0,9270.0,9249.0,9259.5,4822,0.0,0.0,POLYCAB.NS
2026-05-22 12:15:00+05:30,9256.0,9280.0,9256.0,9278.0,5592,0.0,0.0,POLYCAB.NS
2026-05-22 12:30:00+05:30,9278.5,9316.5,9271.5,9309.0,18918,0.0,0.0,POLYCAB.NS
2026-05-22 12:45:00+05:30,9305.5,9314.5,9285.5,9296.5,9291,0.0,0.0,POLYCAB.NS
2026-05-22 13:00:00+05:30,9294.5,9305.0,9281.5,9300.5,14735,0.0,0.0,POLYCAB.NS
2026-05-22 13:15:00+05:30,9298.0,9301.0,9281.0,9282.5,5490,0.0,0.0,POLYCAB.NS
2026-05-22 13:30:00+05:30,9276.5,9283.0,9268.0,9278.5,6637,0.0,0.0,POLYCAB.NS
2026-05-22 13:45:00+05:30,9276.5,9294.0,9276.5,9290.0,3278,0.0,0.0,POLYCAB.NS
2026-05-22 14:00:00+05:30,9291.5,9294.0,9275.5,9288.0,3527,0.0,0.0,POLYCAB.NS
2026-05-22 14:15:00+05:30,9288.0,9298.0,9281.0,9282.5,2538,0.0,0.0,POLYCAB.NS
2026-05-22 14:30:00+05:30,9275.5,9288.0,9267.0,9282.0,8311,0.0,0.0,POLYCAB.NS
2026-05-22 14:45:00+05:30,9280.5,9295.0,9275.0,9276.0,5834,0.0,0.0,POLYCAB.NS
2026-05-22 15:00:00+05:30,9276.0,9277.5,9256.0,9268.0,18096,0.0,0.0,POLYCAB.NS
2026-05-22 15:15:00+05:30,9268.0,9289.5,9249.5,9263.5,20208,0.0,0.0,POLYCAB.NS
2026-05-25 09:15:00+05:30,9303.5,9346.0,9296.0,9337.5,18953,0.0,0.0,POLYCAB.NS
2026-05-25 09:30:00+05:30,9342.0,9360.0,9324.5,9345.0,14898,0.0,0.0,POLYCAB.NS
2026-05-25 09:45:00+05:30,9345.0,9407.5,9345.0,9389.5,20827,0.0,0.0,POLYCAB.NS
2026-05-25 10:00:00+05:30,9390.0,9409.5,9380.5,9384.0,10685,0.0,0.0,POLYCAB.NS
2026-05-25 10:15:00+05:30,9382.5,9392.5,9382.5,9385.5,6134,0.0,0.0,POLYCAB.NS
2026-05-25 10:30:00+05:30,9386.0,9386.5,9364.0,9373.5,7735,0.0,0.0,POLYCAB.NS
2026-05-25 10:45:00+05:30,9368.0,9389.0,9364.5,9379.0,9292,0.0,0.0,POLYCAB.NS
2026-05-25 11:00:00+05:30,9383.0,9385.0,9377.5,9382.5,2946,0.0,0.0,POLYCAB.NS
2026-05-25 11:15:00+05:30,9382.5,9398.0,9381.5,9386.0,5036,0.0,0.0,POLYCAB.NS
2026-05-25 11:30:00+05:30,9390.0,9398.5,9381.5,9388.5,3200,0.0,0.0,POLYCAB.NS
2026-05-25 11:45:00+05:30,9386.0,9393.5,9380.0,9383.5,4499,0.0,0.0,POLYCAB.NS
2026-05-25 12:00:00+05:30,9380.5,9396.0,9375.0,9395.5,10432,0.0,0.0,POLYCAB.NS
2026-05-25 12:15:00+05:30,9395.5,9423.5,9390.0,9411.5,17305,0.0,0.0,POLYCAB.NS
2026-05-25 12:30:00+05:30,9412.0,9412.0,9396.0,9399.0,5838,0.0,0.0,POLYCAB.NS
2026-05-25 12:45:00+05:30,9398.5,9402.0,9367.0,9375.0,8673,0.0,0.0,POLYCAB.NS
2026-05-25 13:00:00+05:30,9375.0,9385.0,9372.5,9373.5,4298,0.0,0.0,POLYCAB.NS
2026-05-25 13:15:00+05:30,9374.5,9390.0,9373.5,9386.0,3793,0.0,0.0,POLYCAB.NS
2026-05-25 13:30:00+05:30,9381.5,9387.0,9371.0,9378.5,4006,0.0,0.0,POLYCAB.NS
2026-05-25 13:45:00+05:30,9378.0,9382.0,9371.5,9378.5,3929,0.0,0.0,POLYCAB.NS
2026-05-25 14:00:00+05:30,9375.0,9380.0,9367.0,9375.0,4671,0.0,0.0,POLYCAB.NS
2026-05-25 14:15:00+05:30,9375.0,9391.5,9373.5,9391.5,4940,0.0,0.0,POLYCAB.NS
2026-05-25 14:30:00+05:30,9391.5,9403.5,9387.5,9399.0,8474,0.0,0.0,POLYCAB.NS
2026-05-25 14:45:00+05:30,9401.0,9404.0,9395.0,9400.0,6312,0.0,0.0,POLYCAB.NS
2026-05-25 15:00:00+05:30,9400.0,9403.0,9395.0,9402.0,22213,0.0,0.0,POLYCAB.NS
2026-05-25 15:15:00+05:30,9401.5,9405.0,9391.5,9405.0,17156,0.0,0.0,POLYCAB.NS
2026-05-26 09:15:00+05:30,9379.0,9424.0,9366.0,9408.5,7430,0.0,0.0,POLYCAB.NS
2026-05-26 09:30:00+05:30,9409.0,9409.0,9384.0,9388.5,11369,0.0,0.0,POLYCAB.NS
2026-05-26 09:45:00+05:30,9390.0,9409.5,9385.0,9403.0,4427,0.0,0.0,POLYCAB.NS
2026-05-26 10:00:00+05:30,9402.5,9424.0,9402.5,9419.5,10765,0.0,0.0,POLYCAB.NS
2026-05-26 10:15:00+05:30,9419.5,9430.0,9412.5,9429.0,7764,0.0,0.0,POLYCAB.NS
2026-05-26 10:30:00+05:30,9430.0,9440.0,9420.0,9435.0,10190,0.0,0.0,POLYCAB.NS
2026-05-26 10:45:00+05:30,9429.0,9454.0,9423.0,9451.0,10152,0.0,0.0,POLYCAB.NS
2026-05-26 11:00:00+05:30,9451.0,9480.5,9446.5,9475.0,27090,0.0,0.0,POLYCAB.NS
2026-05-26 11:15:00+05:30,9471.5,9494.0,9471.5,9479.0,17045,0.0,0.0,POLYCAB.NS
2026-05-26 11:30:00+05:30,9480.0,9490.0,9469.0,9483.5,20684,0.0,0.0,POLYCAB.NS
2026-05-26 11:45:00+05:30,9479.0,9498.5,9479.0,9491.0,13672,0.0,0.0,POLYCAB.NS
2026-05-26 12:00:00+05:30,9491.0,9511.0,9486.0,9509.0,17704,0.0,0.0,POLYCAB.NS
2026-05-26 12:15:00+05:30,9509.0,9522.0,9502.0,9520.5,13376,0.0,0.0,POLYCAB.NS
2026-05-26 12:30:00+05:30,9520.5,9537.5,9520.5,9527.5,14588,0.0,0.0,POLYCAB.NS
2026-05-26 12:45:00+05:30,9527.5,9539.0,9510.5,9522.5,13547,0.0,0.0,POLYCAB.NS
2026-05-26 13:00:00+05:30,9522.5,9539.5,9515.5,9526.0,11221,0.0,0.0,POLYCAB.NS
2026-05-26 13:15:00+05:30,9526.0,9559.0,9521.5,9547.5,13867,0.0,0.0,POLYCAB.NS
2026-05-26 13:30:00+05:30,9549.0,9565.0,9532.0,9561.0,14671,0.0,0.0,POLYCAB.NS
2026-05-26 13:45:00+05:30,9562.5,9576.0,9552.0,9574.5,18379,0.0,0.0,POLYCAB.NS
2026-05-26 14:00:00+05:30,9576.0,9580.0,9555.0,9574.5,10635,0.0,0.0,POLYCAB.NS
2026-05-26 14:15:00+05:30,9575.5,9598.5,9570.0,9588.5,12341,0.0,0.0,POLYCAB.NS
2026-05-26 14:30:00+05:30,9589.0,9597.0,9556.0,9560.5,16501,0.0,0.0,POLYCAB.NS
2026-05-26 14:45:00+05:30,9560.5,9583.5,9560.5,9580.5,12552,0.0,0.0,POLYCAB.NS
2026-05-26 15:00:00+05:30,9583.0,9610.5,9571.0,9601.5,27477,0.0,0.0,POLYCAB.NS
2026-05-26 15:15:00+05:30,9600.0,9656.5,9598.0,9630.0,78375,0.0,0.0,POLYCAB.NS
2026-05-27 09:15:00+05:30,9604.5,9691.5,9604.5,9666.5,14284,0.0,0.0,POLYCAB.NS
2026-05-27 09:30:00+05:30,9662.0,9685.0,9627.5,9637.5,13766,0.0,0.0,POLYCAB.NS
2026-05-27 09:45:00+05:30,9637.5,9662.0,9622.0,9626.0,11195,0.0,0.0,POLYCAB.NS
2026-05-27 10:00:00+05:30,9624.0,9649.0,9581.0,9631.5,14938,0.0,0.0,POLYCAB.NS
2026-05-27 10:15:00+05:30,9631.5,9655.0,9628.0,9653.0,9693,0.0,0.0,POLYCAB.NS
2026-05-27 10:30:00+05:30,9650.5,9650.5,9591.0,9591.0,8289,0.0,0.0,POLYCAB.NS
2026-05-27 10:45:00+05:30,9588.0,9616.0,9582.0,9600.0,10425,0.0,0.0,POLYCAB.NS
2026-05-27 11:00:00+05:30,9597.5,9611.5,9591.5,9604.0,2229,0.0,0.0,POLYCAB.NS
2026-05-27 11:15:00+05:30,9607.5,9629.0,9593.0,9624.5,6768,0.0,0.0,POLYCAB.NS
2026-05-27 11:30:00+05:30,9625.0,9632.5,9607.0,9616.0,7149,0.0,0.0,POLYCAB.NS
2026-05-27 11:45:00+05:30,9615.0,9615.0,9566.5,9580.0,9683,0.0,0.0,POLYCAB.NS
2026-05-27 12:00:00+05:30,9577.5,9591.0,9561.0,9587.0,5080,0.0,0.0,POLYCAB.NS
2026-05-27 12:15:00+05:30,9585.0,9595.0,9565.5,9566.0,3989,0.0,0.0,POLYCAB.NS
2026-05-27 12:30:00+05:30,9566.0,9595.0,9563.0,9593.0,4388,0.0,0.0,POLYCAB.NS
2026-05-27 12:45:00+05:30,9590.0,9612.0,9584.5,9602.0,3120,0.0,0.0,POLYCAB.NS
2026-05-27 13:00:00+05:30,9600.5,9611.0,9590.0,9600.5,3350,0.0,0.0,POLYCAB.NS
2026-05-27 13:15:00+05:30,9597.5,9600.5,9579.0,9587.0,2569,0.0,0.0,POLYCAB.NS
2026-05-27 13:30:00+05:30,9586.5,9595.5,9574.0,9576.5,3978,0.0,0.0,POLYCAB.NS
2026-05-27 13:45:00+05:30,9574.0,9597.0,9572.5,9595.5,2612,0.0,0.0,POLYCAB.NS
2026-05-27 14:00:00+05:30,9593.0,9606.0,9592.5,9604.0,2866,0.0,0.0,POLYCAB.NS
2026-05-27 14:15:00+05:30,9604.5,9614.5,9600.0,9606.5,3826,0.0,0.0,POLYCAB.NS
2026-05-27 14:30:00+05:30,9604.0,9623.5,9604.0,9616.0,11182,0.0,0.0,POLYCAB.NS
2026-05-27 14:45:00+05:30,9610.5,9635.5,9607.5,9624.0,7657,0.0,0.0,POLYCAB.NS
2026-05-27 15:00:00+05:30,9624.5,9672.0,9624.5,9668.0,20397,0.0,0.0,POLYCAB.NS
2026-05-27 15:15:00+05:30,9665.0,9688.5,9647.5,9664.0,20103,0.0,0.0,POLYCAB.NS
2026-05-29 09:15:00+05:30,9684.0,9721.5,9658.0,9686.0,16729,0.0,0.0,POLYCAB.NS
2026-05-29 09:30:00+05:30,9682.0,9746.5,9655.5,9658.5,21440,0.0,0.0,POLYCAB.NS
2026-05-29 09:45:00+05:30,9660.0,9699.0,9650.5,9660.5,16017,0.0,0.0,POLYCAB.NS
2026-05-29 10:00:00+05:30,9665.5,9705.0,9652.0,9665.0,28639,0.0,0.0,POLYCAB.NS
2026-05-29 10:15:00+05:30,9663.5,9664.0,9616.5,9635.0,11747,0.0,0.0,POLYCAB.NS
2026-05-29 10:30:00+05:30,9640.0,9678.0,9638.0,9648.5,5614,0.0,0.0,POLYCAB.NS
2026-05-29 10:45:00+05:30,9648.0,9674.0,9648.0,9669.0,4384,0.0,0.0,POLYCAB.NS
2026-05-29 11:00:00+05:30,9671.5,9685.0,9667.0,9673.5,6183,0.0,0.0,POLYCAB.NS
2026-05-29 11:15:00+05:30,9673.0,9697.5,9671.0,9697.5,4633,0.0,0.0,POLYCAB.NS
2026-05-29 11:30:00+05:30,9699.0,9702.0,9667.0,9668.0,6079,0.0,0.0,POLYCAB.NS
2026-05-29 11:45:00+05:30,9672.5,9689.0,9665.5,9677.0,2828,0.0,0.0,POLYCAB.NS
2026-05-29 12:00:00+05:30,9677.0,9688.5,9646.0,9650.0,7046,0.0,0.0,POLYCAB.NS
2026-05-29 12:15:00+05:30,9646.0,9660.0,9644.5,9654.5,6775,0.0,0.0,POLYCAB.NS
2026-05-29 12:30:00+05:30,9655.0,9655.0,9623.0,9627.5,4707,0.0,0.0,POLYCAB.NS
2026-05-29 12:45:00+05:30,9627.0,9627.0,9594.5,9610.5,10862,0.0,0.0,POLYCAB.NS
2026-05-29 13:00:00+05:30,9607.0,9607.5,9589.0,9601.5,6955,0.0,0.0,POLYCAB.NS
2026-05-29 13:15:00+05:30,9600.5,9617.5,9585.0,9590.0,6355,0.0,0.0,POLYCAB.NS
2026-05-29 13:30:00+05:30,9593.0,9621.0,9587.0,9618.0,7356,0.0,0.0,POLYCAB.NS
2026-05-29 13:45:00+05:30,9617.0,9627.0,9612.5,9624.5,4551,0.0,0.0,POLYCAB.NS
2026-05-29 14:00:00+05:30,9621.0,9621.0,9595.5,9609.5,4022,0.0,0.0,POLYCAB.NS
2026-05-29 14:15:00+05:30,9607.5,9621.0,9595.0,9607.5,3074,0.0,0.0,POLYCAB.NS
2026-05-29 14:30:00+05:30,9606.0,9623.5,9603.5,9617.5,3693,0.0,0.0,POLYCAB.NS
2026-05-29 14:45:00+05:30,9621.0,9640.0,9610.5,9623.0,12710,0.0,0.0,POLYCAB.NS
2026-05-29 15:00:00+05:30,9619.0,9619.0,9450.0,9454.0,138004,0.0,0.0,POLYCAB.NS
2026-05-29 15:15:00+05:30,9457.5,9490.0,9430.0,9490.0,135861,0.0,0.0,POLYCAB.NS
2026-06-01 09:15:00+05:30,9501.0,9567.0,9498.0,9513.0,8919,0.0,0.0,POLYCAB.NS
2026-06-01 09:30:00+05:30,9504.0,9512.5,9463.0,9472.0,7740,0.0,0.0,POLYCAB.NS
2026-06-01 09:45:00+05:30,9472.0,9496.0,9438.0,9444.5,7011,0.0,0.0,POLYCAB.NS
2026-06-01 10:00:00+05:30,9451.0,9451.0,9388.5,9389.5,11012,0.0,0.0,POLYCAB.NS
2026-06-01 10:15:00+05:30,9392.5,9409.5,9385.0,9404.0,3673,0.0,0.0,POLYCAB.NS
2026-06-01 10:30:00+05:30,9398.0,9441.0,9396.0,9441.0,10025,0.0,0.0,POLYCAB.NS
2026-06-01 10:45:00+05:30,9443.5,9506.5,9440.0,9490.5,6142,0.0,0.0,POLYCAB.NS
2026-06-01 11:00:00+05:30,9490.0,9584.0,9490.0,9582.0,10599,0.0,0.0,POLYCAB.NS
2026-06-01 11:15:00+05:30,9584.0,9599.0,9535.5,9535.5,7817,0.0,0.0,POLYCAB.NS
2026-06-01 11:30:00+05:30,9541.5,9541.5,9521.0,9527.0,4943,0.0,0.0,POLYCAB.NS
2026-06-01 11:45:00+05:30,9531.0,9554.0,9520.0,9523.0,5786,0.0,0.0,POLYCAB.NS
2026-06-01 12:00:00+05:30,9520.5,9557.0,9520.5,9553.5,4163,0.0,0.0,POLYCAB.NS
2026-06-01 12:15:00+05:30,9550.5,9560.0,9540.0,9544.5,6092,0.0,0.0,POLYCAB.NS
2026-06-01 12:30:00+05:30,9537.0,9538.0,9470.5,9484.0,10734,0.0,0.0,POLYCAB.NS
2026-06-01 12:45:00+05:30,9483.0,9499.0,9470.0,9496.5,8100,0.0,0.0,POLYCAB.NS
2026-06-01 13:00:00+05:30,9497.0,9502.5,9455.0,9464.5,4793,0.0,0.0,POLYCAB.NS
2026-06-01 13:15:00+05:30,9464.5,9482.5,9462.5,9479.0,4103,0.0,0.0,POLYCAB.NS
2026-06-01 13:30:00+05:30,9484.0,9525.0,9484.0,9515.5,4418,0.0,0.0,POLYCAB.NS
2026-06-01 13:45:00+05:30,9512.5,9517.0,9497.0,9510.0,2978,0.0,0.0,POLYCAB.NS
2026-06-01 14:00:00+05:30,9509.5,9511.0,9489.0,9500.5,3997,0.0,0.0,POLYCAB.NS
2026-06-01 14:15:00+05:30,9498.0,9526.0,9492.5,9519.0,6243,0.0,0.0,POLYCAB.NS
2026-06-01 14:30:00+05:30,9515.5,9522.0,9484.5,9492.0,6760,0.0,0.0,POLYCAB.NS
2026-06-01 14:45:00+05:30,9492.0,9498.0,9450.0,9453.5,15996,0.0,0.0,POLYCAB.NS
2026-06-01 15:00:00+05:30,9453.5,9499.0,9449.5,9485.0,18485,0.0,0.0,POLYCAB.NS
2026-06-01 15:15:00+05:30,9494.0,9509.0,9464.5,9480.5,23545,0.0,0.0,POLYCAB.NS
2026-06-02 09:15:00+05:30,9392.5,9418.5,9365.0,9382.5,12933,0.0,0.0,POLYCAB.NS
2026-06-02 09:30:00+05:30,9382.0,9408.0,9321.5,9389.5,21467,0.0,0.0,POLYCAB.NS
2026-06-02 09:45:00+05:30,9377.0,9471.0,9372.5,9469.5,22008,0.0,0.0,POLYCAB.NS
2026-06-02 10:00:00+05:30,9469.5,9492.0,9437.0,9437.5,14026,0.0,0.0,POLYCAB.NS
2026-06-02 10:15:00+05:30,9437.0,9520.5,9429.5,9511.5,11920,0.0,0.0,POLYCAB.NS
2026-06-02 10:30:00+05:30,9510.0,9511.5,9440.5,9454.0,9039,0.0,0.0,POLYCAB.NS
2026-06-02 10:45:00+05:30,9454.0,9457.0,9397.0,9408.5,7944,0.0,0.0,POLYCAB.NS
2026-06-02 11:00:00+05:30,9409.0,9428.0,9405.0,9428.0,3399,0.0,0.0,POLYCAB.NS
2026-06-02 11:15:00+05:30,9429.0,9461.0,9423.5,9455.0,4036,0.0,0.0,POLYCAB.NS
2026-06-02 11:30:00+05:30,9451.5,9457.0,9421.0,9442.0,3499,0.0,0.0,POLYCAB.NS
2026-06-02 11:45:00+05:30,9443.0,9455.0,9432.0,9435.5,3899,0.0,0.0,POLYCAB.NS
2026-06-02 12:00:00+05:30,9433.0,9444.0,9415.5,9415.5,4389,0.0,0.0,POLYCAB.NS
2026-06-02 12:15:00+05:30,9415.5,9421.5,9403.0,9403.0,2678,0.0,0.0,POLYCAB.NS
2026-06-02 12:30:00+05:30,9401.5,9440.0,9401.0,9440.0,3750,0.0,0.0,POLYCAB.NS
2026-06-02 12:45:00+05:30,9441.0,9482.0,9441.0,9477.0,7392,0.0,0.0,POLYCAB.NS
2026-06-02 13:00:00+05:30,9477.0,9496.0,9463.5,9486.0,6135,0.0,0.0,POLYCAB.NS
2026-06-02 13:15:00+05:30,9489.0,9506.0,9480.0,9492.0,5556,0.0,0.0,POLYCAB.NS
2026-06-02 13:30:00+05:30,9495.0,9510.0,9489.5,9510.0,6359,0.0,0.0,POLYCAB.NS
2026-06-02 13:45:00+05:30,9508.5,9535.0,9506.5,9524.0,10331,0.0,0.0,POLYCAB.NS
2026-06-02 14:00:00+05:30,9526.0,9550.0,9526.0,9541.5,5147,0.0,0.0,POLYCAB.NS
2026-06-02 14:15:00+05:30,9544.0,9552.0,9530.0,9539.5,8953,0.0,0.0,POLYCAB.NS
2026-06-02 14:30:00+05:30,9536.0,9555.5,9495.0,9502.5,9512,0.0,0.0,POLYCAB.NS
2026-06-02 14:45:00+05:30,9502.5,9540.0,9494.0,9518.0,9006,0.0,0.0,POLYCAB.NS
2026-06-02 15:00:00+05:30,9516.5,9534.0,9506.5,9527.0,19831,0.0,0.0,POLYCAB.NS
2026-06-02 15:15:00+05:30,9527.0,9549.5,9524.0,9539.5,27269,0.0,0.0,POLYCAB.NS
2026-06-03 09:15:00+05:30,9491.5,9640.0,9491.5,9572.0,5824,0.0,0.0,POLYCAB.NS
2026-06-03 09:30:00+05:30,9565.0,9584.0,9521.0,9576.0,9240,0.0,0.0,POLYCAB.NS
2026-06-03 09:45:00+05:30,9576.0,9605.0,9505.0,9524.0,11717,0.0,0.0,POLYCAB.NS
2026-06-03 10:00:00+05:30,9522.0,9563.5,9519.5,9526.5,5121,0.0,0.0,POLYCAB.NS
2026-06-03 10:15:00+05:30,9525.5,9579.0,9520.0,9536.0,6049,0.0,0.0,POLYCAB.NS
2026-06-03 10:30:00+05:30,9537.0,9548.5,9526.0,9526.0,3108,0.0,0.0,POLYCAB.NS
2026-06-03 10:45:00+05:30,9525.5,9535.5,9509.0,9515.0,4099,0.0,0.0,POLYCAB.NS
2026-06-03 11:00:00+05:30,9525.0,9532.5,9511.0,9515.0,1483,0.0,0.0,POLYCAB.NS
2026-06-03 11:15:00+05:30,9513.0,9555.0,9511.0,9544.5,3786,0.0,0.0,POLYCAB.NS
2026-06-03 11:30:00+05:30,9545.0,9547.5,9516.5,9523.5,1499,0.0,0.0,POLYCAB.NS
2026-06-03 11:45:00+05:30,9524.5,9532.0,9515.5,9516.5,2123,0.0,0.0,POLYCAB.NS
2026-06-03 12:00:00+05:30,9514.0,9514.0,9480.0,9492.0,4947,0.0,0.0,POLYCAB.NS
2026-06-03 12:15:00+05:30,9495.0,9544.0,9484.0,9531.5,5734,0.0,0.0,POLYCAB.NS
2026-06-03 12:30:00+05:30,9533.5,9569.0,9531.5,9542.5,6985,0.0,0.0,POLYCAB.NS
2026-06-03 12:45:00+05:30,9546.0,9554.0,9530.0,9533.0,3848,0.0,0.0,POLYCAB.NS
2026-06-03 13:00:00+05:30,9530.0,9540.5,9521.0,9527.0,2381,0.0,0.0,POLYCAB.NS
2026-06-03 13:15:00+05:30,9542.5,9560.0,9539.0,9550.5,4443,0.0,0.0,POLYCAB.NS
2026-06-03 13:30:00+05:30,9552.5,9558.0,9538.5,9539.0,3984,0.0,0.0,POLYCAB.NS
2026-06-03 13:45:00+05:30,9542.0,9569.5,9539.0,9553.0,5932,0.0,0.0,POLYCAB.NS
2026-06-03 14:00:00+05:30,9559.5,9592.5,9559.5,9581.0,9889,0.0,0.0,POLYCAB.NS
2026-06-03 14:15:00+05:30,9582.5,9616.5,9581.0,9600.0,6973,0.0,0.0,POLYCAB.NS
2026-06-03 14:30:00+05:30,9604.5,9610.0,9596.5,9600.5,4600,0.0,0.0,POLYCAB.NS
2026-06-03 14:45:00+05:30,9602.0,9605.5,9586.0,9598.5,7933,0.0,0.0,POLYCAB.NS
2026-06-03 15:00:00+05:30,9597.5,9602.0,9550.5,9560.5,14283,0.0,0.0,POLYCAB.NS
2026-06-03 15:15:00+05:30,9563.5,9585.0,9556.5,9568.0,14354,0.0,0.0,POLYCAB.NS
2026-06-04 09:15:00+05:30,9565.0,9677.5,9549.0,9644.0,14312,0.0,0.0,POLYCAB.NS
2026-06-04 09:30:00+05:30,9636.0,9739.5,9636.0,9730.0,34284,0.0,0.0,POLYCAB.NS
2026-06-04 09:45:00+05:30,9728.0,9749.5,9706.5,9710.0,13765,0.0,0.0,POLYCAB.NS
2026-06-04 10:00:00+05:30,9712.0,9731.0,9711.0,9711.5,5345,0.0,0.0,POLYCAB.NS
2026-06-04 10:15:00+05:30,9716.0,9734.0,9715.5,9727.0,5024,0.0,0.0,POLYCAB.NS
2026-06-04 10:30:00+05:30,9727.0,9731.0,9706.0,9719.0,4687,0.0,0.0,POLYCAB.NS
2026-06-04 10:45:00+05:30,9715.5,9730.0,9712.0,9717.0,3162,0.0,0.0,POLYCAB.NS
2026-06-04 11:00:00+05:30,9717.5,9724.0,9688.0,9707.5,4816,0.0,0.0,POLYCAB.NS
2026-06-04 11:15:00+05:30,9706.0,9727.5,9703.5,9722.5,3643,0.0,0.0,POLYCAB.NS
2026-06-04 11:30:00+05:30,9722.0,9747.0,9718.5,9744.0,7500,0.0,0.0,POLYCAB.NS
2026-06-04 11:45:00+05:30,9742.0,9754.0,9731.5,9752.5,8684,0.0,0.0,POLYCAB.NS
2026-06-04 12:00:00+05:30,9753.0,9764.0,9746.0,9761.0,9307,0.0,0.0,POLYCAB.NS
2026-06-04 12:15:00+05:30,9761.5,9768.0,9735.0,9750.0,8863,0.0,0.0,POLYCAB.NS
2026-06-04 12:30:00+05:30,9748.5,9758.0,9740.0,9752.5,9649,0.0,0.0,POLYCAB.NS
2026-06-04 12:45:00+05:30,9751.0,9753.5,9737.0,9739.5,8527,0.0,0.0,POLYCAB.NS
2026-06-04 13:00:00+05:30,9739.5,9766.0,9730.0,9730.0,14487,0.0,0.0,POLYCAB.NS
2026-06-04 13:15:00+05:30,9730.5,9749.0,9715.5,9746.0,5269,0.0,0.0,POLYCAB.NS
2026-06-04 13:30:00+05:30,9743.0,9750.0,9730.5,9747.5,5067,0.0,0.0,POLYCAB.NS
2026-06-04 13:45:00+05:30,9745.0,9758.5,9737.0,9754.5,5906,0.0,0.0,POLYCAB.NS
2026-06-04 14:00:00+05:30,9755.0,9774.5,9748.5,9756.0,6994,0.0,0.0,POLYCAB.NS
2026-06-04 14:15:00+05:30,9754.5,9764.0,9742.0,9755.0,6948,0.0,0.0,POLYCAB.NS
2026-06-04 14:30:00+05:30,9755.0,9768.0,9754.5,9764.0,4965,0.0,0.0,POLYCAB.NS
2026-06-04 14:45:00+05:30,9765.0,9774.5,9747.0,9750.0,9635,0.0,0.0,POLYCAB.NS
2026-06-04 15:00:00+05:30,9750.0,9750.0,9708.0,9708.5,26027,0.0,0.0,POLYCAB.NS
2026-06-04 15:15:00+05:30,9709.0,9720.0,9685.0,9717.5,24274,0.0,0.0,POLYCAB.NS
2026-06-05 09:15:00+05:30,9754.0,9754.0,9700.0,9712.5,11292,0.0,0.0,POLYCAB.NS
2026-06-05 09:30:00+05:30,9708.5,9741.5,9705.0,9733.5,9453,0.0,0.0,POLYCAB.NS
2026-06-05 09:45:00+05:30,9735.5,9735.5,9686.0,9689.0,6609,0.0,0.0,POLYCAB.NS
2026-06-05 10:00:00+05:30,9689.0,9734.5,9688.0,9701.5,5898,0.0,0.0,POLYCAB.NS
2026-06-05 10:15:00+05:30,9701.5,9722.0,9690.0,9694.5,5922,0.0,0.0,POLYCAB.NS
2026-06-05 10:30:00+05:30,9694.5,9696.5,9656.0,9696.5,10168,0.0,0.0,POLYCAB.NS
2026-06-05 10:45:00+05:30,9693.5,9712.0,9666.5,9706.5,8799,0.0,0.0,POLYCAB.NS
2026-06-05 11:00:00+05:30,9714.5,9750.0,9707.0,9741.5,15425,0.0,0.0,POLYCAB.NS
2026-06-05 11:15:00+05:30,9750.0,9761.0,9711.0,9736.0,11642,0.0,0.0,POLYCAB.NS
2026-06-05 11:30:00+05:30,9735.5,9749.0,9730.5,9746.0,8186,0.0,0.0,POLYCAB.NS
2026-06-05 11:45:00+05:30,9742.0,9752.0,9706.0,9707.5,7753,0.0,0.0,POLYCAB.NS
2026-06-05 12:00:00+05:30,9705.5,9742.5,9705.5,9741.0,5367,0.0,0.0,POLYCAB.NS
2026-06-05 12:15:00+05:30,9748.5,9833.0,9748.5,9821.0,17632,0.0,0.0,POLYCAB.NS
2026-06-05 12:30:00+05:30,9821.5,9825.0,9796.5,9806.5,9738,0.0,0.0,POLYCAB.NS
2026-06-05 12:45:00+05:30,9798.0,9802.0,9751.5,9752.5,10972,0.0,0.0,POLYCAB.NS
2026-06-05 13:00:00+05:30,9752.5,9766.5,9725.0,9726.0,8127,0.0,0.0,POLYCAB.NS
2026-06-05 13:15:00+05:30,9729.5,9752.0,9702.0,9702.0,7763,0.0,0.0,POLYCAB.NS
2026-06-05 13:30:00+05:30,9702.5,9716.5,9670.5,9679.0,8779,0.0,0.0,POLYCAB.NS
2026-06-05 13:45:00+05:30,9680.5,9699.5,9675.0,9695.0,3341,0.0,0.0,POLYCAB.NS
2026-06-05 14:00:00+05:30,9698.0,9703.0,9684.5,9697.0,4937,0.0,0.0,POLYCAB.NS
2026-06-05 14:15:00+05:30,9699.5,9711.5,9686.5,9702.0,8410,0.0,0.0,POLYCAB.NS
2026-06-05 14:30:00+05:30,9702.0,9736.0,9691.5,9732.5,13785,0.0,0.0,POLYCAB.NS
2026-06-05 14:45:00+05:30,9736.0,9739.5,9701.0,9710.5,16491,0.0,0.0,POLYCAB.NS
2026-06-05 15:00:00+05:30,9712.5,9712.5,9691.0,9696.5,10816,0.0,0.0,POLYCAB.NS
2026-06-05 15:15:00+05:30,9698.5,9712.5,9669.0,9669.0,20458,0.0,0.0,POLYCAB.NS
2026-06-08 09:15:00+05:30,9573.0,9599.0,9477.0,9599.0,9535,0.0,0.0,POLYCAB.NS
2026-06-08 09:30:00+05:30,9603.0,9628.5,9566.5,9595.5,13437,0.0,0.0,POLYCAB.NS
2026-06-08 09:45:00+05:30,9592.0,9628.0,9580.0,9620.0,7438,0.0,0.0,POLYCAB.NS
2026-06-08 10:00:00+05:30,9620.0,9621.0,9587.0,9608.5,5526,0.0,0.0,POLYCAB.NS
2026-06-08 10:15:00+05:30,9608.5,9629.5,9605.5,9617.5,4959,0.0,0.0,POLYCAB.NS
2026-06-08 10:30:00+05:30,9617.5,9667.0,9614.0,9654.0,8488,0.0,0.0,POLYCAB.NS
2026-06-08 10:45:00+05:30,9650.5,9665.0,9641.0,9662.5,4618,0.0,0.0,POLYCAB.NS
2026-06-08 11:00:00+05:30,9662.5,9663.0,9640.0,9655.0,5003,0.0,0.0,POLYCAB.NS
2026-06-08 11:15:00+05:30,9656.0,9666.5,9645.5,9649.5,4478,0.0,0.0,POLYCAB.NS
2026-06-08 11:30:00+05:30,9649.5,9674.5,9643.0,9673.5,2877,0.0,0.0,POLYCAB.NS
2026-06-08 11:45:00+05:30,9672.5,9698.5,9623.0,9638.0,8620,0.0,0.0,POLYCAB.NS
2026-06-08 12:00:00+05:30,9640.0,9642.0,9609.5,9614.5,18505,0.0,0.0,POLYCAB.NS
2026-06-08 12:15:00+05:30,9613.0,9625.0,9594.5,9617.5,6636,0.0,0.0,POLYCAB.NS
2026-06-08 12:30:00+05:30,9619.0,9630.0,9604.0,9618.5,8798,0.0,0.0,POLYCAB.NS
2026-06-08 12:45:00+05:30,9618.5,9636.0,9610.0,9633.5,2492,0.0,0.0,POLYCAB.NS
2026-06-08 13:00:00+05:30,9633.0,9634.0,9605.0,9608.0,2746,0.0,0.0,POLYCAB.NS
2026-06-08 13:15:00+05:30,9610.0,9610.0,9592.5,9604.0,3770,0.0,0.0,POLYCAB.NS
2026-06-08 13:30:00+05:30,9604.0,9610.0,9576.0,9576.5,4489,0.0,0.0,POLYCAB.NS
2026-06-08 13:45:00+05:30,9578.5,9583.5,9567.0,9578.0,3684,0.0,0.0,POLYCAB.NS
2026-06-08 14:00:00+05:30,9581.0,9591.0,9577.0,9580.0,2902,0.0,0.0,POLYCAB.NS
2026-06-08 14:15:00+05:30,9580.5,9599.0,9562.0,9572.0,5896,0.0,0.0,POLYCAB.NS
2026-06-08 14:30:00+05:30,9573.5,9587.0,9569.0,9587.0,3257,0.0,0.0,POLYCAB.NS
2026-06-08 14:45:00+05:30,9598.0,9598.5,9555.0,9571.0,8279,0.0,0.0,POLYCAB.NS
2026-06-08 15:00:00+05:30,9568.0,9568.0,9511.5,9515.5,14314,0.0,0.0,POLYCAB.NS
2026-06-08 15:15:00+05:30,9516.0,9520.0,9434.0,9459.0,21326,0.0,0.0,POLYCAB.NS
2026-06-09 09:15:00+05:30,9543.5,9640.0,9543.5,9607.0,7109,0.0,0.0,POLYCAB.NS
2026-06-09 09:30:00+05:30,9614.5,9651.0,9613.0,9632.0,9502,0.0,0.0,POLYCAB.NS
2026-06-09 09:45:00+05:30,9632.0,9687.0,9629.0,9648.0,14446,0.0,0.0,POLYCAB.NS
2026-06-09 10:00:00+05:30,9647.5,9672.0,9630.0,9666.5,6111,0.0,0.0,POLYCAB.NS
2026-06-09 10:15:00+05:30,9665.0,9681.5,9654.0,9674.5,4629,0.0,0.0,POLYCAB.NS
2026-06-09 10:30:00+05:30,9671.0,9674.5,9650.5,9673.5,3166,0.0,0.0,POLYCAB.NS
2026-06-09 10:45:00+05:30,9673.5,9678.0,9641.0,9648.0,3793,0.0,0.0,POLYCAB.NS
2026-06-09 11:00:00+05:30,9648.0,9664.5,9644.0,9645.0,3148,0.0,0.0,POLYCAB.NS
2026-06-09 11:15:00+05:30,9649.0,9658.0,9635.5,9643.0,3928,0.0,0.0,POLYCAB.NS
2026-06-09 11:30:00+05:30,9640.0,9649.5,9636.0,9649.5,1811,0.0,0.0,POLYCAB.NS
2026-06-09 11:45:00+05:30,9650.0,9659.0,9635.5,9653.5,3790,0.0,0.0,POLYCAB.NS
2026-06-09 12:00:00+05:30,9653.5,9674.0,9653.5,9659.0,3434,0.0,0.0,POLYCAB.NS
2026-06-09 12:15:00+05:30,9659.0,9689.0,9649.0,9689.0,9343,0.0,0.0,POLYCAB.NS
2026-06-09 12:30:00+05:30,9683.5,9695.0,9670.0,9673.5,7386,0.0,0.0,POLYCAB.NS
2026-06-09 12:45:00+05:30,9673.0,9679.5,9645.5,9650.0,6610,0.0,0.0,POLYCAB.NS
2026-06-09 13:00:00+05:30,9651.0,9672.5,9650.0,9672.5,8713,0.0,0.0,POLYCAB.NS
2026-06-09 13:15:00+05:30,9672.5,9675.0,9652.5,9659.0,5048,0.0,0.0,POLYCAB.NS
2026-06-09 13:30:00+05:30,9659.0,9662.5,9648.0,9658.0,3369,0.0,0.0,POLYCAB.NS
2026-06-09 13:45:00+05:30,9657.0,9662.0,9645.0,9656.0,3822,0.0,0.0,POLYCAB.NS
2026-06-09 14:00:00+05:30,9655.0,9676.0,9647.0,9674.5,3476,0.0,0.0,POLYCAB.NS
2026-06-09 14:15:00+05:30,9674.5,9679.0,9665.5,9676.5,5253,0.0,0.0,POLYCAB.NS
2026-06-09 14:30:00+05:30,9673.5,9680.0,9428.5,9554.5,46938,0.0,0.0,POLYCAB.NS
2026-06-09 14:45:00+05:30,9553.5,9623.5,9531.0,9623.5,17364,0.0,0.0,POLYCAB.NS
2026-06-09 15:00:00+05:30,9620.5,9637.0,9591.0,9635.0,18893,0.0,0.0,POLYCAB.NS
2026-06-09 15:15:00+05:30,9632.0,9645.0,9602.5,9615.5,18971,0.0,0.0,POLYCAB.NS
2026-06-10 09:15:00+05:30,9644.5,9678.0,9505.0,9554.0,13662,0.0,0.0,POLYCAB.NS
2026-06-10 09:30:00+05:30,9555.0,9571.0,9520.0,9539.5,60236,0.0,0.0,POLYCAB.NS
2026-06-10 09:45:00+05:30,9539.0,9556.5,9520.5,9545.5,22534,0.0,0.0,POLYCAB.NS
2026-06-10 10:00:00+05:30,9541.0,9549.0,9489.5,9490.0,8556,0.0,0.0,POLYCAB.NS
2026-06-10 10:15:00+05:30,9487.0,9519.0,9480.0,9518.0,16717,0.0,0.0,POLYCAB.NS
2026-06-10 10:30:00+05:30,9517.0,9559.5,9517.0,9553.5,10486,0.0,0.0,POLYCAB.NS
2026-06-10 10:45:00+05:30,9550.5,9584.5,9550.0,9564.0,14079,0.0,0.0,POLYCAB.NS
2026-06-10 11:00:00+05:30,9564.0,9573.0,9550.0,9560.0,7494,0.0,0.0,POLYCAB.NS
2026-06-10 11:15:00+05:30,9561.0,9592.5,9558.0,9577.0,23443,0.0,0.0,POLYCAB.NS
2026-06-10 11:30:00+05:30,9576.5,9583.0,9562.5,9578.5,4155,0.0,0.0,POLYCAB.NS
2026-06-10 11:45:00+05:30,9576.5,9580.0,9545.0,9548.5,7808,0.0,0.0,POLYCAB.NS
2026-06-10 12:00:00+05:30,9548.0,9548.0,9516.5,9531.0,15936,0.0,0.0,POLYCAB.NS
2026-06-10 12:15:00+05:30,9531.0,9540.0,9524.0,9531.0,4052,0.0,0.0,POLYCAB.NS
2026-06-10 12:30:00+05:30,9531.0,9533.0,9510.0,9514.0,4385,0.0,0.0,POLYCAB.NS
2026-06-10 12:45:00+05:30,9513.0,9584.0,9505.5,9571.0,24141,0.0,0.0,POLYCAB.NS
2026-06-10 13:00:00+05:30,9574.5,9625.0,9571.5,9622.0,14768,0.0,0.0,POLYCAB.NS
2026-06-10 13:15:00+05:30,9622.0,9640.0,9616.0,9626.5,12199,0.0,0.0,POLYCAB.NS
2026-06-10 13:30:00+05:30,9629.5,9637.5,9613.0,9629.0,20747,0.0,0.0,POLYCAB.NS
2026-06-10 13:45:00+05:30,9625.0,9629.5,9581.0,9581.5,18381,0.0,0.0,POLYCAB.NS
2026-06-10 14:00:00+05:30,9571.0,9582.5,9550.0,9561.0,5452,0.0,0.0,POLYCAB.NS
2026-06-10 14:15:00+05:30,9561.0,9586.0,9552.5,9568.5,14721,0.0,0.0,POLYCAB.NS
2026-06-10 14:30:00+05:30,9563.0,9569.5,9524.0,9531.0,5452,0.0,0.0,POLYCAB.NS
2026-06-10 14:45:00+05:30,9526.0,9540.5,9512.0,9533.5,5206,0.0,0.0,POLYCAB.NS
2026-06-10 15:00:00+05:30,9527.0,9535.5,9516.0,9516.0,10583,0.0,0.0,POLYCAB.NS
2026-06-10 15:15:00+05:30,9511.5,9542.0,9511.5,9542.0,32544,0.0,0.0,POLYCAB.NS
2026-06-11 09:15:00+05:30,9499.0,9520.0,9438.0,9457.0,6512,0.0,0.0,POLYCAB.NS
2026-06-11 09:30:00+05:30,9462.0,9498.0,9453.5,9489.5,5691,0.0,0.0,POLYCAB.NS
2026-06-11 09:45:00+05:30,9489.0,9494.0,9460.0,9463.5,3507,0.0,0.0,POLYCAB.NS
2026-06-11 10:00:00+05:30,9463.0,9516.0,9460.5,9502.0,7608,0.0,0.0,POLYCAB.NS
2026-06-11 10:15:00+05:30,9503.0,9525.0,9501.5,9519.0,3600,0.0,0.0,POLYCAB.NS
2026-06-11 10:30:00+05:30,9519.0,9525.0,9502.5,9505.0,3338,0.0,0.0,POLYCAB.NS
2026-06-11 10:45:00+05:30,9502.5,9513.5,9455.5,9461.5,5595,0.0,0.0,POLYCAB.NS
2026-06-11 11:00:00+05:30,9464.5,9477.0,9452.0,9461.5,2921,0.0,0.0,POLYCAB.NS
2026-06-11 11:15:00+05:30,9461.5,9478.5,9450.0,9474.0,4182,0.0,0.0,POLYCAB.NS
2026-06-11 11:30:00+05:30,9474.0,9478.5,9452.0,9472.5,1545,0.0,0.0,POLYCAB.NS
2026-06-11 11:45:00+05:30,9472.5,9492.0,9470.0,9488.0,3231,0.0,0.0,POLYCAB.NS
2026-06-11 12:00:00+05:30,9490.0,9494.0,9460.5,9462.5,1164,0.0,0.0,POLYCAB.NS
2026-06-11 12:15:00+05:30,9468.5,9489.0,9466.0,9482.5,1168,0.0,0.0,POLYCAB.NS
2026-06-11 12:30:00+05:30,9487.0,9499.0,9472.5,9480.5,2644,0.0,0.0,POLYCAB.NS
2026-06-11 12:45:00+05:30,9480.5,9480.5,9454.0,9470.0,3904,0.0,0.0,POLYCAB.NS
2026-06-11 13:00:00+05:30,9472.0,9500.0,9468.0,9487.5,6016,0.0,0.0,POLYCAB.NS
2026-06-11 13:15:00+05:30,9487.5,9490.0,9378.0,9404.0,14478,0.0,0.0,POLYCAB.NS
2026-06-11 13:30:00+05:30,9405.0,9428.0,9400.0,9406.5,6626,0.0,0.0,POLYCAB.NS
2026-06-11 13:45:00+05:30,9410.0,9446.5,9402.0,9445.5,5975,0.0,0.0,POLYCAB.NS
2026-06-11 14:00:00+05:30,9443.5,9443.5,9415.0,9435.5,5009,0.0,0.0,POLYCAB.NS
2026-06-11 14:15:00+05:30,9435.0,9448.0,9406.5,9435.0,7805,0.0,0.0,POLYCAB.NS
2026-06-11 14:30:00+05:30,9435.0,9447.5,9400.5,9405.5,7118,0.0,0.0,POLYCAB.NS
2026-06-11 14:45:00+05:30,9405.0,9413.0,9361.0,9412.5,11933,0.0,0.0,POLYCAB.NS
2026-06-11 15:00:00+05:30,9415.5,9420.0,9355.0,9376.5,24240,0.0,0.0,POLYCAB.NS
2026-06-11 15:15:00+05:30,9376.0,9393.0,9355.0,9365.5,32773,0.0,0.0,POLYCAB.NS
2026-06-12 09:15:00+05:30,9480.0,9556.0,9468.5,9468.5,8097,0.0,0.0,POLYCAB.NS
2026-06-12 09:30:00+05:30,9471.0,9498.5,9457.5,9466.0,6940,0.0,0.0,POLYCAB.NS
2026-06-12 09:45:00+05:30,9470.0,9497.0,9455.0,9455.0,6693,0.0,0.0,POLYCAB.NS
2026-06-12 10:00:00+05:30,9454.0,9464.0,9433.0,9453.5,4242,0.0,0.0,POLYCAB.NS
2026-06-12 10:15:00+05:30,9458.0,9475.0,9450.0,9458.5,1901,0.0,0.0,POLYCAB.NS
2026-06-12 10:30:00+05:30,9457.0,9475.0,9455.0,9455.0,2696,0.0,0.0,POLYCAB.NS
2026-06-12 10:45:00+05:30,9458.5,9458.5,9435.0,9435.5,2876,0.0,0.0,POLYCAB.NS
2026-06-12 11:00:00+05:30,9437.0,9455.5,9433.0,9455.5,1617,0.0,0.0,POLYCAB.NS
2026-06-12 11:15:00+05:30,9457.5,9458.5,9445.5,9447.0,1969,0.0,0.0,POLYCAB.NS
2026-06-12 11:30:00+05:30,9448.0,9470.0,9443.5,9468.5,2494,0.0,0.0,POLYCAB.NS
2026-06-12 11:45:00+05:30,9468.0,9475.0,9465.0,9471.5,2375,0.0,0.0,POLYCAB.NS
2026-06-12 12:00:00+05:30,9469.5,9474.5,9449.0,9450.5,3556,0.0,0.0,POLYCAB.NS
2026-06-12 12:15:00+05:30,9454.0,9456.5,9409.0,9425.0,8803,0.0,0.0,POLYCAB.NS
2026-06-12 12:30:00+05:30,9422.5,9430.0,9385.0,9385.0,5332,0.0,0.0,POLYCAB.NS
2026-06-12 12:45:00+05:30,9389.0,9399.5,9383.0,9395.5,2823,0.0,0.0,POLYCAB.NS
2026-06-12 13:00:00+05:30,9395.5,9417.5,9393.0,9411.5,2893,0.0,0.0,POLYCAB.NS
2026-06-12 13:15:00+05:30,9415.0,9437.5,9401.5,9433.5,2499,0.0,0.0,POLYCAB.NS
2026-06-12 13:30:00+05:30,9434.0,9499.0,9423.5,9488.5,10964,0.0,0.0,POLYCAB.NS
2026-06-12 13:45:00+05:30,9488.5,9515.0,9487.0,9513.0,8893,0.0,0.0,POLYCAB.NS
2026-06-12 14:00:00+05:30,9512.5,9516.0,9478.0,9485.5,4980,0.0,0.0,POLYCAB.NS
2026-06-12 14:15:00+05:30,9487.0,9523.0,9486.5,9520.5,7323,0.0,0.0,POLYCAB.NS
2026-06-12 14:30:00+05:30,9521.5,9545.0,9516.0,9545.0,6513,0.0,0.0,POLYCAB.NS
2026-06-12 14:45:00+05:30,9545.0,9547.0,9538.0,9538.0,3918,0.0,0.0,POLYCAB.NS
2026-06-12 15:00:00+05:30,9534.5,9571.5,9533.0,9563.0,26061,0.0,0.0,POLYCAB.NS
2026-06-12 15:15:00+05:30,9560.0,9565.5,9522.5,9554.0,14383,0.0,0.0,POLYCAB.NS
2026-06-15 09:15:00+05:30,9618.0,9642.0,9590.0,9600.5,14798,0.0,0.0,POLYCAB.NS
2026-06-15 09:30:00+05:30,9603.5,9615.0,9592.5,9608.0,9914,0.0,0.0,POLYCAB.NS
2026-06-15 09:45:00+05:30,9608.5,9610.0,9561.5,9574.0,11525,0.0,0.0,POLYCAB.NS
2026-06-15 10:00:00+05:30,9576.0,9583.0,9547.5,9547.5,8462,0.0,0.0,POLYCAB.NS
2026-06-15 10:15:00+05:30,9547.0,9577.5,9542.0,9577.5,6540,0.0,0.0,POLYCAB.NS
2026-06-15 10:30:00+05:30,9578.5,9594.5,9576.0,9588.0,4077,0.0,0.0,POLYCAB.NS
2026-06-15 10:45:00+05:30,9588.0,9600.0,9585.0,9600.0,3784,0.0,0.0,POLYCAB.NS
2026-06-15 11:00:00+05:30,9599.5,9601.0,9580.5,9586.0,6741,0.0,0.0,POLYCAB.NS
2026-06-15 11:15:00+05:30,9587.5,9595.5,9586.0,9594.0,3207,0.0,0.0,POLYCAB.NS
2026-06-15 11:30:00+05:30,9594.0,9625.0,9591.5,9625.0,7562,0.0,0.0,POLYCAB.NS
2026-06-15 11:45:00+05:30,9629.5,9636.0,9594.5,9605.0,18504,0.0,0.0,POLYCAB.NS
2026-06-15 12:00:00+05:30,9608.5,9618.0,9603.5,9607.0,5562,0.0,0.0,POLYCAB.NS
2026-06-15 12:15:00+05:30,9609.5,9609.5,9592.0,9597.0,3668,0.0,0.0,POLYCAB.NS
2026-06-15 12:30:00+05:30,9599.5,9614.5,9591.5,9594.5,3634,0.0,0.0,POLYCAB.NS
2026-06-15 12:45:00+05:30,9595.5,9600.0,9590.0,9599.0,2397,0.0,0.0,POLYCAB.NS
2026-06-15 13:00:00+05:30,9599.0,9619.5,9595.0,9614.0,7224,0.0,0.0,POLYCAB.NS
2026-06-15 13:15:00+05:30,9611.0,9619.0,9607.5,9615.0,4014,0.0,0.0,POLYCAB.NS
2026-06-15 13:30:00+05:30,9614.5,9618.5,9609.0,9614.5,3281,0.0,0.0,POLYCAB.NS
2026-06-15 13:45:00+05:30,9616.5,9618.5,9605.0,9605.0,6736,0.0,0.0,POLYCAB.NS
2026-06-15 14:00:00+05:30,9607.0,9613.5,9589.5,9599.0,5735,0.0,0.0,POLYCAB.NS
2026-06-15 14:15:00+05:30,9598.5,9599.0,9584.0,9584.0,6300,0.0,0.0,POLYCAB.NS
2026-06-15 14:30:00+05:30,9585.0,9590.0,9566.0,9576.5,9004,0.0,0.0,POLYCAB.NS
2026-06-15 14:45:00+05:30,9576.0,9586.0,9569.0,9575.0,8310,0.0,0.0,POLYCAB.NS
2026-06-15 15:00:00+05:30,9575.0,9576.5,9545.5,9557.5,10546,0.0,0.0,POLYCAB.NS
2026-06-15 15:15:00+05:30,9560.0,9570.0,9542.0,9556.0,10486,0.0,0.0,POLYCAB.NS
2026-06-16 09:15:00+05:30,9602.5,9671.0,9553.5,9567.0,16352,0.0,0.0,POLYCAB.NS
2026-06-16 09:30:00+05:30,9567.0,9567.0,9480.0,9493.0,25402,0.0,0.0,POLYCAB.NS
2026-06-16 09:45:00+05:30,9493.0,9528.0,9487.0,9511.5,9383,0.0,0.0,POLYCAB.NS
2026-06-16 10:00:00+05:30,9514.0,9527.5,9501.0,9514.5,9047,0.0,0.0,POLYCAB.NS
2026-06-16 10:15:00+05:30,9515.0,9536.0,9507.0,9533.0,8159,0.0,0.0,POLYCAB.NS
2026-06-16 10:30:00+05:30,9531.5,9561.0,9525.5,9549.0,10768,0.0,0.0,POLYCAB.NS
2026-06-16 10:45:00+05:30,9550.0,9572.0,9549.5,9558.0,8725,0.0,0.0,POLYCAB.NS
2026-06-16 11:00:00+05:30,9559.0,9577.0,9552.0,9561.0,8892,0.0,0.0,POLYCAB.NS
2026-06-16 11:15:00+05:30,9564.5,9617.0,9559.5,9603.5,21487,0.0,0.0,POLYCAB.NS
2026-06-16 11:30:00+05:30,9602.0,9604.0,9563.0,9566.5,7475,0.0,0.0,POLYCAB.NS
2026-06-16 11:45:00+05:30,9568.0,9588.0,9565.5,9580.0,5285,0.0,0.0,POLYCAB.NS
2026-06-16 12:00:00+05:30,9582.0,9582.5,9555.5,9579.5,5592,0.0,0.0,POLYCAB.NS
2026-06-16 12:15:00+05:30,9579.5,9580.5,9560.0,9580.0,5588,0.0,0.0,POLYCAB.NS
2026-06-16 12:30:00+05:30,9579.0,9583.5,9565.5,9570.0,5335,0.0,0.0,POLYCAB.NS
2026-06-16 12:45:00+05:30,9570.0,9580.0,9550.0,9559.5,7435,0.0,0.0,POLYCAB.NS
2026-06-16 13:00:00+05:30,9559.5,9572.5,9555.0,9559.0,6204,0.0,0.0,POLYCAB.NS
2026-06-16 13:15:00+05:30,9559.0,9585.0,9559.0,9583.0,6194,0.0,0.0,POLYCAB.NS
2026-06-16 13:30:00+05:30,9583.0,9610.0,9582.0,9602.5,11393,0.0,0.0,POLYCAB.NS
2026-06-16 13:45:00+05:30,9610.0,9629.5,9608.5,9622.0,13318,0.0,0.0,POLYCAB.NS
2026-06-16 14:00:00+05:30,9622.0,9645.0,9619.0,9636.5,24265,0.0,0.0,POLYCAB.NS
2026-06-16 14:15:00+05:30,9636.5,9636.5,9602.0,9620.0,19916,0.0,0.0,POLYCAB.NS
2026-06-16 14:30:00+05:30,9620.0,9627.0,9610.5,9614.5,10479,0.0,0.0,POLYCAB.NS
2026-06-16 14:45:00+05:30,9611.0,9627.5,9594.5,9601.0,21085,0.0,0.0,POLYCAB.NS
2026-06-16 15:00:00+05:30,9600.0,9604.0,9588.0,9591.0,20161,0.0,0.0,POLYCAB.NS
2026-06-16 15:15:00+05:30,9590.5,9600.0,9580.5,9591.5,30105,0.0,0.0,POLYCAB.NS
2026-06-17 09:15:00+05:30,9632.5,9723.0,9632.5,9660.0,14223,0.0,0.0,POLYCAB.NS
2026-06-17 09:30:00+05:30,9660.5,9697.5,9658.0,9697.0,14998,0.0,0.0,POLYCAB.NS
2026-06-17 09:45:00+05:30,9697.5,9764.0,9696.5,9740.0,50483,0.0,0.0,POLYCAB.NS
2026-06-17 10:00:00+05:30,9738.5,9796.0,9737.5,9796.0,37448,0.0,0.0,POLYCAB.NS
2026-06-17 10:15:00+05:30,9799.0,9835.0,9789.0,9816.0,38118,0.0,0.0,POLYCAB.NS
2026-06-17 10:30:00+05:30,9816.0,9945.0,9813.0,9936.5,64589,0.0,0.0,POLYCAB.NS
2026-06-17 10:45:00+05:30,9939.0,9963.5,9916.0,9929.0,26836,0.0,0.0,POLYCAB.NS
2026-06-17 11:00:00+05:30,9927.0,9943.0,9911.0,9941.0,22549,0.0,0.0,POLYCAB.NS
2026-06-17 11:15:00+05:30,9938.5,9975.5,9938.5,9963.0,27205,0.0,0.0,POLYCAB.NS
2026-06-17 11:30:00+05:30,9964.0,9987.5,9961.0,9984.0,17303,0.0,0.0,POLYCAB.NS
2026-06-17 11:45:00+05:30,9982.5,9987.0,9962.0,9962.0,11611,0.0,0.0,POLYCAB.NS
2026-06-17 12:00:00+05:30,9962.0,9962.5,9935.0,9943.0,13633,0.0,0.0,POLYCAB.NS
2026-06-17 12:15:00+05:30,9941.5,9952.0,9930.0,9937.5,11982,0.0,0.0,POLYCAB.NS
2026-06-17 12:30:00+05:30,9938.5,9948.5,9874.0,9893.0,23055,0.0,0.0,POLYCAB.NS
2026-06-17 12:45:00+05:30,9893.0,9893.0,9873.0,9880.0,10682,0.0,0.0,POLYCAB.NS
2026-06-17 13:00:00+05:30,9877.5,9886.5,9840.0,9851.0,16326,0.0,0.0,POLYCAB.NS
2026-06-17 13:15:00+05:30,9852.5,9885.5,9849.5,9860.5,11213,0.0,0.0,POLYCAB.NS
2026-06-17 13:30:00+05:30,9860.5,9875.0,9859.5,9861.5,7366,0.0,0.0,POLYCAB.NS
2026-06-17 13:45:00+05:30,9862.5,9862.5,9828.0,9849.0,13610,0.0,0.0,POLYCAB.NS
2026-06-17 14:00:00+05:30,9849.0,9850.0,9838.0,9840.0,11888,0.0,0.0,POLYCAB.NS
2026-06-17 14:15:00+05:30,9840.0,9873.0,9840.0,9871.5,16086,0.0,0.0,POLYCAB.NS
2026-06-17 14:30:00+05:30,9871.5,9899.0,9863.0,9884.5,17776,0.0,0.0,POLYCAB.NS
2026-06-17 14:45:00+05:30,9885.0,9923.0,9885.0,9920.0,15821,0.0,0.0,POLYCAB.NS
2026-06-17 15:00:00+05:30,9922.5,9939.5,9914.5,9920.5,30541,0.0,0.0,POLYCAB.NS
2026-06-17 15:15:00+05:30,9920.5,9937.5,9910.0,9920.0,43740,0.0,0.0,POLYCAB.NS
2026-06-18 09:15:00+05:30,9949.0,10013.0,9949.0,9991.0,15615,0.0,0.0,POLYCAB.NS
2026-06-18 09:30:00+05:30,9983.0,10000.0,9955.5,9983.5,17389,0.0,0.0,POLYCAB.NS
2026-06-18 09:45:00+05:30,9986.5,9991.5,9926.5,9943.5,19229,0.0,0.0,POLYCAB.NS
2026-06-18 10:00:00+05:30,9945.0,9962.0,9930.0,9935.5,8675,0.0,0.0,POLYCAB.NS
2026-06-18 10:15:00+05:30,9935.0,9954.0,9932.0,9945.0,6561,0.0,0.0,POLYCAB.NS
2026-06-18 10:30:00+05:30,9945.5,9957.5,9930.0,9950.0,9649,0.0,0.0,POLYCAB.NS
2026-06-18 10:45:00+05:30,9943.5,9963.5,9939.5,9952.0,7841,0.0,0.0,POLYCAB.NS
2026-06-18 11:00:00+05:30,9951.5,9961.0,9948.0,9957.5,5312,0.0,0.0,POLYCAB.NS
2026-06-18 11:15:00+05:30,9955.5,9964.5,9946.5,9956.5,5810,0.0,0.0,POLYCAB.NS
2026-06-18 11:30:00+05:30,9955.5,9962.0,9937.5,9944.0,6641,0.0,0.0,POLYCAB.NS
2026-06-18 11:45:00+05:30,9941.0,9943.5,9918.0,9937.0,8690,0.0,0.0,POLYCAB.NS
2026-06-18 12:00:00+05:30,9937.5,9957.5,9937.5,9955.5,4324,0.0,0.0,POLYCAB.NS
2026-06-18 12:15:00+05:30,9955.5,9972.5,9955.0,9967.0,7882,0.0,0.0,POLYCAB.NS
2026-06-18 12:30:00+05:30,9969.5,9969.5,9950.0,9953.0,4932,0.0,0.0,POLYCAB.NS
2026-06-18 12:45:00+05:30,9951.5,9961.5,9948.5,9961.0,3279,0.0,0.0,POLYCAB.NS
2026-06-18 13:00:00+05:30,9961.0,9975.0,9961.0,9971.0,6042,0.0,0.0,POLYCAB.NS
2026-06-18 13:15:00+05:30,9971.0,9972.5,9940.0,9954.5,7356,0.0,0.0,POLYCAB.NS
2026-06-18 13:30:00+05:30,9954.0,9969.5,9948.5,9966.0,5263,0.0,0.0,POLYCAB.NS
2026-06-18 13:45:00+05:30,9965.5,9973.0,9960.0,9963.0,4613,0.0,0.0,POLYCAB.NS
2026-06-18 14:00:00+05:30,9964.5,9964.5,9943.5,9957.0,7941,0.0,0.0,POLYCAB.NS
2026-06-18 14:15:00+05:30,9956.0,9957.0,9935.0,9949.0,6212,0.0,0.0,POLYCAB.NS
2026-06-18 14:30:00+05:30,9941.5,9955.5,9919.5,9919.5,13033,0.0,0.0,POLYCAB.NS
2026-06-18 14:45:00+05:30,9911.0,9932.0,9905.0,9932.0,12860,0.0,0.0,POLYCAB.NS
2026-06-18 15:00:00+05:30,9934.5,9966.0,9934.5,9962.0,21007,0.0,0.0,POLYCAB.NS
2026-06-18 15:15:00+05:30,9961.5,9965.0,9935.0,9940.0,25059,0.0,0.0,POLYCAB.NS
2026-06-19 09:15:00+05:30,9880.0,9935.0,9860.0,9912.0,12647,47.0,0.0,POLYCAB.NS
2026-06-19 09:30:00+05:30,9908.0,9918.0,9890.0,9890.0,8252,0.0,0.0,POLYCAB.NS
2026-06-19 09:45:00+05:30,9890.5,9890.5,9838.0,9870.0,12312,0.0,0.0,POLYCAB.NS
2026-06-19 10:00:00+05:30,9868.0,9885.0,9858.0,9885.0,9147,0.0,0.0,POLYCAB.NS
2026-06-19 10:15:00+05:30,9884.5,9885.0,9832.0,9855.5,9250,0.0,0.0,POLYCAB.NS
2026-06-19 10:30:00+05:30,9862.5,9871.0,9835.0,9860.5,6255,0.0,0.0,POLYCAB.NS
2026-06-19 10:45:00+05:30,9857.5,9882.0,9853.5,9861.5,6798,0.0,0.0,POLYCAB.NS
2026-06-19 11:00:00+05:30,9861.5,9885.0,9857.0,9876.5,2243,0.0,0.0,POLYCAB.NS
2026-06-19 11:15:00+05:30,9876.5,9876.5,9851.0,9867.5,4763,0.0,0.0,POLYCAB.NS
2026-06-19 11:30:00+05:30,9867.5,9904.0,9867.5,9888.0,4820,0.0,0.0,POLYCAB.NS
2026-06-19 11:45:00+05:30,9888.0,9921.5,9881.5,9921.5,4519,0.0,0.0,POLYCAB.NS
2026-06-19 12:00:00+05:30,9926.0,9992.5,9920.5,9965.5,36636,0.0,0.0,POLYCAB.NS
2026-06-19 12:15:00+05:30,9967.5,9980.0,9961.5,9980.0,5369,0.0,0.0,POLYCAB.NS
2026-06-19 12:30:00+05:30,9979.5,9999.0,9960.5,9976.0,10374,0.0,0.0,POLYCAB.NS
2026-06-19 12:45:00+05:30,9976.0,9998.5,9975.0,9983.0,5360,0.0,0.0,POLYCAB.NS
2026-06-19 13:00:00+05:30,9982.0,10013.0,9951.5,10006.5,12410,0.0,0.0,POLYCAB.NS
2026-06-19 13:15:00+05:30,10011.5,10032.5,9997.0,10030.5,14283,0.0,0.0,POLYCAB.NS
2026-06-19 13:30:00+05:30,10030.5,10044.5,10011.0,10036.0,12696,0.0,0.0,POLYCAB.NS
2026-06-19 13:45:00+05:30,10033.0,10036.0,10000.0,10028.5,11033,0.0,0.0,POLYCAB.NS
2026-06-19 14:00:00+05:30,10028.5,10050.0,10020.0,10041.5,10140,0.0,0.0,POLYCAB.NS
2026-06-19 14:15:00+05:30,10039.5,10039.5,10011.0,10017.0,7216,0.0,0.0,POLYCAB.NS
2026-06-19 14:30:00+05:30,10017.0,10043.0,10016.5,10036.0,9201,0.0,0.0,POLYCAB.NS
2026-06-19 14:45:00+05:30,10037.0,10048.0,9998.0,10016.5,16739,0.0,0.0,POLYCAB.NS
2026-06-19 15:00:00+05:30,10007.0,10092.0,10005.0,10084.5,120230,0.0,0.0,POLYCAB.NS
2026-06-19 15:15:00+05:30,10085.5,10112.5,10081.0,10083.0,106216,0.0,0.0,POLYCAB.NS
2026-06-22 09:15:00+05:30,10094.0,10125.0,10050.0,10056.5,10137,0.0,0.0,POLYCAB.NS
2026-06-22 09:30:00+05:30,10054.5,10063.0,10005.5,10039.0,13551,0.0,0.0,POLYCAB.NS
2026-06-22 09:45:00+05:30,10039.0,10049.0,10030.0,10030.0,4875,0.0,0.0,POLYCAB.NS
2026-06-22 10:00:00+05:30,10030.0,10056.0,9998.0,10054.5,12560,0.0,0.0,POLYCAB.NS
2026-06-22 10:15:00+05:30,10057.0,10071.0,10052.0,10060.0,6582,0.0,0.0,POLYCAB.NS
2026-06-22 10:30:00+05:30,10059.5,10069.0,10052.0,10067.5,4574,0.0,0.0,POLYCAB.NS
2026-06-22 10:45:00+05:30,10067.0,10067.5,10054.0,10058.5,3967,0.0,0.0,POLYCAB.NS
2026-06-22 11:00:00+05:30,10043.0,10043.0,10010.5,10014.0,7792,0.0,0.0,POLYCAB.NS
2026-06-22 11:15:00+05:30,10015.0,10028.5,10010.0,10021.0,3061,0.0,0.0,POLYCAB.NS
2026-06-22 11:30:00+05:30,10021.0,10045.0,10021.0,10043.0,2220,0.0,0.0,POLYCAB.NS
2026-06-22 11:45:00+05:30,10040.0,10045.0,10035.0,10045.0,2221,0.0,0.0,POLYCAB.NS
2026-06-22 12:00:00+05:30,10045.0,10045.0,10021.0,10028.5,3653,0.0,0.0,POLYCAB.NS
2026-06-22 12:15:00+05:30,10028.5,10036.0,10028.5,10033.0,2779,0.0,0.0,POLYCAB.NS
2026-06-22 12:30:00+05:30,10033.0,10035.0,10031.0,10035.0,2509,0.0,0.0,POLYCAB.NS
2026-06-22 12:45:00+05:30,10035.0,10045.0,10017.0,10044.0,4624,0.0,0.0,POLYCAB.NS
2026-06-22 13:00:00+05:30,10041.0,10057.0,10037.0,10046.0,6871,0.0,0.0,POLYCAB.NS
2026-06-22 13:15:00+05:30,10046.5,10059.5,10045.0,10057.5,1733,0.0,0.0,POLYCAB.NS
2026-06-22 13:30:00+05:30,10056.0,10057.5,10038.5,10047.5,1492,0.0,0.0,POLYCAB.NS
2026-06-22 13:45:00+05:30,10044.5,10049.5,10013.5,10017.0,4945,0.0,0.0,POLYCAB.NS
2026-06-22 14:00:00+05:30,10018.0,10030.0,10010.0,10020.5,3533,0.0,0.0,POLYCAB.NS
2026-06-22 14:15:00+05:30,10020.5,10030.0,10003.0,10027.0,4906,0.0,0.0,POLYCAB.NS
2026-06-22 14:30:00+05:30,10027.0,10037.0,10015.5,10036.0,4137,0.0,0.0,POLYCAB.NS
2026-06-22 14:45:00+05:30,10039.0,10039.5,10023.5,10028.5,3789,0.0,0.0,POLYCAB.NS
2026-06-22 15:00:00+05:30,10033.5,10033.5,10015.5,10023.0,9454,0.0,0.0,POLYCAB.NS
2026-06-22 15:15:00+05:30,10022.5,10038.0,10001.0,10022.5,13070,0.0,0.0,POLYCAB.NS
2026-06-23 09:15:00+05:30,10023.0,10070.5,9992.5,10006.0,14889,0.0,0.0,POLYCAB.NS
2026-06-23 09:30:00+05:30,10008.0,10036.5,10003.0,10029.0,7369,0.0,0.0,POLYCAB.NS
2026-06-23 09:45:00+05:30,10030.5,10042.5,10005.0,10011.0,7228,0.0,0.0,POLYCAB.NS
2026-06-23 10:00:00+05:30,10009.0,10025.0,10007.5,10023.0,2178,0.0,0.0,POLYCAB.NS
2026-06-23 10:15:00+05:30,10023.0,10023.0,9973.5,9981.5,11841,0.0,0.0,POLYCAB.NS
2026-06-23 10:30:00+05:30,9978.0,9985.5,9974.0,9980.0,4059,0.0,0.0,POLYCAB.NS
2026-06-23 10:45:00+05:30,9981.5,9996.0,9952.0,9991.5,7967,0.0,0.0,POLYCAB.NS
2026-06-23 11:00:00+05:30,9990.0,10010.0,9987.5,10005.0,4452,0.0,0.0,POLYCAB.NS
2026-06-23 11:15:00+05:30,10004.0,10075.0,10004.0,10056.5,12609,0.0,0.0,POLYCAB.NS
2026-06-23 11:30:00+05:30,10056.5,10056.5,10034.0,10041.0,5241,0.0,0.0,POLYCAB.NS
2026-06-23 11:45:00+05:30,10041.0,10041.0,9985.5,9995.0,11098,0.0,0.0,POLYCAB.NS
2026-06-23 12:00:00+05:30,9993.0,10009.0,9940.5,9943.0,13145,0.0,0.0,POLYCAB.NS
2026-06-23 12:15:00+05:30,9943.0,9956.0,9917.0,9955.0,7328,0.0,0.0,POLYCAB.NS
2026-06-23 12:30:00+05:30,9950.0,9972.5,9911.5,9922.5,9696,0.0,0.0,POLYCAB.NS
2026-06-23 12:45:00+05:30,9922.5,9929.5,9914.5,9923.5,4492,0.0,0.0,POLYCAB.NS
2026-06-23 13:00:00+05:30,9922.0,9951.0,9922.0,9931.5,2709,0.0,0.0,POLYCAB.NS
2026-06-23 13:15:00+05:30,9930.0,9931.5,9911.0,9913.5,8062,0.0,0.0,POLYCAB.NS
2026-06-23 13:30:00+05:30,9913.5,9915.5,9901.0,9908.5,9404,0.0,0.0,POLYCAB.NS
2026-06-23 13:45:00+05:30,9906.5,9919.5,9903.0,9905.0,7043,0.0,0.0,POLYCAB.NS
2026-06-23 14:00:00+05:30,9905.0,9931.5,9899.0,9921.5,17770,0.0,0.0,POLYCAB.NS
2026-06-23 14:15:00+05:30,9921.0,9928.5,9907.0,9922.5,7825,0.0,0.0,POLYCAB.NS
2026-06-23 14:30:00+05:30,9924.0,9929.5,9913.0,9929.5,11652,0.0,0.0,POLYCAB.NS
2026-06-23 14:45:00+05:30,9929.5,9938.0,9915.5,9928.0,7232,0.0,0.0,POLYCAB.NS
2026-06-23 15:00:00+05:30,9933.0,9935.0,9901.0,9922.0,28583,0.0,0.0,POLYCAB.NS
2026-06-23 15:15:00+05:30,9921.5,9938.0,9905.0,9930.0,26551,0.0,0.0,POLYCAB.NS
2026-06-24 09:15:00+05:30,9900.5,9939.5,9866.0,9881.5,15809,0.0,0.0,POLYCAB.NS
2026-06-24 09:30:00+05:30,9881.5,9881.5,9813.0,9816.5,14856,0.0,0.0,POLYCAB.NS
2026-06-24 09:45:00+05:30,9816.0,9816.0,9753.5,9764.5,14843,0.0,0.0,POLYCAB.NS
2026-06-24 10:00:00+05:30,9766.0,9815.0,9766.0,9776.0,9431,0.0,0.0,POLYCAB.NS
2026-06-24 10:15:00+05:30,9777.0,9787.0,9763.0,9779.5,5821,0.0,0.0,POLYCAB.NS
2026-06-24 10:30:00+05:30,9780.0,9792.0,9772.0,9788.0,4313,0.0,0.0,POLYCAB.NS
2026-06-24 10:45:00+05:30,9795.5,9836.0,9795.5,9833.0,7883,0.0,0.0,POLYCAB.NS
2026-06-24 11:00:00+05:30,9832.5,9840.0,9810.0,9814.5,6211,0.0,0.0,POLYCAB.NS
2026-06-24 11:15:00+05:30,9817.0,9817.0,9780.0,9783.5,4688,0.0,0.0,POLYCAB.NS
2026-06-24 11:30:00+05:30,9781.5,9825.0,9768.5,9821.5,9129,0.0,0.0,POLYCAB.NS
2026-06-24 11:45:00+05:30,9822.0,9838.0,9818.5,9834.0,6062,0.0,0.0,POLYCAB.NS
2026-06-24 12:00:00+05:30,9835.5,9851.0,9820.0,9829.0,9381,0.0,0.0,POLYCAB.NS
2026-06-24 12:15:00+05:30,9834.5,9857.0,9819.5,9828.0,7576,0.0,0.0,POLYCAB.NS
2026-06-24 12:30:00+05:30,9829.0,9832.5,9808.0,9829.0,10651,0.0,0.0,POLYCAB.NS
2026-06-24 12:45:00+05:30,9826.5,9838.5,9821.0,9821.0,7029,0.0,0.0,POLYCAB.NS
2026-06-24 13:00:00+05:30,9823.0,9825.0,9806.0,9812.5,3900,0.0,0.0,POLYCAB.NS
2026-06-24 13:15:00+05:30,9811.5,9818.0,9772.5,9784.5,7194,0.0,0.0,POLYCAB.NS
2026-06-24 13:30:00+05:30,9784.5,9797.0,9741.5,9742.5,13469,0.0,0.0,POLYCAB.NS
2026-06-24 13:45:00+05:30,9745.5,9768.5,9745.5,9761.5,13739,0.0,0.0,POLYCAB.NS
2026-06-24 14:00:00+05:30,9765.0,9778.0,9754.0,9763.0,8420,0.0,0.0,POLYCAB.NS
2026-06-24 14:15:00+05:30,9763.0,9764.5,9742.5,9742.5,10328,0.0,0.0,POLYCAB.NS
2026-06-24 14:30:00+05:30,9740.0,9740.0,9712.0,9713.0,21006,0.0,0.0,POLYCAB.NS
2026-06-24 14:45:00+05:30,9712.0,9712.0,9700.0,9703.0,21574,0.0,0.0,POLYCAB.NS
2026-06-24 15:00:00+05:30,9698.0,9716.5,9680.0,9685.0,52911,0.0,0.0,POLYCAB.NS
2026-06-24 15:15:00+05:30,9685.0,9716.5,9675.0,9692.5,43678,0.0,0.0,POLYCAB.NS
2026-06-25 09:15:00+05:30,9700.0,9748.0,9587.5,9606.5,31533,0.0,0.0,POLYCAB.NS
2026-06-25 09:30:00+05:30,9606.0,9684.5,9606.0,9662.0,25658,0.0,0.0,POLYCAB.NS
2026-06-25 09:45:00+05:30,9666.0,9668.5,9651.5,9668.0,7623,0.0,0.0,POLYCAB.NS
2026-06-25 10:00:00+05:30,9668.5,9718.0,9668.5,9677.5,20184,0.0,0.0,POLYCAB.NS
2026-06-25 10:15:00+05:30,9677.5,9684.0,9660.0,9661.5,7769,0.0,0.0,POLYCAB.NS
2026-06-25 10:30:00+05:30,9664.5,9740.0,9664.5,9706.5,14678,0.0,0.0,POLYCAB.NS
2026-06-25 10:45:00+05:30,9707.0,9718.5,9690.5,9705.0,8073,0.0,0.0,POLYCAB.NS
2026-06-25 11:00:00+05:30,9705.5,9717.5,9700.0,9705.0,5295,0.0,0.0,POLYCAB.NS
2026-06-25 11:15:00+05:30,9697.5,9697.5,9626.5,9657.5,21853,0.0,0.0,POLYCAB.NS
2026-06-25 11:30:00+05:30,9660.0,9662.5,9625.0,9625.0,7623,0.0,0.0,POLYCAB.NS
2026-06-25 11:45:00+05:30,9625.5,9626.0,9590.0,9612.0,25385,0.0,0.0,POLYCAB.NS
2026-06-25 12:00:00+05:30,9612.5,9625.0,9605.0,9620.0,12175,0.0,0.0,POLYCAB.NS
2026-06-25 12:15:00+05:30,9620.0,9621.0,9591.0,9592.5,9711,0.0,0.0,POLYCAB.NS
2026-06-25 12:30:00+05:30,9591.0,9601.5,9573.5,9585.0,12318,0.0,0.0,POLYCAB.NS
2026-06-25 12:45:00+05:30,9585.0,9592.0,9570.0,9580.0,9004,0.0,0.0,POLYCAB.NS
2026-06-25 13:00:00+05:30,9579.0,9601.0,9574.0,9580.0,8862,0.0,0.0,POLYCAB.NS
2026-06-25 13:15:00+05:30,9580.0,9606.5,9580.0,9596.0,9220,0.0,0.0,POLYCAB.NS
2026-06-25 13:30:00+05:30,9596.0,9622.0,9593.5,9606.0,12695,0.0,0.0,POLYCAB.NS
2026-06-25 13:45:00+05:30,9605.0,9609.0,9592.0,9598.0,7816,0.0,0.0,POLYCAB.NS
2026-06-25 14:00:00+05:30,9597.0,9608.0,9592.5,9598.0,7248,0.0,0.0,POLYCAB.NS
2026-06-25 14:15:00+05:30,9598.0,9599.5,9568.0,9575.5,11632,0.0,0.0,POLYCAB.NS
2026-06-25 14:30:00+05:30,9578.5,9579.0,9550.0,9552.0,12423,0.0,0.0,POLYCAB.NS
2026-06-25 14:45:00+05:30,9553.5,9558.5,9526.0,9533.5,18037,0.0,0.0,POLYCAB.NS
2026-06-25 15:00:00+05:30,9532.0,9556.0,9518.5,9526.0,39959,0.0,0.0,POLYCAB.NS
2026-06-25 15:15:00+05:30,9525.5,9557.5,9518.0,9531.0,36815,0.0,0.0,POLYCAB.NS
2026-06-29 09:15:00+05:30,9630.0,9630.0,9422.0,9468.5,15633,0.0,0.0,POLYCAB.NS
2026-06-29 09:30:00+05:30,9467.5,9467.5,9420.5,9446.0,13305,0.0,0.0,POLYCAB.NS
2026-06-29 09:45:00+05:30,9448.5,9493.5,9438.0,9488.5,12823,0.0,0.0,POLYCAB.NS
2026-06-29 10:00:00+05:30,9488.5,9537.5,9486.5,9502.0,13753,0.0,0.0,POLYCAB.NS
2026-06-29 10:15:00+05:30,9502.0,9528.5,9502.0,9523.5,7696,0.0,0.0,POLYCAB.NS
2026-06-29 10:30:00+05:30,9523.5,9535.0,9520.0,9534.0,8748,0.0,0.0,POLYCAB.NS
2026-06-29 10:45:00+05:30,9530.0,9559.0,9530.0,9533.5,8301,0.0,0.0,POLYCAB.NS
2026-06-29 11:00:00+05:30,9533.5,9545.0,9521.5,9528.5,11120,0.0,0.0,POLYCAB.NS
2026-06-29 11:15:00+05:30,9529.0,9560.0,9523.5,9551.5,8959,0.0,0.0,POLYCAB.NS
2026-06-29 11:30:00+05:30,9553.0,9587.5,9550.5,9571.5,12820,0.0,0.0,POLYCAB.NS
2026-06-29 11:45:00+05:30,9571.0,9589.0,9553.5,9566.0,14829,0.0,0.0,POLYCAB.NS
2026-06-29 12:00:00+05:30,9565.0,9578.5,9538.0,9539.0,10204,0.0,0.0,POLYCAB.NS
2026-06-29 12:15:00+05:30,9537.5,9551.5,9537.5,9546.0,10103,0.0,0.0,POLYCAB.NS
2026-06-29 12:30:00+05:30,9546.0,9546.0,9523.0,9542.5,9499,0.0,0.0,POLYCAB.NS
2026-06-29 12:45:00+05:30,9545.0,9554.5,9523.0,9546.0,18491,0.0,0.0,POLYCAB.NS
2026-06-29 13:00:00+05:30,9546.0,9620.0,9543.0,9615.0,14461,0.0,0.0,POLYCAB.NS
2026-06-29 13:15:00+05:30,9614.5,9664.0,9605.0,9654.0,27211,0.0,0.0,POLYCAB.NS
2026-06-29 13:30:00+05:30,9654.5,9670.0,9642.0,9657.5,24836,0.0,0.0,POLYCAB.NS
2026-06-29 13:45:00+05:30,9655.5,9663.5,9640.0,9652.5,28661,0.0,0.0,POLYCAB.NS
2026-06-29 14:00:00+05:30,9652.5,9674.0,9643.0,9670.0,26210,0.0,0.0,POLYCAB.NS
2026-06-29 14:15:00+05:30,9672.0,9674.0,9643.0,9649.0,25880,0.0,0.0,POLYCAB.NS
2026-06-29 14:30:00+05:30,9653.0,9670.0,9641.5,9642.0,27061,0.0,0.0,POLYCAB.NS
2026-06-29 14:45:00+05:30,9642.0,9647.0,9585.0,9638.0,37165,0.0,0.0,POLYCAB.NS
2026-06-29 15:00:00+05:30,9631.5,9850.0,9631.5,9734.5,462159,0.0,0.0,POLYCAB.NS
2026-06-29 15:15:00+05:30,9732.5,9964.0,9711.0,9795.0,386536,0.0,0.0,POLYCAB.NS
2026-06-30 09:15:00+05:30,9710.0,9717.5,9598.5,9671.5,14412,0.0,0.0,POLYCAB.NS
2026-06-30 09:30:00+05:30,9670.0,9697.0,9625.0,9675.5,10708,0.0,0.0,POLYCAB.NS
2026-06-30 09:45:00+05:30,9677.5,9726.5,9662.5,9725.5,10992,0.0,0.0,POLYCAB.NS
2026-06-30 10:00:00+05:30,9725.0,9764.0,9721.0,9743.0,18253,0.0,0.0,POLYCAB.NS
2026-06-30 10:15:00+05:30,9742.5,9742.5,9695.0,9733.0,9838,0.0,0.0,POLYCAB.NS
2026-06-30 10:30:00+05:30,9731.5,9785.0,9721.0,9744.0,13881,0.0,0.0,POLYCAB.NS
2026-06-30 10:45:00+05:30,9740.0,9756.0,9740.0,9747.0,3530,0.0,0.0,POLYCAB.NS
2026-06-30 11:00:00+05:30,9745.0,9834.5,9740.0,9834.5,14748,0.0,0.0,POLYCAB.NS
2026-06-30 11:15:00+05:30,9832.0,9921.0,9820.5,9917.5,47816,0.0,0.0,POLYCAB.NS
2026-06-30 11:30:00+05:30,9918.5,9924.0,9893.0,9902.5,10128,0.0,0.0,POLYCAB.NS
2026-06-30 11:45:00+05:30,9903.5,9942.0,9895.0,9925.0,11722,0.0,0.0,POLYCAB.NS
2026-06-30 12:00:00+05:30,9922.0,9939.0,9910.0,9934.5,12007,0.0,0.0,POLYCAB.NS
2026-06-30 12:15:00+05:30,9933.0,9981.0,9929.5,9937.5,23772,0.0,0.0,POLYCAB.NS
2026-06-30 12:30:00+05:30,9937.5,9957.5,9921.0,9921.0,11480,0.0,0.0,POLYCAB.NS
2026-06-30 12:45:00+05:30,9921.0,9935.5,9890.0,9894.0,10491,0.0,0.0,POLYCAB.NS
2026-06-30 13:00:00+05:30,9897.0,9898.5,9873.0,9885.0,8717,0.0,0.0,POLYCAB.NS
2026-06-30 13:15:00+05:30,9885.0,9916.0,9866.5,9913.0,11865,0.0,0.0,POLYCAB.NS
2026-06-30 13:30:00+05:30,9915.5,9937.0,9909.0,9927.5,6423,0.0,0.0,POLYCAB.NS
2026-06-30 13:45:00+05:30,9931.0,9935.0,9925.0,9925.5,10290,0.0,0.0,POLYCAB.NS
2026-06-30 14:00:00+05:30,9925.0,9930.5,9895.0,9909.0,15182,0.0,0.0,POLYCAB.NS
2026-06-30 14:15:00+05:30,9908.0,9957.5,9908.0,9944.0,10092,0.0,0.0,POLYCAB.NS
2026-06-30 14:30:00+05:30,9944.5,9995.5,9944.0,9990.0,17126,0.0,0.0,POLYCAB.NS
2026-06-30 14:45:00+05:30,9993.5,10004.0,9973.5,9979.5,26211,0.0,0.0,POLYCAB.NS
2026-06-30 15:00:00+05:30,9979.5,9980.5,9946.0,9954.5,41422,0.0,0.0,POLYCAB.NS
2026-06-30 15:15:00+05:30,9954.5,9979.0,9941.5,9961.0,50071,0.0,0.0,POLYCAB.NS
2026-07-01 09:15:00+05:30,9960.0,9961.0,9840.0,9851.5,8828,0.0,0.0,POLYCAB.NS
2026-07-01 09:30:00+05:30,9849.5,9872.0,9845.0,9865.0,10638,0.0,0.0,POLYCAB.NS
2026-07-01 09:45:00+05:30,9866.5,9892.5,9831.0,9834.5,13690,0.0,0.0,POLYCAB.NS
2026-07-01 10:00:00+05:30,9840.0,9861.5,9840.0,9845.0,3480,0.0,0.0,POLYCAB.NS
2026-07-01 10:15:00+05:30,9842.0,9853.0,9807.0,9807.0,8371,0.0,0.0,POLYCAB.NS
2026-07-01 10:30:00+05:30,9807.0,9820.0,9799.5,9803.0,7549,0.0,0.0,POLYCAB.NS
2026-07-01 10:45:00+05:30,9802.0,9830.0,9802.0,9829.0,5701,0.0,0.0,POLYCAB.NS
2026-07-01 11:00:00+05:30,9829.0,9837.5,9808.5,9817.5,5441,0.0,0.0,POLYCAB.NS
2026-07-01 11:15:00+05:30,9818.5,9818.5,9777.5,9802.5,10722,0.0,0.0,POLYCAB.NS
2026-07-01 11:30:00+05:30,9805.0,9816.0,9796.5,9807.5,4882,0.0,0.0,POLYCAB.NS
2026-07-01 11:45:00+05:30,9813.0,9813.5,9774.0,9788.5,5758,0.0,0.0,POLYCAB.NS
2026-07-01 12:00:00+05:30,9787.0,9787.5,9753.0,9755.5,5586,0.0,0.0,POLYCAB.NS
2026-07-01 12:15:00+05:30,9753.0,9761.5,9690.0,9717.0,25548,0.0,0.0,POLYCAB.NS
2026-07-01 12:30:00+05:30,9718.5,9735.0,9678.0,9684.5,14551,0.0,0.0,POLYCAB.NS
2026-07-01 12:45:00+05:30,9692.0,9718.0,9680.0,9718.0,10886,0.0,0.0,POLYCAB.NS
2026-07-01 13:00:00+05:30,9718.0,9777.0,9698.5,9776.0,11165,0.0,0.0,POLYCAB.NS
2026-07-01 13:15:00+05:30,9776.0,9784.0,9750.0,9758.5,12698,0.0,0.0,POLYCAB.NS
2026-07-01 13:30:00+05:30,9759.5,9763.5,9747.0,9762.0,3701,0.0,0.0,POLYCAB.NS
2026-07-01 13:45:00+05:30,9767.0,9778.5,9751.0,9768.5,3194,0.0,0.0,POLYCAB.NS
2026-07-01 14:00:00+05:30,9766.0,9808.0,9764.0,9795.0,12059,0.0,0.0,POLYCAB.NS
2026-07-01 14:15:00+05:30,9795.0,9808.0,9785.0,9806.0,23382,0.0,0.0,POLYCAB.NS
2026-07-01 14:30:00+05:30,9800.5,9802.5,9745.0,9749.0,39960,0.0,0.0,POLYCAB.NS
2026-07-01 14:45:00+05:30,9750.0,9750.0,9726.0,9726.5,29724,0.0,0.0,POLYCAB.NS
2026-07-01 15:00:00+05:30,9728.5,9730.5,9702.5,9710.0,30582,0.0,0.0,POLYCAB.NS
2026-07-01 15:15:00+05:30,9708.5,9715.0,9685.5,9713.5,23665,0.0,0.0,POLYCAB.NS
2026-07-02 09:15:00+05:30,9747.5,9751.0,9604.0,9608.5,12659,0.0,0.0,POLYCAB.NS
2026-07-02 09:30:00+05:30,9608.5,9637.5,9602.0,9631.0,15901,0.0,0.0,POLYCAB.NS
2026-07-02 09:45:00+05:30,9631.5,9690.0,9606.5,9621.0,12402,0.0,0.0,POLYCAB.NS
2026-07-02 10:00:00+05:30,9627.5,9627.5,9575.5,9601.5,10861,0.0,0.0,POLYCAB.NS
2026-07-02 10:15:00+05:30,9601.0,9610.5,9571.0,9604.0,9119,0.0,0.0,POLYCAB.NS
2026-07-02 10:30:00+05:30,9601.0,9604.0,9579.5,9598.5,5545,0.0,0.0,POLYCAB.NS
2026-07-02 10:45:00+05:30,9599.0,9630.0,9587.5,9613.0,7256,0.0,0.0,POLYCAB.NS
2026-07-02 11:00:00+05:30,9613.0,9623.0,9603.5,9605.0,5173,0.0,0.0,POLYCAB.NS
2026-07-02 11:15:00+05:30,9605.0,9617.5,9601.0,9611.5,3702,0.0,0.0,POLYCAB.NS
2026-07-02 11:30:00+05:30,9612.0,9617.5,9600.5,9605.0,3526,0.0,0.0,POLYCAB.NS
2026-07-02 11:45:00+05:30,9605.0,9627.0,9605.0,9620.0,3351,0.0,0.0,POLYCAB.NS
2026-07-02 12:00:00+05:30,9623.5,9626.0,9596.5,9602.5,18461,0.0,0.0,POLYCAB.NS
2026-07-02 12:15:00+05:30,9607.5,9610.0,9602.0,9605.0,13345,0.0,0.0,POLYCAB.NS
2026-07-02 12:30:00+05:30,9605.0,9613.5,9598.0,9605.0,16179,0.0,0.0,POLYCAB.NS
2026-07-02 12:45:00+05:30,9605.0,9613.5,9580.5,9585.5,24267,0.0,0.0,POLYCAB.NS
2026-07-02 13:00:00+05:30,9591.5,9596.5,9576.5,9590.0,13322,0.0,0.0,POLYCAB.NS
2026-07-02 13:15:00+05:30,9590.0,9600.0,9580.0,9591.0,4737,0.0,0.0,POLYCAB.NS
2026-07-02 13:30:00+05:30,9590.0,9656.5,9588.0,9649.0,41873,0.0,0.0,POLYCAB.NS
2026-07-02 13:45:00+05:30,9649.0,9649.0,9621.5,9632.5,6903,0.0,0.0,POLYCAB.NS
2026-07-02 14:00:00+05:30,9633.0,9638.0,9614.5,9616.0,3766,0.0,0.0,POLYCAB.NS
2026-07-02 14:15:00+05:30,9618.5,9629.5,9611.5,9617.5,1921,0.0,0.0,POLYCAB.NS
2026-07-02 14:30:00+05:30,9616.5,9621.5,9604.5,9617.0,5019,0.0,0.0,POLYCAB.NS
2026-07-02 14:45:00+05:30,9615.0,9625.0,9600.5,9610.0,8421,0.0,0.0,POLYCAB.NS
2026-07-02 15:00:00+05:30,9617.5,9644.5,9610.0,9635.5,22868,0.0,0.0,POLYCAB.NS
2026-07-02 15:15:00+05:30,9639.0,9646.0,9631.0,9640.5,18345,0.0,0.0,POLYCAB.NS
2026-07-03 09:15:00+05:30,9682.0,9682.0,9578.5,9635.5,18361,0.0,0.0,POLYCAB.NS
2026-07-03 09:30:00+05:30,9637.0,9668.5,9635.5,9649.0,16578,0.0,0.0,POLYCAB.NS
2026-07-03 09:45:00+05:30,9655.0,9655.0,9601.5,9635.5,10576,0.0,0.0,POLYCAB.NS
2026-07-03 10:00:00+05:30,9626.5,9628.0,9603.0,9612.0,7807,0.0,0.0,POLYCAB.NS
2026-07-03 10:15:00+05:30,9612.0,9620.5,9600.0,9610.0,4556,0.0,0.0,POLYCAB.NS
2026-07-03 10:30:00+05:30,9610.0,9634.0,9610.0,9625.5,2601,0.0,0.0,POLYCAB.NS
2026-07-03 10:45:00+05:30,9623.0,9628.0,9610.0,9614.0,11514,0.0,0.0,POLYCAB.NS
2026-07-03 11:00:00+05:30,9615.5,9618.0,9589.5,9605.5,5350,0.0,0.0,POLYCAB.NS
2026-07-03 11:15:00+05:30,9605.5,9618.5,9591.0,9592.0,2671,0.0,0.0,POLYCAB.NS
2026-07-03 11:30:00+05:30,9591.0,9598.5,9552.0,9561.0,7163,0.0,0.0,POLYCAB.NS
2026-07-03 11:45:00+05:30,9560.0,9577.5,9553.0,9573.0,5738,0.0,0.0,POLYCAB.NS
2026-07-03 12:00:00+05:30,9573.0,9598.0,9572.0,9594.0,6521,0.0,0.0,POLYCAB.NS
2026-07-03 12:15:00+05:30,9594.0,9604.0,9585.5,9600.5,6225,0.0,0.0,POLYCAB.NS
2026-07-03 12:30:00+05:30,9599.0,9602.0,9579.5,9590.0,4704,0.0,0.0,POLYCAB.NS
2026-07-03 12:45:00+05:30,9589.0,9620.0,9587.5,9608.5,5398,0.0,0.0,POLYCAB.NS
2026-07-03 13:00:00+05:30,9611.5,9612.0,9583.0,9593.0,9121,0.0,0.0,POLYCAB.NS
2026-07-03 13:15:00+05:30,9589.5,9613.0,9585.0,9608.5,3979,0.0,0.0,POLYCAB.NS
2026-07-03 13:30:00+05:30,9608.5,9608.5,9588.0,9588.0,4179,0.0,0.0,POLYCAB.NS
2026-07-03 13:45:00+05:30,9588.0,9598.0,9585.5,9593.0,3895,0.0,0.0,POLYCAB.NS
2026-07-03 14:00:00+05:30,9590.5,9598.0,9585.0,9595.0,3647,0.0,0.0,POLYCAB.NS
2026-07-03 14:15:00+05:30,9595.0,9597.0,9578.5,9588.5,5430,0.0,0.0,POLYCAB.NS
2026-07-03 14:30:00+05:30,9588.5,9598.0,9566.0,9567.5,7227,0.0,0.0,POLYCAB.NS
2026-07-03 14:45:00+05:30,9572.0,9578.0,9559.5,9565.0,6837,0.0,0.0,POLYCAB.NS
2026-07-03 15:00:00+05:30,9565.0,9568.0,9541.5,9553.0,27822,0.0,0.0,POLYCAB.NS
2026-07-03 15:15:00+05:30,9556.5,9556.5,9531.0,9546.5,27900,0.0,0.0,POLYCAB.NS
2026-07-06 09:15:00+05:30,9598.5,9598.5,9545.0,9588.0,6210,0.0,0.0,POLYCAB.NS
2026-07-06 09:30:00+05:30,9585.5,9589.5,9525.5,9531.5,10288,0.0,0.0,POLYCAB.NS
2026-07-06 09:45:00+05:30,9538.0,9538.0,9523.5,9527.0,6267,0.0,0.0,POLYCAB.NS
2026-07-06 10:00:00+05:30,9529.0,9538.0,9501.0,9523.5,12245,0.0,0.0,POLYCAB.NS
2026-07-06 10:15:00+05:30,9523.5,9574.0,9520.0,9533.0,10462,0.0,0.0,POLYCAB.NS
2026-07-06 10:30:00+05:30,9535.0,9541.5,9522.0,9530.0,5029,0.0,0.0,POLYCAB.NS
2026-07-06 10:45:00+05:30,9531.0,9540.0,9526.5,9532.0,2640,0.0,0.0,POLYCAB.NS
2026-07-06 11:00:00+05:30,9532.0,9537.0,9520.0,9528.5,5298,0.0,0.0,POLYCAB.NS
2026-07-06 11:15:00+05:30,9529.0,9534.5,9520.0,9521.0,4206,0.0,0.0,POLYCAB.NS
2026-07-06 11:30:00+05:30,9520.5,9558.0,9520.0,9545.0,5877,0.0,0.0,POLYCAB.NS
2026-07-06 11:45:00+05:30,9543.0,9549.0,9530.5,9538.0,4469,0.0,0.0,POLYCAB.NS
2026-07-06 12:00:00+05:30,9537.5,9541.0,9533.5,9537.0,1825,0.0,0.0,POLYCAB.NS
2026-07-06 12:15:00+05:30,9537.0,9539.5,9520.0,9531.0,3807,0.0,0.0,POLYCAB.NS
2026-07-06 12:30:00+05:30,9532.0,9554.0,9530.5,9542.0,4104,0.0,0.0,POLYCAB.NS
2026-07-06 12:45:00+05:30,9542.5,9548.5,9520.0,9520.0,6006,0.0,0.0,POLYCAB.NS
2026-07-06 13:00:00+05:30,9520.0,9545.0,9520.0,9535.5,6019,0.0,0.0,POLYCAB.NS
2026-07-06 13:15:00+05:30,9534.0,9536.0,9525.0,9532.5,2688,0.0,0.0,POLYCAB.NS
2026-07-06 13:30:00+05:30,9528.0,9541.5,9526.5,9527.5,4076,0.0,0.0,POLYCAB.NS
2026-07-06 13:45:00+05:30,9531.5,9540.0,9520.0,9525.5,5236,0.0,0.0,POLYCAB.NS
2026-07-06 14:00:00+05:30,9526.5,9533.0,9521.0,9521.5,3836,0.0,0.0,POLYCAB.NS
2026-07-06 14:15:00+05:30,9521.0,9548.0,9513.0,9544.0,8629,0.0,0.0,POLYCAB.NS
2026-07-06 14:30:00+05:30,9544.0,9606.0,9540.5,9564.0,17462,0.0,0.0,POLYCAB.NS
2026-07-06 14:45:00+05:30,9562.0,9580.0,9554.5,9577.0,10537,0.0,0.0,POLYCAB.NS
2026-07-06 15:00:00+05:30,9583.5,9583.5,9565.5,9571.0,16739,0.0,0.0,POLYCAB.NS
2026-07-06 15:15:00+05:30,9571.0,9608.0,9569.5,9570.5,18785,0.0,0.0,POLYCAB.NS
2026-07-07 09:15:00+05:30,9589.5,9589.5,9485.5,9498.5,13306,0.0,0.0,POLYCAB.NS
2026-07-07 09:30:00+05:30,9500.5,9512.0,9471.0,9493.0,8989,0.0,0.0,POLYCAB.NS
2026-07-07 09:45:00+05:30,9493.0,9502.5,9471.0,9472.0,5053,0.0,0.0,POLYCAB.NS
2026-07-07 10:00:00+05:30,9472.0,9488.0,9445.0,9464.0,8255,0.0,0.0,POLYCAB.NS
2026-07-07 10:15:00+05:30,9462.0,9475.5,9450.0,9475.5,1922,0.0,0.0,POLYCAB.NS
2026-07-07 10:30:00+05:30,9479.5,9489.0,9464.0,9468.5,2814,0.0,0.0,POLYCAB.NS
2026-07-07 10:45:00+05:30,9469.0,9486.0,9464.5,9483.5,2379,0.0,0.0,POLYCAB.NS
2026-07-07 11:00:00+05:30,9482.5,9495.5,9468.0,9489.0,6668,0.0,0.0,POLYCAB.NS
2026-07-07 11:15:00+05:30,9489.0,9511.5,9488.5,9505.0,4583,0.0,0.0,POLYCAB.NS
2026-07-07 11:30:00+05:30,9505.0,9525.0,9503.0,9515.0,3342,0.0,0.0,POLYCAB.NS
2026-07-07 11:45:00+05:30,9512.0,9523.5,9502.0,9514.0,2621,0.0,0.0,POLYCAB.NS
2026-07-07 12:00:00+05:30,9513.0,9513.0,9477.5,9480.0,4189,0.0,0.0,POLYCAB.NS
2026-07-07 12:15:00+05:30,9480.0,9489.0,9460.5,9480.5,3087,0.0,0.0,POLYCAB.NS
2026-07-07 12:30:00+05:30,9480.5,9486.0,9467.0,9482.0,3751,0.0,0.0,POLYCAB.NS
2026-07-07 12:45:00+05:30,9478.5,9489.0,9473.0,9486.5,2031,0.0,0.0,POLYCAB.NS
2026-07-07 13:00:00+05:30,9489.0,9491.5,9479.5,9486.0,3275,0.0,0.0,POLYCAB.NS
2026-07-07 13:15:00+05:30,9481.5,9490.5,9479.5,9481.0,4317,0.0,0.0,POLYCAB.NS
2026-07-07 13:30:00+05:30,9481.5,9490.0,9472.5,9489.0,1811,0.0,0.0,POLYCAB.NS
2026-07-07 13:45:00+05:30,9489.0,9497.5,9481.0,9492.0,2896,0.0,0.0,POLYCAB.NS
2026-07-07 14:00:00+05:30,9497.0,9519.0,9492.5,9499.5,6570,0.0,0.0,POLYCAB.NS
2026-07-07 14:15:00+05:30,9498.5,9500.0,9453.0,9461.0,13979,0.0,0.0,POLYCAB.NS
2026-07-07 14:30:00+05:30,9461.0,9461.0,9430.0,9433.5,13598,0.0,0.0,POLYCAB.NS
2026-07-07 14:45:00+05:30,9433.5,9460.0,9433.5,9442.0,6279,0.0,0.0,POLYCAB.NS
2026-07-07 15:00:00+05:30,9436.5,9450.0,9430.0,9438.0,14678,0.0,0.0,POLYCAB.NS
2026-07-07 15:15:00+05:30,9436.0,9438.0,9355.0,9401.0,36062,0.0,0.0,POLYCAB.NS
2026-07-08 09:15:00+05:30,9312.0,9376.0,9284.0,9347.5,7395,0.0,0.0,POLYCAB.NS
2026-07-08 09:30:00+05:30,9345.0,9355.0,9322.5,9342.5,4317,0.0,0.0,POLYCAB.NS
2026-07-08 09:45:00+05:30,9339.0,9390.0,9325.0,9388.0,9883,0.0,0.0,POLYCAB.NS
2026-07-08 10:00:00+05:30,9386.0,9412.0,9380.0,9385.0,9571,0.0,0.0,POLYCAB.NS
2026-07-08 10:15:00+05:30,9383.0,9394.5,9348.0,9382.0,5866,0.0,0.0,POLYCAB.NS
2026-07-08 10:30:00+05:30,9370.5,9375.0,9356.0,9360.5,3294,0.0,0.0,POLYCAB.NS
2026-07-08 10:45:00+05:30,9360.5,9377.5,9351.5,9353.0,2851,0.0,0.0,POLYCAB.NS
2026-07-08 11:00:00+05:30,9354.0,9379.0,9349.0,9375.0,4195,0.0,0.0,POLYCAB.NS
2026-07-08 11:15:00+05:30,9378.0,9378.0,9353.5,9360.0,6790,0.0,0.0,POLYCAB.NS
2026-07-08 11:30:00+05:30,9359.5,9364.0,9347.5,9353.0,2134,0.0,0.0,POLYCAB.NS
2026-07-08 11:45:00+05:30,9354.5,9368.0,9347.5,9366.0,2105,0.0,0.0,POLYCAB.NS
2026-07-08 12:00:00+05:30,9365.5,9376.0,9356.0,9376.0,1887,0.0,0.0,POLYCAB.NS
2026-07-08 12:15:00+05:30,9376.0,9379.5,9361.0,9361.0,2214,0.0,0.0,POLYCAB.NS
2026-07-08 12:30:00+05:30,9361.0,9363.5,9332.0,9340.0,5853,0.0,0.0,POLYCAB.NS
2026-07-08 12:45:00+05:30,9340.0,9350.0,9336.0,9349.0,10086,0.0,0.0,POLYCAB.NS
2026-07-08 13:00:00+05:30,9347.5,9348.0,9319.5,9327.0,5852,0.0,0.0,POLYCAB.NS
2026-07-08 13:15:00+05:30,9327.0,9327.0,9304.0,9305.5,10519,0.0,0.0,POLYCAB.NS
2026-07-08 13:30:00+05:30,9303.0,9320.0,9295.0,9304.5,14893,0.0,0.0,POLYCAB.NS
2026-07-08 13:45:00+05:30,9300.0,9301.0,9222.0,9223.0,16214,0.0,0.0,POLYCAB.NS
2026-07-08 14:00:00+05:30,9222.5,9230.5,9190.5,9201.0,14918,0.0,0.0,POLYCAB.NS
2026-07-08 14:15:00+05:30,9195.5,9230.0,9192.0,9209.5,8826,0.0,0.0,POLYCAB.NS
2026-07-08 14:30:00+05:30,9213.5,9224.0,9192.5,9211.5,7225,0.0,0.0,POLYCAB.NS
2026-07-08 14:45:00+05:30,9208.0,9209.0,9189.0,9194.5,8095,0.0,0.0,POLYCAB.NS
2026-07-08 15:00:00+05:30,9191.0,9250.0,9191.0,9243.5,58408,0.0,0.0,POLYCAB.NS
2026-07-08 15:15:00+05:30,9244.5,9278.0,9241.0,9278.0,37613,0.0,0.0,POLYCAB.NS
2026-07-09 09:15:00+05:30,9308.0,9308.0,9222.0,9222.0,16460,0.0,0.0,POLYCAB.NS
2026-07-09 09:30:00+05:30,9220.5,9220.5,9073.0,9102.0,49987,0.0,0.0,POLYCAB.NS
2026-07-09 09:45:00+05:30,9099.0,9107.0,9011.0,9027.0,29994,0.0,0.0,POLYCAB.NS
2026-07-09 10:00:00+05:30,9020.0,9104.5,9020.0,9068.5,17935,0.0,0.0,POLYCAB.NS
2026-07-09 10:15:00+05:30,9071.0,9099.0,9034.5,9045.0,17134,0.0,0.0,POLYCAB.NS
2026-07-09 10:30:00+05:30,9042.0,9062.0,9024.5,9047.0,16429,0.0,0.0,POLYCAB.NS
2026-07-09 10:45:00+05:30,9045.0,9061.0,9008.5,9015.0,17888,0.0,0.0,POLYCAB.NS
2026-07-09 11:00:00+05:30,9015.0,9019.0,9001.5,9012.5,14119,0.0,0.0,POLYCAB.NS
2026-07-09 11:15:00+05:30,9011.0,9048.5,9008.5,9041.0,7907,0.0,0.0,POLYCAB.NS
2026-07-09 11:30:00+05:30,9044.0,9058.0,9026.0,9058.0,13309,0.0,0.0,POLYCAB.NS
2026-07-09 11:45:00+05:30,9058.0,9068.0,9005.0,9007.5,13913,0.0,0.0,POLYCAB.NS
2026-07-09 12:00:00+05:30,9005.0,9025.0,9005.0,9011.5,7178,0.0,0.0,POLYCAB.NS
2026-07-09 12:15:00+05:30,9011.5,9037.0,9007.0,9036.5,7096,0.0,0.0,POLYCAB.NS
2026-07-09 12:30:00+05:30,9033.5,9059.0,9032.0,9048.0,12351,0.0,0.0,POLYCAB.NS
2026-07-09 12:45:00+05:30,9048.0,9072.0,9046.0,9065.0,9464,0.0,0.0,POLYCAB.NS
2026-07-09 13:00:00+05:30,9065.0,9095.5,9050.0,9095.5,10981,0.0,0.0,POLYCAB.NS
2026-07-09 13:15:00+05:30,9095.5,9118.0,9094.0,9113.0,13982,0.0,0.0,POLYCAB.NS
2026-07-09 13:30:00+05:30,9114.0,9149.5,9103.0,9132.0,21602,0.0,0.0,POLYCAB.NS
2026-07-09 13:45:00+05:30,9132.0,9152.0,9119.0,9128.0,22572,0.0,0.0,POLYCAB.NS
2026-07-09 14:00:00+05:30,9128.0,9149.5,9126.0,9144.5,16341,0.0,0.0,POLYCAB.NS
2026-07-09 14:15:00+05:30,9144.5,9150.0,9105.0,9122.5,37623,0.0,0.0,POLYCAB.NS
2026-07-09 14:30:00+05:30,9117.5,9125.5,9100.0,9103.0,12378,0.0,0.0,POLYCAB.NS
2026-07-09 14:45:00+05:30,9104.0,9118.0,9066.5,9076.5,25501,0.0,0.0,POLYCAB.NS
2026-07-09 15:00:00+05:30,9075.5,9081.5,9050.0,9062.0,23159,0.0,0.0,POLYCAB.NS
2026-07-09 15:15:00+05:30,9057.0,9104.5,9057.0,9074.0,42819,0.0,0.0,POLYCAB.NS
2026-07-10 09:15:00+05:30,9134.5,9135.5,9091.5,9112.0,9032,0.0,0.0,POLYCAB.NS
2026-07-10 09:30:00+05:30,9114.0,9135.5,9105.0,9115.5,5757,0.0,0.0,POLYCAB.NS
2026-07-10 09:45:00+05:30,9117.0,9145.0,9100.0,9141.0,25397,0.0,0.0,POLYCAB.NS
2026-07-10 10:00:00+05:30,9142.5,9161.5,9126.0,9133.0,12060,0.0,0.0,POLYCAB.NS
2026-07-10 10:15:00+05:30,9128.5,9155.5,9102.0,9130.0,9975,0.0,0.0,POLYCAB.NS
2026-07-10 10:30:00+05:30,9134.5,9134.5,9105.0,9123.5,5624,0.0,0.0,POLYCAB.NS
2026-07-10 10:45:00+05:30,9127.0,9127.0,9107.0,9108.5,54971,0.0,0.0,POLYCAB.NS
2026-07-10 11:00:00+05:30,9113.0,9115.5,9107.5,9115.0,12111,0.0,0.0,POLYCAB.NS
2026-07-10 11:15:00+05:30,9112.0,9129.5,9104.5,9107.5,17818,0.0,0.0,POLYCAB.NS
2026-07-10 11:30:00+05:30,9106.5,9112.0,9094.0,9105.0,24496,0.0,0.0,POLYCAB.NS
2026-07-10 11:45:00+05:30,9105.0,9110.0,9100.0,9107.0,6700,0.0,0.0,POLYCAB.NS
2026-07-10 12:00:00+05:30,9124.0,9135.0,9121.5,9127.0,11001,0.0,0.0,POLYCAB.NS
2026-07-10 12:15:00+05:30,9127.0,9147.0,9125.5,9140.0,10447,0.0,0.0,POLYCAB.NS
2026-07-10 12:30:00+05:30,9140.0,9149.5,9125.0,9130.0,9424,0.0,0.0,POLYCAB.NS
2026-07-10 12:45:00+05:30,9130.0,9135.5,9125.0,9130.0,5085,0.0,0.0,POLYCAB.NS
2026-07-10 13:00:00+05:30,9128.0,9168.0,9125.0,9168.0,54574,0.0,0.0,POLYCAB.NS
2026-07-10 13:15:00+05:30,9168.0,9218.5,9168.0,9202.0,19454,0.0,0.0,POLYCAB.NS
2026-07-10 13:30:00+05:30,9202.0,9206.0,9180.0,9185.0,6841,0.0,0.0,POLYCAB.NS
2026-07-10 13:45:00+05:30,9185.0,9208.0,9181.0,9201.0,6359,0.0,0.0,POLYCAB.NS
2026-07-10 14:00:00+05:30,9203.5,9219.5,9190.0,9193.5,9089,0.0,0.0,POLYCAB.NS
2026-07-10 14:15:00+05:30,9194.5,9205.5,9193.0,9203.5,5275,0.0,0.0,POLYCAB.NS
2026-07-10 14:30:00+05:30,9208.0,9209.0,9190.0,9202.5,8013,0.0,0.0,POLYCAB.NS
2026-07-10 14:45:00+05:30,9201.5,9205.0,9182.0,9189.5,7271,0.0,0.0,POLYCAB.NS
2026-07-10 15:00:00+05:30,9183.5,9228.5,9183.5,9200.0,24579,0.0,0.0,POLYCAB.NS
2026-07-10 15:15:00+05:30,9202.5,9230.0,9184.0,9230.0,22852,0.0,0.0,POLYCAB.NS
2026-07-13 09:15:00+05:30,9175.5,9280.5,9155.5,9272.5,16788,0.0,0.0,POLYCAB.NS
2026-07-13 09:30:00+05:30,9270.5,9379.5,9270.5,9348.5,29499,0.0,0.0,POLYCAB.NS
2026-07-13 09:45:00+05:30,9349.0,9380.5,9344.0,9376.0,14848,0.0,0.0,POLYCAB.NS
2026-07-13 10:00:00+05:30,9376.0,9427.0,9352.0,9405.0,20766,0.0,0.0,POLYCAB.NS
2026-07-13 10:15:00+05:30,9408.0,9412.0,9341.0,9341.0,11053,0.0,0.0,POLYCAB.NS
2026-07-13 10:30:00+05:30,9338.5,9362.0,9320.0,9327.5,36553,0.0,0.0,POLYCAB.NS
2026-07-13 10:45:00+05:30,9326.0,9330.5,9313.0,9321.5,17642,0.0,0.0,POLYCAB.NS
2026-07-13 11:00:00+05:30,9321.0,9326.0,9283.0,9304.5,46452,0.0,0.0,POLYCAB.NS
2026-07-13 11:15:00+05:30,9301.0,9318.0,9300.0,9313.0,4077,0.0,0.0,POLYCAB.NS
2026-07-13 11:30:00+05:30,9313.0,9318.5,9302.0,9312.0,4366,0.0,0.0,POLYCAB.NS
2026-07-13 11:45:00+05:30,9312.5,9315.0,9275.0,9280.5,32911,0.0,0.0,POLYCAB.NS
2026-07-13 12:00:00+05:30,9276.0,9297.0,9271.5,9291.5,3747,0.0,0.0,POLYCAB.NS
2026-07-13 12:15:00+05:30,9288.5,9299.5,9274.0,9274.0,2710,0.0,0.0,POLYCAB.NS
2026-07-13 12:30:00+05:30,9277.5,9282.0,9268.0,9278.5,2993,0.0,0.0,POLYCAB.NS
2026-07-13 12:45:00+05:30,9278.5,9306.0,9278.5,9303.0,4292,0.0,0.0,POLYCAB.NS
2026-07-13 13:00:00+05:30,9303.5,9307.0,9296.5,9303.0,7252,0.0,0.0,POLYCAB.NS
2026-07-13 13:15:00+05:30,9300.5,9301.5,9272.0,9273.5,29673,0.0,0.0,POLYCAB.NS
2026-07-13 13:30:00+05:30,9274.0,9286.5,9274.0,9282.5,2403,0.0,0.0,POLYCAB.NS
2026-07-13 13:45:00+05:30,9284.0,9296.0,9281.5,9294.5,1555,0.0,0.0,POLYCAB.NS
2026-07-13 14:00:00+05:30,9295.5,9296.0,9243.0,9285.0,15214,0.0,0.0,POLYCAB.NS
2026-07-13 14:15:00+05:30,9291.5,9301.0,9290.5,9300.0,4396,0.0,0.0,POLYCAB.NS
2026-07-13 14:30:00+05:30,9299.0,9304.5,9295.0,9301.0,2960,0.0,0.0,POLYCAB.NS
2026-07-13 14:45:00+05:30,9302.0,9320.0,9300.0,9308.5,7867,0.0,0.0,POLYCAB.NS
2026-07-13 15:00:00+05:30,9307.0,9312.5,9293.5,9307.5,18441,0.0,0.0,POLYCAB.NS
2026-07-13 15:15:00+05:30,9309.5,9325.0,9299.5,9310.0,20925,0.0,0.0,POLYCAB.NS
2026-07-14 09:15:00+05:30,9289.5,9298.5,9247.5,9255.0,8941,0.0,0.0,POLYCAB.NS
2026-07-14 09:30:00+05:30,9250.0,9280.5,9237.0,9274.5,6087,0.0,0.0,POLYCAB.NS
2026-07-14 09:45:00+05:30,9277.0,9283.0,9265.5,9270.0,15389,0.0,0.0,POLYCAB.NS
2026-07-14 10:00:00+05:30,9252.0,9260.0,9242.0,9255.0,7702,0.0,0.0,POLYCAB.NS
2026-07-14 10:15:00+05:30,9254.5,9256.0,9234.0,9235.5,16920,0.0,0.0,POLYCAB.NS
2026-07-14 10:30:00+05:30,9236.5,9321.0,9232.0,9310.0,26261,0.0,0.0,POLYCAB.NS
2026-07-14 10:45:00+05:30,9311.5,9497.0,9308.0,9479.0,35874,0.0,0.0,POLYCAB.NS
2026-07-14 11:00:00+05:30,9475.5,9532.5,9458.0,9486.0,41946,0.0,0.0,POLYCAB.NS
2026-07-14 11:15:00+05:30,9496.0,9519.0,9434.5,9434.5,19093,0.0,0.0,POLYCAB.NS
2026-07-14 11:30:00+05:30,9434.5,9485.0,9430.0,9446.5,37719,0.0,0.0,POLYCAB.NS
2026-07-14 11:45:00+05:30,9446.5,9500.0,9443.0,9498.0,20955,0.0,0.0,POLYCAB.NS
2026-07-14 12:00:00+05:30,9512.5,9528.0,9495.0,9502.5,22943,0.0,0.0,POLYCAB.NS
2026-07-14 12:15:00+05:30,9504.0,9514.0,9481.0,9486.0,7609,0.0,0.0,POLYCAB.NS
2026-07-14 12:30:00+05:30,9485.0,9547.0,9479.0,9539.5,20241,0.0,0.0,POLYCAB.NS
2026-07-14 12:45:00+05:30,9535.5,9541.0,9513.0,9513.0,11841,0.0,0.0,POLYCAB.NS
2026-07-14 13:00:00+05:30,9515.5,9519.5,9493.5,9494.5,6129,0.0,0.0,POLYCAB.NS
2026-07-14 13:15:00+05:30,9494.0,9495.0,9471.0,9480.0,6364,0.0,0.0,POLYCAB.NS
2026-07-14 13:30:00+05:30,9478.5,9481.5,9446.0,9454.0,6326,0.0,0.0,POLYCAB.NS
2026-07-14 13:45:00+05:30,9456.5,9475.0,9444.5,9444.5,3855,0.0,0.0,POLYCAB.NS
2026-07-14 14:00:00+05:30,9447.0,9502.0,9443.0,9502.0,9308,0.0,0.0,POLYCAB.NS
2026-07-14 14:15:00+05:30,9507.0,9564.0,9501.5,9531.0,29096,0.0,0.0,POLYCAB.NS
2026-07-14 14:30:00+05:30,9530.5,9535.0,9505.0,9527.5,12536,0.0,0.0,POLYCAB.NS
2026-07-14 14:45:00+05:30,9528.0,9537.0,9495.0,9498.0,18048,0.0,0.0,POLYCAB.NS
2026-07-14 15:00:00+05:30,9506.0,9544.0,9497.5,9542.0,31087,0.0,0.0,POLYCAB.NS
2026-07-14 15:15:00+05:30,9542.0,9548.0,9513.0,9530.0,36563,0.0,0.0,POLYCAB.NS
2026-07-15 09:15:00+05:30,9589.5,9632.5,9545.0,9562.0,20489,0.0,0.0,POLYCAB.NS
2026-07-15 09:30:00+05:30,9567.0,9572.5,9472.0,9484.5,20355,0.0,0.0,POLYCAB.NS
2026-07-15 09:45:00+05:30,9481.5,9483.5,9369.0,9381.5,31617,0.0,0.0,POLYCAB.NS
2026-07-15 10:00:00+05:30,9383.0,9386.5,9293.5,9335.0,33334,0.0,0.0,POLYCAB.NS
2026-07-15 10:15:00+05:30,9337.0,9413.5,9333.5,9399.0,21224,0.0,0.0,POLYCAB.NS
2026-07-15 10:30:00+05:30,9406.0,9447.0,9391.0,9405.5,20771,0.0,0.0,POLYCAB.NS
2026-07-15 10:45:00+05:30,9410.0,9446.0,9407.0,9424.5,8119,0.0,0.0,POLYCAB.NS
2026-07-15 11:00:00+05:30,9427.0,9459.0,9422.0,9432.0,8239,0.0,0.0,POLYCAB.NS
2026-07-15 11:15:00+05:30,9432.5,9441.5,9414.5,9419.5,9505,0.0,0.0,POLYCAB.NS
2026-07-15 11:30:00+05:30,9420.0,9456.5,9415.0,9456.5,6397,0.0,0.0,POLYCAB.NS
2026-07-15 11:45:00+05:30,9455.5,9477.0,9448.0,9450.0,8258,0.0,0.0,POLYCAB.NS
2026-07-15 12:00:00+05:30,9448.5,9475.0,9442.0,9464.0,7378,0.0,0.0,POLYCAB.NS
2026-07-15 12:15:00+05:30,9465.5,9468.0,9442.0,9453.5,6031,0.0,0.0,POLYCAB.NS
2026-07-15 12:30:00+05:30,9453.5,9475.0,9435.0,9470.0,13051,0.0,0.0,POLYCAB.NS
2026-07-15 12:45:00+05:30,9470.0,9474.0,9387.0,9393.0,44942,0.0,0.0,POLYCAB.NS
2026-07-15 13:00:00+05:30,9397.0,9400.0,9371.0,9379.5,7463,0.0,0.0,POLYCAB.NS
2026-07-15 13:15:00+05:30,9376.0,9396.0,9350.0,9389.5,10302,0.0,0.0,POLYCAB.NS
2026-07-15 13:30:00+05:30,9390.0,9390.0,9350.0,9356.5,6863,0.0,0.0,POLYCAB.NS
2026-07-15 13:45:00+05:30,9354.5,9367.5,9340.0,9363.5,11213,0.0,0.0,POLYCAB.NS
2026-07-15 14:00:00+05:30,9364.0,9389.0,9358.5,9368.0,11151,0.0,0.0,POLYCAB.NS
2026-07-15 14:15:00+05:30,9368.0,9379.0,9346.0,9362.0,9723,0.0,0.0,POLYCAB.NS
2026-07-15 14:30:00+05:30,9362.0,9362.0,9347.0,9347.0,7933,0.0,0.0,POLYCAB.NS
2026-07-15 14:45:00+05:30,9346.0,9349.0,9329.0,9331.0,11605,0.0,0.0,POLYCAB.NS
2026-07-15 15:00:00+05:30,9324.5,9354.0,9315.0,9338.5,18114,0.0,0.0,POLYCAB.NS
2026-07-15 15:15:00+05:30,9339.0,9339.0,9292.5,9300.0,40169,0.0,0.0,POLYCAB.NS
2026-07-16 09:15:00+05:30,9302.0,9399.0,9284.5,9316.5,49767,0.0,0.0,POLYCAB.NS
2026-07-16 09:30:00+05:30,9322.0,9349.5,9295.0,9326.5,13402,0.0,0.0,POLYCAB.NS
2026-07-16 09:45:00+05:30,9325.0,9334.0,9291.0,9304.0,7183,0.0,0.0,POLYCAB.NS
2026-07-16 10:00:00+05:30,9317.0,9340.5,9297.5,9313.0,7923,0.0,0.0,POLYCAB.NS
2026-07-16 10:15:00+05:30,9315.0,9338.5,9301.5,9307.0,9895,0.0,0.0,POLYCAB.NS
2026-07-16 10:30:00+05:30,9307.5,9329.0,9260.0,9319.0,11723,0.0,0.0,POLYCAB.NS
2026-07-16 10:45:00+05:30,9324.0,9381.0,9306.0,9310.0,15112,0.0,0.0,POLYCAB.NS
2026-07-16 11:00:00+05:30,9311.5,9355.0,9310.5,9334.0,8645,0.0,0.0,POLYCAB.NS
2026-07-16 11:15:00+05:30,9334.5,9338.0,9300.0,9314.0,6595,0.0,0.0,POLYCAB.NS
2026-07-16 11:30:00+05:30,9314.0,9321.5,9293.5,9305.0,7590,0.0,0.0,POLYCAB.NS
2026-07-16 11:45:00+05:30,9300.0,9308.5,9275.0,9287.0,5399,0.0,0.0,POLYCAB.NS
2026-07-16 12:00:00+05:30,9287.0,9291.5,9278.5,9286.0,4104,0.0,0.0,POLYCAB.NS
2026-07-16 12:15:00+05:30,9287.5,9350.0,9286.0,9303.0,15772,0.0,0.0,POLYCAB.NS
2026-07-16 12:30:00+05:30,9303.0,9367.5,9295.0,9358.5,16706,0.0,0.0,POLYCAB.NS
2026-07-16 12:45:00+05:30,9360.0,9363.0,9317.5,9325.0,10200,0.0,0.0,POLYCAB.NS
2026-07-16 13:00:00+05:30,9323.5,9345.0,9305.5,9319.5,9279,0.0,0.0,POLYCAB.NS
2026-07-16 13:15:00+05:30,9322.5,9345.0,9290.0,9296.0,11378,0.0,0.0,POLYCAB.NS
2026-07-16 13:30:00+05:30,9296.0,9315.0,9275.0,9308.0,13813,0.0,0.0,POLYCAB.NS
2026-07-16 13:45:00+05:30,9307.0,9406.0,9274.0,9404.5,94511,0.0,0.0,POLYCAB.NS
2026-07-16 14:00:00+05:30,9399.0,9410.5,9106.5,9166.0,172927,0.0,0.0,POLYCAB.NS
2026-07-16 14:15:00+05:30,9170.0,9219.5,9117.5,9142.0,62246,0.0,0.0,POLYCAB.NS
2026-07-16 14:30:00+05:30,9144.5,9220.0,9075.0,9185.0,76910,0.0,0.0,POLYCAB.NS
2026-07-16 14:45:00+05:30,9184.0,9224.5,9140.0,9154.0,52250,0.0,0.0,POLYCAB.NS
2026-07-16 15:00:00+05:30,9151.0,9234.5,9147.0,9190.5,57091,0.0,0.0,POLYCAB.NS
2026-07-16 15:15:00+05:30,9189.5,9253.5,9189.5,9245.0,66258,0.0,0.0,POLYCAB.NS
2026-07-17 09:15:00+05:30,9117.5,9117.5,8886.0,8948.5,106949,0.0,0.0,POLYCAB.NS
2026-07-17 09:30:00+05:30,8950.0,9025.0,8917.0,8917.0,60497,0.0,0.0,POLYCAB.NS
2026-07-17 09:45:00+05:30,8918.5,8950.0,8890.0,8949.0,53512,0.0,0.0,POLYCAB.NS
2026-07-17 10:00:00+05:30,8949.0,8949.0,8911.0,8920.0,16105,0.0,0.0,POLYCAB.NS
2026-07-17 10:15:00+05:30,8915.5,8950.0,8912.0,8938.5,18091,0.0,0.0,POLYCAB.NS
2026-07-17 10:30:00+05:30,8940.5,8940.5,8910.0,8934.5,12227,0.0,0.0,POLYCAB.NS
2026-07-17 10:45:00+05:30,8934.5,8934.5,8888.0,8892.0,22571,0.0,0.0,POLYCAB.NS
2026-07-17 11:00:00+05:30,8890.0,8897.0,8862.0,8885.5,31239,0.0,0.0,POLYCAB.NS
2026-07-17 11:15:00+05:30,8885.0,8885.0,8863.0,8880.0,18800,0.0,0.0,POLYCAB.NS
2026-07-17 11:30:00+05:30,8881.0,8883.5,8861.0,8878.0,13425,0.0,0.0,POLYCAB.NS
2026-07-17 11:45:00+05:30,8878.5,8892.0,8870.0,8873.0,9485,0.0,0.0,POLYCAB.NS
2026-07-17 12:00:00+05:30,8872.0,8885.0,8856.0,8877.5,16425,0.0,0.0,POLYCAB.NS
2026-07-17 12:15:00+05:30,8875.0,8879.5,8850.0,8852.0,12697,0.0,0.0,POLYCAB.NS
2026-07-17 12:30:00+05:30,8856.5,8864.0,8853.0,8859.5,11700,0.0,0.0,POLYCAB.NS
2026-07-17 12:45:00+05:30,8857.5,8888.5,8855.0,8869.0,24599,0.0,0.0,POLYCAB.NS
2026-07-17 13:00:00+05:30,8872.5,8908.0,8867.5,8893.0,22779,0.0,0.0,POLYCAB.NS
2026-07-17 13:15:00+05:30,8893.0,8896.5,8865.0,8875.0,11904,0.0,0.0,POLYCAB.NS
2026-07-17 13:30:00+05:30,8875.5,8888.5,8870.0,8880.5,7129,0.0,0.0,POLYCAB.NS
2026-07-17 13:45:00+05:30,8880.0,8888.0,8874.0,8887.5,9662,0.0,0.0,POLYCAB.NS
2026-07-17 14:00:00+05:30,8885.0,8885.0,8858.0,8863.0,12009,0.0,0.0,POLYCAB.NS
2026-07-17 14:15:00+05:30,8863.0,8892.5,8860.0,8865.5,16880,0.0,0.0,POLYCAB.NS
2026-07-17 14:30:00+05:30,8868.5,8882.0,8856.0,8878.0,15520,0.0,0.0,POLYCAB.NS
2026-07-17 14:45:00+05:30,8880.0,8890.0,8875.0,8887.0,21865,0.0,0.0,POLYCAB.NS
2026-07-17 15:00:00+05:30,8886.0,8894.0,8866.0,8877.5,36079,0.0,0.0,POLYCAB.NS
2026-07-17 15:15:00+05:30,8882.0,8882.5,8827.5,8862.0,63457,0.0,0.0,POLYCAB.NS
2026-07-20 09:15:00+05:30,8847.5,8877.5,8791.0,8861.5,18668,0.0,0.0,POLYCAB.NS
2026-07-20 09:30:00+05:30,8862.0,8937.5,8855.0,8905.0,39124,0.0,0.0,POLYCAB.NS
2026-07-20 09:45:00+05:30,8909.5,8928.0,8878.0,8889.5,13174,0.0,0.0,POLYCAB.NS
2026-07-20 10:00:00+05:30,8891.5,8891.5,8842.5,8882.0,12433,0.0,0.0,POLYCAB.NS
2026-07-20 10:15:00+05:30,8882.0,8917.5,8880.0,8895.5,8510,0.0,0.0,POLYCAB.NS
2026-07-20 10:30:00+05:30,8899.0,8910.0,8882.0,8891.5,5751,0.0,0.0,POLYCAB.NS
2026-07-20 10:45:00+05:30,8894.0,8915.0,8891.0,8905.5,5781,0.0,0.0,POLYCAB.NS
2026-07-20 11:00:00+05:30,8907.5,8910.5,8890.0,8903.5,5705,0.0,0.0,POLYCAB.NS
2026-07-20 11:15:00+05:30,8906.0,8906.5,8872.0,8878.5,5392,0.0,0.0,POLYCAB.NS
2026-07-20 11:30:00+05:30,8880.5,8882.0,8845.0,8862.0,7077,0.0,0.0,POLYCAB.NS
2026-07-20 11:45:00+05:30,8864.5,8886.0,8855.0,8884.0,5066,0.0,0.0,POLYCAB.NS
2026-07-20 12:00:00+05:30,8884.0,8894.0,8872.5,8880.0,5032,0.0,0.0,POLYCAB.NS
2026-07-20 12:15:00+05:30,8880.0,8891.0,8875.0,8885.5,3918,0.0,0.0,POLYCAB.NS
2026-07-20 12:30:00+05:30,8887.0,8892.0,8873.0,8875.0,3773,0.0,0.0,POLYCAB.NS
2026-07-20 12:45:00+05:30,8876.5,8906.0,8875.0,8876.0,8061,0.0,0.0,POLYCAB.NS
2026-07-20 13:00:00+05:30,8876.0,8890.0,8873.0,8889.5,7765,0.0,0.0,POLYCAB.NS
2026-07-20 13:15:00+05:30,8884.5,8903.5,8878.0,8892.0,3734,0.0,0.0,POLYCAB.NS
2026-07-20 13:30:00+05:30,8890.0,8900.5,8887.5,8894.5,3631,0.0,0.0,POLYCAB.NS
2026-07-20 13:45:00+05:30,8892.0,8900.0,8884.0,8894.5,3380,0.0,0.0,POLYCAB.NS
2026-07-20 14:00:00+05:30,8891.5,8896.0,8883.0,8892.0,4179,0.0,0.0,POLYCAB.NS
2026-07-20 14:15:00+05:30,8889.5,8895.5,8875.0,8881.0,5268,0.0,0.0,POLYCAB.NS
2026-07-20 14:30:00+05:30,8883.0,8890.0,8847.0,8885.0,21799,0.0,0.0,POLYCAB.NS
2026-07-20 14:45:00+05:30,8884.5,8900.0,8881.0,8896.5,8388,0.0,0.0,POLYCAB.NS
2026-07-20 15:00:00+05:30,8897.0,8899.5,8875.5,8888.5,14500,0.0,0.0,POLYCAB.NS
2026-07-20 15:15:00+05:30,8885.5,8891.5,8876.0,8885.0,20176,0.0,0.0,POLYCAB.NS
2026-07-21 09:15:00+05:30,8930.0,8930.0,8888.0,8914.5,11710,0.0,0.0,POLYCAB.NS
2026-07-21 09:30:00+05:30,8915.5,8917.0,8882.5,8896.5,15095,0.0,0.0,POLYCAB.NS
2026-07-21 09:45:00+05:30,8899.5,8903.0,8888.0,8888.0,5755,0.0,0.0,POLYCAB.NS
2026-07-21 10:00:00+05:30,8885.0,8905.0,8876.0,8895.0,7325,0.0,0.0,POLYCAB.NS
2026-07-21 10:15:00+05:30,8892.5,8896.0,8852.0,8860.0,8554,0.0,0.0,POLYCAB.NS
2026-07-21 10:30:00+05:30,8859.0,8860.0,8838.5,8850.0,10387,0.0,0.0,POLYCAB.NS
2026-07-21 10:45:00+05:30,8850.0,8854.5,8840.5,8842.5,5263,0.0,0.0,POLYCAB.NS
2026-07-21 11:00:00+05:30,8842.5,8850.0,8831.0,8833.0,5554,0.0,0.0,POLYCAB.NS
2026-07-21 11:15:00+05:30,8833.0,8869.5,8832.0,8860.5,4234,0.0,0.0,POLYCAB.NS
2026-07-21 11:30:00+05:30,8862.0,8873.0,8845.0,8848.0,4057,0.0,0.0,POLYCAB.NS
2026-07-21 11:45:00+05:30,8846.0,8852.0,8841.0,8847.0,7905,0.0,0.0,POLYCAB.NS
2026-07-21 12:00:00+05:30,8849.0,8884.0,8849.0,8884.0,5094,0.0,0.0,POLYCAB.NS
2026-07-21 12:15:00+05:30,8883.0,8886.5,8870.5,8879.0,4756,0.0,0.0,POLYCAB.NS
2026-07-21 12:30:00+05:30,8880.0,8902.5,8879.0,8898.0,8455,0.0,0.0,POLYCAB.NS
2026-07-21 12:45:00+05:30,8899.5,8900.0,8884.0,8886.5,3738,0.0,0.0,POLYCAB.NS
2026-07-21 13:00:00+05:30,8887.5,8896.5,8881.5,8891.5,3047,0.0,0.0,POLYCAB.NS
2026-07-21 13:15:00+05:30,8891.0,8892.0,8882.0,8886.0,2276,0.0,0.0,POLYCAB.NS
2026-07-21 13:30:00+05:30,8886.0,8906.0,8882.0,8901.5,3781,0.0,0.0,POLYCAB.NS
2026-07-21 13:45:00+05:30,8900.5,8906.5,8888.5,8906.5,8270,0.0,0.0,POLYCAB.NS
2026-07-21 14:00:00+05:30,8908.0,8915.0,8899.0,8909.5,9498,0.0,0.0,POLYCAB.NS
2026-07-21 14:15:00+05:30,8908.5,8911.5,8900.5,8909.5,14050,0.0,0.0,POLYCAB.NS
2026-07-21 14:30:00+05:30,8909.5,8912.5,8896.5,8900.5,16751,0.0,0.0,POLYCAB.NS
2026-07-21 14:45:00+05:30,8901.5,8902.5,8894.0,8897.5,5499,0.0,0.0,POLYCAB.NS
2026-07-21 15:00:00+05:30,8898.0,8914.0,8897.5,8903.0,22971,0.0,0.0,POLYCAB.NS
2026-07-21 15:15:00+05:30,8902.0,8910.0,8894.0,8910.0,32103,0.0,0.0,POLYCAB.NS
2026-07-22 09:15:00+05:30,8915.0,8990.5,8896.5,8908.0,21731,0.0,0.0,POLYCAB.NS
2026-07-22 09:30:00+05:30,8907.5,8914.0,8886.0,8900.0,16906,0.0,0.0,POLYCAB.NS
2026-07-22 09:45:00+05:30,8900.0,8946.0,8897.5,8945.0,17165,0.0,0.0,POLYCAB.NS
2026-07-22 10:00:00+05:30,8946.0,9130.5,8943.5,9117.0,117255,0.0,0.0,POLYCAB.NS
2026-07-22 10:15:00+05:30,9115.5,9120.0,9039.0,9072.5,46044,0.0,0.0,POLYCAB.NS
2026-07-22 10:30:00+05:30,9074.0,9149.0,9062.0,9073.5,42564,0.0,0.0,POLYCAB.NS
2026-07-22 10:45:00+05:30,9069.0,9095.5,9067.0,9074.5,15737,0.0,0.0,POLYCAB.NS
2026-07-22 11:00:00+05:30,9073.5,9119.0,9070.0,9094.5,15495,0.0,0.0,POLYCAB.NS
2026-07-22 11:15:00+05:30,9094.5,9105.0,9083.0,9100.0,9717,0.0,0.0,POLYCAB.NS
2026-07-22 11:30:00+05:30,9100.0,9185.0,9100.0,9181.5,40120,0.0,0.0,POLYCAB.NS
2026-07-22 11:45:00+05:30,9180.5,9199.5,9111.5,9112.5,44498,0.0,0.0,POLYCAB.NS
2026-07-22 12:00:00+05:30,9112.5,9119.5,9100.0,9114.0,16919,0.0,0.0,POLYCAB.NS
2026-07-22 12:15:00+05:30,9115.0,9142.0,9094.0,9124.0,16899,0.0,0.0,POLYCAB.NS
2026-07-22 12:30:00+05:30,9124.0,9128.0,9086.0,9100.0,11551,0.0,0.0,POLYCAB.NS
2026-07-22 12:45:00+05:30,9100.0,9139.0,9095.5,9122.0,9713,0.0,0.0,POLYCAB.NS
2026-07-22 13:00:00+05:30,9120.0,9120.5,9108.0,9112.5,8438,0.0,0.0,POLYCAB.NS
2026-07-22 13:15:00+05:30,9115.5,9124.5,9100.0,9108.0,5149,0.0,0.0,POLYCAB.NS
2026-07-22 13:30:00+05:30,9102.5,9134.0,9102.5,9127.0,7584,0.0,0.0,POLYCAB.NS
2026-07-22 13:45:00+05:30,9132.0,9134.0,9113.5,9120.0,6667,0.0,0.0,POLYCAB.NS
2026-07-22 14:00:00+05:30,9118.0,9126.0,9088.5,9096.0,11645,0.0,0.0,POLYCAB.NS
2026-07-22 14:15:00+05:30,9099.0,9105.0,9089.0,9089.5,8396,0.0,0.0,POLYCAB.NS
2026-07-22 14:30:00+05:30,9092.5,9099.0,9083.0,9091.5,6595,0.0,0.0,POLYCAB.NS
2026-07-22 14:45:00+05:30,9093.5,9120.0,9082.5,9105.0,10271,0.0,0.0,POLYCAB.NS
2026-07-22 15:00:00+05:30,9103.0,9110.0,9082.0,9105.0,15463,0.0,0.0,POLYCAB.NS
2026-07-22 15:15:00+05:30,9108.0,9109.5,9072.5,9090.5,41099,0.0,0.0,POLYCAB.NS
2026-07-23 09:15:00+05:30,9055.5,9104.0,8991.0,9081.0,26940,0.0,0.0,POLYCAB.NS
2026-07-23 09:30:00+05:30,9080.0,9096.0,9050.0,9050.5,15191,0.0,0.0,POLYCAB.NS
2026-07-23 09:45:00+05:30,9050.5,9078.0,9021.0,9075.0,13724,0.0,0.0,POLYCAB.NS
2026-07-23 10:00:00+05:30,9075.0,9112.0,9071.0,9094.5,13301,0.0,0.0,POLYCAB.NS
2026-07-23 10:15:00+05:30,9096.5,9160.0,9095.0,9144.5,27057,0.0,0.0,POLYCAB.NS
2026-07-23 10:30:00+05:30,9144.5,9146.0,9068.5,9082.0,16765,0.0,0.0,POLYCAB.NS
2026-07-23 10:45:00+05:30,9082.5,9082.5,9039.5,9050.0,14825,0.0,0.0,POLYCAB.NS
2026-07-23 11:00:00+05:30,9050.5,9064.5,9036.5,9045.0,7009,0.0,0.0,POLYCAB.NS
2026-07-23 11:15:00+05:30,9046.0,9050.0,9032.0,9034.0,7519,0.0,0.0,POLYCAB.NS
2026-07-23 11:30:00+05:30,9034.0,9050.0,9030.0,9045.5,7239,0.0,0.0,POLYCAB.NS
2026-07-23 11:45:00+05:30,9045.5,9054.0,8997.0,9008.5,15017,0.0,0.0,POLYCAB.NS
2026-07-23 12:00:00+05:30,9009.0,9016.0,8987.0,8989.0,9164,0.0,0.0,POLYCAB.NS
2026-07-23 12:15:00+05:30,8986.5,8999.5,8975.0,8978.5,7607,0.0,0.0,POLYCAB.NS
2026-07-23 12:30:00+05:30,8977.0,8980.0,8956.0,8959.0,11389,0.0,0.0,POLYCAB.NS
2026-07-23 12:45:00+05:30,8959.0,8975.0,8953.5,8969.5,4947,0.0,0.0,POLYCAB.NS
2026-07-23 13:00:00+05:30,8969.5,8971.5,8951.0,8956.5,5400,0.0,0.0,POLYCAB.NS
2026-07-23 13:15:00+05:30,8954.0,8964.5,8938.0,8959.0,9578,0.0,0.0,POLYCAB.NS
2026-07-23 13:30:00+05:30,8957.0,8959.5,8937.5,8954.0,5515,0.0,0.0,POLYCAB.NS
2026-07-23 13:45:00+05:30,8950.5,8954.0,8930.0,8941.5,10176,0.0,0.0,POLYCAB.NS
2026-07-23 14:00:00+05:30,8940.5,8949.0,8934.0,8949.0,6403,0.0,0.0,POLYCAB.NS
2026-07-23 14:15:00+05:30,8946.0,8950.0,8920.0,8925.0,12668,0.0,0.0,POLYCAB.NS
2026-07-23 14:30:00+05:30,8925.0,8945.0,8911.5,8920.0,9780,0.0,0.0,POLYCAB.NS
2026-07-23 14:45:00+05:30,8915.0,8928.0,8909.0,8923.0,10612,0.0,0.0,POLYCAB.NS
2026-07-23 15:00:00+05:30,8920.5,8941.5,8914.5,8932.5,21339,0.0,0.0,POLYCAB.NS
2026-07-23 15:15:00+05:30,8933.0,8946.5,8927.0,8935.0,27301,0.0,0.0,POLYCAB.NS
2026-07-24 09:15:00+05:30,8900.5,8964.5,8847.0,8854.0,15218,0.0,0.0,POLYCAB.NS
2026-07-24 09:30:00+05:30,8858.5,8908.0,8858.5,8900.0,10595,0.0,0.0,POLYCAB.NS
2026-07-24 09:45:00+05:30,8900.0,8907.0,8880.0,8894.0,6821,0.0,0.0,POLYCAB.NS
2026-07-24 10:00:00+05:30,8887.0,8890.0,8850.5,8859.5,8156,0.0,0.0,POLYCAB.NS
2026-07-24 10:15:00+05:30,8858.5,8879.5,8857.0,8873.5,5605,0.0,0.0,POLYCAB.NS
2026-07-24 10:30:00+05:30,8873.0,8882.5,8863.0,8873.5,4632,0.0,0.0,POLYCAB.NS
2026-07-24 10:45:00+05:30,8870.5,8879.0,8860.5,8865.5,2360,0.0,0.0,POLYCAB.NS
2026-07-24 11:00:00+05:30,8864.0,8912.0,8864.0,8900.0,5361,0.0,0.0,POLYCAB.NS
2026-07-24 11:15:00+05:30,8900.0,8934.0,8897.0,8899.5,6181,0.0,0.0,POLYCAB.NS
2026-07-24 11:30:00+05:30,8898.0,8918.5,8896.0,8912.0,2744,0.0,0.0,POLYCAB.NS
2026-07-24 11:45:00+05:30,8913.0,8931.5,8905.5,8912.0,3900,0.0,0.0,POLYCAB.NS
2026-07-24 12:00:00+05:30,8913.0,8924.0,8901.0,8909.5,4544,0.0,0.0,POLYCAB.NS
2026-07-24 12:15:00+05:30,8910.5,8946.0,8905.5,8942.0,4577,0.0,0.0,POLYCAB.NS
2026-07-24 12:30:00+05:30,8945.0,8954.5,8919.0,8947.0,7724,0.0,0.0,POLYCAB.NS
2026-07-24 12:45:00+05:30,8945.5,8970.0,8939.5,8952.5,6320,0.0,0.0,POLYCAB.NS
2026-07-24 13:00:00+05:30,8950.0,8956.0,8931.0,8944.0,3959,0.0,0.0,POLYCAB.NS
2026-07-24 13:15:00+05:30,8944.0,8946.5,8921.5,8934.5,4069,0.0,0.0,POLYCAB.NS
2026-07-24 13:30:00+05:30,8932.5,8932.5,8912.0,8915.0,6277,0.0,0.0,POLYCAB.NS
2026-07-24 13:45:00+05:30,8915.5,8952.0,8912.0,8952.0,3135,0.0,0.0,POLYCAB.NS
2026-07-24 14:00:00+05:30,8954.5,8966.5,8944.0,8956.5,6818,0.0,0.0,POLYCAB.NS
2026-07-24 14:15:00+05:30,8953.5,8964.0,8896.0,8911.5,11759,0.0,0.0,POLYCAB.NS
2026-07-24 14:30:00+05:30,8907.0,8926.5,8896.0,8906.0,4724,0.0,0.0,POLYCAB.NS
2026-07-24 14:45:00+05:30,8906.5,8912.5,8891.0,8907.5,5533,0.0,0.0,POLYCAB.NS
2026-07-24 15:00:00+05:30,8912.0,8915.0,8880.0,8908.5,14725,0.0,0.0,POLYCAB.NS
2026-07-24 15:15:00+05:30,8908.5,8919.0,8899.0,8900.0,21344,0.0,0.0,POLYCAB.NS
2026-07-27 09:15:00+05:30,8985.0,9036.0,8964.0,9000.5,18427,0.0,0.0,POLYCAB.NS
2026-07-27 09:30:00+05:30,9005.0,9010.0,8984.5,9001.0,10982,0.0,0.0,POLYCAB.NS
2026-07-27 09:45:00+05:30,9001.0,9020.0,8995.0,9016.5,7229,0.0,0.0,POLYCAB.NS
2026-07-27 10:00:00+05:30,9013.5,9050.0,9012.0,9039.0,18522,0.0,0.0,POLYCAB.NS
2026-07-27 10:15:00+05:30,9040.5,9049.0,9013.5,9036.0,15337,0.0,0.0,POLYCAB.NS
2026-07-27 10:30:00+05:30,9035.0,9037.5,8996.5,9017.5,12773,0.0,0.0,POLYCAB.NS
2026-07-27 10:45:00+05:30,9018.0,9030.0,9015.0,9029.0,3083,0.0,0.0,POLYCAB.NS
2026-07-27 11:00:00+05:30,9029.0,9033.5,9006.0,9012.0,4089,0.0,0.0,POLYCAB.NS
2026-07-27 11:15:00+05:30,9009.5,9028.5,9008.5,9019.5,3982,0.0,0.0,POLYCAB.NS
2026-07-27 11:30:00+05:30,9018.5,9043.5,9018.5,9024.0,8421,0.0,0.0,POLYCAB.NS
2026-07-27 11:45:00+05:30,9027.0,9041.0,9017.0,9034.0,7663,0.0,0.0,POLYCAB.NS
2026-07-27 12:00:00+05:30,9034.5,9040.0,9018.0,9020.5,4687,0.0,0.0,POLYCAB.NS
2026-07-27 12:15:00+05:30,9018.0,9020.5,9010.0,9015.0,4339,0.0,0.0,POLYCAB.NS
2026-07-27 12:30:00+05:30,9012.5,9029.0,9006.0,9027.5,5690,0.0,0.0,POLYCAB.NS
2026-07-27 12:45:00+05:30,9024.5,9032.5,9017.0,9028.0,3613,0.0,0.0,POLYCAB.NS
2026-07-27 13:00:00+05:30,9021.5,9036.0,9013.0,9021.0,4495,0.0,0.0,POLYCAB.NS
2026-07-27 13:15:00+05:30,9021.0,9036.0,9017.5,9027.0,3970,0.0,0.0,POLYCAB.NS
2026-07-27 13:30:00+05:30,9022.0,9029.5,9016.5,9029.5,3126,0.0,0.0,POLYCAB.NS
2026-07-27 13:45:00+05:30,9025.0,9028.0,9012.0,9017.0,2974,0.0,0.0,POLYCAB.NS
2026-07-27 14:00:00+05:30,9013.5,9019.5,9005.0,9013.5,4495,0.0,0.0,POLYCAB.NS
2026-07-27 14:15:00+05:30,9017.5,9026.0,9011.5,9016.0,3209,0.0,0.0,POLYCAB.NS
2026-07-27 14:30:00+05:30,9020.0,9020.0,9002.0,9008.0,4180,0.0,0.0,POLYCAB.NS
2026-07-27 14:45:00+05:30,9009.5,9047.5,9008.5,9017.5,11773,0.0,0.0,POLYCAB.NS
2026-07-27 15:00:00+05:30,9018.0,9024.0,9001.5,9008.5,23534,0.0,0.0,POLYCAB.NS
2026-07-27 15:15:00+05:30,9010.0,9025.0,9000.0,9025.0,28558,0.0,0.0,POLYCAB.NS
2026-07-28 09:15:00+05:30,9050.0,9060.0,9001.0,9035.0,21589,0.0,0.0,POLYCAB.NS
2026-07-28 09:30:00+05:30,9035.5,9090.0,9012.0,9074.5,39695,0.0,0.0,POLYCAB.NS
2026-07-28 09:45:00+05:30,9074.5,9088.0,9060.0,9061.0,14088,0.0,0.0,POLYCAB.NS
2026-07-28 10:00:00+05:30,9060.0,9080.0,9050.0,9069.0,13690,0.0,0.0,POLYCAB.NS
2026-07-28 10:15:00+05:30,9067.0,9075.0,9037.5,9046.5,22855,0.0,0.0,POLYCAB.NS
2026-07-28 10:30:00+05:30,9046.0,9119.0,9042.0,9105.5,32063,0.0,0.0,POLYCAB.NS
2026-07-28 10:45:00+05:30,9105.0,9117.0,9100.0,9105.0,12540,0.0,0.0,POLYCAB.NS
2026-07-28 11:00:00+05:30,9105.0,9127.0,9102.0,9114.5,16262,0.0,0.0,POLYCAB.NS
2026-07-28 11:15:00+05:30,9117.0,9124.0,9116.0,9118.0,8272,0.0,0.0,POLYCAB.NS
2026-07-28 11:30:00+05:30,9116.0,9128.0,9116.0,9126.0,10824,0.0,0.0,POLYCAB.NS
2026-07-28 11:45:00+05:30,9126.0,9127.5,9091.0,9091.0,13825,0.0,0.0,POLYCAB.NS
2026-07-28 12:00:00+05:30,9094.0,9120.0,9091.5,9112.5,9193,0.0,0.0,POLYCAB.NS
2026-07-28 12:15:00+05:30,9113.0,9120.0,9108.0,9114.5,8307,0.0,0.0,POLYCAB.NS
2026-07-28 12:30:00+05:30,9120.0,9133.5,9119.5,9127.0,19205,0.0,0.0,POLYCAB.NS
2026-07-28 12:45:00+05:30,9128.0,9143.5,9124.0,9143.0,12626,0.0,0.0,POLYCAB.NS
2026-07-28 13:00:00+05:30,9143.0,9143.0,9113.5,9115.0,13205,0.0,0.0,POLYCAB.NS
2026-07-28 13:15:00+05:30,9115.0,9141.0,9108.0,9128.5,21251,0.0,0.0,POLYCAB.NS
2026-07-28 13:30:00+05:30,9130.0,9140.0,9124.5,9129.0,8631,0.0,0.0,POLYCAB.NS
2026-07-28 13:45:00+05:30,9128.5,9134.5,9108.0,9124.5,7893,0.0,0.0,POLYCAB.NS
2026-07-28 14:00:00+05:30,9122.0,9127.0,9116.0,9122.0,5676,0.0,0.0,POLYCAB.NS
2026-07-28 14:15:00+05:30,9121.5,9125.0,9115.5,9116.0,7782,0.0,0.0,POLYCAB.NS
2026-07-28 14:30:00+05:30,9116.0,9123.0,9107.0,9117.0,12018,0.0,0.0,POLYCAB.NS
2026-07-28 14:45:00+05:30,9116.0,9123.5,9106.5,9116.0,14570,0.0,0.0,POLYCAB.NS
2026-07-28 15:00:00+05:30,9116.0,9131.5,9110.0,9129.0,35898,0.0,0.0,POLYCAB.NS
2026-07-28 15:15:00+05:30,9127.0,9130.5,9110.5,9121.5,40030,0.0,0.0,POLYCAB.NS
2026-07-29 09:15:00+05:30,9148.0,9166.5,9075.0,9080.0,13290,0.0,0.0,POLYCAB.NS
2026-07-29 09:30:00+05:30,9079.5,9086.5,9061.0,9080.5,11607,0.0,0.0,POLYCAB.NS
2026-07-29 09:45:00+05:30,9080.5,9089.0,9013.0,9013.0,13943,0.0,0.0,POLYCAB.NS
2026-07-29 10:00:00+05:30,9015.0,9036.0,8983.5,8992.5,22120,0.0,0.0,POLYCAB.NS
2026-07-29 10:15:00+05:30,8998.0,9017.5,8979.5,9009.5,12508,0.0,0.0,POLYCAB.NS
2026-07-29 10:30:00+05:30,9008.0,9039.0,9000.0,9008.0,8649,0.0,0.0,POLYCAB.NS
2026-07-29 10:45:00+05:30,9007.5,9016.5,8991.0,8994.0,11341,0.0,0.0,POLYCAB.NS
2026-07-29 11:00:00+05:30,8994.0,9023.0,8983.0,9011.0,6828,0.0,0.0,POLYCAB.NS
2026-07-29 11:15:00+05:30,9011.0,9015.0,9007.5,9013.0,2299,0.0,0.0,POLYCAB.NS
2026-07-29 11:30:00+05:30,9013.0,9042.0,9013.0,9029.0,5801,0.0,0.0,POLYCAB.NS
2026-07-29 11:45:00+05:30,9030.5,9030.5,9017.5,9030.5,2397,0.0,0.0,POLYCAB.NS
2026-07-29 12:00:00+05:30,9030.5,9040.0,9029.0,9038.0,3284,0.0,0.0,POLYCAB.NS
2026-07-29 12:15:00+05:30,9036.5,9038.0,9013.0,9020.0,5003,0.0,0.0,POLYCAB.NS
2026-07-29 12:30:00+05:30,9019.5,9051.5,9017.0,9050.0,4592,0.0,0.0,POLYCAB.NS
2026-07-29 12:45:00+05:30,9055.5,9059.0,9040.5,9043.5,5007,0.0,0.0,POLYCAB.NS
2026-07-29 13:00:00+05:30,9046.0,9063.0,9045.0,9057.5,3418,0.0,0.0,POLYCAB.NS
2026-07-29 13:15:00+05:30,9057.5,9066.0,9055.0,9056.5,3943,0.0,0.0,POLYCAB.NS
2026-07-29 13:30:00+05:30,9056.5,9068.0,9045.0,9046.0,4026,0.0,0.0,POLYCAB.NS
2026-07-29 13:45:00+05:30,9046.0,9065.0,9045.0,9053.5,3344,0.0,0.0,POLYCAB.NS
2026-07-29 14:00:00+05:30,9054.0,9076.0,9054.0,9075.5,4911,0.0,0.0,POLYCAB.NS
2026-07-29 14:15:00+05:30,9075.0,9082.0,9048.0,9049.0,10108,0.0,0.0,POLYCAB.NS
2026-07-29 14:30:00+05:30,9054.0,9054.5,9030.5,9050.0,12089,0.0,0.0,POLYCAB.NS
2026-07-29 14:45:00+05:30,9050.0,9057.0,9041.0,9050.0,13462,0.0,0.0,POLYCAB.NS
2026-07-29 15:00:00+05:30,9049.0,9058.0,9041.5,9051.5,19577,0.0,0.0,POLYCAB.NS
2026-07-29 15:15:00+05:30,9052.5,9052.5,9035.0,9047.0,20087,0.0,0.0,POLYCAB.NS
2026-07-30 09:15:00+05:30,9030.5,9045.5,8933.5,8954.0,19909,0.0,0.0,POLYCAB.NS
2026-07-30 09:30:00+05:30,8954.5,8970.0,8913.0,8915.5,16629,0.0,0.0,POLYCAB.NS
2026-07-30 09:45:00+05:30,8914.5,8942.0,8914.5,8937.5,10211,0.0,0.0,POLYCAB.NS
2026-07-30 10:00:00+05:30,8938.0,8955.5,8924.0,8931.0,9138,0.0,0.0,POLYCAB.NS
2026-07-30 10:15:00+05:30,8933.5,8937.0,8913.0,8924.5,9955,0.0,0.0,POLYCAB.NS
2026-07-30 10:30:00+05:30,8924.0,8946.0,8920.0,8930.0,6812,0.0,0.0,POLYCAB.NS
2026-07-30 10:45:00+05:30,8930.5,8963.0,8928.5,8963.0,8451,0.0,0.0,POLYCAB.NS
2026-07-30 11:00:00+05:30,8963.0,8988.0,8957.5,8975.5,10231,0.0,0.0,POLYCAB.NS
2026-07-30 11:15:00+05:30,8975.0,9007.0,8953.5,9001.0,10663,0.0,0.0,POLYCAB.NS
2026-07-30 11:30:00+05:30,9000.5,9017.0,8990.0,9000.5,7347,0.0,0.0,POLYCAB.NS
2026-07-30 11:45:00+05:30,9000.5,9004.0,8969.5,8969.5,5881,0.0,0.0,POLYCAB.NS
2026-07-30 12:00:00+05:30,8968.5,8971.5,8960.0,8964.0,3598,0.0,0.0,POLYCAB.NS
2026-07-30 12:15:00+05:30,8965.0,8966.5,8953.5,8962.5,3714,0.0,0.0,POLYCAB.NS
2026-07-30 12:30:00+05:30,8962.5,8991.0,8960.0,8980.5,5456,0.0,0.0,POLYCAB.NS
2026-07-30 12:45:00+05:30,8981.0,8981.0,8959.0,8968.5,3477,0.0,0.0,POLYCAB.NS
2026-07-30 13:00:00+05:30,8970.0,8970.0,8934.5,8941.0,9271,0.0,0.0,POLYCAB.NS
2026-07-30 13:15:00+05:30,8944.0,8944.0,8912.0,8923.5,12796,0.0,0.0,POLYCAB.NS
2026-07-30 13:30:00+05:30,8923.5,8925.5,8888.0,8890.0,30317,0.0,0.0,POLYCAB.NS
2026-07-30 13:45:00+05:30,8889.0,8900.5,8867.5,8867.5,16925,0.0,0.0,POLYCAB.NS
2026-07-30 14:00:00+05:30,8867.5,8883.0,8856.0,8860.0,12645,0.0,0.0,POLYCAB.NS
2026-07-30 14:15:00+05:30,8863.0,8874.0,8860.0,8865.0,9816,0.0,0.0,POLYCAB.NS
2026-07-30 14:30:00+05:30,8864.5,8875.0,8857.5,8861.5,22476,0.0,0.0,POLYCAB.NS
2026-07-30 14:45:00+05:30,8861.0,8875.0,8857.0,8866.5,32719,0.0,0.0,POLYCAB.NS
2026-07-30 15:00:00+05:30,8866.5,8905.0,8858.0,8897.0,35695,0.0,0.0,POLYCAB.NS
2026-07-30 15:15:00+05:30,8894.5,8908.5,8890.0,8900.0,44915,0.0,0.0,POLYCAB.NS
2026-07-31 09:15:00+05:30,8975.5,9079.0,8974.0,9017.0,34219,0.0,0.0,POLYCAB.NS
2026-07-31 09:30:00+05:30,9019.0,9069.0,9019.0,9037.5,19635,0.0,0.0,POLYCAB.NS
2026-07-31 09:45:00+05:30,9033.5,9064.0,9026.0,9060.0,21712,0.0,0.0,POLYCAB.NS
2026-07-31 10:00:00+05:30,9066.0,9085.5,9050.5,9085.5,18968,0.0,0.0,POLYCAB.NS
2026-07-31 10:15:00+05:30,9085.5,9110.0,9062.0,9108.0,18153,0.0,0.0,POLYCAB.NS
2026-07-31 10:30:00+05:30,9103.5,9115.0,9084.0,9110.0,8484,0.0,0.0,POLYCAB.NS
2026-07-31 10:45:00+05:30,9112.0,9130.0,9100.0,9113.0,13263,0.0,0.0,POLYCAB.NS
2026-07-31 11:00:00+05:30,9113.5,9120.0,9105.5,9114.0,8431,0.0,0.0,POLYCAB.NS
2026-07-31 11:15:00+05:30,9114.0,9118.0,9085.5,9085.5,5819,0.0,0.0,POLYCAB.NS
2026-07-31 11:30:00+05:30,9085.5,9105.0,9075.5,9097.0,4841,0.0,0.0,POLYCAB.NS
2026-07-31 11:45:00+05:30,9097.0,9108.0,9093.5,9105.5,2039,0.0,0.0,POLYCAB.NS
2026-07-31 12:00:00+05:30,9105.0,9135.0,9102.5,9129.0,12169,0.0,0.0,POLYCAB.NS
2026-07-31 12:15:00+05:30,9129.0,9135.0,9125.5,9128.5,5372,0.0,0.0,POLYCAB.NS
2026-07-31 12:30:00+05:30,9130.5,9133.0,9105.0,9109.0,3622,0.0,0.0,POLYCAB.NS
2026-07-31 12:45:00+05:30,9110.5,9114.0,9105.0,9113.0,2334,0.0,0.0,POLYCAB.NS
2026-07-31 13:00:00+05:30,9112.5,9119.5,9102.0,9108.0,4577,0.0,0.0,POLYCAB.NS
2026-07-31 13:15:00+05:30,9106.0,9125.0,9106.0,9119.0,1615,0.0,0.0,POLYCAB.NS
2026-07-31 13:30:00+05:30,9119.0,9133.5,9110.0,9120.0,7645,0.0,0.0,POLYCAB.NS
2026-07-31 13:45:00+05:30,9121.0,9127.5,9112.0,9118.0,2408,0.0,0.0,POLYCAB.NS
2026-07-31 14:00:00+05:30,9118.0,9120.0,9091.0,9100.0,3452,0.0,0.0,POLYCAB.NS
2026-07-31 14:15:00+05:30,9098.0,9135.0,9095.0,9131.0,7128,0.0,0.0,POLYCAB.NS
2026-07-31 14:30:00+05:30,9131.5,9133.0,9111.5,9119.5,4002,0.0,0.0,POLYCAB.NS
2026-07-31 14:45:00+05:30,9119.5,9123.0,9108.5,9113.5,5540,0.0,0.0,POLYCAB.NS
2026-07-31 15:00:00+05:30,9112.5,9119.0,9092.5,9104.5,21459,0.0,0.0,POLYCAB.NS
2026-07-31 15:15:00+05:30,9101.0,9119.5,9095.5,9099.0,23016,0.0,0.0,POLYCAB.NS
2026-08-03 09:15:00+05:30,9120.5,9143.5,9090.0,9112.5,7468,0.0,0.0,POLYCAB.NS
2026-08-03 09:30:00+05:30,9108.5,9132.0,9107.0,9123.5,5079,0.0,0.0,POLYCAB.NS
2026-08-03 09:45:00+05:30,9123.5,9123.5,9079.5,9081.5,7674,0.0,0.0,POLYCAB.NS
2026-08-03 10:00:00+05:30,9083.5,9118.0,9083.5,9103.5,3496,0.0,0.0,POLYCAB.NS
2026-08-03 10:15:00+05:30,9101.5,9107.0,9100.5,9105.5,1187,0.0,0.0,POLYCAB.NS
2026-08-03 10:30:00+05:30,9105.5,9130.0,9095.0,9130.0,3631,0.0,0.0,POLYCAB.NS
2026-08-03 10:45:00+05:30,9134.0,9139.5,9120.0,9121.0,4731,0.0,0.0,POLYCAB.NS
2026-08-03 11:00:00+05:30,9120.0,9123.0,9111.5,9111.5,1750,0.0,0.0,POLYCAB.NS
2026-08-03 11:15:00+05:30,9113.0,9116.0,9107.0,9108.0,1506,0.0,0.0,POLYCAB.NS
2026-08-03 11:30:00+05:30,9110.0,9110.5,9094.0,9097.0,5436,0.0,0.0,POLYCAB.NS
2026-08-03 11:45:00+05:30,9098.5,9098.5,9076.5,9078.0,6168,0.0,0.0,POLYCAB.NS
2026-08-03 12:00:00+05:30,9078.0,9094.5,9063.5,9074.0,7930,0.0,0.0,POLYCAB.NS
2026-08-03 12:15:00+05:30,9075.0,9084.5,9065.5,9066.0,6611,0.0,0.0,POLYCAB.NS
2026-08-03 12:30:00+05:30,9066.0,9071.5,9056.0,9065.5,7064,0.0,0.0,POLYCAB.NS
2026-08-03 12:45:00+05:30,9068.0,9078.0,9053.0,9053.0,8371,0.0,0.0,POLYCAB.NS
2026-08-03 13:00:00+05:30,9057.0,9061.5,9047.0,9047.5,7092,0.0,0.0,POLYCAB.NS
2026-08-03 13:15:00+05:30,9048.0,9058.5,9044.0,9058.5,3722,0.0,0.0,POLYCAB.NS
2026-08-03 13:30:00+05:30,9056.5,9056.5,9044.0,9047.5,3870,0.0,0.0,POLYCAB.NS
2026-08-03 13:45:00+05:30,9049.5,9052.0,9041.0,9045.0,3970,0.0,0.0,POLYCAB.NS
2026-08-03 14:00:00+05:30,9044.5,9062.5,9036.0,9042.0,7978,0.0,0.0,POLYCAB.NS
2026-08-03 14:15:00+05:30,9036.5,9047.0,9032.5,9039.0,4691,0.0,0.0,POLYCAB.NS
2026-08-03 14:30:00+05:30,9038.5,9044.0,9024.0,9026.0,7567,0.0,0.0,POLYCAB.NS
2026-08-03 14:45:00+05:30,9026.0,9031.0,9012.5,9017.0,7789,0.0,0.0,POLYCAB.NS
2026-08-03 15:00:00+05:30,9015.0,9035.0,9002.0,9035.0,16157,0.0,0.0,POLYCAB.NS
2026-08-03 15:15:00+05:30,9035.0,9035.0,9034.0,9034.0,3869,0.0,0.0,POLYCAB.NS
2026-08-04 09:15:00+05:30,9092.0,9215.0,9092.0,9185.5,35620,0.0,0.0,POLYCAB.NS
2026-08-04 09:30:00+05:30,9187.5,9187.5,9105.5,9174.5,30525,0.0,0.0,POLYCAB.NS
2026-08-04 09:45:00+05:30,9174.0,9202.0,9155.0,9200.0,22558,0.0,0.0,POLYCAB.NS
2026-08-04 10:00:00+05:30,9200.5,9209.0,9185.5,9191.5,10963,0.0,0.0,POLYCAB.NS
2026-08-04 10:15:00+05:30,9190.0,9202.5,9184.0,9190.5,8467,0.0,0.0,POLYCAB.NS
2026-08-04 10:30:00+05:30,9189.5,9204.5,9184.0,9188.0,12149,0.0,0.0,POLYCAB.NS
2026-08-04 10:45:00+05:30,9190.0,9190.0,9150.0,9157.0,9524,0.0,0.0,POLYCAB.NS
2026-08-04 11:00:00+05:30,9157.0,9183.0,9145.0,9183.0,5961,0.0,0.0,POLYCAB.NS
2026-08-04 11:15:00+05:30,9183.0,9202.5,9177.0,9198.0,8189,0.0,0.0,POLYCAB.NS
2026-08-04 11:30:00+05:30,9199.0,9204.5,9180.0,9186.0,7863,0.0,0.0,POLYCAB.NS
2026-08-04 11:45:00+05:30,9186.0,9186.0,9166.5,9177.5,4239,0.0,0.0,POLYCAB.NS
2026-08-04 12:00:00+05:30,9177.5,9180.5,9168.0,9180.5,3478,0.0,0.0,POLYCAB.NS
2026-08-04 12:15:00+05:30,9183.5,9183.5,9161.5,9179.0,3822,0.0,0.0,POLYCAB.NS
2026-08-04 12:30:00+05:30,9179.0,9181.0,9135.5,9148.5,7193,0.0,0.0,POLYCAB.NS
2026-08-04 12:45:00+05:30,9151.5,9174.0,9149.5,9155.5,4873,0.0,0.0,POLYCAB.NS
2026-08-04 13:00:00+05:30,9158.5,9175.0,9155.5,9163.5,3136,0.0,0.0,POLYCAB.NS
2026-08-04 13:15:00+05:30,9169.0,9175.0,9161.5,9163.0,2468,0.0,0.0,POLYCAB.NS
2026-08-04 13:30:00+05:30,9166.0,9166.5,9136.0,9141.0,5411,0.0,0.0,POLYCAB.NS
2026-08-04 13:45:00+05:30,9139.0,9140.0,9130.5,9139.0,2847,0.0,0.0,POLYCAB.NS
2026-08-04 14:00:00+05:30,9139.5,9140.0,9135.0,9140.0,11752,0.0,0.0,POLYCAB.NS
2026-08-04 14:15:00+05:30,9140.0,9180.0,9135.5,9167.5,14262,0.0,0.0,POLYCAB.NS
2026-08-04 14:30:00+05:30,9166.0,9175.0,9151.0,9161.0,12116,0.0,0.0,POLYCAB.NS
2026-08-04 14:45:00+05:30,9160.0,9164.5,9133.5,9149.0,21987,0.0,0.0,POLYCAB.NS
2026-08-04 15:00:00+05:30,9145.0,9176.0,9117.5,9176.0,42505,0.0,0.0,POLYCAB.NS
2026-08-05 09:15:00+05:30,9240.0,9250.0,9193.5,9223.0,7204,0.0,0.0,POLYCAB.NS
2026-08-05 09:30:00+05:30,9221.0,9295.0,9221.0,9282.0,33394,0.0,0.0,POLYCAB.NS
2026-08-05 09:45:00+05:30,9282.0,9304.0,9260.0,9270.5,30783,0.0,0.0,POLYCAB.NS
2026-08-05 10:00:00+05:30,9273.0,9275.0,9252.0,9266.0,7737,0.0,0.0,POLYCAB.NS
2026-08-05 10:15:00+05:30,9266.5,9270.0,9250.0,9252.5,5107,0.0,0.0,POLYCAB.NS
2026-08-05 10:30:00+05:30,9246.0,9278.0,9236.0,9272.5,7975,0.0,0.0,POLYCAB.NS
2026-08-05 10:45:00+05:30,9273.0,9278.0,9243.0,9243.0,3689,0.0,0.0,POLYCAB.NS
2026-08-05 11:00:00+05:30,9245.0,9247.0,9231.5,9240.5,7809,0.0,0.0,POLYCAB.NS
2026-08-05 11:15:00+05:30,9240.5,9272.0,9234.5,9263.5,5725,0.0,0.0,POLYCAB.NS
2026-08-05 11:30:00+05:30,9264.0,9264.0,9213.5,9217.5,7428,0.0,0.0,POLYCAB.NS
2026-08-05 11:45:00+05:30,9216.5,9227.0,9200.5,9206.5,3741,0.0,0.0,POLYCAB.NS
2026-08-05 12:00:00+05:30,9204.5,9215.5,9201.0,9211.5,2542,0.0,0.0,POLYCAB.NS
2026-08-05 12:15:00+05:30,9213.0,9217.5,9208.0,9210.5,2294,0.0,0.0,POLYCAB.NS
2026-08-05 12:30:00+05:30,9208.5,9216.0,9192.0,9200.0,4238,0.0,0.0,POLYCAB.NS
2026-08-05 12:45:00+05:30,9204.0,9218.5,9199.5,9204.0,4603,0.0,0.0,POLYCAB.NS
2026-08-05 13:00:00+05:30,9206.0,9210.0,9187.5,9194.5,4427,0.0,0.0,POLYCAB.NS
2026-08-05 13:15:00+05:30,9197.5,9204.0,9190.5,9194.5,2189,0.0,0.0,POLYCAB.NS
2026-08-05 13:30:00+05:30,9199.0,9207.0,9190.5,9195.0,3479,0.0,0.0,POLYCAB.NS
2026-08-05 13:45:00+05:30,9191.5,9205.0,9191.5,9200.0,1909,0.0,0.0,POLYCAB.NS
2026-08-05 14:00:00+05:30,9202.0,9210.0,9200.0,9200.5,2469,0.0,0.0,POLYCAB.NS
2026-08-05 14:15:00+05:30,9200.0,9220.0,9195.0,9210.0,4154,0.0,0.0,POLYCAB.NS
2026-08-05 14:30:00+05:30,9213.5,9215.5,9201.0,9201.5,3130,0.0,0.0,POLYCAB.NS
2026-08-05 14:45:00+05:30,9203.5,9228.5,9199.0,9228.0,5534,0.0,0.0,POLYCAB.NS
2026-08-05 15:00:00+05:30,9225.5,9232.5,9216.0,9228.0,16185,0.0,0.0,POLYCAB.NS
2026-08-05 15:15:00+05:30,9196.0,9200.0,9196.0,9200.0,5006,0.0,0.0,POLYCAB.NS
2026-08-06 09:15:00+05:30,9170.5,9279.0,9170.5,9259.5,12394,0.0,0.0,POLYCAB.NS
2026-08-06 09:30:00+05:30,9264.0,9270.0,9240.0,9256.0,7538,0.0,0.0,POLYCAB.NS
2026-08-06 09:45:00+05:30,9256.0,9274.5,9247.5,9251.5,6673,0.0,0.0,POLYCAB.NS
2026-08-06 10:00:00+05:30,9250.0,9264.0,9231.0,9259.0,5685,0.0,0.0,POLYCAB.NS
2026-08-06 10:15:00+05:30,9256.5,9293.5,9248.0,9288.0,9940,0.0,0.0,POLYCAB.NS
2026-08-06 10:30:00+05:30,9285.0,9295.0,9263.5,9278.0,9587,0.0,0.0,POLYCAB.NS
2026-08-06 10:45:00+05:30,9280.0,9297.0,9275.5,9279.0,13229,0.0,0.0,POLYCAB.NS
2026-08-06 11:00:00+05:30,9279.0,9283.0,9260.0,9266.0,7751,0.0,0.0,POLYCAB.NS
2026-08-06 11:15:00+05:30,9267.0,9275.0,9261.5,9270.0,4223,0.0,0.0,POLYCAB.NS
2026-08-06 11:30:00+05:30,9270.0,9280.0,9258.5,9266.5,8639,0.0,0.0,POLYCAB.NS
2026-08-06 11:45:00+05:30,9260.5,9272.0,9252.0,9257.0,6301,0.0,0.0,POLYCAB.NS
2026-08-06 12:00:00+05:30,9257.0,9268.5,9237.5,9238.0,6852,0.0,0.0,POLYCAB.NS
2026-08-06 12:15:00+05:30,9238.0,9251.0,9230.5,9251.0,4658,0.0,0.0,POLYCAB.NS
2026-08-06 12:30:00+05:30,9249.5,9253.0,9241.0,9245.0,4602,0.0,0.0,POLYCAB.NS
2026-08-06 12:45:00+05:30,9245.0,9245.0,9225.0,9236.5,6595,0.0,0.0,POLYCAB.NS
2026-08-06 13:00:00+05:30,9235.5,9244.0,9232.5,9240.0,3630,0.0,0.0,POLYCAB.NS
2026-08-06 13:15:00+05:30,9237.0,9253.0,9228.0,9245.5,4035,0.0,0.0,POLYCAB.NS
2026-08-06 13:30:00+05:30,9245.5,9253.0,9240.0,9250.0,2624,0.0,0.0,POLYCAB.NS
2026-08-06 13:45:00+05:30,9249.0,9255.0,9235.5,9255.0,4366,0.0,0.0,POLYCAB.NS
2026-08-06 14:00:00+05:30,9252.5,9265.0,9250.0,9263.0,4453,0.0,0.0,POLYCAB.NS
2026-08-06 14:15:00+05:30,9260.0,9260.5,9240.5,9254.0,5586,0.0,0.0,POLYCAB.NS
2026-08-06 14:30:00+05:30,9253.0,9267.5,9246.0,9250.5,8445,0.0,0.0,POLYCAB.NS
2026-08-06 14:45:00+05:30,9251.0,9306.0,9249.5,9304.0,25651,0.0,0.0,POLYCAB.NS
2026-08-06 15:00:00+05:30,9305.0,9315.0,9291.0,9291.5,29135,0.0,0.0,POLYCAB.NS
2026-08-06 15:15:00+05:30,9296.5,9315.0,9296.5,9315.0,0,0.0,0.0,POLYCAB.NS
2026-08-07 09:15:00+05:30,9285.0,9295.5,9259.0,9265.0,9675,0.0,0.0,POLYCAB.NS
2026-08-07 09:30:00+05:30,9258.0,9279.0,9257.5,9279.0,4435,0.0,0.0,POLYCAB.NS
2026-08-07 09:45:00+05:30,9279.0,9283.5,9255.0,9272.5,5145,0.0,0.0,POLYCAB.NS
2026-08-07 10:00:00+05:30,9273.5,9275.5,9265.0,9270.0,3060,0.0,0.0,POLYCAB.NS
2026-08-07 10:15:00+05:30,9272.0,9274.0,9252.5,9261.0,6376,0.0,0.0,POLYCAB.NS
2026-08-07 10:30:00+05:30,9265.0,9270.0,9250.5,9253.5,6536,0.0,0.0,POLYCAB.NS
2026-08-07 10:45:00+05:30,9253.5,9285.0,9251.0,9270.5,6844,0.0,0.0,POLYCAB.NS
2026-08-07 11:00:00+05:30,9269.0,9274.0,9245.0,9248.0,7131,0.0,0.0,POLYCAB.NS
2026-08-07 11:15:00+05:30,9246.0,9268.0,9246.0,9263.5,4519,0.0,0.0,POLYCAB.NS
2026-08-07 11:30:00+05:30,9263.5,9281.0,9263.5,9269.5,4696,0.0,0.0,POLYCAB.NS
2026-08-07 11:45:00+05:30,9269.5,9274.0,9267.0,9274.0,3706,0.0,0.0,POLYCAB.NS
2026-08-07 12:00:00+05:30,9274.0,9274.0,9251.0,9252.0,2320,0.0,0.0,POLYCAB.NS
2026-08-07 12:15:00+05:30,9252.0,9257.5,9245.0,9257.5,4914,0.0,0.0,POLYCAB.NS
2026-08-07 12:30:00+05:30,9257.5,9257.5,9251.0,9254.0,2080,0.0,0.0,POLYCAB.NS
2026-08-07 12:45:00+05:30,9253.0,9265.0,9251.0,9264.5,3392,0.0,0.0,POLYCAB.NS
2026-08-07 13:00:00+05:30,9263.5,9263.5,9232.5,9256.0,11991,0.0,0.0,POLYCAB.NS
2026-08-07 13:15:00+05:30,9254.0,9262.0,9251.0,9251.0,2332,0.0,0.0,POLYCAB.NS
2026-08-07 13:30:00+05:30,9252.5,9254.0,9225.0,9234.5,4252,0.0,0.0,POLYCAB.NS
2026-08-07 13:45:00+05:30,9234.0,9238.0,9225.5,9230.5,4822,0.0,0.0,POLYCAB.NS
2026-08-07 14:00:00+05:30,9230.5,9230.5,9184.5,9198.0,15956,0.0,0.0,POLYCAB.NS
2026-08-07 14:15:00+05:30,9198.0,9235.5,9190.0,9229.0,11602,0.0,0.0,POLYCAB.NS
2026-08-07 14:30:00+05:30,9229.0,9236.5,9222.0,9232.0,9465,0.0,0.0,POLYCAB.NS
2026-08-07 14:45:00+05:30,9232.0,9239.0,9217.0,9221.5,11022,0.0,0.0,POLYCAB.NS
2026-08-07 15:00:00+05:30,9224.5,9229.5,9200.0,9218.0,41617,0.0,0.0,POLYCAB.NS
2026-08-10 09:15:00+05:30,9226.0,9309.5,9226.0,9270.0,15444,0.0,0.0,POLYCAB.NS
2026-08-10 09:30:00+05:30,9276.0,9295.0,9245.0,9251.0,10804,0.0,0.0,POLYCAB.NS
2026-08-10 09:45:00+05:30,9250.5,9310.0,9248.0,9287.0,24997,0.0,0.0,POLYCAB.NS
2026-08-10 10:00:00+05:30,9290.0,9307.0,9274.0,9275.0,12885,0.0,0.0,POLYCAB.NS
2026-08-10 10:15:00+05:30,9278.5,9297.5,9276.5,9290.5,3178,0.0,0.0,POLYCAB.NS
2026-08-10 10:30:00+05:30,9290.0,9297.5,9281.5,9293.0,2692,0.0,0.0,POLYCAB.NS
2026-08-10 10:45:00+05:30,9295.5,9318.0,9281.0,9315.0,7567,0.0,0.0,POLYCAB.NS
2026-08-10 11:00:00+05:30,9316.5,9319.5,9297.0,9319.0,8786,0.0,0.0,POLYCAB.NS
2026-08-10 11:15:00+05:30,9319.0,9319.0,9300.0,9300.0,5232,0.0,0.0,POLYCAB.NS
2026-08-10 11:30:00+05:30,9299.5,9299.5,9290.0,9291.5,2764,0.0,0.0,POLYCAB.NS
2026-08-10 11:45:00+05:30,9291.5,9303.5,9285.0,9302.5,3772,0.0,0.0,POLYCAB.NS
2026-08-10 12:00:00+05:30,9302.5,9310.0,9294.0,9310.0,3125,0.0,0.0,POLYCAB.NS
2026-08-10 12:15:00+05:30,9310.0,9315.0,9300.5,9305.0,3431,0.0,0.0,POLYCAB.NS
2026-08-10 12:30:00+05:30,9305.0,9315.5,9298.0,9311.5,3385,0.0,0.0,POLYCAB.NS
2026-08-10 12:45:00+05:30,9313.5,9318.0,9298.0,9306.0,3666,0.0,0.0,POLYCAB.NS
2026-08-10 13:00:00+05:30,9303.0,9317.0,9302.5,9314.0,2339,0.0,0.0,POLYCAB.NS
2026-08-10 13:15:00+05:30,9311.5,9314.0,9295.0,9297.0,3385,0.0,0.0,POLYCAB.NS
2026-08-10 13:30:00+05:30,9295.0,9297.0,9290.0,9295.0,3615,0.0,0.0,POLYCAB.NS
2026-08-10 13:45:00+05:30,9291.5,9300.0,9290.0,9298.0,2446,0.0,0.0,POLYCAB.NS
2026-08-10 14:00:00+05:30,9296.0,9309.5,9290.5,9296.5,3216,0.0,0.0,POLYCAB.NS
2026-08-10 14:15:00+05:30,9296.5,9302.0,9292.5,9294.5,3641,0.0,0.0,POLYCAB.NS
2026-08-10 14:30:00+05:30,9294.5,9300.0,9277.5,9293.0,5706,0.0,0.0,POLYCAB.NS
2026-08-10 14:45:00+05:30,9292.5,9302.5,9282.0,9299.5,7811,0.0,0.0,POLYCAB.NS
2026-08-10 15:00:00+05:30,9296.5,9296.5,9271.5,9290.5,14578,0.0,0.0,POLYCAB.NS
2026-08-10 15:15:00+05:30,9290.5,9290.5,9275.0,9290.5,2,0.0,0.0,POLYCAB.NS
2026-08-11 09:15:00+05:30,9259.0,9310.5,9208.0,9211.5,12975,0.0,0.0,POLYCAB.NS
2026-08-11 09:30:00+05:30,9214.0,9222.0,9173.0,9192.0,19564,0.0,0.0,POLYCAB.NS
2026-08-11 09:45:00+05:30,9195.0,9195.0,9125.0,9128.0,17062,0.0,0.0,POLYCAB.NS
2026-08-11 10:00:00+05:30,9128.0,9137.0,9089.5,9098.0,17430,0.0,0.0,POLYCAB.NS
2026-08-11 10:15:00+05:30,9093.0,9110.5,9075.0,9078.0,27621,0.0,0.0,POLYCAB.NS
2026-08-11 10:30:00+05:30,9077.5,9094.0,9058.0,9094.0,17029,0.0,0.0,POLYCAB.NS
2026-08-11 10:45:00+05:30,9097.0,9099.0,9073.5,9079.0,10893,0.0,0.0,POLYCAB.NS
2026-08-11 11:00:00+05:30,9079.0,9095.0,9064.5,9073.5,10627,0.0,0.0,POLYCAB.NS
2026-08-11 11:15:00+05:30,9070.0,9075.0,9062.5,9065.0,10499,0.0,0.0,POLYCAB.NS
2026-08-11 11:30:00+05:30,9069.5,9095.0,9060.0,9060.0,11689,0.0,0.0,POLYCAB.NS
2026-08-11 11:45:00+05:30,9060.5,9067.0,9026.0,9040.5,24017,0.0,0.0,POLYCAB.NS
2026-08-11 12:00:00+05:30,9037.5,9045.0,9030.5,9038.0,8845,0.0,0.0,POLYCAB.NS
2026-08-11 12:15:00+05:30,9038.0,9042.0,9027.0,9027.5,9911,0.0,0.0,POLYCAB.NS
2026-08-11 12:30:00+05:30,9029.0,9052.5,9029.0,9047.5,8618,0.0,0.0,POLYCAB.NS
2026-08-11 12:45:00+05:30,9049.0,9052.5,9040.5,9046.5,6289,0.0,0.0,POLYCAB.NS
2026-08-11 13:00:00+05:30,9046.0,9073.0,9044.5,9068.0,11560,0.0,0.0,POLYCAB.NS
2026-08-11 13:15:00+05:30,9070.5,9070.5,9052.0,9054.5,6026,0.0,0.0,POLYCAB.NS
2026-08-11 13:30:00+05:30,9054.5,9062.5,9053.0,9055.0,7325,0.0,0.0,POLYCAB.NS
2026-08-11 13:45:00+05:30,9055.0,9060.5,9041.5,9042.5,6637,0.0,0.0,POLYCAB.NS
2026-08-11 14:00:00+05:30,9042.0,9049.0,9037.5,9048.5,9962,0.0,0.0,POLYCAB.NS
2026-08-11 14:15:00+05:30,9049.0,9049.0,9035.0,9037.5,9625,0.0,0.0,POLYCAB.NS
2026-08-11 14:30:00+05:30,9037.0,9044.0,9034.0,9040.0,9566,0.0,0.0,POLYCAB.NS
2026-08-11 14:45:00+05:30,9040.0,9077.5,9038.0,9071.0,30579,0.0,0.0,POLYCAB.NS
2026-08-11 15:00:00+05:30,9071.0,9084.0,9063.5,9079.0,33528,0.0,0.0,POLYCAB.NS
2026-08-11 15:15:00+05:30,9079.0,9125.0,9079.0,9125.0,10209,0.0,0.0,POLYCAB.NS
2026-08-12 09:15:00+05:30,9119.5,9162.5,9094.0,9152.5,22805,0.0,0.0,POLYCAB.NS
2026-08-12 09:30:00+05:30,9158.0,9210.0,9152.5,9208.0,24408,0.0,0.0,POLYCAB.NS
2026-08-12 09:45:00+05:30,9208.0,9221.0,9191.0,9194.5,13785,0.0,0.0,POLYCAB.NS
2026-08-12 10:00:00+05:30,9193.0,9225.0,9184.0,9208.0,9130,0.0,0.0,POLYCAB.NS
2026-08-12 10:15:00+05:30,9211.5,9225.5,9189.0,9196.5,12121,0.0,0.0,POLYCAB.NS
2026-08-12 10:30:00+05:30,9199.5,9225.0,9195.0,9213.0,4726,0.0,0.0,POLYCAB.NS
2026-08-12 10:45:00+05:30,9215.0,9217.0,9181.0,9194.5,6470,0.0,0.0,POLYCAB.NS
2026-08-12 11:00:00+05:30,9195.0,9196.0,9178.0,9178.0,4971,0.0,0.0,POLYCAB.NS
2026-08-12 11:15:00+05:30,9182.0,9205.0,9177.0,9188.0,10485,0.0,0.0,POLYCAB.NS
2026-08-12 11:30:00+05:30,9185.0,9191.0,9179.0,9187.5,3803,0.0,0.0,POLYCAB.NS
2026-08-12 11:45:00+05:30,9190.5,9191.0,9165.0,9190.0,4981,0.0,0.0,POLYCAB.NS
2026-08-12 12:00:00+05:30,9186.5,9205.0,9185.0,9190.0,6455,0.0,0.0,POLYCAB.NS
2026-08-12 12:15:00+05:30,9194.5,9215.0,9191.5,9212.5,7868,0.0,0.0,POLYCAB.NS
2026-08-12 12:30:00+05:30,9214.5,9255.0,9212.5,9243.0,32363,0.0,0.0,POLYCAB.NS
2026-08-12 12:45:00+05:30,9244.0,9255.0,9230.0,9248.5,9148,0.0,0.0,POLYCAB.NS
2026-08-12 13:00:00+05:30,9248.0,9259.0,9247.0,9254.0,13680,0.0,0.0,POLYCAB.NS
2026-08-12 13:15:00+05:30,9254.0,9278.0,9253.0,9264.5,13519,0.0,0.0,POLYCAB.NS
2026-08-12 13:30:00+05:30,9264.5,9277.5,9252.5,9261.5,8719,0.0,0.0,POLYCAB.NS
2026-08-12 13:45:00+05:30,9262.0,9263.0,9250.0,9259.0,5398,0.0,0.0,POLYCAB.NS
2026-08-12 14:00:00+05:30,9260.0,9265.0,9251.0,9252.5,3975,0.0,0.0,POLYCAB.NS
2026-08-12 14:15:00+05:30,9254.0,9260.5,9250.5,9260.0,6745,0.0,0.0,POLYCAB.NS
2026-08-12 14:30:00+05:30,9258.0,9275.0,9258.0,9267.0,12003,0.0,0.0,POLYCAB.NS
2026-08-12 14:45:00+05:30,9267.0,9284.5,9267.0,9278.0,13446,0.0,0.0,POLYCAB.NS
2026-08-12 15:00:00+05:30,9278.5,9280.0,9265.0,9270.5,29467,0.0,0.0,POLYCAB.NS
2026-08-12 15:15:00+05:30,9260.0,9289.0,9260.0,9289.0,3147,0.0,0.0,POLYCAB.NS
2026-08-13 09:15:00+05:30,9300.0,9377.0,9300.0,9328.5,12614,0.0,0.0,POLYCAB.NS
2026-08-13 09:30:00+05:30,9327.0,9359.0,9304.0,9352.0,12373,0.0,0.0,POLYCAB.NS
2026-08-13 09:45:00+05:30,9351.0,9362.5,9319.5,9334.5,23704,0.0,0.0,POLYCAB.NS
2026-08-13 10:00:00+05:30,9335.5,9351.0,9334.5,9350.0,5541,0.0,0.0,POLYCAB.NS
2026-08-13 10:15:00+05:30,9350.0,9352.0,9321.5,9328.0,8430,0.0,0.0,POLYCAB.NS
2026-08-13 10:30:00+05:30,9327.5,9342.0,9320.0,9338.0,10583,0.0,0.0,POLYCAB.NS
2026-08-13 10:45:00+05:30,9337.0,9337.0,9329.0,9332.0,3248,0.0,0.0,POLYCAB.NS
2026-08-13 11:00:00+05:30,9332.0,9334.5,9317.0,9325.5,2781,0.0,0.0,POLYCAB.NS
2026-08-13 11:15:00+05:30,9325.5,9330.0,9315.0,9329.0,2953,0.0,0.0,POLYCAB.NS
2026-08-13 11:30:00+05:30,9330.5,9335.0,9319.0,9321.0,17724,0.0,0.0,POLYCAB.NS
2026-08-13 11:45:00+05:30,9319.5,9320.0,9303.0,9313.0,3478,0.0,0.0,POLYCAB.NS
2026-08-13 12:00:00+05:30,9314.5,9325.5,9314.5,9321.0,3771,0.0,0.0,POLYCAB.NS
2026-08-13 12:15:00+05:30,9321.0,9325.0,9310.0,9310.0,6551,0.0,0.0,POLYCAB.NS
2026-08-13 12:30:00+05:30,9312.0,9313.5,9295.0,9302.0,4923,0.0,0.0,POLYCAB.NS
2026-08-13 12:45:00+05:30,9302.0,9304.0,9290.0,9303.0,2436,0.0,0.0,POLYCAB.NS
2026-08-13 13:00:00+05:30,9304.5,9310.5,9294.5,9302.0,2686,0.0,0.0,POLYCAB.NS
2026-08-13 13:15:00+05:30,9302.5,9323.0,9298.0,9320.0,6642,0.0,0.0,POLYCAB.NS
2026-08-13 13:30:00+05:30,9320.0,9327.5,9310.0,9324.0,4695,0.0,0.0,POLYCAB.NS
2026-08-13 13:45:00+05:30,9321.0,9330.0,9319.5,9330.0,3518,0.0,0.0,POLYCAB.NS
2026-08-13 14:00:00+05:30,9327.5,9331.0,9314.5,9319.0,4137,0.0,0.0,POLYCAB.NS
2026-08-13 14:15:00+05:30,9319.0,9324.0,9308.0,9322.5,4989,0.0,0.0,POLYCAB.NS
2026-08-13 14:30:00+05:30,9322.5,9323.0,9308.0,9315.0,5734,0.0,0.0,POLYCAB.NS
2026-08-13 14:45:00+05:30,9315.0,9320.0,9313.0,9316.5,5554,0.0,0.0,POLYCAB.NS
2026-08-13 15:00:00+05:30,9316.0,9318.5,9287.0,9299.0,19699,0.0,0.0,POLYCAB.NS
2026-08-13 15:15:00+05:30,9299.0,9299.0,9297.0,9297.0,3215,0.0,0.0,POLYCAB.NS
2026-08-14 09:15:00+05:30,9280.0,9328.5,9268.0,9291.5,7802,0.0,0.0,POLYCAB.NS
2026-08-14 09:30:00+05:30,9291.0,9301.5,9253.0,9256.5,6348,0.0,0.0,POLYCAB.NS
2026-08-14 09:45:00+05:30,9253.0,9266.0,9240.0,9248.5,4988,0.0,0.0,POLYCAB.NS
2026-08-14 10:00:00+05:30,9248.5,9281.5,9245.5,9264.5,3901,0.0,0.0,POLYCAB.NS
2026-08-14 10:15:00+05:30,9262.5,9288.0,9250.0,9250.0,3594,0.0,0.0,POLYCAB.NS
2026-08-14 10:30:00+05:30,9240.0,9246.5,9227.5,9240.0,3852,0.0,0.0,POLYCAB.NS
2026-08-14 10:45:00+05:30,9243.0,9249.0,9234.5,9237.0,2212,0.0,0.0,POLYCAB.NS
2026-08-14 11:00:00+05:30,9237.0,9247.0,9225.0,9237.0,2523,0.0,0.0,POLYCAB.NS
2026-08-14 11:15:00+05:30,9234.5,9247.0,9232.0,9235.0,2431,0.0,0.0,POLYCAB.NS
2026-08-14 11:30:00+05:30,9235.0,9246.0,9230.0,9242.0,1545,0.0,0.0,POLYCAB.NS
2026-08-14 11:45:00+05:30,9246.0,9250.0,9240.5,9244.0,2143,0.0,0.0,POLYCAB.NS
2026-08-14 12:00:00+05:30,9246.5,9249.5,9238.0,9245.5,1788,0.0,0.0,POLYCAB.NS
2026-08-14 12:15:00+05:30,9245.5,9250.0,9242.0,9249.5,944,0.0,0.0,POLYCAB.NS
2026-08-14 12:30:00+05:30,9247.0,9250.0,9230.0,9234.0,2114,0.0,0.0,POLYCAB.NS
2026-08-14 12:45:00+05:30,9247.0,9269.5,9242.0,9258.5,19665,0.0,0.0,POLYCAB.NS
2026-08-14 13:00:00+05:30,9258.5,9266.0,9252.0,9265.0,3540,0.0,0.0,POLYCAB.NS
2026-08-14 13:15:00+05:30,9261.5,9266.5,9255.0,9262.0,3443,0.0,0.0,POLYCAB.NS
2026-08-14 13:30:00+05:30,9260.0,9265.5,9250.0,9255.5,3162,0.0,0.0,POLYCAB.NS
2026-08-14 13:45:00+05:30,9257.5,9274.5,9255.0,9271.0,7977,0.0,0.0,POLYCAB.NS
2026-08-14 14:00:00+05:30,9271.0,9288.0,9264.5,9270.0,4037,0.0,0.0,POLYCAB.NS
2026-08-14 14:15:00+05:30,9271.5,9277.0,9245.5,9254.0,7718,0.0,0.0,POLYCAB.NS
2026-08-14 14:30:00+05:30,9256.0,9274.5,9253.0,9266.5,2667,0.0,0.0,POLYCAB.NS
2026-08-14 14:45:00+05:30,9268.0,9274.0,9249.5,9249.5,10510,0.0,0.0,POLYCAB.NS
2026-08-14 15:00:00+05:30,9253.0,9259.0,9225.0,9225.0,12029,0.0,0.0,POLYCAB.NS
2026-08-14 15:15:00+05:30,9230.0,9240.0,9230.0,9240.0,2300,0.0,0.0,POLYCAB.NS
2026-08-17 09:15:00+05:30,9250.0,9284.5,9231.0,9247.5,3901,0.0,0.0,POLYCAB.NS
2026-08-17 09:30:00+05:30,9246.5,9336.0,9246.5,9310.0,9684,0.0,0.0,POLYCAB.NS
2026-08-17 09:45:00+05:30,9312.0,9349.0,9311.0,9342.5,16704,0.0,0.0,POLYCAB.NS
2026-08-17 10:00:00+05:30,9339.0,9395.0,9329.0,9358.0,36636,0.0,0.0,POLYCAB.NS
2026-08-17 10:15:00+05:30,9358.5,9379.5,9337.0,9350.0,13902,0.0,0.0,POLYCAB.NS
2026-08-17 10:30:00+05:30,9353.0,9355.5,9341.5,9355.0,5096,0.0,0.0,POLYCAB.NS
2026-08-17 10:45:00+05:30,9355.0,9365.0,9345.0,9361.5,4203,0.0,0.0,POLYCAB.NS
2026-08-17 11:00:00+05:30,9360.0,9374.5,9342.5,9374.5,5594,0.0,0.0,POLYCAB.NS
2026-08-17 11:15:00+05:30,9379.0,9393.0,9345.0,9376.5,18253,0.0,0.0,POLYCAB.NS
2026-08-17 11:30:00+05:30,9377.0,9380.0,9362.0,9377.0,4425,0.0,0.0,POLYCAB.NS
2026-08-17 11:45:00+05:30,9375.0,9393.0,9369.0,9392.5,9029,0.0,0.0,POLYCAB.NS
2026-08-17 12:00:00+05:30,9392.0,9392.0,9366.0,9367.5,5063,0.0,0.0,POLYCAB.NS
2026-08-17 12:15:00+05:30,9367.5,9374.5,9361.0,9367.0,5255,0.0,0.0,POLYCAB.NS
2026-08-17 12:30:00+05:30,9369.0,9371.0,9347.5,9368.5,30819,0.0,0.0,POLYCAB.NS
2026-08-17 12:45:00+05:30,9366.0,9370.0,9357.0,9365.0,3659,0.0,0.0,POLYCAB.NS
2026-08-17 13:00:00+05:30,9366.0,9368.0,9350.0,9359.0,4908,0.0,0.0,POLYCAB.NS
2026-08-17 13:15:00+05:30,9360.0,9360.5,9353.0,9359.5,3129,0.0,0.0,POLYCAB.NS
2026-08-17 13:30:00+05:30,9360.0,9360.0,9351.0,9354.0,3045,0.0,0.0,POLYCAB.NS
2026-08-17 13:45:00+05:30,9354.5,9359.5,9348.0,9359.0,3524,0.0,0.0,POLYCAB.NS
2026-08-17 14:00:00+05:30,9359.0,9360.0,9339.0,9344.0,3667,0.0,0.0,POLYCAB.NS
2026-08-17 14:15:00+05:30,9344.0,9348.5,9320.0,9342.0,7528,0.0,0.0,POLYCAB.NS
2026-08-17 14:30:00+05:30,9342.5,9347.5,9325.5,9330.0,5754,0.0,0.0,POLYCAB.NS
2026-08-17 14:45:00+05:30,9334.5,9349.5,9330.0,9347.5,6184,0.0,0.0,POLYCAB.NS
2026-08-17 15:00:00+05:30,9341.0,9349.5,9314.5,9314.5,18316,0.0,0.0,POLYCAB.NS
2026-08-17 15:15:00+05:30,9339.5,9370.0,9339.5,9370.0,4717,0.0,0.0,POLYCAB.NS
