Datetime,Open,High,Low,Close,Volume,Dividends,Stock Splits,Symbol
2025-11-20 09:15:00+05:30,7481.0,7481.0,7443.0,7476.0,10196,0.0,0.0,APOLLOHOSP.NS
2025-11-20 09:30:00+05:30,7476.0,7480.0,7459.5,7461.0,11146,0.0,0.0,APOLLOHOSP.NS
2025-11-20 09:45:00+05:30,7462.5,7474.0,7460.0,7460.0,3718,0.0,0.0,APOLLOHOSP.NS
2025-11-20 10:00:00+05:30,7461.0,7465.0,7450.0,7455.5,6936,0.0,0.0,APOLLOHOSP.NS
2025-11-20 10:15:00+05:30,7455.0,7465.5,7451.0,7464.0,7308,0.0,0.0,APOLLOHOSP.NS
2025-11-20 10:30:00+05:30,7464.0,7467.0,7452.5,7455.5,3951,0.0,0.0,APOLLOHOSP.NS
2025-11-20 10:45:00+05:30,7455.5,7468.0,7444.5,7468.0,7517,0.0,0.0,APOLLOHOSP.NS
2025-11-20 11:00:00+05:30,7468.0,7476.5,7467.5,7471.0,8402,0.0,0.0,APOLLOHOSP.NS
2025-11-20 11:15:00+05:30,7471.0,7475.0,7462.5,7466.5,7000,0.0,0.0,APOLLOHOSP.NS
2025-11-20 11:30:00+05:30,7467.5,7471.0,7452.5,7457.0,9419,0.0,0.0,APOLLOHOSP.NS
2025-11-20 11:45:00+05:30,7456.5,7469.5,7456.0,7469.0,3215,0.0,0.0,APOLLOHOSP.NS
2025-11-20 12:00:00+05:30,7469.0,7472.0,7457.0,7464.5,3796,0.0,0.0,APOLLOHOSP.NS
2025-11-20 12:15:00+05:30,7464.5,7476.0,7459.5,7475.5,6360,0.0,0.0,APOLLOHOSP.NS
2025-11-20 12:30:00+05:30,7475.5,7479.0,7465.0,7468.5,6647,0.0,0.0,APOLLOHOSP.NS
2025-11-20 12:45:00+05:30,7468.5,7470.0,7465.0,7466.5,3918,0.0,0.0,APOLLOHOSP.NS
2025-11-20 13:00:00+05:30,7465.0,7468.5,7458.5,7466.5,6876,0.0,0.0,APOLLOHOSP.NS
2025-11-20 13:15:00+05:30,7467.0,7467.5,7461.0,7463.5,10494,0.0,0.0,APOLLOHOSP.NS
2025-11-20 13:30:00+05:30,7464.0,7471.0,7461.0,7466.5,4757,0.0,0.0,APOLLOHOSP.NS
2025-11-20 13:45:00+05:30,7466.5,7470.0,7460.0,7469.0,4188,0.0,0.0,APOLLOHOSP.NS
2025-11-20 14:00:00+05:30,7469.5,7474.5,7465.0,7470.5,4340,0.0,0.0,APOLLOHOSP.NS
2025-11-20 14:15:00+05:30,7471.0,7472.0,7460.0,7460.0,7275,0.0,0.0,APOLLOHOSP.NS
2025-11-20 14:30:00+05:30,7460.0,7467.0,7453.0,7458.0,9345,0.0,0.0,APOLLOHOSP.NS
2025-11-20 14:45:00+05:30,7458.0,7459.5,7430.5,7435.0,15479,0.0,0.0,APOLLOHOSP.NS
2025-11-20 15:00:00+05:30,7433.0,7436.5,7415.0,7426.0,26109,0.0,0.0,APOLLOHOSP.NS
2025-11-20 15:15:00+05:30,7425.5,7440.5,7419.0,7425.0,28433,0.0,0.0,APOLLOHOSP.NS
2025-11-21 09:15:00+05:30,7434.5,7434.5,7392.0,7417.0,13549,0.0,0.0,APOLLOHOSP.NS
2025-11-21 09:30:00+05:30,7420.5,7432.0,7402.0,7411.0,8278,0.0,0.0,APOLLOHOSP.NS
2025-11-21 09:45:00+05:30,7411.0,7411.5,7394.0,7404.5,6545,0.0,0.0,APOLLOHOSP.NS
2025-11-21 10:00:00+05:30,7405.0,7424.5,7398.0,7410.0,8551,0.0,0.0,APOLLOHOSP.NS
2025-11-21 10:15:00+05:30,7410.5,7415.0,7399.5,7406.0,4558,0.0,0.0,APOLLOHOSP.NS
2025-11-21 10:30:00+05:30,7407.5,7407.5,7394.5,7401.5,2722,0.0,0.0,APOLLOHOSP.NS
2025-11-21 10:45:00+05:30,7401.5,7412.0,7396.0,7410.5,2426,0.0,0.0,APOLLOHOSP.NS
2025-11-21 11:00:00+05:30,7410.0,7410.0,7400.0,7406.0,2462,0.0,0.0,APOLLOHOSP.NS
2025-11-21 11:15:00+05:30,7406.0,7409.0,7402.5,7407.5,1818,0.0,0.0,APOLLOHOSP.NS
2025-11-21 11:30:00+05:30,7409.0,7414.5,7403.0,7411.5,1984,0.0,0.0,APOLLOHOSP.NS
2025-11-21 11:45:00+05:30,7410.5,7412.0,7405.5,7409.0,1725,0.0,0.0,APOLLOHOSP.NS
2025-11-21 12:00:00+05:30,7408.5,7422.0,7405.5,7421.0,5312,0.0,0.0,APOLLOHOSP.NS
2025-11-21 12:15:00+05:30,7421.5,7425.0,7415.0,7425.0,2857,0.0,0.0,APOLLOHOSP.NS
2025-11-21 12:30:00+05:30,7425.0,7427.0,7419.5,7425.5,3153,0.0,0.0,APOLLOHOSP.NS
2025-11-21 12:45:00+05:30,7426.0,7434.0,7424.0,7431.5,3298,0.0,0.0,APOLLOHOSP.NS
2025-11-21 13:00:00+05:30,7432.5,7434.0,7425.0,7427.0,2945,0.0,0.0,APOLLOHOSP.NS
2025-11-21 13:15:00+05:30,7427.5,7431.0,7413.0,7416.0,3965,0.0,0.0,APOLLOHOSP.NS
2025-11-21 13:30:00+05:30,7417.5,7425.0,7410.0,7418.5,3309,0.0,0.0,APOLLOHOSP.NS
2025-11-21 13:45:00+05:30,7418.5,7421.5,7411.5,7421.5,1319,0.0,0.0,APOLLOHOSP.NS
2025-11-21 14:00:00+05:30,7421.5,7424.5,7415.0,7417.0,1919,0.0,0.0,APOLLOHOSP.NS
2025-11-21 14:15:00+05:30,7417.0,7417.0,7407.0,7416.5,2744,0.0,0.0,APOLLOHOSP.NS
2025-11-21 14:30:00+05:30,7418.0,7419.0,7406.0,7408.0,4119,0.0,0.0,APOLLOHOSP.NS
2025-11-21 14:45:00+05:30,7406.0,7410.0,7382.5,7387.0,6583,0.0,0.0,APOLLOHOSP.NS
2025-11-21 15:00:00+05:30,7385.0,7402.0,7385.0,7393.5,11009,0.0,0.0,APOLLOHOSP.NS
2025-11-21 15:15:00+05:30,7393.0,7395.0,7385.0,7385.0,20149,0.0,0.0,APOLLOHOSP.NS
2025-11-24 09:15:00+05:30,7385.5,7385.5,7359.5,7385.5,12118,0.0,0.0,APOLLOHOSP.NS
2025-11-24 09:30:00+05:30,7383.0,7390.0,7369.0,7375.0,10899,0.0,0.0,APOLLOHOSP.NS
2025-11-24 09:45:00+05:30,7373.5,7392.0,7373.0,7391.0,5384,0.0,0.0,APOLLOHOSP.NS
2025-11-24 10:00:00+05:30,7391.0,7417.0,7391.0,7416.0,5754,0.0,0.0,APOLLOHOSP.NS
2025-11-24 10:15:00+05:30,7416.0,7420.0,7410.5,7414.5,4645,0.0,0.0,APOLLOHOSP.NS
2025-11-24 10:30:00+05:30,7415.5,7421.0,7408.5,7412.5,5590,0.0,0.0,APOLLOHOSP.NS
2025-11-24 10:45:00+05:30,7409.0,7418.5,7372.0,7395.0,22401,0.0,0.0,APOLLOHOSP.NS
2025-11-24 11:00:00+05:30,7393.5,7403.5,7382.5,7399.5,11041,0.0,0.0,APOLLOHOSP.NS
2025-11-24 11:15:00+05:30,7399.5,7404.5,7391.5,7398.5,1497,0.0,0.0,APOLLOHOSP.NS
2025-11-24 11:30:00+05:30,7398.5,7403.5,7390.0,7392.5,3565,0.0,0.0,APOLLOHOSP.NS
2025-11-24 11:45:00+05:30,7393.5,7398.5,7390.0,7392.5,4141,0.0,0.0,APOLLOHOSP.NS
2025-11-24 12:00:00+05:30,7393.0,7396.0,7389.0,7389.0,2194,0.0,0.0,APOLLOHOSP.NS
2025-11-24 12:15:00+05:30,7389.5,7397.5,7384.0,7385.0,3432,0.0,0.0,APOLLOHOSP.NS
2025-11-24 12:30:00+05:30,7385.0,7392.0,7375.0,7386.0,7935,0.0,0.0,APOLLOHOSP.NS
2025-11-24 12:45:00+05:30,7386.0,7386.0,7376.5,7380.0,1558,0.0,0.0,APOLLOHOSP.NS
2025-11-24 13:00:00+05:30,7379.5,7381.5,7375.0,7380.5,1541,0.0,0.0,APOLLOHOSP.NS
2025-11-24 13:15:00+05:30,7380.5,7385.5,7376.5,7380.0,1133,0.0,0.0,APOLLOHOSP.NS
2025-11-24 13:30:00+05:30,7380.0,7384.0,7373.0,7380.5,4263,0.0,0.0,APOLLOHOSP.NS
2025-11-24 13:45:00+05:30,7380.5,7388.5,7376.5,7385.5,5925,0.0,0.0,APOLLOHOSP.NS
2025-11-24 14:00:00+05:30,7385.0,7388.0,7376.0,7380.0,3828,0.0,0.0,APOLLOHOSP.NS
2025-11-24 14:15:00+05:30,7378.0,7380.5,7367.5,7372.0,2604,0.0,0.0,APOLLOHOSP.NS
2025-11-24 14:30:00+05:30,7372.0,7373.0,7363.0,7365.5,2777,0.0,0.0,APOLLOHOSP.NS
2025-11-24 14:45:00+05:30,7367.0,7370.0,7341.5,7355.5,7033,0.0,0.0,APOLLOHOSP.NS
2025-11-24 15:00:00+05:30,7363.0,7388.5,7332.0,7342.5,327489,0.0,0.0,APOLLOHOSP.NS
2025-11-24 15:15:00+05:30,7342.5,7362.5,7336.5,7354.5,280614,0.0,0.0,APOLLOHOSP.NS
2025-11-25 09:15:00+05:30,7400.0,7404.5,7351.0,7363.0,7889,0.0,0.0,APOLLOHOSP.NS
2025-11-25 09:30:00+05:30,7363.0,7376.5,7362.5,7374.0,4933,0.0,0.0,APOLLOHOSP.NS
2025-11-25 09:45:00+05:30,7374.5,7381.0,7365.0,7375.5,5361,0.0,0.0,APOLLOHOSP.NS
2025-11-25 10:00:00+05:30,7376.0,7405.0,7376.0,7405.0,7466,0.0,0.0,APOLLOHOSP.NS
2025-11-25 10:15:00+05:30,7404.5,7405.0,7394.5,7405.0,5159,0.0,0.0,APOLLOHOSP.NS
2025-11-25 10:30:00+05:30,7403.5,7405.0,7378.0,7397.5,6680,0.0,0.0,APOLLOHOSP.NS
2025-11-25 10:45:00+05:30,7395.5,7399.5,7383.5,7387.5,4058,0.0,0.0,APOLLOHOSP.NS
2025-11-25 11:00:00+05:30,7387.0,7390.5,7380.5,7386.0,4887,0.0,0.0,APOLLOHOSP.NS
2025-11-25 11:15:00+05:30,7386.0,7392.0,7377.5,7383.5,8016,0.0,0.0,APOLLOHOSP.NS
2025-11-25 11:30:00+05:30,7382.5,7384.0,7365.5,7366.0,10148,0.0,0.0,APOLLOHOSP.NS
2025-11-25 11:45:00+05:30,7366.0,7373.5,7362.5,7373.0,8509,0.0,0.0,APOLLOHOSP.NS
2025-11-25 12:00:00+05:30,7373.5,7375.5,7370.0,7373.0,7216,0.0,0.0,APOLLOHOSP.NS
2025-11-25 12:15:00+05:30,7373.5,7373.5,7360.0,7368.0,15327,0.0,0.0,APOLLOHOSP.NS
2025-11-25 12:30:00+05:30,7368.0,7372.5,7354.0,7371.0,9240,0.0,0.0,APOLLOHOSP.NS
2025-11-25 12:45:00+05:30,7371.0,7375.5,7359.0,7360.0,15920,0.0,0.0,APOLLOHOSP.NS
2025-11-25 13:00:00+05:30,7358.0,7367.5,7345.0,7365.0,10806,0.0,0.0,APOLLOHOSP.NS
2025-11-25 13:15:00+05:30,7365.0,7367.0,7356.0,7365.5,3977,0.0,0.0,APOLLOHOSP.NS
2025-11-25 13:30:00+05:30,7364.5,7370.0,7361.0,7367.5,4310,0.0,0.0,APOLLOHOSP.NS
2025-11-25 13:45:00+05:30,7367.5,7369.5,7363.0,7367.5,2630,0.0,0.0,APOLLOHOSP.NS
2025-11-25 14:00:00+05:30,7367.5,7373.5,7359.0,7372.5,5172,0.0,0.0,APOLLOHOSP.NS
2025-11-25 14:15:00+05:30,7372.0,7375.5,7360.0,7368.0,5874,0.0,0.0,APOLLOHOSP.NS
2025-11-25 14:30:00+05:30,7366.0,7367.0,7355.0,7365.5,5734,0.0,0.0,APOLLOHOSP.NS
2025-11-25 14:45:00+05:30,7366.0,7367.5,7350.0,7351.5,8672,0.0,0.0,APOLLOHOSP.NS
2025-11-25 15:00:00+05:30,7349.5,7350.5,7327.0,7331.5,27911,0.0,0.0,APOLLOHOSP.NS
2025-11-25 15:15:00+05:30,7331.5,7332.0,7314.5,7315.5,24629,0.0,0.0,APOLLOHOSP.NS
2025-11-26 09:15:00+05:30,7350.0,7350.0,7313.0,7327.5,13076,0.0,0.0,APOLLOHOSP.NS
2025-11-26 09:30:00+05:30,7329.5,7360.0,7328.5,7358.5,20394,0.0,0.0,APOLLOHOSP.NS
2025-11-26 09:45:00+05:30,7356.5,7370.0,7356.5,7361.5,12782,0.0,0.0,APOLLOHOSP.NS
2025-11-26 10:00:00+05:30,7361.5,7361.5,7340.0,7345.0,12471,0.0,0.0,APOLLOHOSP.NS
2025-11-26 10:15:00+05:30,7344.5,7346.0,7332.0,7338.5,6313,0.0,0.0,APOLLOHOSP.NS
2025-11-26 10:30:00+05:30,7338.5,7354.0,7337.5,7342.0,13560,0.0,0.0,APOLLOHOSP.NS
2025-11-26 10:45:00+05:30,7340.0,7363.0,7340.0,7350.5,8394,0.0,0.0,APOLLOHOSP.NS
2025-11-26 11:00:00+05:30,7350.0,7352.0,7349.5,7350.0,8741,0.0,0.0,APOLLOHOSP.NS
2025-11-26 11:15:00+05:30,7350.0,7367.0,7349.0,7362.5,9667,0.0,0.0,APOLLOHOSP.NS
2025-11-26 11:30:00+05:30,7361.0,7381.5,7361.0,7377.5,13975,0.0,0.0,APOLLOHOSP.NS
2025-11-26 11:45:00+05:30,7377.0,7389.0,7376.5,7386.0,10024,0.0,0.0,APOLLOHOSP.NS
2025-11-26 12:00:00+05:30,7386.0,7399.5,7386.0,7392.0,13312,0.0,0.0,APOLLOHOSP.NS
2025-11-26 12:15:00+05:30,7389.5,7393.5,7377.5,7382.0,11229,0.0,0.0,APOLLOHOSP.NS
2025-11-26 12:30:00+05:30,7382.0,7382.0,7371.5,7375.0,6382,0.0,0.0,APOLLOHOSP.NS
2025-11-26 12:45:00+05:30,7374.5,7376.5,7369.5,7371.0,7643,0.0,0.0,APOLLOHOSP.NS
2025-11-26 13:00:00+05:30,7370.5,7382.0,7370.0,7380.0,5895,0.0,0.0,APOLLOHOSP.NS
2025-11-26 13:15:00+05:30,7381.5,7384.5,7380.0,7381.5,5023,0.0,0.0,APOLLOHOSP.NS
2025-11-26 13:30:00+05:30,7381.5,7393.0,7380.0,7392.0,6186,0.0,0.0,APOLLOHOSP.NS
2025-11-26 13:45:00+05:30,7390.0,7393.0,7387.5,7388.5,4651,0.0,0.0,APOLLOHOSP.NS
2025-11-26 14:00:00+05:30,7389.0,7394.0,7387.5,7390.0,9015,0.0,0.0,APOLLOHOSP.NS
2025-11-26 14:15:00+05:30,7390.0,7393.0,7384.0,7386.5,6964,0.0,0.0,APOLLOHOSP.NS
2025-11-26 14:30:00+05:30,7384.5,7390.0,7374.5,7386.0,9509,0.0,0.0,APOLLOHOSP.NS
2025-11-26 14:45:00+05:30,7385.5,7390.5,7374.0,7380.0,7600,0.0,0.0,APOLLOHOSP.NS
2025-11-26 15:00:00+05:30,7379.0,7402.0,7379.0,7398.0,17202,0.0,0.0,APOLLOHOSP.NS
2025-11-26 15:15:00+05:30,7397.5,7397.5,7375.5,7393.0,15076,0.0,0.0,APOLLOHOSP.NS
2025-11-27 09:15:00+05:30,7389.5,7394.5,7362.5,7371.5,9431,0.0,0.0,APOLLOHOSP.NS
2025-11-27 09:30:00+05:30,7371.5,7377.0,7345.5,7353.5,13254,0.0,0.0,APOLLOHOSP.NS
2025-11-27 09:45:00+05:30,7355.0,7375.0,7351.5,7375.0,5201,0.0,0.0,APOLLOHOSP.NS
2025-11-27 10:00:00+05:30,7375.0,7380.0,7364.5,7374.0,7905,0.0,0.0,APOLLOHOSP.NS
2025-11-27 10:15:00+05:30,7374.0,7379.5,7363.0,7372.0,4767,0.0,0.0,APOLLOHOSP.NS
2025-11-27 10:30:00+05:30,7372.0,7373.0,7364.5,7364.5,3709,0.0,0.0,APOLLOHOSP.NS
2025-11-27 10:45:00+05:30,7365.5,7376.0,7362.5,7369.0,4366,0.0,0.0,APOLLOHOSP.NS
2025-11-27 11:00:00+05:30,7369.0,7372.0,7367.5,7369.0,3722,0.0,0.0,APOLLOHOSP.NS
2025-11-27 11:15:00+05:30,7367.5,7371.0,7363.0,7365.5,7927,0.0,0.0,APOLLOHOSP.NS
2025-11-27 11:30:00+05:30,7365.5,7368.5,7362.0,7365.5,6404,0.0,0.0,APOLLOHOSP.NS
2025-11-27 11:45:00+05:30,7365.5,7365.5,7350.0,7350.5,8893,0.0,0.0,APOLLOHOSP.NS
2025-11-27 12:00:00+05:30,7350.5,7356.0,7350.0,7350.0,3155,0.0,0.0,APOLLOHOSP.NS
2025-11-27 12:15:00+05:30,7350.0,7350.5,7340.0,7340.5,4296,0.0,0.0,APOLLOHOSP.NS
2025-11-27 12:30:00+05:30,7342.0,7348.5,7340.0,7343.0,5906,0.0,0.0,APOLLOHOSP.NS
2025-11-27 12:45:00+05:30,7344.5,7350.5,7341.0,7344.5,9164,0.0,0.0,APOLLOHOSP.NS
2025-11-27 13:00:00+05:30,7343.5,7346.5,7335.0,7336.0,4639,0.0,0.0,APOLLOHOSP.NS
2025-11-27 13:15:00+05:30,7335.0,7340.0,7329.0,7329.5,5812,0.0,0.0,APOLLOHOSP.NS
2025-11-27 13:30:00+05:30,7329.5,7333.5,7323.0,7328.5,4944,0.0,0.0,APOLLOHOSP.NS
2025-11-27 13:45:00+05:30,7328.5,7330.0,7323.0,7329.5,3828,0.0,0.0,APOLLOHOSP.NS
2025-11-27 14:00:00+05:30,7329.5,7335.5,7322.5,7329.5,8327,0.0,0.0,APOLLOHOSP.NS
2025-11-27 14:15:00+05:30,7327.5,7333.5,7322.5,7329.5,19153,0.0,0.0,APOLLOHOSP.NS
2025-11-27 14:30:00+05:30,7329.5,7333.5,7321.5,7325.0,13920,0.0,0.0,APOLLOHOSP.NS
2025-11-27 14:45:00+05:30,7324.5,7327.5,7310.0,7320.0,13938,0.0,0.0,APOLLOHOSP.NS
2025-11-27 15:00:00+05:30,7320.0,7330.0,7318.5,7320.5,27069,0.0,0.0,APOLLOHOSP.NS
2025-11-27 15:15:00+05:30,7320.5,7345.0,7316.0,7330.0,34050,0.0,0.0,APOLLOHOSP.NS
2025-11-28 09:15:00+05:30,7330.0,7330.0,7300.0,7305.0,13036,0.0,0.0,APOLLOHOSP.NS
2025-11-28 09:30:00+05:30,7303.0,7327.5,7300.0,7325.5,14866,0.0,0.0,APOLLOHOSP.NS
2025-11-28 09:45:00+05:30,7325.0,7359.0,7318.0,7349.0,10035,0.0,0.0,APOLLOHOSP.NS
2025-11-28 10:00:00+05:30,7349.0,7351.5,7334.5,7334.5,6488,0.0,0.0,APOLLOHOSP.NS
2025-11-28 10:15:00+05:30,7334.5,7337.0,7323.0,7325.0,6703,0.0,0.0,APOLLOHOSP.NS
2025-11-28 10:30:00+05:30,7324.5,7327.5,7320.5,7322.5,4695,0.0,0.0,APOLLOHOSP.NS
2025-11-28 10:45:00+05:30,7322.5,7335.5,7309.0,7309.5,10354,0.0,0.0,APOLLOHOSP.NS
2025-11-28 11:00:00+05:30,7309.5,7312.0,7307.0,7309.5,5585,0.0,0.0,APOLLOHOSP.NS
2025-11-28 11:15:00+05:30,7309.5,7350.0,7309.0,7350.0,21687,0.0,0.0,APOLLOHOSP.NS
2025-11-28 11:30:00+05:30,7350.0,7353.0,7335.0,7343.0,5423,0.0,0.0,APOLLOHOSP.NS
2025-11-28 11:45:00+05:30,7343.0,7350.0,7340.0,7347.5,4071,0.0,0.0,APOLLOHOSP.NS
2025-11-28 12:00:00+05:30,7347.5,7347.5,7333.0,7342.5,7896,0.0,0.0,APOLLOHOSP.NS
2025-11-28 12:15:00+05:30,7342.5,7342.5,7327.5,7328.5,34251,0.0,0.0,APOLLOHOSP.NS
2025-11-28 12:30:00+05:30,7328.5,7335.0,7324.5,7325.0,3869,0.0,0.0,APOLLOHOSP.NS
2025-11-28 12:45:00+05:30,7325.0,7329.5,7320.0,7329.5,9193,0.0,0.0,APOLLOHOSP.NS
2025-11-28 13:00:00+05:30,7327.0,7329.0,7321.5,7322.0,2964,0.0,0.0,APOLLOHOSP.NS
2025-11-28 13:15:00+05:30,7324.0,7327.5,7317.0,7325.0,4835,0.0,0.0,APOLLOHOSP.NS
2025-11-28 13:30:00+05:30,7325.0,7329.0,7321.5,7321.5,5138,0.0,0.0,APOLLOHOSP.NS
2025-11-28 13:45:00+05:30,7325.0,7328.5,7321.0,7323.5,6651,0.0,0.0,APOLLOHOSP.NS
2025-11-28 14:00:00+05:30,7323.5,7327.0,7321.0,7325.5,3899,0.0,0.0,APOLLOHOSP.NS
2025-11-28 14:15:00+05:30,7323.5,7339.0,7323.5,7335.0,6564,0.0,0.0,APOLLOHOSP.NS
2025-11-28 14:30:00+05:30,7335.0,7348.5,7333.0,7340.5,9307,0.0,0.0,APOLLOHOSP.NS
2025-11-28 14:45:00+05:30,7340.5,7342.0,7335.0,7338.0,8922,0.0,0.0,APOLLOHOSP.NS
2025-11-28 15:00:00+05:30,7339.0,7348.5,7336.5,7337.5,30159,0.0,0.0,APOLLOHOSP.NS
2025-11-28 15:15:00+05:30,7337.0,7339.5,7325.0,7325.0,50867,0.0,0.0,APOLLOHOSP.NS
2025-12-01 09:15:00+05:30,7367.0,7367.0,7336.0,7354.0,9021,0.0,0.0,APOLLOHOSP.NS
2025-12-01 09:30:00+05:30,7354.5,7354.5,7335.0,7342.5,7063,0.0,0.0,APOLLOHOSP.NS
2025-12-01 09:45:00+05:30,7339.0,7380.5,7331.0,7357.5,25895,0.0,0.0,APOLLOHOSP.NS
2025-12-01 10:00:00+05:30,7360.5,7367.5,7357.0,7361.5,4748,0.0,0.0,APOLLOHOSP.NS
2025-12-01 10:15:00+05:30,7361.5,7363.5,7346.0,7350.0,3635,0.0,0.0,APOLLOHOSP.NS
2025-12-01 10:30:00+05:30,7348.5,7358.0,7345.5,7348.0,5688,0.0,0.0,APOLLOHOSP.NS
2025-12-01 10:45:00+05:30,7346.0,7348.0,7336.0,7343.0,6051,0.0,0.0,APOLLOHOSP.NS
2025-12-01 11:00:00+05:30,7344.5,7350.0,7341.0,7347.0,2012,0.0,0.0,APOLLOHOSP.NS
2025-12-01 11:15:00+05:30,7347.0,7352.0,7344.0,7350.0,2272,0.0,0.0,APOLLOHOSP.NS
2025-12-01 11:30:00+05:30,7350.0,7350.0,7344.0,7348.5,2196,0.0,0.0,APOLLOHOSP.NS
2025-12-01 11:45:00+05:30,7347.0,7357.0,7346.0,7355.0,5686,0.0,0.0,APOLLOHOSP.NS
2025-12-01 12:00:00+05:30,7355.0,7356.0,7333.0,7335.5,11581,0.0,0.0,APOLLOHOSP.NS
2025-12-01 12:15:00+05:30,7336.5,7351.0,7320.0,7342.5,17316,0.0,0.0,APOLLOHOSP.NS
2025-12-01 12:30:00+05:30,7342.5,7342.5,7329.0,7335.0,3951,0.0,0.0,APOLLOHOSP.NS
2025-12-01 12:45:00+05:30,7335.0,7345.5,7331.0,7331.5,2988,0.0,0.0,APOLLOHOSP.NS
2025-12-01 13:00:00+05:30,7328.5,7331.5,7326.5,7330.5,3726,0.0,0.0,APOLLOHOSP.NS
2025-12-01 13:15:00+05:30,7330.5,7335.5,7329.0,7334.0,3718,0.0,0.0,APOLLOHOSP.NS
2025-12-01 13:30:00+05:30,7334.0,7336.0,7325.5,7331.0,4956,0.0,0.0,APOLLOHOSP.NS
2025-12-01 13:45:00+05:30,7331.0,7332.0,7324.5,7325.0,2070,0.0,0.0,APOLLOHOSP.NS
2025-12-01 14:00:00+05:30,7325.0,7331.5,7324.0,7325.0,5603,0.0,0.0,APOLLOHOSP.NS
2025-12-01 14:15:00+05:30,7325.0,7325.0,7321.0,7323.5,2065,0.0,0.0,APOLLOHOSP.NS
2025-12-01 14:30:00+05:30,7323.5,7323.5,7305.5,7309.0,6891,0.0,0.0,APOLLOHOSP.NS
2025-12-01 14:45:00+05:30,7306.5,7310.0,7286.5,7288.0,15018,0.0,0.0,APOLLOHOSP.NS
2025-12-01 15:00:00+05:30,7290.0,7294.5,7286.5,7288.0,30331,0.0,0.0,APOLLOHOSP.NS
2025-12-01 15:15:00+05:30,7288.0,7292.0,7284.0,7287.5,34598,0.0,0.0,APOLLOHOSP.NS
2025-12-02 09:15:00+05:30,7287.5,7299.0,7271.0,7272.0,16621,0.0,0.0,APOLLOHOSP.NS
2025-12-02 09:30:00+05:30,7274.0,7278.0,7257.0,7259.5,27657,0.0,0.0,APOLLOHOSP.NS
2025-12-02 09:45:00+05:30,7259.5,7267.0,7230.0,7241.5,34238,0.0,0.0,APOLLOHOSP.NS
2025-12-02 10:00:00+05:30,7241.5,7248.5,7236.0,7244.5,13966,0.0,0.0,APOLLOHOSP.NS
2025-12-02 10:15:00+05:30,7245.5,7266.0,7244.0,7265.5,15250,0.0,0.0,APOLLOHOSP.NS
2025-12-02 10:30:00+05:30,7264.0,7268.5,7256.5,7261.0,11186,0.0,0.0,APOLLOHOSP.NS
2025-12-02 10:45:00+05:30,7262.0,7271.5,7262.0,7271.5,9390,0.0,0.0,APOLLOHOSP.NS
2025-12-02 11:00:00+05:30,7274.0,7275.0,7265.0,7270.0,7736,0.0,0.0,APOLLOHOSP.NS
2025-12-02 11:15:00+05:30,7270.5,7280.5,7269.0,7274.5,5771,0.0,0.0,APOLLOHOSP.NS
2025-12-02 11:30:00+05:30,7274.0,7275.0,7266.0,7267.0,4160,0.0,0.0,APOLLOHOSP.NS
2025-12-02 11:45:00+05:30,7267.0,7270.0,7254.0,7268.5,12869,0.0,0.0,APOLLOHOSP.NS
2025-12-02 12:00:00+05:30,7269.0,7270.0,7258.0,7260.0,5376,0.0,0.0,APOLLOHOSP.NS
2025-12-02 12:15:00+05:30,7260.0,7270.0,7260.0,7269.5,5780,0.0,0.0,APOLLOHOSP.NS
2025-12-02 12:30:00+05:30,7270.0,7270.0,7262.0,7263.5,7217,0.0,0.0,APOLLOHOSP.NS
2025-12-02 12:45:00+05:30,7263.5,7270.0,7256.0,7259.0,4980,0.0,0.0,APOLLOHOSP.NS
2025-12-02 13:00:00+05:30,7259.0,7261.0,7250.0,7250.0,7000,0.0,0.0,APOLLOHOSP.NS
2025-12-02 13:15:00+05:30,7252.0,7257.0,7249.0,7250.5,4039,0.0,0.0,APOLLOHOSP.NS
2025-12-02 13:30:00+05:30,7251.5,7254.0,7248.5,7250.0,3062,0.0,0.0,APOLLOHOSP.NS
2025-12-02 13:45:00+05:30,7250.0,7252.0,7246.5,7250.0,11978,0.0,0.0,APOLLOHOSP.NS
2025-12-02 14:00:00+05:30,7249.5,7250.0,7242.5,7246.0,11189,0.0,0.0,APOLLOHOSP.NS
2025-12-02 14:15:00+05:30,7246.0,7249.0,7241.0,7243.0,7939,0.0,0.0,APOLLOHOSP.NS
2025-12-02 14:30:00+05:30,7243.5,7246.5,7232.5,7235.5,11679,0.0,0.0,APOLLOHOSP.NS
2025-12-02 14:45:00+05:30,7236.0,7241.5,7234.0,7240.0,11476,0.0,0.0,APOLLOHOSP.NS
2025-12-02 15:00:00+05:30,7245.5,7250.0,7233.0,7247.0,46671,0.0,0.0,APOLLOHOSP.NS
2025-12-02 15:15:00+05:30,7247.0,7247.0,7241.0,7245.0,17130,0.0,0.0,APOLLOHOSP.NS
2025-12-03 09:15:00+05:30,7206.5,7253.0,7206.5,7210.5,13752,0.0,0.0,APOLLOHOSP.NS
2025-12-03 09:30:00+05:30,7214.0,7215.5,7201.0,7205.0,13413,0.0,0.0,APOLLOHOSP.NS
2025-12-03 09:45:00+05:30,7205.0,7215.0,7205.0,7208.0,6129,0.0,0.0,APOLLOHOSP.NS
2025-12-03 10:00:00+05:30,7207.5,7208.5,7181.0,7206.0,23624,0.0,0.0,APOLLOHOSP.NS
2025-12-03 10:15:00+05:30,7204.0,7210.5,7194.0,7194.5,7510,0.0,0.0,APOLLOHOSP.NS
2025-12-03 10:30:00+05:30,7196.5,7209.5,7192.0,7198.5,6760,0.0,0.0,APOLLOHOSP.NS
2025-12-03 10:45:00+05:30,7198.5,7200.0,7192.0,7194.0,5689,0.0,0.0,APOLLOHOSP.NS
2025-12-03 11:00:00+05:30,7194.0,7197.5,7165.0,7171.0,22079,0.0,0.0,APOLLOHOSP.NS
2025-12-03 11:15:00+05:30,7169.5,7173.0,7153.0,7163.5,17722,0.0,0.0,APOLLOHOSP.NS
2025-12-03 11:30:00+05:30,7160.5,7177.5,7157.5,7169.5,10561,0.0,0.0,APOLLOHOSP.NS
2025-12-03 11:45:00+05:30,7169.0,7169.5,7161.5,7166.0,14861,0.0,0.0,APOLLOHOSP.NS
2025-12-03 12:00:00+05:30,7167.0,7177.0,7162.5,7175.5,13258,0.0,0.0,APOLLOHOSP.NS
2025-12-03 12:15:00+05:30,7175.0,7180.5,7171.5,7175.5,5993,0.0,0.0,APOLLOHOSP.NS
2025-12-03 12:30:00+05:30,7175.0,7182.0,7173.0,7180.0,3515,0.0,0.0,APOLLOHOSP.NS
2025-12-03 12:45:00+05:30,7179.0,7205.5,7175.0,7194.5,6793,0.0,0.0,APOLLOHOSP.NS
2025-12-03 13:00:00+05:30,7192.5,7200.0,7188.5,7191.5,14327,0.0,0.0,APOLLOHOSP.NS
2025-12-03 13:15:00+05:30,7191.0,7198.0,7189.5,7196.0,9673,0.0,0.0,APOLLOHOSP.NS
2025-12-03 13:30:00+05:30,7195.5,7197.0,7182.0,7182.0,5343,0.0,0.0,APOLLOHOSP.NS
2025-12-03 13:45:00+05:30,7183.0,7184.0,7174.0,7181.5,4489,0.0,0.0,APOLLOHOSP.NS
2025-12-03 14:00:00+05:30,7180.0,7195.5,7180.0,7187.5,10545,0.0,0.0,APOLLOHOSP.NS
2025-12-03 14:15:00+05:30,7185.0,7188.0,7166.0,7167.0,8698,0.0,0.0,APOLLOHOSP.NS
2025-12-03 14:30:00+05:30,7167.5,7172.0,7163.0,7164.0,5724,0.0,0.0,APOLLOHOSP.NS
2025-12-03 14:45:00+05:30,7164.0,7173.0,7157.0,7169.0,10128,0.0,0.0,APOLLOHOSP.NS
2025-12-03 15:00:00+05:30,7172.0,7186.0,7170.0,7184.0,23241,0.0,0.0,APOLLOHOSP.NS
2025-12-03 15:15:00+05:30,7183.5,7203.0,7171.5,7184.0,42120,0.0,0.0,APOLLOHOSP.NS
2025-12-04 09:15:00+05:30,7184.5,7185.5,7158.0,7168.0,5647,0.0,0.0,APOLLOHOSP.NS
2025-12-04 09:30:00+05:30,7169.5,7187.5,7162.5,7187.5,7547,0.0,0.0,APOLLOHOSP.NS
2025-12-04 09:45:00+05:30,7187.5,7187.5,7170.5,7186.0,4560,0.0,0.0,APOLLOHOSP.NS
2025-12-04 10:00:00+05:30,7190.0,7207.0,7182.5,7199.0,84565,0.0,0.0,APOLLOHOSP.NS
2025-12-04 10:15:00+05:30,7201.5,7225.5,7196.0,7225.5,10214,0.0,0.0,APOLLOHOSP.NS
2025-12-04 10:30:00+05:30,7225.0,7227.5,7213.0,7222.0,16060,0.0,0.0,APOLLOHOSP.NS
2025-12-04 10:45:00+05:30,7222.0,7223.0,7203.0,7206.5,11554,0.0,0.0,APOLLOHOSP.NS
2025-12-04 11:00:00+05:30,7207.0,7209.5,7200.0,7202.0,5113,0.0,0.0,APOLLOHOSP.NS
2025-12-04 11:15:00+05:30,7202.0,7206.5,7200.0,7201.5,5364,0.0,0.0,APOLLOHOSP.NS
2025-12-04 11:30:00+05:30,7201.5,7203.0,7186.5,7187.0,6632,0.0,0.0,APOLLOHOSP.NS
2025-12-04 11:45:00+05:30,7187.0,7199.0,7180.5,7198.0,6262,0.0,0.0,APOLLOHOSP.NS
2025-12-04 12:00:00+05:30,7198.0,7199.0,7190.0,7196.0,4461,0.0,0.0,APOLLOHOSP.NS
2025-12-04 12:15:00+05:30,7196.0,7201.0,7190.0,7199.0,4443,0.0,0.0,APOLLOHOSP.NS
2025-12-04 12:30:00+05:30,7199.0,7200.5,7185.0,7198.0,13014,0.0,0.0,APOLLOHOSP.NS
2025-12-04 12:45:00+05:30,7196.0,7199.0,7195.0,7198.5,7106,0.0,0.0,APOLLOHOSP.NS
2025-12-04 13:00:00+05:30,7198.5,7205.5,7196.5,7201.5,10274,0.0,0.0,APOLLOHOSP.NS
2025-12-04 13:15:00+05:30,7200.5,7218.0,7200.0,7201.0,21239,0.0,0.0,APOLLOHOSP.NS
2025-12-04 13:30:00+05:30,7202.0,7208.5,7180.5,7184.5,5114,0.0,0.0,APOLLOHOSP.NS
2025-12-04 13:45:00+05:30,7185.5,7192.5,7182.5,7192.5,4898,0.0,0.0,APOLLOHOSP.NS
2025-12-04 14:00:00+05:30,7192.5,7202.0,7183.5,7196.0,5869,0.0,0.0,APOLLOHOSP.NS
2025-12-04 14:15:00+05:30,7196.5,7201.5,7191.0,7199.0,3436,0.0,0.0,APOLLOHOSP.NS
2025-12-04 14:30:00+05:30,7199.0,7205.0,7192.0,7200.5,5461,0.0,0.0,APOLLOHOSP.NS
2025-12-04 14:45:00+05:30,7198.5,7203.0,7193.5,7203.0,7396,0.0,0.0,APOLLOHOSP.NS
2025-12-04 15:00:00+05:30,7202.5,7208.0,7197.5,7199.5,29169,0.0,0.0,APOLLOHOSP.NS
2025-12-04 15:15:00+05:30,7200.0,7200.0,7190.0,7198.0,16776,0.0,0.0,APOLLOHOSP.NS
2025-12-05 09:15:00+05:30,7201.0,7201.0,7166.5,7166.5,10243,0.0,0.0,APOLLOHOSP.NS
2025-12-05 09:30:00+05:30,7164.0,7178.0,7162.5,7174.0,7335,0.0,0.0,APOLLOHOSP.NS
2025-12-05 09:45:00+05:30,7177.0,7178.0,7155.0,7162.5,5508,0.0,0.0,APOLLOHOSP.NS
2025-12-05 10:00:00+05:30,7162.5,7178.0,7160.0,7171.5,5442,0.0,0.0,APOLLOHOSP.NS
2025-12-05 10:15:00+05:30,7171.5,7185.0,7171.5,7175.0,5605,0.0,0.0,APOLLOHOSP.NS
2025-12-05 10:30:00+05:30,7176.0,7185.0,7170.0,7184.0,5180,0.0,0.0,APOLLOHOSP.NS
2025-12-05 10:45:00+05:30,7185.0,7187.0,7180.5,7183.0,8319,0.0,0.0,APOLLOHOSP.NS
2025-12-05 11:00:00+05:30,7185.0,7188.0,7184.0,7184.5,4672,0.0,0.0,APOLLOHOSP.NS
2025-12-05 11:15:00+05:30,7184.5,7191.0,7184.5,7188.5,6397,0.0,0.0,APOLLOHOSP.NS
2025-12-05 11:30:00+05:30,7189.0,7189.0,7184.0,7186.0,6202,0.0,0.0,APOLLOHOSP.NS
2025-12-05 11:45:00+05:30,7186.0,7191.0,7183.5,7189.0,5119,0.0,0.0,APOLLOHOSP.NS
2025-12-05 12:00:00+05:30,7189.0,7191.5,7187.0,7190.0,3162,0.0,0.0,APOLLOHOSP.NS
2025-12-05 12:15:00+05:30,7189.5,7190.5,7187.0,7188.0,5170,0.0,0.0,APOLLOHOSP.NS
2025-12-05 12:30:00+05:30,7188.0,7199.0,7187.5,7194.0,7726,0.0,0.0,APOLLOHOSP.NS
2025-12-05 12:45:00+05:30,7194.5,7203.0,7190.5,7201.0,8955,0.0,0.0,APOLLOHOSP.NS
2025-12-05 13:00:00+05:30,7202.0,7218.5,7200.5,7210.0,10654,0.0,0.0,APOLLOHOSP.NS
2025-12-05 13:15:00+05:30,7206.0,7219.5,7204.5,7214.0,18096,0.0,0.0,APOLLOHOSP.NS
2025-12-05 13:30:00+05:30,7214.0,7214.0,7197.0,7199.5,8794,0.0,0.0,APOLLOHOSP.NS
2025-12-05 13:45:00+05:30,7200.0,7207.5,7199.0,7200.0,31464,0.0,0.0,APOLLOHOSP.NS
2025-12-05 14:00:00+05:30,7199.5,7200.5,7187.0,7189.5,5519,0.0,0.0,APOLLOHOSP.NS
2025-12-05 14:15:00+05:30,7187.0,7190.0,7184.5,7187.5,8119,0.0,0.0,APOLLOHOSP.NS
2025-12-05 14:30:00+05:30,7185.0,7187.0,7171.5,7172.0,12063,0.0,0.0,APOLLOHOSP.NS
2025-12-05 14:45:00+05:30,7172.5,7173.5,7147.0,7171.0,8263,0.0,0.0,APOLLOHOSP.NS
2025-12-05 15:00:00+05:30,7171.5,7194.5,7171.5,7190.0,23140,0.0,0.0,APOLLOHOSP.NS
2025-12-05 15:15:00+05:30,7190.0,7206.0,7185.0,7189.5,29304,0.0,0.0,APOLLOHOSP.NS
2025-12-08 09:15:00+05:30,7185.0,7217.5,7163.5,7190.5,6569,0.0,0.0,APOLLOHOSP.NS
2025-12-08 09:30:00+05:30,7190.5,7206.0,7189.0,7194.0,5214,0.0,0.0,APOLLOHOSP.NS
2025-12-08 09:45:00+05:30,7195.5,7195.5,7171.5,7175.0,5829,0.0,0.0,APOLLOHOSP.NS
2025-12-08 10:00:00+05:30,7175.0,7178.0,7164.0,7170.0,3115,0.0,0.0,APOLLOHOSP.NS
2025-12-08 10:15:00+05:30,7169.5,7178.0,7160.5,7161.5,2253,0.0,0.0,APOLLOHOSP.NS
2025-12-08 10:30:00+05:30,7160.5,7164.0,7155.5,7158.0,3663,0.0,0.0,APOLLOHOSP.NS
2025-12-08 10:45:00+05:30,7156.5,7158.5,7144.0,7144.0,5738,0.0,0.0,APOLLOHOSP.NS
2025-12-08 11:00:00+05:30,7142.0,7148.5,7137.0,7138.5,2321,0.0,0.0,APOLLOHOSP.NS
2025-12-08 11:15:00+05:30,7137.0,7143.0,7136.0,7137.0,2758,0.0,0.0,APOLLOHOSP.NS
2025-12-08 11:30:00+05:30,7136.5,7137.0,7123.0,7124.5,3919,0.0,0.0,APOLLOHOSP.NS
2025-12-08 11:45:00+05:30,7127.0,7144.0,7124.5,7129.5,3702,0.0,0.0,APOLLOHOSP.NS
2025-12-08 12:00:00+05:30,7131.0,7131.5,7122.0,7122.0,5676,0.0,0.0,APOLLOHOSP.NS
2025-12-08 12:15:00+05:30,7122.5,7130.0,7114.0,7114.5,5374,0.0,0.0,APOLLOHOSP.NS
2025-12-08 12:30:00+05:30,7117.5,7121.5,7112.0,7115.5,6222,0.0,0.0,APOLLOHOSP.NS
2025-12-08 12:45:00+05:30,7116.0,7119.0,7113.0,7117.0,2302,0.0,0.0,APOLLOHOSP.NS
2025-12-08 13:00:00+05:30,7117.0,7128.5,7112.0,7116.5,22824,0.0,0.0,APOLLOHOSP.NS
2025-12-08 13:15:00+05:30,7122.5,7129.5,7116.5,7120.0,14840,0.0,0.0,APOLLOHOSP.NS
2025-12-08 13:30:00+05:30,7122.0,7129.5,7118.5,7122.0,33923,0.0,0.0,APOLLOHOSP.NS
2025-12-08 13:45:00+05:30,7122.0,7128.5,7122.0,7125.0,8041,0.0,0.0,APOLLOHOSP.NS
2025-12-08 14:00:00+05:30,7125.5,7127.0,7115.0,7115.5,12892,0.0,0.0,APOLLOHOSP.NS
2025-12-08 14:15:00+05:30,7115.0,7125.0,7112.5,7121.5,14827,0.0,0.0,APOLLOHOSP.NS
2025-12-08 14:30:00+05:30,7121.0,7121.0,7105.5,7108.5,12663,0.0,0.0,APOLLOHOSP.NS
2025-12-08 14:45:00+05:30,7110.5,7110.5,7082.0,7086.0,26303,0.0,0.0,APOLLOHOSP.NS
2025-12-08 15:00:00+05:30,7087.5,7100.0,7087.5,7095.5,38675,0.0,0.0,APOLLOHOSP.NS
2025-12-08 15:15:00+05:30,7095.5,7100.0,7091.0,7100.0,27528,0.0,0.0,APOLLOHOSP.NS
2025-12-09 09:15:00+05:30,7110.5,7110.5,7070.0,7073.5,14577,0.0,0.0,APOLLOHOSP.NS
2025-12-09 09:30:00+05:30,7071.0,7085.0,7061.0,7075.0,11040,0.0,0.0,APOLLOHOSP.NS
2025-12-09 09:45:00+05:30,7075.0,7083.0,7062.0,7062.0,10316,0.0,0.0,APOLLOHOSP.NS
2025-12-09 10:00:00+05:30,7065.5,7076.0,7062.0,7076.0,6974,0.0,0.0,APOLLOHOSP.NS
2025-12-09 10:15:00+05:30,7076.0,7098.0,7070.0,7078.0,40387,0.0,0.0,APOLLOHOSP.NS
2025-12-09 10:30:00+05:30,7079.5,7081.5,7060.0,7071.5,7603,0.0,0.0,APOLLOHOSP.NS
2025-12-09 10:45:00+05:30,7073.0,7083.0,7065.0,7083.0,5928,0.0,0.0,APOLLOHOSP.NS
2025-12-09 11:00:00+05:30,7084.5,7099.5,7077.0,7099.5,6236,0.0,0.0,APOLLOHOSP.NS
2025-12-09 11:15:00+05:30,7099.0,7105.0,7075.5,7080.0,34266,0.0,0.0,APOLLOHOSP.NS
2025-12-09 11:30:00+05:30,7080.0,7082.0,7065.0,7066.0,36191,0.0,0.0,APOLLOHOSP.NS
2025-12-09 11:45:00+05:30,7065.0,7083.0,7065.0,7080.0,10663,0.0,0.0,APOLLOHOSP.NS
2025-12-09 12:00:00+05:30,7080.0,7088.0,7075.0,7077.0,25386,0.0,0.0,APOLLOHOSP.NS
2025-12-09 12:15:00+05:30,7075.5,7089.5,7075.0,7087.0,16005,0.0,0.0,APOLLOHOSP.NS
2025-12-09 12:30:00+05:30,7087.0,7098.0,7085.5,7096.5,10999,0.0,0.0,APOLLOHOSP.NS
2025-12-09 12:45:00+05:30,7096.5,7114.0,7090.0,7092.5,18902,0.0,0.0,APOLLOHOSP.NS
2025-12-09 13:00:00+05:30,7091.5,7101.5,7091.5,7101.0,6459,0.0,0.0,APOLLOHOSP.NS
2025-12-09 13:15:00+05:30,7099.0,7125.0,7097.5,7115.0,37211,0.0,0.0,APOLLOHOSP.NS
2025-12-09 13:30:00+05:30,7115.0,7178.0,7114.5,7139.5,74189,0.0,0.0,APOLLOHOSP.NS
2025-12-09 13:45:00+05:30,7140.0,7145.5,7132.0,7135.0,10222,0.0,0.0,APOLLOHOSP.NS
2025-12-09 14:00:00+05:30,7135.5,7138.0,7120.0,7123.5,14704,0.0,0.0,APOLLOHOSP.NS
2025-12-09 14:15:00+05:30,7124.0,7126.5,7095.0,7099.0,15867,0.0,0.0,APOLLOHOSP.NS
2025-12-09 14:30:00+05:30,7096.0,7096.0,7081.5,7086.0,21643,0.0,0.0,APOLLOHOSP.NS
2025-12-09 14:45:00+05:30,7086.0,7089.5,7078.0,7086.5,18511,0.0,0.0,APOLLOHOSP.NS
2025-12-09 15:00:00+05:30,7090.0,7098.5,7087.0,7098.5,41475,0.0,0.0,APOLLOHOSP.NS
2025-12-09 15:15:00+05:30,7098.5,7098.5,7079.5,7096.0,54399,0.0,0.0,APOLLOHOSP.NS
2025-12-10 09:15:00+05:30,7113.5,7115.5,7084.0,7091.5,4817,0.0,0.0,APOLLOHOSP.NS
2025-12-10 09:30:00+05:30,7091.0,7107.0,7090.0,7107.0,8613,0.0,0.0,APOLLOHOSP.NS
2025-12-10 09:45:00+05:30,7107.0,7111.5,7093.0,7094.0,4471,0.0,0.0,APOLLOHOSP.NS
2025-12-10 10:00:00+05:30,7094.5,7099.5,7085.5,7091.5,5136,0.0,0.0,APOLLOHOSP.NS
2025-12-10 10:15:00+05:30,7091.5,7096.5,7085.5,7092.0,3445,0.0,0.0,APOLLOHOSP.NS
2025-12-10 10:30:00+05:30,7091.5,7094.5,7082.0,7084.0,3485,0.0,0.0,APOLLOHOSP.NS
2025-12-10 10:45:00+05:30,7086.5,7086.5,7058.5,7059.0,11162,0.0,0.0,APOLLOHOSP.NS
2025-12-10 11:00:00+05:30,7059.5,7067.5,7050.5,7064.0,6120,0.0,0.0,APOLLOHOSP.NS
2025-12-10 11:15:00+05:30,7064.0,7071.0,7050.0,7053.0,5662,0.0,0.0,APOLLOHOSP.NS
2025-12-10 11:30:00+05:30,7053.0,7053.0,7036.5,7045.5,9876,0.0,0.0,APOLLOHOSP.NS
2025-12-10 11:45:00+05:30,7045.0,7045.5,7027.5,7037.5,17859,0.0,0.0,APOLLOHOSP.NS
2025-12-10 12:00:00+05:30,7038.0,7049.0,7031.5,7042.5,21010,0.0,0.0,APOLLOHOSP.NS
2025-12-10 12:15:00+05:30,7042.5,7045.0,7034.0,7038.0,5431,0.0,0.0,APOLLOHOSP.NS
2025-12-10 12:30:00+05:30,7038.5,7040.0,7015.0,7015.5,24540,0.0,0.0,APOLLOHOSP.NS
2025-12-10 12:45:00+05:30,7016.0,7040.0,7016.0,7036.0,7220,0.0,0.0,APOLLOHOSP.NS
2025-12-10 13:00:00+05:30,7036.0,7049.0,7031.0,7045.5,9821,0.0,0.0,APOLLOHOSP.NS
2025-12-10 13:15:00+05:30,7045.5,7057.0,7045.0,7048.5,6518,0.0,0.0,APOLLOHOSP.NS
2025-12-10 13:30:00+05:30,7048.5,7052.5,7040.0,7040.0,7788,0.0,0.0,APOLLOHOSP.NS
2025-12-10 13:45:00+05:30,7040.0,7040.5,7025.5,7027.0,7143,0.0,0.0,APOLLOHOSP.NS
2025-12-10 14:00:00+05:30,7027.0,7034.5,7015.0,7015.0,13431,0.0,0.0,APOLLOHOSP.NS
2025-12-10 14:15:00+05:30,7014.0,7019.0,7007.0,7007.0,6938,0.0,0.0,APOLLOHOSP.NS
2025-12-10 14:30:00+05:30,7009.5,7024.0,7006.0,7009.5,10887,0.0,0.0,APOLLOHOSP.NS
2025-12-10 14:45:00+05:30,7009.5,7029.5,7006.5,7017.5,8505,0.0,0.0,APOLLOHOSP.NS
2025-12-10 15:00:00+05:30,7017.0,7019.5,7010.5,7017.0,24426,0.0,0.0,APOLLOHOSP.NS
2025-12-10 15:15:00+05:30,7017.0,7038.5,7012.5,7027.0,26206,0.0,0.0,APOLLOHOSP.NS
2025-12-11 09:15:00+05:30,7028.0,7041.5,7003.0,7038.5,7832,0.0,0.0,APOLLOHOSP.NS
2025-12-11 09:30:00+05:30,7041.5,7043.5,7030.0,7041.0,30152,0.0,0.0,APOLLOHOSP.NS
2025-12-11 09:45:00+05:30,7041.5,7047.5,7007.5,7017.0,10408,0.0,0.0,APOLLOHOSP.NS
2025-12-11 10:00:00+05:30,7016.5,7023.5,7010.0,7020.5,7441,0.0,0.0,APOLLOHOSP.NS
2025-12-11 10:15:00+05:30,7023.5,7041.5,7023.5,7040.0,5752,0.0,0.0,APOLLOHOSP.NS
2025-12-11 10:30:00+05:30,7040.0,7065.0,7039.5,7062.5,5847,0.0,0.0,APOLLOHOSP.NS
2025-12-11 10:45:00+05:30,7062.5,7065.5,7040.0,7041.0,10611,0.0,0.0,APOLLOHOSP.NS
2025-12-11 11:00:00+05:30,7041.5,7041.5,7025.5,7031.0,9528,0.0,0.0,APOLLOHOSP.NS
2025-12-11 11:15:00+05:30,7030.0,7038.0,7025.5,7030.0,5351,0.0,0.0,APOLLOHOSP.NS
2025-12-11 11:30:00+05:30,7030.0,7047.0,7029.0,7042.0,6422,0.0,0.0,APOLLOHOSP.NS
2025-12-11 11:45:00+05:30,7041.0,7044.5,7012.0,7021.0,13685,0.0,0.0,APOLLOHOSP.NS
2025-12-11 12:00:00+05:30,7020.0,7027.0,7002.5,7010.0,22301,0.0,0.0,APOLLOHOSP.NS
2025-12-11 12:15:00+05:30,7010.0,7021.5,7006.5,7021.5,11424,0.0,0.0,APOLLOHOSP.NS
2025-12-11 12:30:00+05:30,7020.0,7026.5,7020.0,7021.0,11142,0.0,0.0,APOLLOHOSP.NS
2025-12-11 12:45:00+05:30,7022.5,7030.5,7021.0,7030.0,11976,0.0,0.0,APOLLOHOSP.NS
2025-12-11 13:00:00+05:30,7030.0,7032.5,6978.0,6978.0,35028,0.0,0.0,APOLLOHOSP.NS
2025-12-11 13:15:00+05:30,6976.0,6990.0,6973.0,6985.0,19100,0.0,0.0,APOLLOHOSP.NS
2025-12-11 13:30:00+05:30,6982.5,7010.0,6982.5,7008.0,23647,0.0,0.0,APOLLOHOSP.NS
2025-12-11 13:45:00+05:30,7008.5,7020.5,7006.0,7014.5,8907,0.0,0.0,APOLLOHOSP.NS
2025-12-11 14:00:00+05:30,7013.5,7022.5,7013.5,7017.0,11372,0.0,0.0,APOLLOHOSP.NS
2025-12-11 14:15:00+05:30,7018.0,7018.0,7009.5,7018.0,15676,0.0,0.0,APOLLOHOSP.NS
2025-12-11 14:30:00+05:30,7018.0,7018.0,7008.0,7010.0,3666,0.0,0.0,APOLLOHOSP.NS
2025-12-11 14:45:00+05:30,7011.5,7011.5,6991.0,6998.0,12190,0.0,0.0,APOLLOHOSP.NS
2025-12-11 15:00:00+05:30,7001.5,7010.5,7001.5,7008.5,23483,0.0,0.0,APOLLOHOSP.NS
2025-12-11 15:15:00+05:30,7008.5,7023.0,7005.5,7015.0,15947,0.0,0.0,APOLLOHOSP.NS
2025-12-12 09:15:00+05:30,7016.5,7037.5,7004.0,7033.0,4119,0.0,0.0,APOLLOHOSP.NS
2025-12-12 09:30:00+05:30,7032.0,7051.5,7032.0,7042.5,6955,0.0,0.0,APOLLOHOSP.NS
2025-12-12 09:45:00+05:30,7042.5,7056.5,7042.5,7053.0,4585,0.0,0.0,APOLLOHOSP.NS
2025-12-12 10:00:00+05:30,7054.0,7056.5,7036.0,7050.0,5896,0.0,0.0,APOLLOHOSP.NS
2025-12-12 10:15:00+05:30,7050.5,7060.0,7047.0,7053.0,5213,0.0,0.0,APOLLOHOSP.NS
2025-12-12 10:30:00+05:30,7054.0,7066.0,7051.0,7064.0,4578,0.0,0.0,APOLLOHOSP.NS
2025-12-12 10:45:00+05:30,7065.0,7076.5,7062.0,7070.0,6965,0.0,0.0,APOLLOHOSP.NS
2025-12-12 11:00:00+05:30,7070.0,7082.0,7068.0,7080.5,6744,0.0,0.0,APOLLOHOSP.NS
2025-12-12 11:15:00+05:30,7079.5,7092.0,7065.0,7070.0,15934,0.0,0.0,APOLLOHOSP.NS
2025-12-12 11:30:00+05:30,7068.0,7073.0,7054.5,7072.5,9142,0.0,0.0,APOLLOHOSP.NS
2025-12-12 11:45:00+05:30,7073.0,7073.0,7061.0,7065.5,5932,0.0,0.0,APOLLOHOSP.NS
2025-12-12 12:00:00+05:30,7067.0,7089.0,7066.0,7083.0,12535,0.0,0.0,APOLLOHOSP.NS
2025-12-12 12:15:00+05:30,7086.5,7098.0,7082.5,7091.0,9753,0.0,0.0,APOLLOHOSP.NS
2025-12-12 12:30:00+05:30,7091.0,7093.0,7077.0,7079.0,6071,0.0,0.0,APOLLOHOSP.NS
2025-12-12 12:45:00+05:30,7079.5,7084.0,7069.5,7080.5,10013,0.0,0.0,APOLLOHOSP.NS
2025-12-12 13:00:00+05:30,7080.5,7084.0,7070.5,7079.0,8744,0.0,0.0,APOLLOHOSP.NS
2025-12-12 13:15:00+05:30,7079.5,7084.5,7072.5,7078.5,9385,0.0,0.0,APOLLOHOSP.NS
2025-12-12 13:30:00+05:30,7078.0,7087.5,7073.5,7086.5,9107,0.0,0.0,APOLLOHOSP.NS
2025-12-12 13:45:00+05:30,7086.5,7091.5,7082.0,7087.0,12644,0.0,0.0,APOLLOHOSP.NS
2025-12-12 14:00:00+05:30,7087.5,7108.0,7087.5,7103.0,11640,0.0,0.0,APOLLOHOSP.NS
2025-12-12 14:15:00+05:30,7103.0,7128.0,7100.0,7127.5,16277,0.0,0.0,APOLLOHOSP.NS
2025-12-12 14:30:00+05:30,7127.5,7130.0,7105.5,7111.5,8742,0.0,0.0,APOLLOHOSP.NS
2025-12-12 14:45:00+05:30,7111.5,7111.5,7096.0,7100.0,23038,0.0,0.0,APOLLOHOSP.NS
2025-12-12 15:00:00+05:30,7101.0,7106.5,7099.0,7104.0,44027,0.0,0.0,APOLLOHOSP.NS
2025-12-12 15:15:00+05:30,7106.0,7106.5,7078.0,7101.0,41956,0.0,0.0,APOLLOHOSP.NS
2025-12-15 09:15:00+05:30,7075.0,7075.0,7021.5,7028.0,11578,0.0,0.0,APOLLOHOSP.NS
2025-12-15 09:30:00+05:30,7027.5,7032.0,7023.5,7023.5,5879,0.0,0.0,APOLLOHOSP.NS
2025-12-15 09:45:00+05:30,7026.0,7029.0,7017.5,7025.5,5384,0.0,0.0,APOLLOHOSP.NS
2025-12-15 10:00:00+05:30,7021.5,7025.0,7020.0,7021.0,2956,0.0,0.0,APOLLOHOSP.NS
2025-12-15 10:15:00+05:30,7021.0,7032.5,7021.0,7032.5,6872,0.0,0.0,APOLLOHOSP.NS
2025-12-15 10:30:00+05:30,7031.0,7053.5,7031.0,7051.5,10921,0.0,0.0,APOLLOHOSP.NS
2025-12-15 10:45:00+05:30,7050.0,7053.0,7047.0,7051.0,3179,0.0,0.0,APOLLOHOSP.NS
2025-12-15 11:00:00+05:30,7051.0,7057.0,7048.0,7056.0,4470,0.0,0.0,APOLLOHOSP.NS
2025-12-15 11:15:00+05:30,7058.5,7068.0,7058.5,7064.0,5387,0.0,0.0,APOLLOHOSP.NS
2025-12-15 11:30:00+05:30,7062.0,7069.5,7062.0,7064.0,5696,0.0,0.0,APOLLOHOSP.NS
2025-12-15 11:45:00+05:30,7064.0,7079.5,7062.0,7074.0,5998,0.0,0.0,APOLLOHOSP.NS
2025-12-15 12:00:00+05:30,7074.5,7074.5,7063.0,7066.0,7827,0.0,0.0,APOLLOHOSP.NS
2025-12-15 12:15:00+05:30,7065.0,7068.0,7049.5,7062.0,15910,0.0,0.0,APOLLOHOSP.NS
2025-12-15 12:30:00+05:30,7062.0,7064.5,7050.5,7050.5,12795,0.0,0.0,APOLLOHOSP.NS
2025-12-15 12:45:00+05:30,7051.5,7062.0,7046.0,7060.0,13705,0.0,0.0,APOLLOHOSP.NS
2025-12-15 13:00:00+05:30,7062.0,7070.0,7059.5,7065.0,8293,0.0,0.0,APOLLOHOSP.NS
2025-12-15 13:15:00+05:30,7067.0,7070.0,7061.5,7070.0,5186,0.0,0.0,APOLLOHOSP.NS
2025-12-15 13:30:00+05:30,7067.5,7078.5,7067.5,7074.0,6520,0.0,0.0,APOLLOHOSP.NS
2025-12-15 13:45:00+05:30,7076.0,7081.0,7071.5,7077.0,4700,0.0,0.0,APOLLOHOSP.NS
2025-12-15 14:00:00+05:30,7077.5,7090.0,7069.5,7076.5,9588,0.0,0.0,APOLLOHOSP.NS
2025-12-15 14:15:00+05:30,7076.5,7080.0,7066.0,7067.0,6204,0.0,0.0,APOLLOHOSP.NS
2025-12-15 14:30:00+05:30,7066.0,7075.5,7064.0,7075.0,4249,0.0,0.0,APOLLOHOSP.NS
2025-12-15 14:45:00+05:30,7075.0,7083.0,7073.0,7082.5,6496,0.0,0.0,APOLLOHOSP.NS
2025-12-15 15:00:00+05:30,7082.0,7084.0,7071.5,7083.0,7923,0.0,0.0,APOLLOHOSP.NS
2025-12-15 15:15:00+05:30,7083.0,7096.5,7082.0,7096.5,16500,0.0,0.0,APOLLOHOSP.NS
2025-12-16 09:15:00+05:30,7092.5,7144.5,7086.0,7125.0,18401,0.0,0.0,APOLLOHOSP.NS
2025-12-16 09:30:00+05:30,7124.5,7142.0,7124.5,7138.0,11205,0.0,0.0,APOLLOHOSP.NS
2025-12-16 09:45:00+05:30,7136.5,7144.5,7123.5,7127.0,14145,0.0,0.0,APOLLOHOSP.NS
2025-12-16 10:00:00+05:30,7129.0,7129.0,7116.5,7123.5,9138,0.0,0.0,APOLLOHOSP.NS
2025-12-16 10:15:00+05:30,7126.5,7134.0,7117.5,7122.0,5746,0.0,0.0,APOLLOHOSP.NS
2025-12-16 10:30:00+05:30,7122.0,7130.0,7120.5,7129.5,4851,0.0,0.0,APOLLOHOSP.NS
2025-12-16 10:45:00+05:30,7123.0,7127.0,7118.0,7123.0,23987,0.0,0.0,APOLLOHOSP.NS
2025-12-16 11:00:00+05:30,7123.0,7130.0,7119.0,7124.5,8233,0.0,0.0,APOLLOHOSP.NS
2025-12-16 11:15:00+05:30,7126.0,7129.5,7120.5,7125.0,3903,0.0,0.0,APOLLOHOSP.NS
2025-12-16 11:30:00+05:30,7125.0,7126.5,7123.5,7125.0,18164,0.0,0.0,APOLLOHOSP.NS
2025-12-16 11:45:00+05:30,7125.0,7127.0,7118.0,7118.0,33424,0.0,0.0,APOLLOHOSP.NS
2025-12-16 12:00:00+05:30,7119.0,7119.0,7091.0,7094.0,16492,0.0,0.0,APOLLOHOSP.NS
2025-12-16 12:15:00+05:30,7094.0,7099.5,7083.5,7090.0,8739,0.0,0.0,APOLLOHOSP.NS
2025-12-16 12:30:00+05:30,7090.0,7116.0,7084.0,7110.0,8472,0.0,0.0,APOLLOHOSP.NS
2025-12-16 12:45:00+05:30,7110.5,7115.0,7091.0,7093.5,6143,0.0,0.0,APOLLOHOSP.NS
2025-12-16 13:00:00+05:30,7096.0,7096.0,7079.0,7083.5,4049,0.0,0.0,APOLLOHOSP.NS
2025-12-16 13:15:00+05:30,7083.5,7086.0,7070.0,7070.5,3571,0.0,0.0,APOLLOHOSP.NS
2025-12-16 13:30:00+05:30,7071.5,7079.5,7070.0,7075.0,3641,0.0,0.0,APOLLOHOSP.NS
2025-12-16 13:45:00+05:30,7075.0,7077.0,7062.5,7063.0,4678,0.0,0.0,APOLLOHOSP.NS
2025-12-16 14:00:00+05:30,7065.0,7068.5,7045.0,7045.0,10425,0.0,0.0,APOLLOHOSP.NS
2025-12-16 14:15:00+05:30,7044.5,7049.0,7036.0,7039.0,18035,0.0,0.0,APOLLOHOSP.NS
2025-12-16 14:30:00+05:30,7039.0,7040.5,7025.0,7039.5,15369,0.0,0.0,APOLLOHOSP.NS
2025-12-16 14:45:00+05:30,7039.5,7048.5,7034.5,7045.0,21187,0.0,0.0,APOLLOHOSP.NS
2025-12-16 15:00:00+05:30,7045.5,7055.0,7044.5,7046.5,41939,0.0,0.0,APOLLOHOSP.NS
2025-12-16 15:15:00+05:30,7048.0,7064.5,7035.0,7051.5,47849,0.0,0.0,APOLLOHOSP.NS
2025-12-17 09:15:00+05:30,7107.0,7107.0,7056.0,7080.0,6767,0.0,0.0,APOLLOHOSP.NS
2025-12-17 09:30:00+05:30,7080.0,7080.0,7059.5,7066.0,9914,0.0,0.0,APOLLOHOSP.NS
2025-12-17 09:45:00+05:30,7063.0,7070.0,7025.0,7030.5,9136,0.0,0.0,APOLLOHOSP.NS
2025-12-17 10:00:00+05:30,7030.0,7032.0,7005.0,7009.5,8646,0.0,0.0,APOLLOHOSP.NS
2025-12-17 10:15:00+05:30,7008.5,7015.5,7005.0,7007.0,5172,0.0,0.0,APOLLOHOSP.NS
2025-12-17 10:30:00+05:30,7007.0,7009.5,6990.5,6998.5,10080,0.0,0.0,APOLLOHOSP.NS
2025-12-17 10:45:00+05:30,6998.0,7000.0,6978.0,6987.0,9462,0.0,0.0,APOLLOHOSP.NS
2025-12-17 11:00:00+05:30,6987.0,6993.0,6985.5,6989.5,4528,0.0,0.0,APOLLOHOSP.NS
2025-12-17 11:15:00+05:30,6989.0,6990.0,6984.0,6986.5,3627,0.0,0.0,APOLLOHOSP.NS
2025-12-17 11:30:00+05:30,6987.0,6987.0,6980.0,6980.0,7205,0.0,0.0,APOLLOHOSP.NS
2025-12-17 11:45:00+05:30,6975.5,6987.5,6975.5,6981.0,4708,0.0,0.0,APOLLOHOSP.NS
2025-12-17 12:00:00+05:30,6981.0,6981.5,6965.0,6974.5,16267,0.0,0.0,APOLLOHOSP.NS
2025-12-17 12:15:00+05:30,6974.5,6976.0,6962.0,6963.0,8763,0.0,0.0,APOLLOHOSP.NS
2025-12-17 12:30:00+05:30,6961.0,6961.0,6947.5,6949.0,11920,0.0,0.0,APOLLOHOSP.NS
2025-12-17 12:45:00+05:30,6948.5,6957.0,6948.0,6952.0,3735,0.0,0.0,APOLLOHOSP.NS
2025-12-17 13:00:00+05:30,6952.0,6956.5,6943.0,6950.0,8958,0.0,0.0,APOLLOHOSP.NS
2025-12-17 13:15:00+05:30,6950.0,6950.5,6946.5,6948.5,6547,0.0,0.0,APOLLOHOSP.NS
2025-12-17 13:30:00+05:30,6948.5,6949.0,6925.0,6927.5,11257,0.0,0.0,APOLLOHOSP.NS
2025-12-17 13:45:00+05:30,6927.0,6928.0,6921.5,6924.5,8106,0.0,0.0,APOLLOHOSP.NS
2025-12-17 14:00:00+05:30,6921.5,6939.0,6920.5,6939.0,11960,0.0,0.0,APOLLOHOSP.NS
2025-12-17 14:15:00+05:30,6939.0,6948.5,6937.0,6939.0,15301,0.0,0.0,APOLLOHOSP.NS
2025-12-17 14:30:00+05:30,6939.0,6940.0,6919.0,6927.5,27950,0.0,0.0,APOLLOHOSP.NS
2025-12-17 14:45:00+05:30,6927.0,6933.5,6918.0,6924.0,17649,0.0,0.0,APOLLOHOSP.NS
2025-12-17 15:00:00+05:30,6923.5,6932.5,6921.0,6925.5,54947,0.0,0.0,APOLLOHOSP.NS
2025-12-17 15:15:00+05:30,6925.5,6927.0,6912.0,6921.5,49497,0.0,0.0,APOLLOHOSP.NS
2025-12-18 09:15:00+05:30,6907.5,6924.0,6900.0,6920.0,17438,0.0,0.0,APOLLOHOSP.NS
2025-12-18 09:30:00+05:30,6914.0,6918.0,6883.0,6888.0,8847,0.0,0.0,APOLLOHOSP.NS
2025-12-18 09:45:00+05:30,6889.0,6903.0,6881.0,6897.0,16979,0.0,0.0,APOLLOHOSP.NS
2025-12-18 10:00:00+05:30,6894.5,6924.0,6894.5,6923.0,11894,0.0,0.0,APOLLOHOSP.NS
2025-12-18 10:15:00+05:30,6923.0,6932.5,6916.0,6928.0,10012,0.0,0.0,APOLLOHOSP.NS
2025-12-18 10:30:00+05:30,6926.5,6935.0,6925.0,6930.5,9404,0.0,0.0,APOLLOHOSP.NS
2025-12-18 10:45:00+05:30,6930.0,6930.5,6913.5,6924.5,16020,0.0,0.0,APOLLOHOSP.NS
2025-12-18 11:00:00+05:30,6923.0,6939.5,6921.5,6938.0,27578,0.0,0.0,APOLLOHOSP.NS
2025-12-18 11:15:00+05:30,6938.0,6939.0,6937.0,6937.0,7114,0.0,0.0,APOLLOHOSP.NS
2025-12-18 11:30:00+05:30,6937.0,6939.0,6930.0,6938.5,17988,0.0,0.0,APOLLOHOSP.NS
2025-12-18 11:45:00+05:30,6938.5,6939.0,6937.0,6939.0,5351,0.0,0.0,APOLLOHOSP.NS
2025-12-18 12:00:00+05:30,6938.5,6939.0,6936.5,6937.5,4795,0.0,0.0,APOLLOHOSP.NS
2025-12-18 12:15:00+05:30,6937.0,6939.0,6935.5,6937.0,13905,0.0,0.0,APOLLOHOSP.NS
2025-12-18 12:30:00+05:30,6938.5,6949.0,6936.5,6937.0,16224,0.0,0.0,APOLLOHOSP.NS
2025-12-18 12:45:00+05:30,6937.0,6938.5,6928.0,6931.0,46884,0.0,0.0,APOLLOHOSP.NS
2025-12-18 13:00:00+05:30,6931.0,6932.0,6920.0,6922.0,42951,0.0,0.0,APOLLOHOSP.NS
2025-12-18 13:15:00+05:30,6919.5,6920.0,6903.0,6908.5,12504,0.0,0.0,APOLLOHOSP.NS
2025-12-18 13:30:00+05:30,6908.5,6909.0,6900.0,6904.5,9115,0.0,0.0,APOLLOHOSP.NS
2025-12-18 13:45:00+05:30,6905.0,6908.5,6901.0,6902.5,6626,0.0,0.0,APOLLOHOSP.NS
2025-12-18 14:00:00+05:30,6904.0,6904.0,6890.0,6892.0,6008,0.0,0.0,APOLLOHOSP.NS
2025-12-18 14:15:00+05:30,6891.0,6894.0,6885.5,6891.0,12353,0.0,0.0,APOLLOHOSP.NS
2025-12-18 14:30:00+05:30,6892.0,6910.5,6890.5,6899.0,10927,0.0,0.0,APOLLOHOSP.NS
2025-12-18 14:45:00+05:30,6898.5,6922.5,6898.5,6919.5,17243,0.0,0.0,APOLLOHOSP.NS
2025-12-18 15:00:00+05:30,6924.5,6928.5,6917.5,6917.5,18637,0.0,0.0,APOLLOHOSP.NS
2025-12-18 15:15:00+05:30,6918.0,6919.5,6902.5,6909.5,17779,0.0,0.0,APOLLOHOSP.NS
2025-12-19 09:15:00+05:30,6924.0,6962.5,6908.5,6950.5,8442,0.0,0.0,APOLLOHOSP.NS
2025-12-19 09:30:00+05:30,6952.5,6963.5,6950.0,6960.0,4938,0.0,0.0,APOLLOHOSP.NS
2025-12-19 09:45:00+05:30,6962.0,6967.5,6953.0,6962.0,7816,0.0,0.0,APOLLOHOSP.NS
2025-12-19 10:00:00+05:30,6962.0,6977.0,6961.0,6963.0,10874,0.0,0.0,APOLLOHOSP.NS
2025-12-19 10:15:00+05:30,6963.5,6971.0,6950.0,6963.0,6518,0.0,0.0,APOLLOHOSP.NS
2025-12-19 10:30:00+05:30,6964.0,6966.0,6961.0,6962.5,3212,0.0,0.0,APOLLOHOSP.NS
2025-12-19 10:45:00+05:30,6963.5,6966.0,6950.0,6961.5,6762,0.0,0.0,APOLLOHOSP.NS
2025-12-19 11:00:00+05:30,6961.5,6973.5,6959.0,6967.5,7095,0.0,0.0,APOLLOHOSP.NS
2025-12-19 11:15:00+05:30,6967.5,6975.0,6962.0,6970.5,6814,0.0,0.0,APOLLOHOSP.NS
2025-12-19 11:30:00+05:30,6970.0,6983.5,6970.0,6973.5,5613,0.0,0.0,APOLLOHOSP.NS
2025-12-19 11:45:00+05:30,6976.5,6985.0,6965.0,6967.5,4507,0.0,0.0,APOLLOHOSP.NS
2025-12-19 12:00:00+05:30,6968.5,6988.0,6967.0,6984.0,5234,0.0,0.0,APOLLOHOSP.NS
2025-12-19 12:15:00+05:30,6985.0,6986.0,6965.0,6966.5,4285,0.0,0.0,APOLLOHOSP.NS
2025-12-19 12:30:00+05:30,6968.5,6979.0,6966.5,6976.5,4944,0.0,0.0,APOLLOHOSP.NS
2025-12-19 12:45:00+05:30,6976.5,6983.0,6975.0,6980.5,3648,0.0,0.0,APOLLOHOSP.NS
2025-12-19 13:00:00+05:30,6980.5,6983.5,6971.5,6978.0,13413,0.0,0.0,APOLLOHOSP.NS
2025-12-19 13:15:00+05:30,6979.5,7004.0,6976.5,6998.5,10265,0.0,0.0,APOLLOHOSP.NS
2025-12-19 13:30:00+05:30,6998.0,7000.0,6990.5,6991.5,3267,0.0,0.0,APOLLOHOSP.NS
2025-12-19 13:45:00+05:30,6991.5,6994.0,6990.0,6990.5,4712,0.0,0.0,APOLLOHOSP.NS
2025-12-19 14:00:00+05:30,6990.0,6997.5,6990.0,6992.0,6491,0.0,0.0,APOLLOHOSP.NS
2025-12-19 14:15:00+05:30,6992.0,7002.0,6992.0,6992.5,5281,0.0,0.0,APOLLOHOSP.NS
2025-12-19 14:30:00+05:30,6994.5,6997.0,6990.0,6997.0,3198,0.0,0.0,APOLLOHOSP.NS
2025-12-19 14:45:00+05:30,6997.0,7001.5,6992.5,6998.5,4066,0.0,0.0,APOLLOHOSP.NS
2025-12-19 15:00:00+05:30,7001.0,7017.0,7001.0,7016.0,43467,0.0,0.0,APOLLOHOSP.NS
2025-12-19 15:15:00+05:30,7020.5,7023.5,7012.0,7022.0,40585,0.0,0.0,APOLLOHOSP.NS
2025-12-22 09:15:00+05:30,7014.0,7098.0,7014.0,7076.5,16057,0.0,0.0,APOLLOHOSP.NS
2025-12-22 09:30:00+05:30,7076.5,7082.0,7070.5,7076.0,9312,0.0,0.0,APOLLOHOSP.NS
2025-12-22 09:45:00+05:30,7074.5,7078.0,7054.0,7077.0,11329,0.0,0.0,APOLLOHOSP.NS
2025-12-22 10:00:00+05:30,7076.0,7089.0,7076.0,7085.0,9569,0.0,0.0,APOLLOHOSP.NS
2025-12-22 10:15:00+05:30,7087.0,7090.0,7070.5,7074.0,5698,0.0,0.0,APOLLOHOSP.NS
2025-12-22 10:30:00+05:30,7074.0,7081.0,7061.5,7068.0,7468,0.0,0.0,APOLLOHOSP.NS
2025-12-22 10:45:00+05:30,7069.0,7083.5,7061.0,7081.0,3990,0.0,0.0,APOLLOHOSP.NS
2025-12-22 11:00:00+05:30,7084.5,7085.0,7074.0,7083.0,5840,0.0,0.0,APOLLOHOSP.NS
2025-12-22 11:15:00+05:30,7083.0,7095.0,7074.5,7093.5,9441,0.0,0.0,APOLLOHOSP.NS
2025-12-22 11:30:00+05:30,7093.5,7095.0,7084.5,7092.0,6046,0.0,0.0,APOLLOHOSP.NS
2025-12-22 11:45:00+05:30,7092.0,7097.5,7085.0,7096.0,4657,0.0,0.0,APOLLOHOSP.NS
2025-12-22 12:00:00+05:30,7096.0,7102.5,7090.0,7091.5,12797,0.0,0.0,APOLLOHOSP.NS
2025-12-22 12:15:00+05:30,7091.5,7096.0,7089.0,7092.0,7034,0.0,0.0,APOLLOHOSP.NS
2025-12-22 12:30:00+05:30,7092.0,7097.5,7070.5,7072.0,31070,0.0,0.0,APOLLOHOSP.NS
2025-12-22 12:45:00+05:30,7074.0,7074.0,7055.0,7064.0,17296,0.0,0.0,APOLLOHOSP.NS
2025-12-22 13:00:00+05:30,7064.0,7069.0,7052.5,7055.0,10439,0.0,0.0,APOLLOHOSP.NS
2025-12-22 13:15:00+05:30,7054.5,7060.0,7045.0,7047.0,16942,0.0,0.0,APOLLOHOSP.NS
2025-12-22 13:30:00+05:30,7048.5,7057.0,7048.5,7052.5,10690,0.0,0.0,APOLLOHOSP.NS
2025-12-22 13:45:00+05:30,7052.5,7067.0,7050.0,7065.5,12057,0.0,0.0,APOLLOHOSP.NS
2025-12-22 14:00:00+05:30,7065.0,7070.5,7059.0,7070.5,25865,0.0,0.0,APOLLOHOSP.NS
2025-12-22 14:15:00+05:30,7070.5,7074.0,7044.0,7048.0,22298,0.0,0.0,APOLLOHOSP.NS
2025-12-22 14:30:00+05:30,7048.5,7058.5,7040.0,7050.0,13811,0.0,0.0,APOLLOHOSP.NS
2025-12-22 14:45:00+05:30,7050.0,7051.0,7044.0,7051.0,6614,0.0,0.0,APOLLOHOSP.NS
2025-12-22 15:00:00+05:30,7051.0,7060.0,7049.5,7058.5,30691,0.0,0.0,APOLLOHOSP.NS
2025-12-22 15:15:00+05:30,7060.0,7064.0,7048.0,7054.0,39662,0.0,0.0,APOLLOHOSP.NS
2025-12-23 09:15:00+05:30,7059.0,7059.0,7020.0,7021.0,6471,0.0,0.0,APOLLOHOSP.NS
2025-12-23 09:30:00+05:30,7021.0,7027.5,7016.0,7018.0,4352,0.0,0.0,APOLLOHOSP.NS
2025-12-23 09:45:00+05:30,7022.0,7047.5,7018.0,7047.0,7083,0.0,0.0,APOLLOHOSP.NS
2025-12-23 10:00:00+05:30,7047.0,7056.5,7045.0,7055.0,2518,0.0,0.0,APOLLOHOSP.NS
2025-12-23 10:15:00+05:30,7054.5,7059.0,7041.5,7048.5,6350,0.0,0.0,APOLLOHOSP.NS
2025-12-23 10:30:00+05:30,7052.0,7070.0,7049.0,7066.5,14199,0.0,0.0,APOLLOHOSP.NS
2025-12-23 10:45:00+05:30,7066.5,7070.0,7063.5,7064.5,5695,0.0,0.0,APOLLOHOSP.NS
2025-12-23 11:00:00+05:30,7065.0,7071.0,7063.0,7070.5,4691,0.0,0.0,APOLLOHOSP.NS
2025-12-23 11:15:00+05:30,7070.0,7084.5,7070.0,7082.0,12362,0.0,0.0,APOLLOHOSP.NS
2025-12-23 11:30:00+05:30,7082.0,7089.5,7079.5,7081.0,4040,0.0,0.0,APOLLOHOSP.NS
2025-12-23 11:45:00+05:30,7081.0,7087.5,7073.0,7083.5,9598,0.0,0.0,APOLLOHOSP.NS
2025-12-23 12:00:00+05:30,7083.5,7090.0,7077.5,7090.0,2815,0.0,0.0,APOLLOHOSP.NS
2025-12-23 12:15:00+05:30,7090.0,7090.5,7081.5,7090.5,3323,0.0,0.0,APOLLOHOSP.NS
2025-12-23 12:30:00+05:30,7091.5,7098.0,7085.0,7087.5,9882,0.0,0.0,APOLLOHOSP.NS
2025-12-23 12:45:00+05:30,7085.0,7087.5,7072.5,7075.5,4993,0.0,0.0,APOLLOHOSP.NS
2025-12-23 13:00:00+05:30,7075.5,7088.0,7072.5,7086.5,8109,0.0,0.0,APOLLOHOSP.NS
2025-12-23 13:15:00+05:30,7086.5,7089.5,7084.5,7089.5,1925,0.0,0.0,APOLLOHOSP.NS
2025-12-23 13:30:00+05:30,7086.5,7086.5,7073.5,7076.5,4611,0.0,0.0,APOLLOHOSP.NS
2025-12-23 13:45:00+05:30,7076.5,7081.5,7073.5,7078.5,4732,0.0,0.0,APOLLOHOSP.NS
2025-12-23 14:00:00+05:30,7078.0,7082.0,7074.5,7081.0,6837,0.0,0.0,APOLLOHOSP.NS
2025-12-23 14:15:00+05:30,7080.5,7090.0,7077.0,7083.5,45624,0.0,0.0,APOLLOHOSP.NS
2025-12-23 14:30:00+05:30,7080.5,7084.0,7064.0,7064.0,33502,0.0,0.0,APOLLOHOSP.NS
2025-12-23 14:45:00+05:30,7062.5,7078.5,7062.5,7078.0,19789,0.0,0.0,APOLLOHOSP.NS
2025-12-23 15:00:00+05:30,7078.0,7084.0,7069.5,7076.5,28386,0.0,0.0,APOLLOHOSP.NS
2025-12-23 15:15:00+05:30,7076.0,7080.0,7070.5,7075.5,27327,0.0,0.0,APOLLOHOSP.NS
2025-12-24 09:15:00+05:30,7069.0,7090.5,7049.5,7087.0,4939,0.0,0.0,APOLLOHOSP.NS
2025-12-24 09:30:00+05:30,7087.0,7100.0,7086.5,7098.0,6667,0.0,0.0,APOLLOHOSP.NS
2025-12-24 09:45:00+05:30,7098.0,7123.0,7095.0,7116.5,22778,0.0,0.0,APOLLOHOSP.NS
2025-12-24 10:00:00+05:30,7119.0,7137.0,7113.0,7135.0,10598,0.0,0.0,APOLLOHOSP.NS
2025-12-24 10:15:00+05:30,7137.0,7154.0,7125.0,7153.5,18452,0.0,0.0,APOLLOHOSP.NS
2025-12-24 10:30:00+05:30,7153.0,7175.0,7150.0,7173.5,26778,0.0,0.0,APOLLOHOSP.NS
2025-12-24 10:45:00+05:30,7175.0,7198.0,7164.0,7194.5,33585,0.0,0.0,APOLLOHOSP.NS
2025-12-24 11:00:00+05:30,7194.0,7200.0,7177.0,7195.0,13960,0.0,0.0,APOLLOHOSP.NS
2025-12-24 11:15:00+05:30,7196.5,7209.5,7191.5,7201.0,14733,0.0,0.0,APOLLOHOSP.NS
2025-12-24 11:30:00+05:30,7200.5,7207.0,7182.0,7186.5,10263,0.0,0.0,APOLLOHOSP.NS
2025-12-24 11:45:00+05:30,7186.5,7193.5,7180.0,7189.0,10141,0.0,0.0,APOLLOHOSP.NS
2025-12-24 12:00:00+05:30,7189.5,7191.5,7180.0,7188.0,7470,0.0,0.0,APOLLOHOSP.NS
2025-12-24 12:15:00+05:30,7188.0,7205.0,7183.5,7200.5,12091,0.0,0.0,APOLLOHOSP.NS
2025-12-24 12:30:00+05:30,7200.0,7207.0,7195.0,7200.0,20949,0.0,0.0,APOLLOHOSP.NS
2025-12-24 12:45:00+05:30,7200.0,7207.5,7187.0,7191.5,14292,0.0,0.0,APOLLOHOSP.NS
2025-12-24 13:00:00+05:30,7191.5,7193.0,7180.0,7185.5,8966,0.0,0.0,APOLLOHOSP.NS
2025-12-24 13:15:00+05:30,7184.5,7193.0,7182.5,7193.0,10387,0.0,0.0,APOLLOHOSP.NS
2025-12-24 13:30:00+05:30,7193.0,7193.0,7183.5,7187.5,6332,0.0,0.0,APOLLOHOSP.NS
2025-12-24 13:45:00+05:30,7187.0,7191.0,7182.5,7190.5,11163,0.0,0.0,APOLLOHOSP.NS
2025-12-24 14:00:00+05:30,7190.0,7190.5,7183.0,7186.0,7557,0.0,0.0,APOLLOHOSP.NS
2025-12-24 14:15:00+05:30,7185.0,7190.0,7174.0,7175.5,15601,0.0,0.0,APOLLOHOSP.NS
2025-12-24 14:30:00+05:30,7177.5,7181.0,7167.0,7167.0,12820,0.0,0.0,APOLLOHOSP.NS
2025-12-24 14:45:00+05:30,7173.0,7177.0,7166.0,7174.5,11819,0.0,0.0,APOLLOHOSP.NS
2025-12-24 15:00:00+05:30,7177.5,7183.5,7172.5,7175.0,12286,0.0,0.0,APOLLOHOSP.NS
2025-12-24 15:15:00+05:30,7173.5,7182.5,7160.5,7182.0,20740,0.0,0.0,APOLLOHOSP.NS
2025-12-26 09:15:00+05:30,7188.0,7192.0,7171.0,7187.5,22697,0.0,0.0,APOLLOHOSP.NS
2025-12-26 09:30:00+05:30,7187.5,7195.0,7180.0,7183.5,9797,0.0,0.0,APOLLOHOSP.NS
2025-12-26 09:45:00+05:30,7182.0,7193.0,7182.0,7189.5,12446,0.0,0.0,APOLLOHOSP.NS
2025-12-26 10:00:00+05:30,7190.0,7200.0,7188.0,7190.0,4426,0.0,0.0,APOLLOHOSP.NS
2025-12-26 10:15:00+05:30,7190.0,7200.0,7184.5,7194.0,7800,0.0,0.0,APOLLOHOSP.NS
2025-12-26 10:30:00+05:30,7187.0,7197.0,7187.0,7192.0,3838,0.0,0.0,APOLLOHOSP.NS
2025-12-26 10:45:00+05:30,7191.0,7192.0,7185.5,7192.0,2296,0.0,0.0,APOLLOHOSP.NS
2025-12-26 11:00:00+05:30,7192.0,7196.5,7186.5,7191.5,5906,0.0,0.0,APOLLOHOSP.NS
2025-12-26 11:15:00+05:30,7191.5,7191.5,7179.0,7182.0,6431,0.0,0.0,APOLLOHOSP.NS
2025-12-26 11:30:00+05:30,7182.0,7198.0,7175.5,7194.5,22543,0.0,0.0,APOLLOHOSP.NS
2025-12-26 11:45:00+05:30,7195.5,7195.5,7185.0,7189.0,2847,0.0,0.0,APOLLOHOSP.NS
2025-12-26 12:00:00+05:30,7189.0,7193.0,7181.0,7182.0,6398,0.0,0.0,APOLLOHOSP.NS
2025-12-26 12:15:00+05:30,7182.5,7185.5,7170.5,7178.5,10342,0.0,0.0,APOLLOHOSP.NS
2025-12-26 12:30:00+05:30,7180.0,7186.0,7170.5,7174.0,6069,0.0,0.0,APOLLOHOSP.NS
2025-12-26 12:45:00+05:30,7174.0,7178.0,7170.0,7173.5,1638,0.0,0.0,APOLLOHOSP.NS
2025-12-26 13:00:00+05:30,7173.5,7180.5,7172.0,7173.5,4777,0.0,0.0,APOLLOHOSP.NS
2025-12-26 13:15:00+05:30,7172.5,7176.5,7166.5,7173.0,2738,0.0,0.0,APOLLOHOSP.NS
2025-12-26 13:30:00+05:30,7175.0,7178.5,7150.0,7150.0,9055,0.0,0.0,APOLLOHOSP.NS
2025-12-26 13:45:00+05:30,7153.0,7162.5,7148.5,7159.0,14223,0.0,0.0,APOLLOHOSP.NS
2025-12-26 14:00:00+05:30,7161.5,7168.5,7160.5,7161.5,3387,0.0,0.0,APOLLOHOSP.NS
2025-12-26 14:15:00+05:30,7164.5,7167.0,7146.0,7146.5,9345,0.0,0.0,APOLLOHOSP.NS
2025-12-26 14:30:00+05:30,7147.5,7148.5,7132.0,7139.5,16007,0.0,0.0,APOLLOHOSP.NS
2025-12-26 14:45:00+05:30,7139.5,7159.5,7137.5,7159.5,9209,0.0,0.0,APOLLOHOSP.NS
2025-12-26 15:00:00+05:30,7158.0,7167.5,7152.0,7156.5,11251,0.0,0.0,APOLLOHOSP.NS
2025-12-26 15:15:00+05:30,7156.0,7164.5,7147.0,7156.0,11817,0.0,0.0,APOLLOHOSP.NS
2025-12-29 09:15:00+05:30,7159.5,7173.0,7148.5,7157.5,2788,0.0,0.0,APOLLOHOSP.NS
2025-12-29 09:30:00+05:30,7160.5,7164.5,7141.0,7153.0,7514,0.0,0.0,APOLLOHOSP.NS
2025-12-29 09:45:00+05:30,7153.0,7154.0,7131.5,7133.5,3117,0.0,0.0,APOLLOHOSP.NS
2025-12-29 10:00:00+05:30,7129.5,7136.5,7127.0,7135.5,10459,0.0,0.0,APOLLOHOSP.NS
2025-12-29 10:15:00+05:30,7133.0,7149.5,7130.0,7141.5,4944,0.0,0.0,APOLLOHOSP.NS
2025-12-29 10:30:00+05:30,7141.5,7148.5,7137.0,7140.5,5978,0.0,0.0,APOLLOHOSP.NS
2025-12-29 10:45:00+05:30,7140.5,7145.0,7131.0,7145.0,4290,0.0,0.0,APOLLOHOSP.NS
2025-12-29 11:00:00+05:30,7143.5,7151.0,7131.5,7131.5,18438,0.0,0.0,APOLLOHOSP.NS
2025-12-29 11:15:00+05:30,7130.0,7137.5,7125.0,7131.0,7266,0.0,0.0,APOLLOHOSP.NS
2025-12-29 11:30:00+05:30,7131.0,7140.0,7115.0,7117.0,7305,0.0,0.0,APOLLOHOSP.NS
2025-12-29 11:45:00+05:30,7130.0,7133.0,7118.5,7125.0,18471,0.0,0.0,APOLLOHOSP.NS
2025-12-29 12:00:00+05:30,7124.5,7134.0,7124.5,7130.0,4496,0.0,0.0,APOLLOHOSP.NS
2025-12-29 12:15:00+05:30,7130.0,7137.0,7126.0,7130.0,5645,0.0,0.0,APOLLOHOSP.NS
2025-12-29 12:30:00+05:30,7130.0,7137.0,7123.0,7124.5,33237,0.0,0.0,APOLLOHOSP.NS
2025-12-29 12:45:00+05:30,7124.5,7124.5,7105.0,7107.0,3622,0.0,0.0,APOLLOHOSP.NS
2025-12-29 13:00:00+05:30,7106.0,7115.5,7094.5,7096.0,5924,0.0,0.0,APOLLOHOSP.NS
2025-12-29 13:15:00+05:30,7094.0,7099.0,7081.0,7086.0,5932,0.0,0.0,APOLLOHOSP.NS
2025-12-29 13:30:00+05:30,7088.5,7091.0,7072.0,7076.5,5470,0.0,0.0,APOLLOHOSP.NS
2025-12-29 13:45:00+05:30,7076.5,7089.0,7074.0,7083.0,4127,0.0,0.0,APOLLOHOSP.NS
2025-12-29 14:00:00+05:30,7083.0,7085.5,7077.5,7080.0,2172,0.0,0.0,APOLLOHOSP.NS
2025-12-29 14:15:00+05:30,7080.0,7098.5,7075.0,7090.5,12915,0.0,0.0,APOLLOHOSP.NS
2025-12-29 14:30:00+05:30,7092.5,7094.0,7076.0,7081.0,4493,0.0,0.0,APOLLOHOSP.NS
2025-12-29 14:45:00+05:30,7079.5,7082.0,7072.0,7081.5,7858,0.0,0.0,APOLLOHOSP.NS
2025-12-29 15:00:00+05:30,7084.0,7089.5,7079.5,7080.0,21364,0.0,0.0,APOLLOHOSP.NS
2025-12-29 15:15:00+05:30,7082.5,7087.0,7070.0,7082.0,20715,0.0,0.0,APOLLOHOSP.NS
2025-12-30 09:15:00+05:30,7047.5,7047.5,7011.5,7015.5,7037,0.0,0.0,APOLLOHOSP.NS
2025-12-30 09:30:00+05:30,7018.0,7031.0,7007.0,7029.0,9667,0.0,0.0,APOLLOHOSP.NS
2025-12-30 09:45:00+05:30,7028.0,7037.0,7025.0,7032.0,4710,0.0,0.0,APOLLOHOSP.NS
2025-12-30 10:00:00+05:30,7032.0,7032.0,7023.5,7031.0,3738,0.0,0.0,APOLLOHOSP.NS
2025-12-30 10:15:00+05:30,7030.5,7047.0,7026.5,7041.5,5229,0.0,0.0,APOLLOHOSP.NS
2025-12-30 10:30:00+05:30,7041.0,7041.0,7022.0,7022.0,3110,0.0,0.0,APOLLOHOSP.NS
2025-12-30 10:45:00+05:30,7022.5,7032.5,7012.5,7020.0,25917,0.0,0.0,APOLLOHOSP.NS
2025-12-30 11:00:00+05:30,7017.5,7029.5,7012.5,7017.5,21780,0.0,0.0,APOLLOHOSP.NS
2025-12-30 11:15:00+05:30,7019.5,7024.5,7009.5,7013.0,14519,0.0,0.0,APOLLOHOSP.NS
2025-12-30 11:30:00+05:30,7013.0,7015.0,7000.0,7002.0,7605,0.0,0.0,APOLLOHOSP.NS
2025-12-30 11:45:00+05:30,7002.0,7005.0,6988.0,6989.0,5323,0.0,0.0,APOLLOHOSP.NS
2025-12-30 12:00:00+05:30,6989.0,6994.5,6988.0,6988.5,3800,0.0,0.0,APOLLOHOSP.NS
2025-12-30 12:15:00+05:30,6988.5,6990.0,6975.0,6977.0,6532,0.0,0.0,APOLLOHOSP.NS
2025-12-30 12:30:00+05:30,6977.5,6978.0,6943.5,6950.0,14710,0.0,0.0,APOLLOHOSP.NS
2025-12-30 12:45:00+05:30,6950.0,6963.0,6937.5,6939.5,12731,0.0,0.0,APOLLOHOSP.NS
2025-12-30 13:00:00+05:30,6941.5,6947.0,6937.0,6942.0,13295,0.0,0.0,APOLLOHOSP.NS
2025-12-30 13:15:00+05:30,6944.0,6949.0,6937.0,6948.0,10446,0.0,0.0,APOLLOHOSP.NS
2025-12-30 13:30:00+05:30,6945.5,6952.0,6941.0,6946.0,13326,0.0,0.0,APOLLOHOSP.NS
2025-12-30 13:45:00+05:30,6948.0,6960.0,6945.5,6955.5,14412,0.0,0.0,APOLLOHOSP.NS
2025-12-30 14:00:00+05:30,6955.5,6962.5,6952.0,6960.0,10178,0.0,0.0,APOLLOHOSP.NS
2025-12-30 14:15:00+05:30,6960.0,6977.0,6960.0,6961.0,16497,0.0,0.0,APOLLOHOSP.NS
2025-12-30 14:30:00+05:30,6960.5,6967.5,6954.0,6962.5,10394,0.0,0.0,APOLLOHOSP.NS
2025-12-30 14:45:00+05:30,6959.0,6964.0,6954.0,6955.5,11036,0.0,0.0,APOLLOHOSP.NS
2025-12-30 15:00:00+05:30,6967.5,6997.0,6967.5,6990.0,92405,0.0,0.0,APOLLOHOSP.NS
2025-12-30 15:15:00+05:30,6990.0,7004.0,6981.0,6994.0,82824,0.0,0.0,APOLLOHOSP.NS
2025-12-31 09:15:00+05:30,6995.0,6995.0,6973.0,6989.0,4765,0.0,0.0,APOLLOHOSP.NS
2025-12-31 09:30:00+05:30,6988.0,6988.0,6955.5,6955.5,11156,0.0,0.0,APOLLOHOSP.NS
2025-12-31 09:45:00+05:30,6955.5,6980.0,6955.5,6976.5,6848,0.0,0.0,APOLLOHOSP.NS
2025-12-31 10:00:00+05:30,6976.0,6990.5,6975.5,6988.0,6580,0.0,0.0,APOLLOHOSP.NS
2025-12-31 10:15:00+05:30,6988.0,7006.5,6985.5,7006.5,45771,0.0,0.0,APOLLOHOSP.NS
2025-12-31 10:30:00+05:30,7009.5,7032.5,7007.0,7008.5,12800,0.0,0.0,APOLLOHOSP.NS
2025-12-31 10:45:00+05:30,7011.0,7015.0,7001.5,7005.0,5617,0.0,0.0,APOLLOHOSP.NS
2025-12-31 11:00:00+05:30,7005.5,7015.0,7005.0,7011.0,3658,0.0,0.0,APOLLOHOSP.NS
2025-12-31 11:15:00+05:30,7011.5,7015.0,7009.0,7011.0,3950,0.0,0.0,APOLLOHOSP.NS
2025-12-31 11:30:00+05:30,7010.0,7019.5,7010.0,7013.5,4838,0.0,0.0,APOLLOHOSP.NS
2025-12-31 11:45:00+05:30,7015.0,7030.0,7010.5,7017.0,6530,0.0,0.0,APOLLOHOSP.NS
2025-12-31 12:00:00+05:30,7017.0,7023.0,7015.0,7018.5,3502,0.0,0.0,APOLLOHOSP.NS
2025-12-31 12:15:00+05:30,7018.0,7033.5,7018.0,7028.5,4694,0.0,0.0,APOLLOHOSP.NS
2025-12-31 12:30:00+05:30,7028.5,7032.5,7023.5,7025.5,3886,0.0,0.0,APOLLOHOSP.NS
2025-12-31 12:45:00+05:30,7027.0,7030.0,7025.0,7025.0,3263,0.0,0.0,APOLLOHOSP.NS
2025-12-31 13:00:00+05:30,7025.0,7028.0,7021.0,7024.5,3253,0.0,0.0,APOLLOHOSP.NS
2025-12-31 13:15:00+05:30,7024.5,7030.0,7023.0,7026.5,3026,0.0,0.0,APOLLOHOSP.NS
2025-12-31 13:30:00+05:30,7026.5,7036.0,7026.5,7032.5,6249,0.0,0.0,APOLLOHOSP.NS
2025-12-31 13:45:00+05:30,7033.0,7046.5,7032.0,7041.5,6059,0.0,0.0,APOLLOHOSP.NS
2025-12-31 14:00:00+05:30,7042.0,7043.5,7035.5,7040.0,4907,0.0,0.0,APOLLOHOSP.NS
2025-12-31 14:15:00+05:30,7040.0,7040.5,7035.5,7037.0,5743,0.0,0.0,APOLLOHOSP.NS
2025-12-31 14:30:00+05:30,7038.0,7045.0,7036.0,7044.0,4843,0.0,0.0,APOLLOHOSP.NS
2025-12-31 14:45:00+05:30,7043.5,7051.5,7038.5,7051.5,5320,0.0,0.0,APOLLOHOSP.NS
2025-12-31 15:00:00+05:30,7051.5,7053.0,7034.0,7045.0,25385,0.0,0.0,APOLLOHOSP.NS
2025-12-31 15:15:00+05:30,7045.5,7046.5,7032.5,7041.0,27879,0.0,0.0,APOLLOHOSP.NS
2026-01-01 09:15:00+05:30,7062.5,7075.0,7050.5,7057.5,1177,0.0,0.0,APOLLOHOSP.NS
2026-01-01 09:30:00+05:30,7053.0,7060.5,7034.0,7044.0,2653,0.0,0.0,APOLLOHOSP.NS
2026-01-01 09:45:00+05:30,7044.0,7044.5,7024.5,7030.0,2253,0.0,0.0,APOLLOHOSP.NS
2026-01-01 10:00:00+05:30,7033.0,7050.5,7026.0,7047.5,2527,0.0,0.0,APOLLOHOSP.NS
2026-01-01 10:15:00+05:30,7049.5,7077.0,7039.5,7076.0,7614,0.0,0.0,APOLLOHOSP.NS
2026-01-01 10:30:00+05:30,7076.0,7083.0,7071.0,7083.0,4699,0.0,0.0,APOLLOHOSP.NS
2026-01-01 10:45:00+05:30,7083.0,7097.0,7082.0,7086.0,5055,0.0,0.0,APOLLOHOSP.NS
2026-01-01 11:00:00+05:30,7086.5,7086.5,7072.5,7085.0,2558,0.0,0.0,APOLLOHOSP.NS
2026-01-01 11:15:00+05:30,7090.0,7091.0,7083.5,7084.0,2322,0.0,0.0,APOLLOHOSP.NS
2026-01-01 11:30:00+05:30,7086.5,7089.0,7080.5,7085.5,843,0.0,0.0,APOLLOHOSP.NS
2026-01-01 11:45:00+05:30,7085.0,7085.0,7070.0,7081.5,1829,0.0,0.0,APOLLOHOSP.NS
2026-01-01 12:00:00+05:30,7080.0,7082.5,7075.0,7075.0,716,0.0,0.0,APOLLOHOSP.NS
2026-01-01 12:15:00+05:30,7074.0,7078.0,7060.0,7064.0,2305,0.0,0.0,APOLLOHOSP.NS
2026-01-01 12:30:00+05:30,7063.5,7068.0,7061.5,7067.0,1019,0.0,0.0,APOLLOHOSP.NS
2026-01-01 12:45:00+05:30,7066.5,7086.5,7063.5,7086.0,2731,0.0,0.0,APOLLOHOSP.NS
2026-01-01 13:00:00+05:30,7086.0,7086.0,7076.0,7083.5,1194,0.0,0.0,APOLLOHOSP.NS
2026-01-01 13:15:00+05:30,7084.5,7085.5,7075.0,7079.5,4144,0.0,0.0,APOLLOHOSP.NS
2026-01-01 13:30:00+05:30,7081.0,7088.0,7079.5,7087.5,2201,0.0,0.0,APOLLOHOSP.NS
2026-01-01 13:45:00+05:30,7085.0,7092.5,7085.0,7085.0,2556,0.0,0.0,APOLLOHOSP.NS
2026-01-01 14:00:00+05:30,7085.5,7090.0,7085.5,7089.5,1220,0.0,0.0,APOLLOHOSP.NS
2026-01-01 14:15:00+05:30,7087.0,7093.0,7085.0,7086.5,2919,0.0,0.0,APOLLOHOSP.NS
2026-01-01 14:30:00+05:30,7087.0,7092.5,7086.0,7088.0,1261,0.0,0.0,APOLLOHOSP.NS
2026-01-01 14:45:00+05:30,7088.0,7108.0,7087.5,7108.0,3752,0.0,0.0,APOLLOHOSP.NS
2026-01-01 15:00:00+05:30,7108.0,7112.0,7102.5,7110.5,6639,0.0,0.0,APOLLOHOSP.NS
2026-01-01 15:15:00+05:30,7113.0,7124.0,7102.0,7124.0,13518,0.0,0.0,APOLLOHOSP.NS
2026-01-02 09:15:00+05:30,7147.5,7147.5,7093.0,7100.0,7910,0.0,0.0,APOLLOHOSP.NS
2026-01-02 09:30:00+05:30,7097.5,7097.5,7081.0,7088.5,9264,0.0,0.0,APOLLOHOSP.NS
2026-01-02 09:45:00+05:30,7088.5,7090.5,7075.5,7084.0,4103,0.0,0.0,APOLLOHOSP.NS
2026-01-02 10:00:00+05:30,7084.0,7099.0,7081.5,7099.0,2045,0.0,0.0,APOLLOHOSP.NS
2026-01-02 10:15:00+05:30,7097.0,7105.0,7092.0,7103.5,1855,0.0,0.0,APOLLOHOSP.NS
2026-01-02 10:30:00+05:30,7104.0,7104.0,7091.0,7098.0,1920,0.0,0.0,APOLLOHOSP.NS
2026-01-02 10:45:00+05:30,7098.0,7118.0,7091.0,7115.0,22104,0.0,0.0,APOLLOHOSP.NS
2026-01-02 11:00:00+05:30,7106.0,7118.5,7099.0,7103.0,19764,0.0,0.0,APOLLOHOSP.NS
2026-01-02 11:15:00+05:30,7103.0,7125.0,7100.0,7120.5,15490,0.0,0.0,APOLLOHOSP.NS
2026-01-02 11:30:00+05:30,7120.0,7149.0,7110.5,7145.5,24271,0.0,0.0,APOLLOHOSP.NS
2026-01-02 11:45:00+05:30,7150.0,7151.0,7127.0,7130.5,4779,0.0,0.0,APOLLOHOSP.NS
2026-01-02 12:00:00+05:30,7130.5,7140.0,7117.5,7124.5,7087,0.0,0.0,APOLLOHOSP.NS
2026-01-02 12:15:00+05:30,7124.0,7130.5,7100.5,7103.5,61519,0.0,0.0,APOLLOHOSP.NS
2026-01-02 12:30:00+05:30,7103.0,7113.0,7095.0,7103.5,9445,0.0,0.0,APOLLOHOSP.NS
2026-01-02 12:45:00+05:30,7102.0,7106.0,7094.5,7106.0,3749,0.0,0.0,APOLLOHOSP.NS
2026-01-02 13:00:00+05:30,7105.0,7109.5,7088.5,7107.0,15063,0.0,0.0,APOLLOHOSP.NS
2026-01-02 13:15:00+05:30,7108.0,7113.0,7098.5,7098.5,24336,0.0,0.0,APOLLOHOSP.NS
2026-01-02 13:30:00+05:30,7098.0,7112.0,7095.5,7107.0,6295,0.0,0.0,APOLLOHOSP.NS
2026-01-02 13:45:00+05:30,7105.0,7107.0,7090.0,7097.0,23585,0.0,0.0,APOLLOHOSP.NS
2026-01-02 14:00:00+05:30,7096.0,7096.5,7084.5,7092.5,9036,0.0,0.0,APOLLOHOSP.NS
2026-01-02 14:15:00+05:30,7092.0,7098.5,7090.0,7097.5,4596,0.0,0.0,APOLLOHOSP.NS
2026-01-02 14:30:00+05:30,7097.0,7106.0,7089.5,7105.0,6758,0.0,0.0,APOLLOHOSP.NS
2026-01-02 14:45:00+05:30,7106.5,7118.0,7103.0,7117.5,6595,0.0,0.0,APOLLOHOSP.NS
2026-01-02 15:00:00+05:30,7121.5,7140.5,7120.5,7122.5,22181,0.0,0.0,APOLLOHOSP.NS
2026-01-02 15:15:00+05:30,7125.0,7139.0,7120.0,7129.5,29080,0.0,0.0,APOLLOHOSP.NS
2026-01-05 09:15:00+05:30,7110.0,7110.0,7076.5,7082.0,8677,0.0,0.0,APOLLOHOSP.NS
2026-01-05 09:30:00+05:30,7082.0,7085.0,7063.5,7069.0,11236,0.0,0.0,APOLLOHOSP.NS
2026-01-05 09:45:00+05:30,7066.0,7113.5,7066.0,7110.0,12983,0.0,0.0,APOLLOHOSP.NS
2026-01-05 10:00:00+05:30,7111.0,7125.5,7102.5,7124.5,39451,0.0,0.0,APOLLOHOSP.NS
2026-01-05 10:15:00+05:30,7121.5,7130.0,7118.0,7119.0,7055,0.0,0.0,APOLLOHOSP.NS
2026-01-05 10:30:00+05:30,7123.5,7123.5,7113.0,7119.5,5580,0.0,0.0,APOLLOHOSP.NS
2026-01-05 10:45:00+05:30,7116.0,7124.5,7110.0,7110.0,9445,0.0,0.0,APOLLOHOSP.NS
2026-01-05 11:00:00+05:30,7111.0,7116.5,7107.0,7115.5,4387,0.0,0.0,APOLLOHOSP.NS
2026-01-05 11:15:00+05:30,7114.0,7114.0,7101.0,7103.5,4569,0.0,0.0,APOLLOHOSP.NS
2026-01-05 11:30:00+05:30,7103.5,7115.0,7101.0,7114.0,3154,0.0,0.0,APOLLOHOSP.NS
2026-01-05 11:45:00+05:30,7114.0,7126.0,7111.0,7112.0,73698,0.0,0.0,APOLLOHOSP.NS
2026-01-05 12:00:00+05:30,7111.5,7127.0,7108.0,7113.0,14938,0.0,0.0,APOLLOHOSP.NS
2026-01-05 12:15:00+05:30,7113.0,7115.0,7110.5,7111.5,2058,0.0,0.0,APOLLOHOSP.NS
2026-01-05 12:30:00+05:30,7110.0,7123.0,7109.0,7113.0,20332,0.0,0.0,APOLLOHOSP.NS
2026-01-05 12:45:00+05:30,7110.5,7119.5,7106.5,7117.5,10065,0.0,0.0,APOLLOHOSP.NS
2026-01-05 13:00:00+05:30,7117.5,7124.0,7112.0,7123.5,5309,0.0,0.0,APOLLOHOSP.NS
2026-01-05 13:15:00+05:30,7123.0,7131.0,7119.0,7121.0,3910,0.0,0.0,APOLLOHOSP.NS
2026-01-05 13:30:00+05:30,7122.0,7126.5,7117.5,7119.5,5526,0.0,0.0,APOLLOHOSP.NS
2026-01-05 13:45:00+05:30,7119.5,7124.5,7111.0,7120.0,8345,0.0,0.0,APOLLOHOSP.NS
2026-01-05 14:00:00+05:30,7117.0,7120.0,7088.0,7088.0,12579,0.0,0.0,APOLLOHOSP.NS
2026-01-05 14:15:00+05:30,7091.5,7091.5,7077.5,7084.0,6089,0.0,0.0,APOLLOHOSP.NS
2026-01-05 14:30:00+05:30,7085.0,7085.5,7072.5,7079.5,7121,0.0,0.0,APOLLOHOSP.NS
2026-01-05 14:45:00+05:30,7077.0,7088.0,7074.5,7088.0,6256,0.0,0.0,APOLLOHOSP.NS
2026-01-05 15:00:00+05:30,7086.5,7088.0,7077.5,7088.0,25983,0.0,0.0,APOLLOHOSP.NS
2026-01-05 15:15:00+05:30,7086.0,7091.5,7080.0,7086.5,30773,0.0,0.0,APOLLOHOSP.NS
2026-01-06 09:15:00+05:30,7090.5,7262.0,7083.5,7219.5,58689,0.0,0.0,APOLLOHOSP.NS
2026-01-06 09:30:00+05:30,7219.5,7245.5,7219.5,7235.0,27978,0.0,0.0,APOLLOHOSP.NS
2026-01-06 09:45:00+05:30,7236.0,7264.0,7232.0,7262.0,24896,0.0,0.0,APOLLOHOSP.NS
2026-01-06 10:00:00+05:30,7262.0,7280.0,7254.5,7259.5,31897,0.0,0.0,APOLLOHOSP.NS
2026-01-06 10:15:00+05:30,7259.5,7295.0,7257.0,7289.5,27859,0.0,0.0,APOLLOHOSP.NS
2026-01-06 10:30:00+05:30,7289.0,7309.0,7276.0,7282.5,55096,0.0,0.0,APOLLOHOSP.NS
2026-01-06 10:45:00+05:30,7280.5,7294.5,7276.0,7289.0,11097,0.0,0.0,APOLLOHOSP.NS
2026-01-06 11:00:00+05:30,7289.0,7309.5,7285.0,7309.5,10546,0.0,0.0,APOLLOHOSP.NS
2026-01-06 11:15:00+05:30,7310.0,7311.5,7285.5,7300.0,14269,0.0,0.0,APOLLOHOSP.NS
2026-01-06 11:30:00+05:30,7299.0,7310.0,7297.5,7306.5,11146,0.0,0.0,APOLLOHOSP.NS
2026-01-06 11:45:00+05:30,7306.5,7307.0,7280.0,7286.5,10293,0.0,0.0,APOLLOHOSP.NS
2026-01-06 12:00:00+05:30,7286.5,7294.0,7280.0,7286.0,7185,0.0,0.0,APOLLOHOSP.NS
2026-01-06 12:15:00+05:30,7286.0,7292.5,7282.5,7286.0,4506,0.0,0.0,APOLLOHOSP.NS
2026-01-06 12:30:00+05:30,7286.0,7300.0,7284.5,7294.0,7443,0.0,0.0,APOLLOHOSP.NS
2026-01-06 12:45:00+05:30,7295.0,7320.0,7293.5,7316.5,16493,0.0,0.0,APOLLOHOSP.NS
2026-01-06 13:00:00+05:30,7316.5,7338.0,7316.5,7328.0,28235,0.0,0.0,APOLLOHOSP.NS
2026-01-06 13:15:00+05:30,7328.0,7341.0,7323.5,7340.5,17710,0.0,0.0,APOLLOHOSP.NS
2026-01-06 13:30:00+05:30,7341.0,7344.0,7311.5,7320.0,20696,0.0,0.0,APOLLOHOSP.NS
2026-01-06 13:45:00+05:30,7320.0,7322.0,7310.5,7319.0,8446,0.0,0.0,APOLLOHOSP.NS
2026-01-06 14:00:00+05:30,7318.5,7328.0,7315.5,7321.5,16777,0.0,0.0,APOLLOHOSP.NS
2026-01-06 14:15:00+05:30,7323.0,7328.5,7313.5,7328.0,12730,0.0,0.0,APOLLOHOSP.NS
2026-01-06 14:30:00+05:30,7328.0,7332.0,7323.5,7327.5,14219,0.0,0.0,APOLLOHOSP.NS
2026-01-06 14:45:00+05:30,7327.0,7337.5,7326.5,7332.0,13459,0.0,0.0,APOLLOHOSP.NS
2026-01-06 15:00:00+05:30,7332.0,7348.0,7329.5,7347.5,35561,0.0,0.0,APOLLOHOSP.NS
2026-01-06 15:15:00+05:30,7347.0,7359.0,7332.0,7332.0,68629,0.0,0.0,APOLLOHOSP.NS
2026-01-07 09:15:00+05:30,7346.0,7435.0,7315.0,7422.0,61301,0.0,0.0,APOLLOHOSP.NS
2026-01-07 09:30:00+05:30,7423.0,7487.5,7412.5,7433.0,58161,0.0,0.0,APOLLOHOSP.NS
2026-01-07 09:45:00+05:30,7434.5,7444.5,7415.0,7439.0,39276,0.0,0.0,APOLLOHOSP.NS
2026-01-07 10:00:00+05:30,7441.0,7442.5,7404.0,7414.0,30040,0.0,0.0,APOLLOHOSP.NS
2026-01-07 10:15:00+05:30,7415.5,7428.5,7381.0,7382.0,15836,0.0,0.0,APOLLOHOSP.NS
2026-01-07 10:30:00+05:30,7381.0,7392.5,7366.5,7385.0,13848,0.0,0.0,APOLLOHOSP.NS
2026-01-07 10:45:00+05:30,7387.5,7391.0,7371.5,7372.5,17426,0.0,0.0,APOLLOHOSP.NS
2026-01-07 11:00:00+05:30,7374.0,7385.5,7369.5,7375.5,7881,0.0,0.0,APOLLOHOSP.NS
2026-01-07 11:15:00+05:30,7373.0,7391.5,7363.5,7379.5,11739,0.0,0.0,APOLLOHOSP.NS
2026-01-07 11:30:00+05:30,7380.0,7386.0,7371.0,7383.0,14137,0.0,0.0,APOLLOHOSP.NS
2026-01-07 11:45:00+05:30,7382.5,7394.0,7371.0,7387.5,10431,0.0,0.0,APOLLOHOSP.NS
2026-01-07 12:00:00+05:30,7389.5,7442.0,7389.5,7436.5,21073,0.0,0.0,APOLLOHOSP.NS
2026-01-07 12:15:00+05:30,7434.0,7436.0,7414.0,7423.5,21983,0.0,0.0,APOLLOHOSP.NS
2026-01-07 12:30:00+05:30,7424.5,7430.0,7400.0,7403.5,13294,0.0,0.0,APOLLOHOSP.NS
2026-01-07 12:45:00+05:30,7408.0,7422.0,7400.5,7418.5,11679,0.0,0.0,APOLLOHOSP.NS
2026-01-07 13:00:00+05:30,7418.0,7434.5,7410.5,7430.5,14067,0.0,0.0,APOLLOHOSP.NS
2026-01-07 13:15:00+05:30,7432.5,7440.0,7415.0,7420.5,11675,0.0,0.0,APOLLOHOSP.NS
2026-01-07 13:30:00+05:30,7419.0,7428.5,7415.0,7428.5,6249,0.0,0.0,APOLLOHOSP.NS
2026-01-07 13:45:00+05:30,7428.5,7431.5,7418.5,7428.0,8729,0.0,0.0,APOLLOHOSP.NS
2026-01-07 14:00:00+05:30,7429.5,7442.0,7424.0,7436.0,14330,0.0,0.0,APOLLOHOSP.NS
2026-01-07 14:15:00+05:30,7437.0,7445.0,7432.0,7439.0,11383,0.0,0.0,APOLLOHOSP.NS
2026-01-07 14:30:00+05:30,7439.0,7455.0,7438.5,7449.5,15891,0.0,0.0,APOLLOHOSP.NS
2026-01-07 14:45:00+05:30,7447.5,7460.0,7440.5,7460.0,20126,0.0,0.0,APOLLOHOSP.NS
2026-01-07 15:00:00+05:30,7460.5,7462.5,7440.5,7448.0,38922,0.0,0.0,APOLLOHOSP.NS
2026-01-07 15:15:00+05:30,7447.0,7458.0,7439.5,7447.5,43752,0.0,0.0,APOLLOHOSP.NS
2026-01-08 09:15:00+05:30,7434.0,7443.0,7386.0,7386.0,16517,0.0,0.0,APOLLOHOSP.NS
2026-01-08 09:30:00+05:30,7389.0,7407.5,7386.5,7391.5,25866,0.0,0.0,APOLLOHOSP.NS
2026-01-08 09:45:00+05:30,7391.0,7419.5,7390.0,7415.0,13537,0.0,0.0,APOLLOHOSP.NS
2026-01-08 10:00:00+05:30,7415.5,7415.5,7371.0,7380.0,115443,0.0,0.0,APOLLOHOSP.NS
2026-01-08 10:15:00+05:30,7380.0,7386.5,7360.5,7375.5,9239,0.0,0.0,APOLLOHOSP.NS
2026-01-08 10:30:00+05:30,7374.5,7375.5,7366.0,7372.0,8384,0.0,0.0,APOLLOHOSP.NS
2026-01-08 10:45:00+05:30,7372.5,7372.5,7351.0,7355.0,8929,0.0,0.0,APOLLOHOSP.NS
2026-01-08 11:00:00+05:30,7355.5,7355.5,7337.0,7337.0,8668,0.0,0.0,APOLLOHOSP.NS
2026-01-08 11:15:00+05:30,7339.0,7355.5,7325.5,7355.5,12957,0.0,0.0,APOLLOHOSP.NS
2026-01-08 11:30:00+05:30,7356.0,7375.0,7349.5,7367.5,11906,0.0,0.0,APOLLOHOSP.NS
2026-01-08 11:45:00+05:30,7366.0,7381.5,7366.0,7373.5,8939,0.0,0.0,APOLLOHOSP.NS
2026-01-08 12:00:00+05:30,7373.5,7374.0,7356.5,7372.0,10255,0.0,0.0,APOLLOHOSP.NS
2026-01-08 12:15:00+05:30,7372.5,7407.5,7370.0,7395.0,19000,0.0,0.0,APOLLOHOSP.NS
2026-01-08 12:30:00+05:30,7395.0,7400.5,7373.0,7383.5,334701,0.0,0.0,APOLLOHOSP.NS
2026-01-08 12:45:00+05:30,7383.5,7391.0,7375.5,7384.5,13576,0.0,0.0,APOLLOHOSP.NS
2026-01-08 13:00:00+05:30,7384.5,7394.0,7372.5,7389.5,8087,0.0,0.0,APOLLOHOSP.NS
2026-01-08 13:15:00+05:30,7389.5,7391.0,7371.0,7376.0,6970,0.0,0.0,APOLLOHOSP.NS
2026-01-08 13:30:00+05:30,7376.0,7382.5,7373.0,7382.5,8175,0.0,0.0,APOLLOHOSP.NS
2026-01-08 13:45:00+05:30,7382.5,7396.0,7381.0,7390.5,8814,0.0,0.0,APOLLOHOSP.NS
2026-01-08 14:00:00+05:30,7390.5,7391.0,7380.0,7382.0,8435,0.0,0.0,APOLLOHOSP.NS
2026-01-08 14:15:00+05:30,7382.0,7387.0,7363.5,7363.5,10447,0.0,0.0,APOLLOHOSP.NS
2026-01-08 14:30:00+05:30,7368.5,7383.5,7367.5,7383.5,12338,0.0,0.0,APOLLOHOSP.NS
2026-01-08 14:45:00+05:30,7383.5,7395.0,7382.0,7389.0,12438,0.0,0.0,APOLLOHOSP.NS
2026-01-08 15:00:00+05:30,7383.0,7383.0,7350.0,7362.5,24933,0.0,0.0,APOLLOHOSP.NS
2026-01-08 15:15:00+05:30,7356.5,7374.0,7351.0,7351.0,42795,0.0,0.0,APOLLOHOSP.NS
2026-01-09 09:15:00+05:30,7339.5,7360.5,7315.5,7324.5,9503,0.0,0.0,APOLLOHOSP.NS
2026-01-09 09:30:00+05:30,7324.5,7360.5,7316.0,7335.0,13530,0.0,0.0,APOLLOHOSP.NS
2026-01-09 09:45:00+05:30,7339.0,7355.5,7334.5,7348.0,8511,0.0,0.0,APOLLOHOSP.NS
2026-01-09 10:00:00+05:30,7348.0,7350.0,7324.5,7336.0,7695,0.0,0.0,APOLLOHOSP.NS
2026-01-09 10:15:00+05:30,7332.0,7340.0,7325.5,7329.5,3965,0.0,0.0,APOLLOHOSP.NS
2026-01-09 10:30:00+05:30,7330.5,7332.0,7300.0,7311.5,7186,0.0,0.0,APOLLOHOSP.NS
2026-01-09 10:45:00+05:30,7311.5,7335.0,7308.0,7325.5,10496,0.0,0.0,APOLLOHOSP.NS
2026-01-09 11:00:00+05:30,7328.0,7333.0,7317.5,7324.0,6531,0.0,0.0,APOLLOHOSP.NS
2026-01-09 11:15:00+05:30,7325.0,7329.0,7311.0,7322.5,8488,0.0,0.0,APOLLOHOSP.NS
2026-01-09 11:30:00+05:30,7325.0,7342.5,7296.0,7296.0,14809,0.0,0.0,APOLLOHOSP.NS
2026-01-09 11:45:00+05:30,7299.0,7305.0,7284.0,7289.0,16358,0.0,0.0,APOLLOHOSP.NS
2026-01-09 12:00:00+05:30,7290.0,7295.5,7279.0,7281.0,12365,0.0,0.0,APOLLOHOSP.NS
2026-01-09 12:15:00+05:30,7281.0,7287.0,7274.5,7280.5,11923,0.0,0.0,APOLLOHOSP.NS
2026-01-09 12:30:00+05:30,7280.5,7286.0,7277.5,7283.5,10041,0.0,0.0,APOLLOHOSP.NS
2026-01-09 12:45:00+05:30,7283.5,7289.5,7271.0,7271.0,14501,0.0,0.0,APOLLOHOSP.NS
2026-01-09 13:00:00+05:30,7272.5,7280.0,7268.5,7269.5,11503,0.0,0.0,APOLLOHOSP.NS
2026-01-09 13:15:00+05:30,7269.5,7286.0,7261.0,7267.0,32654,0.0,0.0,APOLLOHOSP.NS
2026-01-09 13:30:00+05:30,7267.0,7273.0,7263.0,7264.5,6460,0.0,0.0,APOLLOHOSP.NS
2026-01-09 13:45:00+05:30,7265.0,7270.5,7254.5,7270.5,11224,0.0,0.0,APOLLOHOSP.NS
2026-01-09 14:00:00+05:30,7270.5,7275.0,7250.0,7256.0,11602,0.0,0.0,APOLLOHOSP.NS
2026-01-09 14:15:00+05:30,7259.0,7259.0,7234.5,7235.5,5867,0.0,0.0,APOLLOHOSP.NS
2026-01-09 14:30:00+05:30,7236.0,7240.5,7225.0,7238.0,9721,0.0,0.0,APOLLOHOSP.NS
2026-01-09 14:45:00+05:30,7236.5,7267.0,7236.5,7262.5,8061,0.0,0.0,APOLLOHOSP.NS
2026-01-09 15:00:00+05:30,7268.5,7269.0,7241.5,7254.0,16467,0.0,0.0,APOLLOHOSP.NS
2026-01-09 15:15:00+05:30,7254.0,7270.5,7251.0,7256.5,23214,0.0,0.0,APOLLOHOSP.NS
2026-01-12 09:15:00+05:30,7204.0,7216.0,7113.5,7117.0,29945,0.0,0.0,APOLLOHOSP.NS
2026-01-12 09:30:00+05:30,7114.5,7145.0,7112.0,7133.0,31536,0.0,0.0,APOLLOHOSP.NS
2026-01-12 09:45:00+05:30,7132.5,7185.0,7123.5,7166.0,16420,0.0,0.0,APOLLOHOSP.NS
2026-01-12 10:00:00+05:30,7166.5,7195.0,7164.0,7183.5,15298,0.0,0.0,APOLLOHOSP.NS
2026-01-12 10:15:00+05:30,7183.0,7202.0,7166.0,7187.5,9868,0.0,0.0,APOLLOHOSP.NS
2026-01-12 10:30:00+05:30,7189.5,7192.0,7175.0,7177.5,7369,0.0,0.0,APOLLOHOSP.NS
2026-01-12 10:45:00+05:30,7177.5,7184.5,7165.0,7168.5,8412,0.0,0.0,APOLLOHOSP.NS
2026-01-12 11:00:00+05:30,7168.0,7183.0,7157.0,7168.0,11269,0.0,0.0,APOLLOHOSP.NS
2026-01-12 11:15:00+05:30,7169.0,7170.5,7153.0,7155.0,9522,0.0,0.0,APOLLOHOSP.NS
2026-01-12 11:30:00+05:30,7156.0,7167.0,7150.0,7157.0,29603,0.0,0.0,APOLLOHOSP.NS
2026-01-12 11:45:00+05:30,7157.0,7190.0,7153.5,7189.0,9465,0.0,0.0,APOLLOHOSP.NS
2026-01-12 12:00:00+05:30,7187.5,7224.0,7180.0,7224.0,11041,0.0,0.0,APOLLOHOSP.NS
2026-01-12 12:15:00+05:30,7225.5,7259.0,7222.5,7253.0,15817,0.0,0.0,APOLLOHOSP.NS
2026-01-12 12:30:00+05:30,7251.5,7278.5,7251.5,7272.5,9002,0.0,0.0,APOLLOHOSP.NS
2026-01-12 12:45:00+05:30,7272.5,7278.5,7257.0,7257.0,3766,0.0,0.0,APOLLOHOSP.NS
2026-01-12 13:00:00+05:30,7257.5,7263.5,7240.5,7256.0,4679,0.0,0.0,APOLLOHOSP.NS
2026-01-12 13:15:00+05:30,7254.5,7263.5,7252.0,7260.0,6160,0.0,0.0,APOLLOHOSP.NS
2026-01-12 13:30:00+05:30,7260.0,7275.0,7260.0,7265.5,4608,0.0,0.0,APOLLOHOSP.NS
2026-01-12 13:45:00+05:30,7265.5,7270.0,7255.5,7263.0,4733,0.0,0.0,APOLLOHOSP.NS
2026-01-12 14:00:00+05:30,7264.0,7272.0,7258.5,7258.5,4826,0.0,0.0,APOLLOHOSP.NS
2026-01-12 14:15:00+05:30,7259.0,7271.0,7258.5,7262.0,5230,0.0,0.0,APOLLOHOSP.NS
2026-01-12 14:30:00+05:30,7264.0,7275.0,7255.0,7275.0,6462,0.0,0.0,APOLLOHOSP.NS
2026-01-12 14:45:00+05:30,7273.5,7289.0,7267.0,7286.5,13380,0.0,0.0,APOLLOHOSP.NS
2026-01-12 15:00:00+05:30,7284.5,7284.5,7264.5,7265.0,21418,0.0,0.0,APOLLOHOSP.NS
2026-01-12 15:15:00+05:30,7264.0,7285.0,7259.0,7268.5,19589,0.0,0.0,APOLLOHOSP.NS
2026-01-13 09:15:00+05:30,7266.0,7297.0,7266.0,7268.5,3547,0.0,0.0,APOLLOHOSP.NS
2026-01-13 09:30:00+05:30,7267.0,7271.5,7240.0,7246.5,7173,0.0,0.0,APOLLOHOSP.NS
2026-01-13 09:45:00+05:30,7254.0,7279.0,7246.5,7249.5,6155,0.0,0.0,APOLLOHOSP.NS
2026-01-13 10:00:00+05:30,7252.0,7272.0,7247.0,7255.0,28463,0.0,0.0,APOLLOHOSP.NS
2026-01-13 10:15:00+05:30,7253.5,7273.5,7250.5,7273.5,6023,0.0,0.0,APOLLOHOSP.NS
2026-01-13 10:30:00+05:30,7273.5,7282.5,7259.0,7275.5,38047,0.0,0.0,APOLLOHOSP.NS
2026-01-13 10:45:00+05:30,7275.0,7277.0,7259.0,7273.0,3433,0.0,0.0,APOLLOHOSP.NS
2026-01-13 11:00:00+05:30,7271.5,7277.0,7263.0,7274.5,3611,0.0,0.0,APOLLOHOSP.NS
2026-01-13 11:15:00+05:30,7278.5,7284.0,7270.5,7274.5,4652,0.0,0.0,APOLLOHOSP.NS
2026-01-13 11:30:00+05:30,7274.5,7283.0,7274.5,7275.0,3949,0.0,0.0,APOLLOHOSP.NS
2026-01-13 11:45:00+05:30,7275.0,7291.5,7275.0,7290.0,6373,0.0,0.0,APOLLOHOSP.NS
2026-01-13 12:00:00+05:30,7288.0,7288.5,7280.0,7281.5,18004,0.0,0.0,APOLLOHOSP.NS
2026-01-13 12:15:00+05:30,7281.5,7285.0,7273.0,7285.0,7064,0.0,0.0,APOLLOHOSP.NS
2026-01-13 12:30:00+05:30,7285.0,7290.0,7271.0,7274.0,4986,0.0,0.0,APOLLOHOSP.NS
2026-01-13 12:45:00+05:30,7274.0,7274.0,7257.0,7258.0,3412,0.0,0.0,APOLLOHOSP.NS
2026-01-13 13:00:00+05:30,7257.0,7266.0,7251.0,7263.0,30277,0.0,0.0,APOLLOHOSP.NS
2026-01-13 13:15:00+05:30,7263.0,7269.0,7255.0,7260.0,5314,0.0,0.0,APOLLOHOSP.NS
2026-01-13 13:30:00+05:30,7257.5,7269.0,7255.5,7268.5,4922,0.0,0.0,APOLLOHOSP.NS
2026-01-13 13:45:00+05:30,7270.0,7278.0,7266.5,7272.0,4701,0.0,0.0,APOLLOHOSP.NS
2026-01-13 14:00:00+05:30,7270.5,7274.0,7265.0,7266.5,4697,0.0,0.0,APOLLOHOSP.NS
2026-01-13 14:15:00+05:30,7266.5,7274.5,7265.0,7267.0,6533,0.0,0.0,APOLLOHOSP.NS
2026-01-13 14:30:00+05:30,7267.0,7299.0,7267.0,7297.0,12583,0.0,0.0,APOLLOHOSP.NS
2026-01-13 14:45:00+05:30,7297.5,7320.0,7297.0,7315.5,11687,0.0,0.0,APOLLOHOSP.NS
2026-01-13 15:00:00+05:30,7315.5,7321.5,7310.0,7312.5,18820,0.0,0.0,APOLLOHOSP.NS
2026-01-13 15:15:00+05:30,7313.0,7317.0,7300.0,7311.5,23465,0.0,0.0,APOLLOHOSP.NS
2026-01-14 09:15:00+05:30,7275.0,7314.5,7250.0,7296.5,34374,0.0,0.0,APOLLOHOSP.NS
2026-01-14 09:30:00+05:30,7296.0,7302.0,7273.5,7274.5,18971,0.0,0.0,APOLLOHOSP.NS
2026-01-14 09:45:00+05:30,7277.5,7302.0,7255.0,7298.5,15269,0.0,0.0,APOLLOHOSP.NS
2026-01-14 10:00:00+05:30,7299.0,7304.5,7280.5,7283.5,5528,0.0,0.0,APOLLOHOSP.NS
2026-01-14 10:15:00+05:30,7281.0,7290.5,7267.5,7290.5,5785,0.0,0.0,APOLLOHOSP.NS
2026-01-14 10:30:00+05:30,7290.5,7291.0,7271.0,7273.5,5487,0.0,0.0,APOLLOHOSP.NS
2026-01-14 10:45:00+05:30,7273.0,7289.0,7272.0,7282.5,5543,0.0,0.0,APOLLOHOSP.NS
2026-01-14 11:00:00+05:30,7282.5,7294.5,7276.0,7278.5,6309,0.0,0.0,APOLLOHOSP.NS
2026-01-14 11:15:00+05:30,7278.5,7298.0,7278.5,7292.0,7757,0.0,0.0,APOLLOHOSP.NS
2026-01-14 11:30:00+05:30,7292.0,7302.5,7291.0,7291.0,5812,0.0,0.0,APOLLOHOSP.NS
2026-01-14 11:45:00+05:30,7291.0,7316.5,7290.0,7316.5,7910,0.0,0.0,APOLLOHOSP.NS
2026-01-14 12:00:00+05:30,7316.5,7324.0,7301.5,7303.5,13043,0.0,0.0,APOLLOHOSP.NS
2026-01-14 12:15:00+05:30,7303.0,7317.0,7300.5,7311.0,5181,0.0,0.0,APOLLOHOSP.NS
2026-01-14 12:30:00+05:30,7311.0,7315.5,7304.5,7311.0,7193,0.0,0.0,APOLLOHOSP.NS
2026-01-14 12:45:00+05:30,7310.0,7322.0,7307.5,7320.0,7643,0.0,0.0,APOLLOHOSP.NS
2026-01-14 13:00:00+05:30,7320.0,7321.5,7308.5,7311.0,7622,0.0,0.0,APOLLOHOSP.NS
2026-01-14 13:15:00+05:30,7311.0,7311.5,7293.5,7297.5,9891,0.0,0.0,APOLLOHOSP.NS
2026-01-14 13:30:00+05:30,7297.5,7303.0,7280.0,7284.5,10128,0.0,0.0,APOLLOHOSP.NS
2026-01-14 13:45:00+05:30,7284.5,7284.5,7270.0,7277.0,28069,0.0,0.0,APOLLOHOSP.NS
2026-01-14 14:00:00+05:30,7276.5,7287.0,7266.0,7281.5,20943,0.0,0.0,APOLLOHOSP.NS
2026-01-14 14:15:00+05:30,7281.5,7281.5,7253.5,7261.5,11817,0.0,0.0,APOLLOHOSP.NS
2026-01-14 14:30:00+05:30,7261.5,7275.0,7258.0,7274.5,12170,0.0,0.0,APOLLOHOSP.NS
2026-01-14 14:45:00+05:30,7277.5,7286.0,7271.5,7276.5,11541,0.0,0.0,APOLLOHOSP.NS
2026-01-14 15:00:00+05:30,7276.5,7279.5,7260.0,7275.0,38741,0.0,0.0,APOLLOHOSP.NS
2026-01-14 15:15:00+05:30,7274.5,7286.0,7265.0,7272.5,44286,0.0,0.0,APOLLOHOSP.NS
2026-01-16 09:15:00+05:30,7147.5,7275.5,7147.5,7263.5,12859,0.0,0.0,APOLLOHOSP.NS
2026-01-16 09:30:00+05:30,7262.0,7263.5,7231.5,7244.0,20755,0.0,0.0,APOLLOHOSP.NS
2026-01-16 09:45:00+05:30,7244.0,7269.0,7235.0,7262.0,11869,0.0,0.0,APOLLOHOSP.NS
2026-01-16 10:00:00+05:30,7259.5,7281.5,7253.5,7273.0,11799,0.0,0.0,APOLLOHOSP.NS
2026-01-16 10:15:00+05:30,7273.0,7298.5,7271.0,7289.0,15228,0.0,0.0,APOLLOHOSP.NS
2026-01-16 10:30:00+05:30,7290.0,7299.0,7272.0,7272.0,20284,0.0,0.0,APOLLOHOSP.NS
2026-01-16 10:45:00+05:30,7271.5,7282.5,7250.5,7258.5,12791,0.0,0.0,APOLLOHOSP.NS
2026-01-16 11:00:00+05:30,7260.5,7261.0,7235.0,7235.0,27153,0.0,0.0,APOLLOHOSP.NS
2026-01-16 11:15:00+05:30,7235.5,7257.0,7235.5,7237.5,11640,0.0,0.0,APOLLOHOSP.NS
2026-01-16 11:30:00+05:30,7238.0,7255.5,7236.0,7250.5,11955,0.0,0.0,APOLLOHOSP.NS
2026-01-16 11:45:00+05:30,7250.0,7250.0,7235.0,7237.5,14180,0.0,0.0,APOLLOHOSP.NS
2026-01-16 12:00:00+05:30,7236.0,7255.5,7233.0,7255.0,8651,0.0,0.0,APOLLOHOSP.NS
2026-01-16 12:15:00+05:30,7255.5,7260.5,7236.0,7237.5,10242,0.0,0.0,APOLLOHOSP.NS
2026-01-16 12:30:00+05:30,7237.0,7246.0,7233.0,7243.0,10518,0.0,0.0,APOLLOHOSP.NS
2026-01-16 12:45:00+05:30,7243.0,7247.0,7232.0,7245.5,9229,0.0,0.0,APOLLOHOSP.NS
2026-01-16 13:00:00+05:30,7245.0,7245.5,7223.0,7226.0,8491,0.0,0.0,APOLLOHOSP.NS
2026-01-16 13:15:00+05:30,7226.5,7228.5,7209.0,7212.0,15190,0.0,0.0,APOLLOHOSP.NS
2026-01-16 13:30:00+05:30,7212.0,7217.5,7200.5,7203.0,10276,0.0,0.0,APOLLOHOSP.NS
2026-01-16 13:45:00+05:30,7203.5,7215.0,7203.0,7208.5,8813,0.0,0.0,APOLLOHOSP.NS
2026-01-16 14:00:00+05:30,7208.0,7233.0,7206.0,7230.5,10156,0.0,0.0,APOLLOHOSP.NS
2026-01-16 14:15:00+05:30,7230.5,7242.0,7226.5,7236.5,12874,0.0,0.0,APOLLOHOSP.NS
2026-01-16 14:30:00+05:30,7237.0,7240.0,7229.0,7237.0,16398,0.0,0.0,APOLLOHOSP.NS
2026-01-16 14:45:00+05:30,7237.0,7246.5,7233.0,7245.0,24074,0.0,0.0,APOLLOHOSP.NS
2026-01-16 15:00:00+05:30,7239.5,7239.5,7234.0,7234.5,55719,0.0,0.0,APOLLOHOSP.NS
2026-01-16 15:15:00+05:30,7234.5,7248.5,7225.5,7235.0,61295,0.0,0.0,APOLLOHOSP.NS
2026-01-19 09:15:00+05:30,7251.0,7256.5,7205.0,7205.0,14613,0.0,0.0,APOLLOHOSP.NS
2026-01-19 09:30:00+05:30,7205.5,7206.5,7192.0,7201.5,9113,0.0,0.0,APOLLOHOSP.NS
2026-01-19 09:45:00+05:30,7199.0,7200.0,7175.5,7195.0,14093,0.0,0.0,APOLLOHOSP.NS
2026-01-19 10:00:00+05:30,7195.0,7199.0,7171.0,7171.5,11294,0.0,0.0,APOLLOHOSP.NS
2026-01-19 10:15:00+05:30,7170.0,7186.0,7168.5,7171.0,10192,0.0,0.0,APOLLOHOSP.NS
2026-01-19 10:30:00+05:30,7171.0,7194.5,7167.5,7190.0,11502,0.0,0.0,APOLLOHOSP.NS
2026-01-19 10:45:00+05:30,7190.5,7194.0,7183.0,7191.5,8331,0.0,0.0,APOLLOHOSP.NS
2026-01-19 11:00:00+05:30,7191.5,7198.0,7188.0,7188.5,15186,0.0,0.0,APOLLOHOSP.NS
2026-01-19 11:15:00+05:30,7235.5,7235.5,7160.5,7176.5,18207,0.0,0.0,APOLLOHOSP.NS
2026-01-19 11:30:00+05:30,7176.5,7205.5,7169.0,7199.5,12482,0.0,0.0,APOLLOHOSP.NS
2026-01-19 11:45:00+05:30,7199.5,7203.0,7194.5,7195.0,11426,0.0,0.0,APOLLOHOSP.NS
2026-01-19 12:00:00+05:30,7196.5,7209.0,7189.5,7206.0,58421,0.0,0.0,APOLLOHOSP.NS
2026-01-19 12:15:00+05:30,7206.0,7206.0,7169.5,7174.0,18939,0.0,0.0,APOLLOHOSP.NS
2026-01-19 12:30:00+05:30,7176.0,7176.0,7163.0,7172.0,10356,0.0,0.0,APOLLOHOSP.NS
2026-01-19 12:45:00+05:30,7172.0,7173.0,7170.0,7172.0,4914,0.0,0.0,APOLLOHOSP.NS
2026-01-19 13:00:00+05:30,7172.0,7176.5,7161.0,7161.0,9836,0.0,0.0,APOLLOHOSP.NS
2026-01-19 13:15:00+05:30,7161.0,7161.5,7143.5,7145.0,9567,0.0,0.0,APOLLOHOSP.NS
2026-01-19 13:30:00+05:30,7143.0,7156.0,7141.5,7148.0,7269,0.0,0.0,APOLLOHOSP.NS
2026-01-19 13:45:00+05:30,7148.0,7167.0,7145.0,7157.5,6272,0.0,0.0,APOLLOHOSP.NS
2026-01-19 14:00:00+05:30,7158.5,7165.0,7149.5,7150.5,7823,0.0,0.0,APOLLOHOSP.NS
2026-01-19 14:15:00+05:30,7150.5,7157.5,7136.0,7138.0,7063,0.0,0.0,APOLLOHOSP.NS
2026-01-19 14:30:00+05:30,7138.0,7150.0,7135.0,7149.0,11373,0.0,0.0,APOLLOHOSP.NS
2026-01-19 14:45:00+05:30,7148.5,7162.5,7144.0,7157.5,11656,0.0,0.0,APOLLOHOSP.NS
2026-01-19 15:00:00+05:30,7157.0,7159.5,7132.0,7136.0,20545,0.0,0.0,APOLLOHOSP.NS
2026-01-19 15:15:00+05:30,7135.5,7137.5,7105.0,7133.0,29279,0.0,0.0,APOLLOHOSP.NS
2026-01-20 09:15:00+05:30,7125.0,7125.0,7044.0,7044.0,24950,0.0,0.0,APOLLOHOSP.NS
2026-01-20 09:30:00+05:30,7042.0,7073.5,7039.5,7056.0,15911,0.0,0.0,APOLLOHOSP.NS
2026-01-20 09:45:00+05:30,7055.5,7055.5,7016.5,7025.5,16638,0.0,0.0,APOLLOHOSP.NS
2026-01-20 10:00:00+05:30,7025.5,7033.0,7012.5,7017.0,15758,0.0,0.0,APOLLOHOSP.NS
2026-01-20 10:15:00+05:30,7015.0,7018.5,7004.5,7008.0,14791,0.0,0.0,APOLLOHOSP.NS
2026-01-20 10:30:00+05:30,7008.0,7017.5,7004.5,7007.0,24013,0.0,0.0,APOLLOHOSP.NS
2026-01-20 10:45:00+05:30,7007.0,7013.0,6998.0,7001.5,20858,0.0,0.0,APOLLOHOSP.NS
2026-01-20 11:00:00+05:30,7001.0,7005.0,6998.0,7000.0,41700,0.0,0.0,APOLLOHOSP.NS
2026-01-20 11:15:00+05:30,6998.0,7002.0,6994.5,7001.0,13711,0.0,0.0,APOLLOHOSP.NS
2026-01-20 11:30:00+05:30,7000.5,7003.0,6996.5,6998.0,12184,0.0,0.0,APOLLOHOSP.NS
2026-01-20 11:45:00+05:30,6997.5,7010.5,6996.5,7005.0,17069,0.0,0.0,APOLLOHOSP.NS
2026-01-20 12:00:00+05:30,7004.5,7005.0,6996.5,6997.5,13382,0.0,0.0,APOLLOHOSP.NS
2026-01-20 12:15:00+05:30,6998.0,6998.0,6973.0,6983.0,17672,0.0,0.0,APOLLOHOSP.NS
2026-01-20 12:30:00+05:30,6982.5,6984.5,6981.0,6981.0,15958,0.0,0.0,APOLLOHOSP.NS
2026-01-20 12:45:00+05:30,6981.0,6981.5,6979.0,6981.0,12117,0.0,0.0,APOLLOHOSP.NS
2026-01-20 13:00:00+05:30,6981.0,6981.5,6967.0,6972.5,15919,0.0,0.0,APOLLOHOSP.NS
2026-01-20 13:15:00+05:30,6972.0,6972.5,6966.5,6968.5,10588,0.0,0.0,APOLLOHOSP.NS
2026-01-20 13:30:00+05:30,6968.0,6968.5,6965.5,6968.0,18412,0.0,0.0,APOLLOHOSP.NS
2026-01-20 13:45:00+05:30,6968.0,6974.0,6954.0,6959.0,16184,0.0,0.0,APOLLOHOSP.NS
2026-01-20 14:00:00+05:30,6958.5,6962.0,6950.5,6953.0,11703,0.0,0.0,APOLLOHOSP.NS
2026-01-20 14:15:00+05:30,6953.5,6960.5,6952.0,6959.5,17147,0.0,0.0,APOLLOHOSP.NS
2026-01-20 14:30:00+05:30,6959.5,6963.5,6953.0,6959.0,16393,0.0,0.0,APOLLOHOSP.NS
2026-01-20 14:45:00+05:30,6961.0,6966.0,6951.0,6951.0,18305,0.0,0.0,APOLLOHOSP.NS
2026-01-20 15:00:00+05:30,6948.0,6948.0,6909.5,6909.5,38548,0.0,0.0,APOLLOHOSP.NS
2026-01-20 15:15:00+05:30,6909.0,6927.5,6887.0,6912.5,39615,0.0,0.0,APOLLOHOSP.NS
2026-01-21 09:15:00+05:30,6879.0,6911.5,6844.0,6844.0,37553,0.0,0.0,APOLLOHOSP.NS
2026-01-21 09:30:00+05:30,6843.0,6857.5,6836.5,6840.0,34708,0.0,0.0,APOLLOHOSP.NS
2026-01-21 09:45:00+05:30,6841.5,6856.5,6828.0,6847.0,23623,0.0,0.0,APOLLOHOSP.NS
2026-01-21 10:00:00+05:30,6846.0,6867.5,6841.0,6842.0,19852,0.0,0.0,APOLLOHOSP.NS
2026-01-21 10:15:00+05:30,6840.0,6850.5,6815.0,6818.5,21191,0.0,0.0,APOLLOHOSP.NS
2026-01-21 10:30:00+05:30,6815.5,6824.5,6777.0,6780.5,20522,0.0,0.0,APOLLOHOSP.NS
2026-01-21 10:45:00+05:30,6777.5,6780.5,6740.0,6768.0,45957,0.0,0.0,APOLLOHOSP.NS
2026-01-21 11:00:00+05:30,6768.0,6791.5,6754.0,6788.5,41246,0.0,0.0,APOLLOHOSP.NS
2026-01-21 11:15:00+05:30,6788.5,6805.0,6785.0,6785.0,11839,0.0,0.0,APOLLOHOSP.NS
2026-01-21 11:30:00+05:30,6785.0,6791.0,6768.5,6772.5,9873,0.0,0.0,APOLLOHOSP.NS
2026-01-21 11:45:00+05:30,6772.5,6779.0,6764.5,6770.0,11662,0.0,0.0,APOLLOHOSP.NS
2026-01-21 12:00:00+05:30,6770.0,6809.5,6766.0,6809.0,25816,0.0,0.0,APOLLOHOSP.NS
2026-01-21 12:15:00+05:30,6806.0,6838.0,6801.0,6829.5,25901,0.0,0.0,APOLLOHOSP.NS
2026-01-21 12:30:00+05:30,6829.0,6857.0,6826.0,6852.5,16540,0.0,0.0,APOLLOHOSP.NS
2026-01-21 12:45:00+05:30,6852.5,6861.5,6835.0,6845.0,26589,0.0,0.0,APOLLOHOSP.NS
2026-01-21 13:00:00+05:30,6844.5,6869.0,6840.5,6845.0,20029,0.0,0.0,APOLLOHOSP.NS
2026-01-21 13:15:00+05:30,6846.0,6850.0,6836.5,6848.0,18748,0.0,0.0,APOLLOHOSP.NS
2026-01-21 13:30:00+05:30,6847.5,6850.0,6837.0,6840.0,17049,0.0,0.0,APOLLOHOSP.NS
2026-01-21 13:45:00+05:30,6840.0,6842.0,6831.0,6834.0,29578,0.0,0.0,APOLLOHOSP.NS
2026-01-21 14:00:00+05:30,6834.0,6834.0,6824.5,6825.5,12539,0.0,0.0,APOLLOHOSP.NS
2026-01-21 14:15:00+05:30,6828.0,6843.5,6826.0,6831.0,17875,0.0,0.0,APOLLOHOSP.NS
2026-01-21 14:30:00+05:30,6831.0,6835.0,6825.5,6829.5,10384,0.0,0.0,APOLLOHOSP.NS
2026-01-21 14:45:00+05:30,6829.5,6840.0,6820.0,6836.0,14882,0.0,0.0,APOLLOHOSP.NS
2026-01-21 15:00:00+05:30,6830.5,6839.5,6819.5,6822.5,31286,0.0,0.0,APOLLOHOSP.NS
2026-01-21 15:15:00+05:30,6822.0,6843.0,6821.0,6839.5,37041,0.0,0.0,APOLLOHOSP.NS
2026-01-22 09:15:00+05:30,6875.0,6877.5,6831.0,6857.5,28557,0.0,0.0,APOLLOHOSP.NS
2026-01-22 09:30:00+05:30,6856.0,6906.0,6856.0,6889.5,37778,0.0,0.0,APOLLOHOSP.NS
2026-01-22 09:45:00+05:30,6889.5,6914.5,6885.5,6895.5,33130,0.0,0.0,APOLLOHOSP.NS
2026-01-22 10:00:00+05:30,6895.5,6903.5,6881.0,6890.5,19726,0.0,0.0,APOLLOHOSP.NS
2026-01-22 10:15:00+05:30,6893.0,6893.5,6861.0,6868.0,20073,0.0,0.0,APOLLOHOSP.NS
2026-01-22 10:30:00+05:30,6867.0,6873.0,6851.0,6857.0,15673,0.0,0.0,APOLLOHOSP.NS
2026-01-22 10:45:00+05:30,6857.0,6864.0,6842.0,6842.5,64319,0.0,0.0,APOLLOHOSP.NS
2026-01-22 11:00:00+05:30,6842.5,6857.0,6822.5,6825.0,28731,0.0,0.0,APOLLOHOSP.NS
2026-01-22 11:15:00+05:30,6823.5,6835.5,6815.0,6825.5,19820,0.0,0.0,APOLLOHOSP.NS
2026-01-22 11:30:00+05:30,6825.0,6829.0,6811.5,6812.0,26226,0.0,0.0,APOLLOHOSP.NS
2026-01-22 11:45:00+05:30,6811.5,6817.0,6790.0,6801.5,30124,0.0,0.0,APOLLOHOSP.NS
2026-01-22 12:00:00+05:30,6800.5,6817.5,6798.0,6816.5,19292,0.0,0.0,APOLLOHOSP.NS
2026-01-22 12:15:00+05:30,6816.5,6824.5,6798.0,6798.0,32400,0.0,0.0,APOLLOHOSP.NS
2026-01-22 12:30:00+05:30,6795.5,6825.0,6793.5,6801.5,30694,0.0,0.0,APOLLOHOSP.NS
2026-01-22 12:45:00+05:30,6804.0,6844.0,6802.5,6824.0,29440,0.0,0.0,APOLLOHOSP.NS
2026-01-22 13:00:00+05:30,6824.0,6831.0,6812.5,6813.5,20794,0.0,0.0,APOLLOHOSP.NS
2026-01-22 13:15:00+05:30,6815.0,6830.0,6803.5,6803.5,21425,0.0,0.0,APOLLOHOSP.NS
2026-01-22 13:30:00+05:30,6804.0,6806.0,6791.0,6796.5,17252,0.0,0.0,APOLLOHOSP.NS
2026-01-22 13:45:00+05:30,6794.0,6809.5,6790.5,6792.5,19903,0.0,0.0,APOLLOHOSP.NS
2026-01-22 14:00:00+05:30,6793.5,6799.0,6781.0,6788.0,16218,0.0,0.0,APOLLOHOSP.NS
2026-01-22 14:15:00+05:30,6787.5,6801.5,6780.5,6799.0,18192,0.0,0.0,APOLLOHOSP.NS
2026-01-22 14:30:00+05:30,6802.0,6816.5,6791.5,6806.0,20848,0.0,0.0,APOLLOHOSP.NS
2026-01-22 14:45:00+05:30,6809.0,6825.5,6798.0,6807.5,30958,0.0,0.0,APOLLOHOSP.NS
2026-01-22 15:00:00+05:30,6810.0,6811.0,6787.5,6794.5,39877,0.0,0.0,APOLLOHOSP.NS
2026-01-22 15:15:00+05:30,6794.0,6808.5,6790.5,6800.0,52111,0.0,0.0,APOLLOHOSP.NS
2026-01-23 09:15:00+05:30,6810.0,6810.0,6697.0,6768.0,28564,0.0,0.0,APOLLOHOSP.NS
2026-01-23 09:30:00+05:30,6768.0,6788.0,6760.0,6770.0,32126,0.0,0.0,APOLLOHOSP.NS
2026-01-23 09:45:00+05:30,6770.0,6795.0,6766.0,6786.0,25840,0.0,0.0,APOLLOHOSP.NS
2026-01-23 10:00:00+05:30,6789.5,6791.0,6767.5,6778.0,13672,0.0,0.0,APOLLOHOSP.NS
2026-01-23 10:15:00+05:30,6775.5,6810.5,6773.0,6810.0,19959,0.0,0.0,APOLLOHOSP.NS
2026-01-23 10:30:00+05:30,6811.0,6827.5,6797.0,6814.5,17894,0.0,0.0,APOLLOHOSP.NS
2026-01-23 10:45:00+05:30,6817.0,6834.5,6807.5,6828.0,17968,0.0,0.0,APOLLOHOSP.NS
2026-01-23 11:00:00+05:30,6828.0,6829.0,6820.0,6825.0,10940,0.0,0.0,APOLLOHOSP.NS
2026-01-23 11:15:00+05:30,6825.0,6833.0,6821.5,6825.0,11561,0.0,0.0,APOLLOHOSP.NS
2026-01-23 11:30:00+05:30,6827.0,6828.0,6810.0,6823.0,13545,0.0,0.0,APOLLOHOSP.NS
2026-01-23 11:45:00+05:30,6823.0,6824.5,6802.5,6810.0,6254,0.0,0.0,APOLLOHOSP.NS
2026-01-23 12:00:00+05:30,6810.0,6814.0,6790.0,6790.0,6969,0.0,0.0,APOLLOHOSP.NS
2026-01-23 12:15:00+05:30,6790.0,6804.0,6790.0,6795.5,13789,0.0,0.0,APOLLOHOSP.NS
2026-01-23 12:30:00+05:30,6795.0,6816.5,6792.5,6813.5,17094,0.0,0.0,APOLLOHOSP.NS
2026-01-23 12:45:00+05:30,6815.0,6815.0,6802.0,6807.0,11940,0.0,0.0,APOLLOHOSP.NS
2026-01-23 13:00:00+05:30,6809.0,6816.5,6803.0,6816.0,13675,0.0,0.0,APOLLOHOSP.NS
2026-01-23 13:15:00+05:30,6816.0,6816.0,6798.0,6800.0,9441,0.0,0.0,APOLLOHOSP.NS
2026-01-23 13:30:00+05:30,6800.0,6808.0,6778.0,6787.0,9003,0.0,0.0,APOLLOHOSP.NS
2026-01-23 13:45:00+05:30,6787.0,6804.0,6780.5,6796.0,10589,0.0,0.0,APOLLOHOSP.NS
2026-01-23 14:00:00+05:30,6797.0,6809.5,6791.0,6803.5,11541,0.0,0.0,APOLLOHOSP.NS
2026-01-23 14:15:00+05:30,6806.0,6809.0,6785.5,6801.0,9858,0.0,0.0,APOLLOHOSP.NS
2026-01-23 14:30:00+05:30,6804.0,6834.5,6802.0,6812.5,24807,0.0,0.0,APOLLOHOSP.NS
2026-01-23 14:45:00+05:30,6817.0,6821.0,6800.0,6803.5,12851,0.0,0.0,APOLLOHOSP.NS
2026-01-23 15:00:00+05:30,6810.0,6816.0,6788.0,6804.0,24531,0.0,0.0,APOLLOHOSP.NS
2026-01-23 15:15:00+05:30,6804.0,6813.0,6795.5,6813.0,27277,0.0,0.0,APOLLOHOSP.NS
2026-01-27 09:15:00+05:30,6800.0,6823.5,6710.5,6742.0,49632,0.0,0.0,APOLLOHOSP.NS
2026-01-27 09:30:00+05:30,6740.0,6834.5,6736.0,6830.0,33827,0.0,0.0,APOLLOHOSP.NS
2026-01-27 09:45:00+05:30,6833.0,6833.0,6818.5,6826.5,9619,0.0,0.0,APOLLOHOSP.NS
2026-01-27 10:00:00+05:30,6824.0,6842.0,6807.5,6822.5,10578,0.0,0.0,APOLLOHOSP.NS
2026-01-27 10:15:00+05:30,6822.5,6830.0,6795.5,6798.0,6738,0.0,0.0,APOLLOHOSP.NS
2026-01-27 10:30:00+05:30,6799.0,6803.0,6782.0,6784.5,8373,0.0,0.0,APOLLOHOSP.NS
2026-01-27 10:45:00+05:30,6786.5,6792.5,6754.5,6761.0,12302,0.0,0.0,APOLLOHOSP.NS
2026-01-27 11:00:00+05:30,6758.5,6772.0,6758.5,6766.5,8196,0.0,0.0,APOLLOHOSP.NS
2026-01-27 11:15:00+05:30,6767.0,6776.0,6762.5,6772.0,6500,0.0,0.0,APOLLOHOSP.NS
2026-01-27 11:30:00+05:30,6773.5,6790.5,6764.0,6790.5,8232,0.0,0.0,APOLLOHOSP.NS
2026-01-27 11:45:00+05:30,6791.0,6791.0,6767.0,6787.0,19910,0.0,0.0,APOLLOHOSP.NS
2026-01-27 12:00:00+05:30,6788.0,6806.0,6786.0,6788.5,10455,0.0,0.0,APOLLOHOSP.NS
2026-01-27 12:15:00+05:30,6786.5,6788.0,6765.0,6766.0,25908,0.0,0.0,APOLLOHOSP.NS
2026-01-27 12:30:00+05:30,6767.0,6768.0,6756.0,6760.0,15562,0.0,0.0,APOLLOHOSP.NS
2026-01-27 12:45:00+05:30,6760.0,6768.5,6747.0,6764.0,20334,0.0,0.0,APOLLOHOSP.NS
2026-01-27 13:00:00+05:30,6764.0,6780.0,6756.5,6766.5,15443,0.0,0.0,APOLLOHOSP.NS
2026-01-27 13:15:00+05:30,6766.5,6792.5,6763.0,6787.5,5984,0.0,0.0,APOLLOHOSP.NS
2026-01-27 13:30:00+05:30,6788.5,6789.5,6759.0,6769.5,20739,0.0,0.0,APOLLOHOSP.NS
2026-01-27 13:45:00+05:30,6769.0,6773.5,6755.5,6764.5,5508,0.0,0.0,APOLLOHOSP.NS
2026-01-27 14:00:00+05:30,6764.5,6764.5,6751.0,6758.0,6636,0.0,0.0,APOLLOHOSP.NS
2026-01-27 14:15:00+05:30,6758.0,6759.5,6742.5,6750.5,11359,0.0,0.0,APOLLOHOSP.NS
2026-01-27 14:30:00+05:30,6750.5,6779.0,6748.0,6775.0,27999,0.0,0.0,APOLLOHOSP.NS
2026-01-27 14:45:00+05:30,6776.5,6800.5,6776.5,6797.0,19361,0.0,0.0,APOLLOHOSP.NS
2026-01-27 15:00:00+05:30,6791.5,6797.5,6776.0,6791.5,53894,0.0,0.0,APOLLOHOSP.NS
2026-01-27 15:15:00+05:30,6792.0,6822.0,6783.0,6793.5,40484,0.0,0.0,APOLLOHOSP.NS
2026-01-28 09:15:00+05:30,6800.0,6865.5,6787.0,6861.5,43423,0.0,0.0,APOLLOHOSP.NS
2026-01-28 09:30:00+05:30,6861.5,6868.5,6839.5,6843.5,13449,0.0,0.0,APOLLOHOSP.NS
2026-01-28 09:45:00+05:30,6845.5,6855.5,6837.5,6852.5,12886,0.0,0.0,APOLLOHOSP.NS
2026-01-28 10:00:00+05:30,6852.0,6859.5,6848.0,6854.0,13846,0.0,0.0,APOLLOHOSP.NS
2026-01-28 10:15:00+05:30,6852.5,6864.0,6851.0,6859.0,11513,0.0,0.0,APOLLOHOSP.NS
2026-01-28 10:30:00+05:30,6854.0,6883.0,6854.0,6880.5,20389,0.0,0.0,APOLLOHOSP.NS
2026-01-28 10:45:00+05:30,6880.5,6886.0,6867.0,6879.5,28544,0.0,0.0,APOLLOHOSP.NS
2026-01-28 11:00:00+05:30,6879.5,6885.5,6875.0,6883.5,7088,0.0,0.0,APOLLOHOSP.NS
2026-01-28 11:15:00+05:30,6883.5,6883.5,6870.0,6883.0,5300,0.0,0.0,APOLLOHOSP.NS
2026-01-28 11:30:00+05:30,6883.0,6887.5,6872.5,6875.5,18664,0.0,0.0,APOLLOHOSP.NS
2026-01-28 11:45:00+05:30,6876.0,6884.0,6857.0,6870.0,21207,0.0,0.0,APOLLOHOSP.NS
2026-01-28 12:00:00+05:30,6870.0,6871.0,6860.0,6862.0,5018,0.0,0.0,APOLLOHOSP.NS
2026-01-28 12:15:00+05:30,6862.0,6869.0,6859.0,6865.5,10743,0.0,0.0,APOLLOHOSP.NS
2026-01-28 12:30:00+05:30,6862.0,6888.0,6860.0,6869.5,7923,0.0,0.0,APOLLOHOSP.NS
2026-01-28 12:45:00+05:30,6869.5,6869.5,6860.0,6860.5,7164,0.0,0.0,APOLLOHOSP.NS
2026-01-28 13:00:00+05:30,6860.5,6869.5,6857.0,6865.5,16347,0.0,0.0,APOLLOHOSP.NS
2026-01-28 13:15:00+05:30,6866.5,6869.5,6850.5,6859.0,17233,0.0,0.0,APOLLOHOSP.NS
2026-01-28 13:30:00+05:30,6856.0,6864.0,6851.0,6853.5,20622,0.0,0.0,APOLLOHOSP.NS
2026-01-28 13:45:00+05:30,6853.5,6859.0,6851.5,6855.5,5626,0.0,0.0,APOLLOHOSP.NS
2026-01-28 14:00:00+05:30,6855.5,6862.5,6842.5,6844.5,7968,0.0,0.0,APOLLOHOSP.NS
2026-01-28 14:15:00+05:30,6845.0,6868.0,6843.0,6867.0,8145,0.0,0.0,APOLLOHOSP.NS
2026-01-28 14:30:00+05:30,6866.5,6866.5,6860.0,6860.0,17958,0.0,0.0,APOLLOHOSP.NS
2026-01-28 14:45:00+05:30,6860.0,6870.0,6858.0,6866.0,16162,0.0,0.0,APOLLOHOSP.NS
2026-01-28 15:00:00+05:30,6866.0,6880.0,6866.0,6874.5,24854,0.0,0.0,APOLLOHOSP.NS
2026-01-28 15:15:00+05:30,6874.5,6887.5,6866.5,6872.5,37052,0.0,0.0,APOLLOHOSP.NS
2026-01-29 09:15:00+05:30,6850.5,6862.0,6803.5,6808.0,30391,0.0,0.0,APOLLOHOSP.NS
2026-01-29 09:30:00+05:30,6808.0,6818.5,6781.0,6782.0,10864,0.0,0.0,APOLLOHOSP.NS
2026-01-29 09:45:00+05:30,6780.5,6797.5,6780.5,6787.5,6032,0.0,0.0,APOLLOHOSP.NS
2026-01-29 10:00:00+05:30,6786.5,6797.5,6776.0,6797.5,6678,0.0,0.0,APOLLOHOSP.NS
2026-01-29 10:15:00+05:30,6794.5,6794.5,6765.0,6776.0,6359,0.0,0.0,APOLLOHOSP.NS
2026-01-29 10:30:00+05:30,6776.0,6782.5,6759.5,6781.5,8935,0.0,0.0,APOLLOHOSP.NS
2026-01-29 10:45:00+05:30,6779.5,6802.0,6772.0,6798.5,9637,0.0,0.0,APOLLOHOSP.NS
2026-01-29 11:00:00+05:30,6795.5,6813.0,6792.0,6807.0,47398,0.0,0.0,APOLLOHOSP.NS
2026-01-29 11:15:00+05:30,6807.0,6821.0,6805.5,6813.5,3937,0.0,0.0,APOLLOHOSP.NS
2026-01-29 11:30:00+05:30,6814.0,6824.0,6813.0,6817.5,3352,0.0,0.0,APOLLOHOSP.NS
2026-01-29 11:45:00+05:30,6817.0,6828.0,6800.5,6800.5,8894,0.0,0.0,APOLLOHOSP.NS
2026-01-29 12:00:00+05:30,6801.0,6810.0,6800.0,6810.0,5253,0.0,0.0,APOLLOHOSP.NS
2026-01-29 12:15:00+05:30,6810.0,6810.0,6797.0,6801.5,7341,0.0,0.0,APOLLOHOSP.NS
2026-01-29 12:30:00+05:30,6801.5,6808.5,6797.5,6808.0,13890,0.0,0.0,APOLLOHOSP.NS
2026-01-29 12:45:00+05:30,6808.0,6808.0,6780.5,6798.5,95217,0.0,0.0,APOLLOHOSP.NS
2026-01-29 13:00:00+05:30,6799.5,6810.0,6792.5,6798.0,15054,0.0,0.0,APOLLOHOSP.NS
2026-01-29 13:15:00+05:30,6798.0,6799.5,6790.5,6792.0,2357,0.0,0.0,APOLLOHOSP.NS
2026-01-29 13:30:00+05:30,6791.5,6805.0,6791.0,6800.0,16345,0.0,0.0,APOLLOHOSP.NS
2026-01-29 13:45:00+05:30,6800.0,6805.0,6800.0,6804.5,19429,0.0,0.0,APOLLOHOSP.NS
2026-01-29 14:00:00+05:30,6805.0,6814.5,6796.0,6803.5,17200,0.0,0.0,APOLLOHOSP.NS
2026-01-29 14:15:00+05:30,6805.0,6808.0,6799.0,6808.0,2659,0.0,0.0,APOLLOHOSP.NS
2026-01-29 14:30:00+05:30,6808.0,6826.0,6808.0,6813.0,15814,0.0,0.0,APOLLOHOSP.NS
2026-01-29 14:45:00+05:30,6813.0,6813.0,6801.0,6805.5,4690,0.0,0.0,APOLLOHOSP.NS
2026-01-29 15:00:00+05:30,6805.0,6808.0,6797.0,6797.0,33027,0.0,0.0,APOLLOHOSP.NS
2026-01-29 15:15:00+05:30,6796.0,6818.0,6796.0,6818.0,126938,0.0,0.0,APOLLOHOSP.NS
2026-01-30 09:15:00+05:30,6787.0,6864.5,6775.5,6861.5,15469,0.0,0.0,APOLLOHOSP.NS
2026-01-30 09:30:00+05:30,6861.5,6914.0,6851.5,6888.5,16533,0.0,0.0,APOLLOHOSP.NS
2026-01-30 09:45:00+05:30,6888.5,6898.0,6881.0,6896.0,6332,0.0,0.0,APOLLOHOSP.NS
2026-01-30 10:00:00+05:30,6897.5,6962.5,6887.0,6962.0,20549,0.0,0.0,APOLLOHOSP.NS
2026-01-30 10:15:00+05:30,6960.0,6961.0,6921.5,6929.0,15090,0.0,0.0,APOLLOHOSP.NS
2026-01-30 10:30:00+05:30,6932.5,6950.0,6925.5,6949.5,11464,0.0,0.0,APOLLOHOSP.NS
2026-01-30 10:45:00+05:30,6949.5,6953.0,6937.0,6950.0,4262,0.0,0.0,APOLLOHOSP.NS
2026-01-30 11:00:00+05:30,6950.0,6958.0,6935.5,6946.5,5447,0.0,0.0,APOLLOHOSP.NS
2026-01-30 11:15:00+05:30,6946.5,6949.0,6919.5,6921.0,8469,0.0,0.0,APOLLOHOSP.NS
2026-01-30 11:30:00+05:30,6921.0,6955.0,6916.5,6952.5,9418,0.0,0.0,APOLLOHOSP.NS
2026-01-30 11:45:00+05:30,6952.5,6953.0,6937.0,6941.0,9989,0.0,0.0,APOLLOHOSP.NS
2026-01-30 12:00:00+05:30,6941.0,6951.0,6923.5,6950.0,15471,0.0,0.0,APOLLOHOSP.NS
2026-01-30 12:15:00+05:30,6949.5,6949.5,6937.0,6945.0,6283,0.0,0.0,APOLLOHOSP.NS
2026-01-30 12:30:00+05:30,6943.5,6950.0,6939.0,6942.0,8489,0.0,0.0,APOLLOHOSP.NS
2026-01-30 12:45:00+05:30,6942.0,6947.5,6935.5,6941.0,5820,0.0,0.0,APOLLOHOSP.NS
2026-01-30 13:00:00+05:30,6938.0,6941.0,6922.5,6924.5,9889,0.0,0.0,APOLLOHOSP.NS
2026-01-30 13:15:00+05:30,6921.5,6923.5,6908.5,6914.0,9948,0.0,0.0,APOLLOHOSP.NS
2026-01-30 13:30:00+05:30,6912.0,6937.5,6912.0,6933.0,5279,0.0,0.0,APOLLOHOSP.NS
2026-01-30 13:45:00+05:30,6933.5,6937.5,6921.5,6937.0,6007,0.0,0.0,APOLLOHOSP.NS
2026-01-30 14:00:00+05:30,6935.0,6950.0,6801.0,6950.0,18785,0.0,0.0,APOLLOHOSP.NS
2026-01-30 14:15:00+05:30,6951.5,6963.0,6946.5,6952.5,17844,0.0,0.0,APOLLOHOSP.NS
2026-01-30 14:30:00+05:30,6952.0,6958.5,6938.0,6956.0,18391,0.0,0.0,APOLLOHOSP.NS
2026-01-30 14:45:00+05:30,6956.0,6973.0,6952.0,6968.0,25646,0.0,0.0,APOLLOHOSP.NS
2026-01-30 15:00:00+05:30,6970.0,6972.0,6950.0,6950.0,110361,0.0,0.0,APOLLOHOSP.NS
2026-01-30 15:15:00+05:30,6950.5,6966.5,6942.5,6942.5,87338,0.0,0.0,APOLLOHOSP.NS
2026-02-03 09:15:00+05:30,7099.0,7099.0,7007.0,7068.5,57533,0.0,0.0,APOLLOHOSP.NS
2026-02-03 09:30:00+05:30,7067.5,7086.0,7043.5,7066.0,30495,0.0,0.0,APOLLOHOSP.NS
2026-02-03 09:45:00+05:30,7065.0,7090.0,7048.0,7059.5,14081,0.0,0.0,APOLLOHOSP.NS
2026-02-03 10:00:00+05:30,7057.5,7068.0,7028.5,7034.5,13724,0.0,0.0,APOLLOHOSP.NS
2026-02-03 10:15:00+05:30,7034.5,7091.5,7034.5,7077.0,15776,0.0,0.0,APOLLOHOSP.NS
2026-02-03 10:30:00+05:30,7077.0,7113.5,7077.0,7091.0,15228,0.0,0.0,APOLLOHOSP.NS
2026-02-03 10:45:00+05:30,7093.5,7094.0,7056.0,7084.0,12517,0.0,0.0,APOLLOHOSP.NS
2026-02-03 11:00:00+05:30,7082.5,7111.5,7066.5,7110.5,10199,0.0,0.0,APOLLOHOSP.NS
2026-02-03 11:15:00+05:30,7114.0,7121.5,7106.5,7113.0,13245,0.0,0.0,APOLLOHOSP.NS
2026-02-03 11:30:00+05:30,7113.0,7141.0,7107.5,7140.5,15724,0.0,0.0,APOLLOHOSP.NS
2026-02-03 11:45:00+05:30,7140.0,7146.5,7123.0,7138.5,16738,0.0,0.0,APOLLOHOSP.NS
2026-02-03 12:00:00+05:30,7139.0,7151.5,7120.0,7151.5,22231,0.0,0.0,APOLLOHOSP.NS
2026-02-03 12:15:00+05:30,7153.0,7163.0,7145.0,7145.0,9051,0.0,0.0,APOLLOHOSP.NS
2026-02-03 12:30:00+05:30,7145.0,7158.0,7126.5,7149.0,17685,0.0,0.0,APOLLOHOSP.NS
2026-02-03 12:45:00+05:30,7147.0,7150.0,7117.0,7130.5,9288,0.0,0.0,APOLLOHOSP.NS
2026-02-03 13:00:00+05:30,7127.5,7130.0,7100.0,7100.0,12482,0.0,0.0,APOLLOHOSP.NS
2026-02-03 13:15:00+05:30,7100.5,7101.0,7086.5,7091.0,10304,0.0,0.0,APOLLOHOSP.NS
2026-02-03 13:30:00+05:30,7090.0,7097.0,7067.5,7095.0,10193,0.0,0.0,APOLLOHOSP.NS
2026-02-03 13:45:00+05:30,7094.5,7109.0,7089.0,7089.0,8729,0.0,0.0,APOLLOHOSP.NS
2026-02-03 14:00:00+05:30,7095.5,7108.0,7078.0,7089.5,13322,0.0,0.0,APOLLOHOSP.NS
2026-02-03 14:15:00+05:30,7089.5,7102.0,7087.0,7092.0,8583,0.0,0.0,APOLLOHOSP.NS
2026-02-03 14:30:00+05:30,7090.5,7095.0,7077.0,7077.5,10348,0.0,0.0,APOLLOHOSP.NS
2026-02-03 14:45:00+05:30,7077.5,7101.0,7077.5,7097.5,8538,0.0,0.0,APOLLOHOSP.NS
2026-02-03 15:00:00+05:30,7097.5,7097.5,7078.5,7088.0,42604,0.0,0.0,APOLLOHOSP.NS
2026-02-03 15:15:00+05:30,7085.0,7094.0,7068.0,7080.0,39367,0.0,0.0,APOLLOHOSP.NS
2026-02-04 09:15:00+05:30,7079.5,7118.0,7057.0,7102.0,5716,0.0,0.0,APOLLOHOSP.NS
2026-02-04 09:30:00+05:30,7103.5,7105.0,7073.0,7084.0,9763,0.0,0.0,APOLLOHOSP.NS
2026-02-04 09:45:00+05:30,7086.0,7100.5,7077.0,7094.5,5419,0.0,0.0,APOLLOHOSP.NS
2026-02-04 10:00:00+05:30,7096.0,7112.0,7085.5,7107.0,5764,0.0,0.0,APOLLOHOSP.NS
2026-02-04 10:15:00+05:30,7107.5,7110.0,7092.0,7105.0,6280,0.0,0.0,APOLLOHOSP.NS
2026-02-04 10:30:00+05:30,7106.5,7107.0,7077.0,7085.0,5664,0.0,0.0,APOLLOHOSP.NS
2026-02-04 10:45:00+05:30,7085.5,7090.0,7080.0,7085.0,3812,0.0,0.0,APOLLOHOSP.NS
2026-02-04 11:00:00+05:30,7085.0,7092.0,7070.5,7074.0,4155,0.0,0.0,APOLLOHOSP.NS
2026-02-04 11:15:00+05:30,7074.0,7105.0,7070.0,7103.0,11712,0.0,0.0,APOLLOHOSP.NS
2026-02-04 11:30:00+05:30,7102.0,7105.0,7083.0,7086.5,8507,0.0,0.0,APOLLOHOSP.NS
2026-02-04 11:45:00+05:30,7086.5,7088.5,7079.0,7079.0,3723,0.0,0.0,APOLLOHOSP.NS
2026-02-04 12:00:00+05:30,7078.0,7080.0,7072.0,7078.0,4484,0.0,0.0,APOLLOHOSP.NS
2026-02-04 12:15:00+05:30,7078.5,7078.5,7055.0,7065.5,8532,0.0,0.0,APOLLOHOSP.NS
2026-02-04 12:30:00+05:30,7064.5,7075.0,7057.0,7068.0,4493,0.0,0.0,APOLLOHOSP.NS
2026-02-04 12:45:00+05:30,7070.5,7075.0,7065.5,7074.0,4413,0.0,0.0,APOLLOHOSP.NS
2026-02-04 13:00:00+05:30,7075.0,7075.0,7063.0,7071.0,4298,0.0,0.0,APOLLOHOSP.NS
2026-02-04 13:15:00+05:30,7072.5,7097.5,7072.5,7096.5,16679,0.0,0.0,APOLLOHOSP.NS
2026-02-04 13:30:00+05:30,7097.0,7123.5,7094.0,7119.0,18102,0.0,0.0,APOLLOHOSP.NS
2026-02-04 13:45:00+05:30,7119.0,7158.0,7117.0,7142.0,15904,0.0,0.0,APOLLOHOSP.NS
2026-02-04 14:00:00+05:30,7142.0,7142.0,7125.0,7132.5,6317,0.0,0.0,APOLLOHOSP.NS
2026-02-04 14:15:00+05:30,7135.5,7151.0,7121.0,7150.5,7429,0.0,0.0,APOLLOHOSP.NS
2026-02-04 14:30:00+05:30,7150.5,7152.0,7136.0,7143.5,6071,0.0,0.0,APOLLOHOSP.NS
2026-02-04 14:45:00+05:30,7143.5,7143.5,7115.0,7123.5,7059,0.0,0.0,APOLLOHOSP.NS
2026-02-04 15:00:00+05:30,7127.5,7133.5,7122.5,7123.0,13069,0.0,0.0,APOLLOHOSP.NS
2026-02-04 15:15:00+05:30,7123.0,7129.5,7099.0,7116.0,19629,0.0,0.0,APOLLOHOSP.NS
2026-02-05 09:15:00+05:30,7113.0,7125.5,7082.5,7118.0,6777,0.0,0.0,APOLLOHOSP.NS
2026-02-05 09:30:00+05:30,7117.0,7131.5,7081.5,7081.5,16853,0.0,0.0,APOLLOHOSP.NS
2026-02-05 09:45:00+05:30,7082.5,7083.5,7058.5,7065.0,9965,0.0,0.0,APOLLOHOSP.NS
2026-02-05 10:00:00+05:30,7065.0,7075.0,7058.0,7072.0,8760,0.0,0.0,APOLLOHOSP.NS
2026-02-05 10:15:00+05:30,7070.5,7083.5,7061.5,7077.0,4990,0.0,0.0,APOLLOHOSP.NS
2026-02-05 10:30:00+05:30,7077.0,7079.5,7071.5,7079.5,4922,0.0,0.0,APOLLOHOSP.NS
2026-02-05 10:45:00+05:30,7079.5,7084.5,7066.0,7067.5,6813,0.0,0.0,APOLLOHOSP.NS
2026-02-05 11:00:00+05:30,7067.0,7077.5,7060.0,7062.5,6744,0.0,0.0,APOLLOHOSP.NS
2026-02-05 11:15:00+05:30,7063.0,7063.0,7043.5,7054.0,8731,0.0,0.0,APOLLOHOSP.NS
2026-02-05 11:30:00+05:30,7054.5,7070.0,7054.0,7060.0,3686,0.0,0.0,APOLLOHOSP.NS
2026-02-05 11:45:00+05:30,7060.0,7079.5,7059.5,7074.5,8260,0.0,0.0,APOLLOHOSP.NS
2026-02-05 12:00:00+05:30,7069.5,7074.5,7061.0,7066.0,2272,0.0,0.0,APOLLOHOSP.NS
2026-02-05 12:15:00+05:30,7065.0,7069.5,7060.0,7069.0,5418,0.0,0.0,APOLLOHOSP.NS
2026-02-05 12:30:00+05:30,7068.5,7075.0,7068.5,7071.0,2935,0.0,0.0,APOLLOHOSP.NS
2026-02-05 12:45:00+05:30,7071.0,7073.5,7061.5,7072.5,8041,0.0,0.0,APOLLOHOSP.NS
2026-02-05 13:00:00+05:30,7073.5,7086.0,7072.5,7082.0,5483,0.0,0.0,APOLLOHOSP.NS
2026-02-05 13:15:00+05:30,7082.0,7104.0,7081.0,7086.0,9834,0.0,0.0,APOLLOHOSP.NS
2026-02-05 13:30:00+05:30,7086.5,7093.0,7085.0,7089.5,6163,0.0,0.0,APOLLOHOSP.NS
2026-02-05 13:45:00+05:30,7090.0,7128.0,7085.0,7112.0,12267,0.0,0.0,APOLLOHOSP.NS
2026-02-05 14:00:00+05:30,7114.5,7114.5,7089.0,7099.0,9783,0.0,0.0,APOLLOHOSP.NS
2026-02-05 14:15:00+05:30,7099.0,7115.0,7095.5,7109.5,12408,0.0,0.0,APOLLOHOSP.NS
2026-02-05 14:30:00+05:30,7109.5,7124.0,7109.0,7115.5,9757,0.0,0.0,APOLLOHOSP.NS
2026-02-05 14:45:00+05:30,7115.5,7128.0,7106.5,7124.0,9248,0.0,0.0,APOLLOHOSP.NS
2026-02-05 15:00:00+05:30,7129.0,7129.5,7116.0,7119.5,16921,0.0,0.0,APOLLOHOSP.NS
2026-02-05 15:15:00+05:30,7117.5,7129.0,7115.0,7122.5,18608,0.0,0.0,APOLLOHOSP.NS
2026-02-06 09:15:00+05:30,7109.0,7135.0,7085.0,7112.5,13561,0.0,0.0,APOLLOHOSP.NS
2026-02-06 09:30:00+05:30,7112.5,7115.5,7085.5,7089.0,23355,0.0,0.0,APOLLOHOSP.NS
2026-02-06 09:45:00+05:30,7088.0,7097.5,7079.5,7090.5,16424,0.0,0.0,APOLLOHOSP.NS
2026-02-06 10:00:00+05:30,7090.0,7091.5,7039.0,7040.0,60513,0.0,0.0,APOLLOHOSP.NS
2026-02-06 10:15:00+05:30,7038.0,7043.0,7018.5,7018.5,28235,0.0,0.0,APOLLOHOSP.NS
2026-02-06 10:30:00+05:30,7022.0,7033.5,7000.0,7006.0,40217,0.0,0.0,APOLLOHOSP.NS
2026-02-06 10:45:00+05:30,7005.0,7013.0,6994.0,7003.0,33576,0.0,0.0,APOLLOHOSP.NS
2026-02-06 11:00:00+05:30,7002.5,7030.0,7002.5,7028.0,14923,0.0,0.0,APOLLOHOSP.NS
2026-02-06 11:15:00+05:30,7024.5,7046.0,7022.5,7040.0,13562,0.0,0.0,APOLLOHOSP.NS
2026-02-06 11:30:00+05:30,7040.0,7083.5,7040.0,7066.5,47599,0.0,0.0,APOLLOHOSP.NS
2026-02-06 11:45:00+05:30,7066.0,7155.0,7059.5,7109.0,168584,0.0,0.0,APOLLOHOSP.NS
2026-02-06 12:00:00+05:30,7111.0,7170.0,7109.5,7170.0,42415,0.0,0.0,APOLLOHOSP.NS
2026-02-06 12:15:00+05:30,7173.5,7174.0,7144.0,7155.5,7062,0.0,0.0,APOLLOHOSP.NS
2026-02-06 12:30:00+05:30,7155.5,7166.5,7143.5,7155.5,4333,0.0,0.0,APOLLOHOSP.NS
2026-02-06 12:45:00+05:30,7153.0,7167.0,7148.0,7158.0,3507,0.0,0.0,APOLLOHOSP.NS
2026-02-06 13:00:00+05:30,7157.5,7157.5,7140.5,7150.0,2271,0.0,0.0,APOLLOHOSP.NS
2026-02-06 13:15:00+05:30,7149.0,7152.5,7148.0,7150.5,1344,0.0,0.0,APOLLOHOSP.NS
2026-02-06 13:30:00+05:30,7131.5,7138.5,7131.5,7137.5,3411,0.0,0.0,APOLLOHOSP.NS
2026-02-06 13:45:00+05:30,7137.5,7150.5,7136.0,7141.5,3929,0.0,0.0,APOLLOHOSP.NS
2026-02-06 14:00:00+05:30,7141.5,7148.0,7134.0,7137.5,3048,0.0,0.0,APOLLOHOSP.NS
2026-02-06 14:15:00+05:30,7137.5,7141.5,7132.0,7134.0,2525,0.0,0.0,APOLLOHOSP.NS
2026-02-06 14:30:00+05:30,7139.0,7156.5,7136.0,7152.5,4700,0.0,0.0,APOLLOHOSP.NS
2026-02-06 14:45:00+05:30,7150.0,7165.5,7145.0,7165.5,6627,0.0,0.0,APOLLOHOSP.NS
2026-02-06 15:00:00+05:30,7170.5,7174.0,7155.5,7160.5,44995,0.0,0.0,APOLLOHOSP.NS
2026-02-06 15:15:00+05:30,7160.5,7161.0,7129.5,7160.0,57125,0.0,0.0,APOLLOHOSP.NS
2026-02-09 09:15:00+05:30,7199.0,7232.0,7186.5,7228.0,10839,0.0,0.0,APOLLOHOSP.NS
2026-02-09 09:30:00+05:30,7228.0,7230.0,7175.5,7190.5,11618,0.0,0.0,APOLLOHOSP.NS
2026-02-09 09:45:00+05:30,7190.0,7209.5,7182.5,7205.0,4563,0.0,0.0,APOLLOHOSP.NS
2026-02-09 10:00:00+05:30,7206.0,7210.0,7163.5,7176.0,7079,0.0,0.0,APOLLOHOSP.NS
2026-02-09 10:15:00+05:30,7178.0,7189.5,7167.5,7188.5,3299,0.0,0.0,APOLLOHOSP.NS
2026-02-09 10:30:00+05:30,7188.5,7194.5,7170.5,7179.5,4106,0.0,0.0,APOLLOHOSP.NS
2026-02-09 10:45:00+05:30,7182.0,7195.0,7166.0,7173.5,14994,0.0,0.0,APOLLOHOSP.NS
2026-02-09 11:00:00+05:30,7175.5,7186.0,7171.5,7176.5,5395,0.0,0.0,APOLLOHOSP.NS
2026-02-09 11:15:00+05:30,7179.5,7187.0,7175.5,7187.0,3464,0.0,0.0,APOLLOHOSP.NS
2026-02-09 11:30:00+05:30,7187.5,7188.0,7173.0,7177.0,3695,0.0,0.0,APOLLOHOSP.NS
2026-02-09 11:45:00+05:30,7173.5,7189.0,7173.5,7181.5,8125,0.0,0.0,APOLLOHOSP.NS
2026-02-09 12:00:00+05:30,7183.5,7208.0,7181.0,7200.0,5739,0.0,0.0,APOLLOHOSP.NS
2026-02-09 12:15:00+05:30,7202.0,7204.5,7185.5,7187.5,4970,0.0,0.0,APOLLOHOSP.NS
2026-02-09 12:30:00+05:30,7187.5,7189.5,7173.5,7179.0,4428,0.0,0.0,APOLLOHOSP.NS
2026-02-09 12:45:00+05:30,7181.0,7197.0,7168.5,7191.0,9126,0.0,0.0,APOLLOHOSP.NS
2026-02-09 13:00:00+05:30,7194.5,7262.0,7188.0,7249.0,116825,0.0,0.0,APOLLOHOSP.NS
2026-02-09 13:15:00+05:30,7249.0,7268.5,7240.0,7257.0,25920,0.0,0.0,APOLLOHOSP.NS
2026-02-09 13:30:00+05:30,7260.0,7280.0,7247.0,7272.0,56445,0.0,0.0,APOLLOHOSP.NS
2026-02-09 13:45:00+05:30,7272.0,7272.0,7227.0,7231.5,15342,0.0,0.0,APOLLOHOSP.NS
2026-02-09 14:00:00+05:30,7232.0,7235.0,7222.0,7226.0,4380,0.0,0.0,APOLLOHOSP.NS
2026-02-09 14:15:00+05:30,7224.5,7245.5,7222.0,7234.5,4871,0.0,0.0,APOLLOHOSP.NS
2026-02-09 14:30:00+05:30,7231.0,7233.0,7211.0,7212.5,5496,0.0,0.0,APOLLOHOSP.NS
2026-02-09 14:45:00+05:30,7216.0,7230.5,7211.5,7230.5,7902,0.0,0.0,APOLLOHOSP.NS
2026-02-09 15:00:00+05:30,7231.5,7236.5,7194.5,7212.0,32139,0.0,0.0,APOLLOHOSP.NS
2026-02-09 15:15:00+05:30,7216.0,7254.5,7200.0,7241.0,20908,0.0,0.0,APOLLOHOSP.NS
2026-02-10 09:15:00+05:30,7230.0,7269.0,7227.5,7250.5,7011,0.0,0.0,APOLLOHOSP.NS
2026-02-10 09:30:00+05:30,7256.0,7280.5,7201.0,7208.5,25411,0.0,0.0,APOLLOHOSP.NS
2026-02-10 09:45:00+05:30,7208.0,7221.5,7187.0,7203.5,16798,0.0,0.0,APOLLOHOSP.NS
2026-02-10 10:00:00+05:30,7204.5,7214.0,7192.0,7197.5,7282,0.0,0.0,APOLLOHOSP.NS
2026-02-10 10:15:00+05:30,7197.0,7220.0,7194.5,7218.5,5984,0.0,0.0,APOLLOHOSP.NS
2026-02-10 10:30:00+05:30,7218.0,7227.0,7209.0,7218.5,5785,0.0,0.0,APOLLOHOSP.NS
2026-02-10 10:45:00+05:30,7217.0,7219.5,7200.0,7213.5,4935,0.0,0.0,APOLLOHOSP.NS
2026-02-10 11:00:00+05:30,7211.5,7234.0,7207.0,7227.0,6168,0.0,0.0,APOLLOHOSP.NS
2026-02-10 11:15:00+05:30,7226.5,7237.0,7213.0,7217.0,17063,0.0,0.0,APOLLOHOSP.NS
2026-02-10 11:30:00+05:30,7216.5,7225.0,7204.0,7211.0,7679,0.0,0.0,APOLLOHOSP.NS
2026-02-10 11:45:00+05:30,7211.0,7223.0,7203.0,7205.5,5768,0.0,0.0,APOLLOHOSP.NS
2026-02-10 12:00:00+05:30,7206.0,7222.5,7201.0,7222.5,3317,0.0,0.0,APOLLOHOSP.NS
2026-02-10 12:15:00+05:30,7222.5,7224.5,7200.0,7207.0,5183,0.0,0.0,APOLLOHOSP.NS
2026-02-10 12:30:00+05:30,7207.5,7213.5,7203.5,7207.5,2135,0.0,0.0,APOLLOHOSP.NS
2026-02-10 12:45:00+05:30,7207.5,7217.5,7201.5,7211.0,8269,0.0,0.0,APOLLOHOSP.NS
2026-02-10 13:00:00+05:30,7211.5,7221.0,7207.0,7209.5,3059,0.0,0.0,APOLLOHOSP.NS
2026-02-10 13:15:00+05:30,7212.5,7215.5,7205.0,7210.0,2535,0.0,0.0,APOLLOHOSP.NS
2026-02-10 13:30:00+05:30,7210.0,7215.0,7200.0,7205.5,6414,0.0,0.0,APOLLOHOSP.NS
2026-02-10 13:45:00+05:30,7207.0,7212.0,7200.0,7206.5,5901,0.0,0.0,APOLLOHOSP.NS
2026-02-10 14:00:00+05:30,7208.5,7213.5,7201.0,7206.5,9455,0.0,0.0,APOLLOHOSP.NS
2026-02-10 14:15:00+05:30,7208.0,7222.5,7205.5,7222.0,13830,0.0,0.0,APOLLOHOSP.NS
2026-02-10 14:30:00+05:30,7221.0,7235.0,7206.5,7213.0,22825,0.0,0.0,APOLLOHOSP.NS
2026-02-10 14:45:00+05:30,7213.5,7225.0,7204.0,7223.0,10635,0.0,0.0,APOLLOHOSP.NS
2026-02-10 15:00:00+05:30,7228.0,7230.0,7217.0,7225.5,25167,0.0,0.0,APOLLOHOSP.NS
2026-02-10 15:15:00+05:30,7225.0,7225.0,7202.5,7219.0,36088,0.0,0.0,APOLLOHOSP.NS
2026-02-11 09:15:00+05:30,7410.5,7639.0,7410.5,7631.0,213293,0.0,0.0,APOLLOHOSP.NS
2026-02-11 09:30:00+05:30,7633.5,7634.0,7560.5,7600.5,193479,0.0,0.0,APOLLOHOSP.NS
2026-02-11 09:45:00+05:30,7603.0,7608.0,7578.0,7578.0,49861,0.0,0.0,APOLLOHOSP.NS
2026-02-11 10:00:00+05:30,7580.0,7589.0,7550.0,7563.5,55895,0.0,0.0,APOLLOHOSP.NS
2026-02-11 10:15:00+05:30,7563.5,7588.5,7556.5,7562.0,36564,0.0,0.0,APOLLOHOSP.NS
2026-02-11 10:30:00+05:30,7559.0,7565.5,7541.0,7542.5,51702,0.0,0.0,APOLLOHOSP.NS
2026-02-11 10:45:00+05:30,7541.5,7556.0,7527.0,7553.0,44467,0.0,0.0,APOLLOHOSP.NS
2026-02-11 11:00:00+05:30,7556.0,7582.0,7547.0,7568.0,89462,0.0,0.0,APOLLOHOSP.NS
2026-02-11 11:15:00+05:30,7567.5,7584.5,7563.0,7573.5,50682,0.0,0.0,APOLLOHOSP.NS
2026-02-11 11:30:00+05:30,7573.0,7586.5,7570.0,7570.0,16846,0.0,0.0,APOLLOHOSP.NS
2026-02-11 11:45:00+05:30,7571.0,7600.0,7570.0,7590.0,35872,0.0,0.0,APOLLOHOSP.NS
2026-02-11 12:00:00+05:30,7591.5,7593.5,7552.0,7562.5,38571,0.0,0.0,APOLLOHOSP.NS
2026-02-11 12:15:00+05:30,7562.5,7566.5,7554.5,7564.0,11279,0.0,0.0,APOLLOHOSP.NS
2026-02-11 12:30:00+05:30,7564.0,7570.0,7543.5,7548.0,16789,0.0,0.0,APOLLOHOSP.NS
2026-02-11 12:45:00+05:30,7548.5,7563.0,7538.5,7557.0,14582,0.0,0.0,APOLLOHOSP.NS
2026-02-11 13:00:00+05:30,7556.5,7562.5,7544.0,7561.5,15588,0.0,0.0,APOLLOHOSP.NS
2026-02-11 13:15:00+05:30,7561.5,7575.5,7560.0,7570.0,19298,0.0,0.0,APOLLOHOSP.NS
2026-02-11 13:30:00+05:30,7569.5,7572.0,7562.0,7567.5,14184,0.0,0.0,APOLLOHOSP.NS
2026-02-11 13:45:00+05:30,7567.5,7568.5,7550.5,7556.0,19043,0.0,0.0,APOLLOHOSP.NS
2026-02-11 14:00:00+05:30,7556.0,7570.0,7556.0,7570.0,11989,0.0,0.0,APOLLOHOSP.NS
2026-02-11 14:15:00+05:30,7569.5,7570.5,7520.0,7528.0,38973,0.0,0.0,APOLLOHOSP.NS
2026-02-11 14:30:00+05:30,7525.0,7532.0,7495.0,7511.5,60773,0.0,0.0,APOLLOHOSP.NS
2026-02-11 14:45:00+05:30,7511.5,7514.0,7503.0,7504.0,17516,0.0,0.0,APOLLOHOSP.NS
2026-02-11 15:00:00+05:30,7506.5,7528.0,7490.0,7500.5,71517,0.0,0.0,APOLLOHOSP.NS
2026-02-11 15:15:00+05:30,7500.0,7516.0,7499.0,7503.0,71263,0.0,0.0,APOLLOHOSP.NS
2026-02-12 09:15:00+05:30,7477.5,7501.0,7420.0,7462.0,21320,0.0,0.0,APOLLOHOSP.NS
2026-02-12 09:30:00+05:30,7462.0,7481.0,7420.5,7425.5,32546,0.0,0.0,APOLLOHOSP.NS
2026-02-12 09:45:00+05:30,7427.5,7445.0,7410.0,7443.0,23905,0.0,0.0,APOLLOHOSP.NS
2026-02-12 10:00:00+05:30,7443.0,7524.0,7439.5,7504.0,45567,0.0,0.0,APOLLOHOSP.NS
2026-02-12 10:15:00+05:30,7508.5,7519.5,7505.0,7516.5,11163,0.0,0.0,APOLLOHOSP.NS
2026-02-12 10:30:00+05:30,7518.5,7523.5,7510.0,7520.0,9982,0.0,0.0,APOLLOHOSP.NS
2026-02-12 10:45:00+05:30,7520.0,7520.5,7512.0,7512.0,4139,0.0,0.0,APOLLOHOSP.NS
2026-02-12 11:00:00+05:30,7512.0,7513.5,7503.5,7510.5,4483,0.0,0.0,APOLLOHOSP.NS
2026-02-12 11:15:00+05:30,7507.5,7512.5,7500.5,7503.5,5541,0.0,0.0,APOLLOHOSP.NS
2026-02-12 11:30:00+05:30,7503.5,7519.0,7500.0,7519.0,9636,0.0,0.0,APOLLOHOSP.NS
2026-02-12 11:45:00+05:30,7519.0,7530.5,7517.0,7530.0,13206,0.0,0.0,APOLLOHOSP.NS
2026-02-12 12:00:00+05:30,7530.0,7542.5,7525.5,7540.5,9043,0.0,0.0,APOLLOHOSP.NS
2026-02-12 12:15:00+05:30,7540.5,7541.0,7532.0,7536.5,6146,0.0,0.0,APOLLOHOSP.NS
2026-02-12 12:30:00+05:30,7537.0,7570.0,7535.5,7570.0,15812,0.0,0.0,APOLLOHOSP.NS
2026-02-12 12:45:00+05:30,7567.0,7579.5,7561.0,7561.0,18600,0.0,0.0,APOLLOHOSP.NS
2026-02-12 13:00:00+05:30,7555.0,7563.0,7535.5,7537.5,9975,0.0,0.0,APOLLOHOSP.NS
2026-02-12 13:15:00+05:30,7536.0,7556.0,7535.5,7552.5,13134,0.0,0.0,APOLLOHOSP.NS
2026-02-12 13:30:00+05:30,7552.0,7567.0,7550.5,7564.5,6366,0.0,0.0,APOLLOHOSP.NS
2026-02-12 13:45:00+05:30,7566.5,7572.0,7546.5,7556.0,13998,0.0,0.0,APOLLOHOSP.NS
2026-02-12 14:00:00+05:30,7558.5,7562.0,7538.0,7542.5,8044,0.0,0.0,APOLLOHOSP.NS
2026-02-12 14:15:00+05:30,7545.5,7547.0,7532.0,7537.0,15764,0.0,0.0,APOLLOHOSP.NS
2026-02-12 14:30:00+05:30,7539.5,7548.0,7526.5,7527.0,9314,0.0,0.0,APOLLOHOSP.NS
2026-02-12 14:45:00+05:30,7527.0,7537.0,7510.0,7526.0,14130,0.0,0.0,APOLLOHOSP.NS
2026-02-12 15:00:00+05:30,7532.5,7554.5,7532.5,7536.0,27416,0.0,0.0,APOLLOHOSP.NS
2026-02-12 15:15:00+05:30,7536.5,7542.0,7525.0,7539.0,28672,0.0,0.0,APOLLOHOSP.NS
2026-02-13 09:15:00+05:30,7513.0,7537.0,7500.5,7512.5,6010,0.0,0.0,APOLLOHOSP.NS
2026-02-13 09:30:00+05:30,7507.0,7549.0,7506.0,7536.0,20761,0.0,0.0,APOLLOHOSP.NS
2026-02-13 09:45:00+05:30,7542.5,7579.0,7538.5,7574.0,38842,0.0,0.0,APOLLOHOSP.NS
2026-02-13 10:00:00+05:30,7573.5,7576.0,7542.0,7549.5,22472,0.0,0.0,APOLLOHOSP.NS
2026-02-13 10:15:00+05:30,7549.5,7565.0,7529.0,7558.5,23905,0.0,0.0,APOLLOHOSP.NS
2026-02-13 10:30:00+05:30,7558.0,7569.0,7545.0,7563.5,13769,0.0,0.0,APOLLOHOSP.NS
2026-02-13 10:45:00+05:30,7563.5,7587.0,7562.5,7576.5,26628,0.0,0.0,APOLLOHOSP.NS
2026-02-13 11:00:00+05:30,7576.0,7579.5,7558.5,7568.5,8654,0.0,0.0,APOLLOHOSP.NS
2026-02-13 11:15:00+05:30,7568.5,7584.0,7559.0,7584.0,22235,0.0,0.0,APOLLOHOSP.NS
2026-02-13 11:30:00+05:30,7583.5,7594.0,7572.0,7591.0,19090,0.0,0.0,APOLLOHOSP.NS
2026-02-13 11:45:00+05:30,7593.0,7597.5,7576.0,7582.0,16082,0.0,0.0,APOLLOHOSP.NS
2026-02-13 12:00:00+05:30,7583.0,7585.0,7565.0,7579.5,9772,0.0,0.0,APOLLOHOSP.NS
2026-02-13 12:15:00+05:30,7577.5,7586.5,7562.5,7570.0,9119,0.0,0.0,APOLLOHOSP.NS
2026-02-13 12:30:00+05:30,7567.0,7571.0,7545.5,7551.5,15724,0.0,0.0,APOLLOHOSP.NS
2026-02-13 12:45:00+05:30,7551.5,7556.5,7542.5,7543.5,11517,0.0,0.0,APOLLOHOSP.NS
2026-02-13 13:00:00+05:30,7543.5,7564.5,7536.0,7564.5,5672,0.0,0.0,APOLLOHOSP.NS
2026-02-13 13:15:00+05:30,7564.5,7587.0,7560.5,7583.0,14908,0.0,0.0,APOLLOHOSP.NS
2026-02-13 13:30:00+05:30,7582.0,7590.0,7576.5,7588.0,12554,0.0,0.0,APOLLOHOSP.NS
2026-02-13 13:45:00+05:30,7588.0,7588.0,7561.0,7570.0,16712,0.0,0.0,APOLLOHOSP.NS
2026-02-13 14:00:00+05:30,7568.5,7573.5,7559.5,7569.5,9077,0.0,0.0,APOLLOHOSP.NS
2026-02-13 14:15:00+05:30,7570.0,7572.0,7559.5,7566.5,7035,0.0,0.0,APOLLOHOSP.NS
2026-02-13 14:30:00+05:30,7565.0,7567.0,7554.0,7561.5,8518,0.0,0.0,APOLLOHOSP.NS
2026-02-13 14:45:00+05:30,7556.5,7568.0,7554.0,7562.0,16706,0.0,0.0,APOLLOHOSP.NS
2026-02-13 15:00:00+05:30,7563.5,7563.5,7541.5,7549.0,30704,0.0,0.0,APOLLOHOSP.NS
2026-02-13 15:15:00+05:30,7545.5,7552.0,7505.0,7518.0,34291,0.0,0.0,APOLLOHOSP.NS
2026-02-16 09:15:00+05:30,7510.0,7532.0,7502.0,7524.5,7490,10.0,0.0,APOLLOHOSP.NS
2026-02-16 09:30:00+05:30,7523.5,7549.5,7511.0,7512.0,7695,0.0,0.0,APOLLOHOSP.NS
2026-02-16 09:45:00+05:30,7510.0,7530.0,7485.0,7530.0,11149,0.0,0.0,APOLLOHOSP.NS
2026-02-16 10:00:00+05:30,7526.5,7547.0,7521.0,7540.0,15416,0.0,0.0,APOLLOHOSP.NS
2026-02-16 10:15:00+05:30,7547.0,7569.0,7546.0,7550.0,12347,0.0,0.0,APOLLOHOSP.NS
2026-02-16 10:30:00+05:30,7551.5,7556.0,7536.5,7540.0,25900,0.0,0.0,APOLLOHOSP.NS
2026-02-16 10:45:00+05:30,7540.0,7549.5,7531.5,7542.5,21513,0.0,0.0,APOLLOHOSP.NS
2026-02-16 11:00:00+05:30,7542.5,7557.5,7539.0,7547.5,16677,0.0,0.0,APOLLOHOSP.NS
2026-02-16 11:15:00+05:30,7548.0,7552.0,7540.5,7542.5,17190,0.0,0.0,APOLLOHOSP.NS
2026-02-16 11:30:00+05:30,7543.5,7554.5,7536.0,7550.0,45046,0.0,0.0,APOLLOHOSP.NS
2026-02-16 11:45:00+05:30,7547.5,7564.5,7547.5,7564.5,7666,0.0,0.0,APOLLOHOSP.NS
2026-02-16 12:00:00+05:30,7564.5,7569.0,7559.5,7564.5,4458,0.0,0.0,APOLLOHOSP.NS
2026-02-16 12:15:00+05:30,7566.0,7574.0,7559.0,7559.0,4595,0.0,0.0,APOLLOHOSP.NS
2026-02-16 12:30:00+05:30,7561.5,7562.0,7549.5,7551.0,4717,0.0,0.0,APOLLOHOSP.NS
2026-02-16 12:45:00+05:30,7552.0,7563.5,7547.5,7557.5,7123,0.0,0.0,APOLLOHOSP.NS
2026-02-16 13:00:00+05:30,7560.5,7574.0,7557.5,7572.0,5376,0.0,0.0,APOLLOHOSP.NS
2026-02-16 13:15:00+05:30,7572.0,7589.0,7567.5,7575.5,21071,0.0,0.0,APOLLOHOSP.NS
2026-02-16 13:30:00+05:30,7575.5,7608.0,7572.5,7601.5,88930,0.0,0.0,APOLLOHOSP.NS
2026-02-16 13:45:00+05:30,7602.5,7604.0,7593.5,7594.0,13915,0.0,0.0,APOLLOHOSP.NS
2026-02-16 14:00:00+05:30,7595.0,7602.0,7592.5,7602.0,10164,0.0,0.0,APOLLOHOSP.NS
2026-02-16 14:15:00+05:30,7600.0,7606.0,7598.0,7605.5,11478,0.0,0.0,APOLLOHOSP.NS
2026-02-16 14:30:00+05:30,7606.0,7610.0,7600.5,7610.0,13264,0.0,0.0,APOLLOHOSP.NS
2026-02-16 14:45:00+05:30,7609.0,7618.0,7600.0,7615.0,12571,0.0,0.0,APOLLOHOSP.NS
2026-02-16 15:00:00+05:30,7615.5,7630.0,7612.5,7617.5,66993,0.0,0.0,APOLLOHOSP.NS
2026-02-16 15:15:00+05:30,7617.5,7618.5,7581.0,7618.0,31092,0.0,0.0,APOLLOHOSP.NS
2026-02-17 09:15:00+05:30,7590.0,7613.0,7560.5,7579.5,15346,0.0,0.0,APOLLOHOSP.NS
2026-02-17 09:30:00+05:30,7577.0,7594.5,7575.5,7594.5,8150,0.0,0.0,APOLLOHOSP.NS
2026-02-17 09:45:00+05:30,7591.5,7608.0,7588.0,7604.0,183691,0.0,0.0,APOLLOHOSP.NS
2026-02-17 10:00:00+05:30,7604.5,7609.5,7598.5,7605.5,11665,0.0,0.0,APOLLOHOSP.NS
2026-02-17 10:15:00+05:30,7606.0,7607.5,7589.0,7589.0,9635,0.0,0.0,APOLLOHOSP.NS
2026-02-17 10:30:00+05:30,7590.0,7607.0,7581.0,7590.5,32041,0.0,0.0,APOLLOHOSP.NS
2026-02-17 10:45:00+05:30,7590.5,7597.5,7582.0,7595.0,16249,0.0,0.0,APOLLOHOSP.NS
2026-02-17 11:00:00+05:30,7597.5,7600.0,7590.0,7598.0,7353,0.0,0.0,APOLLOHOSP.NS
2026-02-17 11:15:00+05:30,7598.0,7601.5,7595.0,7596.0,12811,0.0,0.0,APOLLOHOSP.NS
2026-02-17 11:30:00+05:30,7594.0,7601.0,7591.5,7598.5,3250,0.0,0.0,APOLLOHOSP.NS
2026-02-17 11:45:00+05:30,7598.5,7600.0,7596.5,7600.0,9395,0.0,0.0,APOLLOHOSP.NS
2026-02-17 12:00:00+05:30,7600.0,7600.0,7594.5,7598.5,2416,0.0,0.0,APOLLOHOSP.NS
2026-02-17 12:15:00+05:30,7598.5,7600.0,7587.0,7590.0,7207,0.0,0.0,APOLLOHOSP.NS
2026-02-17 12:30:00+05:30,7590.0,7600.0,7585.5,7599.0,4722,0.0,0.0,APOLLOHOSP.NS
2026-02-17 12:45:00+05:30,7599.0,7600.0,7594.0,7596.5,2567,0.0,0.0,APOLLOHOSP.NS
2026-02-17 13:00:00+05:30,7598.0,7605.0,7590.5,7605.0,15594,0.0,0.0,APOLLOHOSP.NS
2026-02-17 13:15:00+05:30,7605.0,7612.0,7597.5,7600.0,6674,0.0,0.0,APOLLOHOSP.NS
2026-02-17 13:30:00+05:30,7600.0,7610.0,7600.0,7610.0,27287,0.0,0.0,APOLLOHOSP.NS
2026-02-17 13:45:00+05:30,7610.0,7615.0,7596.0,7596.0,12867,0.0,0.0,APOLLOHOSP.NS
2026-02-17 14:00:00+05:30,7595.5,7609.5,7591.0,7592.0,5203,0.0,0.0,APOLLOHOSP.NS
2026-02-17 14:15:00+05:30,7592.5,7603.5,7587.5,7595.5,59539,0.0,0.0,APOLLOHOSP.NS
2026-02-17 14:30:00+05:30,7595.5,7608.0,7593.5,7597.0,8532,0.0,0.0,APOLLOHOSP.NS
2026-02-17 14:45:00+05:30,7596.5,7600.0,7590.5,7597.5,5065,0.0,0.0,APOLLOHOSP.NS
2026-02-17 15:00:00+05:30,7598.5,7608.0,7598.5,7604.0,14462,0.0,0.0,APOLLOHOSP.NS
2026-02-17 15:15:00+05:30,7605.0,7605.5,7569.0,7571.0,19570,0.0,0.0,APOLLOHOSP.NS
2026-02-18 09:15:00+05:30,7611.5,7638.5,7609.0,7628.0,13643,0.0,0.0,APOLLOHOSP.NS
2026-02-18 09:30:00+05:30,7628.0,7655.0,7614.5,7654.0,100619,0.0,0.0,APOLLOHOSP.NS
2026-02-18 09:45:00+05:30,7654.0,7660.0,7630.5,7635.5,21345,0.0,0.0,APOLLOHOSP.NS
2026-02-18 10:00:00+05:30,7633.0,7636.0,7623.0,7633.0,12096,0.0,0.0,APOLLOHOSP.NS
2026-02-18 10:15:00+05:30,7631.0,7631.5,7603.0,7607.0,8167,0.0,0.0,APOLLOHOSP.NS
2026-02-18 10:30:00+05:30,7607.0,7635.0,7602.5,7634.0,10885,0.0,0.0,APOLLOHOSP.NS
2026-02-18 10:45:00+05:30,7634.0,7656.0,7632.0,7651.5,14554,0.0,0.0,APOLLOHOSP.NS
2026-02-18 11:00:00+05:30,7653.5,7657.0,7649.5,7651.5,6513,0.0,0.0,APOLLOHOSP.NS
2026-02-18 11:15:00+05:30,7651.0,7653.0,7650.0,7650.0,4784,0.0,0.0,APOLLOHOSP.NS
2026-02-18 11:30:00+05:30,7650.0,7654.5,7627.5,7631.0,8694,0.0,0.0,APOLLOHOSP.NS
2026-02-18 11:45:00+05:30,7631.0,7637.5,7627.5,7630.5,6129,0.0,0.0,APOLLOHOSP.NS
2026-02-18 12:00:00+05:30,7630.0,7645.0,7629.5,7643.0,4830,0.0,0.0,APOLLOHOSP.NS
2026-02-18 12:15:00+05:30,7643.0,7649.0,7641.0,7643.5,6894,0.0,0.0,APOLLOHOSP.NS
2026-02-18 12:30:00+05:30,7646.0,7650.0,7643.5,7645.5,2991,0.0,0.0,APOLLOHOSP.NS
2026-02-18 12:45:00+05:30,7646.0,7658.0,7645.0,7655.0,4983,0.0,0.0,APOLLOHOSP.NS
2026-02-18 13:00:00+05:30,7653.5,7660.0,7651.0,7660.0,6956,0.0,0.0,APOLLOHOSP.NS
2026-02-18 13:15:00+05:30,7661.0,7670.0,7658.5,7660.5,25612,0.0,0.0,APOLLOHOSP.NS
2026-02-18 13:30:00+05:30,7662.0,7670.0,7658.5,7660.5,13177,0.0,0.0,APOLLOHOSP.NS
2026-02-18 13:45:00+05:30,7661.5,7669.0,7658.0,7662.0,18851,0.0,0.0,APOLLOHOSP.NS
2026-02-18 14:00:00+05:30,7663.0,7669.5,7644.5,7650.0,6458,0.0,0.0,APOLLOHOSP.NS
2026-02-18 14:15:00+05:30,7652.0,7660.0,7650.0,7655.5,3045,0.0,0.0,APOLLOHOSP.NS
2026-02-18 14:30:00+05:30,7655.5,7656.0,7644.5,7647.0,5171,0.0,0.0,APOLLOHOSP.NS
2026-02-18 14:45:00+05:30,7648.0,7658.0,7641.0,7655.0,7390,0.0,0.0,APOLLOHOSP.NS
2026-02-18 15:00:00+05:30,7657.0,7668.0,7635.5,7637.0,25950,0.0,0.0,APOLLOHOSP.NS
2026-02-18 15:15:00+05:30,7637.0,7652.5,7630.5,7647.5,35811,0.0,0.0,APOLLOHOSP.NS
2026-02-19 09:15:00+05:30,7640.0,7648.0,7590.0,7632.5,5497,0.0,0.0,APOLLOHOSP.NS
2026-02-19 09:30:00+05:30,7632.5,7632.5,7608.5,7616.5,4011,0.0,0.0,APOLLOHOSP.NS
2026-02-19 09:45:00+05:30,7616.5,7622.5,7605.5,7611.5,13645,0.0,0.0,APOLLOHOSP.NS
2026-02-19 10:00:00+05:30,7613.0,7613.5,7600.0,7602.0,3868,0.0,0.0,APOLLOHOSP.NS
2026-02-19 10:15:00+05:30,7601.0,7612.5,7601.0,7608.0,3363,0.0,0.0,APOLLOHOSP.NS
2026-02-19 10:30:00+05:30,7607.5,7617.5,7600.0,7612.5,6285,0.0,0.0,APOLLOHOSP.NS
2026-02-19 10:45:00+05:30,7612.0,7617.0,7607.5,7610.5,1957,0.0,0.0,APOLLOHOSP.NS
2026-02-19 11:00:00+05:30,7613.5,7615.5,7609.0,7610.0,1216,0.0,0.0,APOLLOHOSP.NS
2026-02-19 11:15:00+05:30,7611.0,7624.5,7610.0,7622.0,1827,0.0,0.0,APOLLOHOSP.NS
2026-02-19 11:30:00+05:30,7622.0,7634.5,7617.0,7625.5,2758,0.0,0.0,APOLLOHOSP.NS
2026-02-19 11:45:00+05:30,7629.5,7629.5,7613.5,7621.0,1249,0.0,0.0,APOLLOHOSP.NS
2026-02-19 12:00:00+05:30,7621.5,7623.0,7603.5,7608.5,4140,0.0,0.0,APOLLOHOSP.NS
2026-02-19 12:15:00+05:30,7609.5,7639.0,7603.5,7639.0,3226,0.0,0.0,APOLLOHOSP.NS
2026-02-19 12:30:00+05:30,7636.0,7639.0,7618.0,7628.0,1701,0.0,0.0,APOLLOHOSP.NS
2026-02-19 12:45:00+05:30,7627.0,7627.0,7616.0,7625.0,1022,0.0,0.0,APOLLOHOSP.NS
2026-02-19 13:00:00+05:30,7625.0,7634.0,7615.0,7630.5,4726,0.0,0.0,APOLLOHOSP.NS
2026-02-19 13:15:00+05:30,7630.5,7630.5,7611.0,7614.0,16945,0.0,0.0,APOLLOHOSP.NS
2026-02-19 13:30:00+05:30,7610.5,7613.0,7601.0,7610.5,5916,0.0,0.0,APOLLOHOSP.NS
2026-02-19 13:45:00+05:30,7608.5,7611.0,7601.0,7605.0,3042,0.0,0.0,APOLLOHOSP.NS
2026-02-19 14:00:00+05:30,7604.5,7605.5,7600.0,7604.5,1328,0.0,0.0,APOLLOHOSP.NS
2026-02-19 14:15:00+05:30,7604.5,7612.5,7591.0,7593.5,6065,0.0,0.0,APOLLOHOSP.NS
2026-02-19 14:30:00+05:30,7595.0,7602.5,7590.5,7591.0,5053,0.0,0.0,APOLLOHOSP.NS
2026-02-19 14:45:00+05:30,7590.5,7611.5,7580.5,7605.5,17454,0.0,0.0,APOLLOHOSP.NS
2026-02-19 15:00:00+05:30,7603.5,7604.0,7587.0,7599.0,35505,0.0,0.0,APOLLOHOSP.NS
2026-02-19 15:15:00+05:30,7600.5,7600.5,7551.5,7592.5,26173,0.0,0.0,APOLLOHOSP.NS
2026-02-20 09:15:00+05:30,7551.5,7594.0,7549.5,7552.5,5093,0.0,0.0,APOLLOHOSP.NS
2026-02-20 09:30:00+05:30,7553.0,7578.5,7553.0,7571.5,3825,0.0,0.0,APOLLOHOSP.NS
2026-02-20 09:45:00+05:30,7574.5,7590.5,7571.0,7586.0,4097,0.0,0.0,APOLLOHOSP.NS
2026-02-20 10:00:00+05:30,7586.0,7586.0,7565.5,7568.0,6114,0.0,0.0,APOLLOHOSP.NS
2026-02-20 10:15:00+05:30,7570.5,7585.0,7569.5,7582.0,3323,0.0,0.0,APOLLOHOSP.NS
2026-02-20 10:30:00+05:30,7582.0,7588.5,7577.0,7584.0,4045,0.0,0.0,APOLLOHOSP.NS
2026-02-20 10:45:00+05:30,7584.0,7597.5,7581.0,7590.5,8207,0.0,0.0,APOLLOHOSP.NS
2026-02-20 11:00:00+05:30,7589.5,7593.0,7584.0,7589.5,3806,0.0,0.0,APOLLOHOSP.NS
2026-02-20 11:15:00+05:30,7589.5,7597.0,7585.0,7587.0,2789,0.0,0.0,APOLLOHOSP.NS
2026-02-20 11:30:00+05:30,7586.5,7612.0,7586.5,7609.0,11989,0.0,0.0,APOLLOHOSP.NS
2026-02-20 11:45:00+05:30,7610.0,7615.0,7598.5,7607.0,91705,0.0,0.0,APOLLOHOSP.NS
2026-02-20 12:00:00+05:30,7607.0,7607.0,7593.5,7596.0,2392,0.0,0.0,APOLLOHOSP.NS
2026-02-20 12:15:00+05:30,7596.0,7603.5,7594.5,7598.5,2994,0.0,0.0,APOLLOHOSP.NS
2026-02-20 12:30:00+05:30,7598.5,7602.0,7593.5,7595.5,2478,0.0,0.0,APOLLOHOSP.NS
2026-02-20 12:45:00+05:30,7594.0,7599.5,7590.0,7595.0,5449,0.0,0.0,APOLLOHOSP.NS
2026-02-20 13:00:00+05:30,7595.0,7601.0,7591.5,7595.0,1618,0.0,0.0,APOLLOHOSP.NS
2026-02-20 13:15:00+05:30,7595.0,7603.5,7591.0,7602.0,3777,0.0,0.0,APOLLOHOSP.NS
2026-02-20 13:30:00+05:30,7602.0,7604.5,7596.5,7601.0,4616,0.0,0.0,APOLLOHOSP.NS
2026-02-20 13:45:00+05:30,7603.5,7625.0,7601.0,7623.0,10179,0.0,0.0,APOLLOHOSP.NS
2026-02-20 14:00:00+05:30,7622.5,7627.5,7617.0,7622.5,5570,0.0,0.0,APOLLOHOSP.NS
2026-02-20 14:15:00+05:30,7622.5,7635.0,7622.0,7628.5,4086,0.0,0.0,APOLLOHOSP.NS
2026-02-20 14:30:00+05:30,7626.5,7630.0,7615.0,7630.0,3259,0.0,0.0,APOLLOHOSP.NS
2026-02-20 14:45:00+05:30,7629.5,7630.5,7616.0,7626.5,3329,0.0,0.0,APOLLOHOSP.NS
2026-02-20 15:00:00+05:30,7630.5,7633.5,7617.0,7623.0,24412,0.0,0.0,APOLLOHOSP.NS
2026-02-20 15:15:00+05:30,7622.0,7622.0,7590.0,7615.5,24323,0.0,0.0,APOLLOHOSP.NS
2026-02-23 09:15:00+05:30,7677.0,7677.0,7631.0,7650.0,5313,0.0,0.0,APOLLOHOSP.NS
2026-02-23 09:30:00+05:30,7649.5,7656.5,7626.5,7650.5,8449,0.0,0.0,APOLLOHOSP.NS
2026-02-23 09:45:00+05:30,7647.5,7655.0,7636.0,7644.0,8594,0.0,0.0,APOLLOHOSP.NS
2026-02-23 10:00:00+05:30,7644.0,7658.0,7644.0,7653.5,7186,0.0,0.0,APOLLOHOSP.NS
2026-02-23 10:15:00+05:30,7650.0,7661.0,7648.0,7659.5,8310,0.0,0.0,APOLLOHOSP.NS
2026-02-23 10:30:00+05:30,7659.5,7664.5,7645.5,7648.0,24883,0.0,0.0,APOLLOHOSP.NS
2026-02-23 10:45:00+05:30,7648.0,7659.5,7644.5,7651.0,36410,0.0,0.0,APOLLOHOSP.NS
2026-02-23 11:00:00+05:30,7654.0,7671.0,7651.0,7670.0,8881,0.0,0.0,APOLLOHOSP.NS
2026-02-23 11:15:00+05:30,7669.0,7672.0,7660.0,7663.5,6164,0.0,0.0,APOLLOHOSP.NS
2026-02-23 11:30:00+05:30,7663.5,7668.0,7650.0,7658.0,18300,0.0,0.0,APOLLOHOSP.NS
2026-02-23 11:45:00+05:30,7656.0,7657.5,7635.5,7641.0,9797,0.0,0.0,APOLLOHOSP.NS
2026-02-23 12:00:00+05:30,7639.0,7661.5,7632.5,7654.5,13472,0.0,0.0,APOLLOHOSP.NS
2026-02-23 12:15:00+05:30,7654.5,7662.5,7650.5,7651.0,10739,0.0,0.0,APOLLOHOSP.NS
2026-02-23 12:30:00+05:30,7653.5,7663.0,7645.0,7662.0,12859,0.0,0.0,APOLLOHOSP.NS
2026-02-23 12:45:00+05:30,7662.0,7665.5,7656.0,7661.0,7098,0.0,0.0,APOLLOHOSP.NS
2026-02-23 13:00:00+05:30,7661.5,7663.5,7652.0,7659.5,9033,0.0,0.0,APOLLOHOSP.NS
2026-02-23 13:15:00+05:30,7659.5,7666.0,7656.5,7666.0,7709,0.0,0.0,APOLLOHOSP.NS
2026-02-23 13:30:00+05:30,7667.0,7670.0,7660.0,7669.5,13089,0.0,0.0,APOLLOHOSP.NS
2026-02-23 13:45:00+05:30,7669.0,7679.0,7661.0,7664.5,9868,0.0,0.0,APOLLOHOSP.NS
2026-02-23 14:00:00+05:30,7664.0,7666.5,7649.5,7659.5,16143,0.0,0.0,APOLLOHOSP.NS
2026-02-23 14:15:00+05:30,7658.0,7665.0,7651.0,7661.5,10539,0.0,0.0,APOLLOHOSP.NS
2026-02-23 14:30:00+05:30,7661.5,7670.0,7650.5,7657.5,10366,0.0,0.0,APOLLOHOSP.NS
2026-02-23 14:45:00+05:30,7657.0,7672.5,7654.5,7671.0,19691,0.0,0.0,APOLLOHOSP.NS
2026-02-23 15:00:00+05:30,7669.0,7697.0,7669.0,7691.5,47542,0.0,0.0,APOLLOHOSP.NS
2026-02-23 15:15:00+05:30,7691.5,7707.0,7685.5,7693.0,52662,0.0,0.0,APOLLOHOSP.NS
2026-02-24 09:15:00+05:30,7663.5,7718.0,7663.5,7691.0,13752,0.0,0.0,APOLLOHOSP.NS
2026-02-24 09:30:00+05:30,7691.0,7694.0,7676.0,7688.5,12049,0.0,0.0,APOLLOHOSP.NS
2026-02-24 09:45:00+05:30,7688.5,7710.0,7688.0,7709.0,15331,0.0,0.0,APOLLOHOSP.NS
2026-02-24 10:00:00+05:30,7708.5,7709.5,7698.0,7702.0,10817,0.0,0.0,APOLLOHOSP.NS
2026-02-24 10:15:00+05:30,7704.5,7711.5,7701.5,7710.0,8490,0.0,0.0,APOLLOHOSP.NS
2026-02-24 10:30:00+05:30,7709.5,7714.5,7706.0,7706.0,6459,0.0,0.0,APOLLOHOSP.NS
2026-02-24 10:45:00+05:30,7703.0,7708.0,7701.0,7706.5,5540,0.0,0.0,APOLLOHOSP.NS
2026-02-24 11:00:00+05:30,7709.0,7709.0,7700.0,7704.0,5908,0.0,0.0,APOLLOHOSP.NS
2026-02-24 11:15:00+05:30,7704.0,7710.0,7698.0,7709.5,3378,0.0,0.0,APOLLOHOSP.NS
2026-02-24 11:30:00+05:30,7709.0,7716.5,7703.5,7712.0,17626,0.0,0.0,APOLLOHOSP.NS
2026-02-24 11:45:00+05:30,7711.5,7713.5,7687.5,7688.0,11898,0.0,0.0,APOLLOHOSP.NS
2026-02-24 12:00:00+05:30,7687.5,7691.5,7677.5,7691.5,8091,0.0,0.0,APOLLOHOSP.NS
2026-02-24 12:15:00+05:30,7690.5,7690.5,7679.0,7685.5,6200,0.0,0.0,APOLLOHOSP.NS
2026-02-24 12:30:00+05:30,7685.5,7706.0,7678.5,7700.0,31287,0.0,0.0,APOLLOHOSP.NS
2026-02-24 12:45:00+05:30,7704.5,7710.0,7700.5,7705.5,9895,0.0,0.0,APOLLOHOSP.NS
2026-02-24 13:00:00+05:30,7703.5,7710.0,7699.5,7710.0,9428,0.0,0.0,APOLLOHOSP.NS
2026-02-24 13:15:00+05:30,7710.0,7710.0,7699.0,7701.0,10115,0.0,0.0,APOLLOHOSP.NS
2026-02-24 13:30:00+05:30,7701.0,7705.5,7686.5,7693.0,28407,0.0,0.0,APOLLOHOSP.NS
2026-02-24 13:45:00+05:30,7693.0,7709.0,7692.5,7709.0,10809,0.0,0.0,APOLLOHOSP.NS
2026-02-24 14:00:00+05:30,7709.5,7710.0,7691.0,7699.0,9667,0.0,0.0,APOLLOHOSP.NS
2026-02-24 14:15:00+05:30,7700.0,7706.5,7691.0,7694.0,19604,0.0,0.0,APOLLOHOSP.NS
2026-02-24 14:30:00+05:30,7697.5,7699.0,7678.5,7680.0,10073,0.0,0.0,APOLLOHOSP.NS
2026-02-24 14:45:00+05:30,7680.0,7726.0,7680.0,7721.0,15391,0.0,0.0,APOLLOHOSP.NS
2026-02-24 15:00:00+05:30,7724.0,7729.5,7711.0,7719.0,35790,0.0,0.0,APOLLOHOSP.NS
2026-02-24 15:15:00+05:30,7719.0,7724.5,7705.5,7710.5,33341,0.0,0.0,APOLLOHOSP.NS
2026-02-25 09:15:00+05:30,7759.0,7768.5,7714.0,7736.0,8253,0.0,0.0,APOLLOHOSP.NS
2026-02-25 09:30:00+05:30,7739.0,7739.0,7720.5,7720.5,6345,0.0,0.0,APOLLOHOSP.NS
2026-02-25 09:45:00+05:30,7721.5,7767.0,7721.5,7766.5,11640,0.0,0.0,APOLLOHOSP.NS
2026-02-25 10:00:00+05:30,7767.0,7779.0,7762.0,7775.0,13948,0.0,0.0,APOLLOHOSP.NS
2026-02-25 10:15:00+05:30,7775.0,7782.0,7770.0,7779.0,14877,0.0,0.0,APOLLOHOSP.NS
2026-02-25 10:30:00+05:30,7779.0,7780.0,7761.0,7769.5,7321,0.0,0.0,APOLLOHOSP.NS
2026-02-25 10:45:00+05:30,7766.5,7768.5,7751.5,7753.5,6740,0.0,0.0,APOLLOHOSP.NS
2026-02-25 11:00:00+05:30,7755.0,7759.0,7741.5,7745.5,13203,0.0,0.0,APOLLOHOSP.NS
2026-02-25 11:15:00+05:30,7748.5,7750.0,7735.0,7741.5,5394,0.0,0.0,APOLLOHOSP.NS
2026-02-25 11:30:00+05:30,7741.5,7749.5,7737.0,7739.5,4732,0.0,0.0,APOLLOHOSP.NS
2026-02-25 11:45:00+05:30,7743.5,7770.5,7743.5,7764.5,10497,0.0,0.0,APOLLOHOSP.NS
2026-02-25 12:00:00+05:30,7764.5,7787.0,7761.0,7771.5,16798,0.0,0.0,APOLLOHOSP.NS
2026-02-25 12:15:00+05:30,7770.0,7778.0,7770.0,7772.5,6062,0.0,0.0,APOLLOHOSP.NS
2026-02-25 12:30:00+05:30,7773.0,7776.5,7755.0,7755.0,16154,0.0,0.0,APOLLOHOSP.NS
2026-02-25 12:45:00+05:30,7752.5,7770.0,7746.0,7761.5,22896,0.0,0.0,APOLLOHOSP.NS
2026-02-25 13:00:00+05:30,7761.5,7769.0,7747.0,7769.0,55234,0.0,0.0,APOLLOHOSP.NS
2026-02-25 13:15:00+05:30,7768.5,7780.5,7758.0,7763.5,12077,0.0,0.0,APOLLOHOSP.NS
2026-02-25 13:30:00+05:30,7763.5,7781.5,7763.5,7773.5,5474,0.0,0.0,APOLLOHOSP.NS
2026-02-25 13:45:00+05:30,7774.0,7778.0,7770.0,7772.0,3339,0.0,0.0,APOLLOHOSP.NS
2026-02-25 14:00:00+05:30,7774.0,7778.0,7768.0,7776.0,4838,0.0,0.0,APOLLOHOSP.NS
2026-02-25 14:15:00+05:30,7775.0,7781.5,7772.0,7773.5,4116,0.0,0.0,APOLLOHOSP.NS
2026-02-25 14:30:00+05:30,7775.0,7779.0,7759.5,7768.0,19413,0.0,0.0,APOLLOHOSP.NS
2026-02-25 14:45:00+05:30,7768.5,7768.5,7748.5,7766.0,10703,0.0,0.0,APOLLOHOSP.NS
2026-02-25 15:00:00+05:30,7766.0,7798.5,7766.0,7782.5,40209,0.0,0.0,APOLLOHOSP.NS
2026-02-25 15:15:00+05:30,7781.0,7784.0,7765.0,7781.0,42731,0.0,0.0,APOLLOHOSP.NS
2026-02-26 09:15:00+05:30,7781.5,7800.0,7771.5,7788.5,9599,0.0,0.0,APOLLOHOSP.NS
2026-02-26 09:30:00+05:30,7789.5,7795.0,7782.0,7788.5,7711,0.0,0.0,APOLLOHOSP.NS
2026-02-26 09:45:00+05:30,7789.5,7827.5,7789.0,7820.0,12873,0.0,0.0,APOLLOHOSP.NS
2026-02-26 10:00:00+05:30,7821.5,7821.5,7803.0,7805.5,4952,0.0,0.0,APOLLOHOSP.NS
2026-02-26 10:15:00+05:30,7806.0,7809.5,7767.0,7767.0,14695,0.0,0.0,APOLLOHOSP.NS
2026-02-26 10:30:00+05:30,7766.0,7785.0,7765.0,7780.0,6316,0.0,0.0,APOLLOHOSP.NS
2026-02-26 10:45:00+05:30,7780.0,7785.0,7771.5,7777.0,29519,0.0,0.0,APOLLOHOSP.NS
2026-02-26 11:00:00+05:30,7774.0,7783.5,7774.0,7781.0,54129,0.0,0.0,APOLLOHOSP.NS
2026-02-26 11:15:00+05:30,7780.0,7784.0,7777.0,7780.0,7861,0.0,0.0,APOLLOHOSP.NS
2026-02-26 11:30:00+05:30,7780.0,7780.0,7740.0,7745.5,8967,0.0,0.0,APOLLOHOSP.NS
2026-02-26 11:45:00+05:30,7745.5,7748.5,7731.0,7731.0,5948,0.0,0.0,APOLLOHOSP.NS
2026-02-26 12:00:00+05:30,7730.5,7755.0,7729.0,7755.0,5155,0.0,0.0,APOLLOHOSP.NS
2026-02-26 12:15:00+05:30,7751.5,7756.5,7737.0,7740.0,3300,0.0,0.0,APOLLOHOSP.NS
2026-02-26 12:30:00+05:30,7741.0,7754.0,7738.5,7746.0,2443,0.0,0.0,APOLLOHOSP.NS
2026-02-26 12:45:00+05:30,7745.5,7753.5,7736.0,7745.5,3117,0.0,0.0,APOLLOHOSP.NS
2026-02-26 13:00:00+05:30,7745.5,7765.0,7745.0,7756.0,2218,0.0,0.0,APOLLOHOSP.NS
2026-02-26 13:15:00+05:30,7756.5,7768.0,7748.0,7764.0,81038,0.0,0.0,APOLLOHOSP.NS
2026-02-26 13:30:00+05:30,7763.5,7764.0,7755.0,7757.0,1501,0.0,0.0,APOLLOHOSP.NS
2026-02-26 13:45:00+05:30,7756.0,7757.0,7739.5,7747.5,5728,0.0,0.0,APOLLOHOSP.NS
2026-02-26 14:00:00+05:30,7748.0,7758.5,7739.5,7757.0,5078,0.0,0.0,APOLLOHOSP.NS
2026-02-26 14:15:00+05:30,7757.0,7761.5,7748.0,7759.0,5142,0.0,0.0,APOLLOHOSP.NS
2026-02-26 14:30:00+05:30,7759.5,7761.5,7748.0,7761.5,2092,0.0,0.0,APOLLOHOSP.NS
2026-02-26 14:45:00+05:30,7761.0,7774.5,7751.5,7765.0,14603,0.0,0.0,APOLLOHOSP.NS
2026-02-26 15:00:00+05:30,7767.0,7778.5,7759.5,7770.5,29272,0.0,0.0,APOLLOHOSP.NS
2026-02-26 15:15:00+05:30,7770.0,7795.0,7770.0,7775.0,36302,0.0,0.0,APOLLOHOSP.NS
2026-02-27 09:15:00+05:30,7755.0,7817.0,7740.0,7788.5,8011,0.0,0.0,APOLLOHOSP.NS
2026-02-27 09:30:00+05:30,7794.5,7802.5,7787.5,7791.5,15980,0.0,0.0,APOLLOHOSP.NS
2026-02-27 09:45:00+05:30,7791.5,7811.5,7788.5,7798.0,7506,0.0,0.0,APOLLOHOSP.NS
2026-02-27 10:00:00+05:30,7798.0,7812.0,7794.0,7806.0,6304,0.0,0.0,APOLLOHOSP.NS
2026-02-27 10:15:00+05:30,7807.0,7816.0,7797.5,7816.0,6182,0.0,0.0,APOLLOHOSP.NS
2026-02-27 10:30:00+05:30,7816.0,7834.0,7802.0,7806.0,144070,0.0,0.0,APOLLOHOSP.NS
2026-02-27 10:45:00+05:30,7806.0,7811.0,7795.0,7800.5,17485,0.0,0.0,APOLLOHOSP.NS
2026-02-27 11:00:00+05:30,7801.0,7810.0,7798.0,7807.5,3438,0.0,0.0,APOLLOHOSP.NS
2026-02-27 11:15:00+05:30,7808.0,7809.5,7798.5,7800.5,5022,0.0,0.0,APOLLOHOSP.NS
2026-02-27 11:30:00+05:30,7799.0,7810.5,7796.0,7810.5,11213,0.0,0.0,APOLLOHOSP.NS
2026-02-27 11:45:00+05:30,7808.5,7828.0,7808.5,7827.0,45916,0.0,0.0,APOLLOHOSP.NS
2026-02-27 12:00:00+05:30,7825.0,7825.5,7800.0,7803.0,16078,0.0,0.0,APOLLOHOSP.NS
2026-02-27 12:15:00+05:30,7802.0,7834.5,7797.5,7829.5,9094,0.0,0.0,APOLLOHOSP.NS
2026-02-27 12:30:00+05:30,7828.5,7844.0,7817.5,7844.0,17043,0.0,0.0,APOLLOHOSP.NS
2026-02-27 12:45:00+05:30,7843.5,7864.5,7843.5,7858.5,23514,0.0,0.0,APOLLOHOSP.NS
2026-02-27 13:00:00+05:30,7858.0,7866.0,7852.0,7864.0,16106,0.0,0.0,APOLLOHOSP.NS
2026-02-27 13:15:00+05:30,7864.0,7869.5,7848.5,7853.5,19715,0.0,0.0,APOLLOHOSP.NS
2026-02-27 13:30:00+05:30,7854.0,7854.0,7843.5,7849.5,14631,0.0,0.0,APOLLOHOSP.NS
2026-02-27 13:45:00+05:30,7848.5,7857.5,7845.0,7852.5,10910,0.0,0.0,APOLLOHOSP.NS
2026-02-27 14:00:00+05:30,7852.5,7855.0,7850.0,7852.5,7294,0.0,0.0,APOLLOHOSP.NS
2026-02-27 14:15:00+05:30,7852.5,7857.0,7840.0,7842.5,15687,0.0,0.0,APOLLOHOSP.NS
2026-02-27 14:30:00+05:30,7841.5,7856.0,7841.5,7850.0,12761,0.0,0.0,APOLLOHOSP.NS
2026-02-27 14:45:00+05:30,7849.5,7853.0,7830.5,7848.5,24888,0.0,0.0,APOLLOHOSP.NS
2026-02-27 15:00:00+05:30,7848.5,7850.0,7810.0,7826.0,107685,0.0,0.0,APOLLOHOSP.NS
2026-02-27 15:15:00+05:30,7825.5,7830.0,7808.5,7818.0,107422,0.0,0.0,APOLLOHOSP.NS
2026-03-02 09:15:00+05:30,7651.5,7775.5,7651.5,7710.5,13647,0.0,0.0,APOLLOHOSP.NS
2026-03-02 09:30:00+05:30,7714.5,7743.5,7703.0,7718.5,16418,0.0,0.0,APOLLOHOSP.NS
2026-03-02 09:45:00+05:30,7716.5,7731.5,7692.0,7710.0,16341,0.0,0.0,APOLLOHOSP.NS
2026-03-02 10:00:00+05:30,7709.5,7713.0,7692.5,7701.5,5391,0.0,0.0,APOLLOHOSP.NS
2026-03-02 10:15:00+05:30,7706.0,7707.0,7693.0,7705.5,7274,0.0,0.0,APOLLOHOSP.NS
2026-03-02 10:30:00+05:30,7703.5,7715.5,7691.0,7694.0,6604,0.0,0.0,APOLLOHOSP.NS
2026-03-02 10:45:00+05:30,7694.5,7722.0,7694.0,7720.5,5020,0.0,0.0,APOLLOHOSP.NS
2026-03-02 11:00:00+05:30,7720.5,7724.5,7711.0,7721.0,3032,0.0,0.0,APOLLOHOSP.NS
2026-03-02 11:15:00+05:30,7720.5,7725.0,7711.0,7718.0,3534,0.0,0.0,APOLLOHOSP.NS
2026-03-02 11:30:00+05:30,7718.0,7730.5,7712.0,7728.0,5298,0.0,0.0,APOLLOHOSP.NS
2026-03-02 11:45:00+05:30,7730.5,7752.0,7721.0,7725.0,13768,0.0,0.0,APOLLOHOSP.NS
2026-03-02 12:00:00+05:30,7728.5,7733.5,7720.0,7721.5,6093,0.0,0.0,APOLLOHOSP.NS
2026-03-02 12:15:00+05:30,7720.0,7735.0,7720.0,7734.5,10637,0.0,0.0,APOLLOHOSP.NS
2026-03-02 12:30:00+05:30,7734.5,7744.0,7730.0,7730.0,8161,0.0,0.0,APOLLOHOSP.NS
2026-03-02 12:45:00+05:30,7733.5,7740.0,7711.0,7721.0,13867,0.0,0.0,APOLLOHOSP.NS
2026-03-02 13:00:00+05:30,7720.0,7731.5,7711.5,7731.0,10593,0.0,0.0,APOLLOHOSP.NS
2026-03-02 13:15:00+05:30,7731.0,7737.0,7717.5,7719.0,34248,0.0,0.0,APOLLOHOSP.NS
2026-03-02 13:30:00+05:30,7719.0,7729.0,7714.5,7722.0,10636,0.0,0.0,APOLLOHOSP.NS
2026-03-02 13:45:00+05:30,7722.5,7727.0,7695.0,7700.0,11487,0.0,0.0,APOLLOHOSP.NS
2026-03-02 14:00:00+05:30,7700.0,7760.0,7691.5,7758.0,26376,0.0,0.0,APOLLOHOSP.NS
2026-03-02 14:15:00+05:30,7757.0,7771.5,7728.0,7733.0,10372,0.0,0.0,APOLLOHOSP.NS
2026-03-02 14:30:00+05:30,7732.5,7797.0,7732.0,7792.5,14832,0.0,0.0,APOLLOHOSP.NS
2026-03-02 14:45:00+05:30,7792.5,7808.5,7781.0,7783.0,36802,0.0,0.0,APOLLOHOSP.NS
2026-03-02 15:00:00+05:30,7784.5,7805.0,7776.0,7805.0,72123,0.0,0.0,APOLLOHOSP.NS
2026-03-02 15:15:00+05:30,7804.0,7819.0,7755.5,7791.5,132906,0.0,0.0,APOLLOHOSP.NS
2026-03-04 09:15:00+05:30,7660.0,7680.0,7588.5,7600.0,23362,0.0,0.0,APOLLOHOSP.NS
2026-03-04 09:30:00+05:30,7598.0,7624.0,7580.0,7606.0,36094,0.0,0.0,APOLLOHOSP.NS
2026-03-04 09:45:00+05:30,7608.5,7614.5,7563.5,7566.0,27769,0.0,0.0,APOLLOHOSP.NS
2026-03-04 10:00:00+05:30,7563.5,7563.5,7540.0,7556.5,13737,0.0,0.0,APOLLOHOSP.NS
2026-03-04 10:15:00+05:30,7557.0,7588.0,7553.0,7582.5,11503,0.0,0.0,APOLLOHOSP.NS
2026-03-04 10:30:00+05:30,7585.5,7596.0,7578.0,7583.0,5299,0.0,0.0,APOLLOHOSP.NS
2026-03-04 10:45:00+05:30,7584.0,7596.0,7558.0,7558.0,4831,0.0,0.0,APOLLOHOSP.NS
2026-03-04 11:00:00+05:30,7555.0,7574.5,7550.5,7570.0,7056,0.0,0.0,APOLLOHOSP.NS
2026-03-04 11:15:00+05:30,7570.0,7570.0,7527.0,7527.0,12220,0.0,0.0,APOLLOHOSP.NS
2026-03-04 11:30:00+05:30,7527.5,7540.5,7521.5,7524.0,11679,0.0,0.0,APOLLOHOSP.NS
2026-03-04 11:45:00+05:30,7521.0,7538.0,7509.0,7515.0,16035,0.0,0.0,APOLLOHOSP.NS
2026-03-04 12:00:00+05:30,7515.5,7523.0,7493.5,7497.5,11036,0.0,0.0,APOLLOHOSP.NS
2026-03-04 12:15:00+05:30,7500.0,7502.5,7486.0,7487.0,10916,0.0,0.0,APOLLOHOSP.NS
2026-03-04 12:30:00+05:30,7486.5,7501.5,7477.0,7496.5,16086,0.0,0.0,APOLLOHOSP.NS
2026-03-04 12:45:00+05:30,7499.0,7521.0,7497.0,7515.0,10062,0.0,0.0,APOLLOHOSP.NS
2026-03-04 13:00:00+05:30,7516.5,7527.0,7503.5,7526.5,10224,0.0,0.0,APOLLOHOSP.NS
2026-03-04 13:15:00+05:30,7525.0,7526.5,7514.0,7515.0,11189,0.0,0.0,APOLLOHOSP.NS
2026-03-04 13:30:00+05:30,7515.5,7537.0,7515.0,7528.5,7885,0.0,0.0,APOLLOHOSP.NS
2026-03-04 13:45:00+05:30,7528.0,7534.0,7516.0,7525.0,9871,0.0,0.0,APOLLOHOSP.NS
2026-03-04 14:00:00+05:30,7525.0,7556.5,7525.0,7556.5,8839,0.0,0.0,APOLLOHOSP.NS
2026-03-04 14:15:00+05:30,7555.5,7588.0,7543.0,7582.5,11646,0.0,0.0,APOLLOHOSP.NS
2026-03-04 14:30:00+05:30,7582.0,7648.5,7578.5,7642.0,39129,0.0,0.0,APOLLOHOSP.NS
2026-03-04 14:45:00+05:30,7641.0,7701.5,7630.0,7699.5,70211,0.0,0.0,APOLLOHOSP.NS
2026-03-04 15:00:00+05:30,7696.0,7696.5,7642.0,7645.5,95901,0.0,0.0,APOLLOHOSP.NS
2026-03-04 15:15:00+05:30,7645.0,7715.0,7645.0,7666.0,106328,0.0,0.0,APOLLOHOSP.NS
2026-03-05 09:15:00+05:30,7700.5,7740.5,7680.0,7706.0,6994,0.0,0.0,APOLLOHOSP.NS
2026-03-05 09:30:00+05:30,7708.0,7769.5,7700.0,7735.5,26859,0.0,0.0,APOLLOHOSP.NS
2026-03-05 09:45:00+05:30,7737.5,7766.0,7724.5,7764.0,9165,0.0,0.0,APOLLOHOSP.NS
2026-03-05 10:00:00+05:30,7765.0,7769.0,7720.0,7720.0,14580,0.0,0.0,APOLLOHOSP.NS
2026-03-05 10:15:00+05:30,7720.0,7720.5,7678.0,7684.5,8341,0.0,0.0,APOLLOHOSP.NS
2026-03-05 10:30:00+05:30,7687.5,7698.5,7672.5,7688.0,13110,0.0,0.0,APOLLOHOSP.NS
2026-03-05 10:45:00+05:30,7688.0,7688.5,7672.5,7673.5,3622,0.0,0.0,APOLLOHOSP.NS
2026-03-05 11:00:00+05:30,7677.0,7679.5,7663.0,7664.0,9789,0.0,0.0,APOLLOHOSP.NS
2026-03-05 11:15:00+05:30,7665.5,7683.0,7658.5,7661.5,7975,0.0,0.0,APOLLOHOSP.NS
2026-03-05 11:30:00+05:30,7671.0,7689.0,7659.5,7666.5,9859,0.0,0.0,APOLLOHOSP.NS
2026-03-05 11:45:00+05:30,7666.5,7678.5,7640.0,7640.0,14100,0.0,0.0,APOLLOHOSP.NS
2026-03-05 12:00:00+05:30,7644.0,7654.5,7635.0,7648.0,19036,0.0,0.0,APOLLOHOSP.NS
2026-03-05 12:15:00+05:30,7648.0,7677.0,7642.0,7666.5,17632,0.0,0.0,APOLLOHOSP.NS
2026-03-05 12:30:00+05:30,7668.0,7700.0,7667.5,7700.0,19167,0.0,0.0,APOLLOHOSP.NS
2026-03-05 12:45:00+05:30,7704.0,7720.0,7694.5,7701.5,12230,0.0,0.0,APOLLOHOSP.NS
2026-03-05 13:00:00+05:30,7702.5,7706.0,7686.0,7689.5,8014,0.0,0.0,APOLLOHOSP.NS
2026-03-05 13:15:00+05:30,7689.5,7699.0,7675.0,7699.0,16379,0.0,0.0,APOLLOHOSP.NS
2026-03-05 13:30:00+05:30,7699.0,7712.5,7682.0,7706.0,7101,0.0,0.0,APOLLOHOSP.NS
2026-03-05 13:45:00+05:30,7706.0,7706.0,7685.0,7688.5,7000,0.0,0.0,APOLLOHOSP.NS
2026-03-05 14:00:00+05:30,7688.5,7691.5,7683.5,7685.5,8429,0.0,0.0,APOLLOHOSP.NS
2026-03-05 14:15:00+05:30,7685.5,7702.5,7684.0,7697.5,14292,0.0,0.0,APOLLOHOSP.NS
2026-03-05 14:30:00+05:30,7700.5,7753.0,7700.0,7745.5,21363,0.0,0.0,APOLLOHOSP.NS
2026-03-05 14:45:00+05:30,7746.5,7796.5,7735.5,7786.5,33338,0.0,0.0,APOLLOHOSP.NS
2026-03-05 15:00:00+05:30,7792.0,7792.5,7756.0,7761.5,53918,0.0,0.0,APOLLOHOSP.NS
2026-03-05 15:15:00+05:30,7758.0,7792.5,7758.0,7792.5,61009,0.0,0.0,APOLLOHOSP.NS
2026-03-06 09:15:00+05:30,7755.0,7781.0,7735.0,7776.5,5022,0.0,0.0,APOLLOHOSP.NS
2026-03-06 09:30:00+05:30,7775.5,7777.0,7755.5,7765.5,6262,0.0,0.0,APOLLOHOSP.NS
2026-03-06 09:45:00+05:30,7765.5,7765.5,7733.0,7735.5,6850,0.0,0.0,APOLLOHOSP.NS
2026-03-06 10:00:00+05:30,7736.5,7756.5,7735.5,7754.5,3874,0.0,0.0,APOLLOHOSP.NS
2026-03-06 10:15:00+05:30,7754.5,7766.5,7754.5,7759.5,2583,0.0,0.0,APOLLOHOSP.NS
2026-03-06 10:30:00+05:30,7757.0,7758.5,7736.0,7737.5,4976,0.0,0.0,APOLLOHOSP.NS
2026-03-06 10:45:00+05:30,7737.0,7740.0,7716.5,7729.5,10768,0.0,0.0,APOLLOHOSP.NS
2026-03-06 11:00:00+05:30,7731.5,7748.5,7719.5,7725.5,6281,0.0,0.0,APOLLOHOSP.NS
2026-03-06 11:15:00+05:30,7725.5,7728.0,7710.0,7727.5,5608,0.0,0.0,APOLLOHOSP.NS
2026-03-06 11:30:00+05:30,7727.5,7745.0,7723.0,7730.5,3856,0.0,0.0,APOLLOHOSP.NS
2026-03-06 11:45:00+05:30,7729.5,7741.5,7726.0,7730.5,4600,0.0,0.0,APOLLOHOSP.NS
2026-03-06 12:00:00+05:30,7730.5,7730.5,7702.0,7706.0,8735,0.0,0.0,APOLLOHOSP.NS
2026-03-06 12:15:00+05:30,7706.0,7713.5,7690.5,7698.0,5000,0.0,0.0,APOLLOHOSP.NS
2026-03-06 12:30:00+05:30,7698.0,7703.5,7671.5,7687.0,7920,0.0,0.0,APOLLOHOSP.NS
2026-03-06 12:45:00+05:30,7687.0,7690.0,7669.5,7683.0,4637,0.0,0.0,APOLLOHOSP.NS
2026-03-06 13:00:00+05:30,7683.5,7692.5,7681.0,7688.5,2947,0.0,0.0,APOLLOHOSP.NS
2026-03-06 13:15:00+05:30,7688.0,7691.5,7680.0,7691.5,3647,0.0,0.0,APOLLOHOSP.NS
2026-03-06 13:30:00+05:30,7691.5,7698.0,7679.5,7693.5,4246,0.0,0.0,APOLLOHOSP.NS
2026-03-06 13:45:00+05:30,7693.0,7707.5,7685.5,7702.5,6957,0.0,0.0,APOLLOHOSP.NS
2026-03-06 14:00:00+05:30,7704.0,7730.0,7701.5,7727.0,4044,0.0,0.0,APOLLOHOSP.NS
2026-03-06 14:15:00+05:30,7726.5,7744.5,7723.0,7742.0,7152,0.0,0.0,APOLLOHOSP.NS
2026-03-06 14:30:00+05:30,7740.0,7742.0,7714.0,7719.0,10255,0.0,0.0,APOLLOHOSP.NS
2026-03-06 14:45:00+05:30,7719.0,7746.0,7708.0,7725.0,29444,0.0,0.0,APOLLOHOSP.NS
2026-03-06 15:00:00+05:30,7725.0,7735.5,7719.0,7726.0,32624,0.0,0.0,APOLLOHOSP.NS
2026-03-06 15:15:00+05:30,7726.0,7742.0,7713.5,7735.0,24299,0.0,0.0,APOLLOHOSP.NS
2026-03-09 09:15:00+05:30,7628.0,7631.5,7565.0,7573.0,15620,0.0,0.0,APOLLOHOSP.NS
2026-03-09 09:30:00+05:30,7574.5,7602.5,7569.5,7595.5,25040,0.0,0.0,APOLLOHOSP.NS
2026-03-09 09:45:00+05:30,7595.5,7646.5,7585.0,7627.0,16337,0.0,0.0,APOLLOHOSP.NS
2026-03-09 10:00:00+05:30,7627.0,7636.5,7611.0,7626.5,3515,0.0,0.0,APOLLOHOSP.NS
2026-03-09 10:15:00+05:30,7623.0,7623.0,7579.5,7592.0,18092,0.0,0.0,APOLLOHOSP.NS
2026-03-09 10:30:00+05:30,7590.0,7612.5,7586.0,7609.0,8961,0.0,0.0,APOLLOHOSP.NS
2026-03-09 10:45:00+05:30,7607.0,7640.0,7595.0,7623.5,6041,0.0,0.0,APOLLOHOSP.NS
2026-03-09 11:00:00+05:30,7629.0,7631.0,7602.5,7611.5,3316,0.0,0.0,APOLLOHOSP.NS
2026-03-09 11:15:00+05:30,7612.0,7643.5,7606.0,7636.0,5922,0.0,0.0,APOLLOHOSP.NS
2026-03-09 11:30:00+05:30,7636.0,7643.0,7628.5,7632.0,5303,0.0,0.0,APOLLOHOSP.NS
2026-03-09 11:45:00+05:30,7632.0,7635.0,7610.0,7635.0,15437,0.0,0.0,APOLLOHOSP.NS
2026-03-09 12:00:00+05:30,7633.5,7668.5,7630.0,7659.0,18675,0.0,0.0,APOLLOHOSP.NS
2026-03-09 12:15:00+05:30,7659.0,7702.0,7656.5,7695.0,15184,0.0,0.0,APOLLOHOSP.NS
2026-03-09 12:30:00+05:30,7697.5,7713.5,7697.5,7709.0,4311,0.0,0.0,APOLLOHOSP.NS
2026-03-09 12:45:00+05:30,7708.5,7728.0,7706.5,7725.5,6464,0.0,0.0,APOLLOHOSP.NS
2026-03-09 13:00:00+05:30,7726.0,7728.0,7701.5,7708.5,8428,0.0,0.0,APOLLOHOSP.NS
2026-03-09 13:15:00+05:30,7704.5,7731.0,7704.5,7721.0,11825,0.0,0.0,APOLLOHOSP.NS
2026-03-09 13:30:00+05:30,7721.5,7762.5,7719.5,7750.0,21852,0.0,0.0,APOLLOHOSP.NS
2026-03-09 13:45:00+05:30,7750.5,7765.5,7737.5,7737.5,11283,0.0,0.0,APOLLOHOSP.NS
2026-03-09 14:00:00+05:30,7738.0,7746.0,7725.5,7739.0,11853,0.0,0.0,APOLLOHOSP.NS
2026-03-09 14:15:00+05:30,7739.0,7757.0,7731.0,7750.5,7339,0.0,0.0,APOLLOHOSP.NS
2026-03-09 14:30:00+05:30,7752.0,7779.0,7752.0,7769.5,16892,0.0,0.0,APOLLOHOSP.NS
2026-03-09 14:45:00+05:30,7771.5,7798.0,7765.5,7795.5,28335,0.0,0.0,APOLLOHOSP.NS
2026-03-09 15:00:00+05:30,7799.0,7808.5,7772.0,7776.0,24932,0.0,0.0,APOLLOHOSP.NS
2026-03-09 15:15:00+05:30,7774.5,7791.0,7765.5,7779.0,30136,0.0,0.0,APOLLOHOSP.NS
2026-03-10 09:15:00+05:30,7850.0,7850.0,7801.5,7830.0,7642,0.0,0.0,APOLLOHOSP.NS
2026-03-10 09:30:00+05:30,7827.0,7863.5,7805.5,7859.0,17643,0.0,0.0,APOLLOHOSP.NS
2026-03-10 09:45:00+05:30,7859.5,7860.0,7825.0,7830.0,10094,0.0,0.0,APOLLOHOSP.NS
2026-03-10 10:00:00+05:30,7830.0,7838.0,7816.5,7827.5,6229,0.0,0.0,APOLLOHOSP.NS
2026-03-10 10:15:00+05:30,7827.5,7840.5,7818.5,7824.0,6024,0.0,0.0,APOLLOHOSP.NS
2026-03-10 10:30:00+05:30,7825.5,7838.0,7801.5,7804.5,7901,0.0,0.0,APOLLOHOSP.NS
2026-03-10 10:45:00+05:30,7801.5,7809.0,7780.0,7782.5,8566,0.0,0.0,APOLLOHOSP.NS
2026-03-10 11:00:00+05:30,7781.5,7785.5,7770.0,7780.5,8991,0.0,0.0,APOLLOHOSP.NS
2026-03-10 11:15:00+05:30,7780.5,7805.5,7776.0,7795.5,19576,0.0,0.0,APOLLOHOSP.NS
2026-03-10 11:30:00+05:30,7793.5,7805.0,7791.5,7798.0,5436,0.0,0.0,APOLLOHOSP.NS
2026-03-10 11:45:00+05:30,7798.0,7803.0,7787.0,7798.5,7406,0.0,0.0,APOLLOHOSP.NS
2026-03-10 12:00:00+05:30,7800.0,7823.0,7797.5,7813.5,23172,0.0,0.0,APOLLOHOSP.NS
2026-03-10 12:15:00+05:30,7813.5,7822.5,7803.5,7810.5,26857,0.0,0.0,APOLLOHOSP.NS
2026-03-10 12:30:00+05:30,7810.0,7819.5,7801.0,7809.5,6973,0.0,0.0,APOLLOHOSP.NS
2026-03-10 12:45:00+05:30,7809.0,7824.5,7807.0,7820.5,6584,0.0,0.0,APOLLOHOSP.NS
2026-03-10 13:00:00+05:30,7821.5,7843.5,7818.5,7838.0,11840,0.0,0.0,APOLLOHOSP.NS
2026-03-10 13:15:00+05:30,7838.0,7850.0,7829.5,7835.0,16238,0.0,0.0,APOLLOHOSP.NS
2026-03-10 13:30:00+05:30,7831.0,7836.0,7819.0,7826.5,7120,0.0,0.0,APOLLOHOSP.NS
2026-03-10 13:45:00+05:30,7826.5,7827.5,7817.0,7821.0,4964,0.0,0.0,APOLLOHOSP.NS
2026-03-10 14:00:00+05:30,7821.0,7821.0,7797.0,7804.5,63103,0.0,0.0,APOLLOHOSP.NS
2026-03-10 14:15:00+05:30,7802.0,7807.5,7800.0,7805.5,3998,0.0,0.0,APOLLOHOSP.NS
2026-03-10 14:30:00+05:30,7805.5,7807.5,7780.0,7788.5,7811,0.0,0.0,APOLLOHOSP.NS
2026-03-10 14:45:00+05:30,7788.5,7807.5,7787.5,7807.0,13907,0.0,0.0,APOLLOHOSP.NS
2026-03-10 15:00:00+05:30,7807.5,7807.5,7795.0,7800.0,26257,0.0,0.0,APOLLOHOSP.NS
2026-03-10 15:15:00+05:30,7800.0,7814.5,7790.0,7803.0,37276,0.0,0.0,APOLLOHOSP.NS
2026-03-11 09:15:00+05:30,7798.5,7798.5,7736.5,7755.5,10006,0.0,0.0,APOLLOHOSP.NS
2026-03-11 09:30:00+05:30,7755.0,7758.5,7739.0,7749.5,7358,0.0,0.0,APOLLOHOSP.NS
2026-03-11 09:45:00+05:30,7750.0,7754.5,7733.0,7736.5,7206,0.0,0.0,APOLLOHOSP.NS
2026-03-11 10:00:00+05:30,7735.0,7735.0,7718.0,7724.0,8169,0.0,0.0,APOLLOHOSP.NS
2026-03-11 10:15:00+05:30,7723.5,7747.5,7716.0,7726.5,10925,0.0,0.0,APOLLOHOSP.NS
2026-03-11 10:30:00+05:30,7726.5,7749.0,7726.5,7740.5,11945,0.0,0.0,APOLLOHOSP.NS
2026-03-11 10:45:00+05:30,7742.0,7742.5,7725.0,7734.0,5904,0.0,0.0,APOLLOHOSP.NS
2026-03-11 11:00:00+05:30,7733.0,7736.0,7708.5,7711.0,12543,0.0,0.0,APOLLOHOSP.NS
2026-03-11 11:15:00+05:30,7713.5,7725.5,7709.5,7720.0,7088,0.0,0.0,APOLLOHOSP.NS
2026-03-11 11:30:00+05:30,7720.0,7720.5,7710.5,7710.5,6207,0.0,0.0,APOLLOHOSP.NS
2026-03-11 11:45:00+05:30,7712.0,7721.0,7701.5,7714.5,8270,0.0,0.0,APOLLOHOSP.NS
2026-03-11 12:00:00+05:30,7716.0,7740.0,7713.0,7727.0,10051,0.0,0.0,APOLLOHOSP.NS
2026-03-11 12:15:00+05:30,7728.5,7737.5,7725.0,7729.0,6030,0.0,0.0,APOLLOHOSP.NS
2026-03-11 12:30:00+05:30,7725.0,7731.5,7707.5,7729.0,10687,0.0,0.0,APOLLOHOSP.NS
2026-03-11 12:45:00+05:30,7730.5,7730.5,7711.0,7711.5,6685,0.0,0.0,APOLLOHOSP.NS
2026-03-11 13:00:00+05:30,7711.5,7714.5,7681.5,7698.0,33702,0.0,0.0,APOLLOHOSP.NS
2026-03-11 13:15:00+05:30,7698.0,7705.0,7675.0,7705.0,9216,0.0,0.0,APOLLOHOSP.NS
2026-03-11 13:30:00+05:30,7704.0,7706.0,7695.0,7699.0,8414,0.0,0.0,APOLLOHOSP.NS
2026-03-11 13:45:00+05:30,7695.5,7714.5,7695.5,7714.5,6473,0.0,0.0,APOLLOHOSP.NS
2026-03-11 14:00:00+05:30,7717.0,7719.0,7701.0,7705.5,4009,0.0,0.0,APOLLOHOSP.NS
2026-03-11 14:15:00+05:30,7705.5,7712.5,7691.0,7711.5,5690,0.0,0.0,APOLLOHOSP.NS
2026-03-11 14:30:00+05:30,7714.0,7715.0,7702.0,7711.0,5873,0.0,0.0,APOLLOHOSP.NS
2026-03-11 14:45:00+05:30,7710.5,7710.5,7686.0,7692.0,23147,0.0,0.0,APOLLOHOSP.NS
2026-03-11 15:00:00+05:30,7695.0,7695.0,7660.0,7667.0,39498,0.0,0.0,APOLLOHOSP.NS
2026-03-11 15:15:00+05:30,7667.0,7712.0,7664.0,7684.0,49379,0.0,0.0,APOLLOHOSP.NS
2026-03-12 09:15:00+05:30,7604.0,7650.0,7585.5,7595.5,12612,0.0,0.0,APOLLOHOSP.NS
2026-03-12 09:30:00+05:30,7586.0,7596.0,7565.0,7592.5,9156,0.0,0.0,APOLLOHOSP.NS
2026-03-12 09:45:00+05:30,7594.0,7631.5,7594.0,7627.0,5179,0.0,0.0,APOLLOHOSP.NS
2026-03-12 10:00:00+05:30,7627.0,7628.0,7591.0,7597.5,5301,0.0,0.0,APOLLOHOSP.NS
2026-03-12 10:15:00+05:30,7597.5,7606.5,7580.5,7591.0,33830,0.0,0.0,APOLLOHOSP.NS
2026-03-12 10:30:00+05:30,7589.5,7605.0,7577.0,7591.5,34181,0.0,0.0,APOLLOHOSP.NS
2026-03-12 10:45:00+05:30,7591.0,7604.0,7590.0,7596.0,18285,0.0,0.0,APOLLOHOSP.NS
2026-03-12 11:00:00+05:30,7598.0,7617.5,7596.5,7609.0,7243,0.0,0.0,APOLLOHOSP.NS
2026-03-12 11:15:00+05:30,7609.0,7609.0,7549.5,7557.0,32373,0.0,0.0,APOLLOHOSP.NS
2026-03-12 11:30:00+05:30,7553.5,7568.0,7550.5,7556.0,8328,0.0,0.0,APOLLOHOSP.NS
2026-03-12 11:45:00+05:30,7555.5,7578.5,7543.5,7562.0,9544,0.0,0.0,APOLLOHOSP.NS
2026-03-12 12:00:00+05:30,7563.0,7573.0,7552.5,7573.0,5203,0.0,0.0,APOLLOHOSP.NS
2026-03-12 12:15:00+05:30,7570.0,7585.5,7558.0,7583.0,8706,0.0,0.0,APOLLOHOSP.NS
2026-03-12 12:30:00+05:30,7582.0,7583.0,7558.0,7561.0,7739,0.0,0.0,APOLLOHOSP.NS
2026-03-12 12:45:00+05:30,7563.0,7592.0,7551.0,7581.0,30715,0.0,0.0,APOLLOHOSP.NS
2026-03-12 13:00:00+05:30,7580.5,7592.0,7570.0,7591.0,7713,0.0,0.0,APOLLOHOSP.NS
2026-03-12 13:15:00+05:30,7591.0,7609.5,7587.0,7609.0,10255,0.0,0.0,APOLLOHOSP.NS
2026-03-12 13:30:00+05:30,7607.5,7609.0,7594.5,7606.0,10652,0.0,0.0,APOLLOHOSP.NS
2026-03-12 13:45:00+05:30,7606.0,7613.0,7590.0,7592.0,10070,0.0,0.0,APOLLOHOSP.NS
2026-03-12 14:00:00+05:30,7590.5,7593.0,7578.5,7590.0,8179,0.0,0.0,APOLLOHOSP.NS
2026-03-12 14:15:00+05:30,7586.5,7603.0,7578.0,7579.5,10163,0.0,0.0,APOLLOHOSP.NS
2026-03-12 14:30:00+05:30,7583.0,7592.5,7578.0,7579.0,19400,0.0,0.0,APOLLOHOSP.NS
2026-03-12 14:45:00+05:30,7571.0,7580.0,7545.0,7560.0,68509,0.0,0.0,APOLLOHOSP.NS
2026-03-12 15:00:00+05:30,7563.0,7583.5,7560.5,7576.0,77544,0.0,0.0,APOLLOHOSP.NS
2026-03-12 15:15:00+05:30,7575.5,7582.5,7556.5,7574.0,69262,0.0,0.0,APOLLOHOSP.NS
2026-03-13 09:15:00+05:30,7570.0,7570.0,7522.5,7542.0,9848,0.0,0.0,APOLLOHOSP.NS
2026-03-13 09:30:00+05:30,7544.0,7553.5,7525.0,7528.0,5817,0.0,0.0,APOLLOHOSP.NS
2026-03-13 09:45:00+05:30,7526.0,7529.5,7496.0,7501.5,8269,0.0,0.0,APOLLOHOSP.NS
2026-03-13 10:00:00+05:30,7501.5,7514.0,7486.5,7512.0,6138,0.0,0.0,APOLLOHOSP.NS
2026-03-13 10:15:00+05:30,7513.5,7526.0,7510.0,7524.5,3931,0.0,0.0,APOLLOHOSP.NS
2026-03-13 10:30:00+05:30,7524.5,7546.5,7517.0,7530.5,21093,0.0,0.0,APOLLOHOSP.NS
2026-03-13 10:45:00+05:30,7531.5,7558.0,7525.0,7549.0,15992,0.0,0.0,APOLLOHOSP.NS
2026-03-13 11:00:00+05:30,7549.0,7550.0,7540.0,7544.5,2021,0.0,0.0,APOLLOHOSP.NS
2026-03-13 11:15:00+05:30,7544.5,7557.5,7540.5,7556.5,3292,0.0,0.0,APOLLOHOSP.NS
2026-03-13 11:30:00+05:30,7556.0,7607.5,7550.5,7597.0,9108,0.0,0.0,APOLLOHOSP.NS
2026-03-13 11:45:00+05:30,7598.5,7615.0,7593.0,7610.0,12771,0.0,0.0,APOLLOHOSP.NS
2026-03-13 12:00:00+05:30,7610.0,7610.0,7593.0,7598.0,13321,0.0,0.0,APOLLOHOSP.NS
2026-03-13 12:15:00+05:30,7598.0,7609.0,7589.0,7605.5,21232,0.0,0.0,APOLLOHOSP.NS
2026-03-13 12:30:00+05:30,7607.5,7607.5,7553.5,7556.0,20642,0.0,0.0,APOLLOHOSP.NS
2026-03-13 12:45:00+05:30,7559.0,7564.0,7540.0,7541.5,30365,0.0,0.0,APOLLOHOSP.NS
2026-03-13 13:00:00+05:30,7543.0,7555.0,7516.0,7516.0,20485,0.0,0.0,APOLLOHOSP.NS
2026-03-13 13:15:00+05:30,7517.0,7575.5,7517.0,7565.5,36811,0.0,0.0,APOLLOHOSP.NS
2026-03-13 13:30:00+05:30,7567.5,7585.0,7556.0,7563.5,19787,0.0,0.0,APOLLOHOSP.NS
2026-03-13 13:45:00+05:30,7564.0,7567.0,7535.0,7535.0,29717,0.0,0.0,APOLLOHOSP.NS
2026-03-13 14:00:00+05:30,7538.5,7572.5,7537.0,7572.5,7697,0.0,0.0,APOLLOHOSP.NS
2026-03-13 14:15:00+05:30,7569.5,7573.5,7556.0,7557.5,12070,0.0,0.0,APOLLOHOSP.NS
2026-03-13 14:30:00+05:30,7557.5,7580.0,7557.5,7577.5,5889,0.0,0.0,APOLLOHOSP.NS
2026-03-13 14:45:00+05:30,7575.5,7575.5,7550.0,7562.0,20859,0.0,0.0,APOLLOHOSP.NS
2026-03-13 15:00:00+05:30,7562.0,7564.5,7535.5,7550.0,23013,0.0,0.0,APOLLOHOSP.NS
2026-03-13 15:15:00+05:30,7546.5,7565.0,7540.0,7550.0,26071,0.0,0.0,APOLLOHOSP.NS
2026-03-16 09:15:00+05:30,7567.0,7618.0,7559.0,7584.0,16662,0.0,0.0,APOLLOHOSP.NS
2026-03-16 09:30:00+05:30,7584.0,7612.5,7584.0,7589.0,19457,0.0,0.0,APOLLOHOSP.NS
2026-03-16 09:45:00+05:30,7590.0,7599.0,7581.0,7581.0,13286,0.0,0.0,APOLLOHOSP.NS
2026-03-16 10:00:00+05:30,7581.0,7588.0,7540.5,7548.5,13137,0.0,0.0,APOLLOHOSP.NS
2026-03-16 10:15:00+05:30,7549.5,7549.5,7484.5,7494.5,13042,0.0,0.0,APOLLOHOSP.NS
2026-03-16 10:30:00+05:30,7494.5,7505.5,7445.5,7452.0,21400,0.0,0.0,APOLLOHOSP.NS
2026-03-16 10:45:00+05:30,7452.0,7466.5,7430.0,7461.5,13832,0.0,0.0,APOLLOHOSP.NS
2026-03-16 11:00:00+05:30,7463.0,7470.0,7448.0,7460.5,8322,0.0,0.0,APOLLOHOSP.NS
2026-03-16 11:15:00+05:30,7460.5,7470.0,7443.0,7452.5,7962,0.0,0.0,APOLLOHOSP.NS
2026-03-16 11:30:00+05:30,7454.0,7473.5,7445.5,7468.0,28462,0.0,0.0,APOLLOHOSP.NS
2026-03-16 11:45:00+05:30,7467.5,7477.0,7465.5,7470.0,10847,0.0,0.0,APOLLOHOSP.NS
2026-03-16 12:00:00+05:30,7469.5,7484.5,7469.5,7472.5,7318,0.0,0.0,APOLLOHOSP.NS
2026-03-16 12:15:00+05:30,7471.0,7485.0,7465.5,7480.5,11128,0.0,0.0,APOLLOHOSP.NS
2026-03-16 12:30:00+05:30,7480.0,7480.0,7457.0,7470.5,52489,0.0,0.0,APOLLOHOSP.NS
2026-03-16 12:45:00+05:30,7468.0,7472.0,7448.0,7457.5,28725,0.0,0.0,APOLLOHOSP.NS
2026-03-16 13:00:00+05:30,7457.5,7468.0,7438.0,7438.0,6833,0.0,0.0,APOLLOHOSP.NS
2026-03-16 13:15:00+05:30,7437.5,7449.0,7433.0,7435.0,5347,0.0,0.0,APOLLOHOSP.NS
2026-03-16 13:30:00+05:30,7433.0,7446.0,7420.5,7430.0,6424,0.0,0.0,APOLLOHOSP.NS
2026-03-16 13:45:00+05:30,7429.5,7437.0,7420.5,7424.0,5966,0.0,0.0,APOLLOHOSP.NS
2026-03-16 14:00:00+05:30,7424.0,7430.0,7410.5,7425.5,12469,0.0,0.0,APOLLOHOSP.NS
2026-03-16 14:15:00+05:30,7426.0,7486.5,7413.0,7482.5,19087,0.0,0.0,APOLLOHOSP.NS
2026-03-16 14:30:00+05:30,7485.5,7510.5,7470.5,7500.0,22514,0.0,0.0,APOLLOHOSP.NS
2026-03-16 14:45:00+05:30,7501.5,7516.5,7495.5,7496.5,29787,0.0,0.0,APOLLOHOSP.NS
2026-03-16 15:00:00+05:30,7495.0,7505.5,7480.0,7485.0,39422,0.0,0.0,APOLLOHOSP.NS
2026-03-16 15:15:00+05:30,7485.0,7496.5,7463.0,7490.0,48254,0.0,0.0,APOLLOHOSP.NS
2026-03-17 09:15:00+05:30,7489.5,7517.5,7481.5,7500.0,3847,0.0,0.0,APOLLOHOSP.NS
2026-03-17 09:30:00+05:30,7499.5,7522.5,7493.5,7519.5,12741,0.0,0.0,APOLLOHOSP.NS
2026-03-17 09:45:00+05:30,7517.0,7528.0,7498.5,7512.5,10782,0.0,0.0,APOLLOHOSP.NS
2026-03-17 10:00:00+05:30,7515.0,7546.0,7515.0,7542.0,6060,0.0,0.0,APOLLOHOSP.NS
2026-03-17 10:15:00+05:30,7542.5,7574.5,7542.5,7542.5,6471,0.0,0.0,APOLLOHOSP.NS
2026-03-17 10:30:00+05:30,7546.0,7553.5,7531.0,7536.5,4890,0.0,0.0,APOLLOHOSP.NS
2026-03-17 10:45:00+05:30,7539.0,7540.0,7518.0,7519.5,12276,0.0,0.0,APOLLOHOSP.NS
2026-03-17 11:00:00+05:30,7522.0,7534.5,7517.5,7519.5,11172,0.0,0.0,APOLLOHOSP.NS
2026-03-17 11:15:00+05:30,7517.5,7523.0,7503.5,7504.5,11187,0.0,0.0,APOLLOHOSP.NS
2026-03-17 11:30:00+05:30,7504.5,7506.0,7486.0,7486.0,11007,0.0,0.0,APOLLOHOSP.NS
2026-03-17 11:45:00+05:30,7487.5,7500.0,7487.5,7496.5,4117,0.0,0.0,APOLLOHOSP.NS
2026-03-17 12:00:00+05:30,7496.5,7499.5,7481.0,7488.5,5258,0.0,0.0,APOLLOHOSP.NS
2026-03-17 12:15:00+05:30,7490.0,7497.0,7486.5,7489.5,2924,0.0,0.0,APOLLOHOSP.NS
2026-03-17 12:30:00+05:30,7489.5,7500.0,7484.0,7499.5,4714,0.0,0.0,APOLLOHOSP.NS
2026-03-17 12:45:00+05:30,7499.5,7510.0,7497.5,7510.0,15725,0.0,0.0,APOLLOHOSP.NS
2026-03-17 13:00:00+05:30,7510.5,7530.0,7509.5,7525.0,33246,0.0,0.0,APOLLOHOSP.NS
2026-03-17 13:15:00+05:30,7530.0,7530.5,7510.0,7516.5,23091,0.0,0.0,APOLLOHOSP.NS
2026-03-17 13:30:00+05:30,7517.0,7528.5,7515.0,7522.5,5185,0.0,0.0,APOLLOHOSP.NS
2026-03-17 13:45:00+05:30,7524.0,7529.0,7523.0,7524.0,3940,0.0,0.0,APOLLOHOSP.NS
2026-03-17 14:00:00+05:30,7524.0,7539.5,7518.5,7539.5,26233,0.0,0.0,APOLLOHOSP.NS
2026-03-17 14:15:00+05:30,7539.5,7550.0,7520.0,7531.0,23286,0.0,0.0,APOLLOHOSP.NS
2026-03-17 14:30:00+05:30,7531.5,7548.5,7524.5,7524.5,7717,0.0,0.0,APOLLOHOSP.NS
2026-03-17 14:45:00+05:30,7524.0,7540.5,7521.0,7534.5,10168,0.0,0.0,APOLLOHOSP.NS
2026-03-17 15:00:00+05:30,7535.0,7535.0,7489.0,7502.0,34335,0.0,0.0,APOLLOHOSP.NS
2026-03-17 15:15:00+05:30,7499.0,7500.5,7482.0,7490.5,46285,0.0,0.0,APOLLOHOSP.NS
2026-03-18 09:15:00+05:30,7512.5,7592.0,7512.5,7586.5,45515,0.0,0.0,APOLLOHOSP.NS
2026-03-18 09:30:00+05:30,7587.0,7605.0,7567.0,7576.5,27406,0.0,0.0,APOLLOHOSP.NS
2026-03-18 09:45:00+05:30,7576.5,7595.5,7540.0,7556.0,36636,0.0,0.0,APOLLOHOSP.NS
2026-03-18 10:00:00+05:30,7554.0,7571.0,7538.5,7571.0,30161,0.0,0.0,APOLLOHOSP.NS
2026-03-18 10:15:00+05:30,7571.0,7573.0,7561.0,7564.5,20158,0.0,0.0,APOLLOHOSP.NS
2026-03-18 10:30:00+05:30,7565.0,7572.0,7551.5,7565.0,4885,0.0,0.0,APOLLOHOSP.NS
2026-03-18 10:45:00+05:30,7565.0,7569.5,7554.0,7565.5,66446,0.0,0.0,APOLLOHOSP.NS
2026-03-18 11:00:00+05:30,7565.5,7574.0,7544.0,7548.0,16268,0.0,0.0,APOLLOHOSP.NS
2026-03-18 11:15:00+05:30,7548.0,7552.0,7540.0,7550.0,4586,0.0,0.0,APOLLOHOSP.NS
2026-03-18 11:30:00+05:30,7550.0,7555.5,7536.0,7545.5,12897,0.0,0.0,APOLLOHOSP.NS
2026-03-18 11:45:00+05:30,7545.5,7565.0,7538.5,7561.0,16503,0.0,0.0,APOLLOHOSP.NS
2026-03-18 12:00:00+05:30,7561.0,7570.0,7554.5,7558.5,23301,0.0,0.0,APOLLOHOSP.NS
2026-03-18 12:15:00+05:30,7559.0,7559.0,7537.5,7540.0,2323,0.0,0.0,APOLLOHOSP.NS
2026-03-18 12:30:00+05:30,7540.0,7547.0,7512.5,7519.5,5355,0.0,0.0,APOLLOHOSP.NS
2026-03-18 12:45:00+05:30,7516.0,7520.0,7497.5,7500.0,7788,0.0,0.0,APOLLOHOSP.NS
2026-03-18 13:00:00+05:30,7500.0,7507.5,7498.0,7498.0,5295,0.0,0.0,APOLLOHOSP.NS
2026-03-18 13:15:00+05:30,7498.5,7519.0,7498.0,7508.5,6687,0.0,0.0,APOLLOHOSP.NS
2026-03-18 13:30:00+05:30,7506.5,7516.0,7501.5,7508.0,8674,0.0,0.0,APOLLOHOSP.NS
2026-03-18 13:45:00+05:30,7505.5,7513.0,7497.0,7498.5,12915,0.0,0.0,APOLLOHOSP.NS
2026-03-18 14:00:00+05:30,7498.5,7501.5,7491.0,7493.0,5940,0.0,0.0,APOLLOHOSP.NS
2026-03-18 14:15:00+05:30,7493.0,7509.5,7491.5,7498.0,10640,0.0,0.0,APOLLOHOSP.NS
2026-03-18 14:30:00+05:30,7495.5,7499.0,7472.0,7472.0,14925,0.0,0.0,APOLLOHOSP.NS
2026-03-18 14:45:00+05:30,7472.0,7488.0,7465.0,7482.0,18315,0.0,0.0,APOLLOHOSP.NS
2026-03-18 15:00:00+05:30,7484.5,7488.0,7468.5,7469.5,37819,0.0,0.0,APOLLOHOSP.NS
2026-03-18 15:15:00+05:30,7469.5,7475.5,7456.0,7471.0,40966,0.0,0.0,APOLLOHOSP.NS
2026-03-19 09:15:00+05:30,7399.5,7399.5,7347.0,7355.5,10046,0.0,0.0,APOLLOHOSP.NS
2026-03-19 09:30:00+05:30,7353.0,7390.0,7350.0,7356.0,17911,0.0,0.0,APOLLOHOSP.NS
2026-03-19 09:45:00+05:30,7360.0,7368.5,7347.0,7361.5,6336,0.0,0.0,APOLLOHOSP.NS
2026-03-19 10:00:00+05:30,7362.0,7385.5,7355.0,7357.0,22801,0.0,0.0,APOLLOHOSP.NS
2026-03-19 10:15:00+05:30,7356.5,7359.0,7325.5,7351.0,13839,0.0,0.0,APOLLOHOSP.NS
2026-03-19 10:30:00+05:30,7348.5,7359.5,7348.5,7358.0,4300,0.0,0.0,APOLLOHOSP.NS
2026-03-19 10:45:00+05:30,7359.0,7359.0,7341.0,7345.5,2782,0.0,0.0,APOLLOHOSP.NS
2026-03-19 11:00:00+05:30,7345.0,7352.0,7338.5,7345.0,9785,0.0,0.0,APOLLOHOSP.NS
2026-03-19 11:15:00+05:30,7344.5,7353.0,7335.0,7335.0,2201,0.0,0.0,APOLLOHOSP.NS
2026-03-19 11:30:00+05:30,7335.0,7349.0,7335.0,7347.5,4018,0.0,0.0,APOLLOHOSP.NS
2026-03-19 11:45:00+05:30,7344.0,7348.5,7329.0,7330.0,5176,0.0,0.0,APOLLOHOSP.NS
2026-03-19 12:00:00+05:30,7331.0,7333.0,7305.0,7320.0,13474,0.0,0.0,APOLLOHOSP.NS
2026-03-19 12:15:00+05:30,7319.5,7320.0,7308.5,7314.0,3346,0.0,0.0,APOLLOHOSP.NS
2026-03-19 12:30:00+05:30,7314.0,7320.0,7309.5,7313.5,7485,0.0,0.0,APOLLOHOSP.NS
2026-03-19 12:45:00+05:30,7313.5,7323.0,7303.5,7305.0,6118,0.0,0.0,APOLLOHOSP.NS
2026-03-19 13:00:00+05:30,7305.0,7315.0,7289.5,7294.5,20058,0.0,0.0,APOLLOHOSP.NS
2026-03-19 13:15:00+05:30,7295.0,7296.5,7286.5,7290.0,3890,0.0,0.0,APOLLOHOSP.NS
2026-03-19 13:30:00+05:30,7291.0,7300.0,7289.5,7297.5,1952,0.0,0.0,APOLLOHOSP.NS
2026-03-19 13:45:00+05:30,7298.5,7300.0,7290.0,7297.0,2326,0.0,0.0,APOLLOHOSP.NS
2026-03-19 14:00:00+05:30,7297.0,7299.5,7270.0,7280.5,6624,0.0,0.0,APOLLOHOSP.NS
2026-03-19 14:15:00+05:30,7280.5,7289.5,7275.0,7280.0,2639,0.0,0.0,APOLLOHOSP.NS
2026-03-19 14:30:00+05:30,7280.0,7286.0,7257.0,7266.5,6277,0.0,0.0,APOLLOHOSP.NS
2026-03-19 14:45:00+05:30,7268.0,7274.5,7236.0,7246.0,11940,0.0,0.0,APOLLOHOSP.NS
2026-03-19 15:00:00+05:30,7246.0,7262.5,7229.0,7237.5,21204,0.0,0.0,APOLLOHOSP.NS
2026-03-19 15:15:00+05:30,7235.5,7292.5,7233.5,7292.0,34094,0.0,0.0,APOLLOHOSP.NS
2026-03-20 09:15:00+05:30,7236.5,7292.0,7212.5,7272.0,29689,0.0,0.0,APOLLOHOSP.NS
2026-03-20 09:30:00+05:30,7273.5,7292.0,7268.0,7275.0,24004,0.0,0.0,APOLLOHOSP.NS
2026-03-20 09:45:00+05:30,7275.5,7292.0,7266.5,7292.0,14888,0.0,0.0,APOLLOHOSP.NS
2026-03-20 10:00:00+05:30,7290.5,7304.5,7274.5,7293.0,17384,0.0,0.0,APOLLOHOSP.NS
2026-03-20 10:15:00+05:30,7292.0,7310.0,7279.5,7306.0,14676,0.0,0.0,APOLLOHOSP.NS
2026-03-20 10:30:00+05:30,7306.0,7358.0,7300.0,7351.5,18031,0.0,0.0,APOLLOHOSP.NS
2026-03-20 10:45:00+05:30,7355.0,7376.0,7344.0,7372.0,12733,0.0,0.0,APOLLOHOSP.NS
2026-03-20 11:00:00+05:30,7374.5,7383.5,7360.0,7375.5,12674,0.0,0.0,APOLLOHOSP.NS
2026-03-20 11:15:00+05:30,7375.0,7417.5,7375.0,7417.0,12704,0.0,0.0,APOLLOHOSP.NS
2026-03-20 11:30:00+05:30,7417.0,7438.0,7417.0,7438.0,9943,0.0,0.0,APOLLOHOSP.NS
2026-03-20 11:45:00+05:30,7437.5,7439.5,7419.0,7435.5,16670,0.0,0.0,APOLLOHOSP.NS
2026-03-20 12:00:00+05:30,7438.0,7440.0,7421.0,7429.0,14156,0.0,0.0,APOLLOHOSP.NS
2026-03-20 12:15:00+05:30,7427.5,7429.0,7389.0,7402.5,14899,0.0,0.0,APOLLOHOSP.NS
2026-03-20 12:30:00+05:30,7405.0,7419.5,7389.5,7401.0,22709,0.0,0.0,APOLLOHOSP.NS
2026-03-20 12:45:00+05:30,7400.5,7420.0,7393.0,7407.0,17258,0.0,0.0,APOLLOHOSP.NS
2026-03-20 13:00:00+05:30,7407.0,7437.5,7406.5,7418.5,17592,0.0,0.0,APOLLOHOSP.NS
2026-03-20 13:15:00+05:30,7419.5,7446.0,7413.0,7442.0,19655,0.0,0.0,APOLLOHOSP.NS
2026-03-20 13:30:00+05:30,7442.0,7445.0,7433.0,7433.5,12198,0.0,0.0,APOLLOHOSP.NS
2026-03-20 13:45:00+05:30,7435.0,7435.0,7419.5,7422.5,11164,0.0,0.0,APOLLOHOSP.NS
2026-03-20 14:00:00+05:30,7423.5,7434.5,7414.0,7417.0,12730,0.0,0.0,APOLLOHOSP.NS
2026-03-20 14:15:00+05:30,7417.0,7424.0,7406.5,7410.5,15767,0.0,0.0,APOLLOHOSP.NS
2026-03-20 14:30:00+05:30,7410.5,7417.0,7397.0,7400.5,22192,0.0,0.0,APOLLOHOSP.NS
2026-03-20 14:45:00+05:30,7398.5,7404.5,7377.5,7393.0,27825,0.0,0.0,APOLLOHOSP.NS
2026-03-20 15:00:00+05:30,7395.5,7396.5,7348.5,7365.0,127983,0.0,0.0,APOLLOHOSP.NS
2026-03-20 15:15:00+05:30,7364.5,7389.5,7331.5,7340.5,125699,0.0,0.0,APOLLOHOSP.NS
2026-03-23 09:15:00+05:30,7249.5,7262.5,7221.5,7241.5,9367,0.0,0.0,APOLLOHOSP.NS
2026-03-23 09:30:00+05:30,7241.5,7244.5,7225.5,7227.5,6942,0.0,0.0,APOLLOHOSP.NS
2026-03-23 09:45:00+05:30,7223.0,7223.0,7176.5,7180.0,10444,0.0,0.0,APOLLOHOSP.NS
2026-03-23 10:00:00+05:30,7181.0,7205.5,7177.0,7180.5,6056,0.0,0.0,APOLLOHOSP.NS
2026-03-23 10:15:00+05:30,7182.0,7183.5,7119.0,7119.0,37590,0.0,0.0,APOLLOHOSP.NS
2026-03-23 10:30:00+05:30,7118.0,7131.0,7100.0,7110.5,28364,0.0,0.0,APOLLOHOSP.NS
2026-03-23 10:45:00+05:30,7110.5,7133.0,7093.0,7099.0,15249,0.0,0.0,APOLLOHOSP.NS
2026-03-23 11:00:00+05:30,7099.0,7101.0,7082.0,7091.5,9986,0.0,0.0,APOLLOHOSP.NS
2026-03-23 11:15:00+05:30,7092.0,7100.5,7081.5,7100.5,9656,0.0,0.0,APOLLOHOSP.NS
2026-03-23 11:30:00+05:30,7100.0,7115.0,7091.5,7100.0,7822,0.0,0.0,APOLLOHOSP.NS
2026-03-23 11:45:00+05:30,7097.5,7121.0,7092.0,7115.0,26219,0.0,0.0,APOLLOHOSP.NS
2026-03-23 12:00:00+05:30,7114.5,7129.5,7111.5,7118.5,18701,0.0,0.0,APOLLOHOSP.NS
2026-03-23 12:15:00+05:30,7115.0,7116.0,7097.0,7113.0,32937,0.0,0.0,APOLLOHOSP.NS
2026-03-23 12:30:00+05:30,7112.0,7114.0,7095.0,7111.5,11144,0.0,0.0,APOLLOHOSP.NS
2026-03-23 12:45:00+05:30,7111.5,7119.5,7105.0,7113.0,6082,0.0,0.0,APOLLOHOSP.NS
2026-03-23 13:00:00+05:30,7113.0,7113.0,7097.0,7100.5,5708,0.0,0.0,APOLLOHOSP.NS
2026-03-23 13:15:00+05:30,7100.0,7105.0,7090.0,7092.5,27429,0.0,0.0,APOLLOHOSP.NS
2026-03-23 13:30:00+05:30,7093.5,7118.0,7093.0,7115.5,9872,0.0,0.0,APOLLOHOSP.NS
2026-03-23 13:45:00+05:30,7116.5,7137.0,7112.0,7135.0,9865,0.0,0.0,APOLLOHOSP.NS
2026-03-23 14:00:00+05:30,7133.0,7159.0,7133.0,7136.0,8973,0.0,0.0,APOLLOHOSP.NS
2026-03-23 14:15:00+05:30,7133.5,7159.0,7133.0,7146.5,10716,0.0,0.0,APOLLOHOSP.NS
2026-03-23 14:30:00+05:30,7145.0,7167.5,7129.0,7167.5,23694,0.0,0.0,APOLLOHOSP.NS
2026-03-23 14:45:00+05:30,7166.0,7192.5,7160.5,7190.5,28720,0.0,0.0,APOLLOHOSP.NS
2026-03-23 15:00:00+05:30,7189.0,7189.0,7126.5,7150.0,49189,0.0,0.0,APOLLOHOSP.NS
2026-03-23 15:15:00+05:30,7157.0,7162.0,7118.0,7145.0,43824,0.0,0.0,APOLLOHOSP.NS
2026-03-24 09:15:00+05:30,7207.5,7368.0,7207.5,7352.0,29000,0.0,0.0,APOLLOHOSP.NS
2026-03-24 09:30:00+05:30,7351.0,7360.0,7340.5,7360.0,24468,0.0,0.0,APOLLOHOSP.NS
2026-03-24 09:45:00+05:30,7366.0,7385.0,7346.0,7383.0,28211,0.0,0.0,APOLLOHOSP.NS
2026-03-24 10:00:00+05:30,7383.0,7383.0,7348.5,7370.5,23505,0.0,0.0,APOLLOHOSP.NS
2026-03-24 10:15:00+05:30,7371.5,7398.0,7361.0,7372.0,30765,0.0,0.0,APOLLOHOSP.NS
2026-03-24 10:30:00+05:30,7370.5,7371.5,7335.5,7353.0,34469,0.0,0.0,APOLLOHOSP.NS
2026-03-24 10:45:00+05:30,7347.5,7359.5,7340.0,7347.5,19783,0.0,0.0,APOLLOHOSP.NS
2026-03-24 11:00:00+05:30,7349.0,7360.0,7343.0,7346.5,19418,0.0,0.0,APOLLOHOSP.NS
2026-03-24 11:15:00+05:30,7347.5,7370.0,7342.0,7368.5,20497,0.0,0.0,APOLLOHOSP.NS
2026-03-24 11:30:00+05:30,7369.0,7387.5,7369.0,7385.0,16969,0.0,0.0,APOLLOHOSP.NS
2026-03-24 11:45:00+05:30,7383.0,7415.0,7379.0,7410.0,42848,0.0,0.0,APOLLOHOSP.NS
2026-03-24 12:00:00+05:30,7412.5,7412.5,7385.0,7387.0,31612,0.0,0.0,APOLLOHOSP.NS
2026-03-24 12:15:00+05:30,7387.5,7435.0,7386.0,7409.0,22738,0.0,0.0,APOLLOHOSP.NS
2026-03-24 12:30:00+05:30,7410.5,7440.0,7410.5,7434.0,12849,0.0,0.0,APOLLOHOSP.NS
2026-03-24 12:45:00+05:30,7435.0,7462.0,7426.5,7440.0,22615,0.0,0.0,APOLLOHOSP.NS
2026-03-24 13:00:00+05:30,7437.5,7437.5,7415.0,7431.5,14871,0.0,0.0,APOLLOHOSP.NS
2026-03-24 13:15:00+05:30,7431.5,7450.0,7426.5,7441.0,12282,0.0,0.0,APOLLOHOSP.NS
2026-03-24 13:30:00+05:30,7441.0,7443.0,7427.5,7431.0,7123,0.0,0.0,APOLLOHOSP.NS
2026-03-24 13:45:00+05:30,7431.5,7432.5,7407.5,7414.5,9784,0.0,0.0,APOLLOHOSP.NS
2026-03-24 14:00:00+05:30,7414.0,7420.5,7401.5,7410.0,9558,0.0,0.0,APOLLOHOSP.NS
2026-03-24 14:15:00+05:30,7412.5,7425.5,7400.5,7408.0,9113,0.0,0.0,APOLLOHOSP.NS
2026-03-24 14:30:00+05:30,7407.5,7416.0,7389.0,7395.0,12292,0.0,0.0,APOLLOHOSP.NS
2026-03-24 14:45:00+05:30,7392.5,7408.5,7392.0,7403.0,13338,0.0,0.0,APOLLOHOSP.NS
2026-03-24 15:00:00+05:30,7403.0,7417.5,7384.5,7411.0,80150,0.0,0.0,APOLLOHOSP.NS
2026-03-24 15:15:00+05:30,7411.5,7430.5,7402.0,7430.0,73857,0.0,0.0,APOLLOHOSP.NS
2026-03-25 09:15:00+05:30,7451.0,7525.0,7441.5,7500.0,27115,0.0,0.0,APOLLOHOSP.NS
2026-03-25 09:30:00+05:30,7497.0,7545.0,7497.0,7540.0,30285,0.0,0.0,APOLLOHOSP.NS
2026-03-25 09:45:00+05:30,7538.5,7549.0,7535.0,7548.5,9502,0.0,0.0,APOLLOHOSP.NS
2026-03-25 10:00:00+05:30,7547.5,7558.0,7534.0,7541.0,11524,0.0,0.0,APOLLOHOSP.NS
2026-03-25 10:15:00+05:30,7541.0,7555.5,7540.0,7552.5,15557,0.0,0.0,APOLLOHOSP.NS
2026-03-25 10:30:00+05:30,7550.5,7578.0,7541.0,7574.5,20043,0.0,0.0,APOLLOHOSP.NS
2026-03-25 10:45:00+05:30,7576.0,7581.0,7570.0,7573.5,10087,0.0,0.0,APOLLOHOSP.NS
2026-03-25 11:00:00+05:30,7573.5,7598.0,7572.0,7573.0,15852,0.0,0.0,APOLLOHOSP.NS
2026-03-25 11:15:00+05:30,7573.0,7574.5,7545.5,7561.5,22241,0.0,0.0,APOLLOHOSP.NS
2026-03-25 11:30:00+05:30,7562.0,7566.0,7550.5,7564.0,51836,0.0,0.0,APOLLOHOSP.NS
2026-03-25 11:45:00+05:30,7564.0,7575.0,7563.5,7575.0,14069,0.0,0.0,APOLLOHOSP.NS
2026-03-25 12:00:00+05:30,7574.0,7592.0,7574.0,7588.5,16505,0.0,0.0,APOLLOHOSP.NS
2026-03-25 12:15:00+05:30,7588.5,7597.0,7582.5,7597.0,12652,0.0,0.0,APOLLOHOSP.NS
2026-03-25 12:30:00+05:30,7596.5,7607.5,7590.5,7599.5,9571,0.0,0.0,APOLLOHOSP.NS
2026-03-25 12:45:00+05:30,7598.5,7607.0,7585.0,7588.0,9690,0.0,0.0,APOLLOHOSP.NS
2026-03-25 13:00:00+05:30,7588.0,7604.0,7587.0,7599.0,7673,0.0,0.0,APOLLOHOSP.NS
2026-03-25 13:15:00+05:30,7598.5,7611.5,7592.0,7611.5,7961,0.0,0.0,APOLLOHOSP.NS
2026-03-25 13:30:00+05:30,7611.5,7611.5,7600.5,7607.5,5155,0.0,0.0,APOLLOHOSP.NS
2026-03-25 13:45:00+05:30,7608.0,7612.0,7587.0,7589.5,15982,0.0,0.0,APOLLOHOSP.NS
2026-03-25 14:00:00+05:30,7588.5,7591.5,7575.5,7581.5,5607,0.0,0.0,APOLLOHOSP.NS
2026-03-25 14:15:00+05:30,7581.5,7582.0,7565.0,7572.0,6084,0.0,0.0,APOLLOHOSP.NS
2026-03-25 14:30:00+05:30,7573.0,7582.0,7565.5,7581.0,5409,0.0,0.0,APOLLOHOSP.NS
2026-03-25 14:45:00+05:30,7585.5,7590.5,7566.0,7589.5,18130,0.0,0.0,APOLLOHOSP.NS
2026-03-25 15:00:00+05:30,7588.0,7588.0,7573.0,7574.5,34213,0.0,0.0,APOLLOHOSP.NS
2026-03-25 15:15:00+05:30,7574.5,7600.0,7574.0,7600.0,36142,0.0,0.0,APOLLOHOSP.NS
2026-03-27 09:15:00+05:30,7511.0,7591.0,7511.0,7553.0,35834,0.0,0.0,APOLLOHOSP.NS
2026-03-27 09:30:00+05:30,7551.0,7562.5,7534.5,7544.0,15075,0.0,0.0,APOLLOHOSP.NS
2026-03-27 09:45:00+05:30,7544.0,7549.0,7528.5,7533.5,18795,0.0,0.0,APOLLOHOSP.NS
2026-03-27 10:00:00+05:30,7533.5,7542.5,7530.5,7533.0,5575,0.0,0.0,APOLLOHOSP.NS
2026-03-27 10:15:00+05:30,7530.5,7539.5,7524.0,7539.0,5986,0.0,0.0,APOLLOHOSP.NS
2026-03-27 10:30:00+05:30,7539.0,7579.0,7537.5,7578.0,9619,0.0,0.0,APOLLOHOSP.NS
2026-03-27 10:45:00+05:30,7577.0,7585.0,7570.0,7578.5,13090,0.0,0.0,APOLLOHOSP.NS
2026-03-27 11:00:00+05:30,7579.0,7607.5,7579.0,7600.5,9430,0.0,0.0,APOLLOHOSP.NS
2026-03-27 11:15:00+05:30,7602.0,7606.5,7570.5,7575.0,28572,0.0,0.0,APOLLOHOSP.NS
2026-03-27 11:30:00+05:30,7575.0,7621.0,7573.5,7618.0,33727,0.0,0.0,APOLLOHOSP.NS
2026-03-27 11:45:00+05:30,7616.0,7618.0,7596.5,7607.5,8277,0.0,0.0,APOLLOHOSP.NS
2026-03-27 12:00:00+05:30,7609.0,7609.0,7582.0,7585.0,12424,0.0,0.0,APOLLOHOSP.NS
2026-03-27 12:15:00+05:30,7583.0,7602.5,7578.0,7602.0,13593,0.0,0.0,APOLLOHOSP.NS
2026-03-27 12:30:00+05:30,7602.0,7602.5,7572.0,7576.5,13319,0.0,0.0,APOLLOHOSP.NS
2026-03-27 12:45:00+05:30,7576.5,7582.0,7568.0,7571.5,6452,0.0,0.0,APOLLOHOSP.NS
2026-03-27 13:00:00+05:30,7572.0,7573.5,7558.0,7569.5,7820,0.0,0.0,APOLLOHOSP.NS
2026-03-27 13:15:00+05:30,7570.0,7601.5,7570.0,7588.0,13623,0.0,0.0,APOLLOHOSP.NS
2026-03-27 13:30:00+05:30,7587.0,7588.0,7562.5,7580.0,10829,0.0,0.0,APOLLOHOSP.NS
2026-03-27 13:45:00+05:30,7579.5,7589.0,7569.5,7574.5,8096,0.0,0.0,APOLLOHOSP.NS
2026-03-27 14:00:00+05:30,7574.0,7574.0,7556.0,7556.0,7572,0.0,0.0,APOLLOHOSP.NS
2026-03-27 14:15:00+05:30,7559.0,7565.0,7552.0,7562.0,6111,0.0,0.0,APOLLOHOSP.NS
2026-03-27 14:30:00+05:30,7562.0,7576.5,7542.5,7571.0,13785,0.0,0.0,APOLLOHOSP.NS
2026-03-27 14:45:00+05:30,7572.0,7581.0,7561.0,7578.5,19538,0.0,0.0,APOLLOHOSP.NS
2026-03-27 15:00:00+05:30,7573.0,7573.0,7532.0,7543.0,89158,0.0,0.0,APOLLOHOSP.NS
2026-03-27 15:15:00+05:30,7544.0,7582.5,7531.0,7549.0,90442,0.0,0.0,APOLLOHOSP.NS
2026-03-30 09:15:00+05:30,7490.0,7490.0,7409.5,7430.0,18902,0.0,0.0,APOLLOHOSP.NS
2026-03-30 09:30:00+05:30,7430.0,7490.5,7423.5,7468.5,15480,0.0,0.0,APOLLOHOSP.NS
2026-03-30 09:45:00+05:30,7476.0,7479.5,7432.0,7437.5,8971,0.0,0.0,APOLLOHOSP.NS
2026-03-30 10:00:00+05:30,7437.5,7459.5,7422.0,7427.5,6274,0.0,0.0,APOLLOHOSP.NS
2026-03-30 10:15:00+05:30,7430.0,7432.5,7415.5,7420.5,7488,0.0,0.0,APOLLOHOSP.NS
2026-03-30 10:30:00+05:30,7420.0,7439.0,7415.5,7431.0,6005,0.0,0.0,APOLLOHOSP.NS
2026-03-30 10:45:00+05:30,7433.5,7435.0,7423.0,7428.5,36302,0.0,0.0,APOLLOHOSP.NS
2026-03-30 11:00:00+05:30,7427.5,7427.5,7363.5,7373.5,12574,0.0,0.0,APOLLOHOSP.NS
2026-03-30 11:15:00+05:30,7374.5,7385.5,7362.5,7362.5,5949,0.0,0.0,APOLLOHOSP.NS
2026-03-30 11:30:00+05:30,7364.0,7390.0,7362.0,7369.0,9020,0.0,0.0,APOLLOHOSP.NS
2026-03-30 11:45:00+05:30,7369.0,7394.0,7360.5,7387.5,31825,0.0,0.0,APOLLOHOSP.NS
2026-03-30 12:00:00+05:30,7387.5,7432.5,7386.0,7419.0,10212,0.0,0.0,APOLLOHOSP.NS
2026-03-30 12:15:00+05:30,7422.5,7438.5,7404.0,7418.5,9074,0.0,0.0,APOLLOHOSP.NS
2026-03-30 12:30:00+05:30,7420.0,7432.5,7410.5,7411.5,8883,0.0,0.0,APOLLOHOSP.NS
2026-03-30 12:45:00+05:30,7414.5,7414.5,7381.5,7388.5,16044,0.0,0.0,APOLLOHOSP.NS
2026-03-30 13:00:00+05:30,7388.0,7399.0,7383.0,7394.5,6326,0.0,0.0,APOLLOHOSP.NS
2026-03-30 13:15:00+05:30,7394.0,7398.5,7386.0,7394.0,4824,0.0,0.0,APOLLOHOSP.NS
2026-03-30 13:30:00+05:30,7394.0,7420.5,7391.5,7406.5,5549,0.0,0.0,APOLLOHOSP.NS
2026-03-30 13:45:00+05:30,7406.5,7417.5,7387.0,7390.0,4494,0.0,0.0,APOLLOHOSP.NS
2026-03-30 14:00:00+05:30,7390.0,7415.5,7389.5,7392.5,6105,0.0,0.0,APOLLOHOSP.NS
2026-03-30 14:15:00+05:30,7391.5,7402.0,7390.0,7391.5,6340,0.0,0.0,APOLLOHOSP.NS
2026-03-30 14:30:00+05:30,7390.0,7399.0,7385.0,7392.0,10616,0.0,0.0,APOLLOHOSP.NS
2026-03-30 14:45:00+05:30,7394.5,7415.5,7394.5,7401.5,16754,0.0,0.0,APOLLOHOSP.NS
2026-03-30 15:00:00+05:30,7396.0,7425.0,7386.0,7424.5,222142,0.0,0.0,APOLLOHOSP.NS
2026-03-30 15:15:00+05:30,7427.5,7509.5,7408.5,7500.0,249604,0.0,0.0,APOLLOHOSP.NS
2026-04-01 09:15:00+05:30,7551.0,7553.5,7476.5,7512.0,17607,0.0,0.0,APOLLOHOSP.NS
2026-04-01 09:30:00+05:30,7514.5,7519.0,7458.0,7462.0,21983,0.0,0.0,APOLLOHOSP.NS
2026-04-01 09:45:00+05:30,7463.5,7481.5,7445.5,7450.0,18193,0.0,0.0,APOLLOHOSP.NS
2026-04-01 10:00:00+05:30,7449.0,7457.5,7435.5,7442.0,15071,0.0,0.0,APOLLOHOSP.NS
2026-04-01 10:15:00+05:30,7444.5,7448.0,7383.0,7391.0,19787,0.0,0.0,APOLLOHOSP.NS
2026-04-01 10:30:00+05:30,7399.0,7408.0,7345.0,7346.5,21015,0.0,0.0,APOLLOHOSP.NS
2026-04-01 10:45:00+05:30,7348.5,7350.5,7275.0,7285.0,27429,0.0,0.0,APOLLOHOSP.NS
2026-04-01 11:00:00+05:30,7285.0,7313.5,7250.5,7306.5,33211,0.0,0.0,APOLLOHOSP.NS
2026-04-01 11:15:00+05:30,7306.5,7344.5,7304.0,7343.0,21032,0.0,0.0,APOLLOHOSP.NS
2026-04-01 11:30:00+05:30,7341.0,7365.0,7325.0,7325.5,28481,0.0,0.0,APOLLOHOSP.NS
2026-04-01 11:45:00+05:30,7326.0,7326.5,7292.5,7305.5,23561,0.0,0.0,APOLLOHOSP.NS
2026-04-01 12:00:00+05:30,7305.0,7341.0,7302.0,7334.0,27208,0.0,0.0,APOLLOHOSP.NS
2026-04-01 12:15:00+05:30,7333.5,7348.0,7314.5,7314.5,14390,0.0,0.0,APOLLOHOSP.NS
2026-04-01 12:30:00+05:30,7315.0,7336.5,7311.0,7331.5,13754,0.0,0.0,APOLLOHOSP.NS
2026-04-01 12:45:00+05:30,7332.0,7341.5,7320.0,7320.0,15543,0.0,0.0,APOLLOHOSP.NS
2026-04-01 13:00:00+05:30,7320.5,7342.0,7319.5,7341.0,13376,0.0,0.0,APOLLOHOSP.NS
2026-04-01 13:15:00+05:30,7343.0,7355.5,7315.0,7325.5,21314,0.0,0.0,APOLLOHOSP.NS
2026-04-01 13:30:00+05:30,7325.5,7337.5,7291.5,7310.0,18968,0.0,0.0,APOLLOHOSP.NS
2026-04-01 13:45:00+05:30,7308.5,7316.0,7303.0,7304.0,8499,0.0,0.0,APOLLOHOSP.NS
2026-04-01 14:00:00+05:30,7304.0,7313.5,7294.5,7309.0,16142,0.0,0.0,APOLLOHOSP.NS
2026-04-01 14:15:00+05:30,7309.0,7311.5,7292.0,7295.5,18420,0.0,0.0,APOLLOHOSP.NS
2026-04-01 14:30:00+05:30,7296.5,7296.5,7279.5,7287.5,16221,0.0,0.0,APOLLOHOSP.NS
2026-04-01 14:45:00+05:30,7290.0,7305.0,7286.0,7300.0,33332,0.0,0.0,APOLLOHOSP.NS
2026-04-01 15:00:00+05:30,7300.0,7313.0,7300.0,7305.0,65695,0.0,0.0,APOLLOHOSP.NS
2026-04-01 15:15:00+05:30,7304.5,7313.0,7304.0,7307.0,50276,0.0,0.0,APOLLOHOSP.NS
2026-04-02 09:15:00+05:30,7209.5,7234.5,7159.5,7166.0,16750,0.0,0.0,APOLLOHOSP.NS
2026-04-02 09:30:00+05:30,7165.5,7206.0,7165.5,7192.5,11278,0.0,0.0,APOLLOHOSP.NS
2026-04-02 09:45:00+05:30,7192.5,7193.5,7171.0,7184.0,7165,0.0,0.0,APOLLOHOSP.NS
2026-04-02 10:00:00+05:30,7184.5,7190.0,7152.0,7175.0,10117,0.0,0.0,APOLLOHOSP.NS
2026-04-02 10:15:00+05:30,7172.5,7175.0,7158.0,7168.5,6132,0.0,0.0,APOLLOHOSP.NS
2026-04-02 10:30:00+05:30,7169.5,7192.0,7168.5,7183.5,6536,0.0,0.0,APOLLOHOSP.NS
2026-04-02 10:45:00+05:30,7183.5,7202.0,7166.0,7193.5,4714,0.0,0.0,APOLLOHOSP.NS
2026-04-02 11:00:00+05:30,7194.5,7214.5,7191.5,7213.0,7967,0.0,0.0,APOLLOHOSP.NS
2026-04-02 11:15:00+05:30,7213.0,7220.0,7202.5,7213.0,9342,0.0,0.0,APOLLOHOSP.NS
2026-04-02 11:30:00+05:30,7213.0,7229.5,7210.0,7228.0,2611,0.0,0.0,APOLLOHOSP.NS
2026-04-02 11:45:00+05:30,7228.5,7259.5,7224.0,7256.5,5267,0.0,0.0,APOLLOHOSP.NS
2026-04-02 12:00:00+05:30,7256.0,7276.5,7256.0,7265.0,8604,0.0,0.0,APOLLOHOSP.NS
2026-04-02 12:15:00+05:30,7267.0,7267.5,7230.0,7267.5,6043,0.0,0.0,APOLLOHOSP.NS
2026-04-02 12:30:00+05:30,7264.0,7273.5,7240.5,7249.0,29768,0.0,0.0,APOLLOHOSP.NS
2026-04-02 12:45:00+05:30,7253.0,7260.0,7242.5,7256.0,4313,0.0,0.0,APOLLOHOSP.NS
2026-04-02 13:00:00+05:30,7256.0,7260.5,7252.0,7259.5,4758,0.0,0.0,APOLLOHOSP.NS
2026-04-02 13:15:00+05:30,7259.5,7307.0,7255.0,7307.0,16262,0.0,0.0,APOLLOHOSP.NS
2026-04-02 13:30:00+05:30,7308.0,7325.5,7303.0,7320.0,8870,0.0,0.0,APOLLOHOSP.NS
2026-04-02 13:45:00+05:30,7320.0,7335.0,7315.5,7322.5,9416,0.0,0.0,APOLLOHOSP.NS
2026-04-02 14:00:00+05:30,7320.5,7346.5,7320.5,7346.5,6378,0.0,0.0,APOLLOHOSP.NS
2026-04-02 14:15:00+05:30,7347.0,7360.5,7325.0,7354.5,12601,0.0,0.0,APOLLOHOSP.NS
2026-04-02 14:30:00+05:30,7357.5,7366.0,7324.5,7330.0,14832,0.0,0.0,APOLLOHOSP.NS
2026-04-02 14:45:00+05:30,7327.0,7354.0,7327.0,7354.0,14972,0.0,0.0,APOLLOHOSP.NS
2026-04-02 15:00:00+05:30,7349.0,7361.0,7304.0,7325.5,44805,0.0,0.0,APOLLOHOSP.NS
2026-04-02 15:15:00+05:30,7324.0,7327.0,7293.5,7317.5,46091,0.0,0.0,APOLLOHOSP.NS
2026-04-06 09:15:00+05:30,7325.5,7343.0,7257.0,7276.0,14612,0.0,0.0,APOLLOHOSP.NS
2026-04-06 09:30:00+05:30,7266.0,7310.0,7253.5,7261.5,15758,0.0,0.0,APOLLOHOSP.NS
2026-04-06 09:45:00+05:30,7261.0,7276.0,7257.0,7273.0,8512,0.0,0.0,APOLLOHOSP.NS
2026-04-06 10:00:00+05:30,7271.0,7278.5,7260.0,7274.5,11030,0.0,0.0,APOLLOHOSP.NS
2026-04-06 10:15:00+05:30,7276.0,7288.0,7260.0,7277.0,14805,0.0,0.0,APOLLOHOSP.NS
2026-04-06 10:30:00+05:30,7273.0,7285.0,7261.0,7282.5,5802,0.0,0.0,APOLLOHOSP.NS
2026-04-06 10:45:00+05:30,7282.5,7314.5,7281.5,7290.0,9549,0.0,0.0,APOLLOHOSP.NS
2026-04-06 11:00:00+05:30,7288.5,7301.0,7270.0,7285.0,15595,0.0,0.0,APOLLOHOSP.NS
2026-04-06 11:15:00+05:30,7283.0,7292.5,7271.5,7276.0,5727,0.0,0.0,APOLLOHOSP.NS
2026-04-06 11:30:00+05:30,7276.0,7276.0,7255.0,7256.5,16611,0.0,0.0,APOLLOHOSP.NS
2026-04-06 11:45:00+05:30,7256.5,7271.5,7243.0,7264.5,14753,0.0,0.0,APOLLOHOSP.NS
2026-04-06 12:00:00+05:30,7264.5,7270.5,7256.5,7258.5,7096,0.0,0.0,APOLLOHOSP.NS
2026-04-06 12:15:00+05:30,7256.0,7294.5,7255.0,7286.5,12667,0.0,0.0,APOLLOHOSP.NS
2026-04-06 12:30:00+05:30,7285.0,7292.0,7267.0,7288.0,10290,0.0,0.0,APOLLOHOSP.NS
2026-04-06 12:45:00+05:30,7286.5,7310.5,7282.5,7307.5,15741,0.0,0.0,APOLLOHOSP.NS
2026-04-06 13:00:00+05:30,7311.5,7332.0,7305.0,7325.0,10602,0.0,0.0,APOLLOHOSP.NS
2026-04-06 13:15:00+05:30,7325.5,7348.5,7319.0,7343.0,14941,0.0,0.0,APOLLOHOSP.NS
2026-04-06 13:30:00+05:30,7345.0,7349.5,7310.0,7318.5,26071,0.0,0.0,APOLLOHOSP.NS
2026-04-06 13:45:00+05:30,7315.5,7321.0,7302.5,7314.5,10983,0.0,0.0,APOLLOHOSP.NS
2026-04-06 14:00:00+05:30,7315.0,7335.5,7310.0,7335.5,12534,0.0,0.0,APOLLOHOSP.NS
2026-04-06 14:15:00+05:30,7336.0,7342.5,7327.0,7335.5,21305,0.0,0.0,APOLLOHOSP.NS
2026-04-06 14:30:00+05:30,7335.5,7371.5,7335.5,7362.0,14665,0.0,0.0,APOLLOHOSP.NS
2026-04-06 14:45:00+05:30,7361.5,7361.5,7328.0,7344.5,11191,0.0,0.0,APOLLOHOSP.NS
2026-04-06 15:00:00+05:30,7340.0,7388.0,7338.5,7378.5,18498,0.0,0.0,APOLLOHOSP.NS
2026-04-06 15:15:00+05:30,7379.5,7395.0,7368.5,7373.0,23435,0.0,0.0,APOLLOHOSP.NS
2026-04-07 09:15:00+05:30,7326.5,7326.5,7224.0,7282.0,16069,0.0,0.0,APOLLOHOSP.NS
2026-04-07 09:30:00+05:30,7285.0,7307.5,7275.5,7288.0,11113,0.0,0.0,APOLLOHOSP.NS
2026-04-07 09:45:00+05:30,7286.0,7315.0,7285.0,7310.0,6298,0.0,0.0,APOLLOHOSP.NS
2026-04-07 10:00:00+05:30,7310.0,7312.5,7286.0,7296.5,8534,0.0,0.0,APOLLOHOSP.NS
2026-04-07 10:15:00+05:30,7296.0,7309.0,7287.0,7309.0,16931,0.0,0.0,APOLLOHOSP.NS
2026-04-07 10:30:00+05:30,7308.5,7337.0,7302.5,7328.5,8138,0.0,0.0,APOLLOHOSP.NS
2026-04-07 10:45:00+05:30,7330.0,7331.5,7286.0,7287.0,7546,0.0,0.0,APOLLOHOSP.NS
2026-04-07 11:00:00+05:30,7287.0,7305.0,7275.5,7305.0,5906,0.0,0.0,APOLLOHOSP.NS
2026-04-07 11:15:00+05:30,7302.0,7323.5,7298.5,7323.0,3978,0.0,0.0,APOLLOHOSP.NS
2026-04-07 11:30:00+05:30,7324.0,7333.5,7315.0,7327.5,5594,0.0,0.0,APOLLOHOSP.NS
2026-04-07 11:45:00+05:30,7326.0,7357.5,7320.0,7353.5,6041,0.0,0.0,APOLLOHOSP.NS
2026-04-07 12:00:00+05:30,7355.0,7355.0,7322.0,7329.0,5056,0.0,0.0,APOLLOHOSP.NS
2026-04-07 12:15:00+05:30,7329.5,7338.5,7322.0,7329.0,3688,0.0,0.0,APOLLOHOSP.NS
2026-04-07 12:30:00+05:30,7330.5,7331.0,7320.0,7323.0,2267,0.0,0.0,APOLLOHOSP.NS
2026-04-07 12:45:00+05:30,7324.5,7325.5,7300.0,7304.0,17233,0.0,0.0,APOLLOHOSP.NS
2026-04-07 13:00:00+05:30,7304.0,7327.0,7293.0,7324.0,8990,0.0,0.0,APOLLOHOSP.NS
2026-04-07 13:15:00+05:30,7324.0,7338.0,7320.5,7330.0,3816,0.0,0.0,APOLLOHOSP.NS
2026-04-07 13:30:00+05:30,7332.0,7358.0,7330.5,7336.0,7951,0.0,0.0,APOLLOHOSP.NS
2026-04-07 13:45:00+05:30,7336.5,7336.5,7320.0,7322.5,8422,0.0,0.0,APOLLOHOSP.NS
2026-04-07 14:00:00+05:30,7325.5,7337.5,7314.5,7332.5,10934,0.0,0.0,APOLLOHOSP.NS
2026-04-07 14:15:00+05:30,7332.5,7337.5,7326.5,7336.0,5598,0.0,0.0,APOLLOHOSP.NS
2026-04-07 14:30:00+05:30,7332.0,7337.5,7325.0,7326.5,5689,0.0,0.0,APOLLOHOSP.NS
2026-04-07 14:45:00+05:30,7326.5,7344.5,7325.0,7341.0,7813,0.0,0.0,APOLLOHOSP.NS
2026-04-07 15:00:00+05:30,7339.5,7342.5,7315.5,7320.0,51161,0.0,0.0,APOLLOHOSP.NS
2026-04-07 15:15:00+05:30,7320.5,7356.0,7310.0,7326.5,53915,0.0,0.0,APOLLOHOSP.NS
2026-04-08 09:15:00+05:30,7460.0,7518.0,7433.5,7436.5,23191,0.0,0.0,APOLLOHOSP.NS
2026-04-08 09:30:00+05:30,7438.0,7449.5,7415.5,7435.5,12305,0.0,0.0,APOLLOHOSP.NS
2026-04-08 09:45:00+05:30,7435.5,7457.5,7395.5,7401.0,18020,0.0,0.0,APOLLOHOSP.NS
2026-04-08 10:00:00+05:30,7401.0,7409.0,7372.0,7381.0,14407,0.0,0.0,APOLLOHOSP.NS
2026-04-08 10:15:00+05:30,7378.0,7383.5,7364.0,7376.0,9334,0.0,0.0,APOLLOHOSP.NS
2026-04-08 10:30:00+05:30,7375.0,7375.5,7338.0,7366.0,20010,0.0,0.0,APOLLOHOSP.NS
2026-04-08 10:45:00+05:30,7370.0,7395.0,7369.0,7393.0,8488,0.0,0.0,APOLLOHOSP.NS
2026-04-08 11:00:00+05:30,7392.5,7405.0,7381.0,7384.0,8251,0.0,0.0,APOLLOHOSP.NS
2026-04-08 11:15:00+05:30,7385.0,7390.5,7375.0,7380.0,6759,0.0,0.0,APOLLOHOSP.NS
2026-04-08 11:30:00+05:30,7380.0,7396.5,7372.5,7396.5,7011,0.0,0.0,APOLLOHOSP.NS
2026-04-08 11:45:00+05:30,7396.5,7412.5,7396.0,7398.0,30968,0.0,0.0,APOLLOHOSP.NS
2026-04-08 12:00:00+05:30,7398.0,7406.0,7393.0,7401.0,10170,0.0,0.0,APOLLOHOSP.NS
2026-04-08 12:15:00+05:30,7400.5,7408.0,7392.0,7401.0,16963,0.0,0.0,APOLLOHOSP.NS
2026-04-08 12:30:00+05:30,7400.5,7401.0,7365.5,7374.0,12974,0.0,0.0,APOLLOHOSP.NS
2026-04-08 12:45:00+05:30,7373.5,7383.0,7367.5,7382.0,11848,0.0,0.0,APOLLOHOSP.NS
2026-04-08 13:00:00+05:30,7380.0,7382.5,7370.0,7382.5,16737,0.0,0.0,APOLLOHOSP.NS
2026-04-08 13:15:00+05:30,7382.5,7390.0,7376.0,7384.5,6888,0.0,0.0,APOLLOHOSP.NS
2026-04-08 13:30:00+05:30,7383.0,7401.0,7378.5,7378.5,6851,0.0,0.0,APOLLOHOSP.NS
2026-04-08 13:45:00+05:30,7382.5,7386.0,7340.0,7347.5,16321,0.0,0.0,APOLLOHOSP.NS
2026-04-08 14:00:00+05:30,7345.5,7345.5,7332.5,7343.0,12925,0.0,0.0,APOLLOHOSP.NS
2026-04-08 14:15:00+05:30,7343.0,7360.0,7343.0,7358.5,13887,0.0,0.0,APOLLOHOSP.NS
2026-04-08 14:30:00+05:30,7359.0,7405.5,7355.5,7404.0,13607,0.0,0.0,APOLLOHOSP.NS
2026-04-08 14:45:00+05:30,7405.0,7440.0,7402.0,7415.5,20671,0.0,0.0,APOLLOHOSP.NS
2026-04-08 15:00:00+05:30,7415.5,7415.5,7389.5,7406.5,24772,0.0,0.0,APOLLOHOSP.NS
2026-04-08 15:15:00+05:30,7407.0,7409.0,7387.0,7401.5,23801,0.0,0.0,APOLLOHOSP.NS
2026-04-09 09:15:00+05:30,7396.0,7475.0,7372.0,7465.0,29106,0.0,0.0,APOLLOHOSP.NS
2026-04-09 09:30:00+05:30,7462.5,7489.0,7449.0,7464.0,23809,0.0,0.0,APOLLOHOSP.NS
2026-04-09 09:45:00+05:30,7464.0,7468.5,7441.5,7449.5,9865,0.0,0.0,APOLLOHOSP.NS
2026-04-09 10:00:00+05:30,7444.5,7498.0,7433.0,7493.0,13014,0.0,0.0,APOLLOHOSP.NS
2026-04-09 10:15:00+05:30,7495.0,7503.0,7460.0,7461.0,18563,0.0,0.0,APOLLOHOSP.NS
2026-04-09 10:30:00+05:30,7465.5,7468.0,7436.5,7444.5,13938,0.0,0.0,APOLLOHOSP.NS
2026-04-09 10:45:00+05:30,7444.0,7470.0,7444.0,7461.5,7188,0.0,0.0,APOLLOHOSP.NS
2026-04-09 11:00:00+05:30,7460.5,7470.0,7460.5,7468.0,4729,0.0,0.0,APOLLOHOSP.NS
2026-04-09 11:15:00+05:30,7467.0,7479.5,7460.5,7475.5,5720,0.0,0.0,APOLLOHOSP.NS
2026-04-09 11:30:00+05:30,7478.0,7485.0,7475.5,7483.0,5121,0.0,0.0,APOLLOHOSP.NS
2026-04-09 11:45:00+05:30,7484.5,7498.0,7484.0,7493.0,8816,0.0,0.0,APOLLOHOSP.NS
2026-04-09 12:00:00+05:30,7493.0,7510.5,7493.0,7506.0,14660,0.0,0.0,APOLLOHOSP.NS
2026-04-09 12:15:00+05:30,7505.5,7505.5,7497.5,7500.0,14579,0.0,0.0,APOLLOHOSP.NS
2026-04-09 12:30:00+05:30,7500.0,7500.0,7485.0,7490.5,7252,0.0,0.0,APOLLOHOSP.NS
2026-04-09 12:45:00+05:30,7490.5,7490.5,7460.0,7483.5,12556,0.0,0.0,APOLLOHOSP.NS
2026-04-09 13:00:00+05:30,7483.0,7491.5,7482.0,7490.5,5234,0.0,0.0,APOLLOHOSP.NS
2026-04-09 13:15:00+05:30,7490.5,7491.5,7471.5,7472.0,6302,0.0,0.0,APOLLOHOSP.NS
2026-04-09 13:30:00+05:30,7472.0,7482.0,7466.5,7471.5,7742,0.0,0.0,APOLLOHOSP.NS
2026-04-09 13:45:00+05:30,7473.0,7473.5,7454.0,7463.5,4618,0.0,0.0,APOLLOHOSP.NS
2026-04-09 14:00:00+05:30,7464.5,7477.5,7460.5,7465.0,6815,0.0,0.0,APOLLOHOSP.NS
2026-04-09 14:15:00+05:30,7463.5,7467.5,7455.5,7457.5,9961,0.0,0.0,APOLLOHOSP.NS
2026-04-09 14:30:00+05:30,7458.5,7473.0,7450.5,7468.0,14216,0.0,0.0,APOLLOHOSP.NS
2026-04-09 14:45:00+05:30,7468.5,7480.0,7457.0,7471.5,23545,0.0,0.0,APOLLOHOSP.NS
2026-04-09 15:00:00+05:30,7471.5,7496.0,7461.5,7486.5,56595,0.0,0.0,APOLLOHOSP.NS
2026-04-09 15:15:00+05:30,7487.0,7488.0,7447.5,7481.5,61053,0.0,0.0,APOLLOHOSP.NS
2026-04-10 09:15:00+05:30,7499.5,7503.5,7462.5,7480.0,8264,0.0,0.0,APOLLOHOSP.NS
2026-04-10 09:30:00+05:30,7480.0,7527.5,7480.0,7520.0,17971,0.0,0.0,APOLLOHOSP.NS
2026-04-10 09:45:00+05:30,7523.0,7530.0,7510.0,7516.0,19087,0.0,0.0,APOLLOHOSP.NS
2026-04-10 10:00:00+05:30,7516.0,7529.0,7487.5,7511.0,23003,0.0,0.0,APOLLOHOSP.NS
2026-04-10 10:15:00+05:30,7511.5,7540.0,7511.5,7528.0,15528,0.0,0.0,APOLLOHOSP.NS
2026-04-10 10:30:00+05:30,7528.0,7536.0,7528.0,7533.0,6347,0.0,0.0,APOLLOHOSP.NS
2026-04-10 10:45:00+05:30,7533.0,7533.0,7523.5,7532.0,7848,0.0,0.0,APOLLOHOSP.NS
2026-04-10 11:00:00+05:30,7535.0,7558.0,7530.0,7545.5,26478,0.0,0.0,APOLLOHOSP.NS
2026-04-10 11:15:00+05:30,7544.0,7560.0,7544.0,7559.5,44010,0.0,0.0,APOLLOHOSP.NS
2026-04-10 11:30:00+05:30,7560.0,7563.0,7533.0,7547.0,20821,0.0,0.0,APOLLOHOSP.NS
2026-04-10 11:45:00+05:30,7547.0,7560.0,7546.5,7552.0,10815,0.0,0.0,APOLLOHOSP.NS
2026-04-10 12:00:00+05:30,7552.0,7559.0,7552.0,7553.0,8384,0.0,0.0,APOLLOHOSP.NS
2026-04-10 12:15:00+05:30,7554.5,7556.0,7549.0,7549.0,9544,0.0,0.0,APOLLOHOSP.NS
2026-04-10 12:30:00+05:30,7549.0,7550.0,7536.5,7539.0,8603,0.0,0.0,APOLLOHOSP.NS
2026-04-10 12:45:00+05:30,7539.0,7542.5,7530.0,7534.5,10234,0.0,0.0,APOLLOHOSP.NS
2026-04-10 13:00:00+05:30,7535.0,7540.5,7527.0,7535.0,20280,0.0,0.0,APOLLOHOSP.NS
2026-04-10 13:15:00+05:30,7538.0,7542.0,7526.0,7537.5,13367,0.0,0.0,APOLLOHOSP.NS
2026-04-10 13:30:00+05:30,7537.5,7542.5,7535.0,7538.5,6750,0.0,0.0,APOLLOHOSP.NS
2026-04-10 13:45:00+05:30,7539.0,7545.0,7535.5,7539.0,8465,0.0,0.0,APOLLOHOSP.NS
2026-04-10 14:00:00+05:30,7539.0,7545.0,7517.0,7527.5,23525,0.0,0.0,APOLLOHOSP.NS
2026-04-10 14:15:00+05:30,7526.5,7529.0,7497.0,7497.0,17102,0.0,0.0,APOLLOHOSP.NS
2026-04-10 14:30:00+05:30,7497.0,7506.0,7497.0,7500.0,9650,0.0,0.0,APOLLOHOSP.NS
2026-04-10 14:45:00+05:30,7500.0,7510.5,7497.0,7501.5,14879,0.0,0.0,APOLLOHOSP.NS
2026-04-10 15:00:00+05:30,7501.5,7511.0,7499.5,7506.0,38113,0.0,0.0,APOLLOHOSP.NS
2026-04-10 15:15:00+05:30,7506.0,7535.0,7505.5,7518.0,38674,0.0,0.0,APOLLOHOSP.NS
2026-04-13 09:15:00+05:30,7460.0,7461.0,7411.0,7455.0,15956,0.0,0.0,APOLLOHOSP.NS
2026-04-13 09:30:00+05:30,7459.0,7500.0,7459.0,7478.5,14781,0.0,0.0,APOLLOHOSP.NS
2026-04-13 09:45:00+05:30,7478.5,7494.5,7467.0,7488.5,9236,0.0,0.0,APOLLOHOSP.NS
2026-04-13 10:00:00+05:30,7484.5,7494.5,7464.0,7467.0,6962,0.0,0.0,APOLLOHOSP.NS
2026-04-13 10:15:00+05:30,7466.0,7499.0,7460.0,7495.0,6697,0.0,0.0,APOLLOHOSP.NS
2026-04-13 10:30:00+05:30,7495.0,7499.0,7484.0,7488.0,4674,0.0,0.0,APOLLOHOSP.NS
2026-04-13 10:45:00+05:30,7488.0,7525.0,7488.0,7519.5,25883,0.0,0.0,APOLLOHOSP.NS
2026-04-13 11:00:00+05:30,7521.5,7549.0,7519.5,7540.5,10488,0.0,0.0,APOLLOHOSP.NS
2026-04-13 11:15:00+05:30,7540.5,7564.5,7540.5,7545.0,6826,0.0,0.0,APOLLOHOSP.NS
2026-04-13 11:30:00+05:30,7545.0,7550.0,7524.5,7528.5,5197,0.0,0.0,APOLLOHOSP.NS
2026-04-13 11:45:00+05:30,7529.0,7542.0,7520.0,7526.0,7274,0.0,0.0,APOLLOHOSP.NS
2026-04-13 12:00:00+05:30,7525.0,7533.5,7522.5,7529.0,3985,0.0,0.0,APOLLOHOSP.NS
2026-04-13 12:15:00+05:30,7529.0,7535.5,7521.5,7532.5,7505,0.0,0.0,APOLLOHOSP.NS
2026-04-13 12:30:00+05:30,7536.0,7538.0,7522.0,7527.0,5315,0.0,0.0,APOLLOHOSP.NS
2026-04-13 12:45:00+05:30,7527.0,7529.0,7510.0,7513.5,7328,0.0,0.0,APOLLOHOSP.NS
2026-04-13 13:00:00+05:30,7515.5,7527.0,7498.0,7526.5,8280,0.0,0.0,APOLLOHOSP.NS
2026-04-13 13:15:00+05:30,7526.5,7532.0,7521.0,7523.0,4403,0.0,0.0,APOLLOHOSP.NS
2026-04-13 13:30:00+05:30,7522.0,7530.0,7515.5,7519.0,4390,0.0,0.0,APOLLOHOSP.NS
2026-04-13 13:45:00+05:30,7519.5,7529.0,7517.5,7525.5,5512,0.0,0.0,APOLLOHOSP.NS
2026-04-13 14:00:00+05:30,7525.5,7527.5,7505.5,7510.0,10732,0.0,0.0,APOLLOHOSP.NS
2026-04-13 14:15:00+05:30,7510.0,7519.0,7509.5,7512.5,6304,0.0,0.0,APOLLOHOSP.NS
2026-04-13 14:30:00+05:30,7514.5,7534.5,7510.5,7533.5,12236,0.0,0.0,APOLLOHOSP.NS
2026-04-13 14:45:00+05:30,7531.0,7533.5,7525.0,7528.5,6762,0.0,0.0,APOLLOHOSP.NS
2026-04-13 15:00:00+05:30,7525.5,7525.5,7510.0,7515.5,57451,0.0,0.0,APOLLOHOSP.NS
2026-04-13 15:15:00+05:30,7515.0,7516.5,7510.0,7516.5,37656,0.0,0.0,APOLLOHOSP.NS
2026-04-15 09:15:00+05:30,7516.5,7587.0,7504.0,7568.0,20977,0.0,0.0,APOLLOHOSP.NS
2026-04-15 09:30:00+05:30,7568.5,7634.0,7565.0,7632.0,45217,0.0,0.0,APOLLOHOSP.NS
2026-04-15 09:45:00+05:30,7639.0,7645.0,7628.5,7640.5,19077,0.0,0.0,APOLLOHOSP.NS
2026-04-15 10:00:00+05:30,7639.5,7650.0,7639.5,7649.0,13048,0.0,0.0,APOLLOHOSP.NS
2026-04-15 10:15:00+05:30,7648.5,7655.5,7640.0,7643.0,13185,0.0,0.0,APOLLOHOSP.NS
2026-04-15 10:30:00+05:30,7643.0,7647.5,7639.0,7643.5,9522,0.0,0.0,APOLLOHOSP.NS
2026-04-15 10:45:00+05:30,7643.0,7655.5,7629.0,7653.5,14086,0.0,0.0,APOLLOHOSP.NS
2026-04-15 11:00:00+05:30,7653.5,7658.5,7642.5,7656.0,9278,0.0,0.0,APOLLOHOSP.NS
2026-04-15 11:15:00+05:30,7656.0,7659.0,7637.0,7641.5,11193,0.0,0.0,APOLLOHOSP.NS
2026-04-15 11:30:00+05:30,7640.5,7643.0,7615.0,7625.5,12133,0.0,0.0,APOLLOHOSP.NS
2026-04-15 11:45:00+05:30,7625.0,7650.5,7625.0,7639.5,10197,0.0,0.0,APOLLOHOSP.NS
2026-04-15 12:00:00+05:30,7640.5,7646.0,7636.5,7643.5,5750,0.0,0.0,APOLLOHOSP.NS
2026-04-15 12:15:00+05:30,7641.5,7646.0,7626.5,7627.0,7792,0.0,0.0,APOLLOHOSP.NS
2026-04-15 12:30:00+05:30,7629.0,7634.0,7620.5,7634.0,8413,0.0,0.0,APOLLOHOSP.NS
2026-04-15 12:45:00+05:30,7633.5,7660.0,7633.5,7658.0,20937,0.0,0.0,APOLLOHOSP.NS
2026-04-15 13:00:00+05:30,7658.0,7669.0,7652.5,7656.0,13421,0.0,0.0,APOLLOHOSP.NS
2026-04-15 13:15:00+05:30,7657.5,7686.0,7657.5,7674.0,23703,0.0,0.0,APOLLOHOSP.NS
2026-04-15 13:30:00+05:30,7674.5,7684.0,7665.0,7667.5,12568,0.0,0.0,APOLLOHOSP.NS
2026-04-15 13:45:00+05:30,7667.5,7668.0,7650.5,7659.0,7768,0.0,0.0,APOLLOHOSP.NS
2026-04-15 14:00:00+05:30,7659.0,7660.0,7654.0,7658.0,5332,0.0,0.0,APOLLOHOSP.NS
2026-04-15 14:15:00+05:30,7658.0,7660.0,7654.5,7660.0,9404,0.0,0.0,APOLLOHOSP.NS
2026-04-15 14:30:00+05:30,7658.0,7660.0,7645.0,7650.0,29211,0.0,0.0,APOLLOHOSP.NS
2026-04-15 14:45:00+05:30,7649.5,7656.5,7638.5,7650.5,17713,0.0,0.0,APOLLOHOSP.NS
2026-04-15 15:00:00+05:30,7653.5,7654.0,7637.5,7639.0,36778,0.0,0.0,APOLLOHOSP.NS
2026-04-15 15:15:00+05:30,7639.0,7649.0,7614.0,7642.0,26086,0.0,0.0,APOLLOHOSP.NS
2026-04-16 09:15:00+05:30,7660.0,7665.0,7598.0,7601.5,23596,0.0,0.0,APOLLOHOSP.NS
2026-04-16 09:30:00+05:30,7603.5,7612.0,7587.5,7609.0,21163,0.0,0.0,APOLLOHOSP.NS
2026-04-16 09:45:00+05:30,7609.0,7635.0,7590.5,7630.0,15975,0.0,0.0,APOLLOHOSP.NS
2026-04-16 10:00:00+05:30,7630.0,7648.0,7620.0,7640.5,13193,0.0,0.0,APOLLOHOSP.NS
2026-04-16 10:15:00+05:30,7635.5,7644.0,7633.5,7638.5,7309,0.0,0.0,APOLLOHOSP.NS
2026-04-16 10:30:00+05:30,7640.0,7641.0,7622.5,7632.0,11058,0.0,0.0,APOLLOHOSP.NS
2026-04-16 10:45:00+05:30,7636.5,7638.5,7615.0,7620.0,9532,0.0,0.0,APOLLOHOSP.NS
2026-04-16 11:00:00+05:30,7623.0,7631.0,7612.0,7620.0,10439,0.0,0.0,APOLLOHOSP.NS
2026-04-16 11:15:00+05:30,7620.0,7621.0,7595.5,7602.5,13057,0.0,0.0,APOLLOHOSP.NS
2026-04-16 11:30:00+05:30,7600.5,7604.5,7565.0,7566.5,18482,0.0,0.0,APOLLOHOSP.NS
2026-04-16 11:45:00+05:30,7565.5,7573.5,7547.5,7551.5,23294,0.0,0.0,APOLLOHOSP.NS
2026-04-16 12:00:00+05:30,7549.5,7549.5,7528.0,7533.5,18796,0.0,0.0,APOLLOHOSP.NS
2026-04-16 12:15:00+05:30,7520.5,7536.0,7515.0,7523.5,14668,0.0,0.0,APOLLOHOSP.NS
2026-04-16 12:30:00+05:30,7523.0,7528.5,7516.5,7522.5,7862,0.0,0.0,APOLLOHOSP.NS
2026-04-16 12:45:00+05:30,7523.0,7525.0,7512.0,7522.5,9373,0.0,0.0,APOLLOHOSP.NS
2026-04-16 13:00:00+05:30,7519.5,7524.5,7512.5,7524.5,6057,0.0,0.0,APOLLOHOSP.NS
2026-04-16 13:15:00+05:30,7524.0,7531.5,7517.5,7525.0,9391,0.0,0.0,APOLLOHOSP.NS
2026-04-16 13:30:00+05:30,7527.0,7528.0,7517.0,7526.0,5503,0.0,0.0,APOLLOHOSP.NS
2026-04-16 13:45:00+05:30,7526.0,7537.5,7512.5,7534.5,6906,0.0,0.0,APOLLOHOSP.NS
2026-04-16 14:00:00+05:30,7533.5,7540.0,7530.0,7530.0,11220,0.0,0.0,APOLLOHOSP.NS
2026-04-16 14:15:00+05:30,7530.0,7537.5,7521.0,7530.5,8415,0.0,0.0,APOLLOHOSP.NS
2026-04-16 14:30:00+05:30,7534.5,7555.0,7528.5,7549.0,12971,0.0,0.0,APOLLOHOSP.NS
2026-04-16 14:45:00+05:30,7552.0,7575.0,7544.5,7566.0,37943,0.0,0.0,APOLLOHOSP.NS
2026-04-16 15:00:00+05:30,7570.0,7570.0,7544.0,7550.0,28747,0.0,0.0,APOLLOHOSP.NS
2026-04-16 15:15:00+05:30,7550.0,7562.5,7549.5,7555.0,34275,0.0,0.0,APOLLOHOSP.NS
2026-04-17 09:15:00+05:30,7553.5,7587.5,7515.0,7576.0,11753,0.0,0.0,APOLLOHOSP.NS
2026-04-17 09:30:00+05:30,7574.0,7576.5,7523.0,7549.5,13386,0.0,0.0,APOLLOHOSP.NS
2026-04-17 09:45:00+05:30,7549.0,7607.5,7546.5,7598.0,11729,0.0,0.0,APOLLOHOSP.NS
2026-04-17 10:00:00+05:30,7590.5,7628.0,7584.0,7628.0,35558,0.0,0.0,APOLLOHOSP.NS
2026-04-17 10:15:00+05:30,7628.0,7637.0,7625.0,7632.0,7018,0.0,0.0,APOLLOHOSP.NS
2026-04-17 10:30:00+05:30,7632.0,7638.5,7626.5,7631.5,5310,0.0,0.0,APOLLOHOSP.NS
2026-04-17 10:45:00+05:30,7630.0,7632.0,7616.0,7626.5,3957,0.0,0.0,APOLLOHOSP.NS
2026-04-17 11:00:00+05:30,7626.5,7626.5,7616.0,7625.5,2964,0.0,0.0,APOLLOHOSP.NS
2026-04-17 11:15:00+05:30,7624.0,7626.0,7618.0,7623.5,1865,0.0,0.0,APOLLOHOSP.NS
2026-04-17 11:30:00+05:30,7623.5,7670.0,7623.0,7670.0,15108,0.0,0.0,APOLLOHOSP.NS
2026-04-17 11:45:00+05:30,7670.0,7670.0,7655.5,7659.0,7359,0.0,0.0,APOLLOHOSP.NS
2026-04-17 12:00:00+05:30,7659.0,7665.0,7651.5,7662.5,4483,0.0,0.0,APOLLOHOSP.NS
2026-04-17 12:15:00+05:30,7662.5,7695.0,7662.0,7693.0,21614,0.0,0.0,APOLLOHOSP.NS
2026-04-17 12:30:00+05:30,7695.0,7700.0,7683.5,7696.5,10959,0.0,0.0,APOLLOHOSP.NS
2026-04-17 12:45:00+05:30,7695.5,7700.0,7682.0,7688.0,10309,0.0,0.0,APOLLOHOSP.NS
2026-04-17 13:00:00+05:30,7691.5,7702.0,7685.5,7691.0,14664,0.0,0.0,APOLLOHOSP.NS
2026-04-17 13:15:00+05:30,7691.0,7701.0,7688.0,7700.0,11089,0.0,0.0,APOLLOHOSP.NS
2026-04-17 13:30:00+05:30,7699.5,7702.0,7692.0,7698.5,8862,0.0,0.0,APOLLOHOSP.NS
2026-04-17 13:45:00+05:30,7700.0,7703.0,7694.5,7700.5,6955,0.0,0.0,APOLLOHOSP.NS
2026-04-17 14:00:00+05:30,7701.5,7705.0,7695.0,7696.5,8105,0.0,0.0,APOLLOHOSP.NS
2026-04-17 14:15:00+05:30,7697.0,7703.0,7692.5,7698.0,7496,0.0,0.0,APOLLOHOSP.NS
2026-04-17 14:30:00+05:30,7699.0,7699.0,7683.0,7689.5,9178,0.0,0.0,APOLLOHOSP.NS
2026-04-17 14:45:00+05:30,7689.5,7701.0,7689.0,7700.0,10132,0.0,0.0,APOLLOHOSP.NS
2026-04-17 15:00:00+05:30,7699.5,7705.0,7681.0,7697.0,41792,0.0,0.0,APOLLOHOSP.NS
2026-04-17 15:15:00+05:30,7697.0,7710.0,7697.0,7699.0,40262,0.0,0.0,APOLLOHOSP.NS
2026-04-20 09:15:00+05:30,7691.5,7729.0,7625.5,7672.0,17639,0.0,0.0,APOLLOHOSP.NS
2026-04-20 09:30:00+05:30,7675.5,7690.5,7646.0,7646.5,8386,0.0,0.0,APOLLOHOSP.NS
2026-04-20 09:45:00+05:30,7647.5,7648.5,7623.5,7639.0,8040,0.0,0.0,APOLLOHOSP.NS
2026-04-20 10:00:00+05:30,7640.5,7664.0,7637.5,7664.0,4106,0.0,0.0,APOLLOHOSP.NS
2026-04-20 15:00:00+05:30,7699.0,7699.0,7649.0,7649.0,239351,0.0,0.0,APOLLOHOSP.NS
2026-04-20 15:15:00+05:30,7651.5,7665.0,7635.5,7660.5,35933,0.0,0.0,APOLLOHOSP.NS
2026-04-21 09:15:00+05:30,7686.5,7706.0,7670.0,7692.5,8990,0.0,0.0,APOLLOHOSP.NS
2026-04-21 09:30:00+05:30,7692.5,7701.0,7686.0,7692.5,7438,0.0,0.0,APOLLOHOSP.NS
2026-04-21 09:45:00+05:30,7692.5,7727.0,7692.5,7725.0,23187,0.0,0.0,APOLLOHOSP.NS
2026-04-21 10:00:00+05:30,7725.0,7740.0,7722.0,7739.0,23414,0.0,0.0,APOLLOHOSP.NS
2026-04-21 10:15:00+05:30,7740.0,7752.5,7730.0,7736.0,16375,0.0,0.0,APOLLOHOSP.NS
2026-04-21 10:30:00+05:30,7736.0,7749.0,7730.0,7735.0,6869,0.0,0.0,APOLLOHOSP.NS
2026-04-21 10:45:00+05:30,7735.0,7749.0,7733.0,7733.0,4681,0.0,0.0,APOLLOHOSP.NS
2026-04-21 11:00:00+05:30,7733.0,7738.0,7733.0,7735.0,3070,0.0,0.0,APOLLOHOSP.NS
2026-04-21 11:15:00+05:30,7735.0,7735.0,7717.5,7723.0,7331,0.0,0.0,APOLLOHOSP.NS
2026-04-21 11:30:00+05:30,7723.0,7728.0,7715.0,7727.5,5211,0.0,0.0,APOLLOHOSP.NS
2026-04-21 11:45:00+05:30,7727.5,7730.0,7717.5,7723.0,3555,0.0,0.0,APOLLOHOSP.NS
2026-04-21 12:00:00+05:30,7723.0,7734.0,7657.0,7728.0,7558,0.0,0.0,APOLLOHOSP.NS
2026-04-21 12:15:00+05:30,7727.5,7733.5,7724.0,7732.5,4646,0.0,0.0,APOLLOHOSP.NS
2026-04-21 12:30:00+05:30,7734.0,7735.0,7723.0,7723.5,5188,0.0,0.0,APOLLOHOSP.NS
2026-04-21 12:45:00+05:30,7726.5,7735.0,7724.5,7735.0,3747,0.0,0.0,APOLLOHOSP.NS
2026-04-21 13:00:00+05:30,7738.5,7750.0,7738.5,7750.0,8838,0.0,0.0,APOLLOHOSP.NS
2026-04-21 13:15:00+05:30,7751.0,7756.0,7743.0,7749.5,10838,0.0,0.0,APOLLOHOSP.NS
2026-04-21 13:30:00+05:30,7752.5,7756.5,7743.0,7755.0,10442,0.0,0.0,APOLLOHOSP.NS
2026-04-21 13:45:00+05:30,7757.0,7765.0,7751.5,7760.0,14384,0.0,0.0,APOLLOHOSP.NS
2026-04-21 14:00:00+05:30,7760.0,7761.5,7733.0,7738.5,40369,0.0,0.0,APOLLOHOSP.NS
2026-04-21 14:15:00+05:30,7738.0,7755.5,7734.5,7751.5,12480,0.0,0.0,APOLLOHOSP.NS
2026-04-21 14:30:00+05:30,7749.0,7751.5,7733.5,7739.0,13047,0.0,0.0,APOLLOHOSP.NS
2026-04-21 14:45:00+05:30,7736.0,7744.5,7734.5,7743.5,7393,0.0,0.0,APOLLOHOSP.NS
2026-04-21 15:00:00+05:30,7744.0,7752.5,7743.5,7750.5,20132,0.0,0.0,APOLLOHOSP.NS
2026-04-21 15:15:00+05:30,7752.0,7754.5,7724.0,7740.0,28079,0.0,0.0,APOLLOHOSP.NS
2026-04-22 09:15:00+05:30,7739.5,7750.0,7703.0,7738.0,13828,0.0,0.0,APOLLOHOSP.NS
2026-04-22 09:30:00+05:30,7736.0,7737.5,7722.0,7726.5,6976,0.0,0.0,APOLLOHOSP.NS
2026-04-22 09:45:00+05:30,7725.0,7732.0,7715.5,7723.0,12737,0.0,0.0,APOLLOHOSP.NS
2026-04-22 10:00:00+05:30,7725.5,7740.0,7718.0,7737.0,8435,0.0,0.0,APOLLOHOSP.NS
2026-04-22 10:15:00+05:30,7737.0,7763.0,7737.0,7762.0,8960,0.0,0.0,APOLLOHOSP.NS
2026-04-22 10:30:00+05:30,7762.0,7777.0,7730.0,7730.0,26786,0.0,0.0,APOLLOHOSP.NS
2026-04-22 10:45:00+05:30,7731.0,7764.0,7726.5,7758.0,7704,0.0,0.0,APOLLOHOSP.NS
2026-04-22 11:00:00+05:30,7757.5,7767.5,7752.0,7760.0,4076,0.0,0.0,APOLLOHOSP.NS
2026-04-22 11:15:00+05:30,7761.5,7763.5,7756.0,7763.0,2664,0.0,0.0,APOLLOHOSP.NS
2026-04-22 11:30:00+05:30,7763.0,7770.0,7750.0,7750.0,6277,0.0,0.0,APOLLOHOSP.NS
2026-04-22 11:45:00+05:30,7750.0,7771.0,7736.5,7771.0,8887,0.0,0.0,APOLLOHOSP.NS
2026-04-22 12:00:00+05:30,7771.0,7785.0,7771.0,7781.5,10095,0.0,0.0,APOLLOHOSP.NS
2026-04-22 12:15:00+05:30,7783.0,7790.0,7781.0,7787.0,6740,0.0,0.0,APOLLOHOSP.NS
2026-04-22 12:30:00+05:30,7787.0,7801.5,7778.0,7786.0,14947,0.0,0.0,APOLLOHOSP.NS
2026-04-22 12:45:00+05:30,7789.0,7790.0,7765.5,7778.5,7974,0.0,0.0,APOLLOHOSP.NS
2026-04-22 13:00:00+05:30,7779.5,7780.0,7676.5,7717.0,160223,0.0,0.0,APOLLOHOSP.NS
2026-04-22 13:15:00+05:30,7713.0,7730.5,7667.5,7709.5,33617,0.0,0.0,APOLLOHOSP.NS
2026-04-22 13:30:00+05:30,7709.5,7725.0,7705.0,7720.0,10509,0.0,0.0,APOLLOHOSP.NS
2026-04-22 13:45:00+05:30,7721.5,7725.0,7695.5,7709.0,46784,0.0,0.0,APOLLOHOSP.NS
2026-04-22 14:00:00+05:30,7709.0,7722.0,7707.0,7719.0,34180,0.0,0.0,APOLLOHOSP.NS
2026-04-22 14:15:00+05:30,7719.0,7720.0,7680.0,7683.5,16945,0.0,0.0,APOLLOHOSP.NS
2026-04-22 14:30:00+05:30,7681.0,7697.5,7665.5,7697.0,21348,0.0,0.0,APOLLOHOSP.NS
2026-04-22 14:45:00+05:30,7697.0,7710.0,7689.5,7689.5,34069,0.0,0.0,APOLLOHOSP.NS
2026-04-22 15:00:00+05:30,7672.5,7675.5,7651.0,7674.0,46713,0.0,0.0,APOLLOHOSP.NS
2026-04-22 15:15:00+05:30,7673.0,7686.5,7615.0,7662.0,41001,0.0,0.0,APOLLOHOSP.NS
2026-04-23 09:15:00+05:30,7639.0,7650.0,7609.5,7630.5,6654,0.0,0.0,APOLLOHOSP.NS
2026-04-23 09:30:00+05:30,7630.0,7658.0,7617.5,7658.0,7296,0.0,0.0,APOLLOHOSP.NS
2026-04-23 09:45:00+05:30,7658.0,7669.0,7648.0,7663.5,5956,0.0,0.0,APOLLOHOSP.NS
2026-04-23 10:00:00+05:30,7665.5,7696.0,7649.5,7691.5,8213,0.0,0.0,APOLLOHOSP.NS
2026-04-23 10:15:00+05:30,7697.0,7715.0,7695.0,7705.5,6372,0.0,0.0,APOLLOHOSP.NS
2026-04-23 10:30:00+05:30,7705.5,7719.0,7699.0,7705.0,4016,0.0,0.0,APOLLOHOSP.NS
2026-04-23 10:45:00+05:30,7704.5,7715.0,7690.0,7713.5,4032,0.0,0.0,APOLLOHOSP.NS
2026-04-23 11:00:00+05:30,7713.5,7720.0,7703.5,7703.5,4765,0.0,0.0,APOLLOHOSP.NS
2026-04-23 11:15:00+05:30,7706.0,7710.0,7672.5,7675.0,12637,0.0,0.0,APOLLOHOSP.NS
2026-04-23 11:30:00+05:30,7678.0,7684.5,7673.5,7679.5,2194,0.0,0.0,APOLLOHOSP.NS
2026-04-23 11:45:00+05:30,7679.0,7700.0,7677.0,7698.0,13026,0.0,0.0,APOLLOHOSP.NS
2026-04-23 12:00:00+05:30,7697.5,7700.0,7685.5,7694.0,11203,0.0,0.0,APOLLOHOSP.NS
2026-04-23 12:15:00+05:30,7696.0,7732.0,7691.5,7718.5,10220,0.0,0.0,APOLLOHOSP.NS
2026-04-23 12:30:00+05:30,7721.0,7734.0,7706.0,7733.5,8892,0.0,0.0,APOLLOHOSP.NS
2026-04-23 12:45:00+05:30,7734.0,7735.0,7723.5,7733.5,4722,0.0,0.0,APOLLOHOSP.NS
2026-04-23 13:00:00+05:30,7734.0,7749.0,7728.0,7748.0,5639,0.0,0.0,APOLLOHOSP.NS
2026-04-23 13:15:00+05:30,7748.0,7808.0,7747.0,7786.5,34775,0.0,0.0,APOLLOHOSP.NS
2026-04-23 13:30:00+05:30,7790.0,7798.5,7760.0,7778.0,13262,0.0,0.0,APOLLOHOSP.NS
2026-04-23 13:45:00+05:30,7775.5,7786.5,7768.5,7781.0,17996,0.0,0.0,APOLLOHOSP.NS
2026-04-23 14:00:00+05:30,7781.0,7801.5,7772.5,7801.0,15943,0.0,0.0,APOLLOHOSP.NS
2026-04-23 14:15:00+05:30,7802.5,7815.0,7791.0,7794.0,14245,0.0,0.0,APOLLOHOSP.NS
2026-04-23 14:30:00+05:30,7795.0,7796.5,7763.0,7774.5,11688,0.0,0.0,APOLLOHOSP.NS
2026-04-23 14:45:00+05:30,7773.0,7793.0,7770.0,7778.0,9883,0.0,0.0,APOLLOHOSP.NS
2026-04-23 15:00:00+05:30,7785.5,7795.0,7770.0,7789.0,20664,0.0,0.0,APOLLOHOSP.NS
2026-04-23 15:15:00+05:30,7786.0,7786.0,7727.0,7781.0,21702,0.0,0.0,APOLLOHOSP.NS
2026-04-24 09:15:00+05:30,7815.5,7827.0,7755.5,7820.5,11232,0.0,0.0,APOLLOHOSP.NS
2026-04-24 09:30:00+05:30,7820.5,7844.5,7803.0,7807.0,21279,0.0,0.0,APOLLOHOSP.NS
2026-04-24 09:45:00+05:30,7805.0,7814.5,7792.0,7803.5,12636,0.0,0.0,APOLLOHOSP.NS
2026-04-24 10:00:00+05:30,7803.0,7810.5,7781.0,7796.0,16067,0.0,0.0,APOLLOHOSP.NS
2026-04-24 10:15:00+05:30,7786.5,7786.5,7748.5,7751.5,12869,0.0,0.0,APOLLOHOSP.NS
2026-04-24 10:30:00+05:30,7751.5,7767.0,7746.5,7761.5,5386,0.0,0.0,APOLLOHOSP.NS
2026-04-24 10:45:00+05:30,7761.5,7765.5,7742.0,7743.0,18071,0.0,0.0,APOLLOHOSP.NS
2026-04-24 11:00:00+05:30,7741.0,7744.0,7712.5,7712.5,6348,0.0,0.0,APOLLOHOSP.NS
2026-04-24 11:15:00+05:30,7715.0,7748.5,7712.0,7748.5,54376,0.0,0.0,APOLLOHOSP.NS
2026-04-24 11:30:00+05:30,7746.5,7775.0,7745.0,7771.0,18160,0.0,0.0,APOLLOHOSP.NS
2026-04-24 11:45:00+05:30,7772.5,7776.0,7762.0,7772.0,7089,0.0,0.0,APOLLOHOSP.NS
2026-04-24 12:00:00+05:30,7775.0,7798.5,7775.0,7798.5,12550,0.0,0.0,APOLLOHOSP.NS
2026-04-24 12:15:00+05:30,7798.5,7798.5,7766.0,7766.0,15214,0.0,0.0,APOLLOHOSP.NS
2026-04-24 12:30:00+05:30,7766.5,7782.5,7762.5,7767.0,8156,0.0,0.0,APOLLOHOSP.NS
2026-04-24 12:45:00+05:30,7766.5,7769.5,7743.5,7754.0,7313,0.0,0.0,APOLLOHOSP.NS
2026-04-24 13:00:00+05:30,7753.5,7762.5,7739.0,7743.5,8309,0.0,0.0,APOLLOHOSP.NS
2026-04-24 13:15:00+05:30,7747.0,7747.0,7735.0,7737.0,5548,0.0,0.0,APOLLOHOSP.NS
2026-04-24 13:30:00+05:30,7737.0,7745.0,7725.0,7725.0,5753,0.0,0.0,APOLLOHOSP.NS
2026-04-24 13:45:00+05:30,7721.5,7733.5,7717.0,7726.0,7018,0.0,0.0,APOLLOHOSP.NS
2026-04-24 14:00:00+05:30,7728.0,7733.0,7687.0,7688.0,10618,0.0,0.0,APOLLOHOSP.NS
2026-04-24 14:15:00+05:30,7692.0,7696.0,7685.0,7695.0,8174,0.0,0.0,APOLLOHOSP.NS
2026-04-24 14:30:00+05:30,7693.0,7753.5,7691.0,7745.5,26571,0.0,0.0,APOLLOHOSP.NS
2026-04-24 14:45:00+05:30,7748.0,7751.5,7734.0,7748.0,24753,0.0,0.0,APOLLOHOSP.NS
2026-04-24 15:00:00+05:30,7741.5,7744.5,7717.5,7732.5,32233,0.0,0.0,APOLLOHOSP.NS
2026-04-24 15:15:00+05:30,7734.0,7748.0,7716.5,7732.5,38735,0.0,0.0,APOLLOHOSP.NS
2026-04-27 09:15:00+05:30,7760.0,7774.0,7735.0,7752.5,7242,0.0,0.0,APOLLOHOSP.NS
2026-04-27 09:30:00+05:30,7751.5,7773.0,7748.5,7771.0,4406,0.0,0.0,APOLLOHOSP.NS
2026-04-27 09:45:00+05:30,7769.5,7797.5,7769.5,7786.0,6904,0.0,0.0,APOLLOHOSP.NS
2026-04-27 10:00:00+05:30,7783.5,7785.0,7763.0,7769.0,4881,0.0,0.0,APOLLOHOSP.NS
2026-04-27 10:15:00+05:30,7769.0,7786.0,7763.0,7770.0,4625,0.0,0.0,APOLLOHOSP.NS
2026-04-27 10:30:00+05:30,7767.5,7779.0,7757.0,7766.0,5278,0.0,0.0,APOLLOHOSP.NS
2026-04-27 10:45:00+05:30,7766.5,7800.0,7762.0,7790.5,7581,0.0,0.0,APOLLOHOSP.NS
2026-04-27 11:00:00+05:30,7791.5,7796.5,7778.0,7794.5,4175,0.0,0.0,APOLLOHOSP.NS
2026-04-27 11:15:00+05:30,7794.0,7803.5,7782.5,7786.0,7347,0.0,0.0,APOLLOHOSP.NS
2026-04-27 11:30:00+05:30,7783.0,7787.0,7767.5,7772.0,5397,0.0,0.0,APOLLOHOSP.NS
2026-04-27 11:45:00+05:30,7772.0,7788.0,7770.0,7776.0,14869,0.0,0.0,APOLLOHOSP.NS
2026-04-27 12:00:00+05:30,7776.0,7794.5,7775.0,7792.0,19458,0.0,0.0,APOLLOHOSP.NS
2026-04-27 12:15:00+05:30,7790.0,7815.0,7790.0,7812.5,9147,0.0,0.0,APOLLOHOSP.NS
2026-04-27 12:30:00+05:30,7811.5,7818.0,7800.5,7804.0,5889,0.0,0.0,APOLLOHOSP.NS
2026-04-27 12:45:00+05:30,7803.0,7807.5,7800.0,7804.5,2502,0.0,0.0,APOLLOHOSP.NS
2026-04-27 13:00:00+05:30,7804.5,7815.0,7801.5,7813.0,18978,0.0,0.0,APOLLOHOSP.NS
2026-04-27 13:15:00+05:30,7813.0,7818.0,7808.0,7817.0,4115,0.0,0.0,APOLLOHOSP.NS
2026-04-27 13:30:00+05:30,7815.0,7816.5,7807.5,7812.5,3549,0.0,0.0,APOLLOHOSP.NS
2026-04-27 13:45:00+05:30,7812.0,7815.0,7803.0,7806.5,19161,0.0,0.0,APOLLOHOSP.NS
2026-04-27 14:00:00+05:30,7806.5,7816.0,7803.5,7815.5,2949,0.0,0.0,APOLLOHOSP.NS
2026-04-27 14:15:00+05:30,7815.5,7816.0,7806.0,7812.5,3120,0.0,0.0,APOLLOHOSP.NS
2026-04-27 14:30:00+05:30,7810.0,7844.5,7797.5,7841.5,19787,0.0,0.0,APOLLOHOSP.NS
2026-04-27 14:45:00+05:30,7841.0,7850.0,7827.5,7841.0,31380,0.0,0.0,APOLLOHOSP.NS
2026-04-27 15:00:00+05:30,7831.5,7840.0,7808.0,7819.5,36177,0.0,0.0,APOLLOHOSP.NS
2026-04-27 15:15:00+05:30,7823.0,7845.0,7817.0,7840.0,32258,0.0,0.0,APOLLOHOSP.NS
2026-04-28 09:15:00+05:30,7835.0,7876.0,7794.0,7836.5,19614,0.0,0.0,APOLLOHOSP.NS
2026-04-28 09:30:00+05:30,7836.5,7838.0,7794.0,7795.0,11671,0.0,0.0,APOLLOHOSP.NS
2026-04-28 09:45:00+05:30,7796.0,7804.5,7785.5,7796.5,6626,0.0,0.0,APOLLOHOSP.NS
2026-04-28 10:00:00+05:30,7797.0,7801.0,7788.0,7788.0,2642,0.0,0.0,APOLLOHOSP.NS
2026-04-28 10:15:00+05:30,7789.0,7815.0,7785.5,7800.0,6756,0.0,0.0,APOLLOHOSP.NS
2026-04-28 10:30:00+05:30,7800.0,7802.5,7767.5,7780.0,7664,0.0,0.0,APOLLOHOSP.NS
2026-04-28 10:45:00+05:30,7779.5,7782.0,7769.0,7771.0,19449,0.0,0.0,APOLLOHOSP.NS
2026-04-28 11:00:00+05:30,7771.5,7773.0,7757.5,7766.0,5785,0.0,0.0,APOLLOHOSP.NS
2026-04-28 11:15:00+05:30,7766.5,7773.5,7752.5,7753.5,4990,0.0,0.0,APOLLOHOSP.NS
2026-04-28 11:30:00+05:30,7751.0,7758.0,7750.0,7757.0,5251,0.0,0.0,APOLLOHOSP.NS
2026-04-28 11:45:00+05:30,7757.0,7761.5,7743.5,7746.5,6633,0.0,0.0,APOLLOHOSP.NS
2026-04-28 12:00:00+05:30,7746.5,7748.5,7723.0,7724.0,12322,0.0,0.0,APOLLOHOSP.NS
2026-04-28 12:15:00+05:30,7725.0,7748.5,7711.0,7748.5,18827,0.0,0.0,APOLLOHOSP.NS
2026-04-28 12:30:00+05:30,7748.5,7752.5,7740.0,7751.5,6139,0.0,0.0,APOLLOHOSP.NS
2026-04-28 12:45:00+05:30,7751.5,7762.0,7747.5,7749.5,7327,0.0,0.0,APOLLOHOSP.NS
2026-04-28 13:00:00+05:30,7749.5,7756.5,7746.5,7750.5,2673,0.0,0.0,APOLLOHOSP.NS
2026-04-28 13:15:00+05:30,7750.5,7763.0,7750.5,7755.5,5066,0.0,0.0,APOLLOHOSP.NS
2026-04-28 13:30:00+05:30,7755.5,7756.5,7739.0,7746.0,21281,0.0,0.0,APOLLOHOSP.NS
2026-04-28 13:45:00+05:30,7745.0,7759.5,7745.0,7751.0,7673,0.0,0.0,APOLLOHOSP.NS
2026-04-28 14:00:00+05:30,7751.0,7756.5,7736.5,7754.0,17128,0.0,0.0,APOLLOHOSP.NS
2026-04-28 14:15:00+05:30,7753.0,7757.5,7743.0,7752.0,10824,0.0,0.0,APOLLOHOSP.NS
2026-04-28 14:30:00+05:30,7755.0,7791.0,7755.0,7785.5,17728,0.0,0.0,APOLLOHOSP.NS
2026-04-28 14:45:00+05:30,7776.5,7789.0,7772.0,7780.0,27860,0.0,0.0,APOLLOHOSP.NS
2026-04-28 15:00:00+05:30,7780.5,7784.5,7745.5,7756.5,38895,0.0,0.0,APOLLOHOSP.NS
2026-04-28 15:15:00+05:30,7757.0,7758.0,7730.0,7740.0,49358,0.0,0.0,APOLLOHOSP.NS
2026-04-29 09:15:00+05:30,7751.5,7772.5,7723.5,7769.0,15001,0.0,0.0,APOLLOHOSP.NS
2026-04-29 09:30:00+05:30,7769.0,7781.5,7756.0,7759.5,12885,0.0,0.0,APOLLOHOSP.NS
2026-04-29 09:45:00+05:30,7755.5,7779.5,7755.0,7766.0,11383,0.0,0.0,APOLLOHOSP.NS
2026-04-29 10:00:00+05:30,7766.5,7787.0,7766.0,7778.0,7804,0.0,0.0,APOLLOHOSP.NS
2026-04-29 10:15:00+05:30,7777.0,7799.0,7771.5,7794.5,11605,0.0,0.0,APOLLOHOSP.NS
2026-04-29 10:30:00+05:30,7793.5,7796.0,7785.0,7785.0,3485,0.0,0.0,APOLLOHOSP.NS
2026-04-29 10:45:00+05:30,7782.5,7784.0,7762.0,7773.0,5772,0.0,0.0,APOLLOHOSP.NS
2026-04-29 11:00:00+05:30,7773.0,7774.0,7747.0,7753.5,30613,0.0,0.0,APOLLOHOSP.NS
2026-04-29 11:15:00+05:30,7753.5,7759.0,7748.0,7750.0,4912,0.0,0.0,APOLLOHOSP.NS
2026-04-29 11:30:00+05:30,7749.0,7752.5,7741.0,7743.0,3610,0.0,0.0,APOLLOHOSP.NS
2026-04-29 11:45:00+05:30,7743.0,7754.0,7732.5,7753.0,13437,0.0,0.0,APOLLOHOSP.NS
2026-04-29 12:00:00+05:30,7753.5,7756.5,7748.0,7754.0,2980,0.0,0.0,APOLLOHOSP.NS
2026-04-29 12:15:00+05:30,7754.0,7759.5,7745.0,7759.5,3910,0.0,0.0,APOLLOHOSP.NS
2026-04-29 12:30:00+05:30,7760.0,7765.5,7756.0,7759.0,5666,0.0,0.0,APOLLOHOSP.NS
2026-04-29 12:45:00+05:30,7755.5,7759.5,7755.0,7756.5,3139,0.0,0.0,APOLLOHOSP.NS
2026-04-29 13:00:00+05:30,7758.5,7758.5,7716.0,7723.0,11705,0.0,0.0,APOLLOHOSP.NS
2026-04-29 13:15:00+05:30,7722.0,7730.5,7715.0,7729.0,7530,0.0,0.0,APOLLOHOSP.NS
2026-04-29 13:30:00+05:30,7729.5,7732.0,7705.0,7706.0,10080,0.0,0.0,APOLLOHOSP.NS
2026-04-29 13:45:00+05:30,7707.0,7727.5,7703.5,7721.5,7406,0.0,0.0,APOLLOHOSP.NS
2026-04-29 14:00:00+05:30,7716.0,7716.0,7690.0,7694.5,7384,0.0,0.0,APOLLOHOSP.NS
2026-04-29 14:15:00+05:30,7694.5,7699.0,7688.0,7688.5,4189,0.0,0.0,APOLLOHOSP.NS
2026-04-29 14:30:00+05:30,7688.5,7722.5,7688.5,7714.0,20815,0.0,0.0,APOLLOHOSP.NS
2026-04-29 14:45:00+05:30,7714.5,7718.0,7699.5,7700.5,23874,0.0,0.0,APOLLOHOSP.NS
2026-04-29 15:00:00+05:30,7708.5,7720.5,7706.5,7709.5,38898,0.0,0.0,APOLLOHOSP.NS
2026-04-29 15:15:00+05:30,7707.5,7718.5,7681.0,7681.0,43439,0.0,0.0,APOLLOHOSP.NS
2026-04-30 09:15:00+05:30,7650.0,7650.0,7575.0,7597.0,13893,0.0,0.0,APOLLOHOSP.NS
2026-04-30 09:30:00+05:30,7596.5,7635.5,7587.5,7633.0,18061,0.0,0.0,APOLLOHOSP.NS
2026-04-30 09:45:00+05:30,7634.0,7638.5,7603.5,7603.5,5870,0.0,0.0,APOLLOHOSP.NS
2026-04-30 10:00:00+05:30,7602.0,7603.5,7573.5,7573.5,8185,0.0,0.0,APOLLOHOSP.NS
2026-04-30 10:15:00+05:30,7573.5,7597.5,7570.0,7588.5,6524,0.0,0.0,APOLLOHOSP.NS
2026-04-30 10:30:00+05:30,7590.5,7597.0,7582.5,7589.0,3353,0.0,0.0,APOLLOHOSP.NS
2026-04-30 10:45:00+05:30,7588.5,7590.0,7579.5,7583.5,3142,0.0,0.0,APOLLOHOSP.NS
2026-04-30 11:00:00+05:30,7584.5,7587.5,7580.0,7581.5,1818,0.0,0.0,APOLLOHOSP.NS
2026-04-30 11:15:00+05:30,7581.5,7586.5,7572.0,7576.0,3367,0.0,0.0,APOLLOHOSP.NS
2026-04-30 11:30:00+05:30,7575.5,7586.0,7564.0,7583.5,8400,0.0,0.0,APOLLOHOSP.NS
2026-04-30 11:45:00+05:30,7581.5,7604.0,7580.5,7596.5,17770,0.0,0.0,APOLLOHOSP.NS
2026-04-30 12:00:00+05:30,7598.0,7604.5,7595.0,7602.0,6506,0.0,0.0,APOLLOHOSP.NS
2026-04-30 12:15:00+05:30,7604.5,7605.5,7593.0,7602.0,5931,0.0,0.0,APOLLOHOSP.NS
2026-04-30 12:30:00+05:30,7602.0,7607.0,7598.0,7603.5,32560,0.0,0.0,APOLLOHOSP.NS
2026-04-30 12:45:00+05:30,7607.5,7619.0,7600.0,7612.0,12073,0.0,0.0,APOLLOHOSP.NS
2026-04-30 13:00:00+05:30,7612.0,7629.0,7607.5,7619.0,5941,0.0,0.0,APOLLOHOSP.NS
2026-04-30 13:15:00+05:30,7619.0,7621.0,7603.0,7612.5,4975,0.0,0.0,APOLLOHOSP.NS
2026-04-30 13:30:00+05:30,7612.0,7633.0,7606.5,7627.0,4544,0.0,0.0,APOLLOHOSP.NS
2026-04-30 13:45:00+05:30,7628.5,7629.5,7620.0,7625.0,2569,0.0,0.0,APOLLOHOSP.NS
2026-04-30 14:00:00+05:30,7625.0,7641.5,7620.0,7633.0,4771,0.0,0.0,APOLLOHOSP.NS
2026-04-30 14:15:00+05:30,7633.0,7636.0,7625.0,7630.0,3524,0.0,0.0,APOLLOHOSP.NS
2026-04-30 14:30:00+05:30,7628.0,7648.5,7624.0,7640.0,16688,0.0,0.0,APOLLOHOSP.NS
2026-04-30 14:45:00+05:30,7638.5,7667.0,7636.5,7662.0,28448,0.0,0.0,APOLLOHOSP.NS
2026-04-30 15:00:00+05:30,7662.5,7662.5,7626.0,7632.5,74791,0.0,0.0,APOLLOHOSP.NS
2026-04-30 15:15:00+05:30,7633.0,7664.0,7620.5,7620.5,74644,0.0,0.0,APOLLOHOSP.NS
2026-05-04 09:15:00+05:30,7710.0,7728.5,7673.0,7703.5,15866,0.0,0.0,APOLLOHOSP.NS
2026-05-04 09:30:00+05:30,7705.5,7761.5,7700.0,7753.0,13219,0.0,0.0,APOLLOHOSP.NS
2026-05-04 09:45:00+05:30,7752.5,7763.0,7741.5,7756.0,13416,0.0,0.0,APOLLOHOSP.NS
2026-05-04 10:00:00+05:30,7759.5,7790.0,7756.0,7763.0,15115,0.0,0.0,APOLLOHOSP.NS
2026-05-04 10:15:00+05:30,7762.5,7779.0,7750.5,7777.0,10361,0.0,0.0,APOLLOHOSP.NS
2026-05-04 10:30:00+05:30,7778.5,7783.0,7768.0,7778.0,6080,0.0,0.0,APOLLOHOSP.NS
2026-05-04 10:45:00+05:30,7777.0,7778.5,7742.5,7742.5,6523,0.0,0.0,APOLLOHOSP.NS
2026-05-04 11:00:00+05:30,7743.0,7761.5,7741.0,7757.5,7518,0.0,0.0,APOLLOHOSP.NS
2026-05-04 11:15:00+05:30,7757.5,7778.0,7757.5,7773.5,5366,0.0,0.0,APOLLOHOSP.NS
2026-05-04 11:30:00+05:30,7774.5,7779.0,7760.0,7767.0,6542,0.0,0.0,APOLLOHOSP.NS
2026-05-04 11:45:00+05:30,7771.0,7780.0,7767.5,7779.0,10668,0.0,0.0,APOLLOHOSP.NS
2026-05-04 12:00:00+05:30,7779.0,7780.0,7748.0,7749.5,6533,0.0,0.0,APOLLOHOSP.NS
2026-05-04 12:15:00+05:30,7749.5,7758.0,7741.5,7750.5,5944,0.0,0.0,APOLLOHOSP.NS
2026-05-04 12:30:00+05:30,7749.0,7754.5,7727.5,7732.0,6851,0.0,0.0,APOLLOHOSP.NS
2026-05-04 12:45:00+05:30,7732.0,7737.0,7723.5,7731.0,8545,0.0,0.0,APOLLOHOSP.NS
2026-05-04 13:00:00+05:30,7731.5,7740.0,7731.0,7737.0,4786,0.0,0.0,APOLLOHOSP.NS
2026-05-04 13:15:00+05:30,7735.5,7737.0,7717.0,7720.5,7032,0.0,0.0,APOLLOHOSP.NS
2026-05-04 13:30:00+05:30,7720.0,7733.0,7715.5,7730.5,27848,0.0,0.0,APOLLOHOSP.NS
2026-05-04 13:45:00+05:30,7730.0,7741.5,7726.5,7735.5,5671,0.0,0.0,APOLLOHOSP.NS
2026-05-04 14:00:00+05:30,7736.0,7744.5,7727.5,7739.0,7803,0.0,0.0,APOLLOHOSP.NS
2026-05-04 14:15:00+05:30,7741.5,7767.5,7740.0,7743.5,11287,0.0,0.0,APOLLOHOSP.NS
2026-05-04 14:30:00+05:30,7742.0,7759.0,7736.0,7738.5,13418,0.0,0.0,APOLLOHOSP.NS
2026-05-04 14:45:00+05:30,7737.0,7753.5,7734.0,7751.5,9716,0.0,0.0,APOLLOHOSP.NS
2026-05-04 15:00:00+05:30,7751.5,7755.0,7733.0,7740.0,24333,0.0,0.0,APOLLOHOSP.NS
2026-05-04 15:15:00+05:30,7737.5,7748.0,7710.0,7737.5,37913,0.0,0.0,APOLLOHOSP.NS
2026-05-05 09:15:00+05:30,7715.0,7727.0,7685.0,7689.0,8090,0.0,0.0,APOLLOHOSP.NS
2026-05-05 09:30:00+05:30,7692.0,7700.0,7679.5,7700.0,5450,0.0,0.0,APOLLOHOSP.NS
2026-05-05 09:45:00+05:30,7697.0,7719.0,7697.0,7709.5,7332,0.0,0.0,APOLLOHOSP.NS
2026-05-05 10:00:00+05:30,7709.5,7711.5,7695.5,7701.5,3669,0.0,0.0,APOLLOHOSP.NS
2026-05-05 10:15:00+05:30,7701.5,7703.0,7684.0,7687.5,3749,0.0,0.0,APOLLOHOSP.NS
2026-05-05 10:30:00+05:30,7690.5,7717.0,7690.5,7708.5,51133,0.0,0.0,APOLLOHOSP.NS
2026-05-05 10:45:00+05:30,7706.0,7706.0,7700.0,7702.0,5172,0.0,0.0,APOLLOHOSP.NS
2026-05-05 11:00:00+05:30,7704.5,7718.5,7700.5,7718.5,3543,0.0,0.0,APOLLOHOSP.NS
2026-05-05 11:15:00+05:30,7716.0,7734.0,7706.5,7732.0,6321,0.0,0.0,APOLLOHOSP.NS
2026-05-05 11:30:00+05:30,7732.0,7749.0,7730.0,7741.5,7099,0.0,0.0,APOLLOHOSP.NS
2026-05-05 11:45:00+05:30,7740.0,7743.5,7724.5,7726.0,9475,0.0,0.0,APOLLOHOSP.NS
2026-05-05 12:00:00+05:30,7729.5,7740.0,7725.5,7740.0,2654,0.0,0.0,APOLLOHOSP.NS
2026-05-05 12:15:00+05:30,7740.0,7745.5,7732.5,7736.0,2285,0.0,0.0,APOLLOHOSP.NS
2026-05-05 12:30:00+05:30,7734.5,7734.5,7713.5,7720.0,4123,0.0,0.0,APOLLOHOSP.NS
2026-05-05 12:45:00+05:30,7717.0,7730.0,7706.5,7714.5,15088,0.0,0.0,APOLLOHOSP.NS
2026-05-05 13:00:00+05:30,7715.0,7745.0,7715.0,7737.5,3832,0.0,0.0,APOLLOHOSP.NS
2026-05-05 13:15:00+05:30,7737.0,7740.5,7731.5,7731.5,2848,0.0,0.0,APOLLOHOSP.NS
2026-05-05 13:30:00+05:30,7731.5,7739.5,7731.5,7737.5,2343,0.0,0.0,APOLLOHOSP.NS
2026-05-05 13:45:00+05:30,7738.0,7740.0,7727.0,7739.0,5131,0.0,0.0,APOLLOHOSP.NS
2026-05-05 14:00:00+05:30,7737.5,7745.0,7729.5,7745.0,3365,0.0,0.0,APOLLOHOSP.NS
2026-05-05 14:15:00+05:30,7745.0,7772.0,7745.0,7762.5,7326,0.0,0.0,APOLLOHOSP.NS
2026-05-05 14:30:00+05:30,7762.5,7763.5,7745.0,7755.5,3054,0.0,0.0,APOLLOHOSP.NS
2026-05-05 14:45:00+05:30,7754.5,7764.5,7748.0,7762.0,14815,0.0,0.0,APOLLOHOSP.NS
2026-05-05 15:00:00+05:30,7762.0,7780.0,7758.0,7775.0,36154,0.0,0.0,APOLLOHOSP.NS
2026-05-05 15:15:00+05:30,7774.5,7777.5,7750.0,7750.0,34101,0.0,0.0,APOLLOHOSP.NS
2026-05-06 09:15:00+05:30,7789.0,7810.5,7777.5,7783.5,9054,0.0,0.0,APOLLOHOSP.NS
2026-05-06 09:30:00+05:30,7784.0,7794.0,7775.0,7782.5,4618,0.0,0.0,APOLLOHOSP.NS
2026-05-06 09:45:00+05:30,7779.0,7784.0,7767.0,7767.0,4454,0.0,0.0,APOLLOHOSP.NS
2026-05-06 10:00:00+05:30,7767.0,7770.5,7763.0,7768.5,1817,0.0,0.0,APOLLOHOSP.NS
2026-05-06 10:15:00+05:30,7768.5,7771.5,7763.0,7768.0,2161,0.0,0.0,APOLLOHOSP.NS
2026-05-06 10:30:00+05:30,7767.5,7768.5,7755.0,7759.0,2861,0.0,0.0,APOLLOHOSP.NS
2026-05-06 10:45:00+05:30,7759.0,7772.0,7751.0,7767.0,3300,0.0,0.0,APOLLOHOSP.NS
2026-05-06 11:00:00+05:30,7767.5,7775.0,7750.0,7763.0,5772,0.0,0.0,APOLLOHOSP.NS
2026-05-06 11:15:00+05:30,7766.5,7766.5,7758.5,7760.0,3352,0.0,0.0,APOLLOHOSP.NS
2026-05-06 11:30:00+05:30,7760.0,7788.5,7755.0,7780.5,122264,0.0,0.0,APOLLOHOSP.NS
2026-05-06 11:45:00+05:30,7782.0,7800.0,7769.0,7772.5,14678,0.0,0.0,APOLLOHOSP.NS
2026-05-06 12:00:00+05:30,7772.5,7773.0,7760.0,7762.5,3077,0.0,0.0,APOLLOHOSP.NS
2026-05-06 12:15:00+05:30,7760.0,7771.0,7760.0,7764.5,2145,0.0,0.0,APOLLOHOSP.NS
2026-05-06 12:30:00+05:30,7764.5,7771.0,7761.0,7761.0,1270,0.0,0.0,APOLLOHOSP.NS
2026-05-06 12:45:00+05:30,7761.0,7769.5,7759.0,7769.5,2290,0.0,0.0,APOLLOHOSP.NS
2026-05-06 13:00:00+05:30,7769.5,7780.0,7755.0,7780.0,14564,0.0,0.0,APOLLOHOSP.NS
2026-05-06 13:15:00+05:30,7780.0,7785.0,7766.0,7770.5,6827,0.0,0.0,APOLLOHOSP.NS
2026-05-06 13:30:00+05:30,7771.5,7777.0,7770.5,7775.0,7849,0.0,0.0,APOLLOHOSP.NS
2026-05-06 13:45:00+05:30,7775.0,7776.0,7755.0,7758.5,5567,0.0,0.0,APOLLOHOSP.NS
2026-05-06 14:00:00+05:30,7758.0,7765.0,7755.0,7759.0,4576,0.0,0.0,APOLLOHOSP.NS
2026-05-06 14:15:00+05:30,7759.0,7782.0,7755.0,7774.5,81074,0.0,0.0,APOLLOHOSP.NS
2026-05-06 14:30:00+05:30,7775.0,7781.5,7765.0,7773.0,10733,0.0,0.0,APOLLOHOSP.NS
2026-05-06 14:45:00+05:30,7774.0,7781.0,7771.0,7774.0,9993,0.0,0.0,APOLLOHOSP.NS
2026-05-06 15:00:00+05:30,7773.0,7774.5,7762.5,7767.5,28717,0.0,0.0,APOLLOHOSP.NS
2026-05-06 15:15:00+05:30,7767.5,7767.5,7755.0,7755.0,71391,0.0,0.0,APOLLOHOSP.NS
2026-05-07 09:15:00+05:30,7768.0,7799.5,7759.0,7765.5,6938,0.0,0.0,APOLLOHOSP.NS
2026-05-07 09:30:00+05:30,7761.5,7767.0,7744.5,7760.0,5356,0.0,0.0,APOLLOHOSP.NS
2026-05-07 09:45:00+05:30,7760.5,7767.0,7747.0,7757.0,48446,0.0,0.0,APOLLOHOSP.NS
2026-05-07 10:00:00+05:30,7757.0,7772.0,7751.5,7768.5,10364,0.0,0.0,APOLLOHOSP.NS
2026-05-07 10:15:00+05:30,7768.5,7799.5,7767.5,7797.5,18912,0.0,0.0,APOLLOHOSP.NS
2026-05-07 10:30:00+05:30,7797.5,7802.5,7793.0,7800.0,15317,0.0,0.0,APOLLOHOSP.NS
2026-05-07 10:45:00+05:30,7798.0,7801.5,7794.0,7800.5,3604,0.0,0.0,APOLLOHOSP.NS
2026-05-07 11:00:00+05:30,7800.5,7812.5,7798.5,7809.5,4747,0.0,0.0,APOLLOHOSP.NS
2026-05-07 11:15:00+05:30,7810.0,7817.5,7790.0,7808.0,18436,0.0,0.0,APOLLOHOSP.NS
2026-05-07 11:30:00+05:30,7809.0,7826.5,7807.0,7807.0,8488,0.0,0.0,APOLLOHOSP.NS
2026-05-07 11:45:00+05:30,7806.5,7814.0,7801.0,7812.5,6568,0.0,0.0,APOLLOHOSP.NS
2026-05-07 12:00:00+05:30,7815.0,7834.5,7760.5,7824.0,12745,0.0,0.0,APOLLOHOSP.NS
2026-05-07 12:15:00+05:30,7824.5,7825.0,7814.0,7815.0,5871,0.0,0.0,APOLLOHOSP.NS
2026-05-07 12:30:00+05:30,7815.0,7824.0,7808.5,7814.5,7823,0.0,0.0,APOLLOHOSP.NS
2026-05-07 12:45:00+05:30,7814.5,7819.0,7801.0,7801.0,4639,0.0,0.0,APOLLOHOSP.NS
2026-05-07 13:00:00+05:30,7802.5,7839.5,7801.0,7825.5,22268,0.0,0.0,APOLLOHOSP.NS
2026-05-07 13:15:00+05:30,7825.5,7825.5,7815.0,7817.0,4915,0.0,0.0,APOLLOHOSP.NS
2026-05-07 13:30:00+05:30,7819.0,7827.0,7807.0,7810.0,5086,0.0,0.0,APOLLOHOSP.NS
2026-05-07 13:45:00+05:30,7810.5,7837.0,7810.5,7829.0,10352,0.0,0.0,APOLLOHOSP.NS
2026-05-07 14:00:00+05:30,7829.0,7838.5,7822.0,7830.0,10915,0.0,0.0,APOLLOHOSP.NS
2026-05-07 14:15:00+05:30,7830.0,7830.0,7814.0,7825.0,8957,0.0,0.0,APOLLOHOSP.NS
2026-05-07 14:30:00+05:30,7823.5,7838.0,7822.0,7835.0,8924,0.0,0.0,APOLLOHOSP.NS
2026-05-07 14:45:00+05:30,7835.0,7848.0,7832.0,7835.0,50956,0.0,0.0,APOLLOHOSP.NS
2026-05-07 15:00:00+05:30,7836.5,7838.5,7829.0,7836.0,43768,0.0,0.0,APOLLOHOSP.NS
2026-05-07 15:15:00+05:30,7835.5,7855.0,7824.0,7837.0,44083,0.0,0.0,APOLLOHOSP.NS
2026-05-08 09:15:00+05:30,7831.5,8005.0,7816.5,7986.0,105121,0.0,0.0,APOLLOHOSP.NS
2026-05-08 09:30:00+05:30,7990.0,8030.0,7983.5,8013.0,133558,0.0,0.0,APOLLOHOSP.NS
2026-05-08 09:45:00+05:30,8009.0,8030.0,7980.0,8025.0,86376,0.0,0.0,APOLLOHOSP.NS
2026-05-08 10:00:00+05:30,8027.5,8038.0,8010.0,8021.5,37466,0.0,0.0,APOLLOHOSP.NS
2026-05-08 10:15:00+05:30,8023.0,8062.0,8019.5,8054.0,56432,0.0,0.0,APOLLOHOSP.NS
2026-05-08 10:30:00+05:30,8058.5,8060.0,8011.0,8029.5,31559,0.0,0.0,APOLLOHOSP.NS
2026-05-08 10:45:00+05:30,8029.5,8038.5,8000.5,8008.0,19466,0.0,0.0,APOLLOHOSP.NS
2026-05-08 11:00:00+05:30,8005.0,8045.0,8004.0,8030.0,17910,0.0,0.0,APOLLOHOSP.NS
2026-05-08 11:15:00+05:30,8027.5,8036.0,8011.0,8017.0,13182,0.0,0.0,APOLLOHOSP.NS
2026-05-08 11:30:00+05:30,8015.0,8022.5,8008.5,8020.5,17101,0.0,0.0,APOLLOHOSP.NS
2026-05-08 11:45:00+05:30,8020.0,8036.0,8018.5,8030.0,13712,0.0,0.0,APOLLOHOSP.NS
2026-05-08 12:00:00+05:30,8032.5,8044.0,8024.0,8030.5,25032,0.0,0.0,APOLLOHOSP.NS
2026-05-08 12:15:00+05:30,8030.5,8040.0,8015.0,8015.0,15190,0.0,0.0,APOLLOHOSP.NS
2026-05-08 12:30:00+05:30,8014.5,8032.5,8012.0,8021.5,14389,0.0,0.0,APOLLOHOSP.NS
2026-05-08 12:45:00+05:30,8021.5,8032.0,8011.0,8015.5,13414,0.0,0.0,APOLLOHOSP.NS
2026-05-08 13:00:00+05:30,8012.5,8035.0,8011.5,8034.5,11629,0.0,0.0,APOLLOHOSP.NS
2026-05-08 13:15:00+05:30,8035.0,8049.0,8025.0,8047.0,24009,0.0,0.0,APOLLOHOSP.NS
2026-05-08 13:30:00+05:30,8045.0,8056.5,8039.5,8054.5,14798,0.0,0.0,APOLLOHOSP.NS
2026-05-08 13:45:00+05:30,8054.5,8079.0,8050.5,8061.5,32743,0.0,0.0,APOLLOHOSP.NS
2026-05-08 14:00:00+05:30,8060.0,8065.0,8052.5,8057.5,15354,0.0,0.0,APOLLOHOSP.NS
2026-05-08 14:15:00+05:30,8058.0,8089.0,8052.0,8087.0,26475,0.0,0.0,APOLLOHOSP.NS
2026-05-08 14:30:00+05:30,8086.5,8098.0,8084.0,8094.5,25887,0.0,0.0,APOLLOHOSP.NS
2026-05-08 14:45:00+05:30,8094.5,8115.0,8094.5,8106.5,32758,0.0,0.0,APOLLOHOSP.NS
2026-05-08 15:00:00+05:30,8106.0,8106.0,8086.0,8097.0,47575,0.0,0.0,APOLLOHOSP.NS
2026-05-08 15:15:00+05:30,8094.0,8105.5,8090.0,8102.0,76089,0.0,0.0,APOLLOHOSP.NS
2026-05-11 09:15:00+05:30,8050.0,8129.0,8032.5,8100.0,49203,0.0,0.0,APOLLOHOSP.NS
2026-05-11 09:30:00+05:30,8102.5,8126.0,8091.0,8096.5,31230,0.0,0.0,APOLLOHOSP.NS
2026-05-11 09:45:00+05:30,8096.5,8113.0,8096.5,8110.5,15731,0.0,0.0,APOLLOHOSP.NS
2026-05-11 10:00:00+05:30,8110.0,8140.0,8107.0,8114.0,38476,0.0,0.0,APOLLOHOSP.NS
2026-05-11 10:15:00+05:30,8103.5,8103.5,8071.5,8096.5,22140,0.0,0.0,APOLLOHOSP.NS
2026-05-11 10:30:00+05:30,8097.0,8101.0,8073.5,8082.5,25699,0.0,0.0,APOLLOHOSP.NS
2026-05-11 10:45:00+05:30,8085.5,8099.5,8082.5,8095.5,7278,0.0,0.0,APOLLOHOSP.NS
2026-05-11 11:00:00+05:30,8094.5,8107.0,8092.0,8104.0,12135,0.0,0.0,APOLLOHOSP.NS
2026-05-11 11:15:00+05:30,8102.0,8102.0,8091.0,8098.5,8514,0.0,0.0,APOLLOHOSP.NS
2026-05-11 11:30:00+05:30,8098.5,8103.5,8090.0,8094.5,14300,0.0,0.0,APOLLOHOSP.NS
2026-05-11 11:45:00+05:30,8094.5,8097.0,8077.5,8096.0,11250,0.0,0.0,APOLLOHOSP.NS
2026-05-11 12:00:00+05:30,8096.0,8096.5,8080.0,8094.5,15117,0.0,0.0,APOLLOHOSP.NS
2026-05-11 12:15:00+05:30,8094.0,8095.0,8088.5,8095.0,3248,0.0,0.0,APOLLOHOSP.NS
2026-05-11 12:30:00+05:30,8095.0,8097.0,8081.5,8087.5,9738,0.0,0.0,APOLLOHOSP.NS
2026-05-11 12:45:00+05:30,8088.0,8090.5,8060.5,8064.5,10269,0.0,0.0,APOLLOHOSP.NS
2026-05-11 13:00:00+05:30,8061.0,8087.5,8061.0,8085.5,12633,0.0,0.0,APOLLOHOSP.NS
2026-05-11 13:15:00+05:30,8085.5,8090.0,8079.5,8085.0,5717,0.0,0.0,APOLLOHOSP.NS
2026-05-11 13:30:00+05:30,8083.5,8090.0,8075.0,8090.0,6213,0.0,0.0,APOLLOHOSP.NS
2026-05-11 13:45:00+05:30,8090.0,8093.5,8081.5,8081.5,7602,0.0,0.0,APOLLOHOSP.NS
2026-05-11 14:00:00+05:30,8081.0,8093.0,8081.0,8087.0,4535,0.0,0.0,APOLLOHOSP.NS
2026-05-11 14:15:00+05:30,8087.5,8098.5,8082.0,8092.5,16462,0.0,0.0,APOLLOHOSP.NS
2026-05-11 14:30:00+05:30,8090.5,8097.0,8090.0,8095.0,6137,0.0,0.0,APOLLOHOSP.NS
2026-05-11 14:45:00+05:30,8095.0,8100.0,8085.5,8099.0,14359,0.0,0.0,APOLLOHOSP.NS
2026-05-11 15:00:00+05:30,8099.0,8099.0,8076.0,8079.5,40802,0.0,0.0,APOLLOHOSP.NS
2026-05-11 15:15:00+05:30,8085.5,8085.5,8060.5,8082.0,49411,0.0,0.0,APOLLOHOSP.NS
2026-05-12 09:15:00+05:30,8077.0,8078.0,8028.5,8053.5,15684,0.0,0.0,APOLLOHOSP.NS
2026-05-12 09:30:00+05:30,8046.0,8061.0,8031.5,8050.0,14294,0.0,0.0,APOLLOHOSP.NS
2026-05-12 09:45:00+05:30,8050.5,8059.5,8040.0,8044.5,12340,0.0,0.0,APOLLOHOSP.NS
2026-05-12 10:00:00+05:30,8044.0,8056.5,8040.5,8050.0,8014,0.0,0.0,APOLLOHOSP.NS
2026-05-12 10:15:00+05:30,8050.5,8060.0,8047.0,8051.5,9120,0.0,0.0,APOLLOHOSP.NS
2026-05-12 10:30:00+05:30,8052.0,8060.0,8043.5,8055.0,6689,0.0,0.0,APOLLOHOSP.NS
2026-05-12 10:45:00+05:30,8053.0,8073.5,8047.0,8065.5,9085,0.0,0.0,APOLLOHOSP.NS
2026-05-12 11:00:00+05:30,8066.0,8066.0,8047.0,8047.5,6115,0.0,0.0,APOLLOHOSP.NS
2026-05-12 11:15:00+05:30,8046.5,8049.0,7995.5,8005.0,17767,0.0,0.0,APOLLOHOSP.NS
2026-05-12 11:30:00+05:30,8005.5,8020.0,8002.0,8010.5,12288,0.0,0.0,APOLLOHOSP.NS
2026-05-12 11:45:00+05:30,8012.5,8033.0,8007.0,8027.5,32189,0.0,0.0,APOLLOHOSP.NS
2026-05-12 12:00:00+05:30,8025.5,8037.5,8020.0,8034.5,4492,0.0,0.0,APOLLOHOSP.NS
2026-05-12 12:15:00+05:30,8031.0,8050.0,8020.0,8045.0,7159,0.0,0.0,APOLLOHOSP.NS
2026-05-12 12:30:00+05:30,8044.0,8047.0,8025.5,8037.0,10246,0.0,0.0,APOLLOHOSP.NS
2026-05-12 12:45:00+05:30,8036.5,8037.0,8022.0,8027.0,12123,0.0,0.0,APOLLOHOSP.NS
2026-05-12 13:00:00+05:30,8028.0,8035.0,8016.0,8024.5,13488,0.0,0.0,APOLLOHOSP.NS
2026-05-12 13:15:00+05:30,8024.5,8034.5,8021.5,8025.5,5308,0.0,0.0,APOLLOHOSP.NS
2026-05-12 13:30:00+05:30,8025.5,8028.5,8020.0,8027.5,3630,0.0,0.0,APOLLOHOSP.NS
2026-05-12 13:45:00+05:30,8026.0,8029.5,8021.5,8025.0,4289,0.0,0.0,APOLLOHOSP.NS
2026-05-12 14:00:00+05:30,8026.5,8034.0,8020.0,8027.0,14834,0.0,0.0,APOLLOHOSP.NS
2026-05-12 14:15:00+05:30,8027.0,8048.5,8022.5,8040.5,11867,0.0,0.0,APOLLOHOSP.NS
2026-05-12 14:30:00+05:30,8038.0,8042.5,8024.5,8028.5,17056,0.0,0.0,APOLLOHOSP.NS
2026-05-12 14:45:00+05:30,8027.0,8034.5,8020.0,8025.5,43371,0.0,0.0,APOLLOHOSP.NS
2026-05-12 15:00:00+05:30,8025.5,8025.5,8016.0,8022.5,58868,0.0,0.0,APOLLOHOSP.NS
2026-05-12 15:15:00+05:30,8022.5,8033.5,8020.0,8022.5,31464,0.0,0.0,APOLLOHOSP.NS
2026-05-13 09:15:00+05:30,8022.5,8065.0,7992.0,8006.0,8735,0.0,0.0,APOLLOHOSP.NS
2026-05-13 09:30:00+05:30,8003.5,8015.5,7987.0,8004.5,14002,0.0,0.0,APOLLOHOSP.NS
2026-05-13 09:45:00+05:30,8008.0,8063.0,8005.5,8053.0,18812,0.0,0.0,APOLLOHOSP.NS
2026-05-13 10:00:00+05:30,8056.5,8056.5,8026.0,8038.5,13768,0.0,0.0,APOLLOHOSP.NS
2026-05-13 10:15:00+05:30,8037.0,8097.5,8035.0,8084.5,21122,0.0,0.0,APOLLOHOSP.NS
2026-05-13 10:30:00+05:30,8085.0,8088.0,8068.5,8077.5,19931,0.0,0.0,APOLLOHOSP.NS
2026-05-13 10:45:00+05:30,8077.5,8089.0,8072.0,8072.5,5191,0.0,0.0,APOLLOHOSP.NS
2026-05-13 11:00:00+05:30,8072.0,8084.0,8070.0,8081.0,5645,0.0,0.0,APOLLOHOSP.NS
2026-05-13 11:15:00+05:30,8077.0,8082.0,8067.5,8075.0,8990,0.0,0.0,APOLLOHOSP.NS
2026-05-13 11:30:00+05:30,8075.0,8086.5,8075.0,8086.0,5453,0.0,0.0,APOLLOHOSP.NS
2026-05-13 11:45:00+05:30,8087.0,8098.0,8083.0,8093.0,6367,0.0,0.0,APOLLOHOSP.NS
2026-05-13 12:00:00+05:30,8093.0,8109.5,8075.0,8080.0,20601,0.0,0.0,APOLLOHOSP.NS
2026-05-13 12:15:00+05:30,8077.0,8082.5,8072.0,8072.5,3173,0.0,0.0,APOLLOHOSP.NS
2026-05-13 12:30:00+05:30,8072.5,8075.5,8041.0,8049.0,7941,0.0,0.0,APOLLOHOSP.NS
2026-05-13 12:45:00+05:30,8051.0,8078.0,8048.5,8071.5,3563,0.0,0.0,APOLLOHOSP.NS
2026-05-13 13:00:00+05:30,8074.0,8080.0,8061.0,8072.5,7184,0.0,0.0,APOLLOHOSP.NS
2026-05-13 13:15:00+05:30,8073.5,8080.5,8053.5,8054.0,6580,0.0,0.0,APOLLOHOSP.NS
2026-05-13 13:30:00+05:30,8051.0,8064.0,8050.0,8050.5,4667,0.0,0.0,APOLLOHOSP.NS
2026-05-13 13:45:00+05:30,8051.0,8059.5,8042.5,8047.0,4415,0.0,0.0,APOLLOHOSP.NS
2026-05-13 14:00:00+05:30,8047.0,8050.0,8020.5,8025.0,9105,0.0,0.0,APOLLOHOSP.NS
2026-05-13 14:15:00+05:30,8027.0,8029.5,8012.0,8013.0,14336,0.0,0.0,APOLLOHOSP.NS
2026-05-13 14:30:00+05:30,8015.0,8019.5,8005.5,8007.0,5821,0.0,0.0,APOLLOHOSP.NS
2026-05-13 14:45:00+05:30,8007.0,8013.0,8000.0,8013.0,13928,0.0,0.0,APOLLOHOSP.NS
2026-05-13 15:00:00+05:30,8011.0,8011.0,7996.5,8000.0,36625,0.0,0.0,APOLLOHOSP.NS
2026-05-13 15:15:00+05:30,8001.0,8045.0,7996.0,8004.5,51030,0.0,0.0,APOLLOHOSP.NS
2026-05-14 09:15:00+05:30,8036.0,8141.0,8036.0,8128.0,18211,0.0,0.0,APOLLOHOSP.NS
2026-05-14 09:30:00+05:30,8127.5,8128.5,8099.5,8100.0,9612,0.0,0.0,APOLLOHOSP.NS
2026-05-14 09:45:00+05:30,8105.0,8114.0,8095.5,8113.0,20216,0.0,0.0,APOLLOHOSP.NS
2026-05-14 10:00:00+05:30,8115.0,8118.0,8100.0,8106.5,11278,0.0,0.0,APOLLOHOSP.NS
2026-05-14 10:15:00+05:30,8109.0,8128.0,8101.5,8128.0,14078,0.0,0.0,APOLLOHOSP.NS
2026-05-14 10:30:00+05:30,8130.0,8150.0,8108.0,8141.5,43157,0.0,0.0,APOLLOHOSP.NS
2026-05-14 10:45:00+05:30,8141.5,8145.5,8125.0,8139.0,12081,0.0,0.0,APOLLOHOSP.NS
2026-05-14 11:00:00+05:30,8138.5,8139.5,8110.0,8124.5,22987,0.0,0.0,APOLLOHOSP.NS
2026-05-14 11:15:00+05:30,8126.0,8130.0,8119.0,8130.0,8221,0.0,0.0,APOLLOHOSP.NS
2026-05-14 11:30:00+05:30,8130.0,8130.0,8115.5,8122.0,5494,0.0,0.0,APOLLOHOSP.NS
2026-05-14 11:45:00+05:30,8120.0,8130.0,8120.0,8127.5,10345,0.0,0.0,APOLLOHOSP.NS
2026-05-14 12:00:00+05:30,8128.0,8128.0,8112.0,8119.5,7091,0.0,0.0,APOLLOHOSP.NS
2026-05-14 12:15:00+05:30,8119.5,8130.0,8114.0,8126.0,8277,0.0,0.0,APOLLOHOSP.NS
2026-05-14 12:30:00+05:30,8129.0,8170.0,8124.0,8162.0,53609,0.0,0.0,APOLLOHOSP.NS
2026-05-14 12:45:00+05:30,8162.0,8175.0,8151.0,8171.0,15597,0.0,0.0,APOLLOHOSP.NS
2026-05-14 13:00:00+05:30,8170.0,8179.5,8145.5,8152.0,13360,0.0,0.0,APOLLOHOSP.NS
2026-05-14 13:15:00+05:30,8154.5,8161.5,8146.0,8147.5,10445,0.0,0.0,APOLLOHOSP.NS
2026-05-14 13:30:00+05:30,8149.5,8165.0,8141.5,8165.0,9860,0.0,0.0,APOLLOHOSP.NS
2026-05-14 13:45:00+05:30,8163.0,8175.0,8157.0,8159.5,13651,0.0,0.0,APOLLOHOSP.NS
2026-05-14 14:00:00+05:30,8162.0,8170.5,8152.5,8166.5,13769,0.0,0.0,APOLLOHOSP.NS
2026-05-14 14:15:00+05:30,8166.5,8169.0,8142.0,8148.0,10921,0.0,0.0,APOLLOHOSP.NS
2026-05-14 14:30:00+05:30,8147.5,8150.5,8133.5,8143.5,13191,0.0,0.0,APOLLOHOSP.NS
2026-05-14 14:45:00+05:30,8144.0,8144.0,8110.5,8115.5,11630,0.0,0.0,APOLLOHOSP.NS
2026-05-14 15:00:00+05:30,8115.0,8120.0,8101.5,8112.0,19543,0.0,0.0,APOLLOHOSP.NS
2026-05-14 15:15:00+05:30,8111.0,8144.0,8108.5,8119.0,43856,0.0,0.0,APOLLOHOSP.NS
2026-05-15 09:15:00+05:30,8142.5,8144.5,8112.0,8112.0,7772,0.0,0.0,APOLLOHOSP.NS
2026-05-15 09:30:00+05:30,8112.0,8143.5,8104.0,8141.0,20841,0.0,0.0,APOLLOHOSP.NS
2026-05-15 09:45:00+05:30,8143.5,8156.5,8114.0,8119.5,15414,0.0,0.0,APOLLOHOSP.NS
2026-05-15 10:00:00+05:30,8121.0,8133.0,8102.5,8125.0,17421,0.0,0.0,APOLLOHOSP.NS
2026-05-15 10:15:00+05:30,8124.0,8129.5,8109.0,8111.5,7096,0.0,0.0,APOLLOHOSP.NS
2026-05-15 10:30:00+05:30,8110.0,8122.5,8102.0,8110.0,9158,0.0,0.0,APOLLOHOSP.NS
2026-05-15 10:45:00+05:30,8110.0,8120.0,8108.0,8117.0,4038,0.0,0.0,APOLLOHOSP.NS
2026-05-15 11:00:00+05:30,8114.5,8116.5,8085.0,8099.5,7149,0.0,0.0,APOLLOHOSP.NS
2026-05-15 11:15:00+05:30,8099.0,8110.0,8082.5,8082.5,5720,0.0,0.0,APOLLOHOSP.NS
2026-05-15 11:30:00+05:30,8082.5,8083.5,8062.5,8069.5,3697,0.0,0.0,APOLLOHOSP.NS
2026-05-15 11:45:00+05:30,8069.0,8069.0,8042.0,8053.5,5174,0.0,0.0,APOLLOHOSP.NS
2026-05-15 12:00:00+05:30,8052.5,8053.5,8041.0,8044.0,2122,0.0,0.0,APOLLOHOSP.NS
2026-05-15 12:15:00+05:30,8044.0,8044.5,8028.5,8039.5,2179,0.0,0.0,APOLLOHOSP.NS
2026-05-15 12:30:00+05:30,8037.5,8055.0,8035.5,8055.0,3172,0.0,0.0,APOLLOHOSP.NS
2026-05-15 12:45:00+05:30,8055.0,8069.0,8050.0,8050.0,6620,0.0,0.0,APOLLOHOSP.NS
2026-05-15 13:00:00+05:30,8050.5,8062.5,8050.0,8053.0,1789,0.0,0.0,APOLLOHOSP.NS
2026-05-15 13:15:00+05:30,8053.0,8073.5,8053.0,8063.0,56849,0.0,0.0,APOLLOHOSP.NS
2026-05-15 13:30:00+05:30,8066.5,8080.0,8060.0,8078.5,4867,0.0,0.0,APOLLOHOSP.NS
2026-05-15 13:45:00+05:30,8075.0,8079.0,8060.5,8067.0,2470,0.0,0.0,APOLLOHOSP.NS
2026-05-15 14:00:00+05:30,8067.0,8076.0,8063.5,8076.0,4267,0.0,0.0,APOLLOHOSP.NS
2026-05-15 14:15:00+05:30,8076.0,8076.5,8066.5,8071.5,2108,0.0,0.0,APOLLOHOSP.NS
2026-05-15 14:30:00+05:30,8075.0,8087.5,8073.0,8078.0,9421,0.0,0.0,APOLLOHOSP.NS
2026-05-15 14:45:00+05:30,8078.5,8086.5,8050.0,8081.0,22815,0.0,0.0,APOLLOHOSP.NS
2026-05-15 15:00:00+05:30,8083.5,8095.0,8076.0,8085.0,29463,0.0,0.0,APOLLOHOSP.NS
2026-05-15 15:15:00+05:30,8088.0,8088.0,8067.0,8082.5,34125,0.0,0.0,APOLLOHOSP.NS
2026-05-18 09:15:00+05:30,8023.0,8090.0,8018.0,8058.0,10408,0.0,0.0,APOLLOHOSP.NS
2026-05-18 09:30:00+05:30,8056.5,8069.5,8050.0,8064.0,5257,0.0,0.0,APOLLOHOSP.NS
2026-05-18 09:45:00+05:30,8061.5,8069.5,8035.0,8039.5,9173,0.0,0.0,APOLLOHOSP.NS
2026-05-18 10:00:00+05:30,8044.5,8068.5,8036.5,8049.5,6617,0.0,0.0,APOLLOHOSP.NS
2026-05-18 10:15:00+05:30,8052.5,8061.5,8037.0,8048.0,6937,0.0,0.0,APOLLOHOSP.NS
2026-05-18 10:30:00+05:30,8047.5,8067.0,8035.5,8060.0,10337,0.0,0.0,APOLLOHOSP.NS
2026-05-18 10:45:00+05:30,8060.0,8071.5,8040.5,8069.5,8247,0.0,0.0,APOLLOHOSP.NS
2026-05-18 11:00:00+05:30,8072.5,8072.5,8052.0,8065.0,7425,0.0,0.0,APOLLOHOSP.NS
2026-05-18 11:15:00+05:30,8065.0,8081.0,8061.5,8076.5,8750,0.0,0.0,APOLLOHOSP.NS
2026-05-18 11:30:00+05:30,8076.5,8099.0,8075.0,8088.0,8364,0.0,0.0,APOLLOHOSP.NS
2026-05-18 11:45:00+05:30,8088.0,8088.0,8065.0,8067.5,50729,0.0,0.0,APOLLOHOSP.NS
2026-05-18 12:00:00+05:30,8067.0,8080.0,8058.5,8074.5,6342,0.0,0.0,APOLLOHOSP.NS
2026-05-18 12:15:00+05:30,8074.5,8078.0,8050.5,8065.0,9317,0.0,0.0,APOLLOHOSP.NS
2026-05-18 12:30:00+05:30,8066.0,8079.0,8058.5,8062.0,4653,0.0,0.0,APOLLOHOSP.NS
2026-05-18 12:45:00+05:30,8062.5,8072.0,8055.5,8071.0,4514,0.0,0.0,APOLLOHOSP.NS
2026-05-18 13:00:00+05:30,8070.0,8078.0,8060.0,8064.0,8226,0.0,0.0,APOLLOHOSP.NS
2026-05-18 13:15:00+05:30,8062.5,8070.0,8060.0,8066.0,4142,0.0,0.0,APOLLOHOSP.NS
2026-05-18 13:30:00+05:30,8067.5,8071.0,8053.5,8062.0,7108,0.0,0.0,APOLLOHOSP.NS
2026-05-18 13:45:00+05:30,8063.5,8067.5,8048.0,8056.5,9063,0.0,0.0,APOLLOHOSP.NS
2026-05-18 14:00:00+05:30,8056.0,8060.5,8045.0,8054.0,10683,0.0,0.0,APOLLOHOSP.NS
2026-05-18 14:15:00+05:30,8054.5,8054.5,8034.0,8041.5,9682,0.0,0.0,APOLLOHOSP.NS
2026-05-18 14:30:00+05:30,8040.0,8048.0,8033.5,8035.5,7298,0.0,0.0,APOLLOHOSP.NS
2026-05-18 14:45:00+05:30,8038.0,8038.0,8013.5,8018.0,19879,0.0,0.0,APOLLOHOSP.NS
2026-05-18 15:00:00+05:30,8017.5,8032.0,8008.5,8009.5,46363,0.0,0.0,APOLLOHOSP.NS
2026-05-18 15:15:00+05:30,8009.5,8046.5,8007.0,8020.5,31076,0.0,0.0,APOLLOHOSP.NS
2026-05-19 09:15:00+05:30,8045.0,8093.5,7986.5,8081.5,8919,0.0,0.0,APOLLOHOSP.NS
2026-05-19 09:30:00+05:30,8081.5,8083.5,8034.0,8052.5,7967,0.0,0.0,APOLLOHOSP.NS
2026-05-19 09:45:00+05:30,8053.0,8059.0,8034.0,8042.0,8266,0.0,0.0,APOLLOHOSP.NS
2026-05-19 10:00:00+05:30,8040.5,8066.0,8036.0,8052.5,10135,0.0,0.0,APOLLOHOSP.NS
2026-05-19 10:15:00+05:30,8054.0,8077.0,8054.0,8065.5,3911,0.0,0.0,APOLLOHOSP.NS
2026-05-19 10:30:00+05:30,8068.0,8077.0,8050.0,8054.0,6038,0.0,0.0,APOLLOHOSP.NS
2026-05-19 10:45:00+05:30,8054.0,8065.0,8042.5,8061.0,9234,0.0,0.0,APOLLOHOSP.NS
2026-05-19 11:00:00+05:30,8058.5,8069.5,8055.0,8055.0,4538,0.0,0.0,APOLLOHOSP.NS
2026-05-19 11:15:00+05:30,8055.0,8063.5,8048.0,8054.0,19399,0.0,0.0,APOLLOHOSP.NS
2026-05-19 11:30:00+05:30,8053.0,8064.5,8049.5,8062.0,5052,0.0,0.0,APOLLOHOSP.NS
2026-05-19 11:45:00+05:30,8061.5,8085.0,8061.0,8074.0,11601,0.0,0.0,APOLLOHOSP.NS
2026-05-19 12:00:00+05:30,8070.5,8080.5,8065.0,8080.5,8031,0.0,0.0,APOLLOHOSP.NS
2026-05-19 12:15:00+05:30,8079.0,8085.5,8073.0,8077.0,3604,0.0,0.0,APOLLOHOSP.NS
2026-05-19 12:30:00+05:30,8077.0,8084.0,8076.0,8077.0,4748,0.0,0.0,APOLLOHOSP.NS
2026-05-19 12:45:00+05:30,8077.0,8077.0,8031.5,8034.5,23795,0.0,0.0,APOLLOHOSP.NS
2026-05-19 13:00:00+05:30,8034.5,8044.5,8027.0,8039.0,18414,0.0,0.0,APOLLOHOSP.NS
2026-05-19 13:15:00+05:30,8036.5,8043.0,8031.5,8037.5,13857,0.0,0.0,APOLLOHOSP.NS
2026-05-19 13:30:00+05:30,8037.5,8044.5,8020.5,8031.5,15132,0.0,0.0,APOLLOHOSP.NS
2026-05-19 13:45:00+05:30,8032.0,8036.0,8017.0,8020.0,11455,0.0,0.0,APOLLOHOSP.NS
2026-05-19 14:00:00+05:30,8020.5,8043.0,8019.5,8032.0,12384,0.0,0.0,APOLLOHOSP.NS
2026-05-19 14:15:00+05:30,8030.5,8042.0,8017.5,8037.0,31899,0.0,0.0,APOLLOHOSP.NS
2026-05-19 14:30:00+05:30,8037.0,8041.5,8019.5,8022.5,17099,0.0,0.0,APOLLOHOSP.NS
2026-05-19 14:45:00+05:30,8022.5,8037.0,8016.0,8036.0,21633,0.0,0.0,APOLLOHOSP.NS
2026-05-19 15:00:00+05:30,8030.0,8031.0,8013.0,8021.5,43414,0.0,0.0,APOLLOHOSP.NS
2026-05-19 15:15:00+05:30,8023.0,8043.0,8013.0,8026.0,66425,0.0,0.0,APOLLOHOSP.NS
2026-05-20 09:15:00+05:30,7900.0,7997.5,7839.0,7992.0,11452,0.0,0.0,APOLLOHOSP.NS
2026-05-20 09:30:00+05:30,7991.0,8025.0,7989.0,7995.0,24268,0.0,0.0,APOLLOHOSP.NS
2026-05-20 09:45:00+05:30,7985.5,8009.5,7980.0,7992.0,10081,0.0,0.0,APOLLOHOSP.NS
2026-05-20 10:00:00+05:30,7992.0,8015.5,7982.0,8010.0,17185,0.0,0.0,APOLLOHOSP.NS
2026-05-20 10:15:00+05:30,8008.5,8029.5,8001.5,8029.5,8750,0.0,0.0,APOLLOHOSP.NS
2026-05-20 10:30:00+05:30,8030.0,8042.0,8012.0,8036.0,13782,0.0,0.0,APOLLOHOSP.NS
2026-05-20 10:45:00+05:30,8036.5,8056.5,8028.0,8042.5,13053,0.0,0.0,APOLLOHOSP.NS
2026-05-20 11:00:00+05:30,8042.0,8053.5,8035.5,8037.5,8845,0.0,0.0,APOLLOHOSP.NS
2026-05-20 11:15:00+05:30,8037.0,8055.0,8034.0,8048.5,8249,0.0,0.0,APOLLOHOSP.NS
2026-05-20 11:30:00+05:30,8049.5,8051.0,8016.5,8033.5,11187,0.0,0.0,APOLLOHOSP.NS
2026-05-20 11:45:00+05:30,8037.0,8042.0,8032.5,8040.5,5566,0.0,0.0,APOLLOHOSP.NS
2026-05-20 12:00:00+05:30,8037.5,8093.0,8032.0,8079.0,26451,0.0,0.0,APOLLOHOSP.NS
2026-05-20 12:15:00+05:30,8079.0,8088.0,8053.0,8066.0,22803,0.0,0.0,APOLLOHOSP.NS
2026-05-20 12:30:00+05:30,8065.0,8072.0,8055.0,8072.0,7372,0.0,0.0,APOLLOHOSP.NS
2026-05-20 12:45:00+05:30,8074.0,8098.0,8067.0,8089.0,13709,0.0,0.0,APOLLOHOSP.NS
2026-05-20 13:00:00+05:30,8091.5,8109.0,8090.0,8103.5,12797,0.0,0.0,APOLLOHOSP.NS
2026-05-20 13:15:00+05:30,8104.0,8104.0,8078.5,8092.0,19393,0.0,0.0,APOLLOHOSP.NS
2026-05-20 13:30:00+05:30,8092.0,8118.0,8090.0,8115.0,15353,0.0,0.0,APOLLOHOSP.NS
2026-05-20 13:45:00+05:30,8114.5,8116.0,8106.5,8116.0,6815,0.0,0.0,APOLLOHOSP.NS
2026-05-20 14:00:00+05:30,8119.0,8133.5,8115.0,8132.0,12455,0.0,0.0,APOLLOHOSP.NS
2026-05-20 14:15:00+05:30,8132.5,8132.5,8101.5,8113.0,12223,0.0,0.0,APOLLOHOSP.NS
2026-05-20 14:30:00+05:30,8111.5,8139.0,8111.5,8135.5,16853,0.0,0.0,APOLLOHOSP.NS
2026-05-20 14:45:00+05:30,8137.0,8139.0,8092.5,8102.0,20045,0.0,0.0,APOLLOHOSP.NS
2026-05-20 15:00:00+05:30,8101.0,8105.0,8080.0,8085.0,46122,0.0,0.0,APOLLOHOSP.NS
2026-05-20 15:15:00+05:30,8081.0,8096.5,8048.5,8075.0,69843,0.0,0.0,APOLLOHOSP.NS
2026-05-21 09:15:00+05:30,8228.5,8263.5,8054.0,8166.0,144139,0.0,0.0,APOLLOHOSP.NS
2026-05-21 09:30:00+05:30,8165.0,8322.0,8135.5,8322.0,169402,0.0,0.0,APOLLOHOSP.NS
2026-05-21 09:45:00+05:30,8315.5,8385.0,8306.0,8323.0,179516,0.0,0.0,APOLLOHOSP.NS
2026-05-21 10:00:00+05:30,8325.0,8355.5,8292.5,8330.0,88490,0.0,0.0,APOLLOHOSP.NS
2026-05-21 10:15:00+05:30,8331.5,8343.5,8240.0,8258.0,83345,0.0,0.0,APOLLOHOSP.NS
2026-05-21 10:30:00+05:30,8258.0,8274.0,8211.0,8220.0,56680,0.0,0.0,APOLLOHOSP.NS
2026-05-21 10:45:00+05:30,8220.0,8288.0,8217.0,8276.0,49270,0.0,0.0,APOLLOHOSP.NS
2026-05-21 11:00:00+05:30,8273.0,8289.0,8235.5,8240.0,26310,0.0,0.0,APOLLOHOSP.NS
2026-05-21 11:15:00+05:30,8240.0,8263.5,8225.0,8250.0,40644,0.0,0.0,APOLLOHOSP.NS
2026-05-21 11:30:00+05:30,8246.5,8299.5,8235.0,8297.5,41032,0.0,0.0,APOLLOHOSP.NS
2026-05-21 11:45:00+05:30,8297.5,8302.5,8256.5,8276.0,26915,0.0,0.0,APOLLOHOSP.NS
2026-05-21 12:00:00+05:30,8276.0,8290.5,8271.0,8278.0,13891,0.0,0.0,APOLLOHOSP.NS
2026-05-21 12:15:00+05:30,8277.5,8324.0,8267.5,8321.5,31978,0.0,0.0,APOLLOHOSP.NS
2026-05-21 12:30:00+05:30,8320.5,8324.0,8300.0,8320.0,24872,0.0,0.0,APOLLOHOSP.NS
2026-05-21 12:45:00+05:30,8321.5,8325.0,8307.0,8313.0,14747,0.0,0.0,APOLLOHOSP.NS
2026-05-21 13:00:00+05:30,8310.0,8325.0,8302.0,8322.0,13719,0.0,0.0,APOLLOHOSP.NS
2026-05-21 13:15:00+05:30,8322.5,8340.0,8300.0,8302.0,26008,0.0,0.0,APOLLOHOSP.NS
2026-05-21 13:30:00+05:30,8301.0,8316.5,8299.5,8308.0,10032,0.0,0.0,APOLLOHOSP.NS
2026-05-21 13:45:00+05:30,8307.0,8313.0,8289.0,8313.0,17231,0.0,0.0,APOLLOHOSP.NS
2026-05-21 14:00:00+05:30,8315.0,8317.5,8305.5,8315.0,7626,0.0,0.0,APOLLOHOSP.NS
2026-05-21 14:15:00+05:30,8313.5,8320.0,8305.5,8308.0,8101,0.0,0.0,APOLLOHOSP.NS
2026-05-21 14:30:00+05:30,8308.0,8323.0,8294.5,8304.0,16698,0.0,0.0,APOLLOHOSP.NS
2026-05-21 14:45:00+05:30,8303.5,8317.0,8300.0,8305.0,12131,0.0,0.0,APOLLOHOSP.NS
2026-05-21 15:00:00+05:30,8304.0,8309.5,8296.5,8300.0,34459,0.0,0.0,APOLLOHOSP.NS
2026-05-21 15:15:00+05:30,8300.0,8339.0,8300.0,8308.5,58711,0.0,0.0,APOLLOHOSP.NS
2026-05-22 09:15:00+05:30,8330.0,8330.5,8255.0,8323.0,27841,0.0,0.0,APOLLOHOSP.NS
2026-05-22 09:30:00+05:30,8315.5,8335.0,8297.0,8322.5,17525,0.0,0.0,APOLLOHOSP.NS
2026-05-22 09:45:00+05:30,8319.5,8326.0,8312.0,8314.0,8121,0.0,0.0,APOLLOHOSP.NS
2026-05-22 10:00:00+05:30,8314.0,8317.0,8280.0,8293.5,15157,0.0,0.0,APOLLOHOSP.NS
2026-05-22 10:15:00+05:30,8292.0,8300.0,8285.5,8293.5,4826,0.0,0.0,APOLLOHOSP.NS
2026-05-22 10:30:00+05:30,8293.5,8348.5,8293.0,8346.0,16294,0.0,0.0,APOLLOHOSP.NS
2026-05-22 10:45:00+05:30,8350.0,8370.0,8350.0,8360.0,17584,0.0,0.0,APOLLOHOSP.NS
2026-05-22 11:00:00+05:30,8360.0,8400.0,8351.0,8391.0,29657,0.0,0.0,APOLLOHOSP.NS
2026-05-22 11:15:00+05:30,8391.0,8417.0,8390.5,8404.0,31545,0.0,0.0,APOLLOHOSP.NS
2026-05-22 11:30:00+05:30,8401.5,8425.5,8391.0,8416.0,41908,0.0,0.0,APOLLOHOSP.NS
2026-05-22 11:45:00+05:30,8419.5,8423.0,8391.5,8395.0,13449,0.0,0.0,APOLLOHOSP.NS
2026-05-22 12:00:00+05:30,8397.5,8404.0,8384.0,8404.0,15404,0.0,0.0,APOLLOHOSP.NS
2026-05-22 12:15:00+05:30,8404.0,8419.0,8391.0,8407.0,52351,0.0,0.0,APOLLOHOSP.NS
2026-05-22 12:30:00+05:30,8405.0,8406.0,8398.0,8398.0,6653,0.0,0.0,APOLLOHOSP.NS
2026-05-22 12:45:00+05:30,8401.5,8401.5,8386.5,8392.0,7123,0.0,0.0,APOLLOHOSP.NS
2026-05-22 13:00:00+05:30,8393.0,8393.0,8382.5,8384.0,8364,0.0,0.0,APOLLOHOSP.NS
2026-05-22 13:15:00+05:30,8385.5,8385.5,8375.0,8377.5,11775,0.0,0.0,APOLLOHOSP.NS
2026-05-22 13:30:00+05:30,8378.0,8378.0,8365.5,8372.0,8637,0.0,0.0,APOLLOHOSP.NS
2026-05-22 13:45:00+05:30,8372.5,8378.5,8360.5,8374.0,13674,0.0,0.0,APOLLOHOSP.NS
2026-05-22 14:00:00+05:30,8373.5,8373.5,8358.5,8363.5,23970,0.0,0.0,APOLLOHOSP.NS
2026-05-22 14:15:00+05:30,8364.0,8370.0,8345.0,8362.5,23013,0.0,0.0,APOLLOHOSP.NS
2026-05-22 14:30:00+05:30,8361.0,8367.5,8345.0,8346.0,20304,0.0,0.0,APOLLOHOSP.NS
2026-05-22 14:45:00+05:30,8350.0,8370.5,8348.0,8363.0,28834,0.0,0.0,APOLLOHOSP.NS
2026-05-22 15:00:00+05:30,8363.0,8371.0,8349.5,8366.0,33245,0.0,0.0,APOLLOHOSP.NS
2026-05-22 15:15:00+05:30,8367.0,8374.5,8340.5,8362.5,39519,0.0,0.0,APOLLOHOSP.NS
2026-05-25 09:15:00+05:30,8430.0,8430.0,8375.0,8411.0,24419,0.0,0.0,APOLLOHOSP.NS
2026-05-25 09:30:00+05:30,8411.0,8429.0,8400.5,8424.0,16555,0.0,0.0,APOLLOHOSP.NS
2026-05-25 09:45:00+05:30,8425.0,8442.0,8407.5,8411.0,21008,0.0,0.0,APOLLOHOSP.NS
2026-05-25 10:00:00+05:30,8410.5,8420.0,8400.5,8405.0,13178,0.0,0.0,APOLLOHOSP.NS
2026-05-25 10:15:00+05:30,8405.0,8410.5,8396.5,8401.5,13061,0.0,0.0,APOLLOHOSP.NS
2026-05-25 10:30:00+05:30,8401.5,8408.0,8400.0,8405.0,11223,0.0,0.0,APOLLOHOSP.NS
2026-05-25 10:45:00+05:30,8404.5,8410.0,8396.0,8399.5,11478,0.0,0.0,APOLLOHOSP.NS
2026-05-25 11:00:00+05:30,8399.5,8409.0,8395.0,8400.0,11196,0.0,0.0,APOLLOHOSP.NS
2026-05-25 11:15:00+05:30,8400.0,8407.5,8395.0,8404.5,9209,0.0,0.0,APOLLOHOSP.NS
2026-05-25 11:30:00+05:30,8404.5,8410.0,8402.0,8406.5,5144,0.0,0.0,APOLLOHOSP.NS
2026-05-25 11:45:00+05:30,8406.5,8416.5,8402.0,8413.0,13234,0.0,0.0,APOLLOHOSP.NS
2026-05-25 12:00:00+05:30,8411.5,8418.0,8403.5,8405.0,6156,0.0,0.0,APOLLOHOSP.NS
2026-05-25 12:15:00+05:30,8405.0,8417.0,8405.0,8408.0,7467,0.0,0.0,APOLLOHOSP.NS
2026-05-25 12:30:00+05:30,8408.0,8413.0,8406.0,8410.5,5613,0.0,0.0,APOLLOHOSP.NS
2026-05-25 12:45:00+05:30,8410.0,8415.0,8400.0,8407.0,15594,0.0,0.0,APOLLOHOSP.NS
2026-05-25 13:00:00+05:30,8407.5,8409.5,8395.0,8396.5,18378,0.0,0.0,APOLLOHOSP.NS
2026-05-25 13:15:00+05:30,8396.0,8404.0,8395.0,8402.5,6607,0.0,0.0,APOLLOHOSP.NS
2026-05-25 13:30:00+05:30,8402.5,8405.0,8395.5,8399.0,7022,0.0,0.0,APOLLOHOSP.NS
2026-05-25 13:45:00+05:30,8400.0,8402.5,8396.0,8400.0,8753,0.0,0.0,APOLLOHOSP.NS
2026-05-25 14:00:00+05:30,8400.0,8407.5,8400.0,8404.0,10652,0.0,0.0,APOLLOHOSP.NS
2026-05-25 14:15:00+05:30,8404.0,8408.5,8392.0,8407.5,37670,0.0,0.0,APOLLOHOSP.NS
2026-05-25 14:30:00+05:30,8407.5,8410.0,8401.5,8407.0,8603,0.0,0.0,APOLLOHOSP.NS
2026-05-25 14:45:00+05:30,8409.0,8411.0,8402.0,8411.0,11190,0.0,0.0,APOLLOHOSP.NS
2026-05-25 15:00:00+05:30,8411.0,8411.0,8400.0,8401.5,13229,0.0,0.0,APOLLOHOSP.NS
2026-05-25 15:15:00+05:30,8400.5,8415.0,8400.0,8400.0,18392,0.0,0.0,APOLLOHOSP.NS
2026-05-26 09:15:00+05:30,8421.0,8421.0,8316.5,8359.5,9783,0.0,0.0,APOLLOHOSP.NS
2026-05-26 09:30:00+05:30,8358.5,8380.5,8352.5,8370.5,8019,0.0,0.0,APOLLOHOSP.NS
2026-05-26 09:45:00+05:30,8374.0,8374.0,8351.0,8357.0,5511,0.0,0.0,APOLLOHOSP.NS
2026-05-26 10:00:00+05:30,8357.5,8374.0,8350.0,8353.0,6127,0.0,0.0,APOLLOHOSP.NS
2026-05-26 10:15:00+05:30,8355.0,8377.0,8336.5,8370.0,9577,0.0,0.0,APOLLOHOSP.NS
2026-05-26 10:30:00+05:30,8370.0,8374.0,8354.5,8363.0,9007,0.0,0.0,APOLLOHOSP.NS
2026-05-26 10:45:00+05:30,8363.0,8365.5,8340.0,8342.5,39248,0.0,0.0,APOLLOHOSP.NS
2026-05-26 11:00:00+05:30,8342.5,8345.5,8300.0,8300.5,10145,0.0,0.0,APOLLOHOSP.NS
2026-05-26 11:15:00+05:30,8302.5,8314.5,8297.0,8301.0,12472,0.0,0.0,APOLLOHOSP.NS
2026-05-26 11:30:00+05:30,8301.0,8301.5,8281.0,8287.0,7893,0.0,0.0,APOLLOHOSP.NS
2026-05-26 11:45:00+05:30,8285.0,8300.5,8278.0,8298.0,12241,0.0,0.0,APOLLOHOSP.NS
2026-05-26 12:00:00+05:30,8295.5,8300.0,8290.0,8293.0,9469,0.0,0.0,APOLLOHOSP.NS
2026-05-26 12:15:00+05:30,8293.0,8300.0,8292.0,8293.5,6120,0.0,0.0,APOLLOHOSP.NS
2026-05-26 12:30:00+05:30,8295.0,8299.5,8281.5,8285.0,8869,0.0,0.0,APOLLOHOSP.NS
2026-05-26 12:45:00+05:30,8282.0,8288.0,8263.0,8286.0,14246,0.0,0.0,APOLLOHOSP.NS
2026-05-26 13:00:00+05:30,8286.5,8289.5,8271.0,8275.5,6105,0.0,0.0,APOLLOHOSP.NS
2026-05-26 13:15:00+05:30,8275.5,8275.5,8250.0,8254.5,13068,0.0,0.0,APOLLOHOSP.NS
2026-05-26 13:30:00+05:30,8254.5,8256.0,8243.0,8248.5,7057,0.0,0.0,APOLLOHOSP.NS
2026-05-26 13:45:00+05:30,8248.0,8260.0,8237.0,8256.5,7426,0.0,0.0,APOLLOHOSP.NS
2026-05-26 14:00:00+05:30,8256.5,8264.5,8251.0,8258.0,6069,0.0,0.0,APOLLOHOSP.NS
2026-05-26 14:15:00+05:30,8258.0,8268.5,8254.5,8258.5,5076,0.0,0.0,APOLLOHOSP.NS
2026-05-26 14:30:00+05:30,8262.0,8268.5,8256.0,8259.0,8692,0.0,0.0,APOLLOHOSP.NS
2026-05-26 14:45:00+05:30,8256.0,8260.5,8231.0,8252.0,28216,0.0,0.0,APOLLOHOSP.NS
2026-05-26 15:00:00+05:30,8252.0,8264.5,8250.0,8257.5,20494,0.0,0.0,APOLLOHOSP.NS
2026-05-26 15:15:00+05:30,8258.0,8270.0,8250.0,8269.5,33970,0.0,0.0,APOLLOHOSP.NS
2026-05-27 09:15:00+05:30,8266.0,8271.0,8232.0,8244.5,5845,0.0,0.0,APOLLOHOSP.NS
2026-05-27 09:30:00+05:30,8246.5,8254.0,8220.5,8232.5,6928,0.0,0.0,APOLLOHOSP.NS
2026-05-27 09:45:00+05:30,8231.0,8231.5,8215.5,8225.0,5544,0.0,0.0,APOLLOHOSP.NS
2026-05-27 10:00:00+05:30,8221.0,8230.0,8205.0,8207.5,8914,0.0,0.0,APOLLOHOSP.NS
2026-05-27 10:15:00+05:30,8209.5,8209.5,8196.0,8200.0,8150,0.0,0.0,APOLLOHOSP.NS
2026-05-27 10:30:00+05:30,8198.0,8200.0,8175.5,8179.0,8936,0.0,0.0,APOLLOHOSP.NS
2026-05-27 10:45:00+05:30,8177.0,8191.5,8170.0,8190.0,7114,0.0,0.0,APOLLOHOSP.NS
2026-05-27 11:00:00+05:30,8189.5,8196.0,8179.0,8191.5,5179,0.0,0.0,APOLLOHOSP.NS
2026-05-27 11:15:00+05:30,8193.5,8208.0,8190.0,8208.0,14147,0.0,0.0,APOLLOHOSP.NS
2026-05-27 11:30:00+05:30,8208.0,8225.0,8207.0,8216.5,9752,0.0,0.0,APOLLOHOSP.NS
2026-05-27 11:45:00+05:30,8216.5,8221.5,8210.0,8218.0,5718,0.0,0.0,APOLLOHOSP.NS
2026-05-27 12:00:00+05:30,8213.5,8213.5,8191.5,8205.0,11747,0.0,0.0,APOLLOHOSP.NS
2026-05-27 12:15:00+05:30,8205.0,8212.0,8201.0,8207.0,3397,0.0,0.0,APOLLOHOSP.NS
2026-05-27 12:30:00+05:30,8208.5,8223.0,8202.0,8220.0,16234,0.0,0.0,APOLLOHOSP.NS
2026-05-27 12:45:00+05:30,8220.0,8272.0,8220.0,8265.0,17287,0.0,0.0,APOLLOHOSP.NS
2026-05-27 13:00:00+05:30,8265.0,8271.0,8244.0,8249.5,10141,0.0,0.0,APOLLOHOSP.NS
2026-05-27 13:15:00+05:30,8249.5,8265.0,8249.0,8261.0,4416,0.0,0.0,APOLLOHOSP.NS
2026-05-27 13:30:00+05:30,8261.0,8263.0,8245.0,8248.0,5379,0.0,0.0,APOLLOHOSP.NS
2026-05-27 13:45:00+05:30,8245.0,8294.0,8244.0,8279.0,10587,0.0,0.0,APOLLOHOSP.NS
2026-05-27 14:00:00+05:30,8279.0,8301.0,8268.0,8286.0,18966,0.0,0.0,APOLLOHOSP.NS
2026-05-27 14:15:00+05:30,8286.0,8304.0,8280.0,8297.5,10100,0.0,0.0,APOLLOHOSP.NS
2026-05-27 14:30:00+05:30,8299.0,8304.5,8280.5,8288.5,12695,0.0,0.0,APOLLOHOSP.NS
2026-05-27 14:45:00+05:30,8288.5,8289.0,8274.0,8275.0,25494,0.0,0.0,APOLLOHOSP.NS
2026-05-27 15:00:00+05:30,8275.0,8275.0,8260.0,8267.5,23232,0.0,0.0,APOLLOHOSP.NS
2026-05-27 15:15:00+05:30,8266.0,8280.0,8265.5,8272.5,27370,0.0,0.0,APOLLOHOSP.NS
2026-05-29 09:15:00+05:30,8201.5,8320.0,8201.5,8288.0,20711,0.0,0.0,APOLLOHOSP.NS
2026-05-29 09:30:00+05:30,8280.5,8298.5,8244.0,8247.5,18869,0.0,0.0,APOLLOHOSP.NS
2026-05-29 09:45:00+05:30,8250.0,8306.5,8242.5,8306.5,11020,0.0,0.0,APOLLOHOSP.NS
2026-05-29 10:00:00+05:30,8306.5,8325.0,8306.5,8314.0,9434,0.0,0.0,APOLLOHOSP.NS
2026-05-29 10:15:00+05:30,8317.0,8317.0,8294.5,8298.5,7163,0.0,0.0,APOLLOHOSP.NS
2026-05-29 10:30:00+05:30,8298.5,8312.0,8295.0,8311.5,4068,0.0,0.0,APOLLOHOSP.NS
2026-05-29 10:45:00+05:30,8308.5,8315.5,8298.0,8303.5,7072,0.0,0.0,APOLLOHOSP.NS
2026-05-29 11:00:00+05:30,8303.5,8315.0,8301.0,8302.0,6206,0.0,0.0,APOLLOHOSP.NS
2026-05-29 11:15:00+05:30,8302.0,8315.5,8285.5,8306.5,11467,0.0,0.0,APOLLOHOSP.NS
2026-05-29 11:30:00+05:30,8307.0,8313.0,8284.0,8288.0,8771,0.0,0.0,APOLLOHOSP.NS
2026-05-29 11:45:00+05:30,8288.0,8288.0,8251.5,8270.5,18137,0.0,0.0,APOLLOHOSP.NS
2026-05-29 12:00:00+05:30,8270.5,8278.0,8246.5,8272.0,16907,0.0,0.0,APOLLOHOSP.NS
2026-05-29 12:15:00+05:30,8272.0,8296.0,8270.5,8288.0,12387,0.0,0.0,APOLLOHOSP.NS
2026-05-29 12:30:00+05:30,8288.0,8302.0,8285.5,8301.5,7992,0.0,0.0,APOLLOHOSP.NS
2026-05-29 12:45:00+05:30,8301.5,8315.0,8301.0,8305.5,13432,0.0,0.0,APOLLOHOSP.NS
2026-05-29 13:00:00+05:30,8302.5,8304.0,8293.0,8293.0,4701,0.0,0.0,APOLLOHOSP.NS
2026-05-29 13:15:00+05:30,8290.5,8296.0,8281.5,8285.0,5163,0.0,0.0,APOLLOHOSP.NS
2026-05-29 13:30:00+05:30,8285.0,8296.0,8283.5,8289.0,3767,0.0,0.0,APOLLOHOSP.NS
2026-05-29 13:45:00+05:30,8290.5,8293.5,8277.0,8281.0,4226,0.0,0.0,APOLLOHOSP.NS
2026-05-29 14:00:00+05:30,8283.5,8290.5,8275.0,8284.5,4588,0.0,0.0,APOLLOHOSP.NS
2026-05-29 14:15:00+05:30,8285.0,8289.0,8276.5,8276.5,5971,0.0,0.0,APOLLOHOSP.NS
2026-05-29 14:30:00+05:30,8279.5,8300.0,8279.0,8285.5,7116,0.0,0.0,APOLLOHOSP.NS
2026-05-29 14:45:00+05:30,8286.5,8309.5,8280.0,8287.0,15399,0.0,0.0,APOLLOHOSP.NS
2026-05-29 15:00:00+05:30,8283.0,8283.0,8150.0,8165.0,465558,0.0,0.0,APOLLOHOSP.NS
2026-05-29 15:15:00+05:30,8164.0,8223.5,8159.5,8223.5,321134,0.0,0.0,APOLLOHOSP.NS
2026-06-01 09:15:00+05:30,8231.5,8243.0,8149.0,8151.0,11220,0.0,0.0,APOLLOHOSP.NS
2026-06-01 09:30:00+05:30,8151.0,8155.5,8120.0,8143.5,9579,0.0,0.0,APOLLOHOSP.NS
2026-06-01 09:45:00+05:30,8148.5,8175.5,8141.5,8161.0,5028,0.0,0.0,APOLLOHOSP.NS
2026-06-01 10:00:00+05:30,8163.0,8170.0,8146.5,8164.0,3691,0.0,0.0,APOLLOHOSP.NS
2026-06-01 10:15:00+05:30,8163.0,8175.0,8160.0,8160.0,3239,0.0,0.0,APOLLOHOSP.NS
2026-06-01 10:30:00+05:30,8157.0,8183.5,8148.5,8182.0,4180,0.0,0.0,APOLLOHOSP.NS
2026-06-01 10:45:00+05:30,8184.0,8211.0,8180.0,8196.5,5179,0.0,0.0,APOLLOHOSP.NS
2026-06-01 11:00:00+05:30,8198.5,8201.0,8184.5,8196.5,2938,0.0,0.0,APOLLOHOSP.NS
2026-06-01 11:15:00+05:30,8196.5,8200.0,8183.5,8183.5,4363,0.0,0.0,APOLLOHOSP.NS
2026-06-01 11:30:00+05:30,8183.5,8184.0,8166.5,8166.5,5177,0.0,0.0,APOLLOHOSP.NS
2026-06-01 11:45:00+05:30,8165.5,8186.0,8149.0,8175.5,8792,0.0,0.0,APOLLOHOSP.NS
2026-06-01 12:00:00+05:30,8176.0,8200.0,8174.0,8200.0,8397,0.0,0.0,APOLLOHOSP.NS
2026-06-01 12:15:00+05:30,8199.5,8240.0,8196.5,8218.0,23824,0.0,0.0,APOLLOHOSP.NS
2026-06-01 12:30:00+05:30,8218.0,8225.0,8209.5,8217.0,9532,0.0,0.0,APOLLOHOSP.NS
2026-06-01 12:45:00+05:30,8214.5,8228.5,8205.0,8209.0,6240,0.0,0.0,APOLLOHOSP.NS
2026-06-01 13:00:00+05:30,8209.5,8209.5,8176.0,8180.5,9790,0.0,0.0,APOLLOHOSP.NS
2026-06-01 13:15:00+05:30,8180.5,8186.5,8176.0,8185.0,3785,0.0,0.0,APOLLOHOSP.NS
2026-06-01 13:30:00+05:30,8184.5,8193.5,8184.0,8189.5,2019,0.0,0.0,APOLLOHOSP.NS
2026-06-01 13:45:00+05:30,8187.0,8187.0,8150.5,8158.0,10178,0.0,0.0,APOLLOHOSP.NS
2026-06-01 14:00:00+05:30,8158.5,8158.5,8136.5,8136.5,6244,0.0,0.0,APOLLOHOSP.NS
2026-06-01 14:15:00+05:30,8138.0,8153.5,8136.0,8139.0,3218,0.0,0.0,APOLLOHOSP.NS
2026-06-01 14:30:00+05:30,8139.0,8168.0,8129.5,8156.5,7395,0.0,0.0,APOLLOHOSP.NS
2026-06-01 14:45:00+05:30,8156.5,8161.0,8115.5,8133.5,8673,0.0,0.0,APOLLOHOSP.NS
2026-06-01 15:00:00+05:30,8124.0,8127.5,8102.5,8107.0,15554,0.0,0.0,APOLLOHOSP.NS
2026-06-01 15:15:00+05:30,8106.5,8116.0,8081.0,8081.0,27450,0.0,0.0,APOLLOHOSP.NS
2026-06-02 09:15:00+05:30,7916.5,8035.5,7909.5,8029.5,35800,0.0,0.0,APOLLOHOSP.NS
2026-06-02 09:30:00+05:30,8029.5,8035.0,7980.0,8004.0,23004,0.0,0.0,APOLLOHOSP.NS
2026-06-02 09:45:00+05:30,8007.5,8027.5,7991.5,8021.0,12796,0.0,0.0,APOLLOHOSP.NS
2026-06-02 10:00:00+05:30,8021.0,8021.0,8000.0,8005.5,20877,0.0,0.0,APOLLOHOSP.NS
2026-06-02 10:15:00+05:30,8001.0,8045.0,8000.0,8034.0,17744,0.0,0.0,APOLLOHOSP.NS
2026-06-02 10:30:00+05:30,8036.5,8042.0,8030.0,8030.0,8970,0.0,0.0,APOLLOHOSP.NS
2026-06-02 10:45:00+05:30,8025.5,8039.0,8004.0,8015.0,9627,0.0,0.0,APOLLOHOSP.NS
2026-06-02 11:00:00+05:30,8013.0,8017.5,8006.5,8007.0,7865,0.0,0.0,APOLLOHOSP.NS
2026-06-02 11:15:00+05:30,8007.0,8041.5,8005.0,8036.0,12746,0.0,0.0,APOLLOHOSP.NS
2026-06-02 11:30:00+05:30,8036.0,8044.0,8013.0,8016.0,7708,0.0,0.0,APOLLOHOSP.NS
2026-06-02 11:45:00+05:30,8016.0,8023.0,8002.5,8009.5,10612,0.0,0.0,APOLLOHOSP.NS
2026-06-02 12:00:00+05:30,8008.0,8025.5,8003.5,8024.5,9143,0.0,0.0,APOLLOHOSP.NS
2026-06-02 12:15:00+05:30,8024.5,8032.0,8017.0,8019.5,7742,0.0,0.0,APOLLOHOSP.NS
2026-06-02 12:30:00+05:30,8019.5,8033.5,8010.5,8025.0,28548,0.0,0.0,APOLLOHOSP.NS
2026-06-02 12:45:00+05:30,8025.0,8043.0,8022.0,8037.0,29215,0.0,0.0,APOLLOHOSP.NS
2026-06-02 13:00:00+05:30,8035.5,8044.0,8032.0,8040.0,10226,0.0,0.0,APOLLOHOSP.NS
2026-06-02 13:15:00+05:30,8040.0,8049.5,8037.0,8047.0,11739,0.0,0.0,APOLLOHOSP.NS
2026-06-02 13:30:00+05:30,8047.0,8054.5,8034.5,8047.0,12966,0.0,0.0,APOLLOHOSP.NS
2026-06-02 13:45:00+05:30,8047.5,8085.0,8047.5,8083.0,16610,0.0,0.0,APOLLOHOSP.NS
2026-06-02 14:00:00+05:30,8081.0,8094.0,8080.0,8086.0,10616,0.0,0.0,APOLLOHOSP.NS
2026-06-02 14:15:00+05:30,8086.0,8088.5,8075.0,8080.0,13193,0.0,0.0,APOLLOHOSP.NS
2026-06-02 14:30:00+05:30,8079.0,8085.0,8062.5,8068.5,11711,0.0,0.0,APOLLOHOSP.NS
2026-06-02 14:45:00+05:30,8068.5,8078.0,8060.0,8061.0,21782,0.0,0.0,APOLLOHOSP.NS
2026-06-02 15:00:00+05:30,8064.0,8096.0,8057.5,8083.0,45102,0.0,0.0,APOLLOHOSP.NS
2026-06-02 15:15:00+05:30,8083.0,8120.0,8079.0,8089.5,47373,0.0,0.0,APOLLOHOSP.NS
2026-06-03 09:15:00+05:30,8155.0,8210.0,8120.0,8198.5,79799,0.0,0.0,APOLLOHOSP.NS
2026-06-03 09:30:00+05:30,8201.5,8202.0,8160.0,8194.0,49811,0.0,0.0,APOLLOHOSP.NS
2026-06-03 09:45:00+05:30,8193.5,8229.5,8174.5,8229.0,56162,0.0,0.0,APOLLOHOSP.NS
2026-06-03 10:00:00+05:30,8228.5,8228.5,8180.0,8199.0,25744,0.0,0.0,APOLLOHOSP.NS
2026-06-03 10:15:00+05:30,8197.5,8215.0,8190.0,8202.0,26441,0.0,0.0,APOLLOHOSP.NS
2026-06-03 10:30:00+05:30,8204.0,8219.5,8204.0,8205.5,9157,0.0,0.0,APOLLOHOSP.NS
2026-06-03 10:45:00+05:30,8206.0,8225.0,8200.0,8219.0,11162,0.0,0.0,APOLLOHOSP.NS
2026-06-03 11:00:00+05:30,8218.0,8254.0,8213.5,8250.0,27741,0.0,0.0,APOLLOHOSP.NS
2026-06-03 11:15:00+05:30,8249.0,8270.0,8245.0,8268.0,32835,0.0,0.0,APOLLOHOSP.NS
2026-06-03 11:30:00+05:30,8264.0,8267.0,8249.0,8264.0,14609,0.0,0.0,APOLLOHOSP.NS
2026-06-03 11:45:00+05:30,8264.0,8306.5,8254.5,8300.0,35127,0.0,0.0,APOLLOHOSP.NS
2026-06-03 12:00:00+05:30,8303.0,8305.0,8275.5,8276.5,73658,0.0,0.0,APOLLOHOSP.NS
2026-06-03 12:15:00+05:30,8275.5,8286.0,8263.0,8272.5,27935,0.0,0.0,APOLLOHOSP.NS
2026-06-03 12:30:00+05:30,8275.5,8316.0,8275.5,8305.0,19403,0.0,0.0,APOLLOHOSP.NS
2026-06-03 12:45:00+05:30,8306.5,8306.5,8283.5,8290.0,15939,0.0,0.0,APOLLOHOSP.NS
2026-06-03 13:00:00+05:30,8287.5,8293.0,8270.0,8271.5,19919,0.0,0.0,APOLLOHOSP.NS
2026-06-03 13:15:00+05:30,8278.0,8278.0,8260.5,8271.0,14906,0.0,0.0,APOLLOHOSP.NS
2026-06-03 13:30:00+05:30,8273.0,8277.5,8251.5,8264.5,17480,0.0,0.0,APOLLOHOSP.NS
2026-06-03 13:45:00+05:30,8266.0,8285.0,8262.0,8277.5,17553,0.0,0.0,APOLLOHOSP.NS
2026-06-03 14:00:00+05:30,8275.5,8280.0,8265.5,8275.5,7288,0.0,0.0,APOLLOHOSP.NS
2026-06-03 14:15:00+05:30,8275.5,8295.0,8275.5,8292.5,12212,0.0,0.0,APOLLOHOSP.NS
2026-06-03 14:30:00+05:30,8291.5,8317.5,8291.5,8305.5,22128,0.0,0.0,APOLLOHOSP.NS
2026-06-03 14:45:00+05:30,8307.0,8313.5,8295.5,8298.5,14166,0.0,0.0,APOLLOHOSP.NS
2026-06-03 15:00:00+05:30,8298.0,8305.5,8277.0,8290.0,32629,0.0,0.0,APOLLOHOSP.NS
2026-06-03 15:15:00+05:30,8291.5,8299.0,8282.0,8299.0,30551,0.0,0.0,APOLLOHOSP.NS
2026-06-04 09:15:00+05:30,8255.5,8299.0,8255.5,8287.0,14100,0.0,0.0,APOLLOHOSP.NS
2026-06-04 09:30:00+05:30,8290.0,8290.0,8270.5,8279.0,9794,0.0,0.0,APOLLOHOSP.NS
2026-06-04 09:45:00+05:30,8277.5,8284.0,8270.0,8272.0,5077,0.0,0.0,APOLLOHOSP.NS
2026-06-04 10:00:00+05:30,8278.0,8283.0,8270.0,8277.5,4088,0.0,0.0,APOLLOHOSP.NS
2026-06-04 10:15:00+05:30,8277.5,8282.0,8260.0,8260.0,6848,0.0,0.0,APOLLOHOSP.NS
2026-06-04 10:30:00+05:30,8260.0,8273.5,8242.5,8269.0,12593,0.0,0.0,APOLLOHOSP.NS
2026-06-04 10:45:00+05:30,8270.0,8274.0,8256.5,8257.5,11324,0.0,0.0,APOLLOHOSP.NS
2026-06-04 11:00:00+05:30,8257.5,8260.0,8232.0,8241.0,5672,0.0,0.0,APOLLOHOSP.NS
2026-06-04 11:15:00+05:30,8240.0,8250.0,8232.0,8248.0,10425,0.0,0.0,APOLLOHOSP.NS
2026-06-04 11:30:00+05:30,8246.5,8250.0,8233.0,8245.0,7480,0.0,0.0,APOLLOHOSP.NS
2026-06-04 11:45:00+05:30,8246.5,8260.0,8240.0,8256.0,15699,0.0,0.0,APOLLOHOSP.NS
2026-06-04 12:00:00+05:30,8255.5,8270.0,8253.0,8260.5,36208,0.0,0.0,APOLLOHOSP.NS
2026-06-04 12:15:00+05:30,8264.0,8270.0,8258.0,8260.0,5824,0.0,0.0,APOLLOHOSP.NS
2026-06-04 12:30:00+05:30,8260.5,8261.0,8241.0,8242.5,5792,0.0,0.0,APOLLOHOSP.NS
2026-06-04 12:45:00+05:30,8243.0,8249.0,8235.0,8239.5,5952,0.0,0.0,APOLLOHOSP.NS
2026-06-04 13:00:00+05:30,8239.5,8252.5,8235.5,8239.0,14146,0.0,0.0,APOLLOHOSP.NS
2026-06-04 13:15:00+05:30,8240.0,8249.0,8234.0,8247.5,5078,0.0,0.0,APOLLOHOSP.NS
2026-06-04 13:30:00+05:30,8244.0,8246.5,8234.0,8234.5,3905,0.0,0.0,APOLLOHOSP.NS
2026-06-04 13:45:00+05:30,8235.0,8241.5,8232.5,8241.0,3987,0.0,0.0,APOLLOHOSP.NS
2026-06-04 14:00:00+05:30,8240.0,8262.0,8240.0,8248.0,12383,0.0,0.0,APOLLOHOSP.NS
2026-06-04 14:15:00+05:30,8249.0,8254.0,8234.5,8235.5,10453,0.0,0.0,APOLLOHOSP.NS
2026-06-04 14:30:00+05:30,8239.0,8258.5,8236.0,8240.5,13860,0.0,0.0,APOLLOHOSP.NS
2026-06-04 14:45:00+05:30,8241.5,8254.0,8241.5,8244.5,12648,0.0,0.0,APOLLOHOSP.NS
2026-06-04 15:00:00+05:30,8247.0,8256.5,8225.5,8248.0,64335,0.0,0.0,APOLLOHOSP.NS
2026-06-04 15:15:00+05:30,8248.0,8278.5,8248.0,8249.0,34058,0.0,0.0,APOLLOHOSP.NS
2026-06-05 09:15:00+05:30,8265.5,8340.5,8249.0,8305.5,15113,0.0,0.0,APOLLOHOSP.NS
2026-06-05 09:30:00+05:30,8308.0,8328.0,8296.5,8326.5,8754,0.0,0.0,APOLLOHOSP.NS
2026-06-05 09:45:00+05:30,8327.5,8331.0,8297.5,8306.5,6161,0.0,0.0,APOLLOHOSP.NS
2026-06-05 10:00:00+05:30,8307.0,8316.0,8289.0,8308.5,7133,0.0,0.0,APOLLOHOSP.NS
2026-06-05 10:15:00+05:30,8312.0,8315.0,8280.0,8289.5,4345,0.0,0.0,APOLLOHOSP.NS
2026-06-05 10:30:00+05:30,8290.0,8290.0,8266.0,8277.0,4739,0.0,0.0,APOLLOHOSP.NS
2026-06-05 10:45:00+05:30,8274.5,8280.0,8262.5,8278.5,3433,0.0,0.0,APOLLOHOSP.NS
2026-06-05 11:00:00+05:30,8278.5,8286.5,8250.5,8254.5,6761,0.0,0.0,APOLLOHOSP.NS
2026-06-05 11:15:00+05:30,8257.0,8260.0,8240.0,8258.5,6509,0.0,0.0,APOLLOHOSP.NS
2026-06-05 11:30:00+05:30,8260.0,8271.0,8255.5,8262.5,2075,0.0,0.0,APOLLOHOSP.NS
2026-06-05 11:45:00+05:30,8265.0,8266.5,8251.0,8258.0,3769,0.0,0.0,APOLLOHOSP.NS
2026-06-05 12:00:00+05:30,8258.0,8284.5,8258.0,8283.5,3878,0.0,0.0,APOLLOHOSP.NS
2026-06-05 12:15:00+05:30,8284.5,8315.0,8284.5,8300.5,6630,0.0,0.0,APOLLOHOSP.NS
2026-06-05 12:30:00+05:30,8300.5,8308.0,8288.5,8295.5,7514,0.0,0.0,APOLLOHOSP.NS
2026-06-05 12:45:00+05:30,8301.0,8301.0,8283.0,8289.5,1615,0.0,0.0,APOLLOHOSP.NS
2026-06-05 13:00:00+05:30,8289.5,8289.5,8271.5,8280.0,2536,0.0,0.0,APOLLOHOSP.NS
2026-06-05 13:15:00+05:30,8280.0,8296.0,8277.5,8280.0,6350,0.0,0.0,APOLLOHOSP.NS
2026-06-05 13:30:00+05:30,8279.0,8292.5,8270.0,8275.5,5733,0.0,0.0,APOLLOHOSP.NS
2026-06-05 13:45:00+05:30,8273.5,8280.0,8270.0,8279.0,3370,0.0,0.0,APOLLOHOSP.NS
2026-06-05 14:00:00+05:30,8279.0,8280.0,8270.0,8275.0,3896,0.0,0.0,APOLLOHOSP.NS
2026-06-05 14:15:00+05:30,8274.5,8280.0,8270.0,8280.0,9988,0.0,0.0,APOLLOHOSP.NS
2026-06-05 14:30:00+05:30,8280.0,8311.5,8277.0,8307.5,11985,0.0,0.0,APOLLOHOSP.NS
2026-06-05 14:45:00+05:30,8305.5,8320.0,8305.0,8313.0,12443,0.0,0.0,APOLLOHOSP.NS
2026-06-05 15:00:00+05:30,8312.0,8312.0,8289.5,8292.0,13259,0.0,0.0,APOLLOHOSP.NS
2026-06-05 15:15:00+05:30,8293.5,8320.0,8293.5,8304.5,19426,0.0,0.0,APOLLOHOSP.NS
2026-06-08 09:15:00+05:30,8212.5,8377.0,8212.5,8362.5,32372,0.0,0.0,APOLLOHOSP.NS
2026-06-08 09:30:00+05:30,8362.0,8369.0,8330.0,8347.5,25856,0.0,0.0,APOLLOHOSP.NS
2026-06-08 09:45:00+05:30,8347.5,8405.0,8343.0,8399.5,37481,0.0,0.0,APOLLOHOSP.NS
2026-06-08 10:00:00+05:30,8406.0,8415.5,8384.5,8408.5,24627,0.0,0.0,APOLLOHOSP.NS
2026-06-08 10:15:00+05:30,8406.5,8414.0,8390.0,8395.5,18879,0.0,0.0,APOLLOHOSP.NS
2026-06-08 10:30:00+05:30,8395.0,8423.0,8394.5,8407.5,18747,0.0,0.0,APOLLOHOSP.NS
2026-06-08 10:45:00+05:30,8407.0,8450.0,8407.0,8450.0,47326,0.0,0.0,APOLLOHOSP.NS
2026-06-08 11:00:00+05:30,8450.5,8489.5,8446.5,8463.0,48436,0.0,0.0,APOLLOHOSP.NS
2026-06-08 11:15:00+05:30,8464.5,8471.0,8427.5,8440.0,28937,0.0,0.0,APOLLOHOSP.NS
2026-06-08 11:30:00+05:30,8440.0,8447.0,8431.5,8433.5,17475,0.0,0.0,APOLLOHOSP.NS
2026-06-08 11:45:00+05:30,8434.0,8444.5,8427.5,8444.0,13893,0.0,0.0,APOLLOHOSP.NS
2026-06-08 12:00:00+05:30,8445.0,8450.0,8431.5,8440.0,14414,0.0,0.0,APOLLOHOSP.NS
2026-06-08 12:15:00+05:30,8440.0,8446.0,8424.0,8438.0,12370,0.0,0.0,APOLLOHOSP.NS
2026-06-08 12:30:00+05:30,8437.5,8438.0,8432.0,8436.0,6452,0.0,0.0,APOLLOHOSP.NS
2026-06-08 12:45:00+05:30,8435.0,8448.0,8432.0,8445.0,7533,0.0,0.0,APOLLOHOSP.NS
2026-06-08 13:00:00+05:30,8444.5,8448.0,8433.0,8439.0,11028,0.0,0.0,APOLLOHOSP.NS
2026-06-08 13:15:00+05:30,8435.5,8442.0,8434.5,8441.0,8745,0.0,0.0,APOLLOHOSP.NS
2026-06-08 13:30:00+05:30,8441.0,8442.0,8419.0,8424.5,11271,0.0,0.0,APOLLOHOSP.NS
2026-06-08 13:45:00+05:30,8422.0,8431.0,8415.0,8427.0,10425,0.0,0.0,APOLLOHOSP.NS
2026-06-08 14:00:00+05:30,8432.0,8444.0,8429.0,8434.5,9812,0.0,0.0,APOLLOHOSP.NS
2026-06-08 14:15:00+05:30,8434.0,8446.0,8430.5,8434.0,7402,0.0,0.0,APOLLOHOSP.NS
2026-06-08 14:30:00+05:30,8433.5,8435.0,8414.0,8419.5,11142,0.0,0.0,APOLLOHOSP.NS
2026-06-08 14:45:00+05:30,8425.0,8431.0,8418.0,8422.0,8803,0.0,0.0,APOLLOHOSP.NS
2026-06-08 15:00:00+05:30,8420.0,8420.0,8340.0,8349.5,51382,0.0,0.0,APOLLOHOSP.NS
2026-06-08 15:15:00+05:30,8351.0,8363.5,8345.0,8355.0,32032,0.0,0.0,APOLLOHOSP.NS
2026-06-09 09:15:00+05:30,8420.0,8458.0,8370.5,8410.0,38069,0.0,0.0,APOLLOHOSP.NS
2026-06-09 09:30:00+05:30,8412.5,8415.0,8388.0,8400.5,26713,0.0,0.0,APOLLOHOSP.NS
2026-06-09 09:45:00+05:30,8400.5,8423.5,8396.0,8420.0,18100,0.0,0.0,APOLLOHOSP.NS
2026-06-09 10:00:00+05:30,8412.0,8428.0,8401.0,8420.0,20178,0.0,0.0,APOLLOHOSP.NS
2026-06-09 10:15:00+05:30,8418.5,8430.0,8415.5,8423.0,14506,0.0,0.0,APOLLOHOSP.NS
2026-06-09 10:30:00+05:30,8426.0,8430.0,8416.5,8425.5,14064,0.0,0.0,APOLLOHOSP.NS
2026-06-09 10:45:00+05:30,8426.0,8429.5,8415.0,8428.0,15234,0.0,0.0,APOLLOHOSP.NS
2026-06-09 11:00:00+05:30,8427.0,8471.0,8424.5,8454.5,27656,0.0,0.0,APOLLOHOSP.NS
2026-06-09 11:15:00+05:30,8457.5,8460.0,8433.0,8442.0,12937,0.0,0.0,APOLLOHOSP.NS
2026-06-09 11:30:00+05:30,8441.5,8460.0,8435.0,8459.0,13568,0.0,0.0,APOLLOHOSP.NS
2026-06-09 11:45:00+05:30,8460.0,8473.5,8459.0,8473.0,21939,0.0,0.0,APOLLOHOSP.NS
2026-06-09 12:00:00+05:30,8473.0,8474.5,8463.0,8469.0,15398,0.0,0.0,APOLLOHOSP.NS
2026-06-09 12:15:00+05:30,8470.0,8490.5,8469.0,8480.0,31597,0.0,0.0,APOLLOHOSP.NS
2026-06-09 12:30:00+05:30,8479.5,8493.0,8474.5,8488.0,26050,0.0,0.0,APOLLOHOSP.NS
2026-06-09 12:45:00+05:30,8488.0,8497.5,8483.5,8492.5,23316,0.0,0.0,APOLLOHOSP.NS
2026-06-09 13:00:00+05:30,8494.0,8512.0,8488.0,8510.5,31581,0.0,0.0,APOLLOHOSP.NS
2026-06-09 13:15:00+05:30,8510.5,8523.0,8500.0,8520.5,40375,0.0,0.0,APOLLOHOSP.NS
2026-06-09 13:30:00+05:30,8516.5,8533.0,8516.0,8530.0,36531,0.0,0.0,APOLLOHOSP.NS
2026-06-09 13:45:00+05:30,8529.5,8534.0,8501.5,8511.0,38482,0.0,0.0,APOLLOHOSP.NS
2026-06-09 14:00:00+05:30,8511.5,8520.0,8496.5,8519.0,30478,0.0,0.0,APOLLOHOSP.NS
2026-06-09 14:15:00+05:30,8520.5,8528.5,8511.0,8514.0,54837,0.0,0.0,APOLLOHOSP.NS
2026-06-09 14:30:00+05:30,8517.0,8523.0,8494.0,8517.0,41925,0.0,0.0,APOLLOHOSP.NS
2026-06-09 14:45:00+05:30,8516.0,8532.0,8511.5,8529.0,39232,0.0,0.0,APOLLOHOSP.NS
2026-06-09 15:00:00+05:30,8522.5,8530.0,8519.0,8521.0,67082,0.0,0.0,APOLLOHOSP.NS
2026-06-09 15:15:00+05:30,8520.5,8531.0,8510.0,8526.0,79874,0.0,0.0,APOLLOHOSP.NS
2026-06-10 09:15:00+05:30,8500.0,8590.0,8500.0,8583.0,46315,0.0,0.0,APOLLOHOSP.NS
2026-06-10 09:30:00+05:30,8583.5,8613.0,8580.5,8613.0,41487,0.0,0.0,APOLLOHOSP.NS
2026-06-10 09:45:00+05:30,8611.5,8624.0,8575.0,8576.0,38811,0.0,0.0,APOLLOHOSP.NS
2026-06-10 10:00:00+05:30,8576.0,8607.5,8570.5,8600.0,25722,0.0,0.0,APOLLOHOSP.NS
2026-06-10 10:15:00+05:30,8600.0,8620.0,8595.5,8612.5,22509,0.0,0.0,APOLLOHOSP.NS
2026-06-10 10:30:00+05:30,8611.0,8623.0,8606.5,8608.5,16712,0.0,0.0,APOLLOHOSP.NS
2026-06-10 10:45:00+05:30,8608.5,8616.0,8593.0,8600.0,14427,0.0,0.0,APOLLOHOSP.NS
2026-06-10 11:00:00+05:30,8598.5,8611.5,8598.5,8604.0,12093,0.0,0.0,APOLLOHOSP.NS
2026-06-10 11:15:00+05:30,8603.0,8622.0,8599.0,8617.0,12160,0.0,0.0,APOLLOHOSP.NS
2026-06-10 11:30:00+05:30,8617.0,8622.0,8600.0,8605.0,15135,0.0,0.0,APOLLOHOSP.NS
2026-06-10 11:45:00+05:30,8605.0,8608.0,8569.0,8577.5,19556,0.0,0.0,APOLLOHOSP.NS
2026-06-10 12:00:00+05:30,8577.0,8609.5,8575.0,8607.0,15494,0.0,0.0,APOLLOHOSP.NS
2026-06-10 12:15:00+05:30,8611.0,8613.5,8580.0,8583.0,13871,0.0,0.0,APOLLOHOSP.NS
2026-06-10 12:30:00+05:30,8583.0,8584.0,8568.0,8569.5,11268,0.0,0.0,APOLLOHOSP.NS
2026-06-10 12:45:00+05:30,8568.0,8575.0,8554.5,8572.5,10481,0.0,0.0,APOLLOHOSP.NS
2026-06-10 13:00:00+05:30,8574.0,8575.0,8564.0,8571.0,9725,0.0,0.0,APOLLOHOSP.NS
2026-06-10 13:15:00+05:30,8569.5,8572.0,8555.0,8560.0,8448,0.0,0.0,APOLLOHOSP.NS
2026-06-10 13:30:00+05:30,8560.0,8560.0,8533.0,8542.5,8290,0.0,0.0,APOLLOHOSP.NS
2026-06-10 13:45:00+05:30,8541.5,8547.5,8535.5,8538.0,3466,0.0,0.0,APOLLOHOSP.NS
2026-06-10 14:00:00+05:30,8538.0,8546.5,8512.5,8518.0,7916,0.0,0.0,APOLLOHOSP.NS
2026-06-10 14:15:00+05:30,8514.0,8530.0,8508.0,8524.0,6641,0.0,0.0,APOLLOHOSP.NS
2026-06-10 14:30:00+05:30,8524.5,8524.5,8501.0,8511.5,12103,0.0,0.0,APOLLOHOSP.NS
2026-06-10 14:45:00+05:30,8511.0,8514.0,8494.5,8495.5,21072,0.0,0.0,APOLLOHOSP.NS
2026-06-10 15:00:00+05:30,8494.0,8499.0,8484.5,8485.5,20365,0.0,0.0,APOLLOHOSP.NS
2026-06-10 15:15:00+05:30,8485.5,8494.0,8470.5,8488.5,23581,0.0,0.0,APOLLOHOSP.NS
2026-06-11 09:15:00+05:30,8460.5,8531.0,8460.5,8479.0,10392,0.0,0.0,APOLLOHOSP.NS
2026-06-11 09:30:00+05:30,8481.0,8481.0,8429.0,8457.0,15155,0.0,0.0,APOLLOHOSP.NS
2026-06-11 09:45:00+05:30,8458.0,8462.5,8438.0,8450.0,6430,0.0,0.0,APOLLOHOSP.NS
2026-06-11 10:00:00+05:30,8448.0,8459.5,8440.0,8448.0,5390,0.0,0.0,APOLLOHOSP.NS
2026-06-11 10:15:00+05:30,8447.0,8475.5,8442.5,8469.0,7733,0.0,0.0,APOLLOHOSP.NS
2026-06-11 10:30:00+05:30,8470.0,8473.0,8462.5,8468.0,3576,0.0,0.0,APOLLOHOSP.NS
2026-06-11 10:45:00+05:30,8469.0,8474.0,8453.5,8458.5,3678,0.0,0.0,APOLLOHOSP.NS
2026-06-11 11:00:00+05:30,8458.5,8485.5,8452.5,8475.0,5422,0.0,0.0,APOLLOHOSP.NS
2026-06-11 11:15:00+05:30,8476.0,8494.0,8475.0,8486.0,4718,0.0,0.0,APOLLOHOSP.NS
2026-06-11 11:30:00+05:30,8486.0,8490.0,8463.5,8475.5,5378,0.0,0.0,APOLLOHOSP.NS
2026-06-11 11:45:00+05:30,8476.5,8493.0,8473.0,8493.0,3359,0.0,0.0,APOLLOHOSP.NS
2026-06-11 12:00:00+05:30,8491.0,8508.0,8491.0,8496.0,6484,0.0,0.0,APOLLOHOSP.NS
2026-06-11 12:15:00+05:30,8498.0,8503.5,8493.0,8499.0,4907,0.0,0.0,APOLLOHOSP.NS
2026-06-11 12:30:00+05:30,8499.0,8502.0,8480.5,8482.5,3968,0.0,0.0,APOLLOHOSP.NS
2026-06-11 12:45:00+05:30,8483.0,8493.0,8471.0,8492.0,3965,0.0,0.0,APOLLOHOSP.NS
2026-06-11 13:00:00+05:30,8493.5,8520.0,8492.5,8512.5,6854,0.0,0.0,APOLLOHOSP.NS
2026-06-11 13:15:00+05:30,8514.5,8514.5,8471.0,8486.5,11179,0.0,0.0,APOLLOHOSP.NS
2026-06-11 13:30:00+05:30,8485.5,8487.0,8467.5,8471.5,3653,0.0,0.0,APOLLOHOSP.NS
2026-06-11 13:45:00+05:30,8475.0,8497.0,8469.5,8489.0,4702,0.0,0.0,APOLLOHOSP.NS
2026-06-11 14:00:00+05:30,8491.0,8495.0,8472.0,8478.0,3938,0.0,0.0,APOLLOHOSP.NS
2026-06-11 14:15:00+05:30,8479.5,8483.0,8472.0,8480.0,4254,0.0,0.0,APOLLOHOSP.NS
2026-06-11 14:30:00+05:30,8480.0,8480.0,8453.0,8460.0,9131,0.0,0.0,APOLLOHOSP.NS
2026-06-11 14:45:00+05:30,8457.5,8461.0,8450.0,8457.0,16516,0.0,0.0,APOLLOHOSP.NS
2026-06-11 15:00:00+05:30,8457.0,8511.0,8451.5,8504.5,61507,0.0,0.0,APOLLOHOSP.NS
2026-06-11 15:15:00+05:30,8505.0,8523.0,8483.0,8493.0,80336,0.0,0.0,APOLLOHOSP.NS
2026-06-12 09:15:00+05:30,8535.0,8552.5,8502.0,8507.0,8456,0.0,0.0,APOLLOHOSP.NS
2026-06-12 09:30:00+05:30,8508.0,8516.0,8484.0,8486.0,8806,0.0,0.0,APOLLOHOSP.NS
2026-06-12 09:45:00+05:30,8486.0,8502.0,8471.5,8489.5,22647,0.0,0.0,APOLLOHOSP.NS
2026-06-12 10:00:00+05:30,8489.5,8494.5,8482.0,8485.0,2755,0.0,0.0,APOLLOHOSP.NS
2026-06-12 10:15:00+05:30,8487.5,8504.5,8483.0,8494.5,5939,0.0,0.0,APOLLOHOSP.NS
2026-06-12 10:30:00+05:30,8495.5,8506.0,8493.5,8497.0,3253,0.0,0.0,APOLLOHOSP.NS
2026-06-12 10:45:00+05:30,8497.0,8498.5,8490.5,8492.0,2532,0.0,0.0,APOLLOHOSP.NS
2026-06-12 11:00:00+05:30,8492.0,8492.0,8481.0,8486.0,6321,0.0,0.0,APOLLOHOSP.NS
2026-06-12 11:15:00+05:30,8486.5,8510.0,8472.0,8495.0,9663,0.0,0.0,APOLLOHOSP.NS
2026-06-12 11:30:00+05:30,8495.0,8503.5,8480.0,8480.5,6722,0.0,0.0,APOLLOHOSP.NS
2026-06-12 11:45:00+05:30,8480.0,8490.5,8478.0,8485.5,13243,0.0,0.0,APOLLOHOSP.NS
2026-06-12 12:00:00+05:30,8483.5,8490.0,8480.0,8484.0,4911,0.0,0.0,APOLLOHOSP.NS
2026-06-12 12:15:00+05:30,8485.0,8489.5,8480.0,8481.0,6914,0.0,0.0,APOLLOHOSP.NS
2026-06-12 12:30:00+05:30,8480.0,8491.5,8464.0,8470.0,10149,0.0,0.0,APOLLOHOSP.NS
2026-06-12 12:45:00+05:30,8470.0,8474.0,8440.5,8449.0,7357,0.0,0.0,APOLLOHOSP.NS
2026-06-12 13:00:00+05:30,8447.5,8490.5,8443.5,8489.0,7983,0.0,0.0,APOLLOHOSP.NS
2026-06-12 13:15:00+05:30,8489.0,8518.0,8474.5,8511.0,9440,0.0,0.0,APOLLOHOSP.NS
2026-06-12 13:30:00+05:30,8513.5,8528.0,8506.0,8523.0,6188,0.0,0.0,APOLLOHOSP.NS
2026-06-12 13:45:00+05:30,8526.5,8531.0,8519.5,8520.0,4779,0.0,0.0,APOLLOHOSP.NS
2026-06-12 14:00:00+05:30,8520.5,8530.0,8505.0,8509.0,10734,0.0,0.0,APOLLOHOSP.NS
2026-06-12 14:15:00+05:30,8504.0,8511.0,8499.0,8504.0,12242,0.0,0.0,APOLLOHOSP.NS
2026-06-12 14:30:00+05:30,8507.5,8507.5,8492.5,8494.5,6148,0.0,0.0,APOLLOHOSP.NS
2026-06-12 14:45:00+05:30,8497.5,8500.0,8481.0,8495.0,10812,0.0,0.0,APOLLOHOSP.NS
2026-06-12 15:00:00+05:30,8492.0,8521.0,8492.0,8495.5,47991,0.0,0.0,APOLLOHOSP.NS
2026-06-12 15:15:00+05:30,8492.5,8500.0,8479.5,8498.0,30572,0.0,0.0,APOLLOHOSP.NS
2026-06-15 09:15:00+05:30,8526.5,8526.5,8423.0,8428.5,19703,0.0,0.0,APOLLOHOSP.NS
2026-06-15 09:30:00+05:30,8430.0,8430.0,8407.0,8418.0,30491,0.0,0.0,APOLLOHOSP.NS
2026-06-15 09:45:00+05:30,8416.5,8420.5,8391.0,8397.5,23960,0.0,0.0,APOLLOHOSP.NS
2026-06-15 10:00:00+05:30,8395.0,8437.0,8395.0,8433.5,22872,0.0,0.0,APOLLOHOSP.NS
2026-06-15 10:15:00+05:30,8435.0,8461.5,8425.5,8430.0,20028,0.0,0.0,APOLLOHOSP.NS
2026-06-15 10:30:00+05:30,8430.0,8460.0,8428.0,8452.0,11374,0.0,0.0,APOLLOHOSP.NS
2026-06-15 10:45:00+05:30,8448.0,8455.5,8432.5,8439.5,12176,0.0,0.0,APOLLOHOSP.NS
2026-06-15 11:00:00+05:30,8444.0,8459.0,8433.0,8455.5,7658,0.0,0.0,APOLLOHOSP.NS
2026-06-15 11:15:00+05:30,8455.0,8480.5,8452.0,8473.0,16770,0.0,0.0,APOLLOHOSP.NS
2026-06-15 11:30:00+05:30,8475.0,8483.5,8471.5,8481.5,3920,0.0,0.0,APOLLOHOSP.NS
2026-06-15 11:45:00+05:30,8481.5,8485.5,8480.0,8484.0,6683,0.0,0.0,APOLLOHOSP.NS
2026-06-15 12:00:00+05:30,8485.0,8493.0,8461.5,8472.5,11952,0.0,0.0,APOLLOHOSP.NS
2026-06-15 12:15:00+05:30,8472.5,8480.0,8452.0,8455.5,15126,0.0,0.0,APOLLOHOSP.NS
2026-06-15 12:30:00+05:30,8451.0,8484.5,8449.0,8484.5,9709,0.0,0.0,APOLLOHOSP.NS
2026-06-15 12:45:00+05:30,8484.5,8484.5,8462.0,8468.5,7016,0.0,0.0,APOLLOHOSP.NS
2026-06-15 13:00:00+05:30,8468.5,8483.5,8460.5,8477.0,8595,0.0,0.0,APOLLOHOSP.NS
2026-06-15 13:15:00+05:30,8477.0,8486.0,8468.0,8482.0,8100,0.0,0.0,APOLLOHOSP.NS
2026-06-15 13:30:00+05:30,8481.5,8487.5,8460.0,8462.5,10271,0.0,0.0,APOLLOHOSP.NS
2026-06-15 13:45:00+05:30,8462.5,8470.0,8455.0,8461.0,8874,0.0,0.0,APOLLOHOSP.NS
2026-06-15 14:00:00+05:30,8462.5,8472.0,8453.5,8459.5,7808,0.0,0.0,APOLLOHOSP.NS
2026-06-15 14:15:00+05:30,8459.5,8483.0,8459.5,8475.0,4132,0.0,0.0,APOLLOHOSP.NS
2026-06-15 14:30:00+05:30,8473.0,8483.5,8471.5,8479.0,4662,0.0,0.0,APOLLOHOSP.NS
2026-06-15 14:45:00+05:30,8475.0,8489.5,8473.0,8477.0,8508,0.0,0.0,APOLLOHOSP.NS
2026-06-15 15:00:00+05:30,8468.0,8479.0,8451.5,8458.5,29782,0.0,0.0,APOLLOHOSP.NS
2026-06-15 15:15:00+05:30,8460.5,8491.0,8458.0,8470.0,28500,0.0,0.0,APOLLOHOSP.NS
2026-06-16 09:15:00+05:30,8468.5,8507.0,8460.5,8483.0,11369,0.0,0.0,APOLLOHOSP.NS
2026-06-16 09:30:00+05:30,8483.0,8485.5,8460.0,8466.0,8575,0.0,0.0,APOLLOHOSP.NS
2026-06-16 09:45:00+05:30,8464.5,8480.0,8464.5,8476.0,5569,0.0,0.0,APOLLOHOSP.NS
2026-06-16 10:00:00+05:30,8476.0,8478.0,8451.5,8451.5,5209,0.0,0.0,APOLLOHOSP.NS
2026-06-16 10:15:00+05:30,8455.0,8469.5,8453.5,8455.5,3849,0.0,0.0,APOLLOHOSP.NS
2026-06-16 10:30:00+05:30,8455.0,8459.5,8442.0,8445.0,8389,0.0,0.0,APOLLOHOSP.NS
2026-06-16 10:45:00+05:30,8448.0,8448.0,8425.0,8428.0,12766,0.0,0.0,APOLLOHOSP.NS
2026-06-16 11:00:00+05:30,8431.0,8432.5,8421.5,8423.0,7758,0.0,0.0,APOLLOHOSP.NS
2026-06-16 11:15:00+05:30,8421.5,8431.0,8415.0,8431.0,8416,0.0,0.0,APOLLOHOSP.NS
2026-06-16 11:30:00+05:30,8429.0,8449.5,8425.0,8447.0,3537,0.0,0.0,APOLLOHOSP.NS
2026-06-16 11:45:00+05:30,8444.0,8450.5,8434.5,8442.0,4467,0.0,0.0,APOLLOHOSP.NS
2026-06-16 12:00:00+05:30,8440.5,8443.5,8415.0,8416.0,10444,0.0,0.0,APOLLOHOSP.NS
2026-06-16 12:15:00+05:30,8416.0,8416.5,8398.0,8400.5,12552,0.0,0.0,APOLLOHOSP.NS
2026-06-16 12:30:00+05:30,8400.0,8404.5,8392.0,8396.0,9351,0.0,0.0,APOLLOHOSP.NS
2026-06-16 12:45:00+05:30,8397.0,8409.0,8397.0,8403.0,9268,0.0,0.0,APOLLOHOSP.NS
2026-06-16 13:00:00+05:30,8403.0,8407.0,8393.0,8398.5,9929,0.0,0.0,APOLLOHOSP.NS
2026-06-16 13:15:00+05:30,8395.0,8412.5,8395.0,8399.5,23395,0.0,0.0,APOLLOHOSP.NS
2026-06-16 13:30:00+05:30,8400.0,8401.0,8394.0,8395.5,5315,0.0,0.0,APOLLOHOSP.NS
2026-06-16 13:45:00+05:30,8395.5,8400.0,8388.5,8395.0,6172,0.0,0.0,APOLLOHOSP.NS
2026-06-16 14:00:00+05:30,8395.5,8396.0,8388.5,8395.0,6116,0.0,0.0,APOLLOHOSP.NS
2026-06-16 14:15:00+05:30,8395.0,8400.0,8391.0,8399.0,4810,0.0,0.0,APOLLOHOSP.NS
2026-06-16 14:30:00+05:30,8399.0,8401.5,8390.0,8390.0,9539,0.0,0.0,APOLLOHOSP.NS
2026-06-16 14:45:00+05:30,8390.0,8396.0,8387.0,8390.0,7495,0.0,0.0,APOLLOHOSP.NS
2026-06-16 15:00:00+05:30,8389.5,8390.0,8383.0,8385.0,19237,0.0,0.0,APOLLOHOSP.NS
2026-06-16 15:15:00+05:30,8382.5,8400.0,8382.5,8390.5,33633,0.0,0.0,APOLLOHOSP.NS
2026-06-17 09:15:00+05:30,8408.5,8448.0,8408.5,8448.0,11461,0.0,0.0,APOLLOHOSP.NS
2026-06-17 09:30:00+05:30,8444.5,8464.5,8444.5,8452.0,15011,0.0,0.0,APOLLOHOSP.NS
2026-06-17 09:45:00+05:30,8452.0,8455.0,8443.5,8445.5,5863,0.0,0.0,APOLLOHOSP.NS
2026-06-17 10:00:00+05:30,8448.0,8453.0,8443.5,8450.0,4895,0.0,0.0,APOLLOHOSP.NS
2026-06-17 10:15:00+05:30,8449.5,8456.0,8446.0,8453.5,3163,0.0,0.0,APOLLOHOSP.NS
2026-06-17 10:30:00+05:30,8455.5,8456.0,8442.5,8447.0,2469,0.0,0.0,APOLLOHOSP.NS
2026-06-17 10:45:00+05:30,8447.0,8447.0,8431.0,8434.0,3402,0.0,0.0,APOLLOHOSP.NS
2026-06-17 11:00:00+05:30,8433.0,8444.5,8431.0,8437.0,4958,0.0,0.0,APOLLOHOSP.NS
2026-06-17 11:15:00+05:30,8439.5,8448.0,8427.0,8441.5,2820,0.0,0.0,APOLLOHOSP.NS
2026-06-17 11:30:00+05:30,8445.0,8450.0,8409.0,8410.5,6897,0.0,0.0,APOLLOHOSP.NS
2026-06-17 11:45:00+05:30,8413.0,8418.0,8400.0,8407.0,4821,0.0,0.0,APOLLOHOSP.NS
2026-06-17 12:00:00+05:30,8407.0,8407.0,8395.0,8399.5,3544,0.0,0.0,APOLLOHOSP.NS
2026-06-17 12:15:00+05:30,8399.5,8405.5,8395.0,8405.0,3538,0.0,0.0,APOLLOHOSP.NS
2026-06-17 12:30:00+05:30,8405.0,8415.5,8403.0,8414.0,3190,0.0,0.0,APOLLOHOSP.NS
2026-06-17 12:45:00+05:30,8415.0,8417.0,8400.0,8403.5,2983,0.0,0.0,APOLLOHOSP.NS
2026-06-17 13:00:00+05:30,8403.5,8411.5,8400.5,8405.5,3290,0.0,0.0,APOLLOHOSP.NS
2026-06-17 13:15:00+05:30,8407.0,8421.0,8405.0,8409.5,4520,0.0,0.0,APOLLOHOSP.NS
2026-06-17 13:30:00+05:30,8412.0,8423.0,8410.0,8422.5,4218,0.0,0.0,APOLLOHOSP.NS
2026-06-17 13:45:00+05:30,8418.0,8422.5,8400.0,8403.5,2841,0.0,0.0,APOLLOHOSP.NS
2026-06-17 14:00:00+05:30,8408.0,8409.0,8399.5,8403.0,3101,0.0,0.0,APOLLOHOSP.NS
2026-06-17 14:15:00+05:30,8402.0,8406.0,8387.0,8392.0,8550,0.0,0.0,APOLLOHOSP.NS
2026-06-17 14:30:00+05:30,8392.0,8400.0,8392.0,8399.5,4443,0.0,0.0,APOLLOHOSP.NS
2026-06-17 14:45:00+05:30,8399.5,8425.0,8393.0,8424.5,13363,0.0,0.0,APOLLOHOSP.NS
2026-06-17 15:00:00+05:30,8425.0,8440.5,8419.5,8423.5,24639,0.0,0.0,APOLLOHOSP.NS
2026-06-17 15:15:00+05:30,8424.5,8434.5,8415.5,8427.5,31287,0.0,0.0,APOLLOHOSP.NS
2026-06-18 09:15:00+05:30,8451.5,8461.5,8410.5,8418.0,4966,0.0,0.0,APOLLOHOSP.NS
2026-06-18 09:30:00+05:30,8415.0,8427.0,8403.0,8407.0,6817,0.0,0.0,APOLLOHOSP.NS
2026-06-18 09:45:00+05:30,8407.0,8411.0,8392.5,8407.0,8809,0.0,0.0,APOLLOHOSP.NS
2026-06-18 10:00:00+05:30,8408.5,8434.0,8404.5,8420.0,10572,0.0,0.0,APOLLOHOSP.NS
2026-06-18 10:15:00+05:30,8421.5,8427.0,8410.0,8417.0,7028,0.0,0.0,APOLLOHOSP.NS
2026-06-18 10:30:00+05:30,8419.0,8457.0,8416.5,8445.5,15821,0.0,0.0,APOLLOHOSP.NS
2026-06-18 10:45:00+05:30,8443.0,8446.5,8421.5,8424.0,21764,0.0,0.0,APOLLOHOSP.NS
2026-06-18 11:00:00+05:30,8420.0,8425.5,8403.0,8408.5,29637,0.0,0.0,APOLLOHOSP.NS
2026-06-18 11:15:00+05:30,8406.0,8414.5,8400.5,8408.0,6715,0.0,0.0,APOLLOHOSP.NS
2026-06-18 11:30:00+05:30,8408.0,8415.0,8404.0,8409.5,4993,0.0,0.0,APOLLOHOSP.NS
2026-06-18 11:45:00+05:30,8406.0,8417.0,8399.5,8402.0,21321,0.0,0.0,APOLLOHOSP.NS
2026-06-18 12:00:00+05:30,8401.0,8407.0,8391.0,8406.0,6533,0.0,0.0,APOLLOHOSP.NS
2026-06-18 12:15:00+05:30,8405.5,8412.0,8396.5,8405.5,5964,0.0,0.0,APOLLOHOSP.NS
2026-06-18 12:30:00+05:30,8407.5,8412.0,8401.0,8410.0,4543,0.0,0.0,APOLLOHOSP.NS
2026-06-18 12:45:00+05:30,8410.0,8414.5,8404.0,8410.0,3395,0.0,0.0,APOLLOHOSP.NS
2026-06-18 13:00:00+05:30,8408.5,8413.0,8400.0,8404.0,3846,0.0,0.0,APOLLOHOSP.NS
2026-06-18 13:15:00+05:30,8405.0,8409.0,8400.5,8408.0,3821,0.0,0.0,APOLLOHOSP.NS
2026-06-18 13:30:00+05:30,8404.0,8413.5,8404.0,8410.0,5045,0.0,0.0,APOLLOHOSP.NS
2026-06-18 13:45:00+05:30,8410.5,8411.0,8394.0,8394.0,17466,0.0,0.0,APOLLOHOSP.NS
2026-06-18 14:00:00+05:30,8396.5,8406.5,8393.0,8395.5,4969,0.0,0.0,APOLLOHOSP.NS
2026-06-18 14:15:00+05:30,8394.5,8398.5,8390.5,8391.0,3962,0.0,0.0,APOLLOHOSP.NS
2026-06-18 14:30:00+05:30,8394.0,8406.0,8387.5,8401.0,7448,0.0,0.0,APOLLOHOSP.NS
2026-06-18 14:45:00+05:30,8402.5,8412.0,8395.5,8410.0,12390,0.0,0.0,APOLLOHOSP.NS
2026-06-18 15:00:00+05:30,8410.0,8417.0,8402.0,8408.5,41653,0.0,0.0,APOLLOHOSP.NS
2026-06-18 15:15:00+05:30,8409.5,8415.0,8407.0,8415.0,34511,0.0,0.0,APOLLOHOSP.NS
2026-06-19 09:15:00+05:30,8403.5,8448.5,8403.5,8445.5,2990,0.0,0.0,APOLLOHOSP.NS
2026-06-19 09:30:00+05:30,8443.5,8475.0,8442.0,8469.0,12045,0.0,0.0,APOLLOHOSP.NS
2026-06-19 09:45:00+05:30,8469.5,8475.0,8467.0,8469.0,7994,0.0,0.0,APOLLOHOSP.NS
2026-06-19 10:00:00+05:30,8469.0,8470.0,8448.0,8465.0,5811,0.0,0.0,APOLLOHOSP.NS
2026-06-19 10:15:00+05:30,8463.0,8465.0,8450.5,8463.0,8854,0.0,0.0,APOLLOHOSP.NS
2026-06-19 10:30:00+05:30,8465.0,8488.0,8436.5,8444.0,18555,0.0,0.0,APOLLOHOSP.NS
2026-06-19 10:45:00+05:30,8443.5,8452.0,8440.0,8449.5,5318,0.0,0.0,APOLLOHOSP.NS
2026-06-19 11:00:00+05:30,8449.0,8454.0,8446.0,8449.0,3927,0.0,0.0,APOLLOHOSP.NS
2026-06-19 11:15:00+05:30,8449.0,8449.5,8435.0,8442.5,5402,0.0,0.0,APOLLOHOSP.NS
2026-06-19 11:30:00+05:30,8440.0,8449.0,8431.5,8432.5,5432,0.0,0.0,APOLLOHOSP.NS
2026-06-19 11:45:00+05:30,8432.5,8448.0,8431.5,8446.0,2138,0.0,0.0,APOLLOHOSP.NS
2026-06-19 12:00:00+05:30,8445.0,8455.0,8433.0,8440.0,3361,0.0,0.0,APOLLOHOSP.NS
2026-06-19 12:15:00+05:30,8440.0,8440.0,8425.5,8425.5,4781,0.0,0.0,APOLLOHOSP.NS
2026-06-19 12:30:00+05:30,8427.0,8430.0,8417.0,8425.0,5567,0.0,0.0,APOLLOHOSP.NS
2026-06-19 12:45:00+05:30,8426.5,8433.0,8423.5,8428.5,5266,0.0,0.0,APOLLOHOSP.NS
2026-06-19 13:00:00+05:30,8426.0,8428.5,8423.0,8428.5,1422,0.0,0.0,APOLLOHOSP.NS
2026-06-19 13:15:00+05:30,8428.0,8439.0,8428.0,8436.5,4353,0.0,0.0,APOLLOHOSP.NS
2026-06-19 13:30:00+05:30,8438.0,8445.0,8438.0,8442.5,8319,0.0,0.0,APOLLOHOSP.NS
2026-06-19 13:45:00+05:30,8442.0,8448.5,8440.5,8445.5,4346,0.0,0.0,APOLLOHOSP.NS
2026-06-19 14:00:00+05:30,8448.0,8450.0,8440.0,8448.5,5041,0.0,0.0,APOLLOHOSP.NS
2026-06-19 14:15:00+05:30,8446.0,8448.5,8437.5,8445.0,3895,0.0,0.0,APOLLOHOSP.NS
2026-06-19 14:30:00+05:30,8442.5,8449.0,8438.0,8443.5,5414,0.0,0.0,APOLLOHOSP.NS
2026-06-19 14:45:00+05:30,8449.5,8450.0,8430.5,8432.5,6515,0.0,0.0,APOLLOHOSP.NS
2026-06-19 15:00:00+05:30,8432.5,8505.0,8431.0,8494.0,100546,0.0,0.0,APOLLOHOSP.NS
2026-06-19 15:15:00+05:30,8494.0,8521.0,8481.5,8508.5,92255,0.0,0.0,APOLLOHOSP.NS
2026-06-22 09:15:00+05:30,8536.0,8538.0,8476.0,8478.0,5590,0.0,0.0,APOLLOHOSP.NS
2026-06-22 09:30:00+05:30,8483.0,8487.0,8477.0,8479.5,2894,0.0,0.0,APOLLOHOSP.NS
2026-06-22 09:45:00+05:30,8480.0,8486.0,8470.5,8471.5,7250,0.0,0.0,APOLLOHOSP.NS
2026-06-22 10:00:00+05:30,8471.5,8478.5,8466.0,8473.5,2277,0.0,0.0,APOLLOHOSP.NS
2026-06-22 10:15:00+05:30,8473.0,8474.5,8456.5,8462.5,3653,0.0,0.0,APOLLOHOSP.NS
2026-06-22 10:30:00+05:30,8467.0,8471.5,8456.0,8469.0,3589,0.0,0.0,APOLLOHOSP.NS
2026-06-22 10:45:00+05:30,8470.5,8479.5,8449.5,8451.0,5149,0.0,0.0,APOLLOHOSP.NS
2026-06-22 11:00:00+05:30,8449.0,8453.5,8439.5,8445.5,7890,0.0,0.0,APOLLOHOSP.NS
2026-06-22 11:15:00+05:30,8445.0,8453.0,8437.5,8447.0,4321,0.0,0.0,APOLLOHOSP.NS
2026-06-22 11:30:00+05:30,8447.5,8462.0,8437.5,8447.0,19911,0.0,0.0,APOLLOHOSP.NS
2026-06-22 11:45:00+05:30,8448.5,8453.5,8440.0,8440.0,13023,0.0,0.0,APOLLOHOSP.NS
2026-06-22 12:00:00+05:30,8439.5,8445.0,8437.5,8438.0,5567,0.0,0.0,APOLLOHOSP.NS
2026-06-22 12:15:00+05:30,8438.0,8453.0,8437.0,8453.0,11308,0.0,0.0,APOLLOHOSP.NS
2026-06-22 12:30:00+05:30,8453.0,8453.0,8438.5,8445.5,15786,0.0,0.0,APOLLOHOSP.NS
2026-06-22 12:45:00+05:30,8445.5,8455.5,8442.0,8447.0,2818,0.0,0.0,APOLLOHOSP.NS
2026-06-22 13:00:00+05:30,8447.0,8449.5,8444.5,8447.5,1482,0.0,0.0,APOLLOHOSP.NS
2026-06-22 13:15:00+05:30,8449.5,8454.0,8445.5,8446.0,3814,0.0,0.0,APOLLOHOSP.NS
2026-06-22 13:30:00+05:30,8446.5,8469.0,8446.0,8460.0,9943,0.0,0.0,APOLLOHOSP.NS
2026-06-22 13:45:00+05:30,8460.0,8463.5,8454.0,8454.5,4629,0.0,0.0,APOLLOHOSP.NS
2026-06-22 14:00:00+05:30,8454.0,8465.0,8450.5,8451.0,5256,0.0,0.0,APOLLOHOSP.NS
2026-06-22 14:15:00+05:30,8451.0,8456.0,8449.0,8454.0,3762,0.0,0.0,APOLLOHOSP.NS
2026-06-22 14:30:00+05:30,8451.0,8457.0,8446.5,8455.0,5055,0.0,0.0,APOLLOHOSP.NS
2026-06-22 14:45:00+05:30,8457.0,8471.0,8456.5,8460.5,4697,0.0,0.0,APOLLOHOSP.NS
2026-06-22 15:00:00+05:30,8468.0,8473.0,8457.5,8467.0,21663,0.0,0.0,APOLLOHOSP.NS
2026-06-22 15:15:00+05:30,8467.0,8479.5,8464.5,8469.0,25630,0.0,0.0,APOLLOHOSP.NS
2026-06-23 09:15:00+05:30,8500.0,8524.5,8496.5,8516.5,5524,0.0,0.0,APOLLOHOSP.NS
2026-06-23 09:30:00+05:30,8516.5,8533.5,8508.0,8524.0,8990,0.0,0.0,APOLLOHOSP.NS
2026-06-23 09:45:00+05:30,8522.0,8555.0,8522.0,8543.0,19012,0.0,0.0,APOLLOHOSP.NS
2026-06-23 10:00:00+05:30,8542.0,8547.0,8540.0,8542.5,5404,0.0,0.0,APOLLOHOSP.NS
2026-06-23 10:15:00+05:30,8542.5,8559.0,8529.0,8555.0,9664,0.0,0.0,APOLLOHOSP.NS
2026-06-23 10:30:00+05:30,8558.0,8558.0,8520.0,8529.0,8642,0.0,0.0,APOLLOHOSP.NS
2026-06-23 10:45:00+05:30,8528.0,8529.5,8511.0,8519.0,5153,0.0,0.0,APOLLOHOSP.NS
2026-06-23 11:00:00+05:30,8519.0,8526.5,8518.0,8524.5,2285,0.0,0.0,APOLLOHOSP.NS
2026-06-23 11:15:00+05:30,8524.5,8544.0,8511.5,8538.5,15620,0.0,0.0,APOLLOHOSP.NS
2026-06-23 11:30:00+05:30,8539.5,8540.0,8530.0,8533.0,8523,0.0,0.0,APOLLOHOSP.NS
2026-06-23 11:45:00+05:30,8530.0,8530.0,8499.5,8511.0,11893,0.0,0.0,APOLLOHOSP.NS
2026-06-23 12:00:00+05:30,8508.5,8519.5,8500.0,8500.0,7730,0.0,0.0,APOLLOHOSP.NS
2026-06-23 12:15:00+05:30,8501.0,8507.0,8493.5,8500.0,4495,0.0,0.0,APOLLOHOSP.NS
2026-06-23 12:30:00+05:30,8499.0,8515.0,8499.0,8505.0,5362,0.0,0.0,APOLLOHOSP.NS
2026-06-23 12:45:00+05:30,8505.0,8514.0,8498.0,8502.0,4672,0.0,0.0,APOLLOHOSP.NS
2026-06-23 13:00:00+05:30,8502.0,8509.0,8493.0,8498.0,5205,0.0,0.0,APOLLOHOSP.NS
2026-06-23 13:15:00+05:30,8496.5,8504.0,8496.0,8503.0,3396,0.0,0.0,APOLLOHOSP.NS
2026-06-23 13:30:00+05:30,8503.5,8505.0,8484.5,8502.5,13464,0.0,0.0,APOLLOHOSP.NS
2026-06-23 13:45:00+05:30,8505.0,8510.0,8501.5,8506.0,6987,0.0,0.0,APOLLOHOSP.NS
2026-06-23 14:00:00+05:30,8505.0,8519.5,8504.5,8515.0,5623,0.0,0.0,APOLLOHOSP.NS
2026-06-23 14:15:00+05:30,8513.5,8524.5,8510.0,8515.5,5933,0.0,0.0,APOLLOHOSP.NS
2026-06-23 14:30:00+05:30,8517.5,8524.5,8506.0,8521.0,6301,0.0,0.0,APOLLOHOSP.NS
2026-06-23 14:45:00+05:30,8521.0,8524.0,8508.0,8508.0,7299,0.0,0.0,APOLLOHOSP.NS
2026-06-23 15:00:00+05:30,8511.0,8511.0,8480.0,8491.5,30821,0.0,0.0,APOLLOHOSP.NS
2026-06-23 15:15:00+05:30,8492.0,8492.5,8458.5,8465.5,28048,0.0,0.0,APOLLOHOSP.NS
2026-06-24 09:15:00+05:30,8498.0,8569.0,8451.5,8562.5,21745,0.0,0.0,APOLLOHOSP.NS
2026-06-24 09:30:00+05:30,8567.0,8583.5,8556.0,8556.0,30576,0.0,0.0,APOLLOHOSP.NS
2026-06-24 09:45:00+05:30,8554.0,8570.0,8545.0,8558.5,14916,0.0,0.0,APOLLOHOSP.NS
2026-06-24 10:00:00+05:30,8558.5,8575.0,8541.0,8551.5,19687,0.0,0.0,APOLLOHOSP.NS
2026-06-24 10:15:00+05:30,8548.0,8553.5,8533.0,8551.0,12109,0.0,0.0,APOLLOHOSP.NS
2026-06-24 10:30:00+05:30,8550.0,8564.0,8547.5,8548.0,11254,0.0,0.0,APOLLOHOSP.NS
2026-06-24 10:45:00+05:30,8546.0,8557.0,8540.5,8554.5,9049,0.0,0.0,APOLLOHOSP.NS
2026-06-24 11:00:00+05:30,8550.0,8562.0,8538.0,8545.5,10677,0.0,0.0,APOLLOHOSP.NS
2026-06-24 11:15:00+05:30,8546.0,8559.0,8544.5,8556.5,8519,0.0,0.0,APOLLOHOSP.NS
2026-06-24 11:30:00+05:30,8556.0,8569.5,8551.5,8566.0,9289,0.0,0.0,APOLLOHOSP.NS
2026-06-24 11:45:00+05:30,8566.0,8570.0,8561.5,8563.0,10078,0.0,0.0,APOLLOHOSP.NS
2026-06-24 12:00:00+05:30,8563.0,8574.0,8562.5,8571.0,10179,0.0,0.0,APOLLOHOSP.NS
2026-06-24 12:15:00+05:30,8569.5,8572.0,8555.5,8555.5,11395,0.0,0.0,APOLLOHOSP.NS
2026-06-24 12:30:00+05:30,8557.5,8557.5,8550.0,8555.5,8568,0.0,0.0,APOLLOHOSP.NS
2026-06-24 12:45:00+05:30,8555.5,8557.0,8538.0,8542.0,14207,0.0,0.0,APOLLOHOSP.NS
2026-06-24 13:00:00+05:30,8544.0,8550.0,8538.0,8547.0,7545,0.0,0.0,APOLLOHOSP.NS
2026-06-24 13:15:00+05:30,8547.0,8556.5,8539.0,8541.0,8875,0.0,0.0,APOLLOHOSP.NS
2026-06-24 13:30:00+05:30,8541.0,8553.0,8539.0,8550.0,6132,0.0,0.0,APOLLOHOSP.NS
2026-06-24 13:45:00+05:30,8550.0,8567.5,8548.0,8556.0,9846,0.0,0.0,APOLLOHOSP.NS
2026-06-24 14:00:00+05:30,8556.0,8564.5,8544.0,8562.5,9495,0.0,0.0,APOLLOHOSP.NS
2026-06-24 14:15:00+05:30,8562.5,8578.5,8559.0,8571.0,11019,0.0,0.0,APOLLOHOSP.NS
2026-06-24 14:30:00+05:30,8570.0,8581.0,8567.5,8571.5,11356,0.0,0.0,APOLLOHOSP.NS
2026-06-24 14:45:00+05:30,8571.0,8581.0,8559.5,8577.5,12661,0.0,0.0,APOLLOHOSP.NS
2026-06-24 15:00:00+05:30,8570.5,8577.0,8565.0,8571.0,46247,0.0,0.0,APOLLOHOSP.NS
2026-06-24 15:15:00+05:30,8571.5,8578.0,8570.0,8577.0,42751,0.0,0.0,APOLLOHOSP.NS
2026-06-25 09:15:00+05:30,8579.5,8590.0,8550.0,8557.0,4848,0.0,0.0,APOLLOHOSP.NS
2026-06-25 09:30:00+05:30,8557.0,8573.5,8543.5,8545.0,10913,0.0,0.0,APOLLOHOSP.NS
2026-06-25 09:45:00+05:30,8545.5,8550.0,8537.0,8550.0,11157,0.0,0.0,APOLLOHOSP.NS
2026-06-25 10:00:00+05:30,8550.0,8585.0,8550.0,8574.5,11345,0.0,0.0,APOLLOHOSP.NS
2026-06-25 10:15:00+05:30,8576.0,8603.0,8572.5,8601.5,5586,0.0,0.0,APOLLOHOSP.NS
2026-06-25 10:30:00+05:30,8602.0,8625.0,8588.0,8625.0,8701,0.0,0.0,APOLLOHOSP.NS
2026-06-25 10:45:00+05:30,8625.0,8646.5,8621.0,8645.0,14027,0.0,0.0,APOLLOHOSP.NS
2026-06-25 11:00:00+05:30,8645.0,8668.0,8628.0,8665.5,27252,0.0,0.0,APOLLOHOSP.NS
2026-06-25 11:15:00+05:30,8666.5,8683.5,8662.5,8683.0,16256,0.0,0.0,APOLLOHOSP.NS
2026-06-25 11:30:00+05:30,8683.0,8693.5,8676.5,8682.0,13673,0.0,0.0,APOLLOHOSP.NS
2026-06-25 11:45:00+05:30,8684.0,8685.0,8644.0,8645.5,17600,0.0,0.0,APOLLOHOSP.NS
2026-06-25 12:00:00+05:30,8643.0,8646.5,8633.5,8634.0,9647,0.0,0.0,APOLLOHOSP.NS
2026-06-25 12:15:00+05:30,8633.5,8640.5,8623.5,8636.5,9686,0.0,0.0,APOLLOHOSP.NS
2026-06-25 12:30:00+05:30,8641.0,8649.5,8612.0,8620.0,23759,0.0,0.0,APOLLOHOSP.NS
2026-06-25 12:45:00+05:30,8620.0,8620.0,8580.0,8598.5,29305,0.0,0.0,APOLLOHOSP.NS
2026-06-25 13:00:00+05:30,8596.0,8648.0,8596.0,8640.0,17693,0.0,0.0,APOLLOHOSP.NS
2026-06-25 13:15:00+05:30,8635.5,8644.5,8622.0,8630.5,10710,0.0,0.0,APOLLOHOSP.NS
2026-06-25 13:30:00+05:30,8632.0,8632.0,8600.0,8608.0,9129,0.0,0.0,APOLLOHOSP.NS
2026-06-25 13:45:00+05:30,8608.0,8619.5,8603.0,8614.5,6745,0.0,0.0,APOLLOHOSP.NS
2026-06-25 14:00:00+05:30,8614.0,8620.0,8608.0,8616.5,8238,0.0,0.0,APOLLOHOSP.NS
2026-06-25 14:15:00+05:30,8612.5,8617.0,8592.5,8598.0,11038,0.0,0.0,APOLLOHOSP.NS
2026-06-25 14:30:00+05:30,8597.0,8606.5,8583.5,8592.5,10664,0.0,0.0,APOLLOHOSP.NS
2026-06-25 14:45:00+05:30,8585.0,8613.5,8585.0,8609.5,9776,0.0,0.0,APOLLOHOSP.NS
2026-06-25 15:00:00+05:30,8609.0,8609.0,8590.0,8592.0,31815,0.0,0.0,APOLLOHOSP.NS
2026-06-25 15:15:00+05:30,8593.5,8599.0,8570.5,8592.0,42052,0.0,0.0,APOLLOHOSP.NS
2026-06-29 09:15:00+05:30,8616.0,8685.5,8608.5,8656.0,11145,0.0,0.0,APOLLOHOSP.NS
2026-06-29 09:30:00+05:30,8657.5,8719.5,8637.0,8718.0,19806,0.0,0.0,APOLLOHOSP.NS
2026-06-29 09:45:00+05:30,8719.0,8733.5,8706.5,8716.0,17695,0.0,0.0,APOLLOHOSP.NS
2026-06-29 10:00:00+05:30,8716.0,8721.5,8705.0,8712.5,9889,0.0,0.0,APOLLOHOSP.NS
2026-06-29 10:15:00+05:30,8712.5,8713.0,8684.0,8685.5,14235,0.0,0.0,APOLLOHOSP.NS
2026-06-29 10:30:00+05:30,8685.5,8701.5,8685.5,8698.0,3617,0.0,0.0,APOLLOHOSP.NS
2026-06-29 10:45:00+05:30,8697.0,8709.5,8684.5,8687.5,11351,0.0,0.0,APOLLOHOSP.NS
2026-06-29 11:00:00+05:30,8687.5,8700.0,8686.5,8699.0,5817,0.0,0.0,APOLLOHOSP.NS
2026-06-29 11:15:00+05:30,8699.0,8712.5,8691.0,8701.5,3752,0.0,0.0,APOLLOHOSP.NS
2026-06-29 11:30:00+05:30,8698.0,8710.0,8690.0,8702.0,8774,0.0,0.0,APOLLOHOSP.NS
2026-06-29 11:45:00+05:30,8702.0,8702.5,8690.0,8694.5,3095,0.0,0.0,APOLLOHOSP.NS
2026-06-29 12:00:00+05:30,8692.0,8699.5,8654.0,8662.0,13115,0.0,0.0,APOLLOHOSP.NS
2026-06-29 12:15:00+05:30,8656.5,8663.5,8646.0,8647.0,5301,0.0,0.0,APOLLOHOSP.NS
2026-06-29 12:30:00+05:30,8651.5,8674.5,8643.0,8668.5,8045,0.0,0.0,APOLLOHOSP.NS
2026-06-29 12:45:00+05:30,8664.0,8682.0,8652.5,8674.0,18196,0.0,0.0,APOLLOHOSP.NS
2026-06-29 13:00:00+05:30,8670.0,8684.0,8667.5,8684.0,8513,0.0,0.0,APOLLOHOSP.NS
2026-06-29 13:15:00+05:30,8681.0,8697.0,8672.5,8692.5,10900,0.0,0.0,APOLLOHOSP.NS
2026-06-29 13:30:00+05:30,8692.5,8694.0,8667.0,8672.0,7422,0.0,0.0,APOLLOHOSP.NS
2026-06-29 13:45:00+05:30,8671.5,8688.5,8665.0,8671.5,11715,0.0,0.0,APOLLOHOSP.NS
2026-06-29 14:00:00+05:30,8667.5,8701.0,8666.0,8678.5,16011,0.0,0.0,APOLLOHOSP.NS
2026-06-29 14:15:00+05:30,8676.0,8692.0,8667.0,8684.5,12227,0.0,0.0,APOLLOHOSP.NS
2026-06-29 14:30:00+05:30,8684.5,8684.5,8657.0,8660.5,11492,0.0,0.0,APOLLOHOSP.NS
2026-06-29 14:45:00+05:30,8660.0,8686.0,8650.5,8683.0,15794,0.0,0.0,APOLLOHOSP.NS
2026-06-29 15:00:00+05:30,8682.0,8684.0,8647.5,8655.5,38889,0.0,0.0,APOLLOHOSP.NS
2026-06-29 15:15:00+05:30,8655.0,8664.5,8641.0,8655.0,40177,0.0,0.0,APOLLOHOSP.NS
2026-06-30 09:15:00+05:30,8677.0,8729.0,8661.0,8690.0,19459,0.0,0.0,APOLLOHOSP.NS
2026-06-30 09:30:00+05:30,8689.5,8691.0,8667.0,8684.5,11554,0.0,0.0,APOLLOHOSP.NS
2026-06-30 09:45:00+05:30,8684.5,8714.0,8676.0,8687.5,16229,0.0,0.0,APOLLOHOSP.NS
2026-06-30 10:00:00+05:30,8687.5,8697.0,8672.5,8672.5,16449,0.0,0.0,APOLLOHOSP.NS
2026-06-30 10:15:00+05:30,8672.5,8686.0,8660.0,8683.0,9362,0.0,0.0,APOLLOHOSP.NS
2026-06-30 10:30:00+05:30,8683.5,8694.5,8675.0,8679.0,10590,0.0,0.0,APOLLOHOSP.NS
2026-06-30 10:45:00+05:30,8680.0,8697.0,8680.0,8683.0,10421,0.0,0.0,APOLLOHOSP.NS
2026-06-30 11:00:00+05:30,8683.0,8691.0,8680.0,8689.0,4940,0.0,0.0,APOLLOHOSP.NS
2026-06-30 11:15:00+05:30,8688.0,8714.0,8685.5,8700.0,14892,0.0,0.0,APOLLOHOSP.NS
2026-06-30 11:30:00+05:30,8699.5,8705.0,8688.0,8694.0,6340,0.0,0.0,APOLLOHOSP.NS
2026-06-30 11:45:00+05:30,8695.0,8695.0,8688.0,8690.5,8963,0.0,0.0,APOLLOHOSP.NS
2026-06-30 12:00:00+05:30,8691.5,8694.0,8689.0,8691.0,5440,0.0,0.0,APOLLOHOSP.NS
2026-06-30 12:15:00+05:30,8691.0,8695.0,8688.5,8694.0,9021,0.0,0.0,APOLLOHOSP.NS
2026-06-30 12:30:00+05:30,8692.0,8694.5,8689.0,8694.5,12240,0.0,0.0,APOLLOHOSP.NS
2026-06-30 12:45:00+05:30,8692.0,8728.5,8692.0,8721.5,35943,0.0,0.0,APOLLOHOSP.NS
2026-06-30 13:00:00+05:30,8725.5,8758.5,8720.5,8725.0,30271,0.0,0.0,APOLLOHOSP.NS
2026-06-30 13:15:00+05:30,8725.5,8748.0,8724.5,8748.0,17570,0.0,0.0,APOLLOHOSP.NS
2026-06-30 13:30:00+05:30,8745.5,8758.5,8740.0,8747.0,17335,0.0,0.0,APOLLOHOSP.NS
2026-06-30 13:45:00+05:30,8747.5,8750.0,8740.5,8743.5,10683,0.0,0.0,APOLLOHOSP.NS
2026-06-30 14:00:00+05:30,8742.5,8745.5,8708.0,8708.5,11904,0.0,0.0,APOLLOHOSP.NS
2026-06-30 14:15:00+05:30,8707.5,8749.0,8700.0,8736.0,13479,0.0,0.0,APOLLOHOSP.NS
2026-06-30 14:30:00+05:30,8735.0,8743.0,8730.0,8740.0,6005,0.0,0.0,APOLLOHOSP.NS
2026-06-30 14:45:00+05:30,8740.0,8749.5,8711.0,8720.0,18588,0.0,0.0,APOLLOHOSP.NS
2026-06-30 15:00:00+05:30,8714.0,8714.0,8654.5,8665.0,77261,0.0,0.0,APOLLOHOSP.NS
2026-06-30 15:15:00+05:30,8664.5,8753.5,8664.5,8682.0,72035,0.0,0.0,APOLLOHOSP.NS
2026-07-01 09:15:00+05:30,8705.5,8734.0,8668.0,8684.5,12222,0.0,0.0,APOLLOHOSP.NS
2026-07-01 09:30:00+05:30,8682.0,8686.0,8663.0,8681.0,7628,0.0,0.0,APOLLOHOSP.NS
2026-07-01 09:45:00+05:30,8677.5,8691.0,8664.5,8671.5,6235,0.0,0.0,APOLLOHOSP.NS
2026-07-01 10:00:00+05:30,8671.0,8678.5,8666.5,8667.5,2240,0.0,0.0,APOLLOHOSP.NS
2026-07-01 10:15:00+05:30,8668.0,8677.0,8663.5,8670.0,2469,0.0,0.0,APOLLOHOSP.NS
2026-07-01 10:30:00+05:30,8670.0,8675.0,8665.0,8675.0,4103,0.0,0.0,APOLLOHOSP.NS
2026-07-01 10:45:00+05:30,8675.0,8682.5,8670.0,8670.0,3944,0.0,0.0,APOLLOHOSP.NS
2026-07-01 11:00:00+05:30,8670.0,8696.5,8666.5,8677.0,7331,0.0,0.0,APOLLOHOSP.NS
2026-07-01 11:15:00+05:30,8676.5,8683.5,8657.5,8669.5,5573,0.0,0.0,APOLLOHOSP.NS
2026-07-01 11:30:00+05:30,8669.5,8678.5,8664.0,8666.5,2696,0.0,0.0,APOLLOHOSP.NS
2026-07-01 11:45:00+05:30,8666.5,8669.5,8646.5,8652.0,4576,0.0,0.0,APOLLOHOSP.NS
2026-07-01 12:00:00+05:30,8656.0,8658.5,8628.5,8629.5,4170,0.0,0.0,APOLLOHOSP.NS
2026-07-01 12:15:00+05:30,8630.0,8650.5,8625.5,8627.0,3457,0.0,0.0,APOLLOHOSP.NS
2026-07-01 12:30:00+05:30,8628.0,8640.0,8626.5,8628.5,2165,0.0,0.0,APOLLOHOSP.NS
2026-07-01 12:45:00+05:30,8628.5,8642.0,8628.5,8636.5,2078,0.0,0.0,APOLLOHOSP.NS
2026-07-01 13:00:00+05:30,8638.5,8647.5,8631.5,8631.5,1734,0.0,0.0,APOLLOHOSP.NS
2026-07-01 13:15:00+05:30,8631.5,8644.5,8630.0,8632.0,2998,0.0,0.0,APOLLOHOSP.NS
2026-07-01 13:30:00+05:30,8630.0,8656.5,8630.0,8652.5,2243,0.0,0.0,APOLLOHOSP.NS
2026-07-01 13:45:00+05:30,8651.0,8653.5,8627.5,8630.0,6316,0.0,0.0,APOLLOHOSP.NS
2026-07-01 14:00:00+05:30,8630.0,8635.0,8626.0,8635.0,9594,0.0,0.0,APOLLOHOSP.NS
2026-07-01 14:15:00+05:30,8635.0,8640.5,8620.5,8621.0,4053,0.0,0.0,APOLLOHOSP.NS
2026-07-01 14:30:00+05:30,8624.0,8634.5,8620.0,8634.0,2907,0.0,0.0,APOLLOHOSP.NS
2026-07-01 14:45:00+05:30,8632.0,8633.5,8617.0,8633.0,5219,0.0,0.0,APOLLOHOSP.NS
2026-07-01 15:00:00+05:30,8632.0,8632.0,8612.5,8613.5,21532,0.0,0.0,APOLLOHOSP.NS
2026-07-01 15:15:00+05:30,8614.0,8626.5,8612.0,8620.0,23637,0.0,0.0,APOLLOHOSP.NS
2026-07-02 09:15:00+05:30,8636.5,8644.5,8612.0,8639.5,2954,0.0,0.0,APOLLOHOSP.NS
2026-07-02 09:30:00+05:30,8642.5,8657.5,8622.5,8632.0,7695,0.0,0.0,APOLLOHOSP.NS
2026-07-02 09:45:00+05:30,8628.5,8654.5,8628.5,8652.5,4961,0.0,0.0,APOLLOHOSP.NS
2026-07-02 10:00:00+05:30,8650.0,8665.5,8629.0,8631.0,7512,0.0,0.0,APOLLOHOSP.NS
2026-07-02 10:15:00+05:30,8631.0,8640.0,8615.5,8639.5,2619,0.0,0.0,APOLLOHOSP.NS
2026-07-02 10:30:00+05:30,8639.0,8639.0,8622.0,8629.0,2492,0.0,0.0,APOLLOHOSP.NS
2026-07-02 10:45:00+05:30,8627.5,8633.5,8619.0,8633.5,2029,0.0,0.0,APOLLOHOSP.NS
2026-07-02 11:00:00+05:30,8633.5,8636.5,8629.0,8634.0,1522,0.0,0.0,APOLLOHOSP.NS
2026-07-02 11:15:00+05:30,8636.0,8654.0,8634.5,8651.0,7240,0.0,0.0,APOLLOHOSP.NS
2026-07-02 11:30:00+05:30,8648.5,8657.0,8646.5,8655.0,2824,0.0,0.0,APOLLOHOSP.NS
2026-07-02 11:45:00+05:30,8654.5,8666.0,8650.0,8662.5,2035,0.0,0.0,APOLLOHOSP.NS
2026-07-02 12:00:00+05:30,8664.0,8688.0,8661.5,8686.5,5374,0.0,0.0,APOLLOHOSP.NS
2026-07-02 12:15:00+05:30,8684.5,8685.0,8673.0,8682.0,3053,0.0,0.0,APOLLOHOSP.NS
2026-07-02 12:30:00+05:30,8680.5,8692.0,8676.0,8689.5,6418,0.0,0.0,APOLLOHOSP.NS
2026-07-02 12:45:00+05:30,8690.0,8695.0,8684.5,8693.5,4666,0.0,0.0,APOLLOHOSP.NS
2026-07-02 13:00:00+05:30,8694.5,8707.0,8690.0,8694.5,5266,0.0,0.0,APOLLOHOSP.NS
2026-07-02 13:15:00+05:30,8696.0,8703.0,8691.0,8702.0,4930,0.0,0.0,APOLLOHOSP.NS
2026-07-02 13:30:00+05:30,8702.0,8702.5,8692.5,8702.5,3346,0.0,0.0,APOLLOHOSP.NS
2026-07-02 13:45:00+05:30,8702.5,8711.0,8696.5,8707.5,7708,0.0,0.0,APOLLOHOSP.NS
2026-07-02 14:00:00+05:30,8707.5,8710.0,8690.5,8693.0,4677,0.0,0.0,APOLLOHOSP.NS
2026-07-02 14:15:00+05:30,8693.0,8705.0,8693.0,8699.0,4522,0.0,0.0,APOLLOHOSP.NS
2026-07-02 14:30:00+05:30,8699.0,8710.0,8696.0,8709.0,4576,0.0,0.0,APOLLOHOSP.NS
2026-07-02 14:45:00+05:30,8709.0,8717.0,8701.0,8716.0,8056,0.0,0.0,APOLLOHOSP.NS
2026-07-02 15:00:00+05:30,8718.5,8718.5,8689.0,8698.5,16948,0.0,0.0,APOLLOHOSP.NS
2026-07-02 15:15:00+05:30,8700.0,8750.0,8679.0,8696.0,24706,0.0,0.0,APOLLOHOSP.NS
2026-07-03 09:15:00+05:30,8760.0,8799.0,8738.5,8770.0,8656,0.0,0.0,APOLLOHOSP.NS
2026-07-03 09:30:00+05:30,8775.0,8855.0,8771.0,8835.0,43701,0.0,0.0,APOLLOHOSP.NS
2026-07-03 09:45:00+05:30,8841.0,8841.5,8822.0,8833.0,5706,0.0,0.0,APOLLOHOSP.NS
2026-07-03 10:00:00+05:30,8832.0,8839.0,8798.5,8824.0,36729,0.0,0.0,APOLLOHOSP.NS
2026-07-03 10:15:00+05:30,8831.0,8881.0,8824.5,8863.5,20816,0.0,0.0,APOLLOHOSP.NS
2026-07-03 10:30:00+05:30,8863.0,8880.5,8855.0,8855.5,18148,0.0,0.0,APOLLOHOSP.NS
2026-07-03 10:45:00+05:30,8855.5,8917.5,8855.0,8898.5,36913,0.0,0.0,APOLLOHOSP.NS
2026-07-03 11:00:00+05:30,8897.5,8913.5,8890.0,8893.0,7862,0.0,0.0,APOLLOHOSP.NS
2026-07-03 11:15:00+05:30,8896.5,8908.0,8880.5,8888.0,7031,0.0,0.0,APOLLOHOSP.NS
2026-07-03 11:30:00+05:30,8886.0,8895.5,8880.5,8890.5,4613,0.0,0.0,APOLLOHOSP.NS
2026-07-03 11:45:00+05:30,8889.0,8894.0,8858.0,8873.5,7461,0.0,0.0,APOLLOHOSP.NS
2026-07-03 12:00:00+05:30,8876.0,8899.0,8875.0,8896.5,9118,0.0,0.0,APOLLOHOSP.NS
2026-07-03 12:15:00+05:30,8897.0,8899.0,8881.0,8881.5,4542,0.0,0.0,APOLLOHOSP.NS
2026-07-03 12:30:00+05:30,8883.5,8885.5,8845.0,8849.5,9041,0.0,0.0,APOLLOHOSP.NS
2026-07-03 12:45:00+05:30,8848.5,8852.0,8829.5,8844.5,21452,0.0,0.0,APOLLOHOSP.NS
2026-07-03 13:00:00+05:30,8844.5,8858.0,8839.0,8857.0,12202,0.0,0.0,APOLLOHOSP.NS
2026-07-03 13:15:00+05:30,8857.5,8870.5,8850.0,8856.0,5684,0.0,0.0,APOLLOHOSP.NS
2026-07-03 13:30:00+05:30,8853.5,8858.5,8846.5,8848.0,4233,0.0,0.0,APOLLOHOSP.NS
2026-07-03 13:45:00+05:30,8849.0,8853.0,8833.5,8841.5,6255,0.0,0.0,APOLLOHOSP.NS
2026-07-03 14:00:00+05:30,8846.0,8877.0,8842.0,8868.0,8389,0.0,0.0,APOLLOHOSP.NS
2026-07-03 14:15:00+05:30,8868.0,8872.0,8858.0,8858.5,3274,0.0,0.0,APOLLOHOSP.NS
2026-07-03 14:30:00+05:30,8858.5,8877.5,8856.5,8876.5,10820,0.0,0.0,APOLLOHOSP.NS
2026-07-03 14:45:00+05:30,8876.5,8894.0,8869.5,8888.0,13219,0.0,0.0,APOLLOHOSP.NS
2026-07-03 15:00:00+05:30,8890.0,8919.0,8886.0,8897.0,22881,0.0,0.0,APOLLOHOSP.NS
2026-07-03 15:15:00+05:30,8896.5,8907.0,8848.0,8893.5,30149,0.0,0.0,APOLLOHOSP.NS
2026-07-06 09:15:00+05:30,8883.5,8913.5,8870.0,8913.5,7054,0.0,0.0,APOLLOHOSP.NS
2026-07-06 09:30:00+05:30,8916.5,8918.5,8895.5,8913.0,7492,0.0,0.0,APOLLOHOSP.NS
2026-07-06 09:45:00+05:30,8909.0,8916.0,8890.0,8899.5,4791,0.0,0.0,APOLLOHOSP.NS
2026-07-06 10:00:00+05:30,8899.0,8903.5,8885.5,8894.5,5281,0.0,0.0,APOLLOHOSP.NS
2026-07-06 10:15:00+05:30,8898.0,8900.0,8876.5,8884.0,7561,0.0,0.0,APOLLOHOSP.NS
2026-07-06 10:30:00+05:30,8885.5,8925.0,8885.5,8907.5,16154,0.0,0.0,APOLLOHOSP.NS
2026-07-06 10:45:00+05:30,8912.5,8925.0,8909.0,8915.0,6575,0.0,0.0,APOLLOHOSP.NS
2026-07-06 11:00:00+05:30,8911.0,8914.0,8867.5,8875.0,9936,0.0,0.0,APOLLOHOSP.NS
2026-07-06 11:15:00+05:30,8875.5,8878.5,8852.5,8852.5,7397,0.0,0.0,APOLLOHOSP.NS
2026-07-06 11:30:00+05:30,8847.5,8847.5,8833.5,8833.5,9013,0.0,0.0,APOLLOHOSP.NS
2026-07-06 11:45:00+05:30,8833.5,8847.5,8832.5,8842.0,4680,0.0,0.0,APOLLOHOSP.NS
2026-07-06 12:00:00+05:30,8842.0,8856.5,8841.5,8846.5,6073,0.0,0.0,APOLLOHOSP.NS
2026-07-06 12:15:00+05:30,8846.5,8856.0,8845.0,8845.5,4549,0.0,0.0,APOLLOHOSP.NS
2026-07-06 12:30:00+05:30,8847.5,8859.5,8835.5,8856.0,5858,0.0,0.0,APOLLOHOSP.NS
2026-07-06 12:45:00+05:30,8858.5,8871.0,8852.0,8853.5,6022,0.0,0.0,APOLLOHOSP.NS
2026-07-06 13:00:00+05:30,8856.0,8866.5,8853.0,8866.5,3795,0.0,0.0,APOLLOHOSP.NS
2026-07-06 13:15:00+05:30,8866.5,8867.5,8859.0,8860.5,3679,0.0,0.0,APOLLOHOSP.NS
2026-07-06 13:30:00+05:30,8863.0,8866.0,8823.5,8827.5,10884,0.0,0.0,APOLLOHOSP.NS
2026-07-06 13:45:00+05:30,8831.0,8845.0,8823.5,8840.5,10254,0.0,0.0,APOLLOHOSP.NS
2026-07-06 14:00:00+05:30,8845.5,8849.5,8840.0,8845.0,3556,0.0,0.0,APOLLOHOSP.NS
2026-07-06 14:15:00+05:30,8844.0,8845.0,8834.5,8836.5,2980,0.0,0.0,APOLLOHOSP.NS
2026-07-06 14:30:00+05:30,8839.5,8850.0,8839.5,8844.5,5615,0.0,0.0,APOLLOHOSP.NS
2026-07-06 14:45:00+05:30,8845.0,8852.5,8838.5,8850.5,5496,0.0,0.0,APOLLOHOSP.NS
2026-07-06 15:00:00+05:30,8853.0,8902.5,8853.0,8886.5,25402,0.0,0.0,APOLLOHOSP.NS
2026-07-06 15:15:00+05:30,8891.0,8899.0,8869.0,8888.5,29933,0.0,0.0,APOLLOHOSP.NS
2026-07-07 09:15:00+05:30,8896.5,8942.0,8864.5,8921.0,8557,0.0,0.0,APOLLOHOSP.NS
2026-07-07 09:30:00+05:30,8918.0,8947.0,8909.0,8911.5,21822,0.0,0.0,APOLLOHOSP.NS
2026-07-07 09:45:00+05:30,8915.5,8916.0,8866.5,8866.5,13440,0.0,0.0,APOLLOHOSP.NS
2026-07-07 10:00:00+05:30,8870.5,8870.5,8852.0,8854.5,6020,0.0,0.0,APOLLOHOSP.NS
2026-07-07 10:15:00+05:30,8857.5,8866.0,8843.0,8853.0,5111,0.0,0.0,APOLLOHOSP.NS
2026-07-07 10:30:00+05:30,8853.5,8862.0,8846.5,8856.0,2984,0.0,0.0,APOLLOHOSP.NS
2026-07-07 10:45:00+05:30,8860.5,8867.0,8854.5,8859.0,3278,0.0,0.0,APOLLOHOSP.NS
2026-07-07 11:00:00+05:30,8859.5,8866.0,8854.5,8866.0,1953,0.0,0.0,APOLLOHOSP.NS
2026-07-07 11:15:00+05:30,8864.5,8870.0,8855.0,8862.5,2709,0.0,0.0,APOLLOHOSP.NS
2026-07-07 11:30:00+05:30,8862.5,8863.0,8839.5,8844.0,6321,0.0,0.0,APOLLOHOSP.NS
2026-07-07 11:45:00+05:30,8844.0,8855.0,8842.0,8850.0,2216,0.0,0.0,APOLLOHOSP.NS
2026-07-07 12:00:00+05:30,8850.0,8855.0,8842.0,8846.0,2771,0.0,0.0,APOLLOHOSP.NS
2026-07-07 12:15:00+05:30,8843.5,8855.0,8842.5,8842.5,2573,0.0,0.0,APOLLOHOSP.NS
2026-07-07 12:30:00+05:30,8844.0,8847.5,8835.5,8845.5,3943,0.0,0.0,APOLLOHOSP.NS
2026-07-07 12:45:00+05:30,8846.5,8849.0,8838.0,8840.0,4778,0.0,0.0,APOLLOHOSP.NS
2026-07-07 13:00:00+05:30,8842.5,8843.5,8814.5,8818.0,8660,0.0,0.0,APOLLOHOSP.NS
2026-07-07 13:15:00+05:30,8818.5,8828.5,8811.5,8823.5,2625,0.0,0.0,APOLLOHOSP.NS
2026-07-07 13:30:00+05:30,8826.0,8828.0,8816.5,8818.0,2145,0.0,0.0,APOLLOHOSP.NS
2026-07-07 13:45:00+05:30,8820.0,8828.5,8818.5,8821.5,4336,0.0,0.0,APOLLOHOSP.NS
2026-07-07 14:00:00+05:30,8823.0,8832.5,8821.5,8828.5,2654,0.0,0.0,APOLLOHOSP.NS
2026-07-07 14:15:00+05:30,8828.5,8830.0,8820.5,8825.0,1968,0.0,0.0,APOLLOHOSP.NS
2026-07-07 14:30:00+05:30,8824.5,8839.0,8822.0,8824.5,4897,0.0,0.0,APOLLOHOSP.NS
2026-07-07 14:45:00+05:30,8828.0,8848.5,8824.5,8832.0,5904,0.0,0.0,APOLLOHOSP.NS
2026-07-07 15:00:00+05:30,8839.5,8854.0,8823.5,8833.5,34177,0.0,0.0,APOLLOHOSP.NS
2026-07-07 15:15:00+05:30,8834.5,8838.0,8830.0,8830.0,21214,0.0,0.0,APOLLOHOSP.NS
2026-07-08 09:15:00+05:30,8820.0,8879.0,8815.0,8877.0,17192,0.0,0.0,APOLLOHOSP.NS
2026-07-08 09:30:00+05:30,8874.5,8885.5,8823.0,8830.0,9670,0.0,0.0,APOLLOHOSP.NS
2026-07-08 09:45:00+05:30,8826.5,8840.0,8823.0,8823.0,6050,0.0,0.0,APOLLOHOSP.NS
2026-07-08 10:00:00+05:30,8823.5,8827.5,8808.5,8813.0,4764,0.0,0.0,APOLLOHOSP.NS
2026-07-08 10:15:00+05:30,8813.0,8838.0,8812.5,8835.0,5486,0.0,0.0,APOLLOHOSP.NS
2026-07-08 10:30:00+05:30,8844.0,8859.5,8841.5,8856.0,3502,0.0,0.0,APOLLOHOSP.NS
2026-07-08 10:45:00+05:30,8850.5,8865.0,8848.0,8861.5,7688,0.0,0.0,APOLLOHOSP.NS
2026-07-08 11:00:00+05:30,8860.0,8865.0,8841.0,8847.0,5724,0.0,0.0,APOLLOHOSP.NS
2026-07-08 11:15:00+05:30,8850.0,8850.0,8826.0,8831.0,25456,0.0,0.0,APOLLOHOSP.NS
2026-07-08 11:30:00+05:30,8828.5,8828.5,8802.0,8806.0,3676,0.0,0.0,APOLLOHOSP.NS
2026-07-08 11:45:00+05:30,8806.0,8812.0,8792.5,8800.0,5170,0.0,0.0,APOLLOHOSP.NS
2026-07-08 12:00:00+05:30,8801.0,8803.0,8776.0,8782.0,7166,0.0,0.0,APOLLOHOSP.NS
2026-07-08 12:15:00+05:30,8789.0,8791.5,8770.5,8771.5,7038,0.0,0.0,APOLLOHOSP.NS
2026-07-08 12:30:00+05:30,8782.0,8788.0,8765.0,8775.5,12238,0.0,0.0,APOLLOHOSP.NS
2026-07-08 12:45:00+05:30,8768.5,8776.5,8763.0,8763.5,11594,0.0,0.0,APOLLOHOSP.NS
2026-07-08 13:00:00+05:30,8774.0,8800.0,8770.0,8787.0,6762,0.0,0.0,APOLLOHOSP.NS
2026-07-08 13:15:00+05:30,8788.0,8790.0,8775.5,8777.0,3576,0.0,0.0,APOLLOHOSP.NS
2026-07-08 13:30:00+05:30,8775.0,8779.5,8764.0,8771.0,7898,0.0,0.0,APOLLOHOSP.NS
2026-07-08 13:45:00+05:30,8773.5,8775.0,8737.0,8737.0,8932,0.0,0.0,APOLLOHOSP.NS
2026-07-08 14:00:00+05:30,8738.5,8743.0,8701.0,8714.5,4441,0.0,0.0,APOLLOHOSP.NS
2026-07-08 14:15:00+05:30,8714.0,8748.5,8709.5,8726.0,16630,0.0,0.0,APOLLOHOSP.NS
2026-07-08 14:30:00+05:30,8724.0,8743.5,8701.5,8722.0,8115,0.0,0.0,APOLLOHOSP.NS
2026-07-08 14:45:00+05:30,8718.0,8723.0,8705.5,8710.0,10646,0.0,0.0,APOLLOHOSP.NS
2026-07-08 15:00:00+05:30,8715.5,8765.0,8715.5,8765.0,32329,0.0,0.0,APOLLOHOSP.NS
2026-07-08 15:15:00+05:30,8762.5,8787.0,8746.5,8777.0,34434,0.0,0.0,APOLLOHOSP.NS
2026-07-09 09:15:00+05:30,8800.5,8853.0,8764.5,8852.5,9858,0.0,0.0,APOLLOHOSP.NS
2026-07-09 09:30:00+05:30,8853.0,8897.5,8834.0,8896.0,63185,0.0,0.0,APOLLOHOSP.NS
2026-07-09 09:45:00+05:30,8904.0,8905.0,8872.0,8900.0,51208,0.0,0.0,APOLLOHOSP.NS
2026-07-09 10:00:00+05:30,8902.5,8919.5,8875.0,8875.0,12934,0.0,0.0,APOLLOHOSP.NS
2026-07-09 10:15:00+05:30,8874.0,8914.0,8863.5,8886.5,51405,0.0,0.0,APOLLOHOSP.NS
2026-07-09 10:30:00+05:30,8886.5,8896.0,8860.5,8867.5,47507,0.0,0.0,APOLLOHOSP.NS
2026-07-09 10:45:00+05:30,8864.0,8875.5,8855.0,8864.5,11897,0.0,0.0,APOLLOHOSP.NS
2026-07-09 11:00:00+05:30,8862.5,8874.5,8857.5,8866.5,7968,0.0,0.0,APOLLOHOSP.NS
2026-07-09 11:15:00+05:30,8866.5,8887.0,8859.0,8872.0,57349,0.0,0.0,APOLLOHOSP.NS
2026-07-09 11:30:00+05:30,8872.0,8886.0,8866.5,8872.5,9710,0.0,0.0,APOLLOHOSP.NS
2026-07-09 11:45:00+05:30,8871.5,8882.5,8866.0,8879.0,6881,0.0,0.0,APOLLOHOSP.NS
2026-07-09 12:00:00+05:30,8880.0,8892.0,8873.0,8875.0,19057,0.0,0.0,APOLLOHOSP.NS
2026-07-09 12:15:00+05:30,8875.0,8884.0,8870.0,8875.0,4774,0.0,0.0,APOLLOHOSP.NS
2026-07-09 12:30:00+05:30,8874.5,8881.0,8870.0,8872.0,8543,0.0,0.0,APOLLOHOSP.NS
2026-07-09 12:45:00+05:30,8872.0,8884.0,8870.0,8877.5,36523,0.0,0.0,APOLLOHOSP.NS
2026-07-09 13:00:00+05:30,8879.5,8879.5,8861.5,8874.5,12052,0.0,0.0,APOLLOHOSP.NS
2026-07-09 13:15:00+05:30,8872.5,8880.0,8871.5,8876.0,6983,0.0,0.0,APOLLOHOSP.NS
2026-07-09 13:30:00+05:30,8876.5,8879.5,8870.0,8873.0,7392,0.0,0.0,APOLLOHOSP.NS
2026-07-09 13:45:00+05:30,8870.5,8876.0,8854.5,8855.0,8847,0.0,0.0,APOLLOHOSP.NS
2026-07-09 14:00:00+05:30,8855.5,8856.0,8825.0,8837.0,22124,0.0,0.0,APOLLOHOSP.NS
2026-07-09 14:15:00+05:30,8836.0,8860.0,8829.5,8856.0,11767,0.0,0.0,APOLLOHOSP.NS
2026-07-09 14:30:00+05:30,8865.0,8865.0,8847.0,8853.5,11161,0.0,0.0,APOLLOHOSP.NS
2026-07-09 14:45:00+05:30,8855.0,8860.0,8846.0,8848.5,10939,0.0,0.0,APOLLOHOSP.NS
2026-07-09 15:00:00+05:30,8837.5,8848.0,8827.0,8840.0,36264,0.0,0.0,APOLLOHOSP.NS
2026-07-09 15:15:00+05:30,8830.5,8862.5,8830.0,8845.5,31620,0.0,0.0,APOLLOHOSP.NS
2026-07-10 09:15:00+05:30,8884.5,8884.5,8816.5,8843.0,6379,0.0,0.0,APOLLOHOSP.NS
2026-07-10 09:30:00+05:30,8844.0,8850.0,8825.0,8834.5,12063,0.0,0.0,APOLLOHOSP.NS
2026-07-10 09:45:00+05:30,8832.0,8843.0,8822.0,8843.0,8693,0.0,0.0,APOLLOHOSP.NS
2026-07-10 10:00:00+05:30,8843.0,8849.0,8830.0,8843.0,8247,0.0,0.0,APOLLOHOSP.NS
2026-07-10 10:15:00+05:30,8841.5,8846.5,8835.0,8835.0,6115,0.0,0.0,APOLLOHOSP.NS
2026-07-10 10:30:00+05:30,8836.0,8842.5,8827.0,8837.5,3543,0.0,0.0,APOLLOHOSP.NS
2026-07-10 10:45:00+05:30,8836.0,8844.0,8833.5,8836.5,3325,0.0,0.0,APOLLOHOSP.NS
2026-07-10 11:00:00+05:30,8834.0,8839.5,8824.0,8834.0,6687,0.0,0.0,APOLLOHOSP.NS
2026-07-10 11:15:00+05:30,8831.0,8836.0,8822.0,8824.0,4084,0.0,0.0,APOLLOHOSP.NS
2026-07-10 11:30:00+05:30,8823.0,8832.5,8820.0,8824.5,4178,0.0,0.0,APOLLOHOSP.NS
2026-07-10 11:45:00+05:30,8824.5,8831.5,8820.5,8820.5,3381,0.0,0.0,APOLLOHOSP.NS
2026-07-10 12:00:00+05:30,8820.5,8828.5,8816.0,8821.5,3542,0.0,0.0,APOLLOHOSP.NS
2026-07-10 12:15:00+05:30,8817.0,8827.5,8811.0,8813.5,3713,0.0,0.0,APOLLOHOSP.NS
2026-07-10 12:30:00+05:30,8813.5,8814.5,8802.0,8805.5,5800,0.0,0.0,APOLLOHOSP.NS
2026-07-10 12:45:00+05:30,8805.5,8806.0,8783.0,8787.5,7957,0.0,0.0,APOLLOHOSP.NS
2026-07-10 13:00:00+05:30,8788.0,8797.5,8781.5,8788.0,6450,0.0,0.0,APOLLOHOSP.NS
2026-07-10 13:15:00+05:30,8787.0,8787.5,8774.0,8779.0,8089,0.0,0.0,APOLLOHOSP.NS
2026-07-10 13:30:00+05:30,8778.5,8791.0,8773.5,8781.5,11208,0.0,0.0,APOLLOHOSP.NS
2026-07-10 13:45:00+05:30,8783.0,8785.0,8779.0,8780.0,5896,0.0,0.0,APOLLOHOSP.NS
2026-07-10 14:00:00+05:30,8780.0,8806.5,8780.0,8800.5,12177,0.0,0.0,APOLLOHOSP.NS
2026-07-10 14:15:00+05:30,8804.0,8810.0,8800.0,8801.5,6969,0.0,0.0,APOLLOHOSP.NS
2026-07-10 14:30:00+05:30,8801.5,8824.5,8800.0,8819.5,18637,0.0,0.0,APOLLOHOSP.NS
2026-07-10 14:45:00+05:30,8816.5,8825.0,8807.0,8823.5,19280,0.0,0.0,APOLLOHOSP.NS
2026-07-10 15:00:00+05:30,8829.5,8849.0,8829.5,8847.0,39407,0.0,0.0,APOLLOHOSP.NS
2026-07-10 15:15:00+05:30,8844.5,8850.0,8820.0,8850.0,37570,0.0,0.0,APOLLOHOSP.NS
2026-07-13 09:15:00+05:30,8852.5,8926.0,8814.0,8825.5,21793,0.0,0.0,APOLLOHOSP.NS
2026-07-13 09:30:00+05:30,8826.0,8860.5,8822.0,8822.0,16267,0.0,0.0,APOLLOHOSP.NS
2026-07-13 09:45:00+05:30,8821.0,8850.0,8801.5,8845.5,15052,0.0,0.0,APOLLOHOSP.NS
2026-07-13 10:00:00+05:30,8845.5,8850.5,8810.0,8815.5,7125,0.0,0.0,APOLLOHOSP.NS
2026-07-13 10:15:00+05:30,8815.0,8834.0,8800.0,8827.0,8792,0.0,0.0,APOLLOHOSP.NS
2026-07-13 10:30:00+05:30,8824.5,8832.0,8797.0,8801.0,5875,0.0,0.0,APOLLOHOSP.NS
2026-07-13 10:45:00+05:30,8805.5,8809.0,8782.5,8791.0,6190,0.0,0.0,APOLLOHOSP.NS
2026-07-13 11:00:00+05:30,8793.5,8795.5,8785.5,8791.0,5569,0.0,0.0,APOLLOHOSP.NS
2026-07-13 11:15:00+05:30,8790.5,8791.0,8778.0,8781.0,5653,0.0,0.0,APOLLOHOSP.NS
2026-07-13 11:30:00+05:30,8781.0,8800.0,8778.0,8796.0,6174,0.0,0.0,APOLLOHOSP.NS
2026-07-13 11:45:00+05:30,8795.5,8844.5,8795.5,8835.5,29550,0.0,0.0,APOLLOHOSP.NS
2026-07-13 12:00:00+05:30,8836.5,8843.5,8801.0,8807.5,54680,0.0,0.0,APOLLOHOSP.NS
2026-07-13 12:15:00+05:30,8809.0,8813.5,8800.0,8806.0,7048,0.0,0.0,APOLLOHOSP.NS
2026-07-13 12:30:00+05:30,8809.5,8810.0,8785.0,8787.0,11810,0.0,0.0,APOLLOHOSP.NS
2026-07-13 12:45:00+05:30,8790.0,8800.0,8785.5,8786.5,9215,0.0,0.0,APOLLOHOSP.NS
2026-07-13 13:00:00+05:30,8786.5,8796.5,8782.5,8796.0,7476,0.0,0.0,APOLLOHOSP.NS
2026-07-13 13:15:00+05:30,8795.5,8796.0,8779.0,8779.0,11025,0.0,0.0,APOLLOHOSP.NS
2026-07-13 13:30:00+05:30,8779.0,8785.5,8778.0,8780.0,27846,0.0,0.0,APOLLOHOSP.NS
2026-07-13 13:45:00+05:30,8780.0,8794.0,8776.5,8787.5,17574,0.0,0.0,APOLLOHOSP.NS
2026-07-13 14:00:00+05:30,8787.0,8790.0,8765.0,8776.0,8747,0.0,0.0,APOLLOHOSP.NS
2026-07-13 14:15:00+05:30,8776.0,8790.0,8769.0,8779.5,5746,0.0,0.0,APOLLOHOSP.NS
2026-07-13 14:30:00+05:30,8780.0,8789.5,8780.0,8786.0,4874,0.0,0.0,APOLLOHOSP.NS
2026-07-13 14:45:00+05:30,8786.0,8790.0,8777.0,8784.0,8287,0.0,0.0,APOLLOHOSP.NS
2026-07-13 15:00:00+05:30,8780.5,8785.5,8767.5,8779.5,23143,0.0,0.0,APOLLOHOSP.NS
2026-07-13 15:15:00+05:30,8780.0,8788.0,8778.0,8787.0,45999,0.0,0.0,APOLLOHOSP.NS
2026-07-14 09:15:00+05:30,8750.0,8835.0,8739.0,8818.0,11974,0.0,0.0,APOLLOHOSP.NS
2026-07-14 09:30:00+05:30,8822.0,8825.0,8797.0,8800.5,19359,0.0,0.0,APOLLOHOSP.NS
2026-07-14 09:45:00+05:30,8801.0,8835.0,8800.0,8814.5,7761,0.0,0.0,APOLLOHOSP.NS
2026-07-14 10:00:00+05:30,8814.5,8849.0,8808.0,8842.5,17421,0.0,0.0,APOLLOHOSP.NS
2026-07-14 10:15:00+05:30,8845.5,8860.0,8839.0,8858.0,11244,0.0,0.0,APOLLOHOSP.NS
2026-07-14 10:30:00+05:30,8857.5,8875.0,8845.0,8850.0,8885,0.0,0.0,APOLLOHOSP.NS
2026-07-14 10:45:00+05:30,8850.0,8869.0,8848.5,8860.0,7500,0.0,0.0,APOLLOHOSP.NS
2026-07-14 11:00:00+05:30,8860.0,8864.0,8850.0,8864.0,12499,0.0,0.0,APOLLOHOSP.NS
2026-07-14 11:15:00+05:30,8860.0,8892.5,8859.0,8880.0,10319,0.0,0.0,APOLLOHOSP.NS
2026-07-14 11:30:00+05:30,8879.5,8880.0,8864.5,8877.5,7210,0.0,0.0,APOLLOHOSP.NS
2026-07-14 11:45:00+05:30,8879.5,8881.0,8866.0,8872.0,5606,0.0,0.0,APOLLOHOSP.NS
2026-07-14 12:00:00+05:30,8874.5,8899.0,8872.5,8887.5,14864,0.0,0.0,APOLLOHOSP.NS
2026-07-14 12:15:00+05:30,8884.0,8895.5,8871.5,8889.0,12949,0.0,0.0,APOLLOHOSP.NS
2026-07-14 12:30:00+05:30,8888.5,8895.5,8885.0,8895.0,7768,0.0,0.0,APOLLOHOSP.NS
2026-07-14 12:45:00+05:30,8895.0,8903.5,8894.5,8899.5,9813,0.0,0.0,APOLLOHOSP.NS
2026-07-14 13:00:00+05:30,8899.5,8905.0,8887.0,8891.5,13837,0.0,0.0,APOLLOHOSP.NS
2026-07-14 13:15:00+05:30,8890.0,8905.5,8890.0,8898.5,10740,0.0,0.0,APOLLOHOSP.NS
2026-07-14 13:30:00+05:30,8897.0,8900.0,8882.0,8888.0,11724,0.0,0.0,APOLLOHOSP.NS
2026-07-14 13:45:00+05:30,8891.0,8900.0,8888.0,8896.5,12681,0.0,0.0,APOLLOHOSP.NS
2026-07-14 14:00:00+05:30,8896.0,8897.5,8881.0,8882.5,12002,0.0,0.0,APOLLOHOSP.NS
2026-07-14 14:15:00+05:30,8882.5,8890.0,8882.5,8884.5,10514,0.0,0.0,APOLLOHOSP.NS
2026-07-14 14:30:00+05:30,8884.0,8901.0,8884.0,8899.0,15436,0.0,0.0,APOLLOHOSP.NS
2026-07-14 14:45:00+05:30,8899.5,8900.0,8885.5,8886.5,18129,0.0,0.0,APOLLOHOSP.NS
2026-07-14 15:00:00+05:30,8893.5,8902.5,8892.0,8893.5,70159,0.0,0.0,APOLLOHOSP.NS
2026-07-14 15:15:00+05:30,8893.5,8919.5,8890.5,8900.5,55994,0.0,0.0,APOLLOHOSP.NS
2026-07-15 09:15:00+05:30,8937.5,8990.0,8914.5,8965.5,50183,0.0,0.0,APOLLOHOSP.NS
2026-07-15 09:30:00+05:30,8966.5,8994.5,8952.0,8983.5,32804,0.0,0.0,APOLLOHOSP.NS
2026-07-15 09:45:00+05:30,8984.0,8999.5,8966.5,8995.0,23010,0.0,0.0,APOLLOHOSP.NS
2026-07-15 10:00:00+05:30,8997.0,9009.0,8985.0,8985.0,26015,0.0,0.0,APOLLOHOSP.NS
2026-07-15 10:15:00+05:30,8985.0,8994.5,8975.0,8976.5,13611,0.0,0.0,APOLLOHOSP.NS
2026-07-15 10:30:00+05:30,8975.5,8985.0,8970.0,8977.0,6993,0.0,0.0,APOLLOHOSP.NS
2026-07-15 10:45:00+05:30,8977.0,8979.0,8947.5,8969.0,29581,0.0,0.0,APOLLOHOSP.NS
2026-07-15 11:00:00+05:30,8969.0,8970.0,8938.0,8948.5,20542,0.0,0.0,APOLLOHOSP.NS
2026-07-15 11:15:00+05:30,8949.0,8950.0,8940.0,8950.0,8853,0.0,0.0,APOLLOHOSP.NS
2026-07-15 11:30:00+05:30,8946.5,8953.0,8946.5,8952.0,8135,0.0,0.0,APOLLOHOSP.NS
2026-07-15 11:45:00+05:30,8950.0,8982.0,8950.0,8971.5,15372,0.0,0.0,APOLLOHOSP.NS
2026-07-15 12:00:00+05:30,8971.0,8980.0,8969.5,8980.0,7063,0.0,0.0,APOLLOHOSP.NS
2026-07-15 12:15:00+05:30,8979.0,8980.0,8968.5,8975.5,8405,0.0,0.0,APOLLOHOSP.NS
2026-07-15 12:30:00+05:30,8974.5,8978.5,8958.5,8975.0,11803,0.0,0.0,APOLLOHOSP.NS
2026-07-15 12:45:00+05:30,8975.5,8986.0,8942.5,8950.5,25986,0.0,0.0,APOLLOHOSP.NS
2026-07-15 13:00:00+05:30,8945.5,8961.0,8928.5,8935.0,10049,0.0,0.0,APOLLOHOSP.NS
2026-07-15 13:15:00+05:30,8934.5,8945.5,8933.5,8939.0,8551,0.0,0.0,APOLLOHOSP.NS
2026-07-15 13:30:00+05:30,8939.0,8939.5,8922.0,8930.0,9631,0.0,0.0,APOLLOHOSP.NS
2026-07-15 13:45:00+05:30,8929.5,8952.0,8922.0,8923.0,11076,0.0,0.0,APOLLOHOSP.NS
2026-07-15 14:00:00+05:30,8922.5,8944.0,8922.5,8934.5,13199,0.0,0.0,APOLLOHOSP.NS
2026-07-15 14:15:00+05:30,8934.5,8942.0,8925.0,8933.5,6381,0.0,0.0,APOLLOHOSP.NS
2026-07-15 14:30:00+05:30,8935.0,8950.0,8931.0,8946.5,7611,0.0,0.0,APOLLOHOSP.NS
2026-07-15 14:45:00+05:30,8945.5,8950.0,8935.5,8935.5,9709,0.0,0.0,APOLLOHOSP.NS
2026-07-15 15:00:00+05:30,8937.0,8948.0,8926.5,8930.0,44832,0.0,0.0,APOLLOHOSP.NS
2026-07-15 15:15:00+05:30,8929.5,8949.5,8912.0,8936.0,45362,0.0,0.0,APOLLOHOSP.NS
2026-07-16 09:15:00+05:30,8929.0,8935.5,8903.5,8903.5,9915,0.0,0.0,APOLLOHOSP.NS
2026-07-16 09:30:00+05:30,8906.0,8918.0,8894.0,8917.5,8152,0.0,0.0,APOLLOHOSP.NS
2026-07-16 09:45:00+05:30,8916.0,8918.0,8901.0,8902.0,5782,0.0,0.0,APOLLOHOSP.NS
2026-07-16 10:00:00+05:30,8902.0,8916.5,8901.0,8904.5,6786,0.0,0.0,APOLLOHOSP.NS
2026-07-16 10:15:00+05:30,8906.0,8909.0,8900.0,8908.0,5935,0.0,0.0,APOLLOHOSP.NS
2026-07-16 10:30:00+05:30,8908.0,8916.0,8905.5,8911.0,4501,0.0,0.0,APOLLOHOSP.NS
2026-07-16 10:45:00+05:30,8910.5,8913.5,8857.5,8875.5,20873,0.0,0.0,APOLLOHOSP.NS
2026-07-16 11:00:00+05:30,8875.5,8914.5,8875.0,8908.5,19453,0.0,0.0,APOLLOHOSP.NS
2026-07-16 11:15:00+05:30,8904.0,8914.0,8891.5,8896.5,5995,0.0,0.0,APOLLOHOSP.NS
2026-07-16 11:30:00+05:30,8896.5,8907.0,8896.0,8899.0,4890,0.0,0.0,APOLLOHOSP.NS
2026-07-16 11:45:00+05:30,8899.0,8909.0,8883.0,8899.0,18306,0.0,0.0,APOLLOHOSP.NS
2026-07-16 12:00:00+05:30,8900.0,8914.0,8887.5,8914.0,9322,0.0,0.0,APOLLOHOSP.NS
2026-07-16 12:15:00+05:30,8912.5,8912.5,8904.5,8906.0,4004,0.0,0.0,APOLLOHOSP.NS
2026-07-16 12:30:00+05:30,8904.5,8906.5,8895.0,8897.5,4028,0.0,0.0,APOLLOHOSP.NS
2026-07-16 12:45:00+05:30,8897.5,8903.0,8884.0,8886.5,3848,0.0,0.0,APOLLOHOSP.NS
2026-07-16 13:00:00+05:30,8885.0,8900.0,8882.0,8899.0,4568,0.0,0.0,APOLLOHOSP.NS
2026-07-16 13:15:00+05:30,8899.0,8900.0,8895.0,8899.0,2986,0.0,0.0,APOLLOHOSP.NS
2026-07-16 13:30:00+05:30,8899.5,8899.5,8885.5,8894.0,4954,0.0,0.0,APOLLOHOSP.NS
2026-07-16 13:45:00+05:30,8894.0,8912.0,8891.5,8901.5,5352,0.0,0.0,APOLLOHOSP.NS
2026-07-16 14:00:00+05:30,8902.0,8902.5,8889.0,8894.5,4115,0.0,0.0,APOLLOHOSP.NS
2026-07-16 14:15:00+05:30,8893.5,8901.5,8892.0,8899.0,3855,0.0,0.0,APOLLOHOSP.NS
2026-07-16 14:30:00+05:30,8899.0,8903.0,8883.0,8894.0,8701,0.0,0.0,APOLLOHOSP.NS
2026-07-16 14:45:00+05:30,8894.0,8897.5,8885.5,8888.5,8682,0.0,0.0,APOLLOHOSP.NS
2026-07-16 15:00:00+05:30,8892.0,8900.0,8881.0,8887.0,30249,0.0,0.0,APOLLOHOSP.NS
2026-07-16 15:15:00+05:30,8886.5,8890.0,8880.0,8888.0,29132,0.0,0.0,APOLLOHOSP.NS
2026-07-17 09:15:00+05:30,8882.5,8883.5,8847.0,8871.5,17587,0.0,0.0,APOLLOHOSP.NS
2026-07-17 09:30:00+05:30,8870.0,8871.0,8849.5,8856.5,7080,0.0,0.0,APOLLOHOSP.NS
2026-07-17 09:45:00+05:30,8858.0,8858.0,8835.0,8843.5,4859,0.0,0.0,APOLLOHOSP.NS
2026-07-17 10:00:00+05:30,8843.0,8856.5,8819.0,8853.5,6818,0.0,0.0,APOLLOHOSP.NS
2026-07-17 10:15:00+05:30,8849.5,8871.5,8841.0,8857.0,3696,0.0,0.0,APOLLOHOSP.NS
2026-07-17 10:30:00+05:30,8858.0,8863.0,8840.5,8846.5,2543,0.0,0.0,APOLLOHOSP.NS
2026-07-17 10:45:00+05:30,8843.5,8848.0,8831.5,8841.5,2035,0.0,0.0,APOLLOHOSP.NS
2026-07-17 11:00:00+05:30,8847.5,8856.5,8836.0,8847.5,1612,0.0,0.0,APOLLOHOSP.NS
2026-07-17 11:15:00+05:30,8843.0,8851.0,8834.5,8836.5,1750,0.0,0.0,APOLLOHOSP.NS
2026-07-17 11:30:00+05:30,8837.0,8851.5,8831.0,8847.5,1644,0.0,0.0,APOLLOHOSP.NS
2026-07-17 11:45:00+05:30,8847.5,8848.0,8838.0,8839.5,1258,0.0,0.0,APOLLOHOSP.NS
2026-07-17 12:00:00+05:30,8839.0,8843.0,8830.0,8834.0,1977,0.0,0.0,APOLLOHOSP.NS
2026-07-17 12:15:00+05:30,8830.0,8834.0,8803.5,8811.5,4595,0.0,0.0,APOLLOHOSP.NS
2026-07-17 12:30:00+05:30,8809.5,8816.5,8803.0,8811.0,4483,0.0,0.0,APOLLOHOSP.NS
2026-07-17 12:45:00+05:30,8810.0,8817.0,8805.0,8812.0,2086,0.0,0.0,APOLLOHOSP.NS
2026-07-17 13:00:00+05:30,8812.0,8816.0,8806.0,8816.0,1800,0.0,0.0,APOLLOHOSP.NS
2026-07-17 13:15:00+05:30,8798.0,8826.5,8782.0,8805.5,20156,0.0,0.0,APOLLOHOSP.NS
2026-07-17 13:30:00+05:30,8805.5,8812.0,8800.0,8810.0,3616,0.0,0.0,APOLLOHOSP.NS
2026-07-17 13:45:00+05:30,8807.0,8823.5,8802.0,8823.5,3663,0.0,0.0,APOLLOHOSP.NS
2026-07-17 14:00:00+05:30,8821.0,8823.5,8813.0,8815.0,1980,0.0,0.0,APOLLOHOSP.NS
2026-07-17 14:15:00+05:30,8815.5,8841.5,8812.5,8815.5,7968,0.0,0.0,APOLLOHOSP.NS
2026-07-17 14:30:00+05:30,8818.5,8828.5,8816.0,8823.0,5106,0.0,0.0,APOLLOHOSP.NS
2026-07-17 14:45:00+05:30,8821.5,8828.0,8817.0,8823.5,3706,0.0,0.0,APOLLOHOSP.NS
2026-07-17 15:00:00+05:30,8825.0,8843.5,8822.5,8826.5,14671,0.0,0.0,APOLLOHOSP.NS
2026-07-17 15:15:00+05:30,8824.0,8826.0,8808.0,8826.0,12846,0.0,0.0,APOLLOHOSP.NS
2026-07-20 09:15:00+05:30,8790.0,8896.0,8790.0,8842.0,16895,0.0,0.0,APOLLOHOSP.NS
2026-07-20 09:30:00+05:30,8842.0,8889.0,8840.0,8871.0,14224,0.0,0.0,APOLLOHOSP.NS
2026-07-20 09:45:00+05:30,8867.5,8887.5,8864.5,8886.0,5793,0.0,0.0,APOLLOHOSP.NS
2026-07-20 10:00:00+05:30,8887.5,8892.5,8875.0,8881.0,4913,0.0,0.0,APOLLOHOSP.NS
2026-07-20 10:15:00+05:30,8881.5,8899.0,8876.5,8892.5,4506,0.0,0.0,APOLLOHOSP.NS
2026-07-20 10:30:00+05:30,8893.0,8893.0,8861.5,8869.0,11092,0.0,0.0,APOLLOHOSP.NS
2026-07-20 10:45:00+05:30,8866.0,8875.0,8853.5,8875.0,7795,0.0,0.0,APOLLOHOSP.NS
2026-07-20 11:00:00+05:30,8875.0,8891.5,8875.0,8889.5,6163,0.0,0.0,APOLLOHOSP.NS
2026-07-20 11:15:00+05:30,8891.0,8891.0,8862.0,8879.5,4998,0.0,0.0,APOLLOHOSP.NS
2026-07-20 11:30:00+05:30,8882.5,8898.0,8879.0,8889.5,4889,0.0,0.0,APOLLOHOSP.NS
2026-07-20 11:45:00+05:30,8888.5,8895.0,8886.0,8890.0,3647,0.0,0.0,APOLLOHOSP.NS
2026-07-20 12:00:00+05:30,8889.5,8889.5,8878.5,8885.0,4458,0.0,0.0,APOLLOHOSP.NS
2026-07-20 12:15:00+05:30,8885.0,8885.0,8880.0,8885.0,3449,0.0,0.0,APOLLOHOSP.NS
2026-07-20 12:30:00+05:30,8885.0,8930.0,8882.5,8930.0,40066,0.0,0.0,APOLLOHOSP.NS
2026-07-20 12:45:00+05:30,8929.0,8935.0,8917.0,8920.0,15145,0.0,0.0,APOLLOHOSP.NS
2026-07-20 13:00:00+05:30,8920.0,8935.0,8919.5,8930.0,11843,0.0,0.0,APOLLOHOSP.NS
2026-07-20 13:15:00+05:30,8935.0,8935.0,8913.0,8920.5,9418,0.0,0.0,APOLLOHOSP.NS
2026-07-20 13:30:00+05:30,8921.0,8921.5,8908.0,8912.5,7806,0.0,0.0,APOLLOHOSP.NS
2026-07-20 13:45:00+05:30,8912.5,8916.5,8899.0,8905.0,8617,0.0,0.0,APOLLOHOSP.NS
2026-07-20 14:00:00+05:30,8903.0,8903.5,8894.5,8900.0,5926,0.0,0.0,APOLLOHOSP.NS
2026-07-20 14:15:00+05:30,8898.5,8906.5,8893.5,8899.5,5780,0.0,0.0,APOLLOHOSP.NS
2026-07-20 14:30:00+05:30,8898.5,8899.5,8888.0,8899.0,5314,0.0,0.0,APOLLOHOSP.NS
2026-07-20 14:45:00+05:30,8899.0,8900.0,8892.5,8892.5,9504,0.0,0.0,APOLLOHOSP.NS
2026-07-20 15:00:00+05:30,8893.0,8907.0,8892.0,8901.0,23599,0.0,0.0,APOLLOHOSP.NS
2026-07-20 15:15:00+05:30,8900.5,8958.0,8884.0,8905.0,60885,0.0,0.0,APOLLOHOSP.NS
2026-07-21 09:15:00+05:30,8912.5,8933.5,8894.0,8920.0,7680,0.0,0.0,APOLLOHOSP.NS
2026-07-21 09:30:00+05:30,8920.0,8935.0,8891.0,8896.5,10225,0.0,0.0,APOLLOHOSP.NS
2026-07-21 09:45:00+05:30,8897.0,8899.5,8881.5,8889.0,8200,0.0,0.0,APOLLOHOSP.NS
2026-07-21 10:00:00+05:30,8889.0,8908.0,8889.0,8900.5,5530,0.0,0.0,APOLLOHOSP.NS
2026-07-21 10:15:00+05:30,8899.0,8900.5,8889.5,8895.5,4413,0.0,0.0,APOLLOHOSP.NS
2026-07-21 10:30:00+05:30,8894.5,8900.0,8888.5,8896.5,4418,0.0,0.0,APOLLOHOSP.NS
2026-07-21 10:45:00+05:30,8895.0,8906.0,8890.0,8906.0,3230,0.0,0.0,APOLLOHOSP.NS
2026-07-21 11:00:00+05:30,8904.5,8907.0,8884.0,8885.0,6412,0.0,0.0,APOLLOHOSP.NS
2026-07-21 11:15:00+05:30,8886.5,8900.0,8886.0,8893.0,3169,0.0,0.0,APOLLOHOSP.NS
2026-07-21 11:30:00+05:30,8893.0,8894.0,8888.0,8893.0,1814,0.0,0.0,APOLLOHOSP.NS
2026-07-21 11:45:00+05:30,8891.0,8896.0,8889.5,8891.0,2663,0.0,0.0,APOLLOHOSP.NS
2026-07-21 12:00:00+05:30,8891.5,8915.0,8890.0,8899.5,10504,0.0,0.0,APOLLOHOSP.NS
2026-07-21 12:15:00+05:30,8899.5,8908.5,8890.0,8900.0,7897,0.0,0.0,APOLLOHOSP.NS
2026-07-21 12:30:00+05:30,8899.5,8900.0,8890.0,8891.0,2740,0.0,0.0,APOLLOHOSP.NS
2026-07-21 12:45:00+05:30,8892.0,8897.5,8884.5,8884.5,2433,0.0,0.0,APOLLOHOSP.NS
2026-07-21 13:00:00+05:30,8885.0,8896.0,8884.5,8890.0,2155,0.0,0.0,APOLLOHOSP.NS
2026-07-21 13:15:00+05:30,8890.0,8895.0,8889.0,8895.0,2132,0.0,0.0,APOLLOHOSP.NS
2026-07-21 13:30:00+05:30,8895.0,8900.0,8893.5,8900.0,5441,0.0,0.0,APOLLOHOSP.NS
2026-07-21 13:45:00+05:30,8900.0,8900.0,8887.5,8893.0,8424,0.0,0.0,APOLLOHOSP.NS
2026-07-21 14:00:00+05:30,8891.0,8899.0,8890.5,8896.5,3411,0.0,0.0,APOLLOHOSP.NS
2026-07-21 14:15:00+05:30,8897.0,8903.0,8895.5,8897.0,5264,0.0,0.0,APOLLOHOSP.NS
2026-07-21 14:30:00+05:30,8897.5,8920.0,8894.5,8918.0,9366,0.0,0.0,APOLLOHOSP.NS
2026-07-21 14:45:00+05:30,8918.5,8925.0,8908.5,8914.0,10337,0.0,0.0,APOLLOHOSP.NS
2026-07-21 15:00:00+05:30,8914.0,8939.0,8913.5,8939.0,32466,0.0,0.0,APOLLOHOSP.NS
2026-07-21 15:15:00+05:30,8941.0,8945.5,8913.5,8926.5,35856,0.0,0.0,APOLLOHOSP.NS
2026-07-22 09:15:00+05:30,8891.0,8939.5,8867.5,8890.0,8594,0.0,0.0,APOLLOHOSP.NS
2026-07-22 09:30:00+05:30,8890.0,8901.0,8870.0,8900.0,4673,0.0,0.0,APOLLOHOSP.NS
2026-07-22 09:45:00+05:30,8901.5,8904.5,8881.0,8883.5,3282,0.0,0.0,APOLLOHOSP.NS
2026-07-22 10:00:00+05:30,8881.0,8889.5,8875.5,8884.0,2131,0.0,0.0,APOLLOHOSP.NS
2026-07-22 10:15:00+05:30,8884.0,8890.0,8877.5,8889.0,2215,0.0,0.0,APOLLOHOSP.NS
2026-07-22 10:30:00+05:30,8891.0,8898.0,8886.0,8895.0,1698,0.0,0.0,APOLLOHOSP.NS
2026-07-22 10:45:00+05:30,8892.5,8911.0,8892.0,8905.0,2124,0.0,0.0,APOLLOHOSP.NS
2026-07-22 11:00:00+05:30,8909.0,8925.0,8902.0,8923.0,1626,0.0,0.0,APOLLOHOSP.NS
2026-07-22 11:15:00+05:30,8923.0,8923.0,8906.0,8912.5,1955,0.0,0.0,APOLLOHOSP.NS
2026-07-22 11:30:00+05:30,8910.0,8915.0,8908.5,8912.5,559,0.0,0.0,APOLLOHOSP.NS
2026-07-22 11:45:00+05:30,8912.5,8913.0,8890.5,8908.0,1724,0.0,0.0,APOLLOHOSP.NS
2026-07-22 12:00:00+05:30,8907.0,8908.0,8896.0,8903.0,880,0.0,0.0,APOLLOHOSP.NS
2026-07-22 12:15:00+05:30,8903.0,8909.5,8899.5,8904.0,1919,0.0,0.0,APOLLOHOSP.NS
2026-07-22 12:30:00+05:30,8902.5,8919.5,8901.0,8918.0,3910,0.0,0.0,APOLLOHOSP.NS
2026-07-22 12:45:00+05:30,8916.0,8919.0,8909.5,8915.0,5223,0.0,0.0,APOLLOHOSP.NS
2026-07-22 13:00:00+05:30,8913.5,8915.0,8900.0,8905.5,16824,0.0,0.0,APOLLOHOSP.NS
2026-07-22 13:15:00+05:30,8904.5,8910.0,8896.0,8900.0,8512,0.0,0.0,APOLLOHOSP.NS
2026-07-22 13:30:00+05:30,8899.5,8900.0,8895.0,8900.0,12480,0.0,0.0,APOLLOHOSP.NS
2026-07-22 13:45:00+05:30,8900.0,8902.5,8894.5,8898.0,1734,0.0,0.0,APOLLOHOSP.NS
2026-07-22 14:00:00+05:30,8896.5,8900.0,8895.0,8897.5,1395,0.0,0.0,APOLLOHOSP.NS
2026-07-22 14:15:00+05:30,8896.0,8923.0,8896.0,8918.5,2334,0.0,0.0,APOLLOHOSP.NS
2026-07-22 14:30:00+05:30,8918.5,8922.5,8909.0,8914.0,2009,0.0,0.0,APOLLOHOSP.NS
2026-07-22 14:45:00+05:30,8914.0,8935.5,8913.5,8932.0,3798,0.0,0.0,APOLLOHOSP.NS
2026-07-22 15:00:00+05:30,8935.0,8944.0,8930.5,8939.0,29000,0.0,0.0,APOLLOHOSP.NS
2026-07-22 15:15:00+05:30,8940.0,8941.5,8915.0,8922.5,31512,0.0,0.0,APOLLOHOSP.NS
2026-07-23 09:15:00+05:30,8905.0,8920.0,8891.0,8908.5,2780,0.0,0.0,APOLLOHOSP.NS
2026-07-23 09:30:00+05:30,8910.0,8915.0,8885.0,8891.0,1828,0.0,0.0,APOLLOHOSP.NS
2026-07-23 09:45:00+05:30,8889.0,8898.5,8869.5,8874.0,2136,0.0,0.0,APOLLOHOSP.NS
2026-07-23 10:00:00+05:30,8874.0,8888.5,8873.0,8881.5,1163,0.0,0.0,APOLLOHOSP.NS
2026-07-23 10:15:00+05:30,8883.0,8895.0,8876.5,8893.0,1249,0.0,0.0,APOLLOHOSP.NS
2026-07-23 10:30:00+05:30,8888.0,8904.5,8888.0,8892.5,1994,0.0,0.0,APOLLOHOSP.NS
2026-07-23 10:45:00+05:30,8892.5,8895.5,8879.0,8879.0,1915,0.0,0.0,APOLLOHOSP.NS
2026-07-23 11:00:00+05:30,8878.0,8895.0,8875.5,8878.0,3246,0.0,0.0,APOLLOHOSP.NS
2026-07-23 11:15:00+05:30,8880.0,8890.0,8865.0,8865.0,5313,0.0,0.0,APOLLOHOSP.NS
2026-07-23 11:30:00+05:30,8865.0,8873.0,8850.0,8867.0,7664,0.0,0.0,APOLLOHOSP.NS
2026-07-23 11:45:00+05:30,8868.0,8872.0,8861.5,8871.5,4736,0.0,0.0,APOLLOHOSP.NS
2026-07-23 12:00:00+05:30,8875.0,8875.0,8844.5,8844.5,5586,0.0,0.0,APOLLOHOSP.NS
2026-07-23 12:15:00+05:30,8845.0,8848.0,8831.5,8839.0,4429,0.0,0.0,APOLLOHOSP.NS
2026-07-23 12:30:00+05:30,8840.0,8849.5,8817.0,8818.0,7024,0.0,0.0,APOLLOHOSP.NS
2026-07-23 12:45:00+05:30,8818.0,8839.0,8815.0,8838.5,21006,0.0,0.0,APOLLOHOSP.NS
2026-07-23 13:00:00+05:30,8838.5,8841.5,8823.0,8836.5,3474,0.0,0.0,APOLLOHOSP.NS
2026-07-23 13:15:00+05:30,8835.0,8837.5,8822.5,8833.0,1731,0.0,0.0,APOLLOHOSP.NS
2026-07-23 13:30:00+05:30,8834.0,8842.5,8826.0,8838.5,4593,0.0,0.0,APOLLOHOSP.NS
2026-07-23 13:45:00+05:30,8837.0,8839.0,8831.0,8831.0,1887,0.0,0.0,APOLLOHOSP.NS
2026-07-23 14:00:00+05:30,8830.5,8839.5,8828.0,8839.0,1402,0.0,0.0,APOLLOHOSP.NS
2026-07-23 14:15:00+05:30,8837.5,8841.0,8832.0,8838.0,4971,0.0,0.0,APOLLOHOSP.NS
2026-07-23 14:30:00+05:30,8838.5,8844.0,8820.5,8829.0,2840,0.0,0.0,APOLLOHOSP.NS
2026-07-23 14:45:00+05:30,8830.5,8846.5,8829.0,8842.5,8224,0.0,0.0,APOLLOHOSP.NS
2026-07-23 15:00:00+05:30,8842.0,8870.0,8841.5,8870.0,25723,0.0,0.0,APOLLOHOSP.NS
2026-07-23 15:15:00+05:30,8870.0,8894.5,8851.0,8862.0,19674,0.0,0.0,APOLLOHOSP.NS
2026-07-24 09:15:00+05:30,8817.0,8867.0,8817.0,8854.0,8992,0.0,0.0,APOLLOHOSP.NS
2026-07-24 09:30:00+05:30,8854.0,8867.5,8840.5,8844.0,7520,0.0,0.0,APOLLOHOSP.NS
2026-07-24 09:45:00+05:30,8844.0,8851.5,8828.5,8840.0,3933,0.0,0.0,APOLLOHOSP.NS
2026-07-24 10:00:00+05:30,8840.0,8840.0,8820.0,8827.5,3966,0.0,0.0,APOLLOHOSP.NS
2026-07-24 10:15:00+05:30,8825.5,8840.0,8825.0,8837.5,3032,0.0,0.0,APOLLOHOSP.NS
2026-07-24 10:30:00+05:30,8839.5,8841.0,8823.0,8835.0,2943,0.0,0.0,APOLLOHOSP.NS
2026-07-24 10:45:00+05:30,8834.5,8843.0,8821.5,8821.5,2910,0.0,0.0,APOLLOHOSP.NS
2026-07-24 11:00:00+05:30,8822.0,8830.0,8818.0,8826.5,3932,0.0,0.0,APOLLOHOSP.NS
2026-07-24 11:15:00+05:30,8826.5,8829.5,8800.0,8807.5,6968,0.0,0.0,APOLLOHOSP.NS
2026-07-24 11:30:00+05:30,8809.5,8827.0,8800.0,8812.0,12811,0.0,0.0,APOLLOHOSP.NS
2026-07-24 11:45:00+05:30,8812.0,8821.0,8801.5,8803.5,3052,0.0,0.0,APOLLOHOSP.NS
2026-07-24 12:00:00+05:30,8803.5,8820.0,8801.5,8802.0,5155,0.0,0.0,APOLLOHOSP.NS
2026-07-24 12:15:00+05:30,8802.5,8810.0,8795.0,8801.0,9791,0.0,0.0,APOLLOHOSP.NS
2026-07-24 12:30:00+05:30,8803.0,8810.0,8799.5,8800.0,13745,0.0,0.0,APOLLOHOSP.NS
2026-07-24 12:45:00+05:30,8800.0,8814.0,8796.5,8806.5,12339,0.0,0.0,APOLLOHOSP.NS
2026-07-24 13:00:00+05:30,8806.5,8812.5,8798.5,8803.5,6260,0.0,0.0,APOLLOHOSP.NS
2026-07-24 13:15:00+05:30,8803.5,8832.0,8803.0,8821.0,9246,0.0,0.0,APOLLOHOSP.NS
2026-07-24 13:30:00+05:30,8820.5,8827.0,8809.0,8810.5,6437,0.0,0.0,APOLLOHOSP.NS
2026-07-24 13:45:00+05:30,8811.0,8826.5,8807.0,8820.5,5855,0.0,0.0,APOLLOHOSP.NS
2026-07-24 14:00:00+05:30,8821.5,8835.5,8815.0,8829.5,5595,0.0,0.0,APOLLOHOSP.NS
2026-07-24 14:15:00+05:30,8830.0,8830.0,8802.5,8806.5,4770,0.0,0.0,APOLLOHOSP.NS
2026-07-24 14:30:00+05:30,8806.5,8810.0,8800.0,8807.5,3555,0.0,0.0,APOLLOHOSP.NS
2026-07-24 14:45:00+05:30,8808.5,8823.5,8802.0,8818.0,5805,0.0,0.0,APOLLOHOSP.NS
2026-07-24 15:00:00+05:30,8817.5,8819.5,8805.0,8807.5,13966,0.0,0.0,APOLLOHOSP.NS
2026-07-24 15:15:00+05:30,8810.0,8811.5,8794.0,8805.5,22871,0.0,0.0,APOLLOHOSP.NS
2026-07-27 09:15:00+05:30,8816.0,8828.0,8798.0,8819.0,6058,0.0,0.0,APOLLOHOSP.NS
2026-07-27 09:30:00+05:30,8817.0,8821.5,8798.5,8800.0,7105,0.0,0.0,APOLLOHOSP.NS
2026-07-27 09:45:00+05:30,8801.0,8830.0,8782.5,8826.5,7703,0.0,0.0,APOLLOHOSP.NS
2026-07-27 10:00:00+05:30,8825.0,8845.0,8825.0,8831.0,3382,0.0,0.0,APOLLOHOSP.NS
2026-07-27 10:15:00+05:30,8830.0,8835.5,8813.0,8819.5,3478,0.0,0.0,APOLLOHOSP.NS
2026-07-27 10:30:00+05:30,8820.0,8823.0,8774.0,8786.0,5313,0.0,0.0,APOLLOHOSP.NS
2026-07-27 10:45:00+05:30,8786.0,8793.5,8769.5,8780.0,5869,0.0,0.0,APOLLOHOSP.NS
2026-07-27 11:00:00+05:30,8778.0,8782.0,8745.0,8746.0,8127,0.0,0.0,APOLLOHOSP.NS
2026-07-27 11:15:00+05:30,8746.0,8773.5,8746.0,8771.5,2888,0.0,0.0,APOLLOHOSP.NS
2026-07-27 11:30:00+05:30,8771.5,8776.0,8760.0,8765.5,2310,0.0,0.0,APOLLOHOSP.NS
2026-07-27 11:45:00+05:30,8765.0,8783.0,8762.0,8780.0,3351,0.0,0.0,APOLLOHOSP.NS
2026-07-27 12:00:00+05:30,8780.0,8782.0,8774.5,8779.0,1721,0.0,0.0,APOLLOHOSP.NS
2026-07-27 12:15:00+05:30,8779.0,8784.5,8776.5,8780.0,4590,0.0,0.0,APOLLOHOSP.NS
2026-07-27 12:30:00+05:30,8780.0,8796.5,8779.0,8780.0,3294,0.0,0.0,APOLLOHOSP.NS
2026-07-27 12:45:00+05:30,8776.0,8796.0,8776.0,8795.0,8033,0.0,0.0,APOLLOHOSP.NS
2026-07-27 13:00:00+05:30,8798.5,8800.0,8789.5,8791.0,3351,0.0,0.0,APOLLOHOSP.NS
2026-07-27 13:15:00+05:30,8793.5,8811.5,8790.0,8793.5,5101,0.0,0.0,APOLLOHOSP.NS
2026-07-27 13:30:00+05:30,8794.0,8804.5,8788.5,8795.5,2214,0.0,0.0,APOLLOHOSP.NS
2026-07-27 13:45:00+05:30,8795.5,8801.0,8791.5,8798.5,1331,0.0,0.0,APOLLOHOSP.NS
2026-07-27 14:00:00+05:30,8798.5,8824.0,8796.5,8819.5,4076,0.0,0.0,APOLLOHOSP.NS
2026-07-27 14:15:00+05:30,8823.0,8836.5,8819.0,8826.5,3419,0.0,0.0,APOLLOHOSP.NS
2026-07-27 14:30:00+05:30,8829.0,8835.5,8811.5,8830.5,4290,0.0,0.0,APOLLOHOSP.NS
2026-07-27 14:45:00+05:30,8832.5,8846.5,8827.5,8835.0,4708,0.0,0.0,APOLLOHOSP.NS
2026-07-27 15:00:00+05:30,8842.0,8855.0,8832.5,8835.0,12451,0.0,0.0,APOLLOHOSP.NS
2026-07-27 15:15:00+05:30,8835.0,8849.5,8829.5,8843.5,13488,0.0,0.0,APOLLOHOSP.NS
2026-07-28 09:15:00+05:30,8844.0,8878.0,8834.0,8839.0,5140,0.0,0.0,APOLLOHOSP.NS
2026-07-28 09:30:00+05:30,8844.0,8873.0,8835.0,8848.5,5052,0.0,0.0,APOLLOHOSP.NS
2026-07-28 09:45:00+05:30,8847.5,8880.0,8846.0,8867.0,4048,0.0,0.0,APOLLOHOSP.NS
2026-07-28 10:00:00+05:30,8867.0,8868.0,8851.0,8851.0,2206,0.0,0.0,APOLLOHOSP.NS
2026-07-28 10:15:00+05:30,8851.0,8866.5,8846.5,8854.0,2924,0.0,0.0,APOLLOHOSP.NS
2026-07-28 10:30:00+05:30,8855.0,8870.0,8855.0,8869.0,1881,0.0,0.0,APOLLOHOSP.NS
2026-07-28 10:45:00+05:30,8870.0,8884.5,8863.0,8867.5,6056,0.0,0.0,APOLLOHOSP.NS
2026-07-28 11:00:00+05:30,8867.0,8868.0,8851.0,8859.0,2128,0.0,0.0,APOLLOHOSP.NS
2026-07-28 11:15:00+05:30,8857.5,8864.0,8854.0,8859.0,1074,0.0,0.0,APOLLOHOSP.NS
2026-07-28 11:30:00+05:30,8863.0,8869.0,8855.5,8861.5,1195,0.0,0.0,APOLLOHOSP.NS
2026-07-28 11:45:00+05:30,8861.0,8867.5,8847.0,8860.0,2777,0.0,0.0,APOLLOHOSP.NS
2026-07-28 12:00:00+05:30,8860.0,8863.5,8847.5,8861.0,1754,0.0,0.0,APOLLOHOSP.NS
2026-07-28 12:15:00+05:30,8862.5,8869.0,8858.0,8862.0,2367,0.0,0.0,APOLLOHOSP.NS
2026-07-28 12:30:00+05:30,8861.5,8871.5,8859.5,8865.5,1363,0.0,0.0,APOLLOHOSP.NS
2026-07-28 12:45:00+05:30,8865.5,8875.0,8860.0,8875.0,3570,0.0,0.0,APOLLOHOSP.NS
2026-07-28 13:00:00+05:30,8875.0,8883.5,8872.0,8876.0,4099,0.0,0.0,APOLLOHOSP.NS
2026-07-28 13:15:00+05:30,8875.0,8882.5,8867.5,8881.5,3666,0.0,0.0,APOLLOHOSP.NS
2026-07-28 13:30:00+05:30,8881.5,8883.0,8872.5,8883.0,1908,0.0,0.0,APOLLOHOSP.NS
2026-07-28 13:45:00+05:30,8881.5,8899.0,8867.0,8897.0,8022,0.0,0.0,APOLLOHOSP.NS
2026-07-28 14:00:00+05:30,8895.5,8900.0,8890.0,8895.5,3546,0.0,0.0,APOLLOHOSP.NS
2026-07-28 14:15:00+05:30,8897.5,8899.0,8892.5,8895.0,2625,0.0,0.0,APOLLOHOSP.NS
2026-07-28 14:30:00+05:30,8891.0,8896.0,8876.5,8893.5,7182,0.0,0.0,APOLLOHOSP.NS
2026-07-28 14:45:00+05:30,8892.5,8907.0,8888.5,8898.0,9239,0.0,0.0,APOLLOHOSP.NS
2026-07-28 15:00:00+05:30,8885.0,8906.5,8885.0,8895.0,33422,0.0,0.0,APOLLOHOSP.NS
2026-07-28 15:15:00+05:30,8894.5,8942.5,8882.5,8903.0,45927,0.0,0.0,APOLLOHOSP.NS
2026-07-29 09:15:00+05:30,8929.5,8968.0,8905.0,8932.0,7754,0.0,0.0,APOLLOHOSP.NS
2026-07-29 09:30:00+05:30,8925.0,8944.5,8925.0,8932.0,5934,0.0,0.0,APOLLOHOSP.NS
2026-07-29 09:45:00+05:30,8932.0,8959.5,8905.0,8911.0,8130,0.0,0.0,APOLLOHOSP.NS
2026-07-29 10:00:00+05:30,8910.5,8949.0,8910.5,8948.0,11890,0.0,0.0,APOLLOHOSP.NS
2026-07-29 10:15:00+05:30,8945.5,8964.0,8941.5,8954.0,11202,0.0,0.0,APOLLOHOSP.NS
2026-07-29 10:30:00+05:30,8953.0,8955.0,8921.5,8931.0,6671,0.0,0.0,APOLLOHOSP.NS
2026-07-29 10:45:00+05:30,8929.5,8937.0,8922.5,8924.0,4572,0.0,0.0,APOLLOHOSP.NS
2026-07-29 11:00:00+05:30,8925.0,8950.5,8922.5,8935.5,6068,0.0,0.0,APOLLOHOSP.NS
2026-07-29 11:15:00+05:30,8938.5,8947.0,8929.5,8932.5,4300,0.0,0.0,APOLLOHOSP.NS
2026-07-29 11:30:00+05:30,8932.5,8935.0,8915.0,8928.0,2967,0.0,0.0,APOLLOHOSP.NS
2026-07-29 11:45:00+05:30,8929.0,8944.5,8928.0,8942.0,2859,0.0,0.0,APOLLOHOSP.NS
2026-07-29 12:00:00+05:30,8942.0,8944.0,8923.0,8934.0,3258,0.0,0.0,APOLLOHOSP.NS
2026-07-29 12:15:00+05:30,8932.5,8944.0,8922.0,8942.5,3009,0.0,0.0,APOLLOHOSP.NS
2026-07-29 12:30:00+05:30,8939.5,8955.0,8939.5,8950.5,5349,0.0,0.0,APOLLOHOSP.NS
2026-07-29 12:45:00+05:30,8950.5,8957.5,8943.0,8956.0,4168,0.0,0.0,APOLLOHOSP.NS
2026-07-29 13:00:00+05:30,8956.5,8961.0,8945.5,8945.5,4544,0.0,0.0,APOLLOHOSP.NS
2026-07-29 13:15:00+05:30,8946.5,8955.0,8941.0,8951.5,3772,0.0,0.0,APOLLOHOSP.NS
2026-07-29 13:30:00+05:30,8953.0,8962.0,8951.0,8955.0,4082,0.0,0.0,APOLLOHOSP.NS
2026-07-29 13:45:00+05:30,8956.0,8959.0,8952.0,8952.5,4251,0.0,0.0,APOLLOHOSP.NS
2026-07-29 14:00:00+05:30,8952.0,8960.0,8944.0,8948.0,3382,0.0,0.0,APOLLOHOSP.NS
2026-07-29 14:15:00+05:30,8948.0,8955.5,8938.0,8943.5,3823,0.0,0.0,APOLLOHOSP.NS
2026-07-29 14:30:00+05:30,8945.5,8948.0,8935.5,8941.5,4416,0.0,0.0,APOLLOHOSP.NS
2026-07-29 14:45:00+05:30,8942.0,8951.0,8937.5,8947.5,4011,0.0,0.0,APOLLOHOSP.NS
2026-07-29 15:00:00+05:30,8948.0,8950.0,8927.5,8929.5,17877,0.0,0.0,APOLLOHOSP.NS
2026-07-29 15:15:00+05:30,8929.0,8940.0,8903.5,8935.0,18263,0.0,0.0,APOLLOHOSP.NS
2026-07-30 09:15:00+05:30,8901.5,8943.0,8883.5,8932.5,3072,0.0,0.0,APOLLOHOSP.NS
2026-07-30 09:30:00+05:30,8928.5,8960.5,8925.5,8930.0,7141,0.0,0.0,APOLLOHOSP.NS
2026-07-30 09:45:00+05:30,8932.5,8967.0,8932.0,8961.0,9623,0.0,0.0,APOLLOHOSP.NS
2026-07-30 10:00:00+05:30,8960.5,8984.0,8960.5,8980.0,12334,0.0,0.0,APOLLOHOSP.NS
2026-07-30 10:15:00+05:30,8979.5,8993.0,8979.0,8982.0,15344,0.0,0.0,APOLLOHOSP.NS
2026-07-30 10:30:00+05:30,8974.0,8974.0,8949.0,8952.5,6915,0.0,0.0,APOLLOHOSP.NS
2026-07-30 10:45:00+05:30,8952.5,8961.0,8923.0,8924.0,7204,0.0,0.0,APOLLOHOSP.NS
2026-07-30 11:00:00+05:30,8927.0,8935.0,8922.0,8926.5,2732,0.0,0.0,APOLLOHOSP.NS
2026-07-30 11:15:00+05:30,8926.5,8936.0,8926.5,8931.0,2141,0.0,0.0,APOLLOHOSP.NS
2026-07-30 11:30:00+05:30,8931.0,8931.5,8925.0,8929.5,1969,0.0,0.0,APOLLOHOSP.NS
2026-07-30 11:45:00+05:30,8929.0,8938.5,8928.0,8929.0,4050,0.0,0.0,APOLLOHOSP.NS
2026-07-30 12:00:00+05:30,8928.5,8936.0,8925.5,8929.0,5529,0.0,0.0,APOLLOHOSP.NS
2026-07-30 12:15:00+05:30,8929.0,8961.5,8925.5,8942.5,19032,0.0,0.0,APOLLOHOSP.NS
2026-07-30 12:30:00+05:30,8944.0,8970.5,8937.5,8951.0,7473,0.0,0.0,APOLLOHOSP.NS
2026-07-30 12:45:00+05:30,8951.0,8983.0,8950.5,8979.5,5328,0.0,0.0,APOLLOHOSP.NS
2026-07-30 13:00:00+05:30,8980.0,8987.0,8969.0,8978.0,5616,0.0,0.0,APOLLOHOSP.NS
2026-07-30 13:15:00+05:30,8978.0,8984.0,8971.0,8977.5,3818,0.0,0.0,APOLLOHOSP.NS
2026-07-30 13:30:00+05:30,8978.0,8988.0,8977.5,8987.5,3243,0.0,0.0,APOLLOHOSP.NS
2026-07-30 13:45:00+05:30,8987.5,9004.0,8987.5,8997.0,13416,0.0,0.0,APOLLOHOSP.NS
2026-07-30 14:00:00+05:30,8997.0,9009.0,8989.5,8999.5,11039,0.0,0.0,APOLLOHOSP.NS
2026-07-30 14:15:00+05:30,8997.0,8997.0,8975.0,8976.5,7975,0.0,0.0,APOLLOHOSP.NS
2026-07-30 14:30:00+05:30,8976.5,8995.0,8976.5,8980.0,7254,0.0,0.0,APOLLOHOSP.NS
2026-07-30 14:45:00+05:30,8980.0,8996.5,8980.0,8985.0,8894,0.0,0.0,APOLLOHOSP.NS
2026-07-30 15:00:00+05:30,8987.5,8996.5,8974.0,8987.5,39640,0.0,0.0,APOLLOHOSP.NS
2026-07-30 15:15:00+05:30,8986.5,8995.0,8959.0,8959.5,41365,0.0,0.0,APOLLOHOSP.NS
2026-07-31 09:15:00+05:30,9013.5,9031.0,8979.5,8984.0,10229,0.0,0.0,APOLLOHOSP.NS
2026-07-31 09:30:00+05:30,8984.5,8994.0,8964.5,8964.5,10759,0.0,0.0,APOLLOHOSP.NS
2026-07-31 09:45:00+05:30,8966.0,8980.5,8961.0,8971.0,3736,0.0,0.0,APOLLOHOSP.NS
2026-07-31 10:00:00+05:30,8975.0,8976.0,8959.0,8967.0,3044,0.0,0.0,APOLLOHOSP.NS
2026-07-31 10:15:00+05:30,8960.5,8984.5,8950.0,8984.5,6884,0.0,0.0,APOLLOHOSP.NS
2026-07-31 10:30:00+05:30,8987.5,8988.5,8972.0,8985.5,11193,0.0,0.0,APOLLOHOSP.NS
2026-07-31 10:45:00+05:30,8988.0,8992.5,8975.0,8992.5,7032,0.0,0.0,APOLLOHOSP.NS
2026-07-31 11:00:00+05:30,8992.0,8999.0,8985.0,8994.5,7691,0.0,0.0,APOLLOHOSP.NS
2026-07-31 11:15:00+05:30,8995.0,8997.0,8985.0,8985.5,7276,0.0,0.0,APOLLOHOSP.NS
2026-07-31 11:30:00+05:30,8988.5,8995.0,8970.5,8977.0,7421,0.0,0.0,APOLLOHOSP.NS
2026-07-31 11:45:00+05:30,8977.0,8981.0,8963.5,8968.5,7273,0.0,0.0,APOLLOHOSP.NS
2026-07-31 12:00:00+05:30,8968.5,8978.5,8962.0,8976.5,7948,0.0,0.0,APOLLOHOSP.NS
2026-07-31 12:15:00+05:30,8976.5,8976.5,8966.5,8972.5,8424,0.0,0.0,APOLLOHOSP.NS
2026-07-31 12:30:00+05:30,8966.0,8978.0,8966.0,8971.5,6740,0.0,0.0,APOLLOHOSP.NS
2026-07-31 12:45:00+05:30,8971.5,8980.0,8968.0,8973.0,7106,0.0,0.0,APOLLOHOSP.NS
2026-07-31 13:00:00+05:30,8972.5,8974.5,8953.0,8957.0,8518,0.0,0.0,APOLLOHOSP.NS
2026-07-31 13:15:00+05:30,8957.0,8963.0,8952.0,8954.5,8046,0.0,0.0,APOLLOHOSP.NS
2026-07-31 13:30:00+05:30,8954.5,8957.5,8934.5,8946.5,9423,0.0,0.0,APOLLOHOSP.NS
2026-07-31 13:45:00+05:30,8946.5,8953.5,8941.0,8949.0,7633,0.0,0.0,APOLLOHOSP.NS
2026-07-31 14:00:00+05:30,8949.0,8949.0,8937.0,8946.0,7085,0.0,0.0,APOLLOHOSP.NS
2026-07-31 14:15:00+05:30,8946.0,8948.5,8931.5,8942.0,17625,0.0,0.0,APOLLOHOSP.NS
2026-07-31 14:30:00+05:30,8940.5,8949.5,8936.0,8939.0,9220,0.0,0.0,APOLLOHOSP.NS
2026-07-31 14:45:00+05:30,8939.0,8948.0,8936.0,8945.0,10324,0.0,0.0,APOLLOHOSP.NS
2026-07-31 15:00:00+05:30,8942.5,8970.0,8941.5,8960.0,32632,0.0,0.0,APOLLOHOSP.NS
2026-07-31 15:15:00+05:30,8955.5,8961.0,8941.0,8957.0,30253,0.0,0.0,APOLLOHOSP.NS
2026-08-03 09:15:00+05:30,8995.5,8995.5,8914.5,8960.5,13480,0.0,0.0,APOLLOHOSP.NS
2026-08-03 09:30:00+05:30,8960.5,8989.0,8940.5,8943.5,14125,0.0,0.0,APOLLOHOSP.NS
2026-08-03 09:45:00+05:30,8943.0,8952.5,8927.5,8945.0,6076,0.0,0.0,APOLLOHOSP.NS
2026-08-03 10:00:00+05:30,8946.5,8956.5,8935.5,8950.0,3618,0.0,0.0,APOLLOHOSP.NS
2026-08-03 10:15:00+05:30,8956.0,8972.0,8946.0,8968.5,2932,0.0,0.0,APOLLOHOSP.NS
2026-08-03 10:30:00+05:30,8966.0,8968.0,8951.5,8961.5,2863,0.0,0.0,APOLLOHOSP.NS
2026-08-03 10:45:00+05:30,8962.0,8963.0,8941.0,8948.0,2903,0.0,0.0,APOLLOHOSP.NS
2026-08-03 11:00:00+05:30,8945.5,8952.0,8916.5,8916.5,6573,0.0,0.0,APOLLOHOSP.NS
2026-08-03 11:15:00+05:30,8921.0,8922.0,8890.0,8896.0,5053,0.0,0.0,APOLLOHOSP.NS
2026-08-03 11:30:00+05:30,8891.0,8896.0,8871.5,8874.5,7317,0.0,0.0,APOLLOHOSP.NS
2026-08-03 11:45:00+05:30,8874.0,8904.0,8865.0,8892.0,5694,0.0,0.0,APOLLOHOSP.NS
2026-08-03 12:00:00+05:30,8891.5,8904.0,8883.5,8902.0,6402,0.0,0.0,APOLLOHOSP.NS
2026-08-03 12:15:00+05:30,8903.0,8916.0,8886.0,8890.5,8774,0.0,0.0,APOLLOHOSP.NS
2026-08-03 12:30:00+05:30,8889.0,8894.0,8878.0,8882.5,4414,0.0,0.0,APOLLOHOSP.NS
2026-08-03 12:45:00+05:30,8882.0,8884.0,8865.5,8870.5,4628,0.0,0.0,APOLLOHOSP.NS
2026-08-03 13:00:00+05:30,8870.5,8871.5,8862.5,8869.5,2993,0.0,0.0,APOLLOHOSP.NS
2026-08-03 13:15:00+05:30,8869.5,8875.0,8852.5,8859.0,38520,0.0,0.0,APOLLOHOSP.NS
2026-08-03 13:30:00+05:30,8860.0,8860.5,8847.0,8850.0,4319,0.0,0.0,APOLLOHOSP.NS
2026-08-03 13:45:00+05:30,8850.0,8855.0,8816.0,8820.0,9981,0.0,0.0,APOLLOHOSP.NS
2026-08-03 14:00:00+05:30,8820.0,8820.5,8789.5,8792.0,12676,0.0,0.0,APOLLOHOSP.NS
2026-08-03 14:15:00+05:30,8795.5,8806.5,8793.0,8806.5,8117,0.0,0.0,APOLLOHOSP.NS
2026-08-03 14:30:00+05:30,8806.5,8823.5,8802.5,8815.5,10605,0.0,0.0,APOLLOHOSP.NS
2026-08-03 14:45:00+05:30,8812.5,8828.5,8810.5,8825.0,13539,0.0,0.0,APOLLOHOSP.NS
2026-08-03 15:00:00+05:30,8822.0,8827.5,8791.0,8820.0,32787,0.0,0.0,APOLLOHOSP.NS
2026-08-04 09:15:00+05:30,8796.5,8858.5,8766.5,8840.5,16715,0.0,0.0,APOLLOHOSP.NS
2026-08-04 09:30:00+05:30,8840.5,8844.5,8824.0,8841.5,12338,0.0,0.0,APOLLOHOSP.NS
2026-08-04 09:45:00+05:30,8847.0,8851.5,8841.5,8842.0,8179,0.0,0.0,APOLLOHOSP.NS
2026-08-04 10:00:00+05:30,8842.0,8855.0,8842.0,8855.0,5466,0.0,0.0,APOLLOHOSP.NS
2026-08-04 10:15:00+05:30,8855.0,8866.0,8850.0,8866.0,6218,0.0,0.0,APOLLOHOSP.NS
2026-08-04 10:30:00+05:30,8866.0,8870.5,8856.0,8870.5,6637,0.0,0.0,APOLLOHOSP.NS
2026-08-04 10:45:00+05:30,8870.5,8872.5,8865.0,8872.0,6596,0.0,0.0,APOLLOHOSP.NS
2026-08-04 11:00:00+05:30,8872.5,8875.0,8831.0,8873.0,17187,0.0,0.0,APOLLOHOSP.NS
2026-08-04 11:15:00+05:30,8873.0,8880.0,8869.0,8869.5,5970,0.0,0.0,APOLLOHOSP.NS
2026-08-04 11:30:00+05:30,8872.0,8872.5,8850.5,8865.5,5692,0.0,0.0,APOLLOHOSP.NS
2026-08-04 11:45:00+05:30,8865.5,8884.5,8865.5,8883.5,8557,0.0,0.0,APOLLOHOSP.NS
2026-08-04 12:00:00+05:30,8883.0,8883.0,8856.0,8870.0,7644,0.0,0.0,APOLLOHOSP.NS
2026-08-04 12:15:00+05:30,8871.5,8875.0,8860.0,8866.5,5108,0.0,0.0,APOLLOHOSP.NS
2026-08-04 12:30:00+05:30,8865.5,8878.5,8854.5,8860.5,17087,0.0,0.0,APOLLOHOSP.NS
2026-08-04 12:45:00+05:30,8865.0,8865.0,8855.0,8861.0,6470,0.0,0.0,APOLLOHOSP.NS
2026-08-04 13:00:00+05:30,8862.0,8865.0,8842.5,8842.5,5800,0.0,0.0,APOLLOHOSP.NS
2026-08-04 13:15:00+05:30,8842.5,8849.5,8840.0,8844.5,7009,0.0,0.0,APOLLOHOSP.NS
2026-08-04 13:30:00+05:30,8847.0,8849.0,8842.5,8847.0,5281,0.0,0.0,APOLLOHOSP.NS
2026-08-04 13:45:00+05:30,8847.5,8868.5,8845.5,8858.5,9548,0.0,0.0,APOLLOHOSP.NS
2026-08-04 14:00:00+05:30,8858.5,8869.5,8855.5,8866.5,5020,0.0,0.0,APOLLOHOSP.NS
2026-08-04 14:15:00+05:30,8866.5,8870.0,8853.5,8865.0,8191,0.0,0.0,APOLLOHOSP.NS
2026-08-04 14:30:00+05:30,8865.0,8868.0,8861.0,8862.5,6950,0.0,0.0,APOLLOHOSP.NS
2026-08-04 14:45:00+05:30,8861.5,8879.5,8860.0,8879.5,12347,0.0,0.0,APOLLOHOSP.NS
2026-08-04 15:00:00+05:30,8879.5,9050.0,8875.0,9050.0,41539,0.0,0.0,APOLLOHOSP.NS
2026-08-05 09:15:00+05:30,8926.5,8948.5,8822.0,8850.0,21531,0.0,0.0,APOLLOHOSP.NS
2026-08-05 09:30:00+05:30,8849.0,8883.5,8833.0,8864.5,23016,0.0,0.0,APOLLOHOSP.NS
2026-08-05 09:45:00+05:30,8868.5,8872.5,8845.0,8850.0,10259,0.0,0.0,APOLLOHOSP.NS
2026-08-05 10:00:00+05:30,8851.5,8904.0,8850.0,8902.0,19455,0.0,0.0,APOLLOHOSP.NS
2026-08-05 10:15:00+05:30,8900.0,8902.0,8877.0,8880.5,7935,0.0,0.0,APOLLOHOSP.NS
2026-08-05 10:30:00+05:30,8880.5,8889.5,8876.0,8886.5,7306,0.0,0.0,APOLLOHOSP.NS
2026-08-05 10:45:00+05:30,8887.0,8936.5,8876.0,8933.0,18356,0.0,0.0,APOLLOHOSP.NS
2026-08-05 11:00:00+05:30,8930.0,8967.5,8926.0,8941.0,19978,0.0,0.0,APOLLOHOSP.NS
2026-08-05 11:15:00+05:30,8944.0,8951.5,8933.0,8939.0,4567,0.0,0.0,APOLLOHOSP.NS
2026-08-05 11:30:00+05:30,8942.0,8942.0,8930.5,8934.5,5091,0.0,0.0,APOLLOHOSP.NS
2026-08-05 11:45:00+05:30,8934.5,8936.0,8913.0,8913.0,5453,0.0,0.0,APOLLOHOSP.NS
2026-08-05 12:00:00+05:30,8913.0,8931.0,8908.5,8928.5,5622,0.0,0.0,APOLLOHOSP.NS
2026-08-05 12:15:00+05:30,8931.0,8950.0,8923.0,8932.0,6702,0.0,0.0,APOLLOHOSP.NS
2026-08-05 12:30:00+05:30,8933.5,8934.0,8919.0,8922.0,4610,0.0,0.0,APOLLOHOSP.NS
2026-08-05 12:45:00+05:30,8922.0,8922.0,8910.0,8916.0,5491,0.0,0.0,APOLLOHOSP.NS
2026-08-05 13:00:00+05:30,8915.0,8937.0,8915.0,8929.0,5919,0.0,0.0,APOLLOHOSP.NS
2026-08-05 13:15:00+05:30,8929.0,8933.0,8916.5,8926.0,5743,0.0,0.0,APOLLOHOSP.NS
2026-08-05 13:30:00+05:30,8925.0,8927.5,8912.5,8913.5,4011,0.0,0.0,APOLLOHOSP.NS
2026-08-05 13:45:00+05:30,8913.5,8919.5,8905.0,8914.5,5251,0.0,0.0,APOLLOHOSP.NS
2026-08-05 14:00:00+05:30,8914.5,8917.5,8905.0,8912.5,4296,0.0,0.0,APOLLOHOSP.NS
2026-08-05 14:15:00+05:30,8910.5,8917.0,8907.0,8913.0,4815,0.0,0.0,APOLLOHOSP.NS
2026-08-05 14:30:00+05:30,8916.0,8917.0,8905.0,8908.5,6137,0.0,0.0,APOLLOHOSP.NS
2026-08-05 14:45:00+05:30,8907.0,8910.0,8890.0,8896.5,11568,0.0,0.0,APOLLOHOSP.NS
2026-08-05 15:00:00+05:30,8893.5,8910.0,8892.0,8910.0,21492,0.0,0.0,APOLLOHOSP.NS
2026-08-05 15:15:00+05:30,8900.5,8910.0,8900.5,8910.0,9572,0.0,0.0,APOLLOHOSP.NS
2026-08-06 09:15:00+05:30,8920.5,8968.5,8920.5,8967.5,9121,0.0,0.0,APOLLOHOSP.NS
2026-08-06 09:30:00+05:30,8967.0,8982.5,8966.5,8979.5,11525,0.0,0.0,APOLLOHOSP.NS
2026-08-06 09:45:00+05:30,8980.0,9001.5,8980.0,8998.0,15463,0.0,0.0,APOLLOHOSP.NS
2026-08-06 10:00:00+05:30,8998.0,9001.0,8975.0,8993.5,14231,0.0,0.0,APOLLOHOSP.NS
2026-08-06 10:15:00+05:30,8992.0,9014.5,8977.0,9011.5,31059,0.0,0.0,APOLLOHOSP.NS
2026-08-06 10:30:00+05:30,9010.5,9013.5,8975.0,8980.0,52383,0.0,0.0,APOLLOHOSP.NS
2026-08-06 10:45:00+05:30,8979.0,8985.0,8976.0,8978.0,5509,0.0,0.0,APOLLOHOSP.NS
2026-08-06 11:00:00+05:30,8975.5,8978.5,8962.0,8972.0,6240,0.0,0.0,APOLLOHOSP.NS
2026-08-06 11:15:00+05:30,8968.0,8975.0,8945.0,8946.0,12286,0.0,0.0,APOLLOHOSP.NS
2026-08-06 11:30:00+05:30,8946.5,8953.5,8926.0,8926.0,14525,0.0,0.0,APOLLOHOSP.NS
2026-08-06 11:45:00+05:30,8926.0,8939.0,8925.0,8936.0,7824,0.0,0.0,APOLLOHOSP.NS
2026-08-06 12:00:00+05:30,8930.0,8949.0,8930.0,8946.5,11288,0.0,0.0,APOLLOHOSP.NS
2026-08-06 12:15:00+05:30,8949.0,8950.0,8942.5,8944.5,3008,0.0,0.0,APOLLOHOSP.NS
2026-08-06 12:30:00+05:30,8947.5,8950.0,8940.0,8944.0,3345,0.0,0.0,APOLLOHOSP.NS
2026-08-06 12:45:00+05:30,8941.5,8941.5,8926.0,8926.5,5181,0.0,0.0,APOLLOHOSP.NS
2026-08-06 13:00:00+05:30,8924.0,8930.0,8910.0,8910.5,9529,0.0,0.0,APOLLOHOSP.NS
2026-08-06 13:15:00+05:30,8912.5,8918.0,8891.0,8893.5,22397,0.0,0.0,APOLLOHOSP.NS
2026-08-06 13:30:00+05:30,8896.5,8920.0,8880.0,8919.5,17990,0.0,0.0,APOLLOHOSP.NS
2026-08-06 13:45:00+05:30,8919.5,8948.5,8910.5,8943.0,25396,0.0,0.0,APOLLOHOSP.NS
2026-08-06 14:00:00+05:30,8942.5,8945.0,8928.5,8935.0,5388,0.0,0.0,APOLLOHOSP.NS
2026-08-06 14:15:00+05:30,8935.0,8935.0,8926.0,8930.0,7611,0.0,0.0,APOLLOHOSP.NS
2026-08-06 14:30:00+05:30,8929.5,8933.5,8907.5,8918.5,13944,0.0,0.0,APOLLOHOSP.NS
2026-08-06 14:45:00+05:30,8918.5,8922.0,8898.5,8900.0,28493,0.0,0.0,APOLLOHOSP.NS
2026-08-06 15:00:00+05:30,8898.0,8945.5,8890.0,8909.0,41769,0.0,0.0,APOLLOHOSP.NS
2026-08-06 15:15:00+05:30,8974.5,8974.5,8948.5,8974.5,10428,0.0,0.0,APOLLOHOSP.NS
2026-08-07 09:15:00+05:30,8981.0,8997.5,8963.0,8966.0,34444,0.0,0.0,APOLLOHOSP.NS
2026-08-07 09:30:00+05:30,8969.0,8978.5,8951.5,8978.5,17030,0.0,0.0,APOLLOHOSP.NS
2026-08-07 09:45:00+05:30,8979.0,8997.5,8966.0,8967.0,23306,0.0,0.0,APOLLOHOSP.NS
2026-08-07 10:00:00+05:30,8967.0,8972.0,8952.5,8966.0,9208,0.0,0.0,APOLLOHOSP.NS
2026-08-07 10:15:00+05:30,8967.0,8967.0,8941.0,8967.0,8178,0.0,0.0,APOLLOHOSP.NS
2026-08-07 10:30:00+05:30,8966.5,8987.5,8965.5,8984.0,9219,0.0,0.0,APOLLOHOSP.NS
2026-08-07 10:45:00+05:30,8985.0,8989.0,8982.0,8985.0,4773,0.0,0.0,APOLLOHOSP.NS
2026-08-07 11:00:00+05:30,8985.0,8988.0,8970.5,8972.0,5530,0.0,0.0,APOLLOHOSP.NS
2026-08-07 11:15:00+05:30,8972.0,8975.0,8965.5,8970.0,3855,0.0,0.0,APOLLOHOSP.NS
2026-08-07 11:30:00+05:30,8971.5,8978.0,8966.0,8975.0,3635,0.0,0.0,APOLLOHOSP.NS
2026-08-07 11:45:00+05:30,8975.0,8978.0,8934.0,8946.0,7698,0.0,0.0,APOLLOHOSP.NS
2026-08-07 12:00:00+05:30,8948.0,8948.5,8935.5,8938.0,7176,0.0,0.0,APOLLOHOSP.NS
2026-08-07 12:15:00+05:30,8932.0,8946.0,8932.0,8942.5,4025,0.0,0.0,APOLLOHOSP.NS
2026-08-07 12:30:00+05:30,8941.5,8959.5,8938.0,8948.5,11364,0.0,0.0,APOLLOHOSP.NS
2026-08-07 12:45:00+05:30,8948.5,8957.0,8947.0,8950.0,7856,0.0,0.0,APOLLOHOSP.NS
2026-08-07 13:00:00+05:30,8950.0,8960.0,8936.0,8950.0,15545,0.0,0.0,APOLLOHOSP.NS
2026-08-07 13:15:00+05:30,8950.0,8952.5,8945.0,8950.0,2510,0.0,0.0,APOLLOHOSP.NS
2026-08-07 13:30:00+05:30,8950.0,8952.5,8946.0,8950.0,3522,0.0,0.0,APOLLOHOSP.NS
2026-08-07 13:45:00+05:30,8950.0,8953.0,8942.0,8948.5,3246,0.0,0.0,APOLLOHOSP.NS
2026-08-07 14:00:00+05:30,8948.5,8950.0,8946.0,8946.0,2617,0.0,0.0,APOLLOHOSP.NS
2026-08-07 14:15:00+05:30,8942.5,8950.0,8941.0,8949.5,2714,0.0,0.0,APOLLOHOSP.NS
2026-08-07 14:30:00+05:30,8949.5,8950.0,8948.0,8950.0,9351,0.0,0.0,APOLLOHOSP.NS
2026-08-07 14:45:00+05:30,8952.0,8955.0,8944.5,8948.5,21518,0.0,0.0,APOLLOHOSP.NS
2026-08-07 15:00:00+05:30,8950.5,8953.0,8922.0,8945.0,36653,0.0,0.0,APOLLOHOSP.NS
2026-08-10 09:15:00+05:30,8945.0,8967.0,8926.0,8936.0,7194,0.0,0.0,APOLLOHOSP.NS
2026-08-10 09:30:00+05:30,8936.5,8950.5,8895.5,8895.5,9011,0.0,0.0,APOLLOHOSP.NS
2026-08-10 09:45:00+05:30,8896.0,8906.0,8885.0,8890.0,5622,0.0,0.0,APOLLOHOSP.NS
2026-08-10 10:00:00+05:30,8888.0,8900.0,8888.0,8896.5,5420,0.0,0.0,APOLLOHOSP.NS
2026-08-10 10:15:00+05:30,8897.0,8902.0,8890.0,8902.0,47018,0.0,0.0,APOLLOHOSP.NS
2026-08-10 10:30:00+05:30,8898.5,8903.0,8885.5,8894.0,8152,0.0,0.0,APOLLOHOSP.NS
2026-08-10 10:45:00+05:30,8891.5,8898.0,8881.5,8893.5,10675,0.0,0.0,APOLLOHOSP.NS
2026-08-10 11:00:00+05:30,8893.5,8916.5,8890.0,8909.5,32499,0.0,0.0,APOLLOHOSP.NS
2026-08-10 11:15:00+05:30,8903.0,8917.5,8901.5,8904.0,6359,0.0,0.0,APOLLOHOSP.NS
2026-08-10 11:30:00+05:30,8905.0,8911.5,8900.0,8909.0,6081,0.0,0.0,APOLLOHOSP.NS
2026-08-10 11:45:00+05:30,8908.5,8911.5,8904.5,8910.0,10872,0.0,0.0,APOLLOHOSP.NS
2026-08-10 12:00:00+05:30,8910.0,8929.5,8908.5,8915.5,29805,0.0,0.0,APOLLOHOSP.NS
2026-08-10 12:15:00+05:30,8912.0,8920.5,8906.0,8911.0,30300,0.0,0.0,APOLLOHOSP.NS
2026-08-10 12:30:00+05:30,8909.0,8930.0,8909.0,8915.5,23220,0.0,0.0,APOLLOHOSP.NS
2026-08-10 12:45:00+05:30,8915.5,8921.5,8910.5,8917.0,6444,0.0,0.0,APOLLOHOSP.NS
2026-08-10 13:00:00+05:30,8916.5,8920.0,8905.5,8909.5,10949,0.0,0.0,APOLLOHOSP.NS
2026-08-10 13:15:00+05:30,8909.5,8921.0,8907.5,8913.0,11788,0.0,0.0,APOLLOHOSP.NS
2026-08-10 13:30:00+05:30,8909.5,8923.5,8908.5,8909.5,44676,0.0,0.0,APOLLOHOSP.NS
2026-08-10 13:45:00+05:30,8912.0,8912.0,8901.0,8901.5,5595,0.0,0.0,APOLLOHOSP.NS
2026-08-10 14:00:00+05:30,8901.0,8904.5,8882.5,8884.0,14927,0.0,0.0,APOLLOHOSP.NS
2026-08-10 14:15:00+05:30,8882.5,8887.5,8880.0,8882.5,8037,0.0,0.0,APOLLOHOSP.NS
2026-08-10 14:30:00+05:30,8881.5,8888.0,8875.0,8876.5,9780,0.0,0.0,APOLLOHOSP.NS
2026-08-10 14:45:00+05:30,8876.0,8890.0,8865.5,8881.0,27715,0.0,0.0,APOLLOHOSP.NS
2026-08-10 15:00:00+05:30,8880.0,8904.5,8875.0,8890.0,24672,0.0,0.0,APOLLOHOSP.NS
2026-08-10 15:15:00+05:30,8890.0,8912.0,8890.0,8912.0,10683,0.0,0.0,APOLLOHOSP.NS
2026-08-11 09:15:00+05:30,8931.5,8972.0,8880.0,8880.0,13158,0.0,0.0,APOLLOHOSP.NS
2026-08-11 09:30:00+05:30,8883.5,8893.5,8763.5,8763.5,22444,0.0,0.0,APOLLOHOSP.NS
2026-08-11 09:45:00+05:30,8764.5,8831.5,8682.0,8801.5,60860,0.0,0.0,APOLLOHOSP.NS
2026-08-11 10:00:00+05:30,8805.5,8891.5,8801.0,8852.0,54283,0.0,0.0,APOLLOHOSP.NS
2026-08-11 10:15:00+05:30,8854.5,8854.5,8820.5,8840.0,10135,0.0,0.0,APOLLOHOSP.NS
2026-08-11 10:30:00+05:30,8841.5,8851.0,8818.0,8825.0,22616,0.0,0.0,APOLLOHOSP.NS
2026-08-11 10:45:00+05:30,8826.5,8840.0,8805.5,8812.5,5822,0.0,0.0,APOLLOHOSP.NS
2026-08-11 11:00:00+05:30,8812.5,8813.0,8763.5,8766.0,8939,0.0,0.0,APOLLOHOSP.NS
2026-08-11 11:15:00+05:30,8768.5,8780.0,8761.5,8761.5,9829,0.0,0.0,APOLLOHOSP.NS
2026-08-11 11:30:00+05:30,8761.0,8765.0,8735.5,8738.5,14650,0.0,0.0,APOLLOHOSP.NS
2026-08-11 11:45:00+05:30,8738.5,8753.0,8737.0,8737.5,47674,0.0,0.0,APOLLOHOSP.NS
2026-08-11 12:00:00+05:30,8740.0,8740.0,8718.0,8726.5,12586,0.0,0.0,APOLLOHOSP.NS
2026-08-11 12:15:00+05:30,8726.5,8729.0,8694.0,8719.0,17130,0.0,0.0,APOLLOHOSP.NS
2026-08-11 12:30:00+05:30,8719.0,8733.0,8712.0,8726.0,12493,0.0,0.0,APOLLOHOSP.NS
2026-08-11 12:45:00+05:30,8726.0,8736.5,8707.0,8730.0,36599,0.0,0.0,APOLLOHOSP.NS
2026-08-11 13:00:00+05:30,8730.5,8742.5,8729.0,8733.0,16277,0.0,0.0,APOLLOHOSP.NS
2026-08-11 13:15:00+05:30,8733.0,8739.0,8722.5,8733.0,9278,0.0,0.0,APOLLOHOSP.NS
2026-08-11 13:30:00+05:30,8733.0,8739.0,8722.0,8728.0,9618,0.0,0.0,APOLLOHOSP.NS
2026-08-11 13:45:00+05:30,8727.5,8741.0,8727.0,8738.5,11411,0.0,0.0,APOLLOHOSP.NS
2026-08-11 14:00:00+05:30,8738.5,8780.5,8736.0,8777.0,11343,0.0,0.0,APOLLOHOSP.NS
2026-08-11 14:15:00+05:30,8777.0,8788.0,8769.0,8785.5,9201,0.0,0.0,APOLLOHOSP.NS
2026-08-11 14:30:00+05:30,8784.0,8786.5,8738.0,8755.0,20419,0.0,0.0,APOLLOHOSP.NS
2026-08-11 14:45:00+05:30,8755.0,8765.0,8747.5,8765.0,39413,0.0,0.0,APOLLOHOSP.NS
2026-08-11 15:00:00+05:30,8765.0,8765.0,8739.0,8744.5,49441,0.0,0.0,APOLLOHOSP.NS
2026-08-11 15:15:00+05:30,8741.5,8750.5,8741.5,8750.5,18065,0.0,0.0,APOLLOHOSP.NS
2026-08-12 09:15:00+05:30,8759.5,8760.0,8593.0,8607.0,50709,0.0,0.0,APOLLOHOSP.NS
2026-08-12 09:30:00+05:30,8608.0,8626.5,8581.0,8609.0,53570,0.0,0.0,APOLLOHOSP.NS
2026-08-12 09:45:00+05:30,8609.0,8624.0,8595.5,8609.0,45003,0.0,0.0,APOLLOHOSP.NS
2026-08-12 10:00:00+05:30,8609.0,8630.0,8575.0,8626.0,35530,0.0,0.0,APOLLOHOSP.NS
2026-08-12 10:15:00+05:30,8626.0,8664.5,8598.0,8599.5,28442,0.0,0.0,APOLLOHOSP.NS
2026-08-12 10:30:00+05:30,8599.5,8612.0,8589.5,8595.5,18357,0.0,0.0,APOLLOHOSP.NS
2026-08-12 10:45:00+05:30,8595.5,8597.5,8565.5,8573.0,62788,0.0,0.0,APOLLOHOSP.NS
2026-08-12 11:00:00+05:30,8570.5,8581.5,8556.0,8571.0,35972,0.0,0.0,APOLLOHOSP.NS
2026-08-12 11:15:00+05:30,8571.0,8582.5,8544.0,8544.0,37012,0.0,0.0,APOLLOHOSP.NS
2026-08-12 11:30:00+05:30,8542.5,8550.5,8532.0,8548.5,25035,0.0,0.0,APOLLOHOSP.NS
2026-08-12 11:45:00+05:30,8548.5,8555.5,8540.0,8542.0,16059,0.0,0.0,APOLLOHOSP.NS
2026-08-12 12:00:00+05:30,8542.0,8569.0,8542.0,8562.5,16495,0.0,0.0,APOLLOHOSP.NS
2026-08-12 12:15:00+05:30,8562.5,8575.5,8550.0,8550.0,17055,0.0,0.0,APOLLOHOSP.NS
2026-08-12 12:30:00+05:30,8551.0,8560.5,8533.0,8534.0,23149,0.0,0.0,APOLLOHOSP.NS
2026-08-12 12:45:00+05:30,8534.0,8544.0,8525.0,8541.0,19202,0.0,0.0,APOLLOHOSP.NS
2026-08-12 13:00:00+05:30,8540.0,8545.0,8530.5,8537.5,9835,0.0,0.0,APOLLOHOSP.NS
2026-08-12 13:15:00+05:30,8537.5,8555.0,8537.0,8551.5,12098,0.0,0.0,APOLLOHOSP.NS
2026-08-12 13:30:00+05:30,8548.5,8557.0,8535.0,8536.0,10314,0.0,0.0,APOLLOHOSP.NS
2026-08-12 13:45:00+05:30,8536.0,8539.5,8526.0,8527.5,12672,0.0,0.0,APOLLOHOSP.NS
2026-08-12 14:00:00+05:30,8527.5,8540.0,8516.0,8525.0,69221,0.0,0.0,APOLLOHOSP.NS
2026-08-12 14:15:00+05:30,8524.0,8531.0,8507.5,8517.5,19481,0.0,0.0,APOLLOHOSP.NS
2026-08-12 14:30:00+05:30,8518.5,8528.5,8517.0,8517.5,62229,0.0,0.0,APOLLOHOSP.NS
2026-08-12 14:45:00+05:30,8517.5,8599.0,8515.0,8564.0,86583,0.0,0.0,APOLLOHOSP.NS
2026-08-12 15:00:00+05:30,8563.0,8575.0,8550.5,8560.0,62370,0.0,0.0,APOLLOHOSP.NS
2026-08-12 15:15:00+05:30,8567.0,8597.0,8567.0,8597.0,9915,0.0,0.0,APOLLOHOSP.NS
2026-08-13 09:15:00+05:30,8708.5,8784.0,8666.5,8726.0,118447,0.0,0.0,APOLLOHOSP.NS
2026-08-13 09:30:00+05:30,8729.5,8733.5,8609.0,8620.0,79422,0.0,0.0,APOLLOHOSP.NS
2026-08-13 09:45:00+05:30,8618.0,8651.0,8616.0,8640.0,36263,0.0,0.0,APOLLOHOSP.NS
2026-08-13 10:00:00+05:30,8638.0,8665.0,8628.0,8650.5,28196,0.0,0.0,APOLLOHOSP.NS
2026-08-13 10:15:00+05:30,8654.0,8687.5,8652.0,8656.5,45321,0.0,0.0,APOLLOHOSP.NS
2026-08-13 10:30:00+05:30,8657.0,8665.5,8649.0,8650.0,30021,0.0,0.0,APOLLOHOSP.NS
2026-08-13 10:45:00+05:30,8650.0,8655.0,8640.0,8640.5,42626,0.0,0.0,APOLLOHOSP.NS
2026-08-13 11:00:00+05:30,8640.0,8650.0,8597.0,8609.5,23977,0.0,0.0,APOLLOHOSP.NS
2026-08-13 11:15:00+05:30,8609.5,8624.0,8609.0,8610.5,6588,0.0,0.0,APOLLOHOSP.NS
2026-08-13 11:30:00+05:30,8610.5,8610.5,8588.0,8604.0,16611,0.0,0.0,APOLLOHOSP.NS
2026-08-13 11:45:00+05:30,8604.0,8605.0,8590.0,8601.5,5176,0.0,0.0,APOLLOHOSP.NS
2026-08-13 12:00:00+05:30,8603.0,8629.5,8598.0,8615.5,9601,0.0,0.0,APOLLOHOSP.NS
2026-08-13 12:15:00+05:30,8615.5,8630.0,8599.5,8630.0,24241,0.0,0.0,APOLLOHOSP.NS
2026-08-13 12:30:00+05:30,8630.0,8630.0,8610.5,8617.0,3811,0.0,0.0,APOLLOHOSP.NS
2026-08-13 12:45:00+05:30,8617.5,8619.5,8600.0,8600.5,7289,0.0,0.0,APOLLOHOSP.NS
2026-08-13 13:00:00+05:30,8600.5,8606.0,8585.5,8589.0,14820,0.0,0.0,APOLLOHOSP.NS
2026-08-13 13:15:00+05:30,8590.0,8603.5,8581.0,8594.0,11551,0.0,0.0,APOLLOHOSP.NS
2026-08-13 13:30:00+05:30,8596.0,8598.0,8578.0,8588.0,9914,0.0,0.0,APOLLOHOSP.NS
2026-08-13 13:45:00+05:30,8588.5,8595.0,8581.5,8589.0,12451,0.0,0.0,APOLLOHOSP.NS
2026-08-13 14:00:00+05:30,8589.0,8598.5,8578.0,8579.0,7713,0.0,0.0,APOLLOHOSP.NS
2026-08-13 14:15:00+05:30,8579.0,8580.0,8563.0,8565.0,18767,0.0,0.0,APOLLOHOSP.NS
2026-08-13 14:30:00+05:30,8565.0,8597.0,8554.0,8589.5,40044,0.0,0.0,APOLLOHOSP.NS
2026-08-13 14:45:00+05:30,8590.0,8590.0,8575.0,8585.5,18371,0.0,0.0,APOLLOHOSP.NS
2026-08-13 15:00:00+05:30,8585.5,8600.0,8576.5,8600.0,67938,0.0,0.0,APOLLOHOSP.NS
2026-08-14 09:15:00+05:30,8610.0,8738.5,8599.5,8700.0,106606,10.0,0.0,APOLLOHOSP.NS
2026-08-14 09:30:00+05:30,8709.5,8799.0,8698.5,8790.0,102571,0.0,0.0,APOLLOHOSP.NS
2026-08-14 09:45:00+05:30,8788.0,8815.0,8765.0,8809.5,72588,0.0,0.0,APOLLOHOSP.NS
2026-08-14 10:00:00+05:30,8809.5,8850.0,8809.5,8826.0,74501,0.0,0.0,APOLLOHOSP.NS
2026-08-14 10:15:00+05:30,8826.0,8903.0,8826.0,8899.5,115811,0.0,0.0,APOLLOHOSP.NS
2026-08-14 10:30:00+05:30,8896.5,8909.0,8880.0,8897.5,51502,0.0,0.0,APOLLOHOSP.NS
2026-08-14 10:45:00+05:30,8897.0,8900.0,8866.0,8866.0,47458,0.0,0.0,APOLLOHOSP.NS
2026-08-14 11:00:00+05:30,8867.0,8874.0,8823.5,8840.5,53883,0.0,0.0,APOLLOHOSP.NS
2026-08-14 11:15:00+05:30,8842.5,8858.5,8842.0,8853.0,29862,0.0,0.0,APOLLOHOSP.NS
2026-08-14 11:30:00+05:30,8856.0,8890.0,8854.5,8864.5,48443,0.0,0.0,APOLLOHOSP.NS
2026-08-14 11:45:00+05:30,8866.0,8870.0,8850.0,8855.0,22316,0.0,0.0,APOLLOHOSP.NS
2026-08-14 12:00:00+05:30,8852.5,8859.0,8841.5,8849.0,31658,0.0,0.0,APOLLOHOSP.NS
2026-08-14 12:15:00+05:30,8849.0,8850.0,8822.5,8822.5,35118,0.0,0.0,APOLLOHOSP.NS
2026-08-14 12:30:00+05:30,8824.0,8873.5,8822.0,8864.0,38116,0.0,0.0,APOLLOHOSP.NS
2026-08-14 12:45:00+05:30,8863.5,8878.0,8854.5,8863.5,15956,0.0,0.0,APOLLOHOSP.NS
2026-08-14 13:00:00+05:30,8863.5,8875.0,8861.5,8874.5,11561,0.0,0.0,APOLLOHOSP.NS
2026-08-14 13:15:00+05:30,8873.0,8880.0,8852.5,8859.5,31226,0.0,0.0,APOLLOHOSP.NS
2026-08-14 13:30:00+05:30,8860.0,8878.5,8859.0,8873.5,11640,0.0,0.0,APOLLOHOSP.NS
2026-08-14 13:45:00+05:30,8875.0,8895.0,8866.0,8890.5,55780,0.0,0.0,APOLLOHOSP.NS
2026-08-14 14:00:00+05:30,8891.5,8903.0,8885.0,8892.0,62214,0.0,0.0,APOLLOHOSP.NS
2026-08-14 14:15:00+05:30,8894.0,8902.0,8886.0,8886.0,50614,0.0,0.0,APOLLOHOSP.NS
2026-08-14 14:30:00+05:30,8887.0,8892.5,8881.0,8886.5,17861,0.0,0.0,APOLLOHOSP.NS
2026-08-14 14:45:00+05:30,8886.5,8919.0,8883.0,8915.5,54239,0.0,0.0,APOLLOHOSP.NS
2026-08-14 15:00:00+05:30,8917.5,8921.5,8900.0,8920.5,83335,0.0,0.0,APOLLOHOSP.NS
2026-08-17 09:15:00+05:30,8942.0,8984.0,8928.5,8973.5,22064,0.0,0.0,APOLLOHOSP.NS
2026-08-17 09:30:00+05:30,8973.5,8974.5,8930.0,8930.0,13063,0.0,0.0,APOLLOHOSP.NS
2026-08-17 09:45:00+05:30,8933.0,8950.0,8922.0,8928.0,13375,0.0,0.0,APOLLOHOSP.NS
2026-08-17 10:00:00+05:30,8930.0,8937.5,8898.0,8900.0,8099,0.0,0.0,APOLLOHOSP.NS
2026-08-17 10:15:00+05:30,8905.5,8911.0,8885.5,8896.5,15328,0.0,0.0,APOLLOHOSP.NS
2026-08-17 10:30:00+05:30,8896.5,8900.0,8882.0,8892.0,7996,0.0,0.0,APOLLOHOSP.NS
2026-08-17 10:45:00+05:30,8895.5,8900.0,8890.5,8900.0,4746,0.0,0.0,APOLLOHOSP.NS
2026-08-17 11:00:00+05:30,8892.0,8900.0,8891.5,8897.5,5790,0.0,0.0,APOLLOHOSP.NS
2026-08-17 11:15:00+05:30,8897.5,8900.0,8863.0,8870.0,11159,0.0,0.0,APOLLOHOSP.NS
2026-08-17 11:30:00+05:30,8870.0,8882.0,8863.0,8882.0,16510,0.0,0.0,APOLLOHOSP.NS
2026-08-17 11:45:00+05:30,8884.5,8891.5,8876.0,8891.0,3203,0.0,0.0,APOLLOHOSP.NS
2026-08-17 12:00:00+05:30,8891.0,8900.0,8882.5,8899.0,3442,0.0,0.0,APOLLOHOSP.NS
2026-08-17 12:15:00+05:30,8899.5,8912.5,8877.0,8880.0,11584,0.0,0.0,APOLLOHOSP.NS
2026-08-17 12:30:00+05:30,8880.0,8883.5,8872.0,8882.0,3398,0.0,0.0,APOLLOHOSP.NS
2026-08-17 12:45:00+05:30,8882.0,8886.5,8870.0,8876.5,4152,0.0,0.0,APOLLOHOSP.NS
2026-08-17 13:00:00+05:30,8879.5,8880.0,8872.0,8872.0,1397,0.0,0.0,APOLLOHOSP.NS
2026-08-17 13:15:00+05:30,8874.5,8877.5,8862.5,8871.5,4986,0.0,0.0,APOLLOHOSP.NS
2026-08-17 13:30:00+05:30,8871.5,8884.0,8867.0,8881.0,6091,0.0,0.0,APOLLOHOSP.NS
2026-08-17 13:45:00+05:30,8882.0,8882.0,8850.5,8851.5,9606,0.0,0.0,APOLLOHOSP.NS
2026-08-17 14:00:00+05:30,8851.5,8868.5,8846.5,8855.5,20456,0.0,0.0,APOLLOHOSP.NS
2026-08-17 14:15:00+05:30,8853.0,8877.0,8853.0,8868.5,15188,0.0,0.0,APOLLOHOSP.NS
2026-08-17 14:30:00+05:30,8867.5,8882.0,8867.0,8882.0,25020,0.0,0.0,APOLLOHOSP.NS
2026-08-17 14:45:00+05:30,8883.0,8891.5,8875.0,8877.5,28455,0.0,0.0,APOLLOHOSP.NS
2026-08-17 15:00:00+05:30,8879.5,8880.0,8825.5,8825.5,74496,0.0,0.0,APOLLOHOSP.NS
2026-08-18 09:15:00+05:30,8837.5,8872.0,8801.5,8856.5,16798,0.0,0.0,APOLLOHOSP.NS
2026-08-18 09:30:00+05:30,8855.0,8856.0,8819.0,8841.0,20439,0.0,0.0,APOLLOHOSP.NS
2026-08-18 09:45:00+05:30,8842.0,8870.5,8835.5,8859.0,21117,0.0,0.0,APOLLOHOSP.NS
2026-08-18 10:00:00+05:30,8859.5,8900.0,8859.0,8898.5,22849,0.0,0.0,APOLLOHOSP.NS
2026-08-18 10:15:00+05:30,8899.0,8905.0,8888.0,8905.0,24276,0.0,0.0,APOLLOHOSP.NS
2026-08-18 10:30:00+05:30,8905.0,8905.0,8888.0,8895.5,19664,0.0,0.0,APOLLOHOSP.NS
2026-08-18 10:45:00+05:30,8896.0,8899.0,8884.5,8891.0,6086,0.0,0.0,APOLLOHOSP.NS
2026-08-18 11:00:00+05:30,8890.5,8903.0,8881.0,8881.5,14724,0.0,0.0,APOLLOHOSP.NS
2026-08-18 11:15:00+05:30,8881.0,8889.5,8875.0,8880.0,15319,0.0,0.0,APOLLOHOSP.NS
2026-08-18 11:30:00+05:30,8880.0,8893.5,8875.0,8893.5,12993,0.0,0.0,APOLLOHOSP.NS
2026-08-18 11:45:00+05:30,8893.0,8897.0,8840.5,8845.0,63825,0.0,0.0,APOLLOHOSP.NS
2026-08-18 12:00:00+05:30,8842.0,8845.5,8787.0,8799.5,25258,0.0,0.0,APOLLOHOSP.NS
2026-08-18 12:15:00+05:30,8795.5,8812.5,8792.0,8809.0,10074,0.0,0.0,APOLLOHOSP.NS
2026-08-18 12:30:00+05:30,8812.5,8858.0,8805.0,8856.5,13886,0.0,0.0,APOLLOHOSP.NS
2026-08-18 12:45:00+05:30,8856.0,8856.5,8807.5,8811.0,12811,0.0,0.0,APOLLOHOSP.NS
2026-08-18 13:00:00+05:30,8810.5,8811.0,8790.0,8795.0,8888,0.0,0.0,APOLLOHOSP.NS
2026-08-18 13:15:00+05:30,8794.5,8809.5,8791.5,8804.0,6584,0.0,0.0,APOLLOHOSP.NS
2026-08-18 13:30:00+05:30,8805.0,8812.0,8791.0,8799.0,18323,0.0,0.0,APOLLOHOSP.NS
2026-08-18 13:45:00+05:30,8799.5,8805.5,8795.0,8797.5,6570,0.0,0.0,APOLLOHOSP.NS
2026-08-18 14:00:00+05:30,8798.5,8811.0,8796.5,8811.0,7293,0.0,0.0,APOLLOHOSP.NS
2026-08-18 14:15:00+05:30,8811.0,8811.0,8795.0,8799.5,11707,0.0,0.0,APOLLOHOSP.NS
2026-08-18 14:30:00+05:30,8796.0,8810.0,8795.0,8805.0,13399,0.0,0.0,APOLLOHOSP.NS
2026-08-18 14:45:00+05:30,8802.5,8805.0,8794.0,8800.5,34499,0.0,0.0,APOLLOHOSP.NS
2026-08-18 15:00:00+05:30,8799.5,8815.0,8798.5,8810.0,36413,0.0,0.0,APOLLOHOSP.NS
2026-08-18 15:15:00+05:30,8815.0,8817.0,8815.0,8817.0,8048,0.0,0.0,APOLLOHOSP.NS
2026-08-19 09:15:00+05:30,8802.0,8802.0,8740.0,8775.5,7303,0.0,0.0,APOLLOHOSP.NS
2026-08-19 09:30:00+05:30,8776.0,8793.5,8774.5,8793.5,4996,0.0,0.0,APOLLOHOSP.NS
2026-08-19 09:45:00+05:30,8790.0,8803.5,8783.5,8803.5,4895,0.0,0.0,APOLLOHOSP.NS
2026-08-19 10:00:00+05:30,8805.0,8827.5,8800.0,8827.5,4788,0.0,0.0,APOLLOHOSP.NS
2026-08-19 10:15:00+05:30,8826.0,8844.0,8815.5,8843.0,8355,0.0,0.0,APOLLOHOSP.NS
2026-08-19 10:30:00+05:30,8843.0,8861.0,8840.0,8847.5,20395,0.0,0.0,APOLLOHOSP.NS
2026-08-19 10:45:00+05:30,8847.0,8854.0,8819.5,8839.5,71034,0.0,0.0,APOLLOHOSP.NS
2026-08-19 11:00:00+05:30,8835.5,8835.5,8812.5,8820.0,4885,0.0,0.0,APOLLOHOSP.NS
2026-08-19 11:15:00+05:30,8820.0,8821.5,8816.0,8817.5,5833,0.0,0.0,APOLLOHOSP.NS
2026-08-19 11:30:00+05:30,8817.0,8817.0,8780.5,8787.0,13392,0.0,0.0,APOLLOHOSP.NS
2026-08-19 11:45:00+05:30,8787.0,8787.0,8766.5,8776.5,9185,0.0,0.0,APOLLOHOSP.NS
2026-08-19 12:00:00+05:30,8777.5,8779.0,8766.5,8770.0,3823,0.0,0.0,APOLLOHOSP.NS
2026-08-19 12:15:00+05:30,8770.0,8775.0,8765.0,8770.0,7316,0.0,0.0,APOLLOHOSP.NS
2026-08-19 12:30:00+05:30,8768.0,8771.0,8762.0,8768.0,3742,0.0,0.0,APOLLOHOSP.NS
2026-08-19 12:45:00+05:30,8767.5,8768.5,8751.0,8754.0,6989,0.0,0.0,APOLLOHOSP.NS
2026-08-19 13:00:00+05:30,8753.0,8764.0,8737.0,8759.0,15750,0.0,0.0,APOLLOHOSP.NS
2026-08-19 13:15:00+05:30,8759.0,8759.0,8751.5,8754.5,1651,0.0,0.0,APOLLOHOSP.NS
2026-08-19 13:30:00+05:30,8752.0,8758.5,8751.0,8755.5,2120,0.0,0.0,APOLLOHOSP.NS
2026-08-19 13:45:00+05:30,8755.5,8758.5,8752.0,8756.0,1423,0.0,0.0,APOLLOHOSP.NS
2026-08-19 14:00:00+05:30,8756.0,8756.0,8729.0,8741.0,7692,0.0,0.0,APOLLOHOSP.NS
2026-08-19 14:15:00+05:30,8744.0,8744.0,8733.0,8736.0,3850,0.0,0.0,APOLLOHOSP.NS
2026-08-19 14:30:00+05:30,8733.5,8748.5,8733.5,8745.5,6034,0.0,0.0,APOLLOHOSP.NS
2026-08-19 14:45:00+05:30,8741.0,8746.5,8730.0,8735.0,10166,0.0,0.0,APOLLOHOSP.NS
2026-08-19 15:00:00+05:30,8732.5,8734.0,8707.5,8708.0,45569,0.0,0.0,APOLLOHOSP.NS
2026-08-19 15:15:00+05:30,8712.0,8750.0,8712.0,8750.0,16485,0.0,0.0,APOLLOHOSP.NS
2026-08-20 09:15:00+05:30,8767.5,8767.5,8724.5,8729.0,5234,0.0,0.0,APOLLOHOSP.NS
2026-08-20 09:30:00+05:30,8727.0,8728.0,8704.5,8711.5,8189,0.0,0.0,APOLLOHOSP.NS
2026-08-20 09:45:00+05:30,8711.5,8731.0,8711.5,8726.5,5426,0.0,0.0,APOLLOHOSP.NS
2026-08-20 10:00:00+05:30,8729.5,8735.0,8716.0,8722.0,7234,0.0,0.0,APOLLOHOSP.NS
2026-08-20 10:15:00+05:30,8722.0,8728.0,8708.0,8722.0,7843,0.0,0.0,APOLLOHOSP.NS
2026-08-20 10:30:00+05:30,8723.5,8733.0,8721.0,8731.0,4167,0.0,0.0,APOLLOHOSP.NS
2026-08-20 10:45:00+05:30,8731.0,8731.0,8720.0,8723.5,5113,0.0,0.0,APOLLOHOSP.NS
2026-08-20 11:00:00+05:30,8720.5,8728.0,8719.0,8727.5,3520,0.0,0.0,APOLLOHOSP.NS
2026-08-20 11:15:00+05:30,8727.5,8731.0,8711.0,8720.5,15234,0.0,0.0,APOLLOHOSP.NS
2026-08-20 11:30:00+05:30,8716.0,8736.5,8716.0,8728.5,14328,0.0,0.0,APOLLOHOSP.NS
2026-08-20 11:45:00+05:30,8728.0,8736.5,8720.5,8723.0,13259,0.0,0.0,APOLLOHOSP.NS
2026-08-20 12:00:00+05:30,8725.0,8727.5,8714.5,8721.5,16168,0.0,0.0,APOLLOHOSP.NS
2026-08-20 12:15:00+05:30,8720.5,8730.0,8705.5,8719.5,22975,0.0,0.0,APOLLOHOSP.NS
2026-08-20 12:30:00+05:30,8719.5,8729.5,8717.0,8720.0,7032,0.0,0.0,APOLLOHOSP.NS
2026-08-20 12:45:00+05:30,8721.0,8730.0,8704.0,8705.0,23119,0.0,0.0,APOLLOHOSP.NS
2026-08-20 13:00:00+05:30,8705.0,8707.0,8692.0,8700.0,8587,0.0,0.0,APOLLOHOSP.NS
2026-08-20 13:15:00+05:30,8700.0,8700.0,8690.5,8693.5,10286,0.0,0.0,APOLLOHOSP.NS
2026-08-20 13:30:00+05:30,8693.0,8698.0,8687.5,8691.0,7142,0.0,0.0,APOLLOHOSP.NS
2026-08-20 13:45:00+05:30,8689.5,8700.0,8689.5,8698.5,5509,0.0,0.0,APOLLOHOSP.NS
2026-08-20 14:00:00+05:30,8695.0,8699.5,8694.0,8699.5,6125,0.0,0.0,APOLLOHOSP.NS
2026-08-20 14:15:00+05:30,8699.5,8700.0,8691.5,8695.0,7106,0.0,0.0,APOLLOHOSP.NS
2026-08-20 14:30:00+05:30,8694.5,8695.0,8685.5,8690.5,8508,0.0,0.0,APOLLOHOSP.NS
2026-08-20 14:45:00+05:30,8690.0,8694.0,8688.0,8693.5,11841,0.0,0.0,APOLLOHOSP.NS
2026-08-20 15:00:00+05:30,8690.5,8735.0,8680.0,8735.0,49893,0.0,0.0,APOLLOHOSP.NS
2026-08-21 09:15:00+05:30,8724.5,8743.0,8657.5,8662.0,8563,0.0,0.0,APOLLOHOSP.NS
2026-08-21 09:30:00+05:30,8663.0,8671.5,8650.0,8660.0,9664,0.0,0.0,APOLLOHOSP.NS
2026-08-21 09:45:00+05:30,8661.0,8673.5,8656.5,8661.5,3984,0.0,0.0,APOLLOHOSP.NS
2026-08-21 10:00:00+05:30,8663.5,8690.0,8663.5,8690.0,4003,0.0,0.0,APOLLOHOSP.NS
2026-08-21 10:15:00+05:30,8690.5,8693.0,8677.5,8681.0,4297,0.0,0.0,APOLLOHOSP.NS
2026-08-21 10:30:00+05:30,8680.5,8681.5,8670.5,8675.0,8433,0.0,0.0,APOLLOHOSP.NS
2026-08-21 10:45:00+05:30,8675.0,8689.5,8672.0,8675.5,5615,0.0,0.0,APOLLOHOSP.NS
2026-08-21 11:00:00+05:30,8678.5,8687.0,8671.0,8674.0,3831,0.0,0.0,APOLLOHOSP.NS
2026-08-21 11:15:00+05:30,8676.5,8687.0,8675.0,8682.5,2131,0.0,0.0,APOLLOHOSP.NS
2026-08-21 11:30:00+05:30,8679.0,8683.0,8660.5,8668.0,3178,0.0,0.0,APOLLOHOSP.NS
2026-08-21 11:45:00+05:30,8670.5,8671.5,8660.5,8661.0,2795,0.0,0.0,APOLLOHOSP.NS
2026-08-21 12:00:00+05:30,8661.0,8670.0,8661.0,8669.5,3531,0.0,0.0,APOLLOHOSP.NS
2026-08-21 12:15:00+05:30,8670.0,8671.0,8660.0,8663.0,5933,0.0,0.0,APOLLOHOSP.NS
2026-08-21 12:30:00+05:30,8663.0,8670.0,8663.0,8667.0,1943,0.0,0.0,APOLLOHOSP.NS
2026-08-21 12:45:00+05:30,8668.0,8670.0,8662.0,8669.0,2341,0.0,0.0,APOLLOHOSP.NS
2026-08-21 13:00:00+05:30,8670.0,8670.5,8664.5,8665.0,5166,0.0,0.0,APOLLOHOSP.NS
2026-08-21 13:15:00+05:30,8665.0,8669.5,8656.5,8657.5,2428,0.0,0.0,APOLLOHOSP.NS
2026-08-21 13:30:00+05:30,8663.5,8663.5,8650.5,8652.0,4187,0.0,0.0,APOLLOHOSP.NS
2026-08-21 13:45:00+05:30,8651.5,8658.0,8650.5,8655.0,5793,0.0,0.0,APOLLOHOSP.NS
2026-08-21 14:00:00+05:30,8658.0,8662.0,8652.0,8662.0,4645,0.0,0.0,APOLLOHOSP.NS
2026-08-21 14:15:00+05:30,8662.0,8666.0,8652.0,8660.0,5919,0.0,0.0,APOLLOHOSP.NS
2026-08-21 14:30:00+05:30,8662.0,8662.0,8652.5,8654.5,18413,0.0,0.0,APOLLOHOSP.NS
2026-08-21 14:45:00+05:30,8654.0,8667.0,8653.5,8655.0,12320,0.0,0.0,APOLLOHOSP.NS
2026-08-21 15:00:00+05:30,8655.0,8659.0,8646.0,8648.0,33521,0.0,0.0,APOLLOHOSP.NS
2026-08-21 15:15:00+05:30,8648.0,8693.0,8648.0,8693.0,6471,0.0,0.0,APOLLOHOSP.NS
