Datetime,Open,High,Low,Close,Volume,Dividends,Stock Splits,Symbol
2025-11-20 09:15:00+05:30,1012.9000244140624,1014.0,1006.1500244140624,1011.9500122070312,56034,0.0,0.0,ADANIENSOL.NS
2025-11-20 09:30:00+05:30,1012.2999877929688,1012.8499755859376,1001.0,1002.0499877929688,88912,0.0,0.0,ADANIENSOL.NS
2025-11-20 09:45:00+05:30,1002.0499877929688,1005.0999755859376,1000.1500244140624,1000.9000244140624,44582,0.0,0.0,ADANIENSOL.NS
2025-11-20 10:00:00+05:30,1000.9000244140624,1004.2999877929688,1000.5,1003.4500122070312,24022,0.0,0.0,ADANIENSOL.NS
2025-11-20 10:15:00+05:30,1002.5,1003.5,1001.0,1002.9000244140624,22910,0.0,0.0,ADANIENSOL.NS
2025-11-20 10:30:00+05:30,1002.9500122070312,1003.0,1000.8499755859376,1001.5,25041,0.0,0.0,ADANIENSOL.NS
2025-11-20 10:45:00+05:30,1001.9000244140624,1002.5,998.8499755859376,998.8499755859376,32895,0.0,0.0,ADANIENSOL.NS
2025-11-20 11:00:00+05:30,998.7999877929688,1002.0,997.4500122070312,1000.0,35160,0.0,0.0,ADANIENSOL.NS
2025-11-20 11:15:00+05:30,1000.0499877929688,1001.9500122070312,999.0,1001.9500122070312,20537,0.0,0.0,ADANIENSOL.NS
2025-11-20 11:30:00+05:30,1001.4000244140624,1002.5,1000.7999877929688,1001.5999755859376,15458,0.0,0.0,ADANIENSOL.NS
2025-11-20 11:45:00+05:30,1001.5999755859376,1001.9000244140624,999.4000244140624,1001.25,14333,0.0,0.0,ADANIENSOL.NS
2025-11-20 12:00:00+05:30,1001.25,1002.0,1000.25,1001.5,8060,0.0,0.0,ADANIENSOL.NS
2025-11-20 12:15:00+05:30,1001.5,1004.0999755859376,1001.3499755859376,1003.0499877929688,13959,0.0,0.0,ADANIENSOL.NS
2025-11-20 12:30:00+05:30,1003.5,1003.5,1001.1500244140624,1001.75,11287,0.0,0.0,ADANIENSOL.NS
2025-11-20 12:45:00+05:30,1001.75,1002.4000244140624,1000.2000122070312,1000.75,16301,0.0,0.0,ADANIENSOL.NS
2025-11-20 13:00:00+05:30,1000.5,1002.0999755859376,1000.5,1000.7999877929688,13607,0.0,0.0,ADANIENSOL.NS
2025-11-20 13:15:00+05:30,1000.7999877929688,1001.5999755859376,1000.0,1001.5499877929688,8101,0.0,0.0,ADANIENSOL.NS
2025-11-20 13:30:00+05:30,1001.5499877929688,1002.0,1000.5499877929688,1001.1500244140624,10372,0.0,0.0,ADANIENSOL.NS
2025-11-20 13:45:00+05:30,1001.1500244140624,1003.0,1000.5499877929688,1001.0,23064,0.0,0.0,ADANIENSOL.NS
2025-11-20 14:00:00+05:30,1001.2000122070312,1001.7999877929688,999.2000122070312,1000.0,20374,0.0,0.0,ADANIENSOL.NS
2025-11-20 14:15:00+05:30,1000.0499877929688,1000.5,995.25,995.5999755859376,31781,0.0,0.0,ADANIENSOL.NS
2025-11-20 14:30:00+05:30,995.75,996.5999755859376,992.2999877929688,992.9500122070312,47454,0.0,0.0,ADANIENSOL.NS
2025-11-20 14:45:00+05:30,993.0,994.5,991.9000244140624,993.3499755859376,41062,0.0,0.0,ADANIENSOL.NS
2025-11-20 15:00:00+05:30,993.4000244140624,993.8499755859376,989.3499755859376,993.7000122070312,73553,0.0,0.0,ADANIENSOL.NS
2025-11-20 15:15:00+05:30,993.5999755859376,997.0,993.0499877929688,997.0,85167,0.0,0.0,ADANIENSOL.NS
2025-11-21 09:15:00+05:30,992.9500122070312,996.8499755859376,990.6500244140624,994.4500122070312,42502,0.0,0.0,ADANIENSOL.NS
2025-11-21 09:30:00+05:30,994.4500122070312,994.4500122070312,990.0499877929688,991.7999877929688,38827,0.0,0.0,ADANIENSOL.NS
2025-11-21 09:45:00+05:30,991.4500122070312,992.7999877929688,986.0499877929688,988.5,48878,0.0,0.0,ADANIENSOL.NS
2025-11-21 10:00:00+05:30,988.7000122070312,988.7000122070312,983.5,986.4500122070312,50132,0.0,0.0,ADANIENSOL.NS
2025-11-21 10:15:00+05:30,986.25,986.7999877929688,983.5999755859376,984.7999877929688,24844,0.0,0.0,ADANIENSOL.NS
2025-11-21 10:30:00+05:30,984.7999877929688,985.0499877929688,983.0,983.9000244140624,22224,0.0,0.0,ADANIENSOL.NS
2025-11-21 10:45:00+05:30,983.9000244140624,984.25,979.0,981.9500122070312,68160,0.0,0.0,ADANIENSOL.NS
2025-11-21 11:00:00+05:30,981.9500122070312,982.2000122070312,977.2000122070312,979.2999877929688,21683,0.0,0.0,ADANIENSOL.NS
2025-11-21 11:15:00+05:30,979.2999877929688,980.0499877929688,976.0,977.7999877929688,22431,0.0,0.0,ADANIENSOL.NS
2025-11-21 11:30:00+05:30,977.9500122070312,978.0,976.1500244140624,977.0,17834,0.0,0.0,ADANIENSOL.NS
2025-11-21 11:45:00+05:30,977.0,981.0,976.6500244140624,980.0499877929688,29763,0.0,0.0,ADANIENSOL.NS
2025-11-21 12:00:00+05:30,979.6500244140624,983.5,978.9000244140624,983.4000244140624,26756,0.0,0.0,ADANIENSOL.NS
2025-11-21 12:15:00+05:30,983.4000244140624,984.3499755859376,982.0499877929688,984.2999877929688,14995,0.0,0.0,ADANIENSOL.NS
2025-11-21 12:30:00+05:30,984.2999877929688,984.7999877929688,982.8499755859376,983.7999877929688,12996,0.0,0.0,ADANIENSOL.NS
2025-11-21 12:45:00+05:30,983.7999877929688,986.5499877929688,983.0999755859376,984.9000244140624,22001,0.0,0.0,ADANIENSOL.NS
2025-11-21 13:00:00+05:30,984.9500122070312,985.0,980.9500122070312,980.9500122070312,18693,0.0,0.0,ADANIENSOL.NS
2025-11-21 13:15:00+05:30,980.9500122070312,981.75,978.9500122070312,979.5499877929688,13100,0.0,0.0,ADANIENSOL.NS
2025-11-21 13:30:00+05:30,979.5499877929688,979.5499877929688,977.7999877929688,978.2000122070312,11763,0.0,0.0,ADANIENSOL.NS
2025-11-21 13:45:00+05:30,978.1500244140624,982.5,977.9000244140624,981.2999877929688,15779,0.0,0.0,ADANIENSOL.NS
2025-11-21 14:00:00+05:30,981.2999877929688,983.0999755859376,980.3499755859376,981.3499755859376,18807,0.0,0.0,ADANIENSOL.NS
2025-11-21 14:15:00+05:30,981.4000244140624,982.0,980.0499877929688,981.0,15248,0.0,0.0,ADANIENSOL.NS
2025-11-21 14:30:00+05:30,981.0,981.0,977.2000122070312,977.25,25363,0.0,0.0,ADANIENSOL.NS
2025-11-21 14:45:00+05:30,977.25,977.7000122070312,973.3499755859376,973.5999755859376,38725,0.0,0.0,ADANIENSOL.NS
2025-11-21 15:00:00+05:30,973.2999877929688,977.0,973.1500244140624,974.7999877929688,70498,0.0,0.0,ADANIENSOL.NS
2025-11-21 15:15:00+05:30,974.8499755859376,976.0999755859376,973.0999755859376,974.5,88349,0.0,0.0,ADANIENSOL.NS
2025-11-24 09:15:00+05:30,974.7999877929688,977.1500244140624,971.0999755859376,976.0,21000,0.0,0.0,ADANIENSOL.NS
2025-11-24 09:30:00+05:30,977.5,977.7000122070312,972.0999755859376,974.3499755859376,31714,0.0,0.0,ADANIENSOL.NS
2025-11-24 09:45:00+05:30,974.7000122070312,976.4500122070312,972.8499755859376,974.75,13791,0.0,0.0,ADANIENSOL.NS
2025-11-24 10:00:00+05:30,974.75,983.9000244140624,974.75,983.1500244140624,47110,0.0,0.0,ADANIENSOL.NS
2025-11-24 10:15:00+05:30,983.0,983.0499877929688,977.8499755859376,977.8499755859376,21229,0.0,0.0,ADANIENSOL.NS
2025-11-24 10:30:00+05:30,977.5,979.0,975.5,975.6500244140624,16444,0.0,0.0,ADANIENSOL.NS
2025-11-24 10:45:00+05:30,975.2000122070312,977.4000244140624,975.0499877929688,976.75,10187,0.0,0.0,ADANIENSOL.NS
2025-11-24 11:00:00+05:30,976.7000122070312,976.75,974.2999877929688,975.75,12004,0.0,0.0,ADANIENSOL.NS
2025-11-24 11:15:00+05:30,976.0999755859376,977.8499755859376,974.2000122070312,977.7999877929688,13031,0.0,0.0,ADANIENSOL.NS
2025-11-24 11:30:00+05:30,977.4000244140624,977.4500122070312,974.0999755859376,975.25,10175,0.0,0.0,ADANIENSOL.NS
2025-11-24 11:45:00+05:30,975.25,975.5,973.0,973.5,10072,0.0,0.0,ADANIENSOL.NS
2025-11-24 12:00:00+05:30,973.75,975.7000122070312,973.75,975.4500122070312,4411,0.0,0.0,ADANIENSOL.NS
2025-11-24 12:15:00+05:30,975.4500122070312,975.5999755859376,974.0999755859376,974.5,6613,0.0,0.0,ADANIENSOL.NS
2025-11-24 12:30:00+05:30,974.7999877929688,979.0,973.0499877929688,977.7000122070312,13828,0.0,0.0,ADANIENSOL.NS
2025-11-24 12:45:00+05:30,977.4500122070312,978.5,976.25,976.7999877929688,10834,0.0,0.0,ADANIENSOL.NS
2025-11-24 13:00:00+05:30,976.7999877929688,978.2999877929688,976.4000244140624,977.0,11150,0.0,0.0,ADANIENSOL.NS
2025-11-24 13:15:00+05:30,977.0,979.8499755859376,977.0,979.3499755859376,13608,0.0,0.0,ADANIENSOL.NS
2025-11-24 13:30:00+05:30,979.3499755859376,980.5,978.8499755859376,979.5999755859376,14352,0.0,0.0,ADANIENSOL.NS
2025-11-24 13:45:00+05:30,979.5999755859376,981.75,979.0499877929688,981.4000244140624,19189,0.0,0.0,ADANIENSOL.NS
2025-11-24 14:00:00+05:30,981.0999755859376,981.25,976.7000122070312,978.25,16657,0.0,0.0,ADANIENSOL.NS
2025-11-24 14:15:00+05:30,978.25,978.25,972.4500122070312,974.0,92841,0.0,0.0,ADANIENSOL.NS
2025-11-24 14:30:00+05:30,974.0,974.4000244140624,968.25,969.0,89405,0.0,0.0,ADANIENSOL.NS
2025-11-24 14:45:00+05:30,969.0,971.7000122070312,968.75,970.5999755859376,21601,0.0,0.0,ADANIENSOL.NS
2025-11-24 15:00:00+05:30,970.4000244140624,971.9500122070312,968.0,971.8499755859376,147617,0.0,0.0,ADANIENSOL.NS
2025-11-24 15:15:00+05:30,971.6500244140624,972.3499755859376,968.0,968.0,75386,0.0,0.0,ADANIENSOL.NS
2025-11-25 09:15:00+05:30,970.1500244140624,973.9500122070312,968.7999877929688,970.75,40759,0.0,0.0,ADANIENSOL.NS
2025-11-25 09:30:00+05:30,970.75,970.75,966.7000122070312,968.2999877929688,26931,0.0,0.0,ADANIENSOL.NS
2025-11-25 09:45:00+05:30,968.0,970.7000122070312,967.5999755859376,970.0,18157,0.0,0.0,ADANIENSOL.NS
2025-11-25 10:00:00+05:30,970.4000244140624,974.7999877929688,970.0,974.0,30003,0.0,0.0,ADANIENSOL.NS
2025-11-25 10:15:00+05:30,974.0999755859376,975.5,972.5,974.7999877929688,31395,0.0,0.0,ADANIENSOL.NS
2025-11-25 10:30:00+05:30,974.6500244140624,975.9500122070312,973.3499755859376,974.5,13972,0.0,0.0,ADANIENSOL.NS
2025-11-25 10:45:00+05:30,974.5,975.0,971.5999755859376,972.7999877929688,23945,0.0,0.0,ADANIENSOL.NS
2025-11-25 11:00:00+05:30,972.5999755859376,974.0,970.9000244140624,972.5,20912,0.0,0.0,ADANIENSOL.NS
2025-11-25 11:15:00+05:30,972.2000122070312,976.9000244140624,972.0,976.2999877929688,18818,0.0,0.0,ADANIENSOL.NS
2025-11-25 11:30:00+05:30,976.2000122070312,976.2000122070312,974.9000244140624,975.0499877929688,8001,0.0,0.0,ADANIENSOL.NS
2025-11-25 11:45:00+05:30,975.0999755859376,975.5499877929688,974.0999755859376,974.9000244140624,5856,0.0,0.0,ADANIENSOL.NS
2025-11-25 12:00:00+05:30,974.7999877929688,974.7999877929688,971.5,971.75,6425,0.0,0.0,ADANIENSOL.NS
2025-11-25 12:15:00+05:30,971.75,972.1500244140624,970.4000244140624,970.9000244140624,10463,0.0,0.0,ADANIENSOL.NS
2025-11-25 12:30:00+05:30,970.8499755859376,972.2000122070312,970.25,972.0499877929688,5661,0.0,0.0,ADANIENSOL.NS
2025-11-25 12:45:00+05:30,972.0499877929688,972.9500122070312,970.7999877929688,971.6500244140624,7115,0.0,0.0,ADANIENSOL.NS
2025-11-25 13:00:00+05:30,971.1500244140624,971.2999877929688,967.5,969.0499877929688,10308,0.0,0.0,ADANIENSOL.NS
2025-11-25 13:15:00+05:30,969.25,969.25,968.0,968.6500244140624,5066,0.0,0.0,ADANIENSOL.NS
2025-11-25 13:30:00+05:30,968.7999877929688,968.7999877929688,965.75,966.2999877929688,12443,0.0,0.0,ADANIENSOL.NS
2025-11-25 13:45:00+05:30,966.2999877929688,967.9000244140624,966.0,967.9000244140624,7323,0.0,0.0,ADANIENSOL.NS
2025-11-25 14:00:00+05:30,968.0499877929688,969.9500122070312,967.5999755859376,969.7999877929688,9415,0.0,0.0,ADANIENSOL.NS
2025-11-25 14:15:00+05:30,969.7999877929688,969.9500122070312,968.0999755859376,969.0,12816,0.0,0.0,ADANIENSOL.NS
2025-11-25 14:30:00+05:30,968.6500244140624,968.9500122070312,966.3499755859376,967.2999877929688,8709,0.0,0.0,ADANIENSOL.NS
2025-11-25 14:45:00+05:30,967.2999877929688,968.0499877929688,966.0,967.5499877929688,18923,0.0,0.0,ADANIENSOL.NS
2025-11-25 15:00:00+05:30,967.6500244140624,973.0,967.5499877929688,972.7000122070312,41834,0.0,0.0,ADANIENSOL.NS
2025-11-25 15:15:00+05:30,972.75,976.0,968.0499877929688,975.4000244140624,78657,0.0,0.0,ADANIENSOL.NS
2025-11-26 09:15:00+05:30,976.0499877929688,988.0,974.7000122070312,987.2999877929688,22431,0.0,0.0,ADANIENSOL.NS
2025-11-26 09:30:00+05:30,987.0,990.5,986.5,989.0,36298,0.0,0.0,ADANIENSOL.NS
2025-11-26 09:45:00+05:30,989.0,996.25,989.0,995.5,125444,0.0,0.0,ADANIENSOL.NS
2025-11-26 10:00:00+05:30,995.2999877929688,996.9500122070312,994.5999755859376,996.5499877929688,31109,0.0,0.0,ADANIENSOL.NS
2025-11-26 10:15:00+05:30,996.2000122070312,998.0,992.0,992.4000244140624,69209,0.0,0.0,ADANIENSOL.NS
2025-11-26 10:30:00+05:30,993.4500122070312,995.5499877929688,992.25,993.4500122070312,23066,0.0,0.0,ADANIENSOL.NS
2025-11-26 10:45:00+05:30,993.4000244140624,993.9000244140624,990.0499877929688,991.1500244140624,28583,0.0,0.0,ADANIENSOL.NS
2025-11-26 11:00:00+05:30,991.1500244140624,992.9000244140624,990.1500244140624,990.5,13117,0.0,0.0,ADANIENSOL.NS
2025-11-26 11:15:00+05:30,990.5,993.0999755859376,990.4000244140624,991.0,15799,0.0,0.0,ADANIENSOL.NS
2025-11-26 11:30:00+05:30,991.0,992.7999877929688,990.0,990.4000244140624,12652,0.0,0.0,ADANIENSOL.NS
2025-11-26 11:45:00+05:30,990.4000244140624,991.3499755859376,989.7000122070312,990.9000244140624,8146,0.0,0.0,ADANIENSOL.NS
2025-11-26 12:00:00+05:30,990.9000244140624,992.7000122070312,990.9000244140624,991.75,5995,0.0,0.0,ADANIENSOL.NS
2025-11-26 12:15:00+05:30,991.5999755859376,992.0,989.5999755859376,990.4000244140624,5997,0.0,0.0,ADANIENSOL.NS
2025-11-26 12:30:00+05:30,990.3499755859376,990.9000244140624,989.5,990.8499755859376,5060,0.0,0.0,ADANIENSOL.NS
2025-11-26 12:45:00+05:30,990.5,991.5499877929688,990.0499877929688,991.0,4133,0.0,0.0,ADANIENSOL.NS
2025-11-26 13:00:00+05:30,991.0,992.7000122070312,990.0499877929688,990.9500122070312,7616,0.0,0.0,ADANIENSOL.NS
2025-11-26 13:15:00+05:30,990.4500122070312,991.0,989.7999877929688,990.0999755859376,7038,0.0,0.0,ADANIENSOL.NS
2025-11-26 13:30:00+05:30,989.5999755859376,990.0999755859376,988.9000244140624,990.0,5468,0.0,0.0,ADANIENSOL.NS
2025-11-26 13:45:00+05:30,990.0,991.0,989.4000244140624,989.5,6605,0.0,0.0,ADANIENSOL.NS
2025-11-26 14:00:00+05:30,989.5,991.75,989.5,991.0499877929688,13219,0.0,0.0,ADANIENSOL.NS
2025-11-26 14:15:00+05:30,991.0,991.9000244140624,990.5499877929688,990.5499877929688,4354,0.0,0.0,ADANIENSOL.NS
2025-11-26 14:30:00+05:30,990.0,992.2000122070312,988.2000122070312,991.7000122070312,24027,0.0,0.0,ADANIENSOL.NS
2025-11-26 14:45:00+05:30,992.0,992.1500244140624,987.5,989.7999877929688,42049,0.0,0.0,ADANIENSOL.NS
2025-11-26 15:00:00+05:30,989.5,992.6500244140624,989.5,991.5999755859376,27354,0.0,0.0,ADANIENSOL.NS
2025-11-26 15:15:00+05:30,991.9000244140624,994.0,990.0,994.0,65687,0.0,0.0,ADANIENSOL.NS
2025-11-27 09:15:00+05:30,992.0499877929688,993.2999877929688,982.0499877929688,982.7999877929688,51564,0.0,0.0,ADANIENSOL.NS
2025-11-27 09:30:00+05:30,982.0,983.5999755859376,980.0,981.25,66652,0.0,0.0,ADANIENSOL.NS
2025-11-27 09:45:00+05:30,981.5999755859376,983.7999877929688,980.0,980.0,40099,0.0,0.0,ADANIENSOL.NS
2025-11-27 10:00:00+05:30,980.0,980.0,974.0,975.7000122070312,61326,0.0,0.0,ADANIENSOL.NS
2025-11-27 10:15:00+05:30,975.9500122070312,987.5,974.9000244140624,986.2999877929688,82682,0.0,0.0,ADANIENSOL.NS
2025-11-27 10:30:00+05:30,986.0499877929688,989.75,985.0999755859376,987.1500244140624,42351,0.0,0.0,ADANIENSOL.NS
2025-11-27 10:45:00+05:30,987.5499877929688,989.0,986.2000122070312,988.4500122070312,24966,0.0,0.0,ADANIENSOL.NS
2025-11-27 11:00:00+05:30,988.4500122070312,989.7999877929688,987.6500244140624,989.1500244140624,26190,0.0,0.0,ADANIENSOL.NS
2025-11-27 11:15:00+05:30,989.1500244140624,989.5,987.5,988.75,17318,0.0,0.0,ADANIENSOL.NS
2025-11-27 11:30:00+05:30,988.7999877929688,989.1500244140624,987.75,988.5499877929688,12971,0.0,0.0,ADANIENSOL.NS
2025-11-27 11:45:00+05:30,988.7000122070312,989.5,983.6500244140624,987.1500244140624,41109,0.0,0.0,ADANIENSOL.NS
2025-11-27 12:00:00+05:30,987.0999755859376,987.8499755859376,986.2000122070312,986.2999877929688,10883,0.0,0.0,ADANIENSOL.NS
2025-11-27 12:15:00+05:30,986.2999877929688,987.75,985.4000244140624,987.5,11604,0.0,0.0,ADANIENSOL.NS
2025-11-27 12:30:00+05:30,987.4000244140624,989.0499877929688,986.5499877929688,988.8499755859376,17856,0.0,0.0,ADANIENSOL.NS
2025-11-27 12:45:00+05:30,989.0,989.9000244140624,988.0999755859376,989.0,11544,0.0,0.0,ADANIENSOL.NS
2025-11-27 13:00:00+05:30,989.0,989.1500244140624,985.7999877929688,986.0,12173,0.0,0.0,ADANIENSOL.NS
2025-11-27 13:15:00+05:30,986.0,986.8499755859376,984.4500122070312,986.0499877929688,15669,0.0,0.0,ADANIENSOL.NS
2025-11-27 13:30:00+05:30,986.0499877929688,987.5499877929688,984.5,986.8499755859376,12850,0.0,0.0,ADANIENSOL.NS
2025-11-27 13:45:00+05:30,986.8499755859376,987.4500122070312,984.0,985.5499877929688,26687,0.0,0.0,ADANIENSOL.NS
2025-11-27 14:00:00+05:30,985.5499877929688,986.0999755859376,983.0,983.5,30308,0.0,0.0,ADANIENSOL.NS
2025-11-27 14:15:00+05:30,983.3499755859376,986.0,982.8499755859376,983.8499755859376,22231,0.0,0.0,ADANIENSOL.NS
2025-11-27 14:30:00+05:30,983.7999877929688,985.0,982.2999877929688,983.25,19979,0.0,0.0,ADANIENSOL.NS
2025-11-27 14:45:00+05:30,983.25,984.0999755859376,981.0999755859376,982.4000244140624,35879,0.0,0.0,ADANIENSOL.NS
2025-11-27 15:00:00+05:30,981.8499755859376,987.0,981.8499755859376,984.5,46670,0.0,0.0,ADANIENSOL.NS
2025-11-27 15:15:00+05:30,984.5499877929688,986.0999755859376,981.0499877929688,984.3499755859376,68454,0.0,0.0,ADANIENSOL.NS
2025-11-28 09:15:00+05:30,987.25,987.25,978.25,983.8499755859376,16658,0.0,0.0,ADANIENSOL.NS
2025-11-28 09:30:00+05:30,983.8499755859376,992.0,983.5,991.4500122070312,49036,0.0,0.0,ADANIENSOL.NS
2025-11-28 09:45:00+05:30,991.6500244140624,1001.0,990.0999755859376,995.4000244140624,156348,0.0,0.0,ADANIENSOL.NS
2025-11-28 10:00:00+05:30,995.1500244140624,998.5999755859376,995.1500244140624,995.5,41228,0.0,0.0,ADANIENSOL.NS
2025-11-28 10:15:00+05:30,995.5999755859376,996.7999877929688,993.0499877929688,995.4000244140624,20453,0.0,0.0,ADANIENSOL.NS
2025-11-28 10:30:00+05:30,995.0999755859376,997.0,995.0,996.0499877929688,8542,0.0,0.0,ADANIENSOL.NS
2025-11-28 10:45:00+05:30,996.2999877929688,996.8499755859376,993.0499877929688,993.3499755859376,34657,0.0,0.0,ADANIENSOL.NS
2025-11-28 11:00:00+05:30,993.3499755859376,997.3499755859376,993.3499755859376,996.7999877929688,9398,0.0,0.0,ADANIENSOL.NS
2025-11-28 11:15:00+05:30,997.0,999.0,997.0,997.5,37237,0.0,0.0,ADANIENSOL.NS
2025-11-28 11:30:00+05:30,997.5,999.9500122070312,994.4000244140624,994.4000244140624,137575,0.0,0.0,ADANIENSOL.NS
2025-11-28 11:45:00+05:30,994.5499877929688,995.25,992.25,994.0,16626,0.0,0.0,ADANIENSOL.NS
2025-11-28 12:00:00+05:30,994.0,995.4500122070312,993.2999877929688,993.5,11365,0.0,0.0,ADANIENSOL.NS
2025-11-28 12:15:00+05:30,993.25,993.25,990.0999755859376,992.7000122070312,26887,0.0,0.0,ADANIENSOL.NS
2025-11-28 12:30:00+05:30,992.2000122070312,993.0,991.2999877929688,991.4000244140624,7085,0.0,0.0,ADANIENSOL.NS
2025-11-28 12:45:00+05:30,991.4000244140624,994.2999877929688,990.0,994.2999877929688,14964,0.0,0.0,ADANIENSOL.NS
2025-11-28 13:00:00+05:30,994.1500244140624,994.5499877929688,992.9500122070312,993.3499755859376,9641,0.0,0.0,ADANIENSOL.NS
2025-11-28 13:15:00+05:30,993.3499755859376,994.9000244140624,991.6500244140624,994.5,24697,0.0,0.0,ADANIENSOL.NS
2025-11-28 13:30:00+05:30,994.6500244140624,995.4000244140624,993.4500122070312,994.1500244140624,7285,0.0,0.0,ADANIENSOL.NS
2025-11-28 13:45:00+05:30,994.1500244140624,994.1500244140624,992.5499877929688,993.4500122070312,6919,0.0,0.0,ADANIENSOL.NS
2025-11-28 14:00:00+05:30,993.7999877929688,994.2000122070312,992.5,993.25,8630,0.0,0.0,ADANIENSOL.NS
2025-11-28 14:15:00+05:30,992.9500122070312,994.0,991.8499755859376,991.8499755859376,9301,0.0,0.0,ADANIENSOL.NS
2025-11-28 14:30:00+05:30,991.9000244140624,992.4000244140624,990.6500244140624,991.25,9454,0.0,0.0,ADANIENSOL.NS
2025-11-28 14:45:00+05:30,991.0999755859376,995.0499877929688,989.0999755859376,993.8499755859376,46691,0.0,0.0,ADANIENSOL.NS
2025-11-28 15:00:00+05:30,993.75,995.4500122070312,993.7000122070312,994.25,33852,0.0,0.0,ADANIENSOL.NS
2025-11-28 15:15:00+05:30,995.0,995.5,993.0499877929688,994.0,61524,0.0,0.0,ADANIENSOL.NS
2025-12-01 09:15:00+05:30,999.0,1003.7999877929688,995.0,999.0499877929688,82488,0.0,0.0,ADANIENSOL.NS
2025-12-01 09:30:00+05:30,999.0,999.2000122070312,994.2000122070312,996.2000122070312,90400,0.0,0.0,ADANIENSOL.NS
2025-12-01 09:45:00+05:30,996.25,997.5,991.5999755859376,994.4000244140624,45832,0.0,0.0,ADANIENSOL.NS
2025-12-01 10:00:00+05:30,994.4000244140624,996.7999877929688,994.1500244140624,996.2999877929688,30796,0.0,0.0,ADANIENSOL.NS
2025-12-01 10:15:00+05:30,995.9000244140624,997.6500244140624,995.8499755859376,997.0999755859376,23862,0.0,0.0,ADANIENSOL.NS
2025-12-01 10:30:00+05:30,997.5999755859376,1002.1500244140624,995.6500244140624,1001.5499877929688,43875,0.0,0.0,ADANIENSOL.NS
2025-12-01 10:45:00+05:30,1001.4500122070312,1002.2000122070312,998.3499755859376,1000.7000122070312,35947,0.0,0.0,ADANIENSOL.NS
2025-12-01 11:00:00+05:30,1000.6500244140624,1001.5499877929688,997.8499755859376,999.0999755859376,27857,0.0,0.0,ADANIENSOL.NS
2025-12-01 11:15:00+05:30,999.5,1003.5499877929688,999.3499755859376,1002.5999755859376,19064,0.0,0.0,ADANIENSOL.NS
2025-12-01 11:30:00+05:30,1002.7999877929688,1007.2000122070312,998.5,998.9000244140624,109590,0.0,0.0,ADANIENSOL.NS
2025-12-01 11:45:00+05:30,998.5999755859376,1000.0,996.3499755859376,999.0,32836,0.0,0.0,ADANIENSOL.NS
2025-12-01 12:00:00+05:30,998.7000122070312,1000.0499877929688,996.2000122070312,997.0999755859376,29386,0.0,0.0,ADANIENSOL.NS
2025-12-01 12:15:00+05:30,997.75,999.4000244140624,995.1500244140624,998.5,31541,0.0,0.0,ADANIENSOL.NS
2025-12-01 12:30:00+05:30,998.0999755859376,999.0,996.2999877929688,998.4500122070312,30469,0.0,0.0,ADANIENSOL.NS
2025-12-01 12:45:00+05:30,998.7999877929688,1001.5499877929688,998.0,1001.5499877929688,32868,0.0,0.0,ADANIENSOL.NS
2025-12-01 13:00:00+05:30,1001.8499755859376,1004.5,999.7999877929688,1000.7000122070312,130790,0.0,0.0,ADANIENSOL.NS
2025-12-01 13:15:00+05:30,1000.2000122070312,1000.8499755859376,998.6500244140624,998.7000122070312,14521,0.0,0.0,ADANIENSOL.NS
2025-12-01 13:30:00+05:30,998.7000122070312,1000.0,996.0499877929688,999.5999755859376,294339,0.0,0.0,ADANIENSOL.NS
2025-12-01 13:45:00+05:30,999.1500244140624,1000.0,997.5,997.5,23476,0.0,0.0,ADANIENSOL.NS
2025-12-01 14:00:00+05:30,997.5,999.5,996.2999877929688,998.9000244140624,15652,0.0,0.0,ADANIENSOL.NS
2025-12-01 14:15:00+05:30,998.9500122070312,1003.8499755859376,998.7999877929688,1002.8499755859376,28609,0.0,0.0,ADANIENSOL.NS
2025-12-01 14:30:00+05:30,1003.4500122070312,1003.5,998.1500244140624,998.7000122070312,30787,0.0,0.0,ADANIENSOL.NS
2025-12-01 14:45:00+05:30,998.2999877929688,999.3499755859376,995.2000122070312,996.5499877929688,31870,0.0,0.0,ADANIENSOL.NS
2025-12-01 15:00:00+05:30,996.9000244140624,1001.0,996.9000244140624,1000.0499877929688,32813,0.0,0.0,ADANIENSOL.NS
2025-12-01 15:15:00+05:30,1000.1500244140624,1002.4500122070312,997.7000122070312,998.5999755859376,148790,0.0,0.0,ADANIENSOL.NS
2025-12-02 09:15:00+05:30,996.5499877929688,1007.8499755859376,996.5499877929688,1001.1500244140624,84482,0.0,0.0,ADANIENSOL.NS
2025-12-02 09:30:00+05:30,1001.0,1004.0999755859376,999.1500244140624,999.1500244140624,62793,0.0,0.0,ADANIENSOL.NS
2025-12-02 09:45:00+05:30,999.5999755859376,1001.0,999.2000122070312,1000.5999755859376,17142,0.0,0.0,ADANIENSOL.NS
2025-12-02 10:00:00+05:30,1000.5999755859376,1006.0,998.0999755859376,998.0999755859376,180159,0.0,0.0,ADANIENSOL.NS
2025-12-02 10:15:00+05:30,998.0,1000.0,995.4000244140624,1000.0,345590,0.0,0.0,ADANIENSOL.NS
2025-12-02 10:30:00+05:30,1000.0,1002.0,999.25,1000.1500244140624,145276,0.0,0.0,ADANIENSOL.NS
2025-12-02 10:45:00+05:30,1000.0,1001.8499755859376,999.2000122070312,1001.8499755859376,9713,0.0,0.0,ADANIENSOL.NS
2025-12-02 11:00:00+05:30,1001.7999877929688,1001.9500122070312,998.4500122070312,998.4500122070312,11372,0.0,0.0,ADANIENSOL.NS
2025-12-02 11:15:00+05:30,998.6500244140624,1000.0,996.3499755859376,997.5999755859376,8685,0.0,0.0,ADANIENSOL.NS
2025-12-02 11:30:00+05:30,997.8499755859376,999.0,996.0999755859376,996.9000244140624,61201,0.0,0.0,ADANIENSOL.NS
2025-12-02 11:45:00+05:30,996.9000244140624,999.3499755859376,993.3499755859376,994.5,40942,0.0,0.0,ADANIENSOL.NS
2025-12-02 12:00:00+05:30,994.2999877929688,994.2999877929688,992.25,992.7999877929688,14014,0.0,0.0,ADANIENSOL.NS
2025-12-02 12:15:00+05:30,993.1500244140624,993.2000122070312,991.0,992.4000244140624,15127,0.0,0.0,ADANIENSOL.NS
2025-12-02 12:30:00+05:30,992.8499755859376,992.8499755859376,990.3499755859376,990.4500122070312,14321,0.0,0.0,ADANIENSOL.NS
2025-12-02 12:45:00+05:30,990.3499755859376,990.4500122070312,987.5499877929688,989.0499877929688,15415,0.0,0.0,ADANIENSOL.NS
2025-12-02 13:00:00+05:30,989.0499877929688,989.6500244140624,986.5,987.4500122070312,15537,0.0,0.0,ADANIENSOL.NS
2025-12-02 13:15:00+05:30,987.4000244140624,988.0999755859376,983.5999755859376,983.5999755859376,11116,0.0,0.0,ADANIENSOL.NS
2025-12-02 13:30:00+05:30,983.5999755859376,984.5999755859376,982.2000122070312,984.0999755859376,17108,0.0,0.0,ADANIENSOL.NS
2025-12-02 13:45:00+05:30,984.0999755859376,985.5,982.6500244140624,983.5499877929688,11868,0.0,0.0,ADANIENSOL.NS
2025-12-02 14:00:00+05:30,983.5499877929688,983.5499877929688,978.1500244140624,979.5499877929688,49539,0.0,0.0,ADANIENSOL.NS
2025-12-02 14:15:00+05:30,979.4500122070312,980.2000122070312,976.8499755859376,978.75,22050,0.0,0.0,ADANIENSOL.NS
2025-12-02 14:30:00+05:30,978.3499755859376,979.1500244140624,974.9000244140624,976.6500244140624,31899,0.0,0.0,ADANIENSOL.NS
2025-12-02 14:45:00+05:30,976.2000122070312,978.2000122070312,975.5999755859376,977.0499877929688,19903,0.0,0.0,ADANIENSOL.NS
2025-12-02 15:00:00+05:30,977.8499755859376,979.5,976.5,979.5,114404,0.0,0.0,ADANIENSOL.NS
2025-12-02 15:15:00+05:30,979.2000122070312,980.0,975.0,976.2999877929688,125593,0.0,0.0,ADANIENSOL.NS
2025-12-03 09:15:00+05:30,976.5999755859376,981.0,975.5499877929688,977.1500244140624,29608,0.0,0.0,ADANIENSOL.NS
2025-12-03 09:30:00+05:30,977.4000244140624,979.0,975.25,976.2000122070312,32666,0.0,0.0,ADANIENSOL.NS
2025-12-03 09:45:00+05:30,976.2000122070312,981.7999877929688,975.0499877929688,980.3499755859376,31436,0.0,0.0,ADANIENSOL.NS
2025-12-03 10:00:00+05:30,980.3499755859376,980.6500244140624,975.6500244140624,975.8499755859376,142048,0.0,0.0,ADANIENSOL.NS
2025-12-03 10:15:00+05:30,975.5999755859376,976.6500244140624,973.9000244140624,974.3499755859376,22944,0.0,0.0,ADANIENSOL.NS
2025-12-03 10:30:00+05:30,974.0,975.25,971.75,972.3499755859376,17694,0.0,0.0,ADANIENSOL.NS
2025-12-03 10:45:00+05:30,972.0999755859376,973.3499755859376,971.2000122070312,972.2000122070312,17677,0.0,0.0,ADANIENSOL.NS
2025-12-03 11:00:00+05:30,972.2000122070312,974.2999877929688,971.0499877929688,972.1500244140624,10732,0.0,0.0,ADANIENSOL.NS
2025-12-03 11:15:00+05:30,972.0999755859376,972.7000122070312,969.9500122070312,972.5499877929688,21049,0.0,0.0,ADANIENSOL.NS
2025-12-03 11:30:00+05:30,972.5499877929688,974.9500122070312,972.0,974.6500244140624,9951,0.0,0.0,ADANIENSOL.NS
2025-12-03 11:45:00+05:30,974.6500244140624,975.4500122070312,973.0499877929688,974.0,15305,0.0,0.0,ADANIENSOL.NS
2025-12-03 12:00:00+05:30,974.0,979.0,973.2999877929688,977.9000244140624,16572,0.0,0.0,ADANIENSOL.NS
2025-12-03 12:15:00+05:30,978.0999755859376,978.7000122070312,976.2000122070312,977.4500122070312,15372,0.0,0.0,ADANIENSOL.NS
2025-12-03 12:30:00+05:30,977.5,977.8499755859376,974.8499755859376,976.8499755859376,9621,0.0,0.0,ADANIENSOL.NS
2025-12-03 12:45:00+05:30,976.5999755859376,977.0499877929688,975.5499877929688,976.5,5093,0.0,0.0,ADANIENSOL.NS
2025-12-03 13:00:00+05:30,976.5499877929688,976.8499755859376,975.0999755859376,976.5,6550,0.0,0.0,ADANIENSOL.NS
2025-12-03 13:15:00+05:30,976.5,976.9000244140624,974.5,975.5999755859376,10943,0.0,0.0,ADANIENSOL.NS
2025-12-03 13:30:00+05:30,975.8499755859376,975.8499755859376,973.0999755859376,974.2999877929688,13619,0.0,0.0,ADANIENSOL.NS
2025-12-03 13:45:00+05:30,974.4000244140624,974.7999877929688,971.9500122070312,973.4500122070312,13856,0.0,0.0,ADANIENSOL.NS
2025-12-03 14:00:00+05:30,973.2999877929688,974.0,971.0,974.0,13410,0.0,0.0,ADANIENSOL.NS
2025-12-03 14:15:00+05:30,974.0,974.0,967.0499877929688,967.7999877929688,42606,0.0,0.0,ADANIENSOL.NS
2025-12-03 14:30:00+05:30,967.75,968.2000122070312,965.1500244140624,966.5999755859376,26087,0.0,0.0,ADANIENSOL.NS
2025-12-03 14:45:00+05:30,966.25,967.2000122070312,961.2999877929688,963.5,74566,0.0,0.0,ADANIENSOL.NS
2025-12-03 15:00:00+05:30,964.6500244140624,971.0,964.6500244140624,971.0,62267,0.0,0.0,ADANIENSOL.NS
2025-12-03 15:15:00+05:30,971.0,972.5499877929688,968.0999755859376,969.5,70654,0.0,0.0,ADANIENSOL.NS
2025-12-04 09:15:00+05:30,971.8499755859376,974.0,966.5999755859376,969.9000244140624,38919,0.0,0.0,ADANIENSOL.NS
2025-12-04 09:30:00+05:30,970.0,972.0999755859376,967.7999877929688,970.3499755859376,28849,0.0,0.0,ADANIENSOL.NS
2025-12-04 09:45:00+05:30,970.2000122070312,971.0,967.5499877929688,969.4000244140624,25085,0.0,0.0,ADANIENSOL.NS
2025-12-04 10:00:00+05:30,969.5499877929688,972.75,969.0,971.0999755859376,21725,0.0,0.0,ADANIENSOL.NS
2025-12-04 10:15:00+05:30,971.2000122070312,974.4500122070312,970.0499877929688,974.4500122070312,22219,0.0,0.0,ADANIENSOL.NS
2025-12-04 10:30:00+05:30,974.4500122070312,975.0,972.9000244140624,973.3499755859376,19551,0.0,0.0,ADANIENSOL.NS
2025-12-04 10:45:00+05:30,973.3499755859376,973.7999877929688,970.0,971.1500244140624,14332,0.0,0.0,ADANIENSOL.NS
2025-12-04 11:00:00+05:30,971.1500244140624,971.9000244140624,968.0499877929688,969.5999755859376,13743,0.0,0.0,ADANIENSOL.NS
2025-12-04 11:15:00+05:30,969.5999755859376,969.5999755859376,966.5,968.2999877929688,20096,0.0,0.0,ADANIENSOL.NS
2025-12-04 11:30:00+05:30,968.0499877929688,969.2000122070312,965.5999755859376,967.25,17591,0.0,0.0,ADANIENSOL.NS
2025-12-04 11:45:00+05:30,967.1500244140624,969.5999755859376,966.5499877929688,969.0499877929688,5838,0.0,0.0,ADANIENSOL.NS
2025-12-04 12:00:00+05:30,969.5,971.25,969.25,970.4000244140624,6045,0.0,0.0,ADANIENSOL.NS
2025-12-04 12:15:00+05:30,970.6500244140624,972.2000122070312,969.25,972.0999755859376,9815,0.0,0.0,ADANIENSOL.NS
2025-12-04 12:30:00+05:30,972.0,974.4500122070312,971.8499755859376,972.25,8722,0.0,0.0,ADANIENSOL.NS
2025-12-04 12:45:00+05:30,971.7000122070312,973.5,970.7999877929688,972.9500122070312,7104,0.0,0.0,ADANIENSOL.NS
2025-12-04 13:00:00+05:30,972.7999877929688,976.9000244140624,972.3499755859376,975.2000122070312,31159,0.0,0.0,ADANIENSOL.NS
2025-12-04 13:15:00+05:30,975.2999877929688,975.2999877929688,973.1500244140624,973.25,12250,0.0,0.0,ADANIENSOL.NS
2025-12-04 13:30:00+05:30,973.3499755859376,976.0,973.3499755859376,975.2999877929688,18567,0.0,0.0,ADANIENSOL.NS
2025-12-04 13:45:00+05:30,975.5,977.9500122070312,975.0499877929688,976.0,22636,0.0,0.0,ADANIENSOL.NS
2025-12-04 14:00:00+05:30,976.0999755859376,979.2000122070312,976.0,978.1500244140624,21692,0.0,0.0,ADANIENSOL.NS
2025-12-04 14:15:00+05:30,978.4000244140624,978.9500122070312,977.1500244140624,977.7000122070312,23454,0.0,0.0,ADANIENSOL.NS
2025-12-04 14:30:00+05:30,977.75,978.75,969.0,969.0,37934,0.0,0.0,ADANIENSOL.NS
2025-12-04 14:45:00+05:30,969.2000122070312,971.75,968.2000122070312,970.3499755859376,42332,0.0,0.0,ADANIENSOL.NS
2025-12-04 15:00:00+05:30,971.1500244140624,973.0,970.6500244140624,973.0,49633,0.0,0.0,ADANIENSOL.NS
2025-12-04 15:15:00+05:30,973.25,973.25,970.0,970.0,60154,0.0,0.0,ADANIENSOL.NS
2025-12-05 09:15:00+05:30,966.5499877929688,973.0,965.0999755859376,965.5999755859376,29395,0.0,0.0,ADANIENSOL.NS
2025-12-05 09:30:00+05:30,965.3499755859376,965.9500122070312,963.2000122070312,964.6500244140624,27699,0.0,0.0,ADANIENSOL.NS
2025-12-05 09:45:00+05:30,964.6500244140624,964.6500244140624,961.0999755859376,962.0,22597,0.0,0.0,ADANIENSOL.NS
2025-12-05 10:00:00+05:30,962.3499755859376,968.75,962.0999755859376,966.2000122070312,21672,0.0,0.0,ADANIENSOL.NS
2025-12-05 10:15:00+05:30,966.5499877929688,970.0,966.0999755859376,966.0999755859376,24314,0.0,0.0,ADANIENSOL.NS
2025-12-05 10:30:00+05:30,966.0,968.0,965.0499877929688,968.0,11107,0.0,0.0,ADANIENSOL.NS
2025-12-05 10:45:00+05:30,968.0,973.5499877929688,966.7000122070312,971.0,37371,0.0,0.0,ADANIENSOL.NS
2025-12-05 11:00:00+05:30,970.6500244140624,975.0,970.6500244140624,973.0,24051,0.0,0.0,ADANIENSOL.NS
2025-12-05 11:15:00+05:30,973.0,973.5,972.0499877929688,973.2000122070312,7813,0.0,0.0,ADANIENSOL.NS
2025-12-05 11:30:00+05:30,973.2000122070312,973.4500122070312,972.0,972.6500244140624,11611,0.0,0.0,ADANIENSOL.NS
2025-12-05 11:45:00+05:30,972.75,973.3499755859376,971.0,971.0,10264,0.0,0.0,ADANIENSOL.NS
2025-12-05 12:00:00+05:30,970.75,972.2000122070312,969.5,969.5,11878,0.0,0.0,ADANIENSOL.NS
2025-12-05 12:15:00+05:30,969.2000122070312,970.4000244140624,968.75,970.0,21502,0.0,0.0,ADANIENSOL.NS
2025-12-05 12:30:00+05:30,970.0,972.7000122070312,969.2000122070312,969.6500244140624,21080,0.0,0.0,ADANIENSOL.NS
2025-12-05 12:45:00+05:30,969.0,973.3499755859376,969.0,970.75,16058,0.0,0.0,ADANIENSOL.NS
2025-12-05 13:00:00+05:30,970.75,971.6500244140624,969.2000122070312,970.0,7701,0.0,0.0,ADANIENSOL.NS
2025-12-05 13:15:00+05:30,970.0499877929688,972.25,969.7999877929688,972.0,6392,0.0,0.0,ADANIENSOL.NS
2025-12-05 13:30:00+05:30,972.1500244140624,976.2999877929688,971.3499755859376,975.25,20096,0.0,0.0,ADANIENSOL.NS
2025-12-05 13:45:00+05:30,975.2999877929688,975.2999877929688,973.4500122070312,974.0,11469,0.0,0.0,ADANIENSOL.NS
2025-12-05 14:00:00+05:30,973.7999877929688,974.2999877929688,972.0,972.9000244140624,10454,0.0,0.0,ADANIENSOL.NS
2025-12-05 14:15:00+05:30,973.1500244140624,975.0499877929688,973.0999755859376,974.2000122070312,10629,0.0,0.0,ADANIENSOL.NS
2025-12-05 14:30:00+05:30,974.4500122070312,976.7000122070312,973.25,973.9000244140624,23953,0.0,0.0,ADANIENSOL.NS
2025-12-05 14:45:00+05:30,973.9000244140624,974.0499877929688,972.0,973.7999877929688,30221,0.0,0.0,ADANIENSOL.NS
2025-12-05 15:00:00+05:30,973.7999877929688,979.9000244140624,973.4000244140624,978.75,46420,0.0,0.0,ADANIENSOL.NS
2025-12-05 15:15:00+05:30,979.0,980.9000244140624,976.4500122070312,978.8499755859376,47255,0.0,0.0,ADANIENSOL.NS
2025-12-08 09:15:00+05:30,978.8499755859376,980.9000244140624,971.9500122070312,974.2000122070312,33268,0.0,0.0,ADANIENSOL.NS
2025-12-08 09:30:00+05:30,974.3499755859376,982.0,974.0,979.2000122070312,49902,0.0,0.0,ADANIENSOL.NS
2025-12-08 09:45:00+05:30,978.6500244140624,978.6500244140624,973.6500244140624,973.9000244140624,34483,0.0,0.0,ADANIENSOL.NS
2025-12-08 10:00:00+05:30,973.9500122070312,974.3499755859376,969.0999755859376,971.2999877929688,35778,0.0,0.0,ADANIENSOL.NS
2025-12-08 10:15:00+05:30,971.3499755859376,973.25,970.4500122070312,972.5,24711,0.0,0.0,ADANIENSOL.NS
2025-12-08 10:30:00+05:30,972.7999877929688,973.4500122070312,970.5499877929688,973.3499755859376,41516,0.0,0.0,ADANIENSOL.NS
2025-12-08 10:45:00+05:30,973.1500244140624,974.3499755859376,970.0999755859376,970.1500244140624,19178,0.0,0.0,ADANIENSOL.NS
2025-12-08 11:00:00+05:30,970.2000122070312,972.5499877929688,969.2000122070312,971.5499877929688,26624,0.0,0.0,ADANIENSOL.NS
2025-12-08 11:15:00+05:30,971.5999755859376,972.8499755859376,970.9500122070312,971.4000244140624,19448,0.0,0.0,ADANIENSOL.NS
2025-12-08 11:30:00+05:30,971.5,972.5,970.0,971.25,30835,0.0,0.0,ADANIENSOL.NS
2025-12-08 11:45:00+05:30,971.25,972.25,964.0,965.0999755859376,38339,0.0,0.0,ADANIENSOL.NS
2025-12-08 12:00:00+05:30,964.8499755859376,967.3499755859376,962.25,962.9000244140624,40390,0.0,0.0,ADANIENSOL.NS
2025-12-08 12:15:00+05:30,962.9500122070312,964.9000244140624,962.2000122070312,962.3499755859376,41124,0.0,0.0,ADANIENSOL.NS
2025-12-08 12:30:00+05:30,962.4000244140624,963.8499755859376,960.4500122070312,960.7000122070312,99275,0.0,0.0,ADANIENSOL.NS
2025-12-08 12:45:00+05:30,960.2999877929688,960.5,957.4000244140624,959.0,68315,0.0,0.0,ADANIENSOL.NS
2025-12-08 13:00:00+05:30,959.0,962.0,958.5,959.5999755859376,73332,0.0,0.0,ADANIENSOL.NS
2025-12-08 13:15:00+05:30,959.5999755859376,959.5999755859376,952.9500122070312,953.3499755859376,45754,0.0,0.0,ADANIENSOL.NS
2025-12-08 13:30:00+05:30,954.0,954.1500244140624,949.75,953.75,198283,0.0,0.0,ADANIENSOL.NS
2025-12-08 13:45:00+05:30,954.0,957.0999755859376,952.9500122070312,956.0,77212,0.0,0.0,ADANIENSOL.NS
2025-12-08 14:00:00+05:30,955.9000244140624,958.25,954.5999755859376,957.0999755859376,49736,0.0,0.0,ADANIENSOL.NS
2025-12-08 14:15:00+05:30,957.2000122070312,958.4000244140624,955.7000122070312,957.75,42737,0.0,0.0,ADANIENSOL.NS
2025-12-08 14:30:00+05:30,958.1500244140624,958.1500244140624,956.0999755859376,956.7000122070312,40434,0.0,0.0,ADANIENSOL.NS
2025-12-08 14:45:00+05:30,956.7000122070312,959.5499877929688,953.9500122070312,956.8499755859376,67588,0.0,0.0,ADANIENSOL.NS
2025-12-08 15:00:00+05:30,957.25,962.75,957.0999755859376,961.6500244140624,79498,0.0,0.0,ADANIENSOL.NS
2025-12-08 15:15:00+05:30,961.7000122070312,961.9500122070312,956.9000244140624,960.2999877929688,110110,0.0,0.0,ADANIENSOL.NS
2025-12-09 09:15:00+05:30,951.25,962.4000244140624,951.25,954.0499877929688,50371,0.0,0.0,ADANIENSOL.NS
2025-12-09 09:30:00+05:30,954.0499877929688,955.5999755859376,950.2000122070312,950.9000244140624,47745,0.0,0.0,ADANIENSOL.NS
2025-12-09 09:45:00+05:30,950.4500122070312,952.0499877929688,946.3499755859376,949.5499877929688,51185,0.0,0.0,ADANIENSOL.NS
2025-12-09 10:00:00+05:30,950.25,959.4500122070312,949.5,956.75,51377,0.0,0.0,ADANIENSOL.NS
2025-12-09 10:15:00+05:30,956.7999877929688,967.25,956.7999877929688,964.1500244140624,67794,0.0,0.0,ADANIENSOL.NS
2025-12-09 10:30:00+05:30,964.4500122070312,964.7000122070312,960.4000244140624,962.2000122070312,39321,0.0,0.0,ADANIENSOL.NS
2025-12-09 10:45:00+05:30,962.25,962.75,959.3499755859376,962.25,27651,0.0,0.0,ADANIENSOL.NS
2025-12-09 11:00:00+05:30,962.25,968.0,961.6500244140624,967.25,28743,0.0,0.0,ADANIENSOL.NS
2025-12-09 11:15:00+05:30,967.2999877929688,969.7000122070312,965.5499877929688,966.75,22047,0.0,0.0,ADANIENSOL.NS
2025-12-09 11:30:00+05:30,966.75,968.5,964.25,964.2999877929688,17743,0.0,0.0,ADANIENSOL.NS
2025-12-09 11:45:00+05:30,964.4000244140624,967.7000122070312,963.4500122070312,967.7000122070312,22937,0.0,0.0,ADANIENSOL.NS
2025-12-09 12:00:00+05:30,967.5,973.5,966.5,973.5,31566,0.0,0.0,ADANIENSOL.NS
2025-12-09 12:15:00+05:30,973.9000244140624,974.0,969.5499877929688,969.5999755859376,15201,0.0,0.0,ADANIENSOL.NS
2025-12-09 12:30:00+05:30,970.1500244140624,970.3499755859376,966.6500244140624,969.4500122070312,18258,0.0,0.0,ADANIENSOL.NS
2025-12-09 12:45:00+05:30,968.8499755859376,968.8499755859376,965.0,966.25,18584,0.0,0.0,ADANIENSOL.NS
2025-12-09 13:00:00+05:30,966.2000122070312,971.7000122070312,965.5999755859376,970.5499877929688,29855,0.0,0.0,ADANIENSOL.NS
2025-12-09 13:15:00+05:30,970.2000122070312,971.5999755859376,968.3499755859376,970.5999755859376,22148,0.0,0.0,ADANIENSOL.NS
2025-12-09 13:30:00+05:30,971.3499755859376,972.7999877929688,968.4000244140624,970.5499877929688,19751,0.0,0.0,ADANIENSOL.NS
2025-12-09 13:45:00+05:30,970.5499877929688,971.4500122070312,969.2999877929688,971.0,22754,0.0,0.0,ADANIENSOL.NS
2025-12-09 14:00:00+05:30,971.2999877929688,972.9500122070312,969.25,971.25,16587,0.0,0.0,ADANIENSOL.NS
2025-12-09 14:15:00+05:30,971.2000122070312,972.0999755859376,968.4000244140624,971.2000122070312,23059,0.0,0.0,ADANIENSOL.NS
2025-12-09 14:30:00+05:30,960.5,971.75,960.5,969.2999877929688,27235,0.0,0.0,ADANIENSOL.NS
2025-12-09 14:45:00+05:30,969.2000122070312,969.75,966.5499877929688,969.1500244140624,28708,0.0,0.0,ADANIENSOL.NS
2025-12-09 15:00:00+05:30,969.2000122070312,976.0,969.2000122070312,975.2000122070312,70942,0.0,0.0,ADANIENSOL.NS
2025-12-09 15:15:00+05:30,975.2000122070312,976.9000244140624,973.2000122070312,974.1500244140624,77679,0.0,0.0,ADANIENSOL.NS
2025-12-10 09:15:00+05:30,975.5999755859376,1001.0,975.5999755859376,1000.0,211842,0.0,0.0,ADANIENSOL.NS
2025-12-10 09:30:00+05:30,1000.2000122070312,1004.0,997.7999877929688,1000.4000244140624,182135,0.0,0.0,ADANIENSOL.NS
2025-12-10 09:45:00+05:30,1001.0,1001.8499755859376,996.2999877929688,997.2000122070312,110193,0.0,0.0,ADANIENSOL.NS
2025-12-10 10:00:00+05:30,997.2000122070312,998.5499877929688,994.0,996.4500122070312,75026,0.0,0.0,ADANIENSOL.NS
2025-12-10 10:15:00+05:30,997.5,1002.3499755859376,997.5,1001.5499877929688,95442,0.0,0.0,ADANIENSOL.NS
2025-12-10 10:30:00+05:30,1001.7999877929688,1002.5,998.0,998.0499877929688,99931,0.0,0.0,ADANIENSOL.NS
2025-12-10 10:45:00+05:30,998.0499877929688,998.0499877929688,990.5,991.75,100231,0.0,0.0,ADANIENSOL.NS
2025-12-10 11:00:00+05:30,991.75,993.4500122070312,990.1500244140624,992.8499755859376,52704,0.0,0.0,ADANIENSOL.NS
2025-12-10 11:15:00+05:30,992.75,996.2000122070312,992.4000244140624,993.4500122070312,37376,0.0,0.0,ADANIENSOL.NS
2025-12-10 11:30:00+05:30,993.0999755859376,995.9000244140624,992.5999755859376,993.9500122070312,32519,0.0,0.0,ADANIENSOL.NS
2025-12-10 11:45:00+05:30,993.6500244140624,994.9500122070312,991.7999877929688,993.3499755859376,32031,0.0,0.0,ADANIENSOL.NS
2025-12-10 12:00:00+05:30,993.6500244140624,996.5,992.6500244140624,995.0,31071,0.0,0.0,ADANIENSOL.NS
2025-12-10 12:15:00+05:30,994.5499877929688,995.25,990.5999755859376,991.0499877929688,37750,0.0,0.0,ADANIENSOL.NS
2025-12-10 12:30:00+05:30,991.2000122070312,991.4500122070312,987.4000244140624,988.7000122070312,42611,0.0,0.0,ADANIENSOL.NS
2025-12-10 12:45:00+05:30,988.3499755859376,990.9000244140624,988.2000122070312,990.0,31821,0.0,0.0,ADANIENSOL.NS
2025-12-10 13:00:00+05:30,990.0,990.7999877929688,987.0,988.8499755859376,38083,0.0,0.0,ADANIENSOL.NS
2025-12-10 13:15:00+05:30,989.2000122070312,993.0,988.7999877929688,992.5,19875,0.0,0.0,ADANIENSOL.NS
2025-12-10 13:30:00+05:30,992.5,993.9500122070312,990.5999755859376,991.0499877929688,27493,0.0,0.0,ADANIENSOL.NS
2025-12-10 13:45:00+05:30,991.1500244140624,991.8499755859376,989.4000244140624,989.9500122070312,26268,0.0,0.0,ADANIENSOL.NS
2025-12-10 14:00:00+05:30,990.3499755859376,991.2000122070312,986.9000244140624,987.4000244140624,34444,0.0,0.0,ADANIENSOL.NS
2025-12-10 14:15:00+05:30,986.9000244140624,988.3499755859376,983.3499755859376,984.1500244140624,50579,0.0,0.0,ADANIENSOL.NS
2025-12-10 14:30:00+05:30,984.4000244140624,988.4500122070312,983.5,984.0499877929688,38531,0.0,0.0,ADANIENSOL.NS
2025-12-10 14:45:00+05:30,984.5,985.9000244140624,982.3499755859376,984.25,47215,0.0,0.0,ADANIENSOL.NS
2025-12-10 15:00:00+05:30,984.5,987.2000122070312,981.9500122070312,982.4000244140624,130451,0.0,0.0,ADANIENSOL.NS
2025-12-10 15:15:00+05:30,982.9500122070312,984.0,978.8499755859376,982.5499877929688,119388,0.0,0.0,ADANIENSOL.NS
2025-12-11 09:15:00+05:30,985.0,991.0,980.0,990.9500122070312,82875,0.0,0.0,ADANIENSOL.NS
2025-12-11 09:30:00+05:30,991.0,992.0999755859376,983.5,984.6500244140624,89293,0.0,0.0,ADANIENSOL.NS
2025-12-11 09:45:00+05:30,984.75,993.0,983.8499755859376,990.0499877929688,73906,0.0,0.0,ADANIENSOL.NS
2025-12-11 10:00:00+05:30,990.2000122070312,995.75,988.6500244140624,994.2000122070312,72961,0.0,0.0,ADANIENSOL.NS
2025-12-11 10:15:00+05:30,994.3499755859376,996.1500244140624,992.0499877929688,995.0,57956,0.0,0.0,ADANIENSOL.NS
2025-12-11 10:30:00+05:30,995.0,998.0,994.75,998.0,45701,0.0,0.0,ADANIENSOL.NS
2025-12-11 10:45:00+05:30,998.0,1000.5999755859376,995.4500122070312,996.3499755859376,67383,0.0,0.0,ADANIENSOL.NS
2025-12-11 11:00:00+05:30,996.2000122070312,997.75,993.4000244140624,995.2999877929688,38239,0.0,0.0,ADANIENSOL.NS
2025-12-11 11:15:00+05:30,995.3499755859376,996.0499877929688,993.0499877929688,993.9000244140624,22559,0.0,0.0,ADANIENSOL.NS
2025-12-11 11:30:00+05:30,994.0,994.9500122070312,991.0499877929688,993.1500244140624,34275,0.0,0.0,ADANIENSOL.NS
2025-12-11 11:45:00+05:30,992.8499755859376,993.3499755859376,990.5,992.2000122070312,26959,0.0,0.0,ADANIENSOL.NS
2025-12-11 12:00:00+05:30,992.5,999.7999877929688,992.5,998.1500244140624,39790,0.0,0.0,ADANIENSOL.NS
2025-12-11 12:15:00+05:30,998.75,1000.5999755859376,995.8499755859376,995.8499755859376,46230,0.0,0.0,ADANIENSOL.NS
2025-12-11 12:30:00+05:30,996.2999877929688,998.7000122070312,995.3499755859376,998.0,16819,0.0,0.0,ADANIENSOL.NS
2025-12-11 12:45:00+05:30,997.9500122070312,1000.2999877929688,997.5499877929688,998.7000122070312,23736,0.0,0.0,ADANIENSOL.NS
2025-12-11 13:00:00+05:30,998.5,999.9000244140624,996.5499877929688,997.6500244140624,25704,0.0,0.0,ADANIENSOL.NS
2025-12-11 13:15:00+05:30,998.0,999.4000244140624,997.0,999.2999877929688,19257,0.0,0.0,ADANIENSOL.NS
2025-12-11 13:30:00+05:30,999.5,1002.0,997.3499755859376,1000.0,35848,0.0,0.0,ADANIENSOL.NS
2025-12-11 13:45:00+05:30,999.7000122070312,1005.0,999.7000122070312,1003.8499755859376,56605,0.0,0.0,ADANIENSOL.NS
2025-12-11 14:00:00+05:30,1003.8499755859376,1004.25,999.6500244140624,1000.4500122070312,44818,0.0,0.0,ADANIENSOL.NS
2025-12-11 14:15:00+05:30,1000.1500244140624,1002.0,999.0,1002.0,32040,0.0,0.0,ADANIENSOL.NS
2025-12-11 14:30:00+05:30,1002.0,1002.2999877929688,994.5,994.8499755859376,43917,0.0,0.0,ADANIENSOL.NS
2025-12-11 14:45:00+05:30,995.9000244140624,996.9500122070312,994.5,996.3499755859376,38613,0.0,0.0,ADANIENSOL.NS
2025-12-11 15:00:00+05:30,996.7999877929688,1002.0,996.7999877929688,1002.0,63653,0.0,0.0,ADANIENSOL.NS
2025-12-11 15:15:00+05:30,1001.9500122070312,1001.9500122070312,997.1500244140624,999.5999755859376,107040,0.0,0.0,ADANIENSOL.NS
2025-12-12 09:15:00+05:30,1000.0999755859376,1007.9000244140624,999.2000122070312,1000.9000244140624,91810,0.0,0.0,ADANIENSOL.NS
2025-12-12 09:30:00+05:30,999.9500122070312,1005.0999755859376,999.2000122070312,1005.0999755859376,724760,0.0,0.0,ADANIENSOL.NS
2025-12-12 09:45:00+05:30,1005.5999755859376,1011.9000244140624,1005.0999755859376,1008.4000244140624,173362,0.0,0.0,ADANIENSOL.NS
2025-12-12 10:00:00+05:30,1008.9000244140624,1011.9000244140624,1004.2999877929688,1005.9000244140624,92836,0.0,0.0,ADANIENSOL.NS
2025-12-12 10:15:00+05:30,1006.25,1010.9500122070312,1003.5,1006.1500244140624,93222,0.0,0.0,ADANIENSOL.NS
2025-12-12 10:30:00+05:30,1005.9000244140624,1007.5,1003.6500244140624,1004.9000244140624,36823,0.0,0.0,ADANIENSOL.NS
2025-12-12 10:45:00+05:30,1004.5,1004.7000122070312,1000.3499755859376,1001.5,26887,0.0,0.0,ADANIENSOL.NS
2025-12-12 11:00:00+05:30,1001.7000122070312,1004.2999877929688,1001.7000122070312,1002.75,21697,0.0,0.0,ADANIENSOL.NS
2025-12-12 11:15:00+05:30,1003.0999755859376,1007.0,1002.75,1006.0,18019,0.0,0.0,ADANIENSOL.NS
2025-12-12 11:30:00+05:30,1006.2000122070312,1006.6500244140624,1003.7000122070312,1003.9000244140624,15376,0.0,0.0,ADANIENSOL.NS
2025-12-12 11:45:00+05:30,1004.1500244140624,1006.75,1003.5499877929688,1005.8499755859376,12307,0.0,0.0,ADANIENSOL.NS
2025-12-12 12:00:00+05:30,1006.0,1006.2999877929688,1004.7000122070312,1004.7999877929688,11528,0.0,0.0,ADANIENSOL.NS
2025-12-12 12:15:00+05:30,1004.7000122070312,1006.5,1004.0999755859376,1005.6500244140624,10762,0.0,0.0,ADANIENSOL.NS
2025-12-12 12:30:00+05:30,1005.6500244140624,1006.9000244140624,1004.8499755859376,1006.5999755859376,15198,0.0,0.0,ADANIENSOL.NS
2025-12-12 12:45:00+05:30,1006.25,1008.4000244140624,1005.5999755859376,1008.0999755859376,38012,0.0,0.0,ADANIENSOL.NS
2025-12-12 13:00:00+05:30,1008.0499877929688,1014.5,1007.5,1013.2999877929688,140045,0.0,0.0,ADANIENSOL.NS
2025-12-12 13:15:00+05:30,1013.2999877929688,1013.4000244140624,1009.0,1009.3499755859376,47664,0.0,0.0,ADANIENSOL.NS
2025-12-12 13:30:00+05:30,1009.4500122070312,1011.0,1009.3499755859376,1010.75,12910,0.0,0.0,ADANIENSOL.NS
2025-12-12 13:45:00+05:30,1010.6500244140624,1012.0,1009.1500244140624,1009.4500122070312,36866,0.0,0.0,ADANIENSOL.NS
2025-12-12 14:00:00+05:30,1009.4500122070312,1013.0,1008.75,1011.9500122070312,93772,0.0,0.0,ADANIENSOL.NS
2025-12-12 14:15:00+05:30,1012.25,1014.2000122070312,1011.0,1013.7000122070312,37201,0.0,0.0,ADANIENSOL.NS
2025-12-12 14:30:00+05:30,1013.4500122070312,1016.3499755859376,1008.6500244140624,1009.4500122070312,63031,0.0,0.0,ADANIENSOL.NS
2025-12-12 14:45:00+05:30,1009.3499755859376,1013.7000122070312,1009.1500244140624,1012.0999755859376,37461,0.0,0.0,ADANIENSOL.NS
2025-12-12 15:00:00+05:30,1012.5999755859376,1013.9000244140624,1010.5499877929688,1012.6500244140624,65909,0.0,0.0,ADANIENSOL.NS
2025-12-12 15:15:00+05:30,1012.7000122070312,1013.0499877929688,1008.2000122070312,1008.2000122070312,139873,0.0,0.0,ADANIENSOL.NS
2025-12-15 09:15:00+05:30,1014.4000244140624,1020.0,1007.0999755859376,1017.1500244140624,64029,0.0,0.0,ADANIENSOL.NS
2025-12-15 09:30:00+05:30,1016.9500122070312,1018.5,1014.0999755859376,1015.2000122070312,72751,0.0,0.0,ADANIENSOL.NS
2025-12-15 09:45:00+05:30,1014.9500122070312,1014.9500122070312,1011.2999877929688,1012.5999755859376,34032,0.0,0.0,ADANIENSOL.NS
2025-12-15 10:00:00+05:30,1011.5999755859376,1014.4000244140624,1011.5499877929688,1013.25,28090,0.0,0.0,ADANIENSOL.NS
2025-12-15 10:15:00+05:30,1013.25,1017.2999877929688,1011.7000122070312,1015.7999877929688,39851,0.0,0.0,ADANIENSOL.NS
2025-12-15 10:30:00+05:30,1015.7000122070312,1015.8499755859376,1011.5999755859376,1013.9500122070312,35050,0.0,0.0,ADANIENSOL.NS
2025-12-15 10:45:00+05:30,1013.9500122070312,1015.7999877929688,1013.5,1015.5999755859376,13855,0.0,0.0,ADANIENSOL.NS
2025-12-15 11:00:00+05:30,1015.7999877929688,1017.7000122070312,1015.7000122070312,1017.25,20448,0.0,0.0,ADANIENSOL.NS
2025-12-15 11:15:00+05:30,1017.5999755859376,1018.0,1015.3499755859376,1016.5,16085,0.0,0.0,ADANIENSOL.NS
2025-12-15 11:30:00+05:30,1016.8499755859376,1016.9000244140624,1013.5999755859376,1015.8499755859376,21402,0.0,0.0,ADANIENSOL.NS
2025-12-15 11:45:00+05:30,1015.8499755859376,1018.2999877929688,1015.0999755859376,1016.0499877929688,26844,0.0,0.0,ADANIENSOL.NS
2025-12-15 12:00:00+05:30,1015.4500122070312,1016.0,1014.3499755859376,1015.0499877929688,14981,0.0,0.0,ADANIENSOL.NS
2025-12-15 12:15:00+05:30,1015.0499877929688,1015.7000122070312,1014.6500244140624,1015.0999755859376,9541,0.0,0.0,ADANIENSOL.NS
2025-12-15 12:30:00+05:30,1015.5,1015.8499755859376,1013.6500244140624,1014.2999877929688,16933,0.0,0.0,ADANIENSOL.NS
2025-12-15 12:45:00+05:30,1014.7999877929688,1017.0,1013.75,1014.9000244140624,15267,0.0,0.0,ADANIENSOL.NS
2025-12-15 13:00:00+05:30,1014.9000244140624,1018.0,1014.9000244140624,1017.7000122070312,23977,0.0,0.0,ADANIENSOL.NS
2025-12-15 13:15:00+05:30,1018.5,1018.7999877929688,1014.6500244140624,1015.0,23965,0.0,0.0,ADANIENSOL.NS
2025-12-15 13:30:00+05:30,1015.0,1017.7999877929688,1014.7000122070312,1016.0,27239,0.0,0.0,ADANIENSOL.NS
2025-12-15 13:45:00+05:30,1016.0,1016.4000244140624,1014.9500122070312,1014.9500122070312,10208,0.0,0.0,ADANIENSOL.NS
2025-12-15 14:00:00+05:30,1015.0,1015.5499877929688,1012.25,1012.8499755859376,28117,0.0,0.0,ADANIENSOL.NS
2025-12-15 14:15:00+05:30,1013.0,1013.4500122070312,1012.4000244140624,1012.9500122070312,21731,0.0,0.0,ADANIENSOL.NS
2025-12-15 14:30:00+05:30,1012.9500122070312,1013.3499755859376,1010.5499877929688,1013.0499877929688,32935,0.0,0.0,ADANIENSOL.NS
2025-12-15 14:45:00+05:30,1013.5,1017.0,1013.0499877929688,1016.0,49491,0.0,0.0,ADANIENSOL.NS
2025-12-15 15:00:00+05:30,1016.0,1019.0499877929688,1015.4000244140624,1016.0,103532,0.0,0.0,ADANIENSOL.NS
2025-12-15 15:15:00+05:30,1015.9500122070312,1016.2999877929688,1013.0999755859376,1015.2000122070312,84778,0.0,0.0,ADANIENSOL.NS
2025-12-16 09:15:00+05:30,1010.3499755859376,1014.7000122070312,1006.8499755859376,1007.25,30298,0.0,0.0,ADANIENSOL.NS
2025-12-16 09:30:00+05:30,1007.25,1008.4000244140624,1003.4000244140624,1008.0999755859376,42937,0.0,0.0,ADANIENSOL.NS
2025-12-16 09:45:00+05:30,1008.0999755859376,1011.7000122070312,1005.0,1005.4000244140624,44420,0.0,0.0,ADANIENSOL.NS
2025-12-16 10:00:00+05:30,1005.4000244140624,1005.9500122070312,1004.0999755859376,1004.9500122070312,23120,0.0,0.0,ADANIENSOL.NS
2025-12-16 10:15:00+05:30,1004.7000122070312,1006.4000244140624,1003.0,1003.7000122070312,25794,0.0,0.0,ADANIENSOL.NS
2025-12-16 10:30:00+05:30,1003.9000244140624,1005.3499755859376,1003.5999755859376,1004.0,14419,0.0,0.0,ADANIENSOL.NS
2025-12-16 10:45:00+05:30,1004.0499877929688,1004.4000244140624,1003.5,1004.0499877929688,17773,0.0,0.0,ADANIENSOL.NS
2025-12-16 11:00:00+05:30,1004.0999755859376,1007.5499877929688,1003.5,1005.5999755859376,24046,0.0,0.0,ADANIENSOL.NS
2025-12-16 11:15:00+05:30,1004.8499755859376,1005.2999877929688,1003.3499755859376,1003.8499755859376,14054,0.0,0.0,ADANIENSOL.NS
2025-12-16 11:30:00+05:30,1003.75,1003.8499755859376,1001.2000122070312,1002.75,20173,0.0,0.0,ADANIENSOL.NS
2025-12-16 11:45:00+05:30,1002.7000122070312,1002.7000122070312,998.5499877929688,999.25,24674,0.0,0.0,ADANIENSOL.NS
2025-12-16 12:00:00+05:30,999.2999877929688,1000.5,998.2000122070312,998.25,14750,0.0,0.0,ADANIENSOL.NS
2025-12-16 12:15:00+05:30,997.9000244140624,998.8499755859376,997.3499755859376,998.7000122070312,15425,0.0,0.0,ADANIENSOL.NS
2025-12-16 12:30:00+05:30,999.5,1000.0,998.0999755859376,998.0999755859376,41442,0.0,0.0,ADANIENSOL.NS
2025-12-16 12:45:00+05:30,998.0499877929688,998.9500122070312,996.5999755859376,998.0,15975,0.0,0.0,ADANIENSOL.NS
2025-12-16 13:00:00+05:30,998.0,998.0,997.0,997.4000244140624,27007,0.0,0.0,ADANIENSOL.NS
2025-12-16 13:15:00+05:30,997.0499877929688,997.1500244140624,995.2999877929688,996.4000244140624,12308,0.0,0.0,ADANIENSOL.NS
2025-12-16 13:30:00+05:30,996.4000244140624,1000.25,996.2000122070312,998.5499877929688,22198,0.0,0.0,ADANIENSOL.NS
2025-12-16 13:45:00+05:30,998.5999755859376,999.0,997.0499877929688,997.0499877929688,14259,0.0,0.0,ADANIENSOL.NS
2025-12-16 14:00:00+05:30,997.0499877929688,997.9000244140624,996.5,996.7000122070312,10397,0.0,0.0,ADANIENSOL.NS
2025-12-16 14:15:00+05:30,996.25,997.2000122070312,995.7000122070312,995.7000122070312,14862,0.0,0.0,ADANIENSOL.NS
2025-12-16 14:30:00+05:30,995.7000122070312,996.3499755859376,995.0,995.7000122070312,16963,0.0,0.0,ADANIENSOL.NS
2025-12-16 14:45:00+05:30,995.7000122070312,996.0,994.25,995.0,23747,0.0,0.0,ADANIENSOL.NS
2025-12-16 15:00:00+05:30,996.4000244140624,998.9000244140624,995.0999755859376,995.4000244140624,97860,0.0,0.0,ADANIENSOL.NS
2025-12-16 15:15:00+05:30,995.3499755859376,995.5999755859376,989.1500244140624,994.2999877929688,90562,0.0,0.0,ADANIENSOL.NS
2025-12-17 09:15:00+05:30,990.0,993.0999755859376,988.25,989.5999755859376,32668,0.0,0.0,ADANIENSOL.NS
2025-12-17 09:30:00+05:30,989.5,995.0,988.5,990.0,45936,0.0,0.0,ADANIENSOL.NS
2025-12-17 09:45:00+05:30,990.0,991.4000244140624,987.0499877929688,991.0999755859376,29436,0.0,0.0,ADANIENSOL.NS
2025-12-17 10:00:00+05:30,991.0999755859376,991.0999755859376,987.2999877929688,988.0499877929688,29226,0.0,0.0,ADANIENSOL.NS
2025-12-17 10:15:00+05:30,988.0499877929688,990.5999755859376,986.0,986.5,28717,0.0,0.0,ADANIENSOL.NS
2025-12-17 10:30:00+05:30,986.5,986.9500122070312,984.0999755859376,984.5999755859376,27399,0.0,0.0,ADANIENSOL.NS
2025-12-17 10:45:00+05:30,984.7999877929688,985.4000244140624,981.6500244140624,982.6500244140624,37491,0.0,0.0,ADANIENSOL.NS
2025-12-17 11:00:00+05:30,982.6500244140624,984.5499877929688,981.75,984.4500122070312,16442,0.0,0.0,ADANIENSOL.NS
2025-12-17 11:15:00+05:30,984.4500122070312,985.0,983.5999755859376,984.7000122070312,11544,0.0,0.0,ADANIENSOL.NS
2025-12-17 11:30:00+05:30,984.7000122070312,990.2999877929688,984.4500122070312,989.1500244140624,22467,0.0,0.0,ADANIENSOL.NS
2025-12-17 11:45:00+05:30,989.2000122070312,991.9500122070312,989.0499877929688,990.0999755859376,15279,0.0,0.0,ADANIENSOL.NS
2025-12-17 12:00:00+05:30,990.0999755859376,990.4500122070312,985.8499755859376,987.7999877929688,13341,0.0,0.0,ADANIENSOL.NS
2025-12-17 12:15:00+05:30,987.7999877929688,990.25,984.0999755859376,984.9000244140624,11067,0.0,0.0,ADANIENSOL.NS
2025-12-17 12:30:00+05:30,984.8499755859376,985.0,983.7000122070312,984.9000244140624,5760,0.0,0.0,ADANIENSOL.NS
2025-12-17 12:45:00+05:30,984.9000244140624,986.75,984.75,986.3499755859376,11059,0.0,0.0,ADANIENSOL.NS
2025-12-17 13:00:00+05:30,986.2999877929688,986.9000244140624,984.7000122070312,984.9000244140624,13712,0.0,0.0,ADANIENSOL.NS
2025-12-17 13:15:00+05:30,984.8499755859376,985.5499877929688,982.0,984.0499877929688,17001,0.0,0.0,ADANIENSOL.NS
2025-12-17 13:30:00+05:30,983.75,984.0499877929688,982.0,982.5,6874,0.0,0.0,ADANIENSOL.NS
2025-12-17 13:45:00+05:30,982.5,984.0499877929688,982.0499877929688,983.4500122070312,9425,0.0,0.0,ADANIENSOL.NS
2025-12-17 14:00:00+05:30,983.4500122070312,984.2000122070312,982.2000122070312,983.9000244140624,10352,0.0,0.0,ADANIENSOL.NS
2025-12-17 14:15:00+05:30,983.9000244140624,984.4500122070312,981.2999877929688,981.7999877929688,17841,0.0,0.0,ADANIENSOL.NS
2025-12-17 14:30:00+05:30,981.7999877929688,982.5,978.2999877929688,979.0,27062,0.0,0.0,ADANIENSOL.NS
2025-12-17 14:45:00+05:30,979.0,979.2999877929688,977.0,978.3499755859376,31878,0.0,0.0,ADANIENSOL.NS
2025-12-17 15:00:00+05:30,979.75,980.0,977.5999755859376,979.1500244140624,78908,0.0,0.0,ADANIENSOL.NS
2025-12-17 15:15:00+05:30,979.1500244140624,979.1500244140624,974.3499755859376,977.5499877929688,62517,0.0,0.0,ADANIENSOL.NS
2025-12-18 09:15:00+05:30,981.7999877929688,983.1500244140624,977.0,977.1500244140624,56667,0.0,0.0,ADANIENSOL.NS
2025-12-18 09:30:00+05:30,977.1500244140624,977.8499755859376,972.2999877929688,972.8499755859376,34292,0.0,0.0,ADANIENSOL.NS
2025-12-18 09:45:00+05:30,972.3499755859376,973.4500122070312,970.5,972.1500244140624,31801,0.0,0.0,ADANIENSOL.NS
2025-12-18 10:00:00+05:30,972.25,979.9500122070312,969.3499755859376,979.2999877929688,32394,0.0,0.0,ADANIENSOL.NS
2025-12-18 10:15:00+05:30,979.7000122070312,983.9500122070312,979.2999877929688,982.4500122070312,46177,0.0,0.0,ADANIENSOL.NS
2025-12-18 10:30:00+05:30,982.5,983.0499877929688,979.2999877929688,981.3499755859376,18581,0.0,0.0,ADANIENSOL.NS
2025-12-18 10:45:00+05:30,981.3499755859376,982.4000244140624,978.5499877929688,981.5999755859376,17679,0.0,0.0,ADANIENSOL.NS
2025-12-18 11:00:00+05:30,981.5999755859376,982.0,977.7999877929688,978.5999755859376,20799,0.0,0.0,ADANIENSOL.NS
2025-12-18 11:15:00+05:30,978.5,981.9500122070312,977.9000244140624,979.0499877929688,9298,0.0,0.0,ADANIENSOL.NS
2025-12-18 11:30:00+05:30,979.4500122070312,981.4500122070312,979.4500122070312,980.75,6442,0.0,0.0,ADANIENSOL.NS
2025-12-18 11:45:00+05:30,980.75,984.5,980.1500244140624,983.9000244140624,11363,0.0,0.0,ADANIENSOL.NS
2025-12-18 12:00:00+05:30,984.0999755859376,984.7999877929688,982.4500122070312,984.5,7602,0.0,0.0,ADANIENSOL.NS
2025-12-18 12:15:00+05:30,984.5999755859376,984.7000122070312,983.1500244140624,984.0,8180,0.0,0.0,ADANIENSOL.NS
2025-12-18 12:30:00+05:30,984.2999877929688,987.8499755859376,982.9000244140624,987.3499755859376,224089,0.0,0.0,ADANIENSOL.NS
2025-12-18 12:45:00+05:30,987.4500122070312,988.8499755859376,986.5999755859376,987.0,14591,0.0,0.0,ADANIENSOL.NS
2025-12-18 13:00:00+05:30,987.0,987.9000244140624,985.2000122070312,986.5499877929688,11102,0.0,0.0,ADANIENSOL.NS
2025-12-18 13:15:00+05:30,986.25,986.5999755859376,984.2999877929688,984.3499755859376,9883,0.0,0.0,ADANIENSOL.NS
2025-12-18 13:30:00+05:30,984.5499877929688,984.5499877929688,982.1500244140624,982.4500122070312,9092,0.0,0.0,ADANIENSOL.NS
2025-12-18 13:45:00+05:30,983.0,983.8499755859376,981.2999877929688,981.8499755859376,8387,0.0,0.0,ADANIENSOL.NS
2025-12-18 14:00:00+05:30,981.9500122070312,982.0499877929688,977.9000244140624,978.2999877929688,17986,0.0,0.0,ADANIENSOL.NS
2025-12-18 14:15:00+05:30,978.25,978.75,974.0,974.9500122070312,16372,0.0,0.0,ADANIENSOL.NS
2025-12-18 14:30:00+05:30,975.0,978.7000122070312,970.2999877929688,971.6500244140624,31488,0.0,0.0,ADANIENSOL.NS
2025-12-18 14:45:00+05:30,972.0499877929688,973.5,970.5,972.3499755859376,18753,0.0,0.0,ADANIENSOL.NS
2025-12-18 15:00:00+05:30,974.4000244140624,979.2999877929688,973.9500122070312,976.6500244140624,49415,0.0,0.0,ADANIENSOL.NS
2025-12-18 15:15:00+05:30,976.4000244140624,979.1500244140624,974.5,976.2999877929688,41287,0.0,0.0,ADANIENSOL.NS
2025-12-19 09:15:00+05:30,977.0,980.7999877929688,976.7000122070312,979.4500122070312,16238,0.0,0.0,ADANIENSOL.NS
2025-12-19 09:30:00+05:30,979.4000244140624,981.25,978.2999877929688,979.0499877929688,14991,0.0,0.0,ADANIENSOL.NS
2025-12-19 09:45:00+05:30,979.4000244140624,980.9500122070312,975.4500122070312,976.3499755859376,17967,0.0,0.0,ADANIENSOL.NS
2025-12-19 10:00:00+05:30,976.5,977.8499755859376,973.1500244140624,975.2000122070312,28597,0.0,0.0,ADANIENSOL.NS
2025-12-19 10:15:00+05:30,975.2000122070312,976.7000122070312,973.7999877929688,975.5499877929688,13566,0.0,0.0,ADANIENSOL.NS
2025-12-19 10:30:00+05:30,976.0,977.0,975.0,975.75,3318,0.0,0.0,ADANIENSOL.NS
2025-12-19 10:45:00+05:30,975.5,976.7000122070312,974.7999877929688,974.7999877929688,6440,0.0,0.0,ADANIENSOL.NS
2025-12-19 11:00:00+05:30,974.8499755859376,975.5999755859376,972.5999755859376,974.7000122070312,19048,0.0,0.0,ADANIENSOL.NS
2025-12-19 11:15:00+05:30,975.2000122070312,975.2000122070312,972.0999755859376,973.2999877929688,8761,0.0,0.0,ADANIENSOL.NS
2025-12-19 11:30:00+05:30,973.25,974.1500244140624,971.6500244140624,973.2999877929688,9000,0.0,0.0,ADANIENSOL.NS
2025-12-19 11:45:00+05:30,973.2999877929688,976.0,972.5999755859376,976.0,10249,0.0,0.0,ADANIENSOL.NS
2025-12-19 12:00:00+05:30,975.5499877929688,978.0,975.5499877929688,975.75,10333,0.0,0.0,ADANIENSOL.NS
2025-12-19 12:15:00+05:30,975.9000244140624,976.5,974.8499755859376,976.5,9457,0.0,0.0,ADANIENSOL.NS
2025-12-19 12:30:00+05:30,976.5,979.0,976.5,976.75,12031,0.0,0.0,ADANIENSOL.NS
2025-12-19 12:45:00+05:30,975.9000244140624,976.4000244140624,974.0999755859376,974.8499755859376,6155,0.0,0.0,ADANIENSOL.NS
2025-12-19 13:00:00+05:30,975.75,976.75,974.25,976.75,7013,0.0,0.0,ADANIENSOL.NS
2025-12-19 13:15:00+05:30,976.25,978.9000244140624,976.25,978.2999877929688,12635,0.0,0.0,ADANIENSOL.NS
2025-12-19 13:30:00+05:30,977.9500122070312,979.75,977.2000122070312,978.5499877929688,11753,0.0,0.0,ADANIENSOL.NS
2025-12-19 13:45:00+05:30,978.7000122070312,980.2999877929688,978.2999877929688,980.25,10797,0.0,0.0,ADANIENSOL.NS
2025-12-19 14:00:00+05:30,980.25,982.9500122070312,980.0,982.0,18806,0.0,0.0,ADANIENSOL.NS
2025-12-19 14:15:00+05:30,981.9500122070312,984.0999755859376,981.7000122070312,982.6500244140624,27054,0.0,0.0,ADANIENSOL.NS
2025-12-19 14:30:00+05:30,982.4000244140624,985.5999755859376,981.7000122070312,985.5,28000,0.0,0.0,ADANIENSOL.NS
2025-12-19 14:45:00+05:30,985.25,989.0499877929688,985.25,986.0,27922,0.0,0.0,ADANIENSOL.NS
2025-12-19 15:00:00+05:30,985.9000244140624,990.9500122070312,985.9000244140624,988.7000122070312,1184554,0.0,0.0,ADANIENSOL.NS
2025-12-19 15:15:00+05:30,988.7999877929688,989.6500244140624,980.1500244140624,988.25,1178101,0.0,0.0,ADANIENSOL.NS
2025-12-22 09:15:00+05:30,988.5,997.75,985.75,995.9000244140624,27903,0.0,0.0,ADANIENSOL.NS
2025-12-22 09:30:00+05:30,996.0999755859376,996.6500244140624,993.2999877929688,994.9500122070312,23829,0.0,0.0,ADANIENSOL.NS
2025-12-22 09:45:00+05:30,994.9000244140624,996.0,992.0,992.5,11630,0.0,0.0,ADANIENSOL.NS
2025-12-22 10:00:00+05:30,992.7999877929688,996.3499755859376,992.75,996.2000122070312,13119,0.0,0.0,ADANIENSOL.NS
2025-12-22 10:15:00+05:30,996.1500244140624,997.9000244140624,995.5,996.5,15406,0.0,0.0,ADANIENSOL.NS
2025-12-22 10:30:00+05:30,996.9000244140624,1001.2000122070312,996.4500122070312,1000.5499877929688,22992,0.0,0.0,ADANIENSOL.NS
2025-12-22 10:45:00+05:30,1000.9500122070312,1003.0,1000.9500122070312,1002.2000122070312,19848,0.0,0.0,ADANIENSOL.NS
2025-12-22 11:00:00+05:30,1002.1500244140624,1003.5,1001.0499877929688,1001.4000244140624,13023,0.0,0.0,ADANIENSOL.NS
2025-12-22 11:15:00+05:30,1001.5,1005.0,1001.1500244140624,1004.4000244140624,25058,0.0,0.0,ADANIENSOL.NS
2025-12-22 11:30:00+05:30,1004.4500122070312,1005.9500122070312,1003.9500122070312,1005.5499877929688,16291,0.0,0.0,ADANIENSOL.NS
2025-12-22 11:45:00+05:30,1005.75,1005.75,1003.5,1004.4000244140624,8479,0.0,0.0,ADANIENSOL.NS
2025-12-22 12:00:00+05:30,1004.4000244140624,1005.2000122070312,1002.2000122070312,1002.5,12195,0.0,0.0,ADANIENSOL.NS
2025-12-22 12:15:00+05:30,1002.4500122070312,1003.0,1001.7999877929688,1001.9500122070312,6622,0.0,0.0,ADANIENSOL.NS
2025-12-22 12:30:00+05:30,1001.9000244140624,1002.5499877929688,1000.5999755859376,1001.0,6091,0.0,0.0,ADANIENSOL.NS
2025-12-22 12:45:00+05:30,1000.8499755859376,1001.5499877929688,999.0499877929688,1001.0999755859376,15121,0.0,0.0,ADANIENSOL.NS
2025-12-22 13:00:00+05:30,1001.1500244140624,1002.5,1001.1500244140624,1002.1500244140624,6289,0.0,0.0,ADANIENSOL.NS
2025-12-22 13:15:00+05:30,1002.5,1003.25,1001.7000122070312,1002.2999877929688,9617,0.0,0.0,ADANIENSOL.NS
2025-12-22 13:30:00+05:30,1002.2999877929688,1003.0999755859376,1001.75,1002.0,13817,0.0,0.0,ADANIENSOL.NS
2025-12-22 13:45:00+05:30,1002.0499877929688,1003.9000244140624,1001.8499755859376,1003.0,7327,0.0,0.0,ADANIENSOL.NS
2025-12-22 14:00:00+05:30,1003.0,1003.6500244140624,1002.0,1002.2000122070312,5866,0.0,0.0,ADANIENSOL.NS
2025-12-22 14:15:00+05:30,1002.2000122070312,1002.4500122070312,1001.0499877929688,1001.5499877929688,7411,0.0,0.0,ADANIENSOL.NS
2025-12-22 14:30:00+05:30,1001.5499877929688,1003.5,1000.7000122070312,1002.75,14749,0.0,0.0,ADANIENSOL.NS
2025-12-22 14:45:00+05:30,1002.75,1005.2999877929688,1002.7000122070312,1005.0,18812,0.0,0.0,ADANIENSOL.NS
2025-12-22 15:00:00+05:30,1006.25,1008.4500122070312,1006.0,1007.9000244140624,52599,0.0,0.0,ADANIENSOL.NS
2025-12-22 15:15:00+05:30,1007.9500122070312,1010.0,1006.5499877929688,1007.9000244140624,77753,0.0,0.0,ADANIENSOL.NS
2025-12-23 09:15:00+05:30,1009.75,1013.8499755859376,1009.75,1012.25,25866,0.0,0.0,ADANIENSOL.NS
2025-12-23 09:30:00+05:30,1012.25,1012.4500122070312,1005.9500122070312,1006.3499755859376,33404,0.0,0.0,ADANIENSOL.NS
2025-12-23 09:45:00+05:30,1006.2999877929688,1012.9500122070312,1006.0499877929688,1012.0999755859376,34877,0.0,0.0,ADANIENSOL.NS
2025-12-23 10:00:00+05:30,1012.2000122070312,1012.5499877929688,1010.5,1011.9000244140624,13706,0.0,0.0,ADANIENSOL.NS
2025-12-23 10:15:00+05:30,1011.5999755859376,1012.0,1009.8499755859376,1011.2999877929688,13260,0.0,0.0,ADANIENSOL.NS
2025-12-23 10:30:00+05:30,1011.3499755859376,1011.7000122070312,1010.25,1010.5,9434,0.0,0.0,ADANIENSOL.NS
2025-12-23 10:45:00+05:30,1010.5,1013.5,1007.9000244140624,1008.4000244140624,31868,0.0,0.0,ADANIENSOL.NS
2025-12-23 11:00:00+05:30,1008.5,1009.2999877929688,1006.9500122070312,1008.25,9491,0.0,0.0,ADANIENSOL.NS
2025-12-23 11:15:00+05:30,1008.3499755859376,1009.0999755859376,1002.0499877929688,1003.9500122070312,27024,0.0,0.0,ADANIENSOL.NS
2025-12-23 11:30:00+05:30,1004.0999755859376,1004.1500244140624,1000.2000122070312,1000.5,15687,0.0,0.0,ADANIENSOL.NS
2025-12-23 11:45:00+05:30,1000.7999877929688,1002.1500244140624,999.5499877929688,1000.5499877929688,12262,0.0,0.0,ADANIENSOL.NS
2025-12-23 12:00:00+05:30,1000.8499755859376,1001.3499755859376,999.5499877929688,1000.4000244140624,14915,0.0,0.0,ADANIENSOL.NS
2025-12-23 12:15:00+05:30,1000.4500122070312,1000.9000244140624,999.0,999.25,8118,0.0,0.0,ADANIENSOL.NS
2025-12-23 12:30:00+05:30,999.5,999.9500122070312,998.2000122070312,999.0499877929688,12857,0.0,0.0,ADANIENSOL.NS
2025-12-23 12:45:00+05:30,999.0499877929688,999.2999877929688,997.6500244140624,998.6500244140624,10506,0.0,0.0,ADANIENSOL.NS
2025-12-23 13:00:00+05:30,998.7999877929688,999.9000244140624,996.0,996.6500244140624,48066,0.0,0.0,ADANIENSOL.NS
2025-12-23 13:15:00+05:30,996.6500244140624,997.4000244140624,995.25,995.25,21127,0.0,0.0,ADANIENSOL.NS
2025-12-23 13:30:00+05:30,995.0999755859376,996.0,993.4500122070312,995.5499877929688,14180,0.0,0.0,ADANIENSOL.NS
2025-12-23 13:45:00+05:30,995.8499755859376,997.0499877929688,994.9000244140624,997.0499877929688,10760,0.0,0.0,ADANIENSOL.NS
2025-12-23 14:00:00+05:30,997.0499877929688,997.0499877929688,995.0,996.2999877929688,10324,0.0,0.0,ADANIENSOL.NS
2025-12-23 14:15:00+05:30,996.3499755859376,997.7000122070312,994.1500244140624,994.4500122070312,14383,0.0,0.0,ADANIENSOL.NS
2025-12-23 14:30:00+05:30,994.5999755859376,994.5999755859376,989.0999755859376,989.3499755859376,30518,0.0,0.0,ADANIENSOL.NS
2025-12-23 14:45:00+05:30,989.3499755859376,993.5,988.2999877929688,993.5,36550,0.0,0.0,ADANIENSOL.NS
2025-12-23 15:00:00+05:30,995.0,995.75,993.0499877929688,995.0999755859376,41648,0.0,0.0,ADANIENSOL.NS
2025-12-23 15:15:00+05:30,995.0499877929688,995.3499755859376,993.0499877929688,994.0,51770,0.0,0.0,ADANIENSOL.NS
2025-12-24 09:15:00+05:30,997.8499755859376,1002.7000122070312,994.5,1002.7000122070312,19907,0.0,0.0,ADANIENSOL.NS
2025-12-24 09:30:00+05:30,1002.7000122070312,1003.5999755859376,1000.25,1003.1500244140624,23042,0.0,0.0,ADANIENSOL.NS
2025-12-24 09:45:00+05:30,1003.3499755859376,1003.5499877929688,999.3499755859376,999.4500122070312,12932,0.0,0.0,ADANIENSOL.NS
2025-12-24 10:00:00+05:30,999.75,1003.9500122070312,998.3499755859376,1003.4000244140624,18072,0.0,0.0,ADANIENSOL.NS
2025-12-24 10:15:00+05:30,1003.7000122070312,1007.0,1002.2999877929688,1006.4000244140624,21230,0.0,0.0,ADANIENSOL.NS
2025-12-24 10:30:00+05:30,1005.7999877929688,1006.5,1003.1500244140624,1003.1500244140624,16377,0.0,0.0,ADANIENSOL.NS
2025-12-24 10:45:00+05:30,1003.2000122070312,1003.2000122070312,1000.7999877929688,1001.5,13270,0.0,0.0,ADANIENSOL.NS
2025-12-24 11:00:00+05:30,1001.4500122070312,1003.0,1001.0,1002.4500122070312,3159,0.0,0.0,ADANIENSOL.NS
2025-12-24 11:15:00+05:30,1002.4500122070312,1004.0,1000.25,1000.9500122070312,12396,0.0,0.0,ADANIENSOL.NS
2025-12-24 11:30:00+05:30,1001.0,1001.2999877929688,997.2000122070312,997.2000122070312,11421,0.0,0.0,ADANIENSOL.NS
2025-12-24 11:45:00+05:30,997.25,999.9000244140624,997.2000122070312,999.9000244140624,5666,0.0,0.0,ADANIENSOL.NS
2025-12-24 12:00:00+05:30,999.4500122070312,999.7999877929688,996.5499877929688,998.5499877929688,6939,0.0,0.0,ADANIENSOL.NS
2025-12-24 12:15:00+05:30,998.9000244140624,1000.0999755859376,998.5499877929688,999.7000122070312,4270,0.0,0.0,ADANIENSOL.NS
2025-12-24 12:30:00+05:30,999.5999755859376,1000.5999755859376,999.2999877929688,999.4500122070312,2905,0.0,0.0,ADANIENSOL.NS
2025-12-24 12:45:00+05:30,999.75,999.8499755859376,998.0,998.4000244140624,9686,0.0,0.0,ADANIENSOL.NS
2025-12-24 13:00:00+05:30,998.7999877929688,998.7999877929688,997.7000122070312,998.0499877929688,3643,0.0,0.0,ADANIENSOL.NS
2025-12-24 13:15:00+05:30,997.7000122070312,998.0,997.0499877929688,997.25,4169,0.0,0.0,ADANIENSOL.NS
2025-12-24 13:30:00+05:30,997.25,997.6500244140624,994.6500244140624,995.75,7377,0.0,0.0,ADANIENSOL.NS
2025-12-24 13:45:00+05:30,995.9500122070312,997.2999877929688,995.2999877929688,996.0999755859376,5829,0.0,0.0,ADANIENSOL.NS
2025-12-24 14:00:00+05:30,996.5,996.5,995.0,995.5499877929688,9172,0.0,0.0,ADANIENSOL.NS
2025-12-24 14:15:00+05:30,995.7999877929688,996.25,992.7000122070312,992.75,7776,0.0,0.0,ADANIENSOL.NS
2025-12-24 14:30:00+05:30,992.75,993.8499755859376,990.0999755859376,990.9500122070312,8158,0.0,0.0,ADANIENSOL.NS
2025-12-24 14:45:00+05:30,991.0,996.7999877929688,990.3499755859376,996.4000244140624,22648,0.0,0.0,ADANIENSOL.NS
2025-12-24 15:00:00+05:30,997.25,998.75,995.0499877929688,996.0999755859376,16442,0.0,0.0,ADANIENSOL.NS
2025-12-24 15:15:00+05:30,996.4500122070312,997.4500122070312,994.4000244140624,996.5499877929688,29734,0.0,0.0,ADANIENSOL.NS
2025-12-26 09:15:00+05:30,996.0999755859376,1004.5999755859376,993.0499877929688,1004.5999755859376,17480,0.0,0.0,ADANIENSOL.NS
2025-12-26 09:30:00+05:30,1005.3499755859376,1005.3499755859376,999.0,999.75,17962,0.0,0.0,ADANIENSOL.NS
2025-12-26 09:45:00+05:30,999.5,1006.75,999.1500244140624,1006.2000122070312,32774,0.0,0.0,ADANIENSOL.NS
2025-12-26 10:00:00+05:30,1006.2000122070312,1011.9000244140624,1002.5,1011.0,85128,0.0,0.0,ADANIENSOL.NS
2025-12-26 10:15:00+05:30,1011.5,1016.0499877929688,1009.0499877929688,1015.7999877929688,72890,0.0,0.0,ADANIENSOL.NS
2025-12-26 10:30:00+05:30,1015.7999877929688,1018.2000122070312,1014.5999755859376,1017.2999877929688,71992,0.0,0.0,ADANIENSOL.NS
2025-12-26 10:45:00+05:30,1017.25,1020.4000244140624,1016.4000244140624,1016.5,128965,0.0,0.0,ADANIENSOL.NS
2025-12-26 11:00:00+05:30,1017.0,1017.0,1011.9500122070312,1011.9500122070312,36565,0.0,0.0,ADANIENSOL.NS
2025-12-26 11:15:00+05:30,1011.7999877929688,1014.5499877929688,1011.0,1014.1500244140624,27028,0.0,0.0,ADANIENSOL.NS
2025-12-26 11:30:00+05:30,1014.1500244140624,1017.3499755859376,1011.9000244140624,1013.75,24483,0.0,0.0,ADANIENSOL.NS
2025-12-26 11:45:00+05:30,1014.0,1020.0999755859376,1011.9000244140624,1018.0,69033,0.0,0.0,ADANIENSOL.NS
2025-12-26 12:00:00+05:30,1017.5499877929688,1018.0,1015.9000244140624,1017.5,13110,0.0,0.0,ADANIENSOL.NS
2025-12-26 12:15:00+05:30,1017.0999755859376,1018.2999877929688,1016.0499877929688,1017.5,13193,0.0,0.0,ADANIENSOL.NS
2025-12-26 12:30:00+05:30,1017.5,1018.25,1014.0,1015.0999755859376,13152,0.0,0.0,ADANIENSOL.NS
2025-12-26 12:45:00+05:30,1015.0999755859376,1018.0,1015.0999755859376,1016.5999755859376,13013,0.0,0.0,ADANIENSOL.NS
2025-12-26 13:00:00+05:30,1016.2000122070312,1017.2999877929688,1016.0499877929688,1016.9000244140624,10974,0.0,0.0,ADANIENSOL.NS
2025-12-26 13:15:00+05:30,1016.9000244140624,1017.3499755859376,1016.0,1016.3499755859376,7155,0.0,0.0,ADANIENSOL.NS
2025-12-26 13:30:00+05:30,1016.3499755859376,1017.9000244140624,1016.0,1016.75,22221,0.0,0.0,ADANIENSOL.NS
2025-12-26 13:45:00+05:30,1017.1500244140624,1017.2000122070312,1016.0,1016.25,22425,0.0,0.0,ADANIENSOL.NS
2025-12-26 14:00:00+05:30,1016.7000122070312,1017.0,1015.0,1016.25,19382,0.0,0.0,ADANIENSOL.NS
2025-12-26 14:15:00+05:30,1016.2000122070312,1016.7999877929688,1013.5999755859376,1016.5,24971,0.0,0.0,ADANIENSOL.NS
2025-12-26 14:30:00+05:30,1016.5,1017.0,1014.25,1016.4000244140624,23166,0.0,0.0,ADANIENSOL.NS
2025-12-26 14:45:00+05:30,1016.0499877929688,1017.4000244140624,1014.25,1017.4000244140624,20235,0.0,0.0,ADANIENSOL.NS
2025-12-26 15:00:00+05:30,1017.9000244140624,1018.9500122070312,1014.7000122070312,1015.3499755859376,37740,0.0,0.0,ADANIENSOL.NS
2025-12-26 15:15:00+05:30,1015.75,1015.7999877929688,1013.6500244140624,1015.2999877929688,55087,0.0,0.0,ADANIENSOL.NS
2025-12-29 09:15:00+05:30,1020.3499755859376,1022.4000244140624,1013.5,1016.0499877929688,30283,0.0,0.0,ADANIENSOL.NS
2025-12-29 09:30:00+05:30,1016.2999877929688,1019.2000122070312,1013.2999877929688,1014.1500244140624,30116,0.0,0.0,ADANIENSOL.NS
2025-12-29 09:45:00+05:30,1014.5499877929688,1021.6500244140624,1011.5,1011.5499877929688,50883,0.0,0.0,ADANIENSOL.NS
2025-12-29 10:00:00+05:30,1011.5,1012.9000244140624,1009.0499877929688,1010.0,19252,0.0,0.0,ADANIENSOL.NS
2025-12-29 10:15:00+05:30,1010.0,1010.0,1008.0,1008.2999877929688,13118,0.0,0.0,ADANIENSOL.NS
2025-12-29 10:30:00+05:30,1008.5,1008.5999755859376,1004.75,1005.0,25722,0.0,0.0,ADANIENSOL.NS
2025-12-29 10:45:00+05:30,1005.2000122070312,1007.75,1004.0499877929688,1007.2000122070312,13362,0.0,0.0,ADANIENSOL.NS
2025-12-29 11:00:00+05:30,1007.0,1007.75,1005.6500244140624,1006.0499877929688,7733,0.0,0.0,ADANIENSOL.NS
2025-12-29 11:15:00+05:30,1006.0,1006.25,1004.0999755859376,1004.5499877929688,10563,0.0,0.0,ADANIENSOL.NS
2025-12-29 11:30:00+05:30,1005.0499877929688,1005.0499877929688,1003.3499755859376,1003.75,6702,0.0,0.0,ADANIENSOL.NS
2025-12-29 11:45:00+05:30,1004.0,1005.25,1003.5999755859376,1004.7000122070312,4521,0.0,0.0,ADANIENSOL.NS
2025-12-29 12:00:00+05:30,1004.75,1004.9500122070312,1003.0499877929688,1003.2999877929688,7159,0.0,0.0,ADANIENSOL.NS
2025-12-29 12:15:00+05:30,1003.1500244140624,1003.7000122070312,1002.0,1003.0499877929688,9234,0.0,0.0,ADANIENSOL.NS
2025-12-29 12:30:00+05:30,1003.0499877929688,1003.25,1001.1500244140624,1002.6500244140624,4624,0.0,0.0,ADANIENSOL.NS
2025-12-29 12:45:00+05:30,1002.6500244140624,1003.4000244140624,1001.5,1002.6500244140624,4088,0.0,0.0,ADANIENSOL.NS
2025-12-29 13:00:00+05:30,1002.2999877929688,1002.2999877929688,1000.0499877929688,1000.75,4205,0.0,0.0,ADANIENSOL.NS
2025-12-29 13:15:00+05:30,1001.0499877929688,1001.5,1000.3499755859376,1000.7000122070312,6629,0.0,0.0,ADANIENSOL.NS
2025-12-29 13:30:00+05:30,1000.75,1001.5,1000.0,1001.1500244140624,5911,0.0,0.0,ADANIENSOL.NS
2025-12-29 13:45:00+05:30,1001.5,1005.7999877929688,1001.2000122070312,1003.5499877929688,16563,0.0,0.0,ADANIENSOL.NS
2025-12-29 14:00:00+05:30,1003.5999755859376,1004.75,1002.4000244140624,1002.4000244140624,3922,0.0,0.0,ADANIENSOL.NS
2025-12-29 14:15:00+05:30,1003.0,1003.0,998.4500122070312,998.5,16652,0.0,0.0,ADANIENSOL.NS
2025-12-29 14:30:00+05:30,998.5,1000.0,997.2000122070312,997.3499755859376,12405,0.0,0.0,ADANIENSOL.NS
2025-12-29 14:45:00+05:30,997.3499755859376,999.7000122070312,996.1500244140624,999.5999755859376,11348,0.0,0.0,ADANIENSOL.NS
2025-12-29 15:00:00+05:30,1000.0,1000.0,998.5499877929688,999.75,34752,0.0,0.0,ADANIENSOL.NS
2025-12-29 15:15:00+05:30,999.9500122070312,1000.0,998.0999755859376,1000.0,38335,0.0,0.0,ADANIENSOL.NS
2025-12-30 09:15:00+05:30,1000.3499755859376,1005.5,996.2999877929688,1004.0999755859376,26383,0.0,0.0,ADANIENSOL.NS
2025-12-30 09:30:00+05:30,1004.2000122070312,1004.4500122070312,1002.2000122070312,1003.5999755859376,21591,0.0,0.0,ADANIENSOL.NS
2025-12-30 09:45:00+05:30,1004.0,1004.0,998.6500244140624,1001.25,19395,0.0,0.0,ADANIENSOL.NS
2025-12-30 10:00:00+05:30,1001.4000244140624,1004.7999877929688,1001.0499877929688,1004.7999877929688,24924,0.0,0.0,ADANIENSOL.NS
2025-12-30 10:15:00+05:30,1004.7999877929688,1008.5,1004.7999877929688,1006.2000122070312,34483,0.0,0.0,ADANIENSOL.NS
2025-12-30 10:30:00+05:30,1006.0,1006.9500122070312,1004.4500122070312,1006.5499877929688,11690,0.0,0.0,ADANIENSOL.NS
2025-12-30 10:45:00+05:30,1006.5,1006.75,1004.5,1005.4500122070312,18385,0.0,0.0,ADANIENSOL.NS
2025-12-30 11:00:00+05:30,1005.75,1006.2999877929688,1004.0499877929688,1006.1500244140624,25799,0.0,0.0,ADANIENSOL.NS
2025-12-30 11:15:00+05:30,1006.0,1006.2999877929688,1004.2000122070312,1004.2999877929688,15500,0.0,0.0,ADANIENSOL.NS
2025-12-30 11:30:00+05:30,1004.2999877929688,1004.5,1002.0499877929688,1004.5,12902,0.0,0.0,ADANIENSOL.NS
2025-12-30 11:45:00+05:30,1004.5,1004.75,1003.5,1003.75,7951,0.0,0.0,ADANIENSOL.NS
2025-12-30 12:00:00+05:30,1003.75,1004.0,1002.0999755859376,1002.0999755859376,10249,0.0,0.0,ADANIENSOL.NS
2025-12-30 12:15:00+05:30,1002.3499755859376,1003.4000244140624,1002.0999755859376,1002.0999755859376,8556,0.0,0.0,ADANIENSOL.NS
2025-12-30 12:30:00+05:30,1002.2000122070312,1004.0499877929688,1002.0,1004.0,11878,0.0,0.0,ADANIENSOL.NS
2025-12-30 12:45:00+05:30,1004.1500244140624,1007.0,1003.3499755859376,1005.7000122070312,22304,0.0,0.0,ADANIENSOL.NS
2025-12-30 13:00:00+05:30,1005.7000122070312,1008.9500122070312,1005.5999755859376,1008.8499755859376,20017,0.0,0.0,ADANIENSOL.NS
2025-12-30 13:15:00+05:30,1008.7999877929688,1012.7999877929688,1008.5999755859376,1010.5,19642,0.0,0.0,ADANIENSOL.NS
2025-12-30 13:30:00+05:30,1010.5,1013.7999877929688,1009.9000244140624,1013.75,23776,0.0,0.0,ADANIENSOL.NS
2025-12-30 13:45:00+05:30,1014.0,1016.5,1012.8499755859376,1016.5,44942,0.0,0.0,ADANIENSOL.NS
2025-12-30 14:00:00+05:30,1016.2999877929688,1018.9000244140624,1015.5499877929688,1018.3499755859376,32370,0.0,0.0,ADANIENSOL.NS
2025-12-30 14:15:00+05:30,1018.0999755859376,1018.9000244140624,1015.5999755859376,1015.6500244140624,22746,0.0,0.0,ADANIENSOL.NS
2025-12-30 14:30:00+05:30,1016.0,1019.0499877929688,1015.0,1019.0499877929688,28854,0.0,0.0,ADANIENSOL.NS
2025-12-30 14:45:00+05:30,1019.2000122070312,1024.0,1017.0,1022.9000244140624,99427,0.0,0.0,ADANIENSOL.NS
2025-12-30 15:00:00+05:30,1022.75,1027.800048828125,1022.3499755859376,1023.0,176323,0.0,0.0,ADANIENSOL.NS
2025-12-30 15:15:00+05:30,1023.0,1023.9500122070312,1021.0,1021.0,108261,0.0,0.0,ADANIENSOL.NS
2025-12-31 09:15:00+05:30,1024.0,1026.6500244140625,1018.2999877929688,1020.3499755859376,23313,0.0,0.0,ADANIENSOL.NS
2025-12-31 09:30:00+05:30,1019.1500244140624,1019.1500244140624,1015.0,1015.1500244140624,30938,0.0,0.0,ADANIENSOL.NS
2025-12-31 09:45:00+05:30,1015.1500244140624,1017.2999877929688,1014.6500244140624,1016.0999755859376,18227,0.0,0.0,ADANIENSOL.NS
2025-12-31 10:00:00+05:30,1016.0999755859376,1020.9500122070312,1015.3499755859376,1020.9500122070312,17563,0.0,0.0,ADANIENSOL.NS
2025-12-31 10:15:00+05:30,1020.8499755859376,1021.8499755859376,1017.4000244140624,1020.2999877929688,21847,0.0,0.0,ADANIENSOL.NS
2025-12-31 10:30:00+05:30,1020.2000122070312,1021.5,1018.75,1020.75,12001,0.0,0.0,ADANIENSOL.NS
2025-12-31 10:45:00+05:30,1021.0,1021.3499755859376,1018.0,1020.3499755859376,10675,0.0,0.0,ADANIENSOL.NS
2025-12-31 11:00:00+05:30,1020.0499877929688,1021.7999877929688,1019.75,1021.7999877929688,6573,0.0,0.0,ADANIENSOL.NS
2025-12-31 11:15:00+05:30,1021.7999877929688,1022.0,1018.8499755859376,1019.4500122070312,5803,0.0,0.0,ADANIENSOL.NS
2025-12-31 11:30:00+05:30,1019.2000122070312,1021.9000244140624,1019.1500244140624,1020.5499877929688,12896,0.0,0.0,ADANIENSOL.NS
2025-12-31 11:45:00+05:30,1020.2999877929688,1021.7999877929688,1019.2999877929688,1019.5499877929688,6248,0.0,0.0,ADANIENSOL.NS
2025-12-31 12:00:00+05:30,1019.7000122070312,1021.0,1018.0999755859376,1019.7999877929688,9958,0.0,0.0,ADANIENSOL.NS
2025-12-31 12:15:00+05:30,1019.7999877929688,1019.9000244140624,1016.5,1017.5,7705,0.0,0.0,ADANIENSOL.NS
2025-12-31 12:30:00+05:30,1017.5999755859376,1019.2000122070312,1017.4000244140624,1018.0,5647,0.0,0.0,ADANIENSOL.NS
2025-12-31 12:45:00+05:30,1018.0,1020.0,1017.5999755859376,1019.9500122070312,6407,0.0,0.0,ADANIENSOL.NS
2025-12-31 13:00:00+05:30,1019.6500244140624,1019.9500122070312,1018.7000122070312,1018.8499755859376,5238,0.0,0.0,ADANIENSOL.NS
2025-12-31 13:15:00+05:30,1019.2000122070312,1019.2000122070312,1017.8499755859376,1018.4000244140624,6841,0.0,0.0,ADANIENSOL.NS
2025-12-31 13:30:00+05:30,1018.4000244140624,1018.7999877929688,1016.6500244140624,1017.5999755859376,6503,0.0,0.0,ADANIENSOL.NS
2025-12-31 13:45:00+05:30,1017.5999755859376,1022.5999755859376,1017.5999755859376,1021.9500122070312,50106,0.0,0.0,ADANIENSOL.NS
2025-12-31 14:00:00+05:30,1022.0999755859376,1023.0,1019.7999877929688,1022.0,75656,0.0,0.0,ADANIENSOL.NS
2025-12-31 14:15:00+05:30,1021.9500122070312,1022.0499877929688,1019.9500122070312,1020.2999877929688,22089,0.0,0.0,ADANIENSOL.NS
2025-12-31 14:30:00+05:30,1020.2999877929688,1022.0,1018.6500244140624,1020.8499755859376,14230,0.0,0.0,ADANIENSOL.NS
2025-12-31 14:45:00+05:30,1020.8499755859376,1026.5,1020.8499755859376,1025.699951171875,46636,0.0,0.0,ADANIENSOL.NS
2025-12-31 15:00:00+05:30,1026.4000244140625,1032.0999755859375,1022.9000244140624,1026.300048828125,138743,0.0,0.0,ADANIENSOL.NS
2025-12-31 15:15:00+05:30,1026.300048828125,1027.5,1024.0999755859375,1027.3499755859375,52730,0.0,0.0,ADANIENSOL.NS
2026-01-01 09:15:00+05:30,1029.0,1032.5,1027.0999755859375,1029.5999755859375,25871,0.0,0.0,ADANIENSOL.NS
2026-01-01 09:30:00+05:30,1029.9000244140625,1047.5,1029.9000244140625,1046.5,158729,0.0,0.0,ADANIENSOL.NS
2026-01-01 09:45:00+05:30,1046.0,1058.0,1046.0,1051.4000244140625,510451,0.0,0.0,ADANIENSOL.NS
2026-01-01 10:00:00+05:30,1051.4000244140625,1056.800048828125,1048.300048828125,1052.9000244140625,243205,0.0,0.0,ADANIENSOL.NS
2026-01-01 10:15:00+05:30,1052.9000244140625,1053.9000244140625,1042.199951171875,1049.0,181791,0.0,0.0,ADANIENSOL.NS
2026-01-01 10:30:00+05:30,1049.0,1054.9000244140625,1045.0,1054.0999755859375,154988,0.0,0.0,ADANIENSOL.NS
2026-01-01 10:45:00+05:30,1054.0,1057.4000244140625,1050.5999755859375,1055.199951171875,130275,0.0,0.0,ADANIENSOL.NS
2026-01-01 11:00:00+05:30,1055.199951171875,1061.5,1053.0,1054.300048828125,220538,0.0,0.0,ADANIENSOL.NS
2026-01-01 11:15:00+05:30,1054.5,1058.0,1050.800048828125,1054.5,94767,0.0,0.0,ADANIENSOL.NS
2026-01-01 11:30:00+05:30,1054.300048828125,1057.0,1052.4000244140625,1053.199951171875,38301,0.0,0.0,ADANIENSOL.NS
2026-01-01 11:45:00+05:30,1053.199951171875,1058.0,1051.699951171875,1057.800048828125,77639,0.0,0.0,ADANIENSOL.NS
2026-01-01 12:00:00+05:30,1057.699951171875,1059.4000244140625,1054.9000244140625,1057.0,86950,0.0,0.0,ADANIENSOL.NS
2026-01-01 12:15:00+05:30,1056.800048828125,1058.0,1054.5,1057.0,62653,0.0,0.0,ADANIENSOL.NS
2026-01-01 12:30:00+05:30,1057.0,1057.9000244140625,1053.300048828125,1055.199951171875,33536,0.0,0.0,ADANIENSOL.NS
2026-01-01 12:45:00+05:30,1055.199951171875,1057.4000244140625,1055.0,1056.4000244140625,20540,0.0,0.0,ADANIENSOL.NS
2026-01-01 13:00:00+05:30,1057.0,1057.800048828125,1055.5999755859375,1057.199951171875,25806,0.0,0.0,ADANIENSOL.NS
2026-01-01 13:15:00+05:30,1057.0999755859375,1059.9000244140625,1055.800048828125,1059.0999755859375,79665,0.0,0.0,ADANIENSOL.NS
2026-01-01 13:30:00+05:30,1059.0999755859375,1059.800048828125,1055.5,1056.800048828125,69716,0.0,0.0,ADANIENSOL.NS
2026-01-01 13:45:00+05:30,1056.800048828125,1057.800048828125,1050.5999755859375,1053.5,95360,0.0,0.0,ADANIENSOL.NS
2026-01-01 14:00:00+05:30,1053.5999755859375,1056.699951171875,1051.300048828125,1051.699951171875,43431,0.0,0.0,ADANIENSOL.NS
2026-01-01 14:15:00+05:30,1051.9000244140625,1054.0999755859375,1051.5,1052.0,25020,0.0,0.0,ADANIENSOL.NS
2026-01-01 14:30:00+05:30,1052.0,1052.9000244140625,1050.4000244140625,1051.0,29944,0.0,0.0,ADANIENSOL.NS
2026-01-01 14:45:00+05:30,1051.199951171875,1051.699951171875,1047.0,1050.5,90607,0.0,0.0,ADANIENSOL.NS
2026-01-01 15:00:00+05:30,1050.9000244140625,1051.699951171875,1045.5,1046.300048828125,83265,0.0,0.0,ADANIENSOL.NS
2026-01-01 15:15:00+05:30,1046.4000244140625,1048.5999755859375,1044.0999755859375,1048.5,168193,0.0,0.0,ADANIENSOL.NS
2026-01-02 09:15:00+05:30,1056.9000244140625,1059.800048828125,1051.9000244140625,1057.0999755859375,102818,0.0,0.0,ADANIENSOL.NS
2026-01-02 09:30:00+05:30,1056.9000244140625,1056.9000244140625,1052.0,1053.0,67845,0.0,0.0,ADANIENSOL.NS
2026-01-02 09:45:00+05:30,1053.0,1058.0,1051.0999755859375,1052.0,54692,0.0,0.0,ADANIENSOL.NS
2026-01-02 10:00:00+05:30,1052.0,1059.5,1050.4000244140625,1058.699951171875,108061,0.0,0.0,ADANIENSOL.NS
2026-01-02 10:15:00+05:30,1059.0,1059.5999755859375,1055.4000244140625,1056.9000244140625,33086,0.0,0.0,ADANIENSOL.NS
2026-01-02 10:30:00+05:30,1057.300048828125,1058.9000244140625,1056.4000244140625,1058.0999755859375,20306,0.0,0.0,ADANIENSOL.NS
2026-01-02 10:45:00+05:30,1058.0999755859375,1060.800048828125,1056.0,1059.699951171875,65019,0.0,0.0,ADANIENSOL.NS
2026-01-02 11:00:00+05:30,1060.199951171875,1061.4000244140625,1056.199951171875,1059.5,44381,0.0,0.0,ADANIENSOL.NS
2026-01-02 11:15:00+05:30,1059.199951171875,1061.699951171875,1059.0999755859375,1061.4000244140625,34383,0.0,0.0,ADANIENSOL.NS
2026-01-02 11:30:00+05:30,1061.0999755859375,1062.5,1058.0,1061.0,79758,0.0,0.0,ADANIENSOL.NS
2026-01-02 11:45:00+05:30,1060.4000244140625,1062.5,1059.800048828125,1061.0,30913,0.0,0.0,ADANIENSOL.NS
2026-01-02 12:00:00+05:30,1061.0,1062.800048828125,1060.800048828125,1061.5999755859375,22148,0.0,0.0,ADANIENSOL.NS
2026-01-02 12:15:00+05:30,1061.699951171875,1064.800048828125,1061.199951171875,1063.699951171875,48344,0.0,0.0,ADANIENSOL.NS
2026-01-02 12:30:00+05:30,1063.300048828125,1064.800048828125,1062.699951171875,1063.699951171875,42617,0.0,0.0,ADANIENSOL.NS
2026-01-02 12:45:00+05:30,1063.0999755859375,1064.0,1062.0,1062.5,17838,0.0,0.0,ADANIENSOL.NS
2026-01-02 13:00:00+05:30,1062.800048828125,1065.0,1062.4000244140625,1063.9000244140625,41774,0.0,0.0,ADANIENSOL.NS
2026-01-02 13:15:00+05:30,1064.199951171875,1067.5,1063.5,1065.9000244140625,55809,0.0,0.0,ADANIENSOL.NS
2026-01-02 13:30:00+05:30,1065.9000244140625,1065.9000244140625,1057.0999755859375,1057.9000244140625,65963,0.0,0.0,ADANIENSOL.NS
2026-01-02 13:45:00+05:30,1057.4000244140625,1059.0,1055.9000244140625,1057.699951171875,36076,0.0,0.0,ADANIENSOL.NS
2026-01-02 14:00:00+05:30,1058.0,1059.5999755859375,1056.199951171875,1058.5999755859375,23411,0.0,0.0,ADANIENSOL.NS
2026-01-02 14:15:00+05:30,1058.9000244140625,1064.0,1057.0,1061.699951171875,42879,0.0,0.0,ADANIENSOL.NS
2026-01-02 14:30:00+05:30,1061.699951171875,1062.0,1055.5999755859375,1058.300048828125,40482,0.0,0.0,ADANIENSOL.NS
2026-01-02 14:45:00+05:30,1058.5999755859375,1060.300048828125,1056.9000244140625,1060.199951171875,26055,0.0,0.0,ADANIENSOL.NS
2026-01-02 15:00:00+05:30,1060.199951171875,1061.800048828125,1058.4000244140625,1058.4000244140625,39862,0.0,0.0,ADANIENSOL.NS
2026-01-02 15:15:00+05:30,1058.699951171875,1059.0,1054.699951171875,1057.9000244140625,128231,0.0,0.0,ADANIENSOL.NS
2026-01-05 09:15:00+05:30,1055.199951171875,1057.5,1048.9000244140625,1050.4000244140625,56491,0.0,0.0,ADANIENSOL.NS
2026-01-05 09:30:00+05:30,1050.5,1051.800048828125,1043.0999755859375,1043.0999755859375,53645,0.0,0.0,ADANIENSOL.NS
2026-01-05 09:45:00+05:30,1043.4000244140625,1050.199951171875,1040.800048828125,1049.0,54359,0.0,0.0,ADANIENSOL.NS
2026-01-05 10:00:00+05:30,1049.0,1050.9000244140625,1042.0999755859375,1044.4000244140625,81430,0.0,0.0,ADANIENSOL.NS
2026-01-05 10:15:00+05:30,1045.0999755859375,1051.5,1042.5,1050.300048828125,85052,0.0,0.0,ADANIENSOL.NS
2026-01-05 10:30:00+05:30,1050.0,1050.199951171875,1046.4000244140625,1047.5,19716,0.0,0.0,ADANIENSOL.NS
2026-01-05 10:45:00+05:30,1047.5,1052.0,1046.699951171875,1049.4000244140625,12220,0.0,0.0,ADANIENSOL.NS
2026-01-05 11:00:00+05:30,1049.4000244140625,1052.5999755859375,1049.4000244140625,1052.0,13508,0.0,0.0,ADANIENSOL.NS
2026-01-05 11:15:00+05:30,1052.4000244140625,1052.5,1046.300048828125,1048.0999755859375,12797,0.0,0.0,ADANIENSOL.NS
2026-01-05 11:30:00+05:30,1048.0999755859375,1049.5,1046.0999755859375,1049.0,9570,0.0,0.0,ADANIENSOL.NS
2026-01-05 11:45:00+05:30,1049.0,1050.0,1048.199951171875,1048.9000244140625,6119,0.0,0.0,ADANIENSOL.NS
2026-01-05 12:00:00+05:30,1049.0,1052.0,1048.0,1051.4000244140625,9870,0.0,0.0,ADANIENSOL.NS
2026-01-05 12:15:00+05:30,1051.4000244140625,1057.0999755859375,1051.4000244140625,1054.4000244140625,34275,0.0,0.0,ADANIENSOL.NS
2026-01-05 12:30:00+05:30,1055.0,1055.699951171875,1049.0999755859375,1050.0,17168,0.0,0.0,ADANIENSOL.NS
2026-01-05 12:45:00+05:30,1050.5,1051.0999755859375,1049.199951171875,1049.5,17913,0.0,0.0,ADANIENSOL.NS
2026-01-05 13:00:00+05:30,1049.300048828125,1050.4000244140625,1047.4000244140625,1048.0999755859375,11621,0.0,0.0,ADANIENSOL.NS
2026-01-05 13:15:00+05:30,1048.0999755859375,1050.0,1047.5,1048.199951171875,6759,0.0,0.0,ADANIENSOL.NS
2026-01-05 13:30:00+05:30,1048.0999755859375,1048.0999755859375,1046.0,1047.300048828125,10472,0.0,0.0,ADANIENSOL.NS
2026-01-05 13:45:00+05:30,1048.0,1048.199951171875,1044.0,1045.0,38586,0.0,0.0,ADANIENSOL.NS
2026-01-05 14:00:00+05:30,1045.0,1045.199951171875,1041.199951171875,1043.199951171875,29027,0.0,0.0,ADANIENSOL.NS
2026-01-05 14:15:00+05:30,1043.199951171875,1044.199951171875,1041.0999755859375,1042.699951171875,26968,0.0,0.0,ADANIENSOL.NS
2026-01-05 14:30:00+05:30,1042.9000244140625,1043.9000244140625,1040.199951171875,1042.0,16286,0.0,0.0,ADANIENSOL.NS
2026-01-05 14:45:00+05:30,1041.5999755859375,1047.0999755859375,1041.0999755859375,1046.800048828125,34062,0.0,0.0,ADANIENSOL.NS
2026-01-05 15:00:00+05:30,1048.9000244140625,1049.199951171875,1044.4000244140625,1047.0999755859375,28816,0.0,0.0,ADANIENSOL.NS
2026-01-05 15:15:00+05:30,1046.800048828125,1046.800048828125,1042.5999755859375,1043.0,59888,0.0,0.0,ADANIENSOL.NS
2026-01-06 09:15:00+05:30,1046.9000244140625,1056.5,1045.300048828125,1052.199951171875,50824,0.0,0.0,ADANIENSOL.NS
2026-01-06 09:30:00+05:30,1052.0999755859375,1056.0,1049.0999755859375,1050.4000244140625,82203,0.0,0.0,ADANIENSOL.NS
2026-01-06 09:45:00+05:30,1050.199951171875,1054.800048828125,1048.5999755859375,1052.9000244140625,53335,0.0,0.0,ADANIENSOL.NS
2026-01-06 10:00:00+05:30,1053.0,1054.5,1052.0999755859375,1052.800048828125,35076,0.0,0.0,ADANIENSOL.NS
2026-01-06 10:15:00+05:30,1052.0999755859375,1056.0,1051.699951171875,1055.0,38214,0.0,0.0,ADANIENSOL.NS
2026-01-06 10:30:00+05:30,1054.699951171875,1056.800048828125,1052.9000244140625,1053.300048828125,31307,0.0,0.0,ADANIENSOL.NS
2026-01-06 10:45:00+05:30,1053.300048828125,1056.4000244140625,1047.4000244140625,1048.0,47034,0.0,0.0,ADANIENSOL.NS
2026-01-06 11:00:00+05:30,1048.0,1050.0,1044.300048828125,1044.300048828125,39505,0.0,0.0,ADANIENSOL.NS
2026-01-06 11:15:00+05:30,1044.699951171875,1044.9000244140625,1037.800048828125,1041.199951171875,80278,0.0,0.0,ADANIENSOL.NS
2026-01-06 11:30:00+05:30,1041.0999755859375,1048.5999755859375,1041.0999755859375,1048.5,27123,0.0,0.0,ADANIENSOL.NS
2026-01-06 11:45:00+05:30,1048.0,1048.5999755859375,1046.9000244140625,1047.5999755859375,11747,0.0,0.0,ADANIENSOL.NS
2026-01-06 12:00:00+05:30,1047.199951171875,1048.0,1045.699951171875,1046.699951171875,11719,0.0,0.0,ADANIENSOL.NS
2026-01-06 12:15:00+05:30,1046.0999755859375,1047.0,1044.4000244140625,1045.0,16579,0.0,0.0,ADANIENSOL.NS
2026-01-06 12:30:00+05:30,1045.5,1048.4000244140625,1044.5,1046.4000244140625,18025,0.0,0.0,ADANIENSOL.NS
2026-01-06 12:45:00+05:30,1046.5,1049.4000244140625,1045.0,1046.199951171875,22872,0.0,0.0,ADANIENSOL.NS
2026-01-06 13:00:00+05:30,1046.699951171875,1049.199951171875,1045.699951171875,1046.5999755859375,18532,0.0,0.0,ADANIENSOL.NS
2026-01-06 13:15:00+05:30,1046.5999755859375,1046.5999755859375,1044.0999755859375,1045.300048828125,13978,0.0,0.0,ADANIENSOL.NS
2026-01-06 13:30:00+05:30,1045.4000244140625,1047.300048828125,1043.5999755859375,1046.5,24217,0.0,0.0,ADANIENSOL.NS
2026-01-06 13:45:00+05:30,1047.0999755859375,1047.5,1044.300048828125,1044.9000244140625,21258,0.0,0.0,ADANIENSOL.NS
2026-01-06 14:00:00+05:30,1044.699951171875,1045.199951171875,1041.199951171875,1042.4000244140625,32147,0.0,0.0,ADANIENSOL.NS
2026-01-06 14:15:00+05:30,1042.0,1042.0,1038.300048828125,1039.0999755859375,26213,0.0,0.0,ADANIENSOL.NS
2026-01-06 14:30:00+05:30,1039.199951171875,1041.4000244140625,1036.5,1040.300048828125,23678,0.0,0.0,ADANIENSOL.NS
2026-01-06 14:45:00+05:30,1040.300048828125,1046.5999755859375,1039.4000244140625,1046.4000244140625,55855,0.0,0.0,ADANIENSOL.NS
2026-01-06 15:00:00+05:30,1047.0,1047.199951171875,1044.300048828125,1044.4000244140625,48238,0.0,0.0,ADANIENSOL.NS
2026-01-06 15:15:00+05:30,1044.4000244140625,1044.9000244140625,1041.4000244140625,1043.4000244140625,81951,0.0,0.0,ADANIENSOL.NS
2026-01-07 09:15:00+05:30,1040.9000244140625,1044.5999755859375,1035.5,1037.0,29417,0.0,0.0,ADANIENSOL.NS
2026-01-07 09:30:00+05:30,1037.199951171875,1039.0,1033.300048828125,1034.0,19639,0.0,0.0,ADANIENSOL.NS
2026-01-07 09:45:00+05:30,1034.0,1036.0999755859375,1028.5,1036.0,46279,0.0,0.0,ADANIENSOL.NS
2026-01-07 10:00:00+05:30,1035.699951171875,1040.4000244140625,1035.300048828125,1040.199951171875,28473,0.0,0.0,ADANIENSOL.NS
2026-01-07 10:15:00+05:30,1040.199951171875,1043.5,1040.199951171875,1041.5,24353,0.0,0.0,ADANIENSOL.NS
2026-01-07 10:30:00+05:30,1041.800048828125,1044.0,1040.5,1043.300048828125,21201,0.0,0.0,ADANIENSOL.NS
2026-01-07 10:45:00+05:30,1043.5,1047.9000244140625,1042.5,1046.5999755859375,31844,0.0,0.0,ADANIENSOL.NS
2026-01-07 11:00:00+05:30,1046.5999755859375,1046.800048828125,1043.5,1044.0,14586,0.0,0.0,ADANIENSOL.NS
2026-01-07 11:15:00+05:30,1043.699951171875,1044.0,1041.0999755859375,1042.199951171875,10755,0.0,0.0,ADANIENSOL.NS
2026-01-07 11:30:00+05:30,1042.300048828125,1044.9000244140625,1042.300048828125,1043.5,6320,0.0,0.0,ADANIENSOL.NS
2026-01-07 11:45:00+05:30,1043.5,1043.5,1041.0,1041.199951171875,6479,0.0,0.0,ADANIENSOL.NS
2026-01-07 12:00:00+05:30,1041.199951171875,1042.199951171875,1040.0999755859375,1041.800048828125,7506,0.0,0.0,ADANIENSOL.NS
2026-01-07 12:15:00+05:30,1041.800048828125,1042.0,1038.300048828125,1038.9000244140625,19574,0.0,0.0,ADANIENSOL.NS
2026-01-07 12:30:00+05:30,1039.0,1039.4000244140625,1034.300048828125,1035.0999755859375,10142,0.0,0.0,ADANIENSOL.NS
2026-01-07 12:45:00+05:30,1035.0999755859375,1037.300048828125,1034.699951171875,1037.300048828125,4921,0.0,0.0,ADANIENSOL.NS
2026-01-07 13:00:00+05:30,1036.9000244140625,1038.5999755859375,1036.9000244140625,1037.0999755859375,9135,0.0,0.0,ADANIENSOL.NS
2026-01-07 13:15:00+05:30,1037.300048828125,1037.5999755859375,1032.800048828125,1032.9000244140625,24406,0.0,0.0,ADANIENSOL.NS
2026-01-07 13:30:00+05:30,1032.9000244140625,1033.5999755859375,1030.5,1031.0,13677,0.0,0.0,ADANIENSOL.NS
2026-01-07 13:45:00+05:30,1031.0,1033.5999755859375,1030.199951171875,1033.5999755859375,9401,0.0,0.0,ADANIENSOL.NS
2026-01-07 14:00:00+05:30,1033.5999755859375,1034.800048828125,1032.0,1034.5999755859375,8973,0.0,0.0,ADANIENSOL.NS
2026-01-07 14:15:00+05:30,1034.199951171875,1034.199951171875,1031.800048828125,1032.4000244140625,10077,0.0,0.0,ADANIENSOL.NS
2026-01-07 14:30:00+05:30,1032.4000244140625,1033.0999755859375,1030.5999755859375,1032.5,9166,0.0,0.0,ADANIENSOL.NS
2026-01-07 14:45:00+05:30,1032.5,1037.0999755859375,1031.5999755859375,1036.5999755859375,21989,0.0,0.0,ADANIENSOL.NS
2026-01-07 15:00:00+05:30,1037.4000244140625,1037.4000244140625,1033.800048828125,1035.5999755859375,29480,0.0,0.0,ADANIENSOL.NS
2026-01-07 15:15:00+05:30,1035.800048828125,1035.800048828125,1030.5999755859375,1033.5,56161,0.0,0.0,ADANIENSOL.NS
2026-01-08 09:15:00+05:30,1032.0,1032.0,1022.0999755859376,1023.2999877929688,32362,0.0,0.0,ADANIENSOL.NS
2026-01-08 09:30:00+05:30,1023.2999877929688,1025.0,1017.0999755859376,1024.199951171875,60470,0.0,0.0,ADANIENSOL.NS
2026-01-08 09:45:00+05:30,1024.199951171875,1026.0,1019.5,1025.800048828125,35146,0.0,0.0,ADANIENSOL.NS
2026-01-08 10:00:00+05:30,1025.5,1025.5,1016.7999877929688,1019.4000244140624,49654,0.0,0.0,ADANIENSOL.NS
2026-01-08 10:15:00+05:30,1019.4000244140624,1020.2000122070312,1015.2000122070312,1018.4000244140624,34129,0.0,0.0,ADANIENSOL.NS
2026-01-08 10:30:00+05:30,1018.4000244140624,1020.5999755859376,1014.0,1015.4000244140624,39971,0.0,0.0,ADANIENSOL.NS
2026-01-08 10:45:00+05:30,1015.0,1016.0999755859376,1012.2999877929688,1013.5,32690,0.0,0.0,ADANIENSOL.NS
2026-01-08 11:00:00+05:30,1013.4000244140624,1013.9000244140624,1009.2000122070312,1009.5999755859376,39755,0.0,0.0,ADANIENSOL.NS
2026-01-08 11:15:00+05:30,1009.2999877929688,1009.5999755859376,1005.2999877929688,1005.7999877929688,79883,0.0,0.0,ADANIENSOL.NS
2026-01-08 11:30:00+05:30,1006.0,1011.4000244140624,1004.5,1008.5999755859376,72651,0.0,0.0,ADANIENSOL.NS
2026-01-08 11:45:00+05:30,1008.7000122070312,1008.7000122070312,998.9000244140624,999.4000244140624,71636,0.0,0.0,ADANIENSOL.NS
2026-01-08 12:00:00+05:30,999.4000244140624,1002.5,996.5,1002.4000244140624,41706,0.0,0.0,ADANIENSOL.NS
2026-01-08 12:15:00+05:30,1002.4000244140624,1006.5999755859376,1001.5,1003.2999877929688,43449,0.0,0.0,ADANIENSOL.NS
2026-01-08 12:30:00+05:30,1003.2999877929688,1003.5,1001.0,1002.5,21136,0.0,0.0,ADANIENSOL.NS
2026-01-08 12:45:00+05:30,1002.7000122070312,1003.4000244140624,1001.0,1002.2999877929688,17705,0.0,0.0,ADANIENSOL.NS
2026-01-08 13:00:00+05:30,1002.2000122070312,1005.0,1000.9000244140624,1004.2999877929688,21036,0.0,0.0,ADANIENSOL.NS
2026-01-08 13:15:00+05:30,1004.0,1004.4000244140624,1000.9000244140624,1001.0,21355,0.0,0.0,ADANIENSOL.NS
2026-01-08 13:30:00+05:30,1001.0,1001.0999755859376,999.5,1001.0999755859376,21852,0.0,0.0,ADANIENSOL.NS
2026-01-08 13:45:00+05:30,1001.4000244140624,1004.0999755859376,1001.4000244140624,1002.5,21816,0.0,0.0,ADANIENSOL.NS
2026-01-08 14:00:00+05:30,1002.5999755859376,1003.0999755859376,998.0999755859376,999.0,25825,0.0,0.0,ADANIENSOL.NS
2026-01-08 14:15:00+05:30,999.0,999.7999877929688,994.7999877929688,995.0,45981,0.0,0.0,ADANIENSOL.NS
2026-01-08 14:30:00+05:30,995.2999877929688,1001.7000122070312,995.0,1001.5,53661,0.0,0.0,ADANIENSOL.NS
2026-01-08 14:45:00+05:30,1001.5999755859376,1004.9000244140624,1000.2000122070312,1004.2000122070312,73661,0.0,0.0,ADANIENSOL.NS
2026-01-08 15:00:00+05:30,1004.7000122070312,1004.7000122070312,994.7000122070312,995.5,64871,0.0,0.0,ADANIENSOL.NS
2026-01-08 15:15:00+05:30,995.5,996.0,988.0999755859376,994.2999877929688,113517,0.0,0.0,ADANIENSOL.NS
2026-01-09 09:15:00+05:30,996.0,999.0999755859376,987.0,987.5,54186,0.0,0.0,ADANIENSOL.NS
2026-01-09 09:30:00+05:30,986.5,988.5999755859376,980.0,984.5999755859376,53554,0.0,0.0,ADANIENSOL.NS
2026-01-09 09:45:00+05:30,984.7000122070312,996.5999755859376,984.5999755859376,994.9000244140624,45373,0.0,0.0,ADANIENSOL.NS
2026-01-09 10:00:00+05:30,994.7999877929688,995.7000122070312,987.0,987.4000244140624,38409,0.0,0.0,ADANIENSOL.NS
2026-01-09 10:15:00+05:30,988.5999755859376,998.4000244140624,987.0,995.5999755859376,25253,0.0,0.0,ADANIENSOL.NS
2026-01-09 10:30:00+05:30,995.0999755859376,995.0999755859376,986.7000122070312,988.4000244140624,22846,0.0,0.0,ADANIENSOL.NS
2026-01-09 10:45:00+05:30,988.2999877929688,989.5999755859376,984.2999877929688,985.2999877929688,22527,0.0,0.0,ADANIENSOL.NS
2026-01-09 11:00:00+05:30,985.2999877929688,985.5,982.7000122070312,983.5,18520,0.0,0.0,ADANIENSOL.NS
2026-01-09 11:15:00+05:30,983.0999755859376,983.5999755859376,977.2999877929688,981.0,34222,0.0,0.0,ADANIENSOL.NS
2026-01-09 11:30:00+05:30,981.0,983.2000122070312,976.9000244140624,977.5,18433,0.0,0.0,ADANIENSOL.NS
2026-01-09 11:45:00+05:30,977.2999877929688,977.7999877929688,974.4000244140624,974.5,22973,0.0,0.0,ADANIENSOL.NS
2026-01-09 12:00:00+05:30,974.5,976.7999877929688,972.5999755859376,972.5999755859376,19800,0.0,0.0,ADANIENSOL.NS
2026-01-09 12:15:00+05:30,973.2000122070312,975.5,971.0,971.0999755859376,26725,0.0,0.0,ADANIENSOL.NS
2026-01-09 12:30:00+05:30,971.0,971.9000244140624,967.0,968.0,38816,0.0,0.0,ADANIENSOL.NS
2026-01-09 12:45:00+05:30,968.7000122070312,972.5,967.2999877929688,971.5,43357,0.0,0.0,ADANIENSOL.NS
2026-01-09 13:00:00+05:30,971.5999755859376,972.2000122070312,969.7000122070312,969.7999877929688,15830,0.0,0.0,ADANIENSOL.NS
2026-01-09 13:15:00+05:30,969.7000122070312,970.5,967.2000122070312,969.0999755859376,23867,0.0,0.0,ADANIENSOL.NS
2026-01-09 13:30:00+05:30,969.0,975.5999755859376,968.0,970.0,28348,0.0,0.0,ADANIENSOL.NS
2026-01-09 13:45:00+05:30,970.0999755859376,970.5,966.2999877929688,968.7000122070312,24210,0.0,0.0,ADANIENSOL.NS
2026-01-09 14:00:00+05:30,968.2999877929688,969.4000244140624,964.0999755859376,964.9000244140624,28013,0.0,0.0,ADANIENSOL.NS
2026-01-09 14:15:00+05:30,964.7999877929688,965.7999877929688,960.0,960.0999755859376,53363,0.0,0.0,ADANIENSOL.NS
2026-01-09 14:30:00+05:30,960.4000244140624,963.5999755859376,956.0,962.7999877929688,61820,0.0,0.0,ADANIENSOL.NS
2026-01-09 14:45:00+05:30,962.5,970.0999755859376,962.0,968.2999877929688,55494,0.0,0.0,ADANIENSOL.NS
2026-01-09 15:00:00+05:30,970.4000244140624,970.4000244140624,963.2999877929688,964.2000122070312,54606,0.0,0.0,ADANIENSOL.NS
2026-01-09 15:15:00+05:30,964.0,964.2999877929688,952.0,956.0,116517,0.0,0.0,ADANIENSOL.NS
2026-01-12 09:15:00+05:30,959.9000244140624,959.9000244140624,941.5,941.9000244140624,63612,0.0,0.0,ADANIENSOL.NS
2026-01-12 09:30:00+05:30,942.0,948.4000244140624,938.7000122070312,939.0,78863,0.0,0.0,ADANIENSOL.NS
2026-01-12 09:45:00+05:30,938.7999877929688,947.7000122070312,935.5999755859376,935.5999755859376,76864,0.0,0.0,ADANIENSOL.NS
2026-01-12 10:00:00+05:30,936.0,940.9000244140624,934.2000122070312,934.2999877929688,81531,0.0,0.0,ADANIENSOL.NS
2026-01-12 10:15:00+05:30,934.2000122070312,941.2999877929688,933.0999755859376,938.2000122070312,70655,0.0,0.0,ADANIENSOL.NS
2026-01-12 10:30:00+05:30,938.0,938.0999755859376,934.2000122070312,934.7999877929688,28472,0.0,0.0,ADANIENSOL.NS
2026-01-12 10:45:00+05:30,934.2000122070312,937.5,932.2000122070312,935.4000244140624,67554,0.0,0.0,ADANIENSOL.NS
2026-01-12 11:00:00+05:30,934.9000244140624,935.5999755859376,928.4000244140624,928.5,39319,0.0,0.0,ADANIENSOL.NS
2026-01-12 11:15:00+05:30,929.0,931.7000122070312,928.0999755859376,928.7000122070312,45781,0.0,0.0,ADANIENSOL.NS
2026-01-12 11:30:00+05:30,928.2999877929688,931.0,928.0999755859376,930.7000122070312,23722,0.0,0.0,ADANIENSOL.NS
2026-01-12 11:45:00+05:30,930.2999877929688,934.5,930.0,933.4000244140624,32633,0.0,0.0,ADANIENSOL.NS
2026-01-12 12:00:00+05:30,933.4000244140624,943.4000244140624,932.2000122070312,943.4000244140624,77249,0.0,0.0,ADANIENSOL.NS
2026-01-12 12:15:00+05:30,943.4000244140624,945.7999877929688,939.2999877929688,944.0,77874,0.0,0.0,ADANIENSOL.NS
2026-01-12 12:30:00+05:30,944.0,950.9000244140624,944.0,950.9000244140624,62745,0.0,0.0,ADANIENSOL.NS
2026-01-12 12:45:00+05:30,950.5,952.4000244140624,947.5999755859376,950.9000244140624,39092,0.0,0.0,ADANIENSOL.NS
2026-01-12 13:00:00+05:30,950.2999877929688,950.2999877929688,945.5999755859376,949.5999755859376,20298,0.0,0.0,ADANIENSOL.NS
2026-01-12 13:15:00+05:30,949.9000244140624,951.7000122070312,946.0,946.0,18004,0.0,0.0,ADANIENSOL.NS
2026-01-12 13:30:00+05:30,946.0999755859376,950.0999755859376,945.7000122070312,945.7000122070312,22284,0.0,0.0,ADANIENSOL.NS
2026-01-12 13:45:00+05:30,945.7000122070312,946.5999755859376,940.0999755859376,941.5,47585,0.0,0.0,ADANIENSOL.NS
2026-01-12 14:00:00+05:30,941.0999755859376,944.7000122070312,938.7999877929688,942.7000122070312,41438,0.0,0.0,ADANIENSOL.NS
2026-01-12 14:15:00+05:30,942.2000122070312,944.5,941.0,941.5,12189,0.0,0.0,ADANIENSOL.NS
2026-01-12 14:30:00+05:30,941.9000244140624,946.7000122070312,937.5,946.4000244140624,37198,0.0,0.0,ADANIENSOL.NS
2026-01-12 14:45:00+05:30,946.2000122070312,954.2000122070312,945.0,953.0999755859376,97702,0.0,0.0,ADANIENSOL.NS
2026-01-12 15:00:00+05:30,952.0,952.7000122070312,948.2999877929688,949.2999877929688,66680,0.0,0.0,ADANIENSOL.NS
2026-01-12 15:15:00+05:30,949.5999755859376,956.0,948.5999755859376,950.9000244140624,71750,0.0,0.0,ADANIENSOL.NS
2026-01-13 09:15:00+05:30,960.5999755859376,961.7999877929688,944.4000244140624,945.4000244140624,79576,0.0,0.0,ADANIENSOL.NS
2026-01-13 09:30:00+05:30,945.4000244140624,946.2999877929688,935.4000244140624,939.0,126798,0.0,0.0,ADANIENSOL.NS
2026-01-13 09:45:00+05:30,938.9000244140624,945.2999877929688,936.0999755859376,936.5999755859376,104294,0.0,0.0,ADANIENSOL.NS
2026-01-13 10:00:00+05:30,935.5999755859376,944.7000122070312,934.7000122070312,938.4000244140624,72775,0.0,0.0,ADANIENSOL.NS
2026-01-13 10:15:00+05:30,938.0999755859376,940.5999755859376,936.4000244140624,940.0999755859376,64954,0.0,0.0,ADANIENSOL.NS
2026-01-13 10:30:00+05:30,939.7999877929688,941.5,932.5999755859376,934.0999755859376,60444,0.0,0.0,ADANIENSOL.NS
2026-01-13 10:45:00+05:30,934.2000122070312,935.2999877929688,932.2000122070312,934.0999755859376,63505,0.0,0.0,ADANIENSOL.NS
2026-01-13 11:00:00+05:30,934.2999877929688,936.5,932.5,934.7999877929688,51518,0.0,0.0,ADANIENSOL.NS
2026-01-13 11:15:00+05:30,934.7999877929688,938.5999755859376,934.0,937.4000244140624,46173,0.0,0.0,ADANIENSOL.NS
2026-01-13 11:30:00+05:30,937.2999877929688,937.7999877929688,933.4000244140624,933.7999877929688,39010,0.0,0.0,ADANIENSOL.NS
2026-01-13 11:45:00+05:30,933.9000244140624,933.9000244140624,933.0999755859376,933.7999877929688,3573,0.0,0.0,ADANIENSOL.NS
2026-01-13 12:00:00+05:30,932.5999755859376,932.5999755859376,930.5,930.7999877929688,61590,0.0,0.0,ADANIENSOL.NS
2026-01-13 12:15:00+05:30,930.5999755859376,935.5999755859376,930.5999755859376,935.5999755859376,47628,0.0,0.0,ADANIENSOL.NS
2026-01-13 12:30:00+05:30,936.0,938.5999755859376,932.2000122070312,934.0,45105,0.0,0.0,ADANIENSOL.NS
2026-01-13 12:45:00+05:30,933.5999755859376,933.5999755859376,930.0,930.0,25631,0.0,0.0,ADANIENSOL.NS
2026-01-13 13:00:00+05:30,930.2000122070312,932.0,928.4000244140624,931.9000244140624,40004,0.0,0.0,ADANIENSOL.NS
2026-01-13 13:15:00+05:30,931.9000244140624,934.5,930.5999755859376,931.5,44234,0.0,0.0,ADANIENSOL.NS
2026-01-13 13:30:00+05:30,931.5999755859376,933.5999755859376,930.5999755859376,933.5999755859376,45109,0.0,0.0,ADANIENSOL.NS
2026-01-13 13:45:00+05:30,933.5999755859376,933.5999755859376,929.5,929.5,48817,0.0,0.0,ADANIENSOL.NS
2026-01-13 14:00:00+05:30,929.9000244140624,929.9000244140624,924.9000244140624,926.5999755859376,67884,0.0,0.0,ADANIENSOL.NS
2026-01-13 14:15:00+05:30,925.7999877929688,926.2000122070312,923.2000122070312,923.7999877929688,123441,0.0,0.0,ADANIENSOL.NS
2026-01-13 14:30:00+05:30,924.0999755859376,930.9000244140624,923.7000122070312,928.7999877929688,96150,0.0,0.0,ADANIENSOL.NS
2026-01-13 14:45:00+05:30,929.2000122070312,936.7000122070312,928.5,935.2999877929688,122324,0.0,0.0,ADANIENSOL.NS
2026-01-13 15:00:00+05:30,935.0999755859376,936.0,931.7000122070312,932.4000244140624,101699,0.0,0.0,ADANIENSOL.NS
2026-01-13 15:15:00+05:30,931.7999877929688,936.0,930.5999755859376,933.0,186623,0.0,0.0,ADANIENSOL.NS
2026-01-14 09:15:00+05:30,936.9000244140624,936.9000244140624,921.0,929.0999755859376,70984,0.0,0.0,ADANIENSOL.NS
2026-01-14 09:30:00+05:30,928.7999877929688,929.5999755859376,923.0999755859376,923.2000122070312,90235,0.0,0.0,ADANIENSOL.NS
2026-01-14 09:45:00+05:30,923.9000244140624,927.4000244140624,922.4000244140624,924.5,67171,0.0,0.0,ADANIENSOL.NS
2026-01-14 10:00:00+05:30,924.7000122070312,925.9000244140624,921.4000244140624,922.0999755859376,53604,0.0,0.0,ADANIENSOL.NS
2026-01-14 10:15:00+05:30,922.2000122070312,924.2999877929688,919.0,922.9000244140624,67849,0.0,0.0,ADANIENSOL.NS
2026-01-14 10:30:00+05:30,923.2000122070312,928.0,922.0,924.0999755859376,87482,0.0,0.0,ADANIENSOL.NS
2026-01-14 10:45:00+05:30,924.0999755859376,927.7000122070312,924.0,927.7000122070312,44626,0.0,0.0,ADANIENSOL.NS
2026-01-14 11:00:00+05:30,928.0,929.2999877929688,925.0,925.5999755859376,42985,0.0,0.0,ADANIENSOL.NS
2026-01-14 11:15:00+05:30,925.7000122070312,928.0,924.0,924.7999877929688,36554,0.0,0.0,ADANIENSOL.NS
2026-01-14 11:30:00+05:30,924.7999877929688,925.9000244140624,923.4000244140624,924.5999755859376,20181,0.0,0.0,ADANIENSOL.NS
2026-01-14 11:45:00+05:30,924.5999755859376,927.0,924.5999755859376,925.7000122070312,25564,0.0,0.0,ADANIENSOL.NS
2026-01-14 12:00:00+05:30,925.7000122070312,928.2999877929688,923.0,925.0,53044,0.0,0.0,ADANIENSOL.NS
2026-01-14 12:15:00+05:30,925.0999755859376,929.7999877929688,924.5999755859376,929.0,66244,0.0,0.0,ADANIENSOL.NS
2026-01-14 12:30:00+05:30,929.0,931.5999755859376,927.5999755859376,927.9000244140624,86675,0.0,0.0,ADANIENSOL.NS
2026-01-14 12:45:00+05:30,927.9000244140624,933.9000244140624,927.9000244140624,930.5,73802,0.0,0.0,ADANIENSOL.NS
2026-01-14 13:00:00+05:30,930.5999755859376,932.4000244140624,930.0,931.5,15584,0.0,0.0,ADANIENSOL.NS
2026-01-14 13:15:00+05:30,931.5999755859376,932.2999877929688,926.5,928.2000122070312,20150,0.0,0.0,ADANIENSOL.NS
2026-01-14 13:30:00+05:30,928.2000122070312,928.5999755859376,925.7000122070312,926.2999877929688,22468,0.0,0.0,ADANIENSOL.NS
2026-01-14 13:45:00+05:30,926.2000122070312,927.9000244140624,925.2999877929688,926.0999755859376,13596,0.0,0.0,ADANIENSOL.NS
2026-01-14 14:00:00+05:30,926.0,926.7000122070312,924.0999755859376,925.5,36099,0.0,0.0,ADANIENSOL.NS
2026-01-14 14:15:00+05:30,925.5,925.7999877929688,922.5,922.7000122070312,35633,0.0,0.0,ADANIENSOL.NS
2026-01-14 14:30:00+05:30,922.7999877929688,928.0999755859376,922.0,926.0999755859376,84462,0.0,0.0,ADANIENSOL.NS
2026-01-14 14:45:00+05:30,926.0,928.2999877929688,924.5999755859376,925.0,58251,0.0,0.0,ADANIENSOL.NS
2026-01-14 15:00:00+05:30,924.5,924.7999877929688,922.0,922.7999877929688,127598,0.0,0.0,ADANIENSOL.NS
2026-01-14 15:15:00+05:30,922.9000244140624,924.2000122070312,921.0,922.5999755859376,166768,0.0,0.0,ADANIENSOL.NS
2026-01-16 09:15:00+05:30,921.9000244140624,929.4000244140624,918.9000244140624,919.5,73048,0.0,0.0,ADANIENSOL.NS
2026-01-16 09:30:00+05:30,919.5,919.9000244140624,916.0,917.0,78952,0.0,0.0,ADANIENSOL.NS
2026-01-16 09:45:00+05:30,916.9000244140624,924.0,916.9000244140624,920.5999755859376,84619,0.0,0.0,ADANIENSOL.NS
2026-01-16 10:00:00+05:30,920.5,926.0,920.5,925.0,61708,0.0,0.0,ADANIENSOL.NS
2026-01-16 10:15:00+05:30,925.0,926.0,923.0,925.0,69228,0.0,0.0,ADANIENSOL.NS
2026-01-16 10:30:00+05:30,925.2000122070312,928.0,921.0999755859376,921.5,102844,0.0,0.0,ADANIENSOL.NS
2026-01-16 10:45:00+05:30,921.2000122070312,923.2000122070312,920.5999755859376,921.7999877929688,57336,0.0,0.0,ADANIENSOL.NS
2026-01-16 11:00:00+05:30,921.7999877929688,922.4000244140624,919.0999755859376,919.2000122070312,39434,0.0,0.0,ADANIENSOL.NS
2026-01-16 11:15:00+05:30,919.2000122070312,920.5,918.2999877929688,919.2999877929688,30327,0.0,0.0,ADANIENSOL.NS
2026-01-16 11:30:00+05:30,919.5,922.7000122070312,919.4000244140624,922.2999877929688,41700,0.0,0.0,ADANIENSOL.NS
2026-01-16 11:45:00+05:30,922.5999755859376,923.0,920.2000122070312,920.2999877929688,24458,0.0,0.0,ADANIENSOL.NS
2026-01-16 12:00:00+05:30,920.2999877929688,921.2000122070312,919.2000122070312,919.5999755859376,24094,0.0,0.0,ADANIENSOL.NS
2026-01-16 12:15:00+05:30,919.2999877929688,919.5,913.9000244140624,914.4000244140624,46175,0.0,0.0,ADANIENSOL.NS
2026-01-16 12:30:00+05:30,914.4000244140624,915.2000122070312,913.0,913.5999755859376,48789,0.0,0.0,ADANIENSOL.NS
2026-01-16 12:45:00+05:30,913.5,914.5999755859376,912.7999877929688,913.2000122070312,41012,0.0,0.0,ADANIENSOL.NS
2026-01-16 13:00:00+05:30,913.0,914.4000244140624,912.2999877929688,913.0,21319,0.0,0.0,ADANIENSOL.NS
2026-01-16 13:15:00+05:30,912.5999755859376,913.0,908.0,909.2000122070312,66671,0.0,0.0,ADANIENSOL.NS
2026-01-16 13:30:00+05:30,909.2000122070312,910.5999755859376,908.0999755859376,909.0,39134,0.0,0.0,ADANIENSOL.NS
2026-01-16 13:45:00+05:30,909.2999877929688,909.2999877929688,907.0,907.0,54520,0.0,0.0,ADANIENSOL.NS
2026-01-16 14:00:00+05:30,907.2000122070312,908.5,906.2000122070312,906.7000122070312,36619,0.0,0.0,ADANIENSOL.NS
2026-01-16 14:15:00+05:30,906.5,907.2999877929688,904.2999877929688,905.5999755859376,60015,0.0,0.0,ADANIENSOL.NS
2026-01-16 14:30:00+05:30,905.7000122070312,909.0,904.2999877929688,908.4000244140624,62399,0.0,0.0,ADANIENSOL.NS
2026-01-16 14:45:00+05:30,908.0,916.0,907.4000244140624,914.0999755859376,248381,0.0,0.0,ADANIENSOL.NS
2026-01-16 15:00:00+05:30,912.9000244140624,913.2999877929688,908.5,908.5999755859376,91427,0.0,0.0,ADANIENSOL.NS
2026-01-16 15:15:00+05:30,908.5999755859376,909.4000244140624,903.2999877929688,903.2999877929688,161303,0.0,0.0,ADANIENSOL.NS
2026-01-19 09:15:00+05:30,908.5,921.0,904.2999877929688,914.0,60463,0.0,0.0,ADANIENSOL.NS
2026-01-19 09:30:00+05:30,914.5,915.2999877929688,910.0,911.0999755859376,50696,0.0,0.0,ADANIENSOL.NS
2026-01-19 09:45:00+05:30,911.0999755859376,914.7000122070312,909.0,910.7000122070312,37305,0.0,0.0,ADANIENSOL.NS
2026-01-19 10:00:00+05:30,910.7000122070312,912.5,908.2000122070312,911.7999877929688,38377,0.0,0.0,ADANIENSOL.NS
2026-01-19 10:15:00+05:30,911.7000122070312,911.7999877929688,906.9000244140624,907.5999755859376,23795,0.0,0.0,ADANIENSOL.NS
2026-01-19 10:30:00+05:30,907.5,907.7999877929688,904.5,906.0,25274,0.0,0.0,ADANIENSOL.NS
2026-01-19 10:45:00+05:30,905.7999877929688,909.5,905.7999877929688,909.5,23074,0.0,0.0,ADANIENSOL.NS
2026-01-19 11:00:00+05:30,909.2000122070312,912.9000244140624,907.7999877929688,908.2999877929688,31927,0.0,0.0,ADANIENSOL.NS
2026-01-19 11:15:00+05:30,908.7000122070312,908.7000122070312,905.5,906.4000244140624,18207,0.0,0.0,ADANIENSOL.NS
2026-01-19 11:30:00+05:30,906.4000244140624,907.2000122070312,904.0999755859376,906.4000244140624,35343,0.0,0.0,ADANIENSOL.NS
2026-01-19 11:45:00+05:30,906.5,908.5999755859376,905.2999877929688,906.0,18710,0.0,0.0,ADANIENSOL.NS
2026-01-19 12:00:00+05:30,906.0,906.4000244140624,904.4000244140624,906.4000244140624,10110,0.0,0.0,ADANIENSOL.NS
2026-01-19 12:15:00+05:30,906.4000244140624,907.7999877929688,904.0999755859376,904.5999755859376,16148,0.0,0.0,ADANIENSOL.NS
2026-01-19 12:30:00+05:30,904.9000244140624,906.5,904.0,906.2999877929688,13382,0.0,0.0,ADANIENSOL.NS
2026-01-19 12:45:00+05:30,906.7999877929688,907.7999877929688,905.0999755859376,907.2000122070312,17035,0.0,0.0,ADANIENSOL.NS
2026-01-19 13:00:00+05:30,907.0,907.7999877929688,906.0,907.2999877929688,21703,0.0,0.0,ADANIENSOL.NS
2026-01-19 13:15:00+05:30,907.0999755859376,908.9000244140624,906.7000122070312,907.2000122070312,16755,0.0,0.0,ADANIENSOL.NS
2026-01-19 13:30:00+05:30,907.4000244140624,910.7999877929688,907.4000244140624,910.2999877929688,28960,0.0,0.0,ADANIENSOL.NS
2026-01-19 13:45:00+05:30,910.2999877929688,912.0,908.2000122070312,908.2000122070312,23230,0.0,0.0,ADANIENSOL.NS
2026-01-19 14:00:00+05:30,908.4000244140624,909.5999755859376,907.2999877929688,907.5999755859376,22341,0.0,0.0,ADANIENSOL.NS
2026-01-19 14:15:00+05:30,908.0,908.0,902.5,904.0,56840,0.0,0.0,ADANIENSOL.NS
2026-01-19 14:30:00+05:30,904.0,909.9000244140624,904.0,909.5999755859376,36515,0.0,0.0,ADANIENSOL.NS
2026-01-19 14:45:00+05:30,909.5999755859376,914.4000244140624,909.0,911.0,101667,0.0,0.0,ADANIENSOL.NS
2026-01-19 15:00:00+05:30,911.2000122070312,912.5999755859376,909.0,909.2999877929688,51653,0.0,0.0,ADANIENSOL.NS
2026-01-19 15:15:00+05:30,909.0,909.2999877929688,904.5,907.7000122070312,79017,0.0,0.0,ADANIENSOL.NS
2026-01-20 09:15:00+05:30,911.4000244140624,927.2999877929688,910.2999877929688,917.2999877929688,96674,0.0,0.0,ADANIENSOL.NS
2026-01-20 09:30:00+05:30,917.2999877929688,918.5999755859376,908.5999755859376,917.5999755859376,139835,0.0,0.0,ADANIENSOL.NS
2026-01-20 09:45:00+05:30,916.7000122070312,920.0999755859376,913.0,915.5,120391,0.0,0.0,ADANIENSOL.NS
2026-01-20 10:00:00+05:30,915.4000244140624,921.5,914.5999755859376,918.9000244140624,173931,0.0,0.0,ADANIENSOL.NS
2026-01-20 10:15:00+05:30,918.9000244140624,920.5999755859376,912.9000244140624,914.9000244140624,78592,0.0,0.0,ADANIENSOL.NS
2026-01-20 10:30:00+05:30,914.2000122070312,917.4000244140624,913.2999877929688,913.9000244140624,53801,0.0,0.0,ADANIENSOL.NS
2026-01-20 10:45:00+05:30,913.9000244140624,918.5999755859376,913.5,915.0999755859376,65479,0.0,0.0,ADANIENSOL.NS
2026-01-20 11:00:00+05:30,916.0,917.4000244140624,912.2999877929688,913.4000244140624,36169,0.0,0.0,ADANIENSOL.NS
2026-01-20 11:15:00+05:30,913.4000244140624,917.9000244140624,913.2999877929688,916.7000122070312,55069,0.0,0.0,ADANIENSOL.NS
2026-01-20 11:30:00+05:30,917.0999755859376,917.5,915.0,917.2999877929688,29159,0.0,0.0,ADANIENSOL.NS
2026-01-20 11:45:00+05:30,917.0999755859376,918.7999877929688,915.7000122070312,916.0999755859376,23177,0.0,0.0,ADANIENSOL.NS
2026-01-20 12:00:00+05:30,916.0,916.0999755859376,907.0,908.5,66619,0.0,0.0,ADANIENSOL.NS
2026-01-20 12:15:00+05:30,908.0999755859376,910.5999755859376,907.5,908.2000122070312,38674,0.0,0.0,ADANIENSOL.NS
2026-01-20 12:30:00+05:30,908.2000122070312,908.5,904.4000244140624,904.9000244140624,31474,0.0,0.0,ADANIENSOL.NS
2026-01-20 12:45:00+05:30,904.9000244140624,907.2000122070312,904.4000244140624,905.7000122070312,25339,0.0,0.0,ADANIENSOL.NS
2026-01-20 13:00:00+05:30,905.2000122070312,905.7999877929688,895.0999755859375,895.0999755859375,73037,0.0,0.0,ADANIENSOL.NS
2026-01-20 13:15:00+05:30,895.5,898.2000122070312,893.5999755859375,895.5999755859375,46940,0.0,0.0,ADANIENSOL.NS
2026-01-20 13:30:00+05:30,895.7000122070312,895.7000122070312,892.2000122070312,892.7000122070312,33081,0.0,0.0,ADANIENSOL.NS
2026-01-20 13:45:00+05:30,892.7000122070312,892.7999877929688,890.2999877929688,890.2999877929688,50719,0.0,0.0,ADANIENSOL.NS
2026-01-20 14:00:00+05:30,890.7000122070312,892.4000244140625,888.0999755859375,890.0999755859375,52468,0.0,0.0,ADANIENSOL.NS
2026-01-20 14:15:00+05:30,890.0999755859375,893.7999877929688,888.7000122070312,892.4000244140625,43303,0.0,0.0,ADANIENSOL.NS
2026-01-20 14:30:00+05:30,892.0999755859375,894.5999755859375,891.7000122070312,894.2999877929688,42820,0.0,0.0,ADANIENSOL.NS
2026-01-20 14:45:00+05:30,894.5999755859375,896.2999877929688,891.0999755859375,891.2000122070312,48537,0.0,0.0,ADANIENSOL.NS
2026-01-20 15:00:00+05:30,890.5999755859375,890.5999755859375,883.0999755859375,884.2999877929688,146109,0.0,0.0,ADANIENSOL.NS
2026-01-20 15:15:00+05:30,884.2999877929688,889.5999755859375,881.9000244140625,888.0999755859375,224180,0.0,0.0,ADANIENSOL.NS
2026-01-21 09:15:00+05:30,883.2000122070312,906.0999755859376,878.0,901.5,144020,0.0,0.0,ADANIENSOL.NS
2026-01-21 09:30:00+05:30,901.5999755859376,907.9000244140624,896.2999877929688,898.0999755859375,146012,0.0,0.0,ADANIENSOL.NS
2026-01-21 09:45:00+05:30,898.5,904.0,895.4000244140625,900.9000244140624,124162,0.0,0.0,ADANIENSOL.NS
2026-01-21 10:00:00+05:30,901.0,905.9000244140624,899.2000122070312,902.5999755859376,75710,0.0,0.0,ADANIENSOL.NS
2026-01-21 10:15:00+05:30,902.5999755859376,904.7999877929688,897.5,897.5,69753,0.0,0.0,ADANIENSOL.NS
2026-01-21 10:30:00+05:30,897.5,898.2999877929688,886.2999877929688,886.2999877929688,102035,0.0,0.0,ADANIENSOL.NS
2026-01-21 10:45:00+05:30,886.0,888.7999877929688,881.2000122070312,885.7000122070312,75984,0.0,0.0,ADANIENSOL.NS
2026-01-21 11:00:00+05:30,885.0999755859375,892.9000244140625,885.0999755859375,889.5999755859375,68992,0.0,0.0,ADANIENSOL.NS
2026-01-21 11:15:00+05:30,889.5,894.0999755859375,888.0,888.4000244140625,64203,0.0,0.0,ADANIENSOL.NS
2026-01-21 11:30:00+05:30,888.2000122070312,890.9000244140625,885.2000122070312,885.5999755859375,28644,0.0,0.0,ADANIENSOL.NS
2026-01-21 11:45:00+05:30,885.5999755859375,889.5,884.2999877929688,888.5,29315,0.0,0.0,ADANIENSOL.NS
2026-01-21 12:00:00+05:30,889.0,900.0,888.5999755859375,898.7999877929688,37279,0.0,0.0,ADANIENSOL.NS
2026-01-21 12:15:00+05:30,899.0,903.0,899.0,899.5999755859375,39472,0.0,0.0,ADANIENSOL.NS
2026-01-21 12:30:00+05:30,899.5999755859375,906.5999755859376,899.5999755859375,904.5999755859376,39238,0.0,0.0,ADANIENSOL.NS
2026-01-21 12:45:00+05:30,904.5999755859376,906.5999755859376,904.5999755859376,906.0999755859376,35535,0.0,0.0,ADANIENSOL.NS
2026-01-21 13:00:00+05:30,906.0999755859376,907.4000244140624,902.0,902.7999877929688,27174,0.0,0.0,ADANIENSOL.NS
2026-01-21 13:15:00+05:30,903.0,904.4000244140624,901.2000122070312,902.4000244140624,23574,0.0,0.0,ADANIENSOL.NS
2026-01-21 13:30:00+05:30,902.5,903.7000122070312,899.0999755859375,899.5999755859375,51873,0.0,0.0,ADANIENSOL.NS
2026-01-21 13:45:00+05:30,900.0,902.2000122070312,897.0999755859375,897.2000122070312,21744,0.0,0.0,ADANIENSOL.NS
2026-01-21 14:00:00+05:30,897.2000122070312,898.0999755859375,892.2999877929688,893.0,56212,0.0,0.0,ADANIENSOL.NS
2026-01-21 14:15:00+05:30,892.7000122070312,898.9000244140625,892.2000122070312,893.4000244140625,27287,0.0,0.0,ADANIENSOL.NS
2026-01-21 14:30:00+05:30,893.0999755859375,898.5999755859375,893.0999755859375,898.2999877929688,49390,0.0,0.0,ADANIENSOL.NS
2026-01-21 14:45:00+05:30,898.4000244140625,902.7000122070312,897.5999755859375,900.2000122070312,30535,0.0,0.0,ADANIENSOL.NS
2026-01-21 15:00:00+05:30,899.0,900.0999755859375,895.9000244140625,897.4000244140625,44228,0.0,0.0,ADANIENSOL.NS
2026-01-21 15:15:00+05:30,896.5999755859375,903.0,896.0999755859375,901.0999755859376,84193,0.0,0.0,ADANIENSOL.NS
2026-01-22 09:15:00+05:30,906.2999877929688,920.0,905.5999755859376,919.5,48142,0.0,0.0,ADANIENSOL.NS
2026-01-22 09:30:00+05:30,919.5,932.5,918.0999755859376,927.2999877929688,184372,0.0,0.0,ADANIENSOL.NS
2026-01-22 09:45:00+05:30,927.2000122070312,929.7000122070312,923.5,924.5999755859376,67284,0.0,0.0,ADANIENSOL.NS
2026-01-22 10:00:00+05:30,923.9000244140624,930.9000244140624,923.2000122070312,925.0,73186,0.0,0.0,ADANIENSOL.NS
2026-01-22 10:15:00+05:30,924.4000244140624,925.5,916.4000244140624,916.4000244140624,55303,0.0,0.0,ADANIENSOL.NS
2026-01-22 10:30:00+05:30,916.9000244140624,919.2999877929688,913.2000122070312,918.0,37986,0.0,0.0,ADANIENSOL.NS
2026-01-22 10:45:00+05:30,918.0,918.0999755859376,914.5999755859376,916.2999877929688,12291,0.0,0.0,ADANIENSOL.NS
2026-01-22 11:00:00+05:30,915.9000244140624,918.7000122070312,915.2999877929688,915.5,16048,0.0,0.0,ADANIENSOL.NS
2026-01-22 11:15:00+05:30,915.5,920.0,915.4000244140624,918.5,11186,0.0,0.0,ADANIENSOL.NS
2026-01-22 11:30:00+05:30,918.2999877929688,919.2000122070312,915.7000122070312,917.0,21117,0.0,0.0,ADANIENSOL.NS
2026-01-22 11:45:00+05:30,917.0,919.4000244140624,916.2000122070312,917.5999755859376,13542,0.0,0.0,ADANIENSOL.NS
2026-01-22 12:00:00+05:30,917.7000122070312,922.5,916.9000244140624,920.0,19438,0.0,0.0,ADANIENSOL.NS
2026-01-22 12:15:00+05:30,920.0,922.9000244140624,918.9000244140624,922.7000122070312,12757,0.0,0.0,ADANIENSOL.NS
2026-01-22 12:30:00+05:30,922.5999755859376,922.5999755859376,916.0999755859376,918.0999755859376,12783,0.0,0.0,ADANIENSOL.NS
2026-01-22 12:45:00+05:30,917.7000122070312,918.4000244140624,916.7000122070312,917.2999877929688,3984,0.0,0.0,ADANIENSOL.NS
2026-01-22 13:00:00+05:30,916.9000244140624,918.5,914.7999877929688,914.7999877929688,9660,0.0,0.0,ADANIENSOL.NS
2026-01-22 13:15:00+05:30,914.7999877929688,916.7000122070312,914.2999877929688,915.2999877929688,9899,0.0,0.0,ADANIENSOL.NS
2026-01-22 13:30:00+05:30,915.4000244140624,919.4000244140624,915.2999877929688,918.7000122070312,9309,0.0,0.0,ADANIENSOL.NS
2026-01-22 13:45:00+05:30,918.5999755859376,919.4000244140624,916.5,919.2000122070312,11169,0.0,0.0,ADANIENSOL.NS
2026-01-22 14:00:00+05:30,919.2000122070312,920.4000244140624,918.9000244140624,919.2999877929688,10720,0.0,0.0,ADANIENSOL.NS
2026-01-22 14:15:00+05:30,919.2999877929688,921.9000244140624,918.9000244140624,921.9000244140624,16600,0.0,0.0,ADANIENSOL.NS
2026-01-22 14:30:00+05:30,922.2000122070312,926.7000122070312,922.2000122070312,924.7000122070312,44672,0.0,0.0,ADANIENSOL.NS
2026-01-22 14:45:00+05:30,924.7999877929688,926.2000122070312,920.7999877929688,924.4000244140624,40093,0.0,0.0,ADANIENSOL.NS
2026-01-22 15:00:00+05:30,923.9000244140624,925.2000122070312,920.5,922.9000244140624,64648,0.0,0.0,ADANIENSOL.NS
2026-01-22 15:15:00+05:30,923.0999755859376,929.2000122070312,922.9000244140624,926.5,117471,0.0,0.0,ADANIENSOL.NS
2026-01-23 09:15:00+05:30,922.5999755859376,922.5999755859376,902.5,905.7999877929688,95181,0.0,0.0,ADANIENSOL.NS
2026-01-23 09:30:00+05:30,906.5,913.7999877929688,905.7999877929688,911.5999755859376,60595,0.0,0.0,ADANIENSOL.NS
2026-01-23 09:45:00+05:30,910.5,912.0999755859376,906.7000122070312,907.2999877929688,24407,0.0,0.0,ADANIENSOL.NS
2026-01-23 10:00:00+05:30,907.2999877929688,912.7999877929688,907.0,908.5999755859376,34753,0.0,0.0,ADANIENSOL.NS
2026-01-23 10:15:00+05:30,909.0999755859376,911.0,904.5,904.7999877929688,24718,0.0,0.0,ADANIENSOL.NS
2026-01-23 10:30:00+05:30,904.9000244140624,906.0999755859376,903.2000122070312,904.0,25240,0.0,0.0,ADANIENSOL.NS
2026-01-23 10:45:00+05:30,903.4000244140624,903.7000122070312,899.0999755859375,900.2999877929688,24419,0.0,0.0,ADANIENSOL.NS
2026-01-23 11:00:00+05:30,900.2999877929688,901.7999877929688,896.5999755859375,898.5,85493,0.0,0.0,ADANIENSOL.NS
2026-01-23 11:15:00+05:30,898.7000122070312,898.9000244140625,895.0999755859375,895.2999877929688,30460,0.0,0.0,ADANIENSOL.NS
2026-01-23 11:30:00+05:30,895.2000122070312,895.2999877929688,892.5,893.0999755859375,51567,0.0,0.0,ADANIENSOL.NS
2026-01-23 11:45:00+05:30,892.7000122070312,895.7999877929688,892.5,893.0999755859375,42418,0.0,0.0,ADANIENSOL.NS
2026-01-23 12:00:00+05:30,893.5,894.2000122070312,891.2000122070312,891.5999755859375,24350,0.0,0.0,ADANIENSOL.NS
2026-01-23 12:15:00+05:30,891.5,893.5999755859375,878.7999877929688,880.4000244140625,125823,0.0,0.0,ADANIENSOL.NS
2026-01-23 12:30:00+05:30,880.0,888.4000244140625,872.7000122070312,884.9000244140625,186147,0.0,0.0,ADANIENSOL.NS
2026-01-23 12:45:00+05:30,884.5,886.5,873.0,874.9000244140625,108076,0.0,0.0,ADANIENSOL.NS
2026-01-23 13:00:00+05:30,874.9000244140625,879.2000122070312,866.0,866.7999877929688,159315,0.0,0.0,ADANIENSOL.NS
2026-01-23 13:15:00+05:30,865.5,865.5999755859375,839.5,846.9000244140625,655587,0.0,0.0,ADANIENSOL.NS
2026-01-23 13:30:00+05:30,846.7999877929688,846.9000244140625,832.4000244140625,832.4000244140625,1188697,0.0,0.0,ADANIENSOL.NS
2026-01-23 13:45:00+05:30,832.4000244140625,864.7000122070312,827.0999755859375,854.2999877929688,1586814,0.0,0.0,ADANIENSOL.NS
2026-01-23 14:00:00+05:30,853.5,854.0,832.2000122070312,838.5999755859375,452909,0.0,0.0,ADANIENSOL.NS
2026-01-23 14:15:00+05:30,838.2000122070312,845.0999755859375,833.7999877929688,836.7000122070312,259646,0.0,0.0,ADANIENSOL.NS
2026-01-23 14:30:00+05:30,837.2999877929688,838.5,820.2000122070312,821.0,326326,0.0,0.0,ADANIENSOL.NS
2026-01-23 14:45:00+05:30,823.0,832.5,810.2999877929688,823.7000122070312,751101,0.0,0.0,ADANIENSOL.NS
2026-01-23 15:00:00+05:30,823.2999877929688,825.5,808.0,810.4000244140625,619869,0.0,0.0,ADANIENSOL.NS
2026-01-23 15:15:00+05:30,810.5,825.7999877929688,804.5,825.7999877929688,533622,0.0,0.0,ADANIENSOL.NS
2026-01-27 09:15:00+05:30,825.7000122070312,842.2000122070312,812.5,835.0,376837,0.0,0.0,ADANIENSOL.NS
2026-01-27 09:30:00+05:30,835.4000244140625,847.0,827.9000244140625,841.9000244140625,352372,0.0,0.0,ADANIENSOL.NS
2026-01-27 09:45:00+05:30,841.9000244140625,845.2000122070312,837.4000244140625,839.9000244140625,245941,0.0,0.0,ADANIENSOL.NS
2026-01-27 10:00:00+05:30,839.9000244140625,846.9000244140625,839.2999877929688,846.7000122070312,164790,0.0,0.0,ADANIENSOL.NS
2026-01-27 10:15:00+05:30,846.7000122070312,848.0999755859375,839.2000122070312,839.7999877929688,167461,0.0,0.0,ADANIENSOL.NS
2026-01-27 10:30:00+05:30,840.2999877929688,841.5999755859375,832.2000122070312,832.2000122070312,142061,0.0,0.0,ADANIENSOL.NS
2026-01-27 10:45:00+05:30,832.0999755859375,834.7999877929688,828.7000122070312,828.7000122070312,138596,0.0,0.0,ADANIENSOL.NS
2026-01-27 11:00:00+05:30,828.5999755859375,831.5,825.0,828.9000244140625,107243,0.0,0.0,ADANIENSOL.NS
2026-01-27 11:15:00+05:30,829.0999755859375,833.5,825.2000122070312,826.9000244140625,130443,0.0,0.0,ADANIENSOL.NS
2026-01-27 11:30:00+05:30,826.7999877929688,837.0,825.7999877929688,835.5,107680,0.0,0.0,ADANIENSOL.NS
2026-01-27 11:45:00+05:30,835.0999755859375,836.5,829.2999877929688,830.0,63040,0.0,0.0,ADANIENSOL.NS
2026-01-27 12:00:00+05:30,830.5,831.7999877929688,827.2000122070312,830.0999755859375,49575,0.0,0.0,ADANIENSOL.NS
2026-01-27 12:15:00+05:30,830.0,831.5999755859375,823.5,826.2999877929688,90576,0.0,0.0,ADANIENSOL.NS
2026-01-27 12:30:00+05:30,826.2999877929688,832.4000244140625,825.4000244140625,828.4000244140625,56367,0.0,0.0,ADANIENSOL.NS
2026-01-27 12:45:00+05:30,828.2000122070312,829.2000122070312,825.0,828.2000122070312,53160,0.0,0.0,ADANIENSOL.NS
2026-01-27 13:00:00+05:30,828.5999755859375,829.5999755859375,825.7999877929688,829.0,53640,0.0,0.0,ADANIENSOL.NS
2026-01-27 13:15:00+05:30,829.2999877929688,831.9000244140625,828.0999755859375,830.2999877929688,30770,0.0,0.0,ADANIENSOL.NS
2026-01-27 13:30:00+05:30,831.0,831.0,824.7000122070312,825.2999877929688,55810,0.0,0.0,ADANIENSOL.NS
2026-01-27 13:45:00+05:30,825.2999877929688,831.2999877929688,825.2999877929688,830.7999877929688,66772,0.0,0.0,ADANIENSOL.NS
2026-01-27 14:00:00+05:30,831.2000122070312,831.2000122070312,828.2999877929688,828.9000244140625,90355,0.0,0.0,ADANIENSOL.NS
2026-01-27 14:15:00+05:30,828.9000244140625,832.2000122070312,828.7999877929688,831.2000122070312,50673,0.0,0.0,ADANIENSOL.NS
2026-01-27 14:30:00+05:30,832.5,849.0999755859375,832.0,847.5,201399,0.0,0.0,ADANIENSOL.NS
2026-01-27 14:45:00+05:30,848.0999755859375,852.0,846.5,846.5,187145,0.0,0.0,ADANIENSOL.NS
2026-01-27 15:00:00+05:30,847.0999755859375,849.0,840.2999877929688,847.9000244140625,200323,0.0,0.0,ADANIENSOL.NS
2026-01-27 15:15:00+05:30,848.0999755859375,856.2999877929688,847.5,850.0,235760,0.0,0.0,ADANIENSOL.NS
2026-01-28 09:15:00+05:30,853.2999877929688,853.2999877929688,841.7999877929688,846.7000122070312,156155,0.0,0.0,ADANIENSOL.NS
2026-01-28 09:30:00+05:30,844.2000122070312,847.4000244140625,838.0,846.4000244140625,177752,0.0,0.0,ADANIENSOL.NS
2026-01-28 09:45:00+05:30,846.4000244140625,849.9000244140625,843.0999755859375,848.2000122070312,54677,0.0,0.0,ADANIENSOL.NS
2026-01-28 10:00:00+05:30,848.4000244140625,849.5,842.5,843.5,43902,0.0,0.0,ADANIENSOL.NS
2026-01-28 10:15:00+05:30,843.2999877929688,844.5999755859375,841.0,841.0,26318,0.0,0.0,ADANIENSOL.NS
2026-01-28 10:30:00+05:30,840.7000122070312,849.7999877929688,840.7000122070312,848.2999877929688,37379,0.0,0.0,ADANIENSOL.NS
2026-01-28 10:45:00+05:30,848.2000122070312,857.5,847.9000244140625,851.4000244140625,75926,0.0,0.0,ADANIENSOL.NS
2026-01-28 11:00:00+05:30,851.5,854.0,849.5,850.2999877929688,38633,0.0,0.0,ADANIENSOL.NS
2026-01-28 11:15:00+05:30,850.5999755859375,854.5999755859375,848.5999755859375,854.0999755859375,46482,0.0,0.0,ADANIENSOL.NS
2026-01-28 11:30:00+05:30,854.7000122070312,855.4000244140625,851.0,853.4000244140625,140830,0.0,0.0,ADANIENSOL.NS
2026-01-28 11:45:00+05:30,853.5,862.0,853.0,860.5999755859375,81436,0.0,0.0,ADANIENSOL.NS
2026-01-28 12:00:00+05:30,860.5999755859375,864.5,858.7999877929688,863.0,53770,0.0,0.0,ADANIENSOL.NS
2026-01-28 12:15:00+05:30,863.2000122070312,865.7999877929688,862.0,865.2000122070312,66954,0.0,0.0,ADANIENSOL.NS
2026-01-28 12:30:00+05:30,865.0,870.2999877929688,865.0,870.0,79487,0.0,0.0,ADANIENSOL.NS
2026-01-28 12:45:00+05:30,869.7999877929688,875.5999755859375,869.5,875.2999877929688,71964,0.0,0.0,ADANIENSOL.NS
2026-01-28 13:00:00+05:30,875.5999755859375,876.7000122070312,869.9000244140625,871.0999755859375,74687,0.0,0.0,ADANIENSOL.NS
2026-01-28 13:15:00+05:30,871.0999755859375,872.0,870.0999755859375,870.7000122070312,23171,0.0,0.0,ADANIENSOL.NS
2026-01-28 13:30:00+05:30,870.9000244140625,873.4000244140625,870.5,872.2999877929688,21742,0.0,0.0,ADANIENSOL.NS
2026-01-28 13:45:00+05:30,871.5999755859375,874.0999755859375,871.0,872.2000122070312,62369,0.0,0.0,ADANIENSOL.NS
2026-01-28 14:00:00+05:30,872.2999877929688,873.5,870.7999877929688,872.2999877929688,25309,0.0,0.0,ADANIENSOL.NS
2026-01-28 14:15:00+05:30,872.2000122070312,879.5999755859375,872.2000122070312,878.4000244140625,88444,0.0,0.0,ADANIENSOL.NS
2026-01-28 14:30:00+05:30,878.0,879.0999755859375,876.0999755859375,878.2000122070312,46934,0.0,0.0,ADANIENSOL.NS
2026-01-28 14:45:00+05:30,878.5,885.0,877.2999877929688,882.9000244140625,188060,0.0,0.0,ADANIENSOL.NS
2026-01-28 15:00:00+05:30,882.9000244140625,886.0,881.5999755859375,882.0,115062,0.0,0.0,ADANIENSOL.NS
2026-01-28 15:15:00+05:30,881.7000122070312,883.0,875.9000244140625,878.5,98054,0.0,0.0,ADANIENSOL.NS
2026-01-29 09:15:00+05:30,876.0,876.7999877929688,867.2000122070312,871.9000244140625,153320,0.0,0.0,ADANIENSOL.NS
2026-01-29 09:30:00+05:30,871.7999877929688,873.4000244140625,868.0999755859375,871.0,50909,0.0,0.0,ADANIENSOL.NS
2026-01-29 09:45:00+05:30,871.0,878.9000244140625,868.7999877929688,877.5999755859375,51253,0.0,0.0,ADANIENSOL.NS
2026-01-29 10:00:00+05:30,879.5999755859375,880.7000122070312,875.5999755859375,880.0999755859375,133442,0.0,0.0,ADANIENSOL.NS
2026-01-29 10:15:00+05:30,879.0,880.7999877929688,877.5,877.9000244140625,60213,0.0,0.0,ADANIENSOL.NS
2026-01-29 10:30:00+05:30,878.0,881.0,878.0,880.0999755859375,47460,0.0,0.0,ADANIENSOL.NS
2026-01-29 10:45:00+05:30,880.0,880.7999877929688,876.5,876.5,18023,0.0,0.0,ADANIENSOL.NS
2026-01-29 11:00:00+05:30,876.4000244140625,881.4000244140625,876.4000244140625,881.4000244140625,100356,0.0,0.0,ADANIENSOL.NS
2026-01-29 11:15:00+05:30,881.4000244140625,884.2000122070312,873.7000122070312,876.4000244140625,92645,0.0,0.0,ADANIENSOL.NS
2026-01-29 11:30:00+05:30,876.4000244140625,877.7999877929688,874.2000122070312,877.0999755859375,36365,0.0,0.0,ADANIENSOL.NS
2026-01-29 11:45:00+05:30,875.7999877929688,877.5,875.0,875.5,33566,0.0,0.0,ADANIENSOL.NS
2026-01-29 12:00:00+05:30,875.5,878.0999755859375,875.2000122070312,877.7000122070312,26178,0.0,0.0,ADANIENSOL.NS
2026-01-29 12:15:00+05:30,876.7999877929688,881.2999877929688,875.7999877929688,878.4000244140625,99749,0.0,0.0,ADANIENSOL.NS
2026-01-29 12:30:00+05:30,878.7999877929688,879.4000244140625,877.5,877.5,13093,0.0,0.0,ADANIENSOL.NS
2026-01-29 12:45:00+05:30,877.5,882.2999877929688,877.5,881.0999755859375,15781,0.0,0.0,ADANIENSOL.NS
2026-01-29 13:00:00+05:30,881.9000244140625,887.2000122070312,881.4000244140625,886.5999755859375,31787,0.0,0.0,ADANIENSOL.NS
2026-01-29 13:15:00+05:30,886.9000244140625,895.5999755859375,885.0,893.7999877929688,60105,0.0,0.0,ADANIENSOL.NS
2026-01-29 13:30:00+05:30,892.7000122070312,897.4000244140625,892.5,895.0999755859375,71680,0.0,0.0,ADANIENSOL.NS
2026-01-29 13:45:00+05:30,895.9000244140625,909.9000244140624,894.7999877929688,903.7999877929688,180778,0.0,0.0,ADANIENSOL.NS
2026-01-29 14:00:00+05:30,904.4000244140624,908.2000122070312,899.7999877929688,907.9000244140624,129757,0.0,0.0,ADANIENSOL.NS
2026-01-29 14:15:00+05:30,907.0,909.0,904.4000244140624,909.0,70805,0.0,0.0,ADANIENSOL.NS
2026-01-29 14:30:00+05:30,909.0,912.7000122070312,908.2999877929688,909.9000244140624,114344,0.0,0.0,ADANIENSOL.NS
2026-01-29 14:45:00+05:30,909.7999877929688,912.4000244140624,908.5,912.4000244140624,97435,0.0,0.0,ADANIENSOL.NS
2026-01-29 15:00:00+05:30,913.5,920.2000122070312,912.7999877929688,913.9000244140624,368563,0.0,0.0,ADANIENSOL.NS
2026-01-29 15:15:00+05:30,913.5999755859376,913.7000122070312,902.0999755859376,905.0,103372,0.0,0.0,ADANIENSOL.NS
2026-01-30 09:15:00+05:30,900.2999877929688,915.4000244140624,898.0,912.5999755859376,143351,0.0,0.0,ADANIENSOL.NS
2026-01-30 09:30:00+05:30,912.7000122070312,915.9000244140624,910.0,912.2999877929688,52859,0.0,0.0,ADANIENSOL.NS
2026-01-30 09:45:00+05:30,912.5999755859376,913.7999877929688,907.5,908.5999755859376,59528,0.0,0.0,ADANIENSOL.NS
2026-01-30 10:00:00+05:30,908.9000244140624,911.5999755859376,907.0,909.2999877929688,46677,0.0,0.0,ADANIENSOL.NS
2026-01-30 10:15:00+05:30,909.0,911.0,906.0999755859376,909.2999877929688,51207,0.0,0.0,ADANIENSOL.NS
2026-01-30 10:30:00+05:30,909.0999755859376,909.7999877929688,907.5,908.7000122070312,16707,0.0,0.0,ADANIENSOL.NS
2026-01-30 10:45:00+05:30,908.7000122070312,909.4000244140624,902.9000244140624,903.9000244140624,64554,0.0,0.0,ADANIENSOL.NS
2026-01-30 11:00:00+05:30,904.2000122070312,906.2999877929688,902.9000244140624,904.5,27095,0.0,0.0,ADANIENSOL.NS
2026-01-30 11:15:00+05:30,905.0,905.7000122070312,904.0,904.7000122070312,26496,0.0,0.0,ADANIENSOL.NS
2026-01-30 11:30:00+05:30,904.7000122070312,905.0,900.0999755859375,901.0999755859376,29147,0.0,0.0,ADANIENSOL.NS
2026-01-30 11:45:00+05:30,901.0999755859376,902.5,898.7000122070312,900.0,51188,0.0,0.0,ADANIENSOL.NS
2026-01-30 12:00:00+05:30,900.0,900.4000244140625,898.2999877929688,898.7999877929688,21968,0.0,0.0,ADANIENSOL.NS
2026-01-30 12:15:00+05:30,898.7999877929688,898.7999877929688,894.0,896.5999755859375,41634,0.0,0.0,ADANIENSOL.NS
2026-01-30 12:30:00+05:30,896.9000244140625,899.2000122070312,892.2999877929688,892.9000244140625,41939,0.0,0.0,ADANIENSOL.NS
2026-01-30 12:45:00+05:30,893.0,895.2000122070312,891.4000244140625,893.7999877929688,29123,0.0,0.0,ADANIENSOL.NS
2026-01-30 13:00:00+05:30,894.0,894.0,886.0999755859375,886.0999755859375,42159,0.0,0.0,ADANIENSOL.NS
2026-01-30 13:15:00+05:30,886.0999755859375,887.0,883.2000122070312,886.0,52716,0.0,0.0,ADANIENSOL.NS
2026-01-30 13:30:00+05:30,886.2000122070312,891.5999755859375,886.2000122070312,891.4000244140625,28928,0.0,0.0,ADANIENSOL.NS
2026-01-30 13:45:00+05:30,891.5,894.9000244140625,890.2999877929688,893.0999755859375,27054,0.0,0.0,ADANIENSOL.NS
2026-01-30 14:00:00+05:30,893.0999755859375,914.0999755859376,892.4000244140625,893.5,28019,0.0,0.0,ADANIENSOL.NS
2026-01-30 14:15:00+05:30,893.7000122070312,896.7000122070312,892.5,894.5,25883,0.0,0.0,ADANIENSOL.NS
2026-01-30 14:30:00+05:30,894.7000122070312,898.0,892.2999877929688,892.7999877929688,35942,0.0,0.0,ADANIENSOL.NS
2026-01-30 14:45:00+05:30,892.7999877929688,895.5999755859375,891.2999877929688,894.5999755859375,18847,0.0,0.0,ADANIENSOL.NS
2026-01-30 15:00:00+05:30,894.4000244140625,899.0,892.2000122070312,896.7000122070312,67025,0.0,0.0,ADANIENSOL.NS
2026-01-30 15:15:00+05:30,896.9000244140625,896.9000244140625,889.2999877929688,894.0,109683,0.0,0.0,ADANIENSOL.NS
2026-02-02 15:15:00+05:30,884.5999755859375,884.5999755859375,884.5999755859375,884.5999755859375,0,0.0,0.0,ADANIENSOL.NS
2026-02-03 09:15:00+05:30,958.4500122070312,970.2999877929688,937.6500244140624,940.6500244140624,847210,0.0,0.0,ADANIENSOL.NS
2026-02-03 09:30:00+05:30,940.7999877929688,967.2999877929688,940.75,946.75,497931,0.0,0.0,ADANIENSOL.NS
2026-02-03 09:45:00+05:30,945.7000122070312,961.2999877929688,942.7000122070312,945.4000244140624,260180,0.0,0.0,ADANIENSOL.NS
2026-02-03 10:00:00+05:30,945.6500244140624,955.2999877929688,943.5499877929688,944.4000244140624,158108,0.0,0.0,ADANIENSOL.NS
2026-02-03 10:15:00+05:30,945.0,950.7999877929688,943.5499877929688,948.0,104808,0.0,0.0,ADANIENSOL.NS
2026-02-03 10:30:00+05:30,946.9500122070312,947.25,941.0999755859376,941.5,101222,0.0,0.0,ADANIENSOL.NS
2026-02-03 10:45:00+05:30,940.4000244140624,949.0,937.7000122070312,948.4500122070312,95078,0.0,0.0,ADANIENSOL.NS
2026-02-03 11:00:00+05:30,949.0,959.5,947.7000122070312,955.8499755859376,289109,0.0,0.0,ADANIENSOL.NS
2026-02-03 11:15:00+05:30,954.8499755859376,962.1500244140624,952.4000244140624,961.5999755859376,270062,0.0,0.0,ADANIENSOL.NS
2026-02-03 11:30:00+05:30,962.0,966.6500244140624,959.5,966.0,241030,0.0,0.0,ADANIENSOL.NS
2026-02-03 11:45:00+05:30,966.0,976.0,963.6500244140624,974.9500122070312,294474,0.0,0.0,ADANIENSOL.NS
2026-02-03 12:00:00+05:30,975.9000244140624,978.5999755859376,970.5,978.0,310487,0.0,0.0,ADANIENSOL.NS
2026-02-03 12:15:00+05:30,978.0,982.5999755859376,977.5999755859376,979.0,189408,0.0,0.0,ADANIENSOL.NS
2026-02-03 12:30:00+05:30,979.5499877929688,980.7000122070312,973.2999877929688,980.5499877929688,131664,0.0,0.0,ADANIENSOL.NS
2026-02-03 12:45:00+05:30,980.5,980.5999755859376,976.4000244140624,979.0,80486,0.0,0.0,ADANIENSOL.NS
2026-02-03 13:00:00+05:30,979.1500244140624,979.1500244140624,976.5499877929688,977.5,143019,0.0,0.0,ADANIENSOL.NS
2026-02-03 13:15:00+05:30,977.9000244140624,977.9000244140624,968.5,971.9500122070312,181528,0.0,0.0,ADANIENSOL.NS
2026-02-03 13:30:00+05:30,972.0999755859376,974.5,967.0,970.5499877929688,115293,0.0,0.0,ADANIENSOL.NS
2026-02-03 13:45:00+05:30,970.5499877929688,977.4500122070312,970.5499877929688,973.6500244140624,72926,0.0,0.0,ADANIENSOL.NS
2026-02-03 14:00:00+05:30,973.9500122070312,975.4000244140624,971.5,971.8499755859376,80169,0.0,0.0,ADANIENSOL.NS
2026-02-03 14:15:00+05:30,971.8499755859376,977.9000244140624,971.8499755859376,974.0,116313,0.0,0.0,ADANIENSOL.NS
2026-02-03 14:30:00+05:30,974.0499877929688,976.4500122070312,968.9000244140624,972.5999755859376,100809,0.0,0.0,ADANIENSOL.NS
2026-02-03 14:45:00+05:30,972.2999877929688,978.6500244140624,970.5,974.75,113241,0.0,0.0,ADANIENSOL.NS
2026-02-03 15:00:00+05:30,974.9500122070312,977.0,971.0,976.5,133614,0.0,0.0,ADANIENSOL.NS
2026-02-03 15:15:00+05:30,976.9500122070312,978.4000244140624,972.1500244140624,972.75,156637,0.0,0.0,ADANIENSOL.NS
2026-02-04 09:15:00+05:30,961.5499877929688,981.0999755859376,957.75,971.6500244140624,116384,0.0,0.0,ADANIENSOL.NS
2026-02-04 09:30:00+05:30,972.5499877929688,981.9500122070312,972.5499877929688,978.8499755859376,75691,0.0,0.0,ADANIENSOL.NS
2026-02-04 09:45:00+05:30,978.5499877929688,980.2999877929688,973.2000122070312,980.2999877929688,63893,0.0,0.0,ADANIENSOL.NS
2026-02-04 10:00:00+05:30,979.9000244140624,986.5499877929688,977.7000122070312,984.0999755859376,88185,0.0,0.0,ADANIENSOL.NS
2026-02-04 10:15:00+05:30,984.3499755859376,986.7000122070312,977.5,980.25,64564,0.0,0.0,ADANIENSOL.NS
2026-02-04 10:30:00+05:30,980.5999755859376,984.9500122070312,979.9000244140624,981.4000244140624,39969,0.0,0.0,ADANIENSOL.NS
2026-02-04 10:45:00+05:30,981.7000122070312,981.7000122070312,976.5499877929688,977.2000122070312,52912,0.0,0.0,ADANIENSOL.NS
2026-02-04 11:00:00+05:30,976.5,981.3499755859376,976.2000122070312,978.75,35347,0.0,0.0,ADANIENSOL.NS
2026-02-04 11:15:00+05:30,978.7999877929688,982.6500244140624,977.4500122070312,980.0,60544,0.0,0.0,ADANIENSOL.NS
2026-02-04 11:30:00+05:30,979.7999877929688,986.3499755859376,978.3499755859376,985.6500244140624,48121,0.0,0.0,ADANIENSOL.NS
2026-02-04 11:45:00+05:30,985.5499877929688,993.0,983.9000244140624,991.0,73364,0.0,0.0,ADANIENSOL.NS
2026-02-04 12:00:00+05:30,991.0999755859376,1001.3499755859376,989.0499877929688,1000.7999877929688,141149,0.0,0.0,ADANIENSOL.NS
2026-02-04 12:15:00+05:30,1000.3499755859376,1001.1500244140624,993.0,993.6500244140624,59761,0.0,0.0,ADANIENSOL.NS
2026-02-04 12:30:00+05:30,992.5499877929688,993.25,988.25,990.0,39192,0.0,0.0,ADANIENSOL.NS
2026-02-04 12:45:00+05:30,990.0,990.0999755859376,986.0,987.5999755859376,39757,0.0,0.0,ADANIENSOL.NS
2026-02-04 13:00:00+05:30,987.4500122070312,995.5499877929688,987.4500122070312,992.4000244140624,68628,0.0,0.0,ADANIENSOL.NS
2026-02-04 13:15:00+05:30,993.0,994.5999755859376,991.1500244140624,994.0,23686,0.0,0.0,ADANIENSOL.NS
2026-02-04 13:30:00+05:30,994.2000122070312,994.7999877929688,992.0499877929688,993.0499877929688,30142,0.0,0.0,ADANIENSOL.NS
2026-02-04 13:45:00+05:30,993.2000122070312,994.5,991.7999877929688,992.8499755859376,33524,0.0,0.0,ADANIENSOL.NS
2026-02-04 14:00:00+05:30,992.3499755859376,993.9000244140624,990.2999877929688,992.6500244140624,25708,0.0,0.0,ADANIENSOL.NS
2026-02-04 14:15:00+05:30,992.75,993.4500122070312,988.5999755859376,989.1500244140624,21992,0.0,0.0,ADANIENSOL.NS
2026-02-04 14:30:00+05:30,989.5999755859376,990.9000244140624,988.0999755859376,988.5999755859376,21474,0.0,0.0,ADANIENSOL.NS
2026-02-04 14:45:00+05:30,988.9000244140624,989.2999877929688,985.4500122070312,987.25,41209,0.0,0.0,ADANIENSOL.NS
2026-02-04 15:00:00+05:30,987.9500122070312,989.7999877929688,986.2999877929688,988.0,92922,0.0,0.0,ADANIENSOL.NS
2026-02-04 15:15:00+05:30,988.0,990.0,987.4000244140624,988.0499877929688,146290,0.0,0.0,ADANIENSOL.NS
2026-02-05 09:15:00+05:30,980.0,998.0,980.0,989.6500244140624,104664,0.0,0.0,ADANIENSOL.NS
2026-02-05 09:30:00+05:30,989.5999755859376,992.9500122070312,987.7999877929688,990.25,80205,0.0,0.0,ADANIENSOL.NS
2026-02-05 09:45:00+05:30,990.25,995.5499877929688,987.75,995.0,75317,0.0,0.0,ADANIENSOL.NS
2026-02-05 10:00:00+05:30,995.0,995.2999877929688,988.0999755859376,990.75,33987,0.0,0.0,ADANIENSOL.NS
2026-02-05 10:15:00+05:30,990.2999877929688,995.0,988.2999877929688,992.0999755859376,45038,0.0,0.0,ADANIENSOL.NS
2026-02-05 10:30:00+05:30,992.2999877929688,992.7999877929688,989.3499755859376,990.5,40715,0.0,0.0,ADANIENSOL.NS
2026-02-05 10:45:00+05:30,989.9000244140624,990.4000244140624,988.2000122070312,988.5999755859376,21748,0.0,0.0,ADANIENSOL.NS
2026-02-05 11:00:00+05:30,988.8499755859376,993.8499755859376,987.1500244140624,992.8499755859376,56455,0.0,0.0,ADANIENSOL.NS
2026-02-05 11:15:00+05:30,992.8499755859376,995.7999877929688,990.7000122070312,994.4500122070312,52693,0.0,0.0,ADANIENSOL.NS
2026-02-05 11:30:00+05:30,994.4500122070312,994.9000244140624,991.0999755859376,994.5,25857,0.0,0.0,ADANIENSOL.NS
2026-02-05 11:45:00+05:30,994.2999877929688,995.4000244140624,992.0,994.5,31296,0.0,0.0,ADANIENSOL.NS
2026-02-05 12:00:00+05:30,994.5,995.0,990.0,990.25,13822,0.0,0.0,ADANIENSOL.NS
2026-02-05 12:15:00+05:30,989.7000122070312,991.8499755859376,988.5499877929688,991.5499877929688,18456,0.0,0.0,ADANIENSOL.NS
2026-02-05 12:30:00+05:30,991.7000122070312,993.0,990.4500122070312,991.0,16910,0.0,0.0,ADANIENSOL.NS
2026-02-05 12:45:00+05:30,991.0499877929688,992.0,988.9500122070312,990.75,16793,0.0,0.0,ADANIENSOL.NS
2026-02-05 13:00:00+05:30,991.2999877929688,1003.2000122070312,990.2000122070312,1000.9000244140624,102159,0.0,0.0,ADANIENSOL.NS
2026-02-05 13:15:00+05:30,1000.4000244140624,1002.5499877929688,999.0999755859376,1000.25,53837,0.0,0.0,ADANIENSOL.NS
2026-02-05 13:30:00+05:30,1000.0,1002.2000122070312,998.75,1001.3499755859376,39710,0.0,0.0,ADANIENSOL.NS
2026-02-05 13:45:00+05:30,1001.3499755859376,1006.3499755859376,1001.25,1005.4000244140624,98014,0.0,0.0,ADANIENSOL.NS
2026-02-05 14:00:00+05:30,1005.4000244140624,1006.9000244140624,1000.0499877929688,1002.0999755859376,65893,0.0,0.0,ADANIENSOL.NS
2026-02-05 14:15:00+05:30,1002.0,1010.5499877929688,1001.0999755859376,1010.2999877929688,119215,0.0,0.0,ADANIENSOL.NS
2026-02-05 14:30:00+05:30,1010.2999877929688,1012.4500122070312,1009.2999877929688,1012.0,92181,0.0,0.0,ADANIENSOL.NS
2026-02-05 14:45:00+05:30,1012.1500244140624,1016.4000244140624,1010.25,1015.7000122070312,138209,0.0,0.0,ADANIENSOL.NS
2026-02-05 15:00:00+05:30,1015.4500122070312,1015.4500122070312,1010.0499877929688,1011.0,134515,0.0,0.0,ADANIENSOL.NS
2026-02-05 15:15:00+05:30,1011.2999877929688,1013.2000122070312,1008.1500244140624,1011.4000244140624,191680,0.0,0.0,ADANIENSOL.NS
2026-02-06 09:15:00+05:30,1010.2999877929688,1025.9000244140625,1007.9500122070312,1019.6500244140624,140110,0.0,0.0,ADANIENSOL.NS
2026-02-06 09:30:00+05:30,1019.5999755859376,1019.9000244140624,1011.4000244140624,1012.0499877929688,155802,0.0,0.0,ADANIENSOL.NS
2026-02-06 09:45:00+05:30,1012.5999755859376,1017.7999877929688,1003.0499877929688,1004.8499755859376,174597,0.0,0.0,ADANIENSOL.NS
2026-02-06 10:00:00+05:30,1005.0,1005.5999755859376,1002.0,1003.0,113956,0.0,0.0,ADANIENSOL.NS
2026-02-06 10:15:00+05:30,1003.0499877929688,1011.75,1002.25,1005.0499877929688,72368,0.0,0.0,ADANIENSOL.NS
2026-02-06 10:30:00+05:30,1005.5499877929688,1006.5,1002.0,1005.4500122070312,47467,0.0,0.0,ADANIENSOL.NS
2026-02-06 10:45:00+05:30,1005.4500122070312,1008.2999877929688,1002.0499877929688,1006.2000122070312,43328,0.0,0.0,ADANIENSOL.NS
2026-02-06 11:00:00+05:30,1006.1500244140624,1019.4000244140624,1006.1500244140624,1018.9000244140624,71111,0.0,0.0,ADANIENSOL.NS
2026-02-06 11:15:00+05:30,1019.4000244140624,1020.0,1013.1500244140624,1013.1500244140624,52722,0.0,0.0,ADANIENSOL.NS
2026-02-06 11:30:00+05:30,1013.2000122070312,1018.5,1009.8499755859376,1015.9500122070312,73688,0.0,0.0,ADANIENSOL.NS
2026-02-06 11:45:00+05:30,1015.9000244140624,1016.25,1013.5,1015.0,21586,0.0,0.0,ADANIENSOL.NS
2026-02-06 12:00:00+05:30,1015.0,1016.6500244140624,1011.4500122070312,1013.4000244140624,29851,0.0,0.0,ADANIENSOL.NS
2026-02-06 12:15:00+05:30,1013.4000244140624,1014.7999877929688,1011.5,1014.7999877929688,31668,0.0,0.0,ADANIENSOL.NS
2026-02-06 12:30:00+05:30,1014.75,1014.75,1008.0,1009.5,33906,0.0,0.0,ADANIENSOL.NS
2026-02-06 12:45:00+05:30,1009.0499877929688,1010.9500122070312,1008.0,1008.75,26141,0.0,0.0,ADANIENSOL.NS
2026-02-06 13:00:00+05:30,1009.0,1010.4500122070312,1007.0999755859376,1008.2999877929688,25236,0.0,0.0,ADANIENSOL.NS
2026-02-06 13:15:00+05:30,1008.4500122070312,1010.0,1006.7000122070312,1006.7000122070312,16796,0.0,0.0,ADANIENSOL.NS
2026-02-06 13:30:00+05:30,1009.1500244140624,1013.9500122070312,1009.0499877929688,1013.3499755859376,40203,0.0,0.0,ADANIENSOL.NS
2026-02-06 13:45:00+05:30,1013.8499755859376,1014.8499755859376,1010.0499877929688,1012.9500122070312,41699,0.0,0.0,ADANIENSOL.NS
2026-02-06 14:00:00+05:30,1013.0,1014.5999755859376,1010.9000244140624,1011.7000122070312,32684,0.0,0.0,ADANIENSOL.NS
2026-02-06 14:15:00+05:30,1012.0,1013.0,1009.25,1010.9500122070312,50738,0.0,0.0,ADANIENSOL.NS
2026-02-06 14:30:00+05:30,1010.25,1013.4000244140624,1009.9500122070312,1010.9000244140624,43959,0.0,0.0,ADANIENSOL.NS
2026-02-06 14:45:00+05:30,1010.5999755859376,1015.0,1009.5499877929688,1014.2000122070312,62803,0.0,0.0,ADANIENSOL.NS
2026-02-06 15:00:00+05:30,1015.8499755859376,1019.7999877929688,1015.8499755859376,1018.0999755859376,101996,0.0,0.0,ADANIENSOL.NS
2026-02-06 15:15:00+05:30,1018.25,1019.0,1012.3499755859376,1017.7000122070312,137472,0.0,0.0,ADANIENSOL.NS
2026-02-09 09:15:00+05:30,1038.25,1040.0,1024.5,1027.800048828125,80406,0.0,0.0,ADANIENSOL.NS
2026-02-09 09:30:00+05:30,1028.050048828125,1032.8499755859375,1026.25,1031.8499755859375,57437,0.0,0.0,ADANIENSOL.NS
2026-02-09 09:45:00+05:30,1031.5,1032.3499755859375,1027.3499755859375,1029.5,49732,0.0,0.0,ADANIENSOL.NS
2026-02-09 10:00:00+05:30,1029.449951171875,1029.550048828125,1024.199951171875,1025.25,43042,0.0,0.0,ADANIENSOL.NS
2026-02-09 10:15:00+05:30,1025.25,1029.0999755859375,1024.800048828125,1028.3499755859375,31715,0.0,0.0,ADANIENSOL.NS
2026-02-09 10:30:00+05:30,1028.050048828125,1028.5,1023.7999877929688,1027.8499755859375,35111,0.0,0.0,ADANIENSOL.NS
2026-02-09 10:45:00+05:30,1027.8499755859375,1033.0,1026.9000244140625,1032.5,41769,0.0,0.0,ADANIENSOL.NS
2026-02-09 11:00:00+05:30,1032.8499755859375,1033.0,1028.800048828125,1029.699951171875,20178,0.0,0.0,ADANIENSOL.NS
2026-02-09 11:15:00+05:30,1030.0,1032.5,1028.550048828125,1031.0,42992,0.0,0.0,ADANIENSOL.NS
2026-02-09 11:30:00+05:30,1031.4000244140625,1031.75,1027.449951171875,1028.3499755859375,24944,0.0,0.0,ADANIENSOL.NS
2026-02-09 11:45:00+05:30,1028.9000244140625,1030.5,1027.1500244140625,1027.1500244140625,17873,0.0,0.0,ADANIENSOL.NS
2026-02-09 12:00:00+05:30,1027.449951171875,1032.0,1027.1500244140625,1031.1500244140625,16111,0.0,0.0,ADANIENSOL.NS
2026-02-09 12:15:00+05:30,1031.1500244140625,1031.9000244140625,1029.5,1030.5,13646,0.0,0.0,ADANIENSOL.NS
2026-02-09 12:30:00+05:30,1030.449951171875,1033.0,1029.0999755859375,1029.6500244140625,24774,0.0,0.0,ADANIENSOL.NS
2026-02-09 12:45:00+05:30,1030.0,1030.800048828125,1027.800048828125,1030.0,15100,0.0,0.0,ADANIENSOL.NS
2026-02-09 13:00:00+05:30,1030.4000244140625,1031.6500244140625,1028.9000244140625,1028.9000244140625,18090,0.0,0.0,ADANIENSOL.NS
2026-02-09 13:15:00+05:30,1030.449951171875,1031.0,1029.0,1029.75,12746,0.0,0.0,ADANIENSOL.NS
2026-02-09 13:30:00+05:30,1029.75,1030.5,1027.550048828125,1028.5,14378,0.0,0.0,ADANIENSOL.NS
2026-02-09 13:45:00+05:30,1027.8499755859375,1031.5,1027.8499755859375,1030.4000244140625,23796,0.0,0.0,ADANIENSOL.NS
2026-02-09 14:00:00+05:30,1030.4000244140625,1035.0,1030.050048828125,1034.25,29029,0.0,0.0,ADANIENSOL.NS
2026-02-09 14:15:00+05:30,1034.25,1040.0,1034.25,1037.699951171875,59491,0.0,0.0,ADANIENSOL.NS
2026-02-09 14:30:00+05:30,1037.699951171875,1037.8499755859375,1033.050048828125,1034.050048828125,29322,0.0,0.0,ADANIENSOL.NS
2026-02-09 14:45:00+05:30,1034.0,1035.4000244140625,1031.0,1034.9000244140625,31415,0.0,0.0,ADANIENSOL.NS
2026-02-09 15:00:00+05:30,1034.9000244140625,1037.0,1033.0,1033.800048828125,53458,0.0,0.0,ADANIENSOL.NS
2026-02-09 15:15:00+05:30,1033.550048828125,1035.0,1025.199951171875,1025.199951171875,92252,0.0,0.0,ADANIENSOL.NS
2026-02-10 09:15:00+05:30,1031.0,1031.0,1020.0999755859376,1024.4000244140625,29649,0.0,0.0,ADANIENSOL.NS
2026-02-10 09:30:00+05:30,1024.0999755859375,1027.6500244140625,1020.1500244140624,1024.8499755859375,66519,0.0,0.0,ADANIENSOL.NS
2026-02-10 09:45:00+05:30,1024.9000244140625,1025.8499755859375,1021.0999755859376,1021.9500122070312,28606,0.0,0.0,ADANIENSOL.NS
2026-02-10 10:00:00+05:30,1022.1500244140624,1023.7999877929688,1020.6500244140624,1022.0,23001,0.0,0.0,ADANIENSOL.NS
2026-02-10 10:15:00+05:30,1022.4000244140624,1024.75,1021.6500244140624,1024.3499755859375,17868,0.0,0.0,ADANIENSOL.NS
2026-02-10 10:30:00+05:30,1024.6500244140625,1026.0,1003.0,1015.6500244140624,117126,0.0,0.0,ADANIENSOL.NS
2026-02-10 10:45:00+05:30,1016.0,1030.5,1012.75,1025.050048828125,107137,0.0,0.0,ADANIENSOL.NS
2026-02-10 11:00:00+05:30,1025.4000244140625,1031.3499755859375,1022.1500244140624,1023.0499877929688,65498,0.0,0.0,ADANIENSOL.NS
2026-02-10 11:15:00+05:30,1023.0,1023.5,1020.5,1021.4500122070312,20957,0.0,0.0,ADANIENSOL.NS
2026-02-10 11:30:00+05:30,1021.75,1022.5,1015.5,1015.5,20802,0.0,0.0,ADANIENSOL.NS
2026-02-10 11:45:00+05:30,1015.5,1024.0,1015.5,1021.4000244140624,27168,0.0,0.0,ADANIENSOL.NS
2026-02-10 12:00:00+05:30,1021.4000244140624,1022.9000244140624,1019.75,1022.6500244140624,13716,0.0,0.0,ADANIENSOL.NS
2026-02-10 12:15:00+05:30,1022.6500244140624,1023.1500244140624,1020.0,1020.2999877929688,20423,0.0,0.0,ADANIENSOL.NS
2026-02-10 12:30:00+05:30,1021.0499877929688,1022.5999755859376,1020.6500244140624,1021.6500244140624,11024,0.0,0.0,ADANIENSOL.NS
2026-02-10 12:45:00+05:30,1021.5499877929688,1022.8499755859376,1020.9500122070312,1022.1500244140624,13005,0.0,0.0,ADANIENSOL.NS
2026-02-10 13:00:00+05:30,1022.0499877929688,1025.199951171875,1020.1500244140624,1023.7000122070312,15322,0.0,0.0,ADANIENSOL.NS
2026-02-10 13:15:00+05:30,1023.6500244140624,1023.6500244140624,1016.1500244140624,1016.4000244140624,40828,0.0,0.0,ADANIENSOL.NS
2026-02-10 13:30:00+05:30,1017.0499877929688,1017.0999755859376,1013.5,1014.2000122070312,18725,0.0,0.0,ADANIENSOL.NS
2026-02-10 13:45:00+05:30,1013.9000244140624,1015.7999877929688,1013.0999755859376,1013.7999877929688,18254,0.0,0.0,ADANIENSOL.NS
2026-02-10 14:00:00+05:30,1013.9000244140624,1016.9500122070312,1012.2999877929688,1016.2000122070312,30193,0.0,0.0,ADANIENSOL.NS
2026-02-10 14:15:00+05:30,1016.1500244140624,1019.2999877929688,1015.4500122070312,1017.3499755859376,17622,0.0,0.0,ADANIENSOL.NS
2026-02-10 14:30:00+05:30,1017.2999877929688,1017.5,1014.9500122070312,1016.25,18487,0.0,0.0,ADANIENSOL.NS
2026-02-10 14:45:00+05:30,1016.2999877929688,1020.9000244140624,1016.2999877929688,1020.5,37502,0.0,0.0,ADANIENSOL.NS
2026-02-10 15:00:00+05:30,1019.5999755859376,1020.9500122070312,1015.9500122070312,1016.0999755859376,69577,0.0,0.0,ADANIENSOL.NS
2026-02-10 15:15:00+05:30,1016.0499877929688,1017.6500244140624,1013.7999877929688,1016.75,86983,0.0,0.0,ADANIENSOL.NS
2026-02-11 09:15:00+05:30,1013.0499877929688,1018.8499755859376,1010.5999755859376,1018.4000244140624,51876,0.0,0.0,ADANIENSOL.NS
2026-02-11 09:30:00+05:30,1017.7000122070312,1025.75,1016.7000122070312,1023.7000122070312,75108,0.0,0.0,ADANIENSOL.NS
2026-02-11 09:45:00+05:30,1023.7000122070312,1028.0,1022.0,1025.25,49258,0.0,0.0,ADANIENSOL.NS
2026-02-11 10:00:00+05:30,1025.75,1025.949951171875,1023.4500122070312,1025.5,32352,0.0,0.0,ADANIENSOL.NS
2026-02-11 10:15:00+05:30,1025.0,1027.75,1025.0,1027.0999755859375,23120,0.0,0.0,ADANIENSOL.NS
2026-02-11 10:30:00+05:30,1027.0999755859375,1030.75,1027.0,1027.0,53125,0.0,0.0,ADANIENSOL.NS
2026-02-11 10:45:00+05:30,1027.0,1030.0,1026.550048828125,1027.8499755859375,35631,0.0,0.0,ADANIENSOL.NS
2026-02-11 11:00:00+05:30,1028.3499755859375,1029.699951171875,1026.75,1029.550048828125,24766,0.0,0.0,ADANIENSOL.NS
2026-02-11 11:15:00+05:30,1029.199951171875,1032.949951171875,1029.199951171875,1031.949951171875,44333,0.0,0.0,ADANIENSOL.NS
2026-02-11 11:30:00+05:30,1032.0,1036.9000244140625,1032.0,1033.3499755859375,66807,0.0,0.0,ADANIENSOL.NS
2026-02-11 11:45:00+05:30,1033.050048828125,1033.199951171875,1030.0,1030.1500244140625,15563,0.0,0.0,ADANIENSOL.NS
2026-02-11 12:00:00+05:30,1030.1500244140625,1031.699951171875,1027.5999755859375,1029.8499755859375,29652,0.0,0.0,ADANIENSOL.NS
2026-02-11 12:15:00+05:30,1029.8499755859375,1032.550048828125,1029.5,1032.050048828125,13882,0.0,0.0,ADANIENSOL.NS
2026-02-11 12:30:00+05:30,1032.0,1032.5999755859375,1030.449951171875,1032.050048828125,21950,0.0,0.0,ADANIENSOL.NS
2026-02-11 12:45:00+05:30,1031.949951171875,1033.5999755859375,1031.4000244140625,1033.5,17904,0.0,0.0,ADANIENSOL.NS
2026-02-11 13:00:00+05:30,1033.25,1033.25,1031.0999755859375,1031.8499755859375,23258,0.0,0.0,ADANIENSOL.NS
2026-02-11 13:15:00+05:30,1031.8499755859375,1033.0,1024.75,1029.3499755859375,23754,0.0,0.0,ADANIENSOL.NS
2026-02-11 13:30:00+05:30,1030.0,1033.1500244140625,1029.699951171875,1032.300048828125,49598,0.0,0.0,ADANIENSOL.NS
2026-02-11 13:45:00+05:30,1032.0999755859375,1032.5,1030.550048828125,1032.0,16239,0.0,0.0,ADANIENSOL.NS
2026-02-11 14:00:00+05:30,1031.5,1032.800048828125,1030.699951171875,1032.5,22345,0.0,0.0,ADANIENSOL.NS
2026-02-11 14:15:00+05:30,1032.449951171875,1033.300048828125,1030.75,1032.25,13007,0.0,0.0,ADANIENSOL.NS
2026-02-11 14:30:00+05:30,1032.25,1032.5999755859375,1030.0,1031.9000244140625,19202,0.0,0.0,ADANIENSOL.NS
2026-02-11 14:45:00+05:30,1031.5999755859375,1034.199951171875,1030.8499755859375,1032.800048828125,36590,0.0,0.0,ADANIENSOL.NS
2026-02-11 15:00:00+05:30,1033.8499755859375,1034.949951171875,1033.050048828125,1033.949951171875,55715,0.0,0.0,ADANIENSOL.NS
2026-02-11 15:15:00+05:30,1033.4000244140625,1034.5999755859375,1030.0,1031.0999755859375,81323,0.0,0.0,ADANIENSOL.NS
2026-02-12 09:15:00+05:30,1027.0,1028.0999755859375,1021.0,1023.2000122070312,30149,0.0,0.0,ADANIENSOL.NS
2026-02-12 09:30:00+05:30,1023.1500244140624,1025.0,1021.6500244140624,1023.1500244140624,27091,0.0,0.0,ADANIENSOL.NS
2026-02-12 09:45:00+05:30,1023.1500244140624,1029.050048828125,1022.7999877929688,1027.449951171875,36554,0.0,0.0,ADANIENSOL.NS
2026-02-12 10:00:00+05:30,1027.8499755859375,1027.949951171875,1023.7999877929688,1025.0,13850,0.0,0.0,ADANIENSOL.NS
2026-02-12 10:15:00+05:30,1025.050048828125,1027.5,1024.25,1026.050048828125,18218,0.0,0.0,ADANIENSOL.NS
2026-02-12 10:30:00+05:30,1026.25,1026.8499755859375,1023.5499877929688,1024.3499755859375,16743,0.0,0.0,ADANIENSOL.NS
2026-02-12 10:45:00+05:30,1024.3499755859375,1026.4000244140625,1022.1500244140624,1025.0999755859375,40071,0.0,0.0,ADANIENSOL.NS
2026-02-12 11:00:00+05:30,1025.1500244140625,1028.9000244140625,1024.550048828125,1028.199951171875,31588,0.0,0.0,ADANIENSOL.NS
2026-02-12 11:15:00+05:30,1028.199951171875,1028.199951171875,1025.0,1027.199951171875,23030,0.0,0.0,ADANIENSOL.NS
2026-02-12 11:30:00+05:30,1027.199951171875,1029.550048828125,1026.949951171875,1027.199951171875,38550,0.0,0.0,ADANIENSOL.NS
2026-02-12 11:45:00+05:30,1027.050048828125,1027.199951171875,1022.2000122070312,1023.9500122070312,25302,0.0,0.0,ADANIENSOL.NS
2026-02-12 12:00:00+05:30,1024.0999755859375,1025.75,1023.3499755859376,1024.4000244140625,9040,0.0,0.0,ADANIENSOL.NS
2026-02-12 12:15:00+05:30,1024.4000244140625,1026.449951171875,1023.6500244140624,1025.0,19578,0.0,0.0,ADANIENSOL.NS
2026-02-12 12:30:00+05:30,1025.0,1025.800048828125,1024.6500244140625,1025.1500244140625,8020,0.0,0.0,ADANIENSOL.NS
2026-02-12 12:45:00+05:30,1025.1500244140625,1026.5,1024.0,1024.0,8137,0.0,0.0,ADANIENSOL.NS
2026-02-12 13:00:00+05:30,1023.8499755859376,1026.300048828125,1022.5499877929688,1023.2999877929688,15724,0.0,0.0,ADANIENSOL.NS
2026-02-12 13:15:00+05:30,1023.7000122070312,1026.199951171875,1023.2999877929688,1025.550048828125,14325,0.0,0.0,ADANIENSOL.NS
2026-02-12 13:30:00+05:30,1025.550048828125,1026.9000244140625,1024.5999755859375,1025.949951171875,9522,0.0,0.0,ADANIENSOL.NS
2026-02-12 13:45:00+05:30,1025.75,1028.8499755859375,1024.949951171875,1027.300048828125,20721,0.0,0.0,ADANIENSOL.NS
2026-02-12 14:00:00+05:30,1028.0,1037.0,1027.300048828125,1033.300048828125,64699,0.0,0.0,ADANIENSOL.NS
2026-02-12 14:15:00+05:30,1033.0,1034.0999755859375,1024.6500244140625,1027.1500244140625,47509,0.0,0.0,ADANIENSOL.NS
2026-02-12 14:30:00+05:30,1027.1500244140625,1027.8499755859375,1025.199951171875,1025.949951171875,23888,0.0,0.0,ADANIENSOL.NS
2026-02-12 14:45:00+05:30,1026.0,1028.550048828125,1024.25,1027.75,29540,0.0,0.0,ADANIENSOL.NS
2026-02-12 15:00:00+05:30,1027.699951171875,1027.949951171875,1023.5999755859376,1024.050048828125,41443,0.0,0.0,ADANIENSOL.NS
2026-02-12 15:15:00+05:30,1024.050048828125,1024.4000244140625,1020.0,1021.8499755859376,88461,0.0,0.0,ADANIENSOL.NS
2026-02-13 09:15:00+05:30,1015.7999877929688,1015.7999877929688,995.9500122070312,996.4500122070312,92259,0.0,0.0,ADANIENSOL.NS
2026-02-13 09:30:00+05:30,996.4500122070312,997.0499877929688,985.75,987.9500122070312,125913,0.0,0.0,ADANIENSOL.NS
2026-02-13 09:45:00+05:30,987.4000244140624,991.75,986.3499755859376,989.75,84648,0.0,0.0,ADANIENSOL.NS
2026-02-13 10:00:00+05:30,989.8499755859376,991.0,984.5,984.5,60949,0.0,0.0,ADANIENSOL.NS
2026-02-13 10:15:00+05:30,984.4000244140624,985.2999877929688,981.9000244140624,982.3499755859376,77874,0.0,0.0,ADANIENSOL.NS
2026-02-13 10:30:00+05:30,982.2999877929688,989.9000244140624,982.0,987.25,85040,0.0,0.0,ADANIENSOL.NS
2026-02-13 10:45:00+05:30,987.1500244140624,987.4500122070312,984.0999755859376,984.7000122070312,29016,0.0,0.0,ADANIENSOL.NS
2026-02-13 11:00:00+05:30,984.4000244140624,984.75,981.0,982.8499755859376,48949,0.0,0.0,ADANIENSOL.NS
2026-02-13 11:15:00+05:30,982.8499755859376,983.6500244140624,981.0999755859376,982.75,25589,0.0,0.0,ADANIENSOL.NS
2026-02-13 11:30:00+05:30,982.7000122070312,983.5,980.1500244140624,983.0999755859376,42189,0.0,0.0,ADANIENSOL.NS
2026-02-13 11:45:00+05:30,983.2000122070312,985.5499877929688,982.25,983.9000244140624,40632,0.0,0.0,ADANIENSOL.NS
2026-02-13 12:00:00+05:30,983.9000244140624,989.8499755859376,983.5999755859376,989.5499877929688,50818,0.0,0.0,ADANIENSOL.NS
2026-02-13 12:15:00+05:30,989.5499877929688,990.5999755859376,985.4000244140624,988.5,56974,0.0,0.0,ADANIENSOL.NS
2026-02-13 12:30:00+05:30,988.5,992.2999877929688,987.5999755859376,990.5,62623,0.0,0.0,ADANIENSOL.NS
2026-02-13 12:45:00+05:30,990.5,992.5,986.3499755859376,986.5999755859376,37325,0.0,0.0,ADANIENSOL.NS
2026-02-13 13:00:00+05:30,986.5999755859376,991.9000244140624,985.9000244140624,991.5999755859376,23740,0.0,0.0,ADANIENSOL.NS
2026-02-13 13:15:00+05:30,992.5,993.4000244140624,989.25,990.5499877929688,19871,0.0,0.0,ADANIENSOL.NS
2026-02-13 13:30:00+05:30,990.5499877929688,992.0999755859376,989.75,990.25,26507,0.0,0.0,ADANIENSOL.NS
2026-02-13 13:45:00+05:30,990.6500244140624,990.6500244140624,986.0999755859376,986.2000122070312,31135,0.0,0.0,ADANIENSOL.NS
2026-02-13 14:00:00+05:30,986.6500244140624,988.5,985.5,987.3499755859376,25778,0.0,0.0,ADANIENSOL.NS
2026-02-13 14:15:00+05:30,987.7000122070312,988.0,986.3499755859376,987.5,31163,0.0,0.0,ADANIENSOL.NS
2026-02-13 14:30:00+05:30,987.5999755859376,989.0499877929688,986.0,986.7000122070312,32165,0.0,0.0,ADANIENSOL.NS
2026-02-13 14:45:00+05:30,986.9000244140624,990.9500122070312,985.2999877929688,988.9000244140624,49000,0.0,0.0,ADANIENSOL.NS
2026-02-13 15:00:00+05:30,988.5,990.4500122070312,987.5499877929688,990.0499877929688,78980,0.0,0.0,ADANIENSOL.NS
2026-02-13 15:15:00+05:30,990.0999755859376,992.0499877929688,979.0,988.0,375821,0.0,0.0,ADANIENSOL.NS
2026-02-16 09:15:00+05:30,977.0999755859376,984.25,976.0,983.7000122070312,43454,0.0,0.0,ADANIENSOL.NS
2026-02-16 09:30:00+05:30,983.75,986.4500122070312,981.1500244140624,983.9000244140624,26056,0.0,0.0,ADANIENSOL.NS
2026-02-16 09:45:00+05:30,983.5999755859376,985.4500122070312,981.5,984.6500244140624,32024,0.0,0.0,ADANIENSOL.NS
2026-02-16 10:00:00+05:30,985.5,986.4000244140624,982.5499877929688,984.2000122070312,28744,0.0,0.0,ADANIENSOL.NS
2026-02-16 10:15:00+05:30,984.5,986.4500122070312,982.1500244140624,985.4000244140624,31237,0.0,0.0,ADANIENSOL.NS
2026-02-16 10:30:00+05:30,985.0999755859376,986.7999877929688,983.7000122070312,984.9000244140624,15671,0.0,0.0,ADANIENSOL.NS
2026-02-16 10:45:00+05:30,985.0,991.4500122070312,985.0,988.3499755859376,43282,0.0,0.0,ADANIENSOL.NS
2026-02-16 11:00:00+05:30,988.3499755859376,990.5499877929688,988.0,990.1500244140624,18689,0.0,0.0,ADANIENSOL.NS
2026-02-16 11:15:00+05:30,990.2000122070312,991.0999755859376,988.9000244140624,989.0,16261,0.0,0.0,ADANIENSOL.NS
2026-02-16 11:30:00+05:30,988.2999877929688,990.8499755859376,988.25,989.75,34638,0.0,0.0,ADANIENSOL.NS
2026-02-16 11:45:00+05:30,989.75,991.4500122070312,988.0,991.4500122070312,15555,0.0,0.0,ADANIENSOL.NS
2026-02-16 12:00:00+05:30,991.1500244140624,999.4000244140624,991.1500244140624,998.7999877929688,59299,0.0,0.0,ADANIENSOL.NS
2026-02-16 12:15:00+05:30,998.7999877929688,1006.9000244140624,997.0,1006.0999755859376,68338,0.0,0.0,ADANIENSOL.NS
2026-02-16 12:30:00+05:30,1006.0999755859376,1006.5499877929688,996.4500122070312,997.2000122070312,44338,0.0,0.0,ADANIENSOL.NS
2026-02-16 12:45:00+05:30,997.2000122070312,1001.2999877929688,997.2000122070312,999.5,23893,0.0,0.0,ADANIENSOL.NS
2026-02-16 13:00:00+05:30,999.5,1002.4000244140624,997.4500122070312,999.0999755859376,31862,0.0,0.0,ADANIENSOL.NS
2026-02-16 13:15:00+05:30,999.75,1000.0999755859376,997.8499755859376,999.7000122070312,13482,0.0,0.0,ADANIENSOL.NS
2026-02-16 13:30:00+05:30,999.9000244140624,1002.0999755859376,998.6500244140624,1000.9000244140624,12741,0.0,0.0,ADANIENSOL.NS
2026-02-16 13:45:00+05:30,1000.5,1004.5499877929688,1000.5,1002.5,31036,0.0,0.0,ADANIENSOL.NS
2026-02-16 14:00:00+05:30,1002.2999877929688,1004.2999877929688,1001.2999877929688,1003.6500244140624,36188,0.0,0.0,ADANIENSOL.NS
2026-02-16 14:15:00+05:30,1003.6500244140624,1003.6500244140624,1001.5,1002.5499877929688,29652,0.0,0.0,ADANIENSOL.NS
2026-02-16 14:30:00+05:30,1002.4500122070312,1005.7000122070312,1001.9000244140624,1004.1500244140624,45782,0.0,0.0,ADANIENSOL.NS
2026-02-16 14:45:00+05:30,1004.7000122070312,1005.9500122070312,1003.6500244140624,1005.4500122070312,39478,0.0,0.0,ADANIENSOL.NS
2026-02-16 15:00:00+05:30,1005.9500122070312,1007.5,1004.1500244140624,1005.7000122070312,52074,0.0,0.0,ADANIENSOL.NS
2026-02-16 15:15:00+05:30,1005.7000122070312,1005.7000122070312,1001.5,1001.5,133230,0.0,0.0,ADANIENSOL.NS
2026-02-17 09:15:00+05:30,997.5999755859376,1005.0,997.5999755859376,1003.0,21327,0.0,0.0,ADANIENSOL.NS
2026-02-17 09:30:00+05:30,1003.0,1010.0999755859376,1002.2000122070312,1008.0999755859376,28301,0.0,0.0,ADANIENSOL.NS
2026-02-17 09:45:00+05:30,1008.4000244140624,1008.75,1005.9500122070312,1007.0,16419,0.0,0.0,ADANIENSOL.NS
2026-02-17 10:00:00+05:30,1007.0,1012.9000244140624,1005.7999877929688,1012.7999877929688,18316,0.0,0.0,ADANIENSOL.NS
2026-02-17 10:15:00+05:30,1012.4500122070312,1017.4500122070312,1012.0,1017.1500244140624,26191,0.0,0.0,ADANIENSOL.NS
2026-02-17 10:30:00+05:30,1016.7000122070312,1017.0999755859376,1004.2999877929688,1014.0499877929688,241398,0.0,0.0,ADANIENSOL.NS
2026-02-17 10:45:00+05:30,1012.9000244140624,1015.9500122070312,1010.0999755859376,1012.5,148700,0.0,0.0,ADANIENSOL.NS
2026-02-17 11:00:00+05:30,1012.5999755859376,1016.4500122070312,1011.4500122070312,1013.2999877929688,12585,0.0,0.0,ADANIENSOL.NS
2026-02-17 11:15:00+05:30,1013.2999877929688,1018.0,1012.5,1017.5,21578,0.0,0.0,ADANIENSOL.NS
2026-02-17 11:30:00+05:30,1017.5,1019.7999877929688,1016.0,1016.7000122070312,34696,0.0,0.0,ADANIENSOL.NS
2026-02-17 11:45:00+05:30,1016.7000122070312,1018.0,1016.7000122070312,1017.25,9490,0.0,0.0,ADANIENSOL.NS
2026-02-17 12:00:00+05:30,1017.5,1018.9500122070312,1016.7999877929688,1018.25,4845,0.0,0.0,ADANIENSOL.NS
2026-02-17 12:15:00+05:30,1018.0,1025.550048828125,1017.9000244140624,1024.75,38023,0.0,0.0,ADANIENSOL.NS
2026-02-17 12:30:00+05:30,1025.199951171875,1034.25,1024.0,1029.3499755859375,118627,0.0,0.0,ADANIENSOL.NS
2026-02-17 12:45:00+05:30,1028.699951171875,1030.0,1026.699951171875,1028.0999755859375,20261,0.0,0.0,ADANIENSOL.NS
2026-02-17 13:00:00+05:30,1028.0999755859375,1031.0,1027.75,1029.0999755859375,28427,0.0,0.0,ADANIENSOL.NS
2026-02-17 13:15:00+05:30,1029.0999755859375,1031.6500244140625,1029.0,1031.0,21442,0.0,0.0,ADANIENSOL.NS
2026-02-17 13:30:00+05:30,1031.0,1032.5999755859375,1031.0,1032.199951171875,24716,0.0,0.0,ADANIENSOL.NS
2026-02-17 13:45:00+05:30,1032.0,1034.0,1031.300048828125,1033.9000244140625,32195,0.0,0.0,ADANIENSOL.NS
2026-02-17 14:00:00+05:30,1033.550048828125,1033.800048828125,1031.0,1031.0,83456,0.0,0.0,ADANIENSOL.NS
2026-02-17 14:15:00+05:30,1031.0,1031.0999755859375,1027.3499755859375,1029.800048828125,41755,0.0,0.0,ADANIENSOL.NS
2026-02-17 14:30:00+05:30,1029.800048828125,1031.0,1027.800048828125,1027.800048828125,65926,0.0,0.0,ADANIENSOL.NS
2026-02-17 14:45:00+05:30,1028.550048828125,1028.550048828125,1024.0,1026.0,85331,0.0,0.0,ADANIENSOL.NS
2026-02-17 15:00:00+05:30,1027.25,1031.4000244140625,1026.8499755859375,1029.699951171875,108695,0.0,0.0,ADANIENSOL.NS
2026-02-17 15:15:00+05:30,1029.699951171875,1034.0,1028.0,1030.199951171875,177544,0.0,0.0,ADANIENSOL.NS
2026-02-18 09:15:00+05:30,1033.25,1033.25,1023.0499877929688,1028.050048828125,28768,0.0,0.0,ADANIENSOL.NS
2026-02-18 09:30:00+05:30,1028.1500244140625,1028.199951171875,1023.0999755859376,1025.25,23886,0.0,0.0,ADANIENSOL.NS
2026-02-18 09:45:00+05:30,1024.699951171875,1024.699951171875,1018.7000122070312,1019.0,39624,0.0,0.0,ADANIENSOL.NS
2026-02-18 10:00:00+05:30,1019.7999877929688,1022.3499755859376,1019.0999755859376,1020.75,18558,0.0,0.0,ADANIENSOL.NS
2026-02-18 10:15:00+05:30,1019.9500122070312,1024.0,1018.2999877929688,1019.75,15885,0.0,0.0,ADANIENSOL.NS
2026-02-18 10:30:00+05:30,1019.9500122070312,1022.3499755859376,1019.0,1019.4000244140624,18441,0.0,0.0,ADANIENSOL.NS
2026-02-18 10:45:00+05:30,1019.8499755859376,1023.0,1019.0,1022.0999755859376,15418,0.0,0.0,ADANIENSOL.NS
2026-02-18 11:00:00+05:30,1022.5,1023.75,1021.7999877929688,1022.2000122070312,11476,0.0,0.0,ADANIENSOL.NS
2026-02-18 11:15:00+05:30,1022.25,1024.9000244140625,1022.25,1023.75,8956,0.0,0.0,ADANIENSOL.NS
2026-02-18 11:30:00+05:30,1023.4000244140624,1025.5999755859375,1023.0,1025.199951171875,10423,0.0,0.0,ADANIENSOL.NS
2026-02-18 11:45:00+05:30,1025.5999755859375,1031.5,1025.5999755859375,1031.5,35364,0.0,0.0,ADANIENSOL.NS
2026-02-18 12:00:00+05:30,1031.550048828125,1031.550048828125,1026.0999755859375,1026.4000244140625,10240,0.0,0.0,ADANIENSOL.NS
2026-02-18 12:15:00+05:30,1026.800048828125,1028.5,1026.5,1027.75,6816,0.0,0.0,ADANIENSOL.NS
2026-02-18 12:30:00+05:30,1027.75,1029.1500244140625,1027.050048828125,1028.4000244140625,7502,0.0,0.0,ADANIENSOL.NS
2026-02-18 12:45:00+05:30,1028.449951171875,1028.449951171875,1025.800048828125,1027.0,6836,0.0,0.0,ADANIENSOL.NS
2026-02-18 13:00:00+05:30,1027.4000244140625,1029.800048828125,1027.0,1028.800048828125,5286,0.0,0.0,ADANIENSOL.NS
2026-02-18 13:15:00+05:30,1028.9000244140625,1030.5,1027.550048828125,1029.0999755859375,21728,0.0,0.0,ADANIENSOL.NS
2026-02-18 13:30:00+05:30,1028.699951171875,1028.8499755859375,1027.0,1028.0999755859375,5241,0.0,0.0,ADANIENSOL.NS
2026-02-18 13:45:00+05:30,1027.949951171875,1031.0,1027.9000244140625,1029.8499755859375,16193,0.0,0.0,ADANIENSOL.NS
2026-02-18 14:00:00+05:30,1029.75,1030.550048828125,1028.75,1029.800048828125,11499,0.0,0.0,ADANIENSOL.NS
2026-02-18 14:15:00+05:30,1030.0,1033.0,1029.8499755859375,1030.449951171875,24884,0.0,0.0,ADANIENSOL.NS
2026-02-18 14:30:00+05:30,1030.449951171875,1031.0,1028.3499755859375,1030.5,16498,0.0,0.0,ADANIENSOL.NS
2026-02-18 14:45:00+05:30,1030.6500244140625,1035.75,1030.050048828125,1034.199951171875,41523,0.0,0.0,ADANIENSOL.NS
2026-02-18 15:00:00+05:30,1035.0,1038.5,1034.75,1035.949951171875,64177,0.0,0.0,ADANIENSOL.NS
2026-02-18 15:15:00+05:30,1035.5999755859375,1036.5999755859375,1033.050048828125,1034.199951171875,64450,0.0,0.0,ADANIENSOL.NS
2026-02-19 09:15:00+05:30,1035.0,1035.699951171875,1029.050048828125,1030.8499755859375,27069,0.0,0.0,ADANIENSOL.NS
2026-02-19 09:30:00+05:30,1030.8499755859375,1036.0999755859375,1028.6500244140625,1028.949951171875,64517,0.0,0.0,ADANIENSOL.NS
2026-02-19 09:45:00+05:30,1028.75,1030.0,1026.300048828125,1027.6500244140625,39067,0.0,0.0,ADANIENSOL.NS
2026-02-19 10:00:00+05:30,1027.9000244140625,1027.9000244140625,1020.7999877929688,1022.4500122070312,42341,0.0,0.0,ADANIENSOL.NS
2026-02-19 10:15:00+05:30,1022.4500122070312,1023.1500244140624,1019.2999877929688,1021.0499877929688,38807,0.0,0.0,ADANIENSOL.NS
2026-02-19 10:30:00+05:30,1020.7000122070312,1022.0,1014.25,1015.9500122070312,51542,0.0,0.0,ADANIENSOL.NS
2026-02-19 10:45:00+05:30,1015.9000244140624,1016.0999755859376,1011.5,1012.7999877929688,42116,0.0,0.0,ADANIENSOL.NS
2026-02-19 11:00:00+05:30,1012.7000122070312,1013.4000244140624,1008.5999755859376,1009.1500244140624,52685,0.0,0.0,ADANIENSOL.NS
2026-02-19 11:15:00+05:30,1008.5999755859376,1014.5499877929688,1008.0,1014.2000122070312,53720,0.0,0.0,ADANIENSOL.NS
2026-02-19 11:30:00+05:30,1014.2000122070312,1014.6500244140624,1010.7999877929688,1011.25,16317,0.0,0.0,ADANIENSOL.NS
2026-02-19 11:45:00+05:30,1011.2000122070312,1019.0999755859376,1010.5499877929688,1018.1500244140624,35648,0.0,0.0,ADANIENSOL.NS
2026-02-19 12:00:00+05:30,1018.25,1018.25,1010.0499877929688,1010.5999755859376,34156,0.0,0.0,ADANIENSOL.NS
2026-02-19 12:15:00+05:30,1010.0499877929688,1012.0,1009.0499877929688,1011.75,20717,0.0,0.0,ADANIENSOL.NS
2026-02-19 12:30:00+05:30,1012.0,1013.2000122070312,1010.0,1010.5,19244,0.0,0.0,ADANIENSOL.NS
2026-02-19 12:45:00+05:30,1010.9500122070312,1016.0,1009.2999877929688,1012.2000122070312,28018,0.0,0.0,ADANIENSOL.NS
2026-02-19 13:00:00+05:30,1012.5999755859376,1016.75,1012.4000244140624,1016.2000122070312,27597,0.0,0.0,ADANIENSOL.NS
2026-02-19 13:15:00+05:30,1016.8499755859376,1018.3499755859376,1014.7999877929688,1017.25,26655,0.0,0.0,ADANIENSOL.NS
2026-02-19 13:30:00+05:30,1017.4000244140624,1017.9500122070312,1014.0,1015.0,16364,0.0,0.0,ADANIENSOL.NS
2026-02-19 13:45:00+05:30,1014.4500122070312,1016.0499877929688,1013.25,1015.0999755859376,21115,0.0,0.0,ADANIENSOL.NS
2026-02-19 14:00:00+05:30,1014.7999877929688,1016.2999877929688,1013.7000122070312,1014.5,23745,0.0,0.0,ADANIENSOL.NS
2026-02-19 14:15:00+05:30,1015.0499877929688,1016.7999877929688,1012.9000244140624,1012.9500122070312,22480,0.0,0.0,ADANIENSOL.NS
2026-02-19 14:30:00+05:30,1013.4000244140624,1015.9500122070312,1010.5,1010.5499877929688,24954,0.0,0.0,ADANIENSOL.NS
2026-02-19 14:45:00+05:30,1010.9500122070312,1014.4500122070312,1010.4500122070312,1012.7000122070312,38683,0.0,0.0,ADANIENSOL.NS
2026-02-19 15:00:00+05:30,1011.75,1011.75,1006.0,1006.8499755859376,55528,0.0,0.0,ADANIENSOL.NS
2026-02-19 15:15:00+05:30,1006.4500122070312,1009.0,1004.0999755859376,1005.0,74474,0.0,0.0,ADANIENSOL.NS
2026-02-20 09:15:00+05:30,1002.9000244140624,1010.2000122070312,997.5,997.5,172361,0.0,0.0,ADANIENSOL.NS
2026-02-20 09:30:00+05:30,997.8499755859376,1000.6500244140624,989.1500244140624,990.7999877929688,354134,0.0,0.0,ADANIENSOL.NS
2026-02-20 09:45:00+05:30,990.9500122070312,995.0499877929688,989.4500122070312,993.9500122070312,80376,0.0,0.0,ADANIENSOL.NS
2026-02-20 10:00:00+05:30,993.8499755859376,994.0,985.7999877929688,986.5999755859376,64867,0.0,0.0,ADANIENSOL.NS
2026-02-20 10:15:00+05:30,986.0999755859376,992.6500244140624,986.0499877929688,991.6500244140624,53327,0.0,0.0,ADANIENSOL.NS
2026-02-20 10:30:00+05:30,989.9000244140624,994.2000122070312,989.5,993.2999877929688,108853,0.0,0.0,ADANIENSOL.NS
2026-02-20 10:45:00+05:30,993.9000244140624,994.9500122070312,986.0999755859376,986.4000244140624,76318,0.0,0.0,ADANIENSOL.NS
2026-02-20 11:00:00+05:30,986.5999755859376,990.3499755859376,984.3499755859376,984.6500244140624,81431,0.0,0.0,ADANIENSOL.NS
2026-02-20 11:15:00+05:30,984.5999755859376,988.75,984.5999755859376,988.5999755859376,60825,0.0,0.0,ADANIENSOL.NS
2026-02-20 11:30:00+05:30,988.2000122070312,990.9500122070312,988.0499877929688,989.5,67543,0.0,0.0,ADANIENSOL.NS
2026-02-20 11:45:00+05:30,989.7000122070312,991.0499877929688,988.2999877929688,990.25,58981,0.0,0.0,ADANIENSOL.NS
2026-02-20 12:00:00+05:30,990.0,998.9000244140624,990.0,998.25,89242,0.0,0.0,ADANIENSOL.NS
2026-02-20 12:15:00+05:30,996.2999877929688,999.0,994.3499755859376,998.4500122070312,89215,0.0,0.0,ADANIENSOL.NS
2026-02-20 12:30:00+05:30,998.5,999.7000122070312,995.25,995.7000122070312,62673,0.0,0.0,ADANIENSOL.NS
2026-02-20 12:45:00+05:30,996.0,999.4000244140624,995.25,997.9500122070312,56400,0.0,0.0,ADANIENSOL.NS
2026-02-20 13:00:00+05:30,997.7999877929688,998.25,993.4500122070312,996.25,78498,0.0,0.0,ADANIENSOL.NS
2026-02-20 13:15:00+05:30,996.1500244140624,999.7999877929688,995.25,998.25,89152,0.0,0.0,ADANIENSOL.NS
2026-02-20 13:30:00+05:30,998.3499755859376,1000.75,995.0,997.0999755859376,66354,0.0,0.0,ADANIENSOL.NS
2026-02-20 13:45:00+05:30,997.8499755859376,998.7000122070312,994.0499877929688,996.2999877929688,105497,0.0,0.0,ADANIENSOL.NS
2026-02-20 14:00:00+05:30,996.0499877929688,997.9000244140624,995.7000122070312,997.7000122070312,59840,0.0,0.0,ADANIENSOL.NS
2026-02-20 14:15:00+05:30,997.5,1002.0,997.4000244140624,1000.3499755859376,89997,0.0,0.0,ADANIENSOL.NS
2026-02-20 14:30:00+05:30,999.5,1001.8499755859376,995.0499877929688,996.25,82114,0.0,0.0,ADANIENSOL.NS
2026-02-20 14:45:00+05:30,996.4500122070312,1000.2999877929688,996.0,1000.0499877929688,90877,0.0,0.0,ADANIENSOL.NS
2026-02-20 15:00:00+05:30,1000.5,1002.7000122070312,996.0499877929688,997.25,213909,0.0,0.0,ADANIENSOL.NS
2026-02-20 15:15:00+05:30,997.5499877929688,998.0,994.9500122070312,994.9500122070312,149110,0.0,0.0,ADANIENSOL.NS
2026-02-23 09:15:00+05:30,1004.9000244140624,1004.9000244140624,994.2000122070312,1001.7000122070312,68427,0.0,0.0,ADANIENSOL.NS
2026-02-23 09:30:00+05:30,1002.0999755859376,1002.6500244140624,997.5999755859376,1002.5499877929688,87310,0.0,0.0,ADANIENSOL.NS
2026-02-23 09:45:00+05:30,1002.5999755859376,1008.0,1002.2000122070312,1004.7999877929688,124395,0.0,0.0,ADANIENSOL.NS
2026-02-23 10:00:00+05:30,1004.9500122070312,1009.9500122070312,1001.0,1007.75,100663,0.0,0.0,ADANIENSOL.NS
2026-02-23 10:15:00+05:30,1007.3499755859376,1009.5,1006.0,1006.3499755859376,42658,0.0,0.0,ADANIENSOL.NS
2026-02-23 10:30:00+05:30,1006.9000244140624,1007.2999877929688,997.0,997.2999877929688,67139,0.0,0.0,ADANIENSOL.NS
2026-02-23 10:45:00+05:30,997.0999755859376,1004.6500244140624,997.0,1003.5,37956,0.0,0.0,ADANIENSOL.NS
2026-02-23 11:00:00+05:30,1004.0,1004.0999755859376,998.4000244140624,1003.3499755859376,51152,0.0,0.0,ADANIENSOL.NS
2026-02-23 11:15:00+05:30,1003.4500122070312,1004.2000122070312,1001.8499755859376,1003.0999755859376,38149,0.0,0.0,ADANIENSOL.NS
2026-02-23 11:30:00+05:30,1002.0999755859376,1005.0,1001.3499755859376,1004.2000122070312,26475,0.0,0.0,ADANIENSOL.NS
2026-02-23 11:45:00+05:30,1004.0999755859376,1005.0999755859376,1001.5,1002.4000244140624,33191,0.0,0.0,ADANIENSOL.NS
2026-02-23 12:00:00+05:30,1002.6500244140624,1004.7999877929688,1002.3499755859376,1003.5499877929688,18746,0.0,0.0,ADANIENSOL.NS
2026-02-23 12:15:00+05:30,1003.8499755859376,1005.4500122070312,1002.9500122070312,1004.4500122070312,23924,0.0,0.0,ADANIENSOL.NS
2026-02-23 12:30:00+05:30,1004.0999755859376,1007.4500122070312,1002.7000122070312,1006.0499877929688,29298,0.0,0.0,ADANIENSOL.NS
2026-02-23 12:45:00+05:30,1006.0499877929688,1008.3499755859376,1004.75,1005.5499877929688,40116,0.0,0.0,ADANIENSOL.NS
2026-02-23 13:00:00+05:30,1005.0,1007.0,1003.6500244140624,1004.9000244140624,56388,0.0,0.0,ADANIENSOL.NS
2026-02-23 13:15:00+05:30,1004.9000244140624,1006.9000244140624,1004.7000122070312,1005.7999877929688,22605,0.0,0.0,ADANIENSOL.NS
2026-02-23 13:30:00+05:30,1005.4000244140624,1005.75,1003.0499877929688,1003.9500122070312,17032,0.0,0.0,ADANIENSOL.NS
2026-02-23 13:45:00+05:30,1004.0499877929688,1005.7999877929688,1001.5,1003.0499877929688,42188,0.0,0.0,ADANIENSOL.NS
2026-02-23 14:00:00+05:30,1002.7999877929688,1004.0499877929688,998.2999877929688,999.0499877929688,32266,0.0,0.0,ADANIENSOL.NS
2026-02-23 14:15:00+05:30,999.0,1001.4000244140624,998.5999755859376,1000.1500244140624,26312,0.0,0.0,ADANIENSOL.NS
2026-02-23 14:30:00+05:30,1000.4000244140624,1003.4500122070312,998.2000122070312,998.2000122070312,34721,0.0,0.0,ADANIENSOL.NS
2026-02-23 14:45:00+05:30,998.5,1001.5999755859376,998.25,1001.2000122070312,38751,0.0,0.0,ADANIENSOL.NS
2026-02-23 15:00:00+05:30,1002.6500244140624,1004.9000244140624,1000.2000122070312,1003.7000122070312,85536,0.0,0.0,ADANIENSOL.NS
2026-02-23 15:15:00+05:30,1003.5,1005.9500122070312,1001.9000244140624,1001.9000244140624,78860,0.0,0.0,ADANIENSOL.NS
2026-02-24 09:15:00+05:30,998.75,1008.9000244140624,994.0999755859376,1005.8499755859376,68362,0.0,0.0,ADANIENSOL.NS
2026-02-24 09:30:00+05:30,1005.2999877929688,1005.8499755859376,1000.5,1003.75,50138,0.0,0.0,ADANIENSOL.NS
2026-02-24 09:45:00+05:30,1003.4000244140624,1008.5,1003.1500244140624,1006.5,45661,0.0,0.0,ADANIENSOL.NS
2026-02-24 10:00:00+05:30,1006.5999755859376,1008.0,1004.6500244140624,1005.6500244140624,35458,0.0,0.0,ADANIENSOL.NS
2026-02-24 10:15:00+05:30,1005.5499877929688,1006.1500244140624,1003.5999755859376,1005.0499877929688,23256,0.0,0.0,ADANIENSOL.NS
2026-02-24 10:30:00+05:30,1004.4000244140624,1007.4500122070312,1004.1500244140624,1006.2999877929688,19659,0.0,0.0,ADANIENSOL.NS
2026-02-24 10:45:00+05:30,1006.0,1006.0,1003.7999877929688,1005.5,20152,0.0,0.0,ADANIENSOL.NS
2026-02-24 11:00:00+05:30,1005.7000122070312,1008.9500122070312,1005.7000122070312,1007.9000244140624,37042,0.0,0.0,ADANIENSOL.NS
2026-02-24 11:15:00+05:30,1008.0,1009.4500122070312,1007.3499755859376,1008.5999755859376,25689,0.0,0.0,ADANIENSOL.NS
2026-02-24 11:30:00+05:30,1008.9500122070312,1010.2999877929688,1006.0,1006.0,23055,0.0,0.0,ADANIENSOL.NS
2026-02-24 11:45:00+05:30,1006.0,1006.0,1002.7999877929688,1002.7999877929688,18068,0.0,0.0,ADANIENSOL.NS
2026-02-24 12:00:00+05:30,1002.75,1003.5,1001.4000244140624,1002.75,18224,0.0,0.0,ADANIENSOL.NS
2026-02-24 12:15:00+05:30,1002.6500244140624,1002.7999877929688,1000.5499877929688,1000.9500122070312,15547,0.0,0.0,ADANIENSOL.NS
2026-02-24 12:30:00+05:30,1001.0,1002.75,1000.2999877929688,1000.7999877929688,13174,0.0,0.0,ADANIENSOL.NS
2026-02-24 12:45:00+05:30,1000.7000122070312,1002.4500122070312,1000.0,1001.4000244140624,17367,0.0,0.0,ADANIENSOL.NS
2026-02-24 13:00:00+05:30,1001.4000244140624,1004.7999877929688,1001.0999755859376,1003.7999877929688,19296,0.0,0.0,ADANIENSOL.NS
2026-02-24 13:15:00+05:30,1003.8499755859376,1005.6500244140624,1002.2999877929688,1004.9500122070312,42634,0.0,0.0,ADANIENSOL.NS
2026-02-24 13:30:00+05:30,1004.0999755859376,1007.0999755859376,1001.7999877929688,1004.7999877929688,42350,0.0,0.0,ADANIENSOL.NS
2026-02-24 13:45:00+05:30,1004.7999877929688,1009.7999877929688,1004.0999755859376,1009.0,32847,0.0,0.0,ADANIENSOL.NS
2026-02-24 14:00:00+05:30,1009.5999755859376,1012.5499877929688,1007.3499755859376,1012.5499877929688,39291,0.0,0.0,ADANIENSOL.NS
2026-02-24 14:15:00+05:30,1014.4000244140624,1018.2000122070312,1013.1500244140624,1016.0999755859376,73673,0.0,0.0,ADANIENSOL.NS
2026-02-24 14:30:00+05:30,1015.9000244140624,1021.5,1015.6500244140624,1018.7000122070312,52433,0.0,0.0,ADANIENSOL.NS
2026-02-24 14:45:00+05:30,1018.6500244140624,1028.0,1018.1500244140624,1027.4000244140625,102705,0.0,0.0,ADANIENSOL.NS
2026-02-24 15:00:00+05:30,1027.5,1035.1500244140625,1026.050048828125,1034.550048828125,181116,0.0,0.0,ADANIENSOL.NS
2026-02-24 15:15:00+05:30,1034.0999755859375,1045.0,1033.4000244140625,1042.3499755859375,282299,0.0,0.0,ADANIENSOL.NS
2026-02-25 09:15:00+05:30,1041.0,1051.699951171875,1039.050048828125,1045.0,62190,0.0,0.0,ADANIENSOL.NS
2026-02-25 09:30:00+05:30,1044.300048828125,1044.300048828125,1032.550048828125,1033.0999755859375,95128,0.0,0.0,ADANIENSOL.NS
2026-02-25 09:45:00+05:30,1033.0,1034.9000244140625,1028.5999755859375,1032.0,47195,0.0,0.0,ADANIENSOL.NS
2026-02-25 10:00:00+05:30,1032.300048828125,1035.8499755859375,1030.1500244140625,1035.699951171875,46051,0.0,0.0,ADANIENSOL.NS
2026-02-25 10:15:00+05:30,1035.8499755859375,1039.3499755859375,1034.0999755859375,1034.0999755859375,32587,0.0,0.0,ADANIENSOL.NS
2026-02-25 10:30:00+05:30,1034.1500244140625,1035.8499755859375,1030.050048828125,1030.050048828125,29184,0.0,0.0,ADANIENSOL.NS
2026-02-25 10:45:00+05:30,1030.0,1033.0999755859375,1029.9000244140625,1031.550048828125,18270,0.0,0.0,ADANIENSOL.NS
2026-02-25 11:00:00+05:30,1031.550048828125,1032.4000244140625,1030.5999755859375,1031.0,11303,0.0,0.0,ADANIENSOL.NS
2026-02-25 11:15:00+05:30,1031.449951171875,1031.449951171875,1020.2999877929688,1022.5999755859376,53054,0.0,0.0,ADANIENSOL.NS
2026-02-25 11:30:00+05:30,1022.1500244140624,1026.25,1020.4000244140624,1021.5999755859376,40007,0.0,0.0,ADANIENSOL.NS
2026-02-25 11:45:00+05:30,1022.0,1025.25,1020.2999877929688,1020.7000122070312,24793,0.0,0.0,ADANIENSOL.NS
2026-02-25 12:00:00+05:30,1020.7000122070312,1022.2000122070312,1019.7000122070312,1019.9500122070312,24015,0.0,0.0,ADANIENSOL.NS
2026-02-25 12:15:00+05:30,1020.2000122070312,1025.449951171875,1019.5999755859376,1024.25,33693,0.0,0.0,ADANIENSOL.NS
2026-02-25 12:30:00+05:30,1024.8499755859375,1027.550048828125,1014.7000122070312,1014.7000122070312,60997,0.0,0.0,ADANIENSOL.NS
2026-02-25 12:45:00+05:30,1015.0999755859376,1015.6500244140624,1009.0,1010.0,164437,0.0,0.0,ADANIENSOL.NS
2026-02-25 13:00:00+05:30,1009.5499877929688,1010.2999877929688,1008.3499755859376,1009.8499755859376,28361,0.0,0.0,ADANIENSOL.NS
2026-02-25 13:15:00+05:30,1009.8499755859376,1014.3499755859376,1008.5499877929688,1013.1500244140624,33781,0.0,0.0,ADANIENSOL.NS
2026-02-25 13:30:00+05:30,1014.2000122070312,1016.9000244140624,1013.5999755859376,1015.5499877929688,24718,0.0,0.0,ADANIENSOL.NS
2026-02-25 13:45:00+05:30,1015.75,1018.7999877929688,1014.9000244140624,1015.0499877929688,31490,0.0,0.0,ADANIENSOL.NS
2026-02-25 14:00:00+05:30,1015.0499877929688,1015.5,1010.6500244140624,1010.6500244140624,36211,0.0,0.0,ADANIENSOL.NS
2026-02-25 14:15:00+05:30,1010.6500244140624,1013.25,1010.0,1010.0,61792,0.0,0.0,ADANIENSOL.NS
2026-02-25 14:30:00+05:30,1010.2000122070312,1011.5999755859376,1009.0999755859376,1010.1500244140624,26271,0.0,0.0,ADANIENSOL.NS
2026-02-25 14:45:00+05:30,1010.75,1011.4500122070312,1009.4500122070312,1010.1500244140624,53147,0.0,0.0,ADANIENSOL.NS
2026-02-25 15:00:00+05:30,1010.2999877929688,1013.1500244140624,1007.5999755859376,1010.4500122070312,143672,0.0,0.0,ADANIENSOL.NS
2026-02-25 15:15:00+05:30,1010.9500122070312,1021.7000122070312,1010.0499877929688,1013.0,114266,0.0,0.0,ADANIENSOL.NS
2026-02-26 09:15:00+05:30,1023.2000122070312,1033.9000244140625,1020.5999755859376,1032.0,98117,0.0,0.0,ADANIENSOL.NS
2026-02-26 09:30:00+05:30,1031.8499755859375,1036.199951171875,1022.7999877929688,1023.4000244140624,139722,0.0,0.0,ADANIENSOL.NS
2026-02-26 09:45:00+05:30,1023.75,1024.9000244140625,1014.7999877929688,1016.5999755859376,60561,0.0,0.0,ADANIENSOL.NS
2026-02-26 10:00:00+05:30,1016.2000122070312,1019.25,1015.7999877929688,1016.25,28398,0.0,0.0,ADANIENSOL.NS
2026-02-26 10:15:00+05:30,1016.5999755859376,1019.7999877929688,1016.25,1018.2000122070312,21914,0.0,0.0,ADANIENSOL.NS
2026-02-26 10:30:00+05:30,1017.9000244140624,1024.1500244140625,1017.7000122070312,1021.5,34360,0.0,0.0,ADANIENSOL.NS
2026-02-26 10:45:00+05:30,1021.5,1022.0,1009.5999755859376,1010.0,65501,0.0,0.0,ADANIENSOL.NS
2026-02-26 11:00:00+05:30,1010.0,1013.3499755859376,1009.0,1011.5,32417,0.0,0.0,ADANIENSOL.NS
2026-02-26 11:15:00+05:30,1011.3499755859376,1019.9500122070312,1010.75,1017.0,26881,0.0,0.0,ADANIENSOL.NS
2026-02-26 11:30:00+05:30,1017.0,1017.0,1014.9000244140624,1015.9500122070312,19565,0.0,0.0,ADANIENSOL.NS
2026-02-26 11:45:00+05:30,1015.1500244140624,1016.5,1011.5,1011.9000244140624,26896,0.0,0.0,ADANIENSOL.NS
2026-02-26 12:00:00+05:30,1012.25,1014.75,1011.25,1012.7999877929688,16121,0.0,0.0,ADANIENSOL.NS
2026-02-26 12:15:00+05:30,1012.7999877929688,1014.9000244140624,1010.9000244140624,1014.8499755859376,15097,0.0,0.0,ADANIENSOL.NS
2026-02-26 12:30:00+05:30,1014.5999755859376,1016.2999877929688,1014.0,1015.7000122070312,17755,0.0,0.0,ADANIENSOL.NS
2026-02-26 12:45:00+05:30,1015.7000122070312,1016.5,1013.4500122070312,1015.4500122070312,12981,0.0,0.0,ADANIENSOL.NS
2026-02-26 13:00:00+05:30,1015.4500122070312,1017.0,1015.0,1015.0,12033,0.0,0.0,ADANIENSOL.NS
2026-02-26 13:15:00+05:30,1015.0,1018.0499877929688,1014.4000244140624,1017.7000122070312,30342,0.0,0.0,ADANIENSOL.NS
2026-02-26 13:30:00+05:30,1017.9000244140624,1019.2999877929688,1017.25,1018.6500244140624,17077,0.0,0.0,ADANIENSOL.NS
2026-02-26 13:45:00+05:30,1018.6500244140624,1018.9000244140624,1015.6500244140624,1017.5999755859376,16617,0.0,0.0,ADANIENSOL.NS
2026-02-26 14:00:00+05:30,1017.4500122070312,1018.25,1015.5,1017.7000122070312,19403,0.0,0.0,ADANIENSOL.NS
2026-02-26 14:15:00+05:30,1017.8499755859376,1019.7999877929688,1017.75,1019.5,18644,0.0,0.0,ADANIENSOL.NS
2026-02-26 14:30:00+05:30,1019.5,1025.25,1018.9500122070312,1024.3499755859375,43875,0.0,0.0,ADANIENSOL.NS
2026-02-26 14:45:00+05:30,1024.1500244140625,1025.050048828125,1020.75,1024.25,38691,0.0,0.0,ADANIENSOL.NS
2026-02-26 15:00:00+05:30,1025.800048828125,1028.3499755859375,1024.9000244140625,1027.550048828125,64890,0.0,0.0,ADANIENSOL.NS
2026-02-26 15:15:00+05:30,1027.4000244140625,1029.0,1014.2999877929688,1023.9500122070312,122261,0.0,0.0,ADANIENSOL.NS
2026-02-27 09:15:00+05:30,1021.9500122070312,1030.449951171875,1015.2999877929688,1027.3499755859375,37994,0.0,0.0,ADANIENSOL.NS
2026-02-27 09:30:00+05:30,1027.1500244140625,1029.25,1026.550048828125,1028.050048828125,29632,0.0,0.0,ADANIENSOL.NS
2026-02-27 09:45:00+05:30,1028.0,1028.9000244140625,1024.0,1026.0,24398,0.0,0.0,ADANIENSOL.NS
2026-02-27 10:00:00+05:30,1025.550048828125,1029.5999755859375,1024.949951171875,1027.0999755859375,27257,0.0,0.0,ADANIENSOL.NS
2026-02-27 10:15:00+05:30,1027.0999755859375,1033.6500244140625,1024.9000244140625,1032.050048828125,51609,0.0,0.0,ADANIENSOL.NS
2026-02-27 10:30:00+05:30,1032.050048828125,1033.9000244140625,1030.5,1030.699951171875,46761,0.0,0.0,ADANIENSOL.NS
2026-02-27 10:45:00+05:30,1030.800048828125,1031.8499755859375,1029.0999755859375,1029.9000244140625,12674,0.0,0.0,ADANIENSOL.NS
2026-02-27 11:00:00+05:30,1029.9000244140625,1032.699951171875,1028.0,1029.550048828125,22513,0.0,0.0,ADANIENSOL.NS
2026-02-27 11:15:00+05:30,1029.550048828125,1030.699951171875,1027.199951171875,1027.199951171875,11185,0.0,0.0,ADANIENSOL.NS
2026-02-27 11:30:00+05:30,1027.199951171875,1027.5,1024.199951171875,1026.0999755859375,17298,0.0,0.0,ADANIENSOL.NS
2026-02-27 11:45:00+05:30,1026.75,1029.300048828125,1026.5999755859375,1028.6500244140625,7184,0.0,0.0,ADANIENSOL.NS
2026-02-27 12:00:00+05:30,1028.699951171875,1030.0,1028.050048828125,1028.5,4746,0.0,0.0,ADANIENSOL.NS
2026-02-27 12:15:00+05:30,1028.3499755859375,1029.800048828125,1028.0,1029.25,7363,0.0,0.0,ADANIENSOL.NS
2026-02-27 12:30:00+05:30,1029.0,1029.550048828125,1026.8499755859375,1028.0,8361,0.0,0.0,ADANIENSOL.NS
2026-02-27 12:45:00+05:30,1028.0,1032.6500244140625,1027.75,1031.050048828125,26072,0.0,0.0,ADANIENSOL.NS
2026-02-27 13:00:00+05:30,1031.8499755859375,1032.4000244140625,1030.5,1031.550048828125,11826,0.0,0.0,ADANIENSOL.NS
2026-02-27 13:15:00+05:30,1031.8499755859375,1033.0,1030.6500244140625,1032.9000244140625,11537,0.0,0.0,ADANIENSOL.NS
2026-02-27 13:30:00+05:30,1032.949951171875,1033.800048828125,1031.550048828125,1032.050048828125,20056,0.0,0.0,ADANIENSOL.NS
2026-02-27 13:45:00+05:30,1032.0,1033.4000244140625,1030.0999755859375,1033.0,24599,0.0,0.0,ADANIENSOL.NS
2026-02-27 14:00:00+05:30,1033.0,1033.5,1031.800048828125,1032.800048828125,12249,0.0,0.0,ADANIENSOL.NS
2026-02-27 14:15:00+05:30,1033.300048828125,1033.300048828125,1020.0,1022.7999877929688,90693,0.0,0.0,ADANIENSOL.NS
2026-02-27 14:30:00+05:30,1022.6500244140624,1022.75,1019.4000244140624,1020.25,23688,0.0,0.0,ADANIENSOL.NS
2026-02-27 14:45:00+05:30,1020.25,1021.7000122070312,1018.0499877929688,1020.5999755859376,19873,0.0,0.0,ADANIENSOL.NS
2026-02-27 15:00:00+05:30,1020.9500122070312,1020.9500122070312,1008.75,1012.25,63531,0.0,0.0,ADANIENSOL.NS
2026-02-27 15:15:00+05:30,1012.0999755859376,1012.25,1009.0,1009.0,50861,0.0,0.0,ADANIENSOL.NS
2026-03-02 09:15:00+05:30,962.0,987.5,962.0,980.4000244140624,80465,0.0,0.0,ADANIENSOL.NS
2026-03-02 09:30:00+05:30,980.0999755859376,987.5,980.0999755859376,981.5999755859376,62656,0.0,0.0,ADANIENSOL.NS
2026-03-02 09:45:00+05:30,980.7000122070312,983.7999877929688,976.2000122070312,977.2000122070312,55517,0.0,0.0,ADANIENSOL.NS
2026-03-02 10:00:00+05:30,978.4000244140624,978.4000244140624,968.0,971.7999877929688,81915,0.0,0.0,ADANIENSOL.NS
2026-03-02 10:15:00+05:30,972.0,978.7999877929688,970.5999755859376,975.0999755859376,50756,0.0,0.0,ADANIENSOL.NS
2026-03-02 10:30:00+05:30,975.2999877929688,983.2000122070312,974.0999755859376,979.7999877929688,87778,0.0,0.0,ADANIENSOL.NS
2026-03-02 10:45:00+05:30,979.7999877929688,981.0,976.0999755859376,978.0999755859376,21644,0.0,0.0,ADANIENSOL.NS
2026-03-02 11:00:00+05:30,978.2999877929688,979.7999877929688,976.5,977.5999755859376,10622,0.0,0.0,ADANIENSOL.NS
2026-03-02 11:15:00+05:30,977.9000244140624,978.5,969.2000122070312,970.5,30602,0.0,0.0,ADANIENSOL.NS
2026-03-02 11:30:00+05:30,970.4000244140624,975.5,966.5999755859376,974.0,61963,0.0,0.0,ADANIENSOL.NS
2026-03-02 11:45:00+05:30,974.0999755859376,976.2000122070312,970.4000244140624,970.4000244140624,20667,0.0,0.0,ADANIENSOL.NS
2026-03-02 12:00:00+05:30,970.4000244140624,970.4000244140624,965.2999877929688,965.2999877929688,28468,0.0,0.0,ADANIENSOL.NS
2026-03-02 12:15:00+05:30,966.0,966.0,961.0,962.7000122070312,53587,0.0,0.0,ADANIENSOL.NS
2026-03-02 12:30:00+05:30,962.0999755859376,963.0,957.0,957.2000122070312,42362,0.0,0.0,ADANIENSOL.NS
2026-03-02 12:45:00+05:30,957.4000244140624,964.2999877929688,954.7999877929688,961.7000122070312,58404,0.0,0.0,ADANIENSOL.NS
2026-03-02 13:00:00+05:30,961.4000244140624,962.5999755859376,958.0,958.7000122070312,18078,0.0,0.0,ADANIENSOL.NS
2026-03-02 13:15:00+05:30,958.2999877929688,962.5,958.2000122070312,959.7000122070312,32814,0.0,0.0,ADANIENSOL.NS
2026-03-02 13:30:00+05:30,959.2000122070312,960.2000122070312,954.0,954.7000122070312,21707,0.0,0.0,ADANIENSOL.NS
2026-03-02 13:45:00+05:30,954.9000244140624,956.0,951.7000122070312,952.4000244140624,30321,0.0,0.0,ADANIENSOL.NS
2026-03-02 14:00:00+05:30,952.5,967.5999755859376,951.7999877929688,967.0999755859376,62985,0.0,0.0,ADANIENSOL.NS
2026-03-02 14:15:00+05:30,967.0999755859376,968.4000244140624,963.5,965.9000244140624,70376,0.0,0.0,ADANIENSOL.NS
2026-03-02 14:30:00+05:30,966.2999877929688,972.7999877929688,964.2000122070312,970.7000122070312,54625,0.0,0.0,ADANIENSOL.NS
2026-03-02 14:45:00+05:30,971.0,971.0,966.2000122070312,968.9000244140624,42543,0.0,0.0,ADANIENSOL.NS
2026-03-02 15:00:00+05:30,968.0,973.7999877929688,968.0,971.0,71837,0.0,0.0,ADANIENSOL.NS
2026-03-02 15:15:00+05:30,971.5,975.7999877929688,970.9000244140624,975.0,83136,0.0,0.0,ADANIENSOL.NS
2026-03-04 09:15:00+05:30,959.0,963.7000122070312,955.0,959.2999877929688,74189,0.0,0.0,ADANIENSOL.NS
2026-03-04 09:30:00+05:30,959.7000122070312,960.4000244140624,955.5999755859376,958.5999755859376,82468,0.0,0.0,ADANIENSOL.NS
2026-03-04 09:45:00+05:30,958.5,960.0,952.5,952.5,96763,0.0,0.0,ADANIENSOL.NS
2026-03-04 10:00:00+05:30,953.0,965.5,952.2000122070312,965.5,107894,0.0,0.0,ADANIENSOL.NS
2026-03-04 10:15:00+05:30,966.9000244140624,967.4000244140624,958.0,960.9000244140624,70404,0.0,0.0,ADANIENSOL.NS
2026-03-04 10:30:00+05:30,960.7999877929688,961.4000244140624,957.2000122070312,958.2000122070312,60125,0.0,0.0,ADANIENSOL.NS
2026-03-04 10:45:00+05:30,958.2000122070312,964.9000244140624,958.2000122070312,963.0999755859376,45063,0.0,0.0,ADANIENSOL.NS
2026-03-04 11:00:00+05:30,963.4000244140624,968.4000244140624,962.0,965.0999755859376,39785,0.0,0.0,ADANIENSOL.NS
2026-03-04 11:15:00+05:30,965.0,965.2000122070312,961.7000122070312,962.5999755859376,31803,0.0,0.0,ADANIENSOL.NS
2026-03-04 11:30:00+05:30,962.5999755859376,964.2999877929688,961.5,962.7999877929688,25460,0.0,0.0,ADANIENSOL.NS
2026-03-04 11:45:00+05:30,963.0,963.2000122070312,960.0,960.9000244140624,45514,0.0,0.0,ADANIENSOL.NS
2026-03-04 12:00:00+05:30,961.0,962.0,957.7000122070312,958.5999755859376,36860,0.0,0.0,ADANIENSOL.NS
2026-03-04 12:15:00+05:30,958.5999755859376,959.9000244140624,956.9000244140624,959.5,42490,0.0,0.0,ADANIENSOL.NS
2026-03-04 12:30:00+05:30,959.5,959.7999877929688,957.0,958.0,58858,0.0,0.0,ADANIENSOL.NS
2026-03-04 12:45:00+05:30,958.0,958.7000122070312,956.7999877929688,957.5999755859376,80432,0.0,0.0,ADANIENSOL.NS
2026-03-04 13:00:00+05:30,957.2000122070312,958.5999755859376,956.5999755859376,957.7000122070312,24428,0.0,0.0,ADANIENSOL.NS
2026-03-04 13:15:00+05:30,957.7999877929688,958.5,954.9000244140624,955.0999755859376,70405,0.0,0.0,ADANIENSOL.NS
2026-03-04 13:30:00+05:30,955.0999755859376,955.2000122070312,950.2000122070312,952.0,59743,0.0,0.0,ADANIENSOL.NS
2026-03-04 13:45:00+05:30,952.5999755859376,952.7999877929688,949.0999755859376,949.5,43347,0.0,0.0,ADANIENSOL.NS
2026-03-04 14:00:00+05:30,950.7000122070312,960.4000244140624,950.5,959.7000122070312,76500,0.0,0.0,ADANIENSOL.NS
2026-03-04 14:15:00+05:30,960.4000244140624,964.4000244140624,958.4000244140624,958.4000244140624,59455,0.0,0.0,ADANIENSOL.NS
2026-03-04 14:30:00+05:30,958.7999877929688,963.7999877929688,958.0999755859376,963.2000122070312,63210,0.0,0.0,ADANIENSOL.NS
2026-03-04 14:45:00+05:30,963.5999755859376,967.9000244140624,960.4000244140624,967.4000244140624,84444,0.0,0.0,ADANIENSOL.NS
2026-03-04 15:00:00+05:30,967.9000244140624,968.0,958.0,958.7999877929688,142324,0.0,0.0,ADANIENSOL.NS
2026-03-04 15:15:00+05:30,958.4000244140624,961.2000122070312,952.5999755859376,957.4000244140624,156091,0.0,0.0,ADANIENSOL.NS
2026-03-05 09:15:00+05:30,968.4000244140624,981.7000122070312,968.4000244140624,971.9000244140624,54389,0.0,0.0,ADANIENSOL.NS
2026-03-05 09:30:00+05:30,972.5,977.4000244140624,970.5999755859376,976.4000244140624,79494,0.0,0.0,ADANIENSOL.NS
2026-03-05 09:45:00+05:30,977.0999755859376,979.9000244140624,975.2999877929688,976.5,48375,0.0,0.0,ADANIENSOL.NS
2026-03-05 10:00:00+05:30,976.5,978.0,975.5,976.7999877929688,39849,0.0,0.0,ADANIENSOL.NS
2026-03-05 10:15:00+05:30,976.2000122070312,979.7999877929688,975.9000244140624,977.2999877929688,24984,0.0,0.0,ADANIENSOL.NS
2026-03-05 10:30:00+05:30,977.2999877929688,979.5,975.9000244140624,979.5,25609,0.0,0.0,ADANIENSOL.NS
2026-03-05 10:45:00+05:30,979.5,985.0,978.5,982.9000244140624,60445,0.0,0.0,ADANIENSOL.NS
2026-03-05 11:00:00+05:30,982.9000244140624,983.5,975.0999755859376,975.2000122070312,41105,0.0,0.0,ADANIENSOL.NS
2026-03-05 11:15:00+05:30,975.2000122070312,977.7000122070312,973.5,975.5999755859376,28796,0.0,0.0,ADANIENSOL.NS
2026-03-05 11:30:00+05:30,975.5999755859376,976.0999755859376,970.0,971.4000244140624,30055,0.0,0.0,ADANIENSOL.NS
2026-03-05 11:45:00+05:30,971.4000244140624,971.5,968.4000244140624,969.2000122070312,31377,0.0,0.0,ADANIENSOL.NS
2026-03-05 12:00:00+05:30,969.0,971.7999877929688,968.0999755859376,971.2999877929688,10222,0.0,0.0,ADANIENSOL.NS
2026-03-05 12:15:00+05:30,971.7000122070312,974.7000122070312,971.4000244140624,974.0,11561,0.0,0.0,ADANIENSOL.NS
2026-03-05 12:30:00+05:30,974.0,975.2999877929688,973.0999755859376,974.0,10876,0.0,0.0,ADANIENSOL.NS
2026-03-05 12:45:00+05:30,974.0,974.0,971.2999877929688,973.2000122070312,16508,0.0,0.0,ADANIENSOL.NS
2026-03-05 13:00:00+05:30,973.2000122070312,975.0,972.2000122070312,972.7999877929688,11582,0.0,0.0,ADANIENSOL.NS
2026-03-05 13:15:00+05:30,972.7999877929688,975.0,970.4000244140624,975.0,15080,0.0,0.0,ADANIENSOL.NS
2026-03-05 13:30:00+05:30,975.0,976.0,973.7999877929688,974.5,14686,0.0,0.0,ADANIENSOL.NS
2026-03-05 13:45:00+05:30,974.9000244140624,975.4000244140624,971.0999755859376,971.2000122070312,17763,0.0,0.0,ADANIENSOL.NS
2026-03-05 14:00:00+05:30,971.7000122070312,972.5999755859376,968.7999877929688,970.2999877929688,19078,0.0,0.0,ADANIENSOL.NS
2026-03-05 14:15:00+05:30,970.0999755859376,974.0,969.0999755859376,973.7000122070312,12845,0.0,0.0,ADANIENSOL.NS
2026-03-05 14:30:00+05:30,973.7000122070312,981.7000122070312,972.2000122070312,980.2000122070312,33262,0.0,0.0,ADANIENSOL.NS
2026-03-05 14:45:00+05:30,980.0,987.7999877929688,978.5,986.5999755859376,45650,0.0,0.0,ADANIENSOL.NS
2026-03-05 15:00:00+05:30,985.7000122070312,992.5999755859376,984.7999877929688,985.9000244140624,129079,0.0,0.0,ADANIENSOL.NS
2026-03-05 15:15:00+05:30,986.0,990.4000244140624,984.5,989.7999877929688,119498,0.0,0.0,ADANIENSOL.NS
2026-03-06 09:15:00+05:30,979.9000244140624,996.9000244140624,979.9000244140624,996.5,54112,0.0,0.0,ADANIENSOL.NS
2026-03-06 09:30:00+05:30,996.7000122070312,999.4000244140624,994.2000122070312,998.2000122070312,51262,0.0,0.0,ADANIENSOL.NS
2026-03-06 09:45:00+05:30,998.5,1002.0999755859376,998.2000122070312,999.4000244140624,78833,0.0,0.0,ADANIENSOL.NS
2026-03-06 10:00:00+05:30,999.4000244140624,1001.4000244140624,996.2000122070312,998.2999877929688,36806,0.0,0.0,ADANIENSOL.NS
2026-03-06 10:15:00+05:30,998.2000122070312,1001.9000244140624,997.4000244140624,1000.5,46545,0.0,0.0,ADANIENSOL.NS
2026-03-06 10:30:00+05:30,1000.0,1000.0,992.5999755859376,993.0,61923,0.0,0.0,ADANIENSOL.NS
2026-03-06 10:45:00+05:30,993.0,993.0,985.5999755859376,987.5,117888,0.0,0.0,ADANIENSOL.NS
2026-03-06 11:00:00+05:30,988.2999877929688,992.7999877929688,987.5,991.0,57489,0.0,0.0,ADANIENSOL.NS
2026-03-06 11:15:00+05:30,991.0,992.7000122070312,989.7999877929688,992.0,27888,0.0,0.0,ADANIENSOL.NS
2026-03-06 11:30:00+05:30,991.5999755859376,996.5,991.0999755859376,994.0,38054,0.0,0.0,ADANIENSOL.NS
2026-03-06 11:45:00+05:30,994.2000122070312,995.9000244140624,993.9000244140624,995.4000244140624,22475,0.0,0.0,ADANIENSOL.NS
2026-03-06 12:00:00+05:30,995.4000244140624,995.4000244140624,991.4000244140624,994.0999755859376,45952,0.0,0.0,ADANIENSOL.NS
2026-03-06 12:15:00+05:30,994.0999755859376,994.0999755859376,991.5,992.0999755859376,27019,0.0,0.0,ADANIENSOL.NS
2026-03-06 12:30:00+05:30,991.9000244140624,992.5999755859376,990.0999755859376,991.7999877929688,21493,0.0,0.0,ADANIENSOL.NS
2026-03-06 12:45:00+05:30,991.9000244140624,995.7999877929688,991.9000244140624,995.5,27891,0.0,0.0,ADANIENSOL.NS
2026-03-06 13:00:00+05:30,995.5,996.5999755859376,992.5999755859376,996.5999755859376,26563,0.0,0.0,ADANIENSOL.NS
2026-03-06 13:15:00+05:30,996.5999755859376,999.5,996.0999755859376,999.4000244140624,24040,0.0,0.0,ADANIENSOL.NS
2026-03-06 13:30:00+05:30,998.9000244140624,1001.0,997.0999755859376,998.7999877929688,32134,0.0,0.0,ADANIENSOL.NS
2026-03-06 13:45:00+05:30,998.7999877929688,1000.7999877929688,996.9000244140624,1000.0,27364,0.0,0.0,ADANIENSOL.NS
2026-03-06 14:00:00+05:30,999.7000122070312,1004.4000244140624,999.7000122070312,1002.4000244140624,69208,0.0,0.0,ADANIENSOL.NS
2026-03-06 14:15:00+05:30,1002.2000122070312,1005.4000244140624,1002.0,1003.5999755859376,58813,0.0,0.0,ADANIENSOL.NS
2026-03-06 14:30:00+05:30,1003.9000244140624,1007.7000122070312,1003.7999877929688,1004.2000122070312,86841,0.0,0.0,ADANIENSOL.NS
2026-03-06 14:45:00+05:30,1004.2000122070312,1004.4000244140624,990.0999755859376,990.5999755859376,150627,0.0,0.0,ADANIENSOL.NS
2026-03-06 15:00:00+05:30,990.2000122070312,992.9000244140624,990.0,991.0999755859376,112694,0.0,0.0,ADANIENSOL.NS
2026-03-06 15:15:00+05:30,990.5999755859376,997.0999755859376,988.4000244140624,997.0999755859376,191257,0.0,0.0,ADANIENSOL.NS
2026-03-09 09:15:00+05:30,972.0,976.5,958.2000122070312,962.2999877929688,121917,0.0,0.0,ADANIENSOL.NS
2026-03-09 09:30:00+05:30,962.2999877929688,970.5,962.2999877929688,963.9000244140624,103909,0.0,0.0,ADANIENSOL.NS
2026-03-09 09:45:00+05:30,963.0,974.7999877929688,962.4000244140624,973.7000122070312,49084,0.0,0.0,ADANIENSOL.NS
2026-03-09 10:00:00+05:30,973.7000122070312,974.2999877929688,970.5,971.0999755859376,14475,0.0,0.0,ADANIENSOL.NS
2026-03-09 10:15:00+05:30,970.5999755859376,971.9000244140624,968.2999877929688,970.2999877929688,16932,0.0,0.0,ADANIENSOL.NS
2026-03-09 10:30:00+05:30,969.4000244140624,970.2000122070312,965.2999877929688,966.2999877929688,13649,0.0,0.0,ADANIENSOL.NS
2026-03-09 10:45:00+05:30,966.0,977.4000244140624,964.9000244140624,974.9000244140624,22615,0.0,0.0,ADANIENSOL.NS
2026-03-09 11:00:00+05:30,974.9000244140624,975.7999877929688,970.7999877929688,972.5,13527,0.0,0.0,ADANIENSOL.NS
2026-03-09 11:15:00+05:30,972.5,977.2000122070312,971.2000122070312,976.4000244140624,13999,0.0,0.0,ADANIENSOL.NS
2026-03-09 11:30:00+05:30,976.4000244140624,977.7999877929688,975.0,976.0999755859376,8184,0.0,0.0,ADANIENSOL.NS
2026-03-09 11:45:00+05:30,976.4000244140624,976.7000122070312,973.0,973.0,7940,0.0,0.0,ADANIENSOL.NS
2026-03-09 12:00:00+05:30,972.9000244140624,974.5999755859376,963.7999877929688,964.5999755859376,73065,0.0,0.0,ADANIENSOL.NS
2026-03-09 12:15:00+05:30,964.5999755859376,967.2000122070312,963.0,966.5999755859376,21656,0.0,0.0,ADANIENSOL.NS
2026-03-09 12:30:00+05:30,966.7999877929688,968.7000122070312,966.7000122070312,966.7000122070312,16675,0.0,0.0,ADANIENSOL.NS
2026-03-09 12:45:00+05:30,966.5999755859376,969.7000122070312,966.5999755859376,968.5,23698,0.0,0.0,ADANIENSOL.NS
2026-03-09 13:00:00+05:30,968.2000122070312,969.7000122070312,967.0,967.7999877929688,8246,0.0,0.0,ADANIENSOL.NS
2026-03-09 13:15:00+05:30,967.7000122070312,969.7999877929688,965.0,965.7999877929688,12878,0.0,0.0,ADANIENSOL.NS
2026-03-09 13:30:00+05:30,965.7999877929688,971.7000122070312,964.7000122070312,970.2999877929688,24263,0.0,0.0,ADANIENSOL.NS
2026-03-09 13:45:00+05:30,971.0,971.9000244140624,967.0999755859376,967.5999755859376,12149,0.0,0.0,ADANIENSOL.NS
2026-03-09 14:00:00+05:30,967.7000122070312,968.7000122070312,966.0,967.4000244140624,17470,0.0,0.0,ADANIENSOL.NS
2026-03-09 14:15:00+05:30,967.4000244140624,971.0999755859376,966.7999877929688,969.7000122070312,32875,0.0,0.0,ADANIENSOL.NS
2026-03-09 14:30:00+05:30,970.0,971.5,969.0,971.0999755859376,35328,0.0,0.0,ADANIENSOL.NS
2026-03-09 14:45:00+05:30,971.2999877929688,974.2999877929688,969.7999877929688,972.2999877929688,58587,0.0,0.0,ADANIENSOL.NS
2026-03-09 15:00:00+05:30,972.0999755859376,986.5999755859376,971.5999755859376,983.5,185321,0.0,0.0,ADANIENSOL.NS
2026-03-09 15:15:00+05:30,984.0,984.2999877929688,975.0,981.4000244140624,201152,0.0,0.0,ADANIENSOL.NS
2026-03-10 09:15:00+05:30,993.0,1001.0,986.9000244140624,992.5,85793,0.0,0.0,ADANIENSOL.NS
2026-03-10 09:30:00+05:30,992.4000244140624,992.5999755859376,980.7000122070312,984.7000122070312,174790,0.0,0.0,ADANIENSOL.NS
2026-03-10 09:45:00+05:30,984.7000122070312,986.0,981.0,981.7999877929688,80858,0.0,0.0,ADANIENSOL.NS
2026-03-10 10:00:00+05:30,981.4000244140624,990.4000244140624,981.4000244140624,989.9000244140624,74549,0.0,0.0,ADANIENSOL.NS
2026-03-10 10:15:00+05:30,989.9000244140624,998.0,989.9000244140624,996.4000244140624,68653,0.0,0.0,ADANIENSOL.NS
2026-03-10 10:30:00+05:30,996.0999755859376,1003.0,996.0,1002.0999755859376,70863,0.0,0.0,ADANIENSOL.NS
2026-03-10 10:45:00+05:30,1002.0999755859376,1006.5,997.0,997.0,76446,0.0,0.0,ADANIENSOL.NS
2026-03-10 11:00:00+05:30,997.0,1002.2000122070312,997.0,1001.2000122070312,43084,0.0,0.0,ADANIENSOL.NS
2026-03-10 11:15:00+05:30,1001.0999755859376,1006.2000122070312,1001.0999755859376,1003.4000244140624,58349,0.0,0.0,ADANIENSOL.NS
2026-03-10 11:30:00+05:30,1004.0,1016.7000122070312,1003.7999877929688,1015.2999877929688,128575,0.0,0.0,ADANIENSOL.NS
2026-03-10 11:45:00+05:30,1015.0999755859376,1015.2999877929688,1010.0,1012.5,55625,0.0,0.0,ADANIENSOL.NS
2026-03-10 12:00:00+05:30,1012.4000244140624,1016.4000244140624,1011.9000244140624,1015.2000122070312,47230,0.0,0.0,ADANIENSOL.NS
2026-03-10 12:15:00+05:30,1015.2000122070312,1022.5,1013.0,1021.5999755859376,129465,0.0,0.0,ADANIENSOL.NS
2026-03-10 12:30:00+05:30,1021.5,1022.0,1017.9000244140624,1020.9000244140624,62934,0.0,0.0,ADANIENSOL.NS
2026-03-10 12:45:00+05:30,1021.5,1021.5,1011.5999755859376,1015.0,131894,0.0,0.0,ADANIENSOL.NS
2026-03-10 13:00:00+05:30,1014.5999755859376,1017.0999755859376,1013.5,1016.0999755859376,36838,0.0,0.0,ADANIENSOL.NS
2026-03-10 13:15:00+05:30,1016.0999755859376,1016.4000244140624,1008.2999877929688,1013.2000122070312,68478,0.0,0.0,ADANIENSOL.NS
2026-03-10 13:30:00+05:30,1013.2000122070312,1018.5,1013.2000122070312,1017.0,42882,0.0,0.0,ADANIENSOL.NS
2026-03-10 13:45:00+05:30,1016.7000122070312,1019.5,1016.7000122070312,1017.5,41919,0.0,0.0,ADANIENSOL.NS
2026-03-10 14:00:00+05:30,1017.5,1018.4000244140624,1015.5999755859376,1018.0,54899,0.0,0.0,ADANIENSOL.NS
2026-03-10 14:15:00+05:30,1018.0,1018.0,1014.2000122070312,1014.2999877929688,69525,0.0,0.0,ADANIENSOL.NS
2026-03-10 14:30:00+05:30,1014.2999877929688,1015.7999877929688,1009.9000244140624,1012.4000244140624,77028,0.0,0.0,ADANIENSOL.NS
2026-03-10 14:45:00+05:30,1011.5,1015.5,1009.0,1015.5,78662,0.0,0.0,ADANIENSOL.NS
2026-03-10 15:00:00+05:30,1015.5,1015.5,1010.2000122070312,1011.4000244140624,111633,0.0,0.0,ADANIENSOL.NS
2026-03-10 15:15:00+05:30,1011.5,1018.0,1011.5,1016.7999877929688,148839,0.0,0.0,ADANIENSOL.NS
2026-03-11 09:15:00+05:30,1012.7999877929688,1031.300048828125,1010.0,1027.800048828125,90757,0.0,0.0,ADANIENSOL.NS
2026-03-11 09:30:00+05:30,1029.5999755859375,1030.0,1023.7000122070312,1026.0,66465,0.0,0.0,ADANIENSOL.NS
2026-03-11 09:45:00+05:30,1025.699951171875,1025.699951171875,1018.9000244140624,1019.0999755859376,36889,0.0,0.0,ADANIENSOL.NS
2026-03-11 10:00:00+05:30,1019.0,1019.7000122070312,1015.0999755859376,1015.7999877929688,31693,0.0,0.0,ADANIENSOL.NS
2026-03-11 10:15:00+05:30,1015.4000244140624,1017.0,1014.0,1016.4000244140624,20148,0.0,0.0,ADANIENSOL.NS
2026-03-11 10:30:00+05:30,1016.0,1018.7999877929688,1011.5999755859376,1012.4000244140624,28033,0.0,0.0,ADANIENSOL.NS
2026-03-11 10:45:00+05:30,1012.2999877929688,1012.5,1001.7999877929688,1003.5999755859376,41984,0.0,0.0,ADANIENSOL.NS
2026-03-11 11:00:00+05:30,1003.7000122070312,1006.5999755859376,1002.5,1004.7000122070312,15894,0.0,0.0,ADANIENSOL.NS
2026-03-11 11:15:00+05:30,1004.5999755859376,1006.2999877929688,997.5999755859376,1001.7000122070312,26464,0.0,0.0,ADANIENSOL.NS
2026-03-11 11:30:00+05:30,1001.5999755859376,1001.5999755859376,993.0,993.0999755859376,35759,0.0,0.0,ADANIENSOL.NS
2026-03-11 11:45:00+05:30,993.7000122070312,994.0999755859376,989.0,989.0,40854,0.0,0.0,ADANIENSOL.NS
2026-03-11 12:00:00+05:30,988.9000244140624,1001.7999877929688,987.5,1001.5999755859376,75029,0.0,0.0,ADANIENSOL.NS
2026-03-11 12:15:00+05:30,1001.5999755859376,1002.5,997.5,999.2000122070312,24260,0.0,0.0,ADANIENSOL.NS
2026-03-11 12:30:00+05:30,998.9000244140624,1002.5,995.4000244140624,1000.7999877929688,25978,0.0,0.0,ADANIENSOL.NS
2026-03-11 12:45:00+05:30,1001.2999877929688,1001.2999877929688,997.2999877929688,1000.0999755859376,16738,0.0,0.0,ADANIENSOL.NS
2026-03-11 13:00:00+05:30,1000.7999877929688,1003.5,998.5,1000.0,16390,0.0,0.0,ADANIENSOL.NS
2026-03-11 13:15:00+05:30,1000.0999755859376,1004.2999877929688,999.0,1004.2000122070312,8594,0.0,0.0,ADANIENSOL.NS
2026-03-11 13:30:00+05:30,1004.4000244140624,1004.5,1000.0999755859376,1000.4000244140624,5151,0.0,0.0,ADANIENSOL.NS
2026-03-11 13:45:00+05:30,1000.4000244140624,1000.7000122070312,998.0,998.2000122070312,7487,0.0,0.0,ADANIENSOL.NS
2026-03-11 14:00:00+05:30,998.2000122070312,998.7000122070312,995.2000122070312,997.4000244140624,16472,0.0,0.0,ADANIENSOL.NS
2026-03-11 14:15:00+05:30,997.2999877929688,999.7000122070312,993.0,999.7000122070312,19476,0.0,0.0,ADANIENSOL.NS
2026-03-11 14:30:00+05:30,999.7000122070312,999.9000244140624,996.2999877929688,997.2000122070312,10183,0.0,0.0,ADANIENSOL.NS
2026-03-11 14:45:00+05:30,996.7999877929688,998.0,994.5999755859376,995.2000122070312,16988,0.0,0.0,ADANIENSOL.NS
2026-03-11 15:00:00+05:30,994.5999755859376,998.5999755859376,989.0,990.7000122070312,52328,0.0,0.0,ADANIENSOL.NS
2026-03-11 15:15:00+05:30,991.0999755859376,997.0,989.2000122070312,992.0,78594,0.0,0.0,ADANIENSOL.NS
2026-03-12 09:15:00+05:30,987.0,987.7000122070312,976.4000244140624,985.0,39452,0.0,0.0,ADANIENSOL.NS
2026-03-12 09:30:00+05:30,984.5,985.0999755859376,980.0,982.7000122070312,35864,0.0,0.0,ADANIENSOL.NS
2026-03-12 09:45:00+05:30,983.0,988.7999877929688,980.2999877929688,985.5,33606,0.0,0.0,ADANIENSOL.NS
2026-03-12 10:00:00+05:30,986.0,995.0,984.7000122070312,991.7999877929688,74865,0.0,0.0,ADANIENSOL.NS
2026-03-12 10:15:00+05:30,991.7999877929688,998.0,990.2000122070312,997.5,29379,0.0,0.0,ADANIENSOL.NS
2026-03-12 10:30:00+05:30,997.5,1005.7999877929688,993.5999755859376,1002.0,57201,0.0,0.0,ADANIENSOL.NS
2026-03-12 10:45:00+05:30,1002.0999755859376,1007.2999877929688,1002.0,1006.0,28340,0.0,0.0,ADANIENSOL.NS
2026-03-12 11:00:00+05:30,1006.2999877929688,1010.0,1005.4000244140624,1007.0,26272,0.0,0.0,ADANIENSOL.NS
2026-03-12 11:15:00+05:30,1007.5999755859376,1009.0,1001.0,1003.2000122070312,28716,0.0,0.0,ADANIENSOL.NS
2026-03-12 11:30:00+05:30,1002.9000244140624,1006.0999755859376,1001.2999877929688,1004.4000244140624,32872,0.0,0.0,ADANIENSOL.NS
2026-03-12 11:45:00+05:30,1005.0,1005.4000244140624,1003.0999755859376,1005.0,86360,0.0,0.0,ADANIENSOL.NS
2026-03-12 12:00:00+05:30,1004.7000122070312,1009.5999755859376,1002.5999755859376,1007.7000122070312,131810,0.0,0.0,ADANIENSOL.NS
2026-03-12 12:15:00+05:30,1007.2999877929688,1014.7999877929688,1004.2000122070312,1012.5,42829,0.0,0.0,ADANIENSOL.NS
2026-03-12 12:30:00+05:30,1012.2000122070312,1015.0,1008.0,1010.4000244140624,28670,0.0,0.0,ADANIENSOL.NS
2026-03-12 12:45:00+05:30,1010.4000244140624,1012.4000244140624,1010.0,1011.5999755859376,12933,0.0,0.0,ADANIENSOL.NS
2026-03-12 13:00:00+05:30,1011.5999755859376,1014.4000244140624,1010.9000244140624,1014.0,23325,0.0,0.0,ADANIENSOL.NS
2026-03-12 13:15:00+05:30,1014.4000244140624,1015.0,1012.5,1014.2000122070312,31881,0.0,0.0,ADANIENSOL.NS
2026-03-12 13:30:00+05:30,1014.2000122070312,1015.0999755859376,1009.7999877929688,1010.5999755859376,35223,0.0,0.0,ADANIENSOL.NS
2026-03-12 13:45:00+05:30,1010.5999755859376,1013.0,1010.0999755859376,1011.5999755859376,17078,0.0,0.0,ADANIENSOL.NS
2026-03-12 14:00:00+05:30,1011.5999755859376,1013.2000122070312,1008.2999877929688,1012.5999755859376,17278,0.0,0.0,ADANIENSOL.NS
2026-03-12 14:15:00+05:30,1012.0999755859376,1012.5999755859376,1009.9000244140624,1009.9000244140624,12836,0.0,0.0,ADANIENSOL.NS
2026-03-12 14:30:00+05:30,1010.0,1011.7999877929688,1005.0,1005.0,39224,0.0,0.0,ADANIENSOL.NS
2026-03-12 14:45:00+05:30,1004.2999877929688,1007.0,1001.9000244140624,1005.7999877929688,57822,0.0,0.0,ADANIENSOL.NS
2026-03-12 15:00:00+05:30,1005.5,1005.9000244140624,1002.0,1003.2999877929688,59942,0.0,0.0,ADANIENSOL.NS
2026-03-12 15:15:00+05:30,1003.2999877929688,1009.0,1002.7000122070312,1007.4000244140624,76176,0.0,0.0,ADANIENSOL.NS
2026-03-13 09:15:00+05:30,1008.2000122070312,1025.0,1008.2000122070312,1018.7999877929688,144895,0.0,0.0,ADANIENSOL.NS
2026-03-13 09:30:00+05:30,1018.9000244140624,1026.5,1012.7999877929688,1012.7999877929688,268923,0.0,0.0,ADANIENSOL.NS
2026-03-13 09:45:00+05:30,1012.2999877929688,1012.2999877929688,993.2000122070312,993.2000122070312,195017,0.0,0.0,ADANIENSOL.NS
2026-03-13 10:00:00+05:30,993.2000122070312,994.7000122070312,983.4000244140624,984.5999755859376,210011,0.0,0.0,ADANIENSOL.NS
2026-03-13 10:15:00+05:30,984.2999877929688,989.0,981.4000244140624,986.2999877929688,115621,0.0,0.0,ADANIENSOL.NS
2026-03-13 10:30:00+05:30,986.5999755859376,989.4000244140624,980.2000122070312,988.4000244140624,78305,0.0,0.0,ADANIENSOL.NS
2026-03-13 10:45:00+05:30,988.7000122070312,996.0,986.7000122070312,994.0,66633,0.0,0.0,ADANIENSOL.NS
2026-03-13 11:00:00+05:30,994.9000244140624,995.2000122070312,991.2000122070312,992.9000244140624,43668,0.0,0.0,ADANIENSOL.NS
2026-03-13 11:15:00+05:30,993.0,999.0,989.7999877929688,998.5999755859376,47148,0.0,0.0,ADANIENSOL.NS
2026-03-13 11:30:00+05:30,998.5999755859376,1005.9000244140624,998.0,1004.5999755859376,51935,0.0,0.0,ADANIENSOL.NS
2026-03-13 11:45:00+05:30,1005.0,1006.4000244140624,1001.7000122070312,1003.0999755859376,44565,0.0,0.0,ADANIENSOL.NS
2026-03-13 12:00:00+05:30,1003.5999755859376,1005.9000244140624,1000.0999755859376,1004.9000244140624,49595,0.0,0.0,ADANIENSOL.NS
2026-03-13 12:15:00+05:30,1005.0,1005.0,996.2999877929688,998.9000244140624,38830,0.0,0.0,ADANIENSOL.NS
2026-03-13 12:30:00+05:30,998.9000244140624,998.9000244140624,993.5999755859376,995.0999755859376,35963,0.0,0.0,ADANIENSOL.NS
2026-03-13 12:45:00+05:30,995.0,1000.5999755859376,994.0,997.7999877929688,47719,0.0,0.0,ADANIENSOL.NS
2026-03-13 13:00:00+05:30,998.4000244140624,998.9000244140624,994.5,995.5999755859376,34479,0.0,0.0,ADANIENSOL.NS
2026-03-13 13:15:00+05:30,995.7000122070312,998.4000244140624,993.4000244140624,997.7000122070312,28608,0.0,0.0,ADANIENSOL.NS
2026-03-13 13:30:00+05:30,997.7000122070312,999.0,994.0999755859376,997.0,36843,0.0,0.0,ADANIENSOL.NS
2026-03-13 13:45:00+05:30,996.4000244140624,997.2999877929688,990.2000122070312,990.4000244140624,47427,0.0,0.0,ADANIENSOL.NS
2026-03-13 14:00:00+05:30,990.5,997.0999755859376,990.0,997.0,51216,0.0,0.0,ADANIENSOL.NS
2026-03-13 14:15:00+05:30,997.0999755859376,999.5,991.7999877929688,998.2000122070312,62479,0.0,0.0,ADANIENSOL.NS
2026-03-13 14:30:00+05:30,997.9000244140624,1005.0,996.2999877929688,997.0,67257,0.0,0.0,ADANIENSOL.NS
2026-03-13 14:45:00+05:30,997.0,997.5,990.4000244140624,992.0999755859376,93438,0.0,0.0,ADANIENSOL.NS
2026-03-13 15:00:00+05:30,991.2000122070312,995.0,988.0,992.5,129884,0.0,0.0,ADANIENSOL.NS
2026-03-13 15:15:00+05:30,992.7000122070312,995.7999877929688,990.0999755859376,992.2999877929688,132322,0.0,0.0,ADANIENSOL.NS
2026-03-16 09:15:00+05:30,987.5,1014.2999877929688,987.5,995.9000244140624,29531,0.0,0.0,ADANIENSOL.NS
2026-03-16 09:30:00+05:30,996.4000244140624,1001.7999877929688,993.7999877929688,998.7000122070312,40502,0.0,0.0,ADANIENSOL.NS
2026-03-16 09:45:00+05:30,997.0999755859376,1000.0,994.5999755859376,994.5999755859376,50925,0.0,0.0,ADANIENSOL.NS
2026-03-16 10:00:00+05:30,995.2000122070312,997.4000244140624,986.0,987.9000244140624,135597,0.0,0.0,ADANIENSOL.NS
2026-03-16 10:15:00+05:30,987.7000122070312,988.5999755859376,981.0,983.0999755859376,159837,0.0,0.0,ADANIENSOL.NS
2026-03-16 10:30:00+05:30,983.0,987.7000122070312,975.5,975.9000244140624,209470,0.0,0.0,ADANIENSOL.NS
2026-03-16 10:45:00+05:30,975.2999877929688,976.0999755859376,970.5999755859376,973.5,158887,0.0,0.0,ADANIENSOL.NS
2026-03-16 11:00:00+05:30,974.5,980.7999877929688,973.9000244140624,974.0999755859376,70710,0.0,0.0,ADANIENSOL.NS
2026-03-16 11:15:00+05:30,974.0,984.0,972.9000244140624,979.7000122070312,40990,0.0,0.0,ADANIENSOL.NS
2026-03-16 11:30:00+05:30,980.4000244140624,982.9000244140624,978.7999877929688,979.4000244140624,33336,0.0,0.0,ADANIENSOL.NS
2026-03-16 11:45:00+05:30,979.0999755859376,982.2000122070312,978.0999755859376,979.5,31922,0.0,0.0,ADANIENSOL.NS
2026-03-16 12:00:00+05:30,979.5999755859376,982.0,979.0,980.4000244140624,29997,0.0,0.0,ADANIENSOL.NS
2026-03-16 12:15:00+05:30,980.0,982.7999877929688,980.0,981.2000122070312,15419,0.0,0.0,ADANIENSOL.NS
2026-03-16 12:30:00+05:30,981.0,982.2999877929688,977.2999877929688,981.2000122070312,36930,0.0,0.0,ADANIENSOL.NS
2026-03-16 12:45:00+05:30,980.5999755859376,982.7000122070312,978.2999877929688,982.7000122070312,34459,0.0,0.0,ADANIENSOL.NS
2026-03-16 13:00:00+05:30,983.0999755859376,984.9000244140624,980.0,981.0999755859376,26135,0.0,0.0,ADANIENSOL.NS
2026-03-16 13:15:00+05:30,981.5,984.5999755859376,981.5,984.2000122070312,16538,0.0,0.0,ADANIENSOL.NS
2026-03-16 13:30:00+05:30,984.7999877929688,987.0999755859376,984.2000122070312,985.5,44913,0.0,0.0,ADANIENSOL.NS
2026-03-16 13:45:00+05:30,984.5,986.4000244140624,982.0,985.0,45822,0.0,0.0,ADANIENSOL.NS
2026-03-16 14:00:00+05:30,985.2999877929688,987.2000122070312,982.7000122070312,985.5999755859376,36416,0.0,0.0,ADANIENSOL.NS
2026-03-16 14:15:00+05:30,986.0999755859376,994.4000244140624,984.7999877929688,992.7000122070312,38350,0.0,0.0,ADANIENSOL.NS
2026-03-16 14:30:00+05:30,993.5999755859376,1001.5999755859376,993.5999755859376,999.7000122070312,83996,0.0,0.0,ADANIENSOL.NS
2026-03-16 14:45:00+05:30,1000.2000122070312,1006.0999755859376,999.5999755859376,1001.5999755859376,60380,0.0,0.0,ADANIENSOL.NS
2026-03-16 15:00:00+05:30,1001.5999755859376,1001.5999755859376,994.7999877929688,996.0999755859376,71326,0.0,0.0,ADANIENSOL.NS
2026-03-16 15:15:00+05:30,996.4000244140624,997.2000122070312,990.7999877929688,996.5,65056,0.0,0.0,ADANIENSOL.NS
2026-03-17 09:15:00+05:30,1002.0,1002.2999877929688,985.5,986.0999755859376,47212,0.0,0.0,ADANIENSOL.NS
2026-03-17 09:30:00+05:30,985.7999877929688,988.0999755859376,983.2999877929688,986.5999755859376,50263,0.0,0.0,ADANIENSOL.NS
2026-03-17 09:45:00+05:30,986.4000244140624,986.7000122070312,973.9000244140624,975.5999755859376,92936,0.0,0.0,ADANIENSOL.NS
2026-03-17 10:00:00+05:30,975.5999755859376,985.7999877929688,973.2000122070312,985.5999755859376,97553,0.0,0.0,ADANIENSOL.NS
2026-03-17 10:15:00+05:30,986.2999877929688,993.2999877929688,986.2999877929688,988.0,72937,0.0,0.0,ADANIENSOL.NS
2026-03-17 10:30:00+05:30,988.5,988.5999755859376,983.2999877929688,983.9000244140624,30673,0.0,0.0,ADANIENSOL.NS
2026-03-17 10:45:00+05:30,983.5999755859376,985.5999755859376,982.0999755859376,984.2999877929688,33829,0.0,0.0,ADANIENSOL.NS
2026-03-17 11:00:00+05:30,984.0,985.0,979.2000122070312,979.2000122070312,32005,0.0,0.0,ADANIENSOL.NS
2026-03-17 11:15:00+05:30,979.7000122070312,983.0,974.0,975.4000244140624,80801,0.0,0.0,ADANIENSOL.NS
2026-03-17 11:30:00+05:30,975.4000244140624,977.0999755859376,974.0,977.0999755859376,40709,0.0,0.0,ADANIENSOL.NS
2026-03-17 11:45:00+05:30,977.0,981.0,974.5,975.5,26936,0.0,0.0,ADANIENSOL.NS
2026-03-17 12:00:00+05:30,975.5,975.7999877929688,972.0999755859376,975.0999755859376,55895,0.0,0.0,ADANIENSOL.NS
2026-03-17 12:15:00+05:30,974.5,974.7000122070312,972.0,974.2999877929688,49349,0.0,0.0,ADANIENSOL.NS
2026-03-17 12:30:00+05:30,974.9000244140624,977.2999877929688,973.7999877929688,977.0999755859376,39510,0.0,0.0,ADANIENSOL.NS
2026-03-17 12:45:00+05:30,977.0999755859376,979.5999755859376,976.5999755859376,978.9000244140624,52412,0.0,0.0,ADANIENSOL.NS
2026-03-17 13:00:00+05:30,979.2999877929688,981.0999755859376,977.5,980.7999877929688,30983,0.0,0.0,ADANIENSOL.NS
2026-03-17 13:15:00+05:30,980.7000122070312,985.9000244140624,980.0,985.7000122070312,60070,0.0,0.0,ADANIENSOL.NS
2026-03-17 13:30:00+05:30,985.7999877929688,991.5,985.7999877929688,988.0,142711,0.0,0.0,ADANIENSOL.NS
2026-03-17 13:45:00+05:30,988.0,989.9000244140624,987.7999877929688,988.5,9652,0.0,0.0,ADANIENSOL.NS
2026-03-17 14:00:00+05:30,988.5,994.4000244140624,988.0,993.7999877929688,51162,0.0,0.0,ADANIENSOL.NS
2026-03-17 14:15:00+05:30,994.0,995.2999877929688,990.7999877929688,992.5999755859376,57772,0.0,0.0,ADANIENSOL.NS
2026-03-17 14:30:00+05:30,992.4000244140624,993.2000122070312,990.2999877929688,990.7000122070312,93792,0.0,0.0,ADANIENSOL.NS
2026-03-17 14:45:00+05:30,991.0,1000.9000244140624,990.0,1000.2999877929688,87959,0.0,0.0,ADANIENSOL.NS
2026-03-17 15:00:00+05:30,1000.7999877929688,1003.2000122070312,996.0999755859376,1002.5999755859376,103782,0.0,0.0,ADANIENSOL.NS
2026-03-17 15:15:00+05:30,1002.4000244140624,1003.7999877929688,1000.0,1000.0,110702,0.0,0.0,ADANIENSOL.NS
2026-03-18 09:15:00+05:30,1000.7000122070312,1013.9000244140624,1000.7000122070312,1008.7999877929688,54274,0.0,0.0,ADANIENSOL.NS
2026-03-18 09:30:00+05:30,1009.0,1020.9000244140624,1009.0,1019.7999877929688,120407,0.0,0.0,ADANIENSOL.NS
2026-03-18 09:45:00+05:30,1020.0,1024.0,1017.5999755859376,1019.0,113449,0.0,0.0,ADANIENSOL.NS
2026-03-18 10:00:00+05:30,1019.2999877929688,1021.0999755859376,1013.4000244140624,1017.4000244140624,53054,0.0,0.0,ADANIENSOL.NS
2026-03-18 10:15:00+05:30,1017.5,1026.199951171875,1016.4000244140624,1019.5,98858,0.0,0.0,ADANIENSOL.NS
2026-03-18 10:30:00+05:30,1019.5,1022.5,1019.2000122070312,1020.4000244140624,33681,0.0,0.0,ADANIENSOL.NS
2026-03-18 10:45:00+05:30,1020.5999755859376,1024.699951171875,1020.5999755859376,1024.0,25002,0.0,0.0,ADANIENSOL.NS
2026-03-18 11:00:00+05:30,1024.199951171875,1025.0,1020.5999755859376,1023.2000122070312,43723,0.0,0.0,ADANIENSOL.NS
2026-03-18 11:15:00+05:30,1023.2000122070312,1024.0,1021.4000244140624,1022.0,33138,0.0,0.0,ADANIENSOL.NS
2026-03-18 11:30:00+05:30,1022.0,1024.699951171875,1021.0,1022.5999755859376,28743,0.0,0.0,ADANIENSOL.NS
2026-03-18 11:45:00+05:30,1022.2000122070312,1024.5999755859375,1021.2999877929688,1023.7000122070312,37616,0.0,0.0,ADANIENSOL.NS
2026-03-18 12:00:00+05:30,1024.0999755859375,1025.4000244140625,1022.0,1022.0999755859376,43350,0.0,0.0,ADANIENSOL.NS
2026-03-18 12:15:00+05:30,1022.7999877929688,1023.7999877929688,1018.9000244140624,1020.5999755859376,38162,0.0,0.0,ADANIENSOL.NS
2026-03-18 12:30:00+05:30,1021.4000244140624,1022.0999755859376,1020.0,1020.2999877929688,20848,0.0,0.0,ADANIENSOL.NS
2026-03-18 12:45:00+05:30,1020.2999877929688,1022.4000244140624,1020.0,1021.0,21170,0.0,0.0,ADANIENSOL.NS
2026-03-18 13:00:00+05:30,1021.2000122070312,1028.5,1020.5999755859376,1027.800048828125,56123,0.0,0.0,ADANIENSOL.NS
2026-03-18 13:15:00+05:30,1027.5,1035.0,1026.0,1034.0,110538,0.0,0.0,ADANIENSOL.NS
2026-03-18 13:30:00+05:30,1034.199951171875,1037.0,1033.5999755859375,1036.5,108940,0.0,0.0,ADANIENSOL.NS
2026-03-18 13:45:00+05:30,1036.5,1043.5999755859375,1036.300048828125,1041.0999755859375,96943,0.0,0.0,ADANIENSOL.NS
2026-03-18 14:00:00+05:30,1041.0,1042.0,1034.9000244140625,1036.300048828125,54452,0.0,0.0,ADANIENSOL.NS
2026-03-18 14:15:00+05:30,1036.0,1040.5999755859375,1035.699951171875,1036.0999755859375,57131,0.0,0.0,ADANIENSOL.NS
2026-03-18 14:30:00+05:30,1036.0999755859375,1036.5,1031.0,1032.0999755859375,60185,0.0,0.0,ADANIENSOL.NS
2026-03-18 14:45:00+05:30,1032.0999755859375,1039.5999755859375,1031.9000244140625,1039.5,55627,0.0,0.0,ADANIENSOL.NS
2026-03-18 15:00:00+05:30,1039.5999755859375,1040.0,1035.9000244140625,1037.4000244140625,82329,0.0,0.0,ADANIENSOL.NS
2026-03-18 15:15:00+05:30,1037.0999755859375,1038.300048828125,1033.5,1034.0,144168,0.0,0.0,ADANIENSOL.NS
2026-03-19 09:15:00+05:30,1009.2000122070312,1025.9000244140625,1009.2000122070312,1020.2000122070312,54423,0.0,0.0,ADANIENSOL.NS
2026-03-19 09:30:00+05:30,1020.0999755859376,1022.4000244140624,1017.5,1019.2000122070312,32405,0.0,0.0,ADANIENSOL.NS
2026-03-19 09:45:00+05:30,1019.4000244140624,1022.0,1013.7000122070312,1014.0,50813,0.0,0.0,ADANIENSOL.NS
2026-03-19 10:00:00+05:30,1013.7000122070312,1016.2000122070312,1011.2000122070312,1014.0,22432,0.0,0.0,ADANIENSOL.NS
2026-03-19 10:15:00+05:30,1013.5999755859376,1015.9000244140624,1010.7000122070312,1014.2000122070312,25930,0.0,0.0,ADANIENSOL.NS
2026-03-19 10:30:00+05:30,1014.2000122070312,1018.7000122070312,1014.2000122070312,1017.4000244140624,30294,0.0,0.0,ADANIENSOL.NS
2026-03-19 10:45:00+05:30,1017.5999755859376,1017.5999755859376,1015.0,1015.2999877929688,25759,0.0,0.0,ADANIENSOL.NS
2026-03-19 11:00:00+05:30,1015.0,1015.2000122070312,1011.7000122070312,1012.2000122070312,25813,0.0,0.0,ADANIENSOL.NS
2026-03-19 11:15:00+05:30,1011.5999755859376,1015.5999755859376,1011.4000244140624,1012.9000244140624,24838,0.0,0.0,ADANIENSOL.NS
2026-03-19 11:30:00+05:30,1012.5999755859376,1015.7000122070312,1011.5999755859376,1013.0,19596,0.0,0.0,ADANIENSOL.NS
2026-03-19 11:45:00+05:30,1013.0,1014.9000244140624,1012.9000244140624,1013.5999755859376,6604,0.0,0.0,ADANIENSOL.NS
2026-03-19 12:00:00+05:30,1013.0,1018.0,1012.0999755859376,1017.2000122070312,11326,0.0,0.0,ADANIENSOL.NS
2026-03-19 12:15:00+05:30,1016.9000244140624,1017.5,1013.0,1013.7000122070312,14006,0.0,0.0,ADANIENSOL.NS
2026-03-19 12:30:00+05:30,1013.7999877929688,1015.5,1011.9000244140624,1012.5,12576,0.0,0.0,ADANIENSOL.NS
2026-03-19 12:45:00+05:30,1011.9000244140624,1015.2999877929688,1011.9000244140624,1014.0,11940,0.0,0.0,ADANIENSOL.NS
2026-03-19 13:00:00+05:30,1014.0,1015.7000122070312,1010.0999755859376,1011.0,20726,0.0,0.0,ADANIENSOL.NS
2026-03-19 13:15:00+05:30,1011.0,1012.7000122070312,1009.0,1009.7999877929688,19701,0.0,0.0,ADANIENSOL.NS
2026-03-19 13:30:00+05:30,1009.9000244140624,1012.5999755859376,1009.7999877929688,1011.7000122070312,7956,0.0,0.0,ADANIENSOL.NS
2026-03-19 13:45:00+05:30,1011.5999755859376,1014.5,1010.4000244140624,1010.4000244140624,13479,0.0,0.0,ADANIENSOL.NS
2026-03-19 14:00:00+05:30,1011.0999755859376,1012.2000122070312,1004.2000122070312,1005.7000122070312,27435,0.0,0.0,ADANIENSOL.NS
2026-03-19 14:15:00+05:30,1005.7000122070312,1007.5999755859376,1005.0999755859376,1005.5,14184,0.0,0.0,ADANIENSOL.NS
2026-03-19 14:30:00+05:30,1005.2000122070312,1010.9000244140624,1005.2000122070312,1010.5,18658,0.0,0.0,ADANIENSOL.NS
2026-03-19 14:45:00+05:30,1010.0999755859376,1010.4000244140624,1000.7000122070312,1002.7000122070312,25810,0.0,0.0,ADANIENSOL.NS
2026-03-19 15:00:00+05:30,1003.5,1006.7000122070312,999.2999877929688,1002.7000122070312,60132,0.0,0.0,ADANIENSOL.NS
2026-03-19 15:15:00+05:30,1003.0999755859376,1011.4000244140624,1002.5999755859376,1010.9000244140624,59488,0.0,0.0,ADANIENSOL.NS
2026-03-20 09:15:00+05:30,1020.0,1038.0,1017.2000122070312,1038.0,106499,0.0,0.0,ADANIENSOL.NS
2026-03-20 09:30:00+05:30,1038.5,1042.4000244140625,1037.5,1039.0999755859375,140748,0.0,0.0,ADANIENSOL.NS
2026-03-20 09:45:00+05:30,1038.5999755859375,1040.800048828125,1033.9000244140625,1036.0,79901,0.0,0.0,ADANIENSOL.NS
2026-03-20 10:00:00+05:30,1035.5,1035.5,1028.199951171875,1029.800048828125,64846,0.0,0.0,ADANIENSOL.NS
2026-03-20 10:15:00+05:30,1029.4000244140625,1029.5,1021.2999877929688,1023.0,62141,0.0,0.0,ADANIENSOL.NS
2026-03-20 10:30:00+05:30,1023.5,1023.7000122070312,1015.0,1016.0,53801,0.0,0.0,ADANIENSOL.NS
2026-03-20 10:45:00+05:30,1016.0,1019.5999755859376,1012.2999877929688,1018.0999755859376,54114,0.0,0.0,ADANIENSOL.NS
2026-03-20 11:00:00+05:30,1017.7999877929688,1017.7999877929688,1012.4000244140624,1014.9000244140624,40284,0.0,0.0,ADANIENSOL.NS
2026-03-20 11:15:00+05:30,1013.7999877929688,1022.7000122070312,1013.7999877929688,1017.7000122070312,46383,0.0,0.0,ADANIENSOL.NS
2026-03-20 11:30:00+05:30,1017.7000122070312,1020.0,1015.5999755859376,1017.9000244140624,28818,0.0,0.0,ADANIENSOL.NS
2026-03-20 11:45:00+05:30,1017.4000244140624,1019.5,1016.7000122070312,1018.7000122070312,38286,0.0,0.0,ADANIENSOL.NS
2026-03-20 12:00:00+05:30,1018.7000122070312,1019.2999877929688,1014.4000244140624,1015.4000244140624,37000,0.0,0.0,ADANIENSOL.NS
2026-03-20 12:15:00+05:30,1015.0,1016.5999755859376,1012.2000122070312,1013.4000244140624,34139,0.0,0.0,ADANIENSOL.NS
2026-03-20 12:30:00+05:30,1013.0,1017.2000122070312,1011.5,1016.4000244140624,32813,0.0,0.0,ADANIENSOL.NS
2026-03-20 12:45:00+05:30,1016.2999877929688,1016.5999755859376,1011.9000244140624,1013.0,29634,0.0,0.0,ADANIENSOL.NS
2026-03-20 13:00:00+05:30,1013.0,1016.7999877929688,1012.9000244140624,1016.7000122070312,22257,0.0,0.0,ADANIENSOL.NS
2026-03-20 13:15:00+05:30,1016.7000122070312,1024.9000244140625,1013.5,1024.5999755859375,125844,0.0,0.0,ADANIENSOL.NS
2026-03-20 13:30:00+05:30,1024.5,1026.5999755859375,1020.7999877929688,1021.0,53633,0.0,0.0,ADANIENSOL.NS
2026-03-20 13:45:00+05:30,1020.5,1020.5,1018.0999755859376,1019.2000122070312,28516,0.0,0.0,ADANIENSOL.NS
2026-03-20 14:00:00+05:30,1018.7000122070312,1022.7999877929688,1018.7000122070312,1019.2000122070312,26997,0.0,0.0,ADANIENSOL.NS
2026-03-20 14:15:00+05:30,1019.4000244140624,1020.2999877929688,1017.2000122070312,1017.9000244140624,49388,0.0,0.0,ADANIENSOL.NS
2026-03-20 14:30:00+05:30,1017.7999877929688,1020.2000122070312,1015.0,1015.0999755859376,44986,0.0,0.0,ADANIENSOL.NS
2026-03-20 14:45:00+05:30,1015.7000122070312,1017.7999877929688,1013.7000122070312,1014.2000122070312,50167,0.0,0.0,ADANIENSOL.NS
2026-03-20 15:00:00+05:30,1014.5999755859376,1014.5999755859376,1006.0,1009.4000244140624,265230,0.0,0.0,ADANIENSOL.NS
2026-03-20 15:15:00+05:30,1009.5,1012.4000244140624,1007.7000122070312,1008.2999877929688,280176,0.0,0.0,ADANIENSOL.NS
2026-03-23 09:15:00+05:30,1000.9000244140624,1000.9000244140624,987.5999755859376,988.9000244140624,51466,0.0,0.0,ADANIENSOL.NS
2026-03-23 09:30:00+05:30,988.2000122070312,991.9000244140624,983.4000244140624,984.5,101964,0.0,0.0,ADANIENSOL.NS
2026-03-23 09:45:00+05:30,984.5,984.7999877929688,971.5999755859376,972.2999877929688,86816,0.0,0.0,ADANIENSOL.NS
2026-03-23 10:00:00+05:30,972.7000122070312,973.7999877929688,965.2000122070312,966.2000122070312,71774,0.0,0.0,ADANIENSOL.NS
2026-03-23 10:15:00+05:30,965.7000122070312,966.0999755859376,945.5999755859376,946.7999877929688,156830,0.0,0.0,ADANIENSOL.NS
2026-03-23 10:30:00+05:30,946.0999755859376,950.5,943.0,944.5999755859376,128490,0.0,0.0,ADANIENSOL.NS
2026-03-23 10:45:00+05:30,945.0,945.5,938.7999877929688,940.0,97959,0.0,0.0,ADANIENSOL.NS
2026-03-23 11:00:00+05:30,940.0,949.9000244140624,936.5,947.2999877929688,136474,0.0,0.0,ADANIENSOL.NS
2026-03-23 11:15:00+05:30,947.2000122070312,948.0,943.2000122070312,947.5999755859376,38286,0.0,0.0,ADANIENSOL.NS
2026-03-23 11:30:00+05:30,947.5999755859376,953.2999877929688,943.7999877929688,944.0999755859376,77921,0.0,0.0,ADANIENSOL.NS
2026-03-23 11:45:00+05:30,943.9000244140624,947.0,943.7999877929688,944.5999755859376,35244,0.0,0.0,ADANIENSOL.NS
2026-03-23 12:00:00+05:30,945.4000244140624,947.2999877929688,942.4000244140624,943.2999877929688,34634,0.0,0.0,ADANIENSOL.NS
2026-03-23 12:15:00+05:30,943.2999877929688,943.2999877929688,936.7000122070312,940.7000122070312,77137,0.0,0.0,ADANIENSOL.NS
2026-03-23 12:30:00+05:30,940.2000122070312,943.7000122070312,938.4000244140624,941.9000244140624,92033,0.0,0.0,ADANIENSOL.NS
2026-03-23 12:45:00+05:30,941.7000122070312,942.2999877929688,936.9000244140624,939.2999877929688,39050,0.0,0.0,ADANIENSOL.NS
2026-03-23 13:00:00+05:30,939.0,940.7999877929688,937.5999755859376,939.2999877929688,43902,0.0,0.0,ADANIENSOL.NS
2026-03-23 13:15:00+05:30,940.0,942.4000244140624,938.2999877929688,938.7999877929688,37194,0.0,0.0,ADANIENSOL.NS
2026-03-23 13:30:00+05:30,938.7000122070312,945.9000244140624,938.7000122070312,945.4000244140624,27323,0.0,0.0,ADANIENSOL.NS
2026-03-23 13:45:00+05:30,946.2000122070312,950.0999755859376,944.9000244140624,947.5,70997,0.0,0.0,ADANIENSOL.NS
2026-03-23 14:00:00+05:30,946.7999877929688,949.9000244140624,944.0999755859376,947.7000122070312,109620,0.0,0.0,ADANIENSOL.NS
2026-03-23 14:15:00+05:30,948.0,951.0,945.7000122070312,947.9000244140624,123569,0.0,0.0,ADANIENSOL.NS
2026-03-23 14:30:00+05:30,947.9000244140624,949.0,943.0,947.2999877929688,3826233,0.0,0.0,ADANIENSOL.NS
2026-03-23 14:45:00+05:30,946.9000244140624,950.7000122070312,944.5,950.0,2745930,0.0,0.0,ADANIENSOL.NS
2026-03-23 15:00:00+05:30,949.0999755859376,950.0,943.2999877929688,945.4000244140624,484802,0.0,0.0,ADANIENSOL.NS
2026-03-23 15:15:00+05:30,945.5999755859376,946.9000244140624,940.7000122070312,946.9000244140624,202771,0.0,0.0,ADANIENSOL.NS
2026-03-24 09:15:00+05:30,965.9000244140624,965.9000244140624,952.7999877929688,963.0,50708,0.0,0.0,ADANIENSOL.NS
2026-03-24 09:30:00+05:30,963.0,963.5999755859376,953.2999877929688,953.7000122070312,39441,0.0,0.0,ADANIENSOL.NS
2026-03-24 09:45:00+05:30,954.0999755859376,954.9000244140624,949.0,950.7999877929688,52027,0.0,0.0,ADANIENSOL.NS
2026-03-24 10:00:00+05:30,950.7999877929688,951.0,941.2999877929688,942.2000122070312,41009,0.0,0.0,ADANIENSOL.NS
2026-03-24 10:15:00+05:30,942.2999877929688,945.0,938.7000122070312,939.7000122070312,30844,0.0,0.0,ADANIENSOL.NS
2026-03-24 10:30:00+05:30,939.5,941.2999877929688,935.4000244140624,939.0,36017,0.0,0.0,ADANIENSOL.NS
2026-03-24 10:45:00+05:30,939.4000244140624,943.7000122070312,936.2999877929688,937.7999877929688,23441,0.0,0.0,ADANIENSOL.NS
2026-03-24 11:00:00+05:30,937.9000244140624,939.0,935.7000122070312,936.5,22484,0.0,0.0,ADANIENSOL.NS
2026-03-24 11:15:00+05:30,936.9000244140624,941.4000244140624,936.0999755859376,939.7999877929688,23714,0.0,0.0,ADANIENSOL.NS
2026-03-24 11:30:00+05:30,940.0,947.4000244140624,939.0,945.9000244140624,23364,0.0,0.0,ADANIENSOL.NS
2026-03-24 11:45:00+05:30,945.9000244140624,953.2000122070312,945.0999755859376,953.0,96820,0.0,0.0,ADANIENSOL.NS
2026-03-24 12:00:00+05:30,952.9000244140624,954.9000244140624,951.0,951.5999755859376,87227,0.0,0.0,ADANIENSOL.NS
2026-03-24 12:15:00+05:30,952.0,963.7999877929688,951.7000122070312,956.4000244140624,86995,0.0,0.0,ADANIENSOL.NS
2026-03-24 12:30:00+05:30,956.5999755859376,967.4000244140624,956.5,965.4000244140624,68061,0.0,0.0,ADANIENSOL.NS
2026-03-24 12:45:00+05:30,965.5,968.9000244140624,964.0999755859376,966.0999755859376,562325,0.0,0.0,ADANIENSOL.NS
2026-03-24 13:00:00+05:30,966.5999755859376,967.5999755859376,963.0999755859376,966.4000244140624,15127,0.0,0.0,ADANIENSOL.NS
2026-03-24 13:15:00+05:30,966.4000244140624,970.7999877929688,964.7999877929688,970.0999755859376,33466,0.0,0.0,ADANIENSOL.NS
2026-03-24 13:30:00+05:30,970.0999755859376,975.5999755859376,968.5,970.5,59376,0.0,0.0,ADANIENSOL.NS
2026-03-24 13:45:00+05:30,970.5,972.5999755859376,966.2000122070312,967.0,598405,0.0,0.0,ADANIENSOL.NS
2026-03-24 14:00:00+05:30,966.7999877929688,970.0,965.0,969.7999877929688,20766,0.0,0.0,ADANIENSOL.NS
2026-03-24 14:15:00+05:30,969.7999877929688,971.7999877929688,968.4000244140624,970.5,61275,0.0,0.0,ADANIENSOL.NS
2026-03-24 14:30:00+05:30,969.7999877929688,972.0,963.4000244140624,965.5999755859376,44029,0.0,0.0,ADANIENSOL.NS
2026-03-24 14:45:00+05:30,965.0999755859376,971.0,963.0,970.0999755859376,21659,0.0,0.0,ADANIENSOL.NS
2026-03-24 15:00:00+05:30,969.7000122070312,970.7999877929688,964.7999877929688,968.0,45955,0.0,0.0,ADANIENSOL.NS
2026-03-24 15:15:00+05:30,967.2999877929688,971.0999755859376,964.9000244140624,968.0,115134,0.0,0.0,ADANIENSOL.NS
2026-03-25 09:15:00+05:30,971.0,997.2999877929688,970.2999877929688,994.7000122070312,66121,0.0,0.0,ADANIENSOL.NS
2026-03-25 09:30:00+05:30,994.7000122070312,999.0,987.2999877929688,990.7000122070312,78499,0.0,0.0,ADANIENSOL.NS
2026-03-25 09:45:00+05:30,990.4000244140624,990.7999877929688,985.2000122070312,987.2000122070312,35578,0.0,0.0,ADANIENSOL.NS
2026-03-25 10:00:00+05:30,988.0999755859376,988.0999755859376,982.7000122070312,986.5,28365,0.0,0.0,ADANIENSOL.NS
2026-03-25 10:15:00+05:30,986.5,988.5,979.7000122070312,980.4000244140624,43828,0.0,0.0,ADANIENSOL.NS
2026-03-25 10:30:00+05:30,980.5999755859376,983.9000244140624,980.2000122070312,983.0999755859376,18010,0.0,0.0,ADANIENSOL.NS
2026-03-25 10:45:00+05:30,983.0999755859376,984.9000244140624,982.2999877929688,983.7999877929688,15865,0.0,0.0,ADANIENSOL.NS
2026-03-25 11:00:00+05:30,983.7999877929688,985.0,982.2999877929688,983.4000244140624,8929,0.0,0.0,ADANIENSOL.NS
2026-03-25 11:15:00+05:30,983.4000244140624,983.4000244140624,978.0,978.9000244140624,16650,0.0,0.0,ADANIENSOL.NS
2026-03-25 11:30:00+05:30,978.9000244140624,980.2000122070312,975.2999877929688,976.5999755859376,18191,0.0,0.0,ADANIENSOL.NS
2026-03-25 11:45:00+05:30,976.0,980.2999877929688,975.9000244140624,977.0,16176,0.0,0.0,ADANIENSOL.NS
2026-03-25 12:00:00+05:30,977.0,980.0,976.4000244140624,979.7000122070312,7445,0.0,0.0,ADANIENSOL.NS
2026-03-25 12:15:00+05:30,979.7999877929688,982.4000244140624,978.9000244140624,981.0,15380,0.0,0.0,ADANIENSOL.NS
2026-03-25 12:30:00+05:30,980.5999755859376,982.7000122070312,979.0,980.2000122070312,9347,0.0,0.0,ADANIENSOL.NS
2026-03-25 12:45:00+05:30,980.0999755859376,981.5999755859376,975.9000244140624,976.5999755859376,23635,0.0,0.0,ADANIENSOL.NS
2026-03-25 13:00:00+05:30,976.5999755859376,980.0,975.4000244140624,979.9000244140624,6708,0.0,0.0,ADANIENSOL.NS
2026-03-25 13:15:00+05:30,979.7000122070312,981.9000244140624,978.7000122070312,981.2999877929688,19399,0.0,0.0,ADANIENSOL.NS
2026-03-25 13:30:00+05:30,982.0,983.5999755859376,980.7000122070312,983.5,38905,0.0,0.0,ADANIENSOL.NS
2026-03-25 13:45:00+05:30,983.5,991.4000244140624,983.5,991.0999755859376,76281,0.0,0.0,ADANIENSOL.NS
2026-03-25 14:00:00+05:30,991.0,994.0,989.7999877929688,992.0,84734,0.0,0.0,ADANIENSOL.NS
2026-03-25 14:15:00+05:30,992.0,993.0,988.2000122070312,990.7000122070312,111758,0.0,0.0,ADANIENSOL.NS
2026-03-25 14:30:00+05:30,990.2999877929688,992.5,988.0,991.4000244140624,112325,0.0,0.0,ADANIENSOL.NS
2026-03-25 14:45:00+05:30,991.0999755859376,993.0,989.0999755859376,992.7999877929688,120111,0.0,0.0,ADANIENSOL.NS
2026-03-25 15:00:00+05:30,992.0,994.0999755859376,988.9000244140624,988.9000244140624,143098,0.0,0.0,ADANIENSOL.NS
2026-03-25 15:15:00+05:30,990.2999877929688,991.2999877929688,984.7000122070312,990.4000244140624,100151,0.0,0.0,ADANIENSOL.NS
2026-03-27 09:15:00+05:30,979.9000244140624,979.9000244140624,963.4000244140624,977.4000244140624,69301,0.0,0.0,ADANIENSOL.NS
2026-03-27 09:30:00+05:30,977.4000244140624,981.7000122070312,970.5,978.7000122070312,56222,0.0,0.0,ADANIENSOL.NS
2026-03-27 09:45:00+05:30,978.7000122070312,979.2000122070312,974.2000122070312,976.4000244140624,36741,0.0,0.0,ADANIENSOL.NS
2026-03-27 10:00:00+05:30,976.0,978.7999877929688,970.0,970.7000122070312,41324,0.0,0.0,ADANIENSOL.NS
2026-03-27 10:15:00+05:30,970.5,971.2999877929688,965.7000122070312,966.0,26813,0.0,0.0,ADANIENSOL.NS
2026-03-27 10:30:00+05:30,966.0,967.7000122070312,963.2000122070312,964.7999877929688,22860,0.0,0.0,ADANIENSOL.NS
2026-03-27 10:45:00+05:30,964.5,967.5999755859376,963.5999755859376,963.5999755859376,17318,0.0,0.0,ADANIENSOL.NS
2026-03-27 11:00:00+05:30,964.0,967.0,963.7000122070312,966.2999877929688,15860,0.0,0.0,ADANIENSOL.NS
2026-03-27 11:15:00+05:30,966.5,966.7999877929688,962.7000122070312,963.4000244140624,44351,0.0,0.0,ADANIENSOL.NS
2026-03-27 11:30:00+05:30,963.0,967.7999877929688,962.7000122070312,966.5999755859376,45274,0.0,0.0,ADANIENSOL.NS
2026-03-27 11:45:00+05:30,966.0,966.4000244140624,962.2000122070312,963.0,27589,0.0,0.0,ADANIENSOL.NS
2026-03-27 12:00:00+05:30,963.2000122070312,964.5,961.0999755859376,963.2000122070312,22895,0.0,0.0,ADANIENSOL.NS
2026-03-27 12:15:00+05:30,963.7999877929688,964.0999755859376,958.0999755859376,961.9000244140624,20998,0.0,0.0,ADANIENSOL.NS
2026-03-27 12:30:00+05:30,961.9000244140624,962.0,959.0,960.7000122070312,19501,0.0,0.0,ADANIENSOL.NS
2026-03-27 12:45:00+05:30,961.2000122070312,964.2000122070312,959.7999877929688,962.7999877929688,21460,0.0,0.0,ADANIENSOL.NS
2026-03-27 13:00:00+05:30,962.7999877929688,964.2999877929688,959.0,964.2999877929688,18645,0.0,0.0,ADANIENSOL.NS
2026-03-27 13:15:00+05:30,964.2999877929688,969.9000244140624,962.0,962.0999755859376,33536,0.0,0.0,ADANIENSOL.NS
2026-03-27 13:30:00+05:30,962.0,968.2999877929688,961.7999877929688,964.7999877929688,32644,0.0,0.0,ADANIENSOL.NS
2026-03-27 13:45:00+05:30,964.9000244140624,966.7999877929688,963.2999877929688,964.0,14682,0.0,0.0,ADANIENSOL.NS
2026-03-27 14:00:00+05:30,964.0,966.2000122070312,962.7000122070312,965.9000244140624,17249,0.0,0.0,ADANIENSOL.NS
2026-03-27 14:15:00+05:30,965.7999877929688,966.7000122070312,961.0999755859376,962.0,13344,0.0,0.0,ADANIENSOL.NS
2026-03-27 14:30:00+05:30,962.0,963.5999755859376,957.5,958.7999877929688,42850,0.0,0.0,ADANIENSOL.NS
2026-03-27 14:45:00+05:30,959.4000244140624,962.0,958.7999877929688,959.5,74715,0.0,0.0,ADANIENSOL.NS
2026-03-27 15:00:00+05:30,957.4000244140624,958.2999877929688,953.5999755859376,955.7000122070312,306389,0.0,0.0,ADANIENSOL.NS
2026-03-27 15:15:00+05:30,955.0,958.4000244140624,954.7999877929688,956.0999755859376,266221,0.0,0.0,ADANIENSOL.NS
2026-03-30 09:15:00+05:30,953.4000244140624,957.5999755859376,942.5,949.0999755859376,56030,0.0,0.0,ADANIENSOL.NS
2026-03-30 09:30:00+05:30,951.0999755859376,953.9000244140624,946.2999877929688,950.0,99013,0.0,0.0,ADANIENSOL.NS
2026-03-30 09:45:00+05:30,950.0,955.2000122070312,947.5,948.2000122070312,71361,0.0,0.0,ADANIENSOL.NS
2026-03-30 10:00:00+05:30,947.7999877929688,950.2999877929688,942.5999755859376,945.2000122070312,55263,0.0,0.0,ADANIENSOL.NS
2026-03-30 10:15:00+05:30,945.2000122070312,945.7999877929688,941.7000122070312,941.7000122070312,34829,0.0,0.0,ADANIENSOL.NS
2026-03-30 10:30:00+05:30,941.7000122070312,942.2000122070312,937.0999755859376,937.2999877929688,58513,0.0,0.0,ADANIENSOL.NS
2026-03-30 10:45:00+05:30,937.2999877929688,940.2000122070312,936.2000122070312,936.5,26066,0.0,0.0,ADANIENSOL.NS
2026-03-30 11:00:00+05:30,936.5999755859376,939.0,935.0999755859376,937.9000244140624,31669,0.0,0.0,ADANIENSOL.NS
2026-03-30 11:15:00+05:30,938.0999755859376,939.0999755859376,935.0999755859376,935.4000244140624,50803,0.0,0.0,ADANIENSOL.NS
2026-03-30 11:30:00+05:30,935.4000244140624,943.0,935.0999755859376,940.5999755859376,37950,0.0,0.0,ADANIENSOL.NS
2026-03-30 11:45:00+05:30,940.2000122070312,942.2000122070312,938.2000122070312,941.7999877929688,21123,0.0,0.0,ADANIENSOL.NS
2026-03-30 12:00:00+05:30,941.5999755859376,949.0,941.5999755859376,943.4000244140624,35846,0.0,0.0,ADANIENSOL.NS
2026-03-30 12:15:00+05:30,943.4000244140624,943.5,936.0999755859376,937.2000122070312,35495,0.0,0.0,ADANIENSOL.NS
2026-03-30 12:30:00+05:30,937.5999755859376,940.5999755859376,934.0,939.5,45795,0.0,0.0,ADANIENSOL.NS
2026-03-30 12:45:00+05:30,939.5,940.0,935.5,937.7000122070312,18705,0.0,0.0,ADANIENSOL.NS
2026-03-30 13:00:00+05:30,937.7000122070312,943.2999877929688,936.7999877929688,938.2999877929688,28126,0.0,0.0,ADANIENSOL.NS
2026-03-30 13:15:00+05:30,938.2999877929688,944.7000122070312,937.2000122070312,944.5999755859376,25921,0.0,0.0,ADANIENSOL.NS
2026-03-30 13:30:00+05:30,944.5999755859376,947.0999755859376,941.7999877929688,942.5999755859376,54154,0.0,0.0,ADANIENSOL.NS
2026-03-30 13:45:00+05:30,942.9000244140624,944.7000122070312,942.0,943.0999755859376,42102,0.0,0.0,ADANIENSOL.NS
2026-03-30 14:00:00+05:30,943.0999755859376,948.0,941.2000122070312,941.2000122070312,57350,0.0,0.0,ADANIENSOL.NS
2026-03-30 14:15:00+05:30,941.2999877929688,944.0,934.2000122070312,934.5999755859376,103623,0.0,0.0,ADANIENSOL.NS
2026-03-30 14:30:00+05:30,934.2000122070312,936.7000122070312,932.2000122070312,933.9000244140624,101607,0.0,0.0,ADANIENSOL.NS
2026-03-30 14:45:00+05:30,934.7999877929688,935.7000122070312,932.0999755859376,932.5999755859376,116362,0.0,0.0,ADANIENSOL.NS
2026-03-30 15:00:00+05:30,933.7000122070312,936.0,932.0,933.7000122070312,243156,0.0,0.0,ADANIENSOL.NS
2026-03-30 15:15:00+05:30,933.5,939.0999755859376,930.2999877929688,934.9000244140624,181638,0.0,0.0,ADANIENSOL.NS
2026-04-01 09:15:00+05:30,954.0,973.7999877929688,954.0,973.2000122070312,103206,0.0,0.0,ADANIENSOL.NS
2026-04-01 09:30:00+05:30,972.9000244140624,973.75,966.9000244140624,969.75,75124,0.0,0.0,ADANIENSOL.NS
2026-04-01 09:45:00+05:30,969.0999755859376,978.75,968.75,977.0,69781,0.0,0.0,ADANIENSOL.NS
2026-04-01 10:00:00+05:30,977.0,978.9500122070312,972.4000244140624,974.0499877929688,42281,0.0,0.0,ADANIENSOL.NS
2026-04-01 10:15:00+05:30,974.0499877929688,977.2000122070312,971.8499755859376,975.0,35738,0.0,0.0,ADANIENSOL.NS
2026-04-01 10:30:00+05:30,974.75,978.25,972.5999755859376,975.9000244140624,27979,0.0,0.0,ADANIENSOL.NS
2026-04-01 10:45:00+05:30,975.4500122070312,982.4500122070312,975.0,980.0,64270,0.0,0.0,ADANIENSOL.NS
2026-04-01 11:00:00+05:30,979.7999877929688,980.2999877929688,972.5499877929688,973.5,65270,0.0,0.0,ADANIENSOL.NS
2026-04-01 11:15:00+05:30,973.6500244140624,975.6500244140624,971.2999877929688,971.2999877929688,49150,0.0,0.0,ADANIENSOL.NS
2026-04-01 11:30:00+05:30,970.75,974.4500122070312,969.2999877929688,972.5,33093,0.0,0.0,ADANIENSOL.NS
2026-04-01 11:45:00+05:30,972.5,972.5,964.8499755859376,968.9000244140624,40662,0.0,0.0,ADANIENSOL.NS
2026-04-01 12:00:00+05:30,968.5,976.25,968.5,975.7999877929688,29870,0.0,0.0,ADANIENSOL.NS
2026-04-01 12:15:00+05:30,975.5499877929688,975.5499877929688,972.7000122070312,975.0499877929688,17102,0.0,0.0,ADANIENSOL.NS
2026-04-01 12:30:00+05:30,975.0999755859376,976.5999755859376,970.9000244140624,970.9000244140624,25819,0.0,0.0,ADANIENSOL.NS
2026-04-01 12:45:00+05:30,970.9000244140624,973.2999877929688,970.2999877929688,971.0499877929688,25145,0.0,0.0,ADANIENSOL.NS
2026-04-01 13:00:00+05:30,970.7999877929688,973.2000122070312,970.1500244140624,970.2000122070312,29851,0.0,0.0,ADANIENSOL.NS
2026-04-01 13:15:00+05:30,970.5499877929688,971.3499755859376,966.0999755859376,967.25,41494,0.0,0.0,ADANIENSOL.NS
2026-04-01 13:30:00+05:30,967.25,968.5499877929688,960.0,964.2000122070312,67228,0.0,0.0,ADANIENSOL.NS
2026-04-01 13:45:00+05:30,964.0499877929688,965.0,961.8499755859376,963.8499755859376,28190,0.0,0.0,ADANIENSOL.NS
2026-04-01 14:00:00+05:30,963.9000244140624,965.5499877929688,962.5,965.5499877929688,35918,0.0,0.0,ADANIENSOL.NS
2026-04-01 14:15:00+05:30,965.2999877929688,965.5,959.0999755859376,961.2999877929688,28578,0.0,0.0,ADANIENSOL.NS
2026-04-01 14:30:00+05:30,961.5499877929688,961.7999877929688,952.5999755859376,952.8499755859376,70024,0.0,0.0,ADANIENSOL.NS
2026-04-01 14:45:00+05:30,952.0,952.5,947.2999877929688,949.0499877929688,52703,0.0,0.0,ADANIENSOL.NS
2026-04-01 15:00:00+05:30,950.1500244140624,961.0,950.1500244140624,958.2000122070312,80692,0.0,0.0,ADANIENSOL.NS
2026-04-01 15:15:00+05:30,957.7000122070312,959.9500122070312,953.0499877929688,956.0999755859376,103818,0.0,0.0,ADANIENSOL.NS
2026-04-02 09:15:00+05:30,940.0,944.8499755859376,903.25,907.9500122070312,179197,0.0,0.0,ADANIENSOL.NS
2026-04-02 09:30:00+05:30,907.5,917.5,904.9500122070312,913.6500244140624,165091,0.0,0.0,ADANIENSOL.NS
2026-04-02 09:45:00+05:30,913.6500244140624,913.6500244140624,906.9000244140624,907.3499755859376,90033,0.0,0.0,ADANIENSOL.NS
2026-04-02 10:00:00+05:30,907.2999877929688,910.3499755859376,903.8499755859376,908.9500122070312,101386,0.0,0.0,ADANIENSOL.NS
2026-04-02 10:15:00+05:30,908.9500122070312,909.4500122070312,905.4000244140624,907.75,28526,0.0,0.0,ADANIENSOL.NS
2026-04-02 10:30:00+05:30,907.8499755859376,912.9000244140624,905.7999877929688,912.9000244140624,58043,0.0,0.0,ADANIENSOL.NS
2026-04-02 10:45:00+05:30,912.6500244140624,912.7999877929688,907.2999877929688,910.2999877929688,35956,0.0,0.0,ADANIENSOL.NS
2026-04-02 11:00:00+05:30,910.2999877929688,917.0999755859376,910.0499877929688,915.6500244140624,72585,0.0,0.0,ADANIENSOL.NS
2026-04-02 11:15:00+05:30,915.5499877929688,917.8499755859376,914.6500244140624,916.0,43028,0.0,0.0,ADANIENSOL.NS
2026-04-02 11:30:00+05:30,916.0999755859376,918.5,911.5,911.6500244140624,24946,0.0,0.0,ADANIENSOL.NS
2026-04-02 11:45:00+05:30,913.0,918.5,913.0,916.0499877929688,18885,0.0,0.0,ADANIENSOL.NS
2026-04-02 12:00:00+05:30,916.0999755859376,917.2999877929688,914.75,915.7999877929688,21508,0.0,0.0,ADANIENSOL.NS
2026-04-02 12:15:00+05:30,915.3499755859376,916.9500122070312,911.4500122070312,913.9000244140624,30133,0.0,0.0,ADANIENSOL.NS
2026-04-02 12:30:00+05:30,913.7000122070312,919.0,913.0,918.0999755859376,33898,0.0,0.0,ADANIENSOL.NS
2026-04-02 12:45:00+05:30,917.7999877929688,919.5,916.0499877929688,919.0999755859376,39833,0.0,0.0,ADANIENSOL.NS
2026-04-02 13:00:00+05:30,919.4000244140624,921.5,917.0499877929688,918.5499877929688,30463,0.0,0.0,ADANIENSOL.NS
2026-04-02 13:15:00+05:30,919.1500244140624,921.8499755859376,916.2000122070312,921.8499755859376,32733,0.0,0.0,ADANIENSOL.NS
2026-04-02 13:30:00+05:30,922.0,924.3499755859376,920.0,922.9500122070312,65851,0.0,0.0,ADANIENSOL.NS
2026-04-02 13:45:00+05:30,922.9500122070312,924.0,918.9000244140624,921.4000244140624,28746,0.0,0.0,ADANIENSOL.NS
2026-04-02 14:00:00+05:30,921.75,928.0,921.75,927.5499877929688,53768,0.0,0.0,ADANIENSOL.NS
2026-04-02 14:15:00+05:30,927.5499877929688,929.7999877929688,926.25,928.0499877929688,63399,0.0,0.0,ADANIENSOL.NS
2026-04-02 14:30:00+05:30,928.0,934.4000244140624,923.3499755859376,925.0,123185,0.0,0.0,ADANIENSOL.NS
2026-04-02 14:45:00+05:30,924.4000244140624,932.5,923.5,931.7999877929688,52641,0.0,0.0,ADANIENSOL.NS
2026-04-02 15:00:00+05:30,932.1500244140624,946.0,932.1500244140624,943.9500122070312,157470,0.0,0.0,ADANIENSOL.NS
2026-04-02 15:15:00+05:30,943.6500244140624,946.5499877929688,939.9500122070312,941.5999755859376,122248,0.0,0.0,ADANIENSOL.NS
2026-04-06 09:15:00+05:30,942.0499877929688,949.5999755859376,936.75,943.6500244140624,49564,0.0,0.0,ADANIENSOL.NS
2026-04-06 09:30:00+05:30,941.7999877929688,954.9500122070312,941.6500244140624,949.75,46085,0.0,0.0,ADANIENSOL.NS
2026-04-06 09:45:00+05:30,950.0499877929688,953.5999755859376,945.0,952.0,38398,0.0,0.0,ADANIENSOL.NS
2026-04-06 10:00:00+05:30,952.25,961.7000122070312,950.9000244140624,961.2000122070312,72219,0.0,0.0,ADANIENSOL.NS
2026-04-06 10:15:00+05:30,962.0999755859376,963.7000122070312,954.9000244140624,956.5999755859376,58380,0.0,0.0,ADANIENSOL.NS
2026-04-06 10:30:00+05:30,956.3499755859376,972.0499877929688,956.1500244140624,971.9500122070312,95765,0.0,0.0,ADANIENSOL.NS
2026-04-06 10:45:00+05:30,971.5999755859376,976.7999877929688,968.9000244140624,971.75,74399,0.0,0.0,ADANIENSOL.NS
2026-04-06 11:00:00+05:30,971.2999877929688,974.8499755859376,966.5,969.0,43627,0.0,0.0,ADANIENSOL.NS
2026-04-06 11:15:00+05:30,968.7999877929688,974.0,966.7000122070312,972.5499877929688,29623,0.0,0.0,ADANIENSOL.NS
2026-04-06 11:30:00+05:30,972.4500122070312,974.4500122070312,963.3499755859376,964.5999755859376,122090,0.0,0.0,ADANIENSOL.NS
2026-04-06 11:45:00+05:30,964.5,968.2999877929688,960.0,965.2999877929688,152251,0.0,0.0,ADANIENSOL.NS
2026-04-06 12:00:00+05:30,965.2999877929688,968.0,959.0,961.2000122070312,110407,0.0,0.0,ADANIENSOL.NS
2026-04-06 12:15:00+05:30,961.5999755859376,971.5,961.0499877929688,970.5,104264,0.0,0.0,ADANIENSOL.NS
2026-04-06 12:30:00+05:30,971.0,972.25,966.7999877929688,968.9500122070312,33951,0.0,0.0,ADANIENSOL.NS
2026-04-06 12:45:00+05:30,968.75,978.0,968.75,977.0,89071,0.0,0.0,ADANIENSOL.NS
2026-04-06 13:00:00+05:30,980.5499877929688,984.0999755859376,977.0,982.0499877929688,102264,0.0,0.0,ADANIENSOL.NS
2026-04-06 13:15:00+05:30,982.4500122070312,984.9000244140624,980.9000244140624,981.0499877929688,65068,0.0,0.0,ADANIENSOL.NS
2026-04-06 13:30:00+05:30,981.0499877929688,983.8499755859376,979.2000122070312,979.5499877929688,40719,0.0,0.0,ADANIENSOL.NS
2026-04-06 13:45:00+05:30,978.9500122070312,983.5,978.7999877929688,982.5,28984,0.0,0.0,ADANIENSOL.NS
2026-04-06 14:00:00+05:30,982.5499877929688,988.5499877929688,982.3499755859376,987.9500122070312,66161,0.0,0.0,ADANIENSOL.NS
2026-04-06 14:15:00+05:30,987.5499877929688,992.7999877929688,987.5,990.4500122070312,83136,0.0,0.0,ADANIENSOL.NS
2026-04-06 14:30:00+05:30,991.0,999.4000244140624,990.75,995.0999755859376,137617,0.0,0.0,ADANIENSOL.NS
2026-04-06 14:45:00+05:30,995.25,995.8499755859376,987.4500122070312,991.0999755859376,141341,0.0,0.0,ADANIENSOL.NS
2026-04-06 15:00:00+05:30,990.0,993.7000122070312,989.25,992.75,76730,0.0,0.0,ADANIENSOL.NS
2026-04-06 15:15:00+05:30,992.75,994.2999877929688,989.4000244140624,989.5999755859376,153071,0.0,0.0,ADANIENSOL.NS
2026-04-07 09:15:00+05:30,985.0,996.5,981.75,994.7000122070312,65002,0.0,0.0,ADANIENSOL.NS
2026-04-07 09:30:00+05:30,995.0499877929688,995.9500122070312,986.1500244140624,986.4500122070312,67717,0.0,0.0,ADANIENSOL.NS
2026-04-07 09:45:00+05:30,987.5499877929688,993.4500122070312,985.2999877929688,992.4000244140624,61348,0.0,0.0,ADANIENSOL.NS
2026-04-07 10:00:00+05:30,991.9500122070312,997.5999755859376,991.9500122070312,994.5499877929688,43527,0.0,0.0,ADANIENSOL.NS
2026-04-07 10:15:00+05:30,995.0499877929688,998.5999755859376,993.25,995.9000244140624,45108,0.0,0.0,ADANIENSOL.NS
2026-04-07 10:30:00+05:30,995.7000122070312,998.7999877929688,994.0999755859376,998.6500244140624,28260,0.0,0.0,ADANIENSOL.NS
2026-04-07 10:45:00+05:30,998.5,999.5,992.0999755859376,992.5499877929688,30240,0.0,0.0,ADANIENSOL.NS
2026-04-07 11:00:00+05:30,993.0,996.2000122070312,990.7999877929688,994.1500244140624,17013,0.0,0.0,ADANIENSOL.NS
2026-04-07 11:15:00+05:30,993.9000244140624,997.5,991.7000122070312,992.25,31725,0.0,0.0,ADANIENSOL.NS
2026-04-07 11:30:00+05:30,992.5499877929688,992.5499877929688,985.2000122070312,986.0,84520,0.0,0.0,ADANIENSOL.NS
2026-04-07 11:45:00+05:30,985.5999755859376,992.2999877929688,985.5999755859376,988.7000122070312,33445,0.0,0.0,ADANIENSOL.NS
2026-04-07 12:00:00+05:30,988.5,989.0499877929688,980.5499877929688,982.0,156893,0.0,0.0,ADANIENSOL.NS
2026-04-07 12:15:00+05:30,982.5999755859376,982.9000244140624,978.0999755859376,980.0999755859376,50272,0.0,0.0,ADANIENSOL.NS
2026-04-07 12:30:00+05:30,980.0999755859376,981.0,977.3499755859376,980.25,36367,0.0,0.0,ADANIENSOL.NS
2026-04-07 12:45:00+05:30,979.9000244140624,980.1500244140624,975.3499755859376,977.0499877929688,101611,0.0,0.0,ADANIENSOL.NS
2026-04-07 13:00:00+05:30,977.0999755859376,980.7999877929688,977.0999755859376,980.75,16745,0.0,0.0,ADANIENSOL.NS
2026-04-07 13:15:00+05:30,980.3499755859376,983.1500244140624,980.25,983.1500244140624,23030,0.0,0.0,ADANIENSOL.NS
2026-04-07 13:30:00+05:30,982.9500122070312,988.7999877929688,982.9500122070312,988.0,41332,0.0,0.0,ADANIENSOL.NS
2026-04-07 13:45:00+05:30,988.3499755859376,988.5,983.9000244140624,985.2999877929688,21091,0.0,0.0,ADANIENSOL.NS
2026-04-07 14:00:00+05:30,985.3499755859376,988.3499755859376,980.2000122070312,981.75,72520,0.0,0.0,ADANIENSOL.NS
2026-04-07 14:15:00+05:30,981.6500244140624,982.1500244140624,980.2000122070312,981.4500122070312,38534,0.0,0.0,ADANIENSOL.NS
2026-04-07 14:30:00+05:30,981.7999877929688,985.8499755859376,981.7999877929688,985.4500122070312,88541,0.0,0.0,ADANIENSOL.NS
2026-04-07 14:45:00+05:30,985.3499755859376,989.0999755859376,984.1500244140624,988.9000244140624,38233,0.0,0.0,ADANIENSOL.NS
2026-04-07 15:00:00+05:30,989.3499755859376,990.9500122070312,983.7999877929688,985.25,92731,0.0,0.0,ADANIENSOL.NS
2026-04-07 15:15:00+05:30,985.5,990.0,982.75,986.3499755859376,142839,0.0,0.0,ADANIENSOL.NS
2026-04-08 09:15:00+05:30,1016.2000122070312,1042.5999755859375,1016.2000122070312,1037.5999755859375,96910,0.0,0.0,ADANIENSOL.NS
2026-04-08 09:30:00+05:30,1037.800048828125,1040.8499755859375,1032.050048828125,1039.5,215523,0.0,0.0,ADANIENSOL.NS
2026-04-08 09:45:00+05:30,1039.5,1047.6500244140625,1037.050048828125,1037.5999755859375,152008,0.0,0.0,ADANIENSOL.NS
2026-04-08 10:00:00+05:30,1037.550048828125,1042.0999755859375,1036.949951171875,1039.8499755859375,53278,0.0,0.0,ADANIENSOL.NS
2026-04-08 10:15:00+05:30,1039.550048828125,1053.449951171875,1035.3499755859375,1051.75,277932,0.0,0.0,ADANIENSOL.NS
2026-04-08 10:30:00+05:30,1051.800048828125,1084.8499755859375,1051.3499755859375,1084.8499755859375,620631,0.0,0.0,ADANIENSOL.NS
2026-04-08 10:45:00+05:30,1084.8499755859375,1084.8499755859375,1049.8499755859375,1062.3499755859375,887505,0.0,0.0,ADANIENSOL.NS
2026-04-08 11:00:00+05:30,1061.8499755859375,1066.9000244140625,1053.199951171875,1061.550048828125,234739,0.0,0.0,ADANIENSOL.NS
2026-04-08 11:15:00+05:30,1061.8499755859375,1065.0,1058.5999755859375,1061.800048828125,44921,0.0,0.0,ADANIENSOL.NS
2026-04-08 11:30:00+05:30,1061.5999755859375,1061.5999755859375,1047.9000244140625,1051.949951171875,180623,0.0,0.0,ADANIENSOL.NS
2026-04-08 11:45:00+05:30,1051.8499755859375,1056.300048828125,1051.25,1053.8499755859375,62399,0.0,0.0,ADANIENSOL.NS
2026-04-08 12:00:00+05:30,1054.25,1062.75,1053.3499755859375,1062.0,61593,0.0,0.0,ADANIENSOL.NS
2026-04-08 12:15:00+05:30,1062.0,1063.550048828125,1060.050048828125,1061.0,52710,0.0,0.0,ADANIENSOL.NS
2026-04-08 12:30:00+05:30,1060.550048828125,1067.550048828125,1058.300048828125,1065.5999755859375,79418,0.0,0.0,ADANIENSOL.NS
2026-04-08 12:45:00+05:30,1065.5999755859375,1067.0,1061.550048828125,1061.6500244140625,65494,0.0,0.0,ADANIENSOL.NS
2026-04-08 13:00:00+05:30,1062.25,1064.699951171875,1055.3499755859375,1060.3499755859375,160507,0.0,0.0,ADANIENSOL.NS
2026-04-08 13:15:00+05:30,1060.3499755859375,1064.300048828125,1059.550048828125,1063.6500244140625,56565,0.0,0.0,ADANIENSOL.NS
2026-04-08 13:30:00+05:30,1063.3499755859375,1066.699951171875,1061.3499755859375,1063.5999755859375,49822,0.0,0.0,ADANIENSOL.NS
2026-04-08 13:45:00+05:30,1063.1500244140625,1065.449951171875,1061.5,1063.5,29868,0.0,0.0,ADANIENSOL.NS
2026-04-08 14:00:00+05:30,1063.6500244140625,1066.5999755859375,1060.050048828125,1063.800048828125,59446,0.0,0.0,ADANIENSOL.NS
2026-04-08 14:15:00+05:30,1063.550048828125,1066.4000244140625,1062.5,1065.550048828125,37794,0.0,0.0,ADANIENSOL.NS
2026-04-08 14:30:00+05:30,1065.550048828125,1072.300048828125,1063.4000244140625,1069.300048828125,181870,0.0,0.0,ADANIENSOL.NS
2026-04-08 14:45:00+05:30,1069.300048828125,1071.800048828125,1067.0,1071.800048828125,71137,0.0,0.0,ADANIENSOL.NS
2026-04-08 15:00:00+05:30,1071.8499755859375,1075.0,1068.300048828125,1074.9000244140625,298351,0.0,0.0,ADANIENSOL.NS
2026-04-08 15:15:00+05:30,1075.0,1079.0,1074.0999755859375,1076.0,308458,0.0,0.0,ADANIENSOL.NS
2026-04-09 09:15:00+05:30,1070.5999755859375,1080.0,1061.0,1067.199951171875,141798,0.0,0.0,ADANIENSOL.NS
2026-04-09 09:30:00+05:30,1068.550048828125,1070.0,1063.0,1066.8499755859375,107986,0.0,0.0,ADANIENSOL.NS
2026-04-09 09:45:00+05:30,1067.3499755859375,1068.800048828125,1060.4000244140625,1062.199951171875,137413,0.0,0.0,ADANIENSOL.NS
2026-04-09 10:00:00+05:30,1061.3499755859375,1072.300048828125,1060.949951171875,1070.050048828125,89962,0.0,0.0,ADANIENSOL.NS
2026-04-09 10:15:00+05:30,1070.800048828125,1071.9000244140625,1065.199951171875,1068.9000244140625,97685,0.0,0.0,ADANIENSOL.NS
2026-04-09 10:30:00+05:30,1069.5999755859375,1072.949951171875,1067.3499755859375,1068.199951171875,87894,0.0,0.0,ADANIENSOL.NS
2026-04-09 10:45:00+05:30,1068.0,1068.300048828125,1058.0,1058.0,158119,0.0,0.0,ADANIENSOL.NS
2026-04-09 11:00:00+05:30,1057.050048828125,1066.800048828125,1053.550048828125,1066.5999755859375,180961,0.0,0.0,ADANIENSOL.NS
2026-04-09 11:15:00+05:30,1066.300048828125,1068.199951171875,1064.25,1066.6500244140625,46237,0.0,0.0,ADANIENSOL.NS
2026-04-09 11:30:00+05:30,1066.75,1067.949951171875,1062.550048828125,1066.300048828125,38130,0.0,0.0,ADANIENSOL.NS
2026-04-09 11:45:00+05:30,1066.0,1067.5,1064.5999755859375,1066.949951171875,23870,0.0,0.0,ADANIENSOL.NS
2026-04-09 12:00:00+05:30,1066.4000244140625,1069.5999755859375,1065.0,1066.949951171875,46633,0.0,0.0,ADANIENSOL.NS
2026-04-09 12:15:00+05:30,1067.0,1069.949951171875,1066.699951171875,1069.1500244140625,30077,0.0,0.0,ADANIENSOL.NS
2026-04-09 12:30:00+05:30,1069.0,1071.0,1067.449951171875,1070.550048828125,59684,0.0,0.0,ADANIENSOL.NS
2026-04-09 12:45:00+05:30,1071.0,1071.949951171875,1068.449951171875,1071.5999755859375,45787,0.0,0.0,ADANIENSOL.NS
2026-04-09 13:00:00+05:30,1071.75,1075.5,1071.1500244140625,1072.0,60654,0.0,0.0,ADANIENSOL.NS
2026-04-09 13:15:00+05:30,1071.949951171875,1072.5,1069.0999755859375,1071.1500244140625,34456,0.0,0.0,ADANIENSOL.NS
2026-04-09 13:30:00+05:30,1071.050048828125,1075.199951171875,1071.050048828125,1072.4000244140625,37571,0.0,0.0,ADANIENSOL.NS
2026-04-09 13:45:00+05:30,1072.4000244140625,1072.6500244140625,1069.75,1071.5999755859375,24693,0.0,0.0,ADANIENSOL.NS
2026-04-09 14:00:00+05:30,1071.9000244140625,1074.9000244140625,1071.699951171875,1072.5,31996,0.0,0.0,ADANIENSOL.NS
2026-04-09 14:15:00+05:30,1072.0999755859375,1073.4000244140625,1069.0,1070.300048828125,43694,0.0,0.0,ADANIENSOL.NS
2026-04-09 14:30:00+05:30,1070.300048828125,1077.0,1070.300048828125,1076.699951171875,83133,0.0,0.0,ADANIENSOL.NS
2026-04-09 14:45:00+05:30,1075.0,1078.550048828125,1075.0,1078.0999755859375,72059,0.0,0.0,ADANIENSOL.NS
2026-04-09 15:00:00+05:30,1078.050048828125,1085.0,1075.550048828125,1079.8499755859375,142111,0.0,0.0,ADANIENSOL.NS
2026-04-09 15:15:00+05:30,1080.0,1081.699951171875,1067.300048828125,1074.0,157184,0.0,0.0,ADANIENSOL.NS
2026-04-10 09:15:00+05:30,1080.0,1114.3499755859375,1080.0,1099.949951171875,344278,0.0,0.0,ADANIENSOL.NS
2026-04-10 09:30:00+05:30,1100.449951171875,1124.550048828125,1099.199951171875,1110.9000244140625,522443,0.0,0.0,ADANIENSOL.NS
2026-04-10 09:45:00+05:30,1110.550048828125,1115.0,1100.199951171875,1102.050048828125,224505,0.0,0.0,ADANIENSOL.NS
2026-04-10 10:00:00+05:30,1102.699951171875,1102.699951171875,1089.300048828125,1100.050048828125,133436,0.0,0.0,ADANIENSOL.NS
2026-04-10 10:15:00+05:30,1100.25,1100.8499755859375,1098.0,1099.3499755859375,41350,0.0,0.0,ADANIENSOL.NS
2026-04-10 10:30:00+05:30,1099.3499755859375,1101.050048828125,1097.1500244140625,1100.5,61039,0.0,0.0,ADANIENSOL.NS
2026-04-10 10:45:00+05:30,1100.5,1100.699951171875,1096.8499755859375,1099.8499755859375,42516,0.0,0.0,ADANIENSOL.NS
2026-04-10 11:00:00+05:30,1099.8499755859375,1102.949951171875,1096.199951171875,1098.800048828125,45653,0.0,0.0,ADANIENSOL.NS
2026-04-10 11:15:00+05:30,1098.949951171875,1122.449951171875,1098.0,1119.4000244140625,362837,0.0,0.0,ADANIENSOL.NS
2026-04-10 11:30:00+05:30,1119.9000244140625,1138.0,1119.5,1134.0,481867,0.0,0.0,ADANIENSOL.NS
2026-04-10 11:45:00+05:30,1134.4000244140625,1135.5999755859375,1121.5,1127.4000244140625,456354,0.0,0.0,ADANIENSOL.NS
2026-04-10 12:00:00+05:30,1127.0,1130.0,1124.6500244140625,1127.3499755859375,94776,0.0,0.0,ADANIENSOL.NS
2026-04-10 12:15:00+05:30,1127.3499755859375,1129.0,1122.550048828125,1127.449951171875,176156,0.0,0.0,ADANIENSOL.NS
2026-04-10 12:30:00+05:30,1127.550048828125,1129.550048828125,1126.0999755859375,1128.300048828125,84775,0.0,0.0,ADANIENSOL.NS
2026-04-10 12:45:00+05:30,1128.449951171875,1140.300048828125,1126.1500244140625,1138.8499755859375,392876,0.0,0.0,ADANIENSOL.NS
2026-04-10 13:00:00+05:30,1139.3499755859375,1142.75,1134.75,1140.8499755859375,359500,0.0,0.0,ADANIENSOL.NS
2026-04-10 13:15:00+05:30,1140.75,1148.949951171875,1139.800048828125,1148.4000244140625,588147,0.0,0.0,ADANIENSOL.NS
2026-04-10 13:30:00+05:30,1148.1500244140625,1151.0,1146.4000244140625,1149.949951171875,385245,0.0,0.0,ADANIENSOL.NS
2026-04-10 13:45:00+05:30,1150.3499755859375,1152.5999755859375,1148.1500244140625,1151.4000244140625,303964,0.0,0.0,ADANIENSOL.NS
2026-04-10 14:00:00+05:30,1151.3499755859375,1155.550048828125,1147.9000244140625,1152.0,469272,0.0,0.0,ADANIENSOL.NS
2026-04-10 14:15:00+05:30,1151.949951171875,1160.4000244140625,1146.0,1155.6500244140625,691113,0.0,0.0,ADANIENSOL.NS
2026-04-10 14:30:00+05:30,1156.050048828125,1159.0,1148.5,1153.3499755859375,414402,0.0,0.0,ADANIENSOL.NS
2026-04-10 14:45:00+05:30,1153.0999755859375,1159.5,1152.199951171875,1159.5,248156,0.0,0.0,ADANIENSOL.NS
2026-04-10 15:00:00+05:30,1159.25,1160.0,1156.0,1160.0,362871,0.0,0.0,ADANIENSOL.NS
2026-04-10 15:15:00+05:30,1159.449951171875,1159.949951171875,1151.75,1154.1500244140625,478451,0.0,0.0,ADANIENSOL.NS
2026-04-13 09:15:00+05:30,1128.050048828125,1144.4000244140625,1114.199951171875,1142.449951171875,192100,0.0,0.0,ADANIENSOL.NS
2026-04-13 09:30:00+05:30,1140.800048828125,1151.449951171875,1136.25,1151.1500244140625,238580,0.0,0.0,ADANIENSOL.NS
2026-04-13 09:45:00+05:30,1151.050048828125,1173.3499755859375,1150.4000244140625,1169.199951171875,559372,0.0,0.0,ADANIENSOL.NS
2026-04-13 10:00:00+05:30,1169.25,1181.449951171875,1166.6500244140625,1177.25,255681,0.0,0.0,ADANIENSOL.NS
2026-04-13 10:15:00+05:30,1177.25,1185.0,1174.5999755859375,1178.75,259715,0.0,0.0,ADANIENSOL.NS
2026-04-13 10:30:00+05:30,1178.0999755859375,1181.0,1158.550048828125,1160.8499755859375,273957,0.0,0.0,ADANIENSOL.NS
2026-04-13 10:45:00+05:30,1160.8499755859375,1172.8499755859375,1160.5999755859375,1172.6500244140625,94636,0.0,0.0,ADANIENSOL.NS
2026-04-13 11:00:00+05:30,1172.5999755859375,1177.25,1170.0,1175.0999755859375,64010,0.0,0.0,ADANIENSOL.NS
2026-04-13 11:15:00+05:30,1175.0999755859375,1187.25,1174.699951171875,1180.5999755859375,272643,0.0,0.0,ADANIENSOL.NS
2026-04-13 11:30:00+05:30,1180.5999755859375,1181.050048828125,1176.0,1177.300048828125,75989,0.0,0.0,ADANIENSOL.NS
2026-04-13 11:45:00+05:30,1177.199951171875,1182.75,1176.550048828125,1180.0,67600,0.0,0.0,ADANIENSOL.NS
2026-04-13 12:00:00+05:30,1179.5999755859375,1185.050048828125,1178.949951171875,1180.25,179085,0.0,0.0,ADANIENSOL.NS
2026-04-13 12:15:00+05:30,1180.0999755859375,1182.25,1174.3499755859375,1174.800048828125,67465,0.0,0.0,ADANIENSOL.NS
2026-04-13 12:30:00+05:30,1174.4000244140625,1174.75,1170.75,1173.0999755859375,46039,0.0,0.0,ADANIENSOL.NS
2026-04-13 12:45:00+05:30,1173.0999755859375,1173.8499755859375,1166.0,1168.3499755859375,49799,0.0,0.0,ADANIENSOL.NS
2026-04-13 13:00:00+05:30,1168.25,1174.5,1166.9000244140625,1172.800048828125,40952,0.0,0.0,ADANIENSOL.NS
2026-04-13 13:15:00+05:30,1173.199951171875,1173.699951171875,1171.0,1171.0,20007,0.0,0.0,ADANIENSOL.NS
2026-04-13 13:30:00+05:30,1171.199951171875,1171.699951171875,1167.050048828125,1169.0,106314,0.0,0.0,ADANIENSOL.NS
2026-04-13 13:45:00+05:30,1168.9000244140625,1168.9000244140625,1166.050048828125,1166.9000244140625,36094,0.0,0.0,ADANIENSOL.NS
2026-04-13 14:00:00+05:30,1166.5,1175.9000244140625,1165.300048828125,1175.3499755859375,160123,0.0,0.0,ADANIENSOL.NS
2026-04-13 14:15:00+05:30,1174.699951171875,1175.1500244140625,1168.050048828125,1169.550048828125,48890,0.0,0.0,ADANIENSOL.NS
2026-04-13 14:30:00+05:30,1169.9000244140625,1172.0,1167.6500244140625,1169.5,29890,0.0,0.0,ADANIENSOL.NS
2026-04-13 14:45:00+05:30,1168.800048828125,1172.550048828125,1166.1500244140625,1172.050048828125,82745,0.0,0.0,ADANIENSOL.NS
2026-04-13 15:00:00+05:30,1172.199951171875,1177.699951171875,1170.3499755859375,1175.3499755859375,216321,0.0,0.0,ADANIENSOL.NS
2026-04-13 15:15:00+05:30,1175.550048828125,1178.949951171875,1170.800048828125,1175.300048828125,237726,0.0,0.0,ADANIENSOL.NS
2026-04-15 09:15:00+05:30,1195.25,1205.6500244140625,1180.550048828125,1183.5,210871,0.0,0.0,ADANIENSOL.NS
2026-04-15 09:30:00+05:30,1183.25,1191.1500244140625,1182.0,1186.050048828125,122745,0.0,0.0,ADANIENSOL.NS
2026-04-15 09:45:00+05:30,1185.5999755859375,1189.5999755859375,1182.5,1188.0999755859375,71883,0.0,0.0,ADANIENSOL.NS
2026-04-15 10:00:00+05:30,1188.449951171875,1189.75,1184.300048828125,1186.0,73552,0.0,0.0,ADANIENSOL.NS
2026-04-15 10:15:00+05:30,1186.9000244140625,1191.0,1186.0,1189.949951171875,91348,0.0,0.0,ADANIENSOL.NS
2026-04-15 10:30:00+05:30,1190.0,1193.050048828125,1190.0,1190.9000244140625,56589,0.0,0.0,ADANIENSOL.NS
2026-04-15 10:45:00+05:30,1190.9000244140625,1190.9000244140625,1182.5,1184.5999755859375,61454,0.0,0.0,ADANIENSOL.NS
2026-04-15 11:00:00+05:30,1184.0,1184.8499755859375,1182.0999755859375,1184.0,32606,0.0,0.0,ADANIENSOL.NS
2026-04-15 11:15:00+05:30,1183.5999755859375,1187.949951171875,1183.0,1185.4000244140625,52538,0.0,0.0,ADANIENSOL.NS
2026-04-15 11:30:00+05:30,1185.4000244140625,1188.949951171875,1184.9000244140625,1187.199951171875,32890,0.0,0.0,ADANIENSOL.NS
2026-04-15 11:45:00+05:30,1186.1500244140625,1187.1500244140625,1180.3499755859375,1182.300048828125,51911,0.0,0.0,ADANIENSOL.NS
2026-04-15 12:00:00+05:30,1182.199951171875,1186.0999755859375,1181.0999755859375,1181.3499755859375,119429,0.0,0.0,ADANIENSOL.NS
2026-04-15 12:15:00+05:30,1181.0999755859375,1181.6500244140625,1177.0,1178.300048828125,74278,0.0,0.0,ADANIENSOL.NS
2026-04-15 12:30:00+05:30,1178.4000244140625,1180.800048828125,1176.9000244140625,1179.300048828125,37232,0.0,0.0,ADANIENSOL.NS
2026-04-15 12:45:00+05:30,1179.3499755859375,1179.75,1177.6500244140625,1178.0,32970,0.0,0.0,ADANIENSOL.NS
2026-04-15 13:00:00+05:30,1178.449951171875,1179.6500244140625,1175.050048828125,1175.75,35907,0.0,0.0,ADANIENSOL.NS
2026-04-15 13:15:00+05:30,1175.449951171875,1175.949951171875,1170.800048828125,1174.300048828125,55323,0.0,0.0,ADANIENSOL.NS
2026-04-15 13:30:00+05:30,1174.699951171875,1176.3499755859375,1170.199951171875,1171.4000244140625,54305,0.0,0.0,ADANIENSOL.NS
2026-04-15 13:45:00+05:30,1171.4000244140625,1171.8499755859375,1170.0,1171.0,49612,0.0,0.0,ADANIENSOL.NS
2026-04-15 14:00:00+05:30,1171.300048828125,1172.25,1165.5,1168.0,73256,0.0,0.0,ADANIENSOL.NS
2026-04-15 14:15:00+05:30,1168.25,1171.300048828125,1167.949951171875,1170.0,39330,0.0,0.0,ADANIENSOL.NS
2026-04-15 14:30:00+05:30,1170.0,1173.050048828125,1168.050048828125,1171.800048828125,52605,0.0,0.0,ADANIENSOL.NS
2026-04-15 14:45:00+05:30,1171.6500244140625,1173.5,1170.5999755859375,1172.550048828125,55289,0.0,0.0,ADANIENSOL.NS
2026-04-15 15:00:00+05:30,1173.6500244140625,1174.5,1170.1500244140625,1170.1500244140625,96477,0.0,0.0,ADANIENSOL.NS
2026-04-15 15:15:00+05:30,1170.050048828125,1172.0999755859375,1167.949951171875,1169.25,201627,0.0,0.0,ADANIENSOL.NS
2026-04-16 09:15:00+05:30,1179.8499755859375,1186.0,1175.699951171875,1184.0999755859375,87097,0.0,0.0,ADANIENSOL.NS
2026-04-16 09:30:00+05:30,1184.0999755859375,1185.75,1172.8499755859375,1181.5999755859375,388242,0.0,0.0,ADANIENSOL.NS
2026-04-16 09:45:00+05:30,1181.0,1195.0999755859375,1180.050048828125,1183.0999755859375,178035,0.0,0.0,ADANIENSOL.NS
2026-04-16 10:00:00+05:30,1183.1500244140625,1196.949951171875,1182.1500244140625,1194.0,115587,0.0,0.0,ADANIENSOL.NS
2026-04-16 10:15:00+05:30,1194.3499755859375,1199.5999755859375,1193.9000244140625,1199.050048828125,124035,0.0,0.0,ADANIENSOL.NS
2026-04-16 10:30:00+05:30,1198.6500244140625,1205.949951171875,1196.0999755859375,1196.8499755859375,178282,0.0,0.0,ADANIENSOL.NS
2026-04-16 10:45:00+05:30,1197.3499755859375,1200.25,1195.75,1199.1500244140625,65068,0.0,0.0,ADANIENSOL.NS
2026-04-16 11:00:00+05:30,1198.8499755859375,1200.0999755859375,1194.050048828125,1196.1500244140625,56957,0.0,0.0,ADANIENSOL.NS
2026-04-16 11:15:00+05:30,1196.199951171875,1198.4000244140625,1194.1500244140625,1195.4000244140625,21516,0.0,0.0,ADANIENSOL.NS
2026-04-16 11:30:00+05:30,1195.199951171875,1196.949951171875,1191.800048828125,1192.050048828125,37880,0.0,0.0,ADANIENSOL.NS
2026-04-16 11:45:00+05:30,1192.0,1193.1500244140625,1189.0,1190.25,37011,0.0,0.0,ADANIENSOL.NS
2026-04-16 12:00:00+05:30,1190.25,1194.0,1187.449951171875,1194.0,41132,0.0,0.0,ADANIENSOL.NS
2026-04-16 12:15:00+05:30,1193.5,1196.8499755859375,1192.550048828125,1195.8499755859375,24608,0.0,0.0,ADANIENSOL.NS
2026-04-16 12:30:00+05:30,1195.0999755859375,1199.5999755859375,1194.4000244140625,1195.3499755859375,38851,0.0,0.0,ADANIENSOL.NS
2026-04-16 12:45:00+05:30,1194.8499755859375,1196.5999755859375,1191.949951171875,1193.550048828125,25465,0.0,0.0,ADANIENSOL.NS
2026-04-16 13:00:00+05:30,1193.6500244140625,1196.0,1188.699951171875,1190.800048828125,28814,0.0,0.0,ADANIENSOL.NS
2026-04-16 13:15:00+05:30,1190.5,1190.699951171875,1187.550048828125,1189.6500244140625,23829,0.0,0.0,ADANIENSOL.NS
2026-04-16 13:30:00+05:30,1189.6500244140625,1191.9000244140625,1189.449951171875,1191.449951171875,11634,0.0,0.0,ADANIENSOL.NS
2026-04-16 13:45:00+05:30,1191.0999755859375,1199.550048828125,1190.949951171875,1199.449951171875,103592,0.0,0.0,ADANIENSOL.NS
2026-04-16 14:00:00+05:30,1199.5999755859375,1199.9000244140625,1196.8499755859375,1199.199951171875,108602,0.0,0.0,ADANIENSOL.NS
2026-04-16 14:15:00+05:30,1199.199951171875,1200.9000244140625,1198.300048828125,1200.9000244140625,203523,0.0,0.0,ADANIENSOL.NS
2026-04-16 14:30:00+05:30,1200.5999755859375,1213.9000244140625,1199.75,1213.300048828125,276337,0.0,0.0,ADANIENSOL.NS
2026-04-16 14:45:00+05:30,1213.949951171875,1228.949951171875,1213.9000244140625,1222.949951171875,435304,0.0,0.0,ADANIENSOL.NS
2026-04-16 15:00:00+05:30,1223.1500244140625,1223.800048828125,1214.0,1220.5,196682,0.0,0.0,ADANIENSOL.NS
2026-04-16 15:15:00+05:30,1221.1500244140625,1228.0,1221.1500244140625,1228.0,241124,0.0,0.0,ADANIENSOL.NS
2026-04-17 09:15:00+05:30,1232.0,1245.0,1226.9000244140625,1237.8499755859375,323474,0.0,0.0,ADANIENSOL.NS
2026-04-17 09:30:00+05:30,1237.0999755859375,1238.5,1228.0,1228.050048828125,341976,0.0,0.0,ADANIENSOL.NS
2026-04-17 09:45:00+05:30,1228.0,1247.949951171875,1228.0,1241.0,207485,0.0,0.0,ADANIENSOL.NS
2026-04-17 10:00:00+05:30,1240.699951171875,1241.8499755859375,1233.0999755859375,1238.0,251926,0.0,0.0,ADANIENSOL.NS
2026-04-17 10:15:00+05:30,1237.3499755859375,1243.9000244140625,1237.300048828125,1238.25,83999,0.0,0.0,ADANIENSOL.NS
2026-04-17 10:30:00+05:30,1238.3499755859375,1240.800048828125,1232.4000244140625,1235.5999755859375,65540,0.0,0.0,ADANIENSOL.NS
2026-04-17 10:45:00+05:30,1235.050048828125,1236.1500244140625,1231.0999755859375,1231.0999755859375,40603,0.0,0.0,ADANIENSOL.NS
2026-04-17 11:00:00+05:30,1231.699951171875,1234.449951171875,1228.5999755859375,1231.75,109994,0.0,0.0,ADANIENSOL.NS
2026-04-17 11:15:00+05:30,1231.300048828125,1234.8499755859375,1226.0,1229.800048828125,58845,0.0,0.0,ADANIENSOL.NS
2026-04-17 11:30:00+05:30,1229.4000244140625,1231.6500244140625,1227.699951171875,1230.6500244140625,27750,0.0,0.0,ADANIENSOL.NS
2026-04-17 11:45:00+05:30,1231.0,1231.9000244140625,1229.699951171875,1230.050048828125,29646,0.0,0.0,ADANIENSOL.NS
2026-04-17 12:00:00+05:30,1230.1500244140625,1233.5,1224.050048828125,1225.1500244140625,137507,0.0,0.0,ADANIENSOL.NS
2026-04-17 12:15:00+05:30,1225.199951171875,1228.6500244140625,1222.75,1228.0,50999,0.0,0.0,ADANIENSOL.NS
2026-04-17 12:30:00+05:30,1227.6500244140625,1229.0,1226.449951171875,1228.199951171875,27201,0.0,0.0,ADANIENSOL.NS
2026-04-17 12:45:00+05:30,1228.199951171875,1229.199951171875,1227.550048828125,1228.75,25711,0.0,0.0,ADANIENSOL.NS
2026-04-17 13:00:00+05:30,1228.949951171875,1230.550048828125,1228.5999755859375,1230.25,11835,0.0,0.0,ADANIENSOL.NS
2026-04-17 13:15:00+05:30,1230.25,1236.949951171875,1230.25,1236.8499755859375,31955,0.0,0.0,ADANIENSOL.NS
2026-04-17 13:30:00+05:30,1236.3499755859375,1255.1500244140625,1236.3499755859375,1252.75,244926,0.0,0.0,ADANIENSOL.NS
2026-04-17 13:45:00+05:30,1253.1500244140625,1257.0,1251.3499755859375,1256.199951171875,176614,0.0,0.0,ADANIENSOL.NS
2026-04-17 14:00:00+05:30,1256.1500244140625,1259.699951171875,1249.4000244140625,1255.3499755859375,691978,0.0,0.0,ADANIENSOL.NS
2026-04-17 14:15:00+05:30,1255.75,1261.8499755859375,1252.699951171875,1258.8499755859375,707234,0.0,0.0,ADANIENSOL.NS
2026-04-17 14:30:00+05:30,1258.5,1260.0,1254.25,1259.199951171875,183296,0.0,0.0,ADANIENSOL.NS
2026-04-17 14:45:00+05:30,1259.5999755859375,1262.0,1253.9000244140625,1257.800048828125,395583,0.0,0.0,ADANIENSOL.NS
2026-04-17 15:00:00+05:30,1259.0999755859375,1262.0999755859375,1253.6500244140625,1259.4000244140625,212941,0.0,0.0,ADANIENSOL.NS
2026-04-17 15:15:00+05:30,1259.9000244140625,1266.0,1249.949951171875,1259.800048828125,331963,0.0,0.0,ADANIENSOL.NS
2026-04-20 09:15:00+05:30,1253.0999755859375,1281.25,1247.0,1277.3499755859375,172017,0.0,0.0,ADANIENSOL.NS
2026-04-20 09:30:00+05:30,1278.0,1278.0,1257.5,1257.5,126817,0.0,0.0,ADANIENSOL.NS
2026-04-20 09:45:00+05:30,1257.949951171875,1266.9000244140625,1256.9000244140625,1264.75,89137,0.0,0.0,ADANIENSOL.NS
2026-04-20 10:00:00+05:30,1264.300048828125,1264.449951171875,1259.199951171875,1263.5999755859375,40981,0.0,0.0,ADANIENSOL.NS
2026-04-20 15:00:00+05:30,1259.800048828125,1265.949951171875,1259.800048828125,1264.5,1491005,0.0,0.0,ADANIENSOL.NS
2026-04-20 15:15:00+05:30,1263.800048828125,1264.5,1252.300048828125,1256.0,207719,0.0,0.0,ADANIENSOL.NS
2026-04-21 09:15:00+05:30,1268.3499755859375,1269.8499755859375,1250.75,1252.5,113411,0.0,0.0,ADANIENSOL.NS
2026-04-21 09:30:00+05:30,1252.949951171875,1254.699951171875,1244.050048828125,1245.050048828125,163145,0.0,0.0,ADANIENSOL.NS
2026-04-21 09:45:00+05:30,1245.6500244140625,1257.0,1245.050048828125,1256.0,89603,0.0,0.0,ADANIENSOL.NS
2026-04-21 10:00:00+05:30,1256.4000244140625,1268.699951171875,1256.4000244140625,1261.9000244140625,99639,0.0,0.0,ADANIENSOL.NS
2026-04-21 10:15:00+05:30,1261.5999755859375,1261.800048828125,1251.25,1257.3499755859375,80730,0.0,0.0,ADANIENSOL.NS
2026-04-21 10:30:00+05:30,1256.949951171875,1257.8499755859375,1252.4000244140625,1253.75,36226,0.0,0.0,ADANIENSOL.NS
2026-04-21 10:45:00+05:30,1254.25,1257.9000244140625,1253.4000244140625,1257.0999755859375,30387,0.0,0.0,ADANIENSOL.NS
2026-04-21 11:00:00+05:30,1256.5999755859375,1264.0,1255.949951171875,1263.199951171875,29792,0.0,0.0,ADANIENSOL.NS
2026-04-21 11:15:00+05:30,1263.1500244140625,1263.5999755859375,1257.0,1258.699951171875,20806,0.0,0.0,ADANIENSOL.NS
2026-04-21 11:30:00+05:30,1258.300048828125,1265.949951171875,1255.5,1265.949951171875,44891,0.0,0.0,ADANIENSOL.NS
2026-04-21 11:45:00+05:30,1265.300048828125,1267.550048828125,1262.550048828125,1267.050048828125,58533,0.0,0.0,ADANIENSOL.NS
2026-04-21 12:00:00+05:30,1267.050048828125,1269.5999755859375,1259.4000244140625,1267.0,73654,0.0,0.0,ADANIENSOL.NS
2026-04-21 12:15:00+05:30,1266.800048828125,1269.300048828125,1266.300048828125,1268.75,47411,0.0,0.0,ADANIENSOL.NS
2026-04-21 12:30:00+05:30,1268.25,1270.8499755859375,1266.949951171875,1268.0,51495,0.0,0.0,ADANIENSOL.NS
2026-04-21 12:45:00+05:30,1268.300048828125,1268.300048828125,1264.0,1266.699951171875,42218,0.0,0.0,ADANIENSOL.NS
2026-04-21 13:00:00+05:30,1266.949951171875,1272.449951171875,1266.699951171875,1272.4000244140625,31882,0.0,0.0,ADANIENSOL.NS
2026-04-21 13:15:00+05:30,1272.0,1273.0999755859375,1259.199951171875,1260.5,76193,0.0,0.0,ADANIENSOL.NS
2026-04-21 13:30:00+05:30,1260.4000244140625,1260.5999755859375,1257.4000244140625,1257.949951171875,44195,0.0,0.0,ADANIENSOL.NS
2026-04-21 13:45:00+05:30,1258.0999755859375,1262.699951171875,1255.550048828125,1262.0,59668,0.0,0.0,ADANIENSOL.NS
2026-04-21 14:00:00+05:30,1262.3499755859375,1264.6500244140625,1260.050048828125,1264.199951171875,30599,0.0,0.0,ADANIENSOL.NS
2026-04-21 14:15:00+05:30,1263.9000244140625,1264.300048828125,1262.0,1263.0,26400,0.0,0.0,ADANIENSOL.NS
2026-04-21 14:30:00+05:30,1263.0,1263.550048828125,1260.0999755859375,1260.800048828125,24787,0.0,0.0,ADANIENSOL.NS
2026-04-21 14:45:00+05:30,1261.5999755859375,1265.9000244140625,1261.1500244140625,1264.5999755859375,70581,0.0,0.0,ADANIENSOL.NS
2026-04-21 15:00:00+05:30,1265.0,1267.0,1263.800048828125,1264.949951171875,67322,0.0,0.0,ADANIENSOL.NS
2026-04-21 15:15:00+05:30,1264.550048828125,1270.0,1263.0999755859375,1265.300048828125,148459,0.0,0.0,ADANIENSOL.NS
2026-04-22 09:15:00+05:30,1269.5,1285.0,1269.0,1281.1500244140625,176968,0.0,0.0,ADANIENSOL.NS
2026-04-22 09:30:00+05:30,1280.6500244140625,1291.6500244140625,1278.8499755859375,1289.050048828125,230595,0.0,0.0,ADANIENSOL.NS
2026-04-22 09:45:00+05:30,1289.0999755859375,1292.0,1281.050048828125,1281.050048828125,135783,0.0,0.0,ADANIENSOL.NS
2026-04-22 10:00:00+05:30,1282.0,1288.9000244140625,1281.0,1286.8499755859375,79361,0.0,0.0,ADANIENSOL.NS
2026-04-22 10:15:00+05:30,1288.0,1298.0,1288.0,1297.4000244140625,153813,0.0,0.0,ADANIENSOL.NS
2026-04-22 10:30:00+05:30,1297.4000244140625,1299.0999755859375,1293.0,1295.25,76066,0.0,0.0,ADANIENSOL.NS
2026-04-22 10:45:00+05:30,1294.800048828125,1296.1500244140625,1293.0,1294.300048828125,46912,0.0,0.0,ADANIENSOL.NS
2026-04-22 11:00:00+05:30,1294.0,1312.0,1293.050048828125,1311.5999755859375,217162,0.0,0.0,ADANIENSOL.NS
2026-04-22 11:15:00+05:30,1311.300048828125,1318.0,1311.0,1317.3499755859375,265194,0.0,0.0,ADANIENSOL.NS
2026-04-22 11:30:00+05:30,1317.4000244140625,1321.5,1316.699951171875,1319.5,181693,0.0,0.0,ADANIENSOL.NS
2026-04-22 11:45:00+05:30,1319.9000244140625,1323.5999755859375,1313.050048828125,1315.050048828125,482805,0.0,0.0,ADANIENSOL.NS
2026-04-22 12:00:00+05:30,1315.0,1320.0,1313.5999755859375,1319.0,111972,0.0,0.0,ADANIENSOL.NS
2026-04-22 12:15:00+05:30,1319.300048828125,1342.0,1316.800048828125,1338.6500244140625,400332,0.0,0.0,ADANIENSOL.NS
2026-04-22 12:30:00+05:30,1338.5,1338.6500244140625,1322.8499755859375,1329.199951171875,193386,0.0,0.0,ADANIENSOL.NS
2026-04-22 12:45:00+05:30,1329.199951171875,1333.0,1323.5,1329.0999755859375,203870,0.0,0.0,ADANIENSOL.NS
2026-04-22 13:00:00+05:30,1329.0999755859375,1333.0,1326.199951171875,1326.199951171875,161102,0.0,0.0,ADANIENSOL.NS
2026-04-22 13:15:00+05:30,1327.0999755859375,1340.0,1327.0999755859375,1338.75,188332,0.0,0.0,ADANIENSOL.NS
2026-04-22 13:30:00+05:30,1338.0,1345.0,1336.5999755859375,1340.4000244140625,263748,0.0,0.0,ADANIENSOL.NS
2026-04-22 13:45:00+05:30,1340.449951171875,1347.5,1337.949951171875,1345.0,178469,0.0,0.0,ADANIENSOL.NS
2026-04-22 14:00:00+05:30,1345.0,1353.6500244140625,1344.4000244140625,1348.5999755859375,349213,0.0,0.0,ADANIENSOL.NS
2026-04-22 14:15:00+05:30,1348.75,1359.0,1348.699951171875,1357.800048828125,431168,0.0,0.0,ADANIENSOL.NS
2026-04-22 14:30:00+05:30,1358.300048828125,1361.800048828125,1353.0,1353.0,425899,0.0,0.0,ADANIENSOL.NS
2026-04-22 14:45:00+05:30,1353.8499755859375,1363.0999755859375,1352.5,1362.5999755859375,233785,0.0,0.0,ADANIENSOL.NS
2026-04-22 15:00:00+05:30,1362.800048828125,1372.0,1357.199951171875,1366.5999755859375,602879,0.0,0.0,ADANIENSOL.NS
2026-04-22 15:15:00+05:30,1366.5999755859375,1380.550048828125,1365.0,1367.0,636433,0.0,0.0,ADANIENSOL.NS
2026-04-23 09:15:00+05:30,1358.300048828125,1374.5,1340.9000244140625,1367.449951171875,340612,0.0,0.0,ADANIENSOL.NS
2026-04-23 09:30:00+05:30,1367.4000244140625,1367.4000244140625,1349.5999755859375,1361.9000244140625,309283,0.0,0.0,ADANIENSOL.NS
2026-04-23 09:45:00+05:30,1361.449951171875,1371.8499755859375,1360.0,1370.5,167418,0.0,0.0,ADANIENSOL.NS
2026-04-23 10:00:00+05:30,1370.0,1374.6500244140625,1369.050048828125,1370.300048828125,171218,0.0,0.0,ADANIENSOL.NS
2026-04-23 10:15:00+05:30,1370.300048828125,1375.0,1365.449951171875,1371.550048828125,133208,0.0,0.0,ADANIENSOL.NS
2026-04-23 10:30:00+05:30,1371.550048828125,1371.550048828125,1360.550048828125,1364.800048828125,89756,0.0,0.0,ADANIENSOL.NS
2026-04-23 10:45:00+05:30,1365.0,1378.949951171875,1363.8499755859375,1374.699951171875,209756,0.0,0.0,ADANIENSOL.NS
2026-04-23 11:00:00+05:30,1374.5,1387.5,1365.8499755859375,1368.0,259516,0.0,0.0,ADANIENSOL.NS
2026-04-23 11:15:00+05:30,1367.550048828125,1375.0,1362.4000244140625,1371.8499755859375,129817,0.0,0.0,ADANIENSOL.NS
2026-04-23 11:30:00+05:30,1371.9000244140625,1374.3499755859375,1370.050048828125,1372.6500244140625,55482,0.0,0.0,ADANIENSOL.NS
2026-04-23 11:45:00+05:30,1372.6500244140625,1386.0,1371.050048828125,1384.25,131357,0.0,0.0,ADANIENSOL.NS
2026-04-23 12:00:00+05:30,1384.050048828125,1389.199951171875,1377.3499755859375,1380.949951171875,157370,0.0,0.0,ADANIENSOL.NS
2026-04-23 12:15:00+05:30,1380.699951171875,1382.3499755859375,1369.5999755859375,1375.6500244140625,146136,0.0,0.0,ADANIENSOL.NS
2026-04-23 12:30:00+05:30,1375.0999755859375,1377.699951171875,1373.050048828125,1374.550048828125,61600,0.0,0.0,ADANIENSOL.NS
2026-04-23 12:45:00+05:30,1375.1500244140625,1381.800048828125,1373.300048828125,1379.4000244140625,51519,0.0,0.0,ADANIENSOL.NS
2026-04-23 13:00:00+05:30,1379.199951171875,1382.4000244140625,1376.25,1381.550048828125,41276,0.0,0.0,ADANIENSOL.NS
2026-04-23 13:15:00+05:30,1382.25,1384.4000244140625,1380.449951171875,1383.300048828125,67459,0.0,0.0,ADANIENSOL.NS
2026-04-23 13:30:00+05:30,1383.5,1385.0,1380.199951171875,1384.5,50344,0.0,0.0,ADANIENSOL.NS
2026-04-23 13:45:00+05:30,1384.550048828125,1386.8499755859375,1370.0,1371.550048828125,249396,0.0,0.0,ADANIENSOL.NS
2026-04-23 14:00:00+05:30,1371.550048828125,1373.199951171875,1365.199951171875,1365.199951171875,144879,0.0,0.0,ADANIENSOL.NS
2026-04-23 14:15:00+05:30,1365.5,1369.9000244140625,1363.0999755859375,1364.3499755859375,88533,0.0,0.0,ADANIENSOL.NS
2026-04-23 14:30:00+05:30,1365.0999755859375,1365.75,1357.449951171875,1363.0999755859375,139991,0.0,0.0,ADANIENSOL.NS
2026-04-23 14:45:00+05:30,1363.699951171875,1364.25,1355.449951171875,1357.4000244140625,103683,0.0,0.0,ADANIENSOL.NS
2026-04-23 15:00:00+05:30,1357.4000244140625,1363.800048828125,1357.4000244140625,1363.0,172175,0.0,0.0,ADANIENSOL.NS
2026-04-23 15:15:00+05:30,1362.6500244140625,1368.75,1356.4000244140625,1361.25,273988,0.0,0.0,ADANIENSOL.NS
2026-04-24 09:15:00+05:30,1353.449951171875,1353.449951171875,1310.0,1310.949951171875,313690,0.0,0.0,ADANIENSOL.NS
2026-04-24 09:30:00+05:30,1310.0,1317.0,1282.6500244140625,1294.699951171875,658079,0.0,0.0,ADANIENSOL.NS
2026-04-24 09:45:00+05:30,1293.949951171875,1308.5999755859375,1287.5,1300.5999755859375,381079,0.0,0.0,ADANIENSOL.NS
2026-04-24 10:00:00+05:30,1300.5999755859375,1322.800048828125,1298.300048828125,1320.4000244140625,272581,0.0,0.0,ADANIENSOL.NS
2026-04-24 10:15:00+05:30,1320.199951171875,1325.5,1307.550048828125,1310.949951171875,249090,0.0,0.0,ADANIENSOL.NS
2026-04-24 10:30:00+05:30,1310.9000244140625,1319.0,1310.9000244140625,1315.25,147011,0.0,0.0,ADANIENSOL.NS
2026-04-24 10:45:00+05:30,1315.75,1321.9000244140625,1314.75,1321.5999755859375,99779,0.0,0.0,ADANIENSOL.NS
2026-04-24 11:00:00+05:30,1321.550048828125,1321.9000244140625,1314.8499755859375,1317.0,71576,0.0,0.0,ADANIENSOL.NS
2026-04-24 11:15:00+05:30,1317.1500244140625,1325.75,1314.25,1319.0,93374,0.0,0.0,ADANIENSOL.NS
2026-04-24 11:30:00+05:30,1318.25,1325.0999755859375,1318.050048828125,1322.6500244140625,65141,0.0,0.0,ADANIENSOL.NS
2026-04-24 11:45:00+05:30,1322.199951171875,1322.6500244140625,1315.0,1316.0,65683,0.0,0.0,ADANIENSOL.NS
2026-04-24 12:00:00+05:30,1316.1500244140625,1316.9000244140625,1306.5999755859375,1309.949951171875,164937,0.0,0.0,ADANIENSOL.NS
2026-04-24 12:15:00+05:30,1310.0,1310.0,1302.0,1304.3499755859375,88788,0.0,0.0,ADANIENSOL.NS
2026-04-24 12:30:00+05:30,1304.0,1307.550048828125,1303.300048828125,1304.5999755859375,76248,0.0,0.0,ADANIENSOL.NS
2026-04-24 12:45:00+05:30,1304.449951171875,1313.8499755859375,1304.449951171875,1311.050048828125,79555,0.0,0.0,ADANIENSOL.NS
2026-04-24 13:00:00+05:30,1311.6500244140625,1315.0,1309.949951171875,1311.6500244140625,64491,0.0,0.0,ADANIENSOL.NS
2026-04-24 13:15:00+05:30,1311.199951171875,1324.8499755859375,1311.0,1324.800048828125,97646,0.0,0.0,ADANIENSOL.NS
2026-04-24 13:30:00+05:30,1324.800048828125,1324.800048828125,1317.5999755859375,1317.5999755859375,76368,0.0,0.0,ADANIENSOL.NS
2026-04-24 13:45:00+05:30,1318.3499755859375,1334.9000244140625,1317.25,1333.5,159557,0.0,0.0,ADANIENSOL.NS
2026-04-24 14:00:00+05:30,1333.300048828125,1361.0,1333.0,1359.0,464008,0.0,0.0,ADANIENSOL.NS
2026-04-24 14:15:00+05:30,1359.6500244140625,1403.1500244140625,1358.5999755859375,1397.9000244140625,999517,0.0,0.0,ADANIENSOL.NS
2026-04-24 14:30:00+05:30,1397.699951171875,1414.0,1396.699951171875,1404.949951171875,882870,0.0,0.0,ADANIENSOL.NS
2026-04-24 14:45:00+05:30,1405.0,1417.0,1402.050048828125,1406.050048828125,610261,0.0,0.0,ADANIENSOL.NS
2026-04-24 15:00:00+05:30,1406.550048828125,1417.6500244140625,1402.8499755859375,1415.550048828125,636823,0.0,0.0,ADANIENSOL.NS
2026-04-24 15:15:00+05:30,1415.550048828125,1422.5999755859375,1404.25,1416.5,732335,0.0,0.0,ADANIENSOL.NS
2026-04-27 09:15:00+05:30,1424.949951171875,1429.8499755859375,1388.6500244140625,1394.550048828125,320350,0.0,0.0,ADANIENSOL.NS
2026-04-27 09:30:00+05:30,1394.3499755859375,1413.050048828125,1391.0,1411.0,300960,0.0,0.0,ADANIENSOL.NS
2026-04-27 09:45:00+05:30,1411.75,1424.4000244140625,1405.6500244140625,1423.9000244140625,379530,0.0,0.0,ADANIENSOL.NS
2026-04-27 10:00:00+05:30,1423.5,1436.8499755859375,1422.0,1430.0,523865,0.0,0.0,ADANIENSOL.NS
2026-04-27 10:15:00+05:30,1429.550048828125,1435.0,1425.9000244140625,1432.1500244140625,167262,0.0,0.0,ADANIENSOL.NS
2026-04-27 10:30:00+05:30,1431.300048828125,1443.3499755859375,1430.9000244140625,1440.6500244140625,281694,0.0,0.0,ADANIENSOL.NS
2026-04-27 10:45:00+05:30,1440.5999755859375,1443.3499755859375,1426.199951171875,1430.25,275487,0.0,0.0,ADANIENSOL.NS
2026-04-27 11:00:00+05:30,1430.25,1435.449951171875,1425.699951171875,1432.0,215598,0.0,0.0,ADANIENSOL.NS
2026-04-27 11:15:00+05:30,1432.3499755859375,1442.8499755859375,1431.5999755859375,1436.0999755859375,138300,0.0,0.0,ADANIENSOL.NS
2026-04-27 11:30:00+05:30,1436.0999755859375,1437.0999755859375,1425.6500244140625,1426.0,148504,0.0,0.0,ADANIENSOL.NS
2026-04-27 11:45:00+05:30,1426.5,1427.949951171875,1421.550048828125,1425.3499755859375,104508,0.0,0.0,ADANIENSOL.NS
2026-04-27 12:00:00+05:30,1425.0,1425.9000244140625,1417.5999755859375,1420.6500244140625,132680,0.0,0.0,ADANIENSOL.NS
2026-04-27 12:15:00+05:30,1420.4000244140625,1423.300048828125,1414.6500244140625,1421.8499755859375,93797,0.0,0.0,ADANIENSOL.NS
2026-04-27 12:30:00+05:30,1421.300048828125,1429.0,1419.6500244140625,1428.75,89367,0.0,0.0,ADANIENSOL.NS
2026-04-27 12:45:00+05:30,1428.1500244140625,1430.0,1424.75,1428.0,97686,0.0,0.0,ADANIENSOL.NS
2026-04-27 13:00:00+05:30,1427.5,1434.0999755859375,1426.6500244140625,1434.0,86504,0.0,0.0,ADANIENSOL.NS
2026-04-27 13:15:00+05:30,1433.550048828125,1437.9000244140625,1430.5,1437.9000244140625,109582,0.0,0.0,ADANIENSOL.NS
2026-04-27 13:30:00+05:30,1437.3499755859375,1446.6500244140625,1433.75,1440.9000244140625,228968,0.0,0.0,ADANIENSOL.NS
2026-04-27 13:45:00+05:30,1440.9000244140625,1444.5,1438.5,1441.449951171875,125597,0.0,0.0,ADANIENSOL.NS
2026-04-27 14:00:00+05:30,1441.5999755859375,1442.6500244140625,1437.050048828125,1439.550048828125,101662,0.0,0.0,ADANIENSOL.NS
2026-04-27 14:15:00+05:30,1438.5999755859375,1450.699951171875,1436.050048828125,1443.550048828125,236102,0.0,0.0,ADANIENSOL.NS
2026-04-27 14:30:00+05:30,1443.550048828125,1453.199951171875,1441.0,1448.5,349153,0.0,0.0,ADANIENSOL.NS
2026-04-27 14:45:00+05:30,1448.5,1450.3499755859375,1440.300048828125,1440.6500244140625,133021,0.0,0.0,ADANIENSOL.NS
2026-04-27 15:00:00+05:30,1437.800048828125,1438.5999755859375,1432.1500244140625,1436.199951171875,181599,0.0,0.0,ADANIENSOL.NS
2026-04-27 15:15:00+05:30,1435.75,1442.5999755859375,1432.25,1435.800048828125,368268,0.0,0.0,ADANIENSOL.NS
2026-04-28 09:15:00+05:30,1439.9000244140625,1463.0,1426.5,1429.199951171875,242772,0.0,0.0,ADANIENSOL.NS
2026-04-28 09:30:00+05:30,1429.199951171875,1440.449951171875,1425.800048828125,1428.5999755859375,253716,0.0,0.0,ADANIENSOL.NS
2026-04-28 09:45:00+05:30,1429.300048828125,1430.0,1420.0999755859375,1423.199951171875,154310,0.0,0.0,ADANIENSOL.NS
2026-04-28 10:00:00+05:30,1423.199951171875,1426.6500244140625,1419.0,1419.75,118382,0.0,0.0,ADANIENSOL.NS
2026-04-28 10:15:00+05:30,1419.5,1422.300048828125,1417.050048828125,1421.9000244140625,79231,0.0,0.0,ADANIENSOL.NS
2026-04-28 10:30:00+05:30,1421.5,1421.8499755859375,1415.0,1418.1500244140625,69920,0.0,0.0,ADANIENSOL.NS
2026-04-28 10:45:00+05:30,1418.1500244140625,1423.5,1417.0,1419.0,67779,0.0,0.0,ADANIENSOL.NS
2026-04-28 11:00:00+05:30,1419.0,1420.5,1413.3499755859375,1414.550048828125,78996,0.0,0.0,ADANIENSOL.NS
2026-04-28 11:15:00+05:30,1414.0,1420.0,1413.300048828125,1419.800048828125,45927,0.0,0.0,ADANIENSOL.NS
2026-04-28 11:30:00+05:30,1419.800048828125,1428.949951171875,1419.550048828125,1425.5,119384,0.0,0.0,ADANIENSOL.NS
2026-04-28 11:45:00+05:30,1425.5,1440.0,1425.0,1437.550048828125,185017,0.0,0.0,ADANIENSOL.NS
2026-04-28 12:00:00+05:30,1437.5999755859375,1439.9000244140625,1434.75,1437.4000244140625,122931,0.0,0.0,ADANIENSOL.NS
2026-04-28 12:15:00+05:30,1437.8499755859375,1440.0,1435.5,1435.699951171875,80106,0.0,0.0,ADANIENSOL.NS
2026-04-28 12:30:00+05:30,1435.800048828125,1436.800048828125,1431.1500244140625,1435.6500244140625,94771,0.0,0.0,ADANIENSOL.NS
2026-04-28 12:45:00+05:30,1434.949951171875,1437.300048828125,1433.0,1433.0,41823,0.0,0.0,ADANIENSOL.NS
2026-04-28 13:00:00+05:30,1433.199951171875,1435.949951171875,1430.1500244140625,1431.6500244140625,49292,0.0,0.0,ADANIENSOL.NS
2026-04-28 13:15:00+05:30,1431.4000244140625,1437.949951171875,1431.4000244140625,1434.6500244140625,60642,0.0,0.0,ADANIENSOL.NS
2026-04-28 13:30:00+05:30,1434.300048828125,1436.800048828125,1433.0,1436.800048828125,87773,0.0,0.0,ADANIENSOL.NS
2026-04-28 13:45:00+05:30,1435.550048828125,1439.6500244140625,1433.0,1436.550048828125,80778,0.0,0.0,ADANIENSOL.NS
2026-04-28 14:00:00+05:30,1436.6500244140625,1437.449951171875,1434.1500244140625,1434.199951171875,41311,0.0,0.0,ADANIENSOL.NS
2026-04-28 14:15:00+05:30,1434.25,1443.5999755859375,1433.949951171875,1439.6500244140625,126556,0.0,0.0,ADANIENSOL.NS
2026-04-28 14:30:00+05:30,1439.6500244140625,1444.0,1437.199951171875,1440.0,141012,0.0,0.0,ADANIENSOL.NS
2026-04-28 14:45:00+05:30,1439.0,1443.699951171875,1437.9000244140625,1440.949951171875,111010,0.0,0.0,ADANIENSOL.NS
2026-04-28 15:00:00+05:30,1440.550048828125,1440.949951171875,1432.050048828125,1434.25,137155,0.0,0.0,ADANIENSOL.NS
2026-04-28 15:15:00+05:30,1434.3499755859375,1439.949951171875,1432.25,1436.050048828125,281192,0.0,0.0,ADANIENSOL.NS
2026-04-29 09:15:00+05:30,1441.0,1452.5,1432.0,1441.550048828125,115083,0.0,0.0,ADANIENSOL.NS
2026-04-29 09:30:00+05:30,1440.5,1447.800048828125,1424.5,1425.800048828125,133797,0.0,0.0,ADANIENSOL.NS
2026-04-29 09:45:00+05:30,1425.5999755859375,1428.9000244140625,1420.800048828125,1422.0,132152,0.0,0.0,ADANIENSOL.NS
2026-04-29 10:00:00+05:30,1422.5,1429.800048828125,1422.449951171875,1424.949951171875,71865,0.0,0.0,ADANIENSOL.NS
2026-04-29 10:15:00+05:30,1424.5999755859375,1427.25,1421.0999755859375,1425.199951171875,69723,0.0,0.0,ADANIENSOL.NS
2026-04-29 10:30:00+05:30,1425.6500244140625,1436.75,1423.3499755859375,1433.949951171875,98644,0.0,0.0,ADANIENSOL.NS
2026-04-29 10:45:00+05:30,1434.9000244140625,1435.4000244140625,1429.75,1432.0999755859375,64405,0.0,0.0,ADANIENSOL.NS
2026-04-29 11:00:00+05:30,1431.5999755859375,1432.9000244140625,1423.3499755859375,1425.800048828125,60155,0.0,0.0,ADANIENSOL.NS
2026-04-29 11:15:00+05:30,1425.800048828125,1426.25,1420.5999755859375,1421.5999755859375,54336,0.0,0.0,ADANIENSOL.NS
2026-04-29 11:30:00+05:30,1421.949951171875,1426.75,1420.3499755859375,1425.5999755859375,38928,0.0,0.0,ADANIENSOL.NS
2026-04-29 11:45:00+05:30,1424.8499755859375,1425.199951171875,1417.75,1422.300048828125,57613,0.0,0.0,ADANIENSOL.NS
2026-04-29 12:00:00+05:30,1422.4000244140625,1427.550048828125,1420.550048828125,1425.449951171875,46655,0.0,0.0,ADANIENSOL.NS
2026-04-29 12:15:00+05:30,1426.25,1429.9000244140625,1425.699951171875,1427.75,25482,0.0,0.0,ADANIENSOL.NS
2026-04-29 12:30:00+05:30,1427.75,1429.300048828125,1425.300048828125,1427.699951171875,29789,0.0,0.0,ADANIENSOL.NS
2026-04-29 12:45:00+05:30,1428.0,1437.0,1427.699951171875,1434.4000244140625,103014,0.0,0.0,ADANIENSOL.NS
2026-04-29 13:00:00+05:30,1434.4000244140625,1436.0,1432.550048828125,1435.3499755859375,46486,0.0,0.0,ADANIENSOL.NS
2026-04-29 13:15:00+05:30,1434.9000244140625,1437.550048828125,1431.5,1436.300048828125,60513,0.0,0.0,ADANIENSOL.NS
2026-04-29 13:30:00+05:30,1435.9000244140625,1437.9000244140625,1423.800048828125,1424.300048828125,64277,0.0,0.0,ADANIENSOL.NS
2026-04-29 13:45:00+05:30,1424.300048828125,1428.0,1422.4000244140625,1425.0,35226,0.0,0.0,ADANIENSOL.NS
2026-04-29 14:00:00+05:30,1425.0,1425.5999755859375,1420.449951171875,1424.8499755859375,80377,0.0,0.0,ADANIENSOL.NS
2026-04-29 14:15:00+05:30,1424.8499755859375,1425.9000244140625,1417.1500244140625,1418.0,58374,0.0,0.0,ADANIENSOL.NS
2026-04-29 14:30:00+05:30,1418.3499755859375,1423.949951171875,1417.8499755859375,1423.0,49105,0.0,0.0,ADANIENSOL.NS
2026-04-29 14:45:00+05:30,1421.9000244140625,1423.050048828125,1415.4000244140625,1418.699951171875,102691,0.0,0.0,ADANIENSOL.NS
2026-04-29 15:00:00+05:30,1418.0999755859375,1426.0,1416.8499755859375,1416.8499755859375,189481,0.0,0.0,ADANIENSOL.NS
2026-04-29 15:15:00+05:30,1416.8499755859375,1419.9000244140625,1413.0,1418.1500244140625,274444,0.0,0.0,ADANIENSOL.NS
2026-04-30 09:15:00+05:30,1350.0,1376.949951171875,1336.0,1370.6500244140625,404485,0.0,0.0,ADANIENSOL.NS
2026-04-30 09:30:00+05:30,1369.0999755859375,1370.300048828125,1348.0,1352.8499755859375,275345,0.0,0.0,ADANIENSOL.NS
2026-04-30 09:45:00+05:30,1352.0,1363.5,1348.699951171875,1362.9000244140625,135544,0.0,0.0,ADANIENSOL.NS
2026-04-30 10:00:00+05:30,1362.9000244140625,1368.699951171875,1351.0,1351.1500244140625,203088,0.0,0.0,ADANIENSOL.NS
2026-04-30 10:15:00+05:30,1351.1500244140625,1353.0999755859375,1345.0,1347.4000244140625,195914,0.0,0.0,ADANIENSOL.NS
2026-04-30 10:30:00+05:30,1346.699951171875,1352.300048828125,1344.199951171875,1351.75,99447,0.0,0.0,ADANIENSOL.NS
2026-04-30 10:45:00+05:30,1351.4000244140625,1352.6500244140625,1347.199951171875,1348.949951171875,68208,0.0,0.0,ADANIENSOL.NS
2026-04-30 11:00:00+05:30,1348.550048828125,1352.699951171875,1348.5,1351.25,50355,0.0,0.0,ADANIENSOL.NS
2026-04-30 11:15:00+05:30,1351.25,1356.0999755859375,1349.0,1355.300048828125,66875,0.0,0.0,ADANIENSOL.NS
2026-04-30 11:30:00+05:30,1355.8499755859375,1366.0,1355.8499755859375,1361.0,165870,0.0,0.0,ADANIENSOL.NS
2026-04-30 11:45:00+05:30,1360.4000244140625,1361.949951171875,1355.800048828125,1358.0999755859375,80895,0.0,0.0,ADANIENSOL.NS
2026-04-30 12:00:00+05:30,1358.0,1360.5,1352.5,1357.800048828125,84950,0.0,0.0,ADANIENSOL.NS
2026-04-30 12:15:00+05:30,1357.4000244140625,1358.9000244140625,1346.9000244140625,1347.25,114718,0.0,0.0,ADANIENSOL.NS
2026-04-30 12:30:00+05:30,1347.25,1347.5,1332.1500244140625,1337.699951171875,249495,0.0,0.0,ADANIENSOL.NS
2026-04-30 12:45:00+05:30,1337.75,1338.5999755859375,1319.0,1322.800048828125,329211,0.0,0.0,ADANIENSOL.NS
2026-04-30 13:00:00+05:30,1323.5,1324.949951171875,1317.0,1323.6500244140625,162055,0.0,0.0,ADANIENSOL.NS
2026-04-30 13:15:00+05:30,1323.300048828125,1326.449951171875,1320.300048828125,1325.800048828125,109925,0.0,0.0,ADANIENSOL.NS
2026-04-30 13:30:00+05:30,1325.300048828125,1328.0,1321.0,1323.25,139105,0.0,0.0,ADANIENSOL.NS
2026-04-30 13:45:00+05:30,1323.800048828125,1338.0,1319.699951171875,1334.3499755859375,250528,0.0,0.0,ADANIENSOL.NS
2026-04-30 14:00:00+05:30,1335.1500244140625,1336.550048828125,1311.0,1317.4000244140625,472494,0.0,0.0,ADANIENSOL.NS
2026-04-30 14:15:00+05:30,1317.6500244140625,1319.949951171875,1308.0,1314.199951171875,280418,0.0,0.0,ADANIENSOL.NS
2026-04-30 14:30:00+05:30,1314.449951171875,1322.0,1312.0999755859375,1320.5,218319,0.0,0.0,ADANIENSOL.NS
2026-04-30 14:45:00+05:30,1320.050048828125,1342.0,1317.199951171875,1335.800048828125,670413,0.0,0.0,ADANIENSOL.NS
2026-04-30 15:00:00+05:30,1336.0999755859375,1348.050048828125,1334.0,1340.449951171875,602688,0.0,0.0,ADANIENSOL.NS
2026-04-30 15:15:00+05:30,1340.25,1349.0,1338.0,1342.25,579373,0.0,0.0,ADANIENSOL.NS
2026-05-04 09:15:00+05:30,1358.0,1369.0,1329.300048828125,1335.5,229348,0.0,0.0,ADANIENSOL.NS
2026-05-04 09:30:00+05:30,1336.4000244140625,1358.699951171875,1336.4000244140625,1356.0,204862,0.0,0.0,ADANIENSOL.NS
2026-05-04 09:45:00+05:30,1357.0,1375.0,1352.4000244140625,1369.0,230388,0.0,0.0,ADANIENSOL.NS
2026-05-04 10:00:00+05:30,1368.5,1375.0,1362.0999755859375,1371.0,131170,0.0,0.0,ADANIENSOL.NS
2026-05-04 10:15:00+05:30,1371.5999755859375,1375.5999755859375,1365.199951171875,1368.300048828125,98000,0.0,0.0,ADANIENSOL.NS
2026-05-04 10:30:00+05:30,1366.0999755859375,1380.9000244140625,1366.0999755859375,1375.699951171875,114679,0.0,0.0,ADANIENSOL.NS
2026-05-04 10:45:00+05:30,1375.5,1398.699951171875,1374.199951171875,1394.800048828125,239093,0.0,0.0,ADANIENSOL.NS
2026-05-04 11:00:00+05:30,1395.699951171875,1409.5,1392.5999755859375,1401.9000244140625,250515,0.0,0.0,ADANIENSOL.NS
2026-05-04 11:15:00+05:30,1401.5,1408.0,1395.199951171875,1404.5,171323,0.0,0.0,ADANIENSOL.NS
2026-05-04 11:30:00+05:30,1404.0,1417.5999755859375,1403.0999755859375,1412.5,218323,0.0,0.0,ADANIENSOL.NS
2026-05-04 11:45:00+05:30,1412.5999755859375,1413.800048828125,1400.4000244140625,1404.0999755859375,160542,0.0,0.0,ADANIENSOL.NS
2026-05-04 12:00:00+05:30,1404.0999755859375,1414.4000244140625,1394.9000244140625,1395.5999755859375,201545,0.0,0.0,ADANIENSOL.NS
2026-05-04 12:15:00+05:30,1395.9000244140625,1395.9000244140625,1382.300048828125,1389.699951171875,177033,0.0,0.0,ADANIENSOL.NS
2026-05-04 12:30:00+05:30,1389.9000244140625,1393.0,1387.199951171875,1391.4000244140625,104039,0.0,0.0,ADANIENSOL.NS
2026-05-04 12:45:00+05:30,1391.0999755859375,1397.5999755859375,1389.0,1396.9000244140625,75658,0.0,0.0,ADANIENSOL.NS
2026-05-04 13:00:00+05:30,1396.199951171875,1402.0,1393.5999755859375,1399.5999755859375,81164,0.0,0.0,ADANIENSOL.NS
2026-05-04 13:15:00+05:30,1399.5999755859375,1399.699951171875,1386.0,1386.0,66032,0.0,0.0,ADANIENSOL.NS
2026-05-04 13:30:00+05:30,1385.800048828125,1396.5,1382.5,1394.4000244140625,92999,0.0,0.0,ADANIENSOL.NS
2026-05-04 13:45:00+05:30,1394.199951171875,1394.699951171875,1388.0,1389.0999755859375,47001,0.0,0.0,ADANIENSOL.NS
2026-05-04 14:00:00+05:30,1389.0999755859375,1398.5,1388.5,1397.699951171875,58286,0.0,0.0,ADANIENSOL.NS
2026-05-04 14:15:00+05:30,1397.9000244140625,1406.0,1395.9000244140625,1400.0999755859375,87036,0.0,0.0,ADANIENSOL.NS
2026-05-04 14:30:00+05:30,1400.0999755859375,1402.9000244140625,1394.5,1398.300048828125,75616,0.0,0.0,ADANIENSOL.NS
2026-05-04 14:45:00+05:30,1398.0,1398.9000244140625,1392.5,1395.300048828125,118869,0.0,0.0,ADANIENSOL.NS
2026-05-04 15:00:00+05:30,1395.300048828125,1402.0,1394.4000244140625,1401.800048828125,180837,0.0,0.0,ADANIENSOL.NS
2026-05-04 15:15:00+05:30,1401.199951171875,1401.4000244140625,1392.0999755859375,1398.4000244140625,149811,0.0,0.0,ADANIENSOL.NS
2026-05-05 09:15:00+05:30,1387.699951171875,1401.4000244140625,1377.5,1392.0,136355,0.0,0.0,ADANIENSOL.NS
2026-05-05 09:30:00+05:30,1391.199951171875,1405.0,1385.9000244140625,1399.9000244140625,201721,0.0,0.0,ADANIENSOL.NS
2026-05-05 09:45:00+05:30,1399.5,1403.0,1394.0,1401.699951171875,105365,0.0,0.0,ADANIENSOL.NS
2026-05-05 10:00:00+05:30,1401.5999755859375,1406.4000244140625,1396.0,1397.5,75930,0.0,0.0,ADANIENSOL.NS
2026-05-05 10:15:00+05:30,1397.199951171875,1400.699951171875,1390.5999755859375,1390.699951171875,51172,0.0,0.0,ADANIENSOL.NS
2026-05-05 10:30:00+05:30,1390.300048828125,1390.300048828125,1381.300048828125,1381.5999755859375,102458,0.0,0.0,ADANIENSOL.NS
2026-05-05 10:45:00+05:30,1382.0,1385.0,1381.199951171875,1382.9000244140625,27665,0.0,0.0,ADANIENSOL.NS
2026-05-05 11:00:00+05:30,1384.0,1386.800048828125,1382.0,1386.0999755859375,38104,0.0,0.0,ADANIENSOL.NS
2026-05-05 11:15:00+05:30,1386.0999755859375,1391.5,1385.9000244140625,1388.699951171875,32434,0.0,0.0,ADANIENSOL.NS
2026-05-05 11:30:00+05:30,1388.5999755859375,1390.4000244140625,1388.0,1388.9000244140625,19320,0.0,0.0,ADANIENSOL.NS
2026-05-05 11:45:00+05:30,1388.5,1388.800048828125,1383.9000244140625,1386.199951171875,44893,0.0,0.0,ADANIENSOL.NS
2026-05-05 12:00:00+05:30,1386.0,1390.699951171875,1386.0,1390.699951171875,16312,0.0,0.0,ADANIENSOL.NS
2026-05-05 12:15:00+05:30,1390.5999755859375,1399.199951171875,1390.4000244140625,1395.800048828125,72465,0.0,0.0,ADANIENSOL.NS
2026-05-05 12:30:00+05:30,1395.800048828125,1401.699951171875,1394.0,1400.4000244140625,92740,0.0,0.0,ADANIENSOL.NS
2026-05-05 12:45:00+05:30,1400.300048828125,1402.699951171875,1398.800048828125,1400.800048828125,49230,0.0,0.0,ADANIENSOL.NS
2026-05-05 13:00:00+05:30,1400.699951171875,1410.5999755859375,1398.5999755859375,1404.4000244140625,121848,0.0,0.0,ADANIENSOL.NS
2026-05-05 13:15:00+05:30,1403.5999755859375,1422.199951171875,1397.0,1420.199951171875,2621803,0.0,0.0,ADANIENSOL.NS
2026-05-05 13:30:00+05:30,1421.5999755859375,1438.0,1420.4000244140625,1427.5,443812,0.0,0.0,ADANIENSOL.NS
2026-05-05 13:45:00+05:30,1427.5,1427.9000244140625,1409.5999755859375,1416.4000244140625,257856,0.0,0.0,ADANIENSOL.NS
2026-05-05 14:00:00+05:30,1416.5999755859375,1420.0,1410.199951171875,1410.800048828125,82050,0.0,0.0,ADANIENSOL.NS
2026-05-05 14:15:00+05:30,1411.5,1413.9000244140625,1406.0,1412.300048828125,105070,0.0,0.0,ADANIENSOL.NS
2026-05-05 14:30:00+05:30,1411.699951171875,1417.300048828125,1410.9000244140625,1416.0,95121,0.0,0.0,ADANIENSOL.NS
2026-05-05 14:45:00+05:30,1416.0,1420.800048828125,1412.4000244140625,1414.0999755859375,95920,0.0,0.0,ADANIENSOL.NS
2026-05-05 15:00:00+05:30,1414.5999755859375,1414.9000244140625,1407.699951171875,1412.5,160213,0.0,0.0,ADANIENSOL.NS
2026-05-05 15:15:00+05:30,1412.300048828125,1414.0,1405.5999755859375,1409.5999755859375,272181,0.0,0.0,ADANIENSOL.NS
2026-05-06 09:15:00+05:30,1415.699951171875,1419.0,1389.0999755859375,1390.4000244140625,148288,0.0,0.0,ADANIENSOL.NS
2026-05-06 09:30:00+05:30,1390.800048828125,1408.0,1390.800048828125,1408.0,174822,0.0,0.0,ADANIENSOL.NS
2026-05-06 09:45:00+05:30,1408.0,1415.4000244140625,1405.0,1410.0,114338,0.0,0.0,ADANIENSOL.NS
2026-05-06 10:00:00+05:30,1409.0,1409.199951171875,1393.0,1397.5,117934,0.0,0.0,ADANIENSOL.NS
2026-05-06 10:15:00+05:30,1397.0,1407.0,1394.699951171875,1405.0,73821,0.0,0.0,ADANIENSOL.NS
2026-05-06 10:30:00+05:30,1404.300048828125,1409.699951171875,1403.0999755859375,1407.199951171875,45674,0.0,0.0,ADANIENSOL.NS
2026-05-06 10:45:00+05:30,1407.9000244140625,1412.9000244140625,1406.800048828125,1410.199951171875,47927,0.0,0.0,ADANIENSOL.NS
2026-05-06 11:00:00+05:30,1409.5,1414.0999755859375,1406.0999755859375,1412.0999755859375,36494,0.0,0.0,ADANIENSOL.NS
2026-05-06 11:15:00+05:30,1411.9000244140625,1413.699951171875,1409.0,1413.4000244140625,31404,0.0,0.0,ADANIENSOL.NS
2026-05-06 11:30:00+05:30,1413.5,1417.0,1402.300048828125,1404.699951171875,88259,0.0,0.0,ADANIENSOL.NS
2026-05-06 11:45:00+05:30,1405.199951171875,1409.5999755859375,1404.0999755859375,1407.5999755859375,38644,0.0,0.0,ADANIENSOL.NS
2026-05-06 12:00:00+05:30,1407.9000244140625,1409.5,1405.5,1405.5,31494,0.0,0.0,ADANIENSOL.NS
2026-05-06 12:15:00+05:30,1405.5,1406.4000244140625,1403.199951171875,1405.0,31176,0.0,0.0,ADANIENSOL.NS
2026-05-06 12:30:00+05:30,1405.0,1406.300048828125,1396.800048828125,1404.300048828125,111249,0.0,0.0,ADANIENSOL.NS
2026-05-06 12:45:00+05:30,1405.0,1406.0999755859375,1396.5,1399.0,76810,0.0,0.0,ADANIENSOL.NS
2026-05-06 13:00:00+05:30,1399.4000244140625,1401.300048828125,1396.699951171875,1400.0,36306,0.0,0.0,ADANIENSOL.NS
2026-05-06 13:15:00+05:30,1400.0,1407.0,1398.9000244140625,1403.9000244140625,74024,0.0,0.0,ADANIENSOL.NS
2026-05-06 13:30:00+05:30,1404.300048828125,1408.0,1403.0999755859375,1408.0,87191,0.0,0.0,ADANIENSOL.NS
2026-05-06 13:45:00+05:30,1408.0,1414.0,1403.699951171875,1413.0,75845,0.0,0.0,ADANIENSOL.NS
2026-05-06 14:00:00+05:30,1412.9000244140625,1421.300048828125,1407.9000244140625,1413.0999755859375,325522,0.0,0.0,ADANIENSOL.NS
2026-05-06 14:15:00+05:30,1413.199951171875,1418.0,1408.0999755859375,1410.9000244140625,400466,0.0,0.0,ADANIENSOL.NS
2026-05-06 14:30:00+05:30,1411.300048828125,1414.5,1404.5999755859375,1407.5999755859375,134856,0.0,0.0,ADANIENSOL.NS
2026-05-06 14:45:00+05:30,1407.5999755859375,1412.699951171875,1400.199951171875,1409.9000244140625,228149,0.0,0.0,ADANIENSOL.NS
2026-05-06 15:00:00+05:30,1410.0999755859375,1411.0,1406.199951171875,1408.0999755859375,162528,0.0,0.0,ADANIENSOL.NS
2026-05-06 15:15:00+05:30,1408.4000244140625,1409.0,1404.0,1405.0,233469,0.0,0.0,ADANIENSOL.NS
2026-05-07 09:15:00+05:30,1407.0,1410.699951171875,1395.0,1395.0,87156,0.0,0.0,ADANIENSOL.NS
2026-05-07 09:30:00+05:30,1394.800048828125,1400.5,1391.0,1392.4000244140625,126083,0.0,0.0,ADANIENSOL.NS
2026-05-07 09:45:00+05:30,1392.199951171875,1393.800048828125,1381.199951171875,1383.800048828125,137737,0.0,0.0,ADANIENSOL.NS
2026-05-07 10:00:00+05:30,1382.5999755859375,1383.9000244140625,1370.199951171875,1380.5999755859375,151891,0.0,0.0,ADANIENSOL.NS
2026-05-07 10:15:00+05:30,1380.300048828125,1396.699951171875,1378.5,1391.0,111183,0.0,0.0,ADANIENSOL.NS
2026-05-07 10:30:00+05:30,1391.0,1404.0,1385.5999755859375,1401.0,418309,0.0,0.0,ADANIENSOL.NS
2026-05-07 10:45:00+05:30,1401.199951171875,1401.199951171875,1391.4000244140625,1392.9000244140625,106470,0.0,0.0,ADANIENSOL.NS
2026-05-07 11:00:00+05:30,1393.300048828125,1398.5,1392.0999755859375,1397.800048828125,65264,0.0,0.0,ADANIENSOL.NS
2026-05-07 11:15:00+05:30,1398.0999755859375,1400.0,1388.0,1390.300048828125,86444,0.0,0.0,ADANIENSOL.NS
2026-05-07 11:30:00+05:30,1389.5999755859375,1393.9000244140625,1388.4000244140625,1388.4000244140625,70222,0.0,0.0,ADANIENSOL.NS
2026-05-07 11:45:00+05:30,1388.4000244140625,1390.199951171875,1386.800048828125,1390.0,59086,0.0,0.0,ADANIENSOL.NS
2026-05-07 12:00:00+05:30,1389.800048828125,1407.300048828125,1388.0,1388.9000244140625,39699,0.0,0.0,ADANIENSOL.NS
2026-05-07 12:15:00+05:30,1389.0,1393.0999755859375,1388.0,1392.5,61251,0.0,0.0,ADANIENSOL.NS
2026-05-07 12:30:00+05:30,1392.300048828125,1396.5999755859375,1390.0999755859375,1391.4000244140625,88298,0.0,0.0,ADANIENSOL.NS
2026-05-07 12:45:00+05:30,1391.4000244140625,1392.699951171875,1388.9000244140625,1388.9000244140625,49377,0.0,0.0,ADANIENSOL.NS
2026-05-07 13:00:00+05:30,1388.5999755859375,1389.5999755859375,1385.0999755859375,1386.300048828125,65695,0.0,0.0,ADANIENSOL.NS
2026-05-07 13:15:00+05:30,1386.699951171875,1386.699951171875,1381.300048828125,1383.800048828125,53785,0.0,0.0,ADANIENSOL.NS
2026-05-07 13:30:00+05:30,1383.5999755859375,1386.0,1383.0999755859375,1383.699951171875,69384,0.0,0.0,ADANIENSOL.NS
2026-05-07 13:45:00+05:30,1383.5999755859375,1384.4000244140625,1382.4000244140625,1384.0999755859375,49240,0.0,0.0,ADANIENSOL.NS
2026-05-07 14:00:00+05:30,1383.699951171875,1387.699951171875,1383.5,1386.199951171875,81783,0.0,0.0,ADANIENSOL.NS
2026-05-07 14:15:00+05:30,1386.800048828125,1389.300048828125,1383.9000244140625,1387.199951171875,86266,0.0,0.0,ADANIENSOL.NS
2026-05-07 14:30:00+05:30,1387.199951171875,1390.0,1385.0,1386.199951171875,84225,0.0,0.0,ADANIENSOL.NS
2026-05-07 14:45:00+05:30,1386.300048828125,1388.800048828125,1384.300048828125,1386.0,113720,0.0,0.0,ADANIENSOL.NS
2026-05-07 15:00:00+05:30,1386.5,1390.0,1380.5,1387.9000244140625,219402,0.0,0.0,ADANIENSOL.NS
2026-05-07 15:15:00+05:30,1388.0999755859375,1390.300048828125,1386.199951171875,1388.199951171875,250781,0.0,0.0,ADANIENSOL.NS
2026-05-08 09:15:00+05:30,1385.5,1395.5999755859375,1377.199951171875,1383.699951171875,101136,0.0,0.0,ADANIENSOL.NS
2026-05-08 09:30:00+05:30,1383.199951171875,1386.5999755859375,1377.199951171875,1381.0,113726,0.0,0.0,ADANIENSOL.NS
2026-05-08 09:45:00+05:30,1381.5,1387.4000244140625,1377.0,1387.0,120889,0.0,0.0,ADANIENSOL.NS
2026-05-08 10:00:00+05:30,1386.5999755859375,1389.800048828125,1378.0999755859375,1384.199951171875,134003,0.0,0.0,ADANIENSOL.NS
2026-05-08 10:15:00+05:30,1383.5999755859375,1385.4000244140625,1380.0999755859375,1380.699951171875,121593,0.0,0.0,ADANIENSOL.NS
2026-05-08 10:30:00+05:30,1380.4000244140625,1384.5999755859375,1380.0,1383.800048828125,82805,0.0,0.0,ADANIENSOL.NS
2026-05-08 10:45:00+05:30,1383.9000244140625,1390.800048828125,1376.800048828125,1379.5999755859375,157133,0.0,0.0,ADANIENSOL.NS
2026-05-08 11:00:00+05:30,1379.5,1384.300048828125,1378.5999755859375,1379.800048828125,86995,0.0,0.0,ADANIENSOL.NS
2026-05-08 11:15:00+05:30,1379.800048828125,1382.5,1378.300048828125,1381.5999755859375,88667,0.0,0.0,ADANIENSOL.NS
2026-05-08 11:30:00+05:30,1381.0,1381.0,1377.0999755859375,1377.9000244140625,88478,0.0,0.0,ADANIENSOL.NS
2026-05-08 11:45:00+05:30,1377.4000244140625,1382.0999755859375,1377.4000244140625,1378.300048828125,69079,0.0,0.0,ADANIENSOL.NS
2026-05-08 12:00:00+05:30,1378.300048828125,1379.0999755859375,1374.699951171875,1375.199951171875,92048,0.0,0.0,ADANIENSOL.NS
2026-05-08 12:15:00+05:30,1375.199951171875,1378.9000244140625,1372.5,1377.699951171875,117589,0.0,0.0,ADANIENSOL.NS
2026-05-08 12:30:00+05:30,1377.4000244140625,1377.800048828125,1367.699951171875,1367.699951171875,78954,0.0,0.0,ADANIENSOL.NS
2026-05-08 12:45:00+05:30,1366.800048828125,1372.0,1364.0,1368.199951171875,115031,0.0,0.0,ADANIENSOL.NS
2026-05-08 13:00:00+05:30,1367.5999755859375,1367.800048828125,1364.0,1365.699951171875,84579,0.0,0.0,ADANIENSOL.NS
2026-05-08 13:15:00+05:30,1365.5,1370.0999755859375,1364.800048828125,1366.5999755859375,94289,0.0,0.0,ADANIENSOL.NS
2026-05-08 13:30:00+05:30,1366.0,1366.699951171875,1360.0999755859375,1361.199951171875,124617,0.0,0.0,ADANIENSOL.NS
2026-05-08 13:45:00+05:30,1361.0,1367.199951171875,1357.300048828125,1365.699951171875,108477,0.0,0.0,ADANIENSOL.NS
2026-05-08 14:00:00+05:30,1365.0,1365.0,1359.4000244140625,1363.5,127151,0.0,0.0,ADANIENSOL.NS
2026-05-08 14:15:00+05:30,1363.5,1365.0,1358.300048828125,1360.800048828125,94407,0.0,0.0,ADANIENSOL.NS
2026-05-08 14:30:00+05:30,1361.4000244140625,1368.4000244140625,1361.4000244140625,1364.699951171875,161433,0.0,0.0,ADANIENSOL.NS
2026-05-08 14:45:00+05:30,1364.699951171875,1364.9000244140625,1360.0,1361.9000244140625,163922,0.0,0.0,ADANIENSOL.NS
2026-05-08 15:00:00+05:30,1361.0999755859375,1361.0999755859375,1353.4000244140625,1355.0999755859375,194728,0.0,0.0,ADANIENSOL.NS
2026-05-08 15:15:00+05:30,1355.199951171875,1356.9000244140625,1348.4000244140625,1353.699951171875,312710,0.0,0.0,ADANIENSOL.NS
2026-05-11 09:15:00+05:30,1345.0,1345.0,1323.0999755859375,1326.4000244140625,177685,0.0,0.0,ADANIENSOL.NS
2026-05-11 09:30:00+05:30,1326.199951171875,1327.5999755859375,1311.199951171875,1315.300048828125,212779,0.0,0.0,ADANIENSOL.NS
2026-05-11 09:45:00+05:30,1314.9000244140625,1315.4000244140625,1302.300048828125,1304.0999755859375,254512,0.0,0.0,ADANIENSOL.NS
2026-05-11 10:00:00+05:30,1302.0999755859375,1323.300048828125,1299.0,1313.9000244140625,367775,0.0,0.0,ADANIENSOL.NS
2026-05-11 10:15:00+05:30,1313.9000244140625,1319.4000244140625,1309.9000244140625,1318.5999755859375,130556,0.0,0.0,ADANIENSOL.NS
2026-05-11 10:30:00+05:30,1318.0,1318.0999755859375,1303.4000244140625,1304.0,199988,0.0,0.0,ADANIENSOL.NS
2026-05-11 10:45:00+05:30,1304.5,1310.4000244140625,1303.0999755859375,1309.5,133521,0.0,0.0,ADANIENSOL.NS
2026-05-11 11:00:00+05:30,1309.4000244140625,1318.4000244140625,1308.0999755859375,1313.199951171875,145859,0.0,0.0,ADANIENSOL.NS
2026-05-11 11:15:00+05:30,1313.0999755859375,1325.699951171875,1313.0999755859375,1317.300048828125,167983,0.0,0.0,ADANIENSOL.NS
2026-05-11 11:30:00+05:30,1318.0,1338.5999755859375,1315.5,1335.0,281910,0.0,0.0,ADANIENSOL.NS
2026-05-11 11:45:00+05:30,1335.0,1341.699951171875,1326.800048828125,1330.5,219233,0.0,0.0,ADANIENSOL.NS
2026-05-11 12:00:00+05:30,1329.800048828125,1332.9000244140625,1323.699951171875,1327.0,117268,0.0,0.0,ADANIENSOL.NS
2026-05-11 12:15:00+05:30,1327.0,1332.5999755859375,1324.699951171875,1328.0,95877,0.0,0.0,ADANIENSOL.NS
2026-05-11 12:30:00+05:30,1328.199951171875,1330.0,1321.0,1325.5999755859375,125263,0.0,0.0,ADANIENSOL.NS
2026-05-11 12:45:00+05:30,1326.699951171875,1329.5,1325.300048828125,1328.5,99258,0.0,0.0,ADANIENSOL.NS
2026-05-11 13:00:00+05:30,1328.5999755859375,1332.0,1327.0,1331.0999755859375,108567,0.0,0.0,ADANIENSOL.NS
2026-05-11 13:15:00+05:30,1331.5,1357.800048828125,1331.300048828125,1342.199951171875,335265,0.0,0.0,ADANIENSOL.NS
2026-05-11 13:30:00+05:30,1343.0,1355.199951171875,1340.0,1348.0,158698,0.0,0.0,ADANIENSOL.NS
2026-05-11 13:45:00+05:30,1348.0,1352.9000244140625,1342.800048828125,1345.4000244140625,136903,0.0,0.0,ADANIENSOL.NS
2026-05-11 14:00:00+05:30,1345.300048828125,1350.0,1343.5999755859375,1344.9000244140625,114245,0.0,0.0,ADANIENSOL.NS
2026-05-11 14:15:00+05:30,1345.0999755859375,1348.9000244140625,1339.300048828125,1342.5,191008,0.0,0.0,ADANIENSOL.NS
2026-05-11 14:30:00+05:30,1342.5999755859375,1355.199951171875,1341.699951171875,1346.300048828125,172046,0.0,0.0,ADANIENSOL.NS
2026-05-11 14:45:00+05:30,1346.9000244140625,1347.9000244140625,1343.0999755859375,1345.0999755859375,131507,0.0,0.0,ADANIENSOL.NS
2026-05-11 15:00:00+05:30,1345.199951171875,1345.9000244140625,1337.0,1337.0,164882,0.0,0.0,ADANIENSOL.NS
2026-05-11 15:15:00+05:30,1337.0,1345.800048828125,1337.0,1340.4000244140625,202458,0.0,0.0,ADANIENSOL.NS
2026-05-12 09:15:00+05:30,1340.4000244140625,1364.5,1334.699951171875,1339.0,122024,0.0,0.0,ADANIENSOL.NS
2026-05-12 09:30:00+05:30,1338.0999755859375,1340.5999755859375,1326.300048828125,1338.5999755859375,171764,0.0,0.0,ADANIENSOL.NS
2026-05-12 09:45:00+05:30,1338.800048828125,1339.9000244140625,1331.0999755859375,1331.699951171875,73484,0.0,0.0,ADANIENSOL.NS
2026-05-12 10:00:00+05:30,1332.0,1336.5999755859375,1328.5,1332.5,65023,0.0,0.0,ADANIENSOL.NS
2026-05-12 10:15:00+05:30,1332.5,1336.0999755859375,1322.9000244140625,1324.5999755859375,59586,0.0,0.0,ADANIENSOL.NS
2026-05-12 10:30:00+05:30,1324.300048828125,1326.699951171875,1319.0,1324.9000244140625,77020,0.0,0.0,ADANIENSOL.NS
2026-05-12 10:45:00+05:30,1324.800048828125,1327.5999755859375,1315.5999755859375,1317.4000244140625,84942,0.0,0.0,ADANIENSOL.NS
2026-05-12 11:00:00+05:30,1317.0,1318.0,1303.4000244140625,1303.5999755859375,223686,0.0,0.0,ADANIENSOL.NS
2026-05-12 11:15:00+05:30,1303.699951171875,1304.699951171875,1292.199951171875,1297.300048828125,284849,0.0,0.0,ADANIENSOL.NS
2026-05-12 11:30:00+05:30,1296.5,1299.4000244140625,1285.0,1287.0999755859375,241345,0.0,0.0,ADANIENSOL.NS
2026-05-12 11:45:00+05:30,1287.699951171875,1292.4000244140625,1283.199951171875,1283.199951171875,106175,0.0,0.0,ADANIENSOL.NS
2026-05-12 12:00:00+05:30,1283.0999755859375,1285.5,1268.0,1271.9000244140625,519703,0.0,0.0,ADANIENSOL.NS
2026-05-12 12:15:00+05:30,1271.800048828125,1275.699951171875,1271.0,1271.199951171875,235627,0.0,0.0,ADANIENSOL.NS
2026-05-12 12:30:00+05:30,1271.5,1274.699951171875,1265.199951171875,1272.5999755859375,281036,0.0,0.0,ADANIENSOL.NS
2026-05-12 12:45:00+05:30,1274.5,1276.0,1267.5999755859375,1268.199951171875,151689,0.0,0.0,ADANIENSOL.NS
2026-05-12 13:00:00+05:30,1268.300048828125,1270.5,1258.300048828125,1262.699951171875,187334,0.0,0.0,ADANIENSOL.NS
2026-05-12 13:15:00+05:30,1263.5,1280.0,1261.5999755859375,1277.699951171875,196307,0.0,0.0,ADANIENSOL.NS
2026-05-12 13:30:00+05:30,1277.699951171875,1284.699951171875,1276.300048828125,1278.0999755859375,136544,0.0,0.0,ADANIENSOL.NS
2026-05-12 13:45:00+05:30,1278.199951171875,1281.5,1270.800048828125,1272.300048828125,114613,0.0,0.0,ADANIENSOL.NS
2026-05-12 14:00:00+05:30,1272.0,1275.800048828125,1268.0,1269.300048828125,123684,0.0,0.0,ADANIENSOL.NS
2026-05-12 14:15:00+05:30,1269.4000244140625,1277.699951171875,1268.0,1276.199951171875,103554,0.0,0.0,ADANIENSOL.NS
2026-05-12 14:30:00+05:30,1276.0999755859375,1290.0,1269.0,1286.9000244140625,184989,0.0,0.0,ADANIENSOL.NS
2026-05-12 14:45:00+05:30,1287.5,1303.300048828125,1284.4000244140625,1285.5999755859375,413087,0.0,0.0,ADANIENSOL.NS
2026-05-12 15:00:00+05:30,1286.800048828125,1286.800048828125,1276.0,1278.800048828125,179915,0.0,0.0,ADANIENSOL.NS
2026-05-12 15:15:00+05:30,1278.0,1295.0,1277.300048828125,1292.0,379470,0.0,0.0,ADANIENSOL.NS
2026-05-13 09:15:00+05:30,1240.0999755859375,1293.199951171875,1239.5999755859375,1287.0999755859375,214016,0.0,0.0,ADANIENSOL.NS
2026-05-13 09:30:00+05:30,1287.0999755859375,1292.800048828125,1275.199951171875,1281.0,205461,0.0,0.0,ADANIENSOL.NS
2026-05-13 09:45:00+05:30,1280.800048828125,1304.300048828125,1280.199951171875,1295.5,229178,0.0,0.0,ADANIENSOL.NS
2026-05-13 10:00:00+05:30,1295.4000244140625,1301.0,1289.5,1297.300048828125,125821,0.0,0.0,ADANIENSOL.NS
2026-05-13 10:15:00+05:30,1297.800048828125,1305.9000244140625,1296.300048828125,1305.0,180952,0.0,0.0,ADANIENSOL.NS
2026-05-13 10:30:00+05:30,1305.0,1316.199951171875,1303.699951171875,1304.5999755859375,173446,0.0,0.0,ADANIENSOL.NS
2026-05-13 10:45:00+05:30,1304.5999755859375,1315.300048828125,1303.5999755859375,1304.5,138141,0.0,0.0,ADANIENSOL.NS
2026-05-13 11:00:00+05:30,1304.5,1308.800048828125,1301.5999755859375,1308.0999755859375,90270,0.0,0.0,ADANIENSOL.NS
2026-05-13 11:15:00+05:30,1308.9000244140625,1316.0,1308.9000244140625,1313.199951171875,100694,0.0,0.0,ADANIENSOL.NS
2026-05-13 11:30:00+05:30,1313.199951171875,1330.0,1313.199951171875,1327.5,157816,0.0,0.0,ADANIENSOL.NS
2026-05-13 11:45:00+05:30,1327.5999755859375,1329.699951171875,1320.0,1324.300048828125,111826,0.0,0.0,ADANIENSOL.NS
2026-05-13 12:00:00+05:30,1324.300048828125,1332.5999755859375,1321.699951171875,1331.9000244140625,154369,0.0,0.0,ADANIENSOL.NS
2026-05-13 12:15:00+05:30,1332.0999755859375,1333.9000244140625,1318.5,1324.0999755859375,228666,0.0,0.0,ADANIENSOL.NS
2026-05-13 12:30:00+05:30,1324.0999755859375,1329.699951171875,1314.4000244140625,1316.0999755859375,261037,0.0,0.0,ADANIENSOL.NS
2026-05-13 12:45:00+05:30,1315.5999755859375,1330.0,1315.5999755859375,1330.0,142918,0.0,0.0,ADANIENSOL.NS
2026-05-13 13:00:00+05:30,1330.4000244140625,1332.0,1324.0999755859375,1326.699951171875,145245,0.0,0.0,ADANIENSOL.NS
2026-05-13 13:15:00+05:30,1325.5,1331.0999755859375,1322.0999755859375,1328.199951171875,259219,0.0,0.0,ADANIENSOL.NS
2026-05-13 13:30:00+05:30,1328.0999755859375,1333.199951171875,1323.0,1323.4000244140625,191298,0.0,0.0,ADANIENSOL.NS
2026-05-13 13:45:00+05:30,1323.0999755859375,1326.9000244140625,1318.9000244140625,1326.5,171600,0.0,0.0,ADANIENSOL.NS
2026-05-13 14:00:00+05:30,1326.800048828125,1328.699951171875,1323.300048828125,1326.800048828125,139488,0.0,0.0,ADANIENSOL.NS
2026-05-13 14:15:00+05:30,1326.800048828125,1328.800048828125,1322.699951171875,1325.0999755859375,138887,0.0,0.0,ADANIENSOL.NS
2026-05-13 14:30:00+05:30,1325.699951171875,1331.300048828125,1324.699951171875,1326.300048828125,189844,0.0,0.0,ADANIENSOL.NS
2026-05-13 14:45:00+05:30,1326.9000244140625,1329.0,1324.5,1326.9000244140625,178585,0.0,0.0,ADANIENSOL.NS
2026-05-13 15:00:00+05:30,1325.800048828125,1325.800048828125,1316.4000244140625,1320.199951171875,216483,0.0,0.0,ADANIENSOL.NS
2026-05-13 15:15:00+05:30,1321.4000244140625,1325.4000244140625,1310.699951171875,1318.199951171875,279517,0.0,0.0,ADANIENSOL.NS
2026-05-14 09:15:00+05:30,1329.9000244140625,1341.9000244140625,1323.300048828125,1328.5,342143,0.0,0.0,ADANIENSOL.NS
2026-05-14 09:30:00+05:30,1328.699951171875,1333.699951171875,1305.300048828125,1305.300048828125,252623,0.0,0.0,ADANIENSOL.NS
2026-05-14 09:45:00+05:30,1305.199951171875,1314.0,1296.0,1297.300048828125,134961,0.0,0.0,ADANIENSOL.NS
2026-05-14 10:00:00+05:30,1297.0999755859375,1314.5999755859375,1295.0999755859375,1305.9000244140625,139493,0.0,0.0,ADANIENSOL.NS
2026-05-14 10:15:00+05:30,1306.5999755859375,1314.5,1299.300048828125,1308.199951171875,134631,0.0,0.0,ADANIENSOL.NS
2026-05-14 10:30:00+05:30,1307.800048828125,1319.0,1307.5999755859375,1318.0,253844,0.0,0.0,ADANIENSOL.NS
2026-05-14 10:45:00+05:30,1317.5999755859375,1317.699951171875,1305.5,1308.800048828125,176386,0.0,0.0,ADANIENSOL.NS
2026-05-14 11:00:00+05:30,1309.5999755859375,1313.699951171875,1303.5999755859375,1311.5,128568,0.0,0.0,ADANIENSOL.NS
2026-05-14 11:15:00+05:30,1311.300048828125,1316.300048828125,1310.0,1313.699951171875,107181,0.0,0.0,ADANIENSOL.NS
2026-05-14 11:30:00+05:30,1313.0,1326.800048828125,1311.5999755859375,1325.800048828125,111156,0.0,0.0,ADANIENSOL.NS
2026-05-14 11:45:00+05:30,1325.800048828125,1331.0,1323.4000244140625,1326.9000244140625,200601,0.0,0.0,ADANIENSOL.NS
2026-05-14 12:00:00+05:30,1326.800048828125,1329.4000244140625,1320.0999755859375,1327.800048828125,125660,0.0,0.0,ADANIENSOL.NS
2026-05-14 12:15:00+05:30,1330.0,1331.0999755859375,1317.0,1319.5999755859375,147281,0.0,0.0,ADANIENSOL.NS
2026-05-14 12:30:00+05:30,1319.800048828125,1325.199951171875,1315.699951171875,1321.9000244140625,119206,0.0,0.0,ADANIENSOL.NS
2026-05-14 12:45:00+05:30,1322.5999755859375,1322.9000244140625,1317.5,1320.9000244140625,76065,0.0,0.0,ADANIENSOL.NS
2026-05-14 13:00:00+05:30,1320.9000244140625,1327.800048828125,1320.9000244140625,1327.0,84917,0.0,0.0,ADANIENSOL.NS
2026-05-14 13:15:00+05:30,1327.800048828125,1328.0,1315.0999755859375,1319.199951171875,110059,0.0,0.0,ADANIENSOL.NS
2026-05-14 13:30:00+05:30,1318.4000244140625,1327.800048828125,1318.4000244140625,1324.9000244140625,100286,0.0,0.0,ADANIENSOL.NS
2026-05-14 13:45:00+05:30,1325.0,1326.9000244140625,1322.699951171875,1323.5,80676,0.0,0.0,ADANIENSOL.NS
2026-05-14 14:00:00+05:30,1323.5,1326.9000244140625,1320.5999755859375,1321.199951171875,125535,0.0,0.0,ADANIENSOL.NS
2026-05-14 14:15:00+05:30,1321.199951171875,1323.5999755859375,1315.800048828125,1322.4000244140625,240530,0.0,0.0,ADANIENSOL.NS
2026-05-14 14:30:00+05:30,1322.0,1326.300048828125,1318.9000244140625,1322.5,103709,0.0,0.0,ADANIENSOL.NS
2026-05-14 14:45:00+05:30,1322.5,1324.5999755859375,1316.300048828125,1318.699951171875,128035,0.0,0.0,ADANIENSOL.NS
2026-05-14 15:00:00+05:30,1318.699951171875,1320.5,1316.5999755859375,1319.4000244140625,149641,0.0,0.0,ADANIENSOL.NS
2026-05-14 15:15:00+05:30,1318.0,1322.699951171875,1314.5999755859375,1320.0,240083,0.0,0.0,ADANIENSOL.NS
2026-05-15 09:15:00+05:30,1364.199951171875,1364.199951171875,1283.0,1300.0999755859375,318220,0.0,0.0,ADANIENSOL.NS
2026-05-15 09:30:00+05:30,1300.699951171875,1300.699951171875,1277.0,1291.0,210787,0.0,0.0,ADANIENSOL.NS
2026-05-15 09:45:00+05:30,1290.300048828125,1315.0,1288.199951171875,1310.800048828125,242522,0.0,0.0,ADANIENSOL.NS
2026-05-15 10:00:00+05:30,1310.699951171875,1316.0,1304.0999755859375,1314.5999755859375,150031,0.0,0.0,ADANIENSOL.NS
2026-05-15 10:15:00+05:30,1314.5999755859375,1337.4000244140625,1313.4000244140625,1333.0,193529,0.0,0.0,ADANIENSOL.NS
2026-05-15 10:30:00+05:30,1331.0,1348.0,1324.0,1331.699951171875,354376,0.0,0.0,ADANIENSOL.NS
2026-05-15 10:45:00+05:30,1332.800048828125,1339.4000244140625,1328.699951171875,1335.699951171875,158396,0.0,0.0,ADANIENSOL.NS
2026-05-15 11:00:00+05:30,1336.0999755859375,1336.9000244140625,1322.5999755859375,1329.0,151470,0.0,0.0,ADANIENSOL.NS
2026-05-15 11:15:00+05:30,1329.0,1333.0999755859375,1326.0999755859375,1329.0999755859375,99416,0.0,0.0,ADANIENSOL.NS
2026-05-15 11:30:00+05:30,1328.9000244140625,1329.699951171875,1315.300048828125,1318.699951171875,150942,0.0,0.0,ADANIENSOL.NS
2026-05-15 11:45:00+05:30,1318.699951171875,1322.699951171875,1310.800048828125,1313.199951171875,88366,0.0,0.0,ADANIENSOL.NS
2026-05-15 12:00:00+05:30,1313.9000244140625,1321.300048828125,1310.0,1319.0,95368,0.0,0.0,ADANIENSOL.NS
2026-05-15 12:15:00+05:30,1319.0999755859375,1326.9000244140625,1310.0,1310.5999755859375,111145,0.0,0.0,ADANIENSOL.NS
2026-05-15 12:30:00+05:30,1310.199951171875,1320.5999755859375,1309.0999755859375,1316.199951171875,83308,0.0,0.0,ADANIENSOL.NS
2026-05-15 12:45:00+05:30,1317.5,1325.800048828125,1316.0999755859375,1317.0,97353,0.0,0.0,ADANIENSOL.NS
2026-05-15 13:00:00+05:30,1316.800048828125,1319.0,1315.0999755859375,1316.699951171875,69690,0.0,0.0,ADANIENSOL.NS
2026-05-15 13:15:00+05:30,1317.0,1319.699951171875,1312.800048828125,1317.5,80087,0.0,0.0,ADANIENSOL.NS
2026-05-15 13:30:00+05:30,1317.5,1319.300048828125,1314.5999755859375,1316.5999755859375,96396,0.0,0.0,ADANIENSOL.NS
2026-05-15 13:45:00+05:30,1318.4000244140625,1318.4000244140625,1311.5999755859375,1312.800048828125,83493,0.0,0.0,ADANIENSOL.NS
2026-05-15 14:00:00+05:30,1312.5999755859375,1313.0999755859375,1302.699951171875,1311.5,127635,0.0,0.0,ADANIENSOL.NS
2026-05-15 14:15:00+05:30,1311.5,1312.199951171875,1303.0,1304.9000244140625,92955,0.0,0.0,ADANIENSOL.NS
2026-05-15 14:30:00+05:30,1305.9000244140625,1310.4000244140625,1304.300048828125,1308.199951171875,85338,0.0,0.0,ADANIENSOL.NS
2026-05-15 14:45:00+05:30,1308.0,1311.4000244140625,1303.699951171875,1307.5999755859375,112985,0.0,0.0,ADANIENSOL.NS
2026-05-15 15:00:00+05:30,1307.0999755859375,1310.0,1303.9000244140625,1305.0,193842,0.0,0.0,ADANIENSOL.NS
2026-05-15 15:15:00+05:30,1304.9000244140625,1305.199951171875,1295.699951171875,1303.5999755859375,270146,0.0,0.0,ADANIENSOL.NS
2026-05-18 09:15:00+05:30,1289.800048828125,1295.800048828125,1271.5999755859375,1283.5,74351,0.0,0.0,ADANIENSOL.NS
2026-05-18 09:30:00+05:30,1283.300048828125,1288.4000244140625,1275.5999755859375,1275.5999755859375,78369,0.0,0.0,ADANIENSOL.NS
2026-05-18 09:45:00+05:30,1273.4000244140625,1275.699951171875,1265.0,1272.9000244140625,115251,0.0,0.0,ADANIENSOL.NS
2026-05-18 10:00:00+05:30,1274.9000244140625,1277.800048828125,1271.0,1272.0,56201,0.0,0.0,ADANIENSOL.NS
2026-05-18 10:15:00+05:30,1272.0,1272.699951171875,1261.5999755859375,1262.300048828125,92068,0.0,0.0,ADANIENSOL.NS
2026-05-18 10:30:00+05:30,1262.199951171875,1262.9000244140625,1250.4000244140625,1253.5,141910,0.0,0.0,ADANIENSOL.NS
2026-05-18 10:45:00+05:30,1253.0,1260.800048828125,1248.300048828125,1260.800048828125,100422,0.0,0.0,ADANIENSOL.NS
2026-05-18 11:00:00+05:30,1260.5999755859375,1263.5999755859375,1256.0,1263.5999755859375,107651,0.0,0.0,ADANIENSOL.NS
2026-05-18 11:15:00+05:30,1263.5999755859375,1269.0,1258.9000244140625,1259.199951171875,151700,0.0,0.0,ADANIENSOL.NS
2026-05-18 11:30:00+05:30,1259.5,1264.199951171875,1258.199951171875,1260.9000244140625,99642,0.0,0.0,ADANIENSOL.NS
2026-05-18 11:45:00+05:30,1260.300048828125,1261.0,1257.0999755859375,1258.699951171875,59201,0.0,0.0,ADANIENSOL.NS
2026-05-18 12:00:00+05:30,1258.0,1261.300048828125,1255.5,1261.300048828125,61323,0.0,0.0,ADANIENSOL.NS
2026-05-18 12:15:00+05:30,1262.0999755859375,1277.4000244140625,1259.9000244140625,1275.0,226206,0.0,0.0,ADANIENSOL.NS
2026-05-18 12:30:00+05:30,1275.0,1281.0999755859375,1271.9000244140625,1272.4000244140625,128369,0.0,0.0,ADANIENSOL.NS
2026-05-18 12:45:00+05:30,1272.300048828125,1275.0999755859375,1270.199951171875,1275.0,64915,0.0,0.0,ADANIENSOL.NS
2026-05-18 13:00:00+05:30,1275.199951171875,1282.4000244140625,1274.4000244140625,1279.300048828125,397010,0.0,0.0,ADANIENSOL.NS
2026-05-18 13:15:00+05:30,1279.4000244140625,1284.0,1277.800048828125,1282.4000244140625,109177,0.0,0.0,ADANIENSOL.NS
2026-05-18 13:30:00+05:30,1283.0,1291.0,1282.0,1288.800048828125,124537,0.0,0.0,ADANIENSOL.NS
2026-05-18 13:45:00+05:30,1288.699951171875,1299.5,1286.4000244140625,1297.9000244140625,90593,0.0,0.0,ADANIENSOL.NS
2026-05-18 14:00:00+05:30,1297.699951171875,1310.699951171875,1294.800048828125,1307.800048828125,350630,0.0,0.0,ADANIENSOL.NS
2026-05-18 14:15:00+05:30,1308.0,1321.9000244140625,1305.800048828125,1320.0,258367,0.0,0.0,ADANIENSOL.NS
2026-05-18 14:30:00+05:30,1320.199951171875,1324.9000244140625,1312.300048828125,1322.0,161281,0.0,0.0,ADANIENSOL.NS
2026-05-18 14:45:00+05:30,1322.0,1322.5,1314.5,1315.5,201675,0.0,0.0,ADANIENSOL.NS
2026-05-18 15:00:00+05:30,1316.800048828125,1331.0,1316.800048828125,1330.0999755859375,425178,0.0,0.0,ADANIENSOL.NS
2026-05-18 15:15:00+05:30,1330.0999755859375,1334.5,1319.5999755859375,1330.199951171875,250433,0.0,0.0,ADANIENSOL.NS
2026-05-19 09:15:00+05:30,1344.9000244140625,1360.4000244140625,1316.4000244140625,1327.199951171875,170836,0.0,0.0,ADANIENSOL.NS
2026-05-19 09:30:00+05:30,1327.5,1344.0,1320.4000244140625,1340.199951171875,262903,0.0,0.0,ADANIENSOL.NS
2026-05-19 09:45:00+05:30,1340.199951171875,1343.5,1335.0,1336.5999755859375,165153,0.0,0.0,ADANIENSOL.NS
2026-05-19 10:00:00+05:30,1336.4000244140625,1347.5999755859375,1336.300048828125,1347.0,110507,0.0,0.0,ADANIENSOL.NS
2026-05-19 10:15:00+05:30,1347.199951171875,1347.199951171875,1334.5,1335.4000244140625,153310,0.0,0.0,ADANIENSOL.NS
2026-05-19 10:30:00+05:30,1335.199951171875,1336.0,1329.0,1331.0,117636,0.0,0.0,ADANIENSOL.NS
2026-05-19 10:45:00+05:30,1330.4000244140625,1337.9000244140625,1330.199951171875,1334.9000244140625,124257,0.0,0.0,ADANIENSOL.NS
2026-05-19 11:00:00+05:30,1335.0999755859375,1335.5,1313.5999755859375,1314.0999755859375,163090,0.0,0.0,ADANIENSOL.NS
2026-05-19 11:15:00+05:30,1313.800048828125,1321.800048828125,1312.0,1320.0,115191,0.0,0.0,ADANIENSOL.NS
2026-05-19 11:30:00+05:30,1320.300048828125,1330.9000244140625,1319.0,1328.0,89259,0.0,0.0,ADANIENSOL.NS
2026-05-19 11:45:00+05:30,1328.300048828125,1330.699951171875,1325.0999755859375,1326.4000244140625,75968,0.0,0.0,ADANIENSOL.NS
2026-05-19 12:00:00+05:30,1326.300048828125,1330.0,1325.199951171875,1326.0,72374,0.0,0.0,ADANIENSOL.NS
2026-05-19 12:15:00+05:30,1326.0,1331.9000244140625,1325.0,1330.0,170482,0.0,0.0,ADANIENSOL.NS
2026-05-19 12:30:00+05:30,1330.0,1340.0,1330.0,1338.9000244140625,138189,0.0,0.0,ADANIENSOL.NS
2026-05-19 12:45:00+05:30,1339.0,1339.0,1333.5,1334.199951171875,61290,0.0,0.0,ADANIENSOL.NS
2026-05-19 13:00:00+05:30,1333.300048828125,1335.800048828125,1332.0,1334.699951171875,53282,0.0,0.0,ADANIENSOL.NS
2026-05-19 13:15:00+05:30,1334.0999755859375,1336.699951171875,1332.300048828125,1335.0,50787,0.0,0.0,ADANIENSOL.NS
2026-05-19 13:30:00+05:30,1335.9000244140625,1339.5,1335.0,1336.4000244140625,69706,0.0,0.0,ADANIENSOL.NS
2026-05-19 13:45:00+05:30,1336.0,1338.4000244140625,1334.5,1335.0,73758,0.0,0.0,ADANIENSOL.NS
2026-05-19 14:00:00+05:30,1334.4000244140625,1339.4000244140625,1334.4000244140625,1336.9000244140625,102014,0.0,0.0,ADANIENSOL.NS
2026-05-19 14:15:00+05:30,1337.0,1339.0,1331.300048828125,1335.0,60918,0.0,0.0,ADANIENSOL.NS
2026-05-19 14:30:00+05:30,1334.0999755859375,1335.0,1330.199951171875,1334.0999755859375,71804,0.0,0.0,ADANIENSOL.NS
2026-05-19 14:45:00+05:30,1334.5,1337.0,1330.5,1332.0,92389,0.0,0.0,ADANIENSOL.NS
2026-05-19 15:00:00+05:30,1331.9000244140625,1334.5,1330.0,1330.0999755859375,131019,0.0,0.0,ADANIENSOL.NS
2026-05-19 15:15:00+05:30,1330.5999755859375,1330.699951171875,1325.0,1329.5,135557,0.0,0.0,ADANIENSOL.NS
2026-05-20 09:15:00+05:30,1310.5,1324.0,1310.5,1315.5,61362,0.0,0.0,ADANIENSOL.NS
2026-05-20 09:30:00+05:30,1315.699951171875,1328.0,1314.0,1321.199951171875,59240,0.0,0.0,ADANIENSOL.NS
2026-05-20 09:45:00+05:30,1321.9000244140625,1328.0,1320.5999755859375,1320.5999755859375,54043,0.0,0.0,ADANIENSOL.NS
2026-05-20 10:00:00+05:30,1321.199951171875,1323.800048828125,1316.4000244140625,1318.5,50112,0.0,0.0,ADANIENSOL.NS
2026-05-20 10:15:00+05:30,1318.5,1323.9000244140625,1318.5,1319.9000244140625,25357,0.0,0.0,ADANIENSOL.NS
2026-05-20 10:30:00+05:30,1320.4000244140625,1322.5,1317.199951171875,1317.199951171875,37997,0.0,0.0,ADANIENSOL.NS
2026-05-20 10:45:00+05:30,1317.199951171875,1320.0,1315.699951171875,1319.300048828125,54554,0.0,0.0,ADANIENSOL.NS
2026-05-20 11:00:00+05:30,1319.699951171875,1323.0,1314.5,1314.5999755859375,79996,0.0,0.0,ADANIENSOL.NS
2026-05-20 11:15:00+05:30,1314.5,1323.5,1312.5,1321.199951171875,98958,0.0,0.0,ADANIENSOL.NS
2026-05-20 11:30:00+05:30,1321.0,1327.0,1320.0,1320.5999755859375,114753,0.0,0.0,ADANIENSOL.NS
2026-05-20 11:45:00+05:30,1321.5,1337.9000244140625,1320.699951171875,1331.0,208519,0.0,0.0,ADANIENSOL.NS
2026-05-20 12:00:00+05:30,1331.199951171875,1338.0,1327.0999755859375,1330.0,111175,0.0,0.0,ADANIENSOL.NS
2026-05-20 12:15:00+05:30,1330.0,1334.5999755859375,1330.0,1331.5,74344,0.0,0.0,ADANIENSOL.NS
2026-05-20 12:30:00+05:30,1331.0999755859375,1334.4000244140625,1330.0,1330.0999755859375,73673,0.0,0.0,ADANIENSOL.NS
2026-05-20 12:45:00+05:30,1330.0999755859375,1339.9000244140625,1325.300048828125,1331.300048828125,124535,0.0,0.0,ADANIENSOL.NS
2026-05-20 13:00:00+05:30,1331.300048828125,1333.9000244140625,1330.0,1332.0,50295,0.0,0.0,ADANIENSOL.NS
2026-05-20 13:15:00+05:30,1332.4000244140625,1335.0,1326.300048828125,1328.5999755859375,221649,0.0,0.0,ADANIENSOL.NS
2026-05-20 13:30:00+05:30,1328.5999755859375,1334.5,1328.0,1331.699951171875,91683,0.0,0.0,ADANIENSOL.NS
2026-05-20 13:45:00+05:30,1331.699951171875,1333.0999755859375,1330.0,1332.5,75045,0.0,0.0,ADANIENSOL.NS
2026-05-20 14:00:00+05:30,1333.300048828125,1336.199951171875,1333.0,1334.199951171875,105244,0.0,0.0,ADANIENSOL.NS
2026-05-20 14:15:00+05:30,1334.0999755859375,1339.800048828125,1334.0999755859375,1336.5,117946,0.0,0.0,ADANIENSOL.NS
2026-05-20 14:30:00+05:30,1336.5,1340.0,1335.199951171875,1337.5999755859375,79298,0.0,0.0,ADANIENSOL.NS
2026-05-20 14:45:00+05:30,1337.5999755859375,1339.699951171875,1335.0,1335.9000244140625,111300,0.0,0.0,ADANIENSOL.NS
2026-05-20 15:00:00+05:30,1337.5999755859375,1346.800048828125,1335.5999755859375,1345.4000244140625,255077,0.0,0.0,ADANIENSOL.NS
2026-05-20 15:15:00+05:30,1345.5999755859375,1359.800048828125,1344.4000244140625,1357.0,392888,0.0,0.0,ADANIENSOL.NS
2026-05-21 09:15:00+05:30,1356.0,1380.0999755859375,1356.0,1376.0999755859375,279176,0.0,0.0,ADANIENSOL.NS
2026-05-21 09:30:00+05:30,1381.9000244140625,1395.0,1376.5,1386.0,303602,0.0,0.0,ADANIENSOL.NS
2026-05-21 09:45:00+05:30,1386.0999755859375,1395.0,1384.0999755859375,1387.0,172061,0.0,0.0,ADANIENSOL.NS
2026-05-21 10:00:00+05:30,1387.4000244140625,1389.800048828125,1382.4000244140625,1382.5,92899,0.0,0.0,ADANIENSOL.NS
2026-05-21 10:15:00+05:30,1382.0999755859375,1384.0999755859375,1373.0999755859375,1375.0,122693,0.0,0.0,ADANIENSOL.NS
2026-05-21 10:30:00+05:30,1374.5,1377.699951171875,1372.199951171875,1375.0,63209,0.0,0.0,ADANIENSOL.NS
2026-05-21 10:45:00+05:30,1375.0,1375.0,1369.5,1372.0,76564,0.0,0.0,ADANIENSOL.NS
2026-05-21 11:00:00+05:30,1371.0,1376.4000244140625,1369.5999755859375,1370.199951171875,105267,0.0,0.0,ADANIENSOL.NS
2026-05-21 11:15:00+05:30,1370.0,1374.4000244140625,1367.199951171875,1371.5,82053,0.0,0.0,ADANIENSOL.NS
2026-05-21 11:30:00+05:30,1371.4000244140625,1371.5,1368.5999755859375,1371.0,56218,0.0,0.0,ADANIENSOL.NS
2026-05-21 11:45:00+05:30,1371.0,1372.5999755859375,1366.699951171875,1369.0,68797,0.0,0.0,ADANIENSOL.NS
2026-05-21 12:00:00+05:30,1368.5999755859375,1368.800048828125,1357.300048828125,1357.300048828125,124695,0.0,0.0,ADANIENSOL.NS
2026-05-21 12:15:00+05:30,1357.9000244140625,1359.300048828125,1348.199951171875,1351.0999755859375,128694,0.0,0.0,ADANIENSOL.NS
2026-05-21 12:30:00+05:30,1351.0,1352.300048828125,1345.4000244140625,1347.5999755859375,124156,0.0,0.0,ADANIENSOL.NS
2026-05-21 12:45:00+05:30,1347.300048828125,1347.800048828125,1342.4000244140625,1343.5,69859,0.0,0.0,ADANIENSOL.NS
2026-05-21 13:00:00+05:30,1343.5,1349.5,1337.5,1345.5999755859375,157423,0.0,0.0,ADANIENSOL.NS
2026-05-21 13:15:00+05:30,1345.0999755859375,1350.0,1343.0,1349.4000244140625,71282,0.0,0.0,ADANIENSOL.NS
2026-05-21 13:30:00+05:30,1349.0,1352.199951171875,1347.199951171875,1349.199951171875,108679,0.0,0.0,ADANIENSOL.NS
2026-05-21 13:45:00+05:30,1349.0999755859375,1356.4000244140625,1349.0999755859375,1356.0,88058,0.0,0.0,ADANIENSOL.NS
2026-05-21 14:00:00+05:30,1355.0999755859375,1355.0999755859375,1349.699951171875,1353.800048828125,99143,0.0,0.0,ADANIENSOL.NS
2026-05-21 14:15:00+05:30,1354.0999755859375,1354.699951171875,1346.4000244140625,1346.9000244140625,62601,0.0,0.0,ADANIENSOL.NS
2026-05-21 14:30:00+05:30,1346.5,1352.0999755859375,1346.5,1348.300048828125,52832,0.0,0.0,ADANIENSOL.NS
2026-05-21 14:45:00+05:30,1348.0,1351.4000244140625,1348.0,1349.5999755859375,65415,0.0,0.0,ADANIENSOL.NS
2026-05-21 15:00:00+05:30,1348.199951171875,1351.800048828125,1344.0,1344.0,196833,0.0,0.0,ADANIENSOL.NS
2026-05-21 15:15:00+05:30,1344.5999755859375,1344.5999755859375,1332.0999755859375,1342.199951171875,290040,0.0,0.0,ADANIENSOL.NS
2026-05-22 09:15:00+05:30,1375.0999755859375,1391.5,1368.300048828125,1372.199951171875,355931,0.0,0.0,ADANIENSOL.NS
2026-05-22 09:30:00+05:30,1372.199951171875,1378.4000244140625,1363.199951171875,1365.199951171875,276708,0.0,0.0,ADANIENSOL.NS
2026-05-22 09:45:00+05:30,1366.0999755859375,1379.0999755859375,1365.4000244140625,1372.800048828125,235953,0.0,0.0,ADANIENSOL.NS
2026-05-22 10:00:00+05:30,1372.699951171875,1379.300048828125,1369.5999755859375,1372.5,110910,0.0,0.0,ADANIENSOL.NS
2026-05-22 10:15:00+05:30,1372.5999755859375,1377.300048828125,1369.0,1369.0999755859375,89276,0.0,0.0,ADANIENSOL.NS
2026-05-22 10:30:00+05:30,1369.5999755859375,1376.4000244140625,1368.0999755859375,1376.199951171875,102249,0.0,0.0,ADANIENSOL.NS
2026-05-22 10:45:00+05:30,1375.9000244140625,1376.0999755859375,1372.0,1373.199951171875,81280,0.0,0.0,ADANIENSOL.NS
2026-05-22 11:00:00+05:30,1374.0,1382.800048828125,1371.0999755859375,1381.0,156659,0.0,0.0,ADANIENSOL.NS
2026-05-22 11:15:00+05:30,1381.300048828125,1383.5,1378.5,1381.199951171875,130835,0.0,0.0,ADANIENSOL.NS
2026-05-22 11:30:00+05:30,1381.199951171875,1381.199951171875,1371.300048828125,1373.5,147660,0.0,0.0,ADANIENSOL.NS
2026-05-22 11:45:00+05:30,1373.4000244140625,1374.9000244140625,1368.9000244140625,1370.800048828125,89999,0.0,0.0,ADANIENSOL.NS
2026-05-22 12:00:00+05:30,1369.9000244140625,1373.800048828125,1365.699951171875,1371.9000244140625,117820,0.0,0.0,ADANIENSOL.NS
2026-05-22 12:15:00+05:30,1371.9000244140625,1373.300048828125,1367.5,1368.0,59574,0.0,0.0,ADANIENSOL.NS
2026-05-22 12:30:00+05:30,1368.0,1369.800048828125,1367.0,1369.4000244140625,60880,0.0,0.0,ADANIENSOL.NS
2026-05-22 12:45:00+05:30,1369.5,1374.800048828125,1368.699951171875,1372.9000244140625,69762,0.0,0.0,ADANIENSOL.NS
2026-05-22 13:00:00+05:30,1371.800048828125,1377.0,1371.800048828125,1375.5,75868,0.0,0.0,ADANIENSOL.NS
2026-05-22 13:15:00+05:30,1375.5,1376.0,1372.5,1374.5,58408,0.0,0.0,ADANIENSOL.NS
2026-05-22 13:30:00+05:30,1374.5,1374.9000244140625,1369.5999755859375,1370.4000244140625,71715,0.0,0.0,ADANIENSOL.NS
2026-05-22 13:45:00+05:30,1369.9000244140625,1372.300048828125,1369.9000244140625,1371.699951171875,50437,0.0,0.0,ADANIENSOL.NS
2026-05-22 14:00:00+05:30,1371.699951171875,1375.0,1368.199951171875,1374.199951171875,107821,0.0,0.0,ADANIENSOL.NS
2026-05-22 14:15:00+05:30,1374.199951171875,1374.5999755859375,1367.300048828125,1368.199951171875,77695,0.0,0.0,ADANIENSOL.NS
2026-05-22 14:30:00+05:30,1368.0,1369.9000244140625,1364.5,1367.699951171875,78282,0.0,0.0,ADANIENSOL.NS
2026-05-22 14:45:00+05:30,1367.0,1371.5999755859375,1366.800048828125,1369.300048828125,73132,0.0,0.0,ADANIENSOL.NS
2026-05-22 15:00:00+05:30,1369.9000244140625,1370.199951171875,1366.9000244140625,1367.9000244140625,152267,0.0,0.0,ADANIENSOL.NS
2026-05-22 15:15:00+05:30,1368.300048828125,1369.9000244140625,1364.699951171875,1367.0,230228,0.0,0.0,ADANIENSOL.NS
2026-05-25 09:15:00+05:30,1380.800048828125,1388.5,1371.5999755859375,1382.5,67399,0.0,0.0,ADANIENSOL.NS
2026-05-25 09:30:00+05:30,1382.699951171875,1383.199951171875,1366.0,1366.0,94742,0.0,0.0,ADANIENSOL.NS
2026-05-25 09:45:00+05:30,1366.0,1369.0,1357.699951171875,1364.5,118395,0.0,0.0,ADANIENSOL.NS
2026-05-25 10:00:00+05:30,1364.0,1371.5999755859375,1362.0,1366.5999755859375,52254,0.0,0.0,ADANIENSOL.NS
2026-05-25 10:15:00+05:30,1366.300048828125,1369.0,1363.5,1368.5999755859375,48892,0.0,0.0,ADANIENSOL.NS
2026-05-25 10:30:00+05:30,1368.300048828125,1377.0,1366.0,1374.5,119459,0.0,0.0,ADANIENSOL.NS
2026-05-25 10:45:00+05:30,1375.199951171875,1384.0,1371.300048828125,1381.199951171875,128176,0.0,0.0,ADANIENSOL.NS
2026-05-25 11:00:00+05:30,1381.199951171875,1383.0,1378.5,1379.5999755859375,77711,0.0,0.0,ADANIENSOL.NS
2026-05-25 11:15:00+05:30,1379.5999755859375,1390.800048828125,1378.199951171875,1382.5,124098,0.0,0.0,ADANIENSOL.NS
2026-05-25 11:30:00+05:30,1382.0,1386.5,1381.0,1383.199951171875,81950,0.0,0.0,ADANIENSOL.NS
2026-05-25 11:45:00+05:30,1383.0,1384.300048828125,1379.699951171875,1380.0999755859375,62270,0.0,0.0,ADANIENSOL.NS
2026-05-25 12:00:00+05:30,1380.0999755859375,1383.0,1379.199951171875,1380.0,103455,0.0,0.0,ADANIENSOL.NS
2026-05-25 12:15:00+05:30,1380.0,1384.5,1376.5999755859375,1383.800048828125,64260,0.0,0.0,ADANIENSOL.NS
2026-05-25 12:30:00+05:30,1383.800048828125,1389.300048828125,1381.199951171875,1387.300048828125,90959,0.0,0.0,ADANIENSOL.NS
2026-05-25 12:45:00+05:30,1387.300048828125,1389.5,1381.5,1385.699951171875,88622,0.0,0.0,ADANIENSOL.NS
2026-05-25 13:00:00+05:30,1385.699951171875,1399.9000244140625,1383.9000244140625,1398.0,225356,0.0,0.0,ADANIENSOL.NS
2026-05-25 13:15:00+05:30,1398.0,1406.0,1396.0,1398.699951171875,218996,0.0,0.0,ADANIENSOL.NS
2026-05-25 13:30:00+05:30,1399.4000244140625,1399.9000244140625,1395.0,1396.9000244140625,85957,0.0,0.0,ADANIENSOL.NS
2026-05-25 13:45:00+05:30,1396.9000244140625,1404.9000244140625,1395.699951171875,1402.0999755859375,122013,0.0,0.0,ADANIENSOL.NS
2026-05-25 14:00:00+05:30,1401.9000244140625,1411.300048828125,1401.199951171875,1409.0,223064,0.0,0.0,ADANIENSOL.NS
2026-05-25 14:15:00+05:30,1409.800048828125,1410.5,1402.699951171875,1408.0999755859375,141458,0.0,0.0,ADANIENSOL.NS
2026-05-25 14:30:00+05:30,1408.0999755859375,1410.0,1402.0,1407.0,154769,0.0,0.0,ADANIENSOL.NS
2026-05-25 14:45:00+05:30,1407.5,1409.300048828125,1405.0999755859375,1406.300048828125,123242,0.0,0.0,ADANIENSOL.NS
2026-05-25 15:00:00+05:30,1406.0,1407.5,1401.699951171875,1405.4000244140625,160259,0.0,0.0,ADANIENSOL.NS
2026-05-25 15:15:00+05:30,1404.9000244140625,1406.199951171875,1400.199951171875,1404.300048828125,186386,0.0,0.0,ADANIENSOL.NS
2026-05-26 09:15:00+05:30,1404.300048828125,1409.9000244140625,1398.4000244140625,1403.0999755859375,151929,0.0,0.0,ADANIENSOL.NS
2026-05-26 09:30:00+05:30,1404.5,1408.699951171875,1398.0999755859375,1406.5,131597,0.0,0.0,ADANIENSOL.NS
2026-05-26 09:45:00+05:30,1406.5999755859375,1411.0,1405.0999755859375,1406.699951171875,96701,0.0,0.0,ADANIENSOL.NS
2026-05-26 10:00:00+05:30,1405.9000244140625,1423.0999755859375,1400.4000244140625,1417.0,288546,0.0,0.0,ADANIENSOL.NS
2026-05-26 10:15:00+05:30,1417.800048828125,1420.0,1410.199951171875,1416.5999755859375,225207,0.0,0.0,ADANIENSOL.NS
2026-05-26 10:30:00+05:30,1416.5999755859375,1421.9000244140625,1414.0,1415.5999755859375,177464,0.0,0.0,ADANIENSOL.NS
2026-05-26 10:45:00+05:30,1415.300048828125,1417.0,1413.0,1413.4000244140625,75963,0.0,0.0,ADANIENSOL.NS
2026-05-26 11:00:00+05:30,1413.0,1414.699951171875,1404.9000244140625,1405.300048828125,119304,0.0,0.0,ADANIENSOL.NS
2026-05-26 11:15:00+05:30,1405.300048828125,1407.699951171875,1402.4000244140625,1403.4000244140625,107046,0.0,0.0,ADANIENSOL.NS
2026-05-26 11:30:00+05:30,1403.4000244140625,1406.5,1401.0,1404.0999755859375,78560,0.0,0.0,ADANIENSOL.NS
2026-05-26 11:45:00+05:30,1404.0999755859375,1408.5999755859375,1404.0,1406.4000244140625,76603,0.0,0.0,ADANIENSOL.NS
2026-05-26 12:00:00+05:30,1409.0999755859375,1411.699951171875,1405.4000244140625,1408.9000244140625,67940,0.0,0.0,ADANIENSOL.NS
2026-05-26 12:15:00+05:30,1408.300048828125,1410.5999755859375,1406.300048828125,1407.5999755859375,40547,0.0,0.0,ADANIENSOL.NS
2026-05-26 12:30:00+05:30,1407.300048828125,1417.5,1406.5999755859375,1415.4000244140625,87693,0.0,0.0,ADANIENSOL.NS
2026-05-26 12:45:00+05:30,1415.0,1415.0,1404.4000244140625,1406.300048828125,90287,0.0,0.0,ADANIENSOL.NS
2026-05-26 13:00:00+05:30,1407.0999755859375,1408.5999755859375,1403.0,1403.9000244140625,53603,0.0,0.0,ADANIENSOL.NS
2026-05-26 13:15:00+05:30,1404.0,1405.800048828125,1402.0,1404.800048828125,35829,0.0,0.0,ADANIENSOL.NS
2026-05-26 13:30:00+05:30,1404.800048828125,1406.800048828125,1403.0999755859375,1404.4000244140625,38017,0.0,0.0,ADANIENSOL.NS
2026-05-26 13:45:00+05:30,1404.4000244140625,1408.699951171875,1401.5,1405.5999755859375,39963,0.0,0.0,ADANIENSOL.NS
2026-05-26 14:00:00+05:30,1405.0,1409.9000244140625,1403.4000244140625,1408.0,51726,0.0,0.0,ADANIENSOL.NS
2026-05-26 14:15:00+05:30,1408.699951171875,1411.5,1405.699951171875,1409.5,67313,0.0,0.0,ADANIENSOL.NS
2026-05-26 14:30:00+05:30,1410.0,1412.9000244140625,1403.5999755859375,1404.800048828125,63235,0.0,0.0,ADANIENSOL.NS
2026-05-26 14:45:00+05:30,1404.5,1437.0,1404.300048828125,1436.199951171875,468161,0.0,0.0,ADANIENSOL.NS
2026-05-26 15:00:00+05:30,1436.5999755859375,1450.0,1431.699951171875,1445.4000244140625,663710,0.0,0.0,ADANIENSOL.NS
2026-05-26 15:15:00+05:30,1450.0,1488.699951171875,1450.0,1488.699951171875,2780057,0.0,0.0,ADANIENSOL.NS
2026-05-27 09:15:00+05:30,1487.0999755859375,1516.0,1475.5999755859375,1512.4000244140625,906882,0.0,0.0,ADANIENSOL.NS
2026-05-27 09:30:00+05:30,1510.800048828125,1512.0,1491.0,1495.800048828125,524776,0.0,0.0,ADANIENSOL.NS
2026-05-27 09:45:00+05:30,1496.0,1506.9000244140625,1490.800048828125,1502.0999755859375,237712,0.0,0.0,ADANIENSOL.NS
2026-05-27 10:00:00+05:30,1501.5999755859375,1522.0,1500.5,1516.9000244140625,410712,0.0,0.0,ADANIENSOL.NS
2026-05-27 10:15:00+05:30,1516.0,1526.0,1515.0999755859375,1524.5,232463,0.0,0.0,ADANIENSOL.NS
2026-05-27 10:30:00+05:30,1524.4000244140625,1550.9000244140625,1521.0999755859375,1550.0999755859375,914925,0.0,0.0,ADANIENSOL.NS
2026-05-27 10:45:00+05:30,1550.0,1558.4000244140625,1547.300048828125,1551.0,1072054,0.0,0.0,ADANIENSOL.NS
2026-05-27 11:00:00+05:30,1551.0,1551.0,1528.4000244140625,1533.9000244140625,556895,0.0,0.0,ADANIENSOL.NS
2026-05-27 11:15:00+05:30,1533.199951171875,1537.9000244140625,1525.0,1527.9000244140625,264298,0.0,0.0,ADANIENSOL.NS
2026-05-27 11:30:00+05:30,1527.5,1533.0,1525.0,1526.4000244140625,322562,0.0,0.0,ADANIENSOL.NS
2026-05-27 11:45:00+05:30,1526.4000244140625,1539.0,1525.0999755859375,1535.5999755859375,249063,0.0,0.0,ADANIENSOL.NS
2026-05-27 12:00:00+05:30,1535.300048828125,1543.0999755859375,1532.300048828125,1535.0,213688,0.0,0.0,ADANIENSOL.NS
2026-05-27 12:15:00+05:30,1534.9000244140625,1539.0,1532.300048828125,1535.4000244140625,105022,0.0,0.0,ADANIENSOL.NS
2026-05-27 12:30:00+05:30,1535.0,1538.0,1532.4000244140625,1536.199951171875,76332,0.0,0.0,ADANIENSOL.NS
2026-05-27 12:45:00+05:30,1536.4000244140625,1536.4000244140625,1526.4000244140625,1526.4000244140625,130506,0.0,0.0,ADANIENSOL.NS
2026-05-27 13:00:00+05:30,1526.5,1534.199951171875,1526.199951171875,1530.800048828125,85329,0.0,0.0,ADANIENSOL.NS
2026-05-27 13:15:00+05:30,1530.199951171875,1531.800048828125,1525.0,1526.699951171875,161310,0.0,0.0,ADANIENSOL.NS
2026-05-27 13:30:00+05:30,1527.0,1530.9000244140625,1525.0,1527.9000244140625,111513,0.0,0.0,ADANIENSOL.NS
2026-05-27 13:45:00+05:30,1528.0,1530.699951171875,1527.300048828125,1529.800048828125,53856,0.0,0.0,ADANIENSOL.NS
2026-05-27 14:00:00+05:30,1529.699951171875,1539.199951171875,1529.699951171875,1537.5999755859375,133715,0.0,0.0,ADANIENSOL.NS
2026-05-27 14:15:00+05:30,1537.800048828125,1540.0,1534.199951171875,1536.5,83832,0.0,0.0,ADANIENSOL.NS
2026-05-27 14:30:00+05:30,1536.9000244140625,1544.0,1536.0999755859375,1540.4000244140625,136992,0.0,0.0,ADANIENSOL.NS
2026-05-27 14:45:00+05:30,1540.0999755859375,1540.5999755859375,1537.5,1538.300048828125,103720,0.0,0.0,ADANIENSOL.NS
2026-05-27 15:00:00+05:30,1538.300048828125,1541.5999755859375,1535.0999755859375,1539.199951171875,149765,0.0,0.0,ADANIENSOL.NS
2026-05-27 15:15:00+05:30,1538.800048828125,1549.0,1536.199951171875,1540.0999755859375,268566,0.0,0.0,ADANIENSOL.NS
2026-05-29 09:15:00+05:30,1560.300048828125,1570.0,1555.5,1562.0,238623,0.0,0.0,ADANIENSOL.NS
2026-05-29 09:30:00+05:30,1562.0,1578.300048828125,1557.0,1558.5,320562,0.0,0.0,ADANIENSOL.NS
2026-05-29 09:45:00+05:30,1558.0,1567.0,1526.699951171875,1529.0999755859375,394092,0.0,0.0,ADANIENSOL.NS
2026-05-29 10:00:00+05:30,1530.699951171875,1553.300048828125,1529.5,1549.0,205980,0.0,0.0,ADANIENSOL.NS
2026-05-29 10:15:00+05:30,1549.0,1553.300048828125,1545.300048828125,1546.800048828125,70929,0.0,0.0,ADANIENSOL.NS
2026-05-29 10:30:00+05:30,1546.0,1551.699951171875,1539.0,1539.0,84720,0.0,0.0,ADANIENSOL.NS
2026-05-29 10:45:00+05:30,1539.5,1543.5,1532.5999755859375,1540.300048828125,102874,0.0,0.0,ADANIENSOL.NS
2026-05-29 11:00:00+05:30,1541.0999755859375,1549.0,1539.5,1546.5999755859375,63521,0.0,0.0,ADANIENSOL.NS
2026-05-29 11:15:00+05:30,1546.199951171875,1552.0,1538.0,1543.699951171875,93077,0.0,0.0,ADANIENSOL.NS
2026-05-29 11:30:00+05:30,1542.800048828125,1544.800048828125,1539.9000244140625,1540.0999755859375,26006,0.0,0.0,ADANIENSOL.NS
2026-05-29 11:45:00+05:30,1540.0,1547.699951171875,1538.0999755859375,1543.5999755859375,120247,0.0,0.0,ADANIENSOL.NS
2026-05-29 12:00:00+05:30,1543.5999755859375,1544.5999755859375,1530.300048828125,1532.699951171875,45503,0.0,0.0,ADANIENSOL.NS
2026-05-29 12:15:00+05:30,1533.0999755859375,1537.0,1530.5,1533.0999755859375,55638,0.0,0.0,ADANIENSOL.NS
2026-05-29 12:30:00+05:30,1533.0999755859375,1542.699951171875,1528.0,1541.5,82658,0.0,0.0,ADANIENSOL.NS
2026-05-29 12:45:00+05:30,1541.0999755859375,1546.4000244140625,1538.5,1544.5,82042,0.0,0.0,ADANIENSOL.NS
2026-05-29 13:00:00+05:30,1544.5,1544.5,1532.800048828125,1532.800048828125,47954,0.0,0.0,ADANIENSOL.NS
2026-05-29 13:15:00+05:30,1532.9000244140625,1539.5999755859375,1530.5999755859375,1532.0,56171,0.0,0.0,ADANIENSOL.NS
2026-05-29 13:30:00+05:30,1531.9000244140625,1540.199951171875,1530.4000244140625,1534.199951171875,63261,0.0,0.0,ADANIENSOL.NS
2026-05-29 13:45:00+05:30,1534.800048828125,1536.199951171875,1532.0999755859375,1534.699951171875,32024,0.0,0.0,ADANIENSOL.NS
2026-05-29 14:00:00+05:30,1535.5,1535.5,1530.0,1531.9000244140625,32949,0.0,0.0,ADANIENSOL.NS
2026-05-29 14:15:00+05:30,1531.9000244140625,1534.4000244140625,1530.199951171875,1532.300048828125,42016,0.0,0.0,ADANIENSOL.NS
2026-05-29 14:30:00+05:30,1532.199951171875,1534.0,1525.5,1532.5999755859375,119155,0.0,0.0,ADANIENSOL.NS
2026-05-29 14:45:00+05:30,1532.5999755859375,1534.4000244140625,1528.0,1532.199951171875,54371,0.0,0.0,ADANIENSOL.NS
2026-05-29 15:00:00+05:30,1533.800048828125,1533.800048828125,1507.4000244140625,1512.5,346272,0.0,0.0,ADANIENSOL.NS
2026-05-29 15:15:00+05:30,1513.5,1516.5999755859375,1505.0,1515.0,327117,0.0,0.0,ADANIENSOL.NS
2026-06-01 09:15:00+05:30,1524.0,1524.0,1508.0999755859375,1515.5999755859375,148637,0.0,0.0,ADANIENSOL.NS
2026-06-01 09:30:00+05:30,1515.199951171875,1516.9000244140625,1498.5,1507.0,150608,0.0,0.0,ADANIENSOL.NS
2026-06-01 09:45:00+05:30,1506.5999755859375,1512.4000244140625,1496.0,1500.4000244140625,104107,0.0,0.0,ADANIENSOL.NS
2026-06-01 10:00:00+05:30,1500.0999755859375,1501.5,1487.0,1489.800048828125,123626,0.0,0.0,ADANIENSOL.NS
2026-06-01 10:15:00+05:30,1489.0,1494.300048828125,1486.699951171875,1492.9000244140625,93936,0.0,0.0,ADANIENSOL.NS
2026-06-01 10:30:00+05:30,1492.4000244140625,1505.0,1487.0,1503.5,96551,0.0,0.0,ADANIENSOL.NS
2026-06-01 10:45:00+05:30,1503.5,1513.300048828125,1502.300048828125,1504.0,121771,0.0,0.0,ADANIENSOL.NS
2026-06-01 11:00:00+05:30,1502.699951171875,1504.699951171875,1501.199951171875,1502.699951171875,44933,0.0,0.0,ADANIENSOL.NS
2026-06-01 11:15:00+05:30,1502.5,1515.199951171875,1502.0999755859375,1511.0999755859375,211395,0.0,0.0,ADANIENSOL.NS
2026-06-01 11:30:00+05:30,1510.9000244140625,1517.0,1505.5,1515.4000244140625,200033,0.0,0.0,ADANIENSOL.NS
2026-06-01 11:45:00+05:30,1515.5999755859375,1522.0,1508.199951171875,1509.5999755859375,118101,0.0,0.0,ADANIENSOL.NS
2026-06-01 12:00:00+05:30,1510.5999755859375,1517.300048828125,1509.300048828125,1513.199951171875,118267,0.0,0.0,ADANIENSOL.NS
2026-06-01 12:15:00+05:30,1513.300048828125,1514.0,1505.5,1505.5,68950,0.0,0.0,ADANIENSOL.NS
2026-06-01 12:30:00+05:30,1505.5,1510.0,1505.300048828125,1509.800048828125,58296,0.0,0.0,ADANIENSOL.NS
2026-06-01 12:45:00+05:30,1510.0,1514.0,1508.800048828125,1513.0,58294,0.0,0.0,ADANIENSOL.NS
2026-06-01 13:00:00+05:30,1513.0,1514.0,1505.199951171875,1505.800048828125,55313,0.0,0.0,ADANIENSOL.NS
2026-06-01 13:15:00+05:30,1505.5,1511.199951171875,1505.0999755859375,1511.199951171875,58198,0.0,0.0,ADANIENSOL.NS
2026-06-01 13:30:00+05:30,1511.199951171875,1513.199951171875,1508.199951171875,1509.199951171875,50869,0.0,0.0,ADANIENSOL.NS
2026-06-01 13:45:00+05:30,1509.4000244140625,1510.0999755859375,1503.5999755859375,1505.300048828125,56183,0.0,0.0,ADANIENSOL.NS
2026-06-01 14:00:00+05:30,1505.4000244140625,1505.800048828125,1498.0999755859375,1498.199951171875,87717,0.0,0.0,ADANIENSOL.NS
2026-06-01 14:15:00+05:30,1498.800048828125,1503.4000244140625,1496.300048828125,1497.0,71341,0.0,0.0,ADANIENSOL.NS
2026-06-01 14:30:00+05:30,1498.5,1503.300048828125,1497.0,1500.800048828125,43360,0.0,0.0,ADANIENSOL.NS
2026-06-01 14:45:00+05:30,1501.0,1505.800048828125,1493.5,1496.4000244140625,65790,0.0,0.0,ADANIENSOL.NS
2026-06-01 15:00:00+05:30,1497.300048828125,1501.0,1493.5,1498.4000244140625,124370,0.0,0.0,ADANIENSOL.NS
2026-06-01 15:15:00+05:30,1498.300048828125,1501.4000244140625,1490.4000244140625,1496.5,219043,0.0,0.0,ADANIENSOL.NS
2026-06-02 09:15:00+05:30,1490.0,1499.0999755859375,1484.0,1496.199951171875,86576,0.0,0.0,ADANIENSOL.NS
2026-06-02 09:30:00+05:30,1493.699951171875,1494.699951171875,1480.5999755859375,1488.5999755859375,108610,0.0,0.0,ADANIENSOL.NS
2026-06-02 09:45:00+05:30,1489.5,1517.9000244140625,1487.0,1516.199951171875,170949,0.0,0.0,ADANIENSOL.NS
2026-06-02 10:00:00+05:30,1517.0,1518.699951171875,1508.199951171875,1509.699951171875,99059,0.0,0.0,ADANIENSOL.NS
2026-06-02 10:15:00+05:30,1509.199951171875,1518.5,1505.0,1517.300048828125,96568,0.0,0.0,ADANIENSOL.NS
2026-06-02 10:30:00+05:30,1517.300048828125,1518.5,1510.0,1513.5999755859375,58302,0.0,0.0,ADANIENSOL.NS
2026-06-02 10:45:00+05:30,1513.5999755859375,1514.0,1493.0999755859375,1496.199951171875,75984,0.0,0.0,ADANIENSOL.NS
2026-06-02 11:00:00+05:30,1496.5,1508.0,1495.300048828125,1503.9000244140625,120168,0.0,0.0,ADANIENSOL.NS
2026-06-02 11:15:00+05:30,1503.9000244140625,1507.300048828125,1498.300048828125,1500.300048828125,54349,0.0,0.0,ADANIENSOL.NS
2026-06-02 11:30:00+05:30,1500.0999755859375,1500.0999755859375,1489.699951171875,1491.300048828125,54429,0.0,0.0,ADANIENSOL.NS
2026-06-02 11:45:00+05:30,1491.199951171875,1493.0,1487.5999755859375,1488.800048828125,42062,0.0,0.0,ADANIENSOL.NS
2026-06-02 12:00:00+05:30,1489.0,1491.800048828125,1478.800048828125,1479.0,94854,0.0,0.0,ADANIENSOL.NS
2026-06-02 12:15:00+05:30,1478.4000244140625,1486.0999755859375,1475.5,1483.0,115129,0.0,0.0,ADANIENSOL.NS
2026-06-02 12:30:00+05:30,1482.0,1486.800048828125,1478.9000244140625,1486.0999755859375,66959,0.0,0.0,ADANIENSOL.NS
2026-06-02 12:45:00+05:30,1486.0,1505.5,1486.0,1500.5,124232,0.0,0.0,ADANIENSOL.NS
2026-06-02 13:00:00+05:30,1500.5999755859375,1514.0,1496.800048828125,1505.0999755859375,159946,0.0,0.0,ADANIENSOL.NS
2026-06-02 13:15:00+05:30,1505.9000244140625,1511.5,1501.800048828125,1510.699951171875,123837,0.0,0.0,ADANIENSOL.NS
2026-06-02 13:30:00+05:30,1512.0,1512.300048828125,1504.9000244140625,1511.5,113296,0.0,0.0,ADANIENSOL.NS
2026-06-02 13:45:00+05:30,1511.0999755859375,1514.0,1509.4000244140625,1511.5,118742,0.0,0.0,ADANIENSOL.NS
2026-06-02 14:00:00+05:30,1511.5,1516.800048828125,1510.4000244140625,1512.9000244140625,131644,0.0,0.0,ADANIENSOL.NS
2026-06-02 14:15:00+05:30,1512.0999755859375,1513.9000244140625,1510.0,1510.5,107470,0.0,0.0,ADANIENSOL.NS
2026-06-02 14:30:00+05:30,1512.699951171875,1524.5,1511.300048828125,1514.5999755859375,134140,0.0,0.0,ADANIENSOL.NS
2026-06-02 14:45:00+05:30,1514.5999755859375,1529.5,1512.699951171875,1526.4000244140625,136328,0.0,0.0,ADANIENSOL.NS
2026-06-02 15:00:00+05:30,1526.0999755859375,1536.0,1520.699951171875,1535.0999755859375,183280,0.0,0.0,ADANIENSOL.NS
2026-06-02 15:15:00+05:30,1535.199951171875,1536.4000244140625,1524.4000244140625,1526.9000244140625,163601,0.0,0.0,ADANIENSOL.NS
2026-06-03 09:15:00+05:30,1532.0,1532.0,1467.199951171875,1467.199951171875,292312,0.0,0.0,ADANIENSOL.NS
2026-06-03 09:30:00+05:30,1468.0,1479.0,1461.0999755859375,1467.4000244140625,313503,0.0,0.0,ADANIENSOL.NS
2026-06-03 09:45:00+05:30,1467.4000244140625,1467.9000244140625,1445.0,1452.4000244140625,267142,0.0,0.0,ADANIENSOL.NS
2026-06-03 10:00:00+05:30,1453.300048828125,1468.5999755859375,1449.699951171875,1456.800048828125,230143,0.0,0.0,ADANIENSOL.NS
2026-06-03 10:15:00+05:30,1457.0,1470.0,1455.0,1461.199951171875,145393,0.0,0.0,ADANIENSOL.NS
2026-06-03 10:30:00+05:30,1461.5999755859375,1468.300048828125,1456.4000244140625,1456.4000244140625,133359,0.0,0.0,ADANIENSOL.NS
2026-06-03 10:45:00+05:30,1456.4000244140625,1463.4000244140625,1456.4000244140625,1458.0,124657,0.0,0.0,ADANIENSOL.NS
2026-06-03 11:00:00+05:30,1458.0,1463.199951171875,1454.0,1454.699951171875,110457,0.0,0.0,ADANIENSOL.NS
2026-06-03 11:15:00+05:30,1454.199951171875,1459.800048828125,1451.199951171875,1456.0,93205,0.0,0.0,ADANIENSOL.NS
2026-06-03 11:30:00+05:30,1456.0,1463.5999755859375,1453.199951171875,1461.699951171875,91535,0.0,0.0,ADANIENSOL.NS
2026-06-03 11:45:00+05:30,1462.0,1466.9000244140625,1454.0,1454.199951171875,126198,0.0,0.0,ADANIENSOL.NS
2026-06-03 12:00:00+05:30,1454.800048828125,1455.4000244140625,1450.0,1454.0,95607,0.0,0.0,ADANIENSOL.NS
2026-06-03 12:15:00+05:30,1454.0,1462.9000244140625,1453.0999755859375,1462.9000244140625,92387,0.0,0.0,ADANIENSOL.NS
2026-06-03 12:30:00+05:30,1462.9000244140625,1484.0999755859375,1462.5999755859375,1482.199951171875,246553,0.0,0.0,ADANIENSOL.NS
2026-06-03 12:45:00+05:30,1483.4000244140625,1485.0,1472.0999755859375,1479.0,158049,0.0,0.0,ADANIENSOL.NS
2026-06-03 13:00:00+05:30,1480.0,1484.9000244140625,1477.0,1483.5999755859375,94004,0.0,0.0,ADANIENSOL.NS
2026-06-03 13:15:00+05:30,1485.4000244140625,1497.199951171875,1485.4000244140625,1492.0999755859375,163789,0.0,0.0,ADANIENSOL.NS
2026-06-03 13:30:00+05:30,1492.5,1495.5,1490.0999755859375,1492.800048828125,94228,0.0,0.0,ADANIENSOL.NS
2026-06-03 13:45:00+05:30,1492.5,1499.5,1492.0,1495.800048828125,101015,0.0,0.0,ADANIENSOL.NS
2026-06-03 14:00:00+05:30,1496.0,1499.5,1493.0999755859375,1497.9000244140625,114784,0.0,0.0,ADANIENSOL.NS
2026-06-03 14:15:00+05:30,1497.9000244140625,1502.5999755859375,1496.5,1497.0999755859375,128692,0.0,0.0,ADANIENSOL.NS
2026-06-03 14:30:00+05:30,1496.9000244140625,1502.800048828125,1496.9000244140625,1501.0999755859375,103821,0.0,0.0,ADANIENSOL.NS
2026-06-03 14:45:00+05:30,1501.800048828125,1503.800048828125,1489.0999755859375,1489.800048828125,163955,0.0,0.0,ADANIENSOL.NS
2026-06-03 15:00:00+05:30,1490.0,1495.9000244140625,1485.5999755859375,1493.300048828125,231797,0.0,0.0,ADANIENSOL.NS
2026-06-03 15:15:00+05:30,1493.300048828125,1500.0,1490.0999755859375,1498.0,304693,0.0,0.0,ADANIENSOL.NS
2026-06-04 09:15:00+05:30,1485.4000244140625,1509.199951171875,1485.4000244140625,1504.0999755859375,120543,0.0,0.0,ADANIENSOL.NS
2026-06-04 09:30:00+05:30,1504.800048828125,1513.199951171875,1494.300048828125,1494.5,140554,0.0,0.0,ADANIENSOL.NS
2026-06-04 09:45:00+05:30,1494.5,1500.5,1493.0,1496.5999755859375,86684,0.0,0.0,ADANIENSOL.NS
2026-06-04 10:00:00+05:30,1497.5,1500.0,1494.199951171875,1498.300048828125,35489,0.0,0.0,ADANIENSOL.NS
2026-06-04 10:15:00+05:30,1498.0,1501.5,1498.0,1498.4000244140625,102000,0.0,0.0,ADANIENSOL.NS
2026-06-04 10:30:00+05:30,1498.5,1508.5,1495.5,1508.5,90260,0.0,0.0,ADANIENSOL.NS
2026-06-04 10:45:00+05:30,1507.699951171875,1515.300048828125,1507.4000244140625,1513.0999755859375,154475,0.0,0.0,ADANIENSOL.NS
2026-06-04 11:00:00+05:30,1513.0999755859375,1520.9000244140625,1513.0999755859375,1519.199951171875,122487,0.0,0.0,ADANIENSOL.NS
2026-06-04 11:15:00+05:30,1522.0999755859375,1524.0,1514.4000244140625,1515.5,116408,0.0,0.0,ADANIENSOL.NS
2026-06-04 11:30:00+05:30,1515.0,1515.5,1507.0999755859375,1512.0,125724,0.0,0.0,ADANIENSOL.NS
2026-06-04 11:45:00+05:30,1512.5999755859375,1513.800048828125,1507.0,1513.199951171875,99739,0.0,0.0,ADANIENSOL.NS
2026-06-04 12:00:00+05:30,1512.800048828125,1514.300048828125,1510.300048828125,1512.0,86244,0.0,0.0,ADANIENSOL.NS
2026-06-04 12:15:00+05:30,1512.0,1513.800048828125,1508.199951171875,1512.5999755859375,85997,0.0,0.0,ADANIENSOL.NS
2026-06-04 12:30:00+05:30,1513.800048828125,1516.800048828125,1507.699951171875,1510.699951171875,50836,0.0,0.0,ADANIENSOL.NS
2026-06-04 12:45:00+05:30,1511.800048828125,1513.0999755859375,1507.5999755859375,1510.0,53706,0.0,0.0,ADANIENSOL.NS
2026-06-04 13:00:00+05:30,1510.800048828125,1514.199951171875,1505.5999755859375,1506.0,96447,0.0,0.0,ADANIENSOL.NS
2026-06-04 13:15:00+05:30,1505.199951171875,1512.300048828125,1504.0,1509.0,80546,0.0,0.0,ADANIENSOL.NS
2026-06-04 13:30:00+05:30,1507.699951171875,1509.0,1504.0,1504.5,64935,0.0,0.0,ADANIENSOL.NS
2026-06-04 13:45:00+05:30,1504.5,1509.0,1504.0,1506.4000244140625,71061,0.0,0.0,ADANIENSOL.NS
2026-06-04 14:00:00+05:30,1507.300048828125,1510.800048828125,1505.0,1505.5,74498,0.0,0.0,ADANIENSOL.NS
2026-06-04 14:15:00+05:30,1506.9000244140625,1514.5999755859375,1505.800048828125,1511.9000244140625,84873,0.0,0.0,ADANIENSOL.NS
2026-06-04 14:30:00+05:30,1511.9000244140625,1524.5999755859375,1511.9000244140625,1524.5999755859375,198107,0.0,0.0,ADANIENSOL.NS
2026-06-04 14:45:00+05:30,1524.9000244140625,1526.800048828125,1520.0999755859375,1521.699951171875,145432,0.0,0.0,ADANIENSOL.NS
2026-06-04 15:00:00+05:30,1521.4000244140625,1523.800048828125,1513.0999755859375,1517.5,202026,0.0,0.0,ADANIENSOL.NS
2026-06-04 15:15:00+05:30,1518.0,1522.4000244140625,1516.9000244140625,1518.0,127863,0.0,0.0,ADANIENSOL.NS
2026-06-05 09:15:00+05:30,1531.0,1555.0,1531.0,1544.199951171875,237691,0.0,0.0,ADANIENSOL.NS
2026-06-05 09:30:00+05:30,1543.4000244140625,1547.4000244140625,1533.699951171875,1544.9000244140625,158514,0.0,0.0,ADANIENSOL.NS
2026-06-05 09:45:00+05:30,1544.0999755859375,1545.0,1535.199951171875,1542.199951171875,93352,0.0,0.0,ADANIENSOL.NS
2026-06-05 10:00:00+05:30,1543.0,1561.0,1541.0,1557.5999755859375,444780,0.0,0.0,ADANIENSOL.NS
2026-06-05 10:15:00+05:30,1557.0,1568.0,1556.9000244140625,1567.199951171875,213216,0.0,0.0,ADANIENSOL.NS
2026-06-05 10:30:00+05:30,1567.5999755859375,1568.0999755859375,1552.4000244140625,1556.9000244140625,237876,0.0,0.0,ADANIENSOL.NS
2026-06-05 10:45:00+05:30,1557.0,1571.5999755859375,1555.0,1568.800048828125,210125,0.0,0.0,ADANIENSOL.NS
2026-06-05 11:00:00+05:30,1568.800048828125,1578.9000244140625,1568.0,1574.0,221525,0.0,0.0,ADANIENSOL.NS
2026-06-05 11:15:00+05:30,1573.699951171875,1582.0,1573.199951171875,1579.5999755859375,145475,0.0,0.0,ADANIENSOL.NS
2026-06-05 11:30:00+05:30,1579.199951171875,1585.0,1577.699951171875,1581.800048828125,204457,0.0,0.0,ADANIENSOL.NS
2026-06-05 11:45:00+05:30,1581.5,1584.4000244140625,1576.9000244140625,1581.800048828125,107590,0.0,0.0,ADANIENSOL.NS
2026-06-05 12:00:00+05:30,1580.5,1591.0999755859375,1568.300048828125,1574.9000244140625,295253,0.0,0.0,ADANIENSOL.NS
2026-06-05 12:15:00+05:30,1574.5999755859375,1579.699951171875,1573.300048828125,1576.0,156947,0.0,0.0,ADANIENSOL.NS
2026-06-05 12:30:00+05:30,1577.5,1579.300048828125,1568.800048828125,1574.0,105681,0.0,0.0,ADANIENSOL.NS
2026-06-05 12:45:00+05:30,1573.5,1574.9000244140625,1565.5999755859375,1566.199951171875,207004,0.0,0.0,ADANIENSOL.NS
2026-06-05 13:00:00+05:30,1566.0,1566.0999755859375,1560.0,1561.9000244140625,230728,0.0,0.0,ADANIENSOL.NS
2026-06-05 13:15:00+05:30,1561.5999755859375,1569.199951171875,1560.199951171875,1560.9000244140625,106237,0.0,0.0,ADANIENSOL.NS
2026-06-05 13:30:00+05:30,1560.699951171875,1566.699951171875,1560.0,1562.199951171875,122104,0.0,0.0,ADANIENSOL.NS
2026-06-05 13:45:00+05:30,1562.199951171875,1565.300048828125,1543.5,1549.0,378195,0.0,0.0,ADANIENSOL.NS
2026-06-05 14:00:00+05:30,1548.699951171875,1556.0,1544.5,1552.199951171875,221058,0.0,0.0,ADANIENSOL.NS
2026-06-05 14:15:00+05:30,1550.199951171875,1570.0,1547.300048828125,1570.0,202922,0.0,0.0,ADANIENSOL.NS
2026-06-05 14:30:00+05:30,1570.0,1583.4000244140625,1565.5,1573.300048828125,302168,0.0,0.0,ADANIENSOL.NS
2026-06-05 14:45:00+05:30,1573.4000244140625,1581.199951171875,1571.5,1577.300048828125,201920,0.0,0.0,ADANIENSOL.NS
2026-06-05 15:00:00+05:30,1576.9000244140625,1585.0,1573.9000244140625,1577.800048828125,290801,0.0,0.0,ADANIENSOL.NS
2026-06-05 15:15:00+05:30,1577.300048828125,1580.0,1573.699951171875,1579.0,235033,0.0,0.0,ADANIENSOL.NS
2026-06-08 09:15:00+05:30,1558.0999755859375,1587.0999755859375,1537.0999755859375,1584.9000244140625,319053,0.0,0.0,ADANIENSOL.NS
2026-06-08 09:30:00+05:30,1585.300048828125,1608.199951171875,1580.0,1602.800048828125,680015,0.0,0.0,ADANIENSOL.NS
2026-06-08 09:45:00+05:30,1602.699951171875,1608.0,1584.0,1595.5999755859375,560315,0.0,0.0,ADANIENSOL.NS
2026-06-08 10:00:00+05:30,1595.699951171875,1596.9000244140625,1570.0,1575.199951171875,286880,0.0,0.0,ADANIENSOL.NS
2026-06-08 10:15:00+05:30,1574.699951171875,1582.5,1570.0999755859375,1573.199951171875,147647,0.0,0.0,ADANIENSOL.NS
2026-06-08 10:30:00+05:30,1573.699951171875,1592.0,1573.5999755859375,1587.0,163884,0.0,0.0,ADANIENSOL.NS
2026-06-08 10:45:00+05:30,1587.0,1600.0,1586.0,1597.699951171875,189866,0.0,0.0,ADANIENSOL.NS
2026-06-08 11:00:00+05:30,1598.699951171875,1604.0,1596.300048828125,1602.5999755859375,151544,0.0,0.0,ADANIENSOL.NS
2026-06-08 11:15:00+05:30,1603.0,1604.199951171875,1596.300048828125,1603.199951171875,226680,0.0,0.0,ADANIENSOL.NS
2026-06-08 11:30:00+05:30,1603.0,1614.4000244140625,1600.300048828125,1611.4000244140625,228452,0.0,0.0,ADANIENSOL.NS
2026-06-08 11:45:00+05:30,1611.5,1612.0,1605.800048828125,1609.0999755859375,488828,0.0,0.0,ADANIENSOL.NS
2026-06-08 12:00:00+05:30,1609.0,1613.5,1600.300048828125,1605.800048828125,300561,0.0,0.0,ADANIENSOL.NS
2026-06-08 12:15:00+05:30,1606.5999755859375,1606.5999755859375,1596.199951171875,1596.300048828125,141768,0.0,0.0,ADANIENSOL.NS
2026-06-08 12:30:00+05:30,1596.699951171875,1608.4000244140625,1596.300048828125,1606.199951171875,126825,0.0,0.0,ADANIENSOL.NS
2026-06-08 12:45:00+05:30,1606.0999755859375,1614.0,1604.5999755859375,1608.0,211427,0.0,0.0,ADANIENSOL.NS
2026-06-08 13:00:00+05:30,1607.9000244140625,1608.800048828125,1600.800048828125,1601.4000244140625,104394,0.0,0.0,ADANIENSOL.NS
2026-06-08 13:15:00+05:30,1601.800048828125,1605.699951171875,1601.0,1603.5,123288,0.0,0.0,ADANIENSOL.NS
2026-06-08 13:30:00+05:30,1603.300048828125,1603.9000244140625,1598.4000244140625,1598.800048828125,134664,0.0,0.0,ADANIENSOL.NS
2026-06-08 13:45:00+05:30,1598.5,1600.0,1583.0999755859375,1587.699951171875,200833,0.0,0.0,ADANIENSOL.NS
2026-06-08 14:00:00+05:30,1588.300048828125,1592.199951171875,1585.5999755859375,1587.0999755859375,119567,0.0,0.0,ADANIENSOL.NS
2026-06-08 14:15:00+05:30,1587.699951171875,1590.9000244140625,1584.699951171875,1589.0,144557,0.0,0.0,ADANIENSOL.NS
2026-06-08 14:30:00+05:30,1588.5,1594.9000244140625,1585.4000244140625,1594.300048828125,117379,0.0,0.0,ADANIENSOL.NS
2026-06-08 14:45:00+05:30,1595.0,1595.4000244140625,1582.9000244140625,1587.9000244140625,179202,0.0,0.0,ADANIENSOL.NS
2026-06-08 15:00:00+05:30,1587.9000244140625,1587.9000244140625,1566.0999755859375,1572.199951171875,424604,0.0,0.0,ADANIENSOL.NS
2026-06-08 15:15:00+05:30,1572.199951171875,1572.800048828125,1559.0,1570.4000244140625,267657,0.0,0.0,ADANIENSOL.NS
2026-06-09 09:15:00+05:30,1597.0,1599.0,1578.300048828125,1579.699951171875,191067,0.0,0.0,ADANIENSOL.NS
2026-06-09 09:30:00+05:30,1580.300048828125,1585.5,1577.0999755859375,1577.9000244140625,109168,0.0,0.0,ADANIENSOL.NS
2026-06-09 09:45:00+05:30,1578.199951171875,1585.5,1577.0999755859375,1578.0999755859375,88596,0.0,0.0,ADANIENSOL.NS
2026-06-09 10:00:00+05:30,1578.199951171875,1581.9000244140625,1575.0,1579.5,76994,0.0,0.0,ADANIENSOL.NS
2026-06-09 10:15:00+05:30,1578.5999755859375,1581.4000244140625,1568.0999755859375,1574.0,100152,0.0,0.0,ADANIENSOL.NS
2026-06-09 10:30:00+05:30,1573.5,1579.699951171875,1570.4000244140625,1578.0,59689,0.0,0.0,ADANIENSOL.NS
2026-06-09 10:45:00+05:30,1577.5999755859375,1579.9000244140625,1573.199951171875,1577.5,98163,0.0,0.0,ADANIENSOL.NS
2026-06-09 11:00:00+05:30,1578.4000244140625,1580.0,1571.0999755859375,1571.9000244140625,80811,0.0,0.0,ADANIENSOL.NS
2026-06-09 11:15:00+05:30,1571.199951171875,1573.4000244140625,1563.4000244140625,1572.9000244140625,113029,0.0,0.0,ADANIENSOL.NS
2026-06-09 11:30:00+05:30,1572.9000244140625,1579.0,1570.199951171875,1577.199951171875,103259,0.0,0.0,ADANIENSOL.NS
2026-06-09 11:45:00+05:30,1577.0999755859375,1585.699951171875,1576.9000244140625,1585.0999755859375,122221,0.0,0.0,ADANIENSOL.NS
2026-06-09 12:00:00+05:30,1585.0999755859375,1594.0,1581.0,1583.699951171875,126762,0.0,0.0,ADANIENSOL.NS
2026-06-09 12:15:00+05:30,1584.9000244140625,1590.0,1584.0,1584.0999755859375,77222,0.0,0.0,ADANIENSOL.NS
2026-06-09 12:30:00+05:30,1584.0999755859375,1587.699951171875,1578.699951171875,1580.699951171875,81944,0.0,0.0,ADANIENSOL.NS
2026-06-09 12:45:00+05:30,1579.800048828125,1582.199951171875,1563.199951171875,1565.5999755859375,115915,0.0,0.0,ADANIENSOL.NS
2026-06-09 13:00:00+05:30,1565.0,1570.800048828125,1558.0,1570.0999755859375,133712,0.0,0.0,ADANIENSOL.NS
2026-06-09 13:15:00+05:30,1569.699951171875,1572.5999755859375,1566.699951171875,1570.300048828125,74801,0.0,0.0,ADANIENSOL.NS
2026-06-09 13:30:00+05:30,1570.5,1572.0,1565.0999755859375,1571.699951171875,88283,0.0,0.0,ADANIENSOL.NS
2026-06-09 13:45:00+05:30,1571.5,1572.0999755859375,1567.0,1569.5999755859375,93240,0.0,0.0,ADANIENSOL.NS
2026-06-09 14:00:00+05:30,1568.4000244140625,1586.0,1566.0,1583.9000244140625,157357,0.0,0.0,ADANIENSOL.NS
2026-06-09 14:15:00+05:30,1584.800048828125,1588.0,1580.4000244140625,1587.300048828125,167438,0.0,0.0,ADANIENSOL.NS
2026-06-09 14:30:00+05:30,1587.800048828125,1590.9000244140625,1585.0,1588.0,122257,0.0,0.0,ADANIENSOL.NS
2026-06-09 14:45:00+05:30,1588.699951171875,1588.699951171875,1584.199951171875,1587.0,92271,0.0,0.0,ADANIENSOL.NS
2026-06-09 15:00:00+05:30,1585.0999755859375,1586.800048828125,1578.0,1581.199951171875,161710,0.0,0.0,ADANIENSOL.NS
2026-06-09 15:15:00+05:30,1581.5999755859375,1581.5999755859375,1569.0,1570.0,156338,0.0,0.0,ADANIENSOL.NS
2026-06-10 09:15:00+05:30,1575.0999755859375,1575.0999755859375,1521.4000244140625,1524.199951171875,375343,0.0,0.0,ADANIENSOL.NS
2026-06-10 09:30:00+05:30,1524.0999755859375,1547.5999755859375,1524.0999755859375,1545.4000244140625,248171,0.0,0.0,ADANIENSOL.NS
2026-06-10 09:45:00+05:30,1544.0999755859375,1550.0,1539.0999755859375,1547.800048828125,100449,0.0,0.0,ADANIENSOL.NS
2026-06-10 10:00:00+05:30,1547.0,1550.0,1541.699951171875,1541.9000244140625,50049,0.0,0.0,ADANIENSOL.NS
2026-06-10 10:15:00+05:30,1541.9000244140625,1548.4000244140625,1540.0,1547.800048828125,39126,0.0,0.0,ADANIENSOL.NS
2026-06-10 10:30:00+05:30,1548.0,1563.300048828125,1548.0,1554.5999755859375,136702,0.0,0.0,ADANIENSOL.NS
2026-06-10 10:45:00+05:30,1555.800048828125,1558.300048828125,1548.0,1554.9000244140625,53897,0.0,0.0,ADANIENSOL.NS
2026-06-10 11:00:00+05:30,1555.5999755859375,1555.5999755859375,1548.5,1552.800048828125,40561,0.0,0.0,ADANIENSOL.NS
2026-06-10 11:15:00+05:30,1552.800048828125,1553.0,1548.0,1551.0,33440,0.0,0.0,ADANIENSOL.NS
2026-06-10 11:30:00+05:30,1551.0999755859375,1553.5,1550.0,1553.0999755859375,20123,0.0,0.0,ADANIENSOL.NS
2026-06-10 11:45:00+05:30,1553.699951171875,1558.0,1548.9000244140625,1557.0,63555,0.0,0.0,ADANIENSOL.NS
2026-06-10 12:00:00+05:30,1556.300048828125,1558.4000244140625,1551.5,1556.5,50209,0.0,0.0,ADANIENSOL.NS
2026-06-10 12:15:00+05:30,1557.9000244140625,1559.4000244140625,1550.5,1551.800048828125,95485,0.0,0.0,ADANIENSOL.NS
2026-06-10 12:30:00+05:30,1551.0999755859375,1553.199951171875,1543.9000244140625,1544.9000244140625,48267,0.0,0.0,ADANIENSOL.NS
2026-06-10 12:45:00+05:30,1544.699951171875,1552.0,1542.0,1551.199951171875,29251,0.0,0.0,ADANIENSOL.NS
2026-06-10 13:00:00+05:30,1551.0999755859375,1555.5999755859375,1551.0999755859375,1551.5,32238,0.0,0.0,ADANIENSOL.NS
2026-06-10 13:15:00+05:30,1551.5,1553.0999755859375,1546.699951171875,1549.199951171875,18203,0.0,0.0,ADANIENSOL.NS
2026-06-10 13:30:00+05:30,1549.4000244140625,1550.5,1545.699951171875,1546.0,25256,0.0,0.0,ADANIENSOL.NS
2026-06-10 13:45:00+05:30,1546.5,1548.0999755859375,1545.199951171875,1546.0,23590,0.0,0.0,ADANIENSOL.NS
2026-06-10 14:00:00+05:30,1546.4000244140625,1550.800048828125,1544.300048828125,1546.0,22397,0.0,0.0,ADANIENSOL.NS
2026-06-10 14:15:00+05:30,1544.800048828125,1558.5999755859375,1544.800048828125,1555.0999755859375,152687,0.0,0.0,ADANIENSOL.NS
2026-06-10 14:30:00+05:30,1554.5,1555.9000244140625,1544.0999755859375,1544.199951171875,87920,0.0,0.0,ADANIENSOL.NS
2026-06-10 14:45:00+05:30,1544.9000244140625,1545.0999755859375,1538.0999755859375,1541.5,50260,0.0,0.0,ADANIENSOL.NS
2026-06-10 15:00:00+05:30,1540.0,1540.4000244140625,1532.9000244140625,1533.699951171875,123951,0.0,0.0,ADANIENSOL.NS
2026-06-10 15:15:00+05:30,1533.9000244140625,1540.0,1530.9000244140625,1535.5999755859375,157427,0.0,0.0,ADANIENSOL.NS
2026-06-11 09:15:00+05:30,1531.800048828125,1539.0,1522.0,1531.5999755859375,95037,0.0,0.0,ADANIENSOL.NS
2026-06-11 09:30:00+05:30,1532.199951171875,1539.9000244140625,1532.199951171875,1538.5999755859375,82547,0.0,0.0,ADANIENSOL.NS
2026-06-11 09:45:00+05:30,1538.0,1541.300048828125,1532.300048828125,1533.5,56068,0.0,0.0,ADANIENSOL.NS
2026-06-11 10:00:00+05:30,1533.0,1533.9000244140625,1526.0,1532.199951171875,74580,0.0,0.0,ADANIENSOL.NS
2026-06-11 10:15:00+05:30,1532.199951171875,1536.800048828125,1530.699951171875,1535.5999755859375,41393,0.0,0.0,ADANIENSOL.NS
2026-06-11 10:30:00+05:30,1535.0,1538.0,1532.0,1533.5,22503,0.0,0.0,ADANIENSOL.NS
2026-06-11 10:45:00+05:30,1534.0,1534.4000244140625,1514.0999755859375,1515.5,86075,0.0,0.0,ADANIENSOL.NS
2026-06-11 11:00:00+05:30,1515.5,1517.300048828125,1508.699951171875,1513.300048828125,90293,0.0,0.0,ADANIENSOL.NS
2026-06-11 11:15:00+05:30,1513.199951171875,1522.9000244140625,1510.199951171875,1520.300048828125,46818,0.0,0.0,ADANIENSOL.NS
2026-06-11 11:30:00+05:30,1520.4000244140625,1523.699951171875,1507.0,1513.4000244140625,106719,0.0,0.0,ADANIENSOL.NS
2026-06-11 11:45:00+05:30,1514.0,1517.9000244140625,1513.0,1513.699951171875,16345,0.0,0.0,ADANIENSOL.NS
2026-06-11 12:00:00+05:30,1514.300048828125,1514.4000244140625,1502.9000244140625,1503.699951171875,66726,0.0,0.0,ADANIENSOL.NS
2026-06-11 12:15:00+05:30,1503.699951171875,1506.800048828125,1498.4000244140625,1501.0,48310,0.0,0.0,ADANIENSOL.NS
2026-06-11 12:30:00+05:30,1501.5999755859375,1505.0,1496.0999755859375,1499.9000244140625,40361,0.0,0.0,ADANIENSOL.NS
2026-06-11 12:45:00+05:30,1500.0,1500.300048828125,1494.0999755859375,1500.0,36834,0.0,0.0,ADANIENSOL.NS
2026-06-11 13:00:00+05:30,1499.5,1502.199951171875,1487.800048828125,1489.0,48181,0.0,0.0,ADANIENSOL.NS
2026-06-11 13:15:00+05:30,1489.4000244140625,1490.4000244140625,1485.0,1486.300048828125,60671,0.0,0.0,ADANIENSOL.NS
2026-06-11 13:30:00+05:30,1486.5,1489.0,1479.300048828125,1480.9000244140625,80425,0.0,0.0,ADANIENSOL.NS
2026-06-11 13:45:00+05:30,1480.9000244140625,1484.699951171875,1480.0999755859375,1481.5,49376,0.0,0.0,ADANIENSOL.NS
2026-06-11 14:00:00+05:30,1481.5,1485.5,1474.0,1476.5,96831,0.0,0.0,ADANIENSOL.NS
2026-06-11 14:15:00+05:30,1476.4000244140625,1481.199951171875,1471.9000244140625,1479.800048828125,80322,0.0,0.0,ADANIENSOL.NS
2026-06-11 14:30:00+05:30,1479.699951171875,1484.9000244140625,1475.4000244140625,1476.300048828125,100019,0.0,0.0,ADANIENSOL.NS
2026-06-11 14:45:00+05:30,1476.300048828125,1478.0,1471.0,1476.800048828125,94949,0.0,0.0,ADANIENSOL.NS
2026-06-11 15:00:00+05:30,1476.9000244140625,1479.300048828125,1463.5999755859375,1466.5999755859375,179918,0.0,0.0,ADANIENSOL.NS
2026-06-11 15:15:00+05:30,1466.300048828125,1470.0,1461.199951171875,1466.699951171875,189001,0.0,0.0,ADANIENSOL.NS
2026-06-12 09:15:00+05:30,1497.5999755859375,1498.5,1477.699951171875,1482.699951171875,158532,0.0,0.0,ADANIENSOL.NS
2026-06-12 09:30:00+05:30,1482.0,1487.5999755859375,1479.0,1483.0,94426,0.0,0.0,ADANIENSOL.NS
2026-06-12 09:45:00+05:30,1482.9000244140625,1509.0,1482.800048828125,1496.4000244140625,125058,0.0,0.0,ADANIENSOL.NS
2026-06-12 10:00:00+05:30,1495.5,1501.5,1489.5,1491.199951171875,77666,0.0,0.0,ADANIENSOL.NS
2026-06-12 10:15:00+05:30,1491.0999755859375,1504.0,1491.0,1496.300048828125,86842,0.0,0.0,ADANIENSOL.NS
2026-06-12 10:30:00+05:30,1496.9000244140625,1498.699951171875,1489.199951171875,1491.5,56335,0.0,0.0,ADANIENSOL.NS
2026-06-12 10:45:00+05:30,1491.9000244140625,1495.5,1487.0,1494.699951171875,36449,0.0,0.0,ADANIENSOL.NS
2026-06-12 11:00:00+05:30,1494.699951171875,1496.0,1487.300048828125,1496.0,29970,0.0,0.0,ADANIENSOL.NS
2026-06-12 11:15:00+05:30,1497.300048828125,1498.5999755859375,1489.800048828125,1490.800048828125,50599,0.0,0.0,ADANIENSOL.NS
2026-06-12 11:30:00+05:30,1490.699951171875,1493.5999755859375,1486.300048828125,1493.0,47859,0.0,0.0,ADANIENSOL.NS
2026-06-12 11:45:00+05:30,1493.0999755859375,1495.199951171875,1488.800048828125,1491.4000244140625,36537,0.0,0.0,ADANIENSOL.NS
2026-06-12 12:00:00+05:30,1491.4000244140625,1491.5999755859375,1482.199951171875,1483.5,35589,0.0,0.0,ADANIENSOL.NS
2026-06-12 12:15:00+05:30,1483.699951171875,1486.0999755859375,1481.300048828125,1485.5,11302,0.0,0.0,ADANIENSOL.NS
2026-06-12 12:30:00+05:30,1485.5,1486.9000244140625,1481.0,1481.699951171875,19057,0.0,0.0,ADANIENSOL.NS
2026-06-12 12:45:00+05:30,1481.0999755859375,1484.0,1480.4000244140625,1483.9000244140625,21013,0.0,0.0,ADANIENSOL.NS
2026-06-12 13:00:00+05:30,1483.4000244140625,1488.699951171875,1482.9000244140625,1486.0,18530,0.0,0.0,ADANIENSOL.NS
2026-06-12 13:15:00+05:30,1485.5999755859375,1491.5999755859375,1483.5999755859375,1490.0,40396,0.0,0.0,ADANIENSOL.NS
2026-06-12 13:30:00+05:30,1490.0,1501.9000244140625,1490.0,1500.800048828125,87288,0.0,0.0,ADANIENSOL.NS
2026-06-12 13:45:00+05:30,1500.0,1503.5999755859375,1498.300048828125,1501.9000244140625,57485,0.0,0.0,ADANIENSOL.NS
2026-06-12 14:00:00+05:30,1501.800048828125,1503.0,1496.800048828125,1498.5999755859375,25024,0.0,0.0,ADANIENSOL.NS
2026-06-12 14:15:00+05:30,1498.699951171875,1503.199951171875,1489.4000244140625,1492.199951171875,49867,0.0,0.0,ADANIENSOL.NS
2026-06-12 14:30:00+05:30,1492.0,1494.199951171875,1490.800048828125,1493.9000244140625,62160,0.0,0.0,ADANIENSOL.NS
2026-06-12 14:45:00+05:30,1494.0,1494.5999755859375,1490.4000244140625,1491.0,45983,0.0,0.0,ADANIENSOL.NS
2026-06-12 15:00:00+05:30,1490.800048828125,1498.0,1488.0,1490.199951171875,58008,0.0,0.0,ADANIENSOL.NS
2026-06-12 15:15:00+05:30,1490.4000244140625,1492.0,1478.0,1482.0,114130,0.0,0.0,ADANIENSOL.NS
2026-06-15 09:15:00+05:30,1509.0,1517.5999755859375,1504.5999755859375,1509.9000244140625,75247,0.0,0.0,ADANIENSOL.NS
2026-06-15 09:30:00+05:30,1509.300048828125,1525.0,1508.199951171875,1521.0,99808,0.0,0.0,ADANIENSOL.NS
2026-06-15 09:45:00+05:30,1521.5999755859375,1522.0,1509.199951171875,1509.300048828125,89290,0.0,0.0,ADANIENSOL.NS
2026-06-15 10:00:00+05:30,1508.0,1510.699951171875,1504.699951171875,1508.0999755859375,55134,0.0,0.0,ADANIENSOL.NS
2026-06-15 10:15:00+05:30,1507.4000244140625,1513.9000244140625,1507.4000244140625,1512.4000244140625,43438,0.0,0.0,ADANIENSOL.NS
2026-06-15 10:30:00+05:30,1513.300048828125,1513.4000244140625,1507.5999755859375,1508.5999755859375,23341,0.0,0.0,ADANIENSOL.NS
2026-06-15 10:45:00+05:30,1508.4000244140625,1514.800048828125,1508.4000244140625,1511.800048828125,25484,0.0,0.0,ADANIENSOL.NS
2026-06-15 11:00:00+05:30,1511.5,1513.0999755859375,1509.699951171875,1512.0,17484,0.0,0.0,ADANIENSOL.NS
2026-06-15 11:15:00+05:30,1512.300048828125,1524.5,1512.300048828125,1524.0,103050,0.0,0.0,ADANIENSOL.NS
2026-06-15 11:30:00+05:30,1524.0,1534.0,1523.0,1531.699951171875,110255,0.0,0.0,ADANIENSOL.NS
2026-06-15 11:45:00+05:30,1531.699951171875,1531.699951171875,1523.199951171875,1528.300048828125,72132,0.0,0.0,ADANIENSOL.NS
2026-06-15 12:00:00+05:30,1529.699951171875,1531.0999755859375,1524.5999755859375,1525.5999755859375,67489,0.0,0.0,ADANIENSOL.NS
2026-06-15 12:15:00+05:30,1525.0,1529.0,1519.800048828125,1526.5999755859375,42499,0.0,0.0,ADANIENSOL.NS
2026-06-15 12:30:00+05:30,1526.5,1528.9000244140625,1521.199951171875,1522.0,53098,0.0,0.0,ADANIENSOL.NS
2026-06-15 12:45:00+05:30,1522.199951171875,1522.199951171875,1505.5,1508.300048828125,122741,0.0,0.0,ADANIENSOL.NS
2026-06-15 13:00:00+05:30,1507.5,1510.9000244140625,1505.0,1507.9000244140625,89518,0.0,0.0,ADANIENSOL.NS
2026-06-15 13:15:00+05:30,1508.0,1508.0,1496.0999755859375,1500.9000244140625,85723,0.0,0.0,ADANIENSOL.NS
2026-06-15 13:30:00+05:30,1501.800048828125,1503.4000244140625,1494.0,1496.5999755859375,56496,0.0,0.0,ADANIENSOL.NS
2026-06-15 13:45:00+05:30,1496.199951171875,1499.5,1493.0999755859375,1499.0,21104,0.0,0.0,ADANIENSOL.NS
2026-06-15 14:00:00+05:30,1499.0,1507.199951171875,1498.5,1500.0,85041,0.0,0.0,ADANIENSOL.NS
2026-06-15 14:15:00+05:30,1500.0,1503.9000244140625,1497.300048828125,1503.800048828125,33218,0.0,0.0,ADANIENSOL.NS
2026-06-15 14:30:00+05:30,1503.800048828125,1507.199951171875,1497.9000244140625,1498.800048828125,115244,0.0,0.0,ADANIENSOL.NS
2026-06-15 14:45:00+05:30,1498.0,1503.800048828125,1493.699951171875,1496.199951171875,93109,0.0,0.0,ADANIENSOL.NS
2026-06-15 15:00:00+05:30,1495.800048828125,1497.4000244140625,1487.800048828125,1489.0,94924,0.0,0.0,ADANIENSOL.NS
2026-06-15 15:15:00+05:30,1489.9000244140625,1495.4000244140625,1487.699951171875,1487.699951171875,124249,0.0,0.0,ADANIENSOL.NS
2026-06-16 09:15:00+05:30,1497.9000244140625,1501.300048828125,1483.800048828125,1500.4000244140625,67808,0.0,0.0,ADANIENSOL.NS
2026-06-16 09:30:00+05:30,1500.0,1500.4000244140625,1488.699951171875,1490.699951171875,70591,0.0,0.0,ADANIENSOL.NS
2026-06-16 09:45:00+05:30,1490.699951171875,1509.5,1490.0,1504.699951171875,212706,0.0,0.0,ADANIENSOL.NS
2026-06-16 10:00:00+05:30,1504.300048828125,1506.9000244140625,1500.4000244140625,1505.0,44470,0.0,0.0,ADANIENSOL.NS
2026-06-16 10:15:00+05:30,1505.5,1506.0999755859375,1503.0,1505.5,31431,0.0,0.0,ADANIENSOL.NS
2026-06-16 10:30:00+05:30,1505.199951171875,1518.4000244140625,1505.199951171875,1518.4000244140625,82958,0.0,0.0,ADANIENSOL.NS
2026-06-16 10:45:00+05:30,1517.5,1518.300048828125,1510.5,1511.199951171875,36262,0.0,0.0,ADANIENSOL.NS
2026-06-16 11:00:00+05:30,1511.9000244140625,1511.9000244140625,1503.699951171875,1508.0999755859375,35577,0.0,0.0,ADANIENSOL.NS
2026-06-16 11:15:00+05:30,1508.0999755859375,1509.9000244140625,1503.199951171875,1504.0,17418,0.0,0.0,ADANIENSOL.NS
2026-06-16 11:30:00+05:30,1503.5999755859375,1503.5999755859375,1494.199951171875,1495.0999755859375,53741,0.0,0.0,ADANIENSOL.NS
2026-06-16 11:45:00+05:30,1495.0999755859375,1496.5999755859375,1484.0999755859375,1484.5,186450,0.0,0.0,ADANIENSOL.NS
2026-06-16 12:00:00+05:30,1485.0,1485.0,1476.5,1478.699951171875,58803,0.0,0.0,ADANIENSOL.NS
2026-06-16 12:15:00+05:30,1478.5999755859375,1482.300048828125,1475.5999755859375,1480.699951171875,57818,0.0,0.0,ADANIENSOL.NS
2026-06-16 12:30:00+05:30,1480.5999755859375,1481.300048828125,1476.5,1478.699951171875,24121,0.0,0.0,ADANIENSOL.NS
2026-06-16 12:45:00+05:30,1478.9000244140625,1480.0,1477.0999755859375,1478.9000244140625,21338,0.0,0.0,ADANIENSOL.NS
2026-06-16 13:00:00+05:30,1478.800048828125,1482.4000244140625,1475.5,1481.9000244140625,29196,0.0,0.0,ADANIENSOL.NS
2026-06-16 13:15:00+05:30,1482.0,1488.199951171875,1480.699951171875,1486.699951171875,42012,0.0,0.0,ADANIENSOL.NS
2026-06-16 13:30:00+05:30,1487.0,1496.5999755859375,1484.699951171875,1492.9000244140625,60195,0.0,0.0,ADANIENSOL.NS
2026-06-16 13:45:00+05:30,1492.5,1496.5999755859375,1492.300048828125,1494.699951171875,42414,0.0,0.0,ADANIENSOL.NS
2026-06-16 14:00:00+05:30,1495.0,1503.5,1493.0,1503.0,53035,0.0,0.0,ADANIENSOL.NS
2026-06-16 14:15:00+05:30,1503.0,1507.0,1499.199951171875,1501.4000244140625,63635,0.0,0.0,ADANIENSOL.NS
2026-06-16 14:30:00+05:30,1502.5999755859375,1503.0,1496.4000244140625,1497.800048828125,42393,0.0,0.0,ADANIENSOL.NS
2026-06-16 14:45:00+05:30,1497.699951171875,1499.0999755859375,1494.0999755859375,1496.9000244140625,45851,0.0,0.0,ADANIENSOL.NS
2026-06-16 15:00:00+05:30,1497.0,1499.0,1489.9000244140625,1492.0999755859375,82140,0.0,0.0,ADANIENSOL.NS
2026-06-16 15:15:00+05:30,1491.699951171875,1494.0,1483.5,1491.0999755859375,140591,0.0,0.0,ADANIENSOL.NS
2026-06-17 09:15:00+05:30,1492.300048828125,1495.0,1473.0,1477.5999755859375,101615,0.0,0.0,ADANIENSOL.NS
2026-06-17 09:30:00+05:30,1478.0,1480.5,1470.300048828125,1470.699951171875,85107,0.0,0.0,ADANIENSOL.NS
2026-06-17 09:45:00+05:30,1471.0,1478.4000244140625,1471.0,1474.9000244140625,49329,0.0,0.0,ADANIENSOL.NS
2026-06-17 10:00:00+05:30,1474.300048828125,1479.300048828125,1471.0,1479.199951171875,73354,0.0,0.0,ADANIENSOL.NS
2026-06-17 10:15:00+05:30,1478.5,1496.0,1477.800048828125,1484.800048828125,148099,0.0,0.0,ADANIENSOL.NS
2026-06-17 10:30:00+05:30,1484.5,1488.4000244140625,1481.5999755859375,1481.5999755859375,32120,0.0,0.0,ADANIENSOL.NS
2026-06-17 10:45:00+05:30,1481.5999755859375,1484.800048828125,1481.0,1481.0,22860,0.0,0.0,ADANIENSOL.NS
2026-06-17 11:00:00+05:30,1481.0999755859375,1486.0,1479.0999755859375,1480.199951171875,33498,0.0,0.0,ADANIENSOL.NS
2026-06-17 11:15:00+05:30,1480.199951171875,1483.5999755859375,1480.199951171875,1483.0,21935,0.0,0.0,ADANIENSOL.NS
2026-06-17 11:30:00+05:30,1482.5999755859375,1483.5999755859375,1478.4000244140625,1482.0999755859375,36484,0.0,0.0,ADANIENSOL.NS
2026-06-17 11:45:00+05:30,1482.0999755859375,1483.0999755859375,1481.0999755859375,1481.800048828125,12203,0.0,0.0,ADANIENSOL.NS
2026-06-17 12:00:00+05:30,1481.0,1489.5,1481.0,1488.199951171875,30486,0.0,0.0,ADANIENSOL.NS
2026-06-17 12:15:00+05:30,1488.199951171875,1491.9000244140625,1487.0,1488.0,38469,0.0,0.0,ADANIENSOL.NS
2026-06-17 12:30:00+05:30,1488.699951171875,1492.5999755859375,1488.0999755859375,1490.699951171875,30744,0.0,0.0,ADANIENSOL.NS
2026-06-17 12:45:00+05:30,1491.4000244140625,1492.0,1486.0,1486.800048828125,26154,0.0,0.0,ADANIENSOL.NS
2026-06-17 13:00:00+05:30,1486.699951171875,1486.9000244140625,1483.199951171875,1485.699951171875,28178,0.0,0.0,ADANIENSOL.NS
2026-06-17 13:15:00+05:30,1485.4000244140625,1489.4000244140625,1484.199951171875,1488.199951171875,50639,0.0,0.0,ADANIENSOL.NS
2026-06-17 13:30:00+05:30,1488.4000244140625,1489.5999755859375,1486.0999755859375,1487.0999755859375,15994,0.0,0.0,ADANIENSOL.NS
2026-06-17 13:45:00+05:30,1487.0,1487.9000244140625,1480.800048828125,1483.199951171875,24192,0.0,0.0,ADANIENSOL.NS
2026-06-17 14:00:00+05:30,1483.800048828125,1486.300048828125,1482.5,1484.5999755859375,31098,0.0,0.0,ADANIENSOL.NS
2026-06-17 14:15:00+05:30,1484.5,1491.4000244140625,1483.699951171875,1484.800048828125,42869,0.0,0.0,ADANIENSOL.NS
2026-06-17 14:30:00+05:30,1485.300048828125,1491.5,1483.5,1490.5,30592,0.0,0.0,ADANIENSOL.NS
2026-06-17 14:45:00+05:30,1491.300048828125,1492.800048828125,1488.4000244140625,1492.300048828125,31633,0.0,0.0,ADANIENSOL.NS
2026-06-17 15:00:00+05:30,1492.0,1495.4000244140625,1486.699951171875,1487.5999755859375,110203,0.0,0.0,ADANIENSOL.NS
2026-06-17 15:15:00+05:30,1488.0,1491.5,1487.9000244140625,1489.800048828125,68784,0.0,0.0,ADANIENSOL.NS
2026-06-18 09:15:00+05:30,1494.9000244140625,1510.9000244140625,1493.0,1495.4000244140625,61565,0.0,0.0,ADANIENSOL.NS
2026-06-18 09:30:00+05:30,1495.5,1497.0,1488.0999755859375,1490.9000244140625,72098,0.0,0.0,ADANIENSOL.NS
2026-06-18 09:45:00+05:30,1490.0999755859375,1502.5,1490.0999755859375,1493.199951171875,74288,0.0,0.0,ADANIENSOL.NS
2026-06-18 10:00:00+05:30,1493.699951171875,1493.800048828125,1488.0,1488.0,42895,0.0,0.0,ADANIENSOL.NS
2026-06-18 10:15:00+05:30,1488.5999755859375,1491.5,1486.0999755859375,1487.300048828125,35423,0.0,0.0,ADANIENSOL.NS
2026-06-18 10:30:00+05:30,1487.199951171875,1488.4000244140625,1484.0999755859375,1487.0999755859375,25714,0.0,0.0,ADANIENSOL.NS
2026-06-18 10:45:00+05:30,1486.9000244140625,1492.800048828125,1486.800048828125,1491.0,19485,0.0,0.0,ADANIENSOL.NS
2026-06-18 11:00:00+05:30,1491.0,1491.0,1485.5,1486.5,33977,0.0,0.0,ADANIENSOL.NS
2026-06-18 11:15:00+05:30,1485.800048828125,1488.9000244140625,1484.0,1487.5,27548,0.0,0.0,ADANIENSOL.NS
2026-06-18 11:30:00+05:30,1487.4000244140625,1493.800048828125,1487.4000244140625,1490.699951171875,34935,0.0,0.0,ADANIENSOL.NS
2026-06-18 11:45:00+05:30,1490.699951171875,1490.800048828125,1487.5,1488.9000244140625,11961,0.0,0.0,ADANIENSOL.NS
2026-06-18 12:00:00+05:30,1488.4000244140625,1490.199951171875,1488.0,1489.699951171875,8519,0.0,0.0,ADANIENSOL.NS
2026-06-18 12:15:00+05:30,1489.5999755859375,1517.0999755859375,1488.0999755859375,1517.0999755859375,125616,0.0,0.0,ADANIENSOL.NS
2026-06-18 12:30:00+05:30,1517.0,1521.699951171875,1508.0999755859375,1512.0,152578,0.0,0.0,ADANIENSOL.NS
2026-06-18 12:45:00+05:30,1511.5,1518.0,1506.0999755859375,1515.9000244140625,56632,0.0,0.0,ADANIENSOL.NS
2026-06-18 13:00:00+05:30,1515.800048828125,1526.699951171875,1513.5999755859375,1518.5999755859375,105779,0.0,0.0,ADANIENSOL.NS
2026-06-18 13:15:00+05:30,1519.0,1520.0,1499.5,1502.199951171875,118337,0.0,0.0,ADANIENSOL.NS
2026-06-18 13:30:00+05:30,1501.9000244140625,1506.300048828125,1499.699951171875,1501.5999755859375,64913,0.0,0.0,ADANIENSOL.NS
2026-06-18 13:45:00+05:30,1501.5999755859375,1503.300048828125,1497.9000244140625,1498.4000244140625,25864,0.0,0.0,ADANIENSOL.NS
2026-06-18 14:00:00+05:30,1498.4000244140625,1499.5999755859375,1495.699951171875,1498.5,28857,0.0,0.0,ADANIENSOL.NS
2026-06-18 14:15:00+05:30,1498.5,1498.5999755859375,1493.0,1496.0999755859375,36666,0.0,0.0,ADANIENSOL.NS
2026-06-18 14:30:00+05:30,1496.0,1496.5,1492.5,1495.699951171875,26691,0.0,0.0,ADANIENSOL.NS
2026-06-18 14:45:00+05:30,1495.699951171875,1502.4000244140625,1490.9000244140625,1499.5,35715,0.0,0.0,ADANIENSOL.NS
2026-06-18 15:00:00+05:30,1499.5,1523.0,1499.5,1521.0999755859375,238002,0.0,0.0,ADANIENSOL.NS
2026-06-18 15:15:00+05:30,1521.5999755859375,1539.9000244140625,1518.0,1535.0,391335,0.0,0.0,ADANIENSOL.NS
2026-06-19 09:15:00+05:30,1529.5,1539.800048828125,1521.5,1537.300048828125,164384,0.0,0.0,ADANIENSOL.NS
2026-06-19 09:30:00+05:30,1536.5,1537.199951171875,1523.300048828125,1528.199951171875,94291,0.0,0.0,ADANIENSOL.NS
2026-06-19 09:45:00+05:30,1528.199951171875,1532.699951171875,1525.5,1527.5,83187,0.0,0.0,ADANIENSOL.NS
2026-06-19 10:00:00+05:30,1527.0,1530.5999755859375,1520.0,1530.5999755859375,75262,0.0,0.0,ADANIENSOL.NS
2026-06-19 10:15:00+05:30,1529.0,1529.5999755859375,1521.4000244140625,1521.5999755859375,33467,0.0,0.0,ADANIENSOL.NS
2026-06-19 10:30:00+05:30,1521.4000244140625,1524.5,1518.4000244140625,1523.800048828125,32406,0.0,0.0,ADANIENSOL.NS
2026-06-19 10:45:00+05:30,1523.0999755859375,1526.0,1520.800048828125,1523.0999755859375,20077,0.0,0.0,ADANIENSOL.NS
2026-06-19 11:00:00+05:30,1523.199951171875,1530.0999755859375,1523.0999755859375,1530.0999755859375,39694,0.0,0.0,ADANIENSOL.NS
2026-06-19 11:15:00+05:30,1530.4000244140625,1533.0,1522.5,1525.699951171875,33839,0.0,0.0,ADANIENSOL.NS
2026-06-19 11:30:00+05:30,1525.800048828125,1527.0,1517.0,1519.0,77834,0.0,0.0,ADANIENSOL.NS
2026-06-19 11:45:00+05:30,1519.0999755859375,1519.699951171875,1515.699951171875,1518.300048828125,66279,0.0,0.0,ADANIENSOL.NS
2026-06-19 12:00:00+05:30,1519.0,1519.800048828125,1515.0,1517.5999755859375,29493,0.0,0.0,ADANIENSOL.NS
2026-06-19 12:15:00+05:30,1517.5999755859375,1518.0,1516.0,1517.5999755859375,19767,0.0,0.0,ADANIENSOL.NS
2026-06-19 12:30:00+05:30,1517.5999755859375,1518.0,1508.199951171875,1510.0,52195,0.0,0.0,ADANIENSOL.NS
2026-06-19 12:45:00+05:30,1510.9000244140625,1513.5999755859375,1501.300048828125,1503.5999755859375,61376,0.0,0.0,ADANIENSOL.NS
2026-06-19 13:00:00+05:30,1505.5,1508.699951171875,1502.4000244140625,1508.699951171875,33204,0.0,0.0,ADANIENSOL.NS
2026-06-19 13:15:00+05:30,1508.699951171875,1512.800048828125,1508.0999755859375,1509.699951171875,30692,0.0,0.0,ADANIENSOL.NS
2026-06-19 13:30:00+05:30,1509.699951171875,1513.5999755859375,1507.300048828125,1513.0999755859375,15701,0.0,0.0,ADANIENSOL.NS
2026-06-19 13:45:00+05:30,1513.0999755859375,1513.4000244140625,1506.0999755859375,1509.4000244140625,44477,0.0,0.0,ADANIENSOL.NS
2026-06-19 14:00:00+05:30,1508.9000244140625,1510.4000244140625,1503.0,1509.0999755859375,36134,0.0,0.0,ADANIENSOL.NS
2026-06-19 14:15:00+05:30,1509.800048828125,1509.800048828125,1505.5,1508.0,28847,0.0,0.0,ADANIENSOL.NS
2026-06-19 14:30:00+05:30,1508.0,1512.0,1507.0,1509.5999755859375,46860,0.0,0.0,ADANIENSOL.NS
2026-06-19 14:45:00+05:30,1510.0,1510.0,1496.9000244140625,1499.5,90084,0.0,0.0,ADANIENSOL.NS
2026-06-19 15:00:00+05:30,1499.4000244140625,1511.800048828125,1498.199951171875,1507.800048828125,572690,0.0,0.0,ADANIENSOL.NS
2026-06-19 15:15:00+05:30,1508.5,1511.0,1505.300048828125,1507.4000244140625,595085,0.0,0.0,ADANIENSOL.NS
2026-06-22 09:15:00+05:30,1515.0999755859375,1517.9000244140625,1506.5,1514.0,49592,0.0,0.0,ADANIENSOL.NS
2026-06-22 09:30:00+05:30,1513.4000244140625,1514.199951171875,1502.5999755859375,1505.199951171875,65253,0.0,0.0,ADANIENSOL.NS
2026-06-22 09:45:00+05:30,1505.300048828125,1507.0,1500.0999755859375,1503.5,31166,0.0,0.0,ADANIENSOL.NS
2026-06-22 10:00:00+05:30,1502.9000244140625,1505.9000244140625,1500.0,1503.4000244140625,42000,0.0,0.0,ADANIENSOL.NS
2026-06-22 10:15:00+05:30,1503.5,1504.9000244140625,1500.0999755859375,1503.0,20272,0.0,0.0,ADANIENSOL.NS
2026-06-22 10:30:00+05:30,1503.300048828125,1504.800048828125,1502.199951171875,1503.5999755859375,11741,0.0,0.0,ADANIENSOL.NS
2026-06-22 10:45:00+05:30,1503.5999755859375,1504.4000244140625,1496.0999755859375,1501.5,39179,0.0,0.0,ADANIENSOL.NS
2026-06-22 11:00:00+05:30,1501.300048828125,1518.0,1501.0999755859375,1518.0,73120,0.0,0.0,ADANIENSOL.NS
2026-06-22 11:15:00+05:30,1518.0,1518.0,1507.300048828125,1511.199951171875,232050,0.0,0.0,ADANIENSOL.NS
2026-06-22 11:30:00+05:30,1510.9000244140625,1516.5,1509.0,1515.800048828125,86975,0.0,0.0,ADANIENSOL.NS
2026-06-22 11:45:00+05:30,1515.800048828125,1518.9000244140625,1512.300048828125,1514.0,69741,0.0,0.0,ADANIENSOL.NS
2026-06-22 12:00:00+05:30,1514.0999755859375,1514.9000244140625,1506.5999755859375,1506.800048828125,52861,0.0,0.0,ADANIENSOL.NS
2026-06-22 12:15:00+05:30,1506.5999755859375,1512.0,1505.800048828125,1512.0,24405,0.0,0.0,ADANIENSOL.NS
2026-06-22 12:30:00+05:30,1511.4000244140625,1513.0,1511.0,1512.199951171875,7856,0.0,0.0,ADANIENSOL.NS
2026-06-22 12:45:00+05:30,1512.4000244140625,1515.0,1511.0,1514.800048828125,16457,0.0,0.0,ADANIENSOL.NS
2026-06-22 13:00:00+05:30,1515.0,1515.9000244140625,1511.5,1513.699951171875,17484,0.0,0.0,ADANIENSOL.NS
2026-06-22 13:15:00+05:30,1513.9000244140625,1513.9000244140625,1510.300048828125,1511.699951171875,5610,0.0,0.0,ADANIENSOL.NS
2026-06-22 13:30:00+05:30,1511.0999755859375,1519.5999755859375,1511.0999755859375,1515.0999755859375,29965,0.0,0.0,ADANIENSOL.NS
2026-06-22 13:45:00+05:30,1515.300048828125,1517.5999755859375,1514.0999755859375,1516.699951171875,10107,0.0,0.0,ADANIENSOL.NS
2026-06-22 14:00:00+05:30,1516.4000244140625,1518.199951171875,1515.5999755859375,1516.699951171875,20100,0.0,0.0,ADANIENSOL.NS
2026-06-22 14:15:00+05:30,1516.699951171875,1530.0,1516.0999755859375,1528.800048828125,103762,0.0,0.0,ADANIENSOL.NS
2026-06-22 14:30:00+05:30,1528.800048828125,1529.0,1521.4000244140625,1524.5999755859375,59461,0.0,0.0,ADANIENSOL.NS
2026-06-22 14:45:00+05:30,1524.5999755859375,1529.699951171875,1524.300048828125,1529.5999755859375,56024,0.0,0.0,ADANIENSOL.NS
2026-06-22 15:00:00+05:30,1530.5,1544.4000244140625,1530.5,1540.5999755859375,293344,0.0,0.0,ADANIENSOL.NS
2026-06-22 15:15:00+05:30,1541.0,1541.800048828125,1535.0,1539.4000244140625,224988,0.0,0.0,ADANIENSOL.NS
2026-06-23 09:15:00+05:30,1547.0,1551.0,1536.199951171875,1536.699951171875,64330,0.0,0.0,ADANIENSOL.NS
2026-06-23 09:30:00+05:30,1536.5999755859375,1538.699951171875,1531.199951171875,1532.9000244140625,79678,0.0,0.0,ADANIENSOL.NS
2026-06-23 09:45:00+05:30,1532.9000244140625,1537.0,1531.5999755859375,1533.9000244140625,35767,0.0,0.0,ADANIENSOL.NS
2026-06-23 10:00:00+05:30,1533.9000244140625,1533.9000244140625,1528.300048828125,1529.9000244140625,53262,0.0,0.0,ADANIENSOL.NS
2026-06-23 10:15:00+05:30,1529.300048828125,1530.0,1520.0,1521.5999755859375,62119,0.0,0.0,ADANIENSOL.NS
2026-06-23 10:30:00+05:30,1521.199951171875,1525.4000244140625,1518.0999755859375,1520.4000244140625,58665,0.0,0.0,ADANIENSOL.NS
2026-06-23 10:45:00+05:30,1520.800048828125,1525.5999755859375,1513.0,1523.0999755859375,79536,0.0,0.0,ADANIENSOL.NS
2026-06-23 11:00:00+05:30,1523.300048828125,1524.9000244140625,1520.9000244140625,1523.0,21122,0.0,0.0,ADANIENSOL.NS
2026-06-23 11:15:00+05:30,1523.0999755859375,1523.300048828125,1514.4000244140625,1516.800048828125,34134,0.0,0.0,ADANIENSOL.NS
2026-06-23 11:30:00+05:30,1516.9000244140625,1517.5999755859375,1511.0,1511.0,29921,0.0,0.0,ADANIENSOL.NS
2026-06-23 11:45:00+05:30,1510.800048828125,1510.800048828125,1485.0,1486.800048828125,188108,0.0,0.0,ADANIENSOL.NS
2026-06-23 12:00:00+05:30,1486.5,1490.300048828125,1481.9000244140625,1486.9000244140625,101561,0.0,0.0,ADANIENSOL.NS
2026-06-23 12:15:00+05:30,1486.9000244140625,1494.300048828125,1480.0,1493.199951171875,71437,0.0,0.0,ADANIENSOL.NS
2026-06-23 12:30:00+05:30,1493.300048828125,1502.699951171875,1491.699951171875,1501.800048828125,63874,0.0,0.0,ADANIENSOL.NS
2026-06-23 12:45:00+05:30,1502.5,1505.9000244140625,1497.4000244140625,1497.5999755859375,80942,0.0,0.0,ADANIENSOL.NS
2026-06-23 13:00:00+05:30,1497.699951171875,1508.9000244140625,1494.5999755859375,1506.0,62449,0.0,0.0,ADANIENSOL.NS
2026-06-23 13:15:00+05:30,1506.0,1506.0,1500.199951171875,1500.4000244140625,41598,0.0,0.0,ADANIENSOL.NS
2026-06-23 13:30:00+05:30,1501.5,1504.0,1496.800048828125,1503.5999755859375,47259,0.0,0.0,ADANIENSOL.NS
2026-06-23 13:45:00+05:30,1503.5999755859375,1507.5,1500.199951171875,1501.5,25565,0.0,0.0,ADANIENSOL.NS
2026-06-23 14:00:00+05:30,1501.0,1511.0,1500.699951171875,1510.5,37992,0.0,0.0,ADANIENSOL.NS
2026-06-23 14:15:00+05:30,1510.4000244140625,1513.800048828125,1505.5,1506.9000244140625,44010,0.0,0.0,ADANIENSOL.NS
2026-06-23 14:30:00+05:30,1507.0,1507.199951171875,1490.9000244140625,1494.4000244140625,89344,0.0,0.0,ADANIENSOL.NS
2026-06-23 14:45:00+05:30,1494.5,1506.5,1494.0,1502.4000244140625,59614,0.0,0.0,ADANIENSOL.NS
2026-06-23 15:00:00+05:30,1505.0999755859375,1505.0999755859375,1494.4000244140625,1496.9000244140625,100520,0.0,0.0,ADANIENSOL.NS
2026-06-23 15:15:00+05:30,1496.5999755859375,1496.5999755859375,1487.300048828125,1491.699951171875,151629,0.0,0.0,ADANIENSOL.NS
2026-06-24 09:15:00+05:30,1499.0,1521.9000244140625,1495.9000244140625,1502.0999755859375,121240,0.0,0.0,ADANIENSOL.NS
2026-06-24 09:30:00+05:30,1502.199951171875,1502.199951171875,1487.5999755859375,1489.4000244140625,73990,0.0,0.0,ADANIENSOL.NS
2026-06-24 09:45:00+05:30,1488.4000244140625,1493.199951171875,1482.4000244140625,1493.199951171875,66808,0.0,0.0,ADANIENSOL.NS
2026-06-24 10:00:00+05:30,1494.0999755859375,1506.4000244140625,1494.0,1499.0999755859375,78261,0.0,0.0,ADANIENSOL.NS
2026-06-24 10:15:00+05:30,1499.0999755859375,1501.5,1494.0,1494.9000244140625,45169,0.0,0.0,ADANIENSOL.NS
2026-06-24 10:30:00+05:30,1495.0,1496.699951171875,1492.5,1493.300048828125,30895,0.0,0.0,ADANIENSOL.NS
2026-06-24 10:45:00+05:30,1494.0,1498.699951171875,1491.4000244140625,1492.9000244140625,34299,0.0,0.0,ADANIENSOL.NS
2026-06-24 11:00:00+05:30,1492.9000244140625,1494.699951171875,1492.5,1493.0,19052,0.0,0.0,ADANIENSOL.NS
2026-06-24 11:15:00+05:30,1493.0,1493.0,1488.4000244140625,1490.300048828125,37699,0.0,0.0,ADANIENSOL.NS
2026-06-24 11:30:00+05:30,1490.5999755859375,1499.0,1490.199951171875,1496.699951171875,42704,0.0,0.0,ADANIENSOL.NS
2026-06-24 11:45:00+05:30,1496.5,1499.0,1494.5999755859375,1496.5,24319,0.0,0.0,ADANIENSOL.NS
2026-06-24 12:00:00+05:30,1496.199951171875,1498.800048828125,1493.0,1494.300048828125,38354,0.0,0.0,ADANIENSOL.NS
2026-06-24 12:15:00+05:30,1494.9000244140625,1495.699951171875,1487.199951171875,1488.800048828125,26129,0.0,0.0,ADANIENSOL.NS
2026-06-24 12:30:00+05:30,1488.199951171875,1489.0,1484.699951171875,1488.9000244140625,40244,0.0,0.0,ADANIENSOL.NS
2026-06-24 12:45:00+05:30,1489.5,1492.800048828125,1487.699951171875,1491.199951171875,31336,0.0,0.0,ADANIENSOL.NS
2026-06-24 13:00:00+05:30,1491.300048828125,1502.199951171875,1490.5999755859375,1498.0999755859375,35548,0.0,0.0,ADANIENSOL.NS
2026-06-24 13:15:00+05:30,1498.9000244140625,1498.9000244140625,1496.0,1497.199951171875,27476,0.0,0.0,ADANIENSOL.NS
2026-06-24 13:30:00+05:30,1497.699951171875,1502.0,1495.5,1496.300048828125,52176,0.0,0.0,ADANIENSOL.NS
2026-06-24 13:45:00+05:30,1496.199951171875,1498.5999755859375,1494.5,1495.5999755859375,30703,0.0,0.0,ADANIENSOL.NS
2026-06-24 14:00:00+05:30,1495.0999755859375,1499.0,1493.5999755859375,1497.9000244140625,18711,0.0,0.0,ADANIENSOL.NS
2026-06-24 14:15:00+05:30,1497.9000244140625,1502.4000244140625,1497.0,1499.199951171875,36925,0.0,0.0,ADANIENSOL.NS
2026-06-24 14:30:00+05:30,1499.5,1502.800048828125,1498.0999755859375,1499.4000244140625,39657,0.0,0.0,ADANIENSOL.NS
2026-06-24 14:45:00+05:30,1499.0999755859375,1504.5999755859375,1497.0999755859375,1500.5,73759,0.0,0.0,ADANIENSOL.NS
2026-06-24 15:00:00+05:30,1499.4000244140625,1501.0999755859375,1495.800048828125,1497.5,67352,0.0,0.0,ADANIENSOL.NS
2026-06-24 15:15:00+05:30,1497.5,1498.4000244140625,1491.5,1497.0,109952,0.0,0.0,ADANIENSOL.NS
2026-06-25 09:15:00+05:30,1506.800048828125,1514.699951171875,1503.0,1510.0,54354,0.0,0.0,ADANIENSOL.NS
2026-06-25 09:30:00+05:30,1510.0,1521.0,1505.300048828125,1516.5999755859375,112888,0.0,0.0,ADANIENSOL.NS
2026-06-25 09:45:00+05:30,1516.800048828125,1520.0,1511.0,1517.5,67223,0.0,0.0,ADANIENSOL.NS
2026-06-25 10:00:00+05:30,1518.0,1519.0999755859375,1508.0999755859375,1513.0,58456,0.0,0.0,ADANIENSOL.NS
2026-06-25 10:15:00+05:30,1513.0,1515.5999755859375,1510.5,1511.9000244140625,27073,0.0,0.0,ADANIENSOL.NS
2026-06-25 10:30:00+05:30,1513.0,1520.0,1512.300048828125,1519.4000244140625,42620,0.0,0.0,ADANIENSOL.NS
2026-06-25 10:45:00+05:30,1518.5999755859375,1520.4000244140625,1507.0999755859375,1514.5,39675,0.0,0.0,ADANIENSOL.NS
2026-06-25 11:00:00+05:30,1514.5999755859375,1523.5999755859375,1512.9000244140625,1521.4000244140625,55002,0.0,0.0,ADANIENSOL.NS
2026-06-25 11:15:00+05:30,1521.300048828125,1530.300048828125,1521.199951171875,1526.5,97017,0.0,0.0,ADANIENSOL.NS
2026-06-25 11:30:00+05:30,1525.800048828125,1528.0,1519.699951171875,1523.0,61142,0.0,0.0,ADANIENSOL.NS
2026-06-25 11:45:00+05:30,1521.800048828125,1524.0999755859375,1520.699951171875,1523.4000244140625,16566,0.0,0.0,ADANIENSOL.NS
2026-06-25 12:00:00+05:30,1524.0,1527.0,1524.0,1525.4000244140625,20025,0.0,0.0,ADANIENSOL.NS
2026-06-25 12:15:00+05:30,1525.4000244140625,1525.4000244140625,1520.0,1521.0999755859375,28526,0.0,0.0,ADANIENSOL.NS
2026-06-25 12:30:00+05:30,1521.0999755859375,1526.0,1517.5999755859375,1523.5,34510,0.0,0.0,ADANIENSOL.NS
2026-06-25 12:45:00+05:30,1523.5,1524.4000244140625,1515.4000244140625,1517.0999755859375,25537,0.0,0.0,ADANIENSOL.NS
2026-06-25 13:00:00+05:30,1517.0,1524.300048828125,1517.0,1517.199951171875,21320,0.0,0.0,ADANIENSOL.NS
2026-06-25 13:15:00+05:30,1517.800048828125,1522.9000244140625,1517.0999755859375,1520.0,12801,0.0,0.0,ADANIENSOL.NS
2026-06-25 13:30:00+05:30,1520.5999755859375,1520.800048828125,1517.699951171875,1519.0999755859375,16891,0.0,0.0,ADANIENSOL.NS
2026-06-25 13:45:00+05:30,1519.0999755859375,1521.9000244140625,1518.0,1519.4000244140625,33884,0.0,0.0,ADANIENSOL.NS
2026-06-25 14:00:00+05:30,1519.5999755859375,1520.199951171875,1512.0,1512.699951171875,34349,0.0,0.0,ADANIENSOL.NS
2026-06-25 14:15:00+05:30,1512.699951171875,1513.300048828125,1509.5,1512.699951171875,31173,0.0,0.0,ADANIENSOL.NS
2026-06-25 14:30:00+05:30,1512.199951171875,1516.0,1509.0,1510.0,28098,0.0,0.0,ADANIENSOL.NS
2026-06-25 14:45:00+05:30,1510.0,1511.9000244140625,1507.0999755859375,1509.0,37446,0.0,0.0,ADANIENSOL.NS
2026-06-25 15:00:00+05:30,1508.199951171875,1517.0,1507.0,1508.4000244140625,90668,0.0,0.0,ADANIENSOL.NS
2026-06-25 15:15:00+05:30,1508.4000244140625,1508.9000244140625,1501.0,1506.0,140154,0.0,0.0,ADANIENSOL.NS
2026-06-29 09:15:00+05:30,1492.199951171875,1495.5,1466.0,1478.699951171875,136759,0.0,0.0,ADANIENSOL.NS
2026-06-29 09:30:00+05:30,1478.9000244140625,1481.0999755859375,1470.9000244140625,1475.5,71121,0.0,0.0,ADANIENSOL.NS
2026-06-29 09:45:00+05:30,1475.4000244140625,1480.0,1471.800048828125,1480.0,63474,0.0,0.0,ADANIENSOL.NS
2026-06-29 10:00:00+05:30,1480.0,1484.5999755859375,1478.0,1480.0,77387,0.0,0.0,ADANIENSOL.NS
2026-06-29 10:15:00+05:30,1479.800048828125,1485.5,1477.0999755859375,1485.0999755859375,81841,0.0,0.0,ADANIENSOL.NS
2026-06-29 10:30:00+05:30,1484.9000244140625,1485.5999755859375,1480.0,1485.5999755859375,82807,0.0,0.0,ADANIENSOL.NS
2026-06-29 10:45:00+05:30,1485.199951171875,1487.300048828125,1483.5999755859375,1485.199951171875,224812,0.0,0.0,ADANIENSOL.NS
2026-06-29 11:00:00+05:30,1485.699951171875,1488.5,1482.5,1485.0999755859375,276182,0.0,0.0,ADANIENSOL.NS
2026-06-29 11:15:00+05:30,1485.0,1491.5,1483.300048828125,1486.9000244140625,295816,0.0,0.0,ADANIENSOL.NS
2026-06-29 11:30:00+05:30,1487.0,1488.0,1484.0,1485.300048828125,76067,0.0,0.0,ADANIENSOL.NS
2026-06-29 11:45:00+05:30,1485.5,1498.5999755859375,1483.199951171875,1490.199951171875,122921,0.0,0.0,ADANIENSOL.NS
2026-06-29 12:00:00+05:30,1490.4000244140625,1490.800048828125,1483.0999755859375,1485.4000244140625,232128,0.0,0.0,ADANIENSOL.NS
2026-06-29 12:15:00+05:30,1485.4000244140625,1485.699951171875,1477.5999755859375,1478.5999755859375,141152,0.0,0.0,ADANIENSOL.NS
2026-06-29 12:30:00+05:30,1478.300048828125,1485.5999755859375,1473.4000244140625,1485.300048828125,114846,0.0,0.0,ADANIENSOL.NS
2026-06-29 12:45:00+05:30,1485.300048828125,1485.300048828125,1477.9000244140625,1484.0,124302,0.0,0.0,ADANIENSOL.NS
2026-06-29 13:00:00+05:30,1484.0,1486.0,1482.800048828125,1485.0,176231,0.0,0.0,ADANIENSOL.NS
2026-06-29 13:15:00+05:30,1485.0,1488.0,1481.9000244140625,1486.199951171875,145067,0.0,0.0,ADANIENSOL.NS
2026-06-29 13:30:00+05:30,1485.300048828125,1494.699951171875,1483.300048828125,1486.0,385937,0.0,0.0,ADANIENSOL.NS
2026-06-29 13:45:00+05:30,1486.0,1490.0,1483.800048828125,1487.800048828125,218003,0.0,0.0,ADANIENSOL.NS
2026-06-29 14:00:00+05:30,1488.199951171875,1490.0,1486.0,1488.300048828125,175516,0.0,0.0,ADANIENSOL.NS
2026-06-29 14:15:00+05:30,1488.199951171875,1488.5999755859375,1484.699951171875,1486.0,213929,0.0,0.0,ADANIENSOL.NS
2026-06-29 14:30:00+05:30,1486.0,1486.300048828125,1484.0,1484.0,214336,0.0,0.0,ADANIENSOL.NS
2026-06-29 14:45:00+05:30,1484.0,1484.0,1474.300048828125,1475.9000244140625,204006,0.0,0.0,ADANIENSOL.NS
2026-06-29 15:00:00+05:30,1475.9000244140625,1489.4000244140625,1475.9000244140625,1488.800048828125,2055400,0.0,0.0,ADANIENSOL.NS
2026-06-29 15:15:00+05:30,1488.9000244140625,1489.5999755859375,1476.800048828125,1486.4000244140625,1697681,0.0,0.0,ADANIENSOL.NS
2026-06-30 09:15:00+05:30,1494.0,1498.199951171875,1474.0999755859375,1479.5999755859375,102450,0.0,0.0,ADANIENSOL.NS
2026-06-30 09:30:00+05:30,1479.199951171875,1487.0,1478.0999755859375,1482.9000244140625,65104,0.0,0.0,ADANIENSOL.NS
2026-06-30 09:45:00+05:30,1483.699951171875,1485.9000244140625,1481.5,1483.0,42892,0.0,0.0,ADANIENSOL.NS
2026-06-30 10:00:00+05:30,1483.0,1488.5999755859375,1482.5999755859375,1485.5,40052,0.0,0.0,ADANIENSOL.NS
2026-06-30 10:15:00+05:30,1485.5999755859375,1485.800048828125,1476.5,1478.9000244140625,61347,0.0,0.0,ADANIENSOL.NS
2026-06-30 10:30:00+05:30,1478.699951171875,1478.9000244140625,1475.5,1478.5999755859375,28141,0.0,0.0,ADANIENSOL.NS
2026-06-30 10:45:00+05:30,1478.4000244140625,1483.5999755859375,1475.9000244140625,1479.699951171875,33779,0.0,0.0,ADANIENSOL.NS
2026-06-30 11:00:00+05:30,1479.199951171875,1486.4000244140625,1477.0,1485.800048828125,51490,0.0,0.0,ADANIENSOL.NS
2026-06-30 11:15:00+05:30,1485.699951171875,1486.4000244140625,1477.0999755859375,1477.0999755859375,67289,0.0,0.0,ADANIENSOL.NS
2026-06-30 11:30:00+05:30,1477.0999755859375,1479.0,1474.5,1475.699951171875,48646,0.0,0.0,ADANIENSOL.NS
2026-06-30 11:45:00+05:30,1476.4000244140625,1479.9000244140625,1475.199951171875,1479.5999755859375,45459,0.0,0.0,ADANIENSOL.NS
2026-06-30 12:00:00+05:30,1479.4000244140625,1479.4000244140625,1476.5,1477.0,15682,0.0,0.0,ADANIENSOL.NS
2026-06-30 12:15:00+05:30,1477.0,1478.9000244140625,1476.0,1478.0,17648,0.0,0.0,ADANIENSOL.NS
2026-06-30 12:30:00+05:30,1478.4000244140625,1478.800048828125,1474.699951171875,1478.5999755859375,20682,0.0,0.0,ADANIENSOL.NS
2026-06-30 12:45:00+05:30,1478.699951171875,1478.800048828125,1475.0999755859375,1475.9000244140625,17096,0.0,0.0,ADANIENSOL.NS
2026-06-30 13:00:00+05:30,1476.4000244140625,1476.699951171875,1471.0,1472.5,36645,0.0,0.0,ADANIENSOL.NS
2026-06-30 13:15:00+05:30,1472.0,1476.300048828125,1472.0,1476.199951171875,22224,0.0,0.0,ADANIENSOL.NS
2026-06-30 13:30:00+05:30,1476.300048828125,1486.199951171875,1476.0,1485.300048828125,87068,0.0,0.0,ADANIENSOL.NS
2026-06-30 13:45:00+05:30,1485.300048828125,1487.4000244140625,1481.4000244140625,1481.5,164638,0.0,0.0,ADANIENSOL.NS
2026-06-30 14:00:00+05:30,1481.5,1482.699951171875,1477.9000244140625,1478.5,137490,0.0,0.0,ADANIENSOL.NS
2026-06-30 14:15:00+05:30,1478.0999755859375,1495.0,1478.0,1493.5,199938,0.0,0.0,ADANIENSOL.NS
2026-06-30 14:30:00+05:30,1493.5,1494.4000244140625,1489.300048828125,1491.800048828125,207288,0.0,0.0,ADANIENSOL.NS
2026-06-30 14:45:00+05:30,1492.300048828125,1493.699951171875,1487.5,1489.9000244140625,225303,0.0,0.0,ADANIENSOL.NS
2026-06-30 15:00:00+05:30,1490.0,1493.0,1486.5,1492.4000244140625,184508,0.0,0.0,ADANIENSOL.NS
2026-06-30 15:15:00+05:30,1492.0999755859375,1493.699951171875,1487.0,1492.9000244140625,194219,0.0,0.0,ADANIENSOL.NS
2026-07-01 09:15:00+05:30,1485.0,1489.300048828125,1472.699951171875,1479.300048828125,47025,0.0,0.0,ADANIENSOL.NS
2026-07-01 09:30:00+05:30,1478.0,1488.800048828125,1478.0,1480.9000244140625,76551,0.0,0.0,ADANIENSOL.NS
2026-07-01 09:45:00+05:30,1480.800048828125,1482.800048828125,1475.4000244140625,1477.300048828125,46841,0.0,0.0,ADANIENSOL.NS
2026-07-01 10:00:00+05:30,1476.800048828125,1482.699951171875,1476.800048828125,1481.5999755859375,21086,0.0,0.0,ADANIENSOL.NS
2026-07-01 10:15:00+05:30,1481.5,1509.4000244140625,1481.5,1507.9000244140625,132594,0.0,0.0,ADANIENSOL.NS
2026-07-01 10:30:00+05:30,1507.699951171875,1528.199951171875,1507.699951171875,1520.800048828125,193592,0.0,0.0,ADANIENSOL.NS
2026-07-01 10:45:00+05:30,1520.9000244140625,1536.699951171875,1519.300048828125,1520.699951171875,156639,0.0,0.0,ADANIENSOL.NS
2026-07-01 11:00:00+05:30,1520.0,1523.699951171875,1515.300048828125,1521.0,38619,0.0,0.0,ADANIENSOL.NS
2026-07-01 11:15:00+05:30,1520.199951171875,1521.5,1513.0,1518.199951171875,72495,0.0,0.0,ADANIENSOL.NS
2026-07-01 11:30:00+05:30,1518.5,1521.5999755859375,1513.5999755859375,1516.0999755859375,63306,0.0,0.0,ADANIENSOL.NS
2026-07-01 11:45:00+05:30,1516.0999755859375,1518.9000244140625,1506.199951171875,1510.0,71145,0.0,0.0,ADANIENSOL.NS
2026-07-01 12:00:00+05:30,1510.5999755859375,1530.5,1510.300048828125,1520.5,119295,0.0,0.0,ADANIENSOL.NS
2026-07-01 12:15:00+05:30,1520.5999755859375,1531.4000244140625,1518.199951171875,1519.9000244140625,89216,0.0,0.0,ADANIENSOL.NS
2026-07-01 12:30:00+05:30,1519.4000244140625,1526.0,1519.4000244140625,1521.9000244140625,48224,0.0,0.0,ADANIENSOL.NS
2026-07-01 12:45:00+05:30,1522.0,1527.4000244140625,1521.199951171875,1527.0,50616,0.0,0.0,ADANIENSOL.NS
2026-07-01 13:00:00+05:30,1526.800048828125,1530.0,1513.0,1519.5999755859375,101273,0.0,0.0,ADANIENSOL.NS
2026-07-01 13:15:00+05:30,1520.0,1522.4000244140625,1516.5,1518.800048828125,20611,0.0,0.0,ADANIENSOL.NS
2026-07-01 13:30:00+05:30,1518.699951171875,1523.0,1516.300048828125,1519.4000244140625,23210,0.0,0.0,ADANIENSOL.NS
2026-07-01 13:45:00+05:30,1519.5,1520.300048828125,1515.0,1516.5,30670,0.0,0.0,ADANIENSOL.NS
2026-07-01 14:00:00+05:30,1516.199951171875,1517.0,1512.300048828125,1513.9000244140625,44271,0.0,0.0,ADANIENSOL.NS
2026-07-01 14:15:00+05:30,1513.5999755859375,1515.699951171875,1511.0,1513.0,50416,0.0,0.0,ADANIENSOL.NS
2026-07-01 14:30:00+05:30,1512.0,1520.800048828125,1512.0,1519.0,62996,0.0,0.0,ADANIENSOL.NS
2026-07-01 14:45:00+05:30,1519.5999755859375,1521.4000244140625,1518.4000244140625,1520.0,64633,0.0,0.0,ADANIENSOL.NS
2026-07-01 15:00:00+05:30,1520.0,1525.5999755859375,1518.5999755859375,1520.300048828125,162787,0.0,0.0,ADANIENSOL.NS
2026-07-01 15:15:00+05:30,1520.5,1524.5,1515.0,1521.4000244140625,201685,0.0,0.0,ADANIENSOL.NS
2026-07-02 09:15:00+05:30,1524.9000244140625,1538.0999755859375,1498.699951171875,1499.5999755859375,128438,0.0,0.0,ADANIENSOL.NS
2026-07-02 09:30:00+05:30,1498.0,1523.5,1496.0,1516.300048828125,94885,0.0,0.0,ADANIENSOL.NS
2026-07-02 09:45:00+05:30,1515.800048828125,1521.0,1512.0,1520.0,42736,0.0,0.0,ADANIENSOL.NS
2026-07-02 10:00:00+05:30,1519.300048828125,1532.4000244140625,1515.699951171875,1532.4000244140625,68114,0.0,0.0,ADANIENSOL.NS
2026-07-02 10:15:00+05:30,1533.0999755859375,1547.0,1531.699951171875,1538.300048828125,150383,0.0,0.0,ADANIENSOL.NS
2026-07-02 10:30:00+05:30,1538.0999755859375,1544.0,1533.4000244140625,1537.800048828125,93460,0.0,0.0,ADANIENSOL.NS
2026-07-02 10:45:00+05:30,1538.0,1540.0999755859375,1532.0999755859375,1532.9000244140625,84364,0.0,0.0,ADANIENSOL.NS
2026-07-02 11:00:00+05:30,1532.9000244140625,1542.0999755859375,1531.4000244140625,1539.0,114122,0.0,0.0,ADANIENSOL.NS
2026-07-02 11:15:00+05:30,1538.5,1551.300048828125,1537.5,1548.5999755859375,210595,0.0,0.0,ADANIENSOL.NS
2026-07-02 11:30:00+05:30,1547.699951171875,1558.9000244140625,1547.0999755859375,1558.0,167180,0.0,0.0,ADANIENSOL.NS
2026-07-02 11:45:00+05:30,1558.5,1568.5,1557.699951171875,1563.0999755859375,354811,0.0,0.0,ADANIENSOL.NS
2026-07-02 12:00:00+05:30,1563.800048828125,1564.9000244140625,1551.699951171875,1554.199951171875,100680,0.0,0.0,ADANIENSOL.NS
2026-07-02 12:15:00+05:30,1553.699951171875,1555.0,1550.199951171875,1550.300048828125,74447,0.0,0.0,ADANIENSOL.NS
2026-07-02 12:30:00+05:30,1550.300048828125,1551.4000244140625,1547.0999755859375,1548.0,90684,0.0,0.0,ADANIENSOL.NS
2026-07-02 12:45:00+05:30,1548.0,1548.199951171875,1539.4000244140625,1540.300048828125,74671,0.0,0.0,ADANIENSOL.NS
2026-07-02 13:00:00+05:30,1540.300048828125,1546.5,1538.800048828125,1543.5,68570,0.0,0.0,ADANIENSOL.NS
2026-07-02 13:15:00+05:30,1543.5,1556.0,1543.0999755859375,1550.9000244140625,60024,0.0,0.0,ADANIENSOL.NS
2026-07-02 13:30:00+05:30,1550.199951171875,1555.800048828125,1550.0,1552.5999755859375,45818,0.0,0.0,ADANIENSOL.NS
2026-07-02 13:45:00+05:30,1552.5999755859375,1556.5,1551.0,1555.0999755859375,45216,0.0,0.0,ADANIENSOL.NS
2026-07-02 14:00:00+05:30,1554.9000244140625,1556.0,1550.0,1551.699951171875,46584,0.0,0.0,ADANIENSOL.NS
2026-07-02 14:15:00+05:30,1551.699951171875,1554.0999755859375,1549.9000244140625,1551.5999755859375,39033,0.0,0.0,ADANIENSOL.NS
2026-07-02 14:30:00+05:30,1552.300048828125,1555.5999755859375,1551.0999755859375,1554.0999755859375,30451,0.0,0.0,ADANIENSOL.NS
2026-07-02 14:45:00+05:30,1554.0999755859375,1560.199951171875,1553.5999755859375,1557.300048828125,66238,0.0,0.0,ADANIENSOL.NS
2026-07-02 15:00:00+05:30,1557.5,1559.0,1554.800048828125,1558.800048828125,64027,0.0,0.0,ADANIENSOL.NS
2026-07-02 15:15:00+05:30,1558.800048828125,1562.5,1552.5999755859375,1556.9000244140625,186810,0.0,0.0,ADANIENSOL.NS
2026-07-03 09:15:00+05:30,1564.0,1564.0,1528.0,1531.5999755859375,155043,0.0,0.0,ADANIENSOL.NS
2026-07-03 09:30:00+05:30,1528.5,1549.4000244140625,1528.5,1541.5,99581,0.0,0.0,ADANIENSOL.NS
2026-07-03 09:45:00+05:30,1542.800048828125,1551.5999755859375,1540.4000244140625,1546.4000244140625,95266,0.0,0.0,ADANIENSOL.NS
2026-07-03 10:00:00+05:30,1547.0,1548.0,1531.5999755859375,1532.0,117352,0.0,0.0,ADANIENSOL.NS
2026-07-03 10:15:00+05:30,1532.800048828125,1534.5,1514.800048828125,1529.800048828125,240809,0.0,0.0,ADANIENSOL.NS
2026-07-03 10:30:00+05:30,1529.800048828125,1539.4000244140625,1529.0,1535.5,99096,0.0,0.0,ADANIENSOL.NS
2026-07-03 10:45:00+05:30,1535.5,1538.800048828125,1534.5,1536.699951171875,42682,0.0,0.0,ADANIENSOL.NS
2026-07-03 11:00:00+05:30,1536.5,1542.800048828125,1533.300048828125,1539.300048828125,107462,0.0,0.0,ADANIENSOL.NS
2026-07-03 11:15:00+05:30,1539.9000244140625,1566.699951171875,1539.800048828125,1559.0999755859375,214219,0.0,0.0,ADANIENSOL.NS
2026-07-03 11:30:00+05:30,1559.800048828125,1563.0999755859375,1553.800048828125,1555.800048828125,86163,0.0,0.0,ADANIENSOL.NS
2026-07-03 11:45:00+05:30,1555.800048828125,1565.9000244140625,1552.199951171875,1560.4000244140625,77162,0.0,0.0,ADANIENSOL.NS
2026-07-03 12:00:00+05:30,1560.800048828125,1563.5,1554.4000244140625,1563.5,61566,0.0,0.0,ADANIENSOL.NS
2026-07-03 12:15:00+05:30,1563.800048828125,1567.0,1557.5999755859375,1563.800048828125,72976,0.0,0.0,ADANIENSOL.NS
2026-07-03 12:30:00+05:30,1563.800048828125,1565.9000244140625,1560.199951171875,1564.4000244140625,52605,0.0,0.0,ADANIENSOL.NS
2026-07-03 12:45:00+05:30,1565.0,1574.0,1563.199951171875,1564.5999755859375,243172,0.0,0.0,ADANIENSOL.NS
2026-07-03 13:00:00+05:30,1564.199951171875,1565.800048828125,1556.5999755859375,1561.5999755859375,55226,0.0,0.0,ADANIENSOL.NS
2026-07-03 13:15:00+05:30,1561.5999755859375,1565.800048828125,1560.0999755859375,1563.800048828125,36804,0.0,0.0,ADANIENSOL.NS
2026-07-03 13:30:00+05:30,1564.0,1564.800048828125,1561.0,1563.5,28682,0.0,0.0,ADANIENSOL.NS
2026-07-03 13:45:00+05:30,1563.5,1565.0,1558.4000244140625,1558.4000244140625,28722,0.0,0.0,ADANIENSOL.NS
2026-07-03 14:00:00+05:30,1559.300048828125,1561.699951171875,1557.0,1560.5,43215,0.0,0.0,ADANIENSOL.NS
2026-07-03 14:15:00+05:30,1559.9000244140625,1560.5,1557.199951171875,1559.199951171875,30077,0.0,0.0,ADANIENSOL.NS
2026-07-03 14:30:00+05:30,1559.5999755859375,1563.800048828125,1558.699951171875,1562.4000244140625,38641,0.0,0.0,ADANIENSOL.NS
2026-07-03 14:45:00+05:30,1562.0,1573.199951171875,1560.199951171875,1569.4000244140625,157794,0.0,0.0,ADANIENSOL.NS
2026-07-03 15:00:00+05:30,1568.9000244140625,1570.0,1557.0,1561.699951171875,202815,0.0,0.0,ADANIENSOL.NS
2026-07-03 15:15:00+05:30,1561.800048828125,1578.699951171875,1560.9000244140625,1568.800048828125,359259,0.0,0.0,ADANIENSOL.NS
2026-07-06 09:15:00+05:30,1580.199951171875,1598.0,1571.699951171875,1582.5,99661,0.0,0.0,ADANIENSOL.NS
2026-07-06 09:30:00+05:30,1582.4000244140625,1597.0999755859375,1579.4000244140625,1596.0,176208,0.0,0.0,ADANIENSOL.NS
2026-07-06 09:45:00+05:30,1595.0999755859375,1604.9000244140625,1593.4000244140625,1600.0,279560,0.0,0.0,ADANIENSOL.NS
2026-07-06 10:00:00+05:30,1600.0,1600.5,1589.800048828125,1596.300048828125,101505,0.0,0.0,ADANIENSOL.NS
2026-07-06 10:15:00+05:30,1595.0,1606.5,1595.0,1606.5,162138,0.0,0.0,ADANIENSOL.NS
2026-07-06 10:30:00+05:30,1607.199951171875,1610.9000244140625,1601.0,1606.5,187119,0.0,0.0,ADANIENSOL.NS
2026-07-06 10:45:00+05:30,1606.5999755859375,1608.5,1601.4000244140625,1605.800048828125,82790,0.0,0.0,ADANIENSOL.NS
2026-07-06 11:00:00+05:30,1606.0,1611.699951171875,1600.0,1610.0,117301,0.0,0.0,ADANIENSOL.NS
2026-07-06 11:15:00+05:30,1610.0999755859375,1633.800048828125,1610.0,1632.9000244140625,711561,0.0,0.0,ADANIENSOL.NS
2026-07-06 11:30:00+05:30,1633.0,1641.800048828125,1626.4000244140625,1637.199951171875,441569,0.0,0.0,ADANIENSOL.NS
2026-07-06 11:45:00+05:30,1637.5,1645.0,1633.300048828125,1641.0,259993,0.0,0.0,ADANIENSOL.NS
2026-07-06 12:00:00+05:30,1640.5999755859375,1650.5999755859375,1628.4000244140625,1631.699951171875,547598,0.0,0.0,ADANIENSOL.NS
2026-07-06 12:15:00+05:30,1633.0,1634.800048828125,1624.0,1627.199951171875,139611,0.0,0.0,ADANIENSOL.NS
2026-07-06 12:30:00+05:30,1627.0,1634.699951171875,1620.199951171875,1621.199951171875,127467,0.0,0.0,ADANIENSOL.NS
2026-07-06 12:45:00+05:30,1622.199951171875,1626.5999755859375,1620.5999755859375,1623.9000244140625,70619,0.0,0.0,ADANIENSOL.NS
2026-07-06 13:00:00+05:30,1623.0,1641.0,1623.0,1637.800048828125,160568,0.0,0.0,ADANIENSOL.NS
2026-07-06 13:15:00+05:30,1637.5999755859375,1649.0,1636.0999755859375,1645.199951171875,216995,0.0,0.0,ADANIENSOL.NS
2026-07-06 13:30:00+05:30,1645.0,1647.5,1643.9000244140625,1645.0999755859375,104833,0.0,0.0,ADANIENSOL.NS
2026-07-06 13:45:00+05:30,1645.0,1647.5,1644.0,1644.0999755859375,78242,0.0,0.0,ADANIENSOL.NS
2026-07-06 14:00:00+05:30,1644.0999755859375,1648.0,1643.0999755859375,1644.0999755859375,81931,0.0,0.0,ADANIENSOL.NS
2026-07-06 14:15:00+05:30,1644.9000244140625,1646.300048828125,1642.5,1642.5999755859375,67087,0.0,0.0,ADANIENSOL.NS
2026-07-06 14:30:00+05:30,1643.0,1645.800048828125,1635.0,1639.300048828125,90303,0.0,0.0,ADANIENSOL.NS
2026-07-06 14:45:00+05:30,1638.699951171875,1639.0,1623.0999755859375,1623.5999755859375,157327,0.0,0.0,ADANIENSOL.NS
2026-07-06 15:00:00+05:30,1623.5999755859375,1626.800048828125,1621.199951171875,1622.0,137269,0.0,0.0,ADANIENSOL.NS
2026-07-06 15:15:00+05:30,1622.0,1629.0,1620.0,1622.800048828125,173621,0.0,0.0,ADANIENSOL.NS
2026-07-07 09:15:00+05:30,1637.5,1659.699951171875,1636.4000244140625,1648.0,221158,0.0,0.0,ADANIENSOL.NS
2026-07-07 09:30:00+05:30,1648.300048828125,1652.0,1638.300048828125,1645.5999755859375,305452,0.0,0.0,ADANIENSOL.NS
2026-07-07 09:45:00+05:30,1645.5999755859375,1645.5999755859375,1619.0,1623.699951171875,302207,0.0,0.0,ADANIENSOL.NS
2026-07-07 10:00:00+05:30,1624.300048828125,1629.9000244140625,1618.4000244140625,1620.800048828125,262292,0.0,0.0,ADANIENSOL.NS
2026-07-07 10:15:00+05:30,1621.4000244140625,1628.0,1616.0,1621.699951171875,270593,0.0,0.0,ADANIENSOL.NS
2026-07-07 10:30:00+05:30,1622.0,1631.5999755859375,1622.0,1628.0,118433,0.0,0.0,ADANIENSOL.NS
2026-07-07 10:45:00+05:30,1628.0,1630.0,1625.0999755859375,1627.199951171875,76456,0.0,0.0,ADANIENSOL.NS
2026-07-07 11:00:00+05:30,1627.0999755859375,1639.5999755859375,1625.199951171875,1638.699951171875,143095,0.0,0.0,ADANIENSOL.NS
2026-07-07 11:15:00+05:30,1639.300048828125,1643.5999755859375,1636.0999755859375,1642.9000244140625,134872,0.0,0.0,ADANIENSOL.NS
2026-07-07 11:30:00+05:30,1642.699951171875,1643.5999755859375,1639.0999755859375,1643.199951171875,139113,0.0,0.0,ADANIENSOL.NS
2026-07-07 11:45:00+05:30,1643.5999755859375,1649.0,1637.5,1647.5,91867,0.0,0.0,ADANIENSOL.NS
2026-07-07 12:00:00+05:30,1647.5,1648.300048828125,1641.5999755859375,1646.199951171875,113342,0.0,0.0,ADANIENSOL.NS
2026-07-07 12:15:00+05:30,1646.9000244140625,1650.0,1645.4000244140625,1649.5,67814,0.0,0.0,ADANIENSOL.NS
2026-07-07 12:30:00+05:30,1649.5999755859375,1650.0,1643.4000244140625,1645.699951171875,64645,0.0,0.0,ADANIENSOL.NS
2026-07-07 12:45:00+05:30,1646.0,1646.199951171875,1640.0999755859375,1641.699951171875,59837,0.0,0.0,ADANIENSOL.NS
2026-07-07 13:00:00+05:30,1641.9000244140625,1642.300048828125,1638.0,1639.4000244140625,48536,0.0,0.0,ADANIENSOL.NS
2026-07-07 13:15:00+05:30,1639.4000244140625,1643.0,1637.5999755859375,1642.800048828125,65504,0.0,0.0,ADANIENSOL.NS
2026-07-07 13:30:00+05:30,1643.0,1643.0,1639.0,1641.5999755859375,64663,0.0,0.0,ADANIENSOL.NS
2026-07-07 13:45:00+05:30,1641.5999755859375,1644.9000244140625,1641.5999755859375,1644.199951171875,37275,0.0,0.0,ADANIENSOL.NS
2026-07-07 14:00:00+05:30,1644.4000244140625,1659.800048828125,1643.699951171875,1657.4000244140625,508042,0.0,0.0,ADANIENSOL.NS
2026-07-07 14:15:00+05:30,1655.0999755859375,1655.199951171875,1650.0,1652.0999755859375,89421,0.0,0.0,ADANIENSOL.NS
2026-07-07 14:30:00+05:30,1652.4000244140625,1663.5999755859375,1651.4000244140625,1659.300048828125,142546,0.0,0.0,ADANIENSOL.NS
2026-07-07 14:45:00+05:30,1659.300048828125,1659.9000244140625,1652.0,1654.800048828125,88756,0.0,0.0,ADANIENSOL.NS
2026-07-07 15:00:00+05:30,1654.199951171875,1654.5,1650.0999755859375,1653.4000244140625,187998,0.0,0.0,ADANIENSOL.NS
2026-07-07 15:15:00+05:30,1653.0,1654.0,1646.9000244140625,1649.199951171875,249143,0.0,0.0,ADANIENSOL.NS
2026-07-08 09:15:00+05:30,1637.199951171875,1665.9000244140625,1633.5,1661.300048828125,106372,0.0,0.0,ADANIENSOL.NS
2026-07-08 09:30:00+05:30,1662.800048828125,1666.0,1659.0999755859375,1664.199951171875,182915,0.0,0.0,ADANIENSOL.NS
2026-07-08 09:45:00+05:30,1665.5999755859375,1679.300048828125,1661.4000244140625,1675.300048828125,184725,0.0,0.0,ADANIENSOL.NS
2026-07-08 10:00:00+05:30,1675.5,1698.5,1674.699951171875,1692.300048828125,326272,0.0,0.0,ADANIENSOL.NS
2026-07-08 10:15:00+05:30,1693.0,1711.5,1690.0999755859375,1708.0999755859375,429577,0.0,0.0,ADANIENSOL.NS
2026-07-08 10:30:00+05:30,1707.9000244140625,1708.4000244140625,1691.4000244140625,1694.5999755859375,200013,0.0,0.0,ADANIENSOL.NS
2026-07-08 10:45:00+05:30,1694.4000244140625,1702.800048828125,1672.800048828125,1675.5,355361,0.0,0.0,ADANIENSOL.NS
2026-07-08 11:00:00+05:30,1674.9000244140625,1679.9000244140625,1672.5999755859375,1675.5,282330,0.0,0.0,ADANIENSOL.NS
2026-07-08 11:15:00+05:30,1675.5,1688.300048828125,1672.0,1688.0,121154,0.0,0.0,ADANIENSOL.NS
2026-07-08 11:30:00+05:30,1688.0,1691.4000244140625,1681.699951171875,1682.800048828125,103017,0.0,0.0,ADANIENSOL.NS
2026-07-08 11:45:00+05:30,1682.4000244140625,1685.699951171875,1681.0999755859375,1685.5,60986,0.0,0.0,ADANIENSOL.NS
2026-07-08 12:00:00+05:30,1686.0,1689.800048828125,1685.300048828125,1689.699951171875,45822,0.0,0.0,ADANIENSOL.NS
2026-07-08 12:15:00+05:30,1689.300048828125,1695.0999755859375,1685.0,1688.5999755859375,76193,0.0,0.0,ADANIENSOL.NS
2026-07-08 12:30:00+05:30,1688.5999755859375,1691.5999755859375,1685.9000244140625,1691.5,42359,0.0,0.0,ADANIENSOL.NS
2026-07-08 12:45:00+05:30,1691.9000244140625,1695.199951171875,1690.5999755859375,1692.4000244140625,49863,0.0,0.0,ADANIENSOL.NS
2026-07-08 13:00:00+05:30,1692.5999755859375,1695.5,1690.0,1691.199951171875,52549,0.0,0.0,ADANIENSOL.NS
2026-07-08 13:15:00+05:30,1690.9000244140625,1693.5,1687.4000244140625,1692.199951171875,45749,0.0,0.0,ADANIENSOL.NS
2026-07-08 13:30:00+05:30,1692.199951171875,1695.0,1689.199951171875,1694.300048828125,31976,0.0,0.0,ADANIENSOL.NS
2026-07-08 13:45:00+05:30,1694.300048828125,1694.800048828125,1673.9000244140625,1674.0,175435,0.0,0.0,ADANIENSOL.NS
2026-07-08 14:00:00+05:30,1674.5999755859375,1678.0,1660.0,1660.0,257423,0.0,0.0,ADANIENSOL.NS
2026-07-08 14:15:00+05:30,1660.0,1669.800048828125,1653.800048828125,1654.300048828125,205883,0.0,0.0,ADANIENSOL.NS
2026-07-08 14:30:00+05:30,1654.199951171875,1664.9000244140625,1652.0999755859375,1654.0,158508,0.0,0.0,ADANIENSOL.NS
2026-07-08 14:45:00+05:30,1653.699951171875,1655.300048828125,1646.0,1649.5,174477,0.0,0.0,ADANIENSOL.NS
2026-07-08 15:00:00+05:30,1649.5,1656.9000244140625,1644.0,1650.0999755859375,273536,0.0,0.0,ADANIENSOL.NS
2026-07-08 15:15:00+05:30,1650.9000244140625,1668.800048828125,1650.9000244140625,1664.5,321196,0.0,0.0,ADANIENSOL.NS
2026-07-09 09:15:00+05:30,1664.199951171875,1684.0999755859375,1653.0,1657.9000244140625,174227,0.0,0.0,ADANIENSOL.NS
2026-07-09 09:30:00+05:30,1657.9000244140625,1659.4000244140625,1648.4000244140625,1653.0,117369,0.0,0.0,ADANIENSOL.NS
2026-07-09 09:45:00+05:30,1653.0,1661.4000244140625,1652.0,1654.0,76166,0.0,0.0,ADANIENSOL.NS
2026-07-09 10:00:00+05:30,1654.0999755859375,1664.800048828125,1653.300048828125,1658.800048828125,67294,0.0,0.0,ADANIENSOL.NS
2026-07-09 10:15:00+05:30,1658.699951171875,1663.800048828125,1653.800048828125,1654.699951171875,41125,0.0,0.0,ADANIENSOL.NS
2026-07-09 10:30:00+05:30,1654.699951171875,1668.0,1654.199951171875,1661.9000244140625,96876,0.0,0.0,ADANIENSOL.NS
2026-07-09 10:45:00+05:30,1662.9000244140625,1666.0,1654.0,1654.300048828125,138665,0.0,0.0,ADANIENSOL.NS
2026-07-09 11:00:00+05:30,1654.5,1656.5,1651.699951171875,1656.0999755859375,33459,0.0,0.0,ADANIENSOL.NS
2026-07-09 11:15:00+05:30,1656.0,1656.0,1642.5999755859375,1655.0,119629,0.0,0.0,ADANIENSOL.NS
2026-07-09 11:30:00+05:30,1655.0,1661.0999755859375,1652.0999755859375,1660.5,74526,0.0,0.0,ADANIENSOL.NS
2026-07-09 11:45:00+05:30,1660.5999755859375,1666.0,1655.5,1657.9000244140625,120426,0.0,0.0,ADANIENSOL.NS
2026-07-09 12:00:00+05:30,1657.9000244140625,1661.300048828125,1654.199951171875,1656.0,116515,0.0,0.0,ADANIENSOL.NS
2026-07-09 12:15:00+05:30,1655.5,1666.0,1654.199951171875,1663.699951171875,61648,0.0,0.0,ADANIENSOL.NS
2026-07-09 12:30:00+05:30,1664.0,1675.9000244140625,1657.800048828125,1658.300048828125,148231,0.0,0.0,ADANIENSOL.NS
2026-07-09 12:45:00+05:30,1658.300048828125,1660.0,1646.199951171875,1650.9000244140625,90428,0.0,0.0,ADANIENSOL.NS
2026-07-09 13:00:00+05:30,1650.9000244140625,1656.0,1646.0,1654.0,63220,0.0,0.0,ADANIENSOL.NS
2026-07-09 13:15:00+05:30,1653.5,1657.9000244140625,1652.800048828125,1654.0,41969,0.0,0.0,ADANIENSOL.NS
2026-07-09 13:30:00+05:30,1654.0,1657.800048828125,1653.0999755859375,1657.0,31814,0.0,0.0,ADANIENSOL.NS
2026-07-09 13:45:00+05:30,1655.5999755859375,1657.300048828125,1652.800048828125,1654.4000244140625,24215,0.0,0.0,ADANIENSOL.NS
2026-07-09 14:00:00+05:30,1654.800048828125,1656.5,1651.699951171875,1655.699951171875,23088,0.0,0.0,ADANIENSOL.NS
2026-07-09 14:15:00+05:30,1655.699951171875,1656.5,1653.0999755859375,1654.300048828125,30010,0.0,0.0,ADANIENSOL.NS
2026-07-09 14:30:00+05:30,1655.0,1655.0,1642.0,1644.0,62868,0.0,0.0,ADANIENSOL.NS
2026-07-09 14:45:00+05:30,1644.0,1645.4000244140625,1634.0,1635.5,62574,0.0,0.0,ADANIENSOL.NS
2026-07-09 15:00:00+05:30,1635.699951171875,1635.699951171875,1613.699951171875,1618.0999755859375,192576,0.0,0.0,ADANIENSOL.NS
2026-07-09 15:15:00+05:30,1618.0999755859375,1626.5999755859375,1611.0,1618.5,228675,0.0,0.0,ADANIENSOL.NS
2026-07-10 09:15:00+05:30,1634.5,1636.5,1621.199951171875,1631.699951171875,46288,0.0,0.0,ADANIENSOL.NS
2026-07-10 09:30:00+05:30,1631.699951171875,1642.9000244140625,1629.199951171875,1640.4000244140625,61796,0.0,0.0,ADANIENSOL.NS
2026-07-10 09:45:00+05:30,1640.4000244140625,1659.5,1640.4000244140625,1658.5,107742,0.0,0.0,ADANIENSOL.NS
2026-07-10 10:00:00+05:30,1657.800048828125,1664.4000244140625,1653.0,1656.0,76888,0.0,0.0,ADANIENSOL.NS
2026-07-10 10:15:00+05:30,1655.800048828125,1663.4000244140625,1654.300048828125,1662.0999755859375,71789,0.0,0.0,ADANIENSOL.NS
2026-07-10 10:30:00+05:30,1661.0999755859375,1670.9000244140625,1661.0999755859375,1669.0,112954,0.0,0.0,ADANIENSOL.NS
2026-07-10 10:45:00+05:30,1669.0,1683.699951171875,1668.5,1680.0999755859375,90951,0.0,0.0,ADANIENSOL.NS
2026-07-10 11:00:00+05:30,1680.9000244140625,1683.5,1672.9000244140625,1676.5,93496,0.0,0.0,ADANIENSOL.NS
2026-07-10 11:15:00+05:30,1676.9000244140625,1682.0,1673.5999755859375,1678.199951171875,74844,0.0,0.0,ADANIENSOL.NS
2026-07-10 11:30:00+05:30,1679.0,1681.300048828125,1670.9000244140625,1672.199951171875,55600,0.0,0.0,ADANIENSOL.NS
2026-07-10 11:45:00+05:30,1672.199951171875,1676.800048828125,1671.0,1674.800048828125,27820,0.0,0.0,ADANIENSOL.NS
2026-07-10 12:00:00+05:30,1674.800048828125,1677.0999755859375,1672.9000244140625,1673.5999755859375,20311,0.0,0.0,ADANIENSOL.NS
2026-07-10 12:15:00+05:30,1673.5999755859375,1675.699951171875,1671.199951171875,1674.5999755859375,19052,0.0,0.0,ADANIENSOL.NS
2026-07-10 12:30:00+05:30,1674.5999755859375,1678.9000244140625,1673.699951171875,1676.5,28680,0.0,0.0,ADANIENSOL.NS
2026-07-10 12:45:00+05:30,1676.5999755859375,1679.0999755859375,1671.5,1672.5,41381,0.0,0.0,ADANIENSOL.NS
2026-07-10 13:00:00+05:30,1672.5,1672.800048828125,1645.800048828125,1649.800048828125,168676,0.0,0.0,ADANIENSOL.NS
2026-07-10 13:15:00+05:30,1649.800048828125,1649.800048828125,1643.4000244140625,1648.5999755859375,63275,0.0,0.0,ADANIENSOL.NS
2026-07-10 13:30:00+05:30,1648.800048828125,1653.0,1647.5999755859375,1652.199951171875,21364,0.0,0.0,ADANIENSOL.NS
2026-07-10 13:45:00+05:30,1652.199951171875,1659.9000244140625,1651.5,1654.0,36903,0.0,0.0,ADANIENSOL.NS
2026-07-10 14:00:00+05:30,1654.0,1655.5999755859375,1644.4000244140625,1649.0999755859375,34892,0.0,0.0,ADANIENSOL.NS
2026-07-10 14:15:00+05:30,1649.0999755859375,1650.4000244140625,1647.4000244140625,1649.300048828125,15181,0.0,0.0,ADANIENSOL.NS
2026-07-10 14:30:00+05:30,1648.0999755859375,1653.4000244140625,1648.0999755859375,1653.4000244140625,18348,0.0,0.0,ADANIENSOL.NS
2026-07-10 14:45:00+05:30,1653.5999755859375,1658.300048828125,1653.5999755859375,1656.4000244140625,24677,0.0,0.0,ADANIENSOL.NS
2026-07-10 15:00:00+05:30,1656.0999755859375,1659.5999755859375,1652.0999755859375,1656.0,89317,0.0,0.0,ADANIENSOL.NS
2026-07-10 15:15:00+05:30,1654.0999755859375,1655.0,1649.300048828125,1649.800048828125,124583,0.0,0.0,ADANIENSOL.NS
2026-07-13 09:15:00+05:30,1650.699951171875,1663.9000244140625,1639.0999755859375,1658.800048828125,82992,0.0,0.0,ADANIENSOL.NS
2026-07-13 09:30:00+05:30,1659.4000244140625,1667.0,1643.5999755859375,1653.4000244140625,194735,0.0,0.0,ADANIENSOL.NS
2026-07-13 09:45:00+05:30,1654.0,1662.0,1642.300048828125,1659.5999755859375,98917,0.0,0.0,ADANIENSOL.NS
2026-07-13 10:00:00+05:30,1659.5,1664.0,1654.0,1660.300048828125,62588,0.0,0.0,ADANIENSOL.NS
2026-07-13 10:15:00+05:30,1660.199951171875,1661.5,1655.0999755859375,1656.699951171875,27872,0.0,0.0,ADANIENSOL.NS
2026-07-13 10:30:00+05:30,1656.9000244140625,1657.0,1652.9000244140625,1654.199951171875,17204,0.0,0.0,ADANIENSOL.NS
2026-07-13 10:45:00+05:30,1654.0999755859375,1654.9000244140625,1648.800048828125,1651.0999755859375,24555,0.0,0.0,ADANIENSOL.NS
2026-07-13 11:00:00+05:30,1650.5999755859375,1656.5,1650.5,1652.5999755859375,17003,0.0,0.0,ADANIENSOL.NS
2026-07-13 11:15:00+05:30,1652.5999755859375,1656.300048828125,1651.800048828125,1653.199951171875,11211,0.0,0.0,ADANIENSOL.NS
2026-07-13 11:30:00+05:30,1652.800048828125,1655.9000244140625,1652.800048828125,1653.5999755859375,10930,0.0,0.0,ADANIENSOL.NS
2026-07-13 11:45:00+05:30,1653.5999755859375,1653.5999755859375,1646.699951171875,1647.0999755859375,22588,0.0,0.0,ADANIENSOL.NS
2026-07-13 12:00:00+05:30,1647.5999755859375,1648.800048828125,1643.0,1648.0,20629,0.0,0.0,ADANIENSOL.NS
2026-07-13 12:15:00+05:30,1648.4000244140625,1652.0,1646.800048828125,1649.9000244140625,19951,0.0,0.0,ADANIENSOL.NS
2026-07-13 12:30:00+05:30,1649.9000244140625,1656.0,1648.0999755859375,1653.5,24334,0.0,0.0,ADANIENSOL.NS
2026-07-13 12:45:00+05:30,1653.5,1655.9000244140625,1651.300048828125,1651.300048828125,22536,0.0,0.0,ADANIENSOL.NS
2026-07-13 13:00:00+05:30,1650.9000244140625,1652.0999755859375,1648.5999755859375,1651.5,18455,0.0,0.0,ADANIENSOL.NS
2026-07-13 13:15:00+05:30,1651.0,1651.5,1643.699951171875,1644.0,20724,0.0,0.0,ADANIENSOL.NS
2026-07-13 13:30:00+05:30,1644.0999755859375,1648.5,1644.0999755859375,1647.0999755859375,13671,0.0,0.0,ADANIENSOL.NS
2026-07-13 13:45:00+05:30,1647.0,1647.5999755859375,1634.5999755859375,1635.5999755859375,49447,0.0,0.0,ADANIENSOL.NS
2026-07-13 14:00:00+05:30,1635.699951171875,1646.800048828125,1634.5,1646.300048828125,53194,0.0,0.0,ADANIENSOL.NS
2026-07-13 14:15:00+05:30,1646.5,1655.800048828125,1646.5,1652.0,39094,0.0,0.0,ADANIENSOL.NS
2026-07-13 14:30:00+05:30,1651.5,1652.0,1647.9000244140625,1650.300048828125,17488,0.0,0.0,ADANIENSOL.NS
2026-07-13 14:45:00+05:30,1650.300048828125,1652.699951171875,1649.5,1651.800048828125,30277,0.0,0.0,ADANIENSOL.NS
2026-07-13 15:00:00+05:30,1651.0999755859375,1651.4000244140625,1644.4000244140625,1645.9000244140625,45320,0.0,0.0,ADANIENSOL.NS
2026-07-13 15:15:00+05:30,1645.699951171875,1647.5,1640.199951171875,1644.5999755859375,68874,0.0,0.0,ADANIENSOL.NS
2026-07-14 09:15:00+05:30,1643.800048828125,1661.5,1636.5999755859375,1639.5999755859375,55477,0.0,0.0,ADANIENSOL.NS
2026-07-14 09:30:00+05:30,1638.800048828125,1649.0,1638.0999755859375,1639.4000244140625,44098,0.0,0.0,ADANIENSOL.NS
2026-07-14 09:45:00+05:30,1639.300048828125,1647.800048828125,1636.9000244140625,1640.0,58391,0.0,0.0,ADANIENSOL.NS
2026-07-14 10:00:00+05:30,1641.0,1662.5,1638.699951171875,1661.0999755859375,102792,0.0,0.0,ADANIENSOL.NS
2026-07-14 10:15:00+05:30,1661.0999755859375,1662.5999755859375,1648.800048828125,1650.5,73531,0.0,0.0,ADANIENSOL.NS
2026-07-14 10:30:00+05:30,1651.5,1658.199951171875,1650.300048828125,1653.4000244140625,38900,0.0,0.0,ADANIENSOL.NS
2026-07-14 10:45:00+05:30,1654.4000244140625,1666.4000244140625,1651.800048828125,1664.9000244140625,117040,0.0,0.0,ADANIENSOL.NS
2026-07-14 11:00:00+05:30,1664.0999755859375,1710.0,1664.0999755859375,1704.800048828125,294791,0.0,0.0,ADANIENSOL.NS
2026-07-14 11:15:00+05:30,1704.5,1712.800048828125,1695.0,1697.199951171875,243816,0.0,0.0,ADANIENSOL.NS
2026-07-14 11:30:00+05:30,1697.5999755859375,1697.5999755859375,1683.9000244140625,1687.5999755859375,127170,0.0,0.0,ADANIENSOL.NS
2026-07-14 11:45:00+05:30,1687.0999755859375,1691.4000244140625,1685.199951171875,1690.0,45071,0.0,0.0,ADANIENSOL.NS
2026-07-14 12:00:00+05:30,1689.800048828125,1698.0,1689.199951171875,1695.199951171875,56580,0.0,0.0,ADANIENSOL.NS
2026-07-14 12:15:00+05:30,1695.199951171875,1704.4000244140625,1695.0,1696.0,125561,0.0,0.0,ADANIENSOL.NS
2026-07-14 12:30:00+05:30,1695.199951171875,1696.9000244140625,1685.199951171875,1688.699951171875,69254,0.0,0.0,ADANIENSOL.NS
2026-07-14 12:45:00+05:30,1688.699951171875,1688.800048828125,1682.5,1687.199951171875,35934,0.0,0.0,ADANIENSOL.NS
2026-07-14 13:00:00+05:30,1687.199951171875,1687.5999755859375,1684.0,1684.0,16060,0.0,0.0,ADANIENSOL.NS
2026-07-14 13:15:00+05:30,1683.699951171875,1687.0,1680.4000244140625,1686.300048828125,30937,0.0,0.0,ADANIENSOL.NS
2026-07-14 13:30:00+05:30,1686.199951171875,1688.199951171875,1678.300048828125,1682.9000244140625,36405,0.0,0.0,ADANIENSOL.NS
2026-07-14 13:45:00+05:30,1682.0999755859375,1687.300048828125,1681.300048828125,1685.699951171875,29505,0.0,0.0,ADANIENSOL.NS
2026-07-14 14:00:00+05:30,1685.699951171875,1688.300048828125,1683.300048828125,1688.300048828125,26411,0.0,0.0,ADANIENSOL.NS
2026-07-14 14:15:00+05:30,1689.0,1696.300048828125,1688.699951171875,1693.4000244140625,73143,0.0,0.0,ADANIENSOL.NS
2026-07-14 14:30:00+05:30,1693.5,1699.5,1691.800048828125,1693.800048828125,101975,0.0,0.0,ADANIENSOL.NS
2026-07-14 14:45:00+05:30,1693.800048828125,1696.800048828125,1687.0999755859375,1687.9000244140625,78146,0.0,0.0,ADANIENSOL.NS
2026-07-14 15:00:00+05:30,1688.5,1693.5999755859375,1683.0999755859375,1685.5,85002,0.0,0.0,ADANIENSOL.NS
2026-07-14 15:15:00+05:30,1686.0,1693.0,1684.5999755859375,1692.0,180937,0.0,0.0,ADANIENSOL.NS
2026-07-15 09:15:00+05:30,1701.9000244140625,1702.0,1685.5,1697.0,75121,0.0,0.0,ADANIENSOL.NS
2026-07-15 09:30:00+05:30,1697.0999755859375,1703.0,1693.5999755859375,1695.0999755859375,61603,0.0,0.0,ADANIENSOL.NS
2026-07-15 09:45:00+05:30,1695.0999755859375,1696.0,1690.0,1690.199951171875,40753,0.0,0.0,ADANIENSOL.NS
2026-07-15 10:00:00+05:30,1690.9000244140625,1690.9000244140625,1681.4000244140625,1682.699951171875,52979,0.0,0.0,ADANIENSOL.NS
2026-07-15 10:15:00+05:30,1683.0,1685.699951171875,1676.0,1677.800048828125,58512,0.0,0.0,ADANIENSOL.NS
2026-07-15 10:30:00+05:30,1677.5,1687.300048828125,1676.9000244140625,1686.5999755859375,56912,0.0,0.0,ADANIENSOL.NS
2026-07-15 10:45:00+05:30,1687.0,1689.9000244140625,1681.0,1684.0,48932,0.0,0.0,ADANIENSOL.NS
2026-07-15 11:00:00+05:30,1684.5999755859375,1693.5,1683.199951171875,1689.4000244140625,41127,0.0,0.0,ADANIENSOL.NS
2026-07-15 11:15:00+05:30,1689.199951171875,1691.699951171875,1687.0999755859375,1690.5999755859375,23754,0.0,0.0,ADANIENSOL.NS
2026-07-15 11:30:00+05:30,1689.699951171875,1692.0,1686.300048828125,1686.800048828125,16113,0.0,0.0,ADANIENSOL.NS
2026-07-15 11:45:00+05:30,1686.800048828125,1688.300048828125,1681.5999755859375,1682.699951171875,18885,0.0,0.0,ADANIENSOL.NS
2026-07-15 12:00:00+05:30,1683.0999755859375,1683.800048828125,1675.9000244140625,1677.0,29943,0.0,0.0,ADANIENSOL.NS
2026-07-15 12:15:00+05:30,1677.0,1680.800048828125,1674.0999755859375,1678.5999755859375,39351,0.0,0.0,ADANIENSOL.NS
2026-07-15 12:30:00+05:30,1678.0,1683.0,1676.5999755859375,1680.5,43949,0.0,0.0,ADANIENSOL.NS
2026-07-15 12:45:00+05:30,1680.5,1680.800048828125,1666.4000244140625,1670.0,74624,0.0,0.0,ADANIENSOL.NS
2026-07-15 13:00:00+05:30,1669.0,1673.9000244140625,1666.5,1668.800048828125,26049,0.0,0.0,ADANIENSOL.NS
2026-07-15 13:15:00+05:30,1668.5,1675.5999755859375,1667.9000244140625,1673.4000244140625,22535,0.0,0.0,ADANIENSOL.NS
2026-07-15 13:30:00+05:30,1673.5,1675.4000244140625,1671.4000244140625,1672.5,15544,0.0,0.0,ADANIENSOL.NS
2026-07-15 13:45:00+05:30,1672.5,1677.5,1671.5,1677.0,34457,0.0,0.0,ADANIENSOL.NS
2026-07-15 14:00:00+05:30,1677.0999755859375,1686.5999755859375,1676.5999755859375,1682.5999755859375,34763,0.0,0.0,ADANIENSOL.NS
2026-07-15 14:15:00+05:30,1682.699951171875,1685.4000244140625,1679.199951171875,1680.4000244140625,22522,0.0,0.0,ADANIENSOL.NS
2026-07-15 14:30:00+05:30,1681.0,1683.800048828125,1676.9000244140625,1677.699951171875,22042,0.0,0.0,ADANIENSOL.NS
2026-07-15 14:45:00+05:30,1677.0999755859375,1678.5999755859375,1674.4000244140625,1676.199951171875,22957,0.0,0.0,ADANIENSOL.NS
2026-07-15 15:00:00+05:30,1677.0,1677.0,1674.0,1674.699951171875,75799,0.0,0.0,ADANIENSOL.NS
2026-07-15 15:15:00+05:30,1675.9000244140625,1684.699951171875,1674.0,1678.0,95281,0.0,0.0,ADANIENSOL.NS
2026-07-16 09:15:00+05:30,1690.5999755859375,1701.4000244140625,1685.5999755859375,1691.699951171875,68621,0.0,0.0,ADANIENSOL.NS
2026-07-16 09:30:00+05:30,1691.0,1698.800048828125,1690.0,1693.0,56868,0.0,0.0,ADANIENSOL.NS
2026-07-16 09:45:00+05:30,1692.5,1705.0999755859375,1692.300048828125,1701.300048828125,118221,0.0,0.0,ADANIENSOL.NS
2026-07-16 10:00:00+05:30,1701.800048828125,1710.0999755859375,1699.0,1702.800048828125,184923,0.0,0.0,ADANIENSOL.NS
2026-07-16 10:15:00+05:30,1703.0999755859375,1714.300048828125,1700.5,1711.4000244140625,65683,0.0,0.0,ADANIENSOL.NS
2026-07-16 10:30:00+05:30,1711.9000244140625,1731.0999755859375,1711.0999755859375,1722.199951171875,312678,0.0,0.0,ADANIENSOL.NS
2026-07-16 10:45:00+05:30,1723.0,1740.0,1722.199951171875,1732.5999755859375,280301,0.0,0.0,ADANIENSOL.NS
2026-07-16 11:00:00+05:30,1732.0999755859375,1743.5999755859375,1730.5,1730.5,243047,0.0,0.0,ADANIENSOL.NS
2026-07-16 11:15:00+05:30,1731.0999755859375,1738.0,1730.4000244140625,1735.699951171875,91840,0.0,0.0,ADANIENSOL.NS
2026-07-16 11:30:00+05:30,1735.5,1743.5,1734.0999755859375,1741.0,131363,0.0,0.0,ADANIENSOL.NS
2026-07-16 11:45:00+05:30,1741.4000244140625,1743.4000244140625,1725.4000244140625,1725.4000244140625,169085,0.0,0.0,ADANIENSOL.NS
2026-07-16 12:00:00+05:30,1725.9000244140625,1727.800048828125,1722.0999755859375,1725.300048828125,70167,0.0,0.0,ADANIENSOL.NS
2026-07-16 12:15:00+05:30,1725.300048828125,1726.800048828125,1720.300048828125,1724.0,36394,0.0,0.0,ADANIENSOL.NS
2026-07-16 12:30:00+05:30,1724.0,1724.699951171875,1715.0,1717.9000244140625,66911,0.0,0.0,ADANIENSOL.NS
2026-07-16 12:45:00+05:30,1717.9000244140625,1718.5,1710.4000244140625,1711.0999755859375,63034,0.0,0.0,ADANIENSOL.NS
2026-07-16 13:00:00+05:30,1711.0999755859375,1717.5,1709.199951171875,1717.5,55738,0.0,0.0,ADANIENSOL.NS
2026-07-16 13:15:00+05:30,1716.800048828125,1718.5,1711.5999755859375,1715.5,35713,0.0,0.0,ADANIENSOL.NS
2026-07-16 13:30:00+05:30,1715.9000244140625,1716.5,1701.0,1702.5999755859375,94985,0.0,0.0,ADANIENSOL.NS
2026-07-16 13:45:00+05:30,1702.300048828125,1708.800048828125,1702.300048828125,1707.0,34530,0.0,0.0,ADANIENSOL.NS
2026-07-16 14:00:00+05:30,1707.5999755859375,1710.0,1707.199951171875,1709.199951171875,26041,0.0,0.0,ADANIENSOL.NS
2026-07-16 14:15:00+05:30,1709.199951171875,1714.0,1706.0,1706.4000244140625,36780,0.0,0.0,ADANIENSOL.NS
2026-07-16 14:30:00+05:30,1706.4000244140625,1706.5999755859375,1696.5999755859375,1697.0,71310,0.0,0.0,ADANIENSOL.NS
2026-07-16 14:45:00+05:30,1697.0999755859375,1700.9000244140625,1696.5999755859375,1699.9000244140625,28887,0.0,0.0,ADANIENSOL.NS
2026-07-16 15:00:00+05:30,1697.0,1697.0,1688.300048828125,1688.5,155517,0.0,0.0,ADANIENSOL.NS
2026-07-16 15:15:00+05:30,1689.0999755859375,1692.4000244140625,1686.0999755859375,1690.0,190625,0.0,0.0,ADANIENSOL.NS
2026-07-17 09:15:00+05:30,1702.800048828125,1713.0,1693.0,1712.5999755859375,84739,0.0,0.0,ADANIENSOL.NS
2026-07-17 09:30:00+05:30,1712.0,1744.9000244140625,1712.0,1742.300048828125,427402,0.0,0.0,ADANIENSOL.NS
2026-07-17 09:45:00+05:30,1742.0,1744.699951171875,1723.300048828125,1727.199951171875,221642,0.0,0.0,ADANIENSOL.NS
2026-07-17 10:00:00+05:30,1726.800048828125,1733.800048828125,1721.0,1725.5999755859375,94556,0.0,0.0,ADANIENSOL.NS
2026-07-17 10:15:00+05:30,1725.800048828125,1754.0,1725.800048828125,1750.199951171875,305267,0.0,0.0,ADANIENSOL.NS
2026-07-17 10:30:00+05:30,1750.9000244140625,1757.0999755859375,1744.5999755859375,1744.5999755859375,321569,0.0,0.0,ADANIENSOL.NS
2026-07-17 10:45:00+05:30,1744.4000244140625,1752.0,1738.0,1748.199951171875,164837,0.0,0.0,ADANIENSOL.NS
2026-07-17 11:00:00+05:30,1748.199951171875,1749.800048828125,1741.5,1747.0,89741,0.0,0.0,ADANIENSOL.NS
2026-07-17 11:15:00+05:30,1747.0999755859375,1749.699951171875,1740.0,1744.5999755859375,70774,0.0,0.0,ADANIENSOL.NS
2026-07-17 11:30:00+05:30,1744.0,1745.0,1734.9000244140625,1740.699951171875,84898,0.0,0.0,ADANIENSOL.NS
2026-07-17 11:45:00+05:30,1740.699951171875,1743.0,1736.0999755859375,1739.800048828125,60549,0.0,0.0,ADANIENSOL.NS
2026-07-17 12:00:00+05:30,1739.800048828125,1745.9000244140625,1738.5999755859375,1743.4000244140625,65667,0.0,0.0,ADANIENSOL.NS
2026-07-17 12:15:00+05:30,1743.699951171875,1745.0,1738.5,1740.0,35857,0.0,0.0,ADANIENSOL.NS
2026-07-17 12:30:00+05:30,1740.0,1740.0,1735.4000244140625,1737.699951171875,30515,0.0,0.0,ADANIENSOL.NS
2026-07-17 12:45:00+05:30,1737.699951171875,1740.5999755859375,1735.0,1737.800048828125,33205,0.0,0.0,ADANIENSOL.NS
2026-07-17 13:00:00+05:30,1737.800048828125,1743.0,1737.300048828125,1740.800048828125,31435,0.0,0.0,ADANIENSOL.NS
2026-07-17 13:15:00+05:30,1740.300048828125,1741.199951171875,1733.0,1734.199951171875,39702,0.0,0.0,ADANIENSOL.NS
2026-07-17 13:30:00+05:30,1734.300048828125,1734.800048828125,1728.5999755859375,1729.5,41310,0.0,0.0,ADANIENSOL.NS
2026-07-17 13:45:00+05:30,1728.300048828125,1731.199951171875,1725.9000244140625,1731.0,47553,0.0,0.0,ADANIENSOL.NS
2026-07-17 14:00:00+05:30,1727.699951171875,1730.300048828125,1727.0999755859375,1729.0,32790,0.0,0.0,ADANIENSOL.NS
2026-07-17 14:15:00+05:30,1729.0,1739.9000244140625,1728.5,1729.0,65955,0.0,0.0,ADANIENSOL.NS
2026-07-17 14:30:00+05:30,1729.0,1735.199951171875,1722.5,1724.199951171875,50926,0.0,0.0,ADANIENSOL.NS
2026-07-17 14:45:00+05:30,1724.4000244140625,1729.300048828125,1724.300048828125,1728.199951171875,38344,0.0,0.0,ADANIENSOL.NS
2026-07-17 15:00:00+05:30,1729.0,1729.0,1721.199951171875,1722.699951171875,88904,0.0,0.0,ADANIENSOL.NS
2026-07-17 15:15:00+05:30,1723.0,1727.4000244140625,1713.4000244140625,1724.0,227438,0.0,0.0,ADANIENSOL.NS
2026-07-20 09:15:00+05:30,1724.0,1732.699951171875,1704.5,1726.699951171875,97540,0.0,0.0,ADANIENSOL.NS
2026-07-20 09:30:00+05:30,1726.4000244140625,1732.699951171875,1721.699951171875,1724.9000244140625,121259,0.0,0.0,ADANIENSOL.NS
2026-07-20 09:45:00+05:30,1725.0,1735.0,1724.4000244140625,1731.199951171875,56382,0.0,0.0,ADANIENSOL.NS
2026-07-20 10:00:00+05:30,1731.699951171875,1732.800048828125,1727.199951171875,1732.800048828125,38269,0.0,0.0,ADANIENSOL.NS
2026-07-20 10:15:00+05:30,1733.4000244140625,1733.5999755859375,1728.199951171875,1729.800048828125,26221,0.0,0.0,ADANIENSOL.NS
2026-07-20 10:30:00+05:30,1730.699951171875,1739.4000244140625,1729.0,1730.199951171875,49389,0.0,0.0,ADANIENSOL.NS
2026-07-20 10:45:00+05:30,1730.300048828125,1731.800048828125,1721.199951171875,1723.300048828125,35673,0.0,0.0,ADANIENSOL.NS
2026-07-20 11:00:00+05:30,1723.300048828125,1724.0,1715.0,1718.5,69561,0.0,0.0,ADANIENSOL.NS
2026-07-20 11:15:00+05:30,1718.800048828125,1721.9000244140625,1716.0,1720.0,32082,0.0,0.0,ADANIENSOL.NS
2026-07-20 11:30:00+05:30,1719.0,1721.0,1716.0,1717.5,17633,0.0,0.0,ADANIENSOL.NS
2026-07-20 11:45:00+05:30,1717.5,1717.5,1711.800048828125,1714.800048828125,34862,0.0,0.0,ADANIENSOL.NS
2026-07-20 12:00:00+05:30,1714.9000244140625,1718.0,1713.800048828125,1718.0,14740,0.0,0.0,ADANIENSOL.NS
2026-07-20 12:15:00+05:30,1718.0,1718.5999755859375,1715.9000244140625,1715.9000244140625,18769,0.0,0.0,ADANIENSOL.NS
2026-07-20 12:30:00+05:30,1716.300048828125,1718.199951171875,1715.199951171875,1715.699951171875,11224,0.0,0.0,ADANIENSOL.NS
2026-07-20 12:45:00+05:30,1715.699951171875,1718.5999755859375,1713.0999755859375,1718.300048828125,21715,0.0,0.0,ADANIENSOL.NS
2026-07-20 13:00:00+05:30,1718.0999755859375,1718.9000244140625,1715.5,1718.9000244140625,36547,0.0,0.0,ADANIENSOL.NS
2026-07-20 13:15:00+05:30,1719.9000244140625,1729.9000244140625,1718.0999755859375,1726.4000244140625,56085,0.0,0.0,ADANIENSOL.NS
2026-07-20 13:30:00+05:30,1726.800048828125,1733.0999755859375,1726.800048828125,1732.0999755859375,46602,0.0,0.0,ADANIENSOL.NS
2026-07-20 13:45:00+05:30,1733.0,1736.199951171875,1733.0,1735.0,44573,0.0,0.0,ADANIENSOL.NS
2026-07-20 14:00:00+05:30,1734.5,1739.0,1733.300048828125,1733.300048828125,37608,0.0,0.0,ADANIENSOL.NS
2026-07-20 14:15:00+05:30,1733.300048828125,1733.300048828125,1728.0,1730.5999755859375,36335,0.0,0.0,ADANIENSOL.NS
2026-07-20 14:30:00+05:30,1730.9000244140625,1731.0,1725.0999755859375,1725.9000244140625,29678,0.0,0.0,ADANIENSOL.NS
2026-07-20 14:45:00+05:30,1725.800048828125,1729.800048828125,1725.0999755859375,1729.199951171875,31154,0.0,0.0,ADANIENSOL.NS
2026-07-20 15:00:00+05:30,1729.800048828125,1732.699951171875,1728.0,1732.0,60820,0.0,0.0,ADANIENSOL.NS
2026-07-20 15:15:00+05:30,1732.0,1733.0,1726.300048828125,1729.5,130062,0.0,0.0,ADANIENSOL.NS
2026-07-21 09:15:00+05:30,1735.0999755859375,1741.300048828125,1724.5,1731.5999755859375,97492,0.0,0.0,ADANIENSOL.NS
2026-07-21 09:30:00+05:30,1731.0,1740.0,1730.800048828125,1739.5,57564,0.0,0.0,ADANIENSOL.NS
2026-07-21 09:45:00+05:30,1739.4000244140625,1743.699951171875,1735.300048828125,1737.0999755859375,68694,0.0,0.0,ADANIENSOL.NS
2026-07-21 10:00:00+05:30,1735.5,1741.0,1733.199951171875,1738.800048828125,51327,0.0,0.0,ADANIENSOL.NS
2026-07-21 10:15:00+05:30,1738.300048828125,1738.699951171875,1733.0,1735.9000244140625,37347,0.0,0.0,ADANIENSOL.NS
2026-07-21 10:30:00+05:30,1736.199951171875,1738.0999755859375,1731.0,1734.699951171875,36515,0.0,0.0,ADANIENSOL.NS
2026-07-21 10:45:00+05:30,1734.4000244140625,1734.800048828125,1731.199951171875,1734.0,29873,0.0,0.0,ADANIENSOL.NS
2026-07-21 11:00:00+05:30,1734.0,1735.5999755859375,1732.5999755859375,1733.4000244140625,12861,0.0,0.0,ADANIENSOL.NS
2026-07-21 11:15:00+05:30,1733.5,1737.9000244140625,1733.4000244140625,1736.5,22556,0.0,0.0,ADANIENSOL.NS
2026-07-21 11:30:00+05:30,1736.5,1739.0,1727.800048828125,1728.4000244140625,44271,0.0,0.0,ADANIENSOL.NS
2026-07-21 11:45:00+05:30,1729.699951171875,1733.5,1728.5,1733.0,21375,0.0,0.0,ADANIENSOL.NS
2026-07-21 12:00:00+05:30,1733.0,1736.0,1732.199951171875,1732.699951171875,15519,0.0,0.0,ADANIENSOL.NS
2026-07-21 12:15:00+05:30,1732.5999755859375,1734.800048828125,1731.5,1732.699951171875,11066,0.0,0.0,ADANIENSOL.NS
2026-07-21 12:30:00+05:30,1732.800048828125,1737.4000244140625,1731.5,1736.699951171875,18132,0.0,0.0,ADANIENSOL.NS
2026-07-21 12:45:00+05:30,1736.699951171875,1739.5,1735.4000244140625,1735.800048828125,25410,0.0,0.0,ADANIENSOL.NS
2026-07-21 13:00:00+05:30,1736.0,1738.5,1730.0,1737.5999755859375,28186,0.0,0.0,ADANIENSOL.NS
2026-07-21 13:15:00+05:30,1737.199951171875,1740.5,1736.0,1739.0,33714,0.0,0.0,ADANIENSOL.NS
2026-07-21 13:30:00+05:30,1739.0,1745.199951171875,1738.0,1742.800048828125,65316,0.0,0.0,ADANIENSOL.NS
2026-07-21 13:45:00+05:30,1741.800048828125,1753.0,1718.9000244140625,1744.800048828125,449334,0.0,0.0,ADANIENSOL.NS
2026-07-21 14:00:00+05:30,1745.0,1788.9000244140625,1742.699951171875,1776.5999755859375,992641,0.0,0.0,ADANIENSOL.NS
2026-07-21 14:15:00+05:30,1777.5,1784.9000244140625,1745.0,1749.0999755859375,517979,0.0,0.0,ADANIENSOL.NS
2026-07-21 14:30:00+05:30,1748.199951171875,1755.699951171875,1738.0,1738.0,242051,0.0,0.0,ADANIENSOL.NS
2026-07-21 14:45:00+05:30,1738.800048828125,1750.0,1733.0999755859375,1748.699951171875,201476,0.0,0.0,ADANIENSOL.NS
2026-07-21 15:00:00+05:30,1749.300048828125,1750.0,1738.0999755859375,1738.4000244140625,235266,0.0,0.0,ADANIENSOL.NS
2026-07-21 15:15:00+05:30,1738.4000244140625,1742.0,1733.5,1741.5999755859375,274592,0.0,0.0,ADANIENSOL.NS
2026-07-22 09:15:00+05:30,1750.699951171875,1755.5,1715.4000244140625,1732.0,237494,0.0,0.0,ADANIENSOL.NS
2026-07-22 09:30:00+05:30,1732.0,1739.0,1721.0,1730.0,201076,0.0,0.0,ADANIENSOL.NS
2026-07-22 09:45:00+05:30,1730.300048828125,1742.0,1728.5999755859375,1739.0,147055,0.0,0.0,ADANIENSOL.NS
2026-07-22 10:00:00+05:30,1738.199951171875,1754.0,1737.199951171875,1745.0999755859375,193358,0.0,0.0,ADANIENSOL.NS
2026-07-22 10:15:00+05:30,1743.5,1747.0,1735.4000244140625,1741.199951171875,93314,0.0,0.0,ADANIENSOL.NS
2026-07-22 10:30:00+05:30,1741.5999755859375,1744.9000244140625,1739.199951171875,1741.5999755859375,46403,0.0,0.0,ADANIENSOL.NS
2026-07-22 10:45:00+05:30,1741.0999755859375,1755.4000244140625,1741.0999755859375,1744.0,133801,0.0,0.0,ADANIENSOL.NS
2026-07-22 11:00:00+05:30,1744.4000244140625,1747.699951171875,1740.0,1743.300048828125,46921,0.0,0.0,ADANIENSOL.NS
2026-07-22 11:15:00+05:30,1743.300048828125,1753.0,1742.0,1749.0,53238,0.0,0.0,ADANIENSOL.NS
2026-07-22 11:30:00+05:30,1749.0999755859375,1756.800048828125,1746.300048828125,1749.0999755859375,123139,0.0,0.0,ADANIENSOL.NS
2026-07-22 11:45:00+05:30,1749.5,1749.5,1738.699951171875,1739.5999755859375,67314,0.0,0.0,ADANIENSOL.NS
2026-07-22 12:00:00+05:30,1739.800048828125,1740.9000244140625,1726.699951171875,1729.0,70622,0.0,0.0,ADANIENSOL.NS
2026-07-22 12:15:00+05:30,1729.9000244140625,1738.5999755859375,1729.4000244140625,1736.0999755859375,47242,0.0,0.0,ADANIENSOL.NS
2026-07-22 12:30:00+05:30,1735.800048828125,1737.5,1731.0,1736.4000244140625,33681,0.0,0.0,ADANIENSOL.NS
2026-07-22 12:45:00+05:30,1737.199951171875,1739.0,1734.0,1734.5,38864,0.0,0.0,ADANIENSOL.NS
2026-07-22 13:00:00+05:30,1734.699951171875,1736.0,1732.4000244140625,1734.4000244140625,24983,0.0,0.0,ADANIENSOL.NS
2026-07-22 13:15:00+05:30,1734.5,1735.699951171875,1732.5999755859375,1735.199951171875,14862,0.0,0.0,ADANIENSOL.NS
2026-07-22 13:30:00+05:30,1735.199951171875,1739.5,1733.9000244140625,1737.9000244140625,22890,0.0,0.0,ADANIENSOL.NS
2026-07-22 13:45:00+05:30,1738.0,1739.0,1728.5999755859375,1734.9000244140625,49323,0.0,0.0,ADANIENSOL.NS
2026-07-22 14:00:00+05:30,1734.5,1735.699951171875,1718.5,1721.300048828125,74482,0.0,0.0,ADANIENSOL.NS
2026-07-22 14:15:00+05:30,1720.4000244140625,1725.5999755859375,1712.4000244140625,1717.0,85849,0.0,0.0,ADANIENSOL.NS
2026-07-22 14:30:00+05:30,1716.5999755859375,1724.5999755859375,1714.0,1719.9000244140625,45580,0.0,0.0,ADANIENSOL.NS
2026-07-22 14:45:00+05:30,1719.0,1722.0,1714.0999755859375,1720.199951171875,37793,0.0,0.0,ADANIENSOL.NS
2026-07-22 15:00:00+05:30,1720.699951171875,1730.0,1720.699951171875,1729.800048828125,105139,0.0,0.0,ADANIENSOL.NS
2026-07-22 15:15:00+05:30,1729.9000244140625,1733.0999755859375,1719.199951171875,1724.4000244140625,166402,0.0,0.0,ADANIENSOL.NS
2026-07-23 09:15:00+05:30,1724.0,1727.5,1706.199951171875,1720.0,95164,0.0,0.0,ADANIENSOL.NS
2026-07-23 09:30:00+05:30,1720.800048828125,1723.199951171875,1693.9000244140625,1694.800048828125,145052,0.0,0.0,ADANIENSOL.NS
2026-07-23 09:45:00+05:30,1694.800048828125,1709.5999755859375,1694.699951171875,1703.4000244140625,126458,0.0,0.0,ADANIENSOL.NS
2026-07-23 10:00:00+05:30,1704.0,1710.699951171875,1686.699951171875,1688.4000244140625,105473,0.0,0.0,ADANIENSOL.NS
2026-07-23 10:15:00+05:30,1688.0,1693.0,1683.699951171875,1690.0999755859375,88860,0.0,0.0,ADANIENSOL.NS
2026-07-23 10:30:00+05:30,1690.300048828125,1690.5999755859375,1677.199951171875,1687.5,141333,0.0,0.0,ADANIENSOL.NS
2026-07-23 10:45:00+05:30,1686.800048828125,1705.0999755859375,1684.0999755859375,1705.0999755859375,146262,0.0,0.0,ADANIENSOL.NS
2026-07-23 11:00:00+05:30,1704.5,1728.9000244140625,1704.0,1719.300048828125,269174,0.0,0.0,ADANIENSOL.NS
2026-07-23 11:15:00+05:30,1720.0,1722.0,1716.0,1719.0,96493,0.0,0.0,ADANIENSOL.NS
2026-07-23 11:30:00+05:30,1718.9000244140625,1721.0999755859375,1711.0,1711.4000244140625,72073,0.0,0.0,ADANIENSOL.NS
2026-07-23 11:45:00+05:30,1711.9000244140625,1716.199951171875,1710.0999755859375,1714.300048828125,37110,0.0,0.0,ADANIENSOL.NS
2026-07-23 12:00:00+05:30,1714.300048828125,1717.0999755859375,1707.0,1708.199951171875,34294,0.0,0.0,ADANIENSOL.NS
2026-07-23 12:15:00+05:30,1709.0,1710.300048828125,1698.0,1698.0999755859375,70908,0.0,0.0,ADANIENSOL.NS
2026-07-23 12:30:00+05:30,1698.0999755859375,1700.199951171875,1692.800048828125,1693.0,40894,0.0,0.0,ADANIENSOL.NS
2026-07-23 12:45:00+05:30,1693.5999755859375,1695.199951171875,1683.4000244140625,1691.4000244140625,73685,0.0,0.0,ADANIENSOL.NS
2026-07-23 13:00:00+05:30,1691.0,1691.0,1682.0,1683.5999755859375,51887,0.0,0.0,ADANIENSOL.NS
2026-07-23 13:15:00+05:30,1683.5999755859375,1686.0999755859375,1675.4000244140625,1675.5,102853,0.0,0.0,ADANIENSOL.NS
2026-07-23 13:30:00+05:30,1676.0,1697.199951171875,1672.699951171875,1686.199951171875,101270,0.0,0.0,ADANIENSOL.NS
2026-07-23 13:45:00+05:30,1686.9000244140625,1688.5,1678.0,1679.199951171875,108439,0.0,0.0,ADANIENSOL.NS
2026-07-23 14:00:00+05:30,1679.800048828125,1681.5,1672.4000244140625,1674.199951171875,197610,0.0,0.0,ADANIENSOL.NS
2026-07-23 14:15:00+05:30,1674.800048828125,1676.300048828125,1665.0999755859375,1667.199951171875,173987,0.0,0.0,ADANIENSOL.NS
2026-07-23 14:30:00+05:30,1667.0,1688.0999755859375,1666.0,1675.0999755859375,397641,0.0,0.0,ADANIENSOL.NS
2026-07-23 14:45:00+05:30,1674.9000244140625,1679.800048828125,1674.5,1678.800048828125,69682,0.0,0.0,ADANIENSOL.NS
2026-07-23 15:00:00+05:30,1679.5,1686.9000244140625,1676.5,1686.300048828125,339037,0.0,0.0,ADANIENSOL.NS
2026-07-23 15:15:00+05:30,1686.4000244140625,1695.800048828125,1681.0,1692.0,252416,0.0,0.0,ADANIENSOL.NS
2026-07-24 09:15:00+05:30,1670.800048828125,1700.0,1670.800048828125,1676.199951171875,194541,0.0,0.0,ADANIENSOL.NS
2026-07-24 09:30:00+05:30,1676.0,1700.0,1676.0,1693.199951171875,137610,0.0,0.0,ADANIENSOL.NS
2026-07-24 09:45:00+05:30,1693.0999755859375,1695.0,1683.300048828125,1692.5999755859375,117127,0.0,0.0,ADANIENSOL.NS
2026-07-24 10:00:00+05:30,1692.9000244140625,1693.9000244140625,1686.0,1686.0,66003,0.0,0.0,ADANIENSOL.NS
2026-07-24 10:15:00+05:30,1686.4000244140625,1691.199951171875,1685.0,1688.800048828125,58444,0.0,0.0,ADANIENSOL.NS
2026-07-24 10:30:00+05:30,1688.0,1699.5,1687.300048828125,1694.300048828125,85943,0.0,0.0,ADANIENSOL.NS
2026-07-24 10:45:00+05:30,1694.5,1699.0,1691.0,1695.5999755859375,74062,0.0,0.0,ADANIENSOL.NS
2026-07-24 11:00:00+05:30,1695.9000244140625,1695.9000244140625,1681.800048828125,1683.5999755859375,140254,0.0,0.0,ADANIENSOL.NS
2026-07-24 11:15:00+05:30,1682.699951171875,1694.4000244140625,1681.5999755859375,1685.0,91543,0.0,0.0,ADANIENSOL.NS
2026-07-24 11:30:00+05:30,1685.199951171875,1696.5999755859375,1684.5,1695.199951171875,45606,0.0,0.0,ADANIENSOL.NS
2026-07-24 11:45:00+05:30,1696.0,1707.5999755859375,1696.0,1702.0,133263,0.0,0.0,ADANIENSOL.NS
2026-07-24 12:00:00+05:30,1702.0999755859375,1706.0,1694.4000244140625,1699.0,68596,0.0,0.0,ADANIENSOL.NS
2026-07-24 12:15:00+05:30,1698.5,1705.9000244140625,1694.0,1704.9000244140625,86181,0.0,0.0,ADANIENSOL.NS
2026-07-24 12:30:00+05:30,1704.300048828125,1704.300048828125,1695.0,1701.699951171875,57587,0.0,0.0,ADANIENSOL.NS
2026-07-24 12:45:00+05:30,1701.9000244140625,1711.199951171875,1701.0,1707.0999755859375,104459,0.0,0.0,ADANIENSOL.NS
2026-07-24 13:00:00+05:30,1707.0999755859375,1708.5999755859375,1703.0999755859375,1707.0999755859375,51959,0.0,0.0,ADANIENSOL.NS
2026-07-24 13:15:00+05:30,1706.800048828125,1713.9000244140625,1698.199951171875,1698.4000244140625,182931,0.0,0.0,ADANIENSOL.NS
2026-07-24 13:30:00+05:30,1698.5999755859375,1699.300048828125,1695.0,1697.0,48493,0.0,0.0,ADANIENSOL.NS
2026-07-24 13:45:00+05:30,1697.199951171875,1701.5,1697.199951171875,1698.699951171875,30317,0.0,0.0,ADANIENSOL.NS
2026-07-24 14:00:00+05:30,1699.0999755859375,1699.9000244140625,1694.199951171875,1695.0,124609,0.0,0.0,ADANIENSOL.NS
2026-07-24 14:15:00+05:30,1695.5,1700.0,1691.300048828125,1699.4000244140625,190446,0.0,0.0,ADANIENSOL.NS
2026-07-24 14:30:00+05:30,1699.4000244140625,1702.0,1694.5999755859375,1697.0,143376,0.0,0.0,ADANIENSOL.NS
2026-07-24 14:45:00+05:30,1697.300048828125,1698.300048828125,1694.0,1697.0999755859375,62211,0.0,0.0,ADANIENSOL.NS
2026-07-24 15:00:00+05:30,1698.5999755859375,1705.800048828125,1696.0,1705.300048828125,84981,0.0,0.0,ADANIENSOL.NS
2026-07-24 15:15:00+05:30,1705.199951171875,1707.699951171875,1699.0,1701.0,117533,0.0,0.0,ADANIENSOL.NS
2026-07-27 09:15:00+05:30,1716.4000244140625,1717.5999755859375,1702.199951171875,1710.199951171875,115793,0.0,0.0,ADANIENSOL.NS
2026-07-27 09:30:00+05:30,1709.5999755859375,1714.800048828125,1706.9000244140625,1708.9000244140625,193845,0.0,0.0,ADANIENSOL.NS
2026-07-27 09:45:00+05:30,1709.5999755859375,1711.0,1700.0,1701.0,93062,0.0,0.0,ADANIENSOL.NS
2026-07-27 10:00:00+05:30,1701.0999755859375,1706.9000244140625,1700.199951171875,1704.9000244140625,71567,0.0,0.0,ADANIENSOL.NS
2026-07-27 10:15:00+05:30,1704.0,1704.800048828125,1689.4000244140625,1689.5999755859375,112122,0.0,0.0,ADANIENSOL.NS
2026-07-27 10:30:00+05:30,1689.800048828125,1694.300048828125,1689.800048828125,1692.5,62944,0.0,0.0,ADANIENSOL.NS
2026-07-27 10:45:00+05:30,1692.5999755859375,1694.699951171875,1685.199951171875,1685.9000244140625,66854,0.0,0.0,ADANIENSOL.NS
2026-07-27 11:00:00+05:30,1685.9000244140625,1686.199951171875,1680.199951171875,1682.9000244140625,57381,0.0,0.0,ADANIENSOL.NS
2026-07-27 11:15:00+05:30,1682.300048828125,1687.199951171875,1680.800048828125,1685.300048828125,59866,0.0,0.0,ADANIENSOL.NS
2026-07-27 11:30:00+05:30,1685.300048828125,1687.5999755859375,1683.0,1684.699951171875,38569,0.0,0.0,ADANIENSOL.NS
2026-07-27 11:45:00+05:30,1684.699951171875,1687.4000244140625,1683.300048828125,1685.0,42814,0.0,0.0,ADANIENSOL.NS
2026-07-27 12:00:00+05:30,1684.4000244140625,1687.199951171875,1682.800048828125,1686.0999755859375,58100,0.0,0.0,ADANIENSOL.NS
2026-07-27 12:15:00+05:30,1685.800048828125,1685.800048828125,1682.199951171875,1682.199951171875,24079,0.0,0.0,ADANIENSOL.NS
2026-07-27 12:30:00+05:30,1682.0999755859375,1684.0999755859375,1678.4000244140625,1680.4000244140625,48068,0.0,0.0,ADANIENSOL.NS
2026-07-27 12:45:00+05:30,1680.9000244140625,1687.5999755859375,1680.699951171875,1686.4000244140625,38391,0.0,0.0,ADANIENSOL.NS
2026-07-27 13:00:00+05:30,1687.0,1688.699951171875,1686.9000244140625,1687.699951171875,48152,0.0,0.0,ADANIENSOL.NS
2026-07-27 13:15:00+05:30,1687.699951171875,1691.0999755859375,1686.300048828125,1687.699951171875,64925,0.0,0.0,ADANIENSOL.NS
2026-07-27 13:30:00+05:30,1687.5,1698.0,1686.5,1689.699951171875,92785,0.0,0.0,ADANIENSOL.NS
2026-07-27 13:45:00+05:30,1689.699951171875,1690.5,1686.0999755859375,1689.699951171875,76257,0.0,0.0,ADANIENSOL.NS
2026-07-27 14:00:00+05:30,1690.0,1692.5,1688.199951171875,1690.199951171875,116512,0.0,0.0,ADANIENSOL.NS
2026-07-27 14:15:00+05:30,1690.300048828125,1696.699951171875,1689.9000244140625,1690.800048828125,133625,0.0,0.0,ADANIENSOL.NS
2026-07-27 14:30:00+05:30,1690.699951171875,1691.199951171875,1687.4000244140625,1689.5999755859375,202490,0.0,0.0,ADANIENSOL.NS
2026-07-27 14:45:00+05:30,1689.5999755859375,1696.9000244140625,1687.0999755859375,1696.9000244140625,159055,0.0,0.0,ADANIENSOL.NS
2026-07-27 15:00:00+05:30,1696.199951171875,1702.199951171875,1696.199951171875,1701.699951171875,199827,0.0,0.0,ADANIENSOL.NS
2026-07-27 15:15:00+05:30,1701.699951171875,1709.0,1701.699951171875,1708.9000244140625,340302,0.0,0.0,ADANIENSOL.NS
2026-07-28 09:15:00+05:30,1662.199951171875,1692.0,1662.199951171875,1676.300048828125,173338,0.0,0.0,ADANIENSOL.NS
2026-07-28 09:30:00+05:30,1676.300048828125,1678.800048828125,1663.0,1668.4000244140625,232423,0.0,0.0,ADANIENSOL.NS
2026-07-28 09:45:00+05:30,1668.0,1669.699951171875,1658.5999755859375,1661.300048828125,129644,0.0,0.0,ADANIENSOL.NS
2026-07-28 10:00:00+05:30,1660.9000244140625,1663.800048828125,1656.699951171875,1663.800048828125,98947,0.0,0.0,ADANIENSOL.NS
2026-07-28 10:15:00+05:30,1662.5,1670.0,1662.5,1669.0,90660,0.0,0.0,ADANIENSOL.NS
2026-07-28 10:30:00+05:30,1669.199951171875,1674.699951171875,1668.0,1671.199951171875,96647,0.0,0.0,ADANIENSOL.NS
2026-07-28 10:45:00+05:30,1671.9000244140625,1674.699951171875,1670.5999755859375,1673.800048828125,71644,0.0,0.0,ADANIENSOL.NS
2026-07-28 11:00:00+05:30,1673.699951171875,1674.300048828125,1669.0,1671.5,75084,0.0,0.0,ADANIENSOL.NS
2026-07-28 11:15:00+05:30,1671.5,1672.0999755859375,1665.199951171875,1669.0999755859375,90651,0.0,0.0,ADANIENSOL.NS
2026-07-28 11:30:00+05:30,1667.800048828125,1669.5999755859375,1665.300048828125,1666.199951171875,60546,0.0,0.0,ADANIENSOL.NS
2026-07-28 11:45:00+05:30,1666.199951171875,1667.199951171875,1660.0999755859375,1664.800048828125,84389,0.0,0.0,ADANIENSOL.NS
2026-07-28 12:00:00+05:30,1664.800048828125,1666.699951171875,1661.9000244140625,1664.699951171875,66600,0.0,0.0,ADANIENSOL.NS
2026-07-28 12:15:00+05:30,1664.699951171875,1665.5999755859375,1663.0,1663.699951171875,38884,0.0,0.0,ADANIENSOL.NS
2026-07-28 12:30:00+05:30,1663.5999755859375,1667.199951171875,1663.4000244140625,1667.199951171875,36119,0.0,0.0,ADANIENSOL.NS
2026-07-28 12:45:00+05:30,1666.199951171875,1668.9000244140625,1659.0999755859375,1661.300048828125,70714,0.0,0.0,ADANIENSOL.NS
2026-07-28 13:00:00+05:30,1661.300048828125,1661.5999755859375,1657.300048828125,1661.0,68635,0.0,0.0,ADANIENSOL.NS
2026-07-28 13:15:00+05:30,1661.0,1663.300048828125,1659.4000244140625,1659.5999755859375,55763,0.0,0.0,ADANIENSOL.NS
2026-07-28 13:30:00+05:30,1659.0999755859375,1661.0,1657.5999755859375,1661.0,36703,0.0,0.0,ADANIENSOL.NS
2026-07-28 13:45:00+05:30,1660.4000244140625,1660.9000244140625,1653.199951171875,1657.0999755859375,97213,0.0,0.0,ADANIENSOL.NS
2026-07-28 14:00:00+05:30,1657.0999755859375,1661.0,1651.199951171875,1653.0999755859375,97177,0.0,0.0,ADANIENSOL.NS
2026-07-28 14:15:00+05:30,1654.0999755859375,1658.0,1644.199951171875,1645.0999755859375,133879,0.0,0.0,ADANIENSOL.NS
2026-07-28 14:30:00+05:30,1645.0999755859375,1647.199951171875,1641.0999755859375,1641.5999755859375,143362,0.0,0.0,ADANIENSOL.NS
2026-07-28 14:45:00+05:30,1641.5999755859375,1651.300048828125,1635.5,1648.0999755859375,124522,0.0,0.0,ADANIENSOL.NS
2026-07-28 15:00:00+05:30,1649.0,1656.5,1646.5999755859375,1649.699951171875,200304,0.0,0.0,ADANIENSOL.NS
2026-07-28 15:15:00+05:30,1649.5999755859375,1654.0,1641.699951171875,1644.0,261245,0.0,0.0,ADANIENSOL.NS
2026-07-29 09:15:00+05:30,1648.0,1672.0,1645.300048828125,1662.9000244140625,99979,0.0,0.0,ADANIENSOL.NS
2026-07-29 09:30:00+05:30,1661.199951171875,1662.800048828125,1656.4000244140625,1661.199951171875,85530,0.0,0.0,ADANIENSOL.NS
2026-07-29 09:45:00+05:30,1661.199951171875,1665.9000244140625,1646.300048828125,1647.0,121091,0.0,0.0,ADANIENSOL.NS
2026-07-29 10:00:00+05:30,1647.0999755859375,1660.199951171875,1643.5,1655.0999755859375,98550,0.0,0.0,ADANIENSOL.NS
2026-07-29 10:15:00+05:30,1655.300048828125,1663.9000244140625,1655.0,1655.699951171875,61944,0.0,0.0,ADANIENSOL.NS
2026-07-29 10:30:00+05:30,1655.699951171875,1659.5999755859375,1652.199951171875,1656.5999755859375,90068,0.0,0.0,ADANIENSOL.NS
2026-07-29 10:45:00+05:30,1656.4000244140625,1656.699951171875,1649.4000244140625,1653.4000244140625,82047,0.0,0.0,ADANIENSOL.NS
2026-07-29 11:00:00+05:30,1653.800048828125,1659.0,1652.199951171875,1654.5,87590,0.0,0.0,ADANIENSOL.NS
2026-07-29 11:15:00+05:30,1654.5,1660.5999755859375,1647.0,1648.9000244140625,117416,0.0,0.0,ADANIENSOL.NS
2026-07-29 11:30:00+05:30,1648.9000244140625,1658.5,1648.699951171875,1650.9000244140625,73298,0.0,0.0,ADANIENSOL.NS
2026-07-29 11:45:00+05:30,1650.9000244140625,1654.300048828125,1650.5,1653.699951171875,40289,0.0,0.0,ADANIENSOL.NS
2026-07-29 12:00:00+05:30,1653.9000244140625,1656.0,1651.199951171875,1651.9000244140625,38885,0.0,0.0,ADANIENSOL.NS
2026-07-29 12:15:00+05:30,1651.9000244140625,1654.699951171875,1647.0,1650.5,43927,0.0,0.0,ADANIENSOL.NS
2026-07-29 12:30:00+05:30,1651.0,1659.0,1649.300048828125,1658.199951171875,118512,0.0,0.0,ADANIENSOL.NS
2026-07-29 12:45:00+05:30,1658.5,1664.699951171875,1656.800048828125,1657.800048828125,66346,0.0,0.0,ADANIENSOL.NS
2026-07-29 13:00:00+05:30,1657.9000244140625,1661.699951171875,1654.0999755859375,1654.0999755859375,43427,0.0,0.0,ADANIENSOL.NS
2026-07-29 13:15:00+05:30,1654.4000244140625,1656.0,1652.0,1655.699951171875,44282,0.0,0.0,ADANIENSOL.NS
2026-07-29 13:30:00+05:30,1654.5999755859375,1656.4000244140625,1647.300048828125,1649.199951171875,99117,0.0,0.0,ADANIENSOL.NS
2026-07-29 13:45:00+05:30,1649.199951171875,1656.4000244140625,1648.800048828125,1655.0999755859375,48749,0.0,0.0,ADANIENSOL.NS
2026-07-29 14:00:00+05:30,1655.300048828125,1658.5999755859375,1653.800048828125,1658.4000244140625,48584,0.0,0.0,ADANIENSOL.NS
2026-07-29 14:15:00+05:30,1658.4000244140625,1661.9000244140625,1658.300048828125,1661.9000244140625,39648,0.0,0.0,ADANIENSOL.NS
2026-07-29 14:30:00+05:30,1664.0,1682.0,1663.699951171875,1670.0999755859375,207211,0.0,0.0,ADANIENSOL.NS
2026-07-29 14:45:00+05:30,1670.0999755859375,1671.5999755859375,1667.699951171875,1671.199951171875,76869,0.0,0.0,ADANIENSOL.NS
2026-07-29 15:00:00+05:30,1671.199951171875,1673.199951171875,1669.300048828125,1670.5,93801,0.0,0.0,ADANIENSOL.NS
2026-07-29 15:15:00+05:30,1670.0,1670.0,1662.4000244140625,1663.0,156356,0.0,0.0,ADANIENSOL.NS
2026-07-30 09:15:00+05:30,1663.0,1663.0,1633.0,1642.699951171875,96312,0.0,0.0,ADANIENSOL.NS
2026-07-30 09:30:00+05:30,1642.0,1667.199951171875,1642.0,1661.9000244140625,161005,0.0,0.0,ADANIENSOL.NS
2026-07-30 09:45:00+05:30,1661.300048828125,1665.5,1657.0,1662.199951171875,41895,0.0,0.0,ADANIENSOL.NS
2026-07-30 10:00:00+05:30,1662.199951171875,1663.699951171875,1655.0,1656.0,31532,0.0,0.0,ADANIENSOL.NS
2026-07-30 10:15:00+05:30,1655.699951171875,1659.800048828125,1652.0999755859375,1657.0,48227,0.0,0.0,ADANIENSOL.NS
2026-07-30 10:30:00+05:30,1656.5999755859375,1658.199951171875,1653.5,1657.5,26225,0.0,0.0,ADANIENSOL.NS
2026-07-30 10:45:00+05:30,1657.5,1662.9000244140625,1655.300048828125,1656.800048828125,23036,0.0,0.0,ADANIENSOL.NS
2026-07-30 11:00:00+05:30,1656.800048828125,1658.9000244140625,1653.199951171875,1656.300048828125,19277,0.0,0.0,ADANIENSOL.NS
2026-07-30 11:15:00+05:30,1656.300048828125,1666.800048828125,1656.300048828125,1665.699951171875,76783,0.0,0.0,ADANIENSOL.NS
2026-07-30 11:30:00+05:30,1665.4000244140625,1666.800048828125,1662.699951171875,1663.0,22811,0.0,0.0,ADANIENSOL.NS
2026-07-30 11:45:00+05:30,1662.9000244140625,1663.800048828125,1658.800048828125,1659.699951171875,20381,0.0,0.0,ADANIENSOL.NS
2026-07-30 12:00:00+05:30,1659.0999755859375,1662.0,1658.0999755859375,1659.9000244140625,16554,0.0,0.0,ADANIENSOL.NS
2026-07-30 12:15:00+05:30,1659.9000244140625,1663.0999755859375,1659.0,1662.4000244140625,10731,0.0,0.0,ADANIENSOL.NS
2026-07-30 12:30:00+05:30,1663.0,1674.4000244140625,1663.0,1667.4000244140625,55575,0.0,0.0,ADANIENSOL.NS
2026-07-30 12:45:00+05:30,1667.9000244140625,1671.0,1666.699951171875,1667.800048828125,16980,0.0,0.0,ADANIENSOL.NS
2026-07-30 13:00:00+05:30,1667.800048828125,1668.4000244140625,1654.0,1654.699951171875,58274,0.0,0.0,ADANIENSOL.NS
2026-07-30 13:15:00+05:30,1654.5,1660.800048828125,1654.5,1658.0999755859375,55908,0.0,0.0,ADANIENSOL.NS
2026-07-30 13:30:00+05:30,1657.699951171875,1661.5,1657.5,1660.0,10607,0.0,0.0,ADANIENSOL.NS
2026-07-30 13:45:00+05:30,1660.0,1665.300048828125,1659.0999755859375,1660.0999755859375,24915,0.0,0.0,ADANIENSOL.NS
2026-07-30 14:00:00+05:30,1660.199951171875,1661.800048828125,1654.5,1658.0999755859375,38041,0.0,0.0,ADANIENSOL.NS
2026-07-30 14:15:00+05:30,1658.0999755859375,1658.0999755859375,1649.199951171875,1649.199951171875,73259,0.0,0.0,ADANIENSOL.NS
2026-07-30 14:30:00+05:30,1648.300048828125,1657.300048828125,1648.300048828125,1657.199951171875,61360,0.0,0.0,ADANIENSOL.NS
2026-07-30 14:45:00+05:30,1656.4000244140625,1659.300048828125,1654.0,1657.0,32908,0.0,0.0,ADANIENSOL.NS
2026-07-30 15:00:00+05:30,1656.5,1663.0,1656.199951171875,1659.300048828125,124361,0.0,0.0,ADANIENSOL.NS
2026-07-30 15:15:00+05:30,1659.0,1660.800048828125,1652.0,1655.800048828125,141014,0.0,0.0,ADANIENSOL.NS
2026-07-31 09:15:00+05:30,1666.4000244140625,1681.5999755859375,1665.199951171875,1670.300048828125,69793,0.0,0.0,ADANIENSOL.NS
2026-07-31 09:30:00+05:30,1670.300048828125,1672.699951171875,1661.5,1663.0999755859375,132159,0.0,0.0,ADANIENSOL.NS
2026-07-31 09:45:00+05:30,1663.199951171875,1663.800048828125,1656.699951171875,1660.0999755859375,62659,0.0,0.0,ADANIENSOL.NS
2026-07-31 10:00:00+05:30,1660.0999755859375,1661.800048828125,1655.0,1656.5,60768,0.0,0.0,ADANIENSOL.NS
2026-07-31 10:15:00+05:30,1656.5,1659.5,1655.300048828125,1656.5,44239,0.0,0.0,ADANIENSOL.NS
2026-07-31 10:30:00+05:30,1656.800048828125,1657.300048828125,1651.9000244140625,1653.9000244140625,52135,0.0,0.0,ADANIENSOL.NS
2026-07-31 10:45:00+05:30,1654.800048828125,1656.5999755859375,1652.0,1654.0999755859375,50119,0.0,0.0,ADANIENSOL.NS
2026-07-31 11:00:00+05:30,1654.699951171875,1655.699951171875,1651.199951171875,1652.0999755859375,34811,0.0,0.0,ADANIENSOL.NS
2026-07-31 11:15:00+05:30,1651.800048828125,1653.9000244140625,1649.0,1649.5999755859375,35581,0.0,0.0,ADANIENSOL.NS
2026-07-31 11:30:00+05:30,1650.0,1650.0,1634.199951171875,1636.199951171875,125464,0.0,0.0,ADANIENSOL.NS
2026-07-31 11:45:00+05:30,1636.300048828125,1638.4000244140625,1630.0999755859375,1635.800048828125,103538,0.0,0.0,ADANIENSOL.NS
2026-07-31 12:00:00+05:30,1635.5999755859375,1637.9000244140625,1633.9000244140625,1636.199951171875,31217,0.0,0.0,ADANIENSOL.NS
2026-07-31 12:15:00+05:30,1636.199951171875,1647.699951171875,1634.0,1642.0,129615,0.0,0.0,ADANIENSOL.NS
2026-07-31 12:30:00+05:30,1641.9000244140625,1646.9000244140625,1640.300048828125,1645.9000244140625,56886,0.0,0.0,ADANIENSOL.NS
2026-07-31 12:45:00+05:30,1645.9000244140625,1647.300048828125,1644.0999755859375,1647.300048828125,99314,0.0,0.0,ADANIENSOL.NS
2026-07-31 13:00:00+05:30,1647.4000244140625,1664.0,1645.199951171875,1646.9000244140625,141110,0.0,0.0,ADANIENSOL.NS
2026-07-31 13:15:00+05:30,1646.9000244140625,1651.800048828125,1644.800048828125,1649.199951171875,38096,0.0,0.0,ADANIENSOL.NS
2026-07-31 13:30:00+05:30,1649.9000244140625,1653.0,1644.0,1649.5999755859375,32003,0.0,0.0,ADANIENSOL.NS
2026-07-31 13:45:00+05:30,1650.0,1653.0999755859375,1648.800048828125,1652.5,23037,0.0,0.0,ADANIENSOL.NS
2026-07-31 14:00:00+05:30,1651.9000244140625,1653.4000244140625,1648.5,1650.699951171875,61668,0.0,0.0,ADANIENSOL.NS
2026-07-31 14:15:00+05:30,1651.4000244140625,1652.800048828125,1649.5,1650.800048828125,30920,0.0,0.0,ADANIENSOL.NS
2026-07-31 14:30:00+05:30,1652.5,1655.0,1644.800048828125,1651.4000244140625,52760,0.0,0.0,ADANIENSOL.NS
2026-07-31 14:45:00+05:30,1651.4000244140625,1653.0,1648.199951171875,1650.5999755859375,33011,0.0,0.0,ADANIENSOL.NS
2026-07-31 15:00:00+05:30,1651.0,1655.0,1640.0,1645.9000244140625,119015,0.0,0.0,ADANIENSOL.NS
2026-07-31 15:15:00+05:30,1645.4000244140625,1646.0999755859375,1636.0,1645.4000244140625,106994,0.0,0.0,ADANIENSOL.NS
2026-08-03 09:15:00+05:30,1651.699951171875,1676.0,1651.699951171875,1668.199951171875,141504,0.0,0.0,ADANIENSOL.NS
2026-08-03 09:30:00+05:30,1667.5999755859375,1674.9000244140625,1662.0,1664.4000244140625,111701,0.0,0.0,ADANIENSOL.NS
2026-08-03 09:45:00+05:30,1664.199951171875,1664.800048828125,1651.0,1657.0999755859375,58055,0.0,0.0,ADANIENSOL.NS
2026-08-03 10:00:00+05:30,1657.5,1660.9000244140625,1643.0999755859375,1645.0999755859375,64879,0.0,0.0,ADANIENSOL.NS
2026-08-03 10:15:00+05:30,1646.0999755859375,1655.0999755859375,1645.0,1647.699951171875,43223,0.0,0.0,ADANIENSOL.NS
2026-08-03 10:30:00+05:30,1647.699951171875,1649.5999755859375,1645.5,1645.5999755859375,23215,0.0,0.0,ADANIENSOL.NS
2026-08-03 10:45:00+05:30,1646.300048828125,1648.800048828125,1644.0999755859375,1647.0999755859375,20797,0.0,0.0,ADANIENSOL.NS
2026-08-03 11:00:00+05:30,1647.699951171875,1651.0999755859375,1643.0,1644.0,33324,0.0,0.0,ADANIENSOL.NS
2026-08-03 11:15:00+05:30,1644.0,1649.4000244140625,1642.699951171875,1646.0,27266,0.0,0.0,ADANIENSOL.NS
2026-08-03 11:30:00+05:30,1645.800048828125,1647.5,1642.0999755859375,1646.0,24244,0.0,0.0,ADANIENSOL.NS
2026-08-03 11:45:00+05:30,1646.300048828125,1652.0,1645.5999755859375,1649.300048828125,39677,0.0,0.0,ADANIENSOL.NS
2026-08-03 12:00:00+05:30,1649.4000244140625,1650.199951171875,1646.0,1647.0,21720,0.0,0.0,ADANIENSOL.NS
2026-08-03 12:15:00+05:30,1647.5999755859375,1651.0999755859375,1646.199951171875,1648.300048828125,23484,0.0,0.0,ADANIENSOL.NS
2026-08-03 12:30:00+05:30,1650.0,1650.5,1647.0,1647.300048828125,44176,0.0,0.0,ADANIENSOL.NS
2026-08-03 12:45:00+05:30,1647.199951171875,1649.0999755859375,1642.5,1643.199951171875,19796,0.0,0.0,ADANIENSOL.NS
2026-08-03 13:00:00+05:30,1643.5999755859375,1652.9000244140625,1643.0,1652.9000244140625,26104,0.0,0.0,ADANIENSOL.NS
2026-08-03 13:15:00+05:30,1652.4000244140625,1654.5999755859375,1649.5999755859375,1651.0999755859375,37541,0.0,0.0,ADANIENSOL.NS
2026-08-03 13:30:00+05:30,1651.0999755859375,1651.300048828125,1647.199951171875,1647.699951171875,18325,0.0,0.0,ADANIENSOL.NS
2026-08-03 13:45:00+05:30,1647.4000244140625,1648.0,1645.699951171875,1646.699951171875,17354,0.0,0.0,ADANIENSOL.NS
2026-08-03 14:00:00+05:30,1647.0999755859375,1647.5999755859375,1644.9000244140625,1647.0,16840,0.0,0.0,ADANIENSOL.NS
2026-08-03 14:15:00+05:30,1646.9000244140625,1647.5999755859375,1645.300048828125,1646.4000244140625,16605,0.0,0.0,ADANIENSOL.NS
2026-08-03 14:30:00+05:30,1646.300048828125,1646.300048828125,1644.0,1645.199951171875,22910,0.0,0.0,ADANIENSOL.NS
2026-08-03 14:45:00+05:30,1645.300048828125,1646.0999755859375,1642.4000244140625,1646.0999755859375,31644,0.0,0.0,ADANIENSOL.NS
2026-08-03 15:00:00+05:30,1646.199951171875,1647.5999755859375,1636.0,1642.5,167649,0.0,0.0,ADANIENSOL.NS
2026-08-03 15:15:00+05:30,1647.0,1647.0,1647.0,1647.0,21866,0.0,0.0,ADANIENSOL.NS
2026-08-04 09:15:00+05:30,1651.199951171875,1660.0,1651.199951171875,1655.0999755859375,26752,0.0,0.0,ADANIENSOL.NS
2026-08-04 09:30:00+05:30,1655.0999755859375,1663.199951171875,1655.0,1657.0,52704,0.0,0.0,ADANIENSOL.NS
2026-08-04 09:45:00+05:30,1657.5999755859375,1663.9000244140625,1657.0,1660.0,66510,0.0,0.0,ADANIENSOL.NS
2026-08-04 10:00:00+05:30,1659.800048828125,1661.0,1656.0,1658.300048828125,22915,0.0,0.0,ADANIENSOL.NS
2026-08-04 10:15:00+05:30,1658.300048828125,1658.300048828125,1651.699951171875,1654.0,32663,0.0,0.0,ADANIENSOL.NS
2026-08-04 10:30:00+05:30,1653.0999755859375,1655.0999755859375,1649.0,1652.699951171875,28020,0.0,0.0,ADANIENSOL.NS
2026-08-04 10:45:00+05:30,1653.300048828125,1654.0999755859375,1648.0,1648.300048828125,21077,0.0,0.0,ADANIENSOL.NS
2026-08-04 11:00:00+05:30,1648.5999755859375,1655.0,1648.300048828125,1655.0,20469,0.0,0.0,ADANIENSOL.NS
2026-08-04 11:15:00+05:30,1654.800048828125,1658.0,1646.5999755859375,1648.0,74617,0.0,0.0,ADANIENSOL.NS
2026-08-04 11:30:00+05:30,1647.9000244140625,1654.9000244140625,1644.800048828125,1653.800048828125,27718,0.0,0.0,ADANIENSOL.NS
2026-08-04 11:45:00+05:30,1653.800048828125,1654.0,1651.5999755859375,1652.699951171875,12114,0.0,0.0,ADANIENSOL.NS
2026-08-04 12:00:00+05:30,1652.5999755859375,1652.699951171875,1648.9000244140625,1650.800048828125,11541,0.0,0.0,ADANIENSOL.NS
2026-08-04 12:15:00+05:30,1650.4000244140625,1650.4000244140625,1649.0,1650.0,15694,0.0,0.0,ADANIENSOL.NS
2026-08-04 12:30:00+05:30,1650.5,1650.699951171875,1648.0,1649.5,10284,0.0,0.0,ADANIENSOL.NS
2026-08-04 12:45:00+05:30,1650.300048828125,1652.0,1648.300048828125,1648.800048828125,34784,0.0,0.0,ADANIENSOL.NS
2026-08-04 13:00:00+05:30,1649.4000244140625,1651.9000244140625,1648.9000244140625,1650.199951171875,11325,0.0,0.0,ADANIENSOL.NS
2026-08-04 13:15:00+05:30,1650.5999755859375,1650.800048828125,1647.5999755859375,1649.0,15569,0.0,0.0,ADANIENSOL.NS
2026-08-04 13:30:00+05:30,1649.0,1649.9000244140625,1647.0,1649.9000244140625,11937,0.0,0.0,ADANIENSOL.NS
2026-08-04 13:45:00+05:30,1649.800048828125,1650.0,1641.0,1644.0,30924,0.0,0.0,ADANIENSOL.NS
2026-08-04 14:00:00+05:30,1643.800048828125,1649.699951171875,1643.4000244140625,1649.5,22587,0.0,0.0,ADANIENSOL.NS
2026-08-04 14:15:00+05:30,1649.0999755859375,1650.0,1647.300048828125,1648.4000244140625,21284,0.0,0.0,ADANIENSOL.NS
2026-08-04 14:30:00+05:30,1648.0,1649.300048828125,1643.199951171875,1644.800048828125,28002,0.0,0.0,ADANIENSOL.NS
2026-08-04 14:45:00+05:30,1644.5,1644.5999755859375,1639.0,1640.4000244140625,70788,0.0,0.0,ADANIENSOL.NS
2026-08-04 15:00:00+05:30,1641.199951171875,1645.9000244140625,1639.300048828125,1643.0,100784,0.0,0.0,ADANIENSOL.NS
2026-08-04 15:15:00+05:30,1643.0,1646.0,1643.0,1646.0,19934,0.0,0.0,ADANIENSOL.NS
2026-08-05 09:15:00+05:30,1651.0999755859375,1655.800048828125,1646.800048828125,1648.699951171875,52099,0.0,0.0,ADANIENSOL.NS
2026-08-05 09:30:00+05:30,1648.699951171875,1653.5,1648.699951171875,1649.699951171875,42560,0.0,0.0,ADANIENSOL.NS
2026-08-05 09:45:00+05:30,1649.699951171875,1651.4000244140625,1643.5,1646.0,38653,0.0,0.0,ADANIENSOL.NS
2026-08-05 10:00:00+05:30,1646.0999755859375,1651.5,1644.4000244140625,1651.300048828125,27885,0.0,0.0,ADANIENSOL.NS
2026-08-05 10:15:00+05:30,1651.0,1651.0999755859375,1644.0999755859375,1645.5,27099,0.0,0.0,ADANIENSOL.NS
2026-08-05 10:30:00+05:30,1645.199951171875,1645.9000244140625,1639.0,1645.0,41035,0.0,0.0,ADANIENSOL.NS
2026-08-05 10:45:00+05:30,1644.9000244140625,1647.0,1639.0999755859375,1639.4000244140625,44956,0.0,0.0,ADANIENSOL.NS
2026-08-05 11:00:00+05:30,1639.4000244140625,1640.800048828125,1631.199951171875,1638.9000244140625,58816,0.0,0.0,ADANIENSOL.NS
2026-08-05 11:15:00+05:30,1639.300048828125,1642.5,1638.5,1641.5999755859375,19971,0.0,0.0,ADANIENSOL.NS
2026-08-05 11:30:00+05:30,1641.5999755859375,1642.9000244140625,1633.0,1636.699951171875,59188,0.0,0.0,ADANIENSOL.NS
2026-08-05 11:45:00+05:30,1636.800048828125,1637.5999755859375,1632.5999755859375,1634.4000244140625,18428,0.0,0.0,ADANIENSOL.NS
2026-08-05 12:00:00+05:30,1634.4000244140625,1635.699951171875,1632.0999755859375,1634.300048828125,19543,0.0,0.0,ADANIENSOL.NS
2026-08-05 12:15:00+05:30,1634.5999755859375,1638.5999755859375,1633.800048828125,1637.9000244140625,28121,0.0,0.0,ADANIENSOL.NS
2026-08-05 12:30:00+05:30,1638.4000244140625,1638.5,1634.300048828125,1637.0,16765,0.0,0.0,ADANIENSOL.NS
2026-08-05 12:45:00+05:30,1637.0,1639.9000244140625,1636.0999755859375,1636.0999755859375,15931,0.0,0.0,ADANIENSOL.NS
2026-08-05 13:00:00+05:30,1636.0999755859375,1638.699951171875,1635.199951171875,1638.4000244140625,12834,0.0,0.0,ADANIENSOL.NS
2026-08-05 13:15:00+05:30,1638.4000244140625,1641.5,1637.4000244140625,1640.800048828125,19529,0.0,0.0,ADANIENSOL.NS
2026-08-05 13:30:00+05:30,1640.800048828125,1642.5,1637.699951171875,1638.5999755859375,22088,0.0,0.0,ADANIENSOL.NS
2026-08-05 13:45:00+05:30,1637.800048828125,1643.699951171875,1637.800048828125,1643.0999755859375,22524,0.0,0.0,ADANIENSOL.NS
2026-08-05 14:00:00+05:30,1643.9000244140625,1644.9000244140625,1641.0,1641.9000244140625,20143,0.0,0.0,ADANIENSOL.NS
2026-08-05 14:15:00+05:30,1641.800048828125,1642.0,1636.0,1639.0,35470,0.0,0.0,ADANIENSOL.NS
2026-08-05 14:30:00+05:30,1639.0,1641.699951171875,1637.5,1638.0,31623,0.0,0.0,ADANIENSOL.NS
2026-08-05 14:45:00+05:30,1638.199951171875,1640.800048828125,1638.199951171875,1640.800048828125,40629,0.0,0.0,ADANIENSOL.NS
2026-08-05 15:00:00+05:30,1640.800048828125,1641.5,1631.0,1632.5,92017,0.0,0.0,ADANIENSOL.NS
2026-08-05 15:15:00+05:30,1632.4000244140625,1642.0,1632.4000244140625,1642.0,15020,0.0,0.0,ADANIENSOL.NS
2026-08-06 09:15:00+05:30,1630.5999755859375,1630.699951171875,1618.699951171875,1629.699951171875,32217,0.0,0.0,ADANIENSOL.NS
2026-08-06 09:30:00+05:30,1630.300048828125,1635.0,1626.4000244140625,1631.199951171875,51803,0.0,0.0,ADANIENSOL.NS
2026-08-06 09:45:00+05:30,1631.199951171875,1633.9000244140625,1630.0,1630.4000244140625,22377,0.0,0.0,ADANIENSOL.NS
2026-08-06 10:00:00+05:30,1630.300048828125,1636.199951171875,1624.699951171875,1632.5,47573,0.0,0.0,ADANIENSOL.NS
2026-08-06 10:15:00+05:30,1633.199951171875,1635.0,1632.0,1633.0,14998,0.0,0.0,ADANIENSOL.NS
2026-08-06 10:30:00+05:30,1633.0,1635.9000244140625,1628.300048828125,1628.5999755859375,21081,0.0,0.0,ADANIENSOL.NS
2026-08-06 10:45:00+05:30,1627.300048828125,1630.800048828125,1625.199951171875,1628.9000244140625,21772,0.0,0.0,ADANIENSOL.NS
2026-08-06 11:00:00+05:30,1628.800048828125,1631.9000244140625,1628.5,1630.9000244140625,12284,0.0,0.0,ADANIENSOL.NS
2026-08-06 11:15:00+05:30,1631.0,1635.0,1630.800048828125,1631.0,20890,0.0,0.0,ADANIENSOL.NS
2026-08-06 11:30:00+05:30,1631.0,1634.5,1630.199951171875,1630.5999755859375,23019,0.0,0.0,ADANIENSOL.NS
2026-08-06 11:45:00+05:30,1631.0999755859375,1631.5999755859375,1628.0999755859375,1630.0999755859375,19138,0.0,0.0,ADANIENSOL.NS
2026-08-06 12:00:00+05:30,1630.300048828125,1630.4000244140625,1626.5999755859375,1627.5,12841,0.0,0.0,ADANIENSOL.NS
2026-08-06 12:15:00+05:30,1627.5,1630.5,1626.5,1628.0,18188,0.0,0.0,ADANIENSOL.NS
2026-08-06 12:30:00+05:30,1628.0,1629.9000244140625,1627.300048828125,1628.800048828125,10523,0.0,0.0,ADANIENSOL.NS
2026-08-06 12:45:00+05:30,1628.800048828125,1629.0,1625.0,1626.4000244140625,24483,0.0,0.0,ADANIENSOL.NS
2026-08-06 13:00:00+05:30,1626.800048828125,1627.0,1625.199951171875,1625.699951171875,10222,0.0,0.0,ADANIENSOL.NS
2026-08-06 13:15:00+05:30,1625.699951171875,1628.5,1624.0,1625.0,13704,0.0,0.0,ADANIENSOL.NS
2026-08-06 13:30:00+05:30,1625.0,1626.4000244140625,1623.199951171875,1625.5999755859375,20802,0.0,0.0,ADANIENSOL.NS
2026-08-06 13:45:00+05:30,1626.5,1626.9000244140625,1623.4000244140625,1626.800048828125,10208,0.0,0.0,ADANIENSOL.NS
2026-08-06 14:00:00+05:30,1626.4000244140625,1628.0,1624.300048828125,1626.5,11877,0.0,0.0,ADANIENSOL.NS
2026-08-06 14:15:00+05:30,1626.0,1627.4000244140625,1625.0999755859375,1626.800048828125,13453,0.0,0.0,ADANIENSOL.NS
2026-08-06 14:30:00+05:30,1626.800048828125,1627.5,1621.0,1623.199951171875,38900,0.0,0.0,ADANIENSOL.NS
2026-08-06 14:45:00+05:30,1623.300048828125,1624.5,1613.4000244140625,1613.5,76374,0.0,0.0,ADANIENSOL.NS
2026-08-06 15:00:00+05:30,1614.0,1620.0,1604.0,1620.0,289950,0.0,0.0,ADANIENSOL.NS
2026-08-07 09:15:00+05:30,1619.5,1619.5,1606.5999755859375,1608.4000244140625,62542,0.0,0.0,ADANIENSOL.NS
2026-08-07 09:30:00+05:30,1608.4000244140625,1619.5,1608.0,1618.5999755859375,63076,0.0,0.0,ADANIENSOL.NS
2026-08-07 09:45:00+05:30,1618.699951171875,1628.0,1617.0999755859375,1624.9000244140625,65450,0.0,0.0,ADANIENSOL.NS
2026-08-07 10:00:00+05:30,1627.0999755859375,1629.0,1624.0,1628.300048828125,33498,0.0,0.0,ADANIENSOL.NS
2026-08-07 10:15:00+05:30,1628.0999755859375,1632.0999755859375,1624.0999755859375,1632.0,49127,0.0,0.0,ADANIENSOL.NS
2026-08-07 10:30:00+05:30,1632.0,1640.800048828125,1631.199951171875,1637.0,50861,0.0,0.0,ADANIENSOL.NS
2026-08-07 10:45:00+05:30,1637.0,1646.5999755859375,1635.4000244140625,1636.0999755859375,111652,0.0,0.0,ADANIENSOL.NS
2026-08-07 11:00:00+05:30,1636.300048828125,1636.300048828125,1630.0,1630.800048828125,42642,0.0,0.0,ADANIENSOL.NS
2026-08-07 11:15:00+05:30,1630.0,1639.9000244140625,1630.0,1639.0,61166,0.0,0.0,ADANIENSOL.NS
2026-08-07 11:30:00+05:30,1638.300048828125,1644.0,1635.0999755859375,1641.5,36226,0.0,0.0,ADANIENSOL.NS
2026-08-07 11:45:00+05:30,1641.9000244140625,1641.9000244140625,1631.9000244140625,1635.800048828125,70267,0.0,0.0,ADANIENSOL.NS
2026-08-07 12:00:00+05:30,1636.0999755859375,1636.800048828125,1633.199951171875,1633.5,40204,0.0,0.0,ADANIENSOL.NS
2026-08-07 12:15:00+05:30,1633.5,1637.800048828125,1633.0,1637.0,11056,0.0,0.0,ADANIENSOL.NS
2026-08-07 12:30:00+05:30,1637.0,1640.5999755859375,1636.199951171875,1639.199951171875,19616,0.0,0.0,ADANIENSOL.NS
2026-08-07 12:45:00+05:30,1638.699951171875,1640.0,1631.4000244140625,1632.199951171875,54362,0.0,0.0,ADANIENSOL.NS
2026-08-07 13:00:00+05:30,1633.0,1638.0,1631.5,1637.300048828125,104397,0.0,0.0,ADANIENSOL.NS
2026-08-07 13:15:00+05:30,1636.5,1638.5,1634.5,1635.9000244140625,130175,0.0,0.0,ADANIENSOL.NS
2026-08-07 13:30:00+05:30,1636.800048828125,1637.0,1628.5,1629.9000244140625,56621,0.0,0.0,ADANIENSOL.NS
2026-08-07 13:45:00+05:30,1629.699951171875,1630.5,1626.300048828125,1628.5,36556,0.0,0.0,ADANIENSOL.NS
2026-08-07 14:00:00+05:30,1628.0,1629.5,1626.199951171875,1627.699951171875,16956,0.0,0.0,ADANIENSOL.NS
2026-08-07 14:15:00+05:30,1628.0999755859375,1630.0,1627.4000244140625,1628.0,17930,0.0,0.0,ADANIENSOL.NS
2026-08-07 14:30:00+05:30,1628.699951171875,1630.0,1625.0999755859375,1626.300048828125,18348,0.0,0.0,ADANIENSOL.NS
2026-08-07 14:45:00+05:30,1627.0,1628.300048828125,1623.0999755859375,1623.5999755859375,38728,0.0,0.0,ADANIENSOL.NS
2026-08-07 15:00:00+05:30,1624.0999755859375,1624.0999755859375,1619.0,1619.0,79067,0.0,0.0,ADANIENSOL.NS
2026-08-07 15:15:00+05:30,1619.5999755859375,1630.0999755859375,1619.5999755859375,1630.0999755859375,24356,0.0,0.0,ADANIENSOL.NS
2026-08-10 09:15:00+05:30,1634.800048828125,1634.800048828125,1622.5999755859375,1632.0,35044,0.0,0.0,ADANIENSOL.NS
2026-08-10 09:30:00+05:30,1632.0,1632.0,1620.5999755859375,1624.0,75886,0.0,0.0,ADANIENSOL.NS
2026-08-10 09:45:00+05:30,1624.800048828125,1624.9000244140625,1616.300048828125,1619.0999755859375,43490,0.0,0.0,ADANIENSOL.NS
2026-08-10 10:00:00+05:30,1618.5,1619.9000244140625,1611.0,1616.800048828125,51578,0.0,0.0,ADANIENSOL.NS
2026-08-10 10:15:00+05:30,1616.199951171875,1619.699951171875,1615.699951171875,1618.300048828125,57806,0.0,0.0,ADANIENSOL.NS
2026-08-10 10:30:00+05:30,1618.0,1620.0,1616.0,1616.9000244140625,33877,0.0,0.0,ADANIENSOL.NS
2026-08-10 10:45:00+05:30,1616.9000244140625,1619.5999755859375,1616.0,1619.4000244140625,20488,0.0,0.0,ADANIENSOL.NS
2026-08-10 11:00:00+05:30,1619.300048828125,1624.0,1616.699951171875,1623.800048828125,68383,0.0,0.0,ADANIENSOL.NS
2026-08-10 11:15:00+05:30,1624.4000244140625,1627.0,1621.199951171875,1622.199951171875,36605,0.0,0.0,ADANIENSOL.NS
2026-08-10 11:30:00+05:30,1622.199951171875,1623.4000244140625,1620.0,1621.699951171875,14219,0.0,0.0,ADANIENSOL.NS
2026-08-10 11:45:00+05:30,1622.0,1624.800048828125,1621.199951171875,1623.5999755859375,15885,0.0,0.0,ADANIENSOL.NS
2026-08-10 12:00:00+05:30,1623.5,1625.4000244140625,1623.0,1625.4000244140625,17733,0.0,0.0,ADANIENSOL.NS
2026-08-10 12:15:00+05:30,1625.4000244140625,1626.4000244140625,1622.5,1624.199951171875,33403,0.0,0.0,ADANIENSOL.NS
2026-08-10 12:30:00+05:30,1624.0999755859375,1624.0999755859375,1620.199951171875,1621.199951171875,18354,0.0,0.0,ADANIENSOL.NS
2026-08-10 12:45:00+05:30,1620.699951171875,1622.4000244140625,1619.199951171875,1620.300048828125,9088,0.0,0.0,ADANIENSOL.NS
2026-08-10 13:00:00+05:30,1619.699951171875,1623.4000244140625,1619.0999755859375,1623.300048828125,13581,0.0,0.0,ADANIENSOL.NS
2026-08-10 13:15:00+05:30,1623.300048828125,1624.800048828125,1622.800048828125,1624.800048828125,34513,0.0,0.0,ADANIENSOL.NS
2026-08-10 13:30:00+05:30,1624.800048828125,1632.0,1623.699951171875,1631.0,73780,0.0,0.0,ADANIENSOL.NS
2026-08-10 13:45:00+05:30,1630.199951171875,1635.9000244140625,1630.199951171875,1630.800048828125,40545,0.0,0.0,ADANIENSOL.NS
2026-08-10 14:00:00+05:30,1630.800048828125,1633.9000244140625,1625.199951171875,1626.199951171875,21116,0.0,0.0,ADANIENSOL.NS
2026-08-10 14:15:00+05:30,1626.300048828125,1626.800048828125,1622.199951171875,1624.4000244140625,18801,0.0,0.0,ADANIENSOL.NS
2026-08-10 14:30:00+05:30,1624.0,1625.4000244140625,1623.0,1623.9000244140625,17329,0.0,0.0,ADANIENSOL.NS
2026-08-10 14:45:00+05:30,1623.9000244140625,1630.0,1623.0,1627.5,38133,0.0,0.0,ADANIENSOL.NS
2026-08-10 15:00:00+05:30,1627.4000244140625,1627.4000244140625,1620.0,1624.0,76685,0.0,0.0,ADANIENSOL.NS
2026-08-10 15:15:00+05:30,1624.0,1632.0,1624.0,1632.0,7439,0.0,0.0,ADANIENSOL.NS
2026-08-11 09:15:00+05:30,1670.0,1671.4000244140625,1643.199951171875,1645.5999755859375,225345,0.0,0.0,ADANIENSOL.NS
2026-08-11 09:30:00+05:30,1646.4000244140625,1646.4000244140625,1632.5999755859375,1635.9000244140625,237307,0.0,0.0,ADANIENSOL.NS
2026-08-11 09:45:00+05:30,1635.9000244140625,1638.9000244140625,1631.0,1636.699951171875,72893,0.0,0.0,ADANIENSOL.NS
2026-08-11 10:00:00+05:30,1636.199951171875,1648.4000244140625,1634.199951171875,1645.0,66114,0.0,0.0,ADANIENSOL.NS
2026-08-11 10:15:00+05:30,1645.199951171875,1653.5999755859375,1638.0,1639.199951171875,104215,0.0,0.0,ADANIENSOL.NS
2026-08-11 10:30:00+05:30,1639.0999755859375,1641.300048828125,1637.0,1639.0,43089,0.0,0.0,ADANIENSOL.NS
2026-08-11 10:45:00+05:30,1639.0,1646.0,1638.5,1646.0,31226,0.0,0.0,ADANIENSOL.NS
2026-08-11 11:00:00+05:30,1646.0,1649.5,1640.199951171875,1643.5999755859375,41267,0.0,0.0,ADANIENSOL.NS
2026-08-11 11:15:00+05:30,1643.0,1644.0,1633.199951171875,1634.0,45997,0.0,0.0,ADANIENSOL.NS
2026-08-11 11:30:00+05:30,1634.0,1635.5,1627.0,1628.4000244140625,60140,0.0,0.0,ADANIENSOL.NS
2026-08-11 11:45:00+05:30,1629.0999755859375,1636.5999755859375,1623.5999755859375,1635.5,44702,0.0,0.0,ADANIENSOL.NS
2026-08-11 12:00:00+05:30,1635.5,1638.800048828125,1634.0999755859375,1637.199951171875,15867,0.0,0.0,ADANIENSOL.NS
2026-08-11 12:15:00+05:30,1637.199951171875,1637.199951171875,1633.199951171875,1634.9000244140625,19902,0.0,0.0,ADANIENSOL.NS
2026-08-11 12:30:00+05:30,1634.9000244140625,1635.0,1632.699951171875,1634.5,12470,0.0,0.0,ADANIENSOL.NS
2026-08-11 12:45:00+05:30,1634.5,1635.5,1631.699951171875,1632.0,37908,0.0,0.0,ADANIENSOL.NS
2026-08-11 13:00:00+05:30,1632.0,1636.5,1630.0,1633.0999755859375,106475,0.0,0.0,ADANIENSOL.NS
2026-08-11 13:15:00+05:30,1633.199951171875,1644.5999755859375,1631.300048828125,1635.800048828125,249105,0.0,0.0,ADANIENSOL.NS
2026-08-11 13:30:00+05:30,1636.4000244140625,1637.0,1632.800048828125,1633.300048828125,18616,0.0,0.0,ADANIENSOL.NS
2026-08-11 13:45:00+05:30,1632.800048828125,1634.5999755859375,1628.9000244140625,1629.300048828125,19832,0.0,0.0,ADANIENSOL.NS
2026-08-11 14:00:00+05:30,1629.300048828125,1629.4000244140625,1622.0,1623.9000244140625,37700,0.0,0.0,ADANIENSOL.NS
2026-08-11 14:15:00+05:30,1623.9000244140625,1624.800048828125,1620.4000244140625,1623.5,36086,0.0,0.0,ADANIENSOL.NS
2026-08-11 14:30:00+05:30,1623.5,1624.300048828125,1616.4000244140625,1618.699951171875,40391,0.0,0.0,ADANIENSOL.NS
2026-08-11 14:45:00+05:30,1618.699951171875,1622.800048828125,1618.699951171875,1621.800048828125,56552,0.0,0.0,ADANIENSOL.NS
2026-08-11 15:00:00+05:30,1621.9000244140625,1622.9000244140625,1616.0999755859375,1622.0,130901,0.0,0.0,ADANIENSOL.NS
2026-08-12 09:15:00+05:30,1628.5,1628.5,1605.9000244140625,1605.9000244140625,76157,0.0,0.0,ADANIENSOL.NS
2026-08-12 09:30:00+05:30,1606.199951171875,1606.300048828125,1589.0,1592.9000244140625,134824,0.0,0.0,ADANIENSOL.NS
2026-08-12 09:45:00+05:30,1592.9000244140625,1601.5,1588.699951171875,1595.9000244140625,68605,0.0,0.0,ADANIENSOL.NS
2026-08-12 10:00:00+05:30,1595.9000244140625,1596.0,1575.0,1579.199951171875,127325,0.0,0.0,ADANIENSOL.NS
2026-08-12 10:15:00+05:30,1579.199951171875,1581.0,1574.0,1574.0,69395,0.0,0.0,ADANIENSOL.NS
2026-08-12 10:30:00+05:30,1574.5,1584.699951171875,1573.800048828125,1579.300048828125,47723,0.0,0.0,ADANIENSOL.NS
2026-08-12 10:45:00+05:30,1579.5999755859375,1581.699951171875,1571.300048828125,1576.5999755859375,54908,0.0,0.0,ADANIENSOL.NS
2026-08-12 11:00:00+05:30,1576.0,1582.5999755859375,1571.699951171875,1580.0999755859375,70072,0.0,0.0,ADANIENSOL.NS
2026-08-12 11:15:00+05:30,1580.0999755859375,1587.5,1580.0999755859375,1582.199951171875,82833,0.0,0.0,ADANIENSOL.NS
2026-08-12 11:30:00+05:30,1582.199951171875,1584.800048828125,1580.300048828125,1584.800048828125,43638,0.0,0.0,ADANIENSOL.NS
2026-08-12 11:45:00+05:30,1584.800048828125,1585.9000244140625,1578.300048828125,1581.0,45980,0.0,0.0,ADANIENSOL.NS
2026-08-12 12:00:00+05:30,1581.0,1583.5999755859375,1580.300048828125,1582.5999755859375,27194,0.0,0.0,ADANIENSOL.NS
2026-08-12 12:15:00+05:30,1582.5999755859375,1584.9000244140625,1580.0,1583.0999755859375,22865,0.0,0.0,ADANIENSOL.NS
2026-08-12 12:30:00+05:30,1583.5,1584.800048828125,1581.699951171875,1582.199951171875,22547,0.0,0.0,ADANIENSOL.NS
2026-08-12 12:45:00+05:30,1581.5,1582.0,1578.199951171875,1580.199951171875,19811,0.0,0.0,ADANIENSOL.NS
2026-08-12 13:00:00+05:30,1581.4000244140625,1583.5,1572.0999755859375,1573.5,59750,0.0,0.0,ADANIENSOL.NS
2026-08-12 13:15:00+05:30,1573.300048828125,1580.4000244140625,1572.5999755859375,1575.5999755859375,40087,0.0,0.0,ADANIENSOL.NS
2026-08-12 13:30:00+05:30,1576.199951171875,1580.199951171875,1575.9000244140625,1578.4000244140625,20407,0.0,0.0,ADANIENSOL.NS
2026-08-12 13:45:00+05:30,1578.300048828125,1579.0,1575.5,1579.0,24861,0.0,0.0,ADANIENSOL.NS
2026-08-12 14:00:00+05:30,1579.0,1581.699951171875,1575.699951171875,1577.0999755859375,39942,0.0,0.0,ADANIENSOL.NS
2026-08-12 14:15:00+05:30,1577.5999755859375,1586.300048828125,1577.0999755859375,1586.0999755859375,38763,0.0,0.0,ADANIENSOL.NS
2026-08-12 14:30:00+05:30,1586.5999755859375,1596.699951171875,1586.5999755859375,1592.0,97722,0.0,0.0,ADANIENSOL.NS
2026-08-12 14:45:00+05:30,1592.0,1595.9000244140625,1587.5,1594.800048828125,87990,0.0,0.0,ADANIENSOL.NS
2026-08-12 15:00:00+05:30,1594.800048828125,1604.0,1594.5,1603.0,155564,0.0,0.0,ADANIENSOL.NS
2026-08-12 15:15:00+05:30,1601.5,1601.5,1599.0,1599.0,35429,0.0,0.0,ADANIENSOL.NS
2026-08-13 09:15:00+05:30,1606.9000244140625,1638.300048828125,1606.9000244140625,1609.300048828125,469727,0.0,0.0,ADANIENSOL.NS
2026-08-13 09:30:00+05:30,1609.0,1611.5,1597.699951171875,1598.4000244140625,268460,0.0,0.0,ADANIENSOL.NS
2026-08-13 09:45:00+05:30,1599.0999755859375,1600.199951171875,1581.4000244140625,1582.0,213538,0.0,0.0,ADANIENSOL.NS
2026-08-13 10:00:00+05:30,1583.199951171875,1586.9000244140625,1573.300048828125,1574.0999755859375,242258,0.0,0.0,ADANIENSOL.NS
2026-08-13 10:15:00+05:30,1574.4000244140625,1579.5999755859375,1570.5999755859375,1574.5999755859375,151865,0.0,0.0,ADANIENSOL.NS
2026-08-13 10:30:00+05:30,1573.699951171875,1587.0,1572.5999755859375,1587.0,143476,0.0,0.0,ADANIENSOL.NS
2026-08-13 10:45:00+05:30,1588.0999755859375,1595.0,1585.300048828125,1586.5999755859375,179541,0.0,0.0,ADANIENSOL.NS
2026-08-13 11:00:00+05:30,1586.5999755859375,1589.699951171875,1583.0,1587.5,65945,0.0,0.0,ADANIENSOL.NS
2026-08-13 11:15:00+05:30,1587.5,1589.0,1585.0,1588.0999755859375,24797,0.0,0.0,ADANIENSOL.NS
2026-08-13 11:30:00+05:30,1588.0999755859375,1589.9000244140625,1576.4000244140625,1576.4000244140625,59665,0.0,0.0,ADANIENSOL.NS
2026-08-13 11:45:00+05:30,1576.4000244140625,1577.5999755859375,1571.5999755859375,1574.4000244140625,77399,0.0,0.0,ADANIENSOL.NS
2026-08-13 12:00:00+05:30,1574.4000244140625,1584.5,1574.199951171875,1581.9000244140625,109091,0.0,0.0,ADANIENSOL.NS
2026-08-13 12:15:00+05:30,1581.800048828125,1585.5,1581.0999755859375,1582.800048828125,64759,0.0,0.0,ADANIENSOL.NS
2026-08-13 12:30:00+05:30,1583.300048828125,1584.0,1580.5999755859375,1583.0999755859375,63727,0.0,0.0,ADANIENSOL.NS
2026-08-13 12:45:00+05:30,1583.0,1583.4000244140625,1580.699951171875,1583.0999755859375,54908,0.0,0.0,ADANIENSOL.NS
2026-08-13 13:00:00+05:30,1582.699951171875,1586.300048828125,1582.0,1583.300048828125,75910,0.0,0.0,ADANIENSOL.NS
2026-08-13 13:15:00+05:30,1582.5,1583.9000244140625,1580.0,1583.0,63414,0.0,0.0,ADANIENSOL.NS
2026-08-13 13:30:00+05:30,1583.0,1586.199951171875,1582.4000244140625,1583.5,73967,0.0,0.0,ADANIENSOL.NS
2026-08-13 13:45:00+05:30,1583.9000244140625,1588.0999755859375,1582.699951171875,1585.699951171875,82318,0.0,0.0,ADANIENSOL.NS
2026-08-13 14:00:00+05:30,1585.699951171875,1587.4000244140625,1582.0999755859375,1582.9000244140625,91687,0.0,0.0,ADANIENSOL.NS
2026-08-13 14:15:00+05:30,1582.5,1586.0,1582.0,1586.0,86625,0.0,0.0,ADANIENSOL.NS
2026-08-13 14:30:00+05:30,1586.4000244140625,1586.4000244140625,1582.0,1582.5,83843,0.0,0.0,ADANIENSOL.NS
2026-08-13 14:45:00+05:30,1582.199951171875,1584.800048828125,1582.0,1583.800048828125,141233,0.0,0.0,ADANIENSOL.NS
2026-08-13 15:00:00+05:30,1584.5,1586.9000244140625,1581.0,1583.0,256508,0.0,0.0,ADANIENSOL.NS
2026-08-14 09:15:00+05:30,1584.800048828125,1603.5,1580.4000244140625,1588.4000244140625,134761,0.0,0.0,ADANIENSOL.NS
2026-08-14 09:30:00+05:30,1588.699951171875,1599.699951171875,1588.4000244140625,1595.5999755859375,786570,0.0,0.0,ADANIENSOL.NS
2026-08-14 09:45:00+05:30,1595.5999755859375,1600.199951171875,1593.300048828125,1599.800048828125,606333,0.0,0.0,ADANIENSOL.NS
2026-08-14 10:00:00+05:30,1599.0999755859375,1609.800048828125,1598.0999755859375,1609.199951171875,1320203,0.0,0.0,ADANIENSOL.NS
2026-08-14 10:15:00+05:30,1610.0,1611.300048828125,1599.5999755859375,1607.9000244140625,258079,0.0,0.0,ADANIENSOL.NS
2026-08-14 10:30:00+05:30,1607.9000244140625,1610.0,1603.699951171875,1606.699951171875,182223,0.0,0.0,ADANIENSOL.NS
2026-08-14 10:45:00+05:30,1607.0,1607.5999755859375,1599.4000244140625,1600.199951171875,108650,0.0,0.0,ADANIENSOL.NS
2026-08-14 11:00:00+05:30,1601.0,1605.5999755859375,1596.0,1596.9000244140625,81358,0.0,0.0,ADANIENSOL.NS
2026-08-14 11:15:00+05:30,1597.0999755859375,1604.0,1596.9000244140625,1600.699951171875,94523,0.0,0.0,ADANIENSOL.NS
2026-08-14 11:30:00+05:30,1600.699951171875,1603.5999755859375,1600.0,1603.0999755859375,85816,0.0,0.0,ADANIENSOL.NS
2026-08-14 11:45:00+05:30,1603.0999755859375,1609.800048828125,1602.4000244140625,1608.0,372518,0.0,0.0,ADANIENSOL.NS
2026-08-14 12:00:00+05:30,1608.0999755859375,1609.0999755859375,1602.5,1604.5,187449,0.0,0.0,ADANIENSOL.NS
2026-08-14 12:15:00+05:30,1604.9000244140625,1607.9000244140625,1603.0,1603.699951171875,58479,0.0,0.0,ADANIENSOL.NS
2026-08-14 12:30:00+05:30,1602.5999755859375,1604.5999755859375,1600.5999755859375,1603.5,104507,0.0,0.0,ADANIENSOL.NS
2026-08-14 12:45:00+05:30,1603.4000244140625,1604.699951171875,1600.800048828125,1602.800048828125,66692,0.0,0.0,ADANIENSOL.NS
2026-08-14 13:00:00+05:30,1602.699951171875,1604.699951171875,1600.0,1604.5999755859375,68936,0.0,0.0,ADANIENSOL.NS
2026-08-14 13:15:00+05:30,1604.699951171875,1608.9000244140625,1603.4000244140625,1608.0,742809,0.0,0.0,ADANIENSOL.NS
2026-08-14 13:30:00+05:30,1608.0,1608.5999755859375,1602.4000244140625,1602.4000244140625,57482,0.0,0.0,ADANIENSOL.NS
2026-08-14 13:45:00+05:30,1602.5,1605.800048828125,1602.5,1604.800048828125,106355,0.0,0.0,ADANIENSOL.NS
2026-08-14 14:00:00+05:30,1604.9000244140625,1616.9000244140625,1603.5999755859375,1615.9000244140625,327079,0.0,0.0,ADANIENSOL.NS
2026-08-14 14:15:00+05:30,1615.300048828125,1623.800048828125,1613.0,1614.5999755859375,170220,0.0,0.0,ADANIENSOL.NS
2026-08-14 14:30:00+05:30,1614.699951171875,1615.9000244140625,1614.199951171875,1615.5999755859375,69756,0.0,0.0,ADANIENSOL.NS
2026-08-14 14:45:00+05:30,1615.9000244140625,1618.4000244140625,1613.5,1614.699951171875,99716,0.0,0.0,ADANIENSOL.NS
2026-08-14 15:00:00+05:30,1614.699951171875,1617.0,1612.4000244140625,1616.0,356276,0.0,0.0,ADANIENSOL.NS
2026-08-17 09:15:00+05:30,1615.0999755859375,1627.9000244140625,1612.5999755859375,1619.699951171875,152729,0.0,0.0,ADANIENSOL.NS
2026-08-17 09:30:00+05:30,1618.699951171875,1622.800048828125,1613.300048828125,1616.800048828125,137831,0.0,0.0,ADANIENSOL.NS
2026-08-17 09:45:00+05:30,1615.9000244140625,1618.0999755859375,1615.199951171875,1616.5999755859375,85541,0.0,0.0,ADANIENSOL.NS
2026-08-17 10:00:00+05:30,1616.0,1618.300048828125,1611.5,1616.0,100067,0.0,0.0,ADANIENSOL.NS
2026-08-17 10:15:00+05:30,1616.0,1616.699951171875,1608.199951171875,1612.0,112061,0.0,0.0,ADANIENSOL.NS
2026-08-17 10:30:00+05:30,1612.0,1614.5,1606.5999755859375,1608.5,92460,0.0,0.0,ADANIENSOL.NS
2026-08-17 10:45:00+05:30,1609.0,1609.4000244140625,1604.5999755859375,1604.699951171875,76780,0.0,0.0,ADANIENSOL.NS
2026-08-17 11:00:00+05:30,1605.300048828125,1607.800048828125,1603.4000244140625,1606.5,76394,0.0,0.0,ADANIENSOL.NS
2026-08-17 11:15:00+05:30,1606.5,1609.5999755859375,1604.0999755859375,1604.5999755859375,67195,0.0,0.0,ADANIENSOL.NS
2026-08-17 11:30:00+05:30,1605.0,1605.4000244140625,1597.300048828125,1601.0,114635,0.0,0.0,ADANIENSOL.NS
2026-08-17 11:45:00+05:30,1601.0,1601.0,1588.699951171875,1591.300048828125,82918,0.0,0.0,ADANIENSOL.NS
2026-08-17 12:00:00+05:30,1592.0,1595.300048828125,1587.5,1593.5,51099,0.0,0.0,ADANIENSOL.NS
2026-08-17 12:15:00+05:30,1593.5,1594.800048828125,1591.300048828125,1593.5,45995,0.0,0.0,ADANIENSOL.NS
2026-08-17 12:30:00+05:30,1593.5,1594.5999755859375,1591.0,1593.5,50281,0.0,0.0,ADANIENSOL.NS
2026-08-17 12:45:00+05:30,1593.5999755859375,1599.0999755859375,1593.5999755859375,1597.800048828125,43392,0.0,0.0,ADANIENSOL.NS
2026-08-17 13:00:00+05:30,1597.300048828125,1599.0,1593.4000244140625,1597.699951171875,44784,0.0,0.0,ADANIENSOL.NS
2026-08-17 13:15:00+05:30,1597.0,1599.0,1593.5,1594.5,42501,0.0,0.0,ADANIENSOL.NS
2026-08-17 13:30:00+05:30,1594.199951171875,1597.0999755859375,1592.699951171875,1596.300048828125,43126,0.0,0.0,ADANIENSOL.NS
2026-08-17 13:45:00+05:30,1596.4000244140625,1597.300048828125,1593.5999755859375,1595.699951171875,33537,0.0,0.0,ADANIENSOL.NS
2026-08-17 14:00:00+05:30,1595.5999755859375,1596.699951171875,1593.199951171875,1593.199951171875,34614,0.0,0.0,ADANIENSOL.NS
2026-08-17 14:15:00+05:30,1592.9000244140625,1594.0,1591.5999755859375,1593.0999755859375,45460,0.0,0.0,ADANIENSOL.NS
2026-08-17 14:30:00+05:30,1593.5999755859375,1596.800048828125,1591.300048828125,1596.300048828125,59282,0.0,0.0,ADANIENSOL.NS
2026-08-17 14:45:00+05:30,1596.699951171875,1597.800048828125,1591.5999755859375,1593.300048828125,67995,0.0,0.0,ADANIENSOL.NS
2026-08-17 15:00:00+05:30,1593.800048828125,1594.199951171875,1585.699951171875,1589.0999755859375,200320,0.0,0.0,ADANIENSOL.NS
2026-08-18 09:15:00+05:30,1587.5,1600.0,1587.5,1593.800048828125,132632,0.0,0.0,ADANIENSOL.NS
2026-08-18 09:30:00+05:30,1593.5,1602.300048828125,1590.4000244140625,1597.800048828125,108857,0.0,0.0,ADANIENSOL.NS
2026-08-18 09:45:00+05:30,1597.5,1603.4000244140625,1594.0,1599.0,67849,0.0,0.0,ADANIENSOL.NS
2026-08-18 10:00:00+05:30,1599.199951171875,1611.4000244140625,1598.5999755859375,1610.5,141864,0.0,0.0,ADANIENSOL.NS
2026-08-18 10:15:00+05:30,1610.5,1621.9000244140625,1610.300048828125,1619.0,177008,0.0,0.0,ADANIENSOL.NS
2026-08-18 10:30:00+05:30,1619.0999755859375,1629.0,1619.0,1623.0999755859375,252760,0.0,0.0,ADANIENSOL.NS
2026-08-18 10:45:00+05:30,1623.0999755859375,1623.5999755859375,1616.699951171875,1618.300048828125,88588,0.0,0.0,ADANIENSOL.NS
2026-08-18 11:00:00+05:30,1618.300048828125,1619.9000244140625,1611.4000244140625,1611.5,80138,0.0,0.0,ADANIENSOL.NS
2026-08-18 11:15:00+05:30,1612.0,1614.199951171875,1603.5,1603.5999755859375,89943,0.0,0.0,ADANIENSOL.NS
2026-08-18 11:30:00+05:30,1604.300048828125,1604.800048828125,1599.0,1604.4000244140625,94464,0.0,0.0,ADANIENSOL.NS
2026-08-18 11:45:00+05:30,1604.5999755859375,1605.5999755859375,1602.199951171875,1605.300048828125,66335,0.0,0.0,ADANIENSOL.NS
2026-08-18 12:00:00+05:30,1605.800048828125,1605.800048828125,1600.300048828125,1600.4000244140625,55297,0.0,0.0,ADANIENSOL.NS
2026-08-18 12:15:00+05:30,1600.5999755859375,1609.0,1600.5999755859375,1607.5999755859375,53743,0.0,0.0,ADANIENSOL.NS
2026-08-18 12:30:00+05:30,1607.4000244140625,1607.800048828125,1604.9000244140625,1605.300048828125,44993,0.0,0.0,ADANIENSOL.NS
2026-08-18 12:45:00+05:30,1605.300048828125,1609.0999755859375,1604.800048828125,1608.0,46885,0.0,0.0,ADANIENSOL.NS
2026-08-18 13:00:00+05:30,1608.4000244140625,1609.300048828125,1605.0,1608.0999755859375,51825,0.0,0.0,ADANIENSOL.NS
2026-08-18 13:15:00+05:30,1608.0999755859375,1609.199951171875,1607.4000244140625,1608.0999755859375,45275,0.0,0.0,ADANIENSOL.NS
2026-08-18 13:30:00+05:30,1608.0999755859375,1609.699951171875,1605.800048828125,1608.0,46905,0.0,0.0,ADANIENSOL.NS
2026-08-18 13:45:00+05:30,1608.0,1608.0999755859375,1603.4000244140625,1605.5,67003,0.0,0.0,ADANIENSOL.NS
2026-08-18 14:00:00+05:30,1605.699951171875,1606.0,1601.699951171875,1602.5,51238,0.0,0.0,ADANIENSOL.NS
2026-08-18 14:15:00+05:30,1602.5,1604.800048828125,1602.300048828125,1604.5,74750,0.0,0.0,ADANIENSOL.NS
2026-08-18 14:30:00+05:30,1604.5,1606.699951171875,1603.699951171875,1606.4000244140625,57999,0.0,0.0,ADANIENSOL.NS
2026-08-18 14:45:00+05:30,1606.699951171875,1607.5,1604.0,1606.4000244140625,76915,0.0,0.0,ADANIENSOL.NS
2026-08-18 15:00:00+05:30,1606.0999755859375,1611.9000244140625,1605.0,1605.0,164082,0.0,0.0,ADANIENSOL.NS
2026-08-18 15:15:00+05:30,1607.0,1607.0,1603.0,1603.0,20202,0.0,0.0,ADANIENSOL.NS
2026-08-19 09:15:00+05:30,1593.800048828125,1593.800048828125,1560.800048828125,1560.800048828125,219473,0.0,0.0,ADANIENSOL.NS
2026-08-19 09:30:00+05:30,1560.800048828125,1564.0,1549.199951171875,1558.699951171875,327220,0.0,0.0,ADANIENSOL.NS
2026-08-19 09:45:00+05:30,1558.699951171875,1564.699951171875,1554.0,1563.0,187905,0.0,0.0,ADANIENSOL.NS
2026-08-19 10:00:00+05:30,1563.0999755859375,1574.0999755859375,1559.699951171875,1561.199951171875,174931,0.0,0.0,ADANIENSOL.NS
2026-08-19 10:15:00+05:30,1561.5,1562.800048828125,1553.0,1554.4000244140625,145568,0.0,0.0,ADANIENSOL.NS
2026-08-19 10:30:00+05:30,1554.800048828125,1561.0,1553.4000244140625,1560.5,96909,0.0,0.0,ADANIENSOL.NS
2026-08-19 10:45:00+05:30,1560.5,1560.5,1549.300048828125,1554.300048828125,153864,0.0,0.0,ADANIENSOL.NS
2026-08-19 11:00:00+05:30,1554.0999755859375,1555.5,1551.300048828125,1553.5,85309,0.0,0.0,ADANIENSOL.NS
2026-08-19 11:15:00+05:30,1553.5,1554.300048828125,1550.0,1550.199951171875,99980,0.0,0.0,ADANIENSOL.NS
2026-08-19 11:30:00+05:30,1550.0999755859375,1551.5999755859375,1547.5999755859375,1548.5,102371,0.0,0.0,ADANIENSOL.NS
2026-08-19 11:45:00+05:30,1548.5999755859375,1556.0,1548.0,1553.5999755859375,84820,0.0,0.0,ADANIENSOL.NS
2026-08-19 12:00:00+05:30,1554.0999755859375,1554.800048828125,1552.0999755859375,1554.0,66339,0.0,0.0,ADANIENSOL.NS
2026-08-19 12:15:00+05:30,1554.4000244140625,1554.699951171875,1550.199951171875,1550.9000244140625,71453,0.0,0.0,ADANIENSOL.NS
2026-08-19 12:30:00+05:30,1551.199951171875,1557.800048828125,1551.199951171875,1556.4000244140625,61618,0.0,0.0,ADANIENSOL.NS
2026-08-19 12:45:00+05:30,1556.9000244140625,1557.0999755859375,1547.5,1547.5,127316,0.0,0.0,ADANIENSOL.NS
2026-08-19 13:00:00+05:30,1546.0999755859375,1548.5,1543.699951171875,1546.0,129140,0.0,0.0,ADANIENSOL.NS
2026-08-19 13:15:00+05:30,1546.0999755859375,1547.300048828125,1545.0,1546.800048828125,72881,0.0,0.0,ADANIENSOL.NS
2026-08-19 13:30:00+05:30,1546.4000244140625,1550.0,1544.0,1547.800048828125,80614,0.0,0.0,ADANIENSOL.NS
2026-08-19 13:45:00+05:30,1547.699951171875,1549.4000244140625,1545.5,1546.4000244140625,67923,0.0,0.0,ADANIENSOL.NS
2026-08-19 14:00:00+05:30,1546.5999755859375,1550.0,1546.5999755859375,1548.300048828125,83848,0.0,0.0,ADANIENSOL.NS
2026-08-19 14:15:00+05:30,1548.5,1549.5999755859375,1543.199951171875,1549.199951171875,140559,0.0,0.0,ADANIENSOL.NS
2026-08-19 14:30:00+05:30,1549.9000244140625,1554.300048828125,1543.300048828125,1544.0,181160,0.0,0.0,ADANIENSOL.NS
2026-08-19 14:45:00+05:30,1543.9000244140625,1544.0999755859375,1541.4000244140625,1542.0999755859375,137521,0.0,0.0,ADANIENSOL.NS
2026-08-19 15:00:00+05:30,1542.300048828125,1543.0999755859375,1536.699951171875,1540.0,293704,0.0,0.0,ADANIENSOL.NS
2026-08-19 15:15:00+05:30,1540.0,1540.699951171875,1540.0,1540.699951171875,22517,0.0,0.0,ADANIENSOL.NS
2026-08-20 09:15:00+05:30,1550.0,1560.0,1544.0,1548.5,142815,0.0,0.0,ADANIENSOL.NS
2026-08-20 09:30:00+05:30,1548.699951171875,1553.0,1547.699951171875,1550.9000244140625,118819,0.0,0.0,ADANIENSOL.NS
2026-08-20 09:45:00+05:30,1550.9000244140625,1552.699951171875,1548.300048828125,1549.699951171875,69156,0.0,0.0,ADANIENSOL.NS
2026-08-20 10:00:00+05:30,1549.5999755859375,1557.0,1547.5,1555.5999755859375,109999,0.0,0.0,ADANIENSOL.NS
2026-08-20 10:15:00+05:30,1555.199951171875,1556.0,1546.699951171875,1546.699951171875,117275,0.0,0.0,ADANIENSOL.NS
2026-08-20 10:30:00+05:30,1546.4000244140625,1553.4000244140625,1544.300048828125,1550.0,119195,0.0,0.0,ADANIENSOL.NS
2026-08-20 10:45:00+05:30,1550.300048828125,1552.4000244140625,1548.199951171875,1548.199951171875,67055,0.0,0.0,ADANIENSOL.NS
2026-08-20 11:00:00+05:30,1547.9000244140625,1548.300048828125,1543.300048828125,1546.0,85939,0.0,0.0,ADANIENSOL.NS
2026-08-20 11:15:00+05:30,1546.5,1548.0999755859375,1545.0,1545.4000244140625,77337,0.0,0.0,ADANIENSOL.NS
2026-08-20 11:30:00+05:30,1544.5999755859375,1546.800048828125,1544.0,1545.4000244140625,78129,0.0,0.0,ADANIENSOL.NS
2026-08-20 11:45:00+05:30,1545.4000244140625,1546.300048828125,1539.699951171875,1543.5999755859375,118348,0.0,0.0,ADANIENSOL.NS
2026-08-20 12:00:00+05:30,1543.699951171875,1545.800048828125,1543.300048828125,1543.699951171875,56984,0.0,0.0,ADANIENSOL.NS
2026-08-20 12:15:00+05:30,1543.5999755859375,1546.300048828125,1543.5999755859375,1545.5,52195,0.0,0.0,ADANIENSOL.NS
2026-08-20 12:30:00+05:30,1545.5,1545.699951171875,1543.4000244140625,1545.5,59304,0.0,0.0,ADANIENSOL.NS
2026-08-20 12:45:00+05:30,1545.4000244140625,1546.5999755859375,1542.5,1544.0999755859375,71429,0.0,0.0,ADANIENSOL.NS
2026-08-20 13:00:00+05:30,1544.0999755859375,1548.0,1543.300048828125,1546.0999755859375,58202,0.0,0.0,ADANIENSOL.NS
2026-08-20 13:15:00+05:30,1546.0999755859375,1548.9000244140625,1545.5999755859375,1545.5999755859375,65874,0.0,0.0,ADANIENSOL.NS
2026-08-20 13:30:00+05:30,1545.5999755859375,1546.0999755859375,1545.0,1545.699951171875,49562,0.0,0.0,ADANIENSOL.NS
2026-08-20 13:45:00+05:30,1545.9000244140625,1548.300048828125,1545.699951171875,1547.9000244140625,49666,0.0,0.0,ADANIENSOL.NS
2026-08-20 14:00:00+05:30,1547.9000244140625,1550.0,1546.699951171875,1549.9000244140625,63981,0.0,0.0,ADANIENSOL.NS
2026-08-20 14:15:00+05:30,1549.800048828125,1554.199951171875,1549.199951171875,1553.5999755859375,94688,0.0,0.0,ADANIENSOL.NS
2026-08-20 14:30:00+05:30,1553.5,1553.5999755859375,1549.300048828125,1552.199951171875,78056,0.0,0.0,ADANIENSOL.NS
2026-08-20 14:45:00+05:30,1552.699951171875,1552.699951171875,1548.5,1550.199951171875,114634,0.0,0.0,ADANIENSOL.NS
2026-08-20 15:00:00+05:30,1551.0999755859375,1551.4000244140625,1548.0999755859375,1548.5,136696,0.0,0.0,ADANIENSOL.NS
2026-08-21 09:15:00+05:30,1548.5,1559.0,1546.4000244140625,1551.5999755859375,94474,0.0,0.0,ADANIENSOL.NS
2026-08-21 09:30:00+05:30,1551.699951171875,1558.300048828125,1550.0999755859375,1553.800048828125,138329,0.0,0.0,ADANIENSOL.NS
2026-08-21 09:45:00+05:30,1553.800048828125,1555.0999755859375,1550.9000244140625,1554.5,78522,0.0,0.0,ADANIENSOL.NS
2026-08-21 10:00:00+05:30,1555.0,1559.199951171875,1553.0,1556.4000244140625,78102,0.0,0.0,ADANIENSOL.NS
2026-08-21 10:15:00+05:30,1556.5999755859375,1558.800048828125,1552.0,1553.699951171875,83390,0.0,0.0,ADANIENSOL.NS
2026-08-21 10:30:00+05:30,1553.699951171875,1553.699951171875,1545.0,1546.199951171875,116849,0.0,0.0,ADANIENSOL.NS
2026-08-21 10:45:00+05:30,1546.0999755859375,1553.5999755859375,1539.199951171875,1542.4000244140625,149914,0.0,0.0,ADANIENSOL.NS
2026-08-21 11:00:00+05:30,1542.0999755859375,1546.800048828125,1541.0999755859375,1543.199951171875,83871,0.0,0.0,ADANIENSOL.NS
2026-08-21 11:15:00+05:30,1543.199951171875,1544.4000244140625,1540.199951171875,1544.0999755859375,88327,0.0,0.0,ADANIENSOL.NS
2026-08-21 11:30:00+05:30,1544.0999755859375,1544.9000244140625,1542.0999755859375,1542.800048828125,59663,0.0,0.0,ADANIENSOL.NS
2026-08-21 11:45:00+05:30,1542.5999755859375,1543.800048828125,1541.0,1542.699951171875,56198,0.0,0.0,ADANIENSOL.NS
2026-08-21 12:00:00+05:30,1542.699951171875,1545.199951171875,1542.0,1542.800048828125,53131,0.0,0.0,ADANIENSOL.NS
2026-08-21 12:15:00+05:30,1543.0,1544.5,1542.0,1543.699951171875,48857,0.0,0.0,ADANIENSOL.NS
2026-08-21 12:30:00+05:30,1543.800048828125,1543.800048828125,1542.0,1543.0,54354,0.0,0.0,ADANIENSOL.NS
2026-08-21 12:45:00+05:30,1544.0999755859375,1544.9000244140625,1543.0,1544.0999755859375,55242,0.0,0.0,ADANIENSOL.NS
2026-08-21 13:00:00+05:30,1544.300048828125,1545.4000244140625,1534.699951171875,1535.5,128096,0.0,0.0,ADANIENSOL.NS
2026-08-21 13:15:00+05:30,1535.699951171875,1536.0999755859375,1530.0,1531.0,99162,0.0,0.0,ADANIENSOL.NS
2026-08-21 13:30:00+05:30,1531.0,1532.9000244140625,1527.5999755859375,1530.9000244140625,81540,0.0,0.0,ADANIENSOL.NS
2026-08-21 13:45:00+05:30,1530.9000244140625,1538.5,1530.0,1534.300048828125,92387,0.0,0.0,ADANIENSOL.NS
2026-08-21 14:00:00+05:30,1534.4000244140625,1539.0,1532.5,1533.300048828125,113776,0.0,0.0,ADANIENSOL.NS
2026-08-21 14:15:00+05:30,1533.0,1536.4000244140625,1532.4000244140625,1536.300048828125,62820,0.0,0.0,ADANIENSOL.NS
2026-08-21 14:30:00+05:30,1536.300048828125,1538.9000244140625,1535.199951171875,1535.800048828125,88028,0.0,0.0,ADANIENSOL.NS
2026-08-21 14:45:00+05:30,1536.4000244140625,1538.9000244140625,1533.5,1533.5999755859375,89966,0.0,0.0,ADANIENSOL.NS
2026-08-21 15:00:00+05:30,1533.0,1535.9000244140625,1528.0999755859375,1533.0,197027,0.0,0.0,ADANIENSOL.NS
2026-08-21 15:15:00+05:30,1533.0,1541.9000244140625,1533.0,1541.9000244140625,29063,0.0,0.0,ADANIENSOL.NS
2026-08-24 09:15:00+05:30,1532.0999755859375,1549.0,1532.0999755859375,1545.0,78234,0.0,0.0,ADANIENSOL.NS
2026-08-24 09:30:00+05:30,1545.0,1548.4000244140625,1541.699951171875,1546.800048828125,86296,0.0,0.0,ADANIENSOL.NS
2026-08-24 09:45:00+05:30,1546.800048828125,1561.199951171875,1546.800048828125,1557.300048828125,144774,0.0,0.0,ADANIENSOL.NS
2026-08-24 10:00:00+05:30,1557.0,1558.5,1550.0999755859375,1552.199951171875,78680,0.0,0.0,ADANIENSOL.NS
2026-08-24 10:15:00+05:30,1552.199951171875,1559.800048828125,1552.199951171875,1555.199951171875,102058,0.0,0.0,ADANIENSOL.NS
2026-08-24 10:30:00+05:30,1554.5999755859375,1559.0999755859375,1554.199951171875,1558.300048828125,72162,0.0,0.0,ADANIENSOL.NS
2026-08-24 10:45:00+05:30,1558.9000244140625,1561.800048828125,1556.0999755859375,1556.0999755859375,76229,0.0,0.0,ADANIENSOL.NS
2026-08-24 11:00:00+05:30,1556.0,1559.0,1547.9000244140625,1547.9000244140625,72094,0.0,0.0,ADANIENSOL.NS
2026-08-24 11:15:00+05:30,1548.199951171875,1551.9000244140625,1547.5,1550.300048828125,68902,0.0,0.0,ADANIENSOL.NS
2026-08-24 11:30:00+05:30,1549.800048828125,1550.199951171875,1545.199951171875,1547.0999755859375,62303,0.0,0.0,ADANIENSOL.NS
2026-08-24 11:45:00+05:30,1547.0999755859375,1550.199951171875,1547.0,1548.300048828125,46018,0.0,0.0,ADANIENSOL.NS
2026-08-24 12:00:00+05:30,1548.800048828125,1552.0999755859375,1548.300048828125,1550.5,28456,0.0,0.0,ADANIENSOL.NS
2026-08-24 12:15:00+05:30,1550.300048828125,1554.0,1548.0999755859375,1553.199951171875,29303,0.0,0.0,ADANIENSOL.NS
2026-08-24 12:30:00+05:30,1553.300048828125,1555.699951171875,1553.0,1553.699951171875,24960,0.0,0.0,ADANIENSOL.NS
2026-08-24 12:45:00+05:30,1554.0999755859375,1557.300048828125,1553.300048828125,1556.0,31545,0.0,0.0,ADANIENSOL.NS
2026-08-24 13:00:00+05:30,1556.0,1557.800048828125,1555.300048828125,1556.9000244140625,40680,0.0,0.0,ADANIENSOL.NS
2026-08-24 13:15:00+05:30,1557.0,1560.199951171875,1555.9000244140625,1559.5,92962,0.0,0.0,ADANIENSOL.NS
2026-08-24 13:30:00+05:30,1559.9000244140625,1560.300048828125,1557.9000244140625,1559.5,46284,0.0,0.0,ADANIENSOL.NS
2026-08-24 13:45:00+05:30,1559.5,1560.4000244140625,1555.5999755859375,1558.0999755859375,38698,0.0,0.0,ADANIENSOL.NS
2026-08-24 14:00:00+05:30,1558.0999755859375,1559.5999755859375,1555.0999755859375,1555.199951171875,45438,0.0,0.0,ADANIENSOL.NS
2026-08-24 14:15:00+05:30,1555.300048828125,1557.4000244140625,1554.300048828125,1556.5999755859375,33565,0.0,0.0,ADANIENSOL.NS
2026-08-24 14:30:00+05:30,1556.699951171875,1560.0,1556.699951171875,1559.5999755859375,44577,0.0,0.0,ADANIENSOL.NS
2026-08-24 14:45:00+05:30,1559.699951171875,1560.800048828125,1555.5,1555.9000244140625,75172,0.0,0.0,ADANIENSOL.NS
2026-08-24 15:00:00+05:30,1556.0,1558.0,1550.5,1555.0999755859375,119741,0.0,0.0,ADANIENSOL.NS
2026-08-25 09:15:00+05:30,1532.300048828125,1546.800048828125,1532.300048828125,1544.0999755859375,96776,0.0,0.0,ADANIENSOL.NS
2026-08-25 09:30:00+05:30,1543.4000244140625,1546.9000244140625,1542.0,1543.0,91793,0.0,0.0,ADANIENSOL.NS
2026-08-25 09:45:00+05:30,1543.0,1546.800048828125,1539.300048828125,1539.4000244140625,78180,0.0,0.0,ADANIENSOL.NS
2026-08-25 10:00:00+05:30,1539.5,1540.699951171875,1535.0,1537.199951171875,66048,0.0,0.0,ADANIENSOL.NS
2026-08-25 10:15:00+05:30,1537.199951171875,1543.5999755859375,1536.300048828125,1543.5999755859375,70421,0.0,0.0,ADANIENSOL.NS
2026-08-25 10:30:00+05:30,1543.199951171875,1545.0,1541.800048828125,1542.5,40496,0.0,0.0,ADANIENSOL.NS
2026-08-25 10:45:00+05:30,1542.199951171875,1553.4000244140625,1541.0,1550.5,101065,0.0,0.0,ADANIENSOL.NS
2026-08-25 11:00:00+05:30,1550.800048828125,1559.199951171875,1550.5,1556.9000244140625,104193,0.0,0.0,ADANIENSOL.NS
2026-08-25 11:15:00+05:30,1557.699951171875,1564.9000244140625,1556.0999755859375,1561.199951171875,131278,0.0,0.0,ADANIENSOL.NS
2026-08-25 11:30:00+05:30,1561.199951171875,1562.4000244140625,1556.800048828125,1558.5,55674,0.0,0.0,ADANIENSOL.NS
2026-08-25 11:45:00+05:30,1558.0,1562.800048828125,1556.800048828125,1561.5,50608,0.0,0.0,ADANIENSOL.NS
2026-08-25 12:00:00+05:30,1561.699951171875,1563.300048828125,1560.9000244140625,1563.199951171875,24478,0.0,0.0,ADANIENSOL.NS
2026-08-25 12:15:00+05:30,1563.199951171875,1567.5999755859375,1562.0999755859375,1566.300048828125,75008,0.0,0.0,ADANIENSOL.NS
2026-08-25 12:30:00+05:30,1566.300048828125,1567.9000244140625,1563.0999755859375,1564.199951171875,60252,0.0,0.0,ADANIENSOL.NS
2026-08-25 12:45:00+05:30,1564.199951171875,1575.9000244140625,1564.199951171875,1574.800048828125,70016,0.0,0.0,ADANIENSOL.NS
2026-08-25 13:00:00+05:30,1575.0,1575.199951171875,1569.4000244140625,1571.699951171875,54781,0.0,0.0,ADANIENSOL.NS
2026-08-25 13:15:00+05:30,1571.9000244140625,1573.699951171875,1570.800048828125,1571.800048828125,24867,0.0,0.0,ADANIENSOL.NS
2026-08-25 13:30:00+05:30,1571.800048828125,1573.0,1571.5999755859375,1572.4000244140625,29801,0.0,0.0,ADANIENSOL.NS
2026-08-25 13:45:00+05:30,1572.4000244140625,1574.4000244140625,1571.0,1573.699951171875,61748,0.0,0.0,ADANIENSOL.NS
2026-08-25 14:00:00+05:30,1574.199951171875,1574.699951171875,1569.0999755859375,1569.0999755859375,69492,0.0,0.0,ADANIENSOL.NS
2026-08-25 14:15:00+05:30,1569.699951171875,1575.0,1568.4000244140625,1572.300048828125,68710,0.0,0.0,ADANIENSOL.NS
2026-08-25 14:30:00+05:30,1572.800048828125,1573.9000244140625,1571.5999755859375,1573.9000244140625,50496,0.0,0.0,ADANIENSOL.NS
2026-08-25 14:45:00+05:30,1573.9000244140625,1575.800048828125,1573.5999755859375,1574.9000244140625,210189,0.0,0.0,ADANIENSOL.NS
2026-08-25 15:00:00+05:30,1575.0,1587.9000244140625,1573.5,1584.9000244140625,262225,0.0,0.0,ADANIENSOL.NS
2026-08-25 15:15:00+05:30,1585.0,1594.5,1585.0,1594.5,35049,0.0,0.0,ADANIENSOL.NS
2026-08-26 09:15:00+05:30,1609.0,1609.0,1588.800048828125,1600.0999755859375,159256,0.0,0.0,ADANIENSOL.NS
2026-08-26 09:30:00+05:30,1600.800048828125,1627.0,1598.699951171875,1626.699951171875,354103,0.0,0.0,ADANIENSOL.NS
2026-08-26 09:45:00+05:30,1626.5999755859375,1636.9000244140625,1613.4000244140625,1620.5999755859375,410782,0.0,0.0,ADANIENSOL.NS
2026-08-26 10:00:00+05:30,1620.4000244140625,1620.9000244140625,1613.0,1615.199951171875,177291,0.0,0.0,ADANIENSOL.NS
2026-08-26 10:15:00+05:30,1615.199951171875,1615.199951171875,1606.5999755859375,1609.699951171875,177591,0.0,0.0,ADANIENSOL.NS
2026-08-26 10:30:00+05:30,1609.0,1610.4000244140625,1605.800048828125,1609.800048828125,154930,0.0,0.0,ADANIENSOL.NS
2026-08-26 10:45:00+05:30,1610.0,1610.699951171875,1607.0,1609.5999755859375,108203,0.0,0.0,ADANIENSOL.NS
2026-08-26 11:00:00+05:30,1609.800048828125,1610.4000244140625,1605.0,1605.5999755859375,104862,0.0,0.0,ADANIENSOL.NS
2026-08-26 11:15:00+05:30,1605.5999755859375,1608.0,1602.800048828125,1607.300048828125,102932,0.0,0.0,ADANIENSOL.NS
2026-08-26 11:30:00+05:30,1607.5999755859375,1608.199951171875,1605.0,1608.0,85888,0.0,0.0,ADANIENSOL.NS
2026-08-26 11:45:00+05:30,1608.0,1608.0,1602.5,1602.5,98395,0.0,0.0,ADANIENSOL.NS
2026-08-26 12:00:00+05:30,1602.5999755859375,1602.9000244140625,1597.300048828125,1602.300048828125,105359,0.0,0.0,ADANIENSOL.NS
2026-08-26 12:15:00+05:30,1602.5999755859375,1603.5999755859375,1600.0,1600.4000244140625,79588,0.0,0.0,ADANIENSOL.NS
2026-08-26 12:30:00+05:30,1600.4000244140625,1603.0,1597.699951171875,1603.0,79706,0.0,0.0,ADANIENSOL.NS
2026-08-26 12:45:00+05:30,1602.9000244140625,1606.5,1601.0,1602.0,82904,0.0,0.0,ADANIENSOL.NS
2026-08-26 13:00:00+05:30,1602.0,1602.0,1598.4000244140625,1600.0,59458,0.0,0.0,ADANIENSOL.NS
2026-08-26 13:15:00+05:30,1600.0,1600.300048828125,1591.300048828125,1593.9000244140625,95653,0.0,0.0,ADANIENSOL.NS
2026-08-26 13:30:00+05:30,1593.9000244140625,1594.5,1590.0999755859375,1590.5999755859375,81255,0.0,0.0,ADANIENSOL.NS
2026-08-26 13:45:00+05:30,1590.5999755859375,1593.5999755859375,1590.4000244140625,1591.9000244140625,55895,0.0,0.0,ADANIENSOL.NS
2026-08-26 14:00:00+05:30,1591.800048828125,1593.0999755859375,1585.0,1587.800048828125,149920,0.0,0.0,ADANIENSOL.NS
2026-08-26 14:15:00+05:30,1588.0,1589.5999755859375,1586.4000244140625,1589.5999755859375,83693,0.0,0.0,ADANIENSOL.NS
2026-08-26 14:30:00+05:30,1589.5,1593.4000244140625,1589.0999755859375,1592.800048828125,90798,0.0,0.0,ADANIENSOL.NS
2026-08-26 14:45:00+05:30,1592.9000244140625,1594.5999755859375,1589.5999755859375,1589.800048828125,260414,0.0,0.0,ADANIENSOL.NS
2026-08-26 15:00:00+05:30,1589.0999755859375,1591.800048828125,1570.5,1570.5,374069,0.0,0.0,ADANIENSOL.NS
2026-08-27 09:15:00+05:30,1585.300048828125,1607.4000244140625,1585.300048828125,1601.699951171875,206556,0.0,0.0,ADANIENSOL.NS
2026-08-27 09:30:00+05:30,1602.199951171875,1611.800048828125,1593.0999755859375,1607.699951171875,343831,0.0,0.0,ADANIENSOL.NS
2026-08-27 09:45:00+05:30,1607.199951171875,1608.0,1597.0999755859375,1597.4000244140625,226400,0.0,0.0,ADANIENSOL.NS
2026-08-27 10:00:00+05:30,1597.0999755859375,1600.0,1591.199951171875,1595.5999755859375,182833,0.0,0.0,ADANIENSOL.NS
2026-08-27 10:15:00+05:30,1595.5999755859375,1601.0,1593.4000244140625,1593.800048828125,166497,0.0,0.0,ADANIENSOL.NS
2026-08-27 10:30:00+05:30,1594.300048828125,1602.5,1593.800048828125,1601.5,141346,0.0,0.0,ADANIENSOL.NS
2026-08-27 10:45:00+05:30,1601.300048828125,1604.199951171875,1598.699951171875,1600.4000244140625,165517,0.0,0.0,ADANIENSOL.NS
2026-08-27 11:00:00+05:30,1600.5999755859375,1606.699951171875,1600.0,1605.699951171875,143993,0.0,0.0,ADANIENSOL.NS
2026-08-27 11:15:00+05:30,1605.800048828125,1607.0,1603.9000244140625,1606.0,130214,0.0,0.0,ADANIENSOL.NS
2026-08-27 11:30:00+05:30,1606.0,1609.800048828125,1604.800048828125,1609.5999755859375,130224,0.0,0.0,ADANIENSOL.NS
2026-08-27 11:45:00+05:30,1609.800048828125,1611.9000244140625,1607.9000244140625,1611.800048828125,143536,0.0,0.0,ADANIENSOL.NS
2026-08-27 12:00:00+05:30,1611.5999755859375,1617.4000244140625,1608.9000244140625,1611.5,196859,0.0,0.0,ADANIENSOL.NS
2026-08-27 12:15:00+05:30,1611.800048828125,1614.0,1609.699951171875,1611.9000244140625,106371,0.0,0.0,ADANIENSOL.NS
2026-08-27 12:30:00+05:30,1611.9000244140625,1612.699951171875,1609.5999755859375,1611.0,92088,0.0,0.0,ADANIENSOL.NS
2026-08-27 12:45:00+05:30,1611.0,1615.0,1610.699951171875,1613.5,99543,0.0,0.0,ADANIENSOL.NS
2026-08-27 13:00:00+05:30,1613.699951171875,1613.699951171875,1609.0,1612.300048828125,130593,0.0,0.0,ADANIENSOL.NS
2026-08-27 13:15:00+05:30,1612.0,1612.5,1609.9000244140625,1611.5999755859375,142772,0.0,0.0,ADANIENSOL.NS
2026-08-27 13:30:00+05:30,1611.5999755859375,1611.5999755859375,1604.800048828125,1605.199951171875,174150,0.0,0.0,ADANIENSOL.NS
2026-08-27 13:45:00+05:30,1605.0,1608.0,1603.4000244140625,1606.5999755859375,139444,0.0,0.0,ADANIENSOL.NS
2026-08-27 14:00:00+05:30,1606.5999755859375,1606.699951171875,1602.5999755859375,1603.0999755859375,143410,0.0,0.0,ADANIENSOL.NS
2026-08-27 14:15:00+05:30,1603.0999755859375,1603.0999755859375,1599.5,1600.5999755859375,166409,0.0,0.0,ADANIENSOL.NS
2026-08-27 14:30:00+05:30,1600.5999755859375,1609.0,1600.5999755859375,1605.5999755859375,142810,0.0,0.0,ADANIENSOL.NS
2026-08-27 14:45:00+05:30,1605.699951171875,1610.5,1605.300048828125,1610.5,215228,0.0,0.0,ADANIENSOL.NS
2026-08-27 15:00:00+05:30,1610.300048828125,1617.300048828125,1609.0,1613.0999755859375,456599,0.0,0.0,ADANIENSOL.NS
2026-08-27 15:15:00+05:30,1613.0999755859375,1617.0,1613.0999755859375,1617.0,66209,0.0,0.0,ADANIENSOL.NS
2026-08-28 09:15:00+05:30,1609.800048828125,1609.800048828125,1587.0,1594.5999755859375,127582,0.0,0.0,ADANIENSOL.NS
2026-08-28 09:30:00+05:30,1592.0,1593.0,1582.9000244140625,1583.9000244140625,132469,0.0,0.0,ADANIENSOL.NS
2026-08-28 09:45:00+05:30,1583.5,1585.4000244140625,1582.0,1584.9000244140625,75626,0.0,0.0,ADANIENSOL.NS
2026-08-28 10:00:00+05:30,1584.9000244140625,1587.4000244140625,1582.0999755859375,1587.4000244140625,60817,0.0,0.0,ADANIENSOL.NS
2026-08-28 10:15:00+05:30,1587.0999755859375,1589.5,1585.0999755859375,1585.5999755859375,46594,0.0,0.0,ADANIENSOL.NS
2026-08-28 10:30:00+05:30,1585.4000244140625,1585.9000244140625,1583.0,1583.0,39841,0.0,0.0,ADANIENSOL.NS
2026-08-28 10:45:00+05:30,1583.0999755859375,1589.0,1583.0,1584.4000244140625,55519,0.0,0.0,ADANIENSOL.NS
2026-08-28 11:00:00+05:30,1584.300048828125,1587.800048828125,1584.300048828125,1587.300048828125,21678,0.0,0.0,ADANIENSOL.NS
2026-08-28 11:15:00+05:30,1587.300048828125,1587.5999755859375,1579.4000244140625,1579.5999755859375,82471,0.0,0.0,ADANIENSOL.NS
2026-08-28 11:30:00+05:30,1579.699951171875,1581.199951171875,1577.300048828125,1578.300048828125,45972,0.0,0.0,ADANIENSOL.NS
2026-08-28 11:45:00+05:30,1578.800048828125,1579.300048828125,1572.0999755859375,1574.4000244140625,61457,0.0,0.0,ADANIENSOL.NS
2026-08-28 12:00:00+05:30,1574.199951171875,1575.0,1571.0,1572.699951171875,64353,0.0,0.0,ADANIENSOL.NS
2026-08-28 12:15:00+05:30,1572.5999755859375,1575.0,1571.5,1574.699951171875,29114,0.0,0.0,ADANIENSOL.NS
2026-08-28 12:30:00+05:30,1574.699951171875,1577.300048828125,1572.0999755859375,1572.9000244140625,28850,0.0,0.0,ADANIENSOL.NS
2026-08-28 12:45:00+05:30,1572.800048828125,1574.800048828125,1567.9000244140625,1572.0999755859375,72115,0.0,0.0,ADANIENSOL.NS
2026-08-28 13:00:00+05:30,1572.0999755859375,1574.5,1571.9000244140625,1574.0,32427,0.0,0.0,ADANIENSOL.NS
2026-08-28 13:15:00+05:30,1574.0999755859375,1578.0,1571.0999755859375,1576.5999755859375,69937,0.0,0.0,ADANIENSOL.NS
2026-08-28 13:30:00+05:30,1577.0999755859375,1577.5,1575.0,1575.0,34390,0.0,0.0,ADANIENSOL.NS
2026-08-28 13:45:00+05:30,1575.5999755859375,1575.9000244140625,1573.300048828125,1574.0,29732,0.0,0.0,ADANIENSOL.NS
2026-08-28 14:00:00+05:30,1574.199951171875,1574.199951171875,1571.800048828125,1572.0999755859375,23533,0.0,0.0,ADANIENSOL.NS
2026-08-28 14:15:00+05:30,1572.0999755859375,1573.199951171875,1571.699951171875,1572.699951171875,28524,0.0,0.0,ADANIENSOL.NS
2026-08-28 14:30:00+05:30,1572.699951171875,1575.9000244140625,1572.0999755859375,1573.800048828125,38650,0.0,0.0,ADANIENSOL.NS
2026-08-28 14:45:00+05:30,1573.5999755859375,1574.5,1571.0999755859375,1573.9000244140625,74933,0.0,0.0,ADANIENSOL.NS
2026-08-28 15:00:00+05:30,1574.199951171875,1581.9000244140625,1569.5,1581.0,233582,0.0,0.0,ADANIENSOL.NS
2026-08-28 15:15:00+05:30,1580.0,1581.4000244140625,1580.0,1581.4000244140625,16010,0.0,0.0,ADANIENSOL.NS
2026-08-31 09:15:00+05:30,1582.9000244140625,1588.5999755859375,1546.5999755859375,1550.0999755859375,229035,0.0,0.0,ADANIENSOL.NS
2026-08-31 09:30:00+05:30,1550.0999755859375,1560.5999755859375,1549.699951171875,1552.0999755859375,166920,0.0,0.0,ADANIENSOL.NS
2026-08-31 09:45:00+05:30,1551.800048828125,1555.800048828125,1550.800048828125,1554.199951171875,94824,0.0,0.0,ADANIENSOL.NS
2026-08-31 10:00:00+05:30,1554.9000244140625,1556.0,1550.0999755859375,1550.0999755859375,98240,0.0,0.0,ADANIENSOL.NS
2026-08-31 10:15:00+05:30,1550.4000244140625,1554.699951171875,1550.199951171875,1553.699951171875,78069,0.0,0.0,ADANIENSOL.NS
2026-08-31 10:30:00+05:30,1553.699951171875,1553.699951171875,1542.4000244140625,1543.9000244140625,164161,0.0,0.0,ADANIENSOL.NS
2026-08-31 10:45:00+05:30,1544.0,1559.0999755859375,1544.0,1559.0999755859375,164277,0.0,0.0,ADANIENSOL.NS
2026-08-31 11:00:00+05:30,1558.0,1559.5999755859375,1557.699951171875,1559.4000244140625,92702,0.0,0.0,ADANIENSOL.NS
2026-08-31 11:15:00+05:30,1559.0,1569.0,1559.0,1565.199951171875,234436,0.0,0.0,ADANIENSOL.NS
2026-08-31 11:30:00+05:30,1565.199951171875,1576.0,1559.4000244140625,1574.0,151371,0.0,0.0,ADANIENSOL.NS
2026-08-31 11:45:00+05:30,1573.800048828125,1580.0,1569.5,1569.9000244140625,165740,0.0,0.0,ADANIENSOL.NS
2026-08-31 12:00:00+05:30,1569.9000244140625,1572.199951171875,1568.9000244140625,1569.9000244140625,111543,0.0,0.0,ADANIENSOL.NS
2026-08-31 12:15:00+05:30,1569.9000244140625,1571.5999755859375,1556.0999755859375,1556.0999755859375,407875,0.0,0.0,ADANIENSOL.NS
2026-08-31 12:30:00+05:30,1555.5999755859375,1558.5,1554.800048828125,1556.5999755859375,88211,0.0,0.0,ADANIENSOL.NS
2026-08-31 12:45:00+05:30,1556.699951171875,1556.699951171875,1526.9000244140625,1529.9000244140625,414458,0.0,0.0,ADANIENSOL.NS
2026-08-31 13:00:00+05:30,1528.5,1538.0,1523.699951171875,1533.4000244140625,392006,0.0,0.0,ADANIENSOL.NS
2026-08-31 13:15:00+05:30,1533.5,1541.699951171875,1530.5,1540.300048828125,241260,0.0,0.0,ADANIENSOL.NS
2026-08-31 13:30:00+05:30,1540.300048828125,1544.0,1539.0,1540.800048828125,186949,0.0,0.0,ADANIENSOL.NS
2026-08-31 13:45:00+05:30,1541.4000244140625,1546.5999755859375,1526.5999755859375,1528.300048828125,439445,0.0,0.0,ADANIENSOL.NS
2026-08-31 14:00:00+05:30,1528.199951171875,1529.0,1522.300048828125,1526.300048828125,168246,0.0,0.0,ADANIENSOL.NS
2026-08-31 14:15:00+05:30,1526.0999755859375,1526.800048828125,1521.0999755859375,1522.4000244140625,157021,0.0,0.0,ADANIENSOL.NS
2026-08-31 14:30:00+05:30,1522.9000244140625,1526.699951171875,1521.0999755859375,1524.4000244140625,211216,0.0,0.0,ADANIENSOL.NS
2026-08-31 14:45:00+05:30,1524.4000244140625,1528.9000244140625,1511.5999755859375,1512.5,841059,0.0,0.0,ADANIENSOL.NS
2026-08-31 15:00:00+05:30,1512.0,1512.0999755859375,1445.800048828125,1470.0,7511361,0.0,0.0,ADANIENSOL.NS
2026-08-31 15:15:00+05:30,1470.0,1470.0,1417.4000244140625,1417.4000244140625,21922208,0.0,0.0,ADANIENSOL.NS
2026-09-01 09:15:00+05:30,1436.199951171875,1443.0999755859375,1408.199951171875,1409.800048828125,654109,0.0,0.0,ADANIENSOL.NS
2026-09-01 09:30:00+05:30,1408.5,1421.0999755859375,1401.5999755859375,1403.800048828125,752923,0.0,0.0,ADANIENSOL.NS
2026-09-01 09:45:00+05:30,1403.300048828125,1406.4000244140625,1392.0,1398.0999755859375,686232,0.0,0.0,ADANIENSOL.NS
2026-09-01 10:00:00+05:30,1398.0,1405.699951171875,1391.300048828125,1402.0,377007,0.0,0.0,ADANIENSOL.NS
2026-09-01 10:15:00+05:30,1402.300048828125,1403.4000244140625,1391.0,1396.9000244140625,310960,0.0,0.0,ADANIENSOL.NS
2026-09-01 10:30:00+05:30,1396.9000244140625,1405.800048828125,1391.0,1405.800048828125,371839,0.0,0.0,ADANIENSOL.NS
2026-09-01 10:45:00+05:30,1405.699951171875,1408.4000244140625,1397.199951171875,1397.9000244140625,219978,0.0,0.0,ADANIENSOL.NS
2026-09-01 11:00:00+05:30,1397.5,1400.0,1393.199951171875,1394.699951171875,137285,0.0,0.0,ADANIENSOL.NS
2026-09-01 11:15:00+05:30,1395.0,1395.0,1383.199951171875,1389.4000244140625,296154,0.0,0.0,ADANIENSOL.NS
2026-09-01 11:30:00+05:30,1389.199951171875,1397.9000244140625,1385.0999755859375,1395.5999755859375,179268,0.0,0.0,ADANIENSOL.NS
2026-09-01 11:45:00+05:30,1395.9000244140625,1397.0,1373.4000244140625,1381.9000244140625,240372,0.0,0.0,ADANIENSOL.NS
2026-09-01 12:00:00+05:30,1381.699951171875,1383.9000244140625,1375.300048828125,1383.0999755859375,146515,0.0,0.0,ADANIENSOL.NS
2026-09-01 12:15:00+05:30,1381.800048828125,1391.5,1380.0999755859375,1381.0,170761,0.0,0.0,ADANIENSOL.NS
2026-09-01 12:30:00+05:30,1380.9000244140625,1383.800048828125,1376.9000244140625,1379.0,88039,0.0,0.0,ADANIENSOL.NS
2026-09-01 12:45:00+05:30,1379.0,1382.0999755859375,1376.4000244140625,1377.4000244140625,91601,0.0,0.0,ADANIENSOL.NS
2026-09-01 13:00:00+05:30,1377.199951171875,1383.699951171875,1375.199951171875,1380.199951171875,204239,0.0,0.0,ADANIENSOL.NS
2026-09-01 13:15:00+05:30,1380.199951171875,1388.0,1374.4000244140625,1388.0,302882,0.0,0.0,ADANIENSOL.NS
2026-09-01 13:30:00+05:30,1388.0,1394.4000244140625,1382.199951171875,1384.699951171875,285662,0.0,0.0,ADANIENSOL.NS
2026-09-01 13:45:00+05:30,1384.699951171875,1390.300048828125,1378.300048828125,1379.0999755859375,138319,0.0,0.0,ADANIENSOL.NS
2026-09-01 14:00:00+05:30,1379.0999755859375,1384.800048828125,1375.699951171875,1377.800048828125,185732,0.0,0.0,ADANIENSOL.NS
2026-09-01 14:15:00+05:30,1377.4000244140625,1380.5,1375.199951171875,1380.0999755859375,173439,0.0,0.0,ADANIENSOL.NS
2026-09-01 14:30:00+05:30,1380.0999755859375,1380.5,1376.800048828125,1378.5,147211,0.0,0.0,ADANIENSOL.NS
2026-09-01 14:45:00+05:30,1378.9000244140625,1385.9000244140625,1377.5999755859375,1385.699951171875,335165,0.0,0.0,ADANIENSOL.NS
2026-09-01 15:00:00+05:30,1385.800048828125,1385.800048828125,1376.0,1378.5,725815,0.0,0.0,ADANIENSOL.NS
2026-09-01 15:15:00+05:30,1378.5,1382.0,1378.5,1382.0,53685,0.0,0.0,ADANIENSOL.NS
