Datetime,Open,High,Low,Close,Volume,Dividends,Stock Splits,Symbol
2025-11-20 09:15:00+05:30,2148.89990234375,2151.10009765625,2131.10009765625,2134.699951171875,33843,0.0,0.0,GODREJPROP.NS
2025-11-20 09:30:00+05:30,2134.89990234375,2135.60009765625,2117.0,2118.89990234375,39599,0.0,0.0,GODREJPROP.NS
2025-11-20 09:45:00+05:30,2118.89990234375,2123.0,2113.10009765625,2117.60009765625,21317,0.0,0.0,GODREJPROP.NS
2025-11-20 10:00:00+05:30,2117.5,2123.10009765625,2117.10009765625,2120.89990234375,13444,0.0,0.0,GODREJPROP.NS
2025-11-20 10:15:00+05:30,2121.10009765625,2122.0,2116.5,2119.89990234375,12185,0.0,0.0,GODREJPROP.NS
2025-11-20 10:30:00+05:30,2119.89990234375,2122.699951171875,2117.800048828125,2122.699951171875,9059,0.0,0.0,GODREJPROP.NS
2025-11-20 10:45:00+05:30,2122.699951171875,2128.5,2122.199951171875,2126.699951171875,9884,0.0,0.0,GODREJPROP.NS
2025-11-20 11:00:00+05:30,2125.0,2126.89990234375,2122.0,2123.0,7191,0.0,0.0,GODREJPROP.NS
2025-11-20 11:15:00+05:30,2123.60009765625,2127.699951171875,2123.0,2127.39990234375,5908,0.0,0.0,GODREJPROP.NS
2025-11-20 11:30:00+05:30,2127.39990234375,2130.60009765625,2124.0,2126.800048828125,19088,0.0,0.0,GODREJPROP.NS
2025-11-20 11:45:00+05:30,2126.199951171875,2126.199951171875,2120.300048828125,2121.800048828125,7025,0.0,0.0,GODREJPROP.NS
2025-11-20 12:00:00+05:30,2124.10009765625,2127.800048828125,2121.0,2126.0,3123,0.0,0.0,GODREJPROP.NS
2025-11-20 12:15:00+05:30,2126.10009765625,2126.800048828125,2122.89990234375,2125.0,8690,0.0,0.0,GODREJPROP.NS
2025-11-20 12:30:00+05:30,2125.0,2125.89990234375,2124.199951171875,2125.39990234375,2957,0.0,0.0,GODREJPROP.NS
2025-11-20 12:45:00+05:30,2125.5,2128.89990234375,2124.0,2125.800048828125,6371,0.0,0.0,GODREJPROP.NS
2025-11-20 13:00:00+05:30,2125.800048828125,2127.39990234375,2125.10009765625,2125.10009765625,2703,0.0,0.0,GODREJPROP.NS
2025-11-20 13:15:00+05:30,2126.0,2126.0,2123.699951171875,2124.800048828125,3998,0.0,0.0,GODREJPROP.NS
2025-11-20 13:30:00+05:30,2124.60009765625,2130.5,2124.39990234375,2128.89990234375,13146,0.0,0.0,GODREJPROP.NS
2025-11-20 13:45:00+05:30,2128.0,2130.10009765625,2127.39990234375,2130.10009765625,7701,0.0,0.0,GODREJPROP.NS
2025-11-20 14:00:00+05:30,2130.10009765625,2130.10009765625,2124.0,2127.699951171875,8711,0.0,0.0,GODREJPROP.NS
2025-11-20 14:15:00+05:30,2127.60009765625,2129.800048828125,2124.60009765625,2129.0,9036,0.0,0.0,GODREJPROP.NS
2025-11-20 14:30:00+05:30,2129.5,2129.699951171875,2120.0,2120.800048828125,8440,0.0,0.0,GODREJPROP.NS
2025-11-20 14:45:00+05:30,2120.699951171875,2125.10009765625,2120.0,2120.800048828125,11816,0.0,0.0,GODREJPROP.NS
2025-11-20 15:00:00+05:30,2120.800048828125,2127.89990234375,2118.0,2127.89990234375,31165,0.0,0.0,GODREJPROP.NS
2025-11-20 15:15:00+05:30,2127.800048828125,2129.60009765625,2120.60009765625,2123.800048828125,37246,0.0,0.0,GODREJPROP.NS
2025-11-21 09:15:00+05:30,2132.89990234375,2137.60009765625,2121.199951171875,2127.0,35950,0.0,0.0,GODREJPROP.NS
2025-11-21 09:30:00+05:30,2126.89990234375,2131.89990234375,2117.199951171875,2122.199951171875,36909,0.0,0.0,GODREJPROP.NS
2025-11-21 09:45:00+05:30,2122.0,2123.5,2114.199951171875,2116.10009765625,23787,0.0,0.0,GODREJPROP.NS
2025-11-21 10:00:00+05:30,2116.300048828125,2116.300048828125,2107.0,2114.199951171875,25104,0.0,0.0,GODREJPROP.NS
2025-11-21 10:15:00+05:30,2114.199951171875,2115.0,2098.0,2098.89990234375,38682,0.0,0.0,GODREJPROP.NS
2025-11-21 10:30:00+05:30,2098.699951171875,2102.10009765625,2097.0,2098.300048828125,16626,0.0,0.0,GODREJPROP.NS
2025-11-21 10:45:00+05:30,2098.39990234375,2098.5,2090.60009765625,2095.0,24733,0.0,0.0,GODREJPROP.NS
2025-11-21 11:00:00+05:30,2095.800048828125,2096.89990234375,2090.60009765625,2092.800048828125,16118,0.0,0.0,GODREJPROP.NS
2025-11-21 11:15:00+05:30,2093.0,2094.10009765625,2086.300048828125,2091.39990234375,24245,0.0,0.0,GODREJPROP.NS
2025-11-21 11:30:00+05:30,2091.39990234375,2096.60009765625,2089.0,2093.10009765625,16615,0.0,0.0,GODREJPROP.NS
2025-11-21 11:45:00+05:30,2096.0,2098.10009765625,2090.5,2091.199951171875,28281,0.0,0.0,GODREJPROP.NS
2025-11-21 12:00:00+05:30,2091.199951171875,2095.199951171875,2088.0,2094.5,15474,0.0,0.0,GODREJPROP.NS
2025-11-21 12:15:00+05:30,2094.300048828125,2096.0,2089.89990234375,2092.10009765625,17810,0.0,0.0,GODREJPROP.NS
2025-11-21 12:30:00+05:30,2092.10009765625,2095.0,2090.199951171875,2093.0,13251,0.0,0.0,GODREJPROP.NS
2025-11-21 12:45:00+05:30,2091.699951171875,2098.10009765625,2091.699951171875,2098.10009765625,15761,0.0,0.0,GODREJPROP.NS
2025-11-21 13:00:00+05:30,2097.39990234375,2104.89990234375,2097.39990234375,2098.699951171875,18018,0.0,0.0,GODREJPROP.NS
2025-11-21 13:15:00+05:30,2098.0,2098.5,2092.60009765625,2094.199951171875,6139,0.0,0.0,GODREJPROP.NS
2025-11-21 13:30:00+05:30,2094.199951171875,2094.199951171875,2091.10009765625,2093.10009765625,4308,0.0,0.0,GODREJPROP.NS
2025-11-21 13:45:00+05:30,2093.10009765625,2097.699951171875,2092.5,2097.5,5657,0.0,0.0,GODREJPROP.NS
2025-11-21 14:00:00+05:30,2097.39990234375,2099.60009765625,2094.60009765625,2099.199951171875,6159,0.0,0.0,GODREJPROP.NS
2025-11-21 14:15:00+05:30,2099.60009765625,2100.5,2094.0,2097.5,7927,0.0,0.0,GODREJPROP.NS
2025-11-21 14:30:00+05:30,2097.5,2098.5,2093.699951171875,2094.39990234375,8886,0.0,0.0,GODREJPROP.NS
2025-11-21 14:45:00+05:30,2093.60009765625,2094.5,2083.0,2083.800048828125,30307,0.0,0.0,GODREJPROP.NS
2025-11-21 15:00:00+05:30,2083.800048828125,2093.5,2083.5,2092.5,46723,0.0,0.0,GODREJPROP.NS
2025-11-21 15:15:00+05:30,2092.10009765625,2097.0,2080.0,2085.699951171875,61990,0.0,0.0,GODREJPROP.NS
2025-11-24 09:15:00+05:30,2090.10009765625,2090.60009765625,2077.300048828125,2088.89990234375,24302,0.0,0.0,GODREJPROP.NS
2025-11-24 09:30:00+05:30,2088.89990234375,2088.89990234375,2075.0,2076.199951171875,18383,0.0,0.0,GODREJPROP.NS
2025-11-24 09:45:00+05:30,2075.10009765625,2085.0,2072.10009765625,2073.10009765625,19583,0.0,0.0,GODREJPROP.NS
2025-11-24 10:00:00+05:30,2072.300048828125,2079.89990234375,2072.0,2079.5,10826,0.0,0.0,GODREJPROP.NS
2025-11-24 10:15:00+05:30,2078.699951171875,2080.199951171875,2074.0,2076.60009765625,12856,0.0,0.0,GODREJPROP.NS
2025-11-24 10:30:00+05:30,2076.199951171875,2078.60009765625,2074.0,2074.300048828125,8197,0.0,0.0,GODREJPROP.NS
2025-11-24 10:45:00+05:30,2074.300048828125,2074.89990234375,2066.199951171875,2066.60009765625,15268,0.0,0.0,GODREJPROP.NS
2025-11-24 11:00:00+05:30,2066.199951171875,2067.699951171875,2063.199951171875,2066.39990234375,13873,0.0,0.0,GODREJPROP.NS
2025-11-24 11:15:00+05:30,2067.10009765625,2069.300048828125,2063.699951171875,2068.10009765625,9557,0.0,0.0,GODREJPROP.NS
2025-11-24 11:30:00+05:30,2068.10009765625,2068.10009765625,2062.60009765625,2064.0,5348,0.0,0.0,GODREJPROP.NS
2025-11-24 11:45:00+05:30,2064.199951171875,2064.39990234375,2051.300048828125,2052.0,20960,0.0,0.0,GODREJPROP.NS
2025-11-24 12:00:00+05:30,2052.5,2057.199951171875,2046.699951171875,2047.9000244140625,14969,0.0,0.0,GODREJPROP.NS
2025-11-24 12:15:00+05:30,2047.699951171875,2053.699951171875,2046.0,2050.800048828125,15174,0.0,0.0,GODREJPROP.NS
2025-11-24 12:30:00+05:30,2051.199951171875,2057.199951171875,2049.10009765625,2051.10009765625,17413,0.0,0.0,GODREJPROP.NS
2025-11-24 12:45:00+05:30,2051.60009765625,2055.0,2048.0,2050.300048828125,15113,0.0,0.0,GODREJPROP.NS
2025-11-24 13:00:00+05:30,2050.5,2052.0,2049.0,2049.10009765625,5557,0.0,0.0,GODREJPROP.NS
2025-11-24 13:15:00+05:30,2049.10009765625,2054.89990234375,2048.10009765625,2048.10009765625,21575,0.0,0.0,GODREJPROP.NS
2025-11-24 13:30:00+05:30,2048.800048828125,2053.0,2047.300048828125,2051.5,18710,0.0,0.0,GODREJPROP.NS
2025-11-24 13:45:00+05:30,2051.5,2056.60009765625,2050.60009765625,2054.60009765625,15430,0.0,0.0,GODREJPROP.NS
2025-11-24 14:00:00+05:30,2054.5,2058.5,2052.199951171875,2057.699951171875,16682,0.0,0.0,GODREJPROP.NS
2025-11-24 14:15:00+05:30,2057.800048828125,2059.89990234375,2051.5,2052.10009765625,19278,0.0,0.0,GODREJPROP.NS
2025-11-24 14:30:00+05:30,2052.39990234375,2054.300048828125,2041.300048828125,2045.699951171875,37803,0.0,0.0,GODREJPROP.NS
2025-11-24 14:45:00+05:30,2045.800048828125,2046.0999755859373,2036.0,2038.5999755859373,28165,0.0,0.0,GODREJPROP.NS
2025-11-24 15:00:00+05:30,2038.5999755859373,2048.300048828125,2038.5999755859373,2047.0,173084,0.0,0.0,GODREJPROP.NS
2025-11-24 15:15:00+05:30,2047.800048828125,2052.0,2040.9000244140625,2046.4000244140625,161243,0.0,0.0,GODREJPROP.NS
2025-11-25 09:15:00+05:30,2039.4000244140625,2067.199951171875,2039.300048828125,2060.39990234375,52189,0.0,0.0,GODREJPROP.NS
2025-11-25 09:30:00+05:30,2061.0,2064.60009765625,2057.699951171875,2064.60009765625,11725,0.0,0.0,GODREJPROP.NS
2025-11-25 09:45:00+05:30,2063.89990234375,2065.0,2056.5,2064.800048828125,12170,0.0,0.0,GODREJPROP.NS
2025-11-25 10:00:00+05:30,2065.0,2069.0,2064.10009765625,2066.199951171875,17903,0.0,0.0,GODREJPROP.NS
2025-11-25 10:15:00+05:30,2065.10009765625,2069.800048828125,2062.0,2067.0,11358,0.0,0.0,GODREJPROP.NS
2025-11-25 10:30:00+05:30,2067.0,2068.89990234375,2062.0,2063.89990234375,8761,0.0,0.0,GODREJPROP.NS
2025-11-25 10:45:00+05:30,2062.800048828125,2063.199951171875,2057.300048828125,2057.5,8294,0.0,0.0,GODREJPROP.NS
2025-11-25 11:00:00+05:30,2057.39990234375,2071.0,2057.39990234375,2070.10009765625,24200,0.0,0.0,GODREJPROP.NS
2025-11-25 11:15:00+05:30,2069.39990234375,2071.89990234375,2065.10009765625,2070.300048828125,8025,0.0,0.0,GODREJPROP.NS
2025-11-25 11:30:00+05:30,2070.300048828125,2073.300048828125,2069.5,2070.199951171875,11767,0.0,0.0,GODREJPROP.NS
2025-11-25 11:45:00+05:30,2070.199951171875,2072.60009765625,2069.0,2070.5,7009,0.0,0.0,GODREJPROP.NS
2025-11-25 12:00:00+05:30,2071.5,2073.0,2069.0,2071.89990234375,5668,0.0,0.0,GODREJPROP.NS
2025-11-25 12:15:00+05:30,2071.39990234375,2073.300048828125,2070.0,2071.5,5181,0.0,0.0,GODREJPROP.NS
2025-11-25 12:30:00+05:30,2071.60009765625,2075.800048828125,2070.800048828125,2074.0,5768,0.0,0.0,GODREJPROP.NS
2025-11-25 12:45:00+05:30,2073.800048828125,2077.0,2073.300048828125,2075.0,6890,0.0,0.0,GODREJPROP.NS
2025-11-25 13:00:00+05:30,2075.0,2075.89990234375,2070.0,2071.60009765625,8161,0.0,0.0,GODREJPROP.NS
2025-11-25 13:15:00+05:30,2070.10009765625,2076.0,2069.89990234375,2076.0,11488,0.0,0.0,GODREJPROP.NS
2025-11-25 13:30:00+05:30,2076.0,2077.5,2070.0,2073.699951171875,13081,0.0,0.0,GODREJPROP.NS
2025-11-25 13:45:00+05:30,2075.39990234375,2077.60009765625,2072.800048828125,2074.39990234375,14155,0.0,0.0,GODREJPROP.NS
2025-11-25 14:00:00+05:30,2075.0,2084.0,2074.300048828125,2084.0,20691,0.0,0.0,GODREJPROP.NS
2025-11-25 14:15:00+05:30,2082.89990234375,2088.800048828125,2081.10009765625,2083.60009765625,34060,0.0,0.0,GODREJPROP.NS
2025-11-25 14:30:00+05:30,2082.5,2094.300048828125,2082.10009765625,2093.699951171875,20679,0.0,0.0,GODREJPROP.NS
2025-11-25 14:45:00+05:30,2093.199951171875,2099.89990234375,2090.10009765625,2090.5,35589,0.0,0.0,GODREJPROP.NS
2025-11-25 15:00:00+05:30,2091.199951171875,2096.5,2091.199951171875,2094.300048828125,39776,0.0,0.0,GODREJPROP.NS
2025-11-25 15:15:00+05:30,2094.5,2095.800048828125,2090.0,2094.0,51795,0.0,0.0,GODREJPROP.NS
2025-11-26 09:15:00+05:30,2088.199951171875,2094.89990234375,2080.60009765625,2083.10009765625,17135,0.0,0.0,GODREJPROP.NS
2025-11-26 09:30:00+05:30,2083.699951171875,2091.300048828125,2083.699951171875,2090.199951171875,25794,0.0,0.0,GODREJPROP.NS
2025-11-26 09:45:00+05:30,2090.89990234375,2106.0,2090.10009765625,2104.199951171875,40105,0.0,0.0,GODREJPROP.NS
2025-11-26 10:00:00+05:30,2104.300048828125,2112.0,2103.39990234375,2107.0,25730,0.0,0.0,GODREJPROP.NS
2025-11-26 10:15:00+05:30,2107.199951171875,2109.199951171875,2100.0,2101.0,12989,0.0,0.0,GODREJPROP.NS
2025-11-26 10:30:00+05:30,2101.10009765625,2104.300048828125,2098.800048828125,2101.699951171875,13393,0.0,0.0,GODREJPROP.NS
2025-11-26 10:45:00+05:30,2101.699951171875,2105.60009765625,2100.0,2102.39990234375,12342,0.0,0.0,GODREJPROP.NS
2025-11-26 11:00:00+05:30,2103.60009765625,2105.800048828125,2095.60009765625,2095.89990234375,9792,0.0,0.0,GODREJPROP.NS
2025-11-26 11:15:00+05:30,2096.89990234375,2106.199951171875,2095.800048828125,2105.60009765625,13021,0.0,0.0,GODREJPROP.NS
2025-11-26 11:30:00+05:30,2104.0,2106.0,2103.199951171875,2105.800048828125,3880,0.0,0.0,GODREJPROP.NS
2025-11-26 11:45:00+05:30,2105.0,2108.300048828125,2103.5,2107.5,10486,0.0,0.0,GODREJPROP.NS
2025-11-26 12:00:00+05:30,2107.699951171875,2114.800048828125,2106.39990234375,2111.89990234375,7303,0.0,0.0,GODREJPROP.NS
2025-11-26 12:15:00+05:30,2110.800048828125,2110.800048828125,2106.5,2108.89990234375,7663,0.0,0.0,GODREJPROP.NS
2025-11-26 12:30:00+05:30,2109.0,2109.800048828125,2104.0,2107.10009765625,8271,0.0,0.0,GODREJPROP.NS
2025-11-26 12:45:00+05:30,2106.0,2107.60009765625,2105.0,2105.800048828125,4367,0.0,0.0,GODREJPROP.NS
2025-11-26 13:00:00+05:30,2105.0,2109.10009765625,2105.0,2107.199951171875,4677,0.0,0.0,GODREJPROP.NS
2025-11-26 13:15:00+05:30,2106.89990234375,2114.800048828125,2106.39990234375,2112.39990234375,15043,0.0,0.0,GODREJPROP.NS
2025-11-26 13:30:00+05:30,2112.199951171875,2116.0,2111.0,2114.699951171875,19501,0.0,0.0,GODREJPROP.NS
2025-11-26 13:45:00+05:30,2114.60009765625,2117.5,2112.0,2112.699951171875,16492,0.0,0.0,GODREJPROP.NS
2025-11-26 14:00:00+05:30,2112.60009765625,2117.89990234375,2112.300048828125,2117.89990234375,14196,0.0,0.0,GODREJPROP.NS
2025-11-26 14:15:00+05:30,2118.0,2118.699951171875,2111.300048828125,2112.199951171875,17019,0.0,0.0,GODREJPROP.NS
2025-11-26 14:30:00+05:30,2112.300048828125,2116.800048828125,2107.199951171875,2108.0,20926,0.0,0.0,GODREJPROP.NS
2025-11-26 14:45:00+05:30,2108.0,2111.60009765625,2104.60009765625,2108.89990234375,27627,0.0,0.0,GODREJPROP.NS
2025-11-26 15:00:00+05:30,2109.5,2117.5,2109.5,2117.5,30823,0.0,0.0,GODREJPROP.NS
2025-11-26 15:15:00+05:30,2117.5,2117.800048828125,2110.0,2113.0,31853,0.0,0.0,GODREJPROP.NS
2025-11-27 09:15:00+05:30,2114.39990234375,2116.5,2106.699951171875,2111.699951171875,6080,0.0,0.0,GODREJPROP.NS
2025-11-27 09:30:00+05:30,2108.199951171875,2110.800048828125,2101.5,2104.5,11201,0.0,0.0,GODREJPROP.NS
2025-11-27 09:45:00+05:30,2103.699951171875,2117.699951171875,2102.10009765625,2116.800048828125,11962,0.0,0.0,GODREJPROP.NS
2025-11-27 10:00:00+05:30,2117.0,2118.0,2109.800048828125,2112.10009765625,10196,0.0,0.0,GODREJPROP.NS
2025-11-27 10:15:00+05:30,2111.89990234375,2113.0,2101.10009765625,2102.60009765625,10331,0.0,0.0,GODREJPROP.NS
2025-11-27 10:30:00+05:30,2102.699951171875,2112.5,2101.0,2110.300048828125,11799,0.0,0.0,GODREJPROP.NS
2025-11-27 10:45:00+05:30,2110.300048828125,2117.5,2110.300048828125,2111.0,12568,0.0,0.0,GODREJPROP.NS
2025-11-27 11:00:00+05:30,2111.0,2113.10009765625,2110.199951171875,2111.10009765625,4634,0.0,0.0,GODREJPROP.NS
2025-11-27 11:15:00+05:30,2111.5,2115.800048828125,2108.0,2115.10009765625,10909,0.0,0.0,GODREJPROP.NS
2025-11-27 11:30:00+05:30,2115.0,2117.800048828125,2114.300048828125,2117.0,9735,0.0,0.0,GODREJPROP.NS
2025-11-27 11:45:00+05:30,2117.0,2117.300048828125,2113.199951171875,2115.300048828125,24801,0.0,0.0,GODREJPROP.NS
2025-11-27 12:00:00+05:30,2115.10009765625,2115.199951171875,2110.300048828125,2111.699951171875,8684,0.0,0.0,GODREJPROP.NS
2025-11-27 12:15:00+05:30,2112.300048828125,2112.5,2102.10009765625,2102.800048828125,8239,0.0,0.0,GODREJPROP.NS
2025-11-27 12:30:00+05:30,2103.0,2103.699951171875,2095.699951171875,2099.39990234375,21164,0.0,0.0,GODREJPROP.NS
2025-11-27 12:45:00+05:30,2099.39990234375,2102.300048828125,2097.89990234375,2102.0,10166,0.0,0.0,GODREJPROP.NS
2025-11-27 13:00:00+05:30,2102.0,2102.10009765625,2092.199951171875,2092.199951171875,5183,0.0,0.0,GODREJPROP.NS
2025-11-27 13:15:00+05:30,2092.0,2097.199951171875,2088.60009765625,2089.89990234375,10258,0.0,0.0,GODREJPROP.NS
2025-11-27 13:30:00+05:30,2089.300048828125,2092.300048828125,2086.699951171875,2089.699951171875,7566,0.0,0.0,GODREJPROP.NS
2025-11-27 13:45:00+05:30,2089.800048828125,2096.39990234375,2088.89990234375,2095.89990234375,6756,0.0,0.0,GODREJPROP.NS
2025-11-27 14:00:00+05:30,2096.199951171875,2097.0,2093.699951171875,2095.60009765625,5090,0.0,0.0,GODREJPROP.NS
2025-11-27 14:15:00+05:30,2095.60009765625,2099.89990234375,2094.800048828125,2097.0,7688,0.0,0.0,GODREJPROP.NS
2025-11-27 14:30:00+05:30,2096.0,2099.0,2095.10009765625,2097.39990234375,4704,0.0,0.0,GODREJPROP.NS
2025-11-27 14:45:00+05:30,2096.800048828125,2097.39990234375,2088.300048828125,2091.300048828125,10784,0.0,0.0,GODREJPROP.NS
2025-11-27 15:00:00+05:30,2091.300048828125,2097.39990234375,2089.300048828125,2096.699951171875,13462,0.0,0.0,GODREJPROP.NS
2025-11-27 15:15:00+05:30,2097.39990234375,2099.800048828125,2094.0,2099.0,27288,0.0,0.0,GODREJPROP.NS
2025-11-28 09:15:00+05:30,2129.0,2129.0,2102.800048828125,2111.89990234375,9087,0.0,0.0,GODREJPROP.NS
2025-11-28 09:30:00+05:30,2111.60009765625,2121.5,2110.300048828125,2114.699951171875,20919,0.0,0.0,GODREJPROP.NS
2025-11-28 09:45:00+05:30,2113.0,2113.0,2104.60009765625,2104.60009765625,10877,0.0,0.0,GODREJPROP.NS
2025-11-28 10:00:00+05:30,2104.5,2112.39990234375,2102.39990234375,2103.699951171875,9385,0.0,0.0,GODREJPROP.NS
2025-11-28 10:15:00+05:30,2103.699951171875,2103.89990234375,2095.0,2097.0,12118,0.0,0.0,GODREJPROP.NS
2025-11-28 10:30:00+05:30,2097.39990234375,2110.0,2097.10009765625,2106.10009765625,13379,0.0,0.0,GODREJPROP.NS
2025-11-28 10:45:00+05:30,2106.800048828125,2114.10009765625,2105.800048828125,2113.5,14354,0.0,0.0,GODREJPROP.NS
2025-11-28 11:00:00+05:30,2112.60009765625,2120.10009765625,2110.199951171875,2115.60009765625,12649,0.0,0.0,GODREJPROP.NS
2025-11-28 11:15:00+05:30,2115.60009765625,2118.699951171875,2113.800048828125,2117.39990234375,11103,0.0,0.0,GODREJPROP.NS
2025-11-28 11:30:00+05:30,2117.10009765625,2118.0,2113.0,2113.10009765625,4677,0.0,0.0,GODREJPROP.NS
2025-11-28 11:45:00+05:30,2113.300048828125,2117.800048828125,2103.699951171875,2103.800048828125,9216,0.0,0.0,GODREJPROP.NS
2025-11-28 12:00:00+05:30,2105.300048828125,2113.0,2103.39990234375,2103.39990234375,7695,0.0,0.0,GODREJPROP.NS
2025-11-28 12:15:00+05:30,2103.699951171875,2111.5,2100.39990234375,2111.5,9390,0.0,0.0,GODREJPROP.NS
2025-11-28 12:30:00+05:30,2111.699951171875,2111.699951171875,2109.0,2109.800048828125,2608,0.0,0.0,GODREJPROP.NS
2025-11-28 12:45:00+05:30,2109.0,2110.0,2105.0,2106.0,7487,0.0,0.0,GODREJPROP.NS
2025-11-28 13:00:00+05:30,2106.800048828125,2106.800048828125,2105.0,2105.5,596,0.0,0.0,GODREJPROP.NS
2025-11-28 13:15:00+05:30,2105.0,2105.60009765625,2100.0,2101.0,9971,0.0,0.0,GODREJPROP.NS
2025-11-28 13:30:00+05:30,2101.0,2105.5,2100.800048828125,2105.0,4492,0.0,0.0,GODREJPROP.NS
2025-11-28 13:45:00+05:30,2105.0,2106.0,2105.0,2105.39990234375,5172,0.0,0.0,GODREJPROP.NS
2025-11-28 14:00:00+05:30,2105.39990234375,2108.800048828125,2105.10009765625,2106.10009765625,9609,0.0,0.0,GODREJPROP.NS
2025-11-28 14:15:00+05:30,2106.0,2108.800048828125,2105.5,2108.800048828125,2488,0.0,0.0,GODREJPROP.NS
2025-11-28 14:30:00+05:30,2108.0,2109.199951171875,2108.0,2108.199951171875,2745,0.0,0.0,GODREJPROP.NS
2025-11-28 14:45:00+05:30,2108.89990234375,2109.800048828125,2108.0,2108.800048828125,3464,0.0,0.0,GODREJPROP.NS
2025-11-28 15:00:00+05:30,2108.199951171875,2115.0,2108.199951171875,2112.89990234375,31797,0.0,0.0,GODREJPROP.NS
2025-11-28 15:15:00+05:30,2113.0,2118.0,2107.0,2114.60009765625,52423,0.0,0.0,GODREJPROP.NS
2025-12-01 09:15:00+05:30,2120.699951171875,2125.699951171875,2111.39990234375,2115.0,18073,0.0,0.0,GODREJPROP.NS
2025-12-01 09:30:00+05:30,2113.89990234375,2118.699951171875,2108.199951171875,2116.10009765625,19106,0.0,0.0,GODREJPROP.NS
2025-12-01 09:45:00+05:30,2116.89990234375,2117.199951171875,2111.199951171875,2115.5,7879,0.0,0.0,GODREJPROP.NS
2025-12-01 10:00:00+05:30,2115.0,2121.300048828125,2115.0,2118.60009765625,10645,0.0,0.0,GODREJPROP.NS
2025-12-01 10:15:00+05:30,2117.699951171875,2119.199951171875,2111.5,2115.60009765625,17576,0.0,0.0,GODREJPROP.NS
2025-12-01 10:30:00+05:30,2115.39990234375,2117.89990234375,2108.10009765625,2113.10009765625,17371,0.0,0.0,GODREJPROP.NS
2025-12-01 10:45:00+05:30,2113.0,2113.0,2105.699951171875,2108.89990234375,9196,0.0,0.0,GODREJPROP.NS
2025-12-01 11:00:00+05:30,2108.10009765625,2111.89990234375,2107.699951171875,2107.699951171875,3758,0.0,0.0,GODREJPROP.NS
2025-12-01 11:15:00+05:30,2107.60009765625,2110.300048828125,2107.60009765625,2109.0,1963,0.0,0.0,GODREJPROP.NS
2025-12-01 11:30:00+05:30,2109.60009765625,2110.0,2099.0,2099.10009765625,7659,0.0,0.0,GODREJPROP.NS
2025-12-01 11:45:00+05:30,2093.199951171875,2096.39990234375,2082.199951171875,2082.199951171875,21674,0.0,0.0,GODREJPROP.NS
2025-12-01 12:00:00+05:30,2083.0,2085.300048828125,2074.89990234375,2082.699951171875,13869,0.0,0.0,GODREJPROP.NS
2025-12-01 12:15:00+05:30,2082.199951171875,2099.0,2077.199951171875,2097.0,18390,0.0,0.0,GODREJPROP.NS
2025-12-01 12:30:00+05:30,2097.0,2097.0,2090.699951171875,2093.89990234375,7262,0.0,0.0,GODREJPROP.NS
2025-12-01 12:45:00+05:30,2095.0,2100.699951171875,2094.39990234375,2098.300048828125,5653,0.0,0.0,GODREJPROP.NS
2025-12-01 13:00:00+05:30,2098.300048828125,2098.800048828125,2093.39990234375,2096.5,3600,0.0,0.0,GODREJPROP.NS
2025-12-01 13:15:00+05:30,2096.10009765625,2098.5,2092.0,2092.0,5398,0.0,0.0,GODREJPROP.NS
2025-12-01 13:30:00+05:30,2092.5,2100.0,2091.0,2100.0,3932,0.0,0.0,GODREJPROP.NS
2025-12-01 13:45:00+05:30,2099.5,2101.199951171875,2098.0,2100.0,7225,0.0,0.0,GODREJPROP.NS
2025-12-01 14:00:00+05:30,2100.0,2104.39990234375,2100.0,2100.0,5264,0.0,0.0,GODREJPROP.NS
2025-12-01 14:15:00+05:30,2099.800048828125,2102.39990234375,2097.89990234375,2100.800048828125,12086,0.0,0.0,GODREJPROP.NS
2025-12-01 14:30:00+05:30,2102.60009765625,2107.0,2098.0,2099.60009765625,12111,0.0,0.0,GODREJPROP.NS
2025-12-01 14:45:00+05:30,2099.699951171875,2100.0,2085.0,2089.800048828125,24502,0.0,0.0,GODREJPROP.NS
2025-12-01 15:00:00+05:30,2090.800048828125,2099.60009765625,2090.699951171875,2098.5,18982,0.0,0.0,GODREJPROP.NS
2025-12-01 15:15:00+05:30,2098.39990234375,2099.800048828125,2085.0,2096.5,25311,0.0,0.0,GODREJPROP.NS
2025-12-02 09:15:00+05:30,2092.0,2109.5,2089.10009765625,2100.0,24088,0.0,0.0,GODREJPROP.NS
2025-12-02 09:30:00+05:30,2100.800048828125,2102.60009765625,2095.10009765625,2098.10009765625,15899,0.0,0.0,GODREJPROP.NS
2025-12-02 09:45:00+05:30,2098.60009765625,2101.60009765625,2095.10009765625,2097.39990234375,15766,0.0,0.0,GODREJPROP.NS
2025-12-02 10:00:00+05:30,2097.5,2099.0,2085.10009765625,2090.199951171875,18784,0.0,0.0,GODREJPROP.NS
2025-12-02 10:15:00+05:30,2090.199951171875,2094.60009765625,2089.10009765625,2091.10009765625,12453,0.0,0.0,GODREJPROP.NS
2025-12-02 10:30:00+05:30,2091.0,2095.0,2090.60009765625,2092.5,8513,0.0,0.0,GODREJPROP.NS
2025-12-02 10:45:00+05:30,2092.0,2097.89990234375,2091.5,2096.5,9645,0.0,0.0,GODREJPROP.NS
2025-12-02 11:00:00+05:30,2096.5,2097.60009765625,2094.0,2095.60009765625,6407,0.0,0.0,GODREJPROP.NS
2025-12-02 11:15:00+05:30,2094.89990234375,2095.5,2090.199951171875,2091.39990234375,8635,0.0,0.0,GODREJPROP.NS
2025-12-02 11:30:00+05:30,2090.0,2094.10009765625,2090.0,2090.0,4426,0.0,0.0,GODREJPROP.NS
2025-12-02 11:45:00+05:30,2090.0,2094.5,2088.0,2090.300048828125,14966,0.0,0.0,GODREJPROP.NS
2025-12-02 12:00:00+05:30,2090.89990234375,2094.10009765625,2089.10009765625,2091.0,5973,0.0,0.0,GODREJPROP.NS
2025-12-02 12:15:00+05:30,2091.0,2094.0,2089.39990234375,2091.699951171875,12634,0.0,0.0,GODREJPROP.NS
2025-12-02 12:30:00+05:30,2091.699951171875,2094.39990234375,2090.300048828125,2092.0,7001,0.0,0.0,GODREJPROP.NS
2025-12-02 12:45:00+05:30,2092.10009765625,2094.60009765625,2089.199951171875,2091.300048828125,7591,0.0,0.0,GODREJPROP.NS
2025-12-02 13:00:00+05:30,2091.300048828125,2094.300048828125,2088.0,2089.39990234375,15185,0.0,0.0,GODREJPROP.NS
2025-12-02 13:15:00+05:30,2089.39990234375,2091.39990234375,2087.300048828125,2089.89990234375,6454,0.0,0.0,GODREJPROP.NS
2025-12-02 13:30:00+05:30,2089.89990234375,2092.199951171875,2089.0,2090.300048828125,4487,0.0,0.0,GODREJPROP.NS
2025-12-02 13:45:00+05:30,2091.699951171875,2099.800048828125,2091.10009765625,2098.39990234375,8223,0.0,0.0,GODREJPROP.NS
2025-12-02 14:00:00+05:30,2098.39990234375,2109.0,2096.5,2103.5,15095,0.0,0.0,GODREJPROP.NS
2025-12-02 14:15:00+05:30,2104.39990234375,2107.699951171875,2099.39990234375,2099.39990234375,15816,0.0,0.0,GODREJPROP.NS
2025-12-02 14:30:00+05:30,2099.39990234375,2099.39990234375,2092.60009765625,2093.5,18402,0.0,0.0,GODREJPROP.NS
2025-12-02 14:45:00+05:30,2093.5,2094.89990234375,2090.0,2092.60009765625,18761,0.0,0.0,GODREJPROP.NS
2025-12-02 15:00:00+05:30,2094.0,2100.0,2093.800048828125,2097.39990234375,43798,0.0,0.0,GODREJPROP.NS
2025-12-02 15:15:00+05:30,2096.10009765625,2102.89990234375,2096.0,2097.60009765625,49601,0.0,0.0,GODREJPROP.NS
2025-12-03 09:15:00+05:30,2097.60009765625,2097.60009765625,2086.60009765625,2087.699951171875,10531,0.0,0.0,GODREJPROP.NS
2025-12-03 09:30:00+05:30,2088.0,2089.699951171875,2079.10009765625,2082.0,8441,0.0,0.0,GODREJPROP.NS
2025-12-03 09:45:00+05:30,2082.0,2088.800048828125,2080.0,2080.800048828125,5862,0.0,0.0,GODREJPROP.NS
2025-12-03 10:00:00+05:30,2080.800048828125,2080.800048828125,2064.10009765625,2065.10009765625,21262,0.0,0.0,GODREJPROP.NS
2025-12-03 10:15:00+05:30,2065.0,2074.89990234375,2061.89990234375,2068.89990234375,26036,0.0,0.0,GODREJPROP.NS
2025-12-03 10:30:00+05:30,2068.199951171875,2072.0,2065.0,2065.5,16689,0.0,0.0,GODREJPROP.NS
2025-12-03 10:45:00+05:30,2066.10009765625,2069.10009765625,2061.10009765625,2062.10009765625,10847,0.0,0.0,GODREJPROP.NS
2025-12-03 11:00:00+05:30,2062.199951171875,2065.5,2059.39990234375,2063.5,8310,0.0,0.0,GODREJPROP.NS
2025-12-03 11:15:00+05:30,2063.199951171875,2064.60009765625,2057.699951171875,2061.199951171875,6913,0.0,0.0,GODREJPROP.NS
2025-12-03 11:30:00+05:30,2062.0,2066.5,2060.0,2066.300048828125,6831,0.0,0.0,GODREJPROP.NS
2025-12-03 11:45:00+05:30,2066.5,2078.300048828125,2065.10009765625,2076.5,11395,0.0,0.0,GODREJPROP.NS
2025-12-03 12:00:00+05:30,2076.5,2082.0,2070.10009765625,2079.10009765625,16677,0.0,0.0,GODREJPROP.NS
2025-12-03 12:15:00+05:30,2079.39990234375,2080.5,2073.10009765625,2074.699951171875,6445,0.0,0.0,GODREJPROP.NS
2025-12-03 12:30:00+05:30,2075.10009765625,2078.199951171875,2071.800048828125,2075.0,5075,0.0,0.0,GODREJPROP.NS
2025-12-03 12:45:00+05:30,2075.5,2078.800048828125,2073.89990234375,2074.89990234375,3467,0.0,0.0,GODREJPROP.NS
2025-12-03 13:00:00+05:30,2074.800048828125,2078.300048828125,2073.0,2073.0,13089,0.0,0.0,GODREJPROP.NS
2025-12-03 13:15:00+05:30,2073.0,2075.60009765625,2065.89990234375,2067.5,15079,0.0,0.0,GODREJPROP.NS
2025-12-03 13:30:00+05:30,2067.300048828125,2068.89990234375,2063.89990234375,2064.699951171875,6783,0.0,0.0,GODREJPROP.NS
2025-12-03 13:45:00+05:30,2065.39990234375,2066.5,2060.89990234375,2064.199951171875,5705,0.0,0.0,GODREJPROP.NS
2025-12-03 14:00:00+05:30,2062.89990234375,2064.5,2061.39990234375,2062.300048828125,3470,0.0,0.0,GODREJPROP.NS
2025-12-03 14:15:00+05:30,2062.800048828125,2064.39990234375,2060.5,2061.0,4373,0.0,0.0,GODREJPROP.NS
2025-12-03 14:30:00+05:30,2061.0,2062.5,2058.800048828125,2059.5,10440,0.0,0.0,GODREJPROP.NS
2025-12-03 14:45:00+05:30,2060.10009765625,2063.5,2058.60009765625,2062.300048828125,8606,0.0,0.0,GODREJPROP.NS
2025-12-03 15:00:00+05:30,2063.699951171875,2073.60009765625,2061.699951171875,2068.89990234375,26687,0.0,0.0,GODREJPROP.NS
2025-12-03 15:15:00+05:30,2068.300048828125,2071.699951171875,2064.10009765625,2067.800048828125,26568,0.0,0.0,GODREJPROP.NS
2025-12-04 09:15:00+05:30,2065.0,2077.0,2064.800048828125,2076.699951171875,14320,0.0,0.0,GODREJPROP.NS
2025-12-04 09:30:00+05:30,2076.699951171875,2084.10009765625,2073.5,2077.699951171875,18758,0.0,0.0,GODREJPROP.NS
2025-12-04 09:45:00+05:30,2077.89990234375,2082.5,2068.199951171875,2073.199951171875,34415,0.0,0.0,GODREJPROP.NS
2025-12-04 10:00:00+05:30,2072.60009765625,2077.0,2071.300048828125,2074.5,18705,0.0,0.0,GODREJPROP.NS
2025-12-04 10:15:00+05:30,2074.60009765625,2082.800048828125,2072.60009765625,2079.5,11306,0.0,0.0,GODREJPROP.NS
2025-12-04 10:30:00+05:30,2079.199951171875,2082.89990234375,2078.300048828125,2079.5,13918,0.0,0.0,GODREJPROP.NS
2025-12-04 10:45:00+05:30,2079.5,2085.0,2077.5,2083.39990234375,10086,0.0,0.0,GODREJPROP.NS
2025-12-04 11:00:00+05:30,2083.39990234375,2089.800048828125,2083.0,2085.89990234375,20432,0.0,0.0,GODREJPROP.NS
2025-12-04 11:15:00+05:30,2085.800048828125,2086.0,2081.0,2083.10009765625,6844,0.0,0.0,GODREJPROP.NS
2025-12-04 11:30:00+05:30,2082.60009765625,2087.60009765625,2082.300048828125,2084.300048828125,7506,0.0,0.0,GODREJPROP.NS
2025-12-04 11:45:00+05:30,2084.800048828125,2096.0,2081.699951171875,2091.10009765625,14821,0.0,0.0,GODREJPROP.NS
2025-12-04 12:00:00+05:30,2091.5,2094.0,2086.699951171875,2089.10009765625,6181,0.0,0.0,GODREJPROP.NS
2025-12-04 12:15:00+05:30,2088.89990234375,2092.0,2086.10009765625,2086.89990234375,8226,0.0,0.0,GODREJPROP.NS
2025-12-04 12:30:00+05:30,2086.89990234375,2103.0,2086.89990234375,2098.5,15343,0.0,0.0,GODREJPROP.NS
2025-12-04 12:45:00+05:30,2098.800048828125,2100.39990234375,2093.300048828125,2097.199951171875,13240,0.0,0.0,GODREJPROP.NS
2025-12-04 13:00:00+05:30,2096.800048828125,2100.0,2095.5,2096.89990234375,5877,0.0,0.0,GODREJPROP.NS
2025-12-04 13:15:00+05:30,2096.89990234375,2098.60009765625,2089.60009765625,2089.60009765625,14001,0.0,0.0,GODREJPROP.NS
2025-12-04 13:30:00+05:30,2089.89990234375,2092.10009765625,2080.300048828125,2083.699951171875,10502,0.0,0.0,GODREJPROP.NS
2025-12-04 13:45:00+05:30,2083.199951171875,2085.60009765625,2081.199951171875,2083.199951171875,5507,0.0,0.0,GODREJPROP.NS
2025-12-04 14:00:00+05:30,2083.199951171875,2087.699951171875,2082.0,2083.10009765625,8999,0.0,0.0,GODREJPROP.NS
2025-12-04 14:15:00+05:30,2083.10009765625,2083.89990234375,2082.10009765625,2083.199951171875,4654,0.0,0.0,GODREJPROP.NS
2025-12-04 14:30:00+05:30,2082.800048828125,2084.199951171875,2078.199951171875,2078.89990234375,21180,0.0,0.0,GODREJPROP.NS
2025-12-04 14:45:00+05:30,2078.89990234375,2080.5,2076.199951171875,2079.89990234375,15302,0.0,0.0,GODREJPROP.NS
2025-12-04 15:00:00+05:30,2080.5,2082.10009765625,2079.39990234375,2079.89990234375,18972,0.0,0.0,GODREJPROP.NS
2025-12-04 15:15:00+05:30,2079.699951171875,2080.800048828125,2075.800048828125,2075.800048828125,26908,0.0,0.0,GODREJPROP.NS
2025-12-05 09:15:00+05:30,2080.0,2086.0,2069.5,2082.0,18575,0.0,0.0,GODREJPROP.NS
2025-12-05 09:30:00+05:30,2081.0,2081.699951171875,2074.5,2076.89990234375,14053,0.0,0.0,GODREJPROP.NS
2025-12-05 09:45:00+05:30,2076.199951171875,2078.89990234375,2062.800048828125,2067.5,21723,0.0,0.0,GODREJPROP.NS
2025-12-05 10:00:00+05:30,2067.300048828125,2112.0,2066.800048828125,2112.0,81338,0.0,0.0,GODREJPROP.NS
2025-12-05 10:15:00+05:30,2111.199951171875,2117.0,2092.5,2094.39990234375,44816,0.0,0.0,GODREJPROP.NS
2025-12-05 10:30:00+05:30,2094.39990234375,2094.89990234375,2079.699951171875,2088.10009765625,27356,0.0,0.0,GODREJPROP.NS
2025-12-05 10:45:00+05:30,2088.39990234375,2104.60009765625,2086.300048828125,2096.0,24267,0.0,0.0,GODREJPROP.NS
2025-12-05 11:00:00+05:30,2096.89990234375,2110.800048828125,2095.0,2107.300048828125,27432,0.0,0.0,GODREJPROP.NS
2025-12-05 11:15:00+05:30,2107.199951171875,2109.0,2099.0,2100.800048828125,20352,0.0,0.0,GODREJPROP.NS
2025-12-05 11:30:00+05:30,2100.800048828125,2103.5,2096.10009765625,2097.0,13187,0.0,0.0,GODREJPROP.NS
2025-12-05 11:45:00+05:30,2097.0,2099.300048828125,2084.0,2085.0,17553,0.0,0.0,GODREJPROP.NS
2025-12-05 12:00:00+05:30,2085.39990234375,2091.0,2083.39990234375,2083.699951171875,7936,0.0,0.0,GODREJPROP.NS
2025-12-05 12:15:00+05:30,2083.39990234375,2085.800048828125,2081.60009765625,2082.300048828125,7867,0.0,0.0,GODREJPROP.NS
2025-12-05 12:30:00+05:30,2082.39990234375,2091.39990234375,2082.39990234375,2089.300048828125,8279,0.0,0.0,GODREJPROP.NS
2025-12-05 12:45:00+05:30,2089.60009765625,2092.5,2087.800048828125,2089.5,8971,0.0,0.0,GODREJPROP.NS
2025-12-05 13:00:00+05:30,2089.800048828125,2092.5,2087.10009765625,2087.10009765625,8463,0.0,0.0,GODREJPROP.NS
2025-12-05 13:15:00+05:30,2087.89990234375,2090.89990234375,2085.39990234375,2089.699951171875,6125,0.0,0.0,GODREJPROP.NS
2025-12-05 13:30:00+05:30,2089.699951171875,2089.699951171875,2086.300048828125,2087.10009765625,6747,0.0,0.0,GODREJPROP.NS
2025-12-05 13:45:00+05:30,2087.0,2087.0,2080.199951171875,2082.300048828125,11178,0.0,0.0,GODREJPROP.NS
2025-12-05 14:00:00+05:30,2081.5,2085.60009765625,2078.5,2082.699951171875,8633,0.0,0.0,GODREJPROP.NS
2025-12-05 14:15:00+05:30,2082.699951171875,2087.60009765625,2082.699951171875,2085.5,6325,0.0,0.0,GODREJPROP.NS
2025-12-05 14:30:00+05:30,2086.0,2087.60009765625,2074.0,2074.5,8791,0.0,0.0,GODREJPROP.NS
2025-12-05 14:45:00+05:30,2074.5,2075.39990234375,2068.0,2074.0,13577,0.0,0.0,GODREJPROP.NS
2025-12-05 15:00:00+05:30,2075.39990234375,2084.89990234375,2075.39990234375,2082.300048828125,32508,0.0,0.0,GODREJPROP.NS
2025-12-05 15:15:00+05:30,2082.800048828125,2084.800048828125,2081.10009765625,2082.39990234375,38458,0.0,0.0,GODREJPROP.NS
2025-12-08 09:15:00+05:30,2080.0,2080.0,2050.0,2051.0,32071,0.0,0.0,GODREJPROP.NS
2025-12-08 09:30:00+05:30,2050.800048828125,2053.0,2031.5999755859373,2033.699951171875,59812,0.0,0.0,GODREJPROP.NS
2025-12-08 09:45:00+05:30,2033.199951171875,2034.4000244140625,2021.199951171875,2023.800048828125,36258,0.0,0.0,GODREJPROP.NS
2025-12-08 10:00:00+05:30,2023.699951171875,2025.0999755859373,2016.5,2020.5,36722,0.0,0.0,GODREJPROP.NS
2025-12-08 10:15:00+05:30,2024.0999755859373,2030.300048828125,2022.4000244140625,2024.5,24852,0.0,0.0,GODREJPROP.NS
2025-12-08 10:30:00+05:30,2024.5999755859373,2025.9000244140625,2011.800048828125,2012.0,31817,0.0,0.0,GODREJPROP.NS
2025-12-08 10:45:00+05:30,2012.300048828125,2014.4000244140625,2004.300048828125,2004.300048828125,39668,0.0,0.0,GODREJPROP.NS
2025-12-08 11:00:00+05:30,2004.5,2006.9000244140625,2000.5999755859373,2001.4000244140625,32261,0.0,0.0,GODREJPROP.NS
2025-12-08 11:15:00+05:30,2001.5,2003.5,1995.0,1996.300048828125,41763,0.0,0.0,GODREJPROP.NS
2025-12-08 11:30:00+05:30,1997.300048828125,2003.0,1995.0,2002.800048828125,19520,0.0,0.0,GODREJPROP.NS
2025-12-08 11:45:00+05:30,2004.5,2004.5,1988.4000244140625,1990.0,34308,0.0,0.0,GODREJPROP.NS
2025-12-08 12:00:00+05:30,1990.0,1990.699951171875,1982.0999755859373,1984.0,25845,0.0,0.0,GODREJPROP.NS
2025-12-08 12:15:00+05:30,1983.5,1987.0,1980.5999755859373,1981.0999755859373,17178,0.0,0.0,GODREJPROP.NS
2025-12-08 12:30:00+05:30,1981.4000244140625,1982.4000244140625,1970.699951171875,1973.199951171875,30351,0.0,0.0,GODREJPROP.NS
2025-12-08 12:45:00+05:30,1972.0,1973.0,1966.300048828125,1967.0999755859373,30125,0.0,0.0,GODREJPROP.NS
2025-12-08 13:00:00+05:30,1967.0999755859373,1973.699951171875,1966.4000244140625,1969.0999755859373,29624,0.0,0.0,GODREJPROP.NS
2025-12-08 13:15:00+05:30,1969.800048828125,1969.800048828125,1958.199951171875,1959.5,39648,0.0,0.0,GODREJPROP.NS
2025-12-08 13:30:00+05:30,1960.199951171875,1961.199951171875,1956.0,1957.5,26746,0.0,0.0,GODREJPROP.NS
2025-12-08 13:45:00+05:30,1957.800048828125,1969.5999755859373,1957.0,1964.0999755859373,24354,0.0,0.0,GODREJPROP.NS
2025-12-08 14:00:00+05:30,1964.0999755859373,1965.800048828125,1960.0999755859373,1962.4000244140625,22519,0.0,0.0,GODREJPROP.NS
2025-12-08 14:15:00+05:30,1962.4000244140625,1964.0999755859373,1953.800048828125,1954.9000244140625,31944,0.0,0.0,GODREJPROP.NS
2025-12-08 14:30:00+05:30,1955.9000244140625,1956.800048828125,1950.0999755859373,1955.4000244140625,56526,0.0,0.0,GODREJPROP.NS
2025-12-08 14:45:00+05:30,1956.4000244140625,1964.800048828125,1953.699951171875,1959.5,68348,0.0,0.0,GODREJPROP.NS
2025-12-08 15:00:00+05:30,1959.5,1975.0999755859373,1959.5,1973.699951171875,93263,0.0,0.0,GODREJPROP.NS
2025-12-08 15:15:00+05:30,1973.0999755859373,1981.9000244140625,1973.0999755859373,1975.0999755859373,134232,0.0,0.0,GODREJPROP.NS
2025-12-09 09:15:00+05:30,1974.0999755859373,1976.0,1963.9000244140625,1968.800048828125,21861,0.0,0.0,GODREJPROP.NS
2025-12-09 09:30:00+05:30,1967.9000244140625,1967.9000244140625,1958.0,1958.199951171875,21961,0.0,0.0,GODREJPROP.NS
2025-12-09 09:45:00+05:30,1959.5,1963.300048828125,1952.0,1952.5,18011,0.0,0.0,GODREJPROP.NS
2025-12-09 10:00:00+05:30,1953.5999755859373,1973.0999755859373,1952.5,1971.300048828125,29684,0.0,0.0,GODREJPROP.NS
2025-12-09 10:15:00+05:30,1972.199951171875,1988.9000244140625,1972.199951171875,1988.9000244140625,35848,0.0,0.0,GODREJPROP.NS
2025-12-09 10:30:00+05:30,1988.9000244140625,1992.800048828125,1985.0,1991.0,69619,0.0,0.0,GODREJPROP.NS
2025-12-09 10:45:00+05:30,1992.0999755859373,2003.5,1990.199951171875,2000.300048828125,152639,0.0,0.0,GODREJPROP.NS
2025-12-09 11:00:00+05:30,2000.0,2016.0,1999.9000244140625,2011.0,43068,0.0,0.0,GODREJPROP.NS
2025-12-09 11:15:00+05:30,2010.5999755859373,2019.5999755859373,2010.0,2017.4000244140625,23185,0.0,0.0,GODREJPROP.NS
2025-12-09 11:30:00+05:30,2017.4000244140625,2026.5,2017.4000244140625,2024.4000244140625,45385,0.0,0.0,GODREJPROP.NS
2025-12-09 11:45:00+05:30,2024.0,2037.5,2018.800048828125,2035.0999755859373,45705,0.0,0.0,GODREJPROP.NS
2025-12-09 12:00:00+05:30,2035.0999755859373,2042.699951171875,2031.300048828125,2040.699951171875,28404,0.0,0.0,GODREJPROP.NS
2025-12-09 12:15:00+05:30,2040.699951171875,2048.800048828125,2038.5,2048.10009765625,55759,0.0,0.0,GODREJPROP.NS
2025-12-09 12:30:00+05:30,2048.10009765625,2051.0,2045.0,2046.300048828125,33152,0.0,0.0,GODREJPROP.NS
2025-12-09 12:45:00+05:30,2045.5,2046.5999755859373,2040.9000244140625,2041.5,52936,0.0,0.0,GODREJPROP.NS
2025-12-09 13:00:00+05:30,2042.0,2046.300048828125,2041.199951171875,2041.699951171875,14595,0.0,0.0,GODREJPROP.NS
2025-12-09 13:15:00+05:30,2043.0,2045.800048828125,2040.9000244140625,2044.4000244140625,15337,0.0,0.0,GODREJPROP.NS
2025-12-09 13:30:00+05:30,2045.0,2045.699951171875,2041.0,2041.9000244140625,70939,0.0,0.0,GODREJPROP.NS
2025-12-09 13:45:00+05:30,2041.0999755859373,2044.9000244140625,2035.0999755859373,2043.699951171875,60310,0.0,0.0,GODREJPROP.NS
2025-12-09 14:00:00+05:30,2042.9000244140625,2051.10009765625,2042.800048828125,2047.5,45485,0.0,0.0,GODREJPROP.NS
2025-12-09 14:15:00+05:30,2047.5,2048.300048828125,2042.0999755859373,2048.10009765625,52062,0.0,0.0,GODREJPROP.NS
2025-12-09 14:30:00+05:30,1975.0999755859373,2050.800048828125,1975.0999755859373,2047.199951171875,69528,0.0,0.0,GODREJPROP.NS
2025-12-09 14:45:00+05:30,2047.199951171875,2048.10009765625,2037.199951171875,2040.0,84036,0.0,0.0,GODREJPROP.NS
2025-12-09 15:00:00+05:30,2040.199951171875,2048.0,2040.199951171875,2044.5999755859373,133867,0.0,0.0,GODREJPROP.NS
2025-12-09 15:15:00+05:30,2044.5999755859373,2044.9000244140625,2038.0,2044.4000244140625,53588,0.0,0.0,GODREJPROP.NS
2025-12-10 09:15:00+05:30,2032.199951171875,2044.0,2025.0,2036.0999755859373,12906,0.0,0.0,GODREJPROP.NS
2025-12-10 09:30:00+05:30,2036.300048828125,2043.0999755859373,2035.4000244140625,2038.0,11081,0.0,0.0,GODREJPROP.NS
2025-12-10 09:45:00+05:30,2039.0,2039.5999755859373,2026.5999755859373,2027.0,14817,0.0,0.0,GODREJPROP.NS
2025-12-10 10:00:00+05:30,2026.5,2034.800048828125,2025.0,2032.199951171875,9374,0.0,0.0,GODREJPROP.NS
2025-12-10 10:15:00+05:30,2032.800048828125,2037.0,2030.9000244140625,2034.5999755859373,6600,0.0,0.0,GODREJPROP.NS
2025-12-10 10:30:00+05:30,2034.5999755859373,2036.5999755859373,2026.5,2027.0,8493,0.0,0.0,GODREJPROP.NS
2025-12-10 10:45:00+05:30,2026.699951171875,2028.9000244140625,2010.199951171875,2013.0,23671,0.0,0.0,GODREJPROP.NS
2025-12-10 11:00:00+05:30,2012.4000244140625,2020.5,2011.0999755859373,2019.4000244140625,9433,0.0,0.0,GODREJPROP.NS
2025-12-10 11:15:00+05:30,2020.199951171875,2027.5999755859373,2016.199951171875,2024.5,13101,0.0,0.0,GODREJPROP.NS
2025-12-10 11:30:00+05:30,2024.5999755859373,2026.800048828125,2022.0,2022.5999755859373,7084,0.0,0.0,GODREJPROP.NS
2025-12-10 11:45:00+05:30,2022.9000244140625,2022.9000244140625,2020.0,2021.699951171875,5921,0.0,0.0,GODREJPROP.NS
2025-12-10 12:00:00+05:30,2021.199951171875,2029.4000244140625,2021.0,2023.800048828125,12456,0.0,0.0,GODREJPROP.NS
2025-12-10 12:15:00+05:30,2024.300048828125,2024.300048828125,2020.0999755859373,2022.0999755859373,5515,0.0,0.0,GODREJPROP.NS
2025-12-10 12:30:00+05:30,2021.5999755859373,2022.5,2015.0,2015.4000244140625,14859,0.0,0.0,GODREJPROP.NS
2025-12-10 12:45:00+05:30,2015.5,2019.300048828125,2015.0,2016.5,4483,0.0,0.0,GODREJPROP.NS
2025-12-10 13:00:00+05:30,2017.0,2018.300048828125,2012.5,2016.300048828125,7735,0.0,0.0,GODREJPROP.NS
2025-12-10 13:15:00+05:30,2016.0,2023.300048828125,2015.5,2020.0,6905,0.0,0.0,GODREJPROP.NS
2025-12-10 13:30:00+05:30,2020.0,2020.0,2014.0999755859373,2015.0,6337,0.0,0.0,GODREJPROP.NS
2025-12-10 13:45:00+05:30,2015.0,2018.9000244140625,2013.699951171875,2015.800048828125,6619,0.0,0.0,GODREJPROP.NS
2025-12-10 14:00:00+05:30,2016.800048828125,2016.9000244140625,2007.300048828125,2009.800048828125,11720,0.0,0.0,GODREJPROP.NS
2025-12-10 14:15:00+05:30,2009.800048828125,2010.4000244140625,2005.199951171875,2009.300048828125,9674,0.0,0.0,GODREJPROP.NS
2025-12-10 14:30:00+05:30,2008.4000244140625,2010.9000244140625,2004.0,2004.800048828125,13399,0.0,0.0,GODREJPROP.NS
2025-12-10 14:45:00+05:30,2005.199951171875,2011.5,2001.0,2011.5,20954,0.0,0.0,GODREJPROP.NS
2025-12-10 15:00:00+05:30,2011.9000244140625,2018.300048828125,2010.5999755859373,2017.5999755859373,43254,0.0,0.0,GODREJPROP.NS
2025-12-10 15:15:00+05:30,2017.699951171875,2017.699951171875,2006.300048828125,2009.9000244140625,49102,0.0,0.0,GODREJPROP.NS
2025-12-11 09:15:00+05:30,2016.5,2018.0,2000.9000244140625,2013.800048828125,13466,0.0,0.0,GODREJPROP.NS
2025-12-11 09:30:00+05:30,2013.800048828125,2017.0,2002.5,2004.800048828125,11598,0.0,0.0,GODREJPROP.NS
2025-12-11 09:45:00+05:30,2005.300048828125,2013.300048828125,2005.0,2009.0,5037,0.0,0.0,GODREJPROP.NS
2025-12-11 10:00:00+05:30,2009.800048828125,2020.0,2006.5999755859373,2019.199951171875,10126,0.0,0.0,GODREJPROP.NS
2025-12-11 10:15:00+05:30,2020.0,2022.5,2016.5,2019.699951171875,9548,0.0,0.0,GODREJPROP.NS
2025-12-11 10:30:00+05:30,2020.0,2026.9000244140625,2019.0,2024.699951171875,16179,0.0,0.0,GODREJPROP.NS
2025-12-11 10:45:00+05:30,2027.199951171875,2030.0,2024.5999755859373,2026.0,8417,0.0,0.0,GODREJPROP.NS
2025-12-11 11:00:00+05:30,2025.4000244140625,2028.0,2013.4000244140625,2019.800048828125,8100,0.0,0.0,GODREJPROP.NS
2025-12-11 11:15:00+05:30,2019.800048828125,2023.300048828125,2017.800048828125,2018.0999755859373,1983,0.0,0.0,GODREJPROP.NS
2025-12-11 11:30:00+05:30,2018.300048828125,2021.0999755859373,2013.0999755859373,2017.300048828125,3240,0.0,0.0,GODREJPROP.NS
2025-12-11 11:45:00+05:30,2018.300048828125,2020.0,2014.5,2017.9000244140625,1742,0.0,0.0,GODREJPROP.NS
2025-12-11 12:00:00+05:30,2018.300048828125,2036.4000244140625,2018.300048828125,2034.0,14667,0.0,0.0,GODREJPROP.NS
2025-12-11 12:15:00+05:30,2034.199951171875,2040.800048828125,2034.199951171875,2037.5999755859373,7544,0.0,0.0,GODREJPROP.NS
2025-12-11 12:30:00+05:30,2037.0999755859373,2044.5,2034.0999755859373,2043.9000244140625,11678,0.0,0.0,GODREJPROP.NS
2025-12-11 12:45:00+05:30,2043.9000244140625,2046.800048828125,2035.0,2035.300048828125,6900,0.0,0.0,GODREJPROP.NS
2025-12-11 13:00:00+05:30,2035.9000244140625,2036.5,2028.0,2032.300048828125,8828,0.0,0.0,GODREJPROP.NS
2025-12-11 13:15:00+05:30,2032.300048828125,2036.699951171875,2031.5999755859373,2033.4000244140625,4672,0.0,0.0,GODREJPROP.NS
2025-12-11 13:30:00+05:30,2033.4000244140625,2041.800048828125,2033.300048828125,2036.5,6634,0.0,0.0,GODREJPROP.NS
2025-12-11 13:45:00+05:30,2036.4000244140625,2036.9000244140625,2032.5,2035.0,5247,0.0,0.0,GODREJPROP.NS
2025-12-11 14:00:00+05:30,2034.4000244140625,2035.300048828125,2031.5999755859373,2032.5,1812,0.0,0.0,GODREJPROP.NS
2025-12-11 14:15:00+05:30,2032.0,2038.300048828125,2031.0,2035.300048828125,3531,0.0,0.0,GODREJPROP.NS
2025-12-11 14:30:00+05:30,2035.5,2036.5999755859373,2025.800048828125,2027.0,5522,0.0,0.0,GODREJPROP.NS
2025-12-11 14:45:00+05:30,2027.0999755859373,2032.5999755859373,2025.5,2031.300048828125,3727,0.0,0.0,GODREJPROP.NS
2025-12-11 15:00:00+05:30,2034.699951171875,2038.0,2032.4000244140625,2032.5,13110,0.0,0.0,GODREJPROP.NS
2025-12-11 15:15:00+05:30,2035.0,2037.800048828125,2031.4000244140625,2037.300048828125,18610,0.0,0.0,GODREJPROP.NS
2025-12-12 09:15:00+05:30,2045.9000244140625,2070.0,2040.0,2066.699951171875,16106,0.0,0.0,GODREJPROP.NS
2025-12-12 09:30:00+05:30,2065.0,2078.89990234375,2063.199951171875,2078.89990234375,25648,0.0,0.0,GODREJPROP.NS
2025-12-12 09:45:00+05:30,2079.0,2079.199951171875,2070.0,2070.0,21351,0.0,0.0,GODREJPROP.NS
2025-12-12 10:00:00+05:30,2070.0,2073.0,2061.10009765625,2067.0,11487,0.0,0.0,GODREJPROP.NS
2025-12-12 10:15:00+05:30,2067.0,2068.89990234375,2058.60009765625,2063.10009765625,8492,0.0,0.0,GODREJPROP.NS
2025-12-12 10:30:00+05:30,2062.5,2069.800048828125,2058.10009765625,2058.39990234375,14675,0.0,0.0,GODREJPROP.NS
2025-12-12 10:45:00+05:30,2057.10009765625,2058.199951171875,2050.699951171875,2051.39990234375,11643,0.0,0.0,GODREJPROP.NS
2025-12-12 11:00:00+05:30,2051.300048828125,2059.60009765625,2051.300048828125,2057.10009765625,3861,0.0,0.0,GODREJPROP.NS
2025-12-12 11:15:00+05:30,2056.199951171875,2060.0,2056.0,2056.60009765625,5816,0.0,0.0,GODREJPROP.NS
2025-12-12 11:30:00+05:30,2058.0,2059.89990234375,2057.10009765625,2058.10009765625,2743,0.0,0.0,GODREJPROP.NS
2025-12-12 11:45:00+05:30,2059.699951171875,2062.5,2053.699951171875,2055.0,6012,0.0,0.0,GODREJPROP.NS
2025-12-12 12:00:00+05:30,2055.300048828125,2056.300048828125,2045.300048828125,2048.800048828125,13234,0.0,0.0,GODREJPROP.NS
2025-12-12 12:15:00+05:30,2047.699951171875,2047.699951171875,2043.0999755859373,2045.0,32639,0.0,0.0,GODREJPROP.NS
2025-12-12 12:30:00+05:30,2045.0,2046.5,2040.4000244140625,2045.5,34629,0.0,0.0,GODREJPROP.NS
2025-12-12 12:45:00+05:30,2045.699951171875,2047.699951171875,2040.0999755859373,2044.0,30390,0.0,0.0,GODREJPROP.NS
2025-12-12 13:00:00+05:30,2043.0,2045.0,2039.699951171875,2045.0,19678,0.0,0.0,GODREJPROP.NS
2025-12-12 13:15:00+05:30,2045.0,2052.39990234375,2044.199951171875,2050.800048828125,56406,0.0,0.0,GODREJPROP.NS
2025-12-12 13:30:00+05:30,2050.800048828125,2060.5,2047.5,2058.0,6241,0.0,0.0,GODREJPROP.NS
2025-12-12 13:45:00+05:30,2058.800048828125,2068.300048828125,2058.60009765625,2065.0,15113,0.0,0.0,GODREJPROP.NS
2025-12-12 14:00:00+05:30,2064.300048828125,2077.0,2063.199951171875,2071.0,28775,0.0,0.0,GODREJPROP.NS
2025-12-12 14:15:00+05:30,2071.0,2074.10009765625,2068.300048828125,2072.10009765625,7712,0.0,0.0,GODREJPROP.NS
2025-12-12 14:30:00+05:30,2071.0,2074.0,2064.300048828125,2065.0,10229,0.0,0.0,GODREJPROP.NS
2025-12-12 14:45:00+05:30,2065.0,2071.60009765625,2062.0,2067.89990234375,16452,0.0,0.0,GODREJPROP.NS
2025-12-12 15:00:00+05:30,2069.300048828125,2078.89990234375,2068.699951171875,2078.39990234375,36318,0.0,0.0,GODREJPROP.NS
2025-12-12 15:15:00+05:30,2078.89990234375,2081.39990234375,2073.0,2075.10009765625,34324,0.0,0.0,GODREJPROP.NS
2025-12-15 09:15:00+05:30,2075.10009765625,2075.10009765625,2056.0,2058.800048828125,13892,0.0,0.0,GODREJPROP.NS
2025-12-15 09:30:00+05:30,2058.699951171875,2060.5,2048.89990234375,2050.199951171875,8922,0.0,0.0,GODREJPROP.NS
2025-12-15 09:45:00+05:30,2049.60009765625,2061.10009765625,2046.5,2060.0,9779,0.0,0.0,GODREJPROP.NS
2025-12-15 10:00:00+05:30,2059.0,2065.0,2057.10009765625,2059.89990234375,11236,0.0,0.0,GODREJPROP.NS
2025-12-15 10:15:00+05:30,2060.5,2063.39990234375,2057.199951171875,2058.0,12299,0.0,0.0,GODREJPROP.NS
2025-12-15 10:30:00+05:30,2058.0,2059.699951171875,2049.39990234375,2049.39990234375,37793,0.0,0.0,GODREJPROP.NS
2025-12-15 10:45:00+05:30,2049.60009765625,2050.0,2048.0,2050.0,49824,0.0,0.0,GODREJPROP.NS
2025-12-15 11:00:00+05:30,2050.0,2050.0,2045.300048828125,2048.199951171875,35375,0.0,0.0,GODREJPROP.NS
2025-12-15 11:15:00+05:30,2048.199951171875,2050.0,2047.0999755859373,2049.800048828125,5377,0.0,0.0,GODREJPROP.NS
2025-12-15 11:30:00+05:30,2049.699951171875,2050.0,2041.5,2049.10009765625,25663,0.0,0.0,GODREJPROP.NS
2025-12-15 11:45:00+05:30,2049.10009765625,2068.699951171875,2048.800048828125,2062.5,66027,0.0,0.0,GODREJPROP.NS
2025-12-15 12:00:00+05:30,2062.5,2067.0,2061.800048828125,2065.300048828125,6167,0.0,0.0,GODREJPROP.NS
2025-12-15 12:15:00+05:30,2066.0,2071.39990234375,2065.10009765625,2066.0,8211,0.0,0.0,GODREJPROP.NS
2025-12-15 12:30:00+05:30,2066.0,2071.89990234375,2065.10009765625,2067.300048828125,11626,0.0,0.0,GODREJPROP.NS
2025-12-15 12:45:00+05:30,2067.300048828125,2067.300048828125,2064.0,2066.0,1727,0.0,0.0,GODREJPROP.NS
2025-12-15 13:00:00+05:30,2066.0,2070.800048828125,2063.89990234375,2069.800048828125,3454,0.0,0.0,GODREJPROP.NS
2025-12-15 13:15:00+05:30,2070.0,2071.39990234375,2067.699951171875,2068.60009765625,2328,0.0,0.0,GODREJPROP.NS
2025-12-15 13:30:00+05:30,2068.60009765625,2075.300048828125,2067.800048828125,2069.89990234375,6284,0.0,0.0,GODREJPROP.NS
2025-12-15 13:45:00+05:30,2070.10009765625,2073.5,2068.89990234375,2071.5,3926,0.0,0.0,GODREJPROP.NS
2025-12-15 14:00:00+05:30,2072.300048828125,2075.39990234375,2066.0,2069.89990234375,8138,0.0,0.0,GODREJPROP.NS
2025-12-15 14:15:00+05:30,2069.89990234375,2071.5,2067.89990234375,2068.10009765625,4786,0.0,0.0,GODREJPROP.NS
2025-12-15 14:30:00+05:30,2069.0,2070.800048828125,2066.699951171875,2070.39990234375,8526,0.0,0.0,GODREJPROP.NS
2025-12-15 14:45:00+05:30,2070.39990234375,2073.60009765625,2066.800048828125,2072.89990234375,7563,0.0,0.0,GODREJPROP.NS
2025-12-15 15:00:00+05:30,2072.39990234375,2073.300048828125,2065.800048828125,2065.89990234375,12393,0.0,0.0,GODREJPROP.NS
2025-12-15 15:15:00+05:30,2066.300048828125,2069.699951171875,2063.39990234375,2067.800048828125,35528,0.0,0.0,GODREJPROP.NS
2025-12-16 09:15:00+05:30,2077.0,2077.0,2048.10009765625,2049.10009765625,9802,0.0,0.0,GODREJPROP.NS
2025-12-16 09:30:00+05:30,2048.60009765625,2053.699951171875,2043.9000244140625,2049.199951171875,13904,0.0,0.0,GODREJPROP.NS
2025-12-16 09:45:00+05:30,2048.699951171875,2052.199951171875,2046.0999755859373,2046.699951171875,4295,0.0,0.0,GODREJPROP.NS
2025-12-16 10:00:00+05:30,2046.4000244140625,2048.699951171875,2041.300048828125,2043.199951171875,6246,0.0,0.0,GODREJPROP.NS
2025-12-16 10:15:00+05:30,2041.5999755859373,2048.699951171875,2041.0999755859373,2044.5999755859373,3956,0.0,0.0,GODREJPROP.NS
2025-12-16 10:30:00+05:30,2044.5999755859373,2047.0,2043.0,2044.9000244140625,5823,0.0,0.0,GODREJPROP.NS
2025-12-16 10:45:00+05:30,2044.800048828125,2045.5,2042.0999755859373,2042.4000244140625,2132,0.0,0.0,GODREJPROP.NS
2025-12-16 11:00:00+05:30,2042.300048828125,2044.0,2040.0,2040.4000244140625,7525,0.0,0.0,GODREJPROP.NS
2025-12-16 11:15:00+05:30,2040.0,2041.5999755859373,2038.199951171875,2039.300048828125,4315,0.0,0.0,GODREJPROP.NS
2025-12-16 11:30:00+05:30,2039.4000244140625,2039.5,2035.0999755859373,2037.199951171875,5946,0.0,0.0,GODREJPROP.NS
2025-12-16 11:45:00+05:30,2037.199951171875,2037.9000244140625,2035.5,2036.5,2058,0.0,0.0,GODREJPROP.NS
2025-12-16 12:00:00+05:30,2036.4000244140625,2041.0,2036.0,2036.0999755859373,5316,0.0,0.0,GODREJPROP.NS
2025-12-16 12:15:00+05:30,2035.5,2038.699951171875,2035.199951171875,2036.800048828125,4043,0.0,0.0,GODREJPROP.NS
2025-12-16 12:30:00+05:30,2036.800048828125,2037.9000244140625,2035.699951171875,2037.699951171875,2016,0.0,0.0,GODREJPROP.NS
2025-12-16 12:45:00+05:30,2036.5,2036.800048828125,2032.0999755859373,2033.300048828125,5895,0.0,0.0,GODREJPROP.NS
2025-12-16 13:00:00+05:30,2033.199951171875,2033.4000244140625,2031.0,2031.9000244140625,3196,0.0,0.0,GODREJPROP.NS
2025-12-16 13:15:00+05:30,2031.9000244140625,2031.9000244140625,2027.0,2029.0,8266,0.0,0.0,GODREJPROP.NS
2025-12-16 13:30:00+05:30,2030.199951171875,2032.0,2028.300048828125,2029.4000244140625,6755,0.0,0.0,GODREJPROP.NS
2025-12-16 13:45:00+05:30,2029.4000244140625,2034.5999755859373,2028.5,2028.5,6613,0.0,0.0,GODREJPROP.NS
2025-12-16 14:00:00+05:30,2028.5,2028.5999755859373,2025.5,2025.5,6467,0.0,0.0,GODREJPROP.NS
2025-12-16 14:15:00+05:30,2025.5,2026.699951171875,2019.800048828125,2020.699951171875,13298,0.0,0.0,GODREJPROP.NS
2025-12-16 14:30:00+05:30,2020.0,2024.5999755859373,2020.0,2023.5999755859373,7847,0.0,0.0,GODREJPROP.NS
2025-12-16 14:45:00+05:30,2023.5999755859373,2027.9000244140625,2021.199951171875,2027.5999755859373,11806,0.0,0.0,GODREJPROP.NS
2025-12-16 15:00:00+05:30,2033.800048828125,2033.800048828125,2024.300048828125,2025.4000244140625,31446,0.0,0.0,GODREJPROP.NS
2025-12-16 15:15:00+05:30,2025.9000244140625,2026.9000244140625,2015.199951171875,2018.5999755859373,45885,0.0,0.0,GODREJPROP.NS
2025-12-17 09:15:00+05:30,2023.0,2035.5999755859373,2018.699951171875,2030.0,17745,0.0,0.0,GODREJPROP.NS
2025-12-17 09:30:00+05:30,2030.0,2034.0,2026.800048828125,2030.0999755859373,10729,0.0,0.0,GODREJPROP.NS
2025-12-17 09:45:00+05:30,2030.300048828125,2032.0,2027.0,2029.5999755859373,5075,0.0,0.0,GODREJPROP.NS
2025-12-17 10:00:00+05:30,2029.699951171875,2030.300048828125,2020.0,2021.5999755859373,10451,0.0,0.0,GODREJPROP.NS
2025-12-17 10:15:00+05:30,2022.300048828125,2027.9000244140625,2020.0,2027.5,4983,0.0,0.0,GODREJPROP.NS
2025-12-17 10:30:00+05:30,2027.5,2034.0,2025.800048828125,2029.9000244140625,9287,0.0,0.0,GODREJPROP.NS
2025-12-17 10:45:00+05:30,2029.9000244140625,2032.800048828125,2023.5999755859373,2025.9000244140625,6318,0.0,0.0,GODREJPROP.NS
2025-12-17 11:00:00+05:30,2025.300048828125,2032.300048828125,2025.300048828125,2028.9000244140625,6376,0.0,0.0,GODREJPROP.NS
2025-12-17 11:15:00+05:30,2028.9000244140625,2030.5999755859373,2021.0999755859373,2021.800048828125,5896,0.0,0.0,GODREJPROP.NS
2025-12-17 11:30:00+05:30,2022.4000244140625,2029.800048828125,2021.4000244140625,2027.0,4873,0.0,0.0,GODREJPROP.NS
2025-12-17 11:45:00+05:30,2028.5,2034.800048828125,2027.199951171875,2030.0,7247,0.0,0.0,GODREJPROP.NS
2025-12-17 12:00:00+05:30,2030.0,2030.0,2023.5999755859373,2025.5,3239,0.0,0.0,GODREJPROP.NS
2025-12-17 12:15:00+05:30,2025.4000244140625,2028.300048828125,2022.300048828125,2026.4000244140625,4592,0.0,0.0,GODREJPROP.NS
2025-12-17 12:30:00+05:30,2026.300048828125,2029.5,2022.4000244140625,2023.199951171875,6676,0.0,0.0,GODREJPROP.NS
2025-12-17 12:45:00+05:30,2023.300048828125,2023.300048828125,2013.0999755859373,2015.0,11489,0.0,0.0,GODREJPROP.NS
2025-12-17 13:00:00+05:30,2014.5,2018.9000244140625,2013.5,2016.800048828125,5049,0.0,0.0,GODREJPROP.NS
2025-12-17 13:15:00+05:30,2016.800048828125,2022.0,2016.0999755859373,2020.0,7387,0.0,0.0,GODREJPROP.NS
2025-12-17 13:30:00+05:30,2019.800048828125,2019.800048828125,2013.5,2013.5999755859373,4772,0.0,0.0,GODREJPROP.NS
2025-12-17 13:45:00+05:30,2014.5999755859373,2019.9000244140625,2013.0,2017.199951171875,4517,0.0,0.0,GODREJPROP.NS
2025-12-17 14:00:00+05:30,2017.9000244140625,2021.4000244140625,2016.0,2019.300048828125,5515,0.0,0.0,GODREJPROP.NS
2025-12-17 14:15:00+05:30,2020.4000244140625,2021.0999755859373,2011.199951171875,2011.4000244140625,11064,0.0,0.0,GODREJPROP.NS
2025-12-17 14:30:00+05:30,2012.0999755859373,2013.4000244140625,2005.0,2006.0999755859373,14106,0.0,0.0,GODREJPROP.NS
2025-12-17 14:45:00+05:30,2006.9000244140625,2015.199951171875,2006.0999755859373,2014.699951171875,16319,0.0,0.0,GODREJPROP.NS
2025-12-17 15:00:00+05:30,2018.800048828125,2019.0,2013.0,2017.5999755859373,32714,0.0,0.0,GODREJPROP.NS
2025-12-17 15:15:00+05:30,2018.0,2018.0,2010.5,2014.9000244140625,34201,0.0,0.0,GODREJPROP.NS
2025-12-18 09:15:00+05:30,2006.4000244140625,2006.4000244140625,1999.4000244140625,2001.199951171875,26886,0.0,0.0,GODREJPROP.NS
2025-12-18 09:30:00+05:30,2002.5,2002.800048828125,1993.9000244140625,1998.5,14757,0.0,0.0,GODREJPROP.NS
2025-12-18 09:45:00+05:30,1998.0,1999.5999755859373,1990.199951171875,1996.800048828125,19076,0.0,0.0,GODREJPROP.NS
2025-12-18 10:00:00+05:30,1996.0,2001.0999755859373,1995.0,2001.0,8897,0.0,0.0,GODREJPROP.NS
2025-12-18 10:15:00+05:30,2001.300048828125,2005.800048828125,1999.0999755859373,2001.0,21246,0.0,0.0,GODREJPROP.NS
2025-12-18 10:30:00+05:30,2002.5999755859373,2016.5999755859373,2001.0,2015.4000244140625,13523,0.0,0.0,GODREJPROP.NS
2025-12-18 10:45:00+05:30,2015.4000244140625,2026.800048828125,2009.4000244140625,2012.0,18404,0.0,0.0,GODREJPROP.NS
2025-12-18 11:00:00+05:30,2012.0,2018.9000244140625,2009.800048828125,2011.800048828125,9927,0.0,0.0,GODREJPROP.NS
2025-12-18 11:15:00+05:30,2012.699951171875,2012.699951171875,2006.300048828125,2006.300048828125,18969,0.0,0.0,GODREJPROP.NS
2025-12-18 11:30:00+05:30,2006.699951171875,2010.0,2004.5999755859373,2006.699951171875,17465,0.0,0.0,GODREJPROP.NS
2025-12-18 11:45:00+05:30,2005.300048828125,2008.699951171875,2002.5,2003.300048828125,46277,0.0,0.0,GODREJPROP.NS
2025-12-18 12:00:00+05:30,2003.0999755859373,2006.699951171875,2000.5,2005.0,33755,0.0,0.0,GODREJPROP.NS
2025-12-18 12:15:00+05:30,2005.199951171875,2007.5999755859373,2003.0999755859373,2003.5,28744,0.0,0.0,GODREJPROP.NS
2025-12-18 12:30:00+05:30,2003.5,2010.0,2003.300048828125,2010.0,70796,0.0,0.0,GODREJPROP.NS
2025-12-18 12:45:00+05:30,2008.699951171875,2010.0,2001.800048828125,2002.4000244140625,30520,0.0,0.0,GODREJPROP.NS
2025-12-18 13:00:00+05:30,2002.699951171875,2005.0,1997.300048828125,1999.9000244140625,34722,0.0,0.0,GODREJPROP.NS
2025-12-18 13:15:00+05:30,2000.0,2002.199951171875,1998.300048828125,1999.4000244140625,39615,0.0,0.0,GODREJPROP.NS
2025-12-18 13:30:00+05:30,1999.800048828125,2000.0,1998.0999755859373,2000.0,10586,0.0,0.0,GODREJPROP.NS
2025-12-18 13:45:00+05:30,1999.9000244140625,2000.0,1997.0,1998.5999755859373,5030,0.0,0.0,GODREJPROP.NS
2025-12-18 14:00:00+05:30,1998.5999755859373,2000.0,1995.199951171875,1999.699951171875,6039,0.0,0.0,GODREJPROP.NS
2025-12-18 14:15:00+05:30,1999.699951171875,1999.699951171875,1993.0999755859373,1997.5999755859373,14383,0.0,0.0,GODREJPROP.NS
2025-12-18 14:30:00+05:30,1997.699951171875,2000.5,1997.5999755859373,1999.0999755859373,7939,0.0,0.0,GODREJPROP.NS
2025-12-18 14:45:00+05:30,1999.0,2000.0,1995.4000244140625,1999.4000244140625,6510,0.0,0.0,GODREJPROP.NS
2025-12-18 15:00:00+05:30,1999.5999755859373,2001.4000244140625,1998.0,2000.0,64878,0.0,0.0,GODREJPROP.NS
2025-12-18 15:15:00+05:30,1999.9000244140625,2000.0,1998.4000244140625,1999.800048828125,24732,0.0,0.0,GODREJPROP.NS
2025-12-19 09:15:00+05:30,2002.0,2022.0999755859373,2002.0,2021.9000244140625,36506,0.0,0.0,GODREJPROP.NS
2025-12-19 09:30:00+05:30,2021.0,2027.800048828125,2020.0,2022.300048828125,26754,0.0,0.0,GODREJPROP.NS
2025-12-19 09:45:00+05:30,2022.300048828125,2024.9000244140625,2017.800048828125,2020.300048828125,8908,0.0,0.0,GODREJPROP.NS
2025-12-19 10:00:00+05:30,2018.699951171875,2022.0999755859373,2011.199951171875,2011.199951171875,12821,0.0,0.0,GODREJPROP.NS
2025-12-19 10:15:00+05:30,2011.0,2011.199951171875,2007.0,2009.0,16833,0.0,0.0,GODREJPROP.NS
2025-12-19 10:30:00+05:30,2009.0,2013.0999755859373,2008.5,2010.800048828125,19579,0.0,0.0,GODREJPROP.NS
2025-12-19 10:45:00+05:30,2010.800048828125,2015.4000244140625,2009.0999755859373,2010.0,42083,0.0,0.0,GODREJPROP.NS
2025-12-19 11:00:00+05:30,2010.0,2010.5,2002.5,2006.0,16438,0.0,0.0,GODREJPROP.NS
2025-12-19 11:15:00+05:30,2006.0,2006.800048828125,1998.9000244140625,2000.0,17367,0.0,0.0,GODREJPROP.NS
2025-12-19 11:30:00+05:30,2000.0,2003.9000244140625,1998.800048828125,2001.199951171875,8878,0.0,0.0,GODREJPROP.NS
2025-12-19 11:45:00+05:30,2001.800048828125,2004.0999755859373,1998.9000244140625,2001.5999755859373,8095,0.0,0.0,GODREJPROP.NS
2025-12-19 12:00:00+05:30,2001.699951171875,2008.300048828125,2001.300048828125,2006.0999755859373,8590,0.0,0.0,GODREJPROP.NS
2025-12-19 12:15:00+05:30,2006.300048828125,2011.5999755859373,2006.300048828125,2010.699951171875,7254,0.0,0.0,GODREJPROP.NS
2025-12-19 12:30:00+05:30,2011.699951171875,2023.800048828125,2010.9000244140625,2016.0999755859373,22826,0.0,0.0,GODREJPROP.NS
2025-12-19 12:45:00+05:30,2016.0999755859373,2018.0,2014.0,2015.199951171875,12785,0.0,0.0,GODREJPROP.NS
2025-12-19 13:00:00+05:30,2015.199951171875,2016.0,2013.0,2013.0999755859373,7472,0.0,0.0,GODREJPROP.NS
2025-12-19 13:15:00+05:30,2013.699951171875,2023.9000244140625,2013.0999755859373,2022.199951171875,14041,0.0,0.0,GODREJPROP.NS
2025-12-19 13:30:00+05:30,2022.199951171875,2030.0999755859373,2022.199951171875,2028.699951171875,28415,0.0,0.0,GODREJPROP.NS
2025-12-19 13:45:00+05:30,2028.699951171875,2032.199951171875,2025.5,2030.800048828125,11099,0.0,0.0,GODREJPROP.NS
2025-12-19 14:00:00+05:30,2031.0999755859373,2035.800048828125,2027.699951171875,2034.9000244140625,16773,0.0,0.0,GODREJPROP.NS
2025-12-19 14:15:00+05:30,2035.0999755859373,2036.0,2030.0,2030.4000244140625,14021,0.0,0.0,GODREJPROP.NS
2025-12-19 14:30:00+05:30,2030.4000244140625,2041.699951171875,2030.0999755859373,2039.199951171875,19111,0.0,0.0,GODREJPROP.NS
2025-12-19 14:45:00+05:30,2039.199951171875,2043.300048828125,2034.199951171875,2040.4000244140625,21726,0.0,0.0,GODREJPROP.NS
2025-12-19 15:00:00+05:30,2037.9000244140625,2047.800048828125,2037.9000244140625,2045.300048828125,96904,0.0,0.0,GODREJPROP.NS
2025-12-19 15:15:00+05:30,2045.800048828125,2048.800048828125,2042.9000244140625,2044.800048828125,100471,0.0,0.0,GODREJPROP.NS
2025-12-22 09:15:00+05:30,2049.89990234375,2061.5,2048.199951171875,2056.199951171875,16155,0.0,0.0,GODREJPROP.NS
2025-12-22 09:30:00+05:30,2056.300048828125,2058.300048828125,2051.0,2055.199951171875,8670,0.0,0.0,GODREJPROP.NS
2025-12-22 09:45:00+05:30,2056.0,2058.89990234375,2053.800048828125,2054.5,10341,0.0,0.0,GODREJPROP.NS
2025-12-22 10:00:00+05:30,2055.0,2057.0,2047.5999755859373,2050.0,8552,0.0,0.0,GODREJPROP.NS
2025-12-22 10:15:00+05:30,2050.0,2052.800048828125,2045.0999755859373,2046.5,8394,0.0,0.0,GODREJPROP.NS
2025-12-22 10:30:00+05:30,2047.0,2048.300048828125,2044.0999755859373,2046.9000244140625,8279,0.0,0.0,GODREJPROP.NS
2025-12-22 10:45:00+05:30,2046.9000244140625,2049.39990234375,2045.5,2047.9000244140625,5871,0.0,0.0,GODREJPROP.NS
2025-12-22 11:00:00+05:30,2048.300048828125,2054.0,2045.199951171875,2045.5,10076,0.0,0.0,GODREJPROP.NS
2025-12-22 11:15:00+05:30,2045.4000244140625,2047.300048828125,2042.9000244140625,2046.300048828125,6279,0.0,0.0,GODREJPROP.NS
2025-12-22 11:30:00+05:30,2046.300048828125,2046.9000244140625,2042.0,2042.4000244140625,4368,0.0,0.0,GODREJPROP.NS
2025-12-22 11:45:00+05:30,2042.0999755859373,2042.800048828125,2030.199951171875,2033.0,16210,0.0,0.0,GODREJPROP.NS
2025-12-22 12:00:00+05:30,2032.9000244140625,2034.5999755859373,2029.199951171875,2032.0,8469,0.0,0.0,GODREJPROP.NS
2025-12-22 12:15:00+05:30,2032.0,2035.0,2032.0,2032.0,10474,0.0,0.0,GODREJPROP.NS
2025-12-22 12:30:00+05:30,2031.800048828125,2034.9000244140625,2031.199951171875,2032.0999755859373,6313,0.0,0.0,GODREJPROP.NS
2025-12-22 12:45:00+05:30,2032.5,2032.5999755859373,2026.0,2026.0,8102,0.0,0.0,GODREJPROP.NS
2025-12-22 13:00:00+05:30,2026.0999755859373,2031.0,2026.0,2030.300048828125,4439,0.0,0.0,GODREJPROP.NS
2025-12-22 13:15:00+05:30,2030.199951171875,2034.9000244140625,2030.0,2034.9000244140625,2635,0.0,0.0,GODREJPROP.NS
2025-12-22 13:30:00+05:30,2034.5,2034.5,2030.5,2034.5,6336,0.0,0.0,GODREJPROP.NS
2025-12-22 13:45:00+05:30,2033.9000244140625,2034.9000244140625,2032.199951171875,2033.800048828125,5250,0.0,0.0,GODREJPROP.NS
2025-12-22 14:00:00+05:30,2033.5999755859373,2035.0,2031.5,2034.9000244140625,7068,0.0,0.0,GODREJPROP.NS
2025-12-22 14:15:00+05:30,2034.5,2034.699951171875,2031.699951171875,2032.800048828125,3445,0.0,0.0,GODREJPROP.NS
2025-12-22 14:30:00+05:30,2034.0,2034.4000244140625,2030.800048828125,2032.0,3038,0.0,0.0,GODREJPROP.NS
2025-12-22 14:45:00+05:30,2031.300048828125,2035.0,2029.0,2034.300048828125,8433,0.0,0.0,GODREJPROP.NS
2025-12-22 15:00:00+05:30,2035.0,2035.0,2031.0999755859373,2032.0,15982,0.0,0.0,GODREJPROP.NS
2025-12-22 15:15:00+05:30,2031.9000244140625,2031.9000244140625,2027.0,2030.4000244140625,22355,0.0,0.0,GODREJPROP.NS
2025-12-23 09:15:00+05:30,2033.4000244140625,2035.0,2022.0,2032.5,10061,0.0,0.0,GODREJPROP.NS
2025-12-23 09:30:00+05:30,2032.5,2032.800048828125,2021.0,2022.4000244140625,12787,0.0,0.0,GODREJPROP.NS
2025-12-23 09:45:00+05:30,2022.5999755859373,2039.0,2020.300048828125,2037.9000244140625,10663,0.0,0.0,GODREJPROP.NS
2025-12-23 10:00:00+05:30,2037.5,2042.300048828125,2034.5999755859373,2039.5,10487,0.0,0.0,GODREJPROP.NS
2025-12-23 10:15:00+05:30,2039.699951171875,2039.699951171875,2030.199951171875,2030.800048828125,11863,0.0,0.0,GODREJPROP.NS
2025-12-23 10:30:00+05:30,2031.699951171875,2038.199951171875,2030.4000244140625,2032.5999755859373,10217,0.0,0.0,GODREJPROP.NS
2025-12-23 10:45:00+05:30,2032.5999755859373,2036.0,2031.199951171875,2031.199951171875,6750,0.0,0.0,GODREJPROP.NS
2025-12-23 11:00:00+05:30,2031.300048828125,2032.5,2027.9000244140625,2028.800048828125,9657,0.0,0.0,GODREJPROP.NS
2025-12-23 11:15:00+05:30,2028.5999755859373,2029.800048828125,2027.0999755859373,2028.0,7256,0.0,0.0,GODREJPROP.NS
2025-12-23 11:30:00+05:30,2028.0999755859373,2028.699951171875,2023.199951171875,2024.199951171875,16117,0.0,0.0,GODREJPROP.NS
2025-12-23 11:45:00+05:30,2024.199951171875,2026.800048828125,2023.0999755859373,2024.5,5759,0.0,0.0,GODREJPROP.NS
2025-12-23 12:00:00+05:30,2024.4000244140625,2024.800048828125,2021.199951171875,2021.9000244140625,7105,0.0,0.0,GODREJPROP.NS
2025-12-23 12:15:00+05:30,2021.9000244140625,2027.5999755859373,2021.0,2022.5,7015,0.0,0.0,GODREJPROP.NS
2025-12-23 12:30:00+05:30,2022.300048828125,2024.300048828125,2021.300048828125,2021.699951171875,6415,0.0,0.0,GODREJPROP.NS
2025-12-23 12:45:00+05:30,2021.0,2021.5,2018.0,2018.0,8334,0.0,0.0,GODREJPROP.NS
2025-12-23 13:00:00+05:30,2018.300048828125,2020.0,2017.4000244140625,2019.800048828125,1787,0.0,0.0,GODREJPROP.NS
2025-12-23 13:15:00+05:30,2019.800048828125,2020.800048828125,2018.0999755859373,2019.199951171875,5715,0.0,0.0,GODREJPROP.NS
2025-12-23 13:30:00+05:30,2019.0,2020.5,2018.5999755859373,2020.0,2086,0.0,0.0,GODREJPROP.NS
2025-12-23 13:45:00+05:30,2020.0,2020.9000244140625,2019.0999755859373,2019.0999755859373,6812,0.0,0.0,GODREJPROP.NS
2025-12-23 14:00:00+05:30,2020.0,2028.0,2020.0,2027.5,19302,0.0,0.0,GODREJPROP.NS
2025-12-23 14:15:00+05:30,2026.800048828125,2028.300048828125,2022.5,2022.5,15233,0.0,0.0,GODREJPROP.NS
2025-12-23 14:30:00+05:30,2022.699951171875,2022.699951171875,2014.300048828125,2015.199951171875,6304,0.0,0.0,GODREJPROP.NS
2025-12-23 14:45:00+05:30,2014.199951171875,2020.0,2014.199951171875,2017.699951171875,8281,0.0,0.0,GODREJPROP.NS
2025-12-23 15:00:00+05:30,2020.0,2021.0,2018.0,2019.800048828125,22112,0.0,0.0,GODREJPROP.NS
2025-12-23 15:15:00+05:30,2019.800048828125,2020.5999755859373,2018.0,2019.5,26103,0.0,0.0,GODREJPROP.NS
2025-12-24 09:15:00+05:30,2025.699951171875,2041.4000244140625,2016.5999755859373,2040.0,16419,0.0,0.0,GODREJPROP.NS
2025-12-24 09:30:00+05:30,2040.9000244140625,2044.9000244140625,2031.0,2036.199951171875,24231,0.0,0.0,GODREJPROP.NS
2025-12-24 09:45:00+05:30,2035.4000244140625,2037.300048828125,2030.199951171875,2031.699951171875,9969,0.0,0.0,GODREJPROP.NS
2025-12-24 10:00:00+05:30,2031.699951171875,2034.5999755859373,2029.5999755859373,2033.9000244140625,7848,0.0,0.0,GODREJPROP.NS
2025-12-24 10:15:00+05:30,2033.800048828125,2038.5999755859373,2032.9000244140625,2035.0999755859373,6903,0.0,0.0,GODREJPROP.NS
2025-12-24 10:30:00+05:30,2036.0,2038.0,2034.0999755859373,2035.800048828125,3466,0.0,0.0,GODREJPROP.NS
2025-12-24 10:45:00+05:30,2036.199951171875,2037.5,2034.5,2037.5,2477,0.0,0.0,GODREJPROP.NS
2025-12-24 11:00:00+05:30,2038.5999755859373,2040.5,2031.0999755859373,2032.0,7932,0.0,0.0,GODREJPROP.NS
2025-12-24 11:15:00+05:30,2032.5,2033.4000244140625,2029.699951171875,2030.5,4592,0.0,0.0,GODREJPROP.NS
2025-12-24 11:30:00+05:30,2030.5,2032.0999755859373,2027.0,2029.0,6175,0.0,0.0,GODREJPROP.NS
2025-12-24 11:45:00+05:30,2029.5999755859373,2032.0,2026.5999755859373,2030.0,5189,0.0,0.0,GODREJPROP.NS
2025-12-24 12:00:00+05:30,2030.0,2032.5,2028.0999755859373,2032.5,2438,0.0,0.0,GODREJPROP.NS
2025-12-24 12:15:00+05:30,2031.800048828125,2033.0,2030.199951171875,2032.9000244140625,3220,0.0,0.0,GODREJPROP.NS
2025-12-24 12:30:00+05:30,2031.0999755859373,2034.5,2029.5,2029.5,2067,0.0,0.0,GODREJPROP.NS
2025-12-24 12:45:00+05:30,2029.4000244140625,2029.9000244140625,2027.0999755859373,2028.9000244140625,3739,0.0,0.0,GODREJPROP.NS
2025-12-24 13:00:00+05:30,2028.9000244140625,2028.9000244140625,2022.9000244140625,2024.199951171875,2611,0.0,0.0,GODREJPROP.NS
2025-12-24 13:15:00+05:30,2023.9000244140625,2024.9000244140625,2020.9000244140625,2020.9000244140625,3487,0.0,0.0,GODREJPROP.NS
2025-12-24 13:30:00+05:30,2020.9000244140625,2023.0,2018.800048828125,2021.300048828125,2242,0.0,0.0,GODREJPROP.NS
2025-12-24 13:45:00+05:30,2021.4000244140625,2022.300048828125,2016.0999755859373,2017.800048828125,5260,0.0,0.0,GODREJPROP.NS
2025-12-24 14:00:00+05:30,2017.699951171875,2018.5,2015.5999755859373,2017.9000244140625,16244,0.0,0.0,GODREJPROP.NS
2025-12-24 14:15:00+05:30,2017.9000244140625,2019.199951171875,2012.0,2016.4000244140625,24401,0.0,0.0,GODREJPROP.NS
2025-12-24 14:30:00+05:30,2015.5,2015.5,2007.699951171875,2011.9000244140625,23720,0.0,0.0,GODREJPROP.NS
2025-12-24 14:45:00+05:30,2012.699951171875,2015.699951171875,2008.300048828125,2013.5,29323,0.0,0.0,GODREJPROP.NS
2025-12-24 15:00:00+05:30,2016.4000244140625,2016.800048828125,2001.800048828125,2003.800048828125,39906,0.0,0.0,GODREJPROP.NS
2025-12-24 15:15:00+05:30,2003.300048828125,2005.9000244140625,2002.699951171875,2005.199951171875,28888,0.0,0.0,GODREJPROP.NS
2025-12-26 09:15:00+05:30,2014.300048828125,2014.300048828125,1996.0999755859373,2008.699951171875,17643,0.0,0.0,GODREJPROP.NS
2025-12-26 09:30:00+05:30,2009.300048828125,2013.0,2005.300048828125,2010.5999755859373,21317,0.0,0.0,GODREJPROP.NS
2025-12-26 09:45:00+05:30,2010.5,2012.800048828125,2005.300048828125,2008.0,16684,0.0,0.0,GODREJPROP.NS
2025-12-26 10:00:00+05:30,2008.0999755859373,2008.0999755859373,1998.0,1999.9000244140625,26268,0.0,0.0,GODREJPROP.NS
2025-12-26 10:15:00+05:30,1999.800048828125,2005.199951171875,1999.0999755859373,2002.5,11751,0.0,0.0,GODREJPROP.NS
2025-12-26 10:30:00+05:30,2003.300048828125,2007.300048828125,2001.0,2006.800048828125,19268,0.0,0.0,GODREJPROP.NS
2025-12-26 10:45:00+05:30,2007.0,2008.0999755859373,2004.199951171875,2005.800048828125,14850,0.0,0.0,GODREJPROP.NS
2025-12-26 11:00:00+05:30,2006.4000244140625,2007.199951171875,2000.300048828125,2003.0,10855,0.0,0.0,GODREJPROP.NS
2025-12-26 11:15:00+05:30,2003.0999755859373,2003.699951171875,2000.0999755859373,2002.0,7076,0.0,0.0,GODREJPROP.NS
2025-12-26 11:30:00+05:30,2002.0,2015.800048828125,2001.5999755859373,2014.699951171875,22407,0.0,0.0,GODREJPROP.NS
2025-12-26 11:45:00+05:30,2014.0,2018.0,2013.0,2017.5,17466,0.0,0.0,GODREJPROP.NS
2025-12-26 12:00:00+05:30,2016.4000244140625,2017.9000244140625,2013.5999755859373,2015.0999755859373,13824,0.0,0.0,GODREJPROP.NS
2025-12-26 12:15:00+05:30,2015.9000244140625,2016.800048828125,2012.800048828125,2013.0999755859373,8067,0.0,0.0,GODREJPROP.NS
2025-12-26 12:30:00+05:30,2013.0999755859373,2015.0,2006.0999755859373,2006.800048828125,10594,0.0,0.0,GODREJPROP.NS
2025-12-26 12:45:00+05:30,2007.300048828125,2007.5999755859373,2002.300048828125,2003.0,6381,0.0,0.0,GODREJPROP.NS
2025-12-26 13:00:00+05:30,2003.4000244140625,2005.4000244140625,2001.699951171875,2003.5,11505,0.0,0.0,GODREJPROP.NS
2025-12-26 13:15:00+05:30,2004.4000244140625,2006.0,2002.0,2005.0,10724,0.0,0.0,GODREJPROP.NS
2025-12-26 13:30:00+05:30,2005.0,2010.5,2004.0,2010.5,9347,0.0,0.0,GODREJPROP.NS
2025-12-26 13:45:00+05:30,2009.4000244140625,2010.199951171875,2006.0999755859373,2007.0,6811,0.0,0.0,GODREJPROP.NS
2025-12-26 14:00:00+05:30,2008.0999755859373,2010.0,2004.0,2005.699951171875,5606,0.0,0.0,GODREJPROP.NS
2025-12-26 14:15:00+05:30,2005.0,2005.0,2001.199951171875,2002.0,7263,0.0,0.0,GODREJPROP.NS
2025-12-26 14:30:00+05:30,2003.0,2004.0,2000.0,2000.9000244140625,19384,0.0,0.0,GODREJPROP.NS
2025-12-26 14:45:00+05:30,2000.199951171875,2006.0,1996.699951171875,2006.0,18032,0.0,0.0,GODREJPROP.NS
2025-12-26 15:00:00+05:30,2007.800048828125,2010.300048828125,2003.0,2003.0,14749,0.0,0.0,GODREJPROP.NS
2025-12-26 15:15:00+05:30,2003.5,2003.9000244140625,2000.0,2002.5999755859373,22947,0.0,0.0,GODREJPROP.NS
2025-12-29 09:15:00+05:30,2005.0,2009.5999755859373,1998.800048828125,2004.5999755859373,7388,0.0,0.0,GODREJPROP.NS
2025-12-29 09:30:00+05:30,2004.4000244140625,2014.0,2004.4000244140625,2011.5,10799,0.0,0.0,GODREJPROP.NS
2025-12-29 09:45:00+05:30,2011.0,2012.0,2008.199951171875,2009.0,4765,0.0,0.0,GODREJPROP.NS
2025-12-29 10:00:00+05:30,2009.0,2009.0,2005.5,2006.800048828125,4191,0.0,0.0,GODREJPROP.NS
2025-12-29 10:15:00+05:30,2006.0999755859373,2006.800048828125,2002.0999755859373,2003.300048828125,4616,0.0,0.0,GODREJPROP.NS
2025-12-29 10:30:00+05:30,2003.0,2004.0,2001.0999755859373,2003.0999755859373,5718,0.0,0.0,GODREJPROP.NS
2025-12-29 10:45:00+05:30,2002.0999755859373,2007.0,2000.0,2004.699951171875,14803,0.0,0.0,GODREJPROP.NS
2025-12-29 11:00:00+05:30,2004.199951171875,2004.199951171875,2000.0,2001.800048828125,3112,0.0,0.0,GODREJPROP.NS
2025-12-29 11:15:00+05:30,2001.0,2002.5999755859373,2000.5,2002.4000244140625,2240,0.0,0.0,GODREJPROP.NS
2025-12-29 11:30:00+05:30,2002.199951171875,2002.5,2000.199951171875,2002.0,1682,0.0,0.0,GODREJPROP.NS
2025-12-29 11:45:00+05:30,2002.0,2005.9000244140625,2001.699951171875,2003.5999755859373,5458,0.0,0.0,GODREJPROP.NS
2025-12-29 12:00:00+05:30,2003.4000244140625,2004.9000244140625,2001.5,2003.4000244140625,2108,0.0,0.0,GODREJPROP.NS
2025-12-29 12:15:00+05:30,2003.0,2003.0,2000.199951171875,2002.199951171875,3625,0.0,0.0,GODREJPROP.NS
2025-12-29 12:30:00+05:30,2002.199951171875,2006.0,2000.699951171875,2003.699951171875,5501,0.0,0.0,GODREJPROP.NS
2025-12-29 12:45:00+05:30,2004.0,2006.4000244140625,2001.199951171875,2003.9000244140625,4857,0.0,0.0,GODREJPROP.NS
2025-12-29 13:00:00+05:30,2003.0999755859373,2004.5999755859373,2002.0999755859373,2002.0999755859373,2326,0.0,0.0,GODREJPROP.NS
2025-12-29 13:15:00+05:30,2001.800048828125,2003.0,2000.0,2001.199951171875,8790,0.0,0.0,GODREJPROP.NS
2025-12-29 13:30:00+05:30,2001.300048828125,2001.300048828125,1999.0,2000.0,5585,0.0,0.0,GODREJPROP.NS
2025-12-29 13:45:00+05:30,2001.5999755859373,2004.4000244140625,2000.0999755859373,2001.0999755859373,3129,0.0,0.0,GODREJPROP.NS
2025-12-29 14:00:00+05:30,2000.199951171875,2005.0,2000.199951171875,2000.800048828125,2618,0.0,0.0,GODREJPROP.NS
2025-12-29 14:15:00+05:30,2000.5999755859373,2002.699951171875,2000.0,2001.0,4012,0.0,0.0,GODREJPROP.NS
2025-12-29 14:30:00+05:30,2001.0,2001.4000244140625,1991.0,1991.699951171875,8259,0.0,0.0,GODREJPROP.NS
2025-12-29 14:45:00+05:30,1991.0,2000.0,1989.9000244140625,1997.0,17722,0.0,0.0,GODREJPROP.NS
2025-12-29 15:00:00+05:30,1999.199951171875,2001.0,1995.699951171875,1999.5999755859373,23837,0.0,0.0,GODREJPROP.NS
2025-12-29 15:15:00+05:30,1999.0999755859373,2000.699951171875,1990.199951171875,1997.800048828125,25499,0.0,0.0,GODREJPROP.NS
2025-12-30 09:15:00+05:30,1990.0,1991.300048828125,1983.4000244140625,1983.5999755859373,32703,0.0,0.0,GODREJPROP.NS
2025-12-30 09:30:00+05:30,1983.699951171875,1989.9000244140625,1983.5999755859373,1987.0999755859373,10788,0.0,0.0,GODREJPROP.NS
2025-12-30 09:45:00+05:30,1987.9000244140625,1988.199951171875,1984.5999755859373,1984.5999755859373,5884,0.0,0.0,GODREJPROP.NS
2025-12-30 10:00:00+05:30,1985.0,1986.5999755859373,1983.199951171875,1985.300048828125,3357,0.0,0.0,GODREJPROP.NS
2025-12-30 10:15:00+05:30,1986.4000244140625,1989.5999755859373,1985.5,1986.300048828125,6572,0.0,0.0,GODREJPROP.NS
2025-12-30 10:30:00+05:30,1990.5999755859373,1992.4000244140625,1987.5,1987.9000244140625,27793,0.0,0.0,GODREJPROP.NS
2025-12-30 10:45:00+05:30,1988.0,1989.800048828125,1985.0999755859373,1988.800048828125,6778,0.0,0.0,GODREJPROP.NS
2025-12-30 11:00:00+05:30,1989.300048828125,1991.0,1987.5999755859373,1989.9000244140625,19556,0.0,0.0,GODREJPROP.NS
2025-12-30 11:15:00+05:30,1989.9000244140625,1991.199951171875,1980.0,1980.199951171875,17622,0.0,0.0,GODREJPROP.NS
2025-12-30 11:30:00+05:30,1980.0,1981.199951171875,1977.199951171875,1978.699951171875,15073,0.0,0.0,GODREJPROP.NS
2025-12-30 11:45:00+05:30,1979.9000244140625,1980.0,1975.199951171875,1977.9000244140625,12221,0.0,0.0,GODREJPROP.NS
2025-12-30 12:00:00+05:30,1978.0,1978.199951171875,1974.5999755859373,1974.699951171875,5682,0.0,0.0,GODREJPROP.NS
2025-12-30 12:15:00+05:30,1975.300048828125,1978.800048828125,1975.300048828125,1976.800048828125,12604,0.0,0.0,GODREJPROP.NS
2025-12-30 12:30:00+05:30,1976.199951171875,1977.699951171875,1975.300048828125,1976.300048828125,8448,0.0,0.0,GODREJPROP.NS
2025-12-30 12:45:00+05:30,1976.300048828125,1977.300048828125,1975.199951171875,1976.0999755859373,3510,0.0,0.0,GODREJPROP.NS
2025-12-30 13:00:00+05:30,1976.0999755859373,1977.300048828125,1974.800048828125,1977.0999755859373,7985,0.0,0.0,GODREJPROP.NS
2025-12-30 13:15:00+05:30,1977.0999755859373,1978.5999755859373,1975.4000244140625,1975.800048828125,9808,0.0,0.0,GODREJPROP.NS
2025-12-30 13:30:00+05:30,1976.800048828125,1979.9000244140625,1976.0,1977.9000244140625,7598,0.0,0.0,GODREJPROP.NS
2025-12-30 13:45:00+05:30,1978.5,1979.0999755859373,1972.0,1972.800048828125,9291,0.0,0.0,GODREJPROP.NS
2025-12-30 14:00:00+05:30,1972.0999755859373,1978.800048828125,1971.0,1978.699951171875,7644,0.0,0.0,GODREJPROP.NS
2025-12-30 14:15:00+05:30,1979.0,1979.800048828125,1974.0999755859373,1974.0999755859373,19359,0.0,0.0,GODREJPROP.NS
2025-12-30 14:30:00+05:30,1975.0,1977.699951171875,1974.300048828125,1975.300048828125,5552,0.0,0.0,GODREJPROP.NS
2025-12-30 14:45:00+05:30,1977.699951171875,1980.0,1977.0,1978.199951171875,8367,0.0,0.0,GODREJPROP.NS
2025-12-30 15:00:00+05:30,1978.199951171875,1978.9000244140625,1974.0,1977.0,64690,0.0,0.0,GODREJPROP.NS
2025-12-30 15:15:00+05:30,1977.5,1980.0,1974.5,1979.9000244140625,65009,0.0,0.0,GODREJPROP.NS
2025-12-31 09:15:00+05:30,1984.199951171875,1995.0,1982.199951171875,1993.199951171875,9876,0.0,0.0,GODREJPROP.NS
2025-12-31 09:30:00+05:30,1991.0,1994.300048828125,1987.0,1987.0,7803,0.0,0.0,GODREJPROP.NS
2025-12-31 09:45:00+05:30,1987.0,1998.300048828125,1984.800048828125,1997.0,12511,0.0,0.0,GODREJPROP.NS
2025-12-31 10:00:00+05:30,1997.0,2000.0,1995.0,1997.800048828125,6857,0.0,0.0,GODREJPROP.NS
2025-12-31 10:15:00+05:30,1998.0,2007.800048828125,1997.5,2007.800048828125,20069,0.0,0.0,GODREJPROP.NS
2025-12-31 10:30:00+05:30,2005.9000244140625,2008.5999755859373,2003.5999755859373,2006.300048828125,14231,0.0,0.0,GODREJPROP.NS
2025-12-31 10:45:00+05:30,2006.5,2012.0,2005.300048828125,2011.0,14963,0.0,0.0,GODREJPROP.NS
2025-12-31 11:00:00+05:30,2011.699951171875,2014.300048828125,2006.300048828125,2007.0,18368,0.0,0.0,GODREJPROP.NS
2025-12-31 11:15:00+05:30,2006.9000244140625,2007.4000244140625,1998.5999755859373,1998.5999755859373,19520,0.0,0.0,GODREJPROP.NS
2025-12-31 11:30:00+05:30,1998.5999755859373,2001.199951171875,1995.800048828125,1998.699951171875,47566,0.0,0.0,GODREJPROP.NS
2025-12-31 11:45:00+05:30,1999.4000244140625,2004.199951171875,1998.0999755859373,2001.800048828125,19635,0.0,0.0,GODREJPROP.NS
2025-12-31 12:00:00+05:30,2001.4000244140625,2013.5,2000.800048828125,2012.0,16842,0.0,0.0,GODREJPROP.NS
2025-12-31 12:15:00+05:30,2013.199951171875,2016.699951171875,2011.0,2011.4000244140625,16082,0.0,0.0,GODREJPROP.NS
2025-12-31 12:30:00+05:30,2011.800048828125,2015.5,2011.699951171875,2013.5,5239,0.0,0.0,GODREJPROP.NS
2025-12-31 12:45:00+05:30,2013.5,2015.0,2012.0,2012.0,3388,0.0,0.0,GODREJPROP.NS
2025-12-31 13:00:00+05:30,2012.0,2014.800048828125,2011.5,2012.0999755859373,5541,0.0,0.0,GODREJPROP.NS
2025-12-31 13:15:00+05:30,2012.4000244140625,2012.5,2006.0,2007.0,7662,0.0,0.0,GODREJPROP.NS
2025-12-31 13:30:00+05:30,2006.0999755859373,2006.300048828125,2000.699951171875,2004.5,8125,0.0,0.0,GODREJPROP.NS
2025-12-31 13:45:00+05:30,2003.699951171875,2006.800048828125,2003.4000244140625,2004.5999755859373,3029,0.0,0.0,GODREJPROP.NS
2025-12-31 14:00:00+05:30,2004.4000244140625,2005.699951171875,2000.0,2002.5999755859373,15434,0.0,0.0,GODREJPROP.NS
2025-12-31 14:15:00+05:30,2002.9000244140625,2003.699951171875,2000.800048828125,2002.5,4166,0.0,0.0,GODREJPROP.NS
2025-12-31 14:30:00+05:30,2003.199951171875,2008.0,2000.0999755859373,2008.0,6492,0.0,0.0,GODREJPROP.NS
2025-12-31 14:45:00+05:30,2007.4000244140625,2011.4000244140625,2006.0999755859373,2011.0999755859373,11746,0.0,0.0,GODREJPROP.NS
2025-12-31 15:00:00+05:30,2011.5,2011.5,2002.699951171875,2003.199951171875,28908,0.0,0.0,GODREJPROP.NS
2025-12-31 15:15:00+05:30,2003.199951171875,2006.0999755859373,2000.800048828125,2002.0,61102,0.0,0.0,GODREJPROP.NS
2026-01-01 09:15:00+05:30,2011.0999755859373,2012.9000244140625,2004.4000244140625,2011.4000244140625,7208,0.0,0.0,GODREJPROP.NS
2026-01-01 09:30:00+05:30,2008.800048828125,2009.9000244140625,2006.5,2007.800048828125,2165,0.0,0.0,GODREJPROP.NS
2026-01-01 09:45:00+05:30,2007.5,2017.0,2005.5999755859373,2010.4000244140625,11358,0.0,0.0,GODREJPROP.NS
2026-01-01 10:00:00+05:30,2012.0,2013.4000244140625,2001.300048828125,2003.199951171875,4894,0.0,0.0,GODREJPROP.NS
2026-01-01 10:15:00+05:30,2001.5999755859373,2007.800048828125,1996.5999755859373,2006.5999755859373,10167,0.0,0.0,GODREJPROP.NS
2026-01-01 10:30:00+05:30,2006.699951171875,2010.5999755859373,2003.5,2009.4000244140625,2213,0.0,0.0,GODREJPROP.NS
2026-01-01 10:45:00+05:30,2009.800048828125,2013.4000244140625,2006.699951171875,2007.4000244140625,3028,0.0,0.0,GODREJPROP.NS
2026-01-01 11:00:00+05:30,2007.5,2011.9000244140625,2006.9000244140625,2010.0,3235,0.0,0.0,GODREJPROP.NS
2026-01-01 11:15:00+05:30,2009.5999755859373,2014.699951171875,2007.4000244140625,2014.5999755859373,3976,0.0,0.0,GODREJPROP.NS
2026-01-01 11:30:00+05:30,2014.5999755859373,2020.699951171875,2013.4000244140625,2018.0,10492,0.0,0.0,GODREJPROP.NS
2026-01-01 11:45:00+05:30,2018.0,2021.9000244140625,2016.0,2021.9000244140625,5960,0.0,0.0,GODREJPROP.NS
2026-01-01 12:00:00+05:30,2021.0,2022.699951171875,2016.5999755859373,2016.5999755859373,5530,0.0,0.0,GODREJPROP.NS
2026-01-01 12:15:00+05:30,2015.800048828125,2019.300048828125,2013.5,2018.800048828125,5718,0.0,0.0,GODREJPROP.NS
2026-01-01 12:30:00+05:30,2018.800048828125,2021.0,2017.0999755859373,2020.0,2785,0.0,0.0,GODREJPROP.NS
2026-01-01 12:45:00+05:30,2019.5999755859373,2025.300048828125,2018.5999755859373,2023.9000244140625,9686,0.0,0.0,GODREJPROP.NS
2026-01-01 13:00:00+05:30,2024.0999755859373,2025.5999755859373,2024.0,2024.5,4766,0.0,0.0,GODREJPROP.NS
2026-01-01 13:15:00+05:30,2025.4000244140625,2028.9000244140625,2023.9000244140625,2028.5,6361,0.0,0.0,GODREJPROP.NS
2026-01-01 13:30:00+05:30,2028.5,2029.5,2023.5,2026.5,8008,0.0,0.0,GODREJPROP.NS
2026-01-01 13:45:00+05:30,2026.5,2026.800048828125,2021.199951171875,2022.9000244140625,3163,0.0,0.0,GODREJPROP.NS
2026-01-01 14:00:00+05:30,2022.0,2025.0999755859373,2019.199951171875,2022.5999755859373,6326,0.0,0.0,GODREJPROP.NS
2026-01-01 14:15:00+05:30,2022.699951171875,2026.300048828125,2017.9000244140625,2021.5,15104,0.0,0.0,GODREJPROP.NS
2026-01-01 14:30:00+05:30,2020.800048828125,2022.699951171875,2020.300048828125,2022.0999755859373,3019,0.0,0.0,GODREJPROP.NS
2026-01-01 14:45:00+05:30,2022.0999755859373,2025.4000244140625,2020.0999755859373,2024.5,5956,0.0,0.0,GODREJPROP.NS
2026-01-01 15:00:00+05:30,2025.4000244140625,2025.800048828125,2012.5,2015.0999755859373,52342,0.0,0.0,GODREJPROP.NS
2026-01-01 15:15:00+05:30,2015.0,2022.5,2012.9000244140625,2022.0,80623,0.0,0.0,GODREJPROP.NS
2026-01-02 09:15:00+05:30,2026.0,2032.4000244140625,2018.0,2030.5999755859373,6445,0.0,0.0,GODREJPROP.NS
2026-01-02 09:30:00+05:30,2031.199951171875,2032.0,2025.5999755859373,2027.9000244140625,6736,0.0,0.0,GODREJPROP.NS
2026-01-02 09:45:00+05:30,2029.300048828125,2034.199951171875,2025.800048828125,2032.699951171875,13478,0.0,0.0,GODREJPROP.NS
2026-01-02 10:00:00+05:30,2033.300048828125,2039.9000244140625,2032.699951171875,2039.0,13719,0.0,0.0,GODREJPROP.NS
2026-01-02 10:15:00+05:30,2039.300048828125,2045.4000244140625,2038.199951171875,2045.199951171875,22523,0.0,0.0,GODREJPROP.NS
2026-01-02 10:30:00+05:30,2046.0,2055.0,2041.0,2052.5,22307,0.0,0.0,GODREJPROP.NS
2026-01-02 10:45:00+05:30,2053.300048828125,2062.0,2052.199951171875,2061.800048828125,17157,0.0,0.0,GODREJPROP.NS
2026-01-02 11:00:00+05:30,2061.5,2067.0,2058.5,2063.0,26570,0.0,0.0,GODREJPROP.NS
2026-01-02 11:15:00+05:30,2063.300048828125,2063.699951171875,2059.199951171875,2060.0,11151,0.0,0.0,GODREJPROP.NS
2026-01-02 11:30:00+05:30,2060.800048828125,2061.300048828125,2051.89990234375,2054.10009765625,8117,0.0,0.0,GODREJPROP.NS
2026-01-02 11:45:00+05:30,2054.0,2060.300048828125,2052.5,2058.300048828125,9973,0.0,0.0,GODREJPROP.NS
2026-01-02 12:00:00+05:30,2058.699951171875,2059.89990234375,2056.0,2059.800048828125,5573,0.0,0.0,GODREJPROP.NS
2026-01-02 12:15:00+05:30,2059.199951171875,2060.300048828125,2056.199951171875,2057.39990234375,5083,0.0,0.0,GODREJPROP.NS
2026-01-02 12:30:00+05:30,2057.39990234375,2059.89990234375,2055.300048828125,2059.800048828125,3447,0.0,0.0,GODREJPROP.NS
2026-01-02 12:45:00+05:30,2059.300048828125,2061.800048828125,2059.300048828125,2061.0,4176,0.0,0.0,GODREJPROP.NS
2026-01-02 13:00:00+05:30,2060.699951171875,2063.5,2059.39990234375,2063.5,5558,0.0,0.0,GODREJPROP.NS
2026-01-02 13:15:00+05:30,2063.300048828125,2065.0,2059.5,2062.800048828125,5729,0.0,0.0,GODREJPROP.NS
2026-01-02 13:30:00+05:30,2062.800048828125,2064.5,2060.699951171875,2062.800048828125,4237,0.0,0.0,GODREJPROP.NS
2026-01-02 13:45:00+05:30,2062.800048828125,2064.0,2061.199951171875,2063.0,4826,0.0,0.0,GODREJPROP.NS
2026-01-02 14:00:00+05:30,2062.89990234375,2067.0,2062.89990234375,2066.89990234375,5876,0.0,0.0,GODREJPROP.NS
2026-01-02 14:15:00+05:30,2066.89990234375,2068.60009765625,2065.10009765625,2066.39990234375,10015,0.0,0.0,GODREJPROP.NS
2026-01-02 14:30:00+05:30,2066.5,2066.89990234375,2060.39990234375,2063.199951171875,10721,0.0,0.0,GODREJPROP.NS
2026-01-02 14:45:00+05:30,2063.199951171875,2065.0,2060.89990234375,2064.60009765625,5913,0.0,0.0,GODREJPROP.NS
2026-01-02 15:00:00+05:30,2066.699951171875,2069.0,2063.10009765625,2067.800048828125,19615,0.0,0.0,GODREJPROP.NS
2026-01-02 15:15:00+05:30,2067.39990234375,2071.5,2066.199951171875,2069.800048828125,52728,0.0,0.0,GODREJPROP.NS
2026-01-05 09:15:00+05:30,2069.0,2076.0,2059.0,2073.300048828125,49848,0.0,0.0,GODREJPROP.NS
2026-01-05 09:30:00+05:30,2072.800048828125,2084.39990234375,2071.10009765625,2076.39990234375,81438,0.0,0.0,GODREJPROP.NS
2026-01-05 09:45:00+05:30,2077.60009765625,2080.699951171875,2067.199951171875,2068.0,21333,0.0,0.0,GODREJPROP.NS
2026-01-05 10:00:00+05:30,2067.60009765625,2075.10009765625,2067.300048828125,2072.5,112910,0.0,0.0,GODREJPROP.NS
2026-01-05 10:15:00+05:30,2073.0,2088.0,2072.39990234375,2085.0,63876,0.0,0.0,GODREJPROP.NS
2026-01-05 10:30:00+05:30,2085.0,2095.800048828125,2083.89990234375,2095.0,47869,0.0,0.0,GODREJPROP.NS
2026-01-05 10:45:00+05:30,2095.0,2100.699951171875,2090.800048828125,2090.800048828125,55761,0.0,0.0,GODREJPROP.NS
2026-01-05 11:00:00+05:30,2090.89990234375,2099.800048828125,2090.199951171875,2098.10009765625,29921,0.0,0.0,GODREJPROP.NS
2026-01-05 11:15:00+05:30,2098.5,2111.5,2097.60009765625,2110.0,48692,0.0,0.0,GODREJPROP.NS
2026-01-05 11:30:00+05:30,2109.89990234375,2113.5,2106.199951171875,2107.800048828125,87828,0.0,0.0,GODREJPROP.NS
2026-01-05 11:45:00+05:30,2108.10009765625,2109.699951171875,2099.89990234375,2103.699951171875,66357,0.0,0.0,GODREJPROP.NS
2026-01-05 12:00:00+05:30,2103.5,2104.800048828125,2100.300048828125,2100.699951171875,37584,0.0,0.0,GODREJPROP.NS
2026-01-05 12:15:00+05:30,2100.300048828125,2108.10009765625,2097.0,2107.5,21217,0.0,0.0,GODREJPROP.NS
2026-01-05 12:30:00+05:30,2106.699951171875,2119.10009765625,2106.699951171875,2117.39990234375,88842,0.0,0.0,GODREJPROP.NS
2026-01-05 12:45:00+05:30,2117.199951171875,2121.60009765625,2110.199951171875,2111.300048828125,50465,0.0,0.0,GODREJPROP.NS
2026-01-05 13:00:00+05:30,2111.89990234375,2115.5,2109.10009765625,2110.60009765625,35880,0.0,0.0,GODREJPROP.NS
2026-01-05 13:15:00+05:30,2110.199951171875,2111.800048828125,2105.699951171875,2109.699951171875,44190,0.0,0.0,GODREJPROP.NS
2026-01-05 13:30:00+05:30,2109.699951171875,2118.60009765625,2105.699951171875,2115.199951171875,38574,0.0,0.0,GODREJPROP.NS
2026-01-05 13:45:00+05:30,2115.89990234375,2117.199951171875,2094.0,2097.39990234375,67703,0.0,0.0,GODREJPROP.NS
2026-01-05 14:00:00+05:30,2096.39990234375,2110.199951171875,2094.60009765625,2103.60009765625,82798,0.0,0.0,GODREJPROP.NS
2026-01-05 14:15:00+05:30,2103.39990234375,2104.0,2097.5,2102.10009765625,37953,0.0,0.0,GODREJPROP.NS
2026-01-05 14:30:00+05:30,2102.89990234375,2114.10009765625,2102.800048828125,2114.10009765625,45677,0.0,0.0,GODREJPROP.NS
2026-01-05 14:45:00+05:30,2113.5,2127.5,2111.800048828125,2126.39990234375,43192,0.0,0.0,GODREJPROP.NS
2026-01-05 15:00:00+05:30,2126.39990234375,2128.5,2119.0,2125.800048828125,45332,0.0,0.0,GODREJPROP.NS
2026-01-05 15:15:00+05:30,2125.0,2126.60009765625,2119.10009765625,2124.199951171875,55690,0.0,0.0,GODREJPROP.NS
2026-01-06 09:15:00+05:30,2129.39990234375,2134.800048828125,2124.0,2127.10009765625,22534,0.0,0.0,GODREJPROP.NS
2026-01-06 09:30:00+05:30,2126.89990234375,2143.0,2121.0,2137.0,29855,0.0,0.0,GODREJPROP.NS
2026-01-06 09:45:00+05:30,2137.0,2137.199951171875,2129.10009765625,2133.300048828125,14626,0.0,0.0,GODREJPROP.NS
2026-01-06 10:00:00+05:30,2133.5,2136.89990234375,2129.699951171875,2129.800048828125,17801,0.0,0.0,GODREJPROP.NS
2026-01-06 10:15:00+05:30,2130.199951171875,2132.0,2120.0,2124.800048828125,21898,0.0,0.0,GODREJPROP.NS
2026-01-06 10:30:00+05:30,2124.800048828125,2129.0,2121.10009765625,2128.39990234375,16320,0.0,0.0,GODREJPROP.NS
2026-01-06 10:45:00+05:30,2127.10009765625,2128.10009765625,2122.0,2122.60009765625,6349,0.0,0.0,GODREJPROP.NS
2026-01-06 11:00:00+05:30,2122.60009765625,2126.60009765625,2114.199951171875,2114.199951171875,12287,0.0,0.0,GODREJPROP.NS
2026-01-06 11:15:00+05:30,2114.199951171875,2114.89990234375,2107.10009765625,2112.0,15099,0.0,0.0,GODREJPROP.NS
2026-01-06 11:30:00+05:30,2112.300048828125,2119.699951171875,2111.39990234375,2118.800048828125,7340,0.0,0.0,GODREJPROP.NS
2026-01-06 11:45:00+05:30,2118.89990234375,2121.89990234375,2118.199951171875,2120.300048828125,7632,0.0,0.0,GODREJPROP.NS
2026-01-06 12:00:00+05:30,2119.89990234375,2120.300048828125,2113.10009765625,2114.699951171875,6173,0.0,0.0,GODREJPROP.NS
2026-01-06 12:15:00+05:30,2115.10009765625,2116.60009765625,2110.5,2114.800048828125,7130,0.0,0.0,GODREJPROP.NS
2026-01-06 12:30:00+05:30,2114.699951171875,2119.300048828125,2112.199951171875,2117.300048828125,7160,0.0,0.0,GODREJPROP.NS
2026-01-06 12:45:00+05:30,2117.39990234375,2126.0,2117.199951171875,2126.0,5758,0.0,0.0,GODREJPROP.NS
2026-01-06 13:00:00+05:30,2126.5,2128.699951171875,2122.10009765625,2123.39990234375,8205,0.0,0.0,GODREJPROP.NS
2026-01-06 13:15:00+05:30,2124.0,2126.300048828125,2122.5,2124.10009765625,3564,0.0,0.0,GODREJPROP.NS
2026-01-06 13:30:00+05:30,2124.60009765625,2124.800048828125,2121.0,2124.10009765625,2944,0.0,0.0,GODREJPROP.NS
2026-01-06 13:45:00+05:30,2124.10009765625,2125.800048828125,2121.0,2121.60009765625,4201,0.0,0.0,GODREJPROP.NS
2026-01-06 14:00:00+05:30,2122.10009765625,2124.0,2116.0,2116.5,6485,0.0,0.0,GODREJPROP.NS
2026-01-06 14:15:00+05:30,2116.10009765625,2116.10009765625,2107.39990234375,2110.5,15223,0.0,0.0,GODREJPROP.NS
2026-01-06 14:30:00+05:30,2110.5,2117.0,2107.5,2113.60009765625,12245,0.0,0.0,GODREJPROP.NS
2026-01-06 14:45:00+05:30,2113.5,2121.199951171875,2113.5,2121.199951171875,14850,0.0,0.0,GODREJPROP.NS
2026-01-06 15:00:00+05:30,2123.199951171875,2129.0,2123.199951171875,2126.89990234375,56500,0.0,0.0,GODREJPROP.NS
2026-01-06 15:15:00+05:30,2127.199951171875,2131.39990234375,2122.800048828125,2127.89990234375,66120,0.0,0.0,GODREJPROP.NS
2026-01-07 09:15:00+05:30,2126.0,2126.0,2106.0,2110.39990234375,11635,0.0,0.0,GODREJPROP.NS
2026-01-07 09:30:00+05:30,2110.300048828125,2112.300048828125,2103.10009765625,2105.60009765625,29059,0.0,0.0,GODREJPROP.NS
2026-01-07 09:45:00+05:30,2105.10009765625,2115.89990234375,2097.89990234375,2114.199951171875,30495,0.0,0.0,GODREJPROP.NS
2026-01-07 10:00:00+05:30,2113.199951171875,2147.5,2111.300048828125,2147.10009765625,80716,0.0,0.0,GODREJPROP.NS
2026-01-07 10:15:00+05:30,2147.0,2153.0,2133.300048828125,2142.699951171875,50577,0.0,0.0,GODREJPROP.NS
2026-01-07 10:30:00+05:30,2142.0,2146.800048828125,2137.0,2137.0,16190,0.0,0.0,GODREJPROP.NS
2026-01-07 10:45:00+05:30,2136.89990234375,2147.10009765625,2133.300048828125,2141.89990234375,24194,0.0,0.0,GODREJPROP.NS
2026-01-07 11:00:00+05:30,2141.60009765625,2146.5,2137.89990234375,2141.699951171875,10036,0.0,0.0,GODREJPROP.NS
2026-01-07 11:15:00+05:30,2140.60009765625,2143.10009765625,2135.699951171875,2141.0,11009,0.0,0.0,GODREJPROP.NS
2026-01-07 11:30:00+05:30,2140.89990234375,2145.89990234375,2138.199951171875,2141.199951171875,8117,0.0,0.0,GODREJPROP.NS
2026-01-07 11:45:00+05:30,2141.300048828125,2142.0,2134.800048828125,2135.10009765625,10424,0.0,0.0,GODREJPROP.NS
2026-01-07 12:00:00+05:30,2135.10009765625,2138.60009765625,2129.800048828125,2132.199951171875,28429,0.0,0.0,GODREJPROP.NS
2026-01-07 12:15:00+05:30,2132.199951171875,2132.800048828125,2123.199951171875,2126.0,20712,0.0,0.0,GODREJPROP.NS
2026-01-07 12:30:00+05:30,2126.0,2133.60009765625,2123.699951171875,2127.800048828125,13388,0.0,0.0,GODREJPROP.NS
2026-01-07 12:45:00+05:30,2127.199951171875,2133.60009765625,2125.89990234375,2128.10009765625,4811,0.0,0.0,GODREJPROP.NS
2026-01-07 13:00:00+05:30,2127.89990234375,2132.0,2120.5,2130.300048828125,16147,0.0,0.0,GODREJPROP.NS
2026-01-07 13:15:00+05:30,2129.89990234375,2135.89990234375,2121.199951171875,2122.199951171875,25058,0.0,0.0,GODREJPROP.NS
2026-01-07 13:30:00+05:30,2121.89990234375,2130.699951171875,2121.5,2130.5,7128,0.0,0.0,GODREJPROP.NS
2026-01-07 13:45:00+05:30,2129.39990234375,2136.89990234375,2123.800048828125,2135.60009765625,17694,0.0,0.0,GODREJPROP.NS
2026-01-07 14:00:00+05:30,2137.699951171875,2142.89990234375,2131.699951171875,2138.699951171875,26000,0.0,0.0,GODREJPROP.NS
2026-01-07 14:15:00+05:30,2138.60009765625,2140.0,2131.10009765625,2132.800048828125,7821,0.0,0.0,GODREJPROP.NS
2026-01-07 14:30:00+05:30,2132.800048828125,2136.199951171875,2130.60009765625,2136.0,6329,0.0,0.0,GODREJPROP.NS
2026-01-07 14:45:00+05:30,2134.699951171875,2146.199951171875,2133.89990234375,2144.89990234375,23836,0.0,0.0,GODREJPROP.NS
2026-01-07 15:00:00+05:30,2145.800048828125,2146.5,2136.60009765625,2141.39990234375,29306,0.0,0.0,GODREJPROP.NS
2026-01-07 15:15:00+05:30,2141.199951171875,2141.5,2133.39990234375,2138.199951171875,44527,0.0,0.0,GODREJPROP.NS
2026-01-08 09:15:00+05:30,2138.199951171875,2165.0,2136.300048828125,2151.199951171875,58349,0.0,0.0,GODREJPROP.NS
2026-01-08 09:30:00+05:30,2151.0,2161.89990234375,2135.0,2158.10009765625,29603,0.0,0.0,GODREJPROP.NS
2026-01-08 09:45:00+05:30,2157.89990234375,2157.89990234375,2144.199951171875,2150.39990234375,27925,0.0,0.0,GODREJPROP.NS
2026-01-08 10:00:00+05:30,2150.39990234375,2151.39990234375,2132.5,2137.5,29870,0.0,0.0,GODREJPROP.NS
2026-01-08 10:15:00+05:30,2137.5,2137.5,2128.0,2131.300048828125,13771,0.0,0.0,GODREJPROP.NS
2026-01-08 10:30:00+05:30,2131.800048828125,2131.800048828125,2123.39990234375,2128.10009765625,14107,0.0,0.0,GODREJPROP.NS
2026-01-08 10:45:00+05:30,2126.89990234375,2126.89990234375,2114.800048828125,2114.800048828125,9835,0.0,0.0,GODREJPROP.NS
2026-01-08 11:00:00+05:30,2114.699951171875,2116.300048828125,2110.800048828125,2113.0,7409,0.0,0.0,GODREJPROP.NS
2026-01-08 11:15:00+05:30,2112.199951171875,2117.5,2104.10009765625,2104.699951171875,7688,0.0,0.0,GODREJPROP.NS
2026-01-08 11:30:00+05:30,2104.699951171875,2112.5,2101.39990234375,2109.0,13204,0.0,0.0,GODREJPROP.NS
2026-01-08 11:45:00+05:30,2109.10009765625,2117.39990234375,2106.0,2106.5,8156,0.0,0.0,GODREJPROP.NS
2026-01-08 12:00:00+05:30,2105.300048828125,2109.89990234375,2096.300048828125,2108.800048828125,12406,0.0,0.0,GODREJPROP.NS
2026-01-08 12:15:00+05:30,2108.39990234375,2111.39990234375,2104.39990234375,2108.60009765625,4878,0.0,0.0,GODREJPROP.NS
2026-01-08 12:30:00+05:30,2108.0,2109.10009765625,2101.300048828125,2102.89990234375,2174,0.0,0.0,GODREJPROP.NS
2026-01-08 12:45:00+05:30,2102.60009765625,2111.0,2100.0,2105.199951171875,5240,0.0,0.0,GODREJPROP.NS
2026-01-08 13:00:00+05:30,2103.39990234375,2109.5,2101.60009765625,2106.800048828125,3400,0.0,0.0,GODREJPROP.NS
2026-01-08 13:15:00+05:30,2106.10009765625,2106.5,2093.0,2093.199951171875,6811,0.0,0.0,GODREJPROP.NS
2026-01-08 13:30:00+05:30,2094.39990234375,2097.0,2091.10009765625,2093.39990234375,5514,0.0,0.0,GODREJPROP.NS
2026-01-08 13:45:00+05:30,2095.199951171875,2104.800048828125,2093.10009765625,2101.0,6200,0.0,0.0,GODREJPROP.NS
2026-01-08 14:00:00+05:30,2101.39990234375,2102.60009765625,2096.10009765625,2098.5,3073,0.0,0.0,GODREJPROP.NS
2026-01-08 14:15:00+05:30,2104.89990234375,2104.89990234375,2092.0,2093.0,11727,0.0,0.0,GODREJPROP.NS
2026-01-08 14:30:00+05:30,2093.0,2107.0,2092.5,2105.0,14295,0.0,0.0,GODREJPROP.NS
2026-01-08 14:45:00+05:30,2105.0,2111.300048828125,2101.800048828125,2109.699951171875,15432,0.0,0.0,GODREJPROP.NS
2026-01-08 15:00:00+05:30,2112.300048828125,2112.300048828125,2093.39990234375,2097.89990234375,40933,0.0,0.0,GODREJPROP.NS
2026-01-08 15:15:00+05:30,2097.39990234375,2097.89990234375,2088.0,2095.10009765625,49894,0.0,0.0,GODREJPROP.NS
2026-01-09 09:15:00+05:30,2087.0,2087.0,2029.800048828125,2029.800048828125,63749,0.0,0.0,GODREJPROP.NS
2026-01-09 09:30:00+05:30,2028.699951171875,2031.0,2000.4000244140625,2013.699951171875,140744,0.0,0.0,GODREJPROP.NS
2026-01-09 09:45:00+05:30,2014.300048828125,2046.300048828125,2011.0,2041.5999755859373,188752,0.0,0.0,GODREJPROP.NS
2026-01-09 10:00:00+05:30,2040.300048828125,2041.800048828125,2019.0,2025.300048828125,65990,0.0,0.0,GODREJPROP.NS
2026-01-09 10:15:00+05:30,2024.5999755859373,2033.0,2015.0999755859373,2028.0,129260,0.0,0.0,GODREJPROP.NS
2026-01-09 10:30:00+05:30,2027.0,2027.5999755859373,2016.9000244140625,2024.0,36356,0.0,0.0,GODREJPROP.NS
2026-01-09 10:45:00+05:30,2024.4000244140625,2031.5999755859373,2006.300048828125,2009.800048828125,57247,0.0,0.0,GODREJPROP.NS
2026-01-09 11:00:00+05:30,2009.4000244140625,2011.199951171875,2002.4000244140625,2006.5999755859373,46717,0.0,0.0,GODREJPROP.NS
2026-01-09 11:15:00+05:30,2006.0999755859373,2008.0,1995.0999755859373,2000.0,99753,0.0,0.0,GODREJPROP.NS
2026-01-09 11:30:00+05:30,2000.0,2016.800048828125,2000.0,2010.699951171875,52494,0.0,0.0,GODREJPROP.NS
2026-01-09 11:45:00+05:30,2011.4000244140625,2011.5,1992.0,1992.9000244140625,56822,0.0,0.0,GODREJPROP.NS
2026-01-09 12:00:00+05:30,1993.5,2003.4000244140625,1988.699951171875,2000.0999755859373,126557,0.0,0.0,GODREJPROP.NS
2026-01-09 12:15:00+05:30,1999.5,2004.4000244140625,1997.5999755859373,1997.699951171875,18716,0.0,0.0,GODREJPROP.NS
2026-01-09 12:30:00+05:30,1997.699951171875,2002.800048828125,1997.0999755859373,2001.699951171875,69047,0.0,0.0,GODREJPROP.NS
2026-01-09 12:45:00+05:30,2001.0999755859373,2005.5999755859373,1997.300048828125,2002.0,95006,0.0,0.0,GODREJPROP.NS
2026-01-09 13:00:00+05:30,2003.4000244140625,2004.9000244140625,1995.5,1998.300048828125,14378,0.0,0.0,GODREJPROP.NS
2026-01-09 13:15:00+05:30,1998.300048828125,2003.5,1997.0,2001.5999755859373,15541,0.0,0.0,GODREJPROP.NS
2026-01-09 13:30:00+05:30,2001.5999755859373,2004.4000244140625,1996.0999755859373,1996.5999755859373,19513,0.0,0.0,GODREJPROP.NS
2026-01-09 13:45:00+05:30,1996.5,1999.5,1991.4000244140625,1999.0,38852,0.0,0.0,GODREJPROP.NS
2026-01-09 14:00:00+05:30,1999.0,2000.0,1996.0,1997.800048828125,25328,0.0,0.0,GODREJPROP.NS
2026-01-09 14:15:00+05:30,1997.800048828125,1999.9000244140625,1985.300048828125,1985.5,101044,0.0,0.0,GODREJPROP.NS
2026-01-09 14:30:00+05:30,1985.5,1995.0,1983.0,1993.800048828125,49530,0.0,0.0,GODREJPROP.NS
2026-01-09 14:45:00+05:30,1994.0,1998.5999755859373,1990.0,1995.699951171875,52787,0.0,0.0,GODREJPROP.NS
2026-01-09 15:00:00+05:30,1998.4000244140625,1998.4000244140625,1986.5,1993.800048828125,110997,0.0,0.0,GODREJPROP.NS
2026-01-09 15:15:00+05:30,1993.4000244140625,1996.5999755859373,1990.0,1990.0,85500,0.0,0.0,GODREJPROP.NS
2026-01-12 09:15:00+05:30,1995.0,1996.199951171875,1950.300048828125,1950.9000244140625,38856,0.0,0.0,GODREJPROP.NS
2026-01-12 09:30:00+05:30,1950.5,1978.0999755859373,1950.5,1974.5,59723,0.0,0.0,GODREJPROP.NS
2026-01-12 09:45:00+05:30,1973.0999755859373,1977.5999755859373,1958.0999755859373,1962.699951171875,55379,0.0,0.0,GODREJPROP.NS
2026-01-12 10:00:00+05:30,1962.699951171875,1978.4000244140625,1959.300048828125,1964.5999755859373,61252,0.0,0.0,GODREJPROP.NS
2026-01-12 10:15:00+05:30,1964.0,1972.9000244140625,1959.199951171875,1967.0,49306,0.0,0.0,GODREJPROP.NS
2026-01-12 10:30:00+05:30,1966.699951171875,1969.699951171875,1951.300048828125,1951.5999755859373,79597,0.0,0.0,GODREJPROP.NS
2026-01-12 10:45:00+05:30,1951.800048828125,1952.300048828125,1938.199951171875,1938.5999755859373,296281,0.0,0.0,GODREJPROP.NS
2026-01-12 11:00:00+05:30,1937.0999755859373,1941.699951171875,1928.0999755859373,1929.9000244140625,66831,0.0,0.0,GODREJPROP.NS
2026-01-12 11:15:00+05:30,1930.0,1931.4000244140625,1915.0,1917.800048828125,195123,0.0,0.0,GODREJPROP.NS
2026-01-12 11:30:00+05:30,1918.199951171875,1924.0,1910.0,1913.9000244140625,103296,0.0,0.0,GODREJPROP.NS
2026-01-12 11:45:00+05:30,1913.699951171875,1920.5,1911.4000244140625,1915.5999755859373,29231,0.0,0.0,GODREJPROP.NS
2026-01-12 12:00:00+05:30,1915.5999755859373,1927.699951171875,1914.800048828125,1927.699951171875,49354,0.0,0.0,GODREJPROP.NS
2026-01-12 12:15:00+05:30,1927.0999755859373,1930.699951171875,1918.800048828125,1921.300048828125,74204,0.0,0.0,GODREJPROP.NS
2026-01-12 12:30:00+05:30,1921.199951171875,1935.0999755859373,1921.199951171875,1928.0,67216,0.0,0.0,GODREJPROP.NS
2026-01-12 12:45:00+05:30,1928.9000244140625,1935.0,1924.300048828125,1927.199951171875,35128,0.0,0.0,GODREJPROP.NS
2026-01-12 13:00:00+05:30,1928.0,1928.0,1915.4000244140625,1923.5,41689,0.0,0.0,GODREJPROP.NS
2026-01-12 13:15:00+05:30,1923.199951171875,1924.300048828125,1915.199951171875,1916.0,32633,0.0,0.0,GODREJPROP.NS
2026-01-12 13:30:00+05:30,1916.0,1934.5999755859373,1915.5,1926.0,47611,0.0,0.0,GODREJPROP.NS
2026-01-12 13:45:00+05:30,1926.0,1930.5,1921.9000244140625,1925.0,25761,0.0,0.0,GODREJPROP.NS
2026-01-12 14:00:00+05:30,1925.5999755859373,1925.9000244140625,1921.0,1922.5,24691,0.0,0.0,GODREJPROP.NS
2026-01-12 14:15:00+05:30,1922.5,1930.0999755859373,1920.0,1926.800048828125,31903,0.0,0.0,GODREJPROP.NS
2026-01-12 14:30:00+05:30,1926.9000244140625,1928.5,1917.699951171875,1927.800048828125,39380,0.0,0.0,GODREJPROP.NS
2026-01-12 14:45:00+05:30,1928.4000244140625,1936.9000244140625,1925.0999755859373,1934.199951171875,64948,0.0,0.0,GODREJPROP.NS
2026-01-12 15:00:00+05:30,1933.0999755859373,1934.5,1926.0999755859373,1929.199951171875,95736,0.0,0.0,GODREJPROP.NS
2026-01-12 15:15:00+05:30,1929.5999755859373,1933.9000244140625,1929.199951171875,1930.4000244140625,103133,0.0,0.0,GODREJPROP.NS
2026-01-13 09:15:00+05:30,1940.0,1953.9000244140625,1906.0,1906.300048828125,100496,0.0,0.0,GODREJPROP.NS
2026-01-13 09:30:00+05:30,1906.0,1907.0,1886.5999755859373,1889.5,181376,0.0,0.0,GODREJPROP.NS
2026-01-13 09:45:00+05:30,1890.800048828125,1906.0,1883.199951171875,1884.0999755859373,128962,0.0,0.0,GODREJPROP.NS
2026-01-13 10:00:00+05:30,1884.5,1920.199951171875,1880.9000244140625,1899.9000244140625,174479,0.0,0.0,GODREJPROP.NS
2026-01-13 10:15:00+05:30,1899.5,1917.0,1895.4000244140625,1913.0,81814,0.0,0.0,GODREJPROP.NS
2026-01-13 10:30:00+05:30,1912.800048828125,1914.199951171875,1892.800048828125,1895.699951171875,52983,0.0,0.0,GODREJPROP.NS
2026-01-13 10:45:00+05:30,1895.800048828125,1897.4000244140625,1888.4000244140625,1892.699951171875,46428,0.0,0.0,GODREJPROP.NS
2026-01-13 11:00:00+05:30,1893.0999755859373,1894.9000244140625,1888.0,1892.0,31247,0.0,0.0,GODREJPROP.NS
2026-01-13 11:15:00+05:30,1892.0,1893.0,1885.5,1892.199951171875,136823,0.0,0.0,GODREJPROP.NS
2026-01-13 11:30:00+05:30,1892.9000244140625,1900.9000244140625,1888.300048828125,1889.199951171875,50115,0.0,0.0,GODREJPROP.NS
2026-01-13 11:45:00+05:30,1889.5,1890.699951171875,1888.0,1890.699951171875,5834,0.0,0.0,GODREJPROP.NS
2026-01-13 12:00:00+05:30,1894.0999755859373,1894.0999755859373,1884.0999755859373,1884.0999755859373,74489,0.0,0.0,GODREJPROP.NS
2026-01-13 12:15:00+05:30,1884.300048828125,1890.699951171875,1883.699951171875,1887.9000244140625,27273,0.0,0.0,GODREJPROP.NS
2026-01-13 12:30:00+05:30,1888.699951171875,1888.699951171875,1880.0,1884.5,40198,0.0,0.0,GODREJPROP.NS
2026-01-13 12:45:00+05:30,1885.300048828125,1891.0999755859373,1881.199951171875,1884.0999755859373,45923,0.0,0.0,GODREJPROP.NS
2026-01-13 13:00:00+05:30,1884.800048828125,1889.699951171875,1881.0,1886.5,35888,0.0,0.0,GODREJPROP.NS
2026-01-13 13:15:00+05:30,1887.5,1892.199951171875,1882.4000244140625,1889.0,46582,0.0,0.0,GODREJPROP.NS
2026-01-13 13:30:00+05:30,1888.699951171875,1891.800048828125,1885.0,1887.4000244140625,36510,0.0,0.0,GODREJPROP.NS
2026-01-13 13:45:00+05:30,1887.5999755859373,1890.0999755859373,1883.800048828125,1883.800048828125,42800,0.0,0.0,GODREJPROP.NS
2026-01-13 14:00:00+05:30,1883.800048828125,1884.5,1865.5999755859373,1867.5999755859373,89345,0.0,0.0,GODREJPROP.NS
2026-01-13 14:15:00+05:30,1868.0,1869.5,1858.0999755859373,1859.199951171875,60378,0.0,0.0,GODREJPROP.NS
2026-01-13 14:30:00+05:30,1859.699951171875,1873.9000244140625,1858.0,1869.9000244140625,109654,0.0,0.0,GODREJPROP.NS
2026-01-13 14:45:00+05:30,1869.9000244140625,1881.9000244140625,1869.9000244140625,1876.9000244140625,96149,0.0,0.0,GODREJPROP.NS
2026-01-13 15:00:00+05:30,1876.9000244140625,1883.800048828125,1876.9000244140625,1883.0,120298,0.0,0.0,GODREJPROP.NS
2026-01-13 15:15:00+05:30,1883.199951171875,1885.4000244140625,1870.0,1870.0,153600,0.0,0.0,GODREJPROP.NS
2026-01-14 09:15:00+05:30,1874.9000244140625,1874.9000244140625,1854.800048828125,1870.5999755859373,60207,0.0,0.0,GODREJPROP.NS
2026-01-14 09:30:00+05:30,1870.5999755859373,1874.9000244140625,1858.300048828125,1858.699951171875,51445,0.0,0.0,GODREJPROP.NS
2026-01-14 09:45:00+05:30,1858.9000244140625,1867.9000244140625,1855.0,1857.5999755859373,50358,0.0,0.0,GODREJPROP.NS
2026-01-14 10:00:00+05:30,1857.0,1860.0999755859373,1853.0,1853.699951171875,46268,0.0,0.0,GODREJPROP.NS
2026-01-14 10:15:00+05:30,1853.699951171875,1866.4000244140625,1851.0999755859373,1862.5999755859373,42133,0.0,0.0,GODREJPROP.NS
2026-01-14 10:30:00+05:30,1861.9000244140625,1865.699951171875,1856.5,1857.800048828125,17763,0.0,0.0,GODREJPROP.NS
2026-01-14 10:45:00+05:30,1857.9000244140625,1858.699951171875,1852.5,1853.0,47209,0.0,0.0,GODREJPROP.NS
2026-01-14 11:00:00+05:30,1853.9000244140625,1858.9000244140625,1851.5999755859373,1854.4000244140625,45600,0.0,0.0,GODREJPROP.NS
2026-01-14 11:15:00+05:30,1855.0999755859373,1866.0999755859373,1854.5999755859373,1863.199951171875,34809,0.0,0.0,GODREJPROP.NS
2026-01-14 11:30:00+05:30,1863.199951171875,1872.199951171875,1863.199951171875,1870.800048828125,44011,0.0,0.0,GODREJPROP.NS
2026-01-14 11:45:00+05:30,1871.0,1876.4000244140625,1866.5,1874.0,29031,0.0,0.0,GODREJPROP.NS
2026-01-14 12:00:00+05:30,1874.0,1875.9000244140625,1862.300048828125,1864.699951171875,19544,0.0,0.0,GODREJPROP.NS
2026-01-14 12:15:00+05:30,1864.0,1871.199951171875,1860.4000244140625,1864.699951171875,11772,0.0,0.0,GODREJPROP.NS
2026-01-14 12:30:00+05:30,1864.699951171875,1868.5999755859373,1862.5,1863.300048828125,10995,0.0,0.0,GODREJPROP.NS
2026-01-14 12:45:00+05:30,1863.300048828125,1866.0,1858.9000244140625,1860.9000244140625,12960,0.0,0.0,GODREJPROP.NS
2026-01-14 13:00:00+05:30,1861.0,1868.0,1860.199951171875,1865.800048828125,16265,0.0,0.0,GODREJPROP.NS
2026-01-14 13:15:00+05:30,1866.0,1866.0,1858.4000244140625,1860.5999755859373,16864,0.0,0.0,GODREJPROP.NS
2026-01-14 13:30:00+05:30,1860.9000244140625,1864.0,1858.5999755859373,1860.0,12136,0.0,0.0,GODREJPROP.NS
2026-01-14 13:45:00+05:30,1859.800048828125,1861.199951171875,1852.5,1854.699951171875,20274,0.0,0.0,GODREJPROP.NS
2026-01-14 14:00:00+05:30,1854.0999755859373,1857.0,1853.5,1855.5,10482,0.0,0.0,GODREJPROP.NS
2026-01-14 14:15:00+05:30,1856.0,1861.800048828125,1853.199951171875,1854.0999755859373,46011,0.0,0.0,GODREJPROP.NS
2026-01-14 14:30:00+05:30,1854.0999755859373,1862.0,1853.199951171875,1861.699951171875,22136,0.0,0.0,GODREJPROP.NS
2026-01-14 14:45:00+05:30,1862.0,1871.4000244140625,1861.5,1869.0,52255,0.0,0.0,GODREJPROP.NS
2026-01-14 15:00:00+05:30,1867.9000244140625,1875.0,1865.699951171875,1872.300048828125,67976,0.0,0.0,GODREJPROP.NS
2026-01-14 15:15:00+05:30,1872.199951171875,1874.699951171875,1868.0,1871.4000244140625,40082,0.0,0.0,GODREJPROP.NS
2026-01-16 09:15:00+05:30,1882.300048828125,1940.699951171875,1882.300048828125,1915.5999755859373,138191,0.0,0.0,GODREJPROP.NS
2026-01-16 09:30:00+05:30,1915.699951171875,1932.0,1912.199951171875,1931.0,83532,0.0,0.0,GODREJPROP.NS
2026-01-16 09:45:00+05:30,1931.4000244140625,1937.699951171875,1924.199951171875,1924.199951171875,59193,0.0,0.0,GODREJPROP.NS
2026-01-16 10:00:00+05:30,1923.199951171875,1935.300048828125,1918.4000244140625,1926.0999755859373,58944,0.0,0.0,GODREJPROP.NS
2026-01-16 10:15:00+05:30,1927.5,1927.5,1915.0,1923.800048828125,30759,0.0,0.0,GODREJPROP.NS
2026-01-16 10:30:00+05:30,1923.800048828125,1928.800048828125,1914.5999755859373,1915.5999755859373,71433,0.0,0.0,GODREJPROP.NS
2026-01-16 10:45:00+05:30,1916.0,1917.0,1905.0,1906.5999755859373,62555,0.0,0.0,GODREJPROP.NS
2026-01-16 11:00:00+05:30,1906.0999755859373,1913.0,1906.0999755859373,1910.5,27843,0.0,0.0,GODREJPROP.NS
2026-01-16 11:15:00+05:30,1910.0,1912.300048828125,1900.800048828125,1906.4000244140625,46149,0.0,0.0,GODREJPROP.NS
2026-01-16 11:30:00+05:30,1906.300048828125,1920.0,1905.5999755859373,1918.4000244140625,27374,0.0,0.0,GODREJPROP.NS
2026-01-16 11:45:00+05:30,1918.300048828125,1918.300048828125,1910.0,1911.800048828125,23835,0.0,0.0,GODREJPROP.NS
2026-01-16 12:00:00+05:30,1911.800048828125,1920.4000244140625,1911.800048828125,1920.0999755859373,15548,0.0,0.0,GODREJPROP.NS
2026-01-16 12:15:00+05:30,1920.0,1920.300048828125,1910.199951171875,1911.199951171875,17031,0.0,0.0,GODREJPROP.NS
2026-01-16 12:30:00+05:30,1911.199951171875,1912.800048828125,1907.0999755859373,1910.5999755859373,28122,0.0,0.0,GODREJPROP.NS
2026-01-16 12:45:00+05:30,1910.5999755859373,1911.199951171875,1905.9000244140625,1907.199951171875,14746,0.0,0.0,GODREJPROP.NS
2026-01-16 13:00:00+05:30,1907.699951171875,1909.0,1905.300048828125,1907.5,15589,0.0,0.0,GODREJPROP.NS
2026-01-16 13:15:00+05:30,1908.0,1908.0,1896.4000244140625,1898.699951171875,48304,0.0,0.0,GODREJPROP.NS
2026-01-16 13:30:00+05:30,1898.699951171875,1902.300048828125,1896.9000244140625,1896.9000244140625,8472,0.0,0.0,GODREJPROP.NS
2026-01-16 13:45:00+05:30,1896.699951171875,1898.9000244140625,1889.0,1889.9000244140625,16937,0.0,0.0,GODREJPROP.NS
2026-01-16 14:00:00+05:30,1889.9000244140625,1890.0999755859373,1883.4000244140625,1884.5,19992,0.0,0.0,GODREJPROP.NS
2026-01-16 14:15:00+05:30,1883.300048828125,1884.5,1875.199951171875,1877.5999755859373,30082,0.0,0.0,GODREJPROP.NS
2026-01-16 14:30:00+05:30,1878.0999755859373,1884.9000244140625,1875.199951171875,1883.699951171875,24654,0.0,0.0,GODREJPROP.NS
2026-01-16 14:45:00+05:30,1881.699951171875,1893.300048828125,1881.5999755859373,1892.9000244140625,43717,0.0,0.0,GODREJPROP.NS
2026-01-16 15:00:00+05:30,1892.699951171875,1894.4000244140625,1887.800048828125,1890.0999755859373,57385,0.0,0.0,GODREJPROP.NS
2026-01-16 15:15:00+05:30,1890.5999755859373,1890.800048828125,1883.0,1885.0,57867,0.0,0.0,GODREJPROP.NS
2026-01-19 09:15:00+05:30,1875.0,1875.0,1855.0,1860.9000244140625,85073,0.0,0.0,GODREJPROP.NS
2026-01-19 09:30:00+05:30,1861.300048828125,1864.5999755859373,1838.300048828125,1838.4000244140625,203847,0.0,0.0,GODREJPROP.NS
2026-01-19 09:45:00+05:30,1838.4000244140625,1844.199951171875,1829.9000244140625,1832.199951171875,94428,0.0,0.0,GODREJPROP.NS
2026-01-19 10:00:00+05:30,1832.0,1842.0,1819.5999755859373,1838.0,144554,0.0,0.0,GODREJPROP.NS
2026-01-19 10:15:00+05:30,1838.5999755859373,1841.9000244140625,1817.199951171875,1819.9000244140625,92205,0.0,0.0,GODREJPROP.NS
2026-01-19 10:30:00+05:30,1819.5,1827.0,1811.0999755859373,1813.0999755859373,100338,0.0,0.0,GODREJPROP.NS
2026-01-19 10:45:00+05:30,1813.0,1824.800048828125,1808.5999755859373,1822.0999755859373,173038,0.0,0.0,GODREJPROP.NS
2026-01-19 11:00:00+05:30,1821.199951171875,1830.800048828125,1819.0999755859373,1821.9000244140625,58631,0.0,0.0,GODREJPROP.NS
2026-01-19 11:15:00+05:30,1889.0,1889.0,1814.300048828125,1818.800048828125,37271,0.0,0.0,GODREJPROP.NS
2026-01-19 11:30:00+05:30,1820.0,1820.9000244140625,1809.199951171875,1809.5,101229,0.0,0.0,GODREJPROP.NS
2026-01-19 11:45:00+05:30,1809.5,1810.800048828125,1805.0,1806.9000244140625,68418,0.0,0.0,GODREJPROP.NS
2026-01-19 12:00:00+05:30,1806.0,1806.5999755859373,1800.0999755859375,1806.0,76305,0.0,0.0,GODREJPROP.NS
2026-01-19 12:15:00+05:30,1806.0,1810.0,1802.0,1802.9000244140625,38430,0.0,0.0,GODREJPROP.NS
2026-01-19 12:30:00+05:30,1802.9000244140625,1805.9000244140625,1800.699951171875,1803.0999755859373,39453,0.0,0.0,GODREJPROP.NS
2026-01-19 12:45:00+05:30,1804.0,1806.0,1801.199951171875,1803.0,20089,0.0,0.0,GODREJPROP.NS
2026-01-19 13:00:00+05:30,1803.199951171875,1805.800048828125,1800.699951171875,1800.699951171875,15217,0.0,0.0,GODREJPROP.NS
2026-01-19 13:15:00+05:30,1800.199951171875,1804.199951171875,1797.0999755859375,1802.9000244140625,49331,0.0,0.0,GODREJPROP.NS
2026-01-19 13:30:00+05:30,1802.9000244140625,1804.800048828125,1800.800048828125,1803.9000244140625,18437,0.0,0.0,GODREJPROP.NS
2026-01-19 13:45:00+05:30,1803.5,1806.199951171875,1800.0,1801.0,73985,0.0,0.0,GODREJPROP.NS
2026-01-19 14:00:00+05:30,1800.0,1801.4000244140625,1795.0,1797.199951171875,46525,0.0,0.0,GODREJPROP.NS
2026-01-19 14:15:00+05:30,1798.0,1800.0,1793.5999755859375,1794.0999755859375,33462,0.0,0.0,GODREJPROP.NS
2026-01-19 14:30:00+05:30,1794.0999755859375,1799.300048828125,1792.5,1798.0,48276,0.0,0.0,GODREJPROP.NS
2026-01-19 14:45:00+05:30,1797.5999755859375,1809.5999755859373,1797.5999755859375,1808.9000244140625,101706,0.0,0.0,GODREJPROP.NS
2026-01-19 15:00:00+05:30,1809.9000244140625,1810.9000244140625,1801.199951171875,1801.9000244140625,74378,0.0,0.0,GODREJPROP.NS
2026-01-19 15:15:00+05:30,1802.0999755859373,1802.4000244140625,1788.0,1797.800048828125,171057,0.0,0.0,GODREJPROP.NS
2026-01-20 09:15:00+05:30,1790.5999755859375,1799.9000244140625,1784.800048828125,1791.9000244140625,142417,0.0,0.0,GODREJPROP.NS
2026-01-20 09:30:00+05:30,1792.0,1797.0,1780.0999755859375,1782.300048828125,104327,0.0,0.0,GODREJPROP.NS
2026-01-20 09:45:00+05:30,1782.0,1782.699951171875,1766.0999755859375,1768.800048828125,96419,0.0,0.0,GODREJPROP.NS
2026-01-20 10:00:00+05:30,1768.800048828125,1783.699951171875,1768.0,1779.699951171875,114135,0.0,0.0,GODREJPROP.NS
2026-01-20 10:15:00+05:30,1779.4000244140625,1782.300048828125,1770.0999755859375,1772.0,39836,0.0,0.0,GODREJPROP.NS
2026-01-20 10:30:00+05:30,1772.0,1777.699951171875,1767.5,1768.0999755859375,42071,0.0,0.0,GODREJPROP.NS
2026-01-20 10:45:00+05:30,1768.0999755859375,1769.800048828125,1761.5999755859375,1763.699951171875,41843,0.0,0.0,GODREJPROP.NS
2026-01-20 11:00:00+05:30,1763.699951171875,1764.0,1752.0,1752.300048828125,47670,0.0,0.0,GODREJPROP.NS
2026-01-20 11:15:00+05:30,1752.300048828125,1757.0,1751.0,1755.0,35084,0.0,0.0,GODREJPROP.NS
2026-01-20 11:30:00+05:30,1755.4000244140625,1755.9000244140625,1745.199951171875,1745.199951171875,41622,0.0,0.0,GODREJPROP.NS
2026-01-20 11:45:00+05:30,1745.0999755859375,1749.9000244140625,1740.0999755859375,1743.9000244140625,61414,0.0,0.0,GODREJPROP.NS
2026-01-20 12:00:00+05:30,1743.0,1743.9000244140625,1732.199951171875,1732.5,57527,0.0,0.0,GODREJPROP.NS
2026-01-20 12:15:00+05:30,1732.5,1736.300048828125,1731.0,1733.199951171875,25345,0.0,0.0,GODREJPROP.NS
2026-01-20 12:30:00+05:30,1733.0999755859375,1735.5,1731.300048828125,1731.300048828125,14460,0.0,0.0,GODREJPROP.NS
2026-01-20 12:45:00+05:30,1732.0,1739.4000244140625,1731.300048828125,1736.9000244140625,25923,0.0,0.0,GODREJPROP.NS
2026-01-20 13:00:00+05:30,1736.5999755859375,1737.300048828125,1725.5,1727.4000244140625,20288,0.0,0.0,GODREJPROP.NS
2026-01-20 13:15:00+05:30,1727.4000244140625,1729.800048828125,1722.800048828125,1723.5,21037,0.0,0.0,GODREJPROP.NS
2026-01-20 13:30:00+05:30,1723.0,1724.199951171875,1716.199951171875,1717.0999755859375,42455,0.0,0.0,GODREJPROP.NS
2026-01-20 13:45:00+05:30,1717.0999755859375,1717.0999755859375,1710.199951171875,1714.300048828125,44076,0.0,0.0,GODREJPROP.NS
2026-01-20 14:00:00+05:30,1714.199951171875,1719.9000244140625,1711.0,1714.5999755859375,69889,0.0,0.0,GODREJPROP.NS
2026-01-20 14:15:00+05:30,1714.5999755859375,1715.9000244140625,1705.5,1709.5,77338,0.0,0.0,GODREJPROP.NS
2026-01-20 14:30:00+05:30,1708.5999755859375,1710.699951171875,1705.9000244140625,1709.300048828125,44217,0.0,0.0,GODREJPROP.NS
2026-01-20 14:45:00+05:30,1709.5999755859375,1714.699951171875,1708.300048828125,1710.5,59883,0.0,0.0,GODREJPROP.NS
2026-01-20 15:00:00+05:30,1710.199951171875,1710.199951171875,1697.5,1698.0999755859375,97293,0.0,0.0,GODREJPROP.NS
2026-01-20 15:15:00+05:30,1698.199951171875,1698.199951171875,1685.199951171875,1690.9000244140625,167012,0.0,0.0,GODREJPROP.NS
2026-01-21 09:15:00+05:30,1689.9000244140625,1705.800048828125,1668.5,1669.300048828125,124333,0.0,0.0,GODREJPROP.NS
2026-01-21 09:30:00+05:30,1670.199951171875,1682.300048828125,1664.0,1666.699951171875,199381,0.0,0.0,GODREJPROP.NS
2026-01-21 09:45:00+05:30,1667.199951171875,1672.4000244140625,1655.0,1657.4000244140625,248872,0.0,0.0,GODREJPROP.NS
2026-01-21 10:00:00+05:30,1656.9000244140625,1679.5999755859375,1654.199951171875,1676.0,146977,0.0,0.0,GODREJPROP.NS
2026-01-21 10:15:00+05:30,1675.0999755859375,1684.800048828125,1668.199951171875,1671.5,81846,0.0,0.0,GODREJPROP.NS
2026-01-21 10:30:00+05:30,1671.5,1673.0,1657.0,1657.199951171875,63026,0.0,0.0,GODREJPROP.NS
2026-01-21 10:45:00+05:30,1657.199951171875,1657.9000244140625,1632.800048828125,1636.300048828125,138638,0.0,0.0,GODREJPROP.NS
2026-01-21 11:00:00+05:30,1637.800048828125,1648.199951171875,1632.699951171875,1647.5999755859375,162656,0.0,0.0,GODREJPROP.NS
2026-01-21 11:15:00+05:30,1647.4000244140625,1648.0,1637.199951171875,1638.0999755859375,108617,0.0,0.0,GODREJPROP.NS
2026-01-21 11:30:00+05:30,1638.199951171875,1644.5999755859375,1629.0,1632.4000244140625,88149,0.0,0.0,GODREJPROP.NS
2026-01-21 11:45:00+05:30,1632.9000244140625,1641.800048828125,1632.4000244140625,1638.0,67543,0.0,0.0,GODREJPROP.NS
2026-01-21 12:00:00+05:30,1638.4000244140625,1655.0,1635.300048828125,1655.0,113833,0.0,0.0,GODREJPROP.NS
2026-01-21 12:15:00+05:30,1654.5,1665.4000244140625,1645.5,1646.199951171875,81872,0.0,0.0,GODREJPROP.NS
2026-01-21 12:30:00+05:30,1646.9000244140625,1662.9000244140625,1646.699951171875,1660.0999755859375,76769,0.0,0.0,GODREJPROP.NS
2026-01-21 12:45:00+05:30,1659.5,1669.9000244140625,1659.5,1662.9000244140625,90130,0.0,0.0,GODREJPROP.NS
2026-01-21 13:00:00+05:30,1662.5999755859375,1669.0999755859375,1660.5,1661.699951171875,44062,0.0,0.0,GODREJPROP.NS
2026-01-21 13:15:00+05:30,1661.0,1663.5,1652.699951171875,1653.4000244140625,46481,0.0,0.0,GODREJPROP.NS
2026-01-21 13:30:00+05:30,1652.9000244140625,1655.199951171875,1644.800048828125,1645.0999755859375,76525,0.0,0.0,GODREJPROP.NS
2026-01-21 13:45:00+05:30,1645.5999755859375,1646.5999755859375,1630.0,1631.9000244140625,78135,0.0,0.0,GODREJPROP.NS
2026-01-21 14:00:00+05:30,1631.4000244140625,1635.0,1625.199951171875,1632.300048828125,109425,0.0,0.0,GODREJPROP.NS
2026-01-21 14:15:00+05:30,1632.300048828125,1648.9000244140625,1632.0999755859375,1640.9000244140625,133074,0.0,0.0,GODREJPROP.NS
2026-01-21 14:30:00+05:30,1640.9000244140625,1647.0,1640.0999755859375,1646.4000244140625,73840,0.0,0.0,GODREJPROP.NS
2026-01-21 14:45:00+05:30,1647.0,1654.300048828125,1643.5,1651.9000244140625,118136,0.0,0.0,GODREJPROP.NS
2026-01-21 15:00:00+05:30,1651.9000244140625,1652.0,1641.5999755859375,1642.699951171875,111115,0.0,0.0,GODREJPROP.NS
2026-01-21 15:15:00+05:30,1642.5999755859375,1645.5,1636.0999755859375,1643.0,160929,0.0,0.0,GODREJPROP.NS
2026-01-22 09:15:00+05:30,1650.0,1669.9000244140625,1650.0,1667.0999755859375,41763,0.0,0.0,GODREJPROP.NS
2026-01-22 09:30:00+05:30,1667.0999755859375,1669.0,1660.800048828125,1662.5999755859375,44375,0.0,0.0,GODREJPROP.NS
2026-01-22 09:45:00+05:30,1662.300048828125,1669.9000244140625,1660.0,1660.5,39583,0.0,0.0,GODREJPROP.NS
2026-01-22 10:00:00+05:30,1660.0,1662.0,1639.0,1646.199951171875,160805,0.0,0.0,GODREJPROP.NS
2026-01-22 10:15:00+05:30,1647.0999755859375,1650.300048828125,1641.0,1641.0999755859375,31293,0.0,0.0,GODREJPROP.NS
2026-01-22 10:30:00+05:30,1641.300048828125,1652.199951171875,1640.0,1651.9000244140625,37457,0.0,0.0,GODREJPROP.NS
2026-01-22 10:45:00+05:30,1651.199951171875,1651.199951171875,1640.199951171875,1640.800048828125,13739,0.0,0.0,GODREJPROP.NS
2026-01-22 11:00:00+05:30,1641.4000244140625,1643.4000244140625,1631.0,1631.0999755859375,25709,0.0,0.0,GODREJPROP.NS
2026-01-22 11:15:00+05:30,1631.5,1632.699951171875,1622.0999755859375,1623.0,44411,0.0,0.0,GODREJPROP.NS
2026-01-22 11:30:00+05:30,1622.199951171875,1627.0,1609.5999755859375,1614.5,153934,0.0,0.0,GODREJPROP.NS
2026-01-22 11:45:00+05:30,1615.0,1619.0,1610.300048828125,1612.699951171875,28863,0.0,0.0,GODREJPROP.NS
2026-01-22 12:00:00+05:30,1611.9000244140625,1614.199951171875,1605.5,1612.199951171875,55113,0.0,0.0,GODREJPROP.NS
2026-01-22 12:15:00+05:30,1612.300048828125,1619.300048828125,1610.0,1612.300048828125,49757,0.0,0.0,GODREJPROP.NS
2026-01-22 12:30:00+05:30,1612.0999755859375,1617.800048828125,1609.0,1613.199951171875,38206,0.0,0.0,GODREJPROP.NS
2026-01-22 12:45:00+05:30,1612.699951171875,1614.0999755859375,1609.4000244140625,1612.0,26676,0.0,0.0,GODREJPROP.NS
2026-01-22 13:00:00+05:30,1611.300048828125,1616.5999755859375,1607.0999755859375,1614.4000244140625,56378,0.0,0.0,GODREJPROP.NS
2026-01-22 13:15:00+05:30,1614.5,1615.0,1603.0999755859375,1606.800048828125,44724,0.0,0.0,GODREJPROP.NS
2026-01-22 13:30:00+05:30,1606.800048828125,1613.0999755859375,1604.5999755859375,1608.800048828125,33118,0.0,0.0,GODREJPROP.NS
2026-01-22 13:45:00+05:30,1609.300048828125,1613.199951171875,1606.0999755859375,1609.199951171875,49994,0.0,0.0,GODREJPROP.NS
2026-01-22 14:00:00+05:30,1609.5999755859375,1612.0999755859375,1603.699951171875,1605.0,75834,0.0,0.0,GODREJPROP.NS
2026-01-22 14:15:00+05:30,1605.0,1613.5,1604.0,1612.699951171875,41567,0.0,0.0,GODREJPROP.NS
2026-01-22 14:30:00+05:30,1612.699951171875,1621.5,1611.199951171875,1616.9000244140625,79275,0.0,0.0,GODREJPROP.NS
2026-01-22 14:45:00+05:30,1617.300048828125,1622.800048828125,1613.699951171875,1622.699951171875,73099,0.0,0.0,GODREJPROP.NS
2026-01-22 15:00:00+05:30,1621.9000244140625,1624.0,1616.5,1618.699951171875,71987,0.0,0.0,GODREJPROP.NS
2026-01-22 15:15:00+05:30,1618.4000244140625,1623.800048828125,1618.0999755859375,1622.5999755859375,116150,0.0,0.0,GODREJPROP.NS
2026-01-23 09:15:00+05:30,1638.0,1638.0,1605.0,1615.9000244140625,75418,0.0,0.0,GODREJPROP.NS
2026-01-23 09:30:00+05:30,1616.5999755859375,1617.0,1608.0,1612.5999755859375,81672,0.0,0.0,GODREJPROP.NS
2026-01-23 09:45:00+05:30,1613.300048828125,1617.0,1606.699951171875,1609.199951171875,67117,0.0,0.0,GODREJPROP.NS
2026-01-23 10:00:00+05:30,1609.199951171875,1611.699951171875,1601.5999755859375,1605.5,81097,0.0,0.0,GODREJPROP.NS
2026-01-23 10:15:00+05:30,1605.199951171875,1605.199951171875,1595.5,1598.4000244140625,94663,0.0,0.0,GODREJPROP.NS
2026-01-23 10:30:00+05:30,1597.300048828125,1605.9000244140625,1596.300048828125,1603.5,86462,0.0,0.0,GODREJPROP.NS
2026-01-23 10:45:00+05:30,1603.0,1606.4000244140625,1598.800048828125,1598.800048828125,181163,0.0,0.0,GODREJPROP.NS
2026-01-23 11:00:00+05:30,1598.0,1600.0,1594.0,1597.9000244140625,78655,0.0,0.0,GODREJPROP.NS
2026-01-23 11:15:00+05:30,1598.0,1600.0,1588.4000244140625,1590.199951171875,66215,0.0,0.0,GODREJPROP.NS
2026-01-23 11:30:00+05:30,1589.9000244140625,1591.5999755859375,1583.0,1585.699951171875,58531,0.0,0.0,GODREJPROP.NS
2026-01-23 11:45:00+05:30,1585.699951171875,1586.9000244140625,1576.199951171875,1577.4000244140625,55362,0.0,0.0,GODREJPROP.NS
2026-01-23 12:00:00+05:30,1577.4000244140625,1580.300048828125,1573.0999755859375,1574.0999755859375,62707,0.0,0.0,GODREJPROP.NS
2026-01-23 12:15:00+05:30,1575.0,1576.699951171875,1568.199951171875,1569.0999755859375,56374,0.0,0.0,GODREJPROP.NS
2026-01-23 12:30:00+05:30,1568.199951171875,1573.800048828125,1567.199951171875,1571.9000244140625,50016,0.0,0.0,GODREJPROP.NS
2026-01-23 12:45:00+05:30,1572.0,1573.5999755859375,1565.9000244140625,1573.0,79122,0.0,0.0,GODREJPROP.NS
2026-01-23 13:00:00+05:30,1573.0999755859375,1579.199951171875,1568.0999755859375,1570.0999755859375,55790,0.0,0.0,GODREJPROP.NS
2026-01-23 13:15:00+05:30,1570.9000244140625,1570.9000244140625,1560.5,1561.0999755859375,80649,0.0,0.0,GODREJPROP.NS
2026-01-23 13:30:00+05:30,1561.300048828125,1561.5,1552.0999755859375,1553.199951171875,125817,0.0,0.0,GODREJPROP.NS
2026-01-23 13:45:00+05:30,1553.199951171875,1561.699951171875,1551.9000244140625,1556.199951171875,78708,0.0,0.0,GODREJPROP.NS
2026-01-23 14:00:00+05:30,1556.699951171875,1558.9000244140625,1552.0999755859375,1554.0999755859375,98347,0.0,0.0,GODREJPROP.NS
2026-01-23 14:15:00+05:30,1553.800048828125,1555.199951171875,1548.0999755859375,1551.4000244140625,83870,0.0,0.0,GODREJPROP.NS
2026-01-23 14:30:00+05:30,1551.4000244140625,1559.800048828125,1548.0999755859375,1554.0,150645,0.0,0.0,GODREJPROP.NS
2026-01-23 14:45:00+05:30,1555.0999755859375,1558.800048828125,1549.0,1551.300048828125,184002,0.0,0.0,GODREJPROP.NS
2026-01-23 15:00:00+05:30,1551.300048828125,1553.300048828125,1540.0999755859375,1541.300048828125,129218,0.0,0.0,GODREJPROP.NS
2026-01-23 15:15:00+05:30,1541.199951171875,1543.4000244140625,1535.0,1539.199951171875,224935,0.0,0.0,GODREJPROP.NS
2026-01-27 09:15:00+05:30,1549.9000244140625,1549.9000244140625,1503.0999755859375,1518.0,128980,0.0,0.0,GODREJPROP.NS
2026-01-27 09:30:00+05:30,1517.0,1518.5999755859375,1500.0999755859375,1508.5,309712,0.0,0.0,GODREJPROP.NS
2026-01-27 09:45:00+05:30,1509.0999755859375,1515.9000244140625,1504.0999755859375,1510.699951171875,193664,0.0,0.0,GODREJPROP.NS
2026-01-27 10:00:00+05:30,1510.699951171875,1516.5999755859375,1506.5,1510.0999755859375,117854,0.0,0.0,GODREJPROP.NS
2026-01-27 10:15:00+05:30,1510.0,1512.9000244140625,1503.4000244140625,1509.0,170243,0.0,0.0,GODREJPROP.NS
2026-01-27 10:30:00+05:30,1508.5999755859375,1516.5,1506.0,1506.300048828125,90014,0.0,0.0,GODREJPROP.NS
2026-01-27 10:45:00+05:30,1506.800048828125,1509.800048828125,1502.5999755859375,1507.0,80616,0.0,0.0,GODREJPROP.NS
2026-01-27 11:00:00+05:30,1507.300048828125,1515.5,1507.0,1513.5999755859375,71695,0.0,0.0,GODREJPROP.NS
2026-01-27 11:15:00+05:30,1514.300048828125,1520.800048828125,1502.199951171875,1502.300048828125,136907,0.0,0.0,GODREJPROP.NS
2026-01-27 11:30:00+05:30,1502.699951171875,1502.699951171875,1490.4000244140625,1496.199951171875,214327,0.0,0.0,GODREJPROP.NS
2026-01-27 11:45:00+05:30,1496.0,1500.199951171875,1491.199951171875,1497.0999755859375,114475,0.0,0.0,GODREJPROP.NS
2026-01-27 12:00:00+05:30,1497.699951171875,1497.699951171875,1491.199951171875,1492.0,99390,0.0,0.0,GODREJPROP.NS
2026-01-27 12:15:00+05:30,1491.199951171875,1492.199951171875,1481.5,1482.5,188134,0.0,0.0,GODREJPROP.NS
2026-01-27 12:30:00+05:30,1482.5999755859375,1487.0999755859375,1478.0999755859375,1478.5,224254,0.0,0.0,GODREJPROP.NS
2026-01-27 12:45:00+05:30,1478.5999755859375,1482.5999755859375,1476.199951171875,1479.800048828125,240759,0.0,0.0,GODREJPROP.NS
2026-01-27 13:00:00+05:30,1480.0,1493.0,1476.4000244140625,1486.800048828125,205329,0.0,0.0,GODREJPROP.NS
2026-01-27 13:15:00+05:30,1486.800048828125,1495.800048828125,1485.0999755859375,1495.5,200750,0.0,0.0,GODREJPROP.NS
2026-01-27 13:30:00+05:30,1495.199951171875,1496.5,1489.300048828125,1490.5,221381,0.0,0.0,GODREJPROP.NS
2026-01-27 13:45:00+05:30,1490.5999755859375,1496.5999755859375,1489.9000244140625,1496.5999755859375,171705,0.0,0.0,GODREJPROP.NS
2026-01-27 14:00:00+05:30,1496.5999755859375,1497.699951171875,1492.699951171875,1494.0,181895,0.0,0.0,GODREJPROP.NS
2026-01-27 14:15:00+05:30,1494.0,1495.5999755859375,1492.5999755859375,1494.5999755859375,146716,0.0,0.0,GODREJPROP.NS
2026-01-27 14:30:00+05:30,1495.0,1510.0999755859375,1494.0999755859375,1506.199951171875,177236,0.0,0.0,GODREJPROP.NS
2026-01-27 14:45:00+05:30,1506.9000244140625,1527.300048828125,1503.800048828125,1524.199951171875,259751,0.0,0.0,GODREJPROP.NS
2026-01-27 15:00:00+05:30,1524.0,1524.0,1510.4000244140625,1517.9000244140625,433167,0.0,0.0,GODREJPROP.NS
2026-01-27 15:15:00+05:30,1518.4000244140625,1528.5999755859375,1514.199951171875,1523.0,497577,0.0,0.0,GODREJPROP.NS
2026-01-28 09:15:00+05:30,1526.5999755859375,1559.300048828125,1526.5999755859375,1542.0999755859375,378739,0.0,0.0,GODREJPROP.NS
2026-01-28 09:30:00+05:30,1540.0,1541.5,1529.0,1530.4000244140625,170817,0.0,0.0,GODREJPROP.NS
2026-01-28 09:45:00+05:30,1531.0,1531.5,1523.0,1524.699951171875,89787,0.0,0.0,GODREJPROP.NS
2026-01-28 10:00:00+05:30,1524.300048828125,1527.199951171875,1516.0999755859375,1517.0,65330,0.0,0.0,GODREJPROP.NS
2026-01-28 10:15:00+05:30,1516.9000244140625,1518.300048828125,1512.5999755859375,1513.699951171875,49898,0.0,0.0,GODREJPROP.NS
2026-01-28 10:30:00+05:30,1513.0999755859375,1519.199951171875,1509.5,1510.300048828125,55272,0.0,0.0,GODREJPROP.NS
2026-01-28 10:45:00+05:30,1510.199951171875,1517.800048828125,1509.9000244140625,1515.5,51152,0.0,0.0,GODREJPROP.NS
2026-01-28 11:00:00+05:30,1515.5,1524.300048828125,1515.0,1523.800048828125,54871,0.0,0.0,GODREJPROP.NS
2026-01-28 11:15:00+05:30,1523.800048828125,1529.0,1520.0999755859375,1525.9000244140625,73697,0.0,0.0,GODREJPROP.NS
2026-01-28 11:30:00+05:30,1527.199951171875,1527.300048828125,1514.5,1514.9000244140625,62634,0.0,0.0,GODREJPROP.NS
2026-01-28 11:45:00+05:30,1513.9000244140625,1521.9000244140625,1513.800048828125,1521.0,50028,0.0,0.0,GODREJPROP.NS
2026-01-28 12:00:00+05:30,1521.0,1523.4000244140625,1518.300048828125,1520.9000244140625,37433,0.0,0.0,GODREJPROP.NS
2026-01-28 12:15:00+05:30,1522.4000244140625,1526.9000244140625,1518.0,1526.9000244140625,68082,0.0,0.0,GODREJPROP.NS
2026-01-28 12:30:00+05:30,1526.800048828125,1533.0,1526.0,1530.800048828125,61246,0.0,0.0,GODREJPROP.NS
2026-01-28 12:45:00+05:30,1530.800048828125,1536.0,1529.800048828125,1532.0,51936,0.0,0.0,GODREJPROP.NS
2026-01-28 13:00:00+05:30,1532.0,1534.5,1527.300048828125,1529.199951171875,36627,0.0,0.0,GODREJPROP.NS
2026-01-28 13:15:00+05:30,1529.300048828125,1533.9000244140625,1520.4000244140625,1522.4000244140625,53134,0.0,0.0,GODREJPROP.NS
2026-01-28 13:30:00+05:30,1522.4000244140625,1530.0999755859375,1520.5,1528.800048828125,51981,0.0,0.0,GODREJPROP.NS
2026-01-28 13:45:00+05:30,1528.800048828125,1543.300048828125,1528.0,1540.5999755859375,67729,0.0,0.0,GODREJPROP.NS
2026-01-28 14:00:00+05:30,1541.199951171875,1543.300048828125,1536.4000244140625,1539.4000244140625,52390,0.0,0.0,GODREJPROP.NS
2026-01-28 14:15:00+05:30,1538.5999755859375,1539.9000244140625,1532.5999755859375,1539.0999755859375,45877,0.0,0.0,GODREJPROP.NS
2026-01-28 14:30:00+05:30,1537.9000244140625,1544.0,1534.5999755859375,1544.0,70821,0.0,0.0,GODREJPROP.NS
2026-01-28 14:45:00+05:30,1544.0,1551.800048828125,1543.5,1547.0,61723,0.0,0.0,GODREJPROP.NS
2026-01-28 15:00:00+05:30,1547.0999755859375,1550.5,1546.9000244140625,1550.199951171875,90688,0.0,0.0,GODREJPROP.NS
2026-01-28 15:15:00+05:30,1549.5,1553.9000244140625,1549.5,1550.300048828125,76143,0.0,0.0,GODREJPROP.NS
2026-01-29 09:15:00+05:30,1566.199951171875,1581.199951171875,1554.9000244140625,1574.699951171875,229612,0.0,0.0,GODREJPROP.NS
2026-01-29 09:30:00+05:30,1574.699951171875,1575.800048828125,1566.5,1567.5999755859375,74102,0.0,0.0,GODREJPROP.NS
2026-01-29 09:45:00+05:30,1567.5,1570.800048828125,1563.0999755859375,1567.0,73513,0.0,0.0,GODREJPROP.NS
2026-01-29 10:00:00+05:30,1567.0,1567.0,1559.199951171875,1564.5999755859375,125518,0.0,0.0,GODREJPROP.NS
2026-01-29 10:15:00+05:30,1564.699951171875,1565.800048828125,1543.699951171875,1551.0999755859375,75644,0.0,0.0,GODREJPROP.NS
2026-01-29 10:30:00+05:30,1550.5,1554.4000244140625,1548.0,1550.300048828125,24340,0.0,0.0,GODREJPROP.NS
2026-01-29 10:45:00+05:30,1550.5,1550.5999755859375,1542.800048828125,1547.5,33844,0.0,0.0,GODREJPROP.NS
2026-01-29 11:00:00+05:30,1546.800048828125,1550.800048828125,1541.0999755859375,1543.800048828125,17949,0.0,0.0,GODREJPROP.NS
2026-01-29 11:15:00+05:30,1543.800048828125,1548.9000244140625,1540.300048828125,1544.300048828125,14430,0.0,0.0,GODREJPROP.NS
2026-01-29 11:30:00+05:30,1544.300048828125,1547.800048828125,1542.4000244140625,1543.4000244140625,5897,0.0,0.0,GODREJPROP.NS
2026-01-29 11:45:00+05:30,1543.699951171875,1545.199951171875,1542.0,1544.9000244140625,7191,0.0,0.0,GODREJPROP.NS
2026-01-29 12:00:00+05:30,1544.0,1551.800048828125,1543.0,1550.300048828125,20938,0.0,0.0,GODREJPROP.NS
2026-01-29 12:15:00+05:30,1551.0999755859375,1551.4000244140625,1542.5999755859375,1544.0999755859375,11686,0.0,0.0,GODREJPROP.NS
2026-01-29 12:30:00+05:30,1544.0,1545.800048828125,1540.4000244140625,1541.0999755859375,20272,0.0,0.0,GODREJPROP.NS
2026-01-29 12:45:00+05:30,1540.699951171875,1550.4000244140625,1537.9000244140625,1550.4000244140625,41726,0.0,0.0,GODREJPROP.NS
2026-01-29 13:00:00+05:30,1550.0999755859375,1559.300048828125,1548.5999755859375,1556.5,31968,0.0,0.0,GODREJPROP.NS
2026-01-29 13:15:00+05:30,1555.9000244140625,1556.5,1548.5999755859375,1550.199951171875,17723,0.0,0.0,GODREJPROP.NS
2026-01-29 13:30:00+05:30,1550.0,1563.0,1549.5,1562.300048828125,32750,0.0,0.0,GODREJPROP.NS
2026-01-29 13:45:00+05:30,1562.5999755859375,1569.0,1560.199951171875,1565.0999755859375,44923,0.0,0.0,GODREJPROP.NS
2026-01-29 14:00:00+05:30,1565.199951171875,1568.9000244140625,1561.9000244140625,1567.9000244140625,44139,0.0,0.0,GODREJPROP.NS
2026-01-29 14:15:00+05:30,1567.5999755859375,1569.9000244140625,1564.4000244140625,1566.5,24325,0.0,0.0,GODREJPROP.NS
2026-01-29 14:30:00+05:30,1566.9000244140625,1573.0,1566.5,1571.9000244140625,30455,0.0,0.0,GODREJPROP.NS
2026-01-29 14:45:00+05:30,1571.9000244140625,1572.0,1568.5,1569.5,72411,0.0,0.0,GODREJPROP.NS
2026-01-29 15:00:00+05:30,1571.0,1571.800048828125,1565.199951171875,1566.699951171875,75184,0.0,0.0,GODREJPROP.NS
2026-01-29 15:15:00+05:30,1566.4000244140625,1567.5,1560.0,1566.5,51195,0.0,0.0,GODREJPROP.NS
2026-01-30 09:15:00+05:30,1553.0,1570.5999755859375,1550.9000244140625,1565.0,149353,0.0,0.0,GODREJPROP.NS
2026-01-30 09:30:00+05:30,1565.4000244140625,1577.0,1564.800048828125,1574.9000244140625,86155,0.0,0.0,GODREJPROP.NS
2026-01-30 09:45:00+05:30,1574.0,1588.5999755859375,1572.5,1576.0999755859375,106045,0.0,0.0,GODREJPROP.NS
2026-01-30 10:00:00+05:30,1577.4000244140625,1584.300048828125,1571.5,1584.300048828125,76481,0.0,0.0,GODREJPROP.NS
2026-01-30 10:15:00+05:30,1584.199951171875,1585.0,1570.0999755859375,1572.0999755859375,56713,0.0,0.0,GODREJPROP.NS
2026-01-30 10:30:00+05:30,1570.0999755859375,1577.5999755859375,1570.0999755859375,1576.199951171875,36924,0.0,0.0,GODREJPROP.NS
2026-01-30 10:45:00+05:30,1576.0,1576.0,1568.699951171875,1570.5,34222,0.0,0.0,GODREJPROP.NS
2026-01-30 11:00:00+05:30,1570.5999755859375,1575.800048828125,1568.4000244140625,1575.800048828125,35979,0.0,0.0,GODREJPROP.NS
2026-01-30 11:15:00+05:30,1575.9000244140625,1576.0999755859375,1570.0,1570.800048828125,34500,0.0,0.0,GODREJPROP.NS
2026-01-30 11:30:00+05:30,1570.5,1574.0,1570.0999755859375,1570.9000244140625,38629,0.0,0.0,GODREJPROP.NS
2026-01-30 11:45:00+05:30,1571.0999755859375,1577.800048828125,1565.0999755859375,1572.300048828125,60186,0.0,0.0,GODREJPROP.NS
2026-01-30 12:00:00+05:30,1572.199951171875,1572.199951171875,1567.699951171875,1570.0,45847,0.0,0.0,GODREJPROP.NS
2026-01-30 12:15:00+05:30,1569.5,1569.5999755859375,1560.0999755859375,1564.9000244140625,52800,0.0,0.0,GODREJPROP.NS
2026-01-30 12:30:00+05:30,1564.699951171875,1571.4000244140625,1563.0,1567.4000244140625,42798,0.0,0.0,GODREJPROP.NS
2026-01-30 12:45:00+05:30,1567.5999755859375,1570.800048828125,1566.5,1569.5,34441,0.0,0.0,GODREJPROP.NS
2026-01-30 13:00:00+05:30,1569.9000244140625,1569.9000244140625,1560.800048828125,1562.0,68804,0.0,0.0,GODREJPROP.NS
2026-01-30 13:15:00+05:30,1561.9000244140625,1566.5,1556.800048828125,1564.9000244140625,76645,0.0,0.0,GODREJPROP.NS
2026-01-30 13:30:00+05:30,1564.9000244140625,1576.0999755859375,1564.9000244140625,1573.4000244140625,78789,0.0,0.0,GODREJPROP.NS
2026-01-30 13:45:00+05:30,1573.699951171875,1579.9000244140625,1571.300048828125,1578.800048828125,58125,0.0,0.0,GODREJPROP.NS
2026-01-30 14:00:00+05:30,1579.0,1579.0,1566.5,1575.300048828125,40967,0.0,0.0,GODREJPROP.NS
2026-01-30 14:15:00+05:30,1575.300048828125,1575.5999755859375,1569.300048828125,1570.5999755859375,42717,0.0,0.0,GODREJPROP.NS
2026-01-30 14:30:00+05:30,1570.4000244140625,1577.800048828125,1570.0999755859375,1571.300048828125,42465,0.0,0.0,GODREJPROP.NS
2026-01-30 14:45:00+05:30,1571.300048828125,1577.0999755859375,1570.4000244140625,1575.699951171875,87207,0.0,0.0,GODREJPROP.NS
2026-01-30 15:00:00+05:30,1572.800048828125,1579.199951171875,1570.300048828125,1571.5,221384,0.0,0.0,GODREJPROP.NS
2026-01-30 15:15:00+05:30,1571.5,1580.800048828125,1571.5,1576.800048828125,316158,0.0,0.0,GODREJPROP.NS
2026-02-03 09:15:00+05:30,1652.5,1665.0,1648.9000244140625,1665.0,355427,0.0,0.0,GODREJPROP.NS
2026-02-03 09:30:00+05:30,1665.4000244140625,1672.5999755859375,1657.0999755859375,1657.300048828125,213432,0.0,0.0,GODREJPROP.NS
2026-02-03 09:45:00+05:30,1657.9000244140625,1671.300048828125,1656.5999755859375,1661.199951171875,109036,0.0,0.0,GODREJPROP.NS
2026-02-03 10:00:00+05:30,1662.9000244140625,1671.5,1661.699951171875,1663.5999755859375,100297,0.0,0.0,GODREJPROP.NS
2026-02-03 10:15:00+05:30,1663.800048828125,1681.699951171875,1663.800048828125,1677.9000244140625,122603,0.0,0.0,GODREJPROP.NS
2026-02-03 10:30:00+05:30,1678.5999755859375,1697.4000244140625,1675.199951171875,1691.0,136536,0.0,0.0,GODREJPROP.NS
2026-02-03 10:45:00+05:30,1691.0999755859375,1699.9000244140625,1684.9000244140625,1696.0,155906,0.0,0.0,GODREJPROP.NS
2026-02-03 11:00:00+05:30,1696.699951171875,1700.0,1690.300048828125,1694.9000244140625,122550,0.0,0.0,GODREJPROP.NS
2026-02-03 11:15:00+05:30,1694.9000244140625,1715.0,1693.5999755859375,1713.4000244140625,336941,0.0,0.0,GODREJPROP.NS
2026-02-03 11:30:00+05:30,1713.300048828125,1724.9000244140625,1699.699951171875,1717.800048828125,527744,0.0,0.0,GODREJPROP.NS
2026-02-03 11:45:00+05:30,1718.699951171875,1719.699951171875,1693.0,1698.199951171875,201803,0.0,0.0,GODREJPROP.NS
2026-02-03 12:00:00+05:30,1698.4000244140625,1699.0999755859375,1687.699951171875,1692.800048828125,121459,0.0,0.0,GODREJPROP.NS
2026-02-03 12:15:00+05:30,1692.800048828125,1699.699951171875,1692.300048828125,1693.800048828125,57835,0.0,0.0,GODREJPROP.NS
2026-02-03 12:30:00+05:30,1693.699951171875,1695.5999755859375,1685.0999755859375,1685.4000244140625,68897,0.0,0.0,GODREJPROP.NS
2026-02-03 12:45:00+05:30,1684.5999755859375,1689.5999755859375,1671.4000244140625,1676.0,75778,0.0,0.0,GODREJPROP.NS
2026-02-03 13:00:00+05:30,1676.0,1679.699951171875,1672.4000244140625,1677.4000244140625,49262,0.0,0.0,GODREJPROP.NS
2026-02-03 13:15:00+05:30,1677.4000244140625,1677.4000244140625,1665.800048828125,1675.0,63756,0.0,0.0,GODREJPROP.NS
2026-02-03 13:30:00+05:30,1674.0999755859375,1688.5,1670.0,1685.0,83617,0.0,0.0,GODREJPROP.NS
2026-02-03 13:45:00+05:30,1685.699951171875,1687.800048828125,1680.0,1682.9000244140625,62447,0.0,0.0,GODREJPROP.NS
2026-02-03 14:00:00+05:30,1682.800048828125,1694.0999755859375,1682.699951171875,1691.300048828125,77919,0.0,0.0,GODREJPROP.NS
2026-02-03 14:15:00+05:30,1692.0999755859375,1709.300048828125,1691.5999755859375,1708.5,118283,0.0,0.0,GODREJPROP.NS
2026-02-03 14:30:00+05:30,1709.199951171875,1710.5,1699.0999755859375,1701.800048828125,122116,0.0,0.0,GODREJPROP.NS
2026-02-03 14:45:00+05:30,1701.199951171875,1706.300048828125,1698.0,1701.5999755859375,119892,0.0,0.0,GODREJPROP.NS
2026-02-03 15:00:00+05:30,1701.5999755859375,1704.9000244140625,1694.5,1700.0,166367,0.0,0.0,GODREJPROP.NS
2026-02-03 15:15:00+05:30,1699.9000244140625,1702.0,1694.0,1699.4000244140625,193843,0.0,0.0,GODREJPROP.NS
2026-02-04 09:15:00+05:30,1677.0,1685.699951171875,1660.5999755859375,1681.800048828125,70648,0.0,0.0,GODREJPROP.NS
2026-02-04 09:30:00+05:30,1684.0999755859375,1690.699951171875,1680.800048828125,1689.9000244140625,61127,0.0,0.0,GODREJPROP.NS
2026-02-04 09:45:00+05:30,1689.800048828125,1697.0,1683.0,1685.0999755859375,44393,0.0,0.0,GODREJPROP.NS
2026-02-04 10:00:00+05:30,1686.0,1695.0999755859375,1678.4000244140625,1694.800048828125,41118,0.0,0.0,GODREJPROP.NS
2026-02-04 10:15:00+05:30,1694.800048828125,1695.4000244140625,1679.0,1680.0,31398,0.0,0.0,GODREJPROP.NS
2026-02-04 10:30:00+05:30,1680.5,1684.300048828125,1676.5,1682.5999755859375,30895,0.0,0.0,GODREJPROP.NS
2026-02-04 10:45:00+05:30,1684.800048828125,1695.0,1682.5999755859375,1694.699951171875,13209,0.0,0.0,GODREJPROP.NS
2026-02-04 11:00:00+05:30,1694.199951171875,1708.199951171875,1694.199951171875,1705.5,50294,0.0,0.0,GODREJPROP.NS
2026-02-04 11:15:00+05:30,1705.5999755859375,1705.9000244140625,1699.0,1700.5,22818,0.0,0.0,GODREJPROP.NS
2026-02-04 11:30:00+05:30,1700.0,1715.0,1700.0,1713.800048828125,39253,0.0,0.0,GODREJPROP.NS
2026-02-04 11:45:00+05:30,1714.199951171875,1714.9000244140625,1707.5,1708.300048828125,32674,0.0,0.0,GODREJPROP.NS
2026-02-04 12:00:00+05:30,1709.0,1718.300048828125,1708.0,1717.0,21841,0.0,0.0,GODREJPROP.NS
2026-02-04 12:15:00+05:30,1717.0,1718.699951171875,1713.5,1714.0999755859375,17916,0.0,0.0,GODREJPROP.NS
2026-02-04 12:30:00+05:30,1713.4000244140625,1718.4000244140625,1710.199951171875,1710.199951171875,31596,0.0,0.0,GODREJPROP.NS
2026-02-04 12:45:00+05:30,1710.699951171875,1710.699951171875,1707.199951171875,1707.800048828125,10596,0.0,0.0,GODREJPROP.NS
2026-02-04 13:00:00+05:30,1707.800048828125,1712.9000244140625,1707.0,1711.0999755859375,5518,0.0,0.0,GODREJPROP.NS
2026-02-04 13:15:00+05:30,1711.5,1715.199951171875,1710.5999755859375,1714.0,8810,0.0,0.0,GODREJPROP.NS
2026-02-04 13:30:00+05:30,1714.5999755859375,1720.0,1711.800048828125,1715.199951171875,34982,0.0,0.0,GODREJPROP.NS
2026-02-04 13:45:00+05:30,1715.5999755859375,1719.300048828125,1713.0,1719.0,73877,0.0,0.0,GODREJPROP.NS
2026-02-04 14:00:00+05:30,1719.0,1719.0,1710.0,1712.9000244140625,31619,0.0,0.0,GODREJPROP.NS
2026-02-04 14:15:00+05:30,1712.9000244140625,1714.300048828125,1710.0999755859375,1713.0,16923,0.0,0.0,GODREJPROP.NS
2026-02-04 14:30:00+05:30,1712.5,1719.0999755859375,1712.5,1715.5,30568,0.0,0.0,GODREJPROP.NS
2026-02-04 14:45:00+05:30,1715.199951171875,1716.0,1711.0999755859375,1715.699951171875,33158,0.0,0.0,GODREJPROP.NS
2026-02-04 15:00:00+05:30,1716.4000244140625,1716.9000244140625,1712.0,1712.5999755859375,51184,0.0,0.0,GODREJPROP.NS
2026-02-04 15:15:00+05:30,1712.9000244140625,1715.0,1706.9000244140625,1713.0999755859375,100295,0.0,0.0,GODREJPROP.NS
2026-02-05 09:15:00+05:30,1720.0,1720.0,1691.5999755859375,1696.4000244140625,53935,0.0,0.0,GODREJPROP.NS
2026-02-05 09:30:00+05:30,1697.5999755859375,1699.800048828125,1686.5999755859375,1688.9000244140625,41314,0.0,0.0,GODREJPROP.NS
2026-02-05 09:45:00+05:30,1688.0999755859375,1689.9000244140625,1678.0999755859375,1680.699951171875,41960,0.0,0.0,GODREJPROP.NS
2026-02-05 10:00:00+05:30,1681.199951171875,1681.199951171875,1672.9000244140625,1678.9000244140625,28358,0.0,0.0,GODREJPROP.NS
2026-02-05 10:15:00+05:30,1679.4000244140625,1687.199951171875,1679.0,1683.5,26373,0.0,0.0,GODREJPROP.NS
2026-02-05 10:30:00+05:30,1684.800048828125,1685.5999755859375,1678.0999755859375,1679.0,12031,0.0,0.0,GODREJPROP.NS
2026-02-05 10:45:00+05:30,1679.300048828125,1682.0,1674.0,1674.0999755859375,15649,0.0,0.0,GODREJPROP.NS
2026-02-05 11:00:00+05:30,1674.5999755859375,1680.0,1671.0999755859375,1678.0,19660,0.0,0.0,GODREJPROP.NS
2026-02-05 11:15:00+05:30,1677.5,1683.199951171875,1674.9000244140625,1682.5999755859375,12756,0.0,0.0,GODREJPROP.NS
2026-02-05 11:30:00+05:30,1683.5,1686.9000244140625,1677.5,1686.0999755859375,14627,0.0,0.0,GODREJPROP.NS
2026-02-05 11:45:00+05:30,1685.4000244140625,1686.5,1675.199951171875,1678.0999755859375,21830,0.0,0.0,GODREJPROP.NS
2026-02-05 12:00:00+05:30,1678.699951171875,1679.9000244140625,1673.5,1674.800048828125,18225,0.0,0.0,GODREJPROP.NS
2026-02-05 12:15:00+05:30,1674.800048828125,1684.0,1673.0999755859375,1683.800048828125,11350,0.0,0.0,GODREJPROP.NS
2026-02-05 12:30:00+05:30,1683.800048828125,1690.0,1682.699951171875,1687.5,23872,0.0,0.0,GODREJPROP.NS
2026-02-05 12:45:00+05:30,1688.199951171875,1702.9000244140625,1650.0,1694.4000244140625,668695,0.0,0.0,GODREJPROP.NS
2026-02-05 13:00:00+05:30,1695.699951171875,1698.9000244140625,1659.0,1669.0,269692,0.0,0.0,GODREJPROP.NS
2026-02-05 13:15:00+05:30,1669.0,1695.9000244140625,1666.0999755859375,1676.199951171875,139747,0.0,0.0,GODREJPROP.NS
2026-02-05 13:30:00+05:30,1676.800048828125,1687.800048828125,1676.0,1685.9000244140625,34319,0.0,0.0,GODREJPROP.NS
2026-02-05 13:45:00+05:30,1686.0,1691.0,1678.0,1681.4000244140625,52295,0.0,0.0,GODREJPROP.NS
2026-02-05 14:00:00+05:30,1682.0999755859375,1685.9000244140625,1676.0,1679.699951171875,22496,0.0,0.0,GODREJPROP.NS
2026-02-05 14:15:00+05:30,1680.5999755859375,1684.0,1672.800048828125,1682.0999755859375,31366,0.0,0.0,GODREJPROP.NS
2026-02-05 14:30:00+05:30,1682.9000244140625,1694.5999755859375,1682.0,1687.5,54168,0.0,0.0,GODREJPROP.NS
2026-02-05 14:45:00+05:30,1689.199951171875,1697.5999755859375,1685.0,1694.0,50182,0.0,0.0,GODREJPROP.NS
2026-02-05 15:00:00+05:30,1694.4000244140625,1697.0,1689.0,1692.0,63304,0.0,0.0,GODREJPROP.NS
2026-02-05 15:15:00+05:30,1691.199951171875,1692.0,1684.9000244140625,1685.0,74405,0.0,0.0,GODREJPROP.NS
2026-02-06 09:15:00+05:30,1695.0,1723.300048828125,1685.0,1698.0,122673,0.0,0.0,GODREJPROP.NS
2026-02-06 09:30:00+05:30,1698.9000244140625,1701.0999755859375,1676.699951171875,1676.699951171875,81785,0.0,0.0,GODREJPROP.NS
2026-02-06 09:45:00+05:30,1676.699951171875,1687.5999755859375,1674.4000244140625,1675.0999755859375,89756,0.0,0.0,GODREJPROP.NS
2026-02-06 10:00:00+05:30,1675.300048828125,1680.0,1671.0999755859375,1671.5,48830,0.0,0.0,GODREJPROP.NS
2026-02-06 10:15:00+05:30,1671.5999755859375,1690.0,1665.0,1666.0,117962,0.0,0.0,GODREJPROP.NS
2026-02-06 10:30:00+05:30,1666.4000244140625,1669.5999755859375,1646.5999755859375,1648.0999755859375,97658,0.0,0.0,GODREJPROP.NS
2026-02-06 10:45:00+05:30,1648.0999755859375,1656.0,1644.5,1653.199951171875,91484,0.0,0.0,GODREJPROP.NS
2026-02-06 11:00:00+05:30,1653.5999755859375,1658.199951171875,1651.5999755859375,1654.0999755859375,35438,0.0,0.0,GODREJPROP.NS
2026-02-06 11:15:00+05:30,1654.9000244140625,1671.5999755859375,1652.5,1665.199951171875,44143,0.0,0.0,GODREJPROP.NS
2026-02-06 11:30:00+05:30,1664.9000244140625,1694.699951171875,1663.800048828125,1688.800048828125,100358,0.0,0.0,GODREJPROP.NS
2026-02-06 11:45:00+05:30,1688.5,1699.5,1687.0,1689.699951171875,64960,0.0,0.0,GODREJPROP.NS
2026-02-06 12:00:00+05:30,1690.0,1694.9000244140625,1682.5999755859375,1688.699951171875,41910,0.0,0.0,GODREJPROP.NS
2026-02-06 12:15:00+05:30,1688.699951171875,1689.300048828125,1678.5,1680.0999755859375,30059,0.0,0.0,GODREJPROP.NS
2026-02-06 12:30:00+05:30,1680.199951171875,1685.0,1676.0,1680.0,22480,0.0,0.0,GODREJPROP.NS
2026-02-06 12:45:00+05:30,1680.0,1684.0999755859375,1673.5,1678.0999755859375,15419,0.0,0.0,GODREJPROP.NS
2026-02-06 13:00:00+05:30,1678.4000244140625,1679.0,1673.4000244140625,1676.9000244140625,11751,0.0,0.0,GODREJPROP.NS
2026-02-06 13:15:00+05:30,1678.0999755859375,1678.0999755859375,1674.4000244140625,1676.5999755859375,2433,0.0,0.0,GODREJPROP.NS
2026-02-06 13:30:00+05:30,1678.9000244140625,1684.9000244140625,1678.0,1681.4000244140625,12621,0.0,0.0,GODREJPROP.NS
2026-02-06 13:45:00+05:30,1681.4000244140625,1690.0,1679.0999755859375,1689.199951171875,15226,0.0,0.0,GODREJPROP.NS
2026-02-06 14:00:00+05:30,1689.199951171875,1695.699951171875,1687.0,1691.199951171875,25491,0.0,0.0,GODREJPROP.NS
2026-02-06 14:15:00+05:30,1690.9000244140625,1694.9000244140625,1688.0,1693.199951171875,12730,0.0,0.0,GODREJPROP.NS
2026-02-06 14:30:00+05:30,1693.199951171875,1699.0,1689.5999755859375,1696.5,55909,0.0,0.0,GODREJPROP.NS
2026-02-06 14:45:00+05:30,1696.4000244140625,1700.0,1690.5,1699.0,38326,0.0,0.0,GODREJPROP.NS
2026-02-06 15:00:00+05:30,1698.0,1703.800048828125,1698.0,1701.300048828125,92493,0.0,0.0,GODREJPROP.NS
2026-02-06 15:15:00+05:30,1700.0999755859375,1703.4000244140625,1692.5999755859375,1699.800048828125,75245,0.0,0.0,GODREJPROP.NS
2026-02-09 09:15:00+05:30,1729.5,1789.9000244140625,1729.5,1781.9000244140625,362465,0.0,0.0,GODREJPROP.NS
2026-02-09 09:30:00+05:30,1781.0999755859375,1801.0,1781.0999755859375,1798.9000244140625,725800,0.0,0.0,GODREJPROP.NS
2026-02-09 09:45:00+05:30,1799.0,1811.0999755859373,1785.0,1803.199951171875,487629,0.0,0.0,GODREJPROP.NS
2026-02-09 10:00:00+05:30,1803.699951171875,1816.5999755859373,1793.199951171875,1800.0,356613,0.0,0.0,GODREJPROP.NS
2026-02-09 10:15:00+05:30,1799.0999755859375,1820.5,1798.4000244140625,1815.9000244140625,278400,0.0,0.0,GODREJPROP.NS
2026-02-09 10:30:00+05:30,1815.699951171875,1820.0,1810.0999755859373,1817.300048828125,141467,0.0,0.0,GODREJPROP.NS
2026-02-09 10:45:00+05:30,1816.5999755859373,1817.9000244140625,1790.5999755859375,1797.699951171875,205824,0.0,0.0,GODREJPROP.NS
2026-02-09 11:00:00+05:30,1797.699951171875,1798.4000244140625,1790.0,1794.199951171875,111336,0.0,0.0,GODREJPROP.NS
2026-02-09 11:15:00+05:30,1793.800048828125,1796.9000244140625,1789.5,1794.800048828125,78229,0.0,0.0,GODREJPROP.NS
2026-02-09 11:30:00+05:30,1794.800048828125,1798.9000244140625,1790.9000244140625,1798.0,59347,0.0,0.0,GODREJPROP.NS
2026-02-09 11:45:00+05:30,1797.9000244140625,1799.9000244140625,1794.300048828125,1794.800048828125,32282,0.0,0.0,GODREJPROP.NS
2026-02-09 12:00:00+05:30,1794.699951171875,1800.0,1794.699951171875,1797.5999755859375,57449,0.0,0.0,GODREJPROP.NS
2026-02-09 12:15:00+05:30,1798.4000244140625,1799.4000244140625,1795.5999755859375,1796.699951171875,24430,0.0,0.0,GODREJPROP.NS
2026-02-09 12:30:00+05:30,1796.699951171875,1799.5999755859375,1792.0999755859375,1795.5,29786,0.0,0.0,GODREJPROP.NS
2026-02-09 12:45:00+05:30,1795.300048828125,1809.9000244140625,1795.300048828125,1809.0999755859373,153551,0.0,0.0,GODREJPROP.NS
2026-02-09 13:00:00+05:30,1809.0,1813.9000244140625,1803.0,1810.0999755859373,52457,0.0,0.0,GODREJPROP.NS
2026-02-09 13:15:00+05:30,1810.5999755859373,1813.699951171875,1806.699951171875,1807.5999755859373,54128,0.0,0.0,GODREJPROP.NS
2026-02-09 13:30:00+05:30,1808.0,1811.9000244140625,1802.800048828125,1803.300048828125,36534,0.0,0.0,GODREJPROP.NS
2026-02-09 13:45:00+05:30,1803.800048828125,1803.9000244140625,1799.9000244140625,1800.800048828125,26518,0.0,0.0,GODREJPROP.NS
2026-02-09 14:00:00+05:30,1800.699951171875,1802.4000244140625,1796.4000244140625,1798.300048828125,27214,0.0,0.0,GODREJPROP.NS
2026-02-09 14:15:00+05:30,1797.800048828125,1804.4000244140625,1797.5999755859375,1801.5,50580,0.0,0.0,GODREJPROP.NS
2026-02-09 14:30:00+05:30,1802.199951171875,1803.0,1799.300048828125,1800.4000244140625,32308,0.0,0.0,GODREJPROP.NS
2026-02-09 14:45:00+05:30,1801.199951171875,1805.0,1800.0,1803.0999755859373,51661,0.0,0.0,GODREJPROP.NS
2026-02-09 15:00:00+05:30,1803.9000244140625,1807.0,1798.5,1801.5999755859373,120501,0.0,0.0,GODREJPROP.NS
2026-02-09 15:15:00+05:30,1801.699951171875,1803.0,1800.0,1801.0,124327,0.0,0.0,GODREJPROP.NS
2026-02-10 09:15:00+05:30,1801.5,1820.0,1801.5,1811.0,59491,0.0,0.0,GODREJPROP.NS
2026-02-10 09:30:00+05:30,1812.0,1834.699951171875,1808.300048828125,1831.0999755859373,85224,0.0,0.0,GODREJPROP.NS
2026-02-10 09:45:00+05:30,1832.0,1832.5999755859373,1815.5,1820.0,75111,0.0,0.0,GODREJPROP.NS
2026-02-10 10:00:00+05:30,1820.5999755859373,1821.5999755859373,1813.0,1815.800048828125,27203,0.0,0.0,GODREJPROP.NS
2026-02-10 10:15:00+05:30,1816.5999755859373,1824.699951171875,1815.5999755859373,1821.9000244140625,155088,0.0,0.0,GODREJPROP.NS
2026-02-10 10:30:00+05:30,1821.9000244140625,1828.0,1820.0,1821.4000244140625,24755,0.0,0.0,GODREJPROP.NS
2026-02-10 10:45:00+05:30,1821.4000244140625,1823.9000244140625,1818.0,1820.0,52499,0.0,0.0,GODREJPROP.NS
2026-02-10 11:00:00+05:30,1820.0,1820.699951171875,1815.9000244140625,1817.9000244140625,38114,0.0,0.0,GODREJPROP.NS
2026-02-10 11:15:00+05:30,1819.0,1825.9000244140625,1817.4000244140625,1823.4000244140625,71637,0.0,0.0,GODREJPROP.NS
2026-02-10 11:30:00+05:30,1823.5,1826.4000244140625,1821.0,1826.300048828125,15524,0.0,0.0,GODREJPROP.NS
2026-02-10 11:45:00+05:30,1826.300048828125,1831.4000244140625,1826.0,1828.5,22910,0.0,0.0,GODREJPROP.NS
2026-02-10 12:00:00+05:30,1829.0999755859373,1832.0,1827.0999755859373,1831.0,45580,0.0,0.0,GODREJPROP.NS
2026-02-10 12:15:00+05:30,1830.9000244140625,1832.0,1823.0,1825.9000244140625,41786,0.0,0.0,GODREJPROP.NS
2026-02-10 12:30:00+05:30,1825.9000244140625,1828.4000244140625,1824.0,1827.5999755859373,6321,0.0,0.0,GODREJPROP.NS
2026-02-10 12:45:00+05:30,1827.699951171875,1831.0999755859373,1822.699951171875,1823.5,49192,0.0,0.0,GODREJPROP.NS
2026-02-10 13:00:00+05:30,1823.0999755859373,1823.800048828125,1820.5,1822.0,26665,0.0,0.0,GODREJPROP.NS
2026-02-10 13:15:00+05:30,1821.800048828125,1822.300048828125,1806.699951171875,1813.0,69122,0.0,0.0,GODREJPROP.NS
2026-02-10 13:30:00+05:30,1813.0,1819.9000244140625,1810.0,1818.0,85182,0.0,0.0,GODREJPROP.NS
2026-02-10 13:45:00+05:30,1818.0,1824.5,1815.0,1819.9000244140625,50281,0.0,0.0,GODREJPROP.NS
2026-02-10 14:00:00+05:30,1819.9000244140625,1823.0,1818.5,1820.0,22743,0.0,0.0,GODREJPROP.NS
2026-02-10 14:15:00+05:30,1820.0,1822.0,1818.0,1818.9000244140625,12531,0.0,0.0,GODREJPROP.NS
2026-02-10 14:30:00+05:30,1818.9000244140625,1820.800048828125,1816.9000244140625,1819.5999755859373,76555,0.0,0.0,GODREJPROP.NS
2026-02-10 14:45:00+05:30,1819.699951171875,1823.800048828125,1817.0,1822.5,39292,0.0,0.0,GODREJPROP.NS
2026-02-10 15:00:00+05:30,1823.0,1824.800048828125,1819.300048828125,1822.0,174666,0.0,0.0,GODREJPROP.NS
2026-02-10 15:15:00+05:30,1822.0,1824.0,1820.0,1820.800048828125,81372,0.0,0.0,GODREJPROP.NS
2026-02-11 09:15:00+05:30,1829.800048828125,1829.800048828125,1821.0999755859373,1825.800048828125,26180,0.0,0.0,GODREJPROP.NS
2026-02-11 09:30:00+05:30,1825.199951171875,1825.800048828125,1814.0,1821.4000244140625,61191,0.0,0.0,GODREJPROP.NS
2026-02-11 09:45:00+05:30,1820.5,1824.0,1815.0999755859373,1817.4000244140625,162875,0.0,0.0,GODREJPROP.NS
2026-02-11 10:00:00+05:30,1816.5999755859373,1820.800048828125,1815.9000244140625,1818.9000244140625,205985,0.0,0.0,GODREJPROP.NS
2026-02-11 10:15:00+05:30,1818.9000244140625,1828.5999755859373,1818.0,1825.9000244140625,100220,0.0,0.0,GODREJPROP.NS
2026-02-11 10:30:00+05:30,1825.5999755859373,1827.699951171875,1817.0999755859373,1818.0,20786,0.0,0.0,GODREJPROP.NS
2026-02-11 10:45:00+05:30,1818.0,1822.800048828125,1818.0,1820.0,44634,0.0,0.0,GODREJPROP.NS
2026-02-11 11:00:00+05:30,1822.0,1826.0999755859373,1820.4000244140625,1825.0999755859373,26506,0.0,0.0,GODREJPROP.NS
2026-02-11 11:15:00+05:30,1825.5,1827.0,1822.5,1823.699951171875,13240,0.0,0.0,GODREJPROP.NS
2026-02-11 11:30:00+05:30,1823.5999755859373,1826.9000244140625,1822.800048828125,1822.800048828125,11636,0.0,0.0,GODREJPROP.NS
2026-02-11 11:45:00+05:30,1822.300048828125,1825.0,1821.5999755859373,1822.699951171875,8236,0.0,0.0,GODREJPROP.NS
2026-02-11 12:00:00+05:30,1822.800048828125,1825.0,1820.699951171875,1824.5999755859373,7116,0.0,0.0,GODREJPROP.NS
2026-02-11 12:15:00+05:30,1824.5999755859373,1824.5999755859373,1820.0,1822.0,8149,0.0,0.0,GODREJPROP.NS
2026-02-11 12:30:00+05:30,1820.800048828125,1824.0,1820.699951171875,1822.199951171875,28080,0.0,0.0,GODREJPROP.NS
2026-02-11 12:45:00+05:30,1822.0,1823.5,1820.0999755859373,1823.4000244140625,36778,0.0,0.0,GODREJPROP.NS
2026-02-11 13:00:00+05:30,1822.9000244140625,1827.5,1819.699951171875,1826.0999755859373,156994,0.0,0.0,GODREJPROP.NS
2026-02-11 13:15:00+05:30,1827.5999755859373,1838.5,1827.5999755859373,1838.5,38604,0.0,0.0,GODREJPROP.NS
2026-02-11 13:30:00+05:30,1838.300048828125,1846.5,1838.300048828125,1842.699951171875,52843,0.0,0.0,GODREJPROP.NS
2026-02-11 13:45:00+05:30,1842.800048828125,1844.800048828125,1839.0999755859373,1842.699951171875,23043,0.0,0.0,GODREJPROP.NS
2026-02-11 14:00:00+05:30,1842.699951171875,1849.0,1841.9000244140625,1847.800048828125,26088,0.0,0.0,GODREJPROP.NS
2026-02-11 14:15:00+05:30,1847.800048828125,1850.4000244140625,1843.800048828125,1847.5999755859373,33257,0.0,0.0,GODREJPROP.NS
2026-02-11 14:30:00+05:30,1847.5999755859373,1847.699951171875,1841.300048828125,1846.0999755859373,28169,0.0,0.0,GODREJPROP.NS
2026-02-11 14:45:00+05:30,1846.199951171875,1849.9000244140625,1845.0,1848.699951171875,45924,0.0,0.0,GODREJPROP.NS
2026-02-11 15:00:00+05:30,1848.5999755859373,1854.699951171875,1848.0999755859373,1852.0,107375,0.0,0.0,GODREJPROP.NS
2026-02-11 15:15:00+05:30,1852.800048828125,1854.9000244140625,1850.800048828125,1851.4000244140625,75776,0.0,0.0,GODREJPROP.NS
2026-02-12 09:15:00+05:30,1851.5,1851.5,1812.699951171875,1812.699951171875,60261,0.0,0.0,GODREJPROP.NS
2026-02-12 09:30:00+05:30,1811.300048828125,1820.0,1808.5999755859373,1809.199951171875,161384,0.0,0.0,GODREJPROP.NS
2026-02-12 09:45:00+05:30,1809.0999755859373,1835.5,1807.0,1827.800048828125,101539,0.0,0.0,GODREJPROP.NS
2026-02-12 10:00:00+05:30,1826.9000244140625,1828.800048828125,1816.0,1820.9000244140625,26279,0.0,0.0,GODREJPROP.NS
2026-02-12 10:15:00+05:30,1821.5,1827.199951171875,1818.0,1826.9000244140625,27328,0.0,0.0,GODREJPROP.NS
2026-02-12 10:30:00+05:30,1826.4000244140625,1828.4000244140625,1819.199951171875,1823.0,135363,0.0,0.0,GODREJPROP.NS
2026-02-12 10:45:00+05:30,1822.800048828125,1829.9000244140625,1822.800048828125,1826.5,47109,0.0,0.0,GODREJPROP.NS
2026-02-12 11:00:00+05:30,1826.0,1829.9000244140625,1825.0,1825.5999755859373,25176,0.0,0.0,GODREJPROP.NS
2026-02-12 11:15:00+05:30,1823.4000244140625,1827.0,1817.0,1826.5999755859373,46054,0.0,0.0,GODREJPROP.NS
2026-02-12 11:30:00+05:30,1825.5999755859373,1837.4000244140625,1824.5,1834.699951171875,34048,0.0,0.0,GODREJPROP.NS
2026-02-12 11:45:00+05:30,1835.0,1835.0,1828.199951171875,1830.5,9614,0.0,0.0,GODREJPROP.NS
2026-02-12 12:00:00+05:30,1830.5,1836.4000244140625,1828.0999755859373,1832.0999755859373,12717,0.0,0.0,GODREJPROP.NS
2026-02-12 12:15:00+05:30,1831.199951171875,1840.300048828125,1825.5999755859373,1827.4000244140625,45082,0.0,0.0,GODREJPROP.NS
2026-02-12 12:30:00+05:30,1824.199951171875,1829.300048828125,1822.199951171875,1827.199951171875,70938,0.0,0.0,GODREJPROP.NS
2026-02-12 12:45:00+05:30,1827.699951171875,1831.5999755859373,1826.4000244140625,1831.4000244140625,5435,0.0,0.0,GODREJPROP.NS
2026-02-12 13:00:00+05:30,1831.800048828125,1835.0,1821.0,1821.699951171875,50156,0.0,0.0,GODREJPROP.NS
2026-02-12 13:15:00+05:30,1822.0999755859373,1827.0,1821.0,1825.0,9445,0.0,0.0,GODREJPROP.NS
2026-02-12 13:30:00+05:30,1825.199951171875,1827.300048828125,1824.300048828125,1825.0,8481,0.0,0.0,GODREJPROP.NS
2026-02-12 13:45:00+05:30,1825.5,1827.800048828125,1822.300048828125,1825.0,21701,0.0,0.0,GODREJPROP.NS
2026-02-12 14:00:00+05:30,1825.699951171875,1826.0,1823.199951171875,1825.0,15416,0.0,0.0,GODREJPROP.NS
2026-02-12 14:15:00+05:30,1825.0,1827.0,1819.4000244140625,1825.0,17559,0.0,0.0,GODREJPROP.NS
2026-02-12 14:30:00+05:30,1824.699951171875,1826.0,1814.5999755859373,1817.300048828125,36976,0.0,0.0,GODREJPROP.NS
2026-02-12 14:45:00+05:30,1817.300048828125,1823.0,1810.199951171875,1820.800048828125,259597,0.0,0.0,GODREJPROP.NS
2026-02-12 15:00:00+05:30,1822.800048828125,1831.9000244140625,1817.699951171875,1820.9000244140625,162630,0.0,0.0,GODREJPROP.NS
2026-02-12 15:15:00+05:30,1821.5999755859373,1821.699951171875,1808.0,1821.699951171875,86454,0.0,0.0,GODREJPROP.NS
2026-02-13 09:15:00+05:30,1775.9000244140625,1781.800048828125,1727.300048828125,1738.0999755859375,72863,0.0,0.0,GODREJPROP.NS
2026-02-13 09:30:00+05:30,1738.5999755859375,1751.699951171875,1732.0,1748.5,346854,0.0,0.0,GODREJPROP.NS
2026-02-13 09:45:00+05:30,1748.5,1755.4000244140625,1738.0,1751.4000244140625,68921,0.0,0.0,GODREJPROP.NS
2026-02-13 10:00:00+05:30,1751.4000244140625,1753.5999755859375,1741.5999755859375,1751.800048828125,172547,0.0,0.0,GODREJPROP.NS
2026-02-13 10:15:00+05:30,1750.9000244140625,1755.699951171875,1741.199951171875,1750.699951171875,117784,0.0,0.0,GODREJPROP.NS
2026-02-13 10:30:00+05:30,1749.0,1760.5,1746.300048828125,1750.5999755859375,120605,0.0,0.0,GODREJPROP.NS
2026-02-13 10:45:00+05:30,1750.199951171875,1756.0,1748.300048828125,1756.0,58333,0.0,0.0,GODREJPROP.NS
2026-02-13 11:00:00+05:30,1755.800048828125,1773.0999755859375,1750.0,1770.300048828125,27879,0.0,0.0,GODREJPROP.NS
2026-02-13 11:15:00+05:30,1772.0,1772.5999755859375,1762.0,1766.199951171875,263788,0.0,0.0,GODREJPROP.NS
2026-02-13 11:30:00+05:30,1765.5999755859375,1777.699951171875,1760.0,1776.800048828125,23523,0.0,0.0,GODREJPROP.NS
2026-02-13 11:45:00+05:30,1776.0,1791.199951171875,1775.5999755859375,1784.5999755859375,34156,0.0,0.0,GODREJPROP.NS
2026-02-13 12:00:00+05:30,1785.0,1786.300048828125,1778.699951171875,1785.0,18866,0.0,0.0,GODREJPROP.NS
2026-02-13 12:15:00+05:30,1785.0,1790.5,1783.199951171875,1786.0,21154,0.0,0.0,GODREJPROP.NS
2026-02-13 12:30:00+05:30,1786.5,1807.5999755859373,1786.199951171875,1804.4000244140625,49266,0.0,0.0,GODREJPROP.NS
2026-02-13 12:45:00+05:30,1804.0,1808.699951171875,1800.0,1800.0,54678,0.0,0.0,GODREJPROP.NS
2026-02-13 13:00:00+05:30,1800.0,1816.300048828125,1800.0,1815.0999755859373,65881,0.0,0.0,GODREJPROP.NS
2026-02-13 13:15:00+05:30,1814.199951171875,1816.4000244140625,1804.300048828125,1806.0999755859373,19257,0.0,0.0,GODREJPROP.NS
2026-02-13 13:30:00+05:30,1805.300048828125,1813.0,1804.0,1809.300048828125,13865,0.0,0.0,GODREJPROP.NS
2026-02-13 13:45:00+05:30,1809.800048828125,1809.800048828125,1799.800048828125,1805.800048828125,76699,0.0,0.0,GODREJPROP.NS
2026-02-13 14:00:00+05:30,1805.5999755859373,1809.5,1802.800048828125,1809.300048828125,41720,0.0,0.0,GODREJPROP.NS
2026-02-13 14:15:00+05:30,1810.0,1813.699951171875,1807.0,1809.699951171875,8577,0.0,0.0,GODREJPROP.NS
2026-02-13 14:30:00+05:30,1809.300048828125,1812.9000244140625,1805.5,1808.9000244140625,14290,0.0,0.0,GODREJPROP.NS
2026-02-13 14:45:00+05:30,1808.9000244140625,1815.0999755859373,1805.0999755859373,1814.300048828125,26129,0.0,0.0,GODREJPROP.NS
2026-02-13 15:00:00+05:30,1811.300048828125,1814.5999755859373,1808.300048828125,1809.699951171875,72669,0.0,0.0,GODREJPROP.NS
2026-02-13 15:15:00+05:30,1809.800048828125,1813.300048828125,1800.0,1803.0,224875,0.0,0.0,GODREJPROP.NS
2026-02-16 09:15:00+05:30,1786.0,1837.9000244140625,1786.0,1821.199951171875,69890,0.0,0.0,GODREJPROP.NS
2026-02-16 09:30:00+05:30,1821.199951171875,1835.199951171875,1820.699951171875,1824.4000244140625,26072,0.0,0.0,GODREJPROP.NS
2026-02-16 09:45:00+05:30,1824.4000244140625,1839.9000244140625,1816.0999755859373,1836.699951171875,35259,0.0,0.0,GODREJPROP.NS
2026-02-16 10:00:00+05:30,1837.5,1840.5,1813.300048828125,1818.0,154362,0.0,0.0,GODREJPROP.NS
2026-02-16 10:15:00+05:30,1818.0,1821.5999755859373,1811.5,1812.0,22720,0.0,0.0,GODREJPROP.NS
2026-02-16 10:30:00+05:30,1811.0999755859373,1820.0,1809.199951171875,1817.5999755859373,144221,0.0,0.0,GODREJPROP.NS
2026-02-16 10:45:00+05:30,1817.5999755859373,1820.0,1815.5,1818.0,12040,0.0,0.0,GODREJPROP.NS
2026-02-16 11:00:00+05:30,1818.0999755859373,1818.800048828125,1810.0,1815.0,11950,0.0,0.0,GODREJPROP.NS
2026-02-16 11:15:00+05:30,1815.300048828125,1818.4000244140625,1811.5999755859373,1811.699951171875,8164,0.0,0.0,GODREJPROP.NS
2026-02-16 11:30:00+05:30,1811.699951171875,1812.5,1800.199951171875,1801.5,67112,0.0,0.0,GODREJPROP.NS
2026-02-16 11:45:00+05:30,1801.300048828125,1806.4000244140625,1800.0,1804.5999755859373,9492,0.0,0.0,GODREJPROP.NS
2026-02-16 12:00:00+05:30,1804.0,1813.5,1804.0,1810.9000244140625,13448,0.0,0.0,GODREJPROP.NS
2026-02-16 12:15:00+05:30,1810.9000244140625,1817.0,1810.300048828125,1815.9000244140625,15398,0.0,0.0,GODREJPROP.NS
2026-02-16 12:30:00+05:30,1815.0999755859373,1823.9000244140625,1815.0,1818.0,18129,0.0,0.0,GODREJPROP.NS
2026-02-16 12:45:00+05:30,1818.0,1824.300048828125,1817.300048828125,1818.199951171875,240697,0.0,0.0,GODREJPROP.NS
2026-02-16 13:00:00+05:30,1820.0999755859373,1824.199951171875,1820.0,1821.4000244140625,9408,0.0,0.0,GODREJPROP.NS
2026-02-16 13:15:00+05:30,1821.0999755859373,1824.0999755859373,1820.0,1821.699951171875,9195,0.0,0.0,GODREJPROP.NS
2026-02-16 13:30:00+05:30,1822.5999755859373,1824.199951171875,1820.0,1823.800048828125,10096,0.0,0.0,GODREJPROP.NS
2026-02-16 13:45:00+05:30,1824.300048828125,1826.199951171875,1820.0,1820.699951171875,25601,0.0,0.0,GODREJPROP.NS
2026-02-16 14:00:00+05:30,1821.5999755859373,1825.300048828125,1820.0,1825.0,5919,0.0,0.0,GODREJPROP.NS
2026-02-16 14:15:00+05:30,1824.199951171875,1827.300048828125,1821.9000244140625,1825.199951171875,12956,0.0,0.0,GODREJPROP.NS
2026-02-16 14:30:00+05:30,1825.0,1833.9000244140625,1825.0,1829.300048828125,46523,0.0,0.0,GODREJPROP.NS
2026-02-16 14:45:00+05:30,1829.4000244140625,1832.300048828125,1827.699951171875,1831.0,11255,0.0,0.0,GODREJPROP.NS
2026-02-16 15:00:00+05:30,1831.800048828125,1837.0,1830.5,1833.9000244140625,36671,0.0,0.0,GODREJPROP.NS
2026-02-16 15:15:00+05:30,1833.9000244140625,1836.199951171875,1829.300048828125,1832.699951171875,56212,0.0,0.0,GODREJPROP.NS
2026-02-17 09:15:00+05:30,1829.5,1832.699951171875,1820.0999755859373,1823.5,15015,0.0,0.0,GODREJPROP.NS
2026-02-17 09:30:00+05:30,1822.4000244140625,1825.199951171875,1820.0,1823.699951171875,7048,0.0,0.0,GODREJPROP.NS
2026-02-17 09:45:00+05:30,1823.9000244140625,1834.800048828125,1823.9000244140625,1824.5,13771,0.0,0.0,GODREJPROP.NS
2026-02-17 10:00:00+05:30,1823.300048828125,1824.0,1818.5999755859373,1820.199951171875,43336,0.0,0.0,GODREJPROP.NS
2026-02-17 10:15:00+05:30,1821.4000244140625,1826.0,1820.0,1824.0999755859373,6101,0.0,0.0,GODREJPROP.NS
2026-02-17 10:30:00+05:30,1824.9000244140625,1825.9000244140625,1821.199951171875,1821.199951171875,2229,0.0,0.0,GODREJPROP.NS
2026-02-17 10:45:00+05:30,1821.9000244140625,1823.4000244140625,1820.5999755859373,1822.0,14713,0.0,0.0,GODREJPROP.NS
2026-02-17 11:00:00+05:30,1822.0,1823.5999755859373,1821.0999755859373,1821.199951171875,2479,0.0,0.0,GODREJPROP.NS
2026-02-17 11:15:00+05:30,1821.300048828125,1824.5,1821.300048828125,1824.4000244140625,1562,0.0,0.0,GODREJPROP.NS
2026-02-17 11:30:00+05:30,1825.0,1825.699951171875,1823.5,1823.699951171875,3145,0.0,0.0,GODREJPROP.NS
2026-02-17 11:45:00+05:30,1823.699951171875,1828.0,1823.699951171875,1826.800048828125,4612,0.0,0.0,GODREJPROP.NS
2026-02-17 12:00:00+05:30,1826.0999755859373,1827.0,1824.199951171875,1826.9000244140625,9584,0.0,0.0,GODREJPROP.NS
2026-02-17 12:15:00+05:30,1826.9000244140625,1833.800048828125,1826.5,1829.0999755859373,54050,0.0,0.0,GODREJPROP.NS
2026-02-17 12:30:00+05:30,1830.0,1836.0,1830.0,1835.0999755859373,7361,0.0,0.0,GODREJPROP.NS
2026-02-17 12:45:00+05:30,1836.0,1840.9000244140625,1835.0,1835.0,14433,0.0,0.0,GODREJPROP.NS
2026-02-17 13:00:00+05:30,1835.800048828125,1837.300048828125,1830.300048828125,1831.5,5309,0.0,0.0,GODREJPROP.NS
2026-02-17 13:15:00+05:30,1832.5,1842.9000244140625,1832.5,1840.0,8285,0.0,0.0,GODREJPROP.NS
2026-02-17 13:30:00+05:30,1841.0,1843.199951171875,1840.0,1840.0,28476,0.0,0.0,GODREJPROP.NS
2026-02-17 13:45:00+05:30,1840.699951171875,1841.9000244140625,1837.0,1837.9000244140625,47092,0.0,0.0,GODREJPROP.NS
2026-02-17 14:00:00+05:30,1838.300048828125,1845.0999755859373,1836.0,1840.0999755859373,17657,0.0,0.0,GODREJPROP.NS
2026-02-17 14:15:00+05:30,1840.0999755859373,1843.0,1838.9000244140625,1841.0,5480,0.0,0.0,GODREJPROP.NS
2026-02-17 14:30:00+05:30,1840.0,1843.5,1836.699951171875,1842.300048828125,214412,0.0,0.0,GODREJPROP.NS
2026-02-17 14:45:00+05:30,1839.9000244140625,1848.0,1837.0,1845.800048828125,32173,0.0,0.0,GODREJPROP.NS
2026-02-17 15:00:00+05:30,1845.4000244140625,1848.699951171875,1843.800048828125,1844.0999755859373,44743,0.0,0.0,GODREJPROP.NS
2026-02-17 15:15:00+05:30,1844.800048828125,1851.0,1840.5999755859373,1845.0999755859373,134167,0.0,0.0,GODREJPROP.NS
2026-02-18 09:15:00+05:30,1865.0,1869.4000244140625,1858.0999755859373,1861.300048828125,12894,0.0,0.0,GODREJPROP.NS
2026-02-18 09:30:00+05:30,1861.0999755859373,1864.699951171875,1859.5,1860.5,8862,0.0,0.0,GODREJPROP.NS
2026-02-18 09:45:00+05:30,1860.0999755859373,1860.0999755859373,1851.0,1852.800048828125,17096,0.0,0.0,GODREJPROP.NS
2026-02-18 10:00:00+05:30,1852.699951171875,1854.0999755859373,1848.199951171875,1848.800048828125,11489,0.0,0.0,GODREJPROP.NS
2026-02-18 10:15:00+05:30,1849.0999755859373,1850.5999755859373,1847.300048828125,1848.300048828125,5839,0.0,0.0,GODREJPROP.NS
2026-02-18 10:30:00+05:30,1848.0,1863.5999755859373,1840.699951171875,1857.0999755859373,413295,0.0,0.0,GODREJPROP.NS
2026-02-18 10:45:00+05:30,1857.0999755859373,1862.5999755859373,1856.800048828125,1862.5999755859373,10208,0.0,0.0,GODREJPROP.NS
2026-02-18 11:00:00+05:30,1863.0,1868.0,1862.199951171875,1866.5999755859373,14623,0.0,0.0,GODREJPROP.NS
2026-02-18 11:15:00+05:30,1867.5,1872.300048828125,1864.800048828125,1872.300048828125,27959,0.0,0.0,GODREJPROP.NS
2026-02-18 11:30:00+05:30,1872.0,1875.800048828125,1870.199951171875,1874.800048828125,22310,0.0,0.0,GODREJPROP.NS
2026-02-18 11:45:00+05:30,1874.5,1879.0,1873.4000244140625,1875.5999755859373,17471,0.0,0.0,GODREJPROP.NS
2026-02-18 12:00:00+05:30,1875.5999755859373,1879.5,1871.199951171875,1872.300048828125,51581,0.0,0.0,GODREJPROP.NS
2026-02-18 12:15:00+05:30,1872.300048828125,1874.0,1869.9000244140625,1873.800048828125,10455,0.0,0.0,GODREJPROP.NS
2026-02-18 12:30:00+05:30,1873.0,1875.0,1870.0,1871.0999755859373,7746,0.0,0.0,GODREJPROP.NS
2026-02-18 12:45:00+05:30,1871.0999755859373,1874.9000244140625,1870.4000244140625,1872.0999755859373,9221,0.0,0.0,GODREJPROP.NS
2026-02-18 13:00:00+05:30,1872.0999755859373,1874.199951171875,1871.800048828125,1873.0,2613,0.0,0.0,GODREJPROP.NS
2026-02-18 13:15:00+05:30,1874.0,1874.300048828125,1872.0,1872.5,3840,0.0,0.0,GODREJPROP.NS
2026-02-18 13:30:00+05:30,1872.0,1873.5999755859373,1871.4000244140625,1873.5999755859373,4833,0.0,0.0,GODREJPROP.NS
2026-02-18 13:45:00+05:30,1873.800048828125,1874.0,1872.0,1873.699951171875,5280,0.0,0.0,GODREJPROP.NS
2026-02-18 14:00:00+05:30,1873.5,1873.5,1868.0,1869.0,191142,0.0,0.0,GODREJPROP.NS
2026-02-18 14:15:00+05:30,1869.800048828125,1872.4000244140625,1868.0,1869.0999755859373,8588,0.0,0.0,GODREJPROP.NS
2026-02-18 14:30:00+05:30,1868.9000244140625,1874.0999755859373,1868.9000244140625,1872.800048828125,51721,0.0,0.0,GODREJPROP.NS
2026-02-18 14:45:00+05:30,1872.0999755859373,1881.0999755859373,1872.0999755859373,1879.300048828125,74682,0.0,0.0,GODREJPROP.NS
2026-02-18 15:00:00+05:30,1879.9000244140625,1894.4000244140625,1879.4000244140625,1882.4000244140625,129221,0.0,0.0,GODREJPROP.NS
2026-02-18 15:15:00+05:30,1882.0,1884.5,1879.0999755859373,1880.0,64584,0.0,0.0,GODREJPROP.NS
2026-02-19 09:15:00+05:30,1887.0,1887.0,1871.5999755859373,1875.5,70595,0.0,0.0,GODREJPROP.NS
2026-02-19 09:30:00+05:30,1875.0,1884.0,1869.0,1869.5999755859373,282512,0.0,0.0,GODREJPROP.NS
2026-02-19 09:45:00+05:30,1868.800048828125,1879.0,1863.9000244140625,1875.199951171875,37915,0.0,0.0,GODREJPROP.NS
2026-02-19 10:00:00+05:30,1876.5,1879.9000244140625,1874.5,1877.5999755859373,19956,0.0,0.0,GODREJPROP.NS
2026-02-19 10:15:00+05:30,1878.0,1880.5999755859373,1875.4000244140625,1876.4000244140625,49898,0.0,0.0,GODREJPROP.NS
2026-02-19 10:30:00+05:30,1875.9000244140625,1877.300048828125,1852.199951171875,1863.5,344778,0.0,0.0,GODREJPROP.NS
2026-02-19 10:45:00+05:30,1863.9000244140625,1863.9000244140625,1854.0,1860.300048828125,51571,0.0,0.0,GODREJPROP.NS
2026-02-19 11:00:00+05:30,1860.800048828125,1866.800048828125,1859.5999755859373,1859.5999755859373,16712,0.0,0.0,GODREJPROP.NS
2026-02-19 11:15:00+05:30,1860.0,1864.0,1858.9000244140625,1860.0,30534,0.0,0.0,GODREJPROP.NS
2026-02-19 11:30:00+05:30,1858.9000244140625,1863.699951171875,1858.9000244140625,1860.5999755859373,20105,0.0,0.0,GODREJPROP.NS
2026-02-19 11:45:00+05:30,1860.0,1860.4000244140625,1845.4000244140625,1846.300048828125,65861,0.0,0.0,GODREJPROP.NS
2026-02-19 12:00:00+05:30,1845.9000244140625,1848.5999755859373,1838.9000244140625,1840.0,31708,0.0,0.0,GODREJPROP.NS
2026-02-19 12:15:00+05:30,1840.4000244140625,1857.300048828125,1839.0,1855.0,32689,0.0,0.0,GODREJPROP.NS
2026-02-19 12:30:00+05:30,1856.0,1857.699951171875,1842.800048828125,1846.800048828125,27889,0.0,0.0,GODREJPROP.NS
2026-02-19 12:45:00+05:30,1848.0999755859373,1848.4000244140625,1841.4000244140625,1843.0,35177,0.0,0.0,GODREJPROP.NS
2026-02-19 13:00:00+05:30,1844.0,1844.5999755859373,1838.0,1842.9000244140625,6955,0.0,0.0,GODREJPROP.NS
2026-02-19 13:15:00+05:30,1843.0,1843.0999755859373,1836.0,1842.0,16182,0.0,0.0,GODREJPROP.NS
2026-02-19 13:30:00+05:30,1841.0,1841.800048828125,1827.300048828125,1832.300048828125,103220,0.0,0.0,GODREJPROP.NS
2026-02-19 13:45:00+05:30,1832.5,1836.0999755859373,1830.0,1835.699951171875,25853,0.0,0.0,GODREJPROP.NS
2026-02-19 14:00:00+05:30,1835.5,1836.199951171875,1829.4000244140625,1832.5,41015,0.0,0.0,GODREJPROP.NS
2026-02-19 14:15:00+05:30,1832.5,1840.0,1830.699951171875,1831.699951171875,95761,0.0,0.0,GODREJPROP.NS
2026-02-19 14:30:00+05:30,1832.0999755859373,1837.9000244140625,1823.4000244140625,1825.0999755859373,82648,0.0,0.0,GODREJPROP.NS
2026-02-19 14:45:00+05:30,1824.699951171875,1841.699951171875,1823.699951171875,1840.0,72209,0.0,0.0,GODREJPROP.NS
2026-02-19 15:00:00+05:30,1840.0,1840.4000244140625,1820.0,1820.0,148498,0.0,0.0,GODREJPROP.NS
2026-02-19 15:15:00+05:30,1823.5,1823.5,1806.0,1806.0,111081,0.0,0.0,GODREJPROP.NS
2026-02-20 09:15:00+05:30,1813.300048828125,1824.9000244140625,1809.199951171875,1810.699951171875,48980,0.0,0.0,GODREJPROP.NS
2026-02-20 09:30:00+05:30,1811.300048828125,1816.4000244140625,1808.699951171875,1811.300048828125,27717,0.0,0.0,GODREJPROP.NS
2026-02-20 09:45:00+05:30,1811.300048828125,1825.0999755859373,1807.300048828125,1815.0,21771,0.0,0.0,GODREJPROP.NS
2026-02-20 10:00:00+05:30,1816.0,1819.0,1792.800048828125,1793.0,50868,0.0,0.0,GODREJPROP.NS
2026-02-20 10:15:00+05:30,1792.699951171875,1805.0,1792.699951171875,1800.0,36490,0.0,0.0,GODREJPROP.NS
2026-02-20 10:30:00+05:30,1800.699951171875,1805.0,1800.0,1802.5999755859373,10944,0.0,0.0,GODREJPROP.NS
2026-02-20 10:45:00+05:30,1802.5999755859373,1806.0,1794.800048828125,1796.699951171875,64548,0.0,0.0,GODREJPROP.NS
2026-02-20 11:00:00+05:30,1796.699951171875,1799.699951171875,1789.699951171875,1797.9000244140625,27223,0.0,0.0,GODREJPROP.NS
2026-02-20 11:15:00+05:30,1797.4000244140625,1802.800048828125,1794.699951171875,1800.5999755859375,7684,0.0,0.0,GODREJPROP.NS
2026-02-20 11:30:00+05:30,1801.199951171875,1804.800048828125,1799.4000244140625,1803.199951171875,8100,0.0,0.0,GODREJPROP.NS
2026-02-20 11:45:00+05:30,1803.4000244140625,1806.5999755859373,1802.0,1806.300048828125,14935,0.0,0.0,GODREJPROP.NS
2026-02-20 12:00:00+05:30,1807.199951171875,1809.300048828125,1801.9000244140625,1803.699951171875,9675,0.0,0.0,GODREJPROP.NS
2026-02-20 12:15:00+05:30,1803.800048828125,1814.0,1803.800048828125,1810.5,10040,0.0,0.0,GODREJPROP.NS
2026-02-20 12:30:00+05:30,1810.9000244140625,1818.300048828125,1810.800048828125,1810.800048828125,43465,0.0,0.0,GODREJPROP.NS
2026-02-20 12:45:00+05:30,1811.0999755859373,1811.199951171875,1803.0,1807.5,37010,0.0,0.0,GODREJPROP.NS
2026-02-20 13:00:00+05:30,1806.5,1815.699951171875,1806.5,1814.5999755859373,98461,0.0,0.0,GODREJPROP.NS
2026-02-20 13:15:00+05:30,1813.4000244140625,1813.5,1793.199951171875,1812.5,97137,0.0,0.0,GODREJPROP.NS
2026-02-20 13:30:00+05:30,1812.9000244140625,1824.300048828125,1812.4000244140625,1822.0,25389,0.0,0.0,GODREJPROP.NS
2026-02-20 13:45:00+05:30,1822.300048828125,1825.5999755859373,1819.0999755859373,1824.4000244140625,25477,0.0,0.0,GODREJPROP.NS
2026-02-20 14:00:00+05:30,1823.9000244140625,1832.0,1821.800048828125,1824.800048828125,85306,0.0,0.0,GODREJPROP.NS
2026-02-20 14:15:00+05:30,1825.5999755859373,1831.9000244140625,1824.800048828125,1830.0,55940,0.0,0.0,GODREJPROP.NS
2026-02-20 14:30:00+05:30,1829.9000244140625,1834.300048828125,1825.5999755859373,1831.4000244140625,67709,0.0,0.0,GODREJPROP.NS
2026-02-20 14:45:00+05:30,1831.800048828125,1833.5,1826.800048828125,1832.5,30401,0.0,0.0,GODREJPROP.NS
2026-02-20 15:00:00+05:30,1833.0,1833.5999755859373,1824.5999755859373,1825.4000244140625,96646,0.0,0.0,GODREJPROP.NS
2026-02-20 15:15:00+05:30,1825.5999755859373,1827.300048828125,1812.4000244140625,1825.0,38741,0.0,0.0,GODREJPROP.NS
2026-02-23 09:15:00+05:30,1841.9000244140625,1848.9000244140625,1828.0999755859373,1846.5999755859373,26108,0.0,0.0,GODREJPROP.NS
2026-02-23 09:30:00+05:30,1846.800048828125,1853.0999755859373,1841.4000244140625,1841.4000244140625,57313,0.0,0.0,GODREJPROP.NS
2026-02-23 09:45:00+05:30,1842.800048828125,1842.800048828125,1833.800048828125,1834.4000244140625,57266,0.0,0.0,GODREJPROP.NS
2026-02-23 10:00:00+05:30,1835.0,1839.5999755859373,1830.199951171875,1831.300048828125,76930,0.0,0.0,GODREJPROP.NS
2026-02-23 10:15:00+05:30,1832.699951171875,1835.699951171875,1822.4000244140625,1824.0,65378,0.0,0.0,GODREJPROP.NS
2026-02-23 10:30:00+05:30,1823.800048828125,1825.0,1816.300048828125,1821.699951171875,38276,0.0,0.0,GODREJPROP.NS
2026-02-23 10:45:00+05:30,1821.699951171875,1827.800048828125,1818.4000244140625,1827.800048828125,21487,0.0,0.0,GODREJPROP.NS
2026-02-23 11:00:00+05:30,1827.5999755859373,1832.300048828125,1820.9000244140625,1825.300048828125,85367,0.0,0.0,GODREJPROP.NS
2026-02-23 11:15:00+05:30,1825.5999755859373,1826.300048828125,1815.0999755859373,1815.0999755859373,52706,0.0,0.0,GODREJPROP.NS
2026-02-23 11:30:00+05:30,1815.199951171875,1815.199951171875,1800.699951171875,1807.9000244140625,123061,0.0,0.0,GODREJPROP.NS
2026-02-23 11:45:00+05:30,1807.0999755859373,1807.300048828125,1800.0,1802.4000244140625,42365,0.0,0.0,GODREJPROP.NS
2026-02-23 12:00:00+05:30,1803.699951171875,1805.0,1800.0,1802.699951171875,35870,0.0,0.0,GODREJPROP.NS
2026-02-23 12:15:00+05:30,1803.0,1808.699951171875,1793.4000244140625,1794.199951171875,26572,0.0,0.0,GODREJPROP.NS
2026-02-23 12:30:00+05:30,1797.0,1806.5999755859373,1797.0,1806.300048828125,38542,0.0,0.0,GODREJPROP.NS
2026-02-23 12:45:00+05:30,1805.199951171875,1813.0,1805.199951171875,1808.0,21228,0.0,0.0,GODREJPROP.NS
2026-02-23 13:00:00+05:30,1807.0999755859373,1815.0,1807.0999755859373,1811.300048828125,28199,0.0,0.0,GODREJPROP.NS
2026-02-23 13:15:00+05:30,1811.0999755859373,1818.0999755859373,1809.0999755859373,1817.0,62766,0.0,0.0,GODREJPROP.NS
2026-02-23 13:30:00+05:30,1818.699951171875,1820.5,1810.9000244140625,1814.199951171875,9778,0.0,0.0,GODREJPROP.NS
2026-02-23 13:45:00+05:30,1814.800048828125,1818.300048828125,1813.0999755859373,1815.0,37609,0.0,0.0,GODREJPROP.NS
2026-02-23 14:00:00+05:30,1814.699951171875,1818.800048828125,1810.0,1815.5999755859373,98233,0.0,0.0,GODREJPROP.NS
2026-02-23 14:15:00+05:30,1815.5999755859373,1818.0999755859373,1813.300048828125,1817.4000244140625,21288,0.0,0.0,GODREJPROP.NS
2026-02-23 14:30:00+05:30,1816.9000244140625,1821.300048828125,1816.5999755859373,1821.0999755859373,115103,0.0,0.0,GODREJPROP.NS
2026-02-23 14:45:00+05:30,1821.0999755859373,1823.699951171875,1814.9000244140625,1817.300048828125,54205,0.0,0.0,GODREJPROP.NS
2026-02-23 15:00:00+05:30,1818.800048828125,1829.5999755859373,1818.800048828125,1827.199951171875,74095,0.0,0.0,GODREJPROP.NS
2026-02-23 15:15:00+05:30,1828.5999755859373,1837.199951171875,1828.4000244140625,1830.0,83758,0.0,0.0,GODREJPROP.NS
2026-02-24 09:15:00+05:30,1825.0,1831.0,1805.4000244140625,1807.199951171875,16559,0.0,0.0,GODREJPROP.NS
2026-02-24 09:30:00+05:30,1806.300048828125,1806.300048828125,1796.199951171875,1796.199951171875,29200,0.0,0.0,GODREJPROP.NS
2026-02-24 09:45:00+05:30,1797.0,1807.5999755859373,1796.9000244140625,1804.699951171875,14050,0.0,0.0,GODREJPROP.NS
2026-02-24 10:00:00+05:30,1804.699951171875,1810.5999755859373,1803.699951171875,1807.0,27482,0.0,0.0,GODREJPROP.NS
2026-02-24 10:15:00+05:30,1806.699951171875,1807.5,1800.0,1804.4000244140625,23710,0.0,0.0,GODREJPROP.NS
2026-02-24 10:30:00+05:30,1803.5,1811.5999755859373,1802.699951171875,1810.5,19722,0.0,0.0,GODREJPROP.NS
2026-02-24 10:45:00+05:30,1810.800048828125,1810.800048828125,1802.5999755859373,1803.800048828125,66007,0.0,0.0,GODREJPROP.NS
2026-02-24 11:00:00+05:30,1803.800048828125,1809.0,1801.199951171875,1805.9000244140625,13906,0.0,0.0,GODREJPROP.NS
2026-02-24 11:15:00+05:30,1806.699951171875,1807.5,1797.0,1798.300048828125,31719,0.0,0.0,GODREJPROP.NS
2026-02-24 11:30:00+05:30,1798.4000244140625,1801.5,1796.5,1799.300048828125,32339,0.0,0.0,GODREJPROP.NS
2026-02-24 11:45:00+05:30,1799.9000244140625,1800.9000244140625,1795.0999755859375,1796.4000244140625,32135,0.0,0.0,GODREJPROP.NS
2026-02-24 12:00:00+05:30,1795.5999755859375,1797.800048828125,1785.0999755859375,1786.4000244140625,61058,0.0,0.0,GODREJPROP.NS
2026-02-24 12:15:00+05:30,1785.300048828125,1786.0,1778.0999755859375,1781.199951171875,64770,0.0,0.0,GODREJPROP.NS
2026-02-24 12:30:00+05:30,1781.199951171875,1788.5999755859375,1780.5,1782.9000244140625,89274,0.0,0.0,GODREJPROP.NS
2026-02-24 12:45:00+05:30,1782.5,1783.4000244140625,1775.0999755859375,1776.5999755859375,65085,0.0,0.0,GODREJPROP.NS
2026-02-24 13:00:00+05:30,1776.0999755859375,1782.5999755859375,1773.5999755859375,1780.0,77605,0.0,0.0,GODREJPROP.NS
2026-02-24 13:15:00+05:30,1780.199951171875,1780.5,1771.0999755859375,1771.5,105568,0.0,0.0,GODREJPROP.NS
2026-02-24 13:30:00+05:30,1771.5,1778.0,1771.0,1773.5,60003,0.0,0.0,GODREJPROP.NS
2026-02-24 13:45:00+05:30,1774.0,1785.5,1769.0,1784.0,172031,0.0,0.0,GODREJPROP.NS
2026-02-24 14:00:00+05:30,1785.4000244140625,1788.800048828125,1774.300048828125,1775.699951171875,99487,0.0,0.0,GODREJPROP.NS
2026-02-24 14:15:00+05:30,1775.800048828125,1780.4000244140625,1762.0,1762.0,173256,0.0,0.0,GODREJPROP.NS
2026-02-24 14:30:00+05:30,1761.5,1762.0,1749.0,1756.0999755859375,100017,0.0,0.0,GODREJPROP.NS
2026-02-24 14:45:00+05:30,1757.0,1772.4000244140625,1757.0,1762.300048828125,184694,0.0,0.0,GODREJPROP.NS
2026-02-24 15:00:00+05:30,1762.699951171875,1768.800048828125,1762.0999755859375,1766.0,126161,0.0,0.0,GODREJPROP.NS
2026-02-24 15:15:00+05:30,1766.9000244140625,1784.9000244140625,1766.0,1770.699951171875,214063,0.0,0.0,GODREJPROP.NS
2026-02-25 09:15:00+05:30,1790.0,1806.0,1790.0,1794.9000244140625,23376,0.0,0.0,GODREJPROP.NS
2026-02-25 09:30:00+05:30,1795.0999755859375,1799.4000244140625,1789.4000244140625,1789.4000244140625,17197,0.0,0.0,GODREJPROP.NS
2026-02-25 09:45:00+05:30,1789.4000244140625,1804.199951171875,1785.699951171875,1803.300048828125,27733,0.0,0.0,GODREJPROP.NS
2026-02-25 10:00:00+05:30,1803.300048828125,1814.0,1803.300048828125,1809.0,44978,0.0,0.0,GODREJPROP.NS
2026-02-25 10:15:00+05:30,1810.5,1817.9000244140625,1810.4000244140625,1814.699951171875,19113,0.0,0.0,GODREJPROP.NS
2026-02-25 10:30:00+05:30,1814.699951171875,1818.4000244140625,1806.0,1807.300048828125,25580,0.0,0.0,GODREJPROP.NS
2026-02-25 10:45:00+05:30,1807.0,1807.0,1794.199951171875,1794.800048828125,69659,0.0,0.0,GODREJPROP.NS
2026-02-25 11:00:00+05:30,1795.0,1802.0,1793.0999755859375,1795.0,25746,0.0,0.0,GODREJPROP.NS
2026-02-25 11:15:00+05:30,1795.5,1803.0999755859373,1788.0,1802.4000244140625,64481,0.0,0.0,GODREJPROP.NS
2026-02-25 11:30:00+05:30,1802.5,1805.0999755859373,1801.0,1804.9000244140625,40770,0.0,0.0,GODREJPROP.NS
2026-02-25 11:45:00+05:30,1805.0,1809.300048828125,1804.699951171875,1806.5999755859373,11280,0.0,0.0,GODREJPROP.NS
2026-02-25 12:00:00+05:30,1805.800048828125,1811.199951171875,1805.0,1805.0,74519,0.0,0.0,GODREJPROP.NS
2026-02-25 12:15:00+05:30,1805.0,1808.5,1803.0,1807.0,11479,0.0,0.0,GODREJPROP.NS
2026-02-25 12:30:00+05:30,1807.0999755859373,1807.0999755859373,1795.5999755859375,1800.0,203176,0.0,0.0,GODREJPROP.NS
2026-02-25 12:45:00+05:30,1800.0,1800.0,1785.0999755859375,1789.0,85839,0.0,0.0,GODREJPROP.NS
2026-02-25 13:00:00+05:30,1789.199951171875,1795.5999755859375,1784.0999755859375,1792.4000244140625,44343,0.0,0.0,GODREJPROP.NS
2026-02-25 13:15:00+05:30,1792.800048828125,1794.199951171875,1787.0,1788.800048828125,15798,0.0,0.0,GODREJPROP.NS
2026-02-25 13:30:00+05:30,1789.800048828125,1795.0,1788.9000244140625,1789.199951171875,6452,0.0,0.0,GODREJPROP.NS
2026-02-25 13:45:00+05:30,1789.199951171875,1792.5,1788.0999755859375,1790.0,9391,0.0,0.0,GODREJPROP.NS
2026-02-25 14:00:00+05:30,1790.0,1792.699951171875,1787.9000244140625,1790.5,10455,0.0,0.0,GODREJPROP.NS
2026-02-25 14:15:00+05:30,1790.4000244140625,1796.5999755859375,1786.699951171875,1786.800048828125,23699,0.0,0.0,GODREJPROP.NS
2026-02-25 14:30:00+05:30,1786.699951171875,1789.800048828125,1781.800048828125,1783.5,16899,0.0,0.0,GODREJPROP.NS
2026-02-25 14:45:00+05:30,1784.300048828125,1789.9000244140625,1780.699951171875,1789.0,36458,0.0,0.0,GODREJPROP.NS
2026-02-25 15:00:00+05:30,1791.0,1801.5999755859373,1788.0999755859375,1800.199951171875,87049,0.0,0.0,GODREJPROP.NS
2026-02-25 15:15:00+05:30,1800.0999755859375,1804.4000244140625,1799.0999755859375,1803.0,66263,0.0,0.0,GODREJPROP.NS
2026-02-26 09:15:00+05:30,1810.0,1810.0,1788.0,1788.5999755859375,15246,0.0,0.0,GODREJPROP.NS
2026-02-26 09:30:00+05:30,1789.0,1801.5,1785.199951171875,1801.5,17157,0.0,0.0,GODREJPROP.NS
2026-02-26 09:45:00+05:30,1799.9000244140625,1808.0,1793.199951171875,1793.699951171875,13227,0.0,0.0,GODREJPROP.NS
2026-02-26 10:00:00+05:30,1793.699951171875,1799.199951171875,1791.0999755859375,1793.0999755859375,5338,0.0,0.0,GODREJPROP.NS
2026-02-26 10:15:00+05:30,1793.4000244140625,1795.0999755859375,1791.199951171875,1791.699951171875,5477,0.0,0.0,GODREJPROP.NS
2026-02-26 10:30:00+05:30,1792.699951171875,1795.0,1791.4000244140625,1793.300048828125,8141,0.0,0.0,GODREJPROP.NS
2026-02-26 10:45:00+05:30,1793.300048828125,1793.300048828125,1777.800048828125,1777.9000244140625,22604,0.0,0.0,GODREJPROP.NS
2026-02-26 11:00:00+05:30,1778.0,1783.4000244140625,1775.5999755859375,1777.699951171875,25418,0.0,0.0,GODREJPROP.NS
2026-02-26 11:15:00+05:30,1777.0,1785.4000244140625,1772.4000244140625,1783.5999755859375,19987,0.0,0.0,GODREJPROP.NS
2026-02-26 11:30:00+05:30,1783.800048828125,1784.0,1775.0,1779.800048828125,19634,0.0,0.0,GODREJPROP.NS
2026-02-26 11:45:00+05:30,1780.5,1789.0,1778.300048828125,1788.0,32408,0.0,0.0,GODREJPROP.NS
2026-02-26 12:00:00+05:30,1787.0999755859375,1796.5,1787.0999755859375,1788.800048828125,34267,0.0,0.0,GODREJPROP.NS
2026-02-26 12:15:00+05:30,1789.699951171875,1793.5999755859375,1785.199951171875,1789.9000244140625,8302,0.0,0.0,GODREJPROP.NS
2026-02-26 12:30:00+05:30,1789.5999755859375,1790.5,1783.5999755859375,1786.699951171875,3737,0.0,0.0,GODREJPROP.NS
2026-02-26 12:45:00+05:30,1786.800048828125,1789.4000244140625,1781.5,1781.5999755859375,2984,0.0,0.0,GODREJPROP.NS
2026-02-26 13:00:00+05:30,1781.5999755859375,1789.4000244140625,1781.5,1781.5,3603,0.0,0.0,GODREJPROP.NS
2026-02-26 13:15:00+05:30,1780.699951171875,1782.9000244140625,1780.0,1781.300048828125,23972,0.0,0.0,GODREJPROP.NS
2026-02-26 13:30:00+05:30,1781.300048828125,1783.4000244140625,1776.800048828125,1781.699951171875,10172,0.0,0.0,GODREJPROP.NS
2026-02-26 13:45:00+05:30,1782.699951171875,1782.699951171875,1780.0,1780.0,11979,0.0,0.0,GODREJPROP.NS
2026-02-26 14:00:00+05:30,1780.5999755859375,1781.0999755859375,1775.0,1780.0,23237,0.0,0.0,GODREJPROP.NS
2026-02-26 14:15:00+05:30,1780.300048828125,1783.199951171875,1776.4000244140625,1780.199951171875,42934,0.0,0.0,GODREJPROP.NS
2026-02-26 14:30:00+05:30,1780.199951171875,1790.800048828125,1779.199951171875,1788.5,25630,0.0,0.0,GODREJPROP.NS
2026-02-26 14:45:00+05:30,1789.4000244140625,1796.699951171875,1788.300048828125,1792.0,51636,0.0,0.0,GODREJPROP.NS
2026-02-26 15:00:00+05:30,1793.800048828125,1798.4000244140625,1792.5999755859375,1794.300048828125,81144,0.0,0.0,GODREJPROP.NS
2026-02-26 15:15:00+05:30,1796.0999755859375,1801.0,1795.800048828125,1800.0,128687,0.0,0.0,GODREJPROP.NS
2026-02-27 09:15:00+05:30,1790.800048828125,1798.199951171875,1780.199951171875,1786.9000244140625,17091,0.0,0.0,GODREJPROP.NS
2026-02-27 09:30:00+05:30,1785.9000244140625,1787.699951171875,1778.0,1780.9000244140625,24367,0.0,0.0,GODREJPROP.NS
2026-02-27 09:45:00+05:30,1779.9000244140625,1780.0999755859375,1771.0999755859375,1776.300048828125,27003,0.0,0.0,GODREJPROP.NS
2026-02-27 10:00:00+05:30,1776.699951171875,1778.9000244140625,1773.0,1776.0999755859375,19948,0.0,0.0,GODREJPROP.NS
2026-02-27 10:15:00+05:30,1776.5999755859375,1777.5,1770.0999755859375,1771.0999755859375,39249,0.0,0.0,GODREJPROP.NS
2026-02-27 10:30:00+05:30,1771.0999755859375,1781.199951171875,1767.0999755859375,1768.0999755859375,52856,0.0,0.0,GODREJPROP.NS
2026-02-27 10:45:00+05:30,1768.0999755859375,1768.5,1756.4000244140625,1760.300048828125,26518,0.0,0.0,GODREJPROP.NS
2026-02-27 11:00:00+05:30,1760.4000244140625,1770.5999755859375,1760.0999755859375,1768.0,14480,0.0,0.0,GODREJPROP.NS
2026-02-27 11:15:00+05:30,1769.199951171875,1769.199951171875,1763.4000244140625,1764.9000244140625,13349,0.0,0.0,GODREJPROP.NS
2026-02-27 11:30:00+05:30,1765.699951171875,1767.0,1760.300048828125,1765.5999755859375,20363,0.0,0.0,GODREJPROP.NS
2026-02-27 11:45:00+05:30,1765.800048828125,1773.0,1760.5,1770.800048828125,25925,0.0,0.0,GODREJPROP.NS
2026-02-27 12:00:00+05:30,1771.300048828125,1772.9000244140625,1762.0,1765.0,40263,0.0,0.0,GODREJPROP.NS
2026-02-27 12:15:00+05:30,1765.0,1765.0,1758.0,1760.300048828125,26111,0.0,0.0,GODREJPROP.NS
2026-02-27 12:30:00+05:30,1760.199951171875,1761.699951171875,1755.9000244140625,1756.0,30509,0.0,0.0,GODREJPROP.NS
2026-02-27 12:45:00+05:30,1755.5999755859375,1761.5,1753.0999755859375,1758.199951171875,48670,0.0,0.0,GODREJPROP.NS
2026-02-27 13:00:00+05:30,1758.300048828125,1762.4000244140625,1757.0,1761.0,13623,0.0,0.0,GODREJPROP.NS
2026-02-27 13:15:00+05:30,1760.9000244140625,1762.4000244140625,1758.699951171875,1761.800048828125,6543,0.0,0.0,GODREJPROP.NS
2026-02-27 13:30:00+05:30,1761.5999755859375,1761.5999755859375,1757.0,1757.5,7566,0.0,0.0,GODREJPROP.NS
2026-02-27 13:45:00+05:30,1757.5999755859375,1765.5999755859375,1757.0,1765.5999755859375,24214,0.0,0.0,GODREJPROP.NS
2026-02-27 14:00:00+05:30,1765.300048828125,1766.0,1757.0,1757.9000244140625,36462,0.0,0.0,GODREJPROP.NS
2026-02-27 14:15:00+05:30,1757.699951171875,1758.5,1748.0999755859375,1749.0,76637,0.0,0.0,GODREJPROP.NS
2026-02-27 14:30:00+05:30,1749.0999755859375,1754.4000244140625,1748.4000244140625,1751.0,43599,0.0,0.0,GODREJPROP.NS
2026-02-27 14:45:00+05:30,1750.5999755859375,1754.300048828125,1745.199951171875,1753.300048828125,71353,0.0,0.0,GODREJPROP.NS
2026-02-27 15:00:00+05:30,1753.0999755859375,1753.300048828125,1725.5999755859375,1726.4000244140625,284707,0.0,0.0,GODREJPROP.NS
2026-02-27 15:15:00+05:30,1726.699951171875,1731.300048828125,1726.0,1731.0,232549,0.0,0.0,GODREJPROP.NS
2026-03-02 09:15:00+05:30,1696.4000244140625,1703.300048828125,1675.0,1683.5,123426,0.0,0.0,GODREJPROP.NS
2026-03-02 09:30:00+05:30,1683.5,1711.9000244140625,1681.9000244140625,1710.0999755859375,120446,0.0,0.0,GODREJPROP.NS
2026-03-02 09:45:00+05:30,1709.5,1711.0,1701.800048828125,1704.5999755859375,43738,0.0,0.0,GODREJPROP.NS
2026-03-02 10:00:00+05:30,1704.699951171875,1706.199951171875,1695.4000244140625,1700.0999755859375,77367,0.0,0.0,GODREJPROP.NS
2026-03-02 10:15:00+05:30,1700.699951171875,1706.4000244140625,1694.5,1695.0,91491,0.0,0.0,GODREJPROP.NS
2026-03-02 10:30:00+05:30,1695.5,1706.5999755859375,1694.0,1705.5,72353,0.0,0.0,GODREJPROP.NS
2026-03-02 10:45:00+05:30,1705.5,1726.0,1703.5,1725.5,200286,0.0,0.0,GODREJPROP.NS
2026-03-02 11:00:00+05:30,1726.199951171875,1729.0,1716.800048828125,1725.300048828125,104975,0.0,0.0,GODREJPROP.NS
2026-03-02 11:15:00+05:30,1725.300048828125,1726.800048828125,1718.9000244140625,1722.9000244140625,178433,0.0,0.0,GODREJPROP.NS
2026-03-02 11:30:00+05:30,1722.300048828125,1723.0,1715.5999755859375,1720.9000244140625,81358,0.0,0.0,GODREJPROP.NS
2026-03-02 11:45:00+05:30,1720.5999755859375,1722.699951171875,1705.699951171875,1705.699951171875,32501,0.0,0.0,GODREJPROP.NS
2026-03-02 12:00:00+05:30,1705.0,1713.0,1701.4000244140625,1712.800048828125,46770,0.0,0.0,GODREJPROP.NS
2026-03-02 12:15:00+05:30,1711.4000244140625,1712.5,1703.800048828125,1706.800048828125,103412,0.0,0.0,GODREJPROP.NS
2026-03-02 12:30:00+05:30,1706.800048828125,1708.0,1701.5,1702.5999755859375,47952,0.0,0.0,GODREJPROP.NS
2026-03-02 12:45:00+05:30,1701.800048828125,1704.699951171875,1699.0,1702.0999755859375,27417,0.0,0.0,GODREJPROP.NS
2026-03-02 13:00:00+05:30,1701.199951171875,1702.800048828125,1692.5,1702.300048828125,103401,0.0,0.0,GODREJPROP.NS
2026-03-02 13:15:00+05:30,1702.199951171875,1703.9000244140625,1700.0,1700.0,24286,0.0,0.0,GODREJPROP.NS
2026-03-02 13:30:00+05:30,1700.0999755859375,1702.800048828125,1694.0999755859375,1700.300048828125,91168,0.0,0.0,GODREJPROP.NS
2026-03-02 13:45:00+05:30,1700.9000244140625,1702.5999755859375,1695.0,1696.5999755859375,206844,0.0,0.0,GODREJPROP.NS
2026-03-02 14:00:00+05:30,1697.0,1722.0999755859375,1696.199951171875,1722.0,58948,0.0,0.0,GODREJPROP.NS
2026-03-02 14:15:00+05:30,1722.0,1723.699951171875,1713.699951171875,1713.699951171875,23075,0.0,0.0,GODREJPROP.NS
2026-03-02 14:30:00+05:30,1713.4000244140625,1727.199951171875,1711.5,1723.800048828125,42213,0.0,0.0,GODREJPROP.NS
2026-03-02 14:45:00+05:30,1723.800048828125,1728.0999755859375,1719.4000244140625,1726.300048828125,137225,0.0,0.0,GODREJPROP.NS
2026-03-02 15:00:00+05:30,1726.4000244140625,1737.5999755859375,1725.5,1736.0,167570,0.0,0.0,GODREJPROP.NS
2026-03-02 15:15:00+05:30,1736.0,1739.9000244140625,1729.0,1729.300048828125,121943,0.0,0.0,GODREJPROP.NS
2026-03-04 09:15:00+05:30,1689.800048828125,1699.5,1678.0999755859375,1690.0,39702,0.0,0.0,GODREJPROP.NS
2026-03-04 09:30:00+05:30,1690.0,1692.800048828125,1680.0999755859375,1681.5,19483,0.0,0.0,GODREJPROP.NS
2026-03-04 09:45:00+05:30,1681.5999755859375,1683.5999755859375,1672.0,1677.4000244140625,82105,0.0,0.0,GODREJPROP.NS
2026-03-04 10:00:00+05:30,1676.199951171875,1686.4000244140625,1675.4000244140625,1686.4000244140625,19740,0.0,0.0,GODREJPROP.NS
2026-03-04 10:15:00+05:30,1686.300048828125,1686.300048828125,1677.0999755859375,1677.699951171875,15339,0.0,0.0,GODREJPROP.NS
2026-03-04 10:30:00+05:30,1678.199951171875,1679.0999755859375,1666.0999755859375,1670.0999755859375,64400,0.0,0.0,GODREJPROP.NS
2026-03-04 10:45:00+05:30,1670.699951171875,1674.9000244140625,1665.0,1667.5999755859375,37211,0.0,0.0,GODREJPROP.NS
2026-03-04 11:00:00+05:30,1669.0,1674.5,1664.199951171875,1668.0,48147,0.0,0.0,GODREJPROP.NS
2026-03-04 11:15:00+05:30,1669.0,1669.9000244140625,1660.0999755859375,1661.0,64092,0.0,0.0,GODREJPROP.NS
2026-03-04 11:30:00+05:30,1660.5,1665.5999755859375,1660.0999755859375,1660.0999755859375,19516,0.0,0.0,GODREJPROP.NS
2026-03-04 11:45:00+05:30,1660.0999755859375,1666.699951171875,1659.199951171875,1663.5,40331,0.0,0.0,GODREJPROP.NS
2026-03-04 12:00:00+05:30,1663.5,1664.699951171875,1653.0,1653.5,62272,0.0,0.0,GODREJPROP.NS
2026-03-04 12:15:00+05:30,1654.300048828125,1656.0999755859375,1651.0,1651.0,38149,0.0,0.0,GODREJPROP.NS
2026-03-04 12:30:00+05:30,1651.0,1654.9000244140625,1651.0,1653.199951171875,20378,0.0,0.0,GODREJPROP.NS
2026-03-04 12:45:00+05:30,1652.5,1663.800048828125,1651.800048828125,1659.5,20430,0.0,0.0,GODREJPROP.NS
2026-03-04 13:00:00+05:30,1659.0,1662.300048828125,1654.4000244140625,1660.0,21062,0.0,0.0,GODREJPROP.NS
2026-03-04 13:15:00+05:30,1660.4000244140625,1661.300048828125,1655.199951171875,1655.5,21019,0.0,0.0,GODREJPROP.NS
2026-03-04 13:30:00+05:30,1655.300048828125,1658.300048828125,1650.0,1652.0,50995,0.0,0.0,GODREJPROP.NS
2026-03-04 13:45:00+05:30,1652.800048828125,1653.4000244140625,1647.0,1653.4000244140625,23114,0.0,0.0,GODREJPROP.NS
2026-03-04 14:00:00+05:30,1655.0999755859375,1676.5,1653.800048828125,1676.5,102966,0.0,0.0,GODREJPROP.NS
2026-03-04 14:15:00+05:30,1676.4000244140625,1677.0,1668.300048828125,1674.300048828125,94510,0.0,0.0,GODREJPROP.NS
2026-03-04 14:30:00+05:30,1674.300048828125,1685.199951171875,1673.0999755859375,1684.0,60996,0.0,0.0,GODREJPROP.NS
2026-03-04 14:45:00+05:30,1684.4000244140625,1697.9000244140625,1678.699951171875,1697.9000244140625,192227,0.0,0.0,GODREJPROP.NS
2026-03-04 15:00:00+05:30,1697.300048828125,1697.5999755859375,1685.199951171875,1695.0,321011,0.0,0.0,GODREJPROP.NS
2026-03-04 15:15:00+05:30,1695.0999755859375,1697.4000244140625,1679.0999755859375,1683.5,461819,0.0,0.0,GODREJPROP.NS
2026-03-05 09:15:00+05:30,1709.800048828125,1729.300048828125,1709.800048828125,1728.0,21222,0.0,0.0,GODREJPROP.NS
2026-03-05 09:30:00+05:30,1728.699951171875,1729.0,1704.0,1707.699951171875,136081,0.0,0.0,GODREJPROP.NS
2026-03-05 09:45:00+05:30,1707.5,1713.0999755859375,1703.4000244140625,1703.4000244140625,30229,0.0,0.0,GODREJPROP.NS
2026-03-05 10:00:00+05:30,1703.199951171875,1705.800048828125,1699.800048828125,1701.0999755859375,58687,0.0,0.0,GODREJPROP.NS
2026-03-05 10:15:00+05:30,1702.0999755859375,1703.4000244140625,1694.0999755859375,1695.0999755859375,52933,0.0,0.0,GODREJPROP.NS
2026-03-05 10:30:00+05:30,1695.0,1699.0,1692.0,1695.699951171875,29882,0.0,0.0,GODREJPROP.NS
2026-03-05 10:45:00+05:30,1695.0,1696.5,1690.0,1696.5,18390,0.0,0.0,GODREJPROP.NS
2026-03-05 11:00:00+05:30,1696.5,1699.800048828125,1695.4000244140625,1695.5999755859375,6969,0.0,0.0,GODREJPROP.NS
2026-03-05 11:15:00+05:30,1695.0,1695.9000244140625,1690.0,1690.4000244140625,9896,0.0,0.0,GODREJPROP.NS
2026-03-05 11:30:00+05:30,1690.4000244140625,1692.300048828125,1685.199951171875,1685.5999755859375,34017,0.0,0.0,GODREJPROP.NS
2026-03-05 11:45:00+05:30,1685.5999755859375,1691.800048828125,1684.5999755859375,1689.4000244140625,9753,0.0,0.0,GODREJPROP.NS
2026-03-05 12:00:00+05:30,1689.300048828125,1696.0,1688.300048828125,1694.4000244140625,8554,0.0,0.0,GODREJPROP.NS
2026-03-05 12:15:00+05:30,1695.300048828125,1701.800048828125,1694.199951171875,1700.800048828125,6164,0.0,0.0,GODREJPROP.NS
2026-03-05 12:30:00+05:30,1702.300048828125,1704.4000244140625,1696.0,1696.0,9950,0.0,0.0,GODREJPROP.NS
2026-03-05 12:45:00+05:30,1697.0,1698.800048828125,1694.699951171875,1697.0999755859375,15383,0.0,0.0,GODREJPROP.NS
2026-03-05 13:00:00+05:30,1698.0,1699.0,1695.0,1696.5999755859375,18473,0.0,0.0,GODREJPROP.NS
2026-03-05 13:15:00+05:30,1697.300048828125,1699.300048828125,1695.0,1698.5999755859375,18959,0.0,0.0,GODREJPROP.NS
2026-03-05 13:30:00+05:30,1698.9000244140625,1699.5999755859375,1695.0,1697.0,18475,0.0,0.0,GODREJPROP.NS
2026-03-05 13:45:00+05:30,1697.5999755859375,1700.9000244140625,1690.300048828125,1695.0999755859375,72142,0.0,0.0,GODREJPROP.NS
2026-03-05 14:00:00+05:30,1695.0,1697.9000244140625,1690.0,1691.0,46285,0.0,0.0,GODREJPROP.NS
2026-03-05 14:15:00+05:30,1692.699951171875,1701.699951171875,1690.9000244140625,1701.699951171875,62153,0.0,0.0,GODREJPROP.NS
2026-03-05 14:30:00+05:30,1701.699951171875,1720.800048828125,1698.0999755859375,1718.699951171875,47942,0.0,0.0,GODREJPROP.NS
2026-03-05 14:45:00+05:30,1717.5999755859375,1738.0,1717.5999755859375,1736.0,88332,0.0,0.0,GODREJPROP.NS
2026-03-05 15:00:00+05:30,1736.9000244140625,1745.9000244140625,1732.699951171875,1745.0,385249,0.0,0.0,GODREJPROP.NS
2026-03-05 15:15:00+05:30,1744.5999755859375,1750.0,1738.300048828125,1743.800048828125,387403,0.0,0.0,GODREJPROP.NS
2026-03-06 09:15:00+05:30,1740.0,1740.0,1715.199951171875,1728.0999755859375,38217,0.0,0.0,GODREJPROP.NS
2026-03-06 09:30:00+05:30,1727.800048828125,1728.800048828125,1718.699951171875,1719.5,26189,0.0,0.0,GODREJPROP.NS
2026-03-06 09:45:00+05:30,1719.0999755859375,1721.699951171875,1709.0999755859375,1711.699951171875,30471,0.0,0.0,GODREJPROP.NS
2026-03-06 10:00:00+05:30,1711.800048828125,1712.9000244140625,1705.0,1709.4000244140625,14649,0.0,0.0,GODREJPROP.NS
2026-03-06 10:15:00+05:30,1709.4000244140625,1709.5999755859375,1698.5999755859375,1700.300048828125,44889,0.0,0.0,GODREJPROP.NS
2026-03-06 10:30:00+05:30,1700.300048828125,1701.0,1693.0,1694.0,69898,0.0,0.0,GODREJPROP.NS
2026-03-06 10:45:00+05:30,1694.0999755859375,1696.9000244140625,1680.0999755859375,1680.300048828125,135241,0.0,0.0,GODREJPROP.NS
2026-03-06 11:00:00+05:30,1680.699951171875,1687.0,1678.0999755859375,1680.9000244140625,74424,0.0,0.0,GODREJPROP.NS
2026-03-06 11:15:00+05:30,1680.9000244140625,1686.300048828125,1676.5999755859375,1681.4000244140625,61580,0.0,0.0,GODREJPROP.NS
2026-03-06 11:30:00+05:30,1681.199951171875,1691.300048828125,1680.5,1681.4000244140625,44843,0.0,0.0,GODREJPROP.NS
2026-03-06 11:45:00+05:30,1680.5999755859375,1684.800048828125,1680.199951171875,1683.699951171875,34871,0.0,0.0,GODREJPROP.NS
2026-03-06 12:00:00+05:30,1683.699951171875,1684.4000244140625,1679.0999755859375,1680.0,53193,0.0,0.0,GODREJPROP.NS
2026-03-06 12:15:00+05:30,1680.0,1682.199951171875,1678.0,1678.5999755859375,25971,0.0,0.0,GODREJPROP.NS
2026-03-06 12:30:00+05:30,1678.5,1679.5999755859375,1677.800048828125,1679.5999755859375,22167,0.0,0.0,GODREJPROP.NS
2026-03-06 12:45:00+05:30,1681.0,1681.0,1673.699951171875,1675.0,79774,0.0,0.0,GODREJPROP.NS
2026-03-06 13:00:00+05:30,1675.5,1679.5999755859375,1675.0,1678.300048828125,69917,0.0,0.0,GODREJPROP.NS
2026-03-06 13:15:00+05:30,1678.199951171875,1684.199951171875,1676.0999755859375,1683.699951171875,58471,0.0,0.0,GODREJPROP.NS
2026-03-06 13:30:00+05:30,1683.0,1687.4000244140625,1680.0,1681.0999755859375,35761,0.0,0.0,GODREJPROP.NS
2026-03-06 13:45:00+05:30,1680.800048828125,1683.699951171875,1679.0,1680.0999755859375,47845,0.0,0.0,GODREJPROP.NS
2026-03-06 14:00:00+05:30,1680.0999755859375,1687.0,1680.0,1684.5,46167,0.0,0.0,GODREJPROP.NS
2026-03-06 14:15:00+05:30,1684.0,1688.0,1683.5,1686.0,64892,0.0,0.0,GODREJPROP.NS
2026-03-06 14:30:00+05:30,1686.0,1687.0,1681.5,1682.5999755859375,121940,0.0,0.0,GODREJPROP.NS
2026-03-06 14:45:00+05:30,1683.5,1686.9000244140625,1677.0999755859375,1677.5,360747,0.0,0.0,GODREJPROP.NS
2026-03-06 15:00:00+05:30,1677.5999755859375,1677.5999755859375,1660.4000244140625,1665.0999755859375,254159,0.0,0.0,GODREJPROP.NS
2026-03-06 15:15:00+05:30,1665.199951171875,1675.5,1661.800048828125,1670.0,374096,0.0,0.0,GODREJPROP.NS
2026-03-09 09:15:00+05:30,1592.0,1632.0,1592.0,1620.0,51338,0.0,0.0,GODREJPROP.NS
2026-03-09 09:30:00+05:30,1620.0,1632.5999755859375,1619.699951171875,1623.0999755859375,37850,0.0,0.0,GODREJPROP.NS
2026-03-09 09:45:00+05:30,1623.0999755859375,1636.5,1619.199951171875,1633.9000244140625,38821,0.0,0.0,GODREJPROP.NS
2026-03-09 10:00:00+05:30,1633.0999755859375,1637.199951171875,1629.300048828125,1635.199951171875,25848,0.0,0.0,GODREJPROP.NS
2026-03-09 10:15:00+05:30,1634.4000244140625,1637.199951171875,1629.0,1632.0999755859375,27504,0.0,0.0,GODREJPROP.NS
2026-03-09 10:30:00+05:30,1632.0999755859375,1632.5999755859375,1623.0,1624.0,75912,0.0,0.0,GODREJPROP.NS
2026-03-09 10:45:00+05:30,1625.0,1642.800048828125,1620.0999755859375,1638.0,71061,0.0,0.0,GODREJPROP.NS
2026-03-09 11:00:00+05:30,1638.300048828125,1639.9000244140625,1625.5999755859375,1627.5,71893,0.0,0.0,GODREJPROP.NS
2026-03-09 11:15:00+05:30,1627.5,1639.0,1624.0,1638.0,56921,0.0,0.0,GODREJPROP.NS
2026-03-09 11:30:00+05:30,1638.0,1640.800048828125,1632.9000244140625,1633.4000244140625,108724,0.0,0.0,GODREJPROP.NS
2026-03-09 11:45:00+05:30,1634.0,1634.0,1629.5,1630.0999755859375,70764,0.0,0.0,GODREJPROP.NS
2026-03-09 12:00:00+05:30,1630.0999755859375,1631.300048828125,1625.199951171875,1628.300048828125,75676,0.0,0.0,GODREJPROP.NS
2026-03-09 12:15:00+05:30,1628.300048828125,1631.0999755859375,1627.300048828125,1629.699951171875,34580,0.0,0.0,GODREJPROP.NS
2026-03-09 12:30:00+05:30,1630.300048828125,1631.9000244140625,1627.0999755859375,1631.0,46106,0.0,0.0,GODREJPROP.NS
2026-03-09 12:45:00+05:30,1630.699951171875,1635.800048828125,1627.800048828125,1633.800048828125,61774,0.0,0.0,GODREJPROP.NS
2026-03-09 13:00:00+05:30,1633.699951171875,1634.0,1626.199951171875,1627.4000244140625,51599,0.0,0.0,GODREJPROP.NS
2026-03-09 13:15:00+05:30,1627.4000244140625,1631.5999755859375,1626.699951171875,1631.0,69568,0.0,0.0,GODREJPROP.NS
2026-03-09 13:30:00+05:30,1632.0999755859375,1636.5,1630.800048828125,1634.5,127103,0.0,0.0,GODREJPROP.NS
2026-03-09 13:45:00+05:30,1634.0,1634.800048828125,1627.0,1627.0,60484,0.0,0.0,GODREJPROP.NS
2026-03-09 14:00:00+05:30,1626.800048828125,1630.0,1625.0,1625.0999755859375,61070,0.0,0.0,GODREJPROP.NS
2026-03-09 14:15:00+05:30,1625.5999755859375,1630.0,1625.0,1627.699951171875,57271,0.0,0.0,GODREJPROP.NS
2026-03-09 14:30:00+05:30,1628.0,1636.5,1625.800048828125,1635.800048828125,76621,0.0,0.0,GODREJPROP.NS
2026-03-09 14:45:00+05:30,1634.800048828125,1646.9000244140625,1633.0,1642.0999755859375,411842,0.0,0.0,GODREJPROP.NS
2026-03-09 15:00:00+05:30,1642.0999755859375,1651.4000244140625,1639.9000244140625,1644.800048828125,636490,0.0,0.0,GODREJPROP.NS
2026-03-09 15:15:00+05:30,1644.300048828125,1647.199951171875,1642.0,1645.5999755859375,304444,0.0,0.0,GODREJPROP.NS
2026-03-10 09:15:00+05:30,1664.0,1670.0,1649.9000244140625,1657.4000244140625,121833,0.0,0.0,GODREJPROP.NS
2026-03-10 09:30:00+05:30,1658.0999755859375,1661.5,1652.0,1661.300048828125,58628,0.0,0.0,GODREJPROP.NS
2026-03-10 09:45:00+05:30,1661.699951171875,1669.199951171875,1657.699951171875,1664.199951171875,70559,0.0,0.0,GODREJPROP.NS
2026-03-10 10:00:00+05:30,1662.4000244140625,1674.5999755859375,1662.4000244140625,1673.300048828125,36519,0.0,0.0,GODREJPROP.NS
2026-03-10 10:15:00+05:30,1674.800048828125,1679.5,1673.699951171875,1675.699951171875,51959,0.0,0.0,GODREJPROP.NS
2026-03-10 10:30:00+05:30,1676.199951171875,1686.800048828125,1673.800048828125,1684.800048828125,37056,0.0,0.0,GODREJPROP.NS
2026-03-10 10:45:00+05:30,1685.0,1688.5999755859375,1677.0,1677.0999755859375,41297,0.0,0.0,GODREJPROP.NS
2026-03-10 11:00:00+05:30,1677.0999755859375,1679.5999755859375,1675.0999755859375,1676.0,16280,0.0,0.0,GODREJPROP.NS
2026-03-10 11:15:00+05:30,1676.699951171875,1678.300048828125,1673.199951171875,1675.9000244140625,29076,0.0,0.0,GODREJPROP.NS
2026-03-10 11:30:00+05:30,1676.300048828125,1681.4000244140625,1674.5,1681.4000244140625,11446,0.0,0.0,GODREJPROP.NS
2026-03-10 11:45:00+05:30,1681.4000244140625,1683.9000244140625,1675.0,1679.800048828125,21828,0.0,0.0,GODREJPROP.NS
2026-03-10 12:00:00+05:30,1679.800048828125,1683.5999755859375,1675.0999755859375,1676.4000244140625,7042,0.0,0.0,GODREJPROP.NS
2026-03-10 12:15:00+05:30,1675.0999755859375,1678.300048828125,1670.9000244140625,1676.0,16462,0.0,0.0,GODREJPROP.NS
2026-03-10 12:30:00+05:30,1675.4000244140625,1677.800048828125,1674.4000244140625,1676.5999755859375,10179,0.0,0.0,GODREJPROP.NS
2026-03-10 12:45:00+05:30,1676.5999755859375,1679.699951171875,1675.0,1676.199951171875,12381,0.0,0.0,GODREJPROP.NS
2026-03-10 13:00:00+05:30,1675.800048828125,1678.300048828125,1674.0,1675.0999755859375,16596,0.0,0.0,GODREJPROP.NS
2026-03-10 13:15:00+05:30,1675.300048828125,1675.9000244140625,1670.5,1673.800048828125,45631,0.0,0.0,GODREJPROP.NS
2026-03-10 13:30:00+05:30,1673.9000244140625,1676.199951171875,1671.4000244140625,1674.9000244140625,6612,0.0,0.0,GODREJPROP.NS
2026-03-10 13:45:00+05:30,1674.9000244140625,1677.9000244140625,1673.5,1675.300048828125,18272,0.0,0.0,GODREJPROP.NS
2026-03-10 14:00:00+05:30,1675.0,1678.199951171875,1674.199951171875,1677.199951171875,21304,0.0,0.0,GODREJPROP.NS
2026-03-10 14:15:00+05:30,1677.0,1680.300048828125,1675.4000244140625,1677.0999755859375,10790,0.0,0.0,GODREJPROP.NS
2026-03-10 14:30:00+05:30,1677.5999755859375,1677.800048828125,1675.199951171875,1676.9000244140625,4769,0.0,0.0,GODREJPROP.NS
2026-03-10 14:45:00+05:30,1677.0999755859375,1683.0,1674.0999755859375,1676.800048828125,522023,0.0,0.0,GODREJPROP.NS
2026-03-10 15:00:00+05:30,1676.300048828125,1677.5,1668.0999755859375,1675.0,127139,0.0,0.0,GODREJPROP.NS
2026-03-10 15:15:00+05:30,1675.0,1679.0,1675.0,1675.4000244140625,220769,0.0,0.0,GODREJPROP.NS
2026-03-11 09:15:00+05:30,1672.300048828125,1686.5999755859375,1666.800048828125,1685.199951171875,79548,0.0,0.0,GODREJPROP.NS
2026-03-11 09:30:00+05:30,1684.699951171875,1690.9000244140625,1682.5,1687.5999755859375,40478,0.0,0.0,GODREJPROP.NS
2026-03-11 09:45:00+05:30,1686.800048828125,1698.0,1685.0,1687.699951171875,34733,0.0,0.0,GODREJPROP.NS
2026-03-11 10:00:00+05:30,1686.9000244140625,1691.699951171875,1680.800048828125,1683.300048828125,37092,0.0,0.0,GODREJPROP.NS
2026-03-11 10:15:00+05:30,1683.300048828125,1686.5999755859375,1682.0,1684.4000244140625,20045,0.0,0.0,GODREJPROP.NS
2026-03-11 10:30:00+05:30,1684.199951171875,1687.5,1665.0,1665.5999755859375,58554,0.0,0.0,GODREJPROP.NS
2026-03-11 10:45:00+05:30,1666.0,1677.800048828125,1665.300048828125,1676.4000244140625,16839,0.0,0.0,GODREJPROP.NS
2026-03-11 11:00:00+05:30,1676.699951171875,1676.699951171875,1667.0999755859375,1669.0,7603,0.0,0.0,GODREJPROP.NS
2026-03-11 11:15:00+05:30,1669.4000244140625,1672.5999755859375,1666.4000244140625,1670.0,34020,0.0,0.0,GODREJPROP.NS
2026-03-11 11:30:00+05:30,1670.9000244140625,1671.699951171875,1668.0999755859375,1671.699951171875,9418,0.0,0.0,GODREJPROP.NS
2026-03-11 11:45:00+05:30,1670.699951171875,1671.4000244140625,1662.0,1664.699951171875,68711,0.0,0.0,GODREJPROP.NS
2026-03-11 12:00:00+05:30,1664.699951171875,1664.800048828125,1658.5,1663.5,37810,0.0,0.0,GODREJPROP.NS
2026-03-11 12:15:00+05:30,1663.800048828125,1666.5999755859375,1660.0,1660.0999755859375,31491,0.0,0.0,GODREJPROP.NS
2026-03-11 12:30:00+05:30,1660.0,1663.9000244140625,1658.0,1662.800048828125,36497,0.0,0.0,GODREJPROP.NS
2026-03-11 12:45:00+05:30,1663.199951171875,1664.300048828125,1658.5,1658.5,27684,0.0,0.0,GODREJPROP.NS
2026-03-11 13:00:00+05:30,1658.0,1660.5,1655.0999755859375,1655.9000244140625,38145,0.0,0.0,GODREJPROP.NS
2026-03-11 13:15:00+05:30,1657.0,1660.0,1652.199951171875,1659.4000244140625,41204,0.0,0.0,GODREJPROP.NS
2026-03-11 13:30:00+05:30,1659.699951171875,1661.300048828125,1656.199951171875,1657.199951171875,26720,0.0,0.0,GODREJPROP.NS
2026-03-11 13:45:00+05:30,1657.699951171875,1659.0999755859375,1656.0999755859375,1658.800048828125,28901,0.0,0.0,GODREJPROP.NS
2026-03-11 14:00:00+05:30,1657.199951171875,1657.5999755859375,1645.300048828125,1645.9000244140625,32467,0.0,0.0,GODREJPROP.NS
2026-03-11 14:15:00+05:30,1646.199951171875,1666.5,1646.0,1666.5,43895,0.0,0.0,GODREJPROP.NS
2026-03-11 14:30:00+05:30,1666.0,1666.0,1656.0999755859375,1658.199951171875,48828,0.0,0.0,GODREJPROP.NS
2026-03-11 14:45:00+05:30,1658.0,1660.699951171875,1654.0,1656.0999755859375,35315,0.0,0.0,GODREJPROP.NS
2026-03-11 15:00:00+05:30,1656.699951171875,1657.699951171875,1644.300048828125,1647.0999755859375,84261,0.0,0.0,GODREJPROP.NS
2026-03-11 15:15:00+05:30,1647.800048828125,1655.800048828125,1646.4000244140625,1651.0999755859375,118917,0.0,0.0,GODREJPROP.NS
2026-03-12 09:15:00+05:30,1635.699951171875,1635.699951171875,1607.199951171875,1610.5,37889,0.0,0.0,GODREJPROP.NS
2026-03-12 09:30:00+05:30,1609.4000244140625,1614.300048828125,1606.300048828125,1611.300048828125,27605,0.0,0.0,GODREJPROP.NS
2026-03-12 09:45:00+05:30,1611.800048828125,1623.5,1611.699951171875,1623.0999755859375,28202,0.0,0.0,GODREJPROP.NS
2026-03-12 10:00:00+05:30,1623.0,1625.0999755859375,1608.0,1609.0,20534,0.0,0.0,GODREJPROP.NS
2026-03-12 10:15:00+05:30,1609.0,1611.800048828125,1600.5999755859375,1610.0,35559,0.0,0.0,GODREJPROP.NS
2026-03-12 10:30:00+05:30,1610.0,1620.5,1605.199951171875,1613.300048828125,49844,0.0,0.0,GODREJPROP.NS
2026-03-12 10:45:00+05:30,1613.5,1624.0,1611.0,1623.5,42111,0.0,0.0,GODREJPROP.NS
2026-03-12 11:00:00+05:30,1624.0999755859375,1630.9000244140625,1622.0999755859375,1627.0999755859375,41706,0.0,0.0,GODREJPROP.NS
2026-03-12 11:15:00+05:30,1627.0999755859375,1630.9000244140625,1618.0,1621.4000244140625,18184,0.0,0.0,GODREJPROP.NS
2026-03-12 11:30:00+05:30,1620.5999755859375,1627.300048828125,1615.0999755859375,1626.0,17184,0.0,0.0,GODREJPROP.NS
2026-03-12 11:45:00+05:30,1626.0,1632.5,1624.5,1630.699951171875,16832,0.0,0.0,GODREJPROP.NS
2026-03-12 12:00:00+05:30,1631.800048828125,1634.300048828125,1623.199951171875,1630.199951171875,21235,0.0,0.0,GODREJPROP.NS
2026-03-12 12:15:00+05:30,1630.4000244140625,1633.5999755859375,1623.9000244140625,1629.699951171875,13506,0.0,0.0,GODREJPROP.NS
2026-03-12 12:30:00+05:30,1630.4000244140625,1632.4000244140625,1620.0999755859375,1624.0999755859375,11667,0.0,0.0,GODREJPROP.NS
2026-03-12 12:45:00+05:30,1624.0999755859375,1630.699951171875,1624.0999755859375,1628.5999755859375,9422,0.0,0.0,GODREJPROP.NS
2026-03-12 13:00:00+05:30,1629.0,1631.300048828125,1623.800048828125,1626.800048828125,16433,0.0,0.0,GODREJPROP.NS
2026-03-12 13:15:00+05:30,1627.4000244140625,1636.9000244140625,1627.0,1636.9000244140625,23160,0.0,0.0,GODREJPROP.NS
2026-03-12 13:30:00+05:30,1637.199951171875,1649.199951171875,1637.199951171875,1644.0,38051,0.0,0.0,GODREJPROP.NS
2026-03-12 13:45:00+05:30,1644.0,1645.9000244140625,1638.699951171875,1640.4000244140625,24533,0.0,0.0,GODREJPROP.NS
2026-03-12 14:00:00+05:30,1640.0999755859375,1642.800048828125,1629.4000244140625,1634.5999755859375,15960,0.0,0.0,GODREJPROP.NS
2026-03-12 14:15:00+05:30,1635.5999755859375,1637.800048828125,1632.199951171875,1632.800048828125,11056,0.0,0.0,GODREJPROP.NS
2026-03-12 14:30:00+05:30,1632.0,1634.699951171875,1624.0,1624.9000244140625,17621,0.0,0.0,GODREJPROP.NS
2026-03-12 14:45:00+05:30,1624.9000244140625,1626.4000244140625,1615.0999755859375,1622.5,34785,0.0,0.0,GODREJPROP.NS
2026-03-12 15:00:00+05:30,1624.0,1624.0,1614.0,1614.9000244140625,90192,0.0,0.0,GODREJPROP.NS
2026-03-12 15:15:00+05:30,1614.9000244140625,1616.300048828125,1609.300048828125,1616.300048828125,74673,0.0,0.0,GODREJPROP.NS
2026-03-13 09:15:00+05:30,1604.0,1604.800048828125,1586.9000244140625,1596.0999755859375,40951,0.0,0.0,GODREJPROP.NS
2026-03-13 09:30:00+05:30,1595.699951171875,1599.800048828125,1593.800048828125,1596.0,41244,0.0,0.0,GODREJPROP.NS
2026-03-13 09:45:00+05:30,1594.699951171875,1595.9000244140625,1587.5,1590.699951171875,35802,0.0,0.0,GODREJPROP.NS
2026-03-13 10:00:00+05:30,1589.300048828125,1592.0999755859375,1579.0,1581.199951171875,32824,0.0,0.0,GODREJPROP.NS
2026-03-13 10:15:00+05:30,1582.199951171875,1582.5,1569.5,1577.5,58796,0.0,0.0,GODREJPROP.NS
2026-03-13 10:30:00+05:30,1578.300048828125,1585.0,1574.0999755859375,1577.5,38645,0.0,0.0,GODREJPROP.NS
2026-03-13 10:45:00+05:30,1578.300048828125,1591.300048828125,1575.800048828125,1591.0,55828,0.0,0.0,GODREJPROP.NS
2026-03-13 11:00:00+05:30,1591.800048828125,1591.800048828125,1584.0,1584.0999755859375,27268,0.0,0.0,GODREJPROP.NS
2026-03-13 11:15:00+05:30,1584.0,1591.699951171875,1580.0,1590.699951171875,32435,0.0,0.0,GODREJPROP.NS
2026-03-13 11:30:00+05:30,1590.0,1599.699951171875,1590.0,1592.300048828125,47744,0.0,0.0,GODREJPROP.NS
2026-03-13 11:45:00+05:30,1591.199951171875,1594.4000244140625,1586.0999755859375,1586.0999755859375,24370,0.0,0.0,GODREJPROP.NS
2026-03-13 12:00:00+05:30,1586.800048828125,1588.9000244140625,1582.199951171875,1587.199951171875,25391,0.0,0.0,GODREJPROP.NS
2026-03-13 12:15:00+05:30,1588.699951171875,1588.699951171875,1576.5999755859375,1577.9000244140625,26136,0.0,0.0,GODREJPROP.NS
2026-03-13 12:30:00+05:30,1577.800048828125,1578.0999755859375,1570.0,1575.800048828125,20458,0.0,0.0,GODREJPROP.NS
2026-03-13 12:45:00+05:30,1575.300048828125,1594.0,1574.5999755859375,1581.9000244140625,58842,0.0,0.0,GODREJPROP.NS
2026-03-13 13:00:00+05:30,1582.300048828125,1584.0,1576.300048828125,1577.0999755859375,28809,0.0,0.0,GODREJPROP.NS
2026-03-13 13:15:00+05:30,1577.0,1579.5,1571.0999755859375,1577.0,15702,0.0,0.0,GODREJPROP.NS
2026-03-13 13:30:00+05:30,1576.4000244140625,1580.0,1571.800048828125,1576.9000244140625,24661,0.0,0.0,GODREJPROP.NS
2026-03-13 13:45:00+05:30,1577.0999755859375,1578.0999755859375,1569.0,1569.800048828125,36178,0.0,0.0,GODREJPROP.NS
2026-03-13 14:00:00+05:30,1571.199951171875,1574.0,1568.699951171875,1574.0,52719,0.0,0.0,GODREJPROP.NS
2026-03-13 14:15:00+05:30,1573.300048828125,1579.0,1568.5999755859375,1576.4000244140625,48882,0.0,0.0,GODREJPROP.NS
2026-03-13 14:30:00+05:30,1576.5999755859375,1583.5,1576.0,1578.9000244140625,11137,0.0,0.0,GODREJPROP.NS
2026-03-13 14:45:00+05:30,1579.0,1579.699951171875,1570.800048828125,1573.800048828125,11876,0.0,0.0,GODREJPROP.NS
2026-03-13 15:00:00+05:30,1572.5999755859375,1582.800048828125,1572.199951171875,1582.800048828125,47916,0.0,0.0,GODREJPROP.NS
2026-03-13 15:15:00+05:30,1582.4000244140625,1583.9000244140625,1572.199951171875,1578.0999755859375,58439,0.0,0.0,GODREJPROP.NS
2026-03-16 09:15:00+05:30,1577.199951171875,1577.199951171875,1544.5999755859375,1558.699951171875,61205,0.0,0.0,GODREJPROP.NS
2026-03-16 09:30:00+05:30,1558.4000244140625,1592.5999755859375,1558.0999755859375,1588.5999755859375,62892,0.0,0.0,GODREJPROP.NS
2026-03-16 09:45:00+05:30,1587.4000244140625,1592.199951171875,1580.800048828125,1580.800048828125,37036,0.0,0.0,GODREJPROP.NS
2026-03-16 10:00:00+05:30,1581.0,1585.800048828125,1569.5999755859375,1571.5999755859375,27972,0.0,0.0,GODREJPROP.NS
2026-03-16 10:15:00+05:30,1570.4000244140625,1570.4000244140625,1552.300048828125,1553.800048828125,32987,0.0,0.0,GODREJPROP.NS
2026-03-16 10:30:00+05:30,1553.4000244140625,1559.5999755859375,1551.0,1551.5999755859375,26010,0.0,0.0,GODREJPROP.NS
2026-03-16 10:45:00+05:30,1550.0,1554.4000244140625,1543.0999755859375,1553.800048828125,43378,0.0,0.0,GODREJPROP.NS
2026-03-16 11:00:00+05:30,1553.800048828125,1575.4000244140625,1552.199951171875,1567.300048828125,45522,0.0,0.0,GODREJPROP.NS
2026-03-16 11:15:00+05:30,1566.800048828125,1583.800048828125,1566.800048828125,1576.9000244140625,29941,0.0,0.0,GODREJPROP.NS
2026-03-16 11:30:00+05:30,1575.699951171875,1580.9000244140625,1571.0999755859375,1572.0,16060,0.0,0.0,GODREJPROP.NS
2026-03-16 11:45:00+05:30,1571.699951171875,1574.5,1567.5,1569.5,11208,0.0,0.0,GODREJPROP.NS
2026-03-16 12:00:00+05:30,1570.300048828125,1580.4000244140625,1570.300048828125,1578.9000244140625,20579,0.0,0.0,GODREJPROP.NS
2026-03-16 12:15:00+05:30,1577.9000244140625,1579.800048828125,1570.0,1574.699951171875,21356,0.0,0.0,GODREJPROP.NS
2026-03-16 12:30:00+05:30,1573.5,1574.4000244140625,1562.800048828125,1564.9000244140625,11323,0.0,0.0,GODREJPROP.NS
2026-03-16 12:45:00+05:30,1564.9000244140625,1566.800048828125,1559.800048828125,1563.5,13313,0.0,0.0,GODREJPROP.NS
2026-03-16 13:00:00+05:30,1563.300048828125,1567.800048828125,1556.199951171875,1556.5,10426,0.0,0.0,GODREJPROP.NS
2026-03-16 13:15:00+05:30,1557.0,1560.800048828125,1555.5999755859375,1559.0,20240,0.0,0.0,GODREJPROP.NS
2026-03-16 13:30:00+05:30,1558.4000244140625,1562.699951171875,1555.4000244140625,1558.0999755859375,10067,0.0,0.0,GODREJPROP.NS
2026-03-16 13:45:00+05:30,1558.0,1560.5999755859375,1555.9000244140625,1557.699951171875,11577,0.0,0.0,GODREJPROP.NS
2026-03-16 14:00:00+05:30,1557.199951171875,1561.9000244140625,1555.199951171875,1558.0,16549,0.0,0.0,GODREJPROP.NS
2026-03-16 14:15:00+05:30,1557.699951171875,1572.0,1554.5999755859375,1569.199951171875,64573,0.0,0.0,GODREJPROP.NS
2026-03-16 14:30:00+05:30,1570.199951171875,1577.5,1568.0999755859375,1569.9000244140625,48003,0.0,0.0,GODREJPROP.NS
2026-03-16 14:45:00+05:30,1570.5,1574.0,1564.5999755859375,1571.300048828125,31978,0.0,0.0,GODREJPROP.NS
2026-03-16 15:00:00+05:30,1571.699951171875,1571.699951171875,1556.5999755859375,1557.5999755859375,69376,0.0,0.0,GODREJPROP.NS
2026-03-16 15:15:00+05:30,1557.0,1561.0,1552.800048828125,1556.0,60578,0.0,0.0,GODREJPROP.NS
2026-03-17 09:15:00+05:30,1562.199951171875,1566.199951171875,1548.699951171875,1554.800048828125,16291,0.0,0.0,GODREJPROP.NS
2026-03-17 09:30:00+05:30,1555.0999755859375,1561.0,1550.800048828125,1555.5999755859375,24005,0.0,0.0,GODREJPROP.NS
2026-03-17 09:45:00+05:30,1555.699951171875,1560.800048828125,1553.300048828125,1559.0,16592,0.0,0.0,GODREJPROP.NS
2026-03-17 10:00:00+05:30,1559.199951171875,1567.699951171875,1559.0,1567.699951171875,28127,0.0,0.0,GODREJPROP.NS
2026-03-17 10:15:00+05:30,1568.699951171875,1579.5,1568.0,1568.0,20716,0.0,0.0,GODREJPROP.NS
2026-03-17 10:30:00+05:30,1568.0,1569.0,1558.5999755859375,1564.0999755859375,17069,0.0,0.0,GODREJPROP.NS
2026-03-17 10:45:00+05:30,1561.5,1564.800048828125,1555.800048828125,1560.4000244140625,37345,0.0,0.0,GODREJPROP.NS
2026-03-17 11:00:00+05:30,1560.0,1560.5,1556.0,1556.9000244140625,6895,0.0,0.0,GODREJPROP.NS
2026-03-17 11:15:00+05:30,1556.5,1558.9000244140625,1553.0,1554.0,10080,0.0,0.0,GODREJPROP.NS
2026-03-17 11:30:00+05:30,1553.199951171875,1557.5,1551.699951171875,1554.5,9854,0.0,0.0,GODREJPROP.NS
2026-03-17 11:45:00+05:30,1554.300048828125,1556.9000244140625,1551.0999755859375,1555.0,7734,0.0,0.0,GODREJPROP.NS
2026-03-17 12:00:00+05:30,1554.199951171875,1557.5,1552.4000244140625,1553.4000244140625,5214,0.0,0.0,GODREJPROP.NS
2026-03-17 12:15:00+05:30,1553.199951171875,1553.199951171875,1547.5,1552.0,10412,0.0,0.0,GODREJPROP.NS
2026-03-17 12:30:00+05:30,1552.0,1554.800048828125,1549.0,1553.5999755859375,7948,0.0,0.0,GODREJPROP.NS
2026-03-17 12:45:00+05:30,1554.5999755859375,1557.4000244140625,1552.0999755859375,1556.199951171875,9937,0.0,0.0,GODREJPROP.NS
2026-03-17 13:00:00+05:30,1556.0999755859375,1562.9000244140625,1555.9000244140625,1562.5999755859375,10200,0.0,0.0,GODREJPROP.NS
2026-03-17 13:15:00+05:30,1562.199951171875,1567.699951171875,1562.199951171875,1564.9000244140625,9879,0.0,0.0,GODREJPROP.NS
2026-03-17 13:30:00+05:30,1565.5999755859375,1578.0,1565.0999755859375,1575.800048828125,27489,0.0,0.0,GODREJPROP.NS
2026-03-17 13:45:00+05:30,1575.800048828125,1581.300048828125,1575.699951171875,1577.9000244140625,15060,0.0,0.0,GODREJPROP.NS
2026-03-17 14:00:00+05:30,1578.4000244140625,1589.4000244140625,1577.199951171875,1589.199951171875,21066,0.0,0.0,GODREJPROP.NS
2026-03-17 14:15:00+05:30,1589.199951171875,1589.9000244140625,1578.800048828125,1582.0,16237,0.0,0.0,GODREJPROP.NS
2026-03-17 14:30:00+05:30,1583.0,1591.199951171875,1583.0,1588.800048828125,18567,0.0,0.0,GODREJPROP.NS
2026-03-17 14:45:00+05:30,1588.5999755859375,1596.0,1585.9000244140625,1593.0,24693,0.0,0.0,GODREJPROP.NS
2026-03-17 15:00:00+05:30,1593.699951171875,1593.699951171875,1580.0999755859375,1584.9000244140625,57316,0.0,0.0,GODREJPROP.NS
2026-03-17 15:15:00+05:30,1584.199951171875,1589.9000244140625,1581.199951171875,1581.199951171875,58097,0.0,0.0,GODREJPROP.NS
2026-03-18 09:15:00+05:30,1590.0,1603.5,1583.9000244140625,1600.0,35874,0.0,0.0,GODREJPROP.NS
2026-03-18 09:30:00+05:30,1600.199951171875,1607.5,1594.699951171875,1595.5,50013,0.0,0.0,GODREJPROP.NS
2026-03-18 09:45:00+05:30,1595.5999755859375,1607.4000244140625,1592.5,1596.0999755859375,66191,0.0,0.0,GODREJPROP.NS
2026-03-18 10:00:00+05:30,1596.800048828125,1596.9000244140625,1587.199951171875,1593.0,46310,0.0,0.0,GODREJPROP.NS
2026-03-18 10:15:00+05:30,1593.0,1604.9000244140625,1592.300048828125,1604.0,14540,0.0,0.0,GODREJPROP.NS
2026-03-18 10:30:00+05:30,1604.0,1606.300048828125,1601.0,1603.699951171875,13675,0.0,0.0,GODREJPROP.NS
2026-03-18 10:45:00+05:30,1603.699951171875,1614.800048828125,1603.699951171875,1609.5999755859375,28065,0.0,0.0,GODREJPROP.NS
2026-03-18 11:00:00+05:30,1609.5999755859375,1613.4000244140625,1608.4000244140625,1612.199951171875,10434,0.0,0.0,GODREJPROP.NS
2026-03-18 11:15:00+05:30,1612.0,1618.0,1608.800048828125,1616.800048828125,24597,0.0,0.0,GODREJPROP.NS
2026-03-18 11:30:00+05:30,1616.800048828125,1629.699951171875,1615.0,1626.199951171875,34328,0.0,0.0,GODREJPROP.NS
2026-03-18 11:45:00+05:30,1625.199951171875,1629.9000244140625,1622.300048828125,1628.4000244140625,12993,0.0,0.0,GODREJPROP.NS
2026-03-18 12:00:00+05:30,1628.4000244140625,1633.9000244140625,1623.199951171875,1631.699951171875,22214,0.0,0.0,GODREJPROP.NS
2026-03-18 12:15:00+05:30,1631.699951171875,1636.0,1630.699951171875,1633.5,11545,0.0,0.0,GODREJPROP.NS
2026-03-18 12:30:00+05:30,1634.0,1642.800048828125,1633.9000244140625,1641.5,18925,0.0,0.0,GODREJPROP.NS
2026-03-18 12:45:00+05:30,1642.5999755859375,1659.0,1641.0999755859375,1657.800048828125,56881,0.0,0.0,GODREJPROP.NS
2026-03-18 13:00:00+05:30,1657.800048828125,1663.0999755859375,1657.5,1661.699951171875,25268,0.0,0.0,GODREJPROP.NS
2026-03-18 13:15:00+05:30,1661.0,1661.300048828125,1657.5999755859375,1658.199951171875,20142,0.0,0.0,GODREJPROP.NS
2026-03-18 13:30:00+05:30,1658.800048828125,1665.800048828125,1658.800048828125,1661.199951171875,19011,0.0,0.0,GODREJPROP.NS
2026-03-18 13:45:00+05:30,1662.300048828125,1662.300048828125,1650.0999755859375,1651.4000244140625,25397,0.0,0.0,GODREJPROP.NS
2026-03-18 14:00:00+05:30,1651.4000244140625,1653.4000244140625,1646.0999755859375,1648.199951171875,20958,0.0,0.0,GODREJPROP.NS
2026-03-18 14:15:00+05:30,1647.9000244140625,1650.9000244140625,1645.699951171875,1646.199951171875,16674,0.0,0.0,GODREJPROP.NS
2026-03-18 14:30:00+05:30,1646.199951171875,1647.5,1634.5,1635.5,32815,0.0,0.0,GODREJPROP.NS
2026-03-18 14:45:00+05:30,1635.0999755859375,1644.5,1634.0999755859375,1644.0,29314,0.0,0.0,GODREJPROP.NS
2026-03-18 15:00:00+05:30,1644.0999755859375,1649.300048828125,1641.199951171875,1642.300048828125,49716,0.0,0.0,GODREJPROP.NS
2026-03-18 15:15:00+05:30,1642.300048828125,1643.9000244140625,1638.5999755859375,1640.4000244140625,50602,0.0,0.0,GODREJPROP.NS
2026-03-19 09:15:00+05:30,1606.0,1611.0,1567.0999755859375,1590.0,128687,0.0,0.0,GODREJPROP.NS
2026-03-19 09:30:00+05:30,1588.5,1597.0999755859375,1588.5,1591.9000244140625,35549,0.0,0.0,GODREJPROP.NS
2026-03-19 09:45:00+05:30,1593.300048828125,1596.0,1580.5,1582.4000244140625,31430,0.0,0.0,GODREJPROP.NS
2026-03-19 10:00:00+05:30,1582.699951171875,1582.699951171875,1573.4000244140625,1577.0,41735,0.0,0.0,GODREJPROP.NS
2026-03-19 10:15:00+05:30,1576.0,1580.699951171875,1571.4000244140625,1574.5,37070,0.0,0.0,GODREJPROP.NS
2026-03-19 10:30:00+05:30,1574.800048828125,1582.0999755859375,1573.5999755859375,1578.699951171875,17230,0.0,0.0,GODREJPROP.NS
2026-03-19 10:45:00+05:30,1578.800048828125,1586.9000244140625,1572.800048828125,1580.800048828125,35304,0.0,0.0,GODREJPROP.NS
2026-03-19 11:00:00+05:30,1580.800048828125,1585.0,1579.0999755859375,1580.0999755859375,15347,0.0,0.0,GODREJPROP.NS
2026-03-19 11:15:00+05:30,1581.0,1581.0,1574.0,1574.300048828125,24563,0.0,0.0,GODREJPROP.NS
2026-03-19 11:30:00+05:30,1575.5,1579.800048828125,1574.0999755859375,1576.199951171875,6530,0.0,0.0,GODREJPROP.NS
2026-03-19 11:45:00+05:30,1576.5,1581.5,1575.199951171875,1577.0,7466,0.0,0.0,GODREJPROP.NS
2026-03-19 12:00:00+05:30,1576.9000244140625,1579.5999755859375,1573.699951171875,1579.5,7198,0.0,0.0,GODREJPROP.NS
2026-03-19 12:15:00+05:30,1579.5999755859375,1581.5999755859375,1573.0999755859375,1574.0,8385,0.0,0.0,GODREJPROP.NS
2026-03-19 12:30:00+05:30,1574.0,1576.5,1570.0,1570.800048828125,14965,0.0,0.0,GODREJPROP.NS
2026-03-19 12:45:00+05:30,1570.699951171875,1576.800048828125,1570.699951171875,1573.5,11978,0.0,0.0,GODREJPROP.NS
2026-03-19 13:00:00+05:30,1573.199951171875,1573.199951171875,1566.9000244140625,1567.800048828125,19278,0.0,0.0,GODREJPROP.NS
2026-03-19 13:15:00+05:30,1567.5,1568.800048828125,1564.0,1565.5,13222,0.0,0.0,GODREJPROP.NS
2026-03-19 13:30:00+05:30,1565.0,1568.5,1563.699951171875,1565.199951171875,15292,0.0,0.0,GODREJPROP.NS
2026-03-19 13:45:00+05:30,1565.199951171875,1569.199951171875,1565.0,1565.0,15326,0.0,0.0,GODREJPROP.NS
2026-03-19 14:00:00+05:30,1565.0999755859375,1568.5999755859375,1560.300048828125,1561.699951171875,22151,0.0,0.0,GODREJPROP.NS
2026-03-19 14:15:00+05:30,1561.699951171875,1563.0,1556.0,1556.699951171875,35455,0.0,0.0,GODREJPROP.NS
2026-03-19 14:30:00+05:30,1556.699951171875,1560.699951171875,1553.0999755859375,1559.9000244140625,35993,0.0,0.0,GODREJPROP.NS
2026-03-19 14:45:00+05:30,1559.0,1559.800048828125,1542.5,1543.699951171875,82122,0.0,0.0,GODREJPROP.NS
2026-03-19 15:00:00+05:30,1543.699951171875,1551.9000244140625,1540.300048828125,1546.5,66353,0.0,0.0,GODREJPROP.NS
2026-03-19 15:15:00+05:30,1546.5,1562.5999755859375,1545.300048828125,1552.0999755859375,102082,0.0,0.0,GODREJPROP.NS
2026-03-20 09:15:00+05:30,1568.199951171875,1586.0,1568.199951171875,1585.0,37834,0.0,0.0,GODREJPROP.NS
2026-03-20 09:30:00+05:30,1585.800048828125,1604.5,1585.800048828125,1594.5999755859375,70402,0.0,0.0,GODREJPROP.NS
2026-03-20 09:45:00+05:30,1594.5999755859375,1603.0,1591.5,1594.0999755859375,29254,0.0,0.0,GODREJPROP.NS
2026-03-20 10:00:00+05:30,1594.0999755859375,1600.4000244140625,1592.5999755859375,1598.0999755859375,15064,0.0,0.0,GODREJPROP.NS
2026-03-20 10:15:00+05:30,1597.9000244140625,1600.5999755859375,1591.0,1597.800048828125,25231,0.0,0.0,GODREJPROP.NS
2026-03-20 10:30:00+05:30,1597.300048828125,1602.0,1591.300048828125,1593.5999755859375,25322,0.0,0.0,GODREJPROP.NS
2026-03-20 10:45:00+05:30,1593.800048828125,1599.0,1592.0,1593.0999755859375,12351,0.0,0.0,GODREJPROP.NS
2026-03-20 11:00:00+05:30,1593.800048828125,1594.0,1582.0,1585.4000244140625,24100,0.0,0.0,GODREJPROP.NS
2026-03-20 11:15:00+05:30,1585.699951171875,1598.5,1585.5999755859375,1592.0,18954,0.0,0.0,GODREJPROP.NS
2026-03-20 11:30:00+05:30,1593.0,1593.5,1580.0999755859375,1580.0999755859375,15142,0.0,0.0,GODREJPROP.NS
2026-03-20 11:45:00+05:30,1578.5999755859375,1582.5999755859375,1568.800048828125,1569.0,33219,0.0,0.0,GODREJPROP.NS
2026-03-20 12:00:00+05:30,1569.300048828125,1570.0999755859375,1565.199951171875,1568.699951171875,16789,0.0,0.0,GODREJPROP.NS
2026-03-20 12:15:00+05:30,1569.0,1569.0,1560.199951171875,1562.4000244140625,20950,0.0,0.0,GODREJPROP.NS
2026-03-20 12:30:00+05:30,1562.4000244140625,1568.199951171875,1560.0999755859375,1567.0,10497,0.0,0.0,GODREJPROP.NS
2026-03-20 12:45:00+05:30,1566.9000244140625,1569.699951171875,1562.800048828125,1566.0,16918,0.0,0.0,GODREJPROP.NS
2026-03-20 13:00:00+05:30,1566.0,1572.199951171875,1563.699951171875,1570.5999755859375,14546,0.0,0.0,GODREJPROP.NS
2026-03-20 13:15:00+05:30,1569.9000244140625,1574.800048828125,1567.0999755859375,1571.800048828125,10010,0.0,0.0,GODREJPROP.NS
2026-03-20 13:30:00+05:30,1571.9000244140625,1572.5999755859375,1564.300048828125,1564.9000244140625,5924,0.0,0.0,GODREJPROP.NS
2026-03-20 13:45:00+05:30,1565.300048828125,1565.5999755859375,1560.0,1560.300048828125,12255,0.0,0.0,GODREJPROP.NS
2026-03-20 14:00:00+05:30,1561.0999755859375,1566.800048828125,1558.9000244140625,1562.0,11599,0.0,0.0,GODREJPROP.NS
2026-03-20 14:15:00+05:30,1561.5,1564.5999755859375,1557.5999755859375,1560.800048828125,28982,0.0,0.0,GODREJPROP.NS
2026-03-20 14:30:00+05:30,1560.4000244140625,1562.0,1554.0,1554.4000244140625,31482,0.0,0.0,GODREJPROP.NS
2026-03-20 14:45:00+05:30,1554.199951171875,1559.0,1552.699951171875,1555.0,47557,0.0,0.0,GODREJPROP.NS
2026-03-20 15:00:00+05:30,1556.699951171875,1556.699951171875,1544.699951171875,1546.800048828125,233304,0.0,0.0,GODREJPROP.NS
2026-03-20 15:15:00+05:30,1546.5999755859375,1549.9000244140625,1543.699951171875,1549.9000244140625,153423,0.0,0.0,GODREJPROP.NS
2026-03-23 09:15:00+05:30,1527.0,1527.0,1502.699951171875,1512.199951171875,75695,0.0,0.0,GODREJPROP.NS
2026-03-23 09:30:00+05:30,1509.5,1521.0,1509.5,1519.0,45721,0.0,0.0,GODREJPROP.NS
2026-03-23 09:45:00+05:30,1517.699951171875,1519.199951171875,1508.0999755859375,1508.0999755859375,62318,0.0,0.0,GODREJPROP.NS
2026-03-23 10:00:00+05:30,1509.300048828125,1512.0,1500.0,1500.0,145494,0.0,0.0,GODREJPROP.NS
2026-03-23 10:15:00+05:30,1499.5999755859375,1504.5999755859375,1499.0,1499.300048828125,105576,0.0,0.0,GODREJPROP.NS
2026-03-23 10:30:00+05:30,1499.0,1510.0,1491.4000244140625,1493.4000244140625,185233,0.0,0.0,GODREJPROP.NS
2026-03-23 10:45:00+05:30,1493.4000244140625,1503.0,1491.0,1502.0,138495,0.0,0.0,GODREJPROP.NS
2026-03-23 11:00:00+05:30,1502.199951171875,1502.4000244140625,1486.9000244140625,1495.0,52775,0.0,0.0,GODREJPROP.NS
2026-03-23 11:15:00+05:30,1495.5,1499.4000244140625,1489.0,1497.0999755859375,61145,0.0,0.0,GODREJPROP.NS
2026-03-23 11:30:00+05:30,1497.0999755859375,1499.800048828125,1491.300048828125,1492.199951171875,49954,0.0,0.0,GODREJPROP.NS
2026-03-23 11:45:00+05:30,1492.199951171875,1498.300048828125,1490.800048828125,1493.4000244140625,34569,0.0,0.0,GODREJPROP.NS
2026-03-23 12:00:00+05:30,1494.4000244140625,1497.9000244140625,1492.0999755859375,1492.0999755859375,24576,0.0,0.0,GODREJPROP.NS
2026-03-23 12:15:00+05:30,1492.0999755859375,1498.5,1490.9000244140625,1498.5,110017,0.0,0.0,GODREJPROP.NS
2026-03-23 12:30:00+05:30,1498.5,1500.0,1495.0,1498.9000244140625,43636,0.0,0.0,GODREJPROP.NS
2026-03-23 12:45:00+05:30,1497.800048828125,1499.5999755859375,1490.199951171875,1490.199951171875,34489,0.0,0.0,GODREJPROP.NS
2026-03-23 13:00:00+05:30,1490.5,1492.0999755859375,1487.0,1490.300048828125,63024,0.0,0.0,GODREJPROP.NS
2026-03-23 13:15:00+05:30,1490.5999755859375,1493.4000244140625,1486.0,1490.5999755859375,103609,0.0,0.0,GODREJPROP.NS
2026-03-23 13:30:00+05:30,1490.4000244140625,1498.199951171875,1490.199951171875,1498.199951171875,33150,0.0,0.0,GODREJPROP.NS
2026-03-23 13:45:00+05:30,1498.5,1504.0999755859375,1496.0,1498.0,49256,0.0,0.0,GODREJPROP.NS
2026-03-23 14:00:00+05:30,1498.0,1504.300048828125,1496.0999755859375,1499.0,27293,0.0,0.0,GODREJPROP.NS
2026-03-23 14:15:00+05:30,1499.0,1503.5999755859375,1496.300048828125,1500.0999755859375,20505,0.0,0.0,GODREJPROP.NS
2026-03-23 14:30:00+05:30,1500.0,1500.199951171875,1491.5,1496.0,74606,0.0,0.0,GODREJPROP.NS
2026-03-23 14:45:00+05:30,1496.5,1501.5999755859375,1493.5,1496.300048828125,63081,0.0,0.0,GODREJPROP.NS
2026-03-23 15:00:00+05:30,1496.5999755859375,1501.199951171875,1491.800048828125,1499.0,197946,0.0,0.0,GODREJPROP.NS
2026-03-23 15:15:00+05:30,1498.9000244140625,1502.800048828125,1496.199951171875,1500.0,149376,0.0,0.0,GODREJPROP.NS
2026-03-24 09:15:00+05:30,1525.0,1539.699951171875,1519.5,1538.199951171875,44631,0.0,0.0,GODREJPROP.NS
2026-03-24 09:30:00+05:30,1539.0,1541.300048828125,1528.300048828125,1528.699951171875,39072,0.0,0.0,GODREJPROP.NS
2026-03-24 09:45:00+05:30,1529.800048828125,1533.9000244140625,1525.0,1529.300048828125,29464,0.0,0.0,GODREJPROP.NS
2026-03-24 10:00:00+05:30,1529.0,1530.199951171875,1524.0999755859375,1527.0,26271,0.0,0.0,GODREJPROP.NS
2026-03-24 10:15:00+05:30,1526.199951171875,1532.9000244140625,1525.4000244140625,1529.5,23118,0.0,0.0,GODREJPROP.NS
2026-03-24 10:30:00+05:30,1529.9000244140625,1530.199951171875,1520.0,1526.0999755859375,42404,0.0,0.0,GODREJPROP.NS
2026-03-24 10:45:00+05:30,1526.0999755859375,1530.0,1521.199951171875,1522.0,16164,0.0,0.0,GODREJPROP.NS
2026-03-24 11:00:00+05:30,1524.199951171875,1528.9000244140625,1522.4000244140625,1525.0,20420,0.0,0.0,GODREJPROP.NS
2026-03-24 11:15:00+05:30,1525.5999755859375,1530.0,1523.800048828125,1524.4000244140625,11432,0.0,0.0,GODREJPROP.NS
2026-03-24 11:30:00+05:30,1524.4000244140625,1530.0,1524.4000244140625,1527.199951171875,7697,0.0,0.0,GODREJPROP.NS
2026-03-24 11:45:00+05:30,1527.5,1533.199951171875,1526.5,1530.9000244140625,12994,0.0,0.0,GODREJPROP.NS
2026-03-24 12:00:00+05:30,1530.9000244140625,1531.5,1522.699951171875,1524.300048828125,12543,0.0,0.0,GODREJPROP.NS
2026-03-24 12:15:00+05:30,1524.300048828125,1543.300048828125,1522.4000244140625,1538.5,48618,0.0,0.0,GODREJPROP.NS
2026-03-24 12:30:00+05:30,1538.5999755859375,1554.0,1537.5999755859375,1549.9000244140625,47206,0.0,0.0,GODREJPROP.NS
2026-03-24 12:45:00+05:30,1550.4000244140625,1557.699951171875,1547.0999755859375,1550.0,18928,0.0,0.0,GODREJPROP.NS
2026-03-24 13:00:00+05:30,1550.5999755859375,1554.699951171875,1542.9000244140625,1552.5999755859375,27416,0.0,0.0,GODREJPROP.NS
2026-03-24 13:15:00+05:30,1552.5999755859375,1559.5999755859375,1550.0,1559.4000244140625,19250,0.0,0.0,GODREJPROP.NS
2026-03-24 13:30:00+05:30,1559.300048828125,1562.0,1551.5999755859375,1555.0,17717,0.0,0.0,GODREJPROP.NS
2026-03-24 13:45:00+05:30,1555.5,1556.800048828125,1545.0999755859375,1549.4000244140625,13682,0.0,0.0,GODREJPROP.NS
2026-03-24 14:00:00+05:30,1549.199951171875,1551.699951171875,1547.300048828125,1549.699951171875,13680,0.0,0.0,GODREJPROP.NS
2026-03-24 14:15:00+05:30,1549.800048828125,1553.0999755859375,1545.5,1548.9000244140625,17158,0.0,0.0,GODREJPROP.NS
2026-03-24 14:30:00+05:30,1549.0,1549.699951171875,1537.0,1539.199951171875,24365,0.0,0.0,GODREJPROP.NS
2026-03-24 14:45:00+05:30,1538.9000244140625,1545.800048828125,1538.0,1544.5,19292,0.0,0.0,GODREJPROP.NS
2026-03-24 15:00:00+05:30,1544.0,1544.4000244140625,1537.9000244140625,1540.0999755859375,61496,0.0,0.0,GODREJPROP.NS
2026-03-24 15:15:00+05:30,1540.9000244140625,1544.0,1536.4000244140625,1540.5,60857,0.0,0.0,GODREJPROP.NS
2026-03-25 09:15:00+05:30,1562.4000244140625,1597.800048828125,1562.4000244140625,1590.800048828125,37517,0.0,0.0,GODREJPROP.NS
2026-03-25 09:30:00+05:30,1590.800048828125,1603.5999755859375,1584.5999755859375,1589.5999755859375,80010,0.0,0.0,GODREJPROP.NS
2026-03-25 09:45:00+05:30,1590.5,1594.300048828125,1587.4000244140625,1588.5,23051,0.0,0.0,GODREJPROP.NS
2026-03-25 10:00:00+05:30,1588.5999755859375,1590.0,1578.5999755859375,1585.5,25870,0.0,0.0,GODREJPROP.NS
2026-03-25 10:15:00+05:30,1585.5,1586.5,1574.4000244140625,1576.699951171875,27081,0.0,0.0,GODREJPROP.NS
2026-03-25 10:30:00+05:30,1577.0,1581.800048828125,1576.0,1580.800048828125,9162,0.0,0.0,GODREJPROP.NS
2026-03-25 10:45:00+05:30,1580.800048828125,1583.0,1577.0,1578.300048828125,17365,0.0,0.0,GODREJPROP.NS
2026-03-25 11:00:00+05:30,1578.4000244140625,1584.0,1578.4000244140625,1583.5999755859375,10722,0.0,0.0,GODREJPROP.NS
2026-03-25 11:15:00+05:30,1583.5999755859375,1584.300048828125,1572.9000244140625,1574.199951171875,21755,0.0,0.0,GODREJPROP.NS
2026-03-25 11:30:00+05:30,1574.5,1575.5,1568.5999755859375,1570.0,18625,0.0,0.0,GODREJPROP.NS
2026-03-25 11:45:00+05:30,1570.0999755859375,1576.199951171875,1569.5,1570.699951171875,12415,0.0,0.0,GODREJPROP.NS
2026-03-25 12:00:00+05:30,1570.5999755859375,1575.5,1569.5,1574.9000244140625,13045,0.0,0.0,GODREJPROP.NS
2026-03-25 12:15:00+05:30,1574.800048828125,1576.199951171875,1570.699951171875,1572.9000244140625,11681,0.0,0.0,GODREJPROP.NS
2026-03-25 12:30:00+05:30,1571.800048828125,1574.300048828125,1567.300048828125,1570.0,11113,0.0,0.0,GODREJPROP.NS
2026-03-25 12:45:00+05:30,1569.800048828125,1573.300048828125,1565.0999755859375,1565.0999755859375,40698,0.0,0.0,GODREJPROP.NS
2026-03-25 13:00:00+05:30,1565.0999755859375,1570.9000244140625,1565.0,1569.800048828125,13690,0.0,0.0,GODREJPROP.NS
2026-03-25 13:15:00+05:30,1569.5,1573.199951171875,1567.699951171875,1571.4000244140625,7314,0.0,0.0,GODREJPROP.NS
2026-03-25 13:30:00+05:30,1572.0999755859375,1577.0,1569.800048828125,1576.9000244140625,14356,0.0,0.0,GODREJPROP.NS
2026-03-25 13:45:00+05:30,1576.9000244140625,1580.699951171875,1575.5999755859375,1577.5999755859375,14438,0.0,0.0,GODREJPROP.NS
2026-03-25 14:00:00+05:30,1578.0999755859375,1580.4000244140625,1575.0,1576.4000244140625,10802,0.0,0.0,GODREJPROP.NS
2026-03-25 14:15:00+05:30,1576.4000244140625,1580.4000244140625,1570.4000244140625,1574.699951171875,12941,0.0,0.0,GODREJPROP.NS
2026-03-25 14:30:00+05:30,1573.5,1578.5,1570.0,1572.5,43259,0.0,0.0,GODREJPROP.NS
2026-03-25 14:45:00+05:30,1572.5999755859375,1573.199951171875,1562.9000244140625,1567.4000244140625,93224,0.0,0.0,GODREJPROP.NS
2026-03-25 15:00:00+05:30,1567.800048828125,1569.0999755859375,1561.5,1565.0999755859375,121227,0.0,0.0,GODREJPROP.NS
2026-03-25 15:15:00+05:30,1564.800048828125,1567.199951171875,1562.0,1563.0,109763,0.0,0.0,GODREJPROP.NS
2026-03-27 09:15:00+05:30,1543.199951171875,1543.199951171875,1515.199951171875,1530.699951171875,59506,0.0,0.0,GODREJPROP.NS
2026-03-27 09:30:00+05:30,1531.199951171875,1532.699951171875,1517.300048828125,1525.800048828125,63538,0.0,0.0,GODREJPROP.NS
2026-03-27 09:45:00+05:30,1526.5999755859375,1527.300048828125,1517.0,1518.0,103626,0.0,0.0,GODREJPROP.NS
2026-03-27 10:00:00+05:30,1517.5,1521.5,1503.4000244140625,1508.0,96317,0.0,0.0,GODREJPROP.NS
2026-03-27 10:15:00+05:30,1508.0,1511.5,1505.5,1510.5999755859375,132602,0.0,0.0,GODREJPROP.NS
2026-03-27 10:30:00+05:30,1510.5,1516.0999755859375,1508.0999755859375,1511.5,60751,0.0,0.0,GODREJPROP.NS
2026-03-27 10:45:00+05:30,1511.5,1513.0,1508.0,1510.199951171875,77662,0.0,0.0,GODREJPROP.NS
2026-03-27 11:00:00+05:30,1510.199951171875,1515.5999755859375,1508.0999755859375,1511.800048828125,33825,0.0,0.0,GODREJPROP.NS
2026-03-27 11:15:00+05:30,1511.0,1512.5999755859375,1501.5999755859375,1502.4000244140625,114899,0.0,0.0,GODREJPROP.NS
2026-03-27 11:30:00+05:30,1501.5999755859375,1509.0,1501.5,1508.5,19290,0.0,0.0,GODREJPROP.NS
2026-03-27 11:45:00+05:30,1508.5,1511.800048828125,1503.5,1506.4000244140625,40621,0.0,0.0,GODREJPROP.NS
2026-03-27 12:00:00+05:30,1506.0999755859375,1506.300048828125,1502.4000244140625,1502.4000244140625,36525,0.0,0.0,GODREJPROP.NS
2026-03-27 12:15:00+05:30,1502.0,1505.0,1496.699951171875,1505.0,83875,0.0,0.0,GODREJPROP.NS
2026-03-27 12:30:00+05:30,1505.4000244140625,1508.4000244140625,1503.5999755859375,1507.0,34634,0.0,0.0,GODREJPROP.NS
2026-03-27 12:45:00+05:30,1506.699951171875,1510.0,1504.5999755859375,1507.5,35015,0.0,0.0,GODREJPROP.NS
2026-03-27 13:00:00+05:30,1507.5,1508.0999755859375,1505.0,1507.800048828125,22810,0.0,0.0,GODREJPROP.NS
2026-03-27 13:15:00+05:30,1507.300048828125,1513.0,1504.300048828125,1504.699951171875,46663,0.0,0.0,GODREJPROP.NS
2026-03-27 13:30:00+05:30,1504.0999755859375,1512.300048828125,1503.199951171875,1510.0999755859375,54577,0.0,0.0,GODREJPROP.NS
2026-03-27 13:45:00+05:30,1509.5,1511.699951171875,1507.300048828125,1508.699951171875,23071,0.0,0.0,GODREJPROP.NS
2026-03-27 14:00:00+05:30,1508.5999755859375,1511.9000244140625,1504.9000244140625,1509.9000244140625,44030,0.0,0.0,GODREJPROP.NS
2026-03-27 14:15:00+05:30,1509.9000244140625,1510.0,1506.0,1509.9000244140625,44147,0.0,0.0,GODREJPROP.NS
2026-03-27 14:30:00+05:30,1509.0999755859375,1509.699951171875,1505.0999755859375,1506.0,21321,0.0,0.0,GODREJPROP.NS
2026-03-27 14:45:00+05:30,1505.4000244140625,1509.0,1503.0999755859375,1503.0999755859375,65839,0.0,0.0,GODREJPROP.NS
2026-03-27 15:00:00+05:30,1503.0,1507.5,1499.5999755859375,1504.199951171875,129027,0.0,0.0,GODREJPROP.NS
2026-03-27 15:15:00+05:30,1504.800048828125,1515.9000244140625,1498.800048828125,1505.199951171875,165099,0.0,0.0,GODREJPROP.NS
2026-03-30 09:15:00+05:30,1485.9000244140625,1489.800048828125,1467.9000244140625,1487.300048828125,125088,0.0,0.0,GODREJPROP.NS
2026-03-30 09:30:00+05:30,1488.4000244140625,1511.5,1488.4000244140625,1505.0999755859375,99365,0.0,0.0,GODREJPROP.NS
2026-03-30 09:45:00+05:30,1507.0,1512.5999755859375,1495.4000244140625,1496.5999755859375,42054,0.0,0.0,GODREJPROP.NS
2026-03-30 10:00:00+05:30,1497.0999755859375,1497.0999755859375,1474.9000244140625,1480.699951171875,44386,0.0,0.0,GODREJPROP.NS
2026-03-30 10:15:00+05:30,1480.699951171875,1481.5999755859375,1468.9000244140625,1472.0,70166,0.0,0.0,GODREJPROP.NS
2026-03-30 10:30:00+05:30,1473.4000244140625,1479.5999755859375,1472.300048828125,1473.5999755859375,36343,0.0,0.0,GODREJPROP.NS
2026-03-30 10:45:00+05:30,1474.9000244140625,1476.199951171875,1468.9000244140625,1468.9000244140625,21906,0.0,0.0,GODREJPROP.NS
2026-03-30 11:00:00+05:30,1469.9000244140625,1471.0,1466.199951171875,1470.699951171875,25886,0.0,0.0,GODREJPROP.NS
2026-03-30 11:15:00+05:30,1471.0999755859375,1475.5,1470.0,1472.300048828125,24000,0.0,0.0,GODREJPROP.NS
2026-03-30 11:30:00+05:30,1472.699951171875,1481.5,1472.0999755859375,1473.5,26248,0.0,0.0,GODREJPROP.NS
2026-03-30 11:45:00+05:30,1473.199951171875,1476.800048828125,1471.0999755859375,1475.300048828125,15372,0.0,0.0,GODREJPROP.NS
2026-03-30 12:00:00+05:30,1476.0999755859375,1483.0,1475.4000244140625,1477.5999755859375,38048,0.0,0.0,GODREJPROP.NS
2026-03-30 12:15:00+05:30,1479.0,1479.9000244140625,1470.4000244140625,1474.0,18497,0.0,0.0,GODREJPROP.NS
2026-03-30 12:30:00+05:30,1474.199951171875,1480.0,1473.0999755859375,1478.5999755859375,17553,0.0,0.0,GODREJPROP.NS
2026-03-30 12:45:00+05:30,1478.699951171875,1478.699951171875,1470.4000244140625,1471.699951171875,15970,0.0,0.0,GODREJPROP.NS
2026-03-30 13:00:00+05:30,1471.800048828125,1475.5999755859375,1468.5999755859375,1470.300048828125,27453,0.0,0.0,GODREJPROP.NS
2026-03-30 13:15:00+05:30,1470.0999755859375,1472.699951171875,1466.199951171875,1470.699951171875,26187,0.0,0.0,GODREJPROP.NS
2026-03-30 13:30:00+05:30,1470.0,1476.9000244140625,1469.199951171875,1471.800048828125,77522,0.0,0.0,GODREJPROP.NS
2026-03-30 13:45:00+05:30,1472.300048828125,1473.9000244140625,1469.9000244140625,1472.699951171875,41414,0.0,0.0,GODREJPROP.NS
2026-03-30 14:00:00+05:30,1472.0,1479.0,1471.9000244140625,1475.5,29478,0.0,0.0,GODREJPROP.NS
2026-03-30 14:15:00+05:30,1475.800048828125,1477.199951171875,1472.0,1474.4000244140625,23431,0.0,0.0,GODREJPROP.NS
2026-03-30 14:30:00+05:30,1474.4000244140625,1480.0,1471.0999755859375,1473.0,60353,0.0,0.0,GODREJPROP.NS
2026-03-30 14:45:00+05:30,1473.0,1473.9000244140625,1468.9000244140625,1470.5999755859375,38759,0.0,0.0,GODREJPROP.NS
2026-03-30 15:00:00+05:30,1470.699951171875,1471.5999755859375,1469.699951171875,1470.199951171875,188270,0.0,0.0,GODREJPROP.NS
2026-03-30 15:15:00+05:30,1470.4000244140625,1474.9000244140625,1467.0,1468.0,200515,0.0,0.0,GODREJPROP.NS
2026-04-01 09:15:00+05:30,1521.300048828125,1527.5999755859375,1506.5,1518.5,110269,0.0,0.0,GODREJPROP.NS
2026-04-01 09:30:00+05:30,1518.199951171875,1523.699951171875,1510.9000244140625,1521.9000244140625,97162,0.0,0.0,GODREJPROP.NS
2026-04-01 09:45:00+05:30,1521.0,1535.9000244140625,1519.0,1530.300048828125,56069,0.0,0.0,GODREJPROP.NS
2026-04-01 10:00:00+05:30,1529.9000244140625,1537.0,1528.0,1532.0,37929,0.0,0.0,GODREJPROP.NS
2026-04-01 10:15:00+05:30,1532.0999755859375,1535.4000244140625,1527.0,1533.0999755859375,20750,0.0,0.0,GODREJPROP.NS
2026-04-01 10:30:00+05:30,1533.800048828125,1538.199951171875,1529.5999755859375,1530.0,21971,0.0,0.0,GODREJPROP.NS
2026-04-01 10:45:00+05:30,1529.0,1531.800048828125,1519.300048828125,1521.0,15063,0.0,0.0,GODREJPROP.NS
2026-04-01 11:00:00+05:30,1520.5999755859375,1525.699951171875,1514.699951171875,1519.800048828125,48660,0.0,0.0,GODREJPROP.NS
2026-04-01 11:15:00+05:30,1519.699951171875,1521.0999755859375,1516.5,1517.9000244140625,16258,0.0,0.0,GODREJPROP.NS
2026-04-01 11:30:00+05:30,1519.4000244140625,1520.0,1514.199951171875,1517.5,19808,0.0,0.0,GODREJPROP.NS
2026-04-01 11:45:00+05:30,1518.0,1519.300048828125,1510.0999755859375,1516.800048828125,12814,0.0,0.0,GODREJPROP.NS
2026-04-01 12:00:00+05:30,1515.699951171875,1527.0999755859375,1515.699951171875,1524.800048828125,55922,0.0,0.0,GODREJPROP.NS
2026-04-01 12:15:00+05:30,1525.5,1531.9000244140625,1522.0,1531.300048828125,40713,0.0,0.0,GODREJPROP.NS
2026-04-01 12:30:00+05:30,1531.300048828125,1531.300048828125,1524.0999755859375,1526.5,18050,0.0,0.0,GODREJPROP.NS
2026-04-01 12:45:00+05:30,1526.300048828125,1531.9000244140625,1518.5,1519.4000244140625,23078,0.0,0.0,GODREJPROP.NS
2026-04-01 13:00:00+05:30,1518.699951171875,1521.0,1515.300048828125,1519.699951171875,20401,0.0,0.0,GODREJPROP.NS
2026-04-01 13:15:00+05:30,1520.0,1520.0,1512.0999755859375,1514.5999755859375,13162,0.0,0.0,GODREJPROP.NS
2026-04-01 13:30:00+05:30,1514.4000244140625,1515.0,1499.0999755859375,1507.699951171875,60900,0.0,0.0,GODREJPROP.NS
2026-04-01 13:45:00+05:30,1507.0,1512.5999755859375,1506.300048828125,1509.9000244140625,19004,0.0,0.0,GODREJPROP.NS
2026-04-01 14:00:00+05:30,1510.4000244140625,1512.9000244140625,1507.0999755859375,1512.9000244140625,15570,0.0,0.0,GODREJPROP.NS
2026-04-01 14:15:00+05:30,1512.9000244140625,1513.0,1507.4000244140625,1510.0,28855,0.0,0.0,GODREJPROP.NS
2026-04-01 14:30:00+05:30,1510.0999755859375,1510.5,1503.699951171875,1507.800048828125,19936,0.0,0.0,GODREJPROP.NS
2026-04-01 14:45:00+05:30,1507.0999755859375,1509.0,1501.5,1505.5,22956,0.0,0.0,GODREJPROP.NS
2026-04-01 15:00:00+05:30,1506.300048828125,1516.199951171875,1506.300048828125,1507.5999755859375,65872,0.0,0.0,GODREJPROP.NS
2026-04-01 15:15:00+05:30,1507.5999755859375,1508.5,1503.0999755859375,1508.0999755859375,76541,0.0,0.0,GODREJPROP.NS
2026-04-02 09:15:00+05:30,1467.4000244140625,1468.199951171875,1437.0,1443.199951171875,98255,0.0,0.0,GODREJPROP.NS
2026-04-02 09:30:00+05:30,1442.4000244140625,1452.4000244140625,1439.0999755859375,1451.699951171875,81350,0.0,0.0,GODREJPROP.NS
2026-04-02 09:45:00+05:30,1452.0,1452.0,1435.0999755859375,1435.800048828125,84568,0.0,0.0,GODREJPROP.NS
2026-04-02 10:00:00+05:30,1436.199951171875,1443.300048828125,1434.9000244140625,1441.4000244140625,58638,0.0,0.0,GODREJPROP.NS
2026-04-02 10:15:00+05:30,1439.300048828125,1443.699951171875,1438.0,1442.5,24186,0.0,0.0,GODREJPROP.NS
2026-04-02 10:30:00+05:30,1442.800048828125,1447.800048828125,1441.0999755859375,1445.699951171875,30799,0.0,0.0,GODREJPROP.NS
2026-04-02 10:45:00+05:30,1445.699951171875,1450.0,1442.5,1448.199951171875,23490,0.0,0.0,GODREJPROP.NS
2026-04-02 11:00:00+05:30,1447.5999755859375,1456.699951171875,1446.699951171875,1454.5999755859375,27508,0.0,0.0,GODREJPROP.NS
2026-04-02 11:15:00+05:30,1456.0,1460.9000244140625,1454.0,1457.4000244140625,18257,0.0,0.0,GODREJPROP.NS
2026-04-02 11:30:00+05:30,1457.800048828125,1472.0,1457.699951171875,1467.9000244140625,24676,0.0,0.0,GODREJPROP.NS
2026-04-02 11:45:00+05:30,1466.9000244140625,1473.9000244140625,1465.699951171875,1470.0,27843,0.0,0.0,GODREJPROP.NS
2026-04-02 12:00:00+05:30,1470.0,1471.800048828125,1457.800048828125,1464.5999755859375,16967,0.0,0.0,GODREJPROP.NS
2026-04-02 12:15:00+05:30,1464.5,1465.800048828125,1455.800048828125,1461.5,13131,0.0,0.0,GODREJPROP.NS
2026-04-02 12:30:00+05:30,1461.5999755859375,1469.0,1461.0,1468.4000244140625,14973,0.0,0.0,GODREJPROP.NS
2026-04-02 12:45:00+05:30,1468.4000244140625,1472.699951171875,1466.199951171875,1471.5,15861,0.0,0.0,GODREJPROP.NS
2026-04-02 13:00:00+05:30,1473.699951171875,1475.9000244140625,1460.199951171875,1462.300048828125,28309,0.0,0.0,GODREJPROP.NS
2026-04-02 13:15:00+05:30,1462.699951171875,1479.5999755859375,1462.699951171875,1478.0,116111,0.0,0.0,GODREJPROP.NS
2026-04-02 13:30:00+05:30,1477.199951171875,1484.0,1472.0,1482.199951171875,92760,0.0,0.0,GODREJPROP.NS
2026-04-02 13:45:00+05:30,1482.800048828125,1486.0,1478.800048828125,1483.9000244140625,46871,0.0,0.0,GODREJPROP.NS
2026-04-02 14:00:00+05:30,1484.4000244140625,1490.0999755859375,1483.0,1489.4000244140625,31665,0.0,0.0,GODREJPROP.NS
2026-04-02 14:15:00+05:30,1489.5999755859375,1494.199951171875,1487.699951171875,1491.0999755859375,21719,0.0,0.0,GODREJPROP.NS
2026-04-02 14:30:00+05:30,1492.4000244140625,1496.800048828125,1482.5,1482.5999755859375,27373,0.0,0.0,GODREJPROP.NS
2026-04-02 14:45:00+05:30,1483.300048828125,1490.4000244140625,1482.4000244140625,1490.0999755859375,48664,0.0,0.0,GODREJPROP.NS
2026-04-02 15:00:00+05:30,1490.0999755859375,1516.0,1490.0999755859375,1514.0,62362,0.0,0.0,GODREJPROP.NS
2026-04-02 15:15:00+05:30,1513.4000244140625,1516.800048828125,1505.0,1508.300048828125,53925,0.0,0.0,GODREJPROP.NS
2026-04-06 09:15:00+05:30,1512.9000244140625,1517.4000244140625,1493.800048828125,1507.300048828125,66648,0.0,0.0,GODREJPROP.NS
2026-04-06 09:30:00+05:30,1508.699951171875,1524.0,1507.9000244140625,1516.5999755859375,43951,0.0,0.0,GODREJPROP.NS
2026-04-06 09:45:00+05:30,1517.4000244140625,1534.699951171875,1517.300048828125,1534.5999755859375,130021,0.0,0.0,GODREJPROP.NS
2026-04-06 10:00:00+05:30,1534.199951171875,1560.0,1533.699951171875,1559.800048828125,171121,0.0,0.0,GODREJPROP.NS
2026-04-06 10:15:00+05:30,1558.9000244140625,1561.0,1545.4000244140625,1547.800048828125,192350,0.0,0.0,GODREJPROP.NS
2026-04-06 10:30:00+05:30,1546.9000244140625,1564.0,1544.800048828125,1561.4000244140625,134952,0.0,0.0,GODREJPROP.NS
2026-04-06 10:45:00+05:30,1561.4000244140625,1569.9000244140625,1561.4000244140625,1567.699951171875,55329,0.0,0.0,GODREJPROP.NS
2026-04-06 11:00:00+05:30,1567.300048828125,1573.0999755859375,1562.0,1573.0,125548,0.0,0.0,GODREJPROP.NS
2026-04-06 11:15:00+05:30,1572.199951171875,1582.0,1568.199951171875,1581.0999755859375,136603,0.0,0.0,GODREJPROP.NS
2026-04-06 11:30:00+05:30,1582.5,1582.5,1565.0,1567.0999755859375,294577,0.0,0.0,GODREJPROP.NS
2026-04-06 11:45:00+05:30,1567.0999755859375,1586.9000244140625,1566.0,1581.0,87509,0.0,0.0,GODREJPROP.NS
2026-04-06 12:00:00+05:30,1580.9000244140625,1581.9000244140625,1576.0,1576.300048828125,31936,0.0,0.0,GODREJPROP.NS
2026-04-06 12:15:00+05:30,1576.4000244140625,1585.699951171875,1576.4000244140625,1582.9000244140625,36604,0.0,0.0,GODREJPROP.NS
2026-04-06 12:30:00+05:30,1583.0,1587.9000244140625,1577.199951171875,1577.9000244140625,30056,0.0,0.0,GODREJPROP.NS
2026-04-06 12:45:00+05:30,1577.300048828125,1585.9000244140625,1577.300048828125,1585.800048828125,39175,0.0,0.0,GODREJPROP.NS
2026-04-06 13:00:00+05:30,1585.800048828125,1587.0,1581.699951171875,1584.0999755859375,59042,0.0,0.0,GODREJPROP.NS
2026-04-06 13:15:00+05:30,1584.199951171875,1586.5999755859375,1582.5,1583.300048828125,56081,0.0,0.0,GODREJPROP.NS
2026-04-06 13:30:00+05:30,1583.199951171875,1588.800048828125,1580.0,1580.4000244140625,64482,0.0,0.0,GODREJPROP.NS
2026-04-06 13:45:00+05:30,1580.4000244140625,1583.0,1577.699951171875,1578.0999755859375,27603,0.0,0.0,GODREJPROP.NS
2026-04-06 14:00:00+05:30,1578.4000244140625,1583.0,1576.5,1581.0,25592,0.0,0.0,GODREJPROP.NS
2026-04-06 14:15:00+05:30,1581.199951171875,1582.5,1576.9000244140625,1577.800048828125,31995,0.0,0.0,GODREJPROP.NS
2026-04-06 14:30:00+05:30,1578.0999755859375,1581.5999755859375,1575.0,1579.5,72970,0.0,0.0,GODREJPROP.NS
2026-04-06 14:45:00+05:30,1579.4000244140625,1579.4000244140625,1573.199951171875,1578.800048828125,38280,0.0,0.0,GODREJPROP.NS
2026-04-06 15:00:00+05:30,1577.5999755859375,1584.9000244140625,1577.0999755859375,1582.4000244140625,66577,0.0,0.0,GODREJPROP.NS
2026-04-06 15:15:00+05:30,1583.199951171875,1590.5,1581.300048828125,1584.699951171875,133352,0.0,0.0,GODREJPROP.NS
2026-04-07 09:15:00+05:30,1565.300048828125,1584.699951171875,1546.199951171875,1577.0999755859375,52153,0.0,0.0,GODREJPROP.NS
2026-04-07 09:30:00+05:30,1578.0,1583.9000244140625,1573.0999755859375,1576.300048828125,40294,0.0,0.0,GODREJPROP.NS
2026-04-07 09:45:00+05:30,1575.800048828125,1602.5999755859375,1573.5,1596.0,107020,0.0,0.0,GODREJPROP.NS
2026-04-07 10:00:00+05:30,1596.5999755859375,1605.9000244140625,1594.300048828125,1598.5,50912,0.0,0.0,GODREJPROP.NS
2026-04-07 10:15:00+05:30,1599.199951171875,1603.0,1595.5,1602.0,45590,0.0,0.0,GODREJPROP.NS
2026-04-07 10:30:00+05:30,1602.0999755859375,1607.0,1598.5999755859375,1605.9000244140625,20653,0.0,0.0,GODREJPROP.NS
2026-04-07 10:45:00+05:30,1606.4000244140625,1609.699951171875,1591.0,1591.0,50490,0.0,0.0,GODREJPROP.NS
2026-04-07 11:00:00+05:30,1590.0,1592.4000244140625,1581.4000244140625,1582.0,34898,0.0,0.0,GODREJPROP.NS
2026-04-07 11:15:00+05:30,1582.0,1590.199951171875,1581.800048828125,1586.800048828125,22810,0.0,0.0,GODREJPROP.NS
2026-04-07 11:30:00+05:30,1586.699951171875,1589.0,1581.300048828125,1586.199951171875,13537,0.0,0.0,GODREJPROP.NS
2026-04-07 11:45:00+05:30,1586.199951171875,1592.199951171875,1583.0,1591.9000244140625,26825,0.0,0.0,GODREJPROP.NS
2026-04-07 12:00:00+05:30,1591.9000244140625,1597.5,1591.5,1595.0,24353,0.0,0.0,GODREJPROP.NS
2026-04-07 12:15:00+05:30,1595.4000244140625,1598.9000244140625,1592.800048828125,1597.199951171875,12897,0.0,0.0,GODREJPROP.NS
2026-04-07 12:30:00+05:30,1597.300048828125,1603.800048828125,1595.199951171875,1602.0,31431,0.0,0.0,GODREJPROP.NS
2026-04-07 12:45:00+05:30,1602.0,1602.5999755859375,1597.4000244140625,1597.4000244140625,8878,0.0,0.0,GODREJPROP.NS
2026-04-07 13:00:00+05:30,1598.5999755859375,1604.9000244140625,1597.0999755859375,1599.4000244140625,19893,0.0,0.0,GODREJPROP.NS
2026-04-07 13:15:00+05:30,1601.4000244140625,1608.0,1598.9000244140625,1600.5999755859375,28371,0.0,0.0,GODREJPROP.NS
2026-04-07 13:30:00+05:30,1600.5,1605.0999755859375,1600.5,1602.5,23006,0.0,0.0,GODREJPROP.NS
2026-04-07 13:45:00+05:30,1603.699951171875,1605.0,1598.199951171875,1604.4000244140625,17506,0.0,0.0,GODREJPROP.NS
2026-04-07 14:00:00+05:30,1606.0,1610.5,1602.300048828125,1603.199951171875,24768,0.0,0.0,GODREJPROP.NS
2026-04-07 14:15:00+05:30,1605.300048828125,1608.199951171875,1602.0,1605.699951171875,12308,0.0,0.0,GODREJPROP.NS
2026-04-07 14:30:00+05:30,1605.699951171875,1608.0,1601.5999755859375,1604.4000244140625,20196,0.0,0.0,GODREJPROP.NS
2026-04-07 14:45:00+05:30,1604.0999755859375,1606.300048828125,1602.4000244140625,1603.300048828125,13760,0.0,0.0,GODREJPROP.NS
2026-04-07 15:00:00+05:30,1603.4000244140625,1608.0,1601.800048828125,1607.0999755859375,36786,0.0,0.0,GODREJPROP.NS
2026-04-07 15:15:00+05:30,1607.800048828125,1609.0,1600.4000244140625,1600.5,67411,0.0,0.0,GODREJPROP.NS
2026-04-08 09:15:00+05:30,1700.0,1712.0,1680.4000244140625,1689.300048828125,133667,0.0,0.0,GODREJPROP.NS
2026-04-08 09:30:00+05:30,1689.5,1700.0,1688.0999755859375,1696.9000244140625,65273,0.0,0.0,GODREJPROP.NS
2026-04-08 09:45:00+05:30,1697.5,1714.9000244140625,1694.0,1707.9000244140625,220026,0.0,0.0,GODREJPROP.NS
2026-04-08 10:00:00+05:30,1707.0,1713.0,1697.199951171875,1701.5,60776,0.0,0.0,GODREJPROP.NS
2026-04-08 10:15:00+05:30,1701.0999755859375,1705.0,1696.5999755859375,1704.699951171875,57083,0.0,0.0,GODREJPROP.NS
2026-04-08 10:30:00+05:30,1704.699951171875,1710.800048828125,1703.4000244140625,1707.9000244140625,25112,0.0,0.0,GODREJPROP.NS
2026-04-08 10:45:00+05:30,1707.9000244140625,1711.300048828125,1699.5,1711.199951171875,28359,0.0,0.0,GODREJPROP.NS
2026-04-08 11:00:00+05:30,1710.9000244140625,1714.9000244140625,1707.199951171875,1713.4000244140625,22798,0.0,0.0,GODREJPROP.NS
2026-04-08 11:15:00+05:30,1714.0,1715.300048828125,1710.0999755859375,1711.0,21597,0.0,0.0,GODREJPROP.NS
2026-04-08 11:30:00+05:30,1711.0,1723.0,1708.300048828125,1712.5999755859375,72446,0.0,0.0,GODREJPROP.NS
2026-04-08 11:45:00+05:30,1712.0,1718.9000244140625,1710.5999755859375,1715.699951171875,18665,0.0,0.0,GODREJPROP.NS
2026-04-08 12:00:00+05:30,1715.199951171875,1718.199951171875,1707.5,1718.199951171875,36147,0.0,0.0,GODREJPROP.NS
2026-04-08 12:15:00+05:30,1718.5999755859375,1719.5,1710.4000244140625,1713.5,16948,0.0,0.0,GODREJPROP.NS
2026-04-08 12:30:00+05:30,1713.300048828125,1713.300048828125,1706.0999755859375,1712.0,15736,0.0,0.0,GODREJPROP.NS
2026-04-08 12:45:00+05:30,1711.800048828125,1711.800048828125,1703.5,1705.9000244140625,12863,0.0,0.0,GODREJPROP.NS
2026-04-08 13:00:00+05:30,1705.9000244140625,1705.9000244140625,1700.9000244140625,1701.0,8376,0.0,0.0,GODREJPROP.NS
2026-04-08 13:15:00+05:30,1700.9000244140625,1705.5999755859375,1695.0,1704.300048828125,29690,0.0,0.0,GODREJPROP.NS
2026-04-08 13:30:00+05:30,1704.199951171875,1705.800048828125,1700.0999755859375,1702.300048828125,10252,0.0,0.0,GODREJPROP.NS
2026-04-08 13:45:00+05:30,1701.699951171875,1707.699951171875,1701.5,1704.0999755859375,14049,0.0,0.0,GODREJPROP.NS
2026-04-08 14:00:00+05:30,1704.9000244140625,1707.5,1700.5,1706.4000244140625,34778,0.0,0.0,GODREJPROP.NS
2026-04-08 14:15:00+05:30,1707.0,1715.0,1707.0,1713.0,22554,0.0,0.0,GODREJPROP.NS
2026-04-08 14:30:00+05:30,1712.9000244140625,1712.9000244140625,1704.5,1708.0,29557,0.0,0.0,GODREJPROP.NS
2026-04-08 14:45:00+05:30,1708.0,1708.0999755859375,1703.0999755859375,1707.0,32222,0.0,0.0,GODREJPROP.NS
2026-04-08 15:00:00+05:30,1706.199951171875,1706.199951171875,1696.4000244140625,1701.0999755859375,67681,0.0,0.0,GODREJPROP.NS
2026-04-08 15:15:00+05:30,1702.5999755859375,1706.300048828125,1701.0,1704.0,84071,0.0,0.0,GODREJPROP.NS
2026-04-09 09:15:00+05:30,1701.9000244140625,1713.800048828125,1688.0999755859375,1704.5,54312,0.0,0.0,GODREJPROP.NS
2026-04-09 09:30:00+05:30,1704.0999755859375,1704.5,1686.300048828125,1687.4000244140625,69109,0.0,0.0,GODREJPROP.NS
2026-04-09 09:45:00+05:30,1687.199951171875,1689.300048828125,1670.800048828125,1677.5,52300,0.0,0.0,GODREJPROP.NS
2026-04-09 10:00:00+05:30,1675.800048828125,1687.4000244140625,1671.199951171875,1683.300048828125,40190,0.0,0.0,GODREJPROP.NS
2026-04-09 10:15:00+05:30,1683.0,1690.300048828125,1680.5,1687.5,39723,0.0,0.0,GODREJPROP.NS
2026-04-09 10:30:00+05:30,1688.199951171875,1696.9000244140625,1688.199951171875,1694.4000244140625,38387,0.0,0.0,GODREJPROP.NS
2026-04-09 10:45:00+05:30,1694.4000244140625,1700.199951171875,1694.4000244140625,1698.4000244140625,23979,0.0,0.0,GODREJPROP.NS
2026-04-09 11:00:00+05:30,1698.4000244140625,1704.9000244140625,1697.0,1702.300048828125,22792,0.0,0.0,GODREJPROP.NS
2026-04-09 11:15:00+05:30,1702.4000244140625,1704.0,1696.199951171875,1701.5999755859375,19018,0.0,0.0,GODREJPROP.NS
2026-04-09 11:30:00+05:30,1701.5,1709.0,1700.199951171875,1709.0,22882,0.0,0.0,GODREJPROP.NS
2026-04-09 11:45:00+05:30,1709.0,1713.5,1708.699951171875,1712.0999755859375,24810,0.0,0.0,GODREJPROP.NS
2026-04-09 12:00:00+05:30,1711.5999755859375,1713.9000244140625,1706.0999755859375,1707.0,12281,0.0,0.0,GODREJPROP.NS
2026-04-09 12:15:00+05:30,1707.0,1715.0,1706.5,1715.0,10690,0.0,0.0,GODREJPROP.NS
2026-04-09 12:30:00+05:30,1715.0,1717.5999755859375,1710.0,1710.4000244140625,19329,0.0,0.0,GODREJPROP.NS
2026-04-09 12:45:00+05:30,1710.5999755859375,1712.300048828125,1704.300048828125,1709.699951171875,21961,0.0,0.0,GODREJPROP.NS
2026-04-09 13:00:00+05:30,1709.800048828125,1711.699951171875,1705.5999755859375,1708.4000244140625,13792,0.0,0.0,GODREJPROP.NS
2026-04-09 13:15:00+05:30,1707.800048828125,1708.0,1700.0999755859375,1703.199951171875,15270,0.0,0.0,GODREJPROP.NS
2026-04-09 13:30:00+05:30,1703.199951171875,1707.0,1695.199951171875,1695.9000244140625,20772,0.0,0.0,GODREJPROP.NS
2026-04-09 13:45:00+05:30,1694.300048828125,1698.199951171875,1691.0,1697.300048828125,19930,0.0,0.0,GODREJPROP.NS
2026-04-09 14:00:00+05:30,1697.300048828125,1701.699951171875,1696.5999755859375,1697.5,29213,0.0,0.0,GODREJPROP.NS
2026-04-09 14:15:00+05:30,1697.5,1700.800048828125,1691.5,1692.0,40344,0.0,0.0,GODREJPROP.NS
2026-04-09 14:30:00+05:30,1692.5999755859375,1694.0999755859375,1687.800048828125,1693.199951171875,11172,0.0,0.0,GODREJPROP.NS
2026-04-09 14:45:00+05:30,1693.0,1698.0999755859375,1693.0,1694.0999755859375,10877,0.0,0.0,GODREJPROP.NS
2026-04-09 15:00:00+05:30,1695.0,1700.199951171875,1688.0,1698.0,47722,0.0,0.0,GODREJPROP.NS
2026-04-09 15:15:00+05:30,1698.0,1699.199951171875,1688.5999755859375,1691.9000244140625,51965,0.0,0.0,GODREJPROP.NS
2026-04-10 09:15:00+05:30,1732.699951171875,1742.5999755859375,1706.800048828125,1715.0,193313,0.0,0.0,GODREJPROP.NS
2026-04-10 09:30:00+05:30,1713.5999755859375,1741.9000244140625,1713.5999755859375,1736.9000244140625,226485,0.0,0.0,GODREJPROP.NS
2026-04-10 09:45:00+05:30,1737.0,1745.0999755859375,1733.0,1741.199951171875,137317,0.0,0.0,GODREJPROP.NS
2026-04-10 10:00:00+05:30,1741.5999755859375,1742.5999755859375,1720.0,1733.0999755859375,154664,0.0,0.0,GODREJPROP.NS
2026-04-10 10:15:00+05:30,1733.5,1740.699951171875,1730.0999755859375,1740.199951171875,56986,0.0,0.0,GODREJPROP.NS
2026-04-10 10:30:00+05:30,1741.0999755859375,1745.0,1735.0,1742.0,85408,0.0,0.0,GODREJPROP.NS
2026-04-10 10:45:00+05:30,1740.800048828125,1747.699951171875,1736.0,1747.300048828125,61878,0.0,0.0,GODREJPROP.NS
2026-04-10 11:00:00+05:30,1748.0,1751.0,1741.0999755859375,1745.699951171875,169826,0.0,0.0,GODREJPROP.NS
2026-04-10 11:15:00+05:30,1745.699951171875,1747.0,1740.0,1740.0,25819,0.0,0.0,GODREJPROP.NS
2026-04-10 11:30:00+05:30,1740.0,1741.0,1732.4000244140625,1735.199951171875,59893,0.0,0.0,GODREJPROP.NS
2026-04-10 11:45:00+05:30,1735.199951171875,1736.0,1722.0,1727.699951171875,54730,0.0,0.0,GODREJPROP.NS
2026-04-10 12:00:00+05:30,1727.300048828125,1730.0999755859375,1722.699951171875,1723.9000244140625,32134,0.0,0.0,GODREJPROP.NS
2026-04-10 12:15:00+05:30,1723.5999755859375,1724.9000244140625,1717.800048828125,1724.800048828125,71697,0.0,0.0,GODREJPROP.NS
2026-04-10 12:30:00+05:30,1724.800048828125,1726.300048828125,1718.699951171875,1719.4000244140625,26438,0.0,0.0,GODREJPROP.NS
2026-04-10 12:45:00+05:30,1719.0,1724.5,1716.800048828125,1719.0999755859375,29637,0.0,0.0,GODREJPROP.NS
2026-04-10 13:00:00+05:30,1718.5999755859375,1721.800048828125,1718.0,1721.800048828125,31745,0.0,0.0,GODREJPROP.NS
2026-04-10 13:15:00+05:30,1721.699951171875,1724.5999755859375,1720.0999755859375,1723.5999755859375,27736,0.0,0.0,GODREJPROP.NS
2026-04-10 13:30:00+05:30,1723.0999755859375,1724.9000244140625,1721.300048828125,1723.4000244140625,16761,0.0,0.0,GODREJPROP.NS
2026-04-10 13:45:00+05:30,1723.0,1723.0,1712.5999755859375,1718.0,94600,0.0,0.0,GODREJPROP.NS
2026-04-10 14:00:00+05:30,1718.0,1719.0,1715.0,1716.5999755859375,23743,0.0,0.0,GODREJPROP.NS
2026-04-10 14:15:00+05:30,1716.0,1718.9000244140625,1705.5999755859375,1710.300048828125,63371,0.0,0.0,GODREJPROP.NS
2026-04-10 14:30:00+05:30,1710.0999755859375,1712.5,1707.0,1707.5999755859375,61510,0.0,0.0,GODREJPROP.NS
2026-04-10 14:45:00+05:30,1707.5,1712.5999755859375,1707.300048828125,1712.4000244140625,64143,0.0,0.0,GODREJPROP.NS
2026-04-10 15:00:00+05:30,1712.300048828125,1715.699951171875,1710.0,1715.0,97068,0.0,0.0,GODREJPROP.NS
2026-04-10 15:15:00+05:30,1715.9000244140625,1725.5,1715.5999755859375,1724.0,119543,0.0,0.0,GODREJPROP.NS
2026-04-13 09:15:00+05:30,1693.9000244140625,1693.9000244140625,1641.800048828125,1685.699951171875,50507,0.0,0.0,GODREJPROP.NS
2026-04-13 09:30:00+05:30,1685.0,1688.4000244140625,1662.9000244140625,1666.4000244140625,51200,0.0,0.0,GODREJPROP.NS
2026-04-13 09:45:00+05:30,1666.4000244140625,1679.4000244140625,1666.0,1679.199951171875,30906,0.0,0.0,GODREJPROP.NS
2026-04-13 10:00:00+05:30,1679.4000244140625,1683.5999755859375,1676.0999755859375,1677.4000244140625,45819,0.0,0.0,GODREJPROP.NS
2026-04-13 10:15:00+05:30,1677.0,1690.800048828125,1672.9000244140625,1689.199951171875,37686,0.0,0.0,GODREJPROP.NS
2026-04-13 10:30:00+05:30,1689.9000244140625,1692.800048828125,1682.4000244140625,1690.9000244140625,67737,0.0,0.0,GODREJPROP.NS
2026-04-13 10:45:00+05:30,1690.0,1705.9000244140625,1690.0,1702.9000244140625,45324,0.0,0.0,GODREJPROP.NS
2026-04-13 11:00:00+05:30,1702.5,1704.9000244140625,1701.0,1702.300048828125,31123,0.0,0.0,GODREJPROP.NS
2026-04-13 11:15:00+05:30,1702.0,1709.5,1702.0,1706.4000244140625,43885,0.0,0.0,GODREJPROP.NS
2026-04-13 11:30:00+05:30,1706.4000244140625,1708.0,1704.0999755859375,1706.4000244140625,13445,0.0,0.0,GODREJPROP.NS
2026-04-13 11:45:00+05:30,1706.0999755859375,1711.9000244140625,1706.0999755859375,1709.0,20364,0.0,0.0,GODREJPROP.NS
2026-04-13 12:00:00+05:30,1709.0,1713.0,1708.5,1710.5,12418,0.0,0.0,GODREJPROP.NS
2026-04-13 12:15:00+05:30,1710.699951171875,1714.800048828125,1708.800048828125,1714.800048828125,14105,0.0,0.0,GODREJPROP.NS
2026-04-13 12:30:00+05:30,1715.0,1716.5,1713.199951171875,1716.4000244140625,12251,0.0,0.0,GODREJPROP.NS
2026-04-13 12:45:00+05:30,1716.300048828125,1717.5,1710.300048828125,1717.4000244140625,14093,0.0,0.0,GODREJPROP.NS
2026-04-13 13:00:00+05:30,1717.0999755859375,1718.300048828125,1708.699951171875,1718.300048828125,20773,0.0,0.0,GODREJPROP.NS
2026-04-13 13:15:00+05:30,1718.4000244140625,1719.9000244140625,1712.4000244140625,1714.0999755859375,50577,0.0,0.0,GODREJPROP.NS
2026-04-13 13:30:00+05:30,1714.9000244140625,1717.800048828125,1714.199951171875,1716.5999755859375,17610,0.0,0.0,GODREJPROP.NS
2026-04-13 13:45:00+05:30,1716.4000244140625,1718.5,1714.199951171875,1717.699951171875,18723,0.0,0.0,GODREJPROP.NS
2026-04-13 14:00:00+05:30,1717.699951171875,1721.300048828125,1714.0999755859375,1718.5999755859375,54328,0.0,0.0,GODREJPROP.NS
2026-04-13 14:15:00+05:30,1718.699951171875,1722.800048828125,1717.0,1722.5,11555,0.0,0.0,GODREJPROP.NS
2026-04-13 14:30:00+05:30,1721.699951171875,1721.800048828125,1711.0999755859375,1713.5999755859375,21251,0.0,0.0,GODREJPROP.NS
2026-04-13 14:45:00+05:30,1713.5999755859375,1715.699951171875,1712.4000244140625,1714.0,19064,0.0,0.0,GODREJPROP.NS
2026-04-13 15:00:00+05:30,1709.800048828125,1709.800048828125,1702.9000244140625,1709.5,59372,0.0,0.0,GODREJPROP.NS
2026-04-13 15:15:00+05:30,1709.5,1710.800048828125,1700.0,1706.800048828125,58625,0.0,0.0,GODREJPROP.NS
2026-04-15 09:15:00+05:30,1736.800048828125,1752.0,1728.800048828125,1732.9000244140625,84632,0.0,0.0,GODREJPROP.NS
2026-04-15 09:30:00+05:30,1731.0999755859375,1742.0,1730.4000244140625,1739.0,44885,0.0,0.0,GODREJPROP.NS
2026-04-15 09:45:00+05:30,1739.0,1740.0,1730.5999755859375,1739.5,21894,0.0,0.0,GODREJPROP.NS
2026-04-15 10:00:00+05:30,1739.5,1740.199951171875,1728.5999755859375,1732.800048828125,18309,0.0,0.0,GODREJPROP.NS
2026-04-15 10:15:00+05:30,1732.800048828125,1735.5,1731.300048828125,1734.5,9165,0.0,0.0,GODREJPROP.NS
2026-04-15 10:30:00+05:30,1734.5,1736.4000244140625,1730.0999755859375,1735.0,11889,0.0,0.0,GODREJPROP.NS
2026-04-15 10:45:00+05:30,1734.5999755859375,1738.699951171875,1730.5999755859375,1731.699951171875,10832,0.0,0.0,GODREJPROP.NS
2026-04-15 11:00:00+05:30,1731.800048828125,1734.4000244140625,1730.0,1730.699951171875,13982,0.0,0.0,GODREJPROP.NS
2026-04-15 11:15:00+05:30,1730.699951171875,1736.0,1730.0999755859375,1734.0,7473,0.0,0.0,GODREJPROP.NS
2026-04-15 11:30:00+05:30,1734.0,1738.0,1734.0,1736.0,10542,0.0,0.0,GODREJPROP.NS
2026-04-15 11:45:00+05:30,1736.0,1737.0,1732.0999755859375,1733.300048828125,17667,0.0,0.0,GODREJPROP.NS
2026-04-15 12:00:00+05:30,1732.9000244140625,1736.9000244140625,1732.5,1736.300048828125,39425,0.0,0.0,GODREJPROP.NS
2026-04-15 12:15:00+05:30,1734.800048828125,1738.0,1734.300048828125,1736.9000244140625,18793,0.0,0.0,GODREJPROP.NS
2026-04-15 12:30:00+05:30,1736.5999755859375,1739.5999755859375,1729.0999755859375,1730.9000244140625,22088,0.0,0.0,GODREJPROP.NS
2026-04-15 12:45:00+05:30,1730.9000244140625,1737.0999755859375,1729.199951171875,1732.0,36834,0.0,0.0,GODREJPROP.NS
2026-04-15 13:00:00+05:30,1732.0,1735.4000244140625,1729.800048828125,1730.4000244140625,21303,0.0,0.0,GODREJPROP.NS
2026-04-15 13:15:00+05:30,1731.199951171875,1732.0,1720.300048828125,1721.199951171875,64724,0.0,0.0,GODREJPROP.NS
2026-04-15 13:30:00+05:30,1720.9000244140625,1729.4000244140625,1720.4000244140625,1722.699951171875,61094,0.0,0.0,GODREJPROP.NS
2026-04-15 13:45:00+05:30,1722.699951171875,1725.199951171875,1720.0999755859375,1724.699951171875,116563,0.0,0.0,GODREJPROP.NS
2026-04-15 14:00:00+05:30,1724.699951171875,1728.800048828125,1724.699951171875,1726.4000244140625,28048,0.0,0.0,GODREJPROP.NS
2026-04-15 14:15:00+05:30,1726.5,1726.5,1720.800048828125,1724.699951171875,25582,0.0,0.0,GODREJPROP.NS
2026-04-15 14:30:00+05:30,1724.800048828125,1728.5,1722.199951171875,1728.0,18071,0.0,0.0,GODREJPROP.NS
2026-04-15 14:45:00+05:30,1728.199951171875,1734.5999755859375,1725.199951171875,1733.9000244140625,25033,0.0,0.0,GODREJPROP.NS
2026-04-15 15:00:00+05:30,1733.0999755859375,1742.0,1730.9000244140625,1739.9000244140625,68129,0.0,0.0,GODREJPROP.NS
2026-04-15 15:15:00+05:30,1739.5999755859375,1744.9000244140625,1735.0,1739.9000244140625,85265,0.0,0.0,GODREJPROP.NS
2026-04-16 09:15:00+05:30,1750.0,1777.4000244140625,1750.0,1757.0,46286,0.0,0.0,GODREJPROP.NS
2026-04-16 09:30:00+05:30,1757.0999755859375,1759.4000244140625,1734.4000244140625,1734.5999755859375,83569,0.0,0.0,GODREJPROP.NS
2026-04-16 09:45:00+05:30,1735.199951171875,1737.5999755859375,1730.0999755859375,1732.9000244140625,42461,0.0,0.0,GODREJPROP.NS
2026-04-16 10:00:00+05:30,1732.5,1748.0,1732.199951171875,1744.5,72781,0.0,0.0,GODREJPROP.NS
2026-04-16 10:15:00+05:30,1744.9000244140625,1748.5,1740.0999755859375,1743.5999755859375,31935,0.0,0.0,GODREJPROP.NS
2026-04-16 10:30:00+05:30,1743.5999755859375,1751.300048828125,1743.5999755859375,1748.4000244140625,21607,0.0,0.0,GODREJPROP.NS
2026-04-16 10:45:00+05:30,1748.4000244140625,1749.699951171875,1735.4000244140625,1739.5,44599,0.0,0.0,GODREJPROP.NS
2026-04-16 11:00:00+05:30,1739.199951171875,1740.0,1737.199951171875,1740.0,23174,0.0,0.0,GODREJPROP.NS
2026-04-16 11:15:00+05:30,1740.0,1744.199951171875,1738.0,1743.5,60923,0.0,0.0,GODREJPROP.NS
2026-04-16 11:30:00+05:30,1743.5,1744.800048828125,1738.4000244140625,1738.800048828125,13751,0.0,0.0,GODREJPROP.NS
2026-04-16 11:45:00+05:30,1739.699951171875,1739.699951171875,1731.5999755859375,1733.0,36525,0.0,0.0,GODREJPROP.NS
2026-04-16 12:00:00+05:30,1732.699951171875,1733.800048828125,1726.0,1732.5,24957,0.0,0.0,GODREJPROP.NS
2026-04-16 12:15:00+05:30,1732.9000244140625,1736.9000244140625,1731.5,1736.5999755859375,14778,0.0,0.0,GODREJPROP.NS
2026-04-16 12:30:00+05:30,1736.300048828125,1738.0,1731.0,1734.199951171875,18458,0.0,0.0,GODREJPROP.NS
2026-04-16 12:45:00+05:30,1733.9000244140625,1742.0,1733.199951171875,1739.9000244140625,22224,0.0,0.0,GODREJPROP.NS
2026-04-16 13:00:00+05:30,1739.9000244140625,1740.800048828125,1734.0,1737.0999755859375,16263,0.0,0.0,GODREJPROP.NS
2026-04-16 13:15:00+05:30,1737.0,1740.699951171875,1735.300048828125,1739.9000244140625,22850,0.0,0.0,GODREJPROP.NS
2026-04-16 13:30:00+05:30,1740.0999755859375,1742.5999755859375,1738.0999755859375,1742.199951171875,17963,0.0,0.0,GODREJPROP.NS
2026-04-16 13:45:00+05:30,1742.199951171875,1750.0,1742.199951171875,1749.0,54141,0.0,0.0,GODREJPROP.NS
2026-04-16 14:00:00+05:30,1749.199951171875,1751.9000244140625,1742.199951171875,1747.4000244140625,37586,0.0,0.0,GODREJPROP.NS
2026-04-16 14:15:00+05:30,1747.300048828125,1748.5999755859375,1744.699951171875,1748.0999755859375,17806,0.0,0.0,GODREJPROP.NS
2026-04-16 14:30:00+05:30,1748.5999755859375,1750.4000244140625,1746.5,1749.5999755859375,27946,0.0,0.0,GODREJPROP.NS
2026-04-16 14:45:00+05:30,1749.800048828125,1753.5,1748.5999755859375,1752.0,32019,0.0,0.0,GODREJPROP.NS
2026-04-16 15:00:00+05:30,1752.5,1752.9000244140625,1738.9000244140625,1749.4000244140625,59402,0.0,0.0,GODREJPROP.NS
2026-04-16 15:15:00+05:30,1749.0,1752.0,1746.0,1747.4000244140625,48809,0.0,0.0,GODREJPROP.NS
2026-04-17 09:15:00+05:30,1747.300048828125,1761.0,1744.699951171875,1748.0,26794,0.0,0.0,GODREJPROP.NS
2026-04-17 09:30:00+05:30,1749.9000244140625,1749.9000244140625,1734.5,1736.699951171875,67529,0.0,0.0,GODREJPROP.NS
2026-04-17 09:45:00+05:30,1739.199951171875,1753.0,1737.5999755859375,1752.800048828125,32530,0.0,0.0,GODREJPROP.NS
2026-04-17 10:00:00+05:30,1751.699951171875,1764.0,1744.199951171875,1757.9000244140625,38892,0.0,0.0,GODREJPROP.NS
2026-04-17 10:15:00+05:30,1758.0,1759.9000244140625,1754.0,1759.199951171875,24535,0.0,0.0,GODREJPROP.NS
2026-04-17 10:30:00+05:30,1759.199951171875,1762.0,1748.9000244140625,1753.300048828125,33069,0.0,0.0,GODREJPROP.NS
2026-04-17 10:45:00+05:30,1753.300048828125,1754.5,1749.5,1749.699951171875,7887,0.0,0.0,GODREJPROP.NS
2026-04-17 11:00:00+05:30,1749.699951171875,1757.5999755859375,1747.5999755859375,1751.4000244140625,12154,0.0,0.0,GODREJPROP.NS
2026-04-17 11:15:00+05:30,1752.0,1755.0,1751.0,1752.300048828125,8680,0.0,0.0,GODREJPROP.NS
2026-04-17 11:30:00+05:30,1753.0999755859375,1754.0,1750.0,1753.699951171875,4818,0.0,0.0,GODREJPROP.NS
2026-04-17 11:45:00+05:30,1753.5,1759.4000244140625,1752.5,1755.0999755859375,48790,0.0,0.0,GODREJPROP.NS
2026-04-17 12:00:00+05:30,1754.699951171875,1754.9000244140625,1750.199951171875,1754.0,10795,0.0,0.0,GODREJPROP.NS
2026-04-17 12:15:00+05:30,1753.9000244140625,1755.0,1752.300048828125,1753.9000244140625,5199,0.0,0.0,GODREJPROP.NS
2026-04-17 12:30:00+05:30,1754.0,1754.5,1751.0,1752.0,5829,0.0,0.0,GODREJPROP.NS
2026-04-17 12:45:00+05:30,1751.4000244140625,1754.0999755859375,1750.0,1751.300048828125,5497,0.0,0.0,GODREJPROP.NS
2026-04-17 13:00:00+05:30,1752.699951171875,1755.300048828125,1750.800048828125,1752.300048828125,7197,0.0,0.0,GODREJPROP.NS
2026-04-17 13:15:00+05:30,1751.5,1756.4000244140625,1751.5,1756.0,5767,0.0,0.0,GODREJPROP.NS
2026-04-17 13:30:00+05:30,1756.4000244140625,1757.800048828125,1753.4000244140625,1756.0999755859375,10290,0.0,0.0,GODREJPROP.NS
2026-04-17 13:45:00+05:30,1756.0999755859375,1757.9000244140625,1754.4000244140625,1757.699951171875,13054,0.0,0.0,GODREJPROP.NS
2026-04-17 14:00:00+05:30,1756.800048828125,1764.9000244140625,1756.800048828125,1758.800048828125,27202,0.0,0.0,GODREJPROP.NS
2026-04-17 14:15:00+05:30,1759.300048828125,1759.699951171875,1757.300048828125,1758.5999755859375,8885,0.0,0.0,GODREJPROP.NS
2026-04-17 14:30:00+05:30,1758.9000244140625,1768.4000244140625,1757.199951171875,1768.0,24737,0.0,0.0,GODREJPROP.NS
2026-04-17 14:45:00+05:30,1768.0,1769.0,1760.300048828125,1761.0999755859375,36133,0.0,0.0,GODREJPROP.NS
2026-04-17 15:00:00+05:30,1761.800048828125,1761.800048828125,1752.5999755859375,1758.5,67708,0.0,0.0,GODREJPROP.NS
2026-04-17 15:15:00+05:30,1759.4000244140625,1762.699951171875,1755.800048828125,1758.800048828125,98730,0.0,0.0,GODREJPROP.NS
2026-04-20 09:15:00+05:30,1759.5,1774.5,1733.5,1758.4000244140625,88501,0.0,0.0,GODREJPROP.NS
2026-04-20 09:30:00+05:30,1757.5999755859375,1757.5999755859375,1738.0999755859375,1739.199951171875,58298,0.0,0.0,GODREJPROP.NS
2026-04-20 09:45:00+05:30,1739.199951171875,1743.300048828125,1731.5999755859375,1742.0,39068,0.0,0.0,GODREJPROP.NS
2026-04-20 10:00:00+05:30,1742.9000244140625,1746.4000244140625,1740.0,1745.699951171875,21771,0.0,0.0,GODREJPROP.NS
2026-04-20 15:00:00+05:30,1758.800048828125,1764.0,1758.800048828125,1762.0,413536,0.0,0.0,GODREJPROP.NS
2026-04-20 15:15:00+05:30,1762.0,1762.0,1752.199951171875,1753.0,55301,0.0,0.0,GODREJPROP.NS
2026-04-21 09:15:00+05:30,1781.0999755859375,1809.5,1777.300048828125,1802.0,150669,0.0,0.0,GODREJPROP.NS
2026-04-21 09:30:00+05:30,1801.199951171875,1805.800048828125,1794.0,1798.199951171875,116631,0.0,0.0,GODREJPROP.NS
2026-04-21 09:45:00+05:30,1798.0,1804.199951171875,1791.199951171875,1797.5999755859375,64507,0.0,0.0,GODREJPROP.NS
2026-04-21 10:00:00+05:30,1797.5999755859375,1814.300048828125,1797.5999755859375,1804.699951171875,98219,0.0,0.0,GODREJPROP.NS
2026-04-21 10:15:00+05:30,1804.0,1813.699951171875,1801.0,1811.4000244140625,102378,0.0,0.0,GODREJPROP.NS
2026-04-21 10:30:00+05:30,1810.5999755859373,1834.800048828125,1810.300048828125,1833.0999755859373,139886,0.0,0.0,GODREJPROP.NS
2026-04-21 10:45:00+05:30,1832.300048828125,1836.9000244140625,1825.4000244140625,1828.300048828125,137179,0.0,0.0,GODREJPROP.NS
2026-04-21 11:00:00+05:30,1826.300048828125,1829.5,1825.5,1826.5,39558,0.0,0.0,GODREJPROP.NS
2026-04-21 11:15:00+05:30,1827.199951171875,1828.0,1820.5,1820.5,42111,0.0,0.0,GODREJPROP.NS
2026-04-21 11:30:00+05:30,1820.5,1823.800048828125,1816.199951171875,1822.9000244140625,64819,0.0,0.0,GODREJPROP.NS
2026-04-21 11:45:00+05:30,1822.9000244140625,1824.4000244140625,1817.199951171875,1820.0,23194,0.0,0.0,GODREJPROP.NS
2026-04-21 12:00:00+05:30,1820.0999755859373,1820.0999755859373,1759.699951171875,1818.0,19755,0.0,0.0,GODREJPROP.NS
2026-04-21 12:15:00+05:30,1817.9000244140625,1819.800048828125,1816.0999755859373,1818.9000244140625,11132,0.0,0.0,GODREJPROP.NS
2026-04-21 12:30:00+05:30,1818.9000244140625,1820.5,1817.300048828125,1818.4000244140625,21273,0.0,0.0,GODREJPROP.NS
2026-04-21 12:45:00+05:30,1816.0,1818.0,1813.199951171875,1817.5,24298,0.0,0.0,GODREJPROP.NS
2026-04-21 13:00:00+05:30,1817.9000244140625,1819.9000244140625,1812.4000244140625,1819.800048828125,28452,0.0,0.0,GODREJPROP.NS
2026-04-21 13:15:00+05:30,1819.800048828125,1822.5999755859373,1818.0,1820.699951171875,39994,0.0,0.0,GODREJPROP.NS
2026-04-21 13:30:00+05:30,1820.699951171875,1824.4000244140625,1810.0,1816.300048828125,60150,0.0,0.0,GODREJPROP.NS
2026-04-21 13:45:00+05:30,1816.300048828125,1818.699951171875,1812.800048828125,1814.0999755859373,22770,0.0,0.0,GODREJPROP.NS
2026-04-21 14:00:00+05:30,1814.0999755859373,1814.699951171875,1805.0999755859373,1805.0999755859373,47288,0.0,0.0,GODREJPROP.NS
2026-04-21 14:15:00+05:30,1805.5999755859373,1807.0,1801.0,1802.699951171875,44585,0.0,0.0,GODREJPROP.NS
2026-04-21 14:30:00+05:30,1802.699951171875,1807.9000244140625,1800.0999755859375,1806.0,28442,0.0,0.0,GODREJPROP.NS
2026-04-21 14:45:00+05:30,1806.4000244140625,1810.0,1803.199951171875,1808.5999755859373,37725,0.0,0.0,GODREJPROP.NS
2026-04-21 15:00:00+05:30,1808.4000244140625,1809.800048828125,1806.699951171875,1808.699951171875,38177,0.0,0.0,GODREJPROP.NS
2026-04-21 15:15:00+05:30,1808.4000244140625,1808.4000244140625,1796.9000244140625,1805.0,74626,0.0,0.0,GODREJPROP.NS
2026-04-22 09:15:00+05:30,1808.300048828125,1812.4000244140625,1796.5999755859375,1797.300048828125,47232,0.0,0.0,GODREJPROP.NS
2026-04-22 09:30:00+05:30,1797.300048828125,1811.699951171875,1796.0,1807.300048828125,62046,0.0,0.0,GODREJPROP.NS
2026-04-22 09:45:00+05:30,1807.9000244140625,1811.9000244140625,1805.0,1805.800048828125,45329,0.0,0.0,GODREJPROP.NS
2026-04-22 10:00:00+05:30,1805.800048828125,1808.699951171875,1800.199951171875,1802.0,29636,0.0,0.0,GODREJPROP.NS
2026-04-22 10:15:00+05:30,1803.0999755859373,1808.300048828125,1800.699951171875,1807.800048828125,26557,0.0,0.0,GODREJPROP.NS
2026-04-22 10:30:00+05:30,1806.800048828125,1816.9000244140625,1804.800048828125,1811.199951171875,46526,0.0,0.0,GODREJPROP.NS
2026-04-22 10:45:00+05:30,1810.9000244140625,1814.4000244140625,1807.199951171875,1810.0999755859373,25181,0.0,0.0,GODREJPROP.NS
2026-04-22 11:00:00+05:30,1810.699951171875,1812.199951171875,1806.300048828125,1810.5999755859373,21974,0.0,0.0,GODREJPROP.NS
2026-04-22 11:15:00+05:30,1810.699951171875,1817.4000244140625,1807.5999755859373,1817.199951171875,31776,0.0,0.0,GODREJPROP.NS
2026-04-22 11:30:00+05:30,1817.199951171875,1825.9000244140625,1815.5,1823.0,48177,0.0,0.0,GODREJPROP.NS
2026-04-22 11:45:00+05:30,1823.0999755859373,1823.0999755859373,1819.199951171875,1821.199951171875,18814,0.0,0.0,GODREJPROP.NS
2026-04-22 12:00:00+05:30,1821.5,1824.0,1820.4000244140625,1821.9000244140625,13191,0.0,0.0,GODREJPROP.NS
2026-04-22 12:15:00+05:30,1821.5,1828.9000244140625,1821.5,1824.5,23924,0.0,0.0,GODREJPROP.NS
2026-04-22 12:30:00+05:30,1825.4000244140625,1832.0,1823.0,1823.5,38807,0.0,0.0,GODREJPROP.NS
2026-04-22 12:45:00+05:30,1824.5999755859373,1827.0999755859373,1821.300048828125,1825.5,62438,0.0,0.0,GODREJPROP.NS
2026-04-22 13:00:00+05:30,1825.5,1827.9000244140625,1823.5999755859373,1826.5,9867,0.0,0.0,GODREJPROP.NS
2026-04-22 13:15:00+05:30,1825.9000244140625,1832.0,1821.0,1829.4000244140625,47644,0.0,0.0,GODREJPROP.NS
2026-04-22 13:30:00+05:30,1829.199951171875,1829.5,1827.5999755859373,1829.5,9152,0.0,0.0,GODREJPROP.NS
2026-04-22 13:45:00+05:30,1829.699951171875,1829.699951171875,1826.199951171875,1828.5,19589,0.0,0.0,GODREJPROP.NS
2026-04-22 14:00:00+05:30,1828.199951171875,1837.800048828125,1826.5,1836.0999755859373,78897,0.0,0.0,GODREJPROP.NS
2026-04-22 14:15:00+05:30,1836.0999755859373,1837.0,1831.5999755859373,1834.5,73195,0.0,0.0,GODREJPROP.NS
2026-04-22 14:30:00+05:30,1836.699951171875,1842.800048828125,1833.9000244140625,1835.199951171875,83690,0.0,0.0,GODREJPROP.NS
2026-04-22 14:45:00+05:30,1833.800048828125,1838.300048828125,1833.4000244140625,1835.9000244140625,14565,0.0,0.0,GODREJPROP.NS
2026-04-22 15:00:00+05:30,1832.300048828125,1832.9000244140625,1827.0,1832.199951171875,50324,0.0,0.0,GODREJPROP.NS
2026-04-22 15:15:00+05:30,1832.4000244140625,1844.0,1824.4000244140625,1844.0,101372,0.0,0.0,GODREJPROP.NS
2026-04-23 09:15:00+05:30,1829.0999755859373,1833.0999755859373,1804.9000244140625,1825.5,34618,0.0,0.0,GODREJPROP.NS
2026-04-23 09:30:00+05:30,1822.4000244140625,1826.4000244140625,1818.0,1823.0,38832,0.0,0.0,GODREJPROP.NS
2026-04-23 09:45:00+05:30,1823.0,1828.800048828125,1822.0,1823.0999755859373,32355,0.0,0.0,GODREJPROP.NS
2026-04-23 10:00:00+05:30,1822.699951171875,1826.0,1818.300048828125,1823.0999755859373,23951,0.0,0.0,GODREJPROP.NS
2026-04-23 10:15:00+05:30,1822.300048828125,1822.5,1819.4000244140625,1821.199951171875,10861,0.0,0.0,GODREJPROP.NS
2026-04-23 10:30:00+05:30,1820.4000244140625,1821.0,1808.5,1808.5,25421,0.0,0.0,GODREJPROP.NS
2026-04-23 10:45:00+05:30,1808.9000244140625,1813.199951171875,1801.0,1805.9000244140625,41445,0.0,0.0,GODREJPROP.NS
2026-04-23 11:00:00+05:30,1805.0,1807.800048828125,1802.0,1804.800048828125,47461,0.0,0.0,GODREJPROP.NS
2026-04-23 11:15:00+05:30,1804.800048828125,1813.5999755859373,1802.5999755859373,1812.300048828125,17852,0.0,0.0,GODREJPROP.NS
2026-04-23 11:30:00+05:30,1812.4000244140625,1814.199951171875,1809.300048828125,1811.0,37689,0.0,0.0,GODREJPROP.NS
2026-04-23 11:45:00+05:30,1811.199951171875,1822.5999755859373,1810.0999755859373,1822.4000244140625,63736,0.0,0.0,GODREJPROP.NS
2026-04-23 12:00:00+05:30,1820.5,1827.0999755859373,1818.800048828125,1826.4000244140625,22405,0.0,0.0,GODREJPROP.NS
2026-04-23 12:15:00+05:30,1826.199951171875,1830.0,1820.4000244140625,1822.0,17231,0.0,0.0,GODREJPROP.NS
2026-04-23 12:30:00+05:30,1822.5,1822.5,1816.9000244140625,1817.5999755859373,15000,0.0,0.0,GODREJPROP.NS
2026-04-23 12:45:00+05:30,1817.9000244140625,1818.300048828125,1814.4000244140625,1814.699951171875,10497,0.0,0.0,GODREJPROP.NS
2026-04-23 13:00:00+05:30,1815.0999755859373,1816.800048828125,1810.5,1814.4000244140625,9704,0.0,0.0,GODREJPROP.NS
2026-04-23 13:15:00+05:30,1814.5,1820.800048828125,1812.300048828125,1820.699951171875,5183,0.0,0.0,GODREJPROP.NS
2026-04-23 13:30:00+05:30,1820.5,1821.699951171875,1810.0999755859373,1811.5,9500,0.0,0.0,GODREJPROP.NS
2026-04-23 13:45:00+05:30,1810.300048828125,1815.0,1809.4000244140625,1814.0999755859373,11854,0.0,0.0,GODREJPROP.NS
2026-04-23 14:00:00+05:30,1812.699951171875,1813.0999755859373,1805.5,1805.800048828125,7315,0.0,0.0,GODREJPROP.NS
2026-04-23 14:15:00+05:30,1806.199951171875,1807.800048828125,1798.0,1798.199951171875,21599,0.0,0.0,GODREJPROP.NS
2026-04-23 14:30:00+05:30,1799.0,1799.5999755859375,1780.4000244140625,1780.5,58442,0.0,0.0,GODREJPROP.NS
2026-04-23 14:45:00+05:30,1781.300048828125,1789.9000244140625,1780.5999755859375,1789.0,19574,0.0,0.0,GODREJPROP.NS
2026-04-23 15:00:00+05:30,1789.300048828125,1798.5,1788.5999755859375,1788.5999755859375,40392,0.0,0.0,GODREJPROP.NS
2026-04-23 15:15:00+05:30,1788.9000244140625,1794.699951171875,1786.0,1791.0,52368,0.0,0.0,GODREJPROP.NS
2026-04-24 09:15:00+05:30,1799.699951171875,1832.0,1799.699951171875,1815.0999755859373,85077,0.0,0.0,GODREJPROP.NS
2026-04-24 09:30:00+05:30,1814.0999755859373,1824.0,1797.5,1802.5,112743,0.0,0.0,GODREJPROP.NS
2026-04-24 09:45:00+05:30,1801.4000244140625,1812.0,1798.5,1804.0,46341,0.0,0.0,GODREJPROP.NS
2026-04-24 10:00:00+05:30,1804.800048828125,1811.0,1804.0999755859373,1804.5,32061,0.0,0.0,GODREJPROP.NS
2026-04-24 10:15:00+05:30,1803.699951171875,1804.199951171875,1791.9000244140625,1793.5999755859375,33644,0.0,0.0,GODREJPROP.NS
2026-04-24 10:30:00+05:30,1792.5,1793.0999755859375,1789.0,1789.199951171875,20925,0.0,0.0,GODREJPROP.NS
2026-04-24 10:45:00+05:30,1788.9000244140625,1792.800048828125,1784.0999755859375,1786.0999755859375,24217,0.0,0.0,GODREJPROP.NS
2026-04-24 11:00:00+05:30,1785.699951171875,1785.699951171875,1781.699951171875,1783.199951171875,15718,0.0,0.0,GODREJPROP.NS
2026-04-24 11:15:00+05:30,1783.199951171875,1786.5999755859375,1780.300048828125,1783.5999755859375,17236,0.0,0.0,GODREJPROP.NS
2026-04-24 11:30:00+05:30,1784.4000244140625,1789.5999755859375,1784.4000244140625,1785.9000244140625,9494,0.0,0.0,GODREJPROP.NS
2026-04-24 11:45:00+05:30,1786.5999755859375,1787.0,1774.699951171875,1778.0999755859375,44368,0.0,0.0,GODREJPROP.NS
2026-04-24 12:00:00+05:30,1778.0999755859375,1778.5999755859375,1774.199951171875,1778.5999755859375,15941,0.0,0.0,GODREJPROP.NS
2026-04-24 12:15:00+05:30,1778.800048828125,1778.800048828125,1770.4000244140625,1772.699951171875,12373,0.0,0.0,GODREJPROP.NS
2026-04-24 12:30:00+05:30,1771.800048828125,1778.0,1771.5999755859375,1773.4000244140625,12334,0.0,0.0,GODREJPROP.NS
2026-04-24 12:45:00+05:30,1773.5,1779.0,1773.0999755859375,1777.699951171875,8869,0.0,0.0,GODREJPROP.NS
2026-04-24 13:00:00+05:30,1777.0,1777.5,1770.9000244140625,1774.0,5788,0.0,0.0,GODREJPROP.NS
2026-04-24 13:15:00+05:30,1773.5999755859375,1775.0,1771.300048828125,1773.699951171875,6973,0.0,0.0,GODREJPROP.NS
2026-04-24 13:30:00+05:30,1773.699951171875,1773.9000244140625,1760.199951171875,1760.199951171875,12655,0.0,0.0,GODREJPROP.NS
2026-04-24 13:45:00+05:30,1761.0,1765.9000244140625,1760.0,1765.0,38564,0.0,0.0,GODREJPROP.NS
2026-04-24 14:00:00+05:30,1764.699951171875,1767.9000244140625,1760.5999755859375,1765.5,23988,0.0,0.0,GODREJPROP.NS
2026-04-24 14:15:00+05:30,1765.0,1772.9000244140625,1764.0,1770.300048828125,39596,0.0,0.0,GODREJPROP.NS
2026-04-24 14:30:00+05:30,1770.300048828125,1775.0,1765.800048828125,1768.5,18257,0.0,0.0,GODREJPROP.NS
2026-04-24 14:45:00+05:30,1768.5,1771.199951171875,1764.5999755859375,1769.800048828125,16495,0.0,0.0,GODREJPROP.NS
2026-04-24 15:00:00+05:30,1768.300048828125,1770.0,1762.9000244140625,1769.300048828125,28157,0.0,0.0,GODREJPROP.NS
2026-04-24 15:15:00+05:30,1769.5999755859375,1774.4000244140625,1767.199951171875,1769.4000244140625,49573,0.0,0.0,GODREJPROP.NS
2026-04-27 09:15:00+05:30,1783.9000244140625,1815.9000244140625,1783.300048828125,1801.4000244140625,42403,0.0,0.0,GODREJPROP.NS
2026-04-27 09:30:00+05:30,1804.5999755859373,1808.0,1799.0999755859375,1800.300048828125,44588,0.0,0.0,GODREJPROP.NS
2026-04-27 09:45:00+05:30,1802.9000244140625,1814.9000244140625,1799.0999755859375,1812.9000244140625,63252,0.0,0.0,GODREJPROP.NS
2026-04-27 10:00:00+05:30,1813.699951171875,1814.5,1800.0999755859375,1800.9000244140625,30488,0.0,0.0,GODREJPROP.NS
2026-04-27 10:15:00+05:30,1801.0,1812.4000244140625,1801.0,1812.199951171875,28866,0.0,0.0,GODREJPROP.NS
2026-04-27 10:30:00+05:30,1812.0999755859373,1813.9000244140625,1809.9000244140625,1813.0,16791,0.0,0.0,GODREJPROP.NS
2026-04-27 10:45:00+05:30,1813.0,1820.0,1811.5999755859373,1819.4000244140625,46491,0.0,0.0,GODREJPROP.NS
2026-04-27 11:00:00+05:30,1819.4000244140625,1820.0,1814.800048828125,1814.800048828125,30774,0.0,0.0,GODREJPROP.NS
2026-04-27 11:15:00+05:30,1815.4000244140625,1818.0,1810.199951171875,1811.0999755859373,16638,0.0,0.0,GODREJPROP.NS
2026-04-27 11:30:00+05:30,1811.5,1811.5,1804.199951171875,1807.300048828125,13651,0.0,0.0,GODREJPROP.NS
2026-04-27 11:45:00+05:30,1807.199951171875,1807.4000244140625,1802.0,1806.4000244140625,15178,0.0,0.0,GODREJPROP.NS
2026-04-27 12:00:00+05:30,1806.5999755859373,1809.699951171875,1801.4000244140625,1808.5,22258,0.0,0.0,GODREJPROP.NS
2026-04-27 12:15:00+05:30,1808.699951171875,1816.5,1805.9000244140625,1814.800048828125,25221,0.0,0.0,GODREJPROP.NS
2026-04-27 12:30:00+05:30,1814.9000244140625,1819.199951171875,1812.800048828125,1816.4000244140625,18845,0.0,0.0,GODREJPROP.NS
2026-04-27 12:45:00+05:30,1816.5999755859373,1827.0,1815.0,1824.5999755859373,41344,0.0,0.0,GODREJPROP.NS
2026-04-27 13:00:00+05:30,1823.800048828125,1830.0999755859373,1823.800048828125,1829.300048828125,53928,0.0,0.0,GODREJPROP.NS
2026-04-27 13:15:00+05:30,1830.0999755859373,1834.699951171875,1827.699951171875,1833.5,78175,0.0,0.0,GODREJPROP.NS
2026-04-27 13:30:00+05:30,1831.4000244140625,1833.300048828125,1827.4000244140625,1831.800048828125,55857,0.0,0.0,GODREJPROP.NS
2026-04-27 13:45:00+05:30,1831.0,1833.300048828125,1829.0,1832.800048828125,21983,0.0,0.0,GODREJPROP.NS
2026-04-27 14:00:00+05:30,1833.5,1833.800048828125,1829.300048828125,1831.4000244140625,20424,0.0,0.0,GODREJPROP.NS
2026-04-27 14:15:00+05:30,1831.5,1842.0,1828.9000244140625,1834.0,111467,0.0,0.0,GODREJPROP.NS
2026-04-27 14:30:00+05:30,1833.9000244140625,1835.5999755859373,1829.199951171875,1830.800048828125,43861,0.0,0.0,GODREJPROP.NS
2026-04-27 14:45:00+05:30,1830.800048828125,1832.0999755859373,1826.5999755859373,1828.5,70990,0.0,0.0,GODREJPROP.NS
2026-04-27 15:00:00+05:30,1829.300048828125,1832.5,1826.5,1829.0999755859373,37648,0.0,0.0,GODREJPROP.NS
2026-04-27 15:15:00+05:30,1829.699951171875,1831.5999755859373,1820.0999755859373,1828.199951171875,79309,0.0,0.0,GODREJPROP.NS
2026-04-28 09:15:00+05:30,1829.300048828125,1838.0999755859373,1823.5999755859373,1832.699951171875,46220,0.0,0.0,GODREJPROP.NS
2026-04-28 09:30:00+05:30,1833.0,1838.0,1826.0999755859373,1830.5999755859373,81348,0.0,0.0,GODREJPROP.NS
2026-04-28 09:45:00+05:30,1831.800048828125,1839.4000244140625,1828.0,1839.4000244140625,24433,0.0,0.0,GODREJPROP.NS
2026-04-28 10:00:00+05:30,1838.5999755859373,1843.5,1837.300048828125,1838.4000244140625,30193,0.0,0.0,GODREJPROP.NS
2026-04-28 10:15:00+05:30,1838.4000244140625,1843.0,1835.9000244140625,1841.4000244140625,22920,0.0,0.0,GODREJPROP.NS
2026-04-28 10:30:00+05:30,1841.800048828125,1844.0,1830.5,1833.4000244140625,26137,0.0,0.0,GODREJPROP.NS
2026-04-28 10:45:00+05:30,1832.699951171875,1835.800048828125,1830.5,1835.199951171875,10244,0.0,0.0,GODREJPROP.NS
2026-04-28 11:00:00+05:30,1834.300048828125,1837.5,1833.0999755859373,1837.5,5447,0.0,0.0,GODREJPROP.NS
2026-04-28 11:15:00+05:30,1837.0,1845.199951171875,1836.5,1838.0999755859373,42513,0.0,0.0,GODREJPROP.NS
2026-04-28 11:30:00+05:30,1838.0999755859373,1843.5,1837.0,1842.5999755859373,7091,0.0,0.0,GODREJPROP.NS
2026-04-28 11:45:00+05:30,1843.5999755859373,1844.5999755859373,1842.0999755859373,1842.9000244140625,6333,0.0,0.0,GODREJPROP.NS
2026-04-28 12:00:00+05:30,1842.5999755859373,1842.800048828125,1837.4000244140625,1838.5999755859373,7859,0.0,0.0,GODREJPROP.NS
2026-04-28 12:15:00+05:30,1839.9000244140625,1841.9000244140625,1838.0,1839.0,5422,0.0,0.0,GODREJPROP.NS
2026-04-28 12:30:00+05:30,1840.0999755859373,1841.5,1836.199951171875,1836.4000244140625,8792,0.0,0.0,GODREJPROP.NS
2026-04-28 12:45:00+05:30,1836.4000244140625,1838.5,1833.4000244140625,1833.699951171875,9547,0.0,0.0,GODREJPROP.NS
2026-04-28 13:00:00+05:30,1834.699951171875,1836.5,1831.5,1831.9000244140625,11502,0.0,0.0,GODREJPROP.NS
2026-04-28 13:15:00+05:30,1831.5,1837.800048828125,1831.5,1835.4000244140625,7813,0.0,0.0,GODREJPROP.NS
2026-04-28 13:30:00+05:30,1834.800048828125,1834.800048828125,1824.0999755859373,1827.5999755859373,16257,0.0,0.0,GODREJPROP.NS
2026-04-28 13:45:00+05:30,1826.199951171875,1832.4000244140625,1824.0,1831.800048828125,17685,0.0,0.0,GODREJPROP.NS
2026-04-28 14:00:00+05:30,1831.0,1831.800048828125,1822.0,1822.199951171875,19815,0.0,0.0,GODREJPROP.NS
2026-04-28 14:15:00+05:30,1822.199951171875,1826.199951171875,1820.699951171875,1824.300048828125,11318,0.0,0.0,GODREJPROP.NS
2026-04-28 14:30:00+05:30,1825.699951171875,1834.199951171875,1825.5999755859373,1831.9000244140625,19187,0.0,0.0,GODREJPROP.NS
2026-04-28 14:45:00+05:30,1832.5999755859373,1837.300048828125,1832.5999755859373,1835.5,12027,0.0,0.0,GODREJPROP.NS
2026-04-28 15:00:00+05:30,1836.800048828125,1836.800048828125,1820.4000244140625,1823.5,31334,0.0,0.0,GODREJPROP.NS
2026-04-28 15:15:00+05:30,1823.5,1827.800048828125,1820.800048828125,1824.5999755859373,46837,0.0,0.0,GODREJPROP.NS
2026-04-29 09:15:00+05:30,1840.0,1853.300048828125,1835.9000244140625,1852.0,57129,0.0,0.0,GODREJPROP.NS
2026-04-29 09:30:00+05:30,1852.0,1853.699951171875,1842.699951171875,1847.0,27133,0.0,0.0,GODREJPROP.NS
2026-04-29 09:45:00+05:30,1846.5,1862.9000244140625,1846.5,1861.5,69442,0.0,0.0,GODREJPROP.NS
2026-04-29 10:00:00+05:30,1862.699951171875,1879.9000244140625,1862.0999755859373,1865.5999755859373,119163,0.0,0.0,GODREJPROP.NS
2026-04-29 10:15:00+05:30,1865.699951171875,1870.0,1864.0,1867.4000244140625,13149,0.0,0.0,GODREJPROP.NS
2026-04-29 10:30:00+05:30,1868.0,1869.0,1865.199951171875,1867.5,9452,0.0,0.0,GODREJPROP.NS
2026-04-29 10:45:00+05:30,1867.4000244140625,1868.0,1857.0999755859373,1858.0,25949,0.0,0.0,GODREJPROP.NS
2026-04-29 11:00:00+05:30,1858.0,1861.699951171875,1855.0,1858.5,15188,0.0,0.0,GODREJPROP.NS
2026-04-29 11:15:00+05:30,1858.800048828125,1866.0,1858.5999755859373,1860.0,6915,0.0,0.0,GODREJPROP.NS
2026-04-29 11:30:00+05:30,1860.0999755859373,1865.300048828125,1857.800048828125,1862.9000244140625,22292,0.0,0.0,GODREJPROP.NS
2026-04-29 11:45:00+05:30,1863.5,1865.5,1861.9000244140625,1864.199951171875,3667,0.0,0.0,GODREJPROP.NS
2026-04-29 12:00:00+05:30,1863.4000244140625,1868.4000244140625,1860.5999755859373,1867.199951171875,13865,0.0,0.0,GODREJPROP.NS
2026-04-29 12:15:00+05:30,1867.0999755859373,1871.199951171875,1867.0999755859373,1868.0999755859373,10802,0.0,0.0,GODREJPROP.NS
2026-04-29 12:30:00+05:30,1869.0,1883.5999755859373,1868.0,1881.5,84459,0.0,0.0,GODREJPROP.NS
2026-04-29 12:45:00+05:30,1882.0,1882.699951171875,1874.5999755859373,1875.699951171875,40431,0.0,0.0,GODREJPROP.NS
2026-04-29 13:00:00+05:30,1876.0999755859373,1880.5,1875.699951171875,1878.4000244140625,20277,0.0,0.0,GODREJPROP.NS
2026-04-29 13:15:00+05:30,1879.0,1879.5,1875.0999755859373,1879.199951171875,17031,0.0,0.0,GODREJPROP.NS
2026-04-29 13:30:00+05:30,1879.5,1879.5,1865.0,1865.0,36601,0.0,0.0,GODREJPROP.NS
2026-04-29 13:45:00+05:30,1865.0,1876.9000244140625,1862.0999755859373,1871.5,59116,0.0,0.0,GODREJPROP.NS
2026-04-29 14:00:00+05:30,1870.5999755859373,1872.0,1863.5999755859373,1868.0999755859373,13564,0.0,0.0,GODREJPROP.NS
2026-04-29 14:15:00+05:30,1868.199951171875,1869.0,1858.4000244140625,1863.0,27992,0.0,0.0,GODREJPROP.NS
2026-04-29 14:30:00+05:30,1862.300048828125,1868.0,1861.0999755859373,1867.0,13089,0.0,0.0,GODREJPROP.NS
2026-04-29 14:45:00+05:30,1867.5,1867.5,1860.0,1862.800048828125,10579,0.0,0.0,GODREJPROP.NS
2026-04-29 15:00:00+05:30,1862.4000244140625,1870.0999755859373,1862.4000244140625,1865.199951171875,28261,0.0,0.0,GODREJPROP.NS
2026-04-29 15:15:00+05:30,1865.5,1865.699951171875,1855.300048828125,1860.9000244140625,77990,0.0,0.0,GODREJPROP.NS
2026-04-30 09:15:00+05:30,1856.199951171875,1856.199951171875,1822.199951171875,1827.199951171875,63155,0.0,0.0,GODREJPROP.NS
2026-04-30 09:30:00+05:30,1825.9000244140625,1847.0999755859373,1822.4000244140625,1841.5,79546,0.0,0.0,GODREJPROP.NS
2026-04-30 09:45:00+05:30,1842.0,1845.9000244140625,1833.5999755859373,1836.300048828125,71191,0.0,0.0,GODREJPROP.NS
2026-04-30 10:00:00+05:30,1835.5999755859373,1837.9000244140625,1828.800048828125,1830.9000244140625,91966,0.0,0.0,GODREJPROP.NS
2026-04-30 10:15:00+05:30,1832.5,1835.199951171875,1816.699951171875,1823.9000244140625,185266,0.0,0.0,GODREJPROP.NS
2026-04-30 10:30:00+05:30,1823.800048828125,1833.9000244140625,1816.4000244140625,1833.5,76974,0.0,0.0,GODREJPROP.NS
2026-04-30 10:45:00+05:30,1833.5,1833.5,1825.0,1829.5,17887,0.0,0.0,GODREJPROP.NS
2026-04-30 11:00:00+05:30,1829.4000244140625,1832.300048828125,1825.300048828125,1825.699951171875,13363,0.0,0.0,GODREJPROP.NS
2026-04-30 11:15:00+05:30,1825.5999755859373,1831.800048828125,1825.5999755859373,1831.800048828125,17798,0.0,0.0,GODREJPROP.NS
2026-04-30 11:30:00+05:30,1830.699951171875,1835.0999755859373,1828.699951171875,1831.4000244140625,37695,0.0,0.0,GODREJPROP.NS
2026-04-30 11:45:00+05:30,1831.4000244140625,1835.9000244140625,1830.5999755859373,1831.5999755859373,23127,0.0,0.0,GODREJPROP.NS
2026-04-30 12:00:00+05:30,1831.5999755859373,1837.0,1830.0999755859373,1835.300048828125,31224,0.0,0.0,GODREJPROP.NS
2026-04-30 12:15:00+05:30,1835.300048828125,1839.9000244140625,1833.0999755859373,1833.699951171875,16399,0.0,0.0,GODREJPROP.NS
2026-04-30 12:30:00+05:30,1833.699951171875,1835.0,1830.0,1832.4000244140625,43967,0.0,0.0,GODREJPROP.NS
2026-04-30 12:45:00+05:30,1832.4000244140625,1846.0,1832.4000244140625,1843.5999755859373,28056,0.0,0.0,GODREJPROP.NS
2026-04-30 13:00:00+05:30,1843.5999755859373,1843.5999755859373,1836.0999755859373,1841.300048828125,11901,0.0,0.0,GODREJPROP.NS
2026-04-30 13:15:00+05:30,1841.300048828125,1843.300048828125,1835.5,1842.300048828125,8173,0.0,0.0,GODREJPROP.NS
2026-04-30 13:30:00+05:30,1842.300048828125,1842.300048828125,1832.0,1837.300048828125,10682,0.0,0.0,GODREJPROP.NS
2026-04-30 13:45:00+05:30,1837.9000244140625,1841.199951171875,1834.0,1840.699951171875,8254,0.0,0.0,GODREJPROP.NS
2026-04-30 14:00:00+05:30,1840.5999755859373,1841.300048828125,1835.0999755859373,1837.800048828125,7482,0.0,0.0,GODREJPROP.NS
2026-04-30 14:15:00+05:30,1838.4000244140625,1844.0,1832.5,1835.699951171875,40468,0.0,0.0,GODREJPROP.NS
2026-04-30 14:30:00+05:30,1837.5999755859373,1843.199951171875,1837.0,1841.9000244140625,13395,0.0,0.0,GODREJPROP.NS
2026-04-30 14:45:00+05:30,1841.9000244140625,1846.0,1838.0999755859373,1845.5,13243,0.0,0.0,GODREJPROP.NS
2026-04-30 15:00:00+05:30,1846.0,1846.0,1832.0,1834.199951171875,61314,0.0,0.0,GODREJPROP.NS
2026-04-30 15:15:00+05:30,1833.4000244140625,1837.9000244140625,1831.5,1835.199951171875,83512,0.0,0.0,GODREJPROP.NS
2026-05-04 09:15:00+05:30,1853.9000244140625,1885.0,1853.9000244140625,1876.4000244140625,86153,0.0,0.0,GODREJPROP.NS
2026-05-04 09:30:00+05:30,1875.699951171875,1884.699951171875,1875.699951171875,1882.5999755859373,87096,0.0,0.0,GODREJPROP.NS
2026-05-04 09:45:00+05:30,1881.800048828125,1890.0,1881.4000244140625,1890.0,95207,0.0,0.0,GODREJPROP.NS
2026-05-04 10:00:00+05:30,1890.300048828125,1893.9000244140625,1885.4000244140625,1889.199951171875,118254,0.0,0.0,GODREJPROP.NS
2026-05-04 10:15:00+05:30,1889.5,1892.9000244140625,1885.0,1892.9000244140625,60928,0.0,0.0,GODREJPROP.NS
2026-05-04 10:30:00+05:30,1892.0,1896.0,1890.0999755859373,1895.699951171875,69114,0.0,0.0,GODREJPROP.NS
2026-05-04 10:45:00+05:30,1896.0,1899.0,1892.9000244140625,1894.4000244140625,38669,0.0,0.0,GODREJPROP.NS
2026-05-04 11:00:00+05:30,1895.0999755859373,1903.199951171875,1893.5999755859373,1900.800048828125,56142,0.0,0.0,GODREJPROP.NS
2026-05-04 11:15:00+05:30,1901.699951171875,1914.0,1901.699951171875,1910.0999755859373,60362,0.0,0.0,GODREJPROP.NS
2026-05-04 11:30:00+05:30,1910.300048828125,1913.199951171875,1904.699951171875,1908.0999755859373,29264,0.0,0.0,GODREJPROP.NS
2026-05-04 11:45:00+05:30,1907.9000244140625,1914.199951171875,1907.5999755859373,1913.0999755859373,28650,0.0,0.0,GODREJPROP.NS
2026-05-04 12:00:00+05:30,1912.9000244140625,1914.0,1898.5,1898.5,44866,0.0,0.0,GODREJPROP.NS
2026-05-04 12:15:00+05:30,1899.5999755859373,1903.199951171875,1891.0,1892.699951171875,45367,0.0,0.0,GODREJPROP.NS
2026-05-04 12:30:00+05:30,1892.0999755859373,1950.0,1889.300048828125,1914.9000244140625,931558,0.0,0.0,GODREJPROP.NS
2026-05-04 12:45:00+05:30,1914.9000244140625,1915.9000244140625,1867.0,1872.4000244140625,386437,0.0,0.0,GODREJPROP.NS
2026-05-04 13:00:00+05:30,1872.199951171875,1894.4000244140625,1866.0,1892.699951171875,112088,0.0,0.0,GODREJPROP.NS
2026-05-04 13:15:00+05:30,1893.5,1904.0,1885.5,1893.4000244140625,82596,0.0,0.0,GODREJPROP.NS
2026-05-04 13:30:00+05:30,1892.0,1897.9000244140625,1883.5,1884.800048828125,58070,0.0,0.0,GODREJPROP.NS
2026-05-04 13:45:00+05:30,1884.699951171875,1888.0999755859373,1866.0999755859373,1866.4000244140625,49700,0.0,0.0,GODREJPROP.NS
2026-05-04 14:00:00+05:30,1866.5999755859373,1876.9000244140625,1863.5,1876.5,48191,0.0,0.0,GODREJPROP.NS
2026-05-04 14:15:00+05:30,1877.5999755859373,1893.9000244140625,1874.5999755859373,1884.0999755859373,67187,0.0,0.0,GODREJPROP.NS
2026-05-04 14:30:00+05:30,1885.0,1887.5999755859373,1874.5,1882.0999755859373,33985,0.0,0.0,GODREJPROP.NS
2026-05-04 14:45:00+05:30,1881.699951171875,1883.9000244140625,1875.5999755859373,1878.800048828125,32943,0.0,0.0,GODREJPROP.NS
2026-05-04 15:00:00+05:30,1881.0,1893.199951171875,1878.4000244140625,1892.9000244140625,82259,0.0,0.0,GODREJPROP.NS
2026-05-04 15:15:00+05:30,1893.0,1923.9000244140625,1889.4000244140625,1899.800048828125,145865,0.0,0.0,GODREJPROP.NS
2026-05-05 09:15:00+05:30,1918.0,1918.0,1843.9000244140625,1846.9000244140625,185115,0.0,0.0,GODREJPROP.NS
2026-05-05 09:30:00+05:30,1847.0,1861.300048828125,1837.0999755859373,1852.199951171875,253267,0.0,0.0,GODREJPROP.NS
2026-05-05 09:45:00+05:30,1852.699951171875,1853.0,1843.0999755859373,1846.199951171875,76416,0.0,0.0,GODREJPROP.NS
2026-05-05 10:00:00+05:30,1844.5,1846.5999755859373,1830.800048828125,1832.5,135117,0.0,0.0,GODREJPROP.NS
2026-05-05 10:15:00+05:30,1833.300048828125,1833.300048828125,1821.199951171875,1821.5,137435,0.0,0.0,GODREJPROP.NS
2026-05-05 10:30:00+05:30,1821.0,1823.4000244140625,1815.5999755859373,1816.300048828125,101106,0.0,0.0,GODREJPROP.NS
2026-05-05 10:45:00+05:30,1816.300048828125,1818.9000244140625,1811.0,1816.0,95627,0.0,0.0,GODREJPROP.NS
2026-05-05 11:00:00+05:30,1816.5999755859373,1818.0,1812.300048828125,1815.4000244140625,45994,0.0,0.0,GODREJPROP.NS
2026-05-05 11:15:00+05:30,1815.4000244140625,1815.4000244140625,1806.4000244140625,1807.0999755859373,88558,0.0,0.0,GODREJPROP.NS
2026-05-05 11:30:00+05:30,1807.0,1818.300048828125,1806.0999755859373,1817.199951171875,63336,0.0,0.0,GODREJPROP.NS
2026-05-05 11:45:00+05:30,1817.199951171875,1827.300048828125,1815.4000244140625,1827.300048828125,75767,0.0,0.0,GODREJPROP.NS
2026-05-05 12:00:00+05:30,1827.5,1838.0,1826.199951171875,1834.800048828125,137974,0.0,0.0,GODREJPROP.NS
2026-05-05 12:15:00+05:30,1835.0999755859373,1840.0,1833.4000244140625,1836.0999755859373,37634,0.0,0.0,GODREJPROP.NS
2026-05-05 12:30:00+05:30,1836.0,1842.0,1820.5999755859373,1820.5999755859373,100109,0.0,0.0,GODREJPROP.NS
2026-05-05 12:45:00+05:30,1821.5,1826.0,1817.5,1825.0999755859373,76086,0.0,0.0,GODREJPROP.NS
2026-05-05 13:00:00+05:30,1825.0999755859373,1826.5999755859373,1819.5,1821.9000244140625,73736,0.0,0.0,GODREJPROP.NS
2026-05-05 13:15:00+05:30,1823.199951171875,1831.800048828125,1817.0,1824.0,70439,0.0,0.0,GODREJPROP.NS
2026-05-05 13:30:00+05:30,1823.0999755859373,1824.300048828125,1815.4000244140625,1816.0999755859373,74628,0.0,0.0,GODREJPROP.NS
2026-05-05 13:45:00+05:30,1816.4000244140625,1819.4000244140625,1813.5,1814.0,73107,0.0,0.0,GODREJPROP.NS
2026-05-05 14:00:00+05:30,1814.199951171875,1815.0999755859373,1807.0999755859373,1807.699951171875,101918,0.0,0.0,GODREJPROP.NS
2026-05-05 14:15:00+05:30,1807.4000244140625,1813.300048828125,1807.4000244140625,1809.300048828125,79297,0.0,0.0,GODREJPROP.NS
2026-05-05 14:30:00+05:30,1809.199951171875,1817.699951171875,1809.199951171875,1813.199951171875,60562,0.0,0.0,GODREJPROP.NS
2026-05-05 14:45:00+05:30,1814.0999755859373,1816.5999755859373,1806.699951171875,1807.5,60433,0.0,0.0,GODREJPROP.NS
2026-05-05 15:00:00+05:30,1808.4000244140625,1812.0,1807.0,1810.5999755859373,92316,0.0,0.0,GODREJPROP.NS
2026-05-05 15:15:00+05:30,1809.9000244140625,1812.0,1807.0,1811.0,161484,0.0,0.0,GODREJPROP.NS
2026-05-06 09:15:00+05:30,1830.0,1836.5999755859373,1812.699951171875,1819.300048828125,31402,0.0,0.0,GODREJPROP.NS
2026-05-06 09:30:00+05:30,1820.0,1829.699951171875,1816.300048828125,1826.199951171875,69299,0.0,0.0,GODREJPROP.NS
2026-05-06 09:45:00+05:30,1826.0,1829.9000244140625,1824.0999755859373,1826.5,34528,0.0,0.0,GODREJPROP.NS
2026-05-06 10:00:00+05:30,1826.0999755859373,1830.800048828125,1824.0,1830.300048828125,21482,0.0,0.0,GODREJPROP.NS
2026-05-06 10:15:00+05:30,1829.5,1838.5999755859373,1829.300048828125,1833.0999755859373,32844,0.0,0.0,GODREJPROP.NS
2026-05-06 10:30:00+05:30,1833.0,1842.0,1832.0,1840.0,35875,0.0,0.0,GODREJPROP.NS
2026-05-06 10:45:00+05:30,1839.0,1840.5,1837.0,1838.199951171875,16859,0.0,0.0,GODREJPROP.NS
2026-05-06 11:00:00+05:30,1837.800048828125,1839.5,1834.4000244140625,1837.199951171875,17391,0.0,0.0,GODREJPROP.NS
2026-05-06 11:15:00+05:30,1837.4000244140625,1841.300048828125,1836.5,1837.5,10515,0.0,0.0,GODREJPROP.NS
2026-05-06 11:30:00+05:30,1837.300048828125,1839.0999755859373,1830.0999755859373,1830.4000244140625,17088,0.0,0.0,GODREJPROP.NS
2026-05-06 11:45:00+05:30,1830.800048828125,1834.5,1830.0999755859373,1831.9000244140625,24167,0.0,0.0,GODREJPROP.NS
2026-05-06 12:00:00+05:30,1830.9000244140625,1832.800048828125,1830.0,1830.5,8473,0.0,0.0,GODREJPROP.NS
2026-05-06 12:15:00+05:30,1830.699951171875,1831.699951171875,1825.0999755859373,1826.9000244140625,21559,0.0,0.0,GODREJPROP.NS
2026-05-06 12:30:00+05:30,1827.0,1827.0,1820.199951171875,1820.199951171875,17573,0.0,0.0,GODREJPROP.NS
2026-05-06 12:45:00+05:30,1820.0,1821.0,1815.5999755859373,1819.199951171875,28125,0.0,0.0,GODREJPROP.NS
2026-05-06 13:00:00+05:30,1817.800048828125,1823.4000244140625,1817.800048828125,1821.4000244140625,13943,0.0,0.0,GODREJPROP.NS
2026-05-06 13:15:00+05:30,1821.4000244140625,1828.5,1821.4000244140625,1828.5,15471,0.0,0.0,GODREJPROP.NS
2026-05-06 13:30:00+05:30,1828.199951171875,1835.4000244140625,1828.199951171875,1833.5,18356,0.0,0.0,GODREJPROP.NS
2026-05-06 13:45:00+05:30,1833.800048828125,1834.5,1830.0,1830.0,8856,0.0,0.0,GODREJPROP.NS
2026-05-06 14:00:00+05:30,1831.199951171875,1836.4000244140625,1829.5,1836.0999755859373,19210,0.0,0.0,GODREJPROP.NS
2026-05-06 14:15:00+05:30,1835.4000244140625,1859.9000244140625,1835.4000244140625,1859.9000244140625,62847,0.0,0.0,GODREJPROP.NS
2026-05-06 14:30:00+05:30,1860.800048828125,1866.0,1849.800048828125,1857.199951171875,68737,0.0,0.0,GODREJPROP.NS
2026-05-06 14:45:00+05:30,1857.300048828125,1863.800048828125,1855.699951171875,1860.5999755859373,54712,0.0,0.0,GODREJPROP.NS
2026-05-06 15:00:00+05:30,1861.4000244140625,1869.9000244140625,1861.4000244140625,1864.199951171875,92236,0.0,0.0,GODREJPROP.NS
2026-05-06 15:15:00+05:30,1864.300048828125,1870.0,1863.4000244140625,1867.199951171875,89308,0.0,0.0,GODREJPROP.NS
2026-05-07 09:15:00+05:30,1870.0999755859373,1882.800048828125,1850.0,1857.4000244140625,34596,0.0,0.0,GODREJPROP.NS
2026-05-07 09:30:00+05:30,1857.4000244140625,1859.0,1848.5999755859373,1848.5999755859373,23645,0.0,0.0,GODREJPROP.NS
2026-05-07 09:45:00+05:30,1848.199951171875,1850.4000244140625,1841.0999755859373,1842.699951171875,20891,0.0,0.0,GODREJPROP.NS
2026-05-07 10:00:00+05:30,1842.9000244140625,1848.800048828125,1838.0,1842.199951171875,45405,0.0,0.0,GODREJPROP.NS
2026-05-07 10:15:00+05:30,1842.300048828125,1854.5999755859373,1841.5999755859373,1848.800048828125,31619,0.0,0.0,GODREJPROP.NS
2026-05-07 10:30:00+05:30,1849.9000244140625,1850.0,1845.5,1846.9000244140625,7920,0.0,0.0,GODREJPROP.NS
2026-05-07 10:45:00+05:30,1847.5999755859373,1848.0999755859373,1844.0999755859373,1848.0999755859373,9853,0.0,0.0,GODREJPROP.NS
2026-05-07 11:00:00+05:30,1847.699951171875,1850.0,1845.0,1846.800048828125,11172,0.0,0.0,GODREJPROP.NS
2026-05-07 11:15:00+05:30,1847.0999755859373,1847.5,1838.199951171875,1839.5999755859373,20660,0.0,0.0,GODREJPROP.NS
2026-05-07 11:30:00+05:30,1838.5,1843.9000244140625,1836.0,1837.300048828125,11864,0.0,0.0,GODREJPROP.NS
2026-05-07 11:45:00+05:30,1836.300048828125,1841.800048828125,1836.300048828125,1841.4000244140625,7115,0.0,0.0,GODREJPROP.NS
2026-05-07 12:00:00+05:30,1841.0,1867.199951171875,1839.0,1849.699951171875,18220,0.0,0.0,GODREJPROP.NS
2026-05-07 12:15:00+05:30,1850.800048828125,1851.9000244140625,1844.5999755859373,1850.0999755859373,20819,0.0,0.0,GODREJPROP.NS
2026-05-07 12:30:00+05:30,1850.800048828125,1858.0,1847.0999755859373,1856.0999755859373,23246,0.0,0.0,GODREJPROP.NS
2026-05-07 12:45:00+05:30,1857.5,1857.5,1846.300048828125,1850.0,39503,0.0,0.0,GODREJPROP.NS
2026-05-07 13:00:00+05:30,1850.0,1853.0,1848.4000244140625,1851.5999755859373,26791,0.0,0.0,GODREJPROP.NS
2026-05-07 13:15:00+05:30,1850.9000244140625,1858.5999755859373,1846.0999755859373,1854.0,45661,0.0,0.0,GODREJPROP.NS
2026-05-07 13:30:00+05:30,1854.800048828125,1861.0,1853.199951171875,1861.0,36764,0.0,0.0,GODREJPROP.NS
2026-05-07 13:45:00+05:30,1860.300048828125,1860.9000244140625,1857.0,1859.800048828125,19312,0.0,0.0,GODREJPROP.NS
2026-05-07 14:00:00+05:30,1859.800048828125,1864.9000244140625,1859.0999755859373,1864.699951171875,41074,0.0,0.0,GODREJPROP.NS
2026-05-07 14:15:00+05:30,1863.699951171875,1871.5999755859373,1861.0999755859373,1870.0,40514,0.0,0.0,GODREJPROP.NS
2026-05-07 14:30:00+05:30,1870.0,1881.800048828125,1869.0,1878.699951171875,74548,0.0,0.0,GODREJPROP.NS
2026-05-07 14:45:00+05:30,1878.0,1890.0,1878.0,1884.699951171875,88816,0.0,0.0,GODREJPROP.NS
2026-05-07 15:00:00+05:30,1885.0,1887.699951171875,1874.300048828125,1876.0,96575,0.0,0.0,GODREJPROP.NS
2026-05-07 15:15:00+05:30,1877.199951171875,1878.800048828125,1874.5999755859373,1878.5,82429,0.0,0.0,GODREJPROP.NS
2026-05-08 09:15:00+05:30,1866.9000244140625,1873.0,1859.0999755859373,1871.4000244140625,24889,0.0,0.0,GODREJPROP.NS
2026-05-08 09:30:00+05:30,1871.0999755859373,1873.0,1851.0,1852.0999755859373,73676,0.0,0.0,GODREJPROP.NS
2026-05-08 09:45:00+05:30,1851.300048828125,1867.5,1848.0,1863.300048828125,34067,0.0,0.0,GODREJPROP.NS
2026-05-08 10:00:00+05:30,1863.300048828125,1865.0,1855.0,1858.0,19262,0.0,0.0,GODREJPROP.NS
2026-05-08 10:15:00+05:30,1858.0,1859.9000244140625,1852.300048828125,1856.800048828125,15730,0.0,0.0,GODREJPROP.NS
2026-05-08 10:30:00+05:30,1855.5999755859373,1857.5999755859373,1852.800048828125,1856.699951171875,14054,0.0,0.0,GODREJPROP.NS
2026-05-08 10:45:00+05:30,1857.0,1857.5,1851.0,1852.0,8099,0.0,0.0,GODREJPROP.NS
2026-05-08 11:00:00+05:30,1851.4000244140625,1858.4000244140625,1851.199951171875,1853.199951171875,10996,0.0,0.0,GODREJPROP.NS
2026-05-08 11:15:00+05:30,1853.199951171875,1854.199951171875,1851.300048828125,1851.5,9265,0.0,0.0,GODREJPROP.NS
2026-05-08 11:30:00+05:30,1851.5,1857.199951171875,1849.5999755859373,1855.9000244140625,15995,0.0,0.0,GODREJPROP.NS
2026-05-08 11:45:00+05:30,1855.0,1883.5,1853.5,1882.0,162722,0.0,0.0,GODREJPROP.NS
2026-05-08 12:00:00+05:30,1882.0,1882.0,1866.5,1867.5,20710,0.0,0.0,GODREJPROP.NS
2026-05-08 12:15:00+05:30,1869.199951171875,1869.4000244140625,1865.0,1865.0,11964,0.0,0.0,GODREJPROP.NS
2026-05-08 12:30:00+05:30,1866.0,1869.199951171875,1863.9000244140625,1864.800048828125,5613,0.0,0.0,GODREJPROP.NS
2026-05-08 12:45:00+05:30,1863.699951171875,1863.699951171875,1857.0,1859.199951171875,13846,0.0,0.0,GODREJPROP.NS
2026-05-08 13:00:00+05:30,1860.0999755859373,1870.5999755859373,1859.199951171875,1869.300048828125,31952,0.0,0.0,GODREJPROP.NS
2026-05-08 13:15:00+05:30,1868.5999755859373,1881.9000244140625,1868.4000244140625,1881.9000244140625,21232,0.0,0.0,GODREJPROP.NS
2026-05-08 13:30:00+05:30,1882.0,1884.0,1876.0,1876.5999755859373,17597,0.0,0.0,GODREJPROP.NS
2026-05-08 13:45:00+05:30,1876.9000244140625,1881.9000244140625,1874.4000244140625,1874.4000244140625,38541,0.0,0.0,GODREJPROP.NS
2026-05-08 14:00:00+05:30,1874.199951171875,1880.0999755859373,1874.0,1876.800048828125,11763,0.0,0.0,GODREJPROP.NS
2026-05-08 14:15:00+05:30,1875.699951171875,1881.5,1874.199951171875,1880.0999755859373,19848,0.0,0.0,GODREJPROP.NS
2026-05-08 14:30:00+05:30,1880.4000244140625,1889.0,1879.5,1889.0,25604,0.0,0.0,GODREJPROP.NS
2026-05-08 14:45:00+05:30,1888.199951171875,1889.199951171875,1881.5,1882.0999755859373,32795,0.0,0.0,GODREJPROP.NS
2026-05-08 15:00:00+05:30,1880.9000244140625,1881.0999755859373,1872.9000244140625,1872.9000244140625,30613,0.0,0.0,GODREJPROP.NS
2026-05-08 15:15:00+05:30,1873.199951171875,1876.699951171875,1866.300048828125,1871.0,46972,0.0,0.0,GODREJPROP.NS
2026-05-11 09:15:00+05:30,1853.0999755859373,1853.0999755859373,1820.0999755859373,1828.300048828125,52129,0.0,0.0,GODREJPROP.NS
2026-05-11 09:30:00+05:30,1827.5999755859373,1827.800048828125,1811.0,1812.5999755859373,78300,0.0,0.0,GODREJPROP.NS
2026-05-11 09:45:00+05:30,1812.5999755859373,1815.9000244140625,1805.4000244140625,1806.0999755859373,48291,0.0,0.0,GODREJPROP.NS
2026-05-11 10:00:00+05:30,1806.0999755859373,1812.9000244140625,1805.0999755859373,1810.5999755859373,29058,0.0,0.0,GODREJPROP.NS
2026-05-11 10:15:00+05:30,1812.0,1814.800048828125,1792.300048828125,1795.4000244140625,89614,0.0,0.0,GODREJPROP.NS
2026-05-11 10:30:00+05:30,1795.5999755859375,1798.699951171875,1790.300048828125,1791.699951171875,34250,0.0,0.0,GODREJPROP.NS
2026-05-11 10:45:00+05:30,1791.300048828125,1795.800048828125,1784.9000244140625,1792.699951171875,56487,0.0,0.0,GODREJPROP.NS
2026-05-11 11:00:00+05:30,1792.699951171875,1807.9000244140625,1791.699951171875,1807.0999755859373,52759,0.0,0.0,GODREJPROP.NS
2026-05-11 11:15:00+05:30,1807.9000244140625,1814.0,1807.9000244140625,1810.800048828125,36914,0.0,0.0,GODREJPROP.NS
2026-05-11 11:30:00+05:30,1810.800048828125,1815.800048828125,1810.199951171875,1814.300048828125,26336,0.0,0.0,GODREJPROP.NS
2026-05-11 11:45:00+05:30,1815.0,1815.0,1810.0,1812.0999755859373,20972,0.0,0.0,GODREJPROP.NS
2026-05-11 12:00:00+05:30,1812.0999755859373,1812.800048828125,1804.199951171875,1808.800048828125,20090,0.0,0.0,GODREJPROP.NS
2026-05-11 12:15:00+05:30,1808.800048828125,1810.0,1805.699951171875,1806.300048828125,17708,0.0,0.0,GODREJPROP.NS
2026-05-11 12:30:00+05:30,1806.9000244140625,1807.4000244140625,1802.5,1806.0,17952,0.0,0.0,GODREJPROP.NS
2026-05-11 12:45:00+05:30,1805.800048828125,1808.4000244140625,1802.300048828125,1804.800048828125,14276,0.0,0.0,GODREJPROP.NS
2026-05-11 13:00:00+05:30,1804.800048828125,1805.0999755859373,1800.5999755859375,1803.4000244140625,9736,0.0,0.0,GODREJPROP.NS
2026-05-11 13:15:00+05:30,1803.5,1806.0999755859373,1800.0999755859375,1801.5,11474,0.0,0.0,GODREJPROP.NS
2026-05-11 13:30:00+05:30,1801.5999755859373,1809.300048828125,1800.0,1805.4000244140625,16643,0.0,0.0,GODREJPROP.NS
2026-05-11 13:45:00+05:30,1805.9000244140625,1817.0999755859373,1805.9000244140625,1808.9000244140625,22415,0.0,0.0,GODREJPROP.NS
2026-05-11 14:00:00+05:30,1808.0,1814.0,1808.0,1809.699951171875,9333,0.0,0.0,GODREJPROP.NS
2026-05-11 14:15:00+05:30,1809.800048828125,1812.0,1808.800048828125,1811.800048828125,8266,0.0,0.0,GODREJPROP.NS
2026-05-11 14:30:00+05:30,1811.699951171875,1815.199951171875,1808.0,1808.0,15009,0.0,0.0,GODREJPROP.NS
2026-05-11 14:45:00+05:30,1806.9000244140625,1809.800048828125,1804.0,1806.699951171875,15566,0.0,0.0,GODREJPROP.NS
2026-05-11 15:00:00+05:30,1804.699951171875,1804.699951171875,1790.0,1791.199951171875,59119,0.0,0.0,GODREJPROP.NS
2026-05-11 15:15:00+05:30,1791.0,1796.0,1789.0,1790.0999755859375,51757,0.0,0.0,GODREJPROP.NS
2026-05-12 09:15:00+05:30,1779.5,1791.199951171875,1766.0999755859375,1767.0,34952,0.0,0.0,GODREJPROP.NS
2026-05-12 09:30:00+05:30,1765.0999755859375,1767.0,1755.699951171875,1760.5999755859375,55237,0.0,0.0,GODREJPROP.NS
2026-05-12 09:45:00+05:30,1761.5999755859375,1770.0,1756.0,1756.9000244140625,30017,0.0,0.0,GODREJPROP.NS
2026-05-12 10:00:00+05:30,1757.0,1766.699951171875,1756.9000244140625,1765.300048828125,23868,0.0,0.0,GODREJPROP.NS
2026-05-12 10:15:00+05:30,1766.0,1767.800048828125,1762.0,1764.4000244140625,36295,0.0,0.0,GODREJPROP.NS
2026-05-12 10:30:00+05:30,1764.0,1765.9000244140625,1757.5999755859375,1763.199951171875,25528,0.0,0.0,GODREJPROP.NS
2026-05-12 10:45:00+05:30,1763.199951171875,1764.0,1760.699951171875,1761.800048828125,8940,0.0,0.0,GODREJPROP.NS
2026-05-12 11:00:00+05:30,1761.9000244140625,1761.9000244140625,1756.300048828125,1756.9000244140625,15286,0.0,0.0,GODREJPROP.NS
2026-05-12 11:15:00+05:30,1757.4000244140625,1762.5,1756.4000244140625,1758.4000244140625,36760,0.0,0.0,GODREJPROP.NS
2026-05-12 11:30:00+05:30,1758.4000244140625,1763.0,1757.0,1760.199951171875,36678,0.0,0.0,GODREJPROP.NS
2026-05-12 11:45:00+05:30,1760.199951171875,1763.800048828125,1757.5999755859375,1760.199951171875,10987,0.0,0.0,GODREJPROP.NS
2026-05-12 12:00:00+05:30,1760.0,1761.0,1755.0999755859375,1755.5999755859375,18711,0.0,0.0,GODREJPROP.NS
2026-05-12 12:15:00+05:30,1755.5999755859375,1759.4000244140625,1752.5,1752.5999755859375,15925,0.0,0.0,GODREJPROP.NS
2026-05-12 12:30:00+05:30,1752.199951171875,1753.199951171875,1736.199951171875,1740.5999755859375,45992,0.0,0.0,GODREJPROP.NS
2026-05-12 12:45:00+05:30,1740.5999755859375,1743.9000244140625,1730.4000244140625,1731.699951171875,52543,0.0,0.0,GODREJPROP.NS
2026-05-12 13:00:00+05:30,1731.199951171875,1740.0,1731.199951171875,1736.699951171875,12717,0.0,0.0,GODREJPROP.NS
2026-05-12 13:15:00+05:30,1737.199951171875,1739.0,1730.9000244140625,1731.300048828125,36248,0.0,0.0,GODREJPROP.NS
2026-05-12 13:30:00+05:30,1731.199951171875,1733.9000244140625,1725.0999755859375,1726.0,28988,0.0,0.0,GODREJPROP.NS
2026-05-12 13:45:00+05:30,1725.699951171875,1729.9000244140625,1719.5999755859375,1724.199951171875,24130,0.0,0.0,GODREJPROP.NS
2026-05-12 14:00:00+05:30,1723.9000244140625,1725.5,1717.9000244140625,1717.9000244140625,34053,0.0,0.0,GODREJPROP.NS
2026-05-12 14:15:00+05:30,1717.5,1728.199951171875,1717.5,1725.300048828125,26721,0.0,0.0,GODREJPROP.NS
2026-05-12 14:30:00+05:30,1725.0,1726.4000244140625,1721.199951171875,1724.5,21069,0.0,0.0,GODREJPROP.NS
2026-05-12 14:45:00+05:30,1724.5999755859375,1726.0999755859375,1717.0,1717.5999755859375,41692,0.0,0.0,GODREJPROP.NS
2026-05-12 15:00:00+05:30,1717.5999755859375,1717.5999755859375,1710.0,1711.0,53954,0.0,0.0,GODREJPROP.NS
2026-05-12 15:15:00+05:30,1711.0,1718.0,1710.0,1714.4000244140625,73945,0.0,0.0,GODREJPROP.NS
2026-05-13 09:15:00+05:30,1710.5,1722.699951171875,1707.0999755859375,1710.800048828125,31222,0.0,0.0,GODREJPROP.NS
2026-05-13 09:30:00+05:30,1710.5,1719.800048828125,1696.0,1701.699951171875,56137,0.0,0.0,GODREJPROP.NS
2026-05-13 09:45:00+05:30,1701.5999755859375,1716.5,1700.5999755859375,1712.800048828125,42977,0.0,0.0,GODREJPROP.NS
2026-05-13 10:00:00+05:30,1711.199951171875,1722.0,1710.300048828125,1719.5999755859375,22032,0.0,0.0,GODREJPROP.NS
2026-05-13 10:15:00+05:30,1719.4000244140625,1729.699951171875,1719.199951171875,1722.800048828125,31252,0.0,0.0,GODREJPROP.NS
2026-05-13 10:30:00+05:30,1724.0,1731.800048828125,1721.0,1727.4000244140625,27417,0.0,0.0,GODREJPROP.NS
2026-05-13 10:45:00+05:30,1727.300048828125,1729.5999755859375,1713.4000244140625,1713.9000244140625,17248,0.0,0.0,GODREJPROP.NS
2026-05-13 11:00:00+05:30,1713.9000244140625,1717.699951171875,1711.0999755859375,1715.4000244140625,10654,0.0,0.0,GODREJPROP.NS
2026-05-13 11:15:00+05:30,1715.800048828125,1724.800048828125,1714.0,1722.699951171875,18285,0.0,0.0,GODREJPROP.NS
2026-05-13 11:30:00+05:30,1723.699951171875,1732.5,1721.300048828125,1731.0,17328,0.0,0.0,GODREJPROP.NS
2026-05-13 11:45:00+05:30,1731.9000244140625,1732.4000244140625,1725.0,1726.4000244140625,6202,0.0,0.0,GODREJPROP.NS
2026-05-13 12:00:00+05:30,1727.4000244140625,1740.0999755859375,1726.5999755859375,1738.300048828125,35040,0.0,0.0,GODREJPROP.NS
2026-05-13 12:15:00+05:30,1739.5999755859375,1742.0,1733.300048828125,1740.699951171875,45179,0.0,0.0,GODREJPROP.NS
2026-05-13 12:30:00+05:30,1740.800048828125,1742.0,1736.300048828125,1738.5999755859375,31515,0.0,0.0,GODREJPROP.NS
2026-05-13 12:45:00+05:30,1738.5999755859375,1756.4000244140625,1737.5,1754.699951171875,19470,0.0,0.0,GODREJPROP.NS
2026-05-13 13:00:00+05:30,1755.4000244140625,1756.300048828125,1748.0999755859375,1748.800048828125,18142,0.0,0.0,GODREJPROP.NS
2026-05-13 13:15:00+05:30,1750.4000244140625,1750.800048828125,1741.0999755859375,1743.0,40796,0.0,0.0,GODREJPROP.NS
2026-05-13 13:30:00+05:30,1742.4000244140625,1750.5,1740.5999755859375,1749.0,18510,0.0,0.0,GODREJPROP.NS
2026-05-13 13:45:00+05:30,1750.0,1752.5,1745.199951171875,1750.0,24596,0.0,0.0,GODREJPROP.NS
2026-05-13 14:00:00+05:30,1750.199951171875,1751.5,1744.199951171875,1749.300048828125,8142,0.0,0.0,GODREJPROP.NS
2026-05-13 14:15:00+05:30,1751.0,1751.4000244140625,1743.0999755859375,1745.5,4079,0.0,0.0,GODREJPROP.NS
2026-05-13 14:30:00+05:30,1748.4000244140625,1749.5,1744.0,1744.0,8530,0.0,0.0,GODREJPROP.NS
2026-05-13 14:45:00+05:30,1743.4000244140625,1749.5,1740.0,1741.300048828125,67222,0.0,0.0,GODREJPROP.NS
2026-05-13 15:00:00+05:30,1741.0,1741.0,1727.199951171875,1730.800048828125,53538,0.0,0.0,GODREJPROP.NS
2026-05-13 15:15:00+05:30,1729.5999755859375,1735.300048828125,1723.9000244140625,1730.5999755859375,40894,0.0,0.0,GODREJPROP.NS
2026-05-14 09:15:00+05:30,1738.199951171875,1748.0,1738.199951171875,1743.800048828125,9776,0.0,0.0,GODREJPROP.NS
2026-05-14 09:30:00+05:30,1743.199951171875,1743.199951171875,1711.0,1712.199951171875,25382,0.0,0.0,GODREJPROP.NS
2026-05-14 09:45:00+05:30,1712.0,1716.199951171875,1692.9000244140625,1697.199951171875,96087,0.0,0.0,GODREJPROP.NS
2026-05-14 10:00:00+05:30,1695.5999755859375,1700.4000244140625,1694.5,1699.699951171875,16732,0.0,0.0,GODREJPROP.NS
2026-05-14 10:15:00+05:30,1699.699951171875,1705.800048828125,1696.9000244140625,1702.0,13015,0.0,0.0,GODREJPROP.NS
2026-05-14 10:30:00+05:30,1703.199951171875,1706.4000244140625,1699.5,1702.4000244140625,6949,0.0,0.0,GODREJPROP.NS
2026-05-14 10:45:00+05:30,1702.9000244140625,1702.9000244140625,1692.0,1692.0,17750,0.0,0.0,GODREJPROP.NS
2026-05-14 11:00:00+05:30,1692.5,1696.0,1688.300048828125,1695.0,14138,0.0,0.0,GODREJPROP.NS
2026-05-14 11:15:00+05:30,1695.0,1708.0,1695.0,1707.699951171875,28770,0.0,0.0,GODREJPROP.NS
2026-05-14 11:30:00+05:30,1707.5999755859375,1725.5,1705.5,1725.5,38174,0.0,0.0,GODREJPROP.NS
2026-05-14 11:45:00+05:30,1726.0999755859375,1734.5999755859375,1722.300048828125,1730.9000244140625,15046,0.0,0.0,GODREJPROP.NS
2026-05-14 12:00:00+05:30,1731.0,1732.5,1727.0,1730.699951171875,9210,0.0,0.0,GODREJPROP.NS
2026-05-14 12:15:00+05:30,1730.300048828125,1739.800048828125,1729.4000244140625,1737.800048828125,17274,0.0,0.0,GODREJPROP.NS
2026-05-14 12:30:00+05:30,1737.800048828125,1743.0,1737.800048828125,1739.699951171875,7644,0.0,0.0,GODREJPROP.NS
2026-05-14 12:45:00+05:30,1739.0,1741.0,1736.800048828125,1738.0,6274,0.0,0.0,GODREJPROP.NS
2026-05-14 13:00:00+05:30,1738.0999755859375,1744.5,1736.0,1736.0,11090,0.0,0.0,GODREJPROP.NS
2026-05-14 13:15:00+05:30,1735.5999755859375,1741.800048828125,1735.5999755859375,1739.199951171875,8422,0.0,0.0,GODREJPROP.NS
2026-05-14 13:30:00+05:30,1737.5,1740.4000244140625,1736.0,1740.0,10329,0.0,0.0,GODREJPROP.NS
2026-05-14 13:45:00+05:30,1739.699951171875,1739.699951171875,1731.5999755859375,1732.800048828125,160049,0.0,0.0,GODREJPROP.NS
2026-05-14 14:00:00+05:30,1731.9000244140625,1744.0999755859375,1728.0999755859375,1738.699951171875,47186,0.0,0.0,GODREJPROP.NS
2026-05-14 14:15:00+05:30,1737.5,1741.300048828125,1732.800048828125,1739.300048828125,13015,0.0,0.0,GODREJPROP.NS
2026-05-14 14:30:00+05:30,1739.5,1745.0,1737.0999755859375,1738.300048828125,9040,0.0,0.0,GODREJPROP.NS
2026-05-14 14:45:00+05:30,1738.300048828125,1740.0,1733.4000244140625,1737.5,8143,0.0,0.0,GODREJPROP.NS
2026-05-14 15:00:00+05:30,1737.0,1737.4000244140625,1731.199951171875,1733.4000244140625,81599,0.0,0.0,GODREJPROP.NS
2026-05-14 15:15:00+05:30,1732.800048828125,1738.9000244140625,1731.800048828125,1736.0,55067,0.0,0.0,GODREJPROP.NS
2026-05-15 09:15:00+05:30,1739.9000244140625,1740.4000244140625,1714.300048828125,1719.199951171875,28669,0.0,0.0,GODREJPROP.NS
2026-05-15 09:30:00+05:30,1717.5999755859375,1722.199951171875,1710.5999755859375,1721.0,34974,0.0,0.0,GODREJPROP.NS
2026-05-15 09:45:00+05:30,1721.0,1732.0,1721.0,1728.300048828125,18836,0.0,0.0,GODREJPROP.NS
2026-05-15 10:00:00+05:30,1727.699951171875,1727.699951171875,1712.5999755859375,1716.4000244140625,15502,0.0,0.0,GODREJPROP.NS
2026-05-15 10:15:00+05:30,1715.699951171875,1721.9000244140625,1715.0,1719.800048828125,11706,0.0,0.0,GODREJPROP.NS
2026-05-15 10:30:00+05:30,1719.4000244140625,1722.9000244140625,1717.0,1722.300048828125,6712,0.0,0.0,GODREJPROP.NS
2026-05-15 10:45:00+05:30,1722.300048828125,1726.4000244140625,1721.300048828125,1726.4000244140625,9117,0.0,0.0,GODREJPROP.NS
2026-05-15 11:00:00+05:30,1726.4000244140625,1726.9000244140625,1717.5999755859375,1718.800048828125,9726,0.0,0.0,GODREJPROP.NS
2026-05-15 11:15:00+05:30,1718.5,1718.5,1713.199951171875,1714.699951171875,9404,0.0,0.0,GODREJPROP.NS
2026-05-15 11:30:00+05:30,1714.699951171875,1716.0,1711.0999755859375,1713.5999755859375,8502,0.0,0.0,GODREJPROP.NS
2026-05-15 11:45:00+05:30,1713.300048828125,1717.0999755859375,1710.5999755859375,1714.0,5625,0.0,0.0,GODREJPROP.NS
2026-05-15 12:00:00+05:30,1714.0,1721.699951171875,1714.0,1715.4000244140625,4435,0.0,0.0,GODREJPROP.NS
2026-05-15 12:15:00+05:30,1715.5,1715.5,1710.5,1711.199951171875,8715,0.0,0.0,GODREJPROP.NS
2026-05-15 12:30:00+05:30,1711.0,1716.4000244140625,1708.0,1716.199951171875,9795,0.0,0.0,GODREJPROP.NS
2026-05-15 12:45:00+05:30,1715.5999755859375,1717.5,1710.199951171875,1715.9000244140625,6969,0.0,0.0,GODREJPROP.NS
2026-05-15 13:00:00+05:30,1715.9000244140625,1720.0,1712.800048828125,1720.0,4569,0.0,0.0,GODREJPROP.NS
2026-05-15 13:15:00+05:30,1719.5999755859375,1721.800048828125,1715.5999755859375,1719.199951171875,2883,0.0,0.0,GODREJPROP.NS
2026-05-15 13:30:00+05:30,1718.9000244140625,1720.300048828125,1714.699951171875,1719.199951171875,5752,0.0,0.0,GODREJPROP.NS
2026-05-15 13:45:00+05:30,1719.0999755859375,1719.699951171875,1713.0999755859375,1717.199951171875,5211,0.0,0.0,GODREJPROP.NS
2026-05-15 14:00:00+05:30,1716.699951171875,1719.199951171875,1714.0,1718.4000244140625,6629,0.0,0.0,GODREJPROP.NS
2026-05-15 14:15:00+05:30,1718.4000244140625,1718.4000244140625,1713.0,1714.800048828125,6586,0.0,0.0,GODREJPROP.NS
2026-05-15 14:30:00+05:30,1715.9000244140625,1719.0,1712.199951171875,1716.4000244140625,16073,0.0,0.0,GODREJPROP.NS
2026-05-15 14:45:00+05:30,1716.4000244140625,1716.4000244140625,1707.199951171875,1712.9000244140625,16123,0.0,0.0,GODREJPROP.NS
2026-05-15 15:00:00+05:30,1711.800048828125,1719.5999755859375,1709.300048828125,1719.5999755859375,58123,0.0,0.0,GODREJPROP.NS
2026-05-15 15:15:00+05:30,1719.9000244140625,1720.0,1705.0,1706.0,76200,0.0,0.0,GODREJPROP.NS
2026-05-18 09:15:00+05:30,1676.0,1683.699951171875,1656.5999755859375,1658.9000244140625,38958,0.0,0.0,GODREJPROP.NS
2026-05-18 09:30:00+05:30,1659.9000244140625,1667.9000244140625,1651.4000244140625,1658.9000244140625,52600,0.0,0.0,GODREJPROP.NS
2026-05-18 09:45:00+05:30,1658.9000244140625,1659.5,1644.9000244140625,1650.0,28656,0.0,0.0,GODREJPROP.NS
2026-05-18 10:00:00+05:30,1650.0,1652.9000244140625,1646.5999755859375,1650.9000244140625,17568,0.0,0.0,GODREJPROP.NS
2026-05-18 10:15:00+05:30,1649.4000244140625,1652.0,1647.699951171875,1651.0999755859375,13821,0.0,0.0,GODREJPROP.NS
2026-05-18 10:30:00+05:30,1650.199951171875,1655.0,1644.9000244140625,1654.199951171875,21077,0.0,0.0,GODREJPROP.NS
2026-05-18 10:45:00+05:30,1654.9000244140625,1669.800048828125,1653.0,1668.0999755859375,18433,0.0,0.0,GODREJPROP.NS
2026-05-18 11:00:00+05:30,1668.0999755859375,1670.5999755859375,1666.0,1670.0,14456,0.0,0.0,GODREJPROP.NS
2026-05-18 11:15:00+05:30,1669.4000244140625,1674.5999755859375,1669.0,1673.5999755859375,10023,0.0,0.0,GODREJPROP.NS
2026-05-18 11:30:00+05:30,1673.5999755859375,1677.300048828125,1673.0999755859375,1676.0,9821,0.0,0.0,GODREJPROP.NS
2026-05-18 11:45:00+05:30,1676.699951171875,1676.699951171875,1666.5999755859375,1666.5999755859375,9726,0.0,0.0,GODREJPROP.NS
2026-05-18 12:00:00+05:30,1667.0,1669.4000244140625,1663.699951171875,1667.9000244140625,5631,0.0,0.0,GODREJPROP.NS
2026-05-18 12:15:00+05:30,1668.0,1672.199951171875,1664.800048828125,1670.699951171875,5747,0.0,0.0,GODREJPROP.NS
2026-05-18 12:30:00+05:30,1672.300048828125,1681.199951171875,1670.4000244140625,1674.0,14442,0.0,0.0,GODREJPROP.NS
2026-05-18 12:45:00+05:30,1674.0,1677.0,1672.0,1675.199951171875,6445,0.0,0.0,GODREJPROP.NS
2026-05-18 13:00:00+05:30,1675.800048828125,1679.199951171875,1672.0,1673.9000244140625,9603,0.0,0.0,GODREJPROP.NS
2026-05-18 13:15:00+05:30,1673.199951171875,1675.800048828125,1669.0,1673.699951171875,8493,0.0,0.0,GODREJPROP.NS
2026-05-18 13:30:00+05:30,1673.0,1676.0,1671.9000244140625,1675.300048828125,8280,0.0,0.0,GODREJPROP.NS
2026-05-18 13:45:00+05:30,1675.199951171875,1680.9000244140625,1673.0,1679.9000244140625,18611,0.0,0.0,GODREJPROP.NS
2026-05-18 14:00:00+05:30,1679.300048828125,1685.0,1679.0999755859375,1684.0,13239,0.0,0.0,GODREJPROP.NS
2026-05-18 14:15:00+05:30,1683.199951171875,1684.0,1678.9000244140625,1682.0,8919,0.0,0.0,GODREJPROP.NS
2026-05-18 14:30:00+05:30,1681.0999755859375,1685.300048828125,1677.5,1681.4000244140625,48942,0.0,0.0,GODREJPROP.NS
2026-05-18 14:45:00+05:30,1681.0999755859375,1681.199951171875,1673.0,1674.9000244140625,17036,0.0,0.0,GODREJPROP.NS
2026-05-18 15:00:00+05:30,1674.800048828125,1696.800048828125,1674.800048828125,1687.300048828125,51530,0.0,0.0,GODREJPROP.NS
2026-05-18 15:15:00+05:30,1687.300048828125,1693.5999755859375,1675.9000244140625,1686.300048828125,138730,0.0,0.0,GODREJPROP.NS
2026-05-19 09:15:00+05:30,1688.199951171875,1710.0,1686.4000244140625,1707.5999755859375,31124,0.0,0.0,GODREJPROP.NS
2026-05-19 09:30:00+05:30,1706.0,1709.5,1691.0999755859375,1706.300048828125,33152,0.0,0.0,GODREJPROP.NS
2026-05-19 09:45:00+05:30,1708.0999755859375,1715.0,1705.0,1709.5,25972,0.0,0.0,GODREJPROP.NS
2026-05-19 10:00:00+05:30,1708.300048828125,1738.5999755859375,1707.5999755859375,1736.5999755859375,44750,0.0,0.0,GODREJPROP.NS
2026-05-19 10:15:00+05:30,1737.0999755859375,1741.4000244140625,1731.0,1736.300048828125,35581,0.0,0.0,GODREJPROP.NS
2026-05-19 10:30:00+05:30,1737.5,1740.199951171875,1730.4000244140625,1733.699951171875,23619,0.0,0.0,GODREJPROP.NS
2026-05-19 10:45:00+05:30,1734.300048828125,1744.0,1733.5999755859375,1737.4000244140625,30890,0.0,0.0,GODREJPROP.NS
2026-05-19 11:00:00+05:30,1738.0999755859375,1738.9000244140625,1733.0,1733.9000244140625,7773,0.0,0.0,GODREJPROP.NS
2026-05-19 11:15:00+05:30,1732.699951171875,1736.199951171875,1729.5,1730.0,13646,0.0,0.0,GODREJPROP.NS
2026-05-19 11:30:00+05:30,1731.4000244140625,1735.4000244140625,1729.5999755859375,1734.4000244140625,5102,0.0,0.0,GODREJPROP.NS
2026-05-19 11:45:00+05:30,1734.4000244140625,1743.5,1734.4000244140625,1740.0,19001,0.0,0.0,GODREJPROP.NS
2026-05-19 12:00:00+05:30,1740.699951171875,1741.5999755859375,1734.199951171875,1734.800048828125,12567,0.0,0.0,GODREJPROP.NS
2026-05-19 12:15:00+05:30,1735.5999755859375,1737.699951171875,1733.699951171875,1736.199951171875,6244,0.0,0.0,GODREJPROP.NS
2026-05-19 12:30:00+05:30,1736.199951171875,1738.9000244140625,1731.0,1731.9000244140625,7384,0.0,0.0,GODREJPROP.NS
2026-05-19 12:45:00+05:30,1731.9000244140625,1734.0,1730.0999755859375,1732.4000244140625,9666,0.0,0.0,GODREJPROP.NS
2026-05-19 13:00:00+05:30,1731.9000244140625,1732.4000244140625,1723.5999755859375,1724.4000244140625,12458,0.0,0.0,GODREJPROP.NS
2026-05-19 13:15:00+05:30,1724.300048828125,1729.0999755859375,1721.199951171875,1727.4000244140625,9332,0.0,0.0,GODREJPROP.NS
2026-05-19 13:30:00+05:30,1727.5,1728.5999755859375,1721.5,1725.0,5893,0.0,0.0,GODREJPROP.NS
2026-05-19 13:45:00+05:30,1724.9000244140625,1728.5999755859375,1721.9000244140625,1724.9000244140625,4858,0.0,0.0,GODREJPROP.NS
2026-05-19 14:00:00+05:30,1725.4000244140625,1733.0999755859375,1725.300048828125,1727.0,7799,0.0,0.0,GODREJPROP.NS
2026-05-19 14:15:00+05:30,1726.300048828125,1729.5999755859375,1723.9000244140625,1724.199951171875,4537,0.0,0.0,GODREJPROP.NS
2026-05-19 14:30:00+05:30,1725.0999755859375,1726.4000244140625,1720.0,1720.199951171875,9411,0.0,0.0,GODREJPROP.NS
2026-05-19 14:45:00+05:30,1721.0,1721.0,1716.4000244140625,1717.800048828125,18003,0.0,0.0,GODREJPROP.NS
2026-05-19 15:00:00+05:30,1718.4000244140625,1721.699951171875,1715.300048828125,1717.699951171875,40351,0.0,0.0,GODREJPROP.NS
2026-05-19 15:15:00+05:30,1717.300048828125,1717.5999755859375,1711.4000244140625,1716.800048828125,53976,0.0,0.0,GODREJPROP.NS
2026-05-20 09:15:00+05:30,1683.5999755859375,1689.699951171875,1676.699951171875,1681.5999755859375,34727,0.0,0.0,GODREJPROP.NS
2026-05-20 09:30:00+05:30,1682.199951171875,1703.800048828125,1682.0999755859375,1697.0999755859375,44158,0.0,0.0,GODREJPROP.NS
2026-05-20 09:45:00+05:30,1695.4000244140625,1700.0,1694.4000244140625,1695.5999755859375,11828,0.0,0.0,GODREJPROP.NS
2026-05-20 10:00:00+05:30,1695.5999755859375,1696.199951171875,1686.0,1687.199951171875,19702,0.0,0.0,GODREJPROP.NS
2026-05-20 10:15:00+05:30,1687.0,1689.0,1682.0,1684.699951171875,21584,0.0,0.0,GODREJPROP.NS
2026-05-20 10:30:00+05:30,1685.699951171875,1694.5,1685.300048828125,1692.199951171875,16156,0.0,0.0,GODREJPROP.NS
2026-05-20 10:45:00+05:30,1692.800048828125,1698.0,1690.9000244140625,1696.9000244140625,9168,0.0,0.0,GODREJPROP.NS
2026-05-20 11:00:00+05:30,1696.9000244140625,1701.9000244140625,1696.9000244140625,1698.5999755859375,16201,0.0,0.0,GODREJPROP.NS
2026-05-20 11:15:00+05:30,1698.699951171875,1701.9000244140625,1696.9000244140625,1700.5999755859375,12277,0.0,0.0,GODREJPROP.NS
2026-05-20 11:30:00+05:30,1700.9000244140625,1707.0,1698.0,1706.800048828125,10410,0.0,0.0,GODREJPROP.NS
2026-05-20 11:45:00+05:30,1706.699951171875,1723.4000244140625,1706.699951171875,1716.4000244140625,20348,0.0,0.0,GODREJPROP.NS
2026-05-20 12:00:00+05:30,1716.4000244140625,1717.199951171875,1709.0,1709.300048828125,6744,0.0,0.0,GODREJPROP.NS
2026-05-20 12:15:00+05:30,1709.5,1712.800048828125,1707.9000244140625,1709.300048828125,8153,0.0,0.0,GODREJPROP.NS
2026-05-20 12:30:00+05:30,1710.0999755859375,1710.800048828125,1708.5,1709.9000244140625,5093,0.0,0.0,GODREJPROP.NS
2026-05-20 12:45:00+05:30,1709.800048828125,1714.4000244140625,1709.199951171875,1713.0999755859375,3853,0.0,0.0,GODREJPROP.NS
2026-05-20 13:00:00+05:30,1712.4000244140625,1714.699951171875,1709.699951171875,1710.4000244140625,2236,0.0,0.0,GODREJPROP.NS
2026-05-20 13:15:00+05:30,1712.199951171875,1712.199951171875,1707.4000244140625,1709.5,4682,0.0,0.0,GODREJPROP.NS
2026-05-20 13:30:00+05:30,1709.0,1709.9000244140625,1704.800048828125,1707.9000244140625,4441,0.0,0.0,GODREJPROP.NS
2026-05-20 13:45:00+05:30,1707.5,1719.9000244140625,1707.0,1719.9000244140625,12952,0.0,0.0,GODREJPROP.NS
2026-05-20 14:00:00+05:30,1720.0999755859375,1723.0999755859375,1718.4000244140625,1720.9000244140625,8990,0.0,0.0,GODREJPROP.NS
2026-05-20 14:15:00+05:30,1720.9000244140625,1724.800048828125,1719.9000244140625,1723.199951171875,9430,0.0,0.0,GODREJPROP.NS
2026-05-20 14:30:00+05:30,1724.300048828125,1728.0,1723.0,1725.800048828125,28461,0.0,0.0,GODREJPROP.NS
2026-05-20 14:45:00+05:30,1726.699951171875,1729.800048828125,1725.0,1725.0,10755,0.0,0.0,GODREJPROP.NS
2026-05-20 15:00:00+05:30,1725.4000244140625,1725.4000244140625,1718.0,1718.5,33792,0.0,0.0,GODREJPROP.NS
2026-05-20 15:15:00+05:30,1718.5999755859375,1721.0,1713.800048828125,1721.0,31566,0.0,0.0,GODREJPROP.NS
2026-05-21 09:15:00+05:30,1735.0999755859375,1758.9000244140625,1735.0999755859375,1745.199951171875,36731,0.0,0.0,GODREJPROP.NS
2026-05-21 09:30:00+05:30,1745.0999755859375,1749.9000244140625,1740.9000244140625,1748.5999755859375,28326,0.0,0.0,GODREJPROP.NS
2026-05-21 09:45:00+05:30,1748.0,1748.0,1737.699951171875,1740.0,25640,0.0,0.0,GODREJPROP.NS
2026-05-21 10:00:00+05:30,1738.5,1742.5999755859375,1735.0999755859375,1737.5,17829,0.0,0.0,GODREJPROP.NS
2026-05-21 10:15:00+05:30,1738.5,1742.5999755859375,1735.5999755859375,1740.0,19835,0.0,0.0,GODREJPROP.NS
2026-05-21 10:30:00+05:30,1741.699951171875,1741.699951171875,1732.0999755859375,1734.9000244140625,9723,0.0,0.0,GODREJPROP.NS
2026-05-21 10:45:00+05:30,1733.5,1734.0999755859375,1728.0,1730.199951171875,14727,0.0,0.0,GODREJPROP.NS
2026-05-21 11:00:00+05:30,1730.9000244140625,1730.9000244140625,1723.699951171875,1723.699951171875,10740,0.0,0.0,GODREJPROP.NS
2026-05-21 11:15:00+05:30,1723.5999755859375,1728.9000244140625,1717.199951171875,1728.5999755859375,21769,0.0,0.0,GODREJPROP.NS
2026-05-21 11:30:00+05:30,1726.800048828125,1732.0,1726.5999755859375,1731.300048828125,14670,0.0,0.0,GODREJPROP.NS
2026-05-21 11:45:00+05:30,1732.5999755859375,1734.5999755859375,1726.0,1726.0,20655,0.0,0.0,GODREJPROP.NS
2026-05-21 12:00:00+05:30,1727.0,1738.4000244140625,1727.0,1738.4000244140625,22819,0.0,0.0,GODREJPROP.NS
2026-05-21 12:15:00+05:30,1738.4000244140625,1740.0,1736.0999755859375,1736.5,35553,0.0,0.0,GODREJPROP.NS
2026-05-21 12:30:00+05:30,1736.5,1741.699951171875,1731.199951171875,1734.699951171875,58869,0.0,0.0,GODREJPROP.NS
2026-05-21 12:45:00+05:30,1734.699951171875,1743.4000244140625,1732.5,1741.0999755859375,40401,0.0,0.0,GODREJPROP.NS
2026-05-21 13:00:00+05:30,1741.0999755859375,1742.0,1734.0999755859375,1741.0,27013,0.0,0.0,GODREJPROP.NS
2026-05-21 13:15:00+05:30,1740.0,1743.300048828125,1739.9000244140625,1741.5999755859375,19010,0.0,0.0,GODREJPROP.NS
2026-05-21 13:30:00+05:30,1741.300048828125,1744.300048828125,1738.0999755859375,1743.699951171875,32764,0.0,0.0,GODREJPROP.NS
2026-05-21 13:45:00+05:30,1742.9000244140625,1745.5,1738.0,1742.9000244140625,21933,0.0,0.0,GODREJPROP.NS
2026-05-21 14:00:00+05:30,1743.4000244140625,1743.4000244140625,1738.0999755859375,1738.800048828125,5013,0.0,0.0,GODREJPROP.NS
2026-05-21 14:15:00+05:30,1737.5,1741.5999755859375,1737.0,1737.9000244140625,8366,0.0,0.0,GODREJPROP.NS
2026-05-21 14:30:00+05:30,1737.0,1740.0,1733.0,1734.0999755859375,29302,0.0,0.0,GODREJPROP.NS
2026-05-21 14:45:00+05:30,1734.5,1740.699951171875,1734.5,1740.5,44597,0.0,0.0,GODREJPROP.NS
2026-05-21 15:00:00+05:30,1739.300048828125,1742.5999755859375,1735.800048828125,1739.0999755859375,35682,0.0,0.0,GODREJPROP.NS
2026-05-21 15:15:00+05:30,1738.300048828125,1738.5999755859375,1730.0,1730.0,118830,0.0,0.0,GODREJPROP.NS
2026-05-22 09:15:00+05:30,1743.300048828125,1743.300048828125,1718.0,1723.5999755859375,18294,0.0,0.0,GODREJPROP.NS
2026-05-22 09:30:00+05:30,1723.0,1730.800048828125,1710.0999755859375,1714.800048828125,26702,0.0,0.0,GODREJPROP.NS
2026-05-22 09:45:00+05:30,1714.0999755859375,1726.0,1714.0999755859375,1718.0,18251,0.0,0.0,GODREJPROP.NS
2026-05-22 10:00:00+05:30,1718.0,1719.5999755859375,1715.0,1717.800048828125,8691,0.0,0.0,GODREJPROP.NS
2026-05-22 10:15:00+05:30,1717.800048828125,1718.5999755859375,1715.0,1715.0,8676,0.0,0.0,GODREJPROP.NS
2026-05-22 10:30:00+05:30,1715.0999755859375,1717.699951171875,1712.0,1715.0,8925,0.0,0.0,GODREJPROP.NS
2026-05-22 10:45:00+05:30,1716.4000244140625,1723.9000244140625,1715.800048828125,1722.0999755859375,26010,0.0,0.0,GODREJPROP.NS
2026-05-22 11:00:00+05:30,1722.0,1724.800048828125,1720.0999755859375,1723.0,9175,0.0,0.0,GODREJPROP.NS
2026-05-22 11:15:00+05:30,1722.5,1725.0,1720.4000244140625,1724.0,11933,0.0,0.0,GODREJPROP.NS
2026-05-22 11:30:00+05:30,1723.0999755859375,1741.9000244140625,1722.5,1741.0999755859375,40306,0.0,0.0,GODREJPROP.NS
2026-05-22 11:45:00+05:30,1741.699951171875,1749.0,1740.800048828125,1745.199951171875,35818,0.0,0.0,GODREJPROP.NS
2026-05-22 12:00:00+05:30,1746.0,1748.800048828125,1743.5,1745.0,12331,0.0,0.0,GODREJPROP.NS
2026-05-22 12:15:00+05:30,1745.4000244140625,1751.0,1745.0,1745.0,16838,0.0,0.0,GODREJPROP.NS
2026-05-22 12:30:00+05:30,1745.0,1749.0,1745.0,1745.0,12109,0.0,0.0,GODREJPROP.NS
2026-05-22 12:45:00+05:30,1745.0,1747.199951171875,1745.0,1746.199951171875,5177,0.0,0.0,GODREJPROP.NS
2026-05-22 13:00:00+05:30,1746.699951171875,1746.800048828125,1742.800048828125,1744.800048828125,16801,0.0,0.0,GODREJPROP.NS
2026-05-22 13:15:00+05:30,1744.699951171875,1748.4000244140625,1744.699951171875,1746.4000244140625,6584,0.0,0.0,GODREJPROP.NS
2026-05-22 13:30:00+05:30,1746.5999755859375,1746.5999755859375,1744.0999755859375,1745.0,9919,0.0,0.0,GODREJPROP.NS
2026-05-22 13:45:00+05:30,1745.0,1746.800048828125,1739.199951171875,1742.4000244140625,12668,0.0,0.0,GODREJPROP.NS
2026-05-22 14:00:00+05:30,1742.300048828125,1742.300048828125,1736.0,1737.0999755859375,6500,0.0,0.0,GODREJPROP.NS
2026-05-22 14:15:00+05:30,1736.4000244140625,1738.9000244140625,1735.0999755859375,1735.9000244140625,5482,0.0,0.0,GODREJPROP.NS
2026-05-22 14:30:00+05:30,1735.0,1737.300048828125,1729.4000244140625,1731.300048828125,10950,0.0,0.0,GODREJPROP.NS
2026-05-22 14:45:00+05:30,1730.699951171875,1738.9000244140625,1730.699951171875,1732.9000244140625,10178,0.0,0.0,GODREJPROP.NS
2026-05-22 15:00:00+05:30,1733.0,1735.699951171875,1726.800048828125,1735.699951171875,32705,0.0,0.0,GODREJPROP.NS
2026-05-22 15:15:00+05:30,1735.0999755859375,1745.0,1730.0,1745.0,28962,0.0,0.0,GODREJPROP.NS
2026-05-25 09:15:00+05:30,1758.4000244140625,1764.0,1752.699951171875,1757.699951171875,21309,0.0,0.0,GODREJPROP.NS
2026-05-25 09:30:00+05:30,1756.4000244140625,1761.0,1753.800048828125,1756.0,18897,0.0,0.0,GODREJPROP.NS
2026-05-25 09:45:00+05:30,1755.5999755859375,1758.5,1750.0,1750.5999755859375,26731,0.0,0.0,GODREJPROP.NS
2026-05-25 10:00:00+05:30,1751.699951171875,1757.0,1750.699951171875,1754.199951171875,9846,0.0,0.0,GODREJPROP.NS
2026-05-25 10:15:00+05:30,1755.0999755859375,1759.800048828125,1754.199951171875,1757.5999755859375,8905,0.0,0.0,GODREJPROP.NS
2026-05-25 10:30:00+05:30,1758.300048828125,1762.0,1756.0,1760.5999755859375,8704,0.0,0.0,GODREJPROP.NS
2026-05-25 10:45:00+05:30,1760.5999755859375,1761.0999755859375,1756.0,1758.5999755859375,8068,0.0,0.0,GODREJPROP.NS
2026-05-25 11:00:00+05:30,1759.0,1759.0,1755.0,1755.0999755859375,5971,0.0,0.0,GODREJPROP.NS
2026-05-25 11:15:00+05:30,1755.0999755859375,1756.4000244140625,1753.4000244140625,1754.4000244140625,11888,0.0,0.0,GODREJPROP.NS
2026-05-25 11:30:00+05:30,1755.300048828125,1758.699951171875,1754.0,1758.699951171875,10752,0.0,0.0,GODREJPROP.NS
2026-05-25 11:45:00+05:30,1757.199951171875,1766.699951171875,1757.199951171875,1763.5,29954,0.0,0.0,GODREJPROP.NS
2026-05-25 12:00:00+05:30,1764.199951171875,1766.300048828125,1762.4000244140625,1766.300048828125,25752,0.0,0.0,GODREJPROP.NS
2026-05-25 12:15:00+05:30,1767.0,1767.5,1764.5999755859375,1765.4000244140625,6205,0.0,0.0,GODREJPROP.NS
2026-05-25 12:30:00+05:30,1764.699951171875,1767.0,1763.0999755859375,1763.4000244140625,6975,0.0,0.0,GODREJPROP.NS
2026-05-25 12:45:00+05:30,1765.199951171875,1767.9000244140625,1762.0,1766.5,20787,0.0,0.0,GODREJPROP.NS
2026-05-25 13:00:00+05:30,1766.5,1770.0,1765.0,1767.9000244140625,10611,0.0,0.0,GODREJPROP.NS
2026-05-25 13:15:00+05:30,1768.0,1769.5999755859375,1765.800048828125,1766.300048828125,2881,0.0,0.0,GODREJPROP.NS
2026-05-25 13:30:00+05:30,1767.0,1767.199951171875,1763.0,1764.699951171875,8749,0.0,0.0,GODREJPROP.NS
2026-05-25 13:45:00+05:30,1765.5999755859375,1765.800048828125,1762.0,1764.0999755859375,7197,0.0,0.0,GODREJPROP.NS
2026-05-25 14:00:00+05:30,1764.0,1765.300048828125,1763.0,1763.199951171875,5580,0.0,0.0,GODREJPROP.NS
2026-05-25 14:15:00+05:30,1764.0,1764.699951171875,1763.0,1763.5,7573,0.0,0.0,GODREJPROP.NS
2026-05-25 14:30:00+05:30,1763.4000244140625,1765.0,1762.5,1763.699951171875,10930,0.0,0.0,GODREJPROP.NS
2026-05-25 14:45:00+05:30,1765.0,1766.9000244140625,1764.300048828125,1765.9000244140625,4697,0.0,0.0,GODREJPROP.NS
2026-05-25 15:00:00+05:30,1766.0,1770.0,1764.0,1769.4000244140625,25919,0.0,0.0,GODREJPROP.NS
2026-05-25 15:15:00+05:30,1769.300048828125,1770.0,1765.0,1768.199951171875,26670,0.0,0.0,GODREJPROP.NS
2026-05-26 09:15:00+05:30,1774.800048828125,1774.800048828125,1756.0,1771.0,18940,0.0,0.0,GODREJPROP.NS
2026-05-26 09:30:00+05:30,1770.5,1779.9000244140625,1769.0,1775.0999755859375,30547,0.0,0.0,GODREJPROP.NS
2026-05-26 09:45:00+05:30,1774.4000244140625,1779.199951171875,1771.199951171875,1778.5,25258,0.0,0.0,GODREJPROP.NS
2026-05-26 10:00:00+05:30,1779.0,1785.4000244140625,1778.5,1782.5999755859375,33815,0.0,0.0,GODREJPROP.NS
2026-05-26 10:15:00+05:30,1784.0,1787.4000244140625,1783.5,1787.0,16806,0.0,0.0,GODREJPROP.NS
2026-05-26 10:30:00+05:30,1787.4000244140625,1790.800048828125,1787.0,1789.199951171875,18116,0.0,0.0,GODREJPROP.NS
2026-05-26 10:45:00+05:30,1789.199951171875,1789.800048828125,1786.300048828125,1787.0,9817,0.0,0.0,GODREJPROP.NS
2026-05-26 11:00:00+05:30,1787.699951171875,1789.0,1785.5999755859375,1787.0999755859375,5397,0.0,0.0,GODREJPROP.NS
2026-05-26 11:15:00+05:30,1787.0999755859375,1788.4000244140625,1784.5999755859375,1785.300048828125,6925,0.0,0.0,GODREJPROP.NS
2026-05-26 11:30:00+05:30,1785.0999755859375,1787.0,1784.0999755859375,1784.800048828125,4007,0.0,0.0,GODREJPROP.NS
2026-05-26 11:45:00+05:30,1785.199951171875,1786.699951171875,1780.800048828125,1781.0999755859375,6749,0.0,0.0,GODREJPROP.NS
2026-05-26 12:00:00+05:30,1780.800048828125,1784.0,1780.0,1780.199951171875,6563,0.0,0.0,GODREJPROP.NS
2026-05-26 12:15:00+05:30,1781.0999755859375,1783.5999755859375,1780.0999755859375,1781.199951171875,3634,0.0,0.0,GODREJPROP.NS
2026-05-26 12:30:00+05:30,1781.0999755859375,1781.199951171875,1777.5999755859375,1778.699951171875,10831,0.0,0.0,GODREJPROP.NS
2026-05-26 12:45:00+05:30,1777.5999755859375,1777.5999755859375,1771.4000244140625,1772.0,8446,0.0,0.0,GODREJPROP.NS
2026-05-26 13:00:00+05:30,1772.5,1772.5999755859375,1759.9000244140625,1761.5999755859375,22756,0.0,0.0,GODREJPROP.NS
2026-05-26 13:15:00+05:30,1762.0999755859375,1762.800048828125,1758.800048828125,1761.800048828125,15758,0.0,0.0,GODREJPROP.NS
2026-05-26 13:30:00+05:30,1761.0,1763.0,1757.4000244140625,1758.0,7272,0.0,0.0,GODREJPROP.NS
2026-05-26 13:45:00+05:30,1757.5999755859375,1758.9000244140625,1757.0,1758.300048828125,4530,0.0,0.0,GODREJPROP.NS
2026-05-26 14:00:00+05:30,1758.300048828125,1758.300048828125,1755.0,1757.0999755859375,19199,0.0,0.0,GODREJPROP.NS
2026-05-26 14:15:00+05:30,1758.0,1761.699951171875,1755.9000244140625,1760.5999755859375,6427,0.0,0.0,GODREJPROP.NS
2026-05-26 14:30:00+05:30,1759.4000244140625,1760.0,1753.0,1753.0,12194,0.0,0.0,GODREJPROP.NS
2026-05-26 14:45:00+05:30,1754.0999755859375,1757.5999755859375,1752.5,1756.199951171875,5257,0.0,0.0,GODREJPROP.NS
2026-05-26 15:00:00+05:30,1756.0,1760.0,1754.0,1756.5999755859375,15527,0.0,0.0,GODREJPROP.NS
2026-05-26 15:15:00+05:30,1757.0999755859375,1767.4000244140625,1756.0999755859375,1761.699951171875,61381,0.0,0.0,GODREJPROP.NS
2026-05-27 09:15:00+05:30,1759.9000244140625,1785.0,1753.800048828125,1771.0,23552,0.0,0.0,GODREJPROP.NS
2026-05-27 09:30:00+05:30,1769.9000244140625,1778.699951171875,1768.0,1774.300048828125,10745,0.0,0.0,GODREJPROP.NS
2026-05-27 09:45:00+05:30,1772.5999755859375,1784.0,1772.5999755859375,1780.300048828125,14072,0.0,0.0,GODREJPROP.NS
2026-05-27 10:00:00+05:30,1780.0,1787.5,1778.0,1786.5999755859375,26227,0.0,0.0,GODREJPROP.NS
2026-05-27 10:15:00+05:30,1786.199951171875,1794.0,1784.300048828125,1784.5,25747,0.0,0.0,GODREJPROP.NS
2026-05-27 10:30:00+05:30,1785.0999755859375,1794.0,1784.0,1793.0,26285,0.0,0.0,GODREJPROP.NS
2026-05-27 10:45:00+05:30,1793.0,1799.0,1787.5999755859375,1795.0,33115,0.0,0.0,GODREJPROP.NS
2026-05-27 11:00:00+05:30,1795.800048828125,1799.0999755859375,1792.300048828125,1796.0,15251,0.0,0.0,GODREJPROP.NS
2026-05-27 11:15:00+05:30,1797.4000244140625,1806.0,1796.800048828125,1805.0,28403,0.0,0.0,GODREJPROP.NS
2026-05-27 11:30:00+05:30,1805.0999755859373,1812.0,1803.199951171875,1810.4000244140625,52276,0.0,0.0,GODREJPROP.NS
2026-05-27 11:45:00+05:30,1810.4000244140625,1812.300048828125,1803.0,1805.0,34835,0.0,0.0,GODREJPROP.NS
2026-05-27 12:00:00+05:30,1804.800048828125,1804.800048828125,1795.5,1795.800048828125,13308,0.0,0.0,GODREJPROP.NS
2026-05-27 12:15:00+05:30,1795.4000244140625,1798.199951171875,1790.5,1790.5,8700,0.0,0.0,GODREJPROP.NS
2026-05-27 12:30:00+05:30,1790.699951171875,1795.9000244140625,1789.9000244140625,1794.9000244140625,9911,0.0,0.0,GODREJPROP.NS
2026-05-27 12:45:00+05:30,1794.9000244140625,1796.0999755859375,1786.0999755859375,1786.0999755859375,7463,0.0,0.0,GODREJPROP.NS
2026-05-27 13:00:00+05:30,1785.300048828125,1788.0,1782.0999755859375,1782.0999755859375,10498,0.0,0.0,GODREJPROP.NS
2026-05-27 13:15:00+05:30,1782.5,1794.4000244140625,1782.0999755859375,1793.199951171875,14109,0.0,0.0,GODREJPROP.NS
2026-05-27 13:30:00+05:30,1792.5,1794.9000244140625,1785.0,1787.9000244140625,21915,0.0,0.0,GODREJPROP.NS
2026-05-27 13:45:00+05:30,1787.9000244140625,1788.9000244140625,1785.0,1787.5,8197,0.0,0.0,GODREJPROP.NS
2026-05-27 14:00:00+05:30,1788.300048828125,1797.0,1787.5999755859375,1793.0999755859375,19180,0.0,0.0,GODREJPROP.NS
2026-05-27 14:15:00+05:30,1793.0,1797.0999755859375,1791.0,1791.800048828125,21948,0.0,0.0,GODREJPROP.NS
2026-05-27 14:30:00+05:30,1790.800048828125,1791.5999755859375,1787.0999755859375,1788.5,11418,0.0,0.0,GODREJPROP.NS
2026-05-27 14:45:00+05:30,1787.699951171875,1792.0,1786.5999755859375,1790.5,9328,0.0,0.0,GODREJPROP.NS
2026-05-27 15:00:00+05:30,1790.5,1790.5,1785.0,1786.9000244140625,35397,0.0,0.0,GODREJPROP.NS
2026-05-27 15:15:00+05:30,1786.5,1791.9000244140625,1786.0,1790.5999755859375,59471,0.0,0.0,GODREJPROP.NS
2026-05-29 09:15:00+05:30,1824.5,1826.4000244140625,1810.199951171875,1810.5,24370,0.0,0.0,GODREJPROP.NS
2026-05-29 09:30:00+05:30,1808.300048828125,1827.9000244140625,1808.0,1820.300048828125,55945,0.0,0.0,GODREJPROP.NS
2026-05-29 09:45:00+05:30,1821.0999755859373,1833.0999755859373,1819.0,1823.4000244140625,47392,0.0,0.0,GODREJPROP.NS
2026-05-29 10:00:00+05:30,1824.300048828125,1825.0,1818.300048828125,1825.0,20555,0.0,0.0,GODREJPROP.NS
2026-05-29 10:15:00+05:30,1825.800048828125,1827.699951171875,1823.199951171875,1826.4000244140625,13951,0.0,0.0,GODREJPROP.NS
2026-05-29 10:30:00+05:30,1825.5,1832.0,1824.300048828125,1824.300048828125,30503,0.0,0.0,GODREJPROP.NS
2026-05-29 10:45:00+05:30,1822.199951171875,1822.199951171875,1810.0,1811.0,29112,0.0,0.0,GODREJPROP.NS
2026-05-29 11:00:00+05:30,1811.0,1813.199951171875,1806.5999755859373,1809.0,13862,0.0,0.0,GODREJPROP.NS
2026-05-29 11:15:00+05:30,1808.4000244140625,1810.0,1805.4000244140625,1807.0,13856,0.0,0.0,GODREJPROP.NS
2026-05-29 11:30:00+05:30,1807.199951171875,1807.9000244140625,1795.800048828125,1798.300048828125,34519,0.0,0.0,GODREJPROP.NS
2026-05-29 11:45:00+05:30,1797.0999755859375,1801.699951171875,1793.800048828125,1798.800048828125,156288,0.0,0.0,GODREJPROP.NS
2026-05-29 12:00:00+05:30,1798.199951171875,1798.800048828125,1787.199951171875,1789.0999755859375,16034,0.0,0.0,GODREJPROP.NS
2026-05-29 12:15:00+05:30,1788.4000244140625,1789.300048828125,1780.0,1789.0999755859375,19898,0.0,0.0,GODREJPROP.NS
2026-05-29 12:30:00+05:30,1790.0,1795.300048828125,1788.0,1791.9000244140625,16339,0.0,0.0,GODREJPROP.NS
2026-05-29 12:45:00+05:30,1791.300048828125,1792.4000244140625,1783.800048828125,1785.4000244140625,9565,0.0,0.0,GODREJPROP.NS
2026-05-29 13:00:00+05:30,1786.5999755859375,1786.5999755859375,1776.199951171875,1776.199951171875,13326,0.0,0.0,GODREJPROP.NS
2026-05-29 13:15:00+05:30,1776.0,1782.0,1775.199951171875,1778.9000244140625,97553,0.0,0.0,GODREJPROP.NS
2026-05-29 13:30:00+05:30,1778.9000244140625,1782.9000244140625,1778.5,1779.0,9927,0.0,0.0,GODREJPROP.NS
2026-05-29 13:45:00+05:30,1779.0,1782.300048828125,1776.0999755859375,1781.0,9864,0.0,0.0,GODREJPROP.NS
2026-05-29 14:00:00+05:30,1781.5,1781.5,1776.800048828125,1779.5,8501,0.0,0.0,GODREJPROP.NS
2026-05-29 14:15:00+05:30,1779.0,1782.9000244140625,1778.5,1781.199951171875,7687,0.0,0.0,GODREJPROP.NS
2026-05-29 14:30:00+05:30,1783.0,1793.4000244140625,1783.0,1788.5,23393,0.0,0.0,GODREJPROP.NS
2026-05-29 14:45:00+05:30,1788.5999755859375,1791.9000244140625,1784.199951171875,1787.5,15720,0.0,0.0,GODREJPROP.NS
2026-05-29 15:00:00+05:30,1786.699951171875,1787.4000244140625,1753.0,1759.300048828125,742893,0.0,0.0,GODREJPROP.NS
2026-05-29 15:15:00+05:30,1759.0999755859375,1780.0,1756.5999755859375,1776.0,665565,0.0,0.0,GODREJPROP.NS
2026-06-01 09:15:00+05:30,1789.0,1790.4000244140625,1760.5,1766.0,49043,0.0,0.0,GODREJPROP.NS
2026-06-01 09:30:00+05:30,1766.300048828125,1770.699951171875,1751.0999755859375,1758.300048828125,31816,0.0,0.0,GODREJPROP.NS
2026-06-01 09:45:00+05:30,1758.0999755859375,1768.800048828125,1758.0999755859375,1759.5,18215,0.0,0.0,GODREJPROP.NS
2026-06-01 10:00:00+05:30,1759.300048828125,1760.199951171875,1752.699951171875,1755.5999755859375,14808,0.0,0.0,GODREJPROP.NS
2026-06-01 10:15:00+05:30,1755.0999755859375,1761.5999755859375,1751.0,1752.5,17928,0.0,0.0,GODREJPROP.NS
2026-06-01 10:30:00+05:30,1752.0,1753.5,1748.199951171875,1751.5,13806,0.0,0.0,GODREJPROP.NS
2026-06-01 10:45:00+05:30,1752.0,1768.199951171875,1752.0,1764.0,15236,0.0,0.0,GODREJPROP.NS
2026-06-01 11:00:00+05:30,1764.0,1778.5999755859375,1764.0,1778.199951171875,17430,0.0,0.0,GODREJPROP.NS
2026-06-01 11:15:00+05:30,1779.4000244140625,1784.0999755859375,1768.800048828125,1770.0,19329,0.0,0.0,GODREJPROP.NS
2026-06-01 11:30:00+05:30,1768.9000244140625,1768.9000244140625,1761.300048828125,1761.300048828125,9363,0.0,0.0,GODREJPROP.NS
2026-06-01 11:45:00+05:30,1760.5999755859375,1760.5999755859375,1748.0,1749.0,15072,0.0,0.0,GODREJPROP.NS
2026-06-01 12:00:00+05:30,1747.0,1752.4000244140625,1746.5999755859375,1751.5999755859375,12621,0.0,0.0,GODREJPROP.NS
2026-06-01 12:15:00+05:30,1751.5,1751.5,1747.0999755859375,1747.0999755859375,9237,0.0,0.0,GODREJPROP.NS
2026-06-01 12:30:00+05:30,1747.5,1752.800048828125,1745.0,1752.0999755859375,10571,0.0,0.0,GODREJPROP.NS
2026-06-01 12:45:00+05:30,1753.0,1753.9000244140625,1747.0999755859375,1749.699951171875,10227,0.0,0.0,GODREJPROP.NS
2026-06-01 13:00:00+05:30,1750.0,1752.0999755859375,1740.800048828125,1741.800048828125,18043,0.0,0.0,GODREJPROP.NS
2026-06-01 13:15:00+05:30,1741.0999755859375,1743.0999755859375,1737.0,1738.5,12489,0.0,0.0,GODREJPROP.NS
2026-06-01 13:30:00+05:30,1738.199951171875,1740.300048828125,1735.199951171875,1735.199951171875,8280,0.0,0.0,GODREJPROP.NS
2026-06-01 13:45:00+05:30,1734.0999755859375,1735.5,1728.0,1729.0,23721,0.0,0.0,GODREJPROP.NS
2026-06-01 14:00:00+05:30,1729.0,1729.300048828125,1722.5,1722.699951171875,13564,0.0,0.0,GODREJPROP.NS
2026-06-01 14:15:00+05:30,1723.0,1725.5,1720.0999755859375,1720.699951171875,14909,0.0,0.0,GODREJPROP.NS
2026-06-01 14:30:00+05:30,1720.199951171875,1729.5999755859375,1717.5,1727.699951171875,30036,0.0,0.0,GODREJPROP.NS
2026-06-01 14:45:00+05:30,1727.0999755859375,1730.0,1717.199951171875,1718.0,16044,0.0,0.0,GODREJPROP.NS
2026-06-01 15:00:00+05:30,1715.800048828125,1720.9000244140625,1712.0,1715.9000244140625,30764,0.0,0.0,GODREJPROP.NS
2026-06-01 15:15:00+05:30,1716.0999755859375,1722.0999755859375,1709.300048828125,1714.199951171875,52649,0.0,0.0,GODREJPROP.NS
2026-06-02 09:15:00+05:30,1702.699951171875,1708.800048828125,1674.5999755859375,1702.5999755859375,58160,0.0,0.0,GODREJPROP.NS
2026-06-02 09:30:00+05:30,1703.699951171875,1721.300048828125,1697.5999755859375,1715.199951171875,57335,0.0,0.0,GODREJPROP.NS
2026-06-02 09:45:00+05:30,1715.199951171875,1723.4000244140625,1711.0,1720.9000244140625,44464,0.0,0.0,GODREJPROP.NS
2026-06-02 10:00:00+05:30,1720.300048828125,1721.4000244140625,1710.0999755859375,1712.0999755859375,29156,0.0,0.0,GODREJPROP.NS
2026-06-02 10:15:00+05:30,1712.0999755859375,1717.0999755859375,1706.0999755859375,1715.9000244140625,31324,0.0,0.0,GODREJPROP.NS
2026-06-02 10:30:00+05:30,1716.5,1717.9000244140625,1710.0,1717.699951171875,23219,0.0,0.0,GODREJPROP.NS
2026-06-02 10:45:00+05:30,1718.0,1718.0,1702.0,1705.800048828125,15141,0.0,0.0,GODREJPROP.NS
2026-06-02 11:00:00+05:30,1705.800048828125,1710.800048828125,1704.800048828125,1708.5,11847,0.0,0.0,GODREJPROP.NS
2026-06-02 11:15:00+05:30,1708.5999755859375,1716.199951171875,1707.5999755859375,1711.4000244140625,18836,0.0,0.0,GODREJPROP.NS
2026-06-02 11:30:00+05:30,1711.4000244140625,1715.5,1702.0999755859375,1707.0,23111,0.0,0.0,GODREJPROP.NS
2026-06-02 11:45:00+05:30,1707.0,1707.0999755859375,1698.199951171875,1698.199951171875,23879,0.0,0.0,GODREJPROP.NS
2026-06-02 12:00:00+05:30,1698.0,1701.0999755859375,1696.5999755859375,1698.9000244140625,13648,0.0,0.0,GODREJPROP.NS
2026-06-02 12:15:00+05:30,1699.5,1699.9000244140625,1695.199951171875,1696.300048828125,13798,0.0,0.0,GODREJPROP.NS
2026-06-02 12:30:00+05:30,1697.199951171875,1710.0999755859375,1696.300048828125,1710.0999755859375,23496,0.0,0.0,GODREJPROP.NS
2026-06-02 12:45:00+05:30,1711.199951171875,1719.300048828125,1710.300048828125,1717.5999755859375,40686,0.0,0.0,GODREJPROP.NS
2026-06-02 13:00:00+05:30,1717.699951171875,1723.5,1713.0999755859375,1718.300048828125,34282,0.0,0.0,GODREJPROP.NS
2026-06-02 13:15:00+05:30,1718.199951171875,1725.5999755859375,1717.199951171875,1725.5,19837,0.0,0.0,GODREJPROP.NS
2026-06-02 13:30:00+05:30,1728.4000244140625,1737.0,1727.4000244140625,1731.699951171875,38708,0.0,0.0,GODREJPROP.NS
2026-06-02 13:45:00+05:30,1731.699951171875,1735.699951171875,1731.0,1732.5,22200,0.0,0.0,GODREJPROP.NS
2026-06-02 14:00:00+05:30,1732.0,1734.0,1729.5999755859375,1731.5,21017,0.0,0.0,GODREJPROP.NS
2026-06-02 14:15:00+05:30,1731.699951171875,1732.9000244140625,1727.0,1727.9000244140625,19493,0.0,0.0,GODREJPROP.NS
2026-06-02 14:30:00+05:30,1728.9000244140625,1728.9000244140625,1713.0,1715.5999755859375,29028,0.0,0.0,GODREJPROP.NS
2026-06-02 14:45:00+05:30,1716.0999755859375,1720.300048828125,1714.300048828125,1714.5999755859375,19921,0.0,0.0,GODREJPROP.NS
2026-06-02 15:00:00+05:30,1715.0999755859375,1723.5999755859375,1709.800048828125,1721.699951171875,69625,0.0,0.0,GODREJPROP.NS
2026-06-02 15:15:00+05:30,1721.300048828125,1725.0,1719.199951171875,1720.699951171875,75060,0.0,0.0,GODREJPROP.NS
2026-06-03 09:15:00+05:30,1719.199951171875,1719.199951171875,1690.5,1692.0,33688,0.0,0.0,GODREJPROP.NS
2026-06-03 09:30:00+05:30,1692.699951171875,1696.9000244140625,1678.0,1684.0,92076,0.0,0.0,GODREJPROP.NS
2026-06-03 09:45:00+05:30,1682.4000244140625,1688.5999755859375,1676.0999755859375,1678.0,34491,0.0,0.0,GODREJPROP.NS
2026-06-03 10:00:00+05:30,1678.199951171875,1687.800048828125,1675.300048828125,1681.0,25347,0.0,0.0,GODREJPROP.NS
2026-06-03 10:15:00+05:30,1681.5999755859375,1687.0,1678.9000244140625,1683.9000244140625,23134,0.0,0.0,GODREJPROP.NS
2026-06-03 10:30:00+05:30,1684.0,1686.0999755859375,1681.0999755859375,1684.0,19979,0.0,0.0,GODREJPROP.NS
2026-06-03 10:45:00+05:30,1683.0999755859375,1683.0999755859375,1679.4000244140625,1680.4000244140625,13174,0.0,0.0,GODREJPROP.NS
2026-06-03 11:00:00+05:30,1680.5999755859375,1681.4000244140625,1673.300048828125,1676.699951171875,19748,0.0,0.0,GODREJPROP.NS
2026-06-03 11:15:00+05:30,1675.9000244140625,1684.800048828125,1674.800048828125,1678.800048828125,13150,0.0,0.0,GODREJPROP.NS
2026-06-03 11:30:00+05:30,1678.199951171875,1678.699951171875,1672.199951171875,1674.4000244140625,14327,0.0,0.0,GODREJPROP.NS
2026-06-03 11:45:00+05:30,1674.0,1676.0,1671.0,1671.0,12524,0.0,0.0,GODREJPROP.NS
2026-06-03 12:00:00+05:30,1671.0,1676.4000244140625,1665.800048828125,1676.300048828125,20088,0.0,0.0,GODREJPROP.NS
2026-06-03 12:15:00+05:30,1675.699951171875,1681.699951171875,1675.0,1680.5,11009,0.0,0.0,GODREJPROP.NS
2026-06-03 12:30:00+05:30,1681.300048828125,1696.0,1680.0,1694.300048828125,40146,0.0,0.0,GODREJPROP.NS
2026-06-03 12:45:00+05:30,1695.300048828125,1696.5999755859375,1688.699951171875,1690.4000244140625,27534,0.0,0.0,GODREJPROP.NS
2026-06-03 13:00:00+05:30,1689.5999755859375,1692.699951171875,1686.0,1687.300048828125,10761,0.0,0.0,GODREJPROP.NS
2026-06-03 13:15:00+05:30,1688.9000244140625,1694.0,1688.4000244140625,1693.5999755859375,13591,0.0,0.0,GODREJPROP.NS
2026-06-03 13:30:00+05:30,1693.4000244140625,1698.300048828125,1691.5,1693.4000244140625,16828,0.0,0.0,GODREJPROP.NS
2026-06-03 13:45:00+05:30,1694.300048828125,1701.5,1694.300048828125,1697.5,25151,0.0,0.0,GODREJPROP.NS
2026-06-03 14:00:00+05:30,1698.300048828125,1703.4000244140625,1697.5,1701.199951171875,13771,0.0,0.0,GODREJPROP.NS
2026-06-03 14:15:00+05:30,1701.300048828125,1707.300048828125,1701.0,1705.699951171875,21082,0.0,0.0,GODREJPROP.NS
2026-06-03 14:30:00+05:30,1705.5999755859375,1707.9000244140625,1701.199951171875,1706.5,19243,0.0,0.0,GODREJPROP.NS
2026-06-03 14:45:00+05:30,1706.9000244140625,1710.0999755859375,1704.0999755859375,1707.5,30312,0.0,0.0,GODREJPROP.NS
2026-06-03 15:00:00+05:30,1708.4000244140625,1710.0999755859375,1700.0999755859375,1705.0999755859375,41787,0.0,0.0,GODREJPROP.NS
2026-06-03 15:15:00+05:30,1704.699951171875,1707.0,1703.0,1704.800048828125,47564,0.0,0.0,GODREJPROP.NS
2026-06-04 09:15:00+05:30,1690.5999755859375,1703.0999755859375,1690.0999755859375,1695.0999755859375,18190,0.0,0.0,GODREJPROP.NS
2026-06-04 09:30:00+05:30,1694.800048828125,1702.4000244140625,1691.199951171875,1695.699951171875,16082,0.0,0.0,GODREJPROP.NS
2026-06-04 09:45:00+05:30,1696.699951171875,1710.300048828125,1696.699951171875,1709.4000244140625,70185,0.0,0.0,GODREJPROP.NS
2026-06-04 10:00:00+05:30,1710.4000244140625,1711.0,1707.5,1710.300048828125,18086,0.0,0.0,GODREJPROP.NS
2026-06-04 10:15:00+05:30,1709.5,1721.4000244140625,1709.5,1715.9000244140625,53442,0.0,0.0,GODREJPROP.NS
2026-06-04 10:30:00+05:30,1716.0,1716.9000244140625,1703.0999755859375,1710.199951171875,17267,0.0,0.0,GODREJPROP.NS
2026-06-04 10:45:00+05:30,1710.300048828125,1712.9000244140625,1707.0,1707.0,8596,0.0,0.0,GODREJPROP.NS
2026-06-04 11:00:00+05:30,1708.0,1708.699951171875,1703.0,1704.300048828125,6457,0.0,0.0,GODREJPROP.NS
2026-06-04 11:15:00+05:30,1704.0,1707.300048828125,1703.9000244140625,1705.9000244140625,6462,0.0,0.0,GODREJPROP.NS
2026-06-04 11:30:00+05:30,1705.4000244140625,1709.300048828125,1697.5999755859375,1706.0,15041,0.0,0.0,GODREJPROP.NS
2026-06-04 11:45:00+05:30,1706.0,1708.4000244140625,1703.4000244140625,1706.199951171875,5813,0.0,0.0,GODREJPROP.NS
2026-06-04 12:00:00+05:30,1706.0999755859375,1708.5999755859375,1704.4000244140625,1705.300048828125,4250,0.0,0.0,GODREJPROP.NS
2026-06-04 12:15:00+05:30,1705.300048828125,1706.0,1700.300048828125,1704.300048828125,14364,0.0,0.0,GODREJPROP.NS
2026-06-04 12:30:00+05:30,1704.5999755859375,1704.5999755859375,1698.4000244140625,1698.4000244140625,5403,0.0,0.0,GODREJPROP.NS
2026-06-04 12:45:00+05:30,1698.4000244140625,1703.199951171875,1697.5999755859375,1703.0999755859375,9425,0.0,0.0,GODREJPROP.NS
2026-06-04 13:00:00+05:30,1703.0999755859375,1703.0999755859375,1692.0999755859375,1692.0999755859375,11831,0.0,0.0,GODREJPROP.NS
2026-06-04 13:15:00+05:30,1691.800048828125,1697.0999755859375,1691.199951171875,1695.9000244140625,4345,0.0,0.0,GODREJPROP.NS
2026-06-04 13:30:00+05:30,1695.9000244140625,1701.9000244140625,1692.9000244140625,1699.9000244140625,27116,0.0,0.0,GODREJPROP.NS
2026-06-04 13:45:00+05:30,1699.9000244140625,1703.0,1697.0999755859375,1701.5999755859375,4226,0.0,0.0,GODREJPROP.NS
2026-06-04 14:00:00+05:30,1702.0,1706.300048828125,1701.300048828125,1705.199951171875,11573,0.0,0.0,GODREJPROP.NS
2026-06-04 14:15:00+05:30,1705.5,1705.9000244140625,1701.300048828125,1704.4000244140625,2028,0.0,0.0,GODREJPROP.NS
2026-06-04 14:30:00+05:30,1704.0,1706.300048828125,1699.4000244140625,1702.4000244140625,8021,0.0,0.0,GODREJPROP.NS
2026-06-04 14:45:00+05:30,1702.699951171875,1706.0,1700.0999755859375,1701.0999755859375,5066,0.0,0.0,GODREJPROP.NS
2026-06-04 15:00:00+05:30,1700.9000244140625,1701.0,1692.0999755859375,1693.5,27866,0.0,0.0,GODREJPROP.NS
2026-06-04 15:15:00+05:30,1693.5,1698.0,1690.5,1694.300048828125,38480,0.0,0.0,GODREJPROP.NS
2026-06-05 09:15:00+05:30,1705.0,1713.5,1698.0999755859375,1710.4000244140625,35021,0.0,0.0,GODREJPROP.NS
2026-06-05 09:30:00+05:30,1710.800048828125,1715.4000244140625,1706.4000244140625,1711.4000244140625,14341,0.0,0.0,GODREJPROP.NS
2026-06-05 09:45:00+05:30,1711.5,1711.5,1698.5999755859375,1698.5999755859375,42833,0.0,0.0,GODREJPROP.NS
2026-06-05 10:00:00+05:30,1699.5,1716.699951171875,1695.199951171875,1711.0,35200,0.0,0.0,GODREJPROP.NS
2026-06-05 10:15:00+05:30,1711.0,1717.699951171875,1706.0,1709.5999755859375,18390,0.0,0.0,GODREJPROP.NS
2026-06-05 10:30:00+05:30,1710.199951171875,1715.699951171875,1704.9000244140625,1711.0,35407,0.0,0.0,GODREJPROP.NS
2026-06-05 10:45:00+05:30,1710.0,1729.699951171875,1707.800048828125,1729.199951171875,73204,0.0,0.0,GODREJPROP.NS
2026-06-05 11:00:00+05:30,1731.0,1739.0,1722.4000244140625,1728.5999755859375,61384,0.0,0.0,GODREJPROP.NS
2026-06-05 11:15:00+05:30,1729.5,1730.300048828125,1720.800048828125,1724.0,15215,0.0,0.0,GODREJPROP.NS
2026-06-05 11:30:00+05:30,1724.0999755859375,1725.199951171875,1717.199951171875,1722.0,9708,0.0,0.0,GODREJPROP.NS
2026-06-05 11:45:00+05:30,1721.800048828125,1725.0,1719.0,1720.4000244140625,8550,0.0,0.0,GODREJPROP.NS
2026-06-05 12:00:00+05:30,1720.4000244140625,1726.300048828125,1718.4000244140625,1726.300048828125,11817,0.0,0.0,GODREJPROP.NS
2026-06-05 12:15:00+05:30,1726.5,1734.300048828125,1724.0999755859375,1727.199951171875,25199,0.0,0.0,GODREJPROP.NS
2026-06-05 12:30:00+05:30,1725.9000244140625,1731.0,1724.4000244140625,1728.300048828125,27289,0.0,0.0,GODREJPROP.NS
2026-06-05 12:45:00+05:30,1726.199951171875,1728.0,1722.0999755859375,1723.800048828125,12817,0.0,0.0,GODREJPROP.NS
2026-06-05 13:00:00+05:30,1723.5999755859375,1724.800048828125,1717.0999755859375,1717.9000244140625,11543,0.0,0.0,GODREJPROP.NS
2026-06-05 13:15:00+05:30,1717.0999755859375,1722.199951171875,1710.0,1710.300048828125,12103,0.0,0.0,GODREJPROP.NS
2026-06-05 13:30:00+05:30,1710.0,1712.9000244140625,1705.0999755859375,1706.5,14520,0.0,0.0,GODREJPROP.NS
2026-06-05 13:45:00+05:30,1705.199951171875,1712.0999755859375,1705.0,1709.5999755859375,12084,0.0,0.0,GODREJPROP.NS
2026-06-05 14:00:00+05:30,1711.0,1711.0,1706.0999755859375,1708.0,22424,0.0,0.0,GODREJPROP.NS
2026-06-05 14:15:00+05:30,1708.0,1714.5,1706.0,1713.0,11190,0.0,0.0,GODREJPROP.NS
2026-06-05 14:30:00+05:30,1712.4000244140625,1716.800048828125,1706.0999755859375,1714.699951171875,16455,0.0,0.0,GODREJPROP.NS
2026-06-05 14:45:00+05:30,1715.9000244140625,1717.5,1710.0,1710.0,14841,0.0,0.0,GODREJPROP.NS
2026-06-05 15:00:00+05:30,1710.5,1710.800048828125,1705.4000244140625,1707.9000244140625,35145,0.0,0.0,GODREJPROP.NS
2026-06-05 15:15:00+05:30,1708.5999755859375,1713.800048828125,1703.199951171875,1708.300048828125,52292,0.0,0.0,GODREJPROP.NS
2026-06-08 09:15:00+05:30,1690.0,1690.0,1666.9000244140625,1672.5999755859375,28646,0.0,0.0,GODREJPROP.NS
2026-06-08 09:30:00+05:30,1673.0999755859375,1675.699951171875,1665.0,1669.0,38718,0.0,0.0,GODREJPROP.NS
2026-06-08 09:45:00+05:30,1668.300048828125,1673.5,1661.0999755859375,1670.699951171875,29732,0.0,0.0,GODREJPROP.NS
2026-06-08 10:00:00+05:30,1670.5999755859375,1673.0,1663.0,1671.5,26953,0.0,0.0,GODREJPROP.NS
2026-06-08 10:15:00+05:30,1670.5999755859375,1687.9000244140625,1667.800048828125,1680.9000244140625,32317,0.0,0.0,GODREJPROP.NS
2026-06-08 10:30:00+05:30,1680.5999755859375,1690.5999755859375,1680.0,1687.5999755859375,20608,0.0,0.0,GODREJPROP.NS
2026-06-08 10:45:00+05:30,1687.5,1694.0,1685.5999755859375,1692.800048828125,11597,0.0,0.0,GODREJPROP.NS
2026-06-08 11:00:00+05:30,1692.800048828125,1693.9000244140625,1687.699951171875,1688.0,8636,0.0,0.0,GODREJPROP.NS
2026-06-08 11:15:00+05:30,1688.199951171875,1688.800048828125,1684.199951171875,1685.699951171875,4804,0.0,0.0,GODREJPROP.NS
2026-06-08 11:30:00+05:30,1685.699951171875,1687.800048828125,1681.0,1684.9000244140625,8622,0.0,0.0,GODREJPROP.NS
2026-06-08 11:45:00+05:30,1684.699951171875,1688.300048828125,1682.9000244140625,1685.5999755859375,6704,0.0,0.0,GODREJPROP.NS
2026-06-08 12:00:00+05:30,1685.5999755859375,1692.5999755859375,1681.699951171875,1683.0,18360,0.0,0.0,GODREJPROP.NS
2026-06-08 12:15:00+05:30,1684.4000244140625,1685.300048828125,1681.300048828125,1682.5999755859375,10338,0.0,0.0,GODREJPROP.NS
2026-06-08 12:30:00+05:30,1683.0999755859375,1684.5999755859375,1681.300048828125,1683.0999755859375,4040,0.0,0.0,GODREJPROP.NS
2026-06-08 12:45:00+05:30,1683.199951171875,1688.5,1682.9000244140625,1686.0999755859375,3120,0.0,0.0,GODREJPROP.NS
2026-06-08 13:00:00+05:30,1686.699951171875,1687.9000244140625,1680.0999755859375,1681.0999755859375,4279,0.0,0.0,GODREJPROP.NS
2026-06-08 13:15:00+05:30,1681.9000244140625,1683.4000244140625,1679.199951171875,1680.0999755859375,8619,0.0,0.0,GODREJPROP.NS
2026-06-08 13:30:00+05:30,1680.800048828125,1681.5999755859375,1675.0,1676.0,13694,0.0,0.0,GODREJPROP.NS
2026-06-08 13:45:00+05:30,1675.199951171875,1678.5,1671.699951171875,1674.0,32138,0.0,0.0,GODREJPROP.NS
2026-06-08 14:00:00+05:30,1674.0,1677.800048828125,1672.0999755859375,1672.5999755859375,7568,0.0,0.0,GODREJPROP.NS
2026-06-08 14:15:00+05:30,1672.0999755859375,1675.199951171875,1666.0,1667.300048828125,16002,0.0,0.0,GODREJPROP.NS
2026-06-08 14:30:00+05:30,1667.0999755859375,1673.5999755859375,1666.5999755859375,1673.5999755859375,17516,0.0,0.0,GODREJPROP.NS
2026-06-08 14:45:00+05:30,1673.5,1676.0,1670.300048828125,1672.5999755859375,8485,0.0,0.0,GODREJPROP.NS
2026-06-08 15:00:00+05:30,1672.9000244140625,1672.9000244140625,1650.800048828125,1651.5999755859375,61168,0.0,0.0,GODREJPROP.NS
2026-06-08 15:15:00+05:30,1651.5999755859375,1655.199951171875,1639.0,1654.5999755859375,56623,0.0,0.0,GODREJPROP.NS
2026-06-09 09:15:00+05:30,1659.0,1671.699951171875,1659.0,1668.5,19266,0.0,0.0,GODREJPROP.NS
2026-06-09 09:30:00+05:30,1670.0,1679.5,1670.0,1673.9000244140625,19236,0.0,0.0,GODREJPROP.NS
2026-06-09 09:45:00+05:30,1672.9000244140625,1681.800048828125,1672.0,1672.800048828125,18644,0.0,0.0,GODREJPROP.NS
2026-06-09 10:00:00+05:30,1673.800048828125,1674.4000244140625,1669.0,1671.4000244140625,8131,0.0,0.0,GODREJPROP.NS
2026-06-09 10:15:00+05:30,1672.5999755859375,1672.5999755859375,1664.5,1666.800048828125,7404,0.0,0.0,GODREJPROP.NS
2026-06-09 10:30:00+05:30,1666.199951171875,1666.199951171875,1656.199951171875,1660.5,15283,0.0,0.0,GODREJPROP.NS
2026-06-09 10:45:00+05:30,1661.0,1663.9000244140625,1658.5999755859375,1662.0999755859375,12469,0.0,0.0,GODREJPROP.NS
2026-06-09 11:00:00+05:30,1661.5999755859375,1673.0,1661.5,1668.4000244140625,15629,0.0,0.0,GODREJPROP.NS
2026-06-09 11:15:00+05:30,1668.800048828125,1673.5999755859375,1666.300048828125,1667.0,9359,0.0,0.0,GODREJPROP.NS
2026-06-09 11:30:00+05:30,1667.4000244140625,1668.0999755859375,1663.9000244140625,1664.9000244140625,10960,0.0,0.0,GODREJPROP.NS
2026-06-09 11:45:00+05:30,1665.0,1673.5999755859375,1665.0,1672.699951171875,11901,0.0,0.0,GODREJPROP.NS
2026-06-09 12:00:00+05:30,1672.699951171875,1675.4000244140625,1670.0,1671.4000244140625,6615,0.0,0.0,GODREJPROP.NS
2026-06-09 12:15:00+05:30,1671.300048828125,1673.0,1671.199951171875,1671.800048828125,2007,0.0,0.0,GODREJPROP.NS
2026-06-09 12:30:00+05:30,1671.800048828125,1673.5999755859375,1668.5999755859375,1672.0,12132,0.0,0.0,GODREJPROP.NS
2026-06-09 12:45:00+05:30,1672.199951171875,1673.5,1662.5999755859375,1663.0999755859375,13129,0.0,0.0,GODREJPROP.NS
2026-06-09 13:00:00+05:30,1663.9000244140625,1664.0,1660.4000244140625,1662.9000244140625,6112,0.0,0.0,GODREJPROP.NS
2026-06-09 13:15:00+05:30,1662.4000244140625,1666.199951171875,1661.5999755859375,1665.0,8033,0.0,0.0,GODREJPROP.NS
2026-06-09 13:30:00+05:30,1665.300048828125,1667.9000244140625,1662.199951171875,1666.800048828125,6873,0.0,0.0,GODREJPROP.NS
2026-06-09 13:45:00+05:30,1667.5,1671.0,1666.0,1668.300048828125,15084,0.0,0.0,GODREJPROP.NS
2026-06-09 14:00:00+05:30,1668.199951171875,1671.5,1666.0999755859375,1670.5999755859375,7475,0.0,0.0,GODREJPROP.NS
2026-06-09 14:15:00+05:30,1670.5999755859375,1672.0,1668.199951171875,1671.0,7559,0.0,0.0,GODREJPROP.NS
2026-06-09 14:30:00+05:30,1671.0,1676.9000244140625,1669.4000244140625,1675.300048828125,10524,0.0,0.0,GODREJPROP.NS
2026-06-09 14:45:00+05:30,1675.5999755859375,1684.199951171875,1673.800048828125,1684.199951171875,18348,0.0,0.0,GODREJPROP.NS
2026-06-09 15:00:00+05:30,1683.0999755859375,1687.5,1676.800048828125,1686.300048828125,35012,0.0,0.0,GODREJPROP.NS
2026-06-09 15:15:00+05:30,1687.0,1687.4000244140625,1683.0,1683.9000244140625,30691,0.0,0.0,GODREJPROP.NS
2026-06-10 09:15:00+05:30,1684.300048828125,1686.0999755859375,1673.9000244140625,1675.0999755859375,15698,0.0,0.0,GODREJPROP.NS
2026-06-10 09:30:00+05:30,1677.9000244140625,1680.0,1675.5999755859375,1679.0,9927,0.0,0.0,GODREJPROP.NS
2026-06-10 09:45:00+05:30,1679.199951171875,1684.0,1677.0,1680.199951171875,23130,0.0,0.0,GODREJPROP.NS
2026-06-10 10:00:00+05:30,1680.800048828125,1682.0999755859375,1671.5,1673.4000244140625,9073,0.0,0.0,GODREJPROP.NS
2026-06-10 10:15:00+05:30,1672.0,1673.800048828125,1665.0999755859375,1670.0,15900,0.0,0.0,GODREJPROP.NS
2026-06-10 10:30:00+05:30,1671.0,1673.5,1667.0,1671.300048828125,15420,0.0,0.0,GODREJPROP.NS
2026-06-10 10:45:00+05:30,1671.4000244140625,1671.4000244140625,1665.9000244140625,1668.699951171875,10989,0.0,0.0,GODREJPROP.NS
2026-06-10 11:00:00+05:30,1668.9000244140625,1669.699951171875,1666.0,1669.5999755859375,13085,0.0,0.0,GODREJPROP.NS
2026-06-10 11:15:00+05:30,1669.5,1669.5,1664.0,1665.699951171875,10161,0.0,0.0,GODREJPROP.NS
2026-06-10 11:30:00+05:30,1665.9000244140625,1667.699951171875,1664.0999755859375,1666.800048828125,13665,0.0,0.0,GODREJPROP.NS
2026-06-10 11:45:00+05:30,1666.800048828125,1669.0,1665.5,1667.300048828125,8641,0.0,0.0,GODREJPROP.NS
2026-06-10 12:00:00+05:30,1667.300048828125,1667.300048828125,1664.0,1666.4000244140625,4370,0.0,0.0,GODREJPROP.NS
2026-06-10 12:15:00+05:30,1666.0,1667.0,1662.199951171875,1663.9000244140625,8447,0.0,0.0,GODREJPROP.NS
2026-06-10 12:30:00+05:30,1664.699951171875,1664.699951171875,1660.5999755859375,1660.5999755859375,3310,0.0,0.0,GODREJPROP.NS
2026-06-10 12:45:00+05:30,1660.5,1668.199951171875,1659.5,1668.0,11826,0.0,0.0,GODREJPROP.NS
2026-06-10 13:00:00+05:30,1668.199951171875,1679.300048828125,1668.199951171875,1676.0,19405,0.0,0.0,GODREJPROP.NS
2026-06-10 13:15:00+05:30,1676.0999755859375,1678.0,1671.0,1673.0,24434,0.0,0.0,GODREJPROP.NS
2026-06-10 13:30:00+05:30,1673.5,1673.5,1666.5,1667.699951171875,5982,0.0,0.0,GODREJPROP.NS
2026-06-10 13:45:00+05:30,1666.5,1668.800048828125,1664.4000244140625,1665.300048828125,4648,0.0,0.0,GODREJPROP.NS
2026-06-10 14:00:00+05:30,1666.0999755859375,1669.0999755859375,1662.699951171875,1663.199951171875,6350,0.0,0.0,GODREJPROP.NS
2026-06-10 14:15:00+05:30,1663.199951171875,1669.300048828125,1663.199951171875,1667.9000244140625,26083,0.0,0.0,GODREJPROP.NS
2026-06-10 14:30:00+05:30,1667.300048828125,1667.5999755859375,1653.800048828125,1653.800048828125,13444,0.0,0.0,GODREJPROP.NS
2026-06-10 14:45:00+05:30,1653.699951171875,1654.0,1647.9000244140625,1651.199951171875,15060,0.0,0.0,GODREJPROP.NS
2026-06-10 15:00:00+05:30,1650.5,1651.0999755859375,1639.9000244140625,1639.9000244140625,28708,0.0,0.0,GODREJPROP.NS
2026-06-10 15:15:00+05:30,1639.5999755859375,1645.9000244140625,1633.5,1644.0,33239,0.0,0.0,GODREJPROP.NS
2026-06-11 09:15:00+05:30,1632.199951171875,1635.0,1620.0,1630.0,18244,0.0,0.0,GODREJPROP.NS
2026-06-11 09:30:00+05:30,1630.0,1631.5999755859375,1625.0,1629.199951171875,19326,0.0,0.0,GODREJPROP.NS
2026-06-11 09:45:00+05:30,1628.800048828125,1634.0,1625.199951171875,1627.9000244140625,13489,0.0,0.0,GODREJPROP.NS
2026-06-11 10:00:00+05:30,1626.699951171875,1632.300048828125,1625.300048828125,1629.300048828125,7161,0.0,0.0,GODREJPROP.NS
2026-06-11 10:15:00+05:30,1628.699951171875,1634.9000244140625,1626.699951171875,1633.5999755859375,8873,0.0,0.0,GODREJPROP.NS
2026-06-11 10:30:00+05:30,1633.4000244140625,1638.0999755859375,1632.0,1637.0,8340,0.0,0.0,GODREJPROP.NS
2026-06-11 10:45:00+05:30,1635.0999755859375,1639.0,1624.800048828125,1625.699951171875,12597,0.0,0.0,GODREJPROP.NS
2026-06-11 11:00:00+05:30,1625.0,1628.199951171875,1623.0,1625.0999755859375,6101,0.0,0.0,GODREJPROP.NS
2026-06-11 11:15:00+05:30,1625.0,1634.0,1624.699951171875,1631.800048828125,6575,0.0,0.0,GODREJPROP.NS
2026-06-11 11:30:00+05:30,1633.300048828125,1634.0,1625.0,1628.0,4222,0.0,0.0,GODREJPROP.NS
2026-06-11 11:45:00+05:30,1628.0999755859375,1630.699951171875,1627.300048828125,1628.5999755859375,3026,0.0,0.0,GODREJPROP.NS
2026-06-11 12:00:00+05:30,1628.5,1629.5999755859375,1620.5,1623.0999755859375,13816,0.0,0.0,GODREJPROP.NS
2026-06-11 12:15:00+05:30,1623.0999755859375,1627.0,1621.800048828125,1625.0999755859375,9311,0.0,0.0,GODREJPROP.NS
2026-06-11 12:30:00+05:30,1625.199951171875,1629.800048828125,1622.199951171875,1624.5,5701,0.0,0.0,GODREJPROP.NS
2026-06-11 12:45:00+05:30,1625.0,1631.800048828125,1620.300048828125,1624.800048828125,34605,0.0,0.0,GODREJPROP.NS
2026-06-11 13:00:00+05:30,1623.300048828125,1624.0,1612.4000244140625,1613.699951171875,55412,0.0,0.0,GODREJPROP.NS
2026-06-11 13:15:00+05:30,1614.0999755859375,1620.199951171875,1613.699951171875,1618.5,18031,0.0,0.0,GODREJPROP.NS
2026-06-11 13:30:00+05:30,1618.9000244140625,1623.0,1613.0999755859375,1614.5,15050,0.0,0.0,GODREJPROP.NS
2026-06-11 13:45:00+05:30,1614.5,1618.300048828125,1613.9000244140625,1616.9000244140625,4407,0.0,0.0,GODREJPROP.NS
2026-06-11 14:00:00+05:30,1616.9000244140625,1621.0,1615.0,1617.699951171875,5977,0.0,0.0,GODREJPROP.NS
2026-06-11 14:15:00+05:30,1617.699951171875,1624.0,1615.699951171875,1622.9000244140625,9819,0.0,0.0,GODREJPROP.NS
2026-06-11 14:30:00+05:30,1621.9000244140625,1624.5999755859375,1616.0,1616.800048828125,11820,0.0,0.0,GODREJPROP.NS
2026-06-11 14:45:00+05:30,1616.800048828125,1616.9000244140625,1614.0,1616.4000244140625,13595,0.0,0.0,GODREJPROP.NS
2026-06-11 15:00:00+05:30,1618.9000244140625,1618.9000244140625,1613.5,1616.5,39357,0.0,0.0,GODREJPROP.NS
2026-06-11 15:15:00+05:30,1616.5999755859375,1624.4000244140625,1615.0999755859375,1618.0,55151,0.0,0.0,GODREJPROP.NS
2026-06-12 09:15:00+05:30,1655.0,1675.4000244140625,1655.0,1669.199951171875,42048,0.0,0.0,GODREJPROP.NS
2026-06-12 09:30:00+05:30,1669.0,1669.0,1657.0,1657.4000244140625,33265,0.0,0.0,GODREJPROP.NS
2026-06-12 09:45:00+05:30,1657.0999755859375,1659.9000244140625,1649.4000244140625,1649.5,25916,0.0,0.0,GODREJPROP.NS
2026-06-12 10:00:00+05:30,1647.5999755859375,1658.0,1647.0,1656.300048828125,18718,0.0,0.0,GODREJPROP.NS
2026-06-12 10:15:00+05:30,1656.0,1662.699951171875,1654.0,1656.0,12030,0.0,0.0,GODREJPROP.NS
2026-06-12 10:30:00+05:30,1657.0,1658.9000244140625,1654.0,1654.199951171875,6966,0.0,0.0,GODREJPROP.NS
2026-06-12 10:45:00+05:30,1655.800048828125,1656.9000244140625,1649.5999755859375,1652.5,17546,0.0,0.0,GODREJPROP.NS
2026-06-12 11:00:00+05:30,1652.5,1661.0,1652.0,1660.0999755859375,10915,0.0,0.0,GODREJPROP.NS
2026-06-12 11:15:00+05:30,1661.0,1665.9000244140625,1653.800048828125,1653.800048828125,13477,0.0,0.0,GODREJPROP.NS
2026-06-12 11:30:00+05:30,1653.800048828125,1658.4000244140625,1653.5999755859375,1657.9000244140625,3566,0.0,0.0,GODREJPROP.NS
2026-06-12 11:45:00+05:30,1657.5999755859375,1663.9000244140625,1657.5999755859375,1660.5,3667,0.0,0.0,GODREJPROP.NS
2026-06-12 12:00:00+05:30,1658.699951171875,1663.9000244140625,1652.5999755859375,1654.0999755859375,8671,0.0,0.0,GODREJPROP.NS
2026-06-12 12:15:00+05:30,1654.300048828125,1656.699951171875,1652.5,1655.5,8133,0.0,0.0,GODREJPROP.NS
2026-06-12 12:30:00+05:30,1655.300048828125,1656.0999755859375,1643.4000244140625,1645.0999755859375,26847,0.0,0.0,GODREJPROP.NS
2026-06-12 12:45:00+05:30,1644.0,1645.800048828125,1638.800048828125,1640.0,11408,0.0,0.0,GODREJPROP.NS
2026-06-12 13:00:00+05:30,1639.199951171875,1642.4000244140625,1639.0,1639.5999755859375,3604,0.0,0.0,GODREJPROP.NS
2026-06-12 13:15:00+05:30,1640.5,1650.800048828125,1637.4000244140625,1650.0999755859375,9107,0.0,0.0,GODREJPROP.NS
2026-06-12 13:30:00+05:30,1649.5,1664.0,1647.199951171875,1663.9000244140625,20526,0.0,0.0,GODREJPROP.NS
2026-06-12 13:45:00+05:30,1664.0,1669.699951171875,1662.5,1668.5,15681,0.0,0.0,GODREJPROP.NS
2026-06-12 14:00:00+05:30,1671.300048828125,1672.300048828125,1667.199951171875,1672.0,18162,0.0,0.0,GODREJPROP.NS
2026-06-12 14:15:00+05:30,1672.199951171875,1677.199951171875,1671.699951171875,1675.800048828125,16992,0.0,0.0,GODREJPROP.NS
2026-06-12 14:30:00+05:30,1675.199951171875,1681.4000244140625,1671.5,1679.4000244140625,33742,0.0,0.0,GODREJPROP.NS
2026-06-12 14:45:00+05:30,1678.800048828125,1688.199951171875,1676.199951171875,1686.800048828125,28505,0.0,0.0,GODREJPROP.NS
2026-06-12 15:00:00+05:30,1684.5,1696.0,1683.0,1689.0,50515,0.0,0.0,GODREJPROP.NS
2026-06-12 15:15:00+05:30,1689.5,1695.199951171875,1688.4000244140625,1691.4000244140625,43811,0.0,0.0,GODREJPROP.NS
2026-06-15 09:15:00+05:30,1740.0,1762.0,1727.9000244140625,1751.300048828125,58314,0.0,0.0,GODREJPROP.NS
2026-06-15 09:30:00+05:30,1752.5,1764.800048828125,1747.5,1751.0,80577,0.0,0.0,GODREJPROP.NS
2026-06-15 09:45:00+05:30,1751.0,1763.5,1748.199951171875,1757.699951171875,38074,0.0,0.0,GODREJPROP.NS
2026-06-15 10:00:00+05:30,1758.4000244140625,1785.0,1756.199951171875,1773.800048828125,133068,0.0,0.0,GODREJPROP.NS
2026-06-15 10:15:00+05:30,1775.0,1782.5999755859375,1775.0,1777.9000244140625,71600,0.0,0.0,GODREJPROP.NS
2026-06-15 10:30:00+05:30,1778.5999755859375,1787.199951171875,1778.5999755859375,1784.9000244140625,71498,0.0,0.0,GODREJPROP.NS
2026-06-15 10:45:00+05:30,1784.9000244140625,1791.4000244140625,1782.9000244140625,1791.4000244140625,37130,0.0,0.0,GODREJPROP.NS
2026-06-15 11:00:00+05:30,1791.9000244140625,1791.9000244140625,1787.199951171875,1789.699951171875,23929,0.0,0.0,GODREJPROP.NS
2026-06-15 11:15:00+05:30,1789.199951171875,1792.0,1783.5999755859375,1784.699951171875,44697,0.0,0.0,GODREJPROP.NS
2026-06-15 11:30:00+05:30,1784.0,1792.699951171875,1781.199951171875,1791.9000244140625,51925,0.0,0.0,GODREJPROP.NS
2026-06-15 11:45:00+05:30,1792.0,1794.0,1790.0,1793.0,27252,0.0,0.0,GODREJPROP.NS
2026-06-15 12:00:00+05:30,1792.5999755859375,1794.4000244140625,1782.5,1783.4000244140625,50577,0.0,0.0,GODREJPROP.NS
2026-06-15 12:15:00+05:30,1784.699951171875,1787.0,1774.5999755859375,1775.199951171875,48262,0.0,0.0,GODREJPROP.NS
2026-06-15 12:30:00+05:30,1774.199951171875,1776.0,1769.0,1772.9000244140625,31618,0.0,0.0,GODREJPROP.NS
2026-06-15 12:45:00+05:30,1772.9000244140625,1789.4000244140625,1772.9000244140625,1784.5999755859375,44136,0.0,0.0,GODREJPROP.NS
2026-06-15 13:00:00+05:30,1783.9000244140625,1784.300048828125,1778.0,1779.4000244140625,13788,0.0,0.0,GODREJPROP.NS
2026-06-15 13:15:00+05:30,1779.5,1781.9000244140625,1779.0,1780.9000244140625,9569,0.0,0.0,GODREJPROP.NS
2026-06-15 13:30:00+05:30,1780.699951171875,1781.699951171875,1774.199951171875,1779.300048828125,9862,0.0,0.0,GODREJPROP.NS
2026-06-15 13:45:00+05:30,1779.300048828125,1780.5999755859375,1775.5999755859375,1779.300048828125,10087,0.0,0.0,GODREJPROP.NS
2026-06-15 14:00:00+05:30,1779.800048828125,1780.5999755859375,1776.300048828125,1776.300048828125,6654,0.0,0.0,GODREJPROP.NS
2026-06-15 14:15:00+05:30,1776.699951171875,1780.0999755859375,1775.800048828125,1777.800048828125,7100,0.0,0.0,GODREJPROP.NS
2026-06-15 14:30:00+05:30,1778.5999755859375,1781.0,1776.0999755859375,1776.9000244140625,12528,0.0,0.0,GODREJPROP.NS
2026-06-15 14:45:00+05:30,1776.0,1778.800048828125,1772.5999755859375,1774.800048828125,17103,0.0,0.0,GODREJPROP.NS
2026-06-15 15:00:00+05:30,1774.699951171875,1774.699951171875,1760.0,1763.9000244140625,66712,0.0,0.0,GODREJPROP.NS
2026-06-15 15:15:00+05:30,1764.5,1770.5999755859375,1763.9000244140625,1766.199951171875,46368,0.0,0.0,GODREJPROP.NS
2026-06-16 09:15:00+05:30,1780.0,1787.5999755859375,1771.4000244140625,1777.800048828125,16051,0.0,0.0,GODREJPROP.NS
2026-06-16 09:30:00+05:30,1777.5,1779.300048828125,1764.5,1766.0999755859375,15557,0.0,0.0,GODREJPROP.NS
2026-06-16 09:45:00+05:30,1765.199951171875,1774.800048828125,1763.5999755859375,1771.9000244140625,14723,0.0,0.0,GODREJPROP.NS
2026-06-16 10:00:00+05:30,1772.0999755859375,1773.699951171875,1768.300048828125,1770.300048828125,10697,0.0,0.0,GODREJPROP.NS
2026-06-16 10:15:00+05:30,1772.0,1772.800048828125,1768.5999755859375,1771.0,11365,0.0,0.0,GODREJPROP.NS
2026-06-16 10:30:00+05:30,1769.5999755859375,1778.199951171875,1768.800048828125,1777.199951171875,34093,0.0,0.0,GODREJPROP.NS
2026-06-16 10:45:00+05:30,1777.0999755859375,1781.699951171875,1776.9000244140625,1779.0,19223,0.0,0.0,GODREJPROP.NS
2026-06-16 11:00:00+05:30,1777.699951171875,1778.5,1770.0999755859375,1773.0,6592,0.0,0.0,GODREJPROP.NS
2026-06-16 11:15:00+05:30,1773.0,1778.0,1771.5,1776.0999755859375,8853,0.0,0.0,GODREJPROP.NS
2026-06-16 11:30:00+05:30,1776.199951171875,1779.800048828125,1775.4000244140625,1778.0,5691,0.0,0.0,GODREJPROP.NS
2026-06-16 11:45:00+05:30,1778.199951171875,1779.199951171875,1773.9000244140625,1776.5999755859375,10075,0.0,0.0,GODREJPROP.NS
2026-06-16 12:00:00+05:30,1776.5,1776.5999755859375,1772.4000244140625,1774.9000244140625,4310,0.0,0.0,GODREJPROP.NS
2026-06-16 12:15:00+05:30,1774.5,1776.9000244140625,1769.5999755859375,1776.300048828125,6871,0.0,0.0,GODREJPROP.NS
2026-06-16 12:30:00+05:30,1776.199951171875,1777.0999755859375,1774.199951171875,1775.4000244140625,6654,0.0,0.0,GODREJPROP.NS
2026-06-16 12:45:00+05:30,1776.0,1776.0,1771.0999755859375,1774.199951171875,7290,0.0,0.0,GODREJPROP.NS
2026-06-16 13:00:00+05:30,1774.199951171875,1779.699951171875,1773.0999755859375,1778.4000244140625,5058,0.0,0.0,GODREJPROP.NS
2026-06-16 13:15:00+05:30,1778.5999755859375,1780.300048828125,1776.4000244140625,1780.0999755859375,4464,0.0,0.0,GODREJPROP.NS
2026-06-16 13:30:00+05:30,1779.9000244140625,1780.9000244140625,1778.4000244140625,1780.4000244140625,3845,0.0,0.0,GODREJPROP.NS
2026-06-16 13:45:00+05:30,1780.4000244140625,1782.5999755859375,1778.199951171875,1781.0,12340,0.0,0.0,GODREJPROP.NS
2026-06-16 14:00:00+05:30,1781.0,1782.0999755859375,1776.0999755859375,1778.4000244140625,13175,0.0,0.0,GODREJPROP.NS
2026-06-16 14:15:00+05:30,1777.5999755859375,1780.199951171875,1776.199951171875,1776.300048828125,8026,0.0,0.0,GODREJPROP.NS
2026-06-16 14:30:00+05:30,1776.5,1784.9000244140625,1775.9000244140625,1780.5,15855,0.0,0.0,GODREJPROP.NS
2026-06-16 14:45:00+05:30,1780.0999755859375,1796.0,1779.0999755859375,1794.0,41234,0.0,0.0,GODREJPROP.NS
2026-06-16 15:00:00+05:30,1793.199951171875,1795.0,1791.199951171875,1794.4000244140625,33473,0.0,0.0,GODREJPROP.NS
2026-06-16 15:15:00+05:30,1794.300048828125,1797.5,1793.300048828125,1796.699951171875,43520,0.0,0.0,GODREJPROP.NS
2026-06-17 09:15:00+05:30,1746.0999755859375,1773.5999755859375,1746.0999755859375,1769.800048828125,36418,0.0,0.0,GODREJPROP.NS
2026-06-17 09:30:00+05:30,1769.800048828125,1787.9000244140625,1766.0999755859375,1787.0999755859375,50012,0.0,0.0,GODREJPROP.NS
2026-06-17 09:45:00+05:30,1788.0,1789.5999755859375,1775.0999755859375,1779.9000244140625,33179,0.0,0.0,GODREJPROP.NS
2026-06-17 10:00:00+05:30,1778.800048828125,1780.0,1772.0,1773.9000244140625,23504,0.0,0.0,GODREJPROP.NS
2026-06-17 10:15:00+05:30,1773.9000244140625,1776.800048828125,1770.0,1770.4000244140625,17560,0.0,0.0,GODREJPROP.NS
2026-06-17 10:30:00+05:30,1770.0,1776.5999755859375,1767.5,1774.5,17998,0.0,0.0,GODREJPROP.NS
2026-06-17 10:45:00+05:30,1776.199951171875,1783.0,1771.9000244140625,1780.5999755859375,24276,0.0,0.0,GODREJPROP.NS
2026-06-17 11:00:00+05:30,1780.5999755859375,1782.5999755859375,1776.5,1782.5999755859375,11360,0.0,0.0,GODREJPROP.NS
2026-06-17 11:15:00+05:30,1782.5999755859375,1785.0,1780.0999755859375,1783.9000244140625,20824,0.0,0.0,GODREJPROP.NS
2026-06-17 11:30:00+05:30,1782.9000244140625,1792.300048828125,1781.0,1781.0,23519,0.0,0.0,GODREJPROP.NS
2026-06-17 11:45:00+05:30,1782.0,1782.5,1778.5,1781.4000244140625,9462,0.0,0.0,GODREJPROP.NS
2026-06-17 12:00:00+05:30,1780.4000244140625,1783.699951171875,1776.0,1776.0,13569,0.0,0.0,GODREJPROP.NS
2026-06-17 12:15:00+05:30,1776.0,1779.9000244140625,1773.4000244140625,1774.5,13977,0.0,0.0,GODREJPROP.NS
2026-06-17 12:30:00+05:30,1774.699951171875,1775.0,1771.9000244140625,1775.0,7795,0.0,0.0,GODREJPROP.NS
2026-06-17 12:45:00+05:30,1775.0,1777.199951171875,1770.0999755859375,1771.300048828125,16520,0.0,0.0,GODREJPROP.NS
2026-06-17 13:00:00+05:30,1771.300048828125,1776.300048828125,1771.0,1774.9000244140625,9829,0.0,0.0,GODREJPROP.NS
2026-06-17 13:15:00+05:30,1774.800048828125,1777.199951171875,1774.800048828125,1776.4000244140625,5837,0.0,0.0,GODREJPROP.NS
2026-06-17 13:30:00+05:30,1776.4000244140625,1781.0,1775.699951171875,1777.199951171875,14162,0.0,0.0,GODREJPROP.NS
2026-06-17 13:45:00+05:30,1776.699951171875,1780.0,1775.800048828125,1775.800048828125,8168,0.0,0.0,GODREJPROP.NS
2026-06-17 14:00:00+05:30,1776.800048828125,1777.0,1771.300048828125,1774.4000244140625,10997,0.0,0.0,GODREJPROP.NS
2026-06-17 14:15:00+05:30,1773.800048828125,1775.5999755859375,1770.4000244140625,1772.9000244140625,10548,0.0,0.0,GODREJPROP.NS
2026-06-17 14:30:00+05:30,1772.9000244140625,1776.300048828125,1771.0,1774.699951171875,10892,0.0,0.0,GODREJPROP.NS
2026-06-17 14:45:00+05:30,1775.0,1782.5,1773.0,1782.300048828125,23010,0.0,0.0,GODREJPROP.NS
2026-06-17 15:00:00+05:30,1781.4000244140625,1791.0999755859375,1780.5999755859375,1790.0999755859375,58382,0.0,0.0,GODREJPROP.NS
2026-06-17 15:15:00+05:30,1790.199951171875,1791.5,1782.199951171875,1788.300048828125,78031,0.0,0.0,GODREJPROP.NS
2026-06-18 09:15:00+05:30,1781.5,1795.9000244140625,1781.5,1792.4000244140625,15820,0.0,0.0,GODREJPROP.NS
2026-06-18 09:30:00+05:30,1792.699951171875,1795.0,1786.9000244140625,1792.9000244140625,16526,0.0,0.0,GODREJPROP.NS
2026-06-18 09:45:00+05:30,1793.0,1799.699951171875,1792.5,1792.5,22424,0.0,0.0,GODREJPROP.NS
2026-06-18 10:00:00+05:30,1792.0999755859375,1793.0,1785.4000244140625,1786.5999755859375,11840,0.0,0.0,GODREJPROP.NS
2026-06-18 10:15:00+05:30,1786.5999755859375,1792.5999755859375,1785.5999755859375,1791.699951171875,9755,0.0,0.0,GODREJPROP.NS
2026-06-18 10:30:00+05:30,1791.4000244140625,1796.0,1786.0999755859375,1788.0999755859375,7785,0.0,0.0,GODREJPROP.NS
2026-06-18 10:45:00+05:30,1788.0999755859375,1792.0,1786.5999755859375,1788.0999755859375,11295,0.0,0.0,GODREJPROP.NS
2026-06-18 11:00:00+05:30,1788.0999755859375,1789.5,1780.0,1780.0,17052,0.0,0.0,GODREJPROP.NS
2026-06-18 11:15:00+05:30,1780.4000244140625,1784.699951171875,1778.800048828125,1782.300048828125,8819,0.0,0.0,GODREJPROP.NS
2026-06-18 11:30:00+05:30,1782.300048828125,1787.300048828125,1782.0,1785.5,6567,0.0,0.0,GODREJPROP.NS
2026-06-18 11:45:00+05:30,1785.300048828125,1786.0999755859375,1781.300048828125,1783.199951171875,5956,0.0,0.0,GODREJPROP.NS
2026-06-18 12:00:00+05:30,1783.199951171875,1807.699951171875,1782.800048828125,1805.0999755859373,33022,0.0,0.0,GODREJPROP.NS
2026-06-18 12:15:00+05:30,1805.0999755859373,1817.0999755859373,1803.0,1816.9000244140625,43593,0.0,0.0,GODREJPROP.NS
2026-06-18 12:30:00+05:30,1818.0,1824.0999755859373,1811.0,1815.199951171875,40004,0.0,0.0,GODREJPROP.NS
2026-06-18 12:45:00+05:30,1816.0,1818.9000244140625,1808.0,1808.5999755859373,25165,0.0,0.0,GODREJPROP.NS
2026-06-18 13:00:00+05:30,1808.0,1811.800048828125,1807.0,1811.199951171875,9188,0.0,0.0,GODREJPROP.NS
2026-06-18 13:15:00+05:30,1811.5,1812.4000244140625,1806.0,1809.300048828125,9555,0.0,0.0,GODREJPROP.NS
2026-06-18 13:30:00+05:30,1809.300048828125,1810.0,1807.300048828125,1808.4000244140625,7650,0.0,0.0,GODREJPROP.NS
2026-06-18 13:45:00+05:30,1808.4000244140625,1809.300048828125,1806.0,1806.0,7791,0.0,0.0,GODREJPROP.NS
2026-06-18 14:00:00+05:30,1806.4000244140625,1806.4000244140625,1798.800048828125,1800.5,22238,0.0,0.0,GODREJPROP.NS
2026-06-18 14:15:00+05:30,1800.9000244140625,1801.5,1796.5999755859375,1798.199951171875,8776,0.0,0.0,GODREJPROP.NS
2026-06-18 14:30:00+05:30,1797.5999755859375,1802.300048828125,1796.300048828125,1800.5,8855,0.0,0.0,GODREJPROP.NS
2026-06-18 14:45:00+05:30,1800.5,1805.4000244140625,1797.5,1805.4000244140625,18236,0.0,0.0,GODREJPROP.NS
2026-06-18 15:00:00+05:30,1803.699951171875,1812.199951171875,1803.699951171875,1812.0999755859373,29754,0.0,0.0,GODREJPROP.NS
2026-06-18 15:15:00+05:30,1812.0,1814.0,1805.199951171875,1810.199951171875,74052,0.0,0.0,GODREJPROP.NS
2026-06-19 09:15:00+05:30,1794.0,1794.4000244140625,1785.5,1790.199951171875,11343,0.0,0.0,GODREJPROP.NS
2026-06-19 09:30:00+05:30,1788.0,1791.9000244140625,1785.5,1788.300048828125,14319,0.0,0.0,GODREJPROP.NS
2026-06-19 09:45:00+05:30,1789.0,1789.0,1781.5999755859375,1785.4000244140625,18732,0.0,0.0,GODREJPROP.NS
2026-06-19 10:00:00+05:30,1784.0999755859375,1788.300048828125,1780.0999755859375,1787.199951171875,9583,0.0,0.0,GODREJPROP.NS
2026-06-19 10:15:00+05:30,1787.4000244140625,1788.9000244140625,1781.0999755859375,1781.800048828125,13114,0.0,0.0,GODREJPROP.NS
2026-06-19 10:30:00+05:30,1781.9000244140625,1785.699951171875,1780.800048828125,1783.0,22873,0.0,0.0,GODREJPROP.NS
2026-06-19 10:45:00+05:30,1782.5999755859375,1783.4000244140625,1778.300048828125,1779.9000244140625,7519,0.0,0.0,GODREJPROP.NS
2026-06-19 11:00:00+05:30,1779.5,1781.800048828125,1778.4000244140625,1781.300048828125,6336,0.0,0.0,GODREJPROP.NS
2026-06-19 11:15:00+05:30,1780.0,1782.800048828125,1779.9000244140625,1782.0,3242,0.0,0.0,GODREJPROP.NS
2026-06-19 11:30:00+05:30,1781.800048828125,1790.5999755859375,1781.800048828125,1786.800048828125,16200,0.0,0.0,GODREJPROP.NS
2026-06-19 11:45:00+05:30,1787.0,1789.699951171875,1783.9000244140625,1788.800048828125,9612,0.0,0.0,GODREJPROP.NS
2026-06-19 12:00:00+05:30,1788.5,1790.0999755859375,1787.0999755859375,1789.4000244140625,2719,0.0,0.0,GODREJPROP.NS
2026-06-19 12:15:00+05:30,1789.4000244140625,1794.0999755859375,1787.0,1794.0,10309,0.0,0.0,GODREJPROP.NS
2026-06-19 12:30:00+05:30,1794.0999755859375,1794.5,1788.0,1791.5,25329,0.0,0.0,GODREJPROP.NS
2026-06-19 12:45:00+05:30,1791.9000244140625,1799.0999755859375,1791.9000244140625,1798.4000244140625,18888,0.0,0.0,GODREJPROP.NS
2026-06-19 13:00:00+05:30,1797.5999755859375,1797.5999755859375,1790.0,1791.699951171875,5608,0.0,0.0,GODREJPROP.NS
2026-06-19 13:15:00+05:30,1792.0999755859375,1792.5,1788.0,1790.4000244140625,5838,0.0,0.0,GODREJPROP.NS
2026-06-19 13:30:00+05:30,1790.4000244140625,1795.9000244140625,1789.5,1795.9000244140625,9254,0.0,0.0,GODREJPROP.NS
2026-06-19 13:45:00+05:30,1795.9000244140625,1797.199951171875,1791.300048828125,1793.800048828125,11535,0.0,0.0,GODREJPROP.NS
2026-06-19 14:00:00+05:30,1793.800048828125,1794.5,1791.0999755859375,1793.300048828125,4124,0.0,0.0,GODREJPROP.NS
2026-06-19 14:15:00+05:30,1793.300048828125,1793.5,1788.800048828125,1790.4000244140625,3916,0.0,0.0,GODREJPROP.NS
2026-06-19 14:30:00+05:30,1790.699951171875,1793.699951171875,1789.199951171875,1789.9000244140625,4653,0.0,0.0,GODREJPROP.NS
2026-06-19 14:45:00+05:30,1790.5,1791.699951171875,1780.0,1783.800048828125,46498,0.0,0.0,GODREJPROP.NS
2026-06-19 15:00:00+05:30,1782.699951171875,1800.0,1782.5999755859375,1795.5,85189,0.0,0.0,GODREJPROP.NS
2026-06-19 15:15:00+05:30,1795.0999755859375,1800.0,1793.800048828125,1796.5,76442,0.0,0.0,GODREJPROP.NS
2026-06-22 09:15:00+05:30,1799.9000244140625,1810.9000244140625,1794.5999755859375,1802.0,11123,0.0,0.0,GODREJPROP.NS
2026-06-22 09:30:00+05:30,1803.5999755859373,1805.0,1795.0,1797.199951171875,19727,0.0,0.0,GODREJPROP.NS
2026-06-22 09:45:00+05:30,1797.0,1803.0,1797.0,1801.0999755859375,15423,0.0,0.0,GODREJPROP.NS
2026-06-22 10:00:00+05:30,1800.9000244140625,1801.5999755859373,1797.9000244140625,1800.5999755859375,5311,0.0,0.0,GODREJPROP.NS
2026-06-22 10:15:00+05:30,1800.0999755859375,1808.300048828125,1800.0999755859375,1807.199951171875,15895,0.0,0.0,GODREJPROP.NS
2026-06-22 10:30:00+05:30,1807.0999755859373,1815.0,1807.0999755859373,1808.4000244140625,20717,0.0,0.0,GODREJPROP.NS
2026-06-22 10:45:00+05:30,1809.0999755859373,1811.0,1808.199951171875,1810.199951171875,4274,0.0,0.0,GODREJPROP.NS
2026-06-22 11:00:00+05:30,1810.199951171875,1812.0999755859373,1809.0,1809.0,8847,0.0,0.0,GODREJPROP.NS
2026-06-22 11:15:00+05:30,1809.9000244140625,1811.300048828125,1807.300048828125,1808.0999755859373,4016,0.0,0.0,GODREJPROP.NS
2026-06-22 11:30:00+05:30,1808.199951171875,1810.0,1806.300048828125,1808.0,4635,0.0,0.0,GODREJPROP.NS
2026-06-22 11:45:00+05:30,1808.0999755859373,1817.9000244140625,1807.5,1814.300048828125,39570,0.0,0.0,GODREJPROP.NS
2026-06-22 12:00:00+05:30,1814.300048828125,1814.300048828125,1808.5,1809.0,3934,0.0,0.0,GODREJPROP.NS
2026-06-22 12:15:00+05:30,1809.0,1810.199951171875,1806.5,1807.9000244140625,5115,0.0,0.0,GODREJPROP.NS
2026-06-22 12:30:00+05:30,1806.9000244140625,1808.0,1806.4000244140625,1806.5999755859373,1027,0.0,0.0,GODREJPROP.NS
2026-06-22 12:45:00+05:30,1807.5,1807.9000244140625,1806.0,1806.0,1368,0.0,0.0,GODREJPROP.NS
2026-06-22 13:00:00+05:30,1804.9000244140625,1804.9000244140625,1802.800048828125,1803.9000244140625,4026,0.0,0.0,GODREJPROP.NS
2026-06-22 13:15:00+05:30,1803.9000244140625,1805.5,1803.0,1803.800048828125,2436,0.0,0.0,GODREJPROP.NS
2026-06-22 13:30:00+05:30,1803.5,1804.800048828125,1800.800048828125,1800.9000244140625,2894,0.0,0.0,GODREJPROP.NS
2026-06-22 13:45:00+05:30,1800.0,1803.9000244140625,1798.4000244140625,1801.9000244140625,15321,0.0,0.0,GODREJPROP.NS
2026-06-22 14:00:00+05:30,1802.4000244140625,1805.0,1800.0999755859375,1802.4000244140625,4154,0.0,0.0,GODREJPROP.NS
2026-06-22 14:15:00+05:30,1801.5999755859373,1807.199951171875,1801.5,1806.699951171875,3133,0.0,0.0,GODREJPROP.NS
2026-06-22 14:30:00+05:30,1806.5,1808.5,1803.9000244140625,1808.0,5619,0.0,0.0,GODREJPROP.NS
2026-06-22 14:45:00+05:30,1808.0,1808.699951171875,1804.300048828125,1804.300048828125,3235,0.0,0.0,GODREJPROP.NS
2026-06-22 15:00:00+05:30,1807.300048828125,1807.9000244140625,1799.699951171875,1799.699951171875,14635,0.0,0.0,GODREJPROP.NS
2026-06-22 15:15:00+05:30,1800.4000244140625,1800.9000244140625,1793.0,1798.9000244140625,24939,0.0,0.0,GODREJPROP.NS
2026-06-23 09:15:00+05:30,1798.800048828125,1804.0,1794.0999755859375,1801.0999755859375,12696,0.0,0.0,GODREJPROP.NS
2026-06-23 09:30:00+05:30,1801.0999755859375,1810.0,1799.800048828125,1807.9000244140625,13525,0.0,0.0,GODREJPROP.NS
2026-06-23 09:45:00+05:30,1808.0,1822.0,1806.4000244140625,1816.9000244140625,70584,0.0,0.0,GODREJPROP.NS
2026-06-23 10:00:00+05:30,1815.9000244140625,1826.199951171875,1813.199951171875,1820.0999755859373,183712,0.0,0.0,GODREJPROP.NS
2026-06-23 10:15:00+05:30,1818.800048828125,1825.9000244140625,1818.800048828125,1823.0,58907,0.0,0.0,GODREJPROP.NS
2026-06-23 10:30:00+05:30,1823.0,1829.5,1821.0999755859373,1826.0999755859373,54517,0.0,0.0,GODREJPROP.NS
2026-06-23 10:45:00+05:30,1826.4000244140625,1828.699951171875,1824.0999755859373,1827.699951171875,47981,0.0,0.0,GODREJPROP.NS
2026-06-23 11:00:00+05:30,1828.0999755859373,1829.5,1824.800048828125,1828.4000244140625,35940,0.0,0.0,GODREJPROP.NS
2026-06-23 11:15:00+05:30,1829.199951171875,1831.9000244140625,1815.0,1818.199951171875,69417,0.0,0.0,GODREJPROP.NS
2026-06-23 11:30:00+05:30,1818.4000244140625,1819.0,1815.0,1815.0,17951,0.0,0.0,GODREJPROP.NS
2026-06-23 11:45:00+05:30,1816.0,1816.9000244140625,1803.0999755859373,1806.800048828125,51933,0.0,0.0,GODREJPROP.NS
2026-06-23 12:00:00+05:30,1806.800048828125,1810.800048828125,1798.0,1798.4000244140625,10584,0.0,0.0,GODREJPROP.NS
2026-06-23 12:15:00+05:30,1798.4000244140625,1801.0,1793.0,1801.0,11903,0.0,0.0,GODREJPROP.NS
2026-06-23 12:30:00+05:30,1800.0,1803.699951171875,1798.5,1799.5999755859375,6044,0.0,0.0,GODREJPROP.NS
2026-06-23 12:45:00+05:30,1800.0999755859375,1801.199951171875,1791.4000244140625,1791.4000244140625,5743,0.0,0.0,GODREJPROP.NS
2026-06-23 13:00:00+05:30,1791.4000244140625,1793.9000244140625,1788.800048828125,1791.800048828125,7538,0.0,0.0,GODREJPROP.NS
2026-06-23 13:15:00+05:30,1791.300048828125,1801.5999755859373,1790.0,1796.800048828125,6831,0.0,0.0,GODREJPROP.NS
2026-06-23 13:30:00+05:30,1796.0,1797.9000244140625,1792.800048828125,1797.9000244140625,11082,0.0,0.0,GODREJPROP.NS
2026-06-23 13:45:00+05:30,1797.699951171875,1799.5,1792.699951171875,1794.0,7912,0.0,0.0,GODREJPROP.NS
2026-06-23 14:00:00+05:30,1794.0,1802.9000244140625,1793.199951171875,1802.300048828125,7865,0.0,0.0,GODREJPROP.NS
2026-06-23 14:15:00+05:30,1802.300048828125,1803.800048828125,1796.0,1797.0,6777,0.0,0.0,GODREJPROP.NS
2026-06-23 14:30:00+05:30,1797.300048828125,1799.5,1793.5999755859375,1799.5,14275,0.0,0.0,GODREJPROP.NS
2026-06-23 14:45:00+05:30,1797.0,1800.699951171875,1795.4000244140625,1799.300048828125,9010,0.0,0.0,GODREJPROP.NS
2026-06-23 15:00:00+05:30,1801.699951171875,1801.699951171875,1787.0,1788.5999755859375,37433,0.0,0.0,GODREJPROP.NS
2026-06-23 15:15:00+05:30,1788.199951171875,1791.800048828125,1785.0,1789.9000244140625,56580,0.0,0.0,GODREJPROP.NS
2026-06-24 09:15:00+05:30,1788.0,1800.9000244140625,1786.199951171875,1794.5999755859375,11931,0.0,0.0,GODREJPROP.NS
2026-06-24 09:30:00+05:30,1795.800048828125,1799.4000244140625,1786.0,1786.0999755859375,14737,0.0,0.0,GODREJPROP.NS
2026-06-24 09:45:00+05:30,1786.0999755859375,1786.699951171875,1779.0,1779.4000244140625,11943,0.0,0.0,GODREJPROP.NS
2026-06-24 10:00:00+05:30,1779.9000244140625,1799.0999755859375,1779.4000244140625,1796.5999755859375,18022,0.0,0.0,GODREJPROP.NS
2026-06-24 10:15:00+05:30,1796.5999755859375,1800.0,1793.800048828125,1795.4000244140625,11498,0.0,0.0,GODREJPROP.NS
2026-06-24 10:30:00+05:30,1796.4000244140625,1799.0999755859375,1789.4000244140625,1791.5999755859375,19049,0.0,0.0,GODREJPROP.NS
2026-06-24 10:45:00+05:30,1791.0,1799.300048828125,1790.5,1798.9000244140625,8981,0.0,0.0,GODREJPROP.NS
2026-06-24 11:00:00+05:30,1798.9000244140625,1801.5,1795.4000244140625,1797.0,10384,0.0,0.0,GODREJPROP.NS
2026-06-24 11:15:00+05:30,1797.5999755859375,1801.0999755859375,1795.0999755859375,1800.5999755859375,11830,0.0,0.0,GODREJPROP.NS
2026-06-24 11:30:00+05:30,1800.0,1806.800048828125,1797.9000244140625,1805.0999755859373,9143,0.0,0.0,GODREJPROP.NS
2026-06-24 11:45:00+05:30,1805.800048828125,1813.9000244140625,1804.5999755859373,1805.0,24060,0.0,0.0,GODREJPROP.NS
2026-06-24 12:00:00+05:30,1805.0,1807.699951171875,1800.0,1800.800048828125,8160,0.0,0.0,GODREJPROP.NS
2026-06-24 12:15:00+05:30,1800.800048828125,1807.0,1797.699951171875,1805.199951171875,21620,0.0,0.0,GODREJPROP.NS
2026-06-24 12:30:00+05:30,1805.800048828125,1806.5999755859373,1802.199951171875,1805.199951171875,7871,0.0,0.0,GODREJPROP.NS
2026-06-24 12:45:00+05:30,1804.0,1806.699951171875,1802.0,1806.699951171875,4526,0.0,0.0,GODREJPROP.NS
2026-06-24 13:00:00+05:30,1807.0,1813.9000244140625,1806.300048828125,1813.9000244140625,29561,0.0,0.0,GODREJPROP.NS
2026-06-24 13:15:00+05:30,1813.0,1816.5999755859373,1812.0,1814.699951171875,18147,0.0,0.0,GODREJPROP.NS
2026-06-24 13:30:00+05:30,1814.800048828125,1816.800048828125,1809.0,1816.0,32140,0.0,0.0,GODREJPROP.NS
2026-06-24 13:45:00+05:30,1816.0,1828.800048828125,1815.5,1827.4000244140625,62054,0.0,0.0,GODREJPROP.NS
2026-06-24 14:00:00+05:30,1828.199951171875,1829.0,1822.5999755859373,1825.0,45461,0.0,0.0,GODREJPROP.NS
2026-06-24 14:15:00+05:30,1825.0,1827.0,1820.9000244140625,1824.5999755859373,22417,0.0,0.0,GODREJPROP.NS
2026-06-24 14:30:00+05:30,1824.5,1825.5,1819.300048828125,1820.0999755859373,22689,0.0,0.0,GODREJPROP.NS
2026-06-24 14:45:00+05:30,1820.199951171875,1823.9000244140625,1818.199951171875,1823.9000244140625,21947,0.0,0.0,GODREJPROP.NS
2026-06-24 15:00:00+05:30,1822.5999755859373,1825.0,1818.4000244140625,1820.199951171875,63757,0.0,0.0,GODREJPROP.NS
2026-06-24 15:15:00+05:30,1820.0,1824.9000244140625,1815.5999755859373,1820.5999755859373,91233,0.0,0.0,GODREJPROP.NS
2026-06-25 09:15:00+05:30,1836.800048828125,1853.5999755859373,1836.800048828125,1847.9000244140625,87824,0.0,0.0,GODREJPROP.NS
2026-06-25 09:30:00+05:30,1849.9000244140625,1852.0,1842.0,1845.199951171875,33680,0.0,0.0,GODREJPROP.NS
2026-06-25 09:45:00+05:30,1846.0,1851.0,1841.0,1841.300048828125,26733,0.0,0.0,GODREJPROP.NS
2026-06-25 10:00:00+05:30,1842.800048828125,1842.800048828125,1833.300048828125,1836.9000244140625,33928,0.0,0.0,GODREJPROP.NS
2026-06-25 10:15:00+05:30,1837.0,1840.0,1835.9000244140625,1838.699951171875,23763,0.0,0.0,GODREJPROP.NS
2026-06-25 10:30:00+05:30,1839.199951171875,1846.5,1838.5999755859373,1843.0999755859373,38660,0.0,0.0,GODREJPROP.NS
2026-06-25 10:45:00+05:30,1843.199951171875,1853.0999755859373,1842.0,1851.300048828125,56276,0.0,0.0,GODREJPROP.NS
2026-06-25 11:00:00+05:30,1852.4000244140625,1852.4000244140625,1842.9000244140625,1843.5,14058,0.0,0.0,GODREJPROP.NS
2026-06-25 11:15:00+05:30,1843.4000244140625,1852.0,1841.0,1851.5,37818,0.0,0.0,GODREJPROP.NS
2026-06-25 11:30:00+05:30,1851.5999755859373,1859.4000244140625,1847.5,1858.5999755859373,61539,0.0,0.0,GODREJPROP.NS
2026-06-25 11:45:00+05:30,1858.5999755859373,1878.5,1857.199951171875,1878.5,118723,0.0,0.0,GODREJPROP.NS
2026-06-25 12:00:00+05:30,1878.0,1885.0,1876.9000244140625,1880.800048828125,68342,0.0,0.0,GODREJPROP.NS
2026-06-25 12:15:00+05:30,1880.4000244140625,1881.300048828125,1875.4000244140625,1877.4000244140625,45030,0.0,0.0,GODREJPROP.NS
2026-06-25 12:30:00+05:30,1877.0,1878.699951171875,1870.199951171875,1872.0,48154,0.0,0.0,GODREJPROP.NS
2026-06-25 12:45:00+05:30,1872.4000244140625,1873.5999755859373,1864.699951171875,1866.9000244140625,20903,0.0,0.0,GODREJPROP.NS
2026-06-25 13:00:00+05:30,1866.9000244140625,1871.0,1860.699951171875,1860.9000244140625,25626,0.0,0.0,GODREJPROP.NS
2026-06-25 13:15:00+05:30,1860.0,1861.9000244140625,1855.5,1857.699951171875,10845,0.0,0.0,GODREJPROP.NS
2026-06-25 13:30:00+05:30,1857.0,1865.199951171875,1854.0,1864.300048828125,17193,0.0,0.0,GODREJPROP.NS
2026-06-25 13:45:00+05:30,1864.300048828125,1864.300048828125,1856.4000244140625,1856.5,9803,0.0,0.0,GODREJPROP.NS
2026-06-25 14:00:00+05:30,1856.0999755859373,1860.199951171875,1852.199951171875,1854.5,21363,0.0,0.0,GODREJPROP.NS
2026-06-25 14:15:00+05:30,1854.0,1861.0,1850.199951171875,1860.9000244140625,31721,0.0,0.0,GODREJPROP.NS
2026-06-25 14:30:00+05:30,1861.0,1865.5999755859373,1857.9000244140625,1859.0999755859373,36174,0.0,0.0,GODREJPROP.NS
2026-06-25 14:45:00+05:30,1859.4000244140625,1860.800048828125,1848.0,1848.5,90790,0.0,0.0,GODREJPROP.NS
2026-06-25 15:00:00+05:30,1848.699951171875,1855.5,1842.5,1853.5,61592,0.0,0.0,GODREJPROP.NS
2026-06-25 15:15:00+05:30,1853.5,1855.5,1847.300048828125,1851.9000244140625,80407,0.0,0.0,GODREJPROP.NS
2026-06-29 09:15:00+05:30,1850.5,1868.4000244140625,1850.5,1866.0,22784,0.0,0.0,GODREJPROP.NS
2026-06-29 09:30:00+05:30,1862.800048828125,1866.0,1854.4000244140625,1857.199951171875,36563,0.0,0.0,GODREJPROP.NS
2026-06-29 09:45:00+05:30,1856.800048828125,1856.800048828125,1846.300048828125,1847.4000244140625,36183,0.0,0.0,GODREJPROP.NS
2026-06-29 10:00:00+05:30,1848.0,1849.699951171875,1842.0999755859373,1845.0,22313,0.0,0.0,GODREJPROP.NS
2026-06-29 10:15:00+05:30,1845.5999755859373,1859.5,1842.9000244140625,1854.4000244140625,38338,0.0,0.0,GODREJPROP.NS
2026-06-29 10:30:00+05:30,1854.0,1854.9000244140625,1839.4000244140625,1839.4000244140625,34719,0.0,0.0,GODREJPROP.NS
2026-06-29 10:45:00+05:30,1840.0,1840.9000244140625,1832.699951171875,1833.5,8080,0.0,0.0,GODREJPROP.NS
2026-06-29 11:00:00+05:30,1833.5,1836.0,1830.0,1835.0999755859373,25237,0.0,0.0,GODREJPROP.NS
2026-06-29 11:15:00+05:30,1835.0,1841.199951171875,1834.699951171875,1837.300048828125,14300,0.0,0.0,GODREJPROP.NS
2026-06-29 11:30:00+05:30,1837.0999755859373,1840.199951171875,1834.0,1835.4000244140625,9097,0.0,0.0,GODREJPROP.NS
2026-06-29 11:45:00+05:30,1835.0,1840.5999755859373,1834.4000244140625,1839.199951171875,4404,0.0,0.0,GODREJPROP.NS
2026-06-29 12:00:00+05:30,1838.199951171875,1840.5,1836.5,1837.5999755859373,2734,0.0,0.0,GODREJPROP.NS
2026-06-29 12:15:00+05:30,1836.5,1839.0,1834.9000244140625,1835.300048828125,6291,0.0,0.0,GODREJPROP.NS
2026-06-29 12:30:00+05:30,1836.199951171875,1836.5,1832.5999755859373,1834.699951171875,8287,0.0,0.0,GODREJPROP.NS
2026-06-29 12:45:00+05:30,1836.9000244140625,1837.0999755859373,1829.0,1834.5999755859373,15807,0.0,0.0,GODREJPROP.NS
2026-06-29 13:00:00+05:30,1835.0,1839.5,1833.800048828125,1836.800048828125,5607,0.0,0.0,GODREJPROP.NS
2026-06-29 13:15:00+05:30,1836.5999755859373,1836.5999755859373,1832.9000244140625,1834.5999755859373,3672,0.0,0.0,GODREJPROP.NS
2026-06-29 13:30:00+05:30,1834.699951171875,1835.5,1831.4000244140625,1832.199951171875,5531,0.0,0.0,GODREJPROP.NS
2026-06-29 13:45:00+05:30,1831.800048828125,1833.199951171875,1828.5,1829.699951171875,15123,0.0,0.0,GODREJPROP.NS
2026-06-29 14:00:00+05:30,1829.4000244140625,1831.800048828125,1827.0999755859373,1831.4000244140625,11395,0.0,0.0,GODREJPROP.NS
2026-06-29 14:15:00+05:30,1832.5999755859373,1836.300048828125,1832.5999755859373,1835.800048828125,35932,0.0,0.0,GODREJPROP.NS
2026-06-29 14:30:00+05:30,1836.0,1840.5999755859373,1835.0,1837.5999755859373,24355,0.0,0.0,GODREJPROP.NS
2026-06-29 14:45:00+05:30,1837.5999755859373,1841.0999755859373,1834.199951171875,1835.0999755859373,13516,0.0,0.0,GODREJPROP.NS
2026-06-29 15:00:00+05:30,1833.9000244140625,1836.800048828125,1826.4000244140625,1827.5999755859373,101263,0.0,0.0,GODREJPROP.NS
2026-06-29 15:15:00+05:30,1827.5999755859373,1835.199951171875,1825.4000244140625,1830.0999755859373,99908,0.0,0.0,GODREJPROP.NS
2026-06-30 09:15:00+05:30,1844.5999755859373,1845.300048828125,1832.0999755859373,1832.0999755859373,24154,0.0,0.0,GODREJPROP.NS
2026-06-30 09:30:00+05:30,1832.0,1839.5,1830.699951171875,1835.9000244140625,23586,0.0,0.0,GODREJPROP.NS
2026-06-30 09:45:00+05:30,1836.5999755859373,1843.5999755859373,1833.4000244140625,1837.9000244140625,26865,0.0,0.0,GODREJPROP.NS
2026-06-30 10:00:00+05:30,1837.9000244140625,1845.800048828125,1835.0,1844.0,36819,0.0,0.0,GODREJPROP.NS
2026-06-30 10:15:00+05:30,1844.699951171875,1848.0,1841.9000244140625,1848.0,13653,0.0,0.0,GODREJPROP.NS
2026-06-30 10:30:00+05:30,1848.0999755859373,1876.0,1848.0,1875.199951171875,61357,0.0,0.0,GODREJPROP.NS
2026-06-30 10:45:00+05:30,1876.0,1884.0,1869.699951171875,1870.0,69755,0.0,0.0,GODREJPROP.NS
2026-06-30 11:00:00+05:30,1870.0,1878.0,1868.699951171875,1877.800048828125,16166,0.0,0.0,GODREJPROP.NS
2026-06-30 11:15:00+05:30,1878.0,1884.800048828125,1873.0,1874.699951171875,42966,0.0,0.0,GODREJPROP.NS
2026-06-30 11:30:00+05:30,1873.699951171875,1878.199951171875,1871.300048828125,1876.5,15331,0.0,0.0,GODREJPROP.NS
2026-06-30 11:45:00+05:30,1877.5999755859373,1880.0,1871.4000244140625,1880.0,36199,0.0,0.0,GODREJPROP.NS
2026-06-30 12:00:00+05:30,1880.0,1880.0,1873.9000244140625,1875.5999755859373,19027,0.0,0.0,GODREJPROP.NS
2026-06-30 12:15:00+05:30,1874.800048828125,1875.800048828125,1872.199951171875,1872.199951171875,5075,0.0,0.0,GODREJPROP.NS
2026-06-30 12:30:00+05:30,1872.9000244140625,1876.0,1868.800048828125,1876.0,7315,0.0,0.0,GODREJPROP.NS
2026-06-30 12:45:00+05:30,1876.0,1879.0,1872.300048828125,1874.4000244140625,14711,0.0,0.0,GODREJPROP.NS
2026-06-30 13:00:00+05:30,1875.0999755859373,1877.5,1871.4000244140625,1871.9000244140625,7596,0.0,0.0,GODREJPROP.NS
2026-06-30 13:15:00+05:30,1872.0,1873.199951171875,1870.199951171875,1872.4000244140625,8471,0.0,0.0,GODREJPROP.NS
2026-06-30 13:30:00+05:30,1872.4000244140625,1875.0,1870.0999755859373,1871.199951171875,7522,0.0,0.0,GODREJPROP.NS
2026-06-30 13:45:00+05:30,1872.0,1872.0,1866.699951171875,1867.5,10715,0.0,0.0,GODREJPROP.NS
2026-06-30 14:00:00+05:30,1868.9000244140625,1871.0,1864.0,1870.0,12057,0.0,0.0,GODREJPROP.NS
2026-06-30 14:15:00+05:30,1869.300048828125,1887.0,1869.199951171875,1886.199951171875,44244,0.0,0.0,GODREJPROP.NS
2026-06-30 14:30:00+05:30,1885.9000244140625,1886.9000244140625,1876.0,1880.0,74105,0.0,0.0,GODREJPROP.NS
2026-06-30 14:45:00+05:30,1879.800048828125,1880.0,1873.699951171875,1874.699951171875,14443,0.0,0.0,GODREJPROP.NS
2026-06-30 15:00:00+05:30,1874.699951171875,1874.699951171875,1862.199951171875,1870.199951171875,107994,0.0,0.0,GODREJPROP.NS
2026-06-30 15:15:00+05:30,1869.5999755859373,1873.0,1862.0,1866.5999755859373,130431,0.0,0.0,GODREJPROP.NS
2026-07-01 09:15:00+05:30,1880.300048828125,1890.4000244140625,1876.199951171875,1878.5999755859373,21148,0.0,0.0,GODREJPROP.NS
2026-07-01 09:30:00+05:30,1878.0,1883.0,1874.0,1876.800048828125,17406,0.0,0.0,GODREJPROP.NS
2026-07-01 09:45:00+05:30,1876.5,1883.5,1876.5,1881.0,22724,0.0,0.0,GODREJPROP.NS
2026-07-01 10:00:00+05:30,1881.9000244140625,1895.0,1881.9000244140625,1895.0,55032,0.0,0.0,GODREJPROP.NS
2026-07-01 10:15:00+05:30,1897.0,1910.0,1893.5999755859373,1893.800048828125,66529,0.0,0.0,GODREJPROP.NS
2026-07-01 10:30:00+05:30,1894.0,1900.0,1893.0,1894.5999755859373,18715,0.0,0.0,GODREJPROP.NS
2026-07-01 10:45:00+05:30,1896.0,1900.0,1893.0999755859373,1898.0,10220,0.0,0.0,GODREJPROP.NS
2026-07-01 11:00:00+05:30,1898.0,1900.0,1891.0,1893.800048828125,8651,0.0,0.0,GODREJPROP.NS
2026-07-01 11:15:00+05:30,1895.5999755859373,1897.699951171875,1890.0,1891.699951171875,8412,0.0,0.0,GODREJPROP.NS
2026-07-01 11:30:00+05:30,1893.199951171875,1908.5999755859373,1890.0,1902.5999755859373,28350,0.0,0.0,GODREJPROP.NS
2026-07-01 11:45:00+05:30,1903.699951171875,1904.699951171875,1897.0,1904.5,8517,0.0,0.0,GODREJPROP.NS
2026-07-01 12:00:00+05:30,1904.0,1911.0,1902.0999755859373,1907.4000244140625,32899,0.0,0.0,GODREJPROP.NS
2026-07-01 12:15:00+05:30,1908.5999755859373,1909.199951171875,1906.699951171875,1908.199951171875,32013,0.0,0.0,GODREJPROP.NS
2026-07-01 12:30:00+05:30,1907.199951171875,1914.5999755859373,1907.199951171875,1912.199951171875,31526,0.0,0.0,GODREJPROP.NS
2026-07-01 12:45:00+05:30,1911.5,1930.699951171875,1911.5,1930.0,91231,0.0,0.0,GODREJPROP.NS
2026-07-01 13:00:00+05:30,1929.5,1932.5,1924.0,1932.5,48763,0.0,0.0,GODREJPROP.NS
2026-07-01 13:15:00+05:30,1932.5,1938.5,1929.5,1935.699951171875,61403,0.0,0.0,GODREJPROP.NS
2026-07-01 13:30:00+05:30,1935.5999755859373,1936.800048828125,1932.199951171875,1933.0,23217,0.0,0.0,GODREJPROP.NS
2026-07-01 13:45:00+05:30,1935.0,1939.0,1932.5,1937.300048828125,24617,0.0,0.0,GODREJPROP.NS
2026-07-01 14:00:00+05:30,1937.5999755859373,1941.0,1937.0999755859373,1937.800048828125,25208,0.0,0.0,GODREJPROP.NS
2026-07-01 14:15:00+05:30,1938.699951171875,1940.0,1936.199951171875,1936.4000244140625,17924,0.0,0.0,GODREJPROP.NS
2026-07-01 14:30:00+05:30,1938.300048828125,1948.300048828125,1936.9000244140625,1947.4000244140625,56248,0.0,0.0,GODREJPROP.NS
2026-07-01 14:45:00+05:30,1947.5,1950.0,1944.800048828125,1950.0,43121,0.0,0.0,GODREJPROP.NS
2026-07-01 15:00:00+05:30,1948.5,1970.4000244140625,1947.4000244140625,1960.699951171875,129446,0.0,0.0,GODREJPROP.NS
2026-07-01 15:15:00+05:30,1960.699951171875,1965.0999755859373,1950.0,1950.0,102758,0.0,0.0,GODREJPROP.NS
2026-07-02 09:15:00+05:30,1962.0,1982.9000244140625,1962.0,1967.5999755859373,25301,0.0,0.0,GODREJPROP.NS
2026-07-02 09:30:00+05:30,1965.300048828125,1976.699951171875,1964.5999755859373,1966.4000244140625,29712,0.0,0.0,GODREJPROP.NS
2026-07-02 09:45:00+05:30,1965.800048828125,1972.0,1959.199951171875,1972.0,53894,0.0,0.0,GODREJPROP.NS
2026-07-02 10:00:00+05:30,1972.699951171875,1973.0,1962.4000244140625,1965.9000244140625,21582,0.0,0.0,GODREJPROP.NS
2026-07-02 10:15:00+05:30,1966.0,1971.300048828125,1963.9000244140625,1969.199951171875,12258,0.0,0.0,GODREJPROP.NS
2026-07-02 10:30:00+05:30,1970.4000244140625,1970.4000244140625,1956.5,1961.699951171875,13622,0.0,0.0,GODREJPROP.NS
2026-07-02 10:45:00+05:30,1961.699951171875,1964.5,1950.0,1953.699951171875,20355,0.0,0.0,GODREJPROP.NS
2026-07-02 11:00:00+05:30,1953.699951171875,1954.800048828125,1948.300048828125,1949.800048828125,12155,0.0,0.0,GODREJPROP.NS
2026-07-02 11:15:00+05:30,1949.699951171875,1952.0,1946.699951171875,1946.9000244140625,6448,0.0,0.0,GODREJPROP.NS
2026-07-02 11:30:00+05:30,1946.800048828125,1954.5999755859373,1946.5999755859373,1954.5999755859373,8026,0.0,0.0,GODREJPROP.NS
2026-07-02 11:45:00+05:30,1953.699951171875,1967.699951171875,1952.199951171875,1963.300048828125,20574,0.0,0.0,GODREJPROP.NS
2026-07-02 12:00:00+05:30,1964.0999755859373,1968.800048828125,1963.300048828125,1965.4000244140625,8501,0.0,0.0,GODREJPROP.NS
2026-07-02 12:15:00+05:30,1965.199951171875,1971.0,1965.199951171875,1969.9000244140625,12244,0.0,0.0,GODREJPROP.NS
2026-07-02 12:30:00+05:30,1970.0,1971.0,1962.0,1962.0,8296,0.0,0.0,GODREJPROP.NS
2026-07-02 12:45:00+05:30,1963.0999755859373,1964.5,1955.0999755859373,1957.5,7039,0.0,0.0,GODREJPROP.NS
2026-07-02 13:00:00+05:30,1957.5,1970.9000244140625,1956.5999755859373,1968.199951171875,22204,0.0,0.0,GODREJPROP.NS
2026-07-02 13:15:00+05:30,1968.9000244140625,1972.800048828125,1962.5999755859373,1963.5,15532,0.0,0.0,GODREJPROP.NS
2026-07-02 13:30:00+05:30,1962.0999755859373,1965.199951171875,1956.4000244140625,1960.9000244140625,10885,0.0,0.0,GODREJPROP.NS
2026-07-02 13:45:00+05:30,1960.5,1968.800048828125,1958.4000244140625,1968.199951171875,87024,0.0,0.0,GODREJPROP.NS
2026-07-02 14:00:00+05:30,1968.199951171875,1969.5999755859373,1962.0,1963.0,7437,0.0,0.0,GODREJPROP.NS
2026-07-02 14:15:00+05:30,1964.199951171875,1969.0,1962.0,1963.9000244140625,8735,0.0,0.0,GODREJPROP.NS
2026-07-02 14:30:00+05:30,1963.800048828125,1968.699951171875,1963.800048828125,1967.9000244140625,14794,0.0,0.0,GODREJPROP.NS
2026-07-02 14:45:00+05:30,1967.300048828125,1972.9000244140625,1967.300048828125,1971.300048828125,17487,0.0,0.0,GODREJPROP.NS
2026-07-02 15:00:00+05:30,1971.800048828125,1972.9000244140625,1969.199951171875,1972.300048828125,38117,0.0,0.0,GODREJPROP.NS
2026-07-02 15:15:00+05:30,1972.300048828125,1972.800048828125,1955.0999755859373,1968.699951171875,54135,0.0,0.0,GODREJPROP.NS
2026-07-03 09:15:00+05:30,1980.199951171875,1981.800048828125,1971.9000244140625,1977.199951171875,27123,0.0,0.0,GODREJPROP.NS
2026-07-03 09:30:00+05:30,1978.199951171875,1987.5999755859373,1976.5,1985.0,35185,0.0,0.0,GODREJPROP.NS
2026-07-03 09:45:00+05:30,1986.800048828125,1999.5,1983.5,1986.0,81491,0.0,0.0,GODREJPROP.NS
2026-07-03 10:00:00+05:30,1987.4000244140625,1995.5,1986.0999755859373,1993.5,23164,0.0,0.0,GODREJPROP.NS
2026-07-03 10:15:00+05:30,1991.0999755859373,1997.0,1991.0999755859373,1995.0,19954,0.0,0.0,GODREJPROP.NS
2026-07-03 10:30:00+05:30,1995.300048828125,1999.800048828125,1995.0,1999.4000244140625,85005,0.0,0.0,GODREJPROP.NS
2026-07-03 10:45:00+05:30,1999.9000244140625,2001.300048828125,1994.0999755859373,1994.5999755859373,63235,0.0,0.0,GODREJPROP.NS
2026-07-03 11:00:00+05:30,1992.800048828125,1998.5999755859373,1992.800048828125,1994.9000244140625,21441,0.0,0.0,GODREJPROP.NS
2026-07-03 11:15:00+05:30,1994.5999755859373,1998.800048828125,1993.300048828125,1994.0,24156,0.0,0.0,GODREJPROP.NS
2026-07-03 11:30:00+05:30,1994.0,1996.0,1989.699951171875,1994.300048828125,98501,0.0,0.0,GODREJPROP.NS
2026-07-03 11:45:00+05:30,1994.0,1999.4000244140625,1992.9000244140625,1998.0,16826,0.0,0.0,GODREJPROP.NS
2026-07-03 12:00:00+05:30,1997.0999755859373,2001.0,1994.5,1997.5999755859373,54217,0.0,0.0,GODREJPROP.NS
2026-07-03 12:15:00+05:30,1997.699951171875,2001.0,1991.0,1992.9000244140625,36346,0.0,0.0,GODREJPROP.NS
2026-07-03 12:30:00+05:30,1992.800048828125,1998.0,1990.0,1995.5,25635,0.0,0.0,GODREJPROP.NS
2026-07-03 12:45:00+05:30,1997.9000244140625,1998.199951171875,1994.300048828125,1997.699951171875,24195,0.0,0.0,GODREJPROP.NS
2026-07-03 13:00:00+05:30,1998.0,1998.199951171875,1994.199951171875,1994.699951171875,19665,0.0,0.0,GODREJPROP.NS
2026-07-03 13:15:00+05:30,1995.5999755859373,1995.5999755859373,1988.5999755859373,1991.4000244140625,28755,0.0,0.0,GODREJPROP.NS
2026-07-03 13:30:00+05:30,1992.0,1994.199951171875,1990.0999755859373,1994.199951171875,15421,0.0,0.0,GODREJPROP.NS
2026-07-03 13:45:00+05:30,1994.0999755859373,1998.9000244140625,1994.0999755859373,1998.0999755859373,14123,0.0,0.0,GODREJPROP.NS
2026-07-03 14:00:00+05:30,1998.0999755859373,1999.5,1995.0999755859373,1998.5999755859373,15308,0.0,0.0,GODREJPROP.NS
2026-07-03 14:15:00+05:30,1998.9000244140625,1999.0,1992.0999755859373,1997.0999755859373,21923,0.0,0.0,GODREJPROP.NS
2026-07-03 14:30:00+05:30,1997.5999755859373,2000.0,1996.300048828125,1998.9000244140625,20326,0.0,0.0,GODREJPROP.NS
2026-07-03 14:45:00+05:30,1999.0,2000.0,1996.9000244140625,1998.4000244140625,18561,0.0,0.0,GODREJPROP.NS
2026-07-03 15:00:00+05:30,1999.5999755859373,2002.5,1998.300048828125,1999.800048828125,77837,0.0,0.0,GODREJPROP.NS
2026-07-03 15:15:00+05:30,1999.199951171875,2000.0,1988.0,1996.4000244140625,94579,0.0,0.0,GODREJPROP.NS
2026-07-06 09:15:00+05:30,2009.0999755859373,2020.0999755859373,2001.4000244140625,2014.199951171875,40487,0.0,0.0,GODREJPROP.NS
2026-07-06 09:30:00+05:30,2014.0,2037.300048828125,2012.0999755859373,2036.699951171875,63189,0.0,0.0,GODREJPROP.NS
2026-07-06 09:45:00+05:30,2036.699951171875,2049.89990234375,2020.300048828125,2022.699951171875,165717,0.0,0.0,GODREJPROP.NS
2026-07-06 10:00:00+05:30,2021.9000244140625,2039.9000244140625,2020.800048828125,2028.4000244140625,258827,0.0,0.0,GODREJPROP.NS
2026-07-06 10:15:00+05:30,2028.0,2042.9000244140625,2028.0,2040.0,67413,0.0,0.0,GODREJPROP.NS
2026-07-06 10:30:00+05:30,2039.199951171875,2046.5999755859373,2037.5999755859373,2044.5999755859373,27837,0.0,0.0,GODREJPROP.NS
2026-07-06 10:45:00+05:30,2043.0,2044.0999755859373,2038.300048828125,2043.800048828125,15236,0.0,0.0,GODREJPROP.NS
2026-07-06 11:00:00+05:30,2044.0,2049.699951171875,2031.9000244140625,2037.5,59770,0.0,0.0,GODREJPROP.NS
2026-07-06 11:15:00+05:30,2038.5999755859373,2043.0,2032.199951171875,2043.0,28864,0.0,0.0,GODREJPROP.NS
2026-07-06 11:30:00+05:30,2043.199951171875,2049.0,2043.0,2048.39990234375,26517,0.0,0.0,GODREJPROP.NS
2026-07-06 11:45:00+05:30,2048.0,2048.800048828125,2033.5999755859373,2038.0999755859373,19956,0.0,0.0,GODREJPROP.NS
2026-07-06 12:00:00+05:30,2038.0,2040.800048828125,2034.0,2038.0,37949,0.0,0.0,GODREJPROP.NS
2026-07-06 12:15:00+05:30,2038.4000244140625,2041.0999755859373,2035.0999755859373,2038.0,8528,0.0,0.0,GODREJPROP.NS
2026-07-06 12:30:00+05:30,2037.5999755859373,2038.800048828125,2034.4000244140625,2036.9000244140625,11268,0.0,0.0,GODREJPROP.NS
2026-07-06 12:45:00+05:30,2036.800048828125,2039.4000244140625,2034.9000244140625,2037.800048828125,13101,0.0,0.0,GODREJPROP.NS
2026-07-06 13:00:00+05:30,2037.300048828125,2039.800048828125,2034.0,2034.0,10491,0.0,0.0,GODREJPROP.NS
2026-07-06 13:15:00+05:30,2034.0,2039.800048828125,2033.300048828125,2038.4000244140625,11225,0.0,0.0,GODREJPROP.NS
2026-07-06 13:30:00+05:30,2037.0999755859373,2040.0,2035.4000244140625,2038.4000244140625,10411,0.0,0.0,GODREJPROP.NS
2026-07-06 13:45:00+05:30,2037.9000244140625,2038.5,2034.0999755859373,2036.0999755859373,12971,0.0,0.0,GODREJPROP.NS
2026-07-06 14:00:00+05:30,2036.800048828125,2038.4000244140625,2036.0999755859373,2036.9000244140625,9601,0.0,0.0,GODREJPROP.NS
2026-07-06 14:15:00+05:30,2036.800048828125,2038.0,2036.0999755859373,2037.0,6826,0.0,0.0,GODREJPROP.NS
2026-07-06 14:30:00+05:30,2037.0,2039.9000244140625,2032.4000244140625,2035.5,27488,0.0,0.0,GODREJPROP.NS
2026-07-06 14:45:00+05:30,2035.0,2037.800048828125,2030.199951171875,2036.4000244140625,80622,0.0,0.0,GODREJPROP.NS
2026-07-06 15:00:00+05:30,2038.0999755859373,2050.60009765625,2036.0999755859373,2050.39990234375,106300,0.0,0.0,GODREJPROP.NS
2026-07-06 15:15:00+05:30,2050.5,2050.89990234375,2042.699951171875,2046.4000244140625,203085,0.0,0.0,GODREJPROP.NS
2026-07-07 09:15:00+05:30,2055.39990234375,2055.39990234375,2032.300048828125,2033.699951171875,25110,0.0,0.0,GODREJPROP.NS
2026-07-07 09:30:00+05:30,2034.0,2034.300048828125,2027.0999755859373,2031.300048828125,21635,0.0,0.0,GODREJPROP.NS
2026-07-07 09:45:00+05:30,2032.300048828125,2039.5,2028.4000244140625,2028.4000244140625,21917,0.0,0.0,GODREJPROP.NS
2026-07-07 10:00:00+05:30,2028.4000244140625,2028.4000244140625,2021.0,2022.0,22107,0.0,0.0,GODREJPROP.NS
2026-07-07 10:15:00+05:30,2022.0,2027.4000244140625,2019.0,2023.5,25027,0.0,0.0,GODREJPROP.NS
2026-07-07 10:30:00+05:30,2022.4000244140625,2022.9000244140625,2010.0999755859373,2013.4000244140625,30875,0.0,0.0,GODREJPROP.NS
2026-07-07 10:45:00+05:30,2014.199951171875,2019.4000244140625,2010.0,2019.0,32538,0.0,0.0,GODREJPROP.NS
2026-07-07 11:00:00+05:30,2018.0,2023.9000244140625,2017.4000244140625,2023.4000244140625,11294,0.0,0.0,GODREJPROP.NS
2026-07-07 11:15:00+05:30,2022.5,2025.9000244140625,2020.0,2024.199951171875,7242,0.0,0.0,GODREJPROP.NS
2026-07-07 11:30:00+05:30,2025.0,2027.800048828125,2022.4000244140625,2025.9000244140625,7380,0.0,0.0,GODREJPROP.NS
2026-07-07 11:45:00+05:30,2025.800048828125,2034.800048828125,2025.800048828125,2032.699951171875,22409,0.0,0.0,GODREJPROP.NS
2026-07-07 12:00:00+05:30,2032.5999755859373,2034.0999755859373,2024.800048828125,2027.5,33432,0.0,0.0,GODREJPROP.NS
2026-07-07 12:15:00+05:30,2028.199951171875,2029.5,2024.300048828125,2028.4000244140625,14312,0.0,0.0,GODREJPROP.NS
2026-07-07 12:30:00+05:30,2028.4000244140625,2028.4000244140625,2024.4000244140625,2027.0,15452,0.0,0.0,GODREJPROP.NS
2026-07-07 12:45:00+05:30,2027.300048828125,2032.0,2026.5,2032.0,11741,0.0,0.0,GODREJPROP.NS
2026-07-07 13:00:00+05:30,2031.300048828125,2032.0,2028.5,2030.0,9310,0.0,0.0,GODREJPROP.NS
2026-07-07 13:15:00+05:30,2030.4000244140625,2031.0,2026.0,2029.300048828125,9860,0.0,0.0,GODREJPROP.NS
2026-07-07 13:30:00+05:30,2028.4000244140625,2033.300048828125,2028.4000244140625,2033.300048828125,8603,0.0,0.0,GODREJPROP.NS
2026-07-07 13:45:00+05:30,2033.300048828125,2039.0,2031.199951171875,2035.0,15584,0.0,0.0,GODREJPROP.NS
2026-07-07 14:00:00+05:30,2035.199951171875,2037.0,2025.800048828125,2029.300048828125,41761,0.0,0.0,GODREJPROP.NS
2026-07-07 14:15:00+05:30,2029.300048828125,2032.0,2028.0,2031.5999755859373,10959,0.0,0.0,GODREJPROP.NS
2026-07-07 14:30:00+05:30,2031.5999755859373,2035.0,2030.0,2031.300048828125,34199,0.0,0.0,GODREJPROP.NS
2026-07-07 14:45:00+05:30,2030.9000244140625,2040.9000244140625,2030.0,2038.800048828125,35999,0.0,0.0,GODREJPROP.NS
2026-07-07 15:00:00+05:30,2038.5,2041.0,2033.300048828125,2039.300048828125,161250,0.0,0.0,GODREJPROP.NS
2026-07-07 15:15:00+05:30,2038.199951171875,2051.0,2030.5,2043.0999755859373,382102,0.0,0.0,GODREJPROP.NS
2026-07-08 09:15:00+05:30,2010.0,2031.5999755859373,2005.5,2024.199951171875,23564,0.0,0.0,GODREJPROP.NS
2026-07-08 09:30:00+05:30,2025.800048828125,2039.5,2018.5999755859373,2036.9000244140625,25762,0.0,0.0,GODREJPROP.NS
2026-07-08 09:45:00+05:30,2037.0,2044.5,2034.0,2036.0999755859373,31633,0.0,0.0,GODREJPROP.NS
2026-07-08 10:00:00+05:30,2035.4000244140625,2048.699951171875,2035.300048828125,2045.800048828125,30966,0.0,0.0,GODREJPROP.NS
2026-07-08 10:15:00+05:30,2046.300048828125,2054.800048828125,2045.199951171875,2050.0,50824,0.0,0.0,GODREJPROP.NS
2026-07-08 10:30:00+05:30,2050.0,2073.0,2049.60009765625,2072.199951171875,67035,0.0,0.0,GODREJPROP.NS
2026-07-08 10:45:00+05:30,2074.0,2075.10009765625,2066.0,2073.89990234375,61256,0.0,0.0,GODREJPROP.NS
2026-07-08 11:00:00+05:30,2074.60009765625,2075.0,2060.199951171875,2061.699951171875,34504,0.0,0.0,GODREJPROP.NS
2026-07-08 11:15:00+05:30,2062.199951171875,2068.0,2060.0,2063.199951171875,21961,0.0,0.0,GODREJPROP.NS
2026-07-08 11:30:00+05:30,2062.60009765625,2062.699951171875,2055.60009765625,2060.0,22255,0.0,0.0,GODREJPROP.NS
2026-07-08 11:45:00+05:30,2060.800048828125,2062.5,2055.39990234375,2058.0,15963,0.0,0.0,GODREJPROP.NS
2026-07-08 12:00:00+05:30,2058.0,2059.199951171875,2053.0,2055.699951171875,11538,0.0,0.0,GODREJPROP.NS
2026-07-08 12:15:00+05:30,2055.699951171875,2058.89990234375,2053.0,2054.39990234375,7842,0.0,0.0,GODREJPROP.NS
2026-07-08 12:30:00+05:30,2055.0,2055.0,2050.39990234375,2052.5,11591,0.0,0.0,GODREJPROP.NS
2026-07-08 12:45:00+05:30,2052.5,2059.39990234375,2050.60009765625,2053.60009765625,11106,0.0,0.0,GODREJPROP.NS
2026-07-08 13:00:00+05:30,2052.39990234375,2059.0,2052.39990234375,2057.0,6245,0.0,0.0,GODREJPROP.NS
2026-07-08 13:15:00+05:30,2057.0,2058.10009765625,2047.300048828125,2051.0,17148,0.0,0.0,GODREJPROP.NS
2026-07-08 13:30:00+05:30,2051.5,2051.60009765625,2047.300048828125,2048.0,5852,0.0,0.0,GODREJPROP.NS
2026-07-08 13:45:00+05:30,2048.0,2049.0,2021.0999755859373,2022.300048828125,47548,0.0,0.0,GODREJPROP.NS
2026-07-08 14:00:00+05:30,2022.300048828125,2026.9000244140625,2001.0,2003.800048828125,90702,0.0,0.0,GODREJPROP.NS
2026-07-08 14:15:00+05:30,2004.9000244140625,2012.0999755859373,1991.4000244140625,1994.0,170157,0.0,0.0,GODREJPROP.NS
2026-07-08 14:30:00+05:30,1993.199951171875,2001.800048828125,1987.0999755859373,1990.0,73009,0.0,0.0,GODREJPROP.NS
2026-07-08 14:45:00+05:30,1988.800048828125,1990.300048828125,1974.4000244140625,1979.0,67042,0.0,0.0,GODREJPROP.NS
2026-07-08 15:00:00+05:30,1978.800048828125,1987.5,1972.4000244140625,1976.5,64648,0.0,0.0,GODREJPROP.NS
2026-07-08 15:15:00+05:30,1975.800048828125,1990.0,1974.0,1990.0,68481,0.0,0.0,GODREJPROP.NS
2026-07-09 09:15:00+05:30,1989.9000244140625,2027.300048828125,1989.9000244140625,2025.0,30288,0.0,0.0,GODREJPROP.NS
2026-07-09 09:30:00+05:30,2025.0,2039.0,2022.4000244140625,2030.800048828125,50104,0.0,0.0,GODREJPROP.NS
2026-07-09 09:45:00+05:30,2030.800048828125,2036.699951171875,2027.9000244140625,2033.0,20401,0.0,0.0,GODREJPROP.NS
2026-07-09 10:00:00+05:30,2033.0,2037.0,2024.300048828125,2025.699951171875,23995,0.0,0.0,GODREJPROP.NS
2026-07-09 10:15:00+05:30,2026.0,2027.300048828125,2018.0,2021.199951171875,17352,0.0,0.0,GODREJPROP.NS
2026-07-09 10:30:00+05:30,2021.0,2021.0,2012.0999755859373,2015.0,34923,0.0,0.0,GODREJPROP.NS
2026-07-09 10:45:00+05:30,2016.9000244140625,2018.9000244140625,2011.0,2014.0,6803,0.0,0.0,GODREJPROP.NS
2026-07-09 11:00:00+05:30,2014.199951171875,2017.699951171875,2013.300048828125,2015.699951171875,4088,0.0,0.0,GODREJPROP.NS
2026-07-09 11:15:00+05:30,2015.800048828125,2033.0,2015.800048828125,2030.800048828125,25835,0.0,0.0,GODREJPROP.NS
2026-07-09 11:30:00+05:30,2028.0999755859373,2033.0999755859373,2026.0999755859373,2032.0,8970,0.0,0.0,GODREJPROP.NS
2026-07-09 11:45:00+05:30,2032.5999755859373,2033.0,2027.800048828125,2031.699951171875,8098,0.0,0.0,GODREJPROP.NS
2026-07-09 12:00:00+05:30,2031.699951171875,2034.300048828125,2029.199951171875,2031.0,8751,0.0,0.0,GODREJPROP.NS
2026-07-09 12:15:00+05:30,2030.300048828125,2032.0999755859373,2028.0999755859373,2031.300048828125,5116,0.0,0.0,GODREJPROP.NS
2026-07-09 12:30:00+05:30,2029.9000244140625,2036.4000244140625,2029.0,2029.0,11783,0.0,0.0,GODREJPROP.NS
2026-07-09 12:45:00+05:30,2029.0,2034.9000244140625,2028.0999755859373,2032.0,18297,0.0,0.0,GODREJPROP.NS
2026-07-09 13:00:00+05:30,2031.199951171875,2039.9000244140625,2030.4000244140625,2037.300048828125,9009,0.0,0.0,GODREJPROP.NS
2026-07-09 13:15:00+05:30,2037.800048828125,2039.9000244140625,2032.9000244140625,2035.300048828125,11936,0.0,0.0,GODREJPROP.NS
2026-07-09 13:30:00+05:30,2035.300048828125,2038.0999755859373,2028.0999755859373,2032.0999755859373,9814,0.0,0.0,GODREJPROP.NS
2026-07-09 13:45:00+05:30,2032.0999755859373,2034.300048828125,2028.0999755859373,2029.800048828125,7101,0.0,0.0,GODREJPROP.NS
2026-07-09 14:00:00+05:30,2029.800048828125,2036.9000244140625,2027.0,2035.0,11868,0.0,0.0,GODREJPROP.NS
2026-07-09 14:15:00+05:30,2035.9000244140625,2040.0,2034.199951171875,2038.0,17818,0.0,0.0,GODREJPROP.NS
2026-07-09 14:30:00+05:30,2038.0,2040.0,2031.0,2035.5,17072,0.0,0.0,GODREJPROP.NS
2026-07-09 14:45:00+05:30,2036.0,2044.300048828125,2035.5,2044.300048828125,31288,0.0,0.0,GODREJPROP.NS
2026-07-09 15:00:00+05:30,2039.0,2039.800048828125,2025.5,2025.9000244140625,36051,0.0,0.0,GODREJPROP.NS
2026-07-09 15:15:00+05:30,2024.9000244140625,2031.9000244140625,2023.0999755859373,2029.9000244140625,48309,0.0,0.0,GODREJPROP.NS
2026-07-10 09:15:00+05:30,2033.0,2054.0,2022.800048828125,2047.199951171875,32388,0.0,0.0,GODREJPROP.NS
2026-07-10 09:30:00+05:30,2047.5,2064.89990234375,2045.5,2063.60009765625,40813,0.0,0.0,GODREJPROP.NS
2026-07-10 09:45:00+05:30,2064.0,2085.0,2062.800048828125,2082.0,92700,0.0,0.0,GODREJPROP.NS
2026-07-10 10:00:00+05:30,2082.39990234375,2082.800048828125,2072.199951171875,2082.0,45283,0.0,0.0,GODREJPROP.NS
2026-07-10 10:15:00+05:30,2083.0,2102.10009765625,2080.10009765625,2093.89990234375,120123,0.0,0.0,GODREJPROP.NS
2026-07-10 10:30:00+05:30,2094.699951171875,2099.199951171875,2087.199951171875,2092.699951171875,35093,0.0,0.0,GODREJPROP.NS
2026-07-10 10:45:00+05:30,2092.800048828125,2095.800048828125,2086.300048828125,2088.5,17375,0.0,0.0,GODREJPROP.NS
2026-07-10 11:00:00+05:30,2088.5,2090.39990234375,2083.60009765625,2084.300048828125,16788,0.0,0.0,GODREJPROP.NS
2026-07-10 11:15:00+05:30,2084.10009765625,2094.0,2080.60009765625,2091.300048828125,19691,0.0,0.0,GODREJPROP.NS
2026-07-10 11:30:00+05:30,2090.39990234375,2092.199951171875,2085.0,2090.800048828125,12895,0.0,0.0,GODREJPROP.NS
2026-07-10 11:45:00+05:30,2090.300048828125,2093.300048828125,2084.199951171875,2092.300048828125,17222,0.0,0.0,GODREJPROP.NS
2026-07-10 12:00:00+05:30,2092.300048828125,2095.39990234375,2090.699951171875,2092.10009765625,21018,0.0,0.0,GODREJPROP.NS
2026-07-10 12:15:00+05:30,2092.10009765625,2109.0,2091.699951171875,2108.699951171875,73315,0.0,0.0,GODREJPROP.NS
2026-07-10 12:30:00+05:30,2107.89990234375,2121.89990234375,2107.89990234375,2110.0,133411,0.0,0.0,GODREJPROP.NS
2026-07-10 12:45:00+05:30,2110.699951171875,2119.5,2109.199951171875,2117.699951171875,29080,0.0,0.0,GODREJPROP.NS
2026-07-10 13:00:00+05:30,2117.699951171875,2120.0,2112.10009765625,2116.89990234375,30625,0.0,0.0,GODREJPROP.NS
2026-07-10 13:15:00+05:30,2116.699951171875,2122.800048828125,2112.699951171875,2114.800048828125,31009,0.0,0.0,GODREJPROP.NS
2026-07-10 13:30:00+05:30,2115.699951171875,2122.0,2114.60009765625,2120.0,18088,0.0,0.0,GODREJPROP.NS
2026-07-10 13:45:00+05:30,2120.60009765625,2122.0,2116.699951171875,2119.39990234375,15180,0.0,0.0,GODREJPROP.NS
2026-07-10 14:00:00+05:30,2119.199951171875,2122.0,2114.89990234375,2119.199951171875,19250,0.0,0.0,GODREJPROP.NS
2026-07-10 14:15:00+05:30,2118.300048828125,2122.800048828125,2115.10009765625,2122.0,20965,0.0,0.0,GODREJPROP.NS
2026-07-10 14:30:00+05:30,2122.0,2126.300048828125,2120.60009765625,2124.199951171875,38342,0.0,0.0,GODREJPROP.NS
2026-07-10 14:45:00+05:30,2125.0,2131.60009765625,2123.60009765625,2130.89990234375,74079,0.0,0.0,GODREJPROP.NS
2026-07-10 15:00:00+05:30,2130.0,2137.60009765625,2130.0,2132.0,167429,0.0,0.0,GODREJPROP.NS
2026-07-10 15:15:00+05:30,2131.800048828125,2136.699951171875,2125.800048828125,2135.0,139940,0.0,0.0,GODREJPROP.NS
2026-07-13 09:15:00+05:30,2123.39990234375,2149.699951171875,2123.39990234375,2132.10009765625,52866,0.0,0.0,GODREJPROP.NS
2026-07-13 09:30:00+05:30,2132.800048828125,2150.0,2132.0,2143.60009765625,74666,0.0,0.0,GODREJPROP.NS
2026-07-13 09:45:00+05:30,2143.800048828125,2165.0,2142.0,2153.300048828125,136805,0.0,0.0,GODREJPROP.NS
2026-07-13 10:00:00+05:30,2153.300048828125,2153.300048828125,2140.10009765625,2143.89990234375,74861,0.0,0.0,GODREJPROP.NS
2026-07-13 10:15:00+05:30,2144.5,2145.0,2137.199951171875,2139.699951171875,60297,0.0,0.0,GODREJPROP.NS
2026-07-13 10:30:00+05:30,2139.699951171875,2142.5,2134.0,2139.0,45741,0.0,0.0,GODREJPROP.NS
2026-07-13 10:45:00+05:30,2139.0,2142.0,2134.60009765625,2140.199951171875,37998,0.0,0.0,GODREJPROP.NS
2026-07-13 11:00:00+05:30,2139.800048828125,2143.0,2133.10009765625,2133.89990234375,41932,0.0,0.0,GODREJPROP.NS
2026-07-13 11:15:00+05:30,2134.300048828125,2134.699951171875,2124.0,2125.89990234375,45883,0.0,0.0,GODREJPROP.NS
2026-07-13 11:30:00+05:30,2126.0,2127.699951171875,2122.199951171875,2123.60009765625,33865,0.0,0.0,GODREJPROP.NS
2026-07-13 11:45:00+05:30,2123.800048828125,2128.89990234375,2114.0,2118.5,68856,0.0,0.0,GODREJPROP.NS
2026-07-13 12:00:00+05:30,2118.300048828125,2131.89990234375,2117.0,2131.89990234375,38648,0.0,0.0,GODREJPROP.NS
2026-07-13 12:15:00+05:30,2131.89990234375,2133.300048828125,2127.39990234375,2127.60009765625,25048,0.0,0.0,GODREJPROP.NS
2026-07-13 12:30:00+05:30,2128.199951171875,2136.89990234375,2127.39990234375,2136.10009765625,45530,0.0,0.0,GODREJPROP.NS
2026-07-13 12:45:00+05:30,2136.199951171875,2145.699951171875,2134.0,2143.699951171875,48759,0.0,0.0,GODREJPROP.NS
2026-07-13 13:00:00+05:30,2143.10009765625,2146.89990234375,2141.5,2145.5,19953,0.0,0.0,GODREJPROP.NS
2026-07-13 13:15:00+05:30,2145.300048828125,2148.60009765625,2141.199951171875,2141.5,24435,0.0,0.0,GODREJPROP.NS
2026-07-13 13:30:00+05:30,2142.5,2145.5,2142.5,2143.5,19791,0.0,0.0,GODREJPROP.NS
2026-07-13 13:45:00+05:30,2143.5,2147.300048828125,2143.199951171875,2146.800048828125,20569,0.0,0.0,GODREJPROP.NS
2026-07-13 14:00:00+05:30,2146.0,2149.300048828125,2143.5,2147.800048828125,14905,0.0,0.0,GODREJPROP.NS
2026-07-13 14:15:00+05:30,2147.800048828125,2152.199951171875,2147.39990234375,2151.60009765625,25169,0.0,0.0,GODREJPROP.NS
2026-07-13 14:30:00+05:30,2151.39990234375,2154.60009765625,2149.39990234375,2151.89990234375,33569,0.0,0.0,GODREJPROP.NS
2026-07-13 14:45:00+05:30,2152.199951171875,2159.800048828125,2151.5,2155.89990234375,38445,0.0,0.0,GODREJPROP.NS
2026-07-13 15:00:00+05:30,2155.0,2164.800048828125,2155.0,2161.300048828125,147124,0.0,0.0,GODREJPROP.NS
2026-07-13 15:15:00+05:30,2161.5,2167.800048828125,2160.800048828125,2165.199951171875,186498,0.0,0.0,GODREJPROP.NS
2026-07-14 09:15:00+05:30,2145.10009765625,2158.10009765625,2132.5,2132.699951171875,80239,0.0,0.0,GODREJPROP.NS
2026-07-14 09:30:00+05:30,2132.699951171875,2135.39990234375,2120.60009765625,2121.300048828125,39939,0.0,0.0,GODREJPROP.NS
2026-07-14 09:45:00+05:30,2121.89990234375,2124.39990234375,2108.300048828125,2117.0,138895,0.0,0.0,GODREJPROP.NS
2026-07-14 10:00:00+05:30,2116.300048828125,2121.5,2114.39990234375,2115.0,13340,0.0,0.0,GODREJPROP.NS
2026-07-14 10:15:00+05:30,2116.10009765625,2118.800048828125,2108.0,2110.0,53392,0.0,0.0,GODREJPROP.NS
2026-07-14 10:30:00+05:30,2110.0,2120.5,2105.800048828125,2111.0,67596,0.0,0.0,GODREJPROP.NS
2026-07-14 10:45:00+05:30,2110.89990234375,2118.300048828125,2110.800048828125,2117.699951171875,13400,0.0,0.0,GODREJPROP.NS
2026-07-14 11:00:00+05:30,2117.10009765625,2121.699951171875,2115.60009765625,2119.800048828125,10717,0.0,0.0,GODREJPROP.NS
2026-07-14 11:15:00+05:30,2119.800048828125,2121.699951171875,2115.60009765625,2118.5,12762,0.0,0.0,GODREJPROP.NS
2026-07-14 11:30:00+05:30,2118.5,2119.89990234375,2104.199951171875,2110.0,63355,0.0,0.0,GODREJPROP.NS
2026-07-14 11:45:00+05:30,2110.0,2119.199951171875,2108.10009765625,2114.60009765625,44859,0.0,0.0,GODREJPROP.NS
2026-07-14 12:00:00+05:30,2115.0,2120.5,2114.300048828125,2115.0,13175,0.0,0.0,GODREJPROP.NS
2026-07-14 12:15:00+05:30,2115.0,2116.5,2106.300048828125,2109.0,22447,0.0,0.0,GODREJPROP.NS
2026-07-14 12:30:00+05:30,2108.89990234375,2112.89990234375,2107.10009765625,2111.39990234375,9878,0.0,0.0,GODREJPROP.NS
2026-07-14 12:45:00+05:30,2110.60009765625,2113.60009765625,2107.89990234375,2110.699951171875,14962,0.0,0.0,GODREJPROP.NS
2026-07-14 13:00:00+05:30,2109.699951171875,2112.699951171875,2107.699951171875,2110.199951171875,16502,0.0,0.0,GODREJPROP.NS
2026-07-14 13:15:00+05:30,2110.89990234375,2118.0,2108.5,2114.300048828125,14506,0.0,0.0,GODREJPROP.NS
2026-07-14 13:30:00+05:30,2114.300048828125,2116.199951171875,2109.60009765625,2112.699951171875,13196,0.0,0.0,GODREJPROP.NS
2026-07-14 13:45:00+05:30,2112.699951171875,2115.60009765625,2110.10009765625,2111.0,7321,0.0,0.0,GODREJPROP.NS
2026-07-14 14:00:00+05:30,2111.0,2114.39990234375,2109.199951171875,2113.60009765625,7736,0.0,0.0,GODREJPROP.NS
2026-07-14 14:15:00+05:30,2113.60009765625,2113.800048828125,2102.0,2105.0,13013,0.0,0.0,GODREJPROP.NS
2026-07-14 14:30:00+05:30,2104.39990234375,2118.5,2102.5,2113.39990234375,54945,0.0,0.0,GODREJPROP.NS
2026-07-14 14:45:00+05:30,2113.300048828125,2114.10009765625,2103.199951171875,2104.60009765625,24066,0.0,0.0,GODREJPROP.NS
2026-07-14 15:00:00+05:30,2104.60009765625,2114.5,2103.5,2107.699951171875,36696,0.0,0.0,GODREJPROP.NS
2026-07-14 15:15:00+05:30,2107.699951171875,2108.800048828125,2101.0,2107.39990234375,60061,0.0,0.0,GODREJPROP.NS
2026-07-15 09:15:00+05:30,2110.0,2122.10009765625,2091.39990234375,2118.699951171875,61443,0.0,0.0,GODREJPROP.NS
2026-07-15 09:30:00+05:30,2121.300048828125,2132.0,2115.699951171875,2124.10009765625,76357,0.0,0.0,GODREJPROP.NS
2026-07-15 09:45:00+05:30,2124.10009765625,2130.89990234375,2115.0,2120.699951171875,57281,0.0,0.0,GODREJPROP.NS
2026-07-15 10:00:00+05:30,2120.699951171875,2125.0,2113.5,2117.10009765625,48598,0.0,0.0,GODREJPROP.NS
2026-07-15 10:15:00+05:30,2117.0,2117.199951171875,2107.60009765625,2112.199951171875,19439,0.0,0.0,GODREJPROP.NS
2026-07-15 10:30:00+05:30,2113.300048828125,2115.0,2105.300048828125,2105.300048828125,9475,0.0,0.0,GODREJPROP.NS
2026-07-15 10:45:00+05:30,2107.0,2111.89990234375,2105.300048828125,2110.10009765625,12200,0.0,0.0,GODREJPROP.NS
2026-07-15 11:00:00+05:30,2110.10009765625,2124.0,2109.300048828125,2117.10009765625,20763,0.0,0.0,GODREJPROP.NS
2026-07-15 11:15:00+05:30,2116.800048828125,2116.800048828125,2102.699951171875,2105.89990234375,21860,0.0,0.0,GODREJPROP.NS
2026-07-15 11:30:00+05:30,2106.60009765625,2116.89990234375,2104.39990234375,2114.300048828125,31321,0.0,0.0,GODREJPROP.NS
2026-07-15 11:45:00+05:30,2113.199951171875,2119.89990234375,2110.0,2112.0,21762,0.0,0.0,GODREJPROP.NS
2026-07-15 12:00:00+05:30,2112.0,2112.0,2106.0,2106.800048828125,5594,0.0,0.0,GODREJPROP.NS
2026-07-15 12:15:00+05:30,2106.800048828125,2108.0,2104.0,2106.39990234375,9780,0.0,0.0,GODREJPROP.NS
2026-07-15 12:30:00+05:30,2106.5,2106.5,2098.10009765625,2103.0,12188,0.0,0.0,GODREJPROP.NS
2026-07-15 12:45:00+05:30,2102.199951171875,2105.10009765625,2090.0,2095.699951171875,15530,0.0,0.0,GODREJPROP.NS
2026-07-15 13:00:00+05:30,2094.5,2099.39990234375,2091.699951171875,2096.699951171875,16339,0.0,0.0,GODREJPROP.NS
2026-07-15 13:15:00+05:30,2096.0,2099.89990234375,2094.699951171875,2099.199951171875,5718,0.0,0.0,GODREJPROP.NS
2026-07-15 13:30:00+05:30,2098.0,2100.0,2095.10009765625,2098.199951171875,12514,0.0,0.0,GODREJPROP.NS
2026-07-15 13:45:00+05:30,2098.10009765625,2102.89990234375,2097.300048828125,2101.10009765625,4237,0.0,0.0,GODREJPROP.NS
2026-07-15 14:00:00+05:30,2102.300048828125,2107.800048828125,2100.199951171875,2104.699951171875,6110,0.0,0.0,GODREJPROP.NS
2026-07-15 14:15:00+05:30,2104.0,2106.89990234375,2101.10009765625,2104.60009765625,9311,0.0,0.0,GODREJPROP.NS
2026-07-15 14:30:00+05:30,2104.60009765625,2104.60009765625,2100.5,2102.10009765625,3574,0.0,0.0,GODREJPROP.NS
2026-07-15 14:45:00+05:30,2101.39990234375,2103.300048828125,2098.0,2100.699951171875,8564,0.0,0.0,GODREJPROP.NS
2026-07-15 15:00:00+05:30,2100.800048828125,2107.0,2099.300048828125,2101.89990234375,41625,0.0,0.0,GODREJPROP.NS
2026-07-15 15:15:00+05:30,2102.39990234375,2107.39990234375,2102.0,2107.39990234375,51443,0.0,0.0,GODREJPROP.NS
2026-07-16 09:15:00+05:30,2122.60009765625,2122.60009765625,2088.300048828125,2092.699951171875,9819,0.0,0.0,GODREJPROP.NS
2026-07-16 09:30:00+05:30,2093.60009765625,2093.60009765625,2080.5,2080.5,17585,0.0,0.0,GODREJPROP.NS
2026-07-16 09:45:00+05:30,2079.800048828125,2093.89990234375,2079.699951171875,2093.89990234375,11664,0.0,0.0,GODREJPROP.NS
2026-07-16 10:00:00+05:30,2095.0,2097.89990234375,2090.39990234375,2096.300048828125,11685,0.0,0.0,GODREJPROP.NS
2026-07-16 10:15:00+05:30,2097.300048828125,2105.60009765625,2096.10009765625,2101.10009765625,7510,0.0,0.0,GODREJPROP.NS
2026-07-16 10:30:00+05:30,2101.0,2105.300048828125,2093.0,2095.199951171875,10811,0.0,0.0,GODREJPROP.NS
2026-07-16 10:45:00+05:30,2093.89990234375,2107.89990234375,2093.89990234375,2107.89990234375,13151,0.0,0.0,GODREJPROP.NS
2026-07-16 11:00:00+05:30,2106.300048828125,2117.699951171875,2106.10009765625,2113.199951171875,15919,0.0,0.0,GODREJPROP.NS
2026-07-16 11:15:00+05:30,2112.0,2115.0,2110.0,2111.10009765625,6318,0.0,0.0,GODREJPROP.NS
2026-07-16 11:30:00+05:30,2112.0,2115.0,2102.5,2104.5,14118,0.0,0.0,GODREJPROP.NS
2026-07-16 11:45:00+05:30,2105.0,2106.699951171875,2100.10009765625,2102.5,5873,0.0,0.0,GODREJPROP.NS
2026-07-16 12:00:00+05:30,2102.5,2104.60009765625,2098.5,2103.10009765625,2291,0.0,0.0,GODREJPROP.NS
2026-07-16 12:15:00+05:30,2103.0,2105.199951171875,2100.89990234375,2103.5,7334,0.0,0.0,GODREJPROP.NS
2026-07-16 12:30:00+05:30,2103.5,2103.5,2095.0,2096.199951171875,5962,0.0,0.0,GODREJPROP.NS
2026-07-16 12:45:00+05:30,2096.199951171875,2097.60009765625,2086.89990234375,2086.89990234375,9991,0.0,0.0,GODREJPROP.NS
2026-07-16 13:00:00+05:30,2086.89990234375,2096.39990234375,2085.0,2092.0,11837,0.0,0.0,GODREJPROP.NS
2026-07-16 13:15:00+05:30,2092.10009765625,2094.5,2088.39990234375,2091.10009765625,9603,0.0,0.0,GODREJPROP.NS
2026-07-16 13:30:00+05:30,2091.199951171875,2091.89990234375,2085.0,2086.699951171875,10043,0.0,0.0,GODREJPROP.NS
2026-07-16 13:45:00+05:30,2085.300048828125,2092.300048828125,2085.10009765625,2091.89990234375,10327,0.0,0.0,GODREJPROP.NS
2026-07-16 14:00:00+05:30,2091.199951171875,2094.5,2087.199951171875,2090.5,8049,0.0,0.0,GODREJPROP.NS
2026-07-16 14:15:00+05:30,2089.39990234375,2095.199951171875,2087.60009765625,2088.5,10166,0.0,0.0,GODREJPROP.NS
2026-07-16 14:30:00+05:30,2088.800048828125,2090.800048828125,2086.699951171875,2090.800048828125,10101,0.0,0.0,GODREJPROP.NS
2026-07-16 14:45:00+05:30,2090.199951171875,2099.800048828125,2089.10009765625,2098.300048828125,15496,0.0,0.0,GODREJPROP.NS
2026-07-16 15:00:00+05:30,2097.300048828125,2097.300048828125,2088.89990234375,2089.699951171875,34988,0.0,0.0,GODREJPROP.NS
2026-07-16 15:15:00+05:30,2090.89990234375,2093.0,2086.300048828125,2090.300048828125,51316,0.0,0.0,GODREJPROP.NS
2026-07-17 09:15:00+05:30,2092.300048828125,2111.5,2091.39990234375,2103.60009765625,17433,0.0,0.0,GODREJPROP.NS
2026-07-17 09:30:00+05:30,2104.0,2108.0,2099.300048828125,2102.89990234375,15955,0.0,0.0,GODREJPROP.NS
2026-07-17 09:45:00+05:30,2103.39990234375,2103.39990234375,2090.5,2099.699951171875,11672,0.0,0.0,GODREJPROP.NS
2026-07-17 10:00:00+05:30,2098.89990234375,2104.0,2092.0,2101.699951171875,18304,0.0,0.0,GODREJPROP.NS
2026-07-17 10:15:00+05:30,2102.60009765625,2120.0,2100.39990234375,2120.0,27278,0.0,0.0,GODREJPROP.NS
2026-07-17 10:30:00+05:30,2120.89990234375,2139.0,2116.60009765625,2128.0,77946,0.0,0.0,GODREJPROP.NS
2026-07-17 10:45:00+05:30,2128.0,2128.800048828125,2118.199951171875,2120.699951171875,33295,0.0,0.0,GODREJPROP.NS
2026-07-17 11:00:00+05:30,2120.699951171875,2140.0,2120.0,2129.800048828125,88372,0.0,0.0,GODREJPROP.NS
2026-07-17 11:15:00+05:30,2129.800048828125,2142.60009765625,2129.10009765625,2138.0,87536,0.0,0.0,GODREJPROP.NS
2026-07-17 11:30:00+05:30,2138.800048828125,2142.0,2134.300048828125,2134.89990234375,37840,0.0,0.0,GODREJPROP.NS
2026-07-17 11:45:00+05:30,2134.89990234375,2139.699951171875,2134.0,2135.60009765625,45078,0.0,0.0,GODREJPROP.NS
2026-07-17 12:00:00+05:30,2135.60009765625,2137.0,2132.39990234375,2136.300048828125,82620,0.0,0.0,GODREJPROP.NS
2026-07-17 12:15:00+05:30,2137.0,2139.5,2118.10009765625,2125.699951171875,31012,0.0,0.0,GODREJPROP.NS
2026-07-17 12:30:00+05:30,2125.5,2125.699951171875,2120.10009765625,2121.39990234375,21099,0.0,0.0,GODREJPROP.NS
2026-07-17 12:45:00+05:30,2121.39990234375,2130.10009765625,2119.89990234375,2126.0,21112,0.0,0.0,GODREJPROP.NS
2026-07-17 13:00:00+05:30,2125.199951171875,2125.800048828125,2120.0,2121.0,9640,0.0,0.0,GODREJPROP.NS
2026-07-17 13:15:00+05:30,2120.89990234375,2121.39990234375,2114.0,2114.39990234375,29201,0.0,0.0,GODREJPROP.NS
2026-07-17 13:30:00+05:30,2114.0,2116.5,2107.199951171875,2110.199951171875,23604,0.0,0.0,GODREJPROP.NS
2026-07-17 13:45:00+05:30,2110.199951171875,2111.300048828125,2104.699951171875,2109.800048828125,26605,0.0,0.0,GODREJPROP.NS
2026-07-17 14:00:00+05:30,2109.10009765625,2110.0,2103.199951171875,2105.89990234375,18192,0.0,0.0,GODREJPROP.NS
2026-07-17 14:15:00+05:30,2104.199951171875,2115.89990234375,2104.199951171875,2108.300048828125,26300,0.0,0.0,GODREJPROP.NS
2026-07-17 14:30:00+05:30,2107.5,2110.60009765625,2105.39990234375,2107.699951171875,17681,0.0,0.0,GODREJPROP.NS
2026-07-17 14:45:00+05:30,2107.800048828125,2112.800048828125,2106.5,2109.89990234375,39415,0.0,0.0,GODREJPROP.NS
2026-07-17 15:00:00+05:30,2109.5,2111.300048828125,2101.10009765625,2101.60009765625,36259,0.0,0.0,GODREJPROP.NS
2026-07-17 15:15:00+05:30,2101.699951171875,2102.60009765625,2092.10009765625,2098.199951171875,44655,0.0,0.0,GODREJPROP.NS
2026-07-20 09:15:00+05:30,2087.5,2087.5,2066.60009765625,2076.5,23846,0.0,0.0,GODREJPROP.NS
2026-07-20 09:30:00+05:30,2076.199951171875,2086.0,2072.89990234375,2085.199951171875,14353,0.0,0.0,GODREJPROP.NS
2026-07-20 09:45:00+05:30,2085.199951171875,2092.199951171875,2085.199951171875,2087.60009765625,10886,0.0,0.0,GODREJPROP.NS
2026-07-20 10:00:00+05:30,2087.300048828125,2090.0,2072.39990234375,2078.60009765625,19973,0.0,0.0,GODREJPROP.NS
2026-07-20 10:15:00+05:30,2079.0,2093.5,2077.60009765625,2092.39990234375,14799,0.0,0.0,GODREJPROP.NS
2026-07-20 10:30:00+05:30,2093.10009765625,2097.89990234375,2090.89990234375,2090.89990234375,10604,0.0,0.0,GODREJPROP.NS
2026-07-20 10:45:00+05:30,2091.0,2094.5,2090.10009765625,2092.5,5904,0.0,0.0,GODREJPROP.NS
2026-07-20 11:00:00+05:30,2091.199951171875,2091.199951171875,2080.699951171875,2083.10009765625,19158,0.0,0.0,GODREJPROP.NS
2026-07-20 11:15:00+05:30,2083.10009765625,2089.89990234375,2082.0,2089.39990234375,4302,0.0,0.0,GODREJPROP.NS
2026-07-20 11:30:00+05:30,2090.0,2101.39990234375,2089.39990234375,2097.0,8855,0.0,0.0,GODREJPROP.NS
2026-07-20 11:45:00+05:30,2097.0,2097.0,2090.5,2091.60009765625,5370,0.0,0.0,GODREJPROP.NS
2026-07-20 12:00:00+05:30,2091.800048828125,2092.199951171875,2086.5,2090.60009765625,4048,0.0,0.0,GODREJPROP.NS
2026-07-20 12:15:00+05:30,2092.800048828125,2094.300048828125,2088.300048828125,2089.800048828125,3081,0.0,0.0,GODREJPROP.NS
2026-07-20 12:30:00+05:30,2089.300048828125,2090.89990234375,2087.0,2087.0,3563,0.0,0.0,GODREJPROP.NS
2026-07-20 12:45:00+05:30,2086.199951171875,2090.60009765625,2084.10009765625,2090.300048828125,3786,0.0,0.0,GODREJPROP.NS
2026-07-20 13:00:00+05:30,2089.199951171875,2092.60009765625,2084.800048828125,2092.60009765625,10044,0.0,0.0,GODREJPROP.NS
2026-07-20 13:15:00+05:30,2092.89990234375,2110.60009765625,2092.800048828125,2105.0,19474,0.0,0.0,GODREJPROP.NS
2026-07-20 13:30:00+05:30,2104.0,2105.300048828125,2102.0,2102.0,3372,0.0,0.0,GODREJPROP.NS
2026-07-20 13:45:00+05:30,2102.0,2103.5,2099.39990234375,2103.0,15166,0.0,0.0,GODREJPROP.NS
2026-07-20 14:00:00+05:30,2103.800048828125,2104.199951171875,2100.39990234375,2102.0,9824,0.0,0.0,GODREJPROP.NS
2026-07-20 14:15:00+05:30,2102.699951171875,2106.300048828125,2102.10009765625,2105.0,9190,0.0,0.0,GODREJPROP.NS
2026-07-20 14:30:00+05:30,2105.199951171875,2109.10009765625,2102.39990234375,2109.10009765625,31962,0.0,0.0,GODREJPROP.NS
2026-07-20 14:45:00+05:30,2109.10009765625,2114.60009765625,2108.60009765625,2111.199951171875,12026,0.0,0.0,GODREJPROP.NS
2026-07-20 15:00:00+05:30,2112.800048828125,2115.89990234375,2110.60009765625,2111.699951171875,12984,0.0,0.0,GODREJPROP.NS
2026-07-20 15:15:00+05:30,2112.39990234375,2126.5,2100.0,2118.699951171875,60896,0.0,0.0,GODREJPROP.NS
2026-07-21 09:15:00+05:30,2115.0,2121.5,2107.0,2121.0,24095,0.0,0.0,GODREJPROP.NS
2026-07-21 09:30:00+05:30,2121.300048828125,2133.60009765625,2121.300048828125,2124.300048828125,22330,0.0,0.0,GODREJPROP.NS
2026-07-21 09:45:00+05:30,2124.10009765625,2130.0,2122.199951171875,2129.39990234375,16229,0.0,0.0,GODREJPROP.NS
2026-07-21 10:00:00+05:30,2128.60009765625,2135.199951171875,2124.0,2133.199951171875,128058,0.0,0.0,GODREJPROP.NS
2026-07-21 10:15:00+05:30,2134.5,2141.0,2131.0,2134.39990234375,27422,0.0,0.0,GODREJPROP.NS
2026-07-21 10:30:00+05:30,2135.0,2137.199951171875,2124.39990234375,2127.0,22553,0.0,0.0,GODREJPROP.NS
2026-07-21 10:45:00+05:30,2126.39990234375,2127.89990234375,2121.0,2123.39990234375,8194,0.0,0.0,GODREJPROP.NS
2026-07-21 11:00:00+05:30,2123.39990234375,2126.699951171875,2122.60009765625,2123.699951171875,4202,0.0,0.0,GODREJPROP.NS
2026-07-21 11:15:00+05:30,2122.89990234375,2132.89990234375,2122.300048828125,2127.10009765625,21414,0.0,0.0,GODREJPROP.NS
2026-07-21 11:30:00+05:30,2127.0,2141.5,2124.0,2138.699951171875,29310,0.0,0.0,GODREJPROP.NS
2026-07-21 11:45:00+05:30,2137.300048828125,2141.800048828125,2136.10009765625,2137.5,7294,0.0,0.0,GODREJPROP.NS
2026-07-21 12:00:00+05:30,2138.0,2141.5,2138.0,2138.0,5052,0.0,0.0,GODREJPROP.NS
2026-07-21 12:15:00+05:30,2138.60009765625,2138.60009765625,2133.800048828125,2133.800048828125,7303,0.0,0.0,GODREJPROP.NS
2026-07-21 12:30:00+05:30,2133.89990234375,2139.0,2132.60009765625,2133.699951171875,11158,0.0,0.0,GODREJPROP.NS
2026-07-21 12:45:00+05:30,2133.199951171875,2140.0,2132.300048828125,2136.699951171875,11723,0.0,0.0,GODREJPROP.NS
2026-07-21 13:00:00+05:30,2137.39990234375,2144.0,2135.199951171875,2141.0,12601,0.0,0.0,GODREJPROP.NS
2026-07-21 13:15:00+05:30,2141.800048828125,2149.0,2138.89990234375,2148.10009765625,22739,0.0,0.0,GODREJPROP.NS
2026-07-21 13:30:00+05:30,2147.89990234375,2149.60009765625,2146.60009765625,2149.60009765625,13796,0.0,0.0,GODREJPROP.NS
2026-07-21 13:45:00+05:30,2149.89990234375,2151.0,2147.89990234375,2149.89990234375,13853,0.0,0.0,GODREJPROP.NS
2026-07-21 14:00:00+05:30,2149.10009765625,2157.89990234375,2148.300048828125,2155.5,20363,0.0,0.0,GODREJPROP.NS
2026-07-21 14:15:00+05:30,2156.0,2157.60009765625,2151.10009765625,2153.0,10218,0.0,0.0,GODREJPROP.NS
2026-07-21 14:30:00+05:30,2152.5,2162.0,2152.5,2161.0,51831,0.0,0.0,GODREJPROP.NS
2026-07-21 14:45:00+05:30,2161.89990234375,2168.10009765625,2161.0,2165.39990234375,62708,0.0,0.0,GODREJPROP.NS
2026-07-21 15:00:00+05:30,2165.39990234375,2165.89990234375,2161.0,2165.39990234375,63978,0.0,0.0,GODREJPROP.NS
2026-07-21 15:15:00+05:30,2165.60009765625,2167.699951171875,2162.39990234375,2167.0,80758,0.0,0.0,GODREJPROP.NS
2026-07-22 09:15:00+05:30,2163.0,2163.0,2135.10009765625,2142.0,38921,0.0,0.0,GODREJPROP.NS
2026-07-22 09:30:00+05:30,2142.60009765625,2144.800048828125,2127.800048828125,2132.800048828125,63481,0.0,0.0,GODREJPROP.NS
2026-07-22 09:45:00+05:30,2132.199951171875,2138.300048828125,2130.0,2136.699951171875,32865,0.0,0.0,GODREJPROP.NS
2026-07-22 10:00:00+05:30,2135.5,2141.0,2131.39990234375,2132.0,26304,0.0,0.0,GODREJPROP.NS
2026-07-22 10:15:00+05:30,2132.0,2132.39990234375,2115.10009765625,2117.0,39568,0.0,0.0,GODREJPROP.NS
2026-07-22 10:30:00+05:30,2117.0,2122.89990234375,2111.800048828125,2113.0,33505,0.0,0.0,GODREJPROP.NS
2026-07-22 10:45:00+05:30,2113.39990234375,2121.89990234375,2113.199951171875,2115.0,99373,0.0,0.0,GODREJPROP.NS
2026-07-22 11:00:00+05:30,2114.60009765625,2119.39990234375,2111.89990234375,2116.39990234375,19207,0.0,0.0,GODREJPROP.NS
2026-07-22 11:15:00+05:30,2115.199951171875,2121.300048828125,2115.10009765625,2120.699951171875,10518,0.0,0.0,GODREJPROP.NS
2026-07-22 11:30:00+05:30,2120.699951171875,2120.89990234375,2110.5,2113.0,27370,0.0,0.0,GODREJPROP.NS
2026-07-22 11:45:00+05:30,2112.699951171875,2113.10009765625,2103.300048828125,2103.300048828125,16266,0.0,0.0,GODREJPROP.NS
2026-07-22 12:00:00+05:30,2103.300048828125,2103.800048828125,2096.10009765625,2097.0,26873,0.0,0.0,GODREJPROP.NS
2026-07-22 12:15:00+05:30,2095.10009765625,2101.0,2092.300048828125,2097.0,25203,0.0,0.0,GODREJPROP.NS
2026-07-22 12:30:00+05:30,2096.0,2098.5,2090.199951171875,2095.0,47531,0.0,0.0,GODREJPROP.NS
2026-07-22 12:45:00+05:30,2095.0,2107.199951171875,2092.10009765625,2097.699951171875,74858,0.0,0.0,GODREJPROP.NS
2026-07-22 13:00:00+05:30,2097.10009765625,2098.0,2084.699951171875,2087.39990234375,12929,0.0,0.0,GODREJPROP.NS
2026-07-22 13:15:00+05:30,2087.60009765625,2090.800048828125,2085.300048828125,2086.5,13198,0.0,0.0,GODREJPROP.NS
2026-07-22 13:30:00+05:30,2086.699951171875,2091.199951171875,2085.39990234375,2088.699951171875,41701,0.0,0.0,GODREJPROP.NS
2026-07-22 13:45:00+05:30,2089.39990234375,2089.39990234375,2085.60009765625,2086.39990234375,5195,0.0,0.0,GODREJPROP.NS
2026-07-22 14:00:00+05:30,2086.0,2089.0,2079.10009765625,2081.5,20816,0.0,0.0,GODREJPROP.NS
2026-07-22 14:15:00+05:30,2080.39990234375,2083.39990234375,2078.199951171875,2078.300048828125,12387,0.0,0.0,GODREJPROP.NS
2026-07-22 14:30:00+05:30,2079.10009765625,2085.39990234375,2078.60009765625,2083.60009765625,13574,0.0,0.0,GODREJPROP.NS
2026-07-22 14:45:00+05:30,2085.0,2086.0,2079.699951171875,2080.0,23067,0.0,0.0,GODREJPROP.NS
2026-07-22 15:00:00+05:30,2080.199951171875,2084.699951171875,2078.0,2081.800048828125,50312,0.0,0.0,GODREJPROP.NS
2026-07-22 15:15:00+05:30,2081.800048828125,2084.5,2077.0,2081.10009765625,67084,0.0,0.0,GODREJPROP.NS
2026-07-23 09:15:00+05:30,2064.10009765625,2068.300048828125,2046.300048828125,2061.39990234375,34640,0.0,0.0,GODREJPROP.NS
2026-07-23 09:30:00+05:30,2061.5,2066.60009765625,2049.300048828125,2051.300048828125,47056,0.0,0.0,GODREJPROP.NS
2026-07-23 09:45:00+05:30,2051.300048828125,2061.60009765625,2049.60009765625,2056.89990234375,51918,0.0,0.0,GODREJPROP.NS
2026-07-23 10:00:00+05:30,2056.699951171875,2064.0,2054.60009765625,2062.800048828125,137334,0.0,0.0,GODREJPROP.NS
2026-07-23 10:15:00+05:30,2062.60009765625,2070.89990234375,2056.39990234375,2069.300048828125,140263,0.0,0.0,GODREJPROP.NS
2026-07-23 10:30:00+05:30,2070.60009765625,2075.0,2065.89990234375,2073.89990234375,111968,0.0,0.0,GODREJPROP.NS
2026-07-23 10:45:00+05:30,2073.89990234375,2078.800048828125,2070.39990234375,2076.89990234375,34617,0.0,0.0,GODREJPROP.NS
2026-07-23 11:00:00+05:30,2075.60009765625,2085.5,2075.39990234375,2077.89990234375,50709,0.0,0.0,GODREJPROP.NS
2026-07-23 11:15:00+05:30,2078.89990234375,2079.60009765625,2070.0,2073.0,27438,0.0,0.0,GODREJPROP.NS
2026-07-23 11:30:00+05:30,2072.199951171875,2072.39990234375,2063.199951171875,2067.699951171875,27074,0.0,0.0,GODREJPROP.NS
2026-07-23 11:45:00+05:30,2068.699951171875,2071.89990234375,2063.0,2065.60009765625,17847,0.0,0.0,GODREJPROP.NS
2026-07-23 12:00:00+05:30,2066.199951171875,2067.800048828125,2062.0,2062.5,6271,0.0,0.0,GODREJPROP.NS
2026-07-23 12:15:00+05:30,2062.5,2062.5,2055.0,2055.199951171875,16974,0.0,0.0,GODREJPROP.NS
2026-07-23 12:30:00+05:30,2054.89990234375,2055.5,2047.4000244140625,2047.9000244140625,21746,0.0,0.0,GODREJPROP.NS
2026-07-23 12:45:00+05:30,2047.5,2048.800048828125,2040.4000244140625,2044.0999755859373,20561,0.0,0.0,GODREJPROP.NS
2026-07-23 13:00:00+05:30,2044.0999755859373,2045.199951171875,2038.0,2044.0999755859373,17247,0.0,0.0,GODREJPROP.NS
2026-07-23 13:15:00+05:30,2045.300048828125,2046.5,2036.300048828125,2037.0,14062,0.0,0.0,GODREJPROP.NS
2026-07-23 13:30:00+05:30,2037.0999755859373,2041.9000244140625,2034.199951171875,2040.5,30849,0.0,0.0,GODREJPROP.NS
2026-07-23 13:45:00+05:30,2039.800048828125,2044.4000244140625,2039.5,2043.199951171875,23169,0.0,0.0,GODREJPROP.NS
2026-07-23 14:00:00+05:30,2043.800048828125,2046.9000244140625,2039.199951171875,2040.5,12188,0.0,0.0,GODREJPROP.NS
2026-07-23 14:15:00+05:30,2041.300048828125,2042.699951171875,2037.199951171875,2040.5,14814,0.0,0.0,GODREJPROP.NS
2026-07-23 14:30:00+05:30,2040.199951171875,2044.800048828125,2035.4000244140625,2037.300048828125,19094,0.0,0.0,GODREJPROP.NS
2026-07-23 14:45:00+05:30,2036.800048828125,2039.5,2029.300048828125,2033.0,30321,0.0,0.0,GODREJPROP.NS
2026-07-23 15:00:00+05:30,2032.699951171875,2046.699951171875,2029.9000244140625,2045.4000244140625,56498,0.0,0.0,GODREJPROP.NS
2026-07-23 15:15:00+05:30,2045.300048828125,2049.60009765625,2037.699951171875,2045.0,52531,0.0,0.0,GODREJPROP.NS
2026-07-24 09:15:00+05:30,2013.300048828125,2034.5,2008.699951171875,2014.5,22085,0.0,0.0,GODREJPROP.NS
2026-07-24 09:30:00+05:30,2014.0999755859373,2021.5999755859373,2005.0,2006.699951171875,42405,0.0,0.0,GODREJPROP.NS
2026-07-24 09:45:00+05:30,2007.4000244140625,2012.0,2001.300048828125,2003.0,21214,0.0,0.0,GODREJPROP.NS
2026-07-24 10:00:00+05:30,2003.0,2011.0,2002.0,2002.0,21546,0.0,0.0,GODREJPROP.NS
2026-07-24 10:15:00+05:30,2002.4000244140625,2008.5,2000.0,2002.800048828125,13550,0.0,0.0,GODREJPROP.NS
2026-07-24 10:30:00+05:30,2002.800048828125,2010.0,1999.0,2009.800048828125,11921,0.0,0.0,GODREJPROP.NS
2026-07-24 10:45:00+05:30,2010.0,2013.800048828125,2008.800048828125,2008.9000244140625,10356,0.0,0.0,GODREJPROP.NS
2026-07-24 11:00:00+05:30,2008.5999755859373,2011.0999755859373,2004.0999755859373,2008.5999755859373,10521,0.0,0.0,GODREJPROP.NS
2026-07-24 11:15:00+05:30,2008.5,2025.0,2008.0999755859373,2021.0,16693,0.0,0.0,GODREJPROP.NS
2026-07-24 11:30:00+05:30,2021.699951171875,2024.9000244140625,2017.699951171875,2022.199951171875,16273,0.0,0.0,GODREJPROP.NS
2026-07-24 11:45:00+05:30,2022.199951171875,2036.5,2022.0999755859373,2031.800048828125,22882,0.0,0.0,GODREJPROP.NS
2026-07-24 12:00:00+05:30,2031.800048828125,2033.0999755859373,2022.199951171875,2026.5999755859373,14958,0.0,0.0,GODREJPROP.NS
2026-07-24 12:15:00+05:30,2026.5999755859373,2033.9000244140625,2026.5999755859373,2030.0,30939,0.0,0.0,GODREJPROP.NS
2026-07-24 12:30:00+05:30,2030.300048828125,2032.0,2022.0,2029.0,78335,0.0,0.0,GODREJPROP.NS
2026-07-24 12:45:00+05:30,2028.800048828125,2031.699951171875,2027.4000244140625,2029.300048828125,10816,0.0,0.0,GODREJPROP.NS
2026-07-24 13:00:00+05:30,2029.300048828125,2032.0999755859373,2026.0999755859373,2028.699951171875,8738,0.0,0.0,GODREJPROP.NS
2026-07-24 13:15:00+05:30,2028.800048828125,2043.800048828125,2028.699951171875,2039.4000244140625,24709,0.0,0.0,GODREJPROP.NS
2026-07-24 13:30:00+05:30,2039.4000244140625,2039.4000244140625,2023.699951171875,2026.199951171875,16784,0.0,0.0,GODREJPROP.NS
2026-07-24 13:45:00+05:30,2027.0,2030.0999755859373,2024.0,2027.300048828125,9054,0.0,0.0,GODREJPROP.NS
2026-07-24 14:00:00+05:30,2027.5999755859373,2034.0,2024.5999755859373,2026.0999755859373,15414,0.0,0.0,GODREJPROP.NS
2026-07-24 14:15:00+05:30,2026.0,2027.5,2018.0999755859373,2020.699951171875,11058,0.0,0.0,GODREJPROP.NS
2026-07-24 14:30:00+05:30,2021.5999755859373,2025.300048828125,2017.5999755859373,2023.4000244140625,10533,0.0,0.0,GODREJPROP.NS
2026-07-24 14:45:00+05:30,2022.699951171875,2025.0,2018.699951171875,2021.800048828125,20139,0.0,0.0,GODREJPROP.NS
2026-07-24 15:00:00+05:30,2021.800048828125,2028.4000244140625,2016.5999755859373,2028.4000244140625,35377,0.0,0.0,GODREJPROP.NS
2026-07-24 15:15:00+05:30,2029.0,2050.0,2022.199951171875,2050.0,43906,0.0,0.0,GODREJPROP.NS
2026-07-27 09:15:00+05:30,2055.39990234375,2055.39990234375,2025.0999755859373,2028.4000244140625,69085,0.0,0.0,GODREJPROP.NS
2026-07-27 09:30:00+05:30,2028.4000244140625,2044.9000244140625,2027.800048828125,2042.5,49631,0.0,0.0,GODREJPROP.NS
2026-07-27 09:45:00+05:30,2041.0999755859373,2049.300048828125,2037.0,2047.0999755859373,33832,0.0,0.0,GODREJPROP.NS
2026-07-27 10:00:00+05:30,2047.0,2054.800048828125,2045.5,2054.39990234375,23031,0.0,0.0,GODREJPROP.NS
2026-07-27 10:15:00+05:30,2054.39990234375,2056.89990234375,2048.300048828125,2052.300048828125,65133,0.0,0.0,GODREJPROP.NS
2026-07-27 10:30:00+05:30,2052.10009765625,2055.60009765625,2035.5999755859373,2038.800048828125,67572,0.0,0.0,GODREJPROP.NS
2026-07-27 10:45:00+05:30,2038.0999755859373,2043.5,2037.5999755859373,2041.5,9164,0.0,0.0,GODREJPROP.NS
2026-07-27 11:00:00+05:30,2041.4000244140625,2043.0,2040.0,2042.800048828125,6069,0.0,0.0,GODREJPROP.NS
2026-07-27 11:15:00+05:30,2042.800048828125,2044.800048828125,2040.699951171875,2043.300048828125,6576,0.0,0.0,GODREJPROP.NS
2026-07-27 11:30:00+05:30,2043.300048828125,2049.300048828125,2042.0999755859373,2047.0,13872,0.0,0.0,GODREJPROP.NS
2026-07-27 11:45:00+05:30,2047.0,2060.0,2046.800048828125,2054.89990234375,48502,0.0,0.0,GODREJPROP.NS
2026-07-27 12:00:00+05:30,2055.300048828125,2056.0,2041.699951171875,2048.300048828125,64269,0.0,0.0,GODREJPROP.NS
2026-07-27 12:15:00+05:30,2048.300048828125,2052.10009765625,2046.699951171875,2050.89990234375,6217,0.0,0.0,GODREJPROP.NS
2026-07-27 12:30:00+05:30,2050.89990234375,2054.800048828125,2050.199951171875,2054.39990234375,10109,0.0,0.0,GODREJPROP.NS
2026-07-27 12:45:00+05:30,2053.89990234375,2055.800048828125,2052.10009765625,2054.10009765625,10523,0.0,0.0,GODREJPROP.NS
2026-07-27 13:00:00+05:30,2053.800048828125,2057.0,2053.300048828125,2053.300048828125,9967,0.0,0.0,GODREJPROP.NS
2026-07-27 13:15:00+05:30,2053.89990234375,2059.39990234375,2053.39990234375,2058.199951171875,8326,0.0,0.0,GODREJPROP.NS
2026-07-27 13:30:00+05:30,2058.60009765625,2064.800048828125,2058.60009765625,2062.60009765625,14220,0.0,0.0,GODREJPROP.NS
2026-07-27 13:45:00+05:30,2062.199951171875,2066.0,2059.39990234375,2065.39990234375,35243,0.0,0.0,GODREJPROP.NS
2026-07-27 14:00:00+05:30,2065.89990234375,2074.0,2065.10009765625,2071.10009765625,16464,0.0,0.0,GODREJPROP.NS
2026-07-27 14:15:00+05:30,2071.10009765625,2072.10009765625,2066.10009765625,2066.5,13429,0.0,0.0,GODREJPROP.NS
2026-07-27 14:30:00+05:30,2068.0,2074.800048828125,2066.199951171875,2072.199951171875,15492,0.0,0.0,GODREJPROP.NS
2026-07-27 14:45:00+05:30,2072.300048828125,2074.10009765625,2071.10009765625,2071.89990234375,16156,0.0,0.0,GODREJPROP.NS
2026-07-27 15:00:00+05:30,2071.89990234375,2076.199951171875,2071.89990234375,2073.60009765625,26513,0.0,0.0,GODREJPROP.NS
2026-07-27 15:15:00+05:30,2073.699951171875,2086.5,2072.0,2078.800048828125,70424,0.0,0.0,GODREJPROP.NS
2026-07-28 09:15:00+05:30,2061.300048828125,2116.5,2061.300048828125,2115.5,85204,10.0,0.0,GODREJPROP.NS
2026-07-28 09:30:00+05:30,2114.39990234375,2138.699951171875,2102.699951171875,2135.300048828125,161494,0.0,0.0,GODREJPROP.NS
2026-07-28 09:45:00+05:30,2136.800048828125,2136.800048828125,2117.10009765625,2120.0,57553,0.0,0.0,GODREJPROP.NS
2026-07-28 10:00:00+05:30,2120.0,2120.800048828125,2110.699951171875,2113.0,42405,0.0,0.0,GODREJPROP.NS
2026-07-28 10:15:00+05:30,2113.89990234375,2121.10009765625,2111.10009765625,2113.39990234375,15986,0.0,0.0,GODREJPROP.NS
2026-07-28 10:30:00+05:30,2112.60009765625,2116.800048828125,2110.10009765625,2113.0,9877,0.0,0.0,GODREJPROP.NS
2026-07-28 10:45:00+05:30,2113.0,2117.199951171875,2110.60009765625,2115.699951171875,30552,0.0,0.0,GODREJPROP.NS
2026-07-28 11:00:00+05:30,2115.800048828125,2117.0,2110.39990234375,2115.5,11747,0.0,0.0,GODREJPROP.NS
2026-07-28 11:15:00+05:30,2115.89990234375,2127.199951171875,2115.199951171875,2124.0,48433,0.0,0.0,GODREJPROP.NS
2026-07-28 11:30:00+05:30,2123.89990234375,2124.0,2114.0,2117.199951171875,52697,0.0,0.0,GODREJPROP.NS
2026-07-28 11:45:00+05:30,2117.39990234375,2118.199951171875,2112.0,2116.60009765625,15219,0.0,0.0,GODREJPROP.NS
2026-07-28 12:00:00+05:30,2117.0,2126.0,2116.10009765625,2125.300048828125,20234,0.0,0.0,GODREJPROP.NS
2026-07-28 12:15:00+05:30,2124.699951171875,2130.800048828125,2119.10009765625,2124.60009765625,41890,0.0,0.0,GODREJPROP.NS
2026-07-28 12:30:00+05:30,2125.300048828125,2127.199951171875,2121.39990234375,2121.60009765625,12459,0.0,0.0,GODREJPROP.NS
2026-07-28 12:45:00+05:30,2121.5,2124.199951171875,2117.60009765625,2119.0,7430,0.0,0.0,GODREJPROP.NS
2026-07-28 13:00:00+05:30,2119.0,2119.0,2113.5,2114.89990234375,11709,0.0,0.0,GODREJPROP.NS
2026-07-28 13:15:00+05:30,2114.89990234375,2122.10009765625,2114.199951171875,2120.0,9311,0.0,0.0,GODREJPROP.NS
2026-07-28 13:30:00+05:30,2117.60009765625,2119.800048828125,2116.60009765625,2119.60009765625,8535,0.0,0.0,GODREJPROP.NS
2026-07-28 13:45:00+05:30,2121.0,2126.800048828125,2118.0,2122.800048828125,18880,0.0,0.0,GODREJPROP.NS
2026-07-28 14:00:00+05:30,2122.800048828125,2127.0,2122.10009765625,2122.60009765625,12435,0.0,0.0,GODREJPROP.NS
2026-07-28 14:15:00+05:30,2122.699951171875,2125.800048828125,2120.0,2122.699951171875,16227,0.0,0.0,GODREJPROP.NS
2026-07-28 14:30:00+05:30,2122.0,2128.699951171875,2119.60009765625,2128.0,30461,0.0,0.0,GODREJPROP.NS
2026-07-28 14:45:00+05:30,2128.0,2137.5,2128.0,2132.199951171875,38341,0.0,0.0,GODREJPROP.NS
2026-07-28 15:00:00+05:30,2132.10009765625,2135.0,2128.300048828125,2134.0,54121,0.0,0.0,GODREJPROP.NS
2026-07-28 15:15:00+05:30,2134.0,2144.0,2132.89990234375,2137.699951171875,80981,0.0,0.0,GODREJPROP.NS
2026-07-29 09:15:00+05:30,2153.199951171875,2157.60009765625,2146.0,2149.300048828125,80167,0.0,0.0,GODREJPROP.NS
2026-07-29 09:30:00+05:30,2149.5,2154.10009765625,2144.800048828125,2151.60009765625,58371,0.0,0.0,GODREJPROP.NS
2026-07-29 09:45:00+05:30,2151.5,2151.89990234375,2146.199951171875,2146.89990234375,24806,0.0,0.0,GODREJPROP.NS
2026-07-29 10:00:00+05:30,2146.39990234375,2161.89990234375,2146.39990234375,2150.800048828125,40458,0.0,0.0,GODREJPROP.NS
2026-07-29 10:15:00+05:30,2150.60009765625,2152.39990234375,2144.699951171875,2146.0,38057,0.0,0.0,GODREJPROP.NS
2026-07-29 10:30:00+05:30,2146.0,2151.89990234375,2146.0,2149.800048828125,17316,0.0,0.0,GODREJPROP.NS
2026-07-29 10:45:00+05:30,2149.199951171875,2151.199951171875,2146.199951171875,2150.699951171875,14283,0.0,0.0,GODREJPROP.NS
2026-07-29 11:00:00+05:30,2149.800048828125,2154.800048828125,2149.0,2154.0,14997,0.0,0.0,GODREJPROP.NS
2026-07-29 11:15:00+05:30,2154.199951171875,2177.60009765625,2151.0,2156.699951171875,69869,0.0,0.0,GODREJPROP.NS
2026-07-29 11:30:00+05:30,2157.60009765625,2172.300048828125,2155.10009765625,2163.0,31708,0.0,0.0,GODREJPROP.NS
2026-07-29 11:45:00+05:30,2163.60009765625,2163.800048828125,2150.0,2153.60009765625,78254,0.0,0.0,GODREJPROP.NS
2026-07-29 12:00:00+05:30,2154.39990234375,2156.60009765625,2150.699951171875,2153.0,8753,0.0,0.0,GODREJPROP.NS
2026-07-29 12:15:00+05:30,2152.89990234375,2153.60009765625,2150.5,2151.89990234375,7108,0.0,0.0,GODREJPROP.NS
2026-07-29 12:30:00+05:30,2152.199951171875,2158.300048828125,2151.0,2155.39990234375,10686,0.0,0.0,GODREJPROP.NS
2026-07-29 12:45:00+05:30,2155.39990234375,2158.39990234375,2155.0,2156.199951171875,6229,0.0,0.0,GODREJPROP.NS
2026-07-29 13:00:00+05:30,2156.800048828125,2165.300048828125,2155.699951171875,2165.300048828125,9179,0.0,0.0,GODREJPROP.NS
2026-07-29 13:15:00+05:30,2164.300048828125,2167.800048828125,2161.5,2165.60009765625,19985,0.0,0.0,GODREJPROP.NS
2026-07-29 13:30:00+05:30,2165.699951171875,2169.39990234375,2163.699951171875,2164.199951171875,11838,0.0,0.0,GODREJPROP.NS
2026-07-29 13:45:00+05:30,2164.199951171875,2168.89990234375,2163.0,2163.5,7037,0.0,0.0,GODREJPROP.NS
2026-07-29 14:00:00+05:30,2163.0,2166.39990234375,2159.60009765625,2161.0,27412,0.0,0.0,GODREJPROP.NS
2026-07-29 14:15:00+05:30,2161.0,2164.0,2155.89990234375,2157.300048828125,11795,0.0,0.0,GODREJPROP.NS
2026-07-29 14:30:00+05:30,2157.199951171875,2158.300048828125,2154.0,2155.800048828125,13964,0.0,0.0,GODREJPROP.NS
2026-07-29 14:45:00+05:30,2156.800048828125,2161.300048828125,2155.0,2156.300048828125,20531,0.0,0.0,GODREJPROP.NS
2026-07-29 15:00:00+05:30,2156.10009765625,2164.39990234375,2155.89990234375,2155.89990234375,34466,0.0,0.0,GODREJPROP.NS
2026-07-29 15:15:00+05:30,2157.199951171875,2157.699951171875,2146.89990234375,2156.0,55663,0.0,0.0,GODREJPROP.NS
2026-07-30 09:15:00+05:30,2154.0,2154.0,2126.300048828125,2127.60009765625,20813,0.0,0.0,GODREJPROP.NS
2026-07-30 09:30:00+05:30,2125.300048828125,2137.800048828125,2113.0,2113.0,43393,0.0,0.0,GODREJPROP.NS
2026-07-30 09:45:00+05:30,2112.10009765625,2120.89990234375,2111.0,2118.300048828125,24261,0.0,0.0,GODREJPROP.NS
2026-07-30 10:00:00+05:30,2117.800048828125,2120.699951171875,2112.0,2114.0,23368,0.0,0.0,GODREJPROP.NS
2026-07-30 10:15:00+05:30,2115.300048828125,2115.300048828125,2108.0,2111.89990234375,23138,0.0,0.0,GODREJPROP.NS
2026-07-30 10:30:00+05:30,2112.300048828125,2112.300048828125,2100.89990234375,2103.699951171875,27255,0.0,0.0,GODREJPROP.NS
2026-07-30 10:45:00+05:30,2102.300048828125,2114.800048828125,2102.300048828125,2114.800048828125,24241,0.0,0.0,GODREJPROP.NS
2026-07-30 11:00:00+05:30,2114.300048828125,2124.0,2111.5,2119.0,23828,0.0,0.0,GODREJPROP.NS
2026-07-30 11:15:00+05:30,2119.0,2124.0,2117.10009765625,2124.0,13451,0.0,0.0,GODREJPROP.NS
2026-07-30 11:30:00+05:30,2124.0,2124.0,2117.60009765625,2123.10009765625,7598,0.0,0.0,GODREJPROP.NS
2026-07-30 11:45:00+05:30,2123.10009765625,2123.10009765625,2112.0,2120.699951171875,23784,0.0,0.0,GODREJPROP.NS
2026-07-30 12:00:00+05:30,2121.699951171875,2122.800048828125,2112.10009765625,2114.39990234375,21293,0.0,0.0,GODREJPROP.NS
2026-07-30 12:15:00+05:30,2113.10009765625,2118.800048828125,2113.0,2116.0,5914,0.0,0.0,GODREJPROP.NS
2026-07-30 12:30:00+05:30,2116.10009765625,2125.5,2116.0,2123.5,10895,0.0,0.0,GODREJPROP.NS
2026-07-30 12:45:00+05:30,2122.89990234375,2123.60009765625,2117.199951171875,2118.60009765625,5228,0.0,0.0,GODREJPROP.NS
2026-07-30 13:00:00+05:30,2119.0,2119.0,2111.0,2112.0,4888,0.0,0.0,GODREJPROP.NS
2026-07-30 13:15:00+05:30,2112.0,2116.5,2108.60009765625,2113.800048828125,7326,0.0,0.0,GODREJPROP.NS
2026-07-30 13:30:00+05:30,2113.10009765625,2118.10009765625,2111.800048828125,2114.699951171875,7300,0.0,0.0,GODREJPROP.NS
2026-07-30 13:45:00+05:30,2114.5,2115.10009765625,2104.199951171875,2106.39990234375,11562,0.0,0.0,GODREJPROP.NS
2026-07-30 14:00:00+05:30,2106.39990234375,2111.300048828125,2106.0,2107.199951171875,9790,0.0,0.0,GODREJPROP.NS
2026-07-30 14:15:00+05:30,2106.0,2108.800048828125,2103.39990234375,2105.89990234375,39314,0.0,0.0,GODREJPROP.NS
2026-07-30 14:30:00+05:30,2106.5,2109.10009765625,2104.800048828125,2109.0,5136,0.0,0.0,GODREJPROP.NS
2026-07-30 14:45:00+05:30,2109.0,2110.0,2105.89990234375,2107.699951171875,25576,0.0,0.0,GODREJPROP.NS
2026-07-30 15:00:00+05:30,2106.5,2116.300048828125,2102.39990234375,2109.89990234375,41787,0.0,0.0,GODREJPROP.NS
2026-07-30 15:15:00+05:30,2110.0,2119.800048828125,2106.39990234375,2107.0,55489,0.0,0.0,GODREJPROP.NS
2026-07-31 09:15:00+05:30,2121.39990234375,2132.60009765625,2107.0,2129.60009765625,29422,0.0,0.0,GODREJPROP.NS
2026-07-31 09:30:00+05:30,2128.60009765625,2134.0,2121.60009765625,2131.800048828125,21694,0.0,0.0,GODREJPROP.NS
2026-07-31 09:45:00+05:30,2131.300048828125,2132.60009765625,2124.199951171875,2128.0,14748,0.0,0.0,GODREJPROP.NS
2026-07-31 10:00:00+05:30,2128.0,2130.0,2122.60009765625,2130.0,12778,0.0,0.0,GODREJPROP.NS
2026-07-31 10:15:00+05:30,2129.10009765625,2129.89990234375,2120.39990234375,2124.699951171875,20241,0.0,0.0,GODREJPROP.NS
2026-07-31 10:30:00+05:30,2125.39990234375,2127.5,2120.39990234375,2125.10009765625,22529,0.0,0.0,GODREJPROP.NS
2026-07-31 10:45:00+05:30,2125.10009765625,2126.5,2120.39990234375,2125.300048828125,12452,0.0,0.0,GODREJPROP.NS
2026-07-31 11:00:00+05:30,2125.39990234375,2127.0,2120.0,2125.5,8854,0.0,0.0,GODREJPROP.NS
2026-07-31 11:15:00+05:30,2126.300048828125,2128.89990234375,2122.89990234375,2124.0,6020,0.0,0.0,GODREJPROP.NS
2026-07-31 11:30:00+05:30,2125.0,2128.800048828125,2123.89990234375,2125.699951171875,4486,0.0,0.0,GODREJPROP.NS
2026-07-31 11:45:00+05:30,2126.800048828125,2129.199951171875,2120.300048828125,2123.39990234375,8398,0.0,0.0,GODREJPROP.NS
2026-07-31 12:00:00+05:30,2123.39990234375,2128.60009765625,2122.60009765625,2122.800048828125,5538,0.0,0.0,GODREJPROP.NS
2026-07-31 12:15:00+05:30,2122.800048828125,2126.89990234375,2122.800048828125,2124.699951171875,5428,0.0,0.0,GODREJPROP.NS
2026-07-31 12:30:00+05:30,2124.5,2127.199951171875,2123.0,2123.0,4431,0.0,0.0,GODREJPROP.NS
2026-07-31 12:45:00+05:30,2124.10009765625,2127.800048828125,2121.89990234375,2125.10009765625,12243,0.0,0.0,GODREJPROP.NS
2026-07-31 13:00:00+05:30,2126.199951171875,2131.300048828125,2118.60009765625,2120.300048828125,85758,0.0,0.0,GODREJPROP.NS
2026-07-31 13:15:00+05:30,2120.89990234375,2121.89990234375,2115.0,2118.5,16530,0.0,0.0,GODREJPROP.NS
2026-07-31 13:30:00+05:30,2117.5,2118.39990234375,2112.5,2112.699951171875,20247,0.0,0.0,GODREJPROP.NS
2026-07-31 13:45:00+05:30,2112.800048828125,2114.39990234375,2110.10009765625,2110.300048828125,10330,0.0,0.0,GODREJPROP.NS
2026-07-31 14:00:00+05:30,2110.300048828125,2111.5,2105.800048828125,2107.699951171875,18119,0.0,0.0,GODREJPROP.NS
2026-07-31 14:15:00+05:30,2108.5,2114.0,2108.10009765625,2112.199951171875,14376,0.0,0.0,GODREJPROP.NS
2026-07-31 14:30:00+05:30,2113.0,2114.39990234375,2108.199951171875,2111.0,12378,0.0,0.0,GODREJPROP.NS
2026-07-31 14:45:00+05:30,2111.39990234375,2112.60009765625,2108.89990234375,2110.89990234375,19496,0.0,0.0,GODREJPROP.NS
2026-07-31 15:00:00+05:30,2111.89990234375,2113.0,2102.10009765625,2108.10009765625,88183,0.0,0.0,GODREJPROP.NS
2026-07-31 15:15:00+05:30,2107.800048828125,2107.800048828125,2098.199951171875,2105.699951171875,87122,0.0,0.0,GODREJPROP.NS
2026-08-03 09:15:00+05:30,2125.0,2125.0,2096.39990234375,2098.89990234375,13817,0.0,0.0,GODREJPROP.NS
2026-08-03 09:30:00+05:30,2098.699951171875,2104.39990234375,2092.199951171875,2096.0,16161,0.0,0.0,GODREJPROP.NS
2026-08-03 09:45:00+05:30,2096.0,2098.60009765625,2090.10009765625,2093.5,15762,0.0,0.0,GODREJPROP.NS
2026-08-03 10:00:00+05:30,2092.199951171875,2098.699951171875,2091.5,2095.300048828125,10378,0.0,0.0,GODREJPROP.NS
2026-08-03 10:15:00+05:30,2095.5,2101.800048828125,2094.5,2098.5,7995,0.0,0.0,GODREJPROP.NS
2026-08-03 10:30:00+05:30,2098.5,2098.5,2094.0,2094.800048828125,5939,0.0,0.0,GODREJPROP.NS
2026-08-03 10:45:00+05:30,2095.10009765625,2104.699951171875,2094.199951171875,2103.0,7981,0.0,0.0,GODREJPROP.NS
2026-08-03 11:00:00+05:30,2103.0,2108.300048828125,2091.699951171875,2092.0,24409,0.0,0.0,GODREJPROP.NS
2026-08-03 11:15:00+05:30,2092.0,2093.60009765625,2088.199951171875,2090.0,16285,0.0,0.0,GODREJPROP.NS
2026-08-03 11:30:00+05:30,2091.0,2093.300048828125,2089.0,2090.0,4900,0.0,0.0,GODREJPROP.NS
2026-08-03 11:45:00+05:30,2090.39990234375,2095.10009765625,2088.60009765625,2093.699951171875,5578,0.0,0.0,GODREJPROP.NS
2026-08-03 12:00:00+05:30,2093.10009765625,2099.0,2092.699951171875,2097.199951171875,4762,0.0,0.0,GODREJPROP.NS
2026-08-03 12:15:00+05:30,2097.199951171875,2103.199951171875,2097.199951171875,2101.0,8049,0.0,0.0,GODREJPROP.NS
2026-08-03 12:30:00+05:30,2100.89990234375,2101.0,2093.699951171875,2094.300048828125,8458,0.0,0.0,GODREJPROP.NS
2026-08-03 12:45:00+05:30,2094.39990234375,2095.5,2090.0,2091.699951171875,9040,0.0,0.0,GODREJPROP.NS
2026-08-03 13:00:00+05:30,2090.60009765625,2092.39990234375,2089.39990234375,2091.10009765625,5754,0.0,0.0,GODREJPROP.NS
2026-08-03 13:15:00+05:30,2090.800048828125,2093.10009765625,2090.10009765625,2092.0,3063,0.0,0.0,GODREJPROP.NS
2026-08-03 13:30:00+05:30,2092.89990234375,2092.89990234375,2088.199951171875,2089.0,3340,0.0,0.0,GODREJPROP.NS
2026-08-03 13:45:00+05:30,2089.0,2089.699951171875,2080.10009765625,2082.699951171875,15097,0.0,0.0,GODREJPROP.NS
2026-08-03 14:00:00+05:30,2082.60009765625,2082.89990234375,2075.800048828125,2077.0,14843,0.0,0.0,GODREJPROP.NS
2026-08-03 14:15:00+05:30,2076.39990234375,2077.199951171875,2073.800048828125,2074.199951171875,12484,0.0,0.0,GODREJPROP.NS
2026-08-03 14:30:00+05:30,2074.199951171875,2076.0,2071.10009765625,2073.0,11312,0.0,0.0,GODREJPROP.NS
2026-08-03 14:45:00+05:30,2072.199951171875,2074.699951171875,2067.89990234375,2071.800048828125,34579,0.0,0.0,GODREJPROP.NS
2026-08-03 15:00:00+05:30,2071.0,2071.699951171875,2060.300048828125,2069.5,63733,0.0,0.0,GODREJPROP.NS
2026-08-03 15:15:00+05:30,2070.0,2089.699951171875,2070.0,2089.699951171875,14875,0.0,0.0,GODREJPROP.NS
2026-08-04 09:15:00+05:30,2083.199951171875,2083.199951171875,2046.0,2064.60009765625,15142,0.0,0.0,GODREJPROP.NS
2026-08-04 09:30:00+05:30,2064.10009765625,2071.5,2059.300048828125,2068.0,13796,0.0,0.0,GODREJPROP.NS
2026-08-04 09:45:00+05:30,2067.10009765625,2074.10009765625,2059.39990234375,2059.39990234375,16101,0.0,0.0,GODREJPROP.NS
2026-08-04 10:00:00+05:30,2058.5,2060.89990234375,2051.10009765625,2057.0,30721,0.0,0.0,GODREJPROP.NS
2026-08-04 10:15:00+05:30,2057.800048828125,2064.10009765625,2053.0,2055.0,14441,0.0,0.0,GODREJPROP.NS
2026-08-04 10:30:00+05:30,2055.0,2055.0,2045.800048828125,2048.0,20934,0.0,0.0,GODREJPROP.NS
2026-08-04 10:45:00+05:30,2048.10009765625,2054.0,2048.0,2050.39990234375,8236,0.0,0.0,GODREJPROP.NS
2026-08-04 11:00:00+05:30,2050.39990234375,2058.800048828125,2050.0,2058.0,11326,0.0,0.0,GODREJPROP.NS
2026-08-04 11:15:00+05:30,2057.300048828125,2062.300048828125,1991.0,2019.4000244140625,124217,0.0,0.0,GODREJPROP.NS
2026-08-04 11:30:00+05:30,2017.5999755859373,2063.0,2011.0,2050.199951171875,355348,0.0,0.0,GODREJPROP.NS
2026-08-04 11:45:00+05:30,2051.39990234375,2058.0,2025.9000244140625,2034.199951171875,133389,0.0,0.0,GODREJPROP.NS
2026-08-04 12:00:00+05:30,2033.800048828125,2039.0,2030.0,2032.0,27441,0.0,0.0,GODREJPROP.NS
2026-08-04 12:15:00+05:30,2030.4000244140625,2045.9000244140625,2027.0,2041.9000244140625,30730,0.0,0.0,GODREJPROP.NS
2026-08-04 12:30:00+05:30,2042.0,2057.800048828125,2040.0,2050.10009765625,41958,0.0,0.0,GODREJPROP.NS
2026-08-04 12:45:00+05:30,2050.10009765625,2067.39990234375,2048.800048828125,2052.0,57382,0.0,0.0,GODREJPROP.NS
2026-08-04 13:00:00+05:30,2052.199951171875,2055.0,2045.0,2045.0,30032,0.0,0.0,GODREJPROP.NS
2026-08-04 13:15:00+05:30,2045.0,2053.10009765625,2042.5999755859373,2044.4000244140625,17985,0.0,0.0,GODREJPROP.NS
2026-08-04 13:30:00+05:30,2043.4000244140625,2044.4000244140625,2030.800048828125,2032.300048828125,27058,0.0,0.0,GODREJPROP.NS
2026-08-04 13:45:00+05:30,2032.300048828125,2037.300048828125,2031.0,2037.300048828125,10608,0.0,0.0,GODREJPROP.NS
2026-08-04 14:00:00+05:30,2037.199951171875,2040.0,2033.0,2038.0,9387,0.0,0.0,GODREJPROP.NS
2026-08-04 14:15:00+05:30,2037.800048828125,2039.800048828125,2025.5999755859373,2027.5,23781,0.0,0.0,GODREJPROP.NS
2026-08-04 14:30:00+05:30,2026.4000244140625,2029.199951171875,2021.800048828125,2023.0,29685,0.0,0.0,GODREJPROP.NS
2026-08-04 14:45:00+05:30,2022.9000244140625,2028.699951171875,2021.0,2027.5,32508,0.0,0.0,GODREJPROP.NS
2026-08-04 15:00:00+05:30,2027.0999755859373,2035.0,2020.0999755859373,2033.5999755859373,80256,0.0,0.0,GODREJPROP.NS
2026-08-05 09:15:00+05:30,2055.699951171875,2124.800048828125,2055.699951171875,2124.800048828125,295141,0.0,0.0,GODREJPROP.NS
2026-08-05 09:30:00+05:30,2124.89990234375,2132.0,2102.300048828125,2124.60009765625,291964,0.0,0.0,GODREJPROP.NS
2026-08-05 09:45:00+05:30,2123.89990234375,2137.0,2121.0,2133.800048828125,212052,0.0,0.0,GODREJPROP.NS
2026-08-05 10:00:00+05:30,2134.800048828125,2143.89990234375,2121.0,2130.0,160649,0.0,0.0,GODREJPROP.NS
2026-08-05 10:15:00+05:30,2128.89990234375,2133.5,2125.10009765625,2125.300048828125,60025,0.0,0.0,GODREJPROP.NS
2026-08-05 10:30:00+05:30,2123.60009765625,2132.0,2121.10009765625,2128.5,66427,0.0,0.0,GODREJPROP.NS
2026-08-05 10:45:00+05:30,2128.10009765625,2131.0,2124.199951171875,2125.0,51393,0.0,0.0,GODREJPROP.NS
2026-08-05 11:00:00+05:30,2124.199951171875,2124.800048828125,2114.0,2122.0,69571,0.0,0.0,GODREJPROP.NS
2026-08-05 11:15:00+05:30,2124.199951171875,2126.300048828125,2107.39990234375,2112.300048828125,53760,0.0,0.0,GODREJPROP.NS
2026-08-05 11:30:00+05:30,2113.39990234375,2119.60009765625,2112.10009765625,2115.699951171875,26850,0.0,0.0,GODREJPROP.NS
2026-08-05 11:45:00+05:30,2115.0,2119.800048828125,2115.0,2115.39990234375,28948,0.0,0.0,GODREJPROP.NS
2026-08-05 12:00:00+05:30,2115.39990234375,2121.800048828125,2115.39990234375,2121.60009765625,39438,0.0,0.0,GODREJPROP.NS
2026-08-05 12:15:00+05:30,2121.0,2125.0,2115.0,2117.39990234375,40412,0.0,0.0,GODREJPROP.NS
2026-08-05 12:30:00+05:30,2117.39990234375,2121.699951171875,2115.0,2117.800048828125,29174,0.0,0.0,GODREJPROP.NS
2026-08-05 12:45:00+05:30,2118.0,2120.39990234375,2111.800048828125,2112.300048828125,27271,0.0,0.0,GODREJPROP.NS
2026-08-05 13:00:00+05:30,2112.300048828125,2118.800048828125,2110.39990234375,2117.0,26993,0.0,0.0,GODREJPROP.NS
2026-08-05 13:15:00+05:30,2117.0,2119.0,2111.699951171875,2118.699951171875,18684,0.0,0.0,GODREJPROP.NS
2026-08-05 13:30:00+05:30,2118.699951171875,2124.0,2113.60009765625,2115.0,25364,0.0,0.0,GODREJPROP.NS
2026-08-05 13:45:00+05:30,2116.300048828125,2120.0,2114.89990234375,2119.199951171875,14264,0.0,0.0,GODREJPROP.NS
2026-08-05 14:00:00+05:30,2121.199951171875,2123.0,2115.39990234375,2116.5,17187,0.0,0.0,GODREJPROP.NS
2026-08-05 14:15:00+05:30,2117.39990234375,2117.60009765625,2105.300048828125,2107.89990234375,44316,0.0,0.0,GODREJPROP.NS
2026-08-05 14:30:00+05:30,2108.0,2113.800048828125,2103.39990234375,2110.39990234375,47610,0.0,0.0,GODREJPROP.NS
2026-08-05 14:45:00+05:30,2110.39990234375,2116.89990234375,2109.699951171875,2115.300048828125,40428,0.0,0.0,GODREJPROP.NS
2026-08-05 15:00:00+05:30,2115.60009765625,2115.60009765625,2101.0,2101.0,92075,0.0,0.0,GODREJPROP.NS
2026-08-05 15:15:00+05:30,2108.800048828125,2108.800048828125,2099.0,2099.0,10741,0.0,0.0,GODREJPROP.NS
2026-08-06 09:15:00+05:30,2090.300048828125,2097.300048828125,2079.300048828125,2085.199951171875,39658,0.0,0.0,GODREJPROP.NS
2026-08-06 09:30:00+05:30,2085.699951171875,2085.699951171875,2072.199951171875,2081.699951171875,19459,0.0,0.0,GODREJPROP.NS
2026-08-06 09:45:00+05:30,2084.0,2107.800048828125,2084.0,2101.60009765625,19702,0.0,0.0,GODREJPROP.NS
2026-08-06 10:00:00+05:30,2102.39990234375,2104.699951171875,2098.0,2101.5,14284,0.0,0.0,GODREJPROP.NS
2026-08-06 10:15:00+05:30,2100.699951171875,2105.0,2096.10009765625,2105.0,20670,0.0,0.0,GODREJPROP.NS
2026-08-06 10:30:00+05:30,2105.0,2108.300048828125,2103.60009765625,2106.10009765625,7929,0.0,0.0,GODREJPROP.NS
2026-08-06 10:45:00+05:30,2106.10009765625,2106.10009765625,2098.60009765625,2102.699951171875,5546,0.0,0.0,GODREJPROP.NS
2026-08-06 11:00:00+05:30,2102.10009765625,2106.0,2099.699951171875,2104.199951171875,4202,0.0,0.0,GODREJPROP.NS
2026-08-06 11:15:00+05:30,2104.39990234375,2104.39990234375,2095.60009765625,2095.60009765625,5943,0.0,0.0,GODREJPROP.NS
2026-08-06 11:30:00+05:30,2096.199951171875,2099.10009765625,2090.0,2091.800048828125,9025,0.0,0.0,GODREJPROP.NS
2026-08-06 11:45:00+05:30,2091.300048828125,2096.89990234375,2090.300048828125,2092.699951171875,7141,0.0,0.0,GODREJPROP.NS
2026-08-06 12:00:00+05:30,2093.60009765625,2093.60009765625,2086.0,2086.5,6491,0.0,0.0,GODREJPROP.NS
2026-08-06 12:15:00+05:30,2084.39990234375,2087.0,2082.699951171875,2084.300048828125,2863,0.0,0.0,GODREJPROP.NS
2026-08-06 12:30:00+05:30,2085.0,2085.800048828125,2080.39990234375,2085.5,5624,0.0,0.0,GODREJPROP.NS
2026-08-06 12:45:00+05:30,2085.0,2085.0,2079.300048828125,2082.89990234375,6739,0.0,0.0,GODREJPROP.NS
2026-08-06 13:00:00+05:30,2083.0,2086.0,2076.199951171875,2078.800048828125,5418,0.0,0.0,GODREJPROP.NS
2026-08-06 13:15:00+05:30,2076.5,2086.0,2076.5,2081.800048828125,5387,0.0,0.0,GODREJPROP.NS
2026-08-06 13:30:00+05:30,2081.89990234375,2086.300048828125,2081.0,2082.199951171875,4183,0.0,0.0,GODREJPROP.NS
2026-08-06 13:45:00+05:30,2081.60009765625,2095.0,2079.0,2094.89990234375,16356,0.0,0.0,GODREJPROP.NS
2026-08-06 14:00:00+05:30,2095.0,2097.0,2090.10009765625,2093.199951171875,7142,0.0,0.0,GODREJPROP.NS
2026-08-06 14:15:00+05:30,2092.10009765625,2093.0,2086.39990234375,2089.5,6807,0.0,0.0,GODREJPROP.NS
2026-08-06 14:30:00+05:30,2088.89990234375,2090.5,2085.0,2088.39990234375,5293,0.0,0.0,GODREJPROP.NS
2026-08-06 14:45:00+05:30,2088.10009765625,2091.800048828125,2086.800048828125,2088.89990234375,13338,0.0,0.0,GODREJPROP.NS
2026-08-06 15:00:00+05:30,2088.89990234375,2095.0,2087.5,2095.0,29050,0.0,0.0,GODREJPROP.NS
2026-08-06 15:15:00+05:30,2095.0,2095.0,2081.89990234375,2081.89990234375,0,0.0,0.0,GODREJPROP.NS
2026-08-07 09:15:00+05:30,2079.60009765625,2101.5,2079.60009765625,2092.699951171875,25423,0.0,0.0,GODREJPROP.NS
2026-08-07 09:30:00+05:30,2092.699951171875,2104.60009765625,2090.0,2104.0,17811,0.0,0.0,GODREJPROP.NS
2026-08-07 09:45:00+05:30,2106.10009765625,2108.60009765625,2097.5,2103.10009765625,10891,0.0,0.0,GODREJPROP.NS
2026-08-07 10:00:00+05:30,2103.199951171875,2103.199951171875,2095.10009765625,2096.39990234375,10318,0.0,0.0,GODREJPROP.NS
2026-08-07 10:15:00+05:30,2096.39990234375,2098.39990234375,2093.0,2097.10009765625,6418,0.0,0.0,GODREJPROP.NS
2026-08-07 10:30:00+05:30,2096.300048828125,2098.0,2094.10009765625,2097.89990234375,2319,0.0,0.0,GODREJPROP.NS
2026-08-07 10:45:00+05:30,2097.89990234375,2101.89990234375,2096.0,2099.800048828125,6032,0.0,0.0,GODREJPROP.NS
2026-08-07 11:00:00+05:30,2098.60009765625,2098.699951171875,2090.60009765625,2091.5,5186,0.0,0.0,GODREJPROP.NS
2026-08-07 11:15:00+05:30,2091.5,2095.0,2090.0,2094.0,2305,0.0,0.0,GODREJPROP.NS
2026-08-07 11:30:00+05:30,2094.0,2094.10009765625,2090.0,2090.5,1225,0.0,0.0,GODREJPROP.NS
2026-08-07 11:45:00+05:30,2090.60009765625,2092.39990234375,2088.10009765625,2091.60009765625,6332,0.0,0.0,GODREJPROP.NS
2026-08-07 12:00:00+05:30,2091.5,2094.39990234375,2091.199951171875,2092.89990234375,2742,0.0,0.0,GODREJPROP.NS
2026-08-07 12:15:00+05:30,2092.800048828125,2100.0,2090.300048828125,2095.199951171875,3751,0.0,0.0,GODREJPROP.NS
2026-08-07 12:30:00+05:30,2095.699951171875,2098.10009765625,2091.199951171875,2094.0,5481,0.0,0.0,GODREJPROP.NS
2026-08-07 12:45:00+05:30,2094.0,2094.699951171875,2085.300048828125,2088.0,38580,0.0,0.0,GODREJPROP.NS
2026-08-07 13:00:00+05:30,2088.10009765625,2092.5,2087.0,2089.199951171875,6157,0.0,0.0,GODREJPROP.NS
2026-08-07 13:15:00+05:30,2089.199951171875,2092.60009765625,2087.10009765625,2089.39990234375,4829,0.0,0.0,GODREJPROP.NS
2026-08-07 13:30:00+05:30,2090.60009765625,2091.5,2080.10009765625,2081.5,28805,0.0,0.0,GODREJPROP.NS
2026-08-07 13:45:00+05:30,2081.89990234375,2085.0,2080.10009765625,2082.39990234375,8999,0.0,0.0,GODREJPROP.NS
2026-08-07 14:00:00+05:30,2082.5,2083.699951171875,2076.199951171875,2077.5,7819,0.0,0.0,GODREJPROP.NS
2026-08-07 14:15:00+05:30,2077.800048828125,2080.0,2076.39990234375,2079.800048828125,5125,0.0,0.0,GODREJPROP.NS
2026-08-07 14:30:00+05:30,2080.10009765625,2093.0,2075.199951171875,2076.60009765625,81995,0.0,0.0,GODREJPROP.NS
2026-08-07 14:45:00+05:30,2076.89990234375,2080.800048828125,2071.800048828125,2074.89990234375,53705,0.0,0.0,GODREJPROP.NS
2026-08-07 15:00:00+05:30,2075.0,2075.89990234375,2062.89990234375,2070.0,128646,0.0,0.0,GODREJPROP.NS
2026-08-10 09:15:00+05:30,2070.300048828125,2085.0,2066.800048828125,2075.699951171875,26908,0.0,0.0,GODREJPROP.NS
2026-08-10 09:30:00+05:30,2076.10009765625,2076.699951171875,2057.60009765625,2061.5,17247,0.0,0.0,GODREJPROP.NS
2026-08-10 09:45:00+05:30,2061.0,2075.39990234375,2060.699951171875,2073.89990234375,10309,0.0,0.0,GODREJPROP.NS
2026-08-10 10:00:00+05:30,2073.89990234375,2079.89990234375,2072.5,2079.300048828125,15291,0.0,0.0,GODREJPROP.NS
2026-08-10 10:15:00+05:30,2080.39990234375,2098.800048828125,2080.39990234375,2089.10009765625,23931,0.0,0.0,GODREJPROP.NS
2026-08-10 10:30:00+05:30,2091.699951171875,2103.5,2090.0,2103.5,24552,0.0,0.0,GODREJPROP.NS
2026-08-10 10:45:00+05:30,2103.0,2109.0,2098.0,2105.300048828125,17396,0.0,0.0,GODREJPROP.NS
2026-08-10 11:00:00+05:30,2105.300048828125,2120.0,2105.0,2115.800048828125,28940,0.0,0.0,GODREJPROP.NS
2026-08-10 11:15:00+05:30,2118.0,2118.0,2110.300048828125,2112.800048828125,15516,0.0,0.0,GODREJPROP.NS
2026-08-10 11:30:00+05:30,2112.800048828125,2115.0,2108.199951171875,2110.5,7346,0.0,0.0,GODREJPROP.NS
2026-08-10 11:45:00+05:30,2110.5,2110.5,2103.0,2105.39990234375,8349,0.0,0.0,GODREJPROP.NS
2026-08-10 12:00:00+05:30,2105.5,2111.39990234375,2103.60009765625,2111.0,21741,0.0,0.0,GODREJPROP.NS
2026-08-10 12:15:00+05:30,2111.39990234375,2115.89990234375,2111.39990234375,2111.800048828125,7082,0.0,0.0,GODREJPROP.NS
2026-08-10 12:30:00+05:30,2111.699951171875,2113.199951171875,2103.60009765625,2103.89990234375,4700,0.0,0.0,GODREJPROP.NS
2026-08-10 12:45:00+05:30,2101.699951171875,2108.10009765625,2101.199951171875,2108.10009765625,4274,0.0,0.0,GODREJPROP.NS
2026-08-10 13:00:00+05:30,2108.10009765625,2112.699951171875,2106.699951171875,2109.60009765625,5568,0.0,0.0,GODREJPROP.NS
2026-08-10 13:15:00+05:30,2110.5,2117.39990234375,2110.5,2116.800048828125,7529,0.0,0.0,GODREJPROP.NS
2026-08-10 13:30:00+05:30,2120.0,2120.0,2115.0,2116.39990234375,12222,0.0,0.0,GODREJPROP.NS
2026-08-10 13:45:00+05:30,2116.39990234375,2118.60009765625,2114.10009765625,2114.699951171875,5413,0.0,0.0,GODREJPROP.NS
2026-08-10 14:00:00+05:30,2114.10009765625,2116.699951171875,2113.199951171875,2115.39990234375,3366,0.0,0.0,GODREJPROP.NS
2026-08-10 14:15:00+05:30,2115.300048828125,2117.60009765625,2112.300048828125,2114.199951171875,6413,0.0,0.0,GODREJPROP.NS
2026-08-10 14:30:00+05:30,2114.199951171875,2117.199951171875,2108.10009765625,2111.800048828125,11434,0.0,0.0,GODREJPROP.NS
2026-08-10 14:45:00+05:30,2111.0,2112.0,2107.800048828125,2110.699951171875,18149,0.0,0.0,GODREJPROP.NS
2026-08-10 15:00:00+05:30,2110.699951171875,2114.39990234375,2106.199951171875,2109.699951171875,38362,0.0,0.0,GODREJPROP.NS
2026-08-10 15:15:00+05:30,2110.0,2110.0,2108.39990234375,2108.39990234375,4401,0.0,0.0,GODREJPROP.NS
